signal_id,direction,version,event_kind,aggregation,index_id,index_name,observation_unit,match_scope,timing_slice,region_form_slice,region_count,matched_region_count,missed_region_count,region_recall,episode_count,matched_episode_count,false_alarm_count,isolated_false_alarm_count,duplicate_alarm_count,unclassified_episode_count,episode_precision,median_lead_lag_days,q25_lead_lag_days,q75_lead_lag_days
all_a_ma20_breadth_price_divergence_top,top,breadth_price_divergence_v1_20120104_20260814,capped_confirmation,all_indices,__all__,全部指数（指数-事件对）,index_region_or_index_episode_pair,loose,all,all,255,102,153,0.4,980,102,878,600,240,0,0.10408163265306122,0.0,-2.0,2.0
all_a_ma20_breadth_price_divergence_top,top,breadth_price_divergence_v1_20120104_20260814,capped_confirmation,all_indices,__all__,全部指数（指数-事件对）,index_region_or_index_episode_pair,loose,all,multi_lobe,109,66,43,0.6055045871559633,509,66,443,284,150,0,0.12966601178781925,0.0,-2.0,2.0
all_a_ma20_breadth_price_divergence_top,top,breadth_price_divergence_v1_20120104_20260814,capped_confirmation,all_indices,__all__,全部指数（指数-事件对）,index_region_or_index_episode_pair,loose,all,single_lobe,146,36,110,0.2465753424657534,471,36,435,316,90,0,0.07643312101910828,-1.0,-3.0,2.0
all_a_ma20_breadth_price_divergence_top,top,breadth_price_divergence_v1_20120104_20260814,capped_confirmation,all_indices,__all__,全部指数（指数-事件对）,index_region_or_index_episode_pair,loose,confirmation,all,255,42,213,0.16470588235294117,389,42,347,236,102,0,0.10796915167095116,2.0,2.0,3.0
all_a_ma20_breadth_price_divergence_top,top,breadth_price_divergence_v1_20120104_20260814,capped_confirmation,all_indices,__all__,全部指数（指数-事件对）,index_region_or_index_episode_pair,loose,confirmation,multi_lobe,109,29,80,0.26605504587155965,234,29,205,141,61,0,0.12393162393162394,2.0,1.0,4.0
all_a_ma20_breadth_price_divergence_top,top,breadth_price_divergence_v1_20120104_20260814,capped_confirmation,all_indices,__all__,全部指数（指数-事件对）,index_region_or_index_episode_pair,loose,confirmation,single_lobe,146,13,133,0.08904109589041095,155,13,142,95,41,0,0.08387096774193549,2.0,2.0,3.0
all_a_ma20_breadth_price_divergence_top,top,breadth_price_divergence_v1_20120104_20260814,capped_confirmation,all_indices,__all__,全部指数（指数-事件对）,index_region_or_index_episode_pair,loose,prediction,all,255,60,195,0.23529411764705882,591,60,531,364,138,0,0.10152284263959391,-2.0,-3.0,-1.0
all_a_ma20_breadth_price_divergence_top,top,breadth_price_divergence_v1_20120104_20260814,capped_confirmation,all_indices,__all__,全部指数（指数-事件对）,index_region_or_index_episode_pair,loose,prediction,multi_lobe,109,37,72,0.3394495412844037,275,37,238,143,89,0,0.13454545454545455,-2.0,-3.0,-1.0
all_a_ma20_breadth_price_divergence_top,top,breadth_price_divergence_v1_20120104_20260814,capped_confirmation,all_indices,__all__,全部指数（指数-事件对）,index_region_or_index_episode_pair,loose,prediction,single_lobe,146,23,123,0.15753424657534246,316,23,293,221,49,0,0.07278481012658228,-2.0,-3.0,-1.0
all_a_ma20_breadth_price_divergence_top,top,breadth_price_divergence_v1_20120104_20260814,capped_confirmation,all_indices,__all__,全部指数（指数-事件对）,index_region_or_index_episode_pair,strict,all,all,255,94,161,0.3686274509803922,980,94,886,600,240,0,0.09591836734693877,0.0,-2.0,2.0
all_a_ma20_breadth_price_divergence_top,top,breadth_price_divergence_v1_20120104_20260814,capped_confirmation,all_indices,__all__,全部指数（指数-事件对）,index_region_or_index_episode_pair,strict,all,multi_lobe,109,58,51,0.5321100917431193,509,58,451,284,150,0,0.11394891944990176,0.0,-2.0,2.0
all_a_ma20_breadth_price_divergence_top,top,breadth_price_divergence_v1_20120104_20260814,capped_confirmation,all_indices,__all__,全部指数（指数-事件对）,index_region_or_index_episode_pair,strict,all,single_lobe,146,36,110,0.2465753424657534,471,36,435,316,90,0,0.07643312101910828,-1.0,-3.0,2.0
all_a_ma20_breadth_price_divergence_top,top,breadth_price_divergence_v1_20120104_20260814,capped_confirmation,all_indices,__all__,全部指数（指数-事件对）,index_region_or_index_episode_pair,strict,confirmation,all,255,39,216,0.15294117647058825,389,39,350,236,102,0,0.10025706940874037,2.0,1.5,3.0
all_a_ma20_breadth_price_divergence_top,top,breadth_price_divergence_v1_20120104_20260814,capped_confirmation,all_indices,__all__,全部指数（指数-事件对）,index_region_or_index_episode_pair,strict,confirmation,multi_lobe,109,26,83,0.23853211009174313,234,26,208,141,61,0,0.1111111111111111,2.0,1.0,3.0
all_a_ma20_breadth_price_divergence_top,top,breadth_price_divergence_v1_20120104_20260814,capped_confirmation,all_indices,__all__,全部指数（指数-事件对）,index_region_or_index_episode_pair,strict,confirmation,single_lobe,146,13,133,0.08904109589041095,155,13,142,95,41,0,0.08387096774193549,2.0,2.0,3.0
all_a_ma20_breadth_price_divergence_top,top,breadth_price_divergence_v1_20120104_20260814,capped_confirmation,all_indices,__all__,全部指数（指数-事件对）,index_region_or_index_episode_pair,strict,prediction,all,255,55,200,0.21568627450980393,591,55,536,364,138,0,0.09306260575296109,-2.0,-3.0,-1.0
all_a_ma20_breadth_price_divergence_top,top,breadth_price_divergence_v1_20120104_20260814,capped_confirmation,all_indices,__all__,全部指数（指数-事件对）,index_region_or_index_episode_pair,strict,prediction,multi_lobe,109,32,77,0.29357798165137616,275,32,243,143,89,0,0.11636363636363636,-2.0,-3.0,0.0
all_a_ma20_breadth_price_divergence_top,top,breadth_price_divergence_v1_20120104_20260814,capped_confirmation,all_indices,__all__,全部指数（指数-事件对）,index_region_or_index_episode_pair,strict,prediction,single_lobe,146,23,123,0.15753424657534246,316,23,293,221,49,0,0.07278481012658228,-2.0,-3.0,-1.0
all_a_ma20_breadth_price_divergence_top,top,breadth_price_divergence_v1_20120104_20260814,capped_confirmation,all_indices,__all__,全部指数（指数-事件对）,index_region_or_index_episode_pair,window,all,all,255,140,115,0.5490196078431373,980,140,840,600,240,0,0.14285714285714285,-1.0,-3.25,2.0
all_a_ma20_breadth_price_divergence_top,top,breadth_price_divergence_v1_20120104_20260814,capped_confirmation,all_indices,__all__,全部指数（指数-事件对）,index_region_or_index_episode_pair,window,all,multi_lobe,109,75,34,0.6880733944954128,509,75,434,284,150,0,0.14734774066797643,0.0,-2.0,2.0
all_a_ma20_breadth_price_divergence_top,top,breadth_price_divergence_v1_20120104_20260814,capped_confirmation,all_indices,__all__,全部指数（指数-事件对）,index_region_or_index_episode_pair,window,all,single_lobe,146,65,81,0.4452054794520548,471,65,406,316,90,0,0.13800424628450106,-2.0,-7.0,1.0
all_a_ma20_breadth_price_divergence_top,top,breadth_price_divergence_v1_20120104_20260814,capped_confirmation,all_indices,__all__,全部指数（指数-事件对）,index_region_or_index_episode_pair,window,confirmation,all,255,51,204,0.2,389,51,338,236,102,0,0.13110539845758354,2.0,2.0,4.5
all_a_ma20_breadth_price_divergence_top,top,breadth_price_divergence_v1_20120104_20260814,capped_confirmation,all_indices,__all__,全部指数（指数-事件对）,index_region_or_index_episode_pair,window,confirmation,multi_lobe,109,32,77,0.29357798165137616,234,32,202,141,61,0,0.13675213675213677,2.0,1.75,5.0
all_a_ma20_breadth_price_divergence_top,top,breadth_price_divergence_v1_20120104_20260814,capped_confirmation,all_indices,__all__,全部指数（指数-事件对）,index_region_or_index_episode_pair,window,confirmation,single_lobe,146,19,127,0.13013698630136986,155,19,136,95,41,0,0.12258064516129032,3.0,2.0,3.5
all_a_ma20_breadth_price_divergence_top,top,breadth_price_divergence_v1_20120104_20260814,capped_confirmation,all_indices,__all__,全部指数（指数-事件对）,index_region_or_index_episode_pair,window,prediction,all,255,89,166,0.34901960784313724,591,89,502,364,138,0,0.1505922165820643,-3.0,-7.0,-1.0
all_a_ma20_breadth_price_divergence_top,top,breadth_price_divergence_v1_20120104_20260814,capped_confirmation,all_indices,__all__,全部指数（指数-事件对）,index_region_or_index_episode_pair,window,prediction,multi_lobe,109,43,66,0.3944954128440367,275,43,232,143,89,0,0.15636363636363637,-2.0,-4.0,-1.0
all_a_ma20_breadth_price_divergence_top,top,breadth_price_divergence_v1_20120104_20260814,capped_confirmation,all_indices,__all__,全部指数（指数-事件对）,index_region_or_index_episode_pair,window,prediction,single_lobe,146,46,100,0.3150684931506849,316,46,270,221,49,0,0.14556962025316456,-3.0,-8.0,-2.0
all_a_ma20_breadth_price_divergence_top,top,breadth_price_divergence_v1_20120104_20260814,capped_confirmation,index,all_a,全A,region_or_episode,loose,all,all,36,17,19,0.4722222222222222,140,17,123,84,36,0,0.12142857142857143,1.0,-2.0,3.0
all_a_ma20_breadth_price_divergence_top,top,breadth_price_divergence_v1_20120104_20260814,capped_confirmation,index,all_a,全A,region_or_episode,loose,all,multi_lobe,19,12,7,0.631578947368421,81,12,69,40,27,0,0.14814814814814814,1.5,-1.25,4.25
all_a_ma20_breadth_price_divergence_top,top,breadth_price_divergence_v1_20120104_20260814,capped_confirmation,index,all_a,全A,region_or_episode,loose,all,single_lobe,17,5,12,0.29411764705882354,59,5,54,44,9,0,0.0847457627118644,-2.0,-3.0,-1.0
all_a_ma20_breadth_price_divergence_top,top,breadth_price_divergence_v1_20120104_20260814,capped_confirmation,index,all_a,全A,region_or_episode,loose,confirmation,all,36,9,27,0.25,57,9,48,33,14,0,0.15789473684210525,3.0,2.0,5.0
all_a_ma20_breadth_price_divergence_top,top,breadth_price_divergence_v1_20120104_20260814,capped_confirmation,index,all_a,全A,region_or_episode,loose,confirmation,multi_lobe,19,8,11,0.42105263157894735,40,8,32,19,12,0,0.2,3.0,1.75,5.0
all_a_ma20_breadth_price_divergence_top,top,breadth_price_divergence_v1_20120104_20260814,capped_confirmation,index,all_a,全A,region_or_episode,loose,confirmation,single_lobe,17,1,16,0.058823529411764705,17,1,16,14,2,0,0.058823529411764705,3.0,3.0,3.0
all_a_ma20_breadth_price_divergence_top,top,breadth_price_divergence_v1_20120104_20260814,capped_confirmation,index,all_a,全A,region_or_episode,loose,prediction,all,36,8,28,0.2222222222222222,83,8,75,51,22,0,0.0963855421686747,-2.0,-3.25,-1.75
all_a_ma20_breadth_price_divergence_top,top,breadth_price_divergence_v1_20120104_20260814,capped_confirmation,index,all_a,全A,region_or_episode,loose,prediction,multi_lobe,19,4,15,0.21052631578947367,41,4,37,21,15,0,0.0975609756097561,-2.0,-2.5,-1.75
all_a_ma20_breadth_price_divergence_top,top,breadth_price_divergence_v1_20120104_20260814,capped_confirmation,index,all_a,全A,region_or_episode,loose,prediction,single_lobe,17,4,13,0.23529411764705882,42,4,38,30,7,0,0.09523809523809523,-2.5,-3.25,-1.75
all_a_ma20_breadth_price_divergence_top,top,breadth_price_divergence_v1_20120104_20260814,capped_confirmation,index,all_a,全A,region_or_episode,strict,all,all,36,16,20,0.4444444444444444,140,16,124,84,36,0,0.11428571428571428,1.0,-2.0,3.25
all_a_ma20_breadth_price_divergence_top,top,breadth_price_divergence_v1_20120104_20260814,capped_confirmation,index,all_a,全A,region_or_episode,strict,all,multi_lobe,19,11,8,0.5789473684210527,81,11,70,40,27,0,0.13580246913580246,2.0,-0.5,4.5
all_a_ma20_breadth_price_divergence_top,top,breadth_price_divergence_v1_20120104_20260814,capped_confirmation,index,all_a,全A,region_or_episode,strict,all,single_lobe,17,5,12,0.29411764705882354,59,5,54,44,9,0,0.0847457627118644,-2.0,-3.0,-1.0
all_a_ma20_breadth_price_divergence_top,top,breadth_price_divergence_v1_20120104_20260814,capped_confirmation,index,all_a,全A,region_or_episode,strict,confirmation,all,36,9,27,0.25,57,9,48,33,14,0,0.15789473684210525,3.0,2.0,5.0
all_a_ma20_breadth_price_divergence_top,top,breadth_price_divergence_v1_20120104_20260814,capped_confirmation,index,all_a,全A,region_or_episode,strict,confirmation,multi_lobe,19,8,11,0.42105263157894735,40,8,32,19,12,0,0.2,3.0,1.75,5.0
all_a_ma20_breadth_price_divergence_top,top,breadth_price_divergence_v1_20120104_20260814,capped_confirmation,index,all_a,全A,region_or_episode,strict,confirmation,single_lobe,17,1,16,0.058823529411764705,17,1,16,14,2,0,0.058823529411764705,3.0,3.0,3.0
all_a_ma20_breadth_price_divergence_top,top,breadth_price_divergence_v1_20120104_20260814,capped_confirmation,index,all_a,全A,region_or_episode,strict,prediction,all,36,7,29,0.19444444444444445,83,7,76,51,22,0,0.08433734939759036,-2.0,-3.5,-2.0
all_a_ma20_breadth_price_divergence_top,top,breadth_price_divergence_v1_20120104_20260814,capped_confirmation,index,all_a,全A,region_or_episode,strict,prediction,multi_lobe,19,3,16,0.15789473684210525,41,3,38,21,15,0,0.07317073170731707,-2.0,-3.0,-2.0
all_a_ma20_breadth_price_divergence_top,top,breadth_price_divergence_v1_20120104_20260814,capped_confirmation,index,all_a,全A,region_or_episode,strict,prediction,single_lobe,17,4,13,0.23529411764705882,42,4,38,30,7,0,0.09523809523809523,-2.5,-3.25,-1.75
all_a_ma20_breadth_price_divergence_top,top,breadth_price_divergence_v1_20120104_20260814,capped_confirmation,index,all_a,全A,region_or_episode,window,all,all,36,20,16,0.5555555555555556,140,20,120,84,36,0,0.14285714285714285,0.0,-2.25,3.25
all_a_ma20_breadth_price_divergence_top,top,breadth_price_divergence_v1_20120104_20260814,capped_confirmation,index,all_a,全A,region_or_episode,window,all,multi_lobe,19,14,5,0.7368421052631579,81,14,67,40,27,0,0.1728395061728395,1.5,-1.75,4.75
all_a_ma20_breadth_price_divergence_top,top,breadth_price_divergence_v1_20120104_20260814,capped_confirmation,index,all_a,全A,region_or_episode,window,all,single_lobe,17,6,11,0.35294117647058826,59,6,53,44,9,0,0.1016949152542373,-2.5,-3.75,-1.25
all_a_ma20_breadth_price_divergence_top,top,breadth_price_divergence_v1_20120104_20260814,capped_confirmation,index,all_a,全A,region_or_episode,window,confirmation,all,36,10,26,0.2777777777777778,57,10,47,33,14,0,0.17543859649122806,3.5,2.0,5.0
all_a_ma20_breadth_price_divergence_top,top,breadth_price_divergence_v1_20120104_20260814,capped_confirmation,index,all_a,全A,region_or_episode,window,confirmation,multi_lobe,19,9,10,0.47368421052631576,40,9,31,19,12,0,0.225,4.0,2.0,5.0
all_a_ma20_breadth_price_divergence_top,top,breadth_price_divergence_v1_20120104_20260814,capped_confirmation,index,all_a,全A,region_or_episode,window,confirmation,single_lobe,17,1,16,0.058823529411764705,17,1,16,14,2,0,0.058823529411764705,3.0,3.0,3.0
all_a_ma20_breadth_price_divergence_top,top,breadth_price_divergence_v1_20120104_20260814,capped_confirmation,index,all_a,全A,region_or_episode,window,prediction,all,36,10,26,0.2777777777777778,83,10,73,51,22,0,0.12048192771084337,-2.5,-4.0,-2.0
all_a_ma20_breadth_price_divergence_top,top,breadth_price_divergence_v1_20120104_20260814,capped_confirmation,index,all_a,全A,region_or_episode,window,prediction,multi_lobe,19,5,14,0.2631578947368421,41,5,36,21,15,0,0.12195121951219512,-2.0,-4.0,-2.0
all_a_ma20_breadth_price_divergence_top,top,breadth_price_divergence_v1_20120104_20260814,capped_confirmation,index,all_a,全A,region_or_episode,window,prediction,single_lobe,17,5,12,0.29411764705882354,42,5,37,30,7,0,0.11904761904761904,-3.0,-4.0,-2.0
all_a_ma20_breadth_price_divergence_top,top,breadth_price_divergence_v1_20120104_20260814,capped_confirmation,index,cni2000,国证2000,region_or_episode,loose,all,all,31,15,16,0.4838709677419355,140,15,125,87,36,0,0.10714285714285714,0.0,-2.0,2.0
all_a_ma20_breadth_price_divergence_top,top,breadth_price_divergence_v1_20120104_20260814,capped_confirmation,index,cni2000,国证2000,region_or_episode,loose,all,multi_lobe,14,11,3,0.7857142857142857,85,11,74,45,28,0,0.12941176470588237,0.0,-2.0,2.0
all_a_ma20_breadth_price_divergence_top,top,breadth_price_divergence_v1_20120104_20260814,capped_confirmation,index,cni2000,国证2000,region_or_episode,loose,all,single_lobe,17,4,13,0.23529411764705882,55,4,51,42,8,0,0.07272727272727272,0.5,-1.25,2.25
all_a_ma20_breadth_price_divergence_top,top,breadth_price_divergence_v1_20120104_20260814,capped_confirmation,index,cni2000,国证2000,region_or_episode,loose,confirmation,all,31,6,25,0.1935483870967742,52,6,46,32,14,0,0.11538461538461539,2.0,2.0,2.75
all_a_ma20_breadth_price_divergence_top,top,breadth_price_divergence_v1_20120104_20260814,capped_confirmation,index,cni2000,国证2000,region_or_episode,loose,confirmation,multi_lobe,14,4,10,0.2857142857142857,33,4,29,20,9,0,0.12121212121212122,2.0,2.0,2.25
all_a_ma20_breadth_price_divergence_top,top,breadth_price_divergence_v1_20120104_20260814,capped_confirmation,index,cni2000,国证2000,region_or_episode,loose,confirmation,single_lobe,17,2,15,0.11764705882352941,19,2,17,12,5,0,0.10526315789473684,2.5,2.25,2.75
all_a_ma20_breadth_price_divergence_top,top,breadth_price_divergence_v1_20120104_20260814,capped_confirmation,index,cni2000,国证2000,region_or_episode,loose,prediction,all,31,9,22,0.2903225806451613,88,9,79,55,22,0,0.10227272727272728,-2.0,-2.0,-1.0
all_a_ma20_breadth_price_divergence_top,top,breadth_price_divergence_v1_20120104_20260814,capped_confirmation,index,cni2000,国证2000,region_or_episode,loose,prediction,multi_lobe,14,7,7,0.5,52,7,45,25,19,0,0.1346153846153846,-2.0,-2.5,-0.5
all_a_ma20_breadth_price_divergence_top,top,breadth_price_divergence_v1_20120104_20260814,capped_confirmation,index,cni2000,国证2000,region_or_episode,loose,prediction,single_lobe,17,2,15,0.11764705882352941,36,2,34,30,3,0,0.05555555555555555,-1.5,-1.75,-1.25
all_a_ma20_breadth_price_divergence_top,top,breadth_price_divergence_v1_20120104_20260814,capped_confirmation,index,cni2000,国证2000,region_or_episode,strict,all,all,31,14,17,0.45161290322580644,140,14,126,87,36,0,0.1,0.0,-1.75,2.0
all_a_ma20_breadth_price_divergence_top,top,breadth_price_divergence_v1_20120104_20260814,capped_confirmation,index,cni2000,国证2000,region_or_episode,strict,all,multi_lobe,14,10,4,0.7142857142857143,85,10,75,45,28,0,0.11764705882352941,0.0,-1.75,2.0
all_a_ma20_breadth_price_divergence_top,top,breadth_price_divergence_v1_20120104_20260814,capped_confirmation,index,cni2000,国证2000,region_or_episode,strict,all,single_lobe,17,4,13,0.23529411764705882,55,4,51,42,8,0,0.07272727272727272,0.5,-1.25,2.25
all_a_ma20_breadth_price_divergence_top,top,breadth_price_divergence_v1_20120104_20260814,capped_confirmation,index,cni2000,国证2000,region_or_episode,strict,confirmation,all,31,6,25,0.1935483870967742,52,6,46,32,14,0,0.11538461538461539,2.0,2.0,2.75
all_a_ma20_breadth_price_divergence_top,top,breadth_price_divergence_v1_20120104_20260814,capped_confirmation,index,cni2000,国证2000,region_or_episode,strict,confirmation,multi_lobe,14,4,10,0.2857142857142857,33,4,29,20,9,0,0.12121212121212122,2.0,2.0,2.25
all_a_ma20_breadth_price_divergence_top,top,breadth_price_divergence_v1_20120104_20260814,capped_confirmation,index,cni2000,国证2000,region_or_episode,strict,confirmation,single_lobe,17,2,15,0.11764705882352941,19,2,17,12,5,0,0.10526315789473684,2.5,2.25,2.75
all_a_ma20_breadth_price_divergence_top,top,breadth_price_divergence_v1_20120104_20260814,capped_confirmation,index,cni2000,国证2000,region_or_episode,strict,prediction,all,31,8,23,0.25806451612903225,88,8,80,55,22,0,0.09090909090909091,-1.5,-2.25,-0.75
all_a_ma20_breadth_price_divergence_top,top,breadth_price_divergence_v1_20120104_20260814,capped_confirmation,index,cni2000,国证2000,region_or_episode,strict,prediction,multi_lobe,14,6,8,0.42857142857142855,52,6,46,25,19,0,0.11538461538461539,-1.5,-2.75,-0.25
all_a_ma20_breadth_price_divergence_top,top,breadth_price_divergence_v1_20120104_20260814,capped_confirmation,index,cni2000,国证2000,region_or_episode,strict,prediction,single_lobe,17,2,15,0.11764705882352941,36,2,34,30,3,0,0.05555555555555555,-1.5,-1.75,-1.25
all_a_ma20_breadth_price_divergence_top,top,breadth_price_divergence_v1_20120104_20260814,capped_confirmation,index,cni2000,国证2000,region_or_episode,window,all,all,31,17,14,0.5483870967741935,140,17,123,87,36,0,0.12142857142857143,-1.0,-2.0,2.0
all_a_ma20_breadth_price_divergence_top,top,breadth_price_divergence_v1_20120104_20260814,capped_confirmation,index,cni2000,国证2000,region_or_episode,window,all,multi_lobe,14,12,2,0.8571428571428571,85,12,73,45,28,0,0.1411764705882353,-0.5,-2.25,2.0
all_a_ma20_breadth_price_divergence_top,top,breadth_price_divergence_v1_20120104_20260814,capped_confirmation,index,cni2000,国证2000,region_or_episode,window,all,single_lobe,17,5,12,0.29411764705882354,55,5,50,42,8,0,0.09090909090909091,-1.0,-2.0,2.0
all_a_ma20_breadth_price_divergence_top,top,breadth_price_divergence_v1_20120104_20260814,capped_confirmation,index,cni2000,国证2000,region_or_episode,window,confirmation,all,31,6,25,0.1935483870967742,52,6,46,32,14,0,0.11538461538461539,2.0,2.0,2.75
all_a_ma20_breadth_price_divergence_top,top,breadth_price_divergence_v1_20120104_20260814,capped_confirmation,index,cni2000,国证2000,region_or_episode,window,confirmation,multi_lobe,14,4,10,0.2857142857142857,33,4,29,20,9,0,0.12121212121212122,2.0,2.0,2.25
all_a_ma20_breadth_price_divergence_top,top,breadth_price_divergence_v1_20120104_20260814,capped_confirmation,index,cni2000,国证2000,region_or_episode,window,confirmation,single_lobe,17,2,15,0.11764705882352941,19,2,17,12,5,0,0.10526315789473684,2.5,2.25,2.75
all_a_ma20_breadth_price_divergence_top,top,breadth_price_divergence_v1_20120104_20260814,capped_confirmation,index,cni2000,国证2000,region_or_episode,window,prediction,all,31,11,20,0.3548387096774194,88,11,77,55,22,0,0.125,-2.0,-5.0,-1.0
all_a_ma20_breadth_price_divergence_top,top,breadth_price_divergence_v1_20120104_20260814,capped_confirmation,index,cni2000,国证2000,region_or_episode,window,prediction,multi_lobe,14,8,6,0.5714285714285714,52,8,44,25,19,0,0.15384615384615385,-2.0,-4.0,-0.75
all_a_ma20_breadth_price_divergence_top,top,breadth_price_divergence_v1_20120104_20260814,capped_confirmation,index,cni2000,国证2000,region_or_episode,window,prediction,single_lobe,17,3,14,0.17647058823529413,36,3,33,30,3,0,0.08333333333333333,-2.0,-11.0,-1.5
all_a_ma20_breadth_price_divergence_top,top,breadth_price_divergence_v1_20120104_20260814,capped_confirmation,index,csi1000,中证1000,region_or_episode,loose,all,all,33,15,18,0.45454545454545453,140,15,125,89,32,0,0.10714285714285714,-1.0,-2.0,2.0
all_a_ma20_breadth_price_divergence_top,top,breadth_price_divergence_v1_20120104_20260814,capped_confirmation,index,csi1000,中证1000,region_or_episode,loose,all,multi_lobe,13,11,2,0.8461538461538461,84,11,73,46,26,0,0.13095238095238096,0.0,-2.0,2.0
all_a_ma20_breadth_price_divergence_top,top,breadth_price_divergence_v1_20120104_20260814,capped_confirmation,index,csi1000,中证1000,region_or_episode,loose,all,single_lobe,20,4,16,0.2,56,4,52,43,6,0,0.07142857142857142,-1.0,-1.25,-0.25
all_a_ma20_breadth_price_divergence_top,top,breadth_price_divergence_v1_20120104_20260814,capped_confirmation,index,csi1000,中证1000,region_or_episode,loose,confirmation,all,33,6,27,0.18181818181818182,62,6,56,37,18,0,0.0967741935483871,2.0,2.0,2.75
all_a_ma20_breadth_price_divergence_top,top,breadth_price_divergence_v1_20120104_20260814,capped_confirmation,index,csi1000,中证1000,region_or_episode,loose,confirmation,multi_lobe,13,5,8,0.38461538461538464,43,5,38,24,14,0,0.11627906976744186,2.0,2.0,3.0
all_a_ma20_breadth_price_divergence_top,top,breadth_price_divergence_v1_20120104_20260814,capped_confirmation,index,csi1000,中证1000,region_or_episode,loose,confirmation,single_lobe,20,1,19,0.05,19,1,18,13,4,0,0.05263157894736842,2.0,2.0,2.0
all_a_ma20_breadth_price_divergence_top,top,breadth_price_divergence_v1_20120104_20260814,capped_confirmation,index,csi1000,中证1000,region_or_episode,loose,prediction,all,33,9,24,0.2727272727272727,78,9,69,52,14,0,0.11538461538461539,-2.0,-2.0,-1.0
all_a_ma20_breadth_price_divergence_top,top,breadth_price_divergence_v1_20120104_20260814,capped_confirmation,index,csi1000,中证1000,region_or_episode,loose,prediction,multi_lobe,13,6,7,0.46153846153846156,41,6,35,22,12,0,0.14634146341463414,-2.0,-2.75,-2.0
all_a_ma20_breadth_price_divergence_top,top,breadth_price_divergence_v1_20120104_20260814,capped_confirmation,index,csi1000,中证1000,region_or_episode,loose,prediction,single_lobe,20,3,17,0.15,37,3,34,30,2,0,0.08108108108108109,-1.0,-1.5,-1.0
all_a_ma20_breadth_price_divergence_top,top,breadth_price_divergence_v1_20120104_20260814,capped_confirmation,index,csi1000,中证1000,region_or_episode,strict,all,all,33,14,19,0.42424242424242425,140,14,126,89,32,0,0.1,-1.0,-2.0,1.75
all_a_ma20_breadth_price_divergence_top,top,breadth_price_divergence_v1_20120104_20260814,capped_confirmation,index,csi1000,中证1000,region_or_episode,strict,all,multi_lobe,13,10,3,0.7692307692307693,84,10,74,46,26,0,0.11904761904761904,-1.0,-2.0,1.75
all_a_ma20_breadth_price_divergence_top,top,breadth_price_divergence_v1_20120104_20260814,capped_confirmation,index,csi1000,中证1000,region_or_episode,strict,all,single_lobe,20,4,16,0.2,56,4,52,43,6,0,0.07142857142857142,-1.0,-1.25,-0.25
all_a_ma20_breadth_price_divergence_top,top,breadth_price_divergence_v1_20120104_20260814,capped_confirmation,index,csi1000,中证1000,region_or_episode,strict,confirmation,all,33,5,28,0.15151515151515152,62,5,57,37,18,0,0.08064516129032258,2.0,2.0,2.0
all_a_ma20_breadth_price_divergence_top,top,breadth_price_divergence_v1_20120104_20260814,capped_confirmation,index,csi1000,中证1000,region_or_episode,strict,confirmation,multi_lobe,13,4,9,0.3076923076923077,43,4,39,24,14,0,0.09302325581395349,2.0,1.75,2.25
all_a_ma20_breadth_price_divergence_top,top,breadth_price_divergence_v1_20120104_20260814,capped_confirmation,index,csi1000,中证1000,region_or_episode,strict,confirmation,single_lobe,20,1,19,0.05,19,1,18,13,4,0,0.05263157894736842,2.0,2.0,2.0
all_a_ma20_breadth_price_divergence_top,top,breadth_price_divergence_v1_20120104_20260814,capped_confirmation,index,csi1000,中证1000,region_or_episode,strict,prediction,all,33,9,24,0.2727272727272727,78,9,69,52,14,0,0.11538461538461539,-2.0,-2.0,-1.0
all_a_ma20_breadth_price_divergence_top,top,breadth_price_divergence_v1_20120104_20260814,capped_confirmation,index,csi1000,中证1000,region_or_episode,strict,prediction,multi_lobe,13,6,7,0.46153846153846156,41,6,35,22,12,0,0.14634146341463414,-2.0,-2.75,-2.0
all_a_ma20_breadth_price_divergence_top,top,breadth_price_divergence_v1_20120104_20260814,capped_confirmation,index,csi1000,中证1000,region_or_episode,strict,prediction,single_lobe,20,3,17,0.15,37,3,34,30,2,0,0.08108108108108109,-1.0,-1.5,-1.0
all_a_ma20_breadth_price_divergence_top,top,breadth_price_divergence_v1_20120104_20260814,capped_confirmation,index,csi1000,中证1000,region_or_episode,window,all,all,33,19,14,0.5757575757575758,140,19,121,89,32,0,0.1357142857142857,-1.0,-2.5,2.0
all_a_ma20_breadth_price_divergence_top,top,breadth_price_divergence_v1_20120104_20260814,capped_confirmation,index,csi1000,中证1000,region_or_episode,window,all,multi_lobe,13,12,1,0.9230769230769231,84,12,72,46,26,0,0.14285714285714285,-1.0,-2.25,2.0
all_a_ma20_breadth_price_divergence_top,top,breadth_price_divergence_v1_20120104_20260814,capped_confirmation,index,csi1000,中证1000,region_or_episode,window,all,single_lobe,20,7,13,0.35,56,7,49,43,6,0,0.125,-1.0,-7.5,0.5
all_a_ma20_breadth_price_divergence_top,top,breadth_price_divergence_v1_20120104_20260814,capped_confirmation,index,csi1000,中证1000,region_or_episode,window,confirmation,all,33,7,26,0.21212121212121213,62,7,55,37,18,0,0.11290322580645161,2.0,2.0,4.5
all_a_ma20_breadth_price_divergence_top,top,breadth_price_divergence_v1_20120104_20260814,capped_confirmation,index,csi1000,中证1000,region_or_episode,window,confirmation,multi_lobe,13,5,8,0.38461538461538464,43,5,38,24,14,0,0.11627906976744186,2.0,2.0,3.0
all_a_ma20_breadth_price_divergence_top,top,breadth_price_divergence_v1_20120104_20260814,capped_confirmation,index,csi1000,中证1000,region_or_episode,window,confirmation,single_lobe,20,2,18,0.1,19,2,17,13,4,0,0.10526315789473684,9.0,5.5,12.5
all_a_ma20_breadth_price_divergence_top,top,breadth_price_divergence_v1_20120104_20260814,capped_confirmation,index,csi1000,中证1000,region_or_episode,window,prediction,all,33,12,21,0.36363636363636365,78,12,66,52,14,0,0.15384615384615385,-2.0,-7.25,-1.75
all_a_ma20_breadth_price_divergence_top,top,breadth_price_divergence_v1_20120104_20260814,capped_confirmation,index,csi1000,中证1000,region_or_episode,window,prediction,multi_lobe,13,7,6,0.5384615384615384,41,7,34,22,12,0,0.17073170731707318,-2.0,-5.0,-2.0
all_a_ma20_breadth_price_divergence_top,top,breadth_price_divergence_v1_20120104_20260814,capped_confirmation,index,csi1000,中证1000,region_or_episode,window,prediction,single_lobe,20,5,15,0.25,37,5,32,30,2,0,0.13513513513513514,-2.0,-13.0,-1.0
all_a_ma20_breadth_price_divergence_top,top,breadth_price_divergence_v1_20120104_20260814,capped_confirmation,index,csi300,沪深300,region_or_episode,loose,all,all,39,12,27,0.3076923076923077,140,12,128,82,36,0,0.08571428571428572,-1.0,-3.0,0.25
all_a_ma20_breadth_price_divergence_top,top,breadth_price_divergence_v1_20120104_20260814,capped_confirmation,index,csi300,沪深300,region_or_episode,loose,all,multi_lobe,13,6,7,0.46153846153846156,56,6,50,37,13,0,0.10714285714285714,-1.0,-2.5,-0.25
all_a_ma20_breadth_price_divergence_top,top,breadth_price_divergence_v1_20120104_20260814,capped_confirmation,index,csi300,沪深300,region_or_episode,loose,all,single_lobe,26,6,20,0.23076923076923078,84,6,78,45,23,0,0.07142857142857142,-1.0,-2.75,0.75
all_a_ma20_breadth_price_divergence_top,top,breadth_price_divergence_v1_20120104_20260814,capped_confirmation,index,csi300,沪深300,region_or_episode,loose,confirmation,all,39,3,36,0.07692307692307693,57,3,54,32,20,0,0.05263157894736842,3.0,2.0,7.0
all_a_ma20_breadth_price_divergence_top,top,breadth_price_divergence_v1_20120104_20260814,capped_confirmation,index,csi300,沪深300,region_or_episode,loose,confirmation,multi_lobe,13,1,12,0.07692307692307693,32,1,31,24,7,0,0.03125,11.0,11.0,11.0
all_a_ma20_breadth_price_divergence_top,top,breadth_price_divergence_v1_20120104_20260814,capped_confirmation,index,csi300,沪深300,region_or_episode,loose,confirmation,single_lobe,26,2,24,0.07692307692307693,25,2,23,8,13,0,0.08,2.0,1.5,2.5
all_a_ma20_breadth_price_divergence_top,top,breadth_price_divergence_v1_20120104_20260814,capped_confirmation,index,csi300,沪深300,region_or_episode,loose,prediction,all,39,9,30,0.23076923076923078,83,9,74,50,16,0,0.10843373493975904,-2.0,-3.0,-1.0
all_a_ma20_breadth_price_divergence_top,top,breadth_price_divergence_v1_20120104_20260814,capped_confirmation,index,csi300,沪深300,region_or_episode,loose,prediction,multi_lobe,13,5,8,0.38461538461538464,24,5,19,13,6,0,0.20833333333333334,-1.0,-3.0,-1.0
all_a_ma20_breadth_price_divergence_top,top,breadth_price_divergence_v1_20120104_20260814,capped_confirmation,index,csi300,沪深300,region_or_episode,loose,prediction,single_lobe,26,4,22,0.15384615384615385,59,4,55,37,10,0,0.06779661016949153,-2.5,-3.0,-1.5
all_a_ma20_breadth_price_divergence_top,top,breadth_price_divergence_v1_20120104_20260814,capped_confirmation,index,csi300,沪深300,region_or_episode,strict,all,all,39,10,29,0.2564102564102564,140,10,130,82,36,0,0.07142857142857142,-1.5,-3.0,0.0
all_a_ma20_breadth_price_divergence_top,top,breadth_price_divergence_v1_20120104_20260814,capped_confirmation,index,csi300,沪深300,region_or_episode,strict,all,multi_lobe,13,4,9,0.3076923076923077,56,4,52,37,13,0,0.07142857142857142,-2.0,-3.25,-0.75
all_a_ma20_breadth_price_divergence_top,top,breadth_price_divergence_v1_20120104_20260814,capped_confirmation,index,csi300,沪深300,region_or_episode,strict,all,single_lobe,26,6,20,0.23076923076923078,84,6,78,45,23,0,0.07142857142857142,-1.0,-2.75,0.75
all_a_ma20_breadth_price_divergence_top,top,breadth_price_divergence_v1_20120104_20260814,capped_confirmation,index,csi300,沪深300,region_or_episode,strict,confirmation,all,39,2,37,0.05128205128205128,57,2,55,32,20,0,0.03508771929824561,2.0,1.5,2.5
all_a_ma20_breadth_price_divergence_top,top,breadth_price_divergence_v1_20120104_20260814,capped_confirmation,index,csi300,沪深300,region_or_episode,strict,confirmation,multi_lobe,13,0,13,0.0,32,0,32,24,7,0,0.0,,,
all_a_ma20_breadth_price_divergence_top,top,breadth_price_divergence_v1_20120104_20260814,capped_confirmation,index,csi300,沪深300,region_or_episode,strict,confirmation,single_lobe,26,2,24,0.07692307692307693,25,2,23,8,13,0,0.08,2.0,1.5,2.5
all_a_ma20_breadth_price_divergence_top,top,breadth_price_divergence_v1_20120104_20260814,capped_confirmation,index,csi300,沪深300,region_or_episode,strict,prediction,all,39,8,31,0.20512820512820512,83,8,75,50,16,0,0.0963855421686747,-2.5,-3.0,-0.75
all_a_ma20_breadth_price_divergence_top,top,breadth_price_divergence_v1_20120104_20260814,capped_confirmation,index,csi300,沪深300,region_or_episode,strict,prediction,multi_lobe,13,4,9,0.3076923076923077,24,4,20,13,6,0,0.16666666666666666,-2.0,-3.25,-0.75
all_a_ma20_breadth_price_divergence_top,top,breadth_price_divergence_v1_20120104_20260814,capped_confirmation,index,csi300,沪深300,region_or_episode,strict,prediction,single_lobe,26,4,22,0.15384615384615385,59,4,55,37,10,0,0.06779661016949153,-2.5,-3.0,-1.5
all_a_ma20_breadth_price_divergence_top,top,breadth_price_divergence_v1_20120104_20260814,capped_confirmation,index,csi300,沪深300,region_or_episode,window,all,all,39,22,17,0.5641025641025641,140,22,118,82,36,0,0.15714285714285714,-1.5,-4.0,0.0
all_a_ma20_breadth_price_divergence_top,top,breadth_price_divergence_v1_20120104_20260814,capped_confirmation,index,csi300,沪深300,region_or_episode,window,all,multi_lobe,13,6,7,0.46153846153846156,56,6,50,37,13,0,0.10714285714285714,-1.0,-2.5,-0.25
all_a_ma20_breadth_price_divergence_top,top,breadth_price_divergence_v1_20120104_20260814,capped_confirmation,index,csi300,沪深300,region_or_episode,window,all,single_lobe,26,16,10,0.6153846153846154,84,16,68,45,23,0,0.19047619047619047,-2.5,-7.25,0.25
all_a_ma20_breadth_price_divergence_top,top,breadth_price_divergence_v1_20120104_20260814,capped_confirmation,index,csi300,沪深300,region_or_episode,window,confirmation,all,39,5,34,0.1282051282051282,57,5,52,32,20,0,0.08771929824561403,3.0,2.0,5.0
all_a_ma20_breadth_price_divergence_top,top,breadth_price_divergence_v1_20120104_20260814,capped_confirmation,index,csi300,沪深300,region_or_episode,window,confirmation,multi_lobe,13,1,12,0.07692307692307693,32,1,31,24,7,0,0.03125,11.0,11.0,11.0
all_a_ma20_breadth_price_divergence_top,top,breadth_price_divergence_v1_20120104_20260814,capped_confirmation,index,csi300,沪深300,region_or_episode,window,confirmation,single_lobe,26,4,22,0.15384615384615385,25,4,21,8,13,0,0.16,2.5,1.75,3.5
all_a_ma20_breadth_price_divergence_top,top,breadth_price_divergence_v1_20120104_20260814,capped_confirmation,index,csi300,沪深300,region_or_episode,window,prediction,all,39,17,22,0.4358974358974359,83,17,66,50,16,0,0.20481927710843373,-3.0,-7.0,-1.0
all_a_ma20_breadth_price_divergence_top,top,breadth_price_divergence_v1_20120104_20260814,capped_confirmation,index,csi300,沪深300,region_or_episode,window,prediction,multi_lobe,13,5,8,0.38461538461538464,24,5,19,13,6,0,0.20833333333333334,-1.0,-3.0,-1.0
all_a_ma20_breadth_price_divergence_top,top,breadth_price_divergence_v1_20120104_20260814,capped_confirmation,index,csi300,沪深300,region_or_episode,window,prediction,single_lobe,26,12,14,0.46153846153846156,59,12,47,37,10,0,0.2033898305084746,-3.5,-8.75,-1.75
all_a_ma20_breadth_price_divergence_top,top,breadth_price_divergence_v1_20120104_20260814,capped_confirmation,index,csi500,中证500,region_or_episode,loose,all,all,37,15,22,0.40540540540540543,140,15,125,82,37,0,0.10714285714285714,1.0,-2.5,2.0
all_a_ma20_breadth_price_divergence_top,top,breadth_price_divergence_v1_20120104_20260814,capped_confirmation,index,csi500,中证500,region_or_episode,loose,all,multi_lobe,13,10,3,0.7692307692307693,69,10,59,34,23,0,0.14492753623188406,1.0,0.25,2.0
all_a_ma20_breadth_price_divergence_top,top,breadth_price_divergence_v1_20120104_20260814,capped_confirmation,index,csi500,中证500,region_or_episode,loose,all,single_lobe,24,5,19,0.20833333333333334,71,5,66,48,14,0,0.07042253521126761,-3.0,-3.0,-3.0
all_a_ma20_breadth_price_divergence_top,top,breadth_price_divergence_v1_20120104_20260814,capped_confirmation,index,csi500,中证500,region_or_episode,loose,confirmation,all,37,8,29,0.21621621621621623,49,8,41,28,11,0,0.16326530612244897,2.0,1.0,2.5
all_a_ma20_breadth_price_divergence_top,top,breadth_price_divergence_v1_20120104_20260814,capped_confirmation,index,csi500,中证500,region_or_episode,loose,confirmation,multi_lobe,13,7,6,0.5384615384615384,33,7,26,16,9,0,0.21212121212121213,2.0,1.0,3.0
all_a_ma20_breadth_price_divergence_top,top,breadth_price_divergence_v1_20120104_20260814,capped_confirmation,index,csi500,中证500,region_or_episode,loose,confirmation,single_lobe,24,1,23,0.041666666666666664,16,1,15,12,2,0,0.0625,2.0,2.0,2.0
all_a_ma20_breadth_price_divergence_top,top,breadth_price_divergence_v1_20120104_20260814,capped_confirmation,index,csi500,中证500,region_or_episode,loose,prediction,all,37,7,30,0.1891891891891892,91,7,84,54,26,0,0.07692307692307693,-3.0,-3.0,-1.5
all_a_ma20_breadth_price_divergence_top,top,breadth_price_divergence_v1_20120104_20260814,capped_confirmation,index,csi500,中证500,region_or_episode,loose,prediction,multi_lobe,13,3,10,0.23076923076923078,36,3,33,18,14,0,0.08333333333333333,-1.0,-1.5,-0.5
all_a_ma20_breadth_price_divergence_top,top,breadth_price_divergence_v1_20120104_20260814,capped_confirmation,index,csi500,中证500,region_or_episode,loose,prediction,single_lobe,24,4,20,0.16666666666666666,55,4,51,36,12,0,0.07272727272727272,-3.0,-3.0,-3.0
all_a_ma20_breadth_price_divergence_top,top,breadth_price_divergence_v1_20120104_20260814,capped_confirmation,index,csi500,中证500,region_or_episode,strict,all,all,37,14,23,0.3783783783783784,140,14,126,82,37,0,0.1,0.5,-2.75,1.75
all_a_ma20_breadth_price_divergence_top,top,breadth_price_divergence_v1_20120104_20260814,capped_confirmation,index,csi500,中证500,region_or_episode,strict,all,multi_lobe,13,9,4,0.6923076923076923,69,9,60,34,23,0,0.13043478260869565,1.0,0.0,2.0
all_a_ma20_breadth_price_divergence_top,top,breadth_price_divergence_v1_20120104_20260814,capped_confirmation,index,csi500,中证500,region_or_episode,strict,all,single_lobe,24,5,19,0.20833333333333334,71,5,66,48,14,0,0.07042253521126761,-3.0,-3.0,-3.0
all_a_ma20_breadth_price_divergence_top,top,breadth_price_divergence_v1_20120104_20260814,capped_confirmation,index,csi500,中证500,region_or_episode,strict,confirmation,all,37,7,30,0.1891891891891892,49,7,42,28,11,0,0.14285714285714285,2.0,1.0,2.0
all_a_ma20_breadth_price_divergence_top,top,breadth_price_divergence_v1_20120104_20260814,capped_confirmation,index,csi500,中证500,region_or_episode,strict,confirmation,multi_lobe,13,6,7,0.46153846153846156,33,6,27,16,9,0,0.18181818181818182,1.5,1.0,2.0
all_a_ma20_breadth_price_divergence_top,top,breadth_price_divergence_v1_20120104_20260814,capped_confirmation,index,csi500,中证500,region_or_episode,strict,confirmation,single_lobe,24,1,23,0.041666666666666664,16,1,15,12,2,0,0.0625,2.0,2.0,2.0
all_a_ma20_breadth_price_divergence_top,top,breadth_price_divergence_v1_20120104_20260814,capped_confirmation,index,csi500,中证500,region_or_episode,strict,prediction,all,37,7,30,0.1891891891891892,91,7,84,54,26,0,0.07692307692307693,-3.0,-3.0,-1.5
all_a_ma20_breadth_price_divergence_top,top,breadth_price_divergence_v1_20120104_20260814,capped_confirmation,index,csi500,中证500,region_or_episode,strict,prediction,multi_lobe,13,3,10,0.23076923076923078,36,3,33,18,14,0,0.08333333333333333,-1.0,-1.5,-0.5
all_a_ma20_breadth_price_divergence_top,top,breadth_price_divergence_v1_20120104_20260814,capped_confirmation,index,csi500,中证500,region_or_episode,strict,prediction,single_lobe,24,4,20,0.16666666666666666,55,4,51,36,12,0,0.07272727272727272,-3.0,-3.0,-3.0
all_a_ma20_breadth_price_divergence_top,top,breadth_price_divergence_v1_20120104_20260814,capped_confirmation,index,csi500,中证500,region_or_episode,window,all,all,37,21,16,0.5675675675675675,140,21,119,82,37,0,0.15,0.0,-3.0,2.0
all_a_ma20_breadth_price_divergence_top,top,breadth_price_divergence_v1_20120104_20260814,capped_confirmation,index,csi500,中证500,region_or_episode,window,all,multi_lobe,13,12,1,0.9230769230769231,69,12,57,34,23,0,0.17391304347826086,1.0,-0.25,2.5
all_a_ma20_breadth_price_divergence_top,top,breadth_price_divergence_v1_20120104_20260814,capped_confirmation,index,csi500,中证500,region_or_episode,window,all,single_lobe,24,9,15,0.375,71,9,62,48,14,0,0.1267605633802817,-3.0,-3.0,-3.0
all_a_ma20_breadth_price_divergence_top,top,breadth_price_divergence_v1_20120104_20260814,capped_confirmation,index,csi500,中证500,region_or_episode,window,confirmation,all,37,10,27,0.2702702702702703,49,10,39,28,11,0,0.20408163265306123,2.0,1.0,3.5
all_a_ma20_breadth_price_divergence_top,top,breadth_price_divergence_v1_20120104_20260814,capped_confirmation,index,csi500,中证500,region_or_episode,window,confirmation,multi_lobe,13,8,5,0.6153846153846154,33,8,25,16,9,0,0.24242424242424243,2.0,1.0,4.5
all_a_ma20_breadth_price_divergence_top,top,breadth_price_divergence_v1_20120104_20260814,capped_confirmation,index,csi500,中证500,region_or_episode,window,confirmation,single_lobe,24,2,22,0.08333333333333333,16,2,14,12,2,0,0.125,1.5,1.25,1.75
all_a_ma20_breadth_price_divergence_top,top,breadth_price_divergence_v1_20120104_20260814,capped_confirmation,index,csi500,中证500,region_or_episode,window,prediction,all,37,11,26,0.2972972972972973,91,11,80,54,26,0,0.12087912087912088,-3.0,-5.0,-2.5
all_a_ma20_breadth_price_divergence_top,top,breadth_price_divergence_v1_20120104_20260814,capped_confirmation,index,csi500,中证500,region_or_episode,window,prediction,multi_lobe,13,4,9,0.3076923076923077,36,4,32,18,14,0,0.1111111111111111,-1.5,-3.25,-0.75
all_a_ma20_breadth_price_divergence_top,top,breadth_price_divergence_v1_20120104_20260814,capped_confirmation,index,csi500,中证500,region_or_episode,window,prediction,single_lobe,24,7,17,0.2916666666666667,55,7,48,36,12,0,0.12727272727272726,-3.0,-5.5,-3.0
all_a_ma20_breadth_price_divergence_top,top,breadth_price_divergence_v1_20120104_20260814,capped_confirmation,index,microcap,微盘股,region_or_episode,loose,all,all,32,12,20,0.375,140,12,128,97,26,0,0.08571428571428572,0.0,-2.25,0.5
all_a_ma20_breadth_price_divergence_top,top,breadth_price_divergence_v1_20120104_20260814,capped_confirmation,index,microcap,微盘股,region_or_episode,loose,all,multi_lobe,16,9,7,0.5625,80,9,71,50,19,0,0.1125,-1.0,-3.0,0.0
all_a_ma20_breadth_price_divergence_top,top,breadth_price_divergence_v1_20120104_20260814,capped_confirmation,index,microcap,微盘股,region_or_episode,loose,all,single_lobe,16,3,13,0.1875,60,3,57,47,7,0,0.05,3.0,1.5,3.5
all_a_ma20_breadth_price_divergence_top,top,breadth_price_divergence_v1_20120104_20260814,capped_confirmation,index,microcap,微盘股,region_or_episode,loose,confirmation,all,32,3,29,0.09375,60,3,57,47,8,0,0.05,3.0,2.5,3.5
all_a_ma20_breadth_price_divergence_top,top,breadth_price_divergence_v1_20120104_20260814,capped_confirmation,index,microcap,微盘股,region_or_episode,loose,confirmation,multi_lobe,16,1,15,0.0625,26,1,25,20,4,0,0.038461538461538464,2.0,2.0,2.0
all_a_ma20_breadth_price_divergence_top,top,breadth_price_divergence_v1_20120104_20260814,capped_confirmation,index,microcap,微盘股,region_or_episode,loose,confirmation,single_lobe,16,2,14,0.125,34,2,32,27,4,0,0.058823529411764705,3.5,3.25,3.75
all_a_ma20_breadth_price_divergence_top,top,breadth_price_divergence_v1_20120104_20260814,capped_confirmation,index,microcap,微盘股,region_or_episode,loose,prediction,all,32,9,23,0.28125,80,9,71,50,18,0,0.1125,-1.0,-3.0,0.0
all_a_ma20_breadth_price_divergence_top,top,breadth_price_divergence_v1_20120104_20260814,capped_confirmation,index,microcap,微盘股,region_or_episode,loose,prediction,multi_lobe,16,8,8,0.5,54,8,46,30,15,0,0.14814814814814814,-1.5,-3.25,0.0
all_a_ma20_breadth_price_divergence_top,top,breadth_price_divergence_v1_20120104_20260814,capped_confirmation,index,microcap,微盘股,region_or_episode,loose,prediction,single_lobe,16,1,15,0.0625,26,1,25,20,3,0,0.038461538461538464,0.0,0.0,0.0
all_a_ma20_breadth_price_divergence_top,top,breadth_price_divergence_v1_20120104_20260814,capped_confirmation,index,microcap,微盘股,region_or_episode,strict,all,all,32,11,21,0.34375,140,11,129,97,26,0,0.07857142857142857,0.0,-1.5,1.0
all_a_ma20_breadth_price_divergence_top,top,breadth_price_divergence_v1_20120104_20260814,capped_confirmation,index,microcap,微盘股,region_or_episode,strict,all,multi_lobe,16,8,8,0.5,80,8,72,50,19,0,0.1,-0.5,-2.25,0.0
all_a_ma20_breadth_price_divergence_top,top,breadth_price_divergence_v1_20120104_20260814,capped_confirmation,index,microcap,微盘股,region_or_episode,strict,all,single_lobe,16,3,13,0.1875,60,3,57,47,7,0,0.05,3.0,1.5,3.5
all_a_ma20_breadth_price_divergence_top,top,breadth_price_divergence_v1_20120104_20260814,capped_confirmation,index,microcap,微盘股,region_or_episode,strict,confirmation,all,32,3,29,0.09375,60,3,57,47,8,0,0.05,3.0,2.5,3.5
all_a_ma20_breadth_price_divergence_top,top,breadth_price_divergence_v1_20120104_20260814,capped_confirmation,index,microcap,微盘股,region_or_episode,strict,confirmation,multi_lobe,16,1,15,0.0625,26,1,25,20,4,0,0.038461538461538464,2.0,2.0,2.0
all_a_ma20_breadth_price_divergence_top,top,breadth_price_divergence_v1_20120104_20260814,capped_confirmation,index,microcap,微盘股,region_or_episode,strict,confirmation,single_lobe,16,2,14,0.125,34,2,32,27,4,0,0.058823529411764705,3.5,3.25,3.75
all_a_ma20_breadth_price_divergence_top,top,breadth_price_divergence_v1_20120104_20260814,capped_confirmation,index,microcap,微盘股,region_or_episode,strict,prediction,all,32,8,24,0.25,80,8,72,50,18,0,0.1,-0.5,-2.25,0.0
all_a_ma20_breadth_price_divergence_top,top,breadth_price_divergence_v1_20120104_20260814,capped_confirmation,index,microcap,微盘股,region_or_episode,strict,prediction,multi_lobe,16,7,9,0.4375,54,7,47,30,15,0,0.12962962962962962,-1.0,-2.5,0.0
all_a_ma20_breadth_price_divergence_top,top,breadth_price_divergence_v1_20120104_20260814,capped_confirmation,index,microcap,微盘股,region_or_episode,strict,prediction,single_lobe,16,1,15,0.0625,26,1,25,20,3,0,0.038461538461538464,0.0,0.0,0.0
all_a_ma20_breadth_price_divergence_top,top,breadth_price_divergence_v1_20120104_20260814,capped_confirmation,index,microcap,微盘股,region_or_episode,window,all,all,32,17,15,0.53125,140,17,123,97,26,0,0.12142857142857143,0.0,-4.0,2.0
all_a_ma20_breadth_price_divergence_top,top,breadth_price_divergence_v1_20120104_20260814,capped_confirmation,index,microcap,微盘股,region_or_episode,window,all,multi_lobe,16,11,5,0.6875,80,11,69,50,19,0,0.1375,-1.0,-3.5,0.0
all_a_ma20_breadth_price_divergence_top,top,breadth_price_divergence_v1_20120104_20260814,capped_confirmation,index,microcap,微盘股,region_or_episode,window,all,single_lobe,16,6,10,0.375,60,6,54,47,7,0,0.1,1.5,-5.25,3.75
all_a_ma20_breadth_price_divergence_top,top,breadth_price_divergence_v1_20120104_20260814,capped_confirmation,index,microcap,微盘股,region_or_episode,window,confirmation,all,32,5,27,0.15625,60,5,55,47,8,0,0.08333333333333333,4.0,3.0,16.0
all_a_ma20_breadth_price_divergence_top,top,breadth_price_divergence_v1_20120104_20260814,capped_confirmation,index,microcap,微盘股,region_or_episode,window,confirmation,multi_lobe,16,2,14,0.125,26,2,24,20,4,0,0.07692307692307693,9.0,5.5,12.5
all_a_ma20_breadth_price_divergence_top,top,breadth_price_divergence_v1_20120104_20260814,capped_confirmation,index,microcap,微盘股,region_or_episode,window,confirmation,single_lobe,16,3,13,0.1875,34,3,31,27,4,0,0.08823529411764706,4.0,3.5,11.0
all_a_ma20_breadth_price_divergence_top,top,breadth_price_divergence_v1_20120104_20260814,capped_confirmation,index,microcap,微盘股,region_or_episode,window,prediction,all,32,12,20,0.375,80,12,68,50,18,0,0.15,-2.5,-5.5,0.0
all_a_ma20_breadth_price_divergence_top,top,breadth_price_divergence_v1_20120104_20260814,capped_confirmation,index,microcap,微盘股,region_or_episode,window,prediction,multi_lobe,16,9,7,0.5625,54,9,45,30,15,0,0.16666666666666666,-2.0,-4.0,0.0
all_a_ma20_breadth_price_divergence_top,top,breadth_price_divergence_v1_20120104_20260814,capped_confirmation,index,microcap,微盘股,region_or_episode,window,prediction,single_lobe,16,3,13,0.1875,26,3,23,20,3,0,0.11538461538461539,-7.0,-13.0,-3.5
all_a_ma20_breadth_price_divergence_top,top,breadth_price_divergence_v1_20120104_20260814,capped_confirmation,index,sse_composite,上证指数,region_or_episode,loose,all,all,47,16,31,0.3404255319148936,140,16,124,79,37,0,0.11428571428571428,0.0,-3.25,1.25
all_a_ma20_breadth_price_divergence_top,top,breadth_price_divergence_v1_20120104_20260814,capped_confirmation,index,sse_composite,上证指数,region_or_episode,loose,all,multi_lobe,21,7,14,0.3333333333333333,54,7,47,32,14,0,0.12962962962962962,0.0,-2.5,1.0
all_a_ma20_breadth_price_divergence_top,top,breadth_price_divergence_v1_20120104_20260814,capped_confirmation,index,sse_composite,上证指数,region_or_episode,loose,all,single_lobe,26,9,17,0.34615384615384615,86,9,77,47,23,0,0.10465116279069768,0.0,-3.0,2.0
all_a_ma20_breadth_price_divergence_top,top,breadth_price_divergence_v1_20120104_20260814,capped_confirmation,index,sse_composite,上证指数,region_or_episode,loose,confirmation,all,47,7,40,0.14893617021276595,52,7,45,27,17,0,0.1346153846153846,2.0,1.0,2.5
all_a_ma20_breadth_price_divergence_top,top,breadth_price_divergence_v1_20120104_20260814,capped_confirmation,index,sse_composite,上证指数,region_or_episode,loose,confirmation,multi_lobe,21,3,18,0.14285714285714285,27,3,24,18,6,0,0.1111111111111111,1.0,1.0,2.5
all_a_ma20_breadth_price_divergence_top,top,breadth_price_divergence_v1_20120104_20260814,capped_confirmation,index,sse_composite,上证指数,region_or_episode,loose,confirmation,single_lobe,26,4,22,0.15384615384615385,25,4,21,9,11,0,0.16,2.0,1.75,2.25
all_a_ma20_breadth_price_divergence_top,top,breadth_price_divergence_v1_20120104_20260814,capped_confirmation,index,sse_composite,上证指数,region_or_episode,loose,prediction,all,47,9,38,0.19148936170212766,88,9,79,52,20,0,0.10227272727272728,-3.0,-4.0,-1.0
all_a_ma20_breadth_price_divergence_top,top,breadth_price_divergence_v1_20120104_20260814,capped_confirmation,index,sse_composite,上证指数,region_or_episode,loose,prediction,multi_lobe,21,4,17,0.19047619047619047,27,4,23,14,8,0,0.14814814814814814,-2.5,-4.25,-0.75
all_a_ma20_breadth_price_divergence_top,top,breadth_price_divergence_v1_20120104_20260814,capped_confirmation,index,sse_composite,上证指数,region_or_episode,loose,prediction,single_lobe,26,5,21,0.19230769230769232,61,5,56,38,12,0,0.08196721311475409,-3.0,-4.0,-2.0
all_a_ma20_breadth_price_divergence_top,top,breadth_price_divergence_v1_20120104_20260814,capped_confirmation,index,sse_composite,上证指数,region_or_episode,strict,all,all,47,15,32,0.3191489361702128,140,15,125,79,37,0,0.10714285714285714,0.0,-3.5,1.5
all_a_ma20_breadth_price_divergence_top,top,breadth_price_divergence_v1_20120104_20260814,capped_confirmation,index,sse_composite,上证指数,region_or_episode,strict,all,multi_lobe,21,6,15,0.2857142857142857,54,6,48,32,14,0,0.1111111111111111,0.5,-3.0,1.0
all_a_ma20_breadth_price_divergence_top,top,breadth_price_divergence_v1_20120104_20260814,capped_confirmation,index,sse_composite,上证指数,region_or_episode,strict,all,single_lobe,26,9,17,0.34615384615384615,86,9,77,47,23,0,0.10465116279069768,0.0,-3.0,2.0
all_a_ma20_breadth_price_divergence_top,top,breadth_price_divergence_v1_20120104_20260814,capped_confirmation,index,sse_composite,上证指数,region_or_episode,strict,confirmation,all,47,7,40,0.14893617021276595,52,7,45,27,17,0,0.1346153846153846,2.0,1.0,2.5
all_a_ma20_breadth_price_divergence_top,top,breadth_price_divergence_v1_20120104_20260814,capped_confirmation,index,sse_composite,上证指数,region_or_episode,strict,confirmation,multi_lobe,21,3,18,0.14285714285714285,27,3,24,18,6,0,0.1111111111111111,1.0,1.0,2.5
all_a_ma20_breadth_price_divergence_top,top,breadth_price_divergence_v1_20120104_20260814,capped_confirmation,index,sse_composite,上证指数,region_or_episode,strict,confirmation,single_lobe,26,4,22,0.15384615384615385,25,4,21,9,11,0,0.16,2.0,1.75,2.25
all_a_ma20_breadth_price_divergence_top,top,breadth_price_divergence_v1_20120104_20260814,capped_confirmation,index,sse_composite,上证指数,region_or_episode,strict,prediction,all,47,8,39,0.1702127659574468,88,8,80,52,20,0,0.09090909090909091,-3.5,-4.0,-1.5
all_a_ma20_breadth_price_divergence_top,top,breadth_price_divergence_v1_20120104_20260814,capped_confirmation,index,sse_composite,上证指数,region_or_episode,strict,prediction,multi_lobe,21,3,18,0.14285714285714285,27,3,24,14,8,0,0.1111111111111111,-4.0,-4.5,-2.0
all_a_ma20_breadth_price_divergence_top,top,breadth_price_divergence_v1_20120104_20260814,capped_confirmation,index,sse_composite,上证指数,region_or_episode,strict,prediction,single_lobe,26,5,21,0.19230769230769232,61,5,56,38,12,0,0.08196721311475409,-3.0,-4.0,-2.0
all_a_ma20_breadth_price_divergence_top,top,breadth_price_divergence_v1_20120104_20260814,capped_confirmation,index,sse_composite,上证指数,region_or_episode,window,all,all,47,24,23,0.5106382978723404,140,24,116,79,37,0,0.17142857142857143,-1.0,-4.25,1.0
all_a_ma20_breadth_price_divergence_top,top,breadth_price_divergence_v1_20120104_20260814,capped_confirmation,index,sse_composite,上证指数,region_or_episode,window,all,multi_lobe,21,8,13,0.38095238095238093,54,8,46,32,14,0,0.14814814814814814,-0.5,-4.25,1.0
all_a_ma20_breadth_price_divergence_top,top,breadth_price_divergence_v1_20120104_20260814,capped_confirmation,index,sse_composite,上证指数,region_or_episode,window,all,single_lobe,26,16,10,0.6153846153846154,86,16,70,47,23,0,0.18604651162790697,-1.5,-5.0,1.25
all_a_ma20_breadth_price_divergence_top,top,breadth_price_divergence_v1_20120104_20260814,capped_confirmation,index,sse_composite,上证指数,region_or_episode,window,confirmation,all,47,8,39,0.1702127659574468,52,8,44,27,17,0,0.15384615384615385,2.0,1.0,3.25
all_a_ma20_breadth_price_divergence_top,top,breadth_price_divergence_v1_20120104_20260814,capped_confirmation,index,sse_composite,上证指数,region_or_episode,window,confirmation,multi_lobe,21,3,18,0.14285714285714285,27,3,24,18,6,0,0.1111111111111111,1.0,1.0,2.5
all_a_ma20_breadth_price_divergence_top,top,breadth_price_divergence_v1_20120104_20260814,capped_confirmation,index,sse_composite,上证指数,region_or_episode,window,confirmation,single_lobe,26,5,21,0.19230769230769232,25,5,20,9,11,0,0.2,2.0,2.0,3.0
all_a_ma20_breadth_price_divergence_top,top,breadth_price_divergence_v1_20120104_20260814,capped_confirmation,index,sse_composite,上证指数,region_or_episode,window,prediction,all,47,16,31,0.3404255319148936,88,16,72,52,20,0,0.18181818181818182,-4.0,-7.25,-1.0
all_a_ma20_breadth_price_divergence_top,top,breadth_price_divergence_v1_20120104_20260814,capped_confirmation,index,sse_composite,上证指数,region_or_episode,window,prediction,multi_lobe,21,5,16,0.23809523809523808,27,5,22,14,8,0,0.18518518518518517,-4.0,-5.0,-1.0
all_a_ma20_breadth_price_divergence_top,top,breadth_price_divergence_v1_20120104_20260814,capped_confirmation,index,sse_composite,上证指数,region_or_episode,window,prediction,single_lobe,26,11,15,0.4230769230769231,61,11,50,38,12,0,0.18032786885245902,-4.0,-8.5,-1.5
all_a_ma20_breadth_price_divergence_top,top,breadth_price_divergence_v1_20120104_20260814,onset,all_indices,__all__,全部指数（指数-事件对）,index_region_or_index_episode_pair,loose,all,all,255,101,154,0.396078431372549,980,101,879,599,243,0,0.10306122448979592,-1.0,-3.0,1.0
all_a_ma20_breadth_price_divergence_top,top,breadth_price_divergence_v1_20120104_20260814,onset,all_indices,__all__,全部指数（指数-事件对）,index_region_or_index_episode_pair,loose,all,multi_lobe,109,66,43,0.6055045871559633,510,66,444,285,150,0,0.12941176470588237,-0.5,-3.0,1.0
all_a_ma20_breadth_price_divergence_top,top,breadth_price_divergence_v1_20120104_20260814,onset,all_indices,__all__,全部指数（指数-事件对）,index_region_or_index_episode_pair,loose,all,single_lobe,146,35,111,0.23972602739726026,470,35,435,314,93,0,0.07446808510638298,-1.0,-3.5,1.0
all_a_ma20_breadth_price_divergence_top,top,breadth_price_divergence_v1_20120104_20260814,onset,all_indices,__all__,全部指数（指数-事件对）,index_region_or_index_episode_pair,loose,confirmation,all,255,37,218,0.1450980392156863,377,37,340,233,91,0,0.09814323607427056,2.0,1.0,3.0
all_a_ma20_breadth_price_divergence_top,top,breadth_price_divergence_v1_20120104_20260814,onset,all_indices,__all__,全部指数（指数-事件对）,index_region_or_index_episode_pair,loose,confirmation,multi_lobe,109,23,86,0.21100917431192662,225,23,202,140,54,0,0.10222222222222223,3.0,1.0,5.0
all_a_ma20_breadth_price_divergence_top,top,breadth_price_divergence_v1_20120104_20260814,onset,all_indices,__all__,全部指数（指数-事件对）,index_region_or_index_episode_pair,loose,confirmation,single_lobe,146,14,132,0.0958904109589041,152,14,138,93,37,0,0.09210526315789473,1.0,1.0,2.0
all_a_ma20_breadth_price_divergence_top,top,breadth_price_divergence_v1_20120104_20260814,onset,all_indices,__all__,全部指数（指数-事件对）,index_region_or_index_episode_pair,loose,prediction,all,255,64,191,0.25098039215686274,603,64,539,366,152,0,0.10613598673300166,-2.0,-4.0,-1.0
all_a_ma20_breadth_price_divergence_top,top,breadth_price_divergence_v1_20120104_20260814,onset,all_indices,__all__,全部指数（指数-事件对）,index_region_or_index_episode_pair,loose,prediction,multi_lobe,109,43,66,0.3944954128440367,285,43,242,145,96,0,0.15087719298245614,-2.0,-3.5,-1.0
all_a_ma20_breadth_price_divergence_top,top,breadth_price_divergence_v1_20120104_20260814,onset,all_indices,__all__,全部指数（指数-事件对）,index_region_or_index_episode_pair,loose,prediction,single_lobe,146,21,125,0.14383561643835616,318,21,297,221,56,0,0.0660377358490566,-3.0,-4.0,-1.0
all_a_ma20_breadth_price_divergence_top,top,breadth_price_divergence_v1_20120104_20260814,onset,all_indices,__all__,全部指数（指数-事件对）,index_region_or_index_episode_pair,strict,all,all,255,95,160,0.37254901960784315,980,95,885,599,243,0,0.09693877551020408,-1.0,-3.0,1.0
all_a_ma20_breadth_price_divergence_top,top,breadth_price_divergence_v1_20120104_20260814,onset,all_indices,__all__,全部指数（指数-事件对）,index_region_or_index_episode_pair,strict,all,multi_lobe,109,60,49,0.5504587155963303,510,60,450,285,150,0,0.11764705882352941,-1.0,-3.0,1.0
all_a_ma20_breadth_price_divergence_top,top,breadth_price_divergence_v1_20120104_20260814,onset,all_indices,__all__,全部指数（指数-事件对）,index_region_or_index_episode_pair,strict,all,single_lobe,146,35,111,0.23972602739726026,470,35,435,314,93,0,0.07446808510638298,-1.0,-3.5,1.0
all_a_ma20_breadth_price_divergence_top,top,breadth_price_divergence_v1_20120104_20260814,onset,all_indices,__all__,全部指数（指数-事件对）,index_region_or_index_episode_pair,strict,confirmation,all,255,33,222,0.12941176470588237,377,33,344,233,91,0,0.08753315649867374,1.0,1.0,3.0
all_a_ma20_breadth_price_divergence_top,top,breadth_price_divergence_v1_20120104_20260814,onset,all_indices,__all__,全部指数（指数-事件对）,index_region_or_index_episode_pair,strict,confirmation,multi_lobe,109,19,90,0.1743119266055046,225,19,206,140,54,0,0.08444444444444445,1.0,1.0,3.5
all_a_ma20_breadth_price_divergence_top,top,breadth_price_divergence_v1_20120104_20260814,onset,all_indices,__all__,全部指数（指数-事件对）,index_region_or_index_episode_pair,strict,confirmation,single_lobe,146,14,132,0.0958904109589041,152,14,138,93,37,0,0.09210526315789473,1.0,1.0,2.0
all_a_ma20_breadth_price_divergence_top,top,breadth_price_divergence_v1_20120104_20260814,onset,all_indices,__all__,全部指数（指数-事件对）,index_region_or_index_episode_pair,strict,prediction,all,255,62,193,0.24313725490196078,603,62,541,366,152,0,0.10281923714759536,-2.0,-4.0,-1.0
all_a_ma20_breadth_price_divergence_top,top,breadth_price_divergence_v1_20120104_20260814,onset,all_indices,__all__,全部指数（指数-事件对）,index_region_or_index_episode_pair,strict,prediction,multi_lobe,109,41,68,0.3761467889908257,285,41,244,145,96,0,0.14385964912280702,-2.0,-3.0,-1.0
all_a_ma20_breadth_price_divergence_top,top,breadth_price_divergence_v1_20120104_20260814,onset,all_indices,__all__,全部指数（指数-事件对）,index_region_or_index_episode_pair,strict,prediction,single_lobe,146,21,125,0.14383561643835616,318,21,297,221,56,0,0.0660377358490566,-3.0,-4.0,-1.0
all_a_ma20_breadth_price_divergence_top,top,breadth_price_divergence_v1_20120104_20260814,onset,all_indices,__all__,全部指数（指数-事件对）,index_region_or_index_episode_pair,window,all,all,255,138,117,0.5411764705882353,980,138,842,599,243,0,0.14081632653061224,-1.0,-4.0,1.0
all_a_ma20_breadth_price_divergence_top,top,breadth_price_divergence_v1_20120104_20260814,onset,all_indices,__all__,全部指数（指数-事件对）,index_region_or_index_episode_pair,window,all,multi_lobe,109,75,34,0.6880733944954128,510,75,435,285,150,0,0.14705882352941177,0.0,-2.5,3.0
all_a_ma20_breadth_price_divergence_top,top,breadth_price_divergence_v1_20120104_20260814,onset,all_indices,__all__,全部指数（指数-事件对）,index_region_or_index_episode_pair,window,all,single_lobe,146,63,83,0.4315068493150685,470,63,407,314,93,0,0.13404255319148936,-2.0,-5.0,1.0
all_a_ma20_breadth_price_divergence_top,top,breadth_price_divergence_v1_20120104_20260814,onset,all_indices,__all__,全部指数（指数-事件对）,index_region_or_index_episode_pair,window,confirmation,all,255,53,202,0.20784313725490197,377,53,324,233,91,0,0.14058355437665782,3.0,1.0,7.0
all_a_ma20_breadth_price_divergence_top,top,breadth_price_divergence_v1_20120104_20260814,onset,all_indices,__all__,全部指数（指数-事件对）,index_region_or_index_episode_pair,window,confirmation,multi_lobe,109,31,78,0.28440366972477066,225,31,194,140,54,0,0.13777777777777778,4.0,1.0,7.0
all_a_ma20_breadth_price_divergence_top,top,breadth_price_divergence_v1_20120104_20260814,onset,all_indices,__all__,全部指数（指数-事件对）,index_region_or_index_episode_pair,window,confirmation,single_lobe,146,22,124,0.1506849315068493,152,22,130,93,37,0,0.14473684210526316,2.0,1.0,3.75
all_a_ma20_breadth_price_divergence_top,top,breadth_price_divergence_v1_20120104_20260814,onset,all_indices,__all__,全部指数（指数-事件对）,index_region_or_index_episode_pair,window,prediction,all,255,85,170,0.3333333333333333,603,85,518,366,152,0,0.14096185737976782,-3.0,-5.0,-1.0
all_a_ma20_breadth_price_divergence_top,top,breadth_price_divergence_v1_20120104_20260814,onset,all_indices,__all__,全部指数（指数-事件对）,index_region_or_index_episode_pair,window,prediction,multi_lobe,109,44,65,0.4036697247706422,285,44,241,145,96,0,0.1543859649122807,-2.0,-4.0,-1.0
all_a_ma20_breadth_price_divergence_top,top,breadth_price_divergence_v1_20120104_20260814,onset,all_indices,__all__,全部指数（指数-事件对）,index_region_or_index_episode_pair,window,prediction,single_lobe,146,41,105,0.2808219178082192,318,41,277,221,56,0,0.1289308176100629,-4.0,-9.0,-2.0
all_a_ma20_breadth_price_divergence_top,top,breadth_price_divergence_v1_20120104_20260814,onset,index,all_a,全A,region_or_episode,loose,all,all,36,16,20,0.4444444444444444,140,16,124,84,36,0,0.11428571428571428,0.5,-3.0,3.25
all_a_ma20_breadth_price_divergence_top,top,breadth_price_divergence_v1_20120104_20260814,onset,index,all_a,全A,region_or_episode,loose,all,multi_lobe,19,12,7,0.631578947368421,81,12,69,40,27,0,0.14814814814814814,1.0,-0.5,4.0
all_a_ma20_breadth_price_divergence_top,top,breadth_price_divergence_v1_20120104_20260814,onset,index,all_a,全A,region_or_episode,loose,all,single_lobe,17,4,13,0.23529411764705882,59,4,55,44,9,0,0.06779661016949153,-3.5,-4.25,-1.75
all_a_ma20_breadth_price_divergence_top,top,breadth_price_divergence_v1_20120104_20260814,onset,index,all_a,全A,region_or_episode,loose,confirmation,all,36,8,28,0.2222222222222222,55,8,47,33,12,0,0.14545454545454545,3.5,1.75,4.5
all_a_ma20_breadth_price_divergence_top,top,breadth_price_divergence_v1_20120104_20260814,onset,index,all_a,全A,region_or_episode,loose,confirmation,multi_lobe,19,7,12,0.3684210526315789,38,7,31,19,10,0,0.18421052631578946,4.0,2.0,5.0
all_a_ma20_breadth_price_divergence_top,top,breadth_price_divergence_v1_20120104_20260814,onset,index,all_a,全A,region_or_episode,loose,confirmation,single_lobe,17,1,16,0.058823529411764705,17,1,16,14,2,0,0.058823529411764705,2.0,2.0,2.0
all_a_ma20_breadth_price_divergence_top,top,breadth_price_divergence_v1_20120104_20260814,onset,index,all_a,全A,region_or_episode,loose,prediction,all,36,8,28,0.2222222222222222,85,8,77,51,24,0,0.09411764705882353,-3.0,-3.25,-1.5
all_a_ma20_breadth_price_divergence_top,top,breadth_price_divergence_v1_20120104_20260814,onset,index,all_a,全A,region_or_episode,loose,prediction,multi_lobe,19,5,14,0.2631578947368421,43,5,38,21,17,0,0.11627906976744186,-2.0,-3.0,0.0
all_a_ma20_breadth_price_divergence_top,top,breadth_price_divergence_v1_20120104_20260814,onset,index,all_a,全A,region_or_episode,loose,prediction,single_lobe,17,3,14,0.17647058823529413,42,3,39,30,7,0,0.07142857142857142,-4.0,-4.5,-3.5
all_a_ma20_breadth_price_divergence_top,top,breadth_price_divergence_v1_20120104_20260814,onset,index,all_a,全A,region_or_episode,strict,all,all,36,15,21,0.4166666666666667,140,15,125,84,36,0,0.10714285714285714,0.0,-3.0,2.5
all_a_ma20_breadth_price_divergence_top,top,breadth_price_divergence_v1_20120104_20260814,onset,index,all_a,全A,region_or_episode,strict,all,multi_lobe,19,11,8,0.5789473684210527,81,11,70,40,27,0,0.13580246913580246,1.0,-1.0,3.5
all_a_ma20_breadth_price_divergence_top,top,breadth_price_divergence_v1_20120104_20260814,onset,index,all_a,全A,region_or_episode,strict,all,single_lobe,17,4,13,0.23529411764705882,59,4,55,44,9,0,0.06779661016949153,-3.5,-4.25,-1.75
all_a_ma20_breadth_price_divergence_top,top,breadth_price_divergence_v1_20120104_20260814,onset,index,all_a,全A,region_or_episode,strict,confirmation,all,36,7,29,0.19444444444444445,55,7,48,33,12,0,0.12727272727272726,3.0,1.5,4.0
all_a_ma20_breadth_price_divergence_top,top,breadth_price_divergence_v1_20120104_20260814,onset,index,all_a,全A,region_or_episode,strict,confirmation,multi_lobe,19,6,13,0.3157894736842105,38,6,32,19,10,0,0.15789473684210525,3.5,1.5,4.0
all_a_ma20_breadth_price_divergence_top,top,breadth_price_divergence_v1_20120104_20260814,onset,index,all_a,全A,region_or_episode,strict,confirmation,single_lobe,17,1,16,0.058823529411764705,17,1,16,14,2,0,0.058823529411764705,2.0,2.0,2.0
all_a_ma20_breadth_price_divergence_top,top,breadth_price_divergence_v1_20120104_20260814,onset,index,all_a,全A,region_or_episode,strict,prediction,all,36,8,28,0.2222222222222222,85,8,77,51,24,0,0.09411764705882353,-3.0,-3.25,-1.5
all_a_ma20_breadth_price_divergence_top,top,breadth_price_divergence_v1_20120104_20260814,onset,index,all_a,全A,region_or_episode,strict,prediction,multi_lobe,19,5,14,0.2631578947368421,43,5,38,21,17,0,0.11627906976744186,-2.0,-3.0,0.0
all_a_ma20_breadth_price_divergence_top,top,breadth_price_divergence_v1_20120104_20260814,onset,index,all_a,全A,region_or_episode,strict,prediction,single_lobe,17,3,14,0.17647058823529413,42,3,39,30,7,0,0.07142857142857142,-4.0,-4.5,-3.5
all_a_ma20_breadth_price_divergence_top,top,breadth_price_divergence_v1_20120104_20260814,onset,index,all_a,全A,region_or_episode,window,all,all,36,20,16,0.5555555555555556,140,20,120,84,36,0,0.14285714285714285,0.5,-3.0,4.0
all_a_ma20_breadth_price_divergence_top,top,breadth_price_divergence_v1_20120104_20260814,onset,index,all_a,全A,region_or_episode,window,all,multi_lobe,19,14,5,0.7368421052631579,81,14,67,40,27,0,0.1728395061728395,2.0,0.0,5.5
all_a_ma20_breadth_price_divergence_top,top,breadth_price_divergence_v1_20120104_20260814,onset,index,all_a,全A,region_or_episode,window,all,single_lobe,17,6,11,0.35294117647058826,59,6,53,44,9,0,0.1016949152542373,-3.5,-4.75,-2.25
all_a_ma20_breadth_price_divergence_top,top,breadth_price_divergence_v1_20120104_20260814,onset,index,all_a,全A,region_or_episode,window,confirmation,all,36,10,26,0.2777777777777778,55,10,45,33,12,0,0.18181818181818182,4.0,2.25,6.75
all_a_ma20_breadth_price_divergence_top,top,breadth_price_divergence_v1_20120104_20260814,onset,index,all_a,全A,region_or_episode,window,confirmation,multi_lobe,19,9,10,0.47368421052631576,38,9,29,19,10,0,0.23684210526315788,4.0,3.0,7.0
all_a_ma20_breadth_price_divergence_top,top,breadth_price_divergence_v1_20120104_20260814,onset,index,all_a,全A,region_or_episode,window,confirmation,single_lobe,17,1,16,0.058823529411764705,17,1,16,14,2,0,0.058823529411764705,2.0,2.0,2.0
all_a_ma20_breadth_price_divergence_top,top,breadth_price_divergence_v1_20120104_20260814,onset,index,all_a,全A,region_or_episode,window,prediction,all,36,10,26,0.2777777777777778,85,10,75,51,24,0,0.11764705882352941,-3.0,-3.75,-2.0
all_a_ma20_breadth_price_divergence_top,top,breadth_price_divergence_v1_20120104_20260814,onset,index,all_a,全A,region_or_episode,window,prediction,multi_lobe,19,5,14,0.2631578947368421,43,5,38,21,17,0,0.11627906976744186,-2.0,-3.0,0.0
all_a_ma20_breadth_price_divergence_top,top,breadth_price_divergence_v1_20120104_20260814,onset,index,all_a,全A,region_or_episode,window,prediction,single_lobe,17,5,12,0.29411764705882354,42,5,37,30,7,0,0.11904761904761904,-4.0,-5.0,-3.0
all_a_ma20_breadth_price_divergence_top,top,breadth_price_divergence_v1_20120104_20260814,onset,index,cni2000,国证2000,region_or_episode,loose,all,all,31,15,16,0.4838709677419355,140,15,125,88,36,0,0.10714285714285714,0.0,-2.0,1.0
all_a_ma20_breadth_price_divergence_top,top,breadth_price_divergence_v1_20120104_20260814,onset,index,cni2000,国证2000,region_or_episode,loose,all,multi_lobe,14,11,3,0.7857142857142857,85,11,74,45,28,0,0.12941176470588237,-1.0,-2.5,1.0
all_a_ma20_breadth_price_divergence_top,top,breadth_price_divergence_v1_20120104_20260814,onset,index,cni2000,国证2000,region_or_episode,loose,all,single_lobe,17,4,13,0.23529411764705882,55,4,51,43,8,0,0.07272727272727272,1.0,0.25,1.25
all_a_ma20_breadth_price_divergence_top,top,breadth_price_divergence_v1_20120104_20260814,onset,index,cni2000,国证2000,region_or_episode,loose,confirmation,all,31,7,24,0.22580645161290322,51,7,44,32,11,0,0.13725490196078433,1.0,1.0,1.5
all_a_ma20_breadth_price_divergence_top,top,breadth_price_divergence_v1_20120104_20260814,onset,index,cni2000,国证2000,region_or_episode,loose,confirmation,multi_lobe,14,4,10,0.2857142857142857,32,4,28,20,7,0,0.125,1.0,1.0,2.5
all_a_ma20_breadth_price_divergence_top,top,breadth_price_divergence_v1_20120104_20260814,onset,index,cni2000,国证2000,region_or_episode,loose,confirmation,single_lobe,17,3,14,0.17647058823529413,19,3,16,12,4,0,0.15789473684210525,1.0,1.0,1.5
all_a_ma20_breadth_price_divergence_top,top,breadth_price_divergence_v1_20120104_20260814,onset,index,cni2000,国证2000,region_or_episode,loose,prediction,all,31,8,23,0.25806451612903225,89,8,81,56,25,0,0.0898876404494382,-2.0,-3.25,-1.0
all_a_ma20_breadth_price_divergence_top,top,breadth_price_divergence_v1_20120104_20260814,onset,index,cni2000,国证2000,region_or_episode,loose,prediction,multi_lobe,14,7,7,0.5,53,7,46,25,21,0,0.1320754716981132,-2.0,-3.5,-1.0
all_a_ma20_breadth_price_divergence_top,top,breadth_price_divergence_v1_20120104_20260814,onset,index,cni2000,国证2000,region_or_episode,loose,prediction,single_lobe,17,1,16,0.058823529411764705,36,1,35,31,4,0,0.027777777777777776,-2.0,-2.0,-2.0
all_a_ma20_breadth_price_divergence_top,top,breadth_price_divergence_v1_20120104_20260814,onset,index,cni2000,国证2000,region_or_episode,strict,all,all,31,14,17,0.45161290322580644,140,14,126,88,36,0,0.1,-0.5,-2.0,1.0
all_a_ma20_breadth_price_divergence_top,top,breadth_price_divergence_v1_20120104_20260814,onset,index,cni2000,国证2000,region_or_episode,strict,all,multi_lobe,14,10,4,0.7142857142857143,85,10,75,45,28,0,0.11764705882352941,-1.0,-2.75,0.75
all_a_ma20_breadth_price_divergence_top,top,breadth_price_divergence_v1_20120104_20260814,onset,index,cni2000,国证2000,region_or_episode,strict,all,single_lobe,17,4,13,0.23529411764705882,55,4,51,43,8,0,0.07272727272727272,1.0,0.25,1.25
all_a_ma20_breadth_price_divergence_top,top,breadth_price_divergence_v1_20120104_20260814,onset,index,cni2000,国证2000,region_or_episode,strict,confirmation,all,31,6,25,0.1935483870967742,51,6,45,32,11,0,0.11764705882352941,1.0,1.0,1.0
all_a_ma20_breadth_price_divergence_top,top,breadth_price_divergence_v1_20120104_20260814,onset,index,cni2000,国证2000,region_or_episode,strict,confirmation,multi_lobe,14,3,11,0.21428571428571427,32,3,29,20,7,0,0.09375,1.0,1.0,1.0
all_a_ma20_breadth_price_divergence_top,top,breadth_price_divergence_v1_20120104_20260814,onset,index,cni2000,国证2000,region_or_episode,strict,confirmation,single_lobe,17,3,14,0.17647058823529413,19,3,16,12,4,0,0.15789473684210525,1.0,1.0,1.5
all_a_ma20_breadth_price_divergence_top,top,breadth_price_divergence_v1_20120104_20260814,onset,index,cni2000,国证2000,region_or_episode,strict,prediction,all,31,8,23,0.25806451612903225,89,8,81,56,25,0,0.0898876404494382,-2.0,-3.25,-1.0
all_a_ma20_breadth_price_divergence_top,top,breadth_price_divergence_v1_20120104_20260814,onset,index,cni2000,国证2000,region_or_episode,strict,prediction,multi_lobe,14,7,7,0.5,53,7,46,25,21,0,0.1320754716981132,-2.0,-3.5,-1.0
all_a_ma20_breadth_price_divergence_top,top,breadth_price_divergence_v1_20120104_20260814,onset,index,cni2000,国证2000,region_or_episode,strict,prediction,single_lobe,17,1,16,0.058823529411764705,36,1,35,31,4,0,0.027777777777777776,-2.0,-2.0,-2.0
all_a_ma20_breadth_price_divergence_top,top,breadth_price_divergence_v1_20120104_20260814,onset,index,cni2000,国证2000,region_or_episode,window,all,all,31,16,15,0.5161290322580645,140,16,124,88,36,0,0.11428571428571428,0.5,-2.0,1.0
all_a_ma20_breadth_price_divergence_top,top,breadth_price_divergence_v1_20120104_20260814,onset,index,cni2000,国证2000,region_or_episode,window,all,multi_lobe,14,12,2,0.8571428571428571,85,12,73,45,28,0,0.1411764705882353,-0.5,-2.25,1.0
all_a_ma20_breadth_price_divergence_top,top,breadth_price_divergence_v1_20120104_20260814,onset,index,cni2000,国证2000,region_or_episode,window,all,single_lobe,17,4,13,0.23529411764705882,55,4,51,43,8,0,0.07272727272727272,1.0,0.25,1.25
all_a_ma20_breadth_price_divergence_top,top,breadth_price_divergence_v1_20120104_20260814,onset,index,cni2000,国证2000,region_or_episode,window,confirmation,all,31,8,23,0.25806451612903225,51,8,43,32,11,0,0.1568627450980392,1.0,1.0,3.25
all_a_ma20_breadth_price_divergence_top,top,breadth_price_divergence_v1_20120104_20260814,onset,index,cni2000,国证2000,region_or_episode,window,confirmation,multi_lobe,14,5,9,0.35714285714285715,32,5,27,20,7,0,0.15625,1.0,1.0,7.0
all_a_ma20_breadth_price_divergence_top,top,breadth_price_divergence_v1_20120104_20260814,onset,index,cni2000,国证2000,region_or_episode,window,confirmation,single_lobe,17,3,14,0.17647058823529413,19,3,16,12,4,0,0.15789473684210525,1.0,1.0,1.5
all_a_ma20_breadth_price_divergence_top,top,breadth_price_divergence_v1_20120104_20260814,onset,index,cni2000,国证2000,region_or_episode,window,prediction,all,31,8,23,0.25806451612903225,89,8,81,56,25,0,0.0898876404494382,-2.0,-3.25,-1.0
all_a_ma20_breadth_price_divergence_top,top,breadth_price_divergence_v1_20120104_20260814,onset,index,cni2000,国证2000,region_or_episode,window,prediction,multi_lobe,14,7,7,0.5,53,7,46,25,21,0,0.1320754716981132,-2.0,-3.5,-1.0
all_a_ma20_breadth_price_divergence_top,top,breadth_price_divergence_v1_20120104_20260814,onset,index,cni2000,国证2000,region_or_episode,window,prediction,single_lobe,17,1,16,0.058823529411764705,36,1,35,31,4,0,0.027777777777777776,-2.0,-2.0,-2.0
all_a_ma20_breadth_price_divergence_top,top,breadth_price_divergence_v1_20120104_20260814,onset,index,csi1000,中证1000,region_or_episode,loose,all,all,33,15,18,0.45454545454545453,140,15,125,88,33,0,0.10714285714285714,0.0,-2.5,1.0
all_a_ma20_breadth_price_divergence_top,top,breadth_price_divergence_v1_20120104_20260814,onset,index,csi1000,中证1000,region_or_episode,loose,all,multi_lobe,13,11,2,0.8461538461538461,84,11,73,45,27,0,0.13095238095238096,0.0,-3.0,1.0
all_a_ma20_breadth_price_divergence_top,top,breadth_price_divergence_v1_20120104_20260814,onset,index,csi1000,中证1000,region_or_episode,loose,all,single_lobe,20,4,16,0.2,56,4,52,43,6,0,0.07142857142857142,-0.5,-2.0,1.0
all_a_ma20_breadth_price_divergence_top,top,breadth_price_divergence_v1_20120104_20260814,onset,index,csi1000,中证1000,region_or_episode,loose,confirmation,all,33,6,27,0.18181818181818182,60,6,54,36,16,0,0.1,1.0,1.0,4.0
all_a_ma20_breadth_price_divergence_top,top,breadth_price_divergence_v1_20120104_20260814,onset,index,csi1000,中证1000,region_or_episode,loose,confirmation,multi_lobe,13,4,9,0.3076923076923077,41,4,37,23,13,0,0.0975609756097561,3.0,1.0,5.5
all_a_ma20_breadth_price_divergence_top,top,breadth_price_divergence_v1_20120104_20260814,onset,index,csi1000,中证1000,region_or_episode,loose,confirmation,single_lobe,20,2,18,0.1,19,2,17,13,3,0,0.10526315789473684,1.0,1.0,1.0
all_a_ma20_breadth_price_divergence_top,top,breadth_price_divergence_v1_20120104_20260814,onset,index,csi1000,中证1000,region_or_episode,loose,prediction,all,33,9,24,0.2727272727272727,80,9,71,52,17,0,0.1125,-2.0,-3.0,-1.0
all_a_ma20_breadth_price_divergence_top,top,breadth_price_divergence_v1_20120104_20260814,onset,index,csi1000,中证1000,region_or_episode,loose,prediction,multi_lobe,13,7,6,0.5384615384615384,43,7,36,22,14,0,0.16279069767441862,-3.0,-3.5,-0.5
all_a_ma20_breadth_price_divergence_top,top,breadth_price_divergence_v1_20120104_20260814,onset,index,csi1000,中证1000,region_or_episode,loose,prediction,single_lobe,20,2,18,0.1,37,2,35,30,3,0,0.05405405405405406,-2.0,-2.0,-2.0
all_a_ma20_breadth_price_divergence_top,top,breadth_price_divergence_v1_20120104_20260814,onset,index,csi1000,中证1000,region_or_episode,strict,all,all,33,13,20,0.3939393939393939,140,13,127,88,33,0,0.09285714285714286,0.0,-2.0,1.0
all_a_ma20_breadth_price_divergence_top,top,breadth_price_divergence_v1_20120104_20260814,onset,index,csi1000,中证1000,region_or_episode,strict,all,multi_lobe,13,9,4,0.6923076923076923,84,9,75,45,27,0,0.10714285714285714,0.0,-3.0,1.0
all_a_ma20_breadth_price_divergence_top,top,breadth_price_divergence_v1_20120104_20260814,onset,index,csi1000,中证1000,region_or_episode,strict,all,single_lobe,20,4,16,0.2,56,4,52,43,6,0,0.07142857142857142,-0.5,-2.0,1.0
all_a_ma20_breadth_price_divergence_top,top,breadth_price_divergence_v1_20120104_20260814,onset,index,csi1000,中证1000,region_or_episode,strict,confirmation,all,33,5,28,0.15151515151515152,60,5,55,36,16,0,0.08333333333333333,1.0,1.0,1.0
all_a_ma20_breadth_price_divergence_top,top,breadth_price_divergence_v1_20120104_20260814,onset,index,csi1000,中证1000,region_or_episode,strict,confirmation,multi_lobe,13,3,10,0.23076923076923078,41,3,38,23,13,0,0.07317073170731707,1.0,1.0,3.0
all_a_ma20_breadth_price_divergence_top,top,breadth_price_divergence_v1_20120104_20260814,onset,index,csi1000,中证1000,region_or_episode,strict,confirmation,single_lobe,20,2,18,0.1,19,2,17,13,3,0,0.10526315789473684,1.0,1.0,1.0
all_a_ma20_breadth_price_divergence_top,top,breadth_price_divergence_v1_20120104_20260814,onset,index,csi1000,中证1000,region_or_episode,strict,prediction,all,33,8,25,0.24242424242424243,80,8,72,52,17,0,0.1,-2.0,-3.25,-0.75
all_a_ma20_breadth_price_divergence_top,top,breadth_price_divergence_v1_20120104_20260814,onset,index,csi1000,中证1000,region_or_episode,strict,prediction,multi_lobe,13,6,7,0.46153846153846156,43,6,37,22,14,0,0.13953488372093023,-2.0,-3.75,-0.25
all_a_ma20_breadth_price_divergence_top,top,breadth_price_divergence_v1_20120104_20260814,onset,index,csi1000,中证1000,region_or_episode,strict,prediction,single_lobe,20,2,18,0.1,37,2,35,30,3,0,0.05405405405405406,-2.0,-2.0,-2.0
all_a_ma20_breadth_price_divergence_top,top,breadth_price_divergence_v1_20120104_20260814,onset,index,csi1000,中证1000,region_or_episode,window,all,all,33,19,14,0.5757575757575758,140,19,121,88,33,0,0.1357142857142857,0.0,-3.0,1.0
all_a_ma20_breadth_price_divergence_top,top,breadth_price_divergence_v1_20120104_20260814,onset,index,csi1000,中证1000,region_or_episode,window,all,multi_lobe,13,12,1,0.9230769230769231,84,12,72,45,27,0,0.14285714285714285,0.0,-3.0,2.0
all_a_ma20_breadth_price_divergence_top,top,breadth_price_divergence_v1_20120104_20260814,onset,index,csi1000,中证1000,region_or_episode,window,all,single_lobe,20,7,13,0.35,56,7,49,43,6,0,0.125,-2.0,-8.0,1.0
all_a_ma20_breadth_price_divergence_top,top,breadth_price_divergence_v1_20120104_20260814,onset,index,csi1000,中证1000,region_or_episode,window,confirmation,all,33,8,25,0.24242424242424243,60,8,52,36,16,0,0.13333333333333333,3.0,1.0,7.0
all_a_ma20_breadth_price_divergence_top,top,breadth_price_divergence_v1_20120104_20260814,onset,index,csi1000,中证1000,region_or_episode,window,confirmation,multi_lobe,13,5,8,0.38461538461538464,41,5,36,23,13,0,0.12195121951219512,5.0,1.0,7.0
all_a_ma20_breadth_price_divergence_top,top,breadth_price_divergence_v1_20120104_20260814,onset,index,csi1000,中证1000,region_or_episode,window,confirmation,single_lobe,20,3,17,0.15,19,3,16,13,3,0,0.15789473684210525,1.0,1.0,8.0
all_a_ma20_breadth_price_divergence_top,top,breadth_price_divergence_v1_20120104_20260814,onset,index,csi1000,中证1000,region_or_episode,window,prediction,all,33,11,22,0.3333333333333333,80,11,69,52,17,0,0.1375,-3.0,-6.5,-1.5
all_a_ma20_breadth_price_divergence_top,top,breadth_price_divergence_v1_20120104_20260814,onset,index,csi1000,中证1000,region_or_episode,window,prediction,multi_lobe,13,7,6,0.5384615384615384,43,7,36,22,14,0,0.16279069767441862,-3.0,-3.5,-0.5
all_a_ma20_breadth_price_divergence_top,top,breadth_price_divergence_v1_20120104_20260814,onset,index,csi1000,中证1000,region_or_episode,window,prediction,single_lobe,20,4,16,0.2,37,4,33,30,3,0,0.10810810810810811,-8.0,-15.5,-2.0
all_a_ma20_breadth_price_divergence_top,top,breadth_price_divergence_v1_20120104_20260814,onset,index,csi300,沪深300,region_or_episode,loose,all,all,39,13,26,0.3333333333333333,140,13,127,81,38,0,0.09285714285714286,-2.0,-4.0,0.0
all_a_ma20_breadth_price_divergence_top,top,breadth_price_divergence_v1_20120104_20260814,onset,index,csi300,沪深300,region_or_episode,loose,all,multi_lobe,13,6,7,0.46153846153846156,56,6,50,37,13,0,0.10714285714285714,-2.0,-3.5,-1.25
all_a_ma20_breadth_price_divergence_top,top,breadth_price_divergence_v1_20120104_20260814,onset,index,csi300,沪深300,region_or_episode,loose,all,single_lobe,26,7,19,0.2692307692307692,84,7,77,44,25,0,0.08333333333333333,-1.0,-3.5,0.5
all_a_ma20_breadth_price_divergence_top,top,breadth_price_divergence_v1_20120104_20260814,onset,index,csi300,沪深300,region_or_episode,loose,confirmation,all,39,3,36,0.07692307692307693,56,3,53,31,19,0,0.05357142857142857,2.0,1.5,6.0
all_a_ma20_breadth_price_divergence_top,top,breadth_price_divergence_v1_20120104_20260814,onset,index,csi300,沪深300,region_or_episode,loose,confirmation,multi_lobe,13,1,12,0.07692307692307693,32,1,31,24,7,0,0.03125,10.0,10.0,10.0
all_a_ma20_breadth_price_divergence_top,top,breadth_price_divergence_v1_20120104_20260814,onset,index,csi300,沪深300,region_or_episode,loose,confirmation,single_lobe,26,2,24,0.07692307692307693,24,2,22,7,12,0,0.08333333333333333,1.5,1.25,1.75
all_a_ma20_breadth_price_divergence_top,top,breadth_price_divergence_v1_20120104_20260814,onset,index,csi300,沪深300,region_or_episode,loose,prediction,all,39,10,29,0.2564102564102564,84,10,74,50,19,0,0.11904761904761904,-2.5,-4.0,-1.25
all_a_ma20_breadth_price_divergence_top,top,breadth_price_divergence_v1_20120104_20260814,onset,index,csi300,沪深300,region_or_episode,loose,prediction,multi_lobe,13,5,8,0.38461538461538464,24,5,19,13,6,0,0.20833333333333334,-2.0,-4.0,-2.0
all_a_ma20_breadth_price_divergence_top,top,breadth_price_divergence_v1_20120104_20260814,onset,index,csi300,沪深300,region_or_episode,loose,prediction,single_lobe,26,5,21,0.19230769230769232,60,5,55,37,13,0,0.08333333333333333,-3.0,-4.0,-1.0
all_a_ma20_breadth_price_divergence_top,top,breadth_price_divergence_v1_20120104_20260814,onset,index,csi300,沪深300,region_or_episode,strict,all,all,39,12,27,0.3076923076923077,140,12,128,81,38,0,0.08571428571428572,-2.0,-4.0,-0.75
all_a_ma20_breadth_price_divergence_top,top,breadth_price_divergence_v1_20120104_20260814,onset,index,csi300,沪深300,region_or_episode,strict,all,multi_lobe,13,5,8,0.38461538461538464,56,5,51,37,13,0,0.08928571428571429,-2.0,-4.0,-2.0
all_a_ma20_breadth_price_divergence_top,top,breadth_price_divergence_v1_20120104_20260814,onset,index,csi300,沪深300,region_or_episode,strict,all,single_lobe,26,7,19,0.2692307692307692,84,7,77,44,25,0,0.08333333333333333,-1.0,-3.5,0.5
all_a_ma20_breadth_price_divergence_top,top,breadth_price_divergence_v1_20120104_20260814,onset,index,csi300,沪深300,region_or_episode,strict,confirmation,all,39,2,37,0.05128205128205128,56,2,54,31,19,0,0.03571428571428571,1.5,1.25,1.75
all_a_ma20_breadth_price_divergence_top,top,breadth_price_divergence_v1_20120104_20260814,onset,index,csi300,沪深300,region_or_episode,strict,confirmation,multi_lobe,13,0,13,0.0,32,0,32,24,7,0,0.0,,,
all_a_ma20_breadth_price_divergence_top,top,breadth_price_divergence_v1_20120104_20260814,onset,index,csi300,沪深300,region_or_episode,strict,confirmation,single_lobe,26,2,24,0.07692307692307693,24,2,22,7,12,0,0.08333333333333333,1.5,1.25,1.75
all_a_ma20_breadth_price_divergence_top,top,breadth_price_divergence_v1_20120104_20260814,onset,index,csi300,沪深300,region_or_episode,strict,prediction,all,39,10,29,0.2564102564102564,84,10,74,50,19,0,0.11904761904761904,-2.5,-4.0,-1.25
all_a_ma20_breadth_price_divergence_top,top,breadth_price_divergence_v1_20120104_20260814,onset,index,csi300,沪深300,region_or_episode,strict,prediction,multi_lobe,13,5,8,0.38461538461538464,24,5,19,13,6,0,0.20833333333333334,-2.0,-4.0,-2.0
all_a_ma20_breadth_price_divergence_top,top,breadth_price_divergence_v1_20120104_20260814,onset,index,csi300,沪深300,region_or_episode,strict,prediction,single_lobe,26,5,21,0.19230769230769232,60,5,55,37,13,0,0.08333333333333333,-3.0,-4.0,-1.0
all_a_ma20_breadth_price_divergence_top,top,breadth_price_divergence_v1_20120104_20260814,onset,index,csi300,沪深300,region_or_episode,window,all,all,39,21,18,0.5384615384615384,140,21,119,81,38,0,0.15,-2.0,-4.0,1.0
all_a_ma20_breadth_price_divergence_top,top,breadth_price_divergence_v1_20120104_20260814,onset,index,csi300,沪深300,region_or_episode,window,all,multi_lobe,13,6,7,0.46153846153846156,56,6,50,37,13,0,0.10714285714285714,-2.0,-3.5,-1.25
all_a_ma20_breadth_price_divergence_top,top,breadth_price_divergence_v1_20120104_20260814,onset,index,csi300,沪深300,region_or_episode,window,all,single_lobe,26,15,11,0.5769230769230769,84,15,69,44,25,0,0.17857142857142858,-2.0,-6.0,1.0
all_a_ma20_breadth_price_divergence_top,top,breadth_price_divergence_v1_20120104_20260814,onset,index,csi300,沪深300,region_or_episode,window,confirmation,all,39,6,33,0.15384615384615385,56,6,50,31,19,0,0.10714285714285714,3.0,1.25,4.0
all_a_ma20_breadth_price_divergence_top,top,breadth_price_divergence_v1_20120104_20260814,onset,index,csi300,沪深300,region_or_episode,window,confirmation,multi_lobe,13,1,12,0.07692307692307693,32,1,31,24,7,0,0.03125,10.0,10.0,10.0
all_a_ma20_breadth_price_divergence_top,top,breadth_price_divergence_v1_20120104_20260814,onset,index,csi300,沪深300,region_or_episode,window,confirmation,single_lobe,26,5,21,0.19230769230769232,24,5,19,7,12,0,0.20833333333333334,2.0,1.0,4.0
all_a_ma20_breadth_price_divergence_top,top,breadth_price_divergence_v1_20120104_20260814,onset,index,csi300,沪深300,region_or_episode,window,prediction,all,39,15,24,0.38461538461538464,84,15,69,50,19,0,0.17857142857142858,-4.0,-6.5,-2.0
all_a_ma20_breadth_price_divergence_top,top,breadth_price_divergence_v1_20120104_20260814,onset,index,csi300,沪深300,region_or_episode,window,prediction,multi_lobe,13,5,8,0.38461538461538464,24,5,19,13,6,0,0.20833333333333334,-2.0,-4.0,-2.0
all_a_ma20_breadth_price_divergence_top,top,breadth_price_divergence_v1_20120104_20260814,onset,index,csi300,沪深300,region_or_episode,window,prediction,single_lobe,26,10,16,0.38461538461538464,60,10,50,37,13,0,0.16666666666666666,-4.0,-8.75,-2.25
all_a_ma20_breadth_price_divergence_top,top,breadth_price_divergence_v1_20120104_20260814,onset,index,csi500,中证500,region_or_episode,loose,all,all,37,15,22,0.40540540540540543,140,15,125,84,35,0,0.10714285714285714,0.0,-2.5,1.0
all_a_ma20_breadth_price_divergence_top,top,breadth_price_divergence_v1_20120104_20260814,onset,index,csi500,中证500,region_or_episode,loose,all,multi_lobe,13,10,3,0.7692307692307693,70,10,60,37,21,0,0.14285714285714285,0.0,-0.75,1.0
all_a_ma20_breadth_price_divergence_top,top,breadth_price_divergence_v1_20120104_20260814,onset,index,csi500,中证500,region_or_episode,loose,all,single_lobe,24,5,19,0.20833333333333334,70,5,65,47,14,0,0.07142857142857142,-4.0,-4.0,0.0
all_a_ma20_breadth_price_divergence_top,top,breadth_price_divergence_v1_20120104_20260814,onset,index,csi500,中证500,region_or_episode,loose,confirmation,all,37,5,32,0.13513513513513514,46,5,41,29,10,0,0.10869565217391304,1.0,1.0,3.0
all_a_ma20_breadth_price_divergence_top,top,breadth_price_divergence_v1_20120104_20260814,onset,index,csi500,中证500,region_or_episode,loose,confirmation,multi_lobe,13,4,9,0.3076923076923077,31,4,27,17,8,0,0.12903225806451613,2.0,1.0,3.5
all_a_ma20_breadth_price_divergence_top,top,breadth_price_divergence_v1_20120104_20260814,onset,index,csi500,中证500,region_or_episode,loose,confirmation,single_lobe,24,1,23,0.041666666666666664,15,1,14,12,2,0,0.06666666666666667,1.0,1.0,1.0
all_a_ma20_breadth_price_divergence_top,top,breadth_price_divergence_v1_20120104_20260814,onset,index,csi500,中证500,region_or_episode,loose,prediction,all,37,10,27,0.2702702702702703,94,10,84,55,25,0,0.10638297872340426,-1.5,-3.75,0.0
all_a_ma20_breadth_price_divergence_top,top,breadth_price_divergence_v1_20120104_20260814,onset,index,csi500,中证500,region_or_episode,loose,prediction,multi_lobe,13,6,7,0.46153846153846156,39,6,33,20,13,0,0.15384615384615385,-0.5,-1.75,0.0
all_a_ma20_breadth_price_divergence_top,top,breadth_price_divergence_v1_20120104_20260814,onset,index,csi500,中证500,region_or_episode,loose,prediction,single_lobe,24,4,20,0.16666666666666666,55,4,51,35,12,0,0.07272727272727272,-4.0,-4.0,-3.0
all_a_ma20_breadth_price_divergence_top,top,breadth_price_divergence_v1_20120104_20260814,onset,index,csi500,中证500,region_or_episode,strict,all,all,37,15,22,0.40540540540540543,140,15,125,84,35,0,0.10714285714285714,0.0,-2.5,1.0
all_a_ma20_breadth_price_divergence_top,top,breadth_price_divergence_v1_20120104_20260814,onset,index,csi500,中证500,region_or_episode,strict,all,multi_lobe,13,10,3,0.7692307692307693,70,10,60,37,21,0,0.14285714285714285,0.0,-0.75,1.0
all_a_ma20_breadth_price_divergence_top,top,breadth_price_divergence_v1_20120104_20260814,onset,index,csi500,中证500,region_or_episode,strict,all,single_lobe,24,5,19,0.20833333333333334,70,5,65,47,14,0,0.07142857142857142,-4.0,-4.0,0.0
all_a_ma20_breadth_price_divergence_top,top,breadth_price_divergence_v1_20120104_20260814,onset,index,csi500,中证500,region_or_episode,strict,confirmation,all,37,5,32,0.13513513513513514,46,5,41,29,10,0,0.10869565217391304,1.0,1.0,3.0
all_a_ma20_breadth_price_divergence_top,top,breadth_price_divergence_v1_20120104_20260814,onset,index,csi500,中证500,region_or_episode,strict,confirmation,multi_lobe,13,4,9,0.3076923076923077,31,4,27,17,8,0,0.12903225806451613,2.0,1.0,3.5
all_a_ma20_breadth_price_divergence_top,top,breadth_price_divergence_v1_20120104_20260814,onset,index,csi500,中证500,region_or_episode,strict,confirmation,single_lobe,24,1,23,0.041666666666666664,15,1,14,12,2,0,0.06666666666666667,1.0,1.0,1.0
all_a_ma20_breadth_price_divergence_top,top,breadth_price_divergence_v1_20120104_20260814,onset,index,csi500,中证500,region_or_episode,strict,prediction,all,37,10,27,0.2702702702702703,94,10,84,55,25,0,0.10638297872340426,-1.5,-3.75,0.0
all_a_ma20_breadth_price_divergence_top,top,breadth_price_divergence_v1_20120104_20260814,onset,index,csi500,中证500,region_or_episode,strict,prediction,multi_lobe,13,6,7,0.46153846153846156,39,6,33,20,13,0,0.15384615384615385,-0.5,-1.75,0.0
all_a_ma20_breadth_price_divergence_top,top,breadth_price_divergence_v1_20120104_20260814,onset,index,csi500,中证500,region_or_episode,strict,prediction,single_lobe,24,4,20,0.16666666666666666,55,4,51,35,12,0,0.07272727272727272,-4.0,-4.0,-3.0
all_a_ma20_breadth_price_divergence_top,top,breadth_price_divergence_v1_20120104_20260814,onset,index,csi500,中证500,region_or_episode,window,all,all,37,21,16,0.5675675675675675,140,21,119,84,35,0,0.15,0.0,-4.0,1.0
all_a_ma20_breadth_price_divergence_top,top,breadth_price_divergence_v1_20120104_20260814,onset,index,csi500,中证500,region_or_episode,window,all,multi_lobe,13,12,1,0.9230769230769231,70,12,58,37,21,0,0.17142857142857143,0.5,-0.25,3.5
all_a_ma20_breadth_price_divergence_top,top,breadth_price_divergence_v1_20120104_20260814,onset,index,csi500,中证500,region_or_episode,window,all,single_lobe,24,9,15,0.375,70,9,61,47,14,0,0.12857142857142856,-4.0,-4.0,-4.0
all_a_ma20_breadth_price_divergence_top,top,breadth_price_divergence_v1_20120104_20260814,onset,index,csi500,中证500,region_or_episode,window,confirmation,all,37,7,30,0.1891891891891892,46,7,39,29,10,0,0.15217391304347827,3.0,1.0,6.0
all_a_ma20_breadth_price_divergence_top,top,breadth_price_divergence_v1_20120104_20260814,onset,index,csi500,中证500,region_or_episode,window,confirmation,multi_lobe,13,6,7,0.46153846153846156,31,6,25,17,8,0,0.1935483870967742,4.0,1.5,6.5
all_a_ma20_breadth_price_divergence_top,top,breadth_price_divergence_v1_20120104_20260814,onset,index,csi500,中证500,region_or_episode,window,confirmation,single_lobe,24,1,23,0.041666666666666664,15,1,14,12,2,0,0.06666666666666667,1.0,1.0,1.0
all_a_ma20_breadth_price_divergence_top,top,breadth_price_divergence_v1_20120104_20260814,onset,index,csi500,中证500,region_or_episode,window,prediction,all,37,14,23,0.3783783783783784,94,14,80,55,25,0,0.14893617021276595,-3.5,-4.0,-0.25
all_a_ma20_breadth_price_divergence_top,top,breadth_price_divergence_v1_20120104_20260814,onset,index,csi500,中证500,region_or_episode,window,prediction,multi_lobe,13,6,7,0.46153846153846156,39,6,33,20,13,0,0.15384615384615385,-0.5,-1.75,0.0
all_a_ma20_breadth_price_divergence_top,top,breadth_price_divergence_v1_20120104_20260814,onset,index,csi500,中证500,region_or_episode,window,prediction,single_lobe,24,8,16,0.3333333333333333,55,8,47,35,12,0,0.14545454545454545,-4.0,-5.25,-4.0
all_a_ma20_breadth_price_divergence_top,top,breadth_price_divergence_v1_20120104_20260814,onset,index,microcap,微盘股,region_or_episode,loose,all,all,32,12,20,0.375,140,12,128,96,27,0,0.08571428571428572,-1.0,-3.5,1.25
all_a_ma20_breadth_price_divergence_top,top,breadth_price_divergence_v1_20120104_20260814,onset,index,microcap,微盘股,region_or_episode,loose,all,multi_lobe,16,9,7,0.5625,80,9,71,49,20,0,0.1125,-1.0,-5.0,-1.0
all_a_ma20_breadth_price_divergence_top,top,breadth_price_divergence_v1_20120104_20260814,onset,index,microcap,微盘股,region_or_episode,loose,all,single_lobe,16,3,13,0.1875,60,3,57,47,7,0,0.05,2.0,0.5,2.5
all_a_ma20_breadth_price_divergence_top,top,breadth_price_divergence_v1_20120104_20260814,onset,index,microcap,微盘股,region_or_episode,loose,confirmation,all,32,4,28,0.125,60,4,56,46,8,0,0.06666666666666667,2.0,1.75,2.25
all_a_ma20_breadth_price_divergence_top,top,breadth_price_divergence_v1_20120104_20260814,onset,index,microcap,微盘股,region_or_episode,loose,confirmation,multi_lobe,16,2,14,0.125,26,2,24,19,4,0,0.07692307692307693,1.5,1.25,1.75
all_a_ma20_breadth_price_divergence_top,top,breadth_price_divergence_v1_20120104_20260814,onset,index,microcap,微盘股,region_or_episode,loose,confirmation,single_lobe,16,2,14,0.125,34,2,32,27,4,0,0.058823529411764705,2.5,2.25,2.75
all_a_ma20_breadth_price_divergence_top,top,breadth_price_divergence_v1_20120104_20260814,onset,index,microcap,微盘股,region_or_episode,loose,prediction,all,32,8,24,0.25,80,8,72,50,19,0,0.1,-2.0,-6.25,-1.0
all_a_ma20_breadth_price_divergence_top,top,breadth_price_divergence_v1_20120104_20260814,onset,index,microcap,微盘股,region_or_episode,loose,prediction,multi_lobe,16,7,9,0.4375,54,7,47,30,16,0,0.12962962962962962,-3.0,-7.5,-1.0
all_a_ma20_breadth_price_divergence_top,top,breadth_price_divergence_v1_20120104_20260814,onset,index,microcap,微盘股,region_or_episode,loose,prediction,single_lobe,16,1,15,0.0625,26,1,25,20,3,0,0.038461538461538464,-1.0,-1.0,-1.0
all_a_ma20_breadth_price_divergence_top,top,breadth_price_divergence_v1_20120104_20260814,onset,index,microcap,微盘股,region_or_episode,strict,all,all,32,11,21,0.34375,140,11,129,96,27,0,0.07857142857142857,-1.0,-2.0,1.5
all_a_ma20_breadth_price_divergence_top,top,breadth_price_divergence_v1_20120104_20260814,onset,index,microcap,微盘股,region_or_episode,strict,all,multi_lobe,16,8,8,0.5,80,8,72,49,20,0,0.1,-1.0,-4.75,-0.5
all_a_ma20_breadth_price_divergence_top,top,breadth_price_divergence_v1_20120104_20260814,onset,index,microcap,微盘股,region_or_episode,strict,all,single_lobe,16,3,13,0.1875,60,3,57,47,7,0,0.05,2.0,0.5,2.5
all_a_ma20_breadth_price_divergence_top,top,breadth_price_divergence_v1_20120104_20260814,onset,index,microcap,微盘股,region_or_episode,strict,confirmation,all,32,4,28,0.125,60,4,56,46,8,0,0.06666666666666667,2.0,1.75,2.25
all_a_ma20_breadth_price_divergence_top,top,breadth_price_divergence_v1_20120104_20260814,onset,index,microcap,微盘股,region_or_episode,strict,confirmation,multi_lobe,16,2,14,0.125,26,2,24,19,4,0,0.07692307692307693,1.5,1.25,1.75
all_a_ma20_breadth_price_divergence_top,top,breadth_price_divergence_v1_20120104_20260814,onset,index,microcap,微盘股,region_or_episode,strict,confirmation,single_lobe,16,2,14,0.125,34,2,32,27,4,0,0.058823529411764705,2.5,2.25,2.75
all_a_ma20_breadth_price_divergence_top,top,breadth_price_divergence_v1_20120104_20260814,onset,index,microcap,微盘股,region_or_episode,strict,prediction,all,32,7,25,0.21875,80,7,73,50,19,0,0.0875,-1.0,-6.5,-1.0
all_a_ma20_breadth_price_divergence_top,top,breadth_price_divergence_v1_20120104_20260814,onset,index,microcap,微盘股,region_or_episode,strict,prediction,multi_lobe,16,6,10,0.375,54,6,48,30,16,0,0.1111111111111111,-2.0,-8.25,-1.0
all_a_ma20_breadth_price_divergence_top,top,breadth_price_divergence_v1_20120104_20260814,onset,index,microcap,微盘股,region_or_episode,strict,prediction,single_lobe,16,1,15,0.0625,26,1,25,20,3,0,0.038461538461538464,-1.0,-1.0,-1.0
all_a_ma20_breadth_price_divergence_top,top,breadth_price_divergence_v1_20120104_20260814,onset,index,microcap,微盘股,region_or_episode,window,all,all,32,17,15,0.53125,140,17,123,96,27,0,0.12142857142857143,-1.0,-6.0,2.0
all_a_ma20_breadth_price_divergence_top,top,breadth_price_divergence_v1_20120104_20260814,onset,index,microcap,微盘股,region_or_episode,window,all,multi_lobe,16,11,5,0.6875,80,11,69,49,20,0,0.1375,-1.0,-5.5,0.0
all_a_ma20_breadth_price_divergence_top,top,breadth_price_divergence_v1_20120104_20260814,onset,index,microcap,微盘股,region_or_episode,window,all,single_lobe,16,6,10,0.375,60,6,54,47,7,0,0.1,0.5,-6.25,2.75
all_a_ma20_breadth_price_divergence_top,top,breadth_price_divergence_v1_20120104_20260814,onset,index,microcap,微盘股,region_or_episode,window,confirmation,all,32,6,26,0.1875,60,6,54,46,8,0,0.1,2.5,2.0,12.0
all_a_ma20_breadth_price_divergence_top,top,breadth_price_divergence_v1_20120104_20260814,onset,index,microcap,微盘股,region_or_episode,window,confirmation,multi_lobe,16,3,13,0.1875,26,3,23,19,4,0,0.11538461538461539,2.0,1.5,8.5
all_a_ma20_breadth_price_divergence_top,top,breadth_price_divergence_v1_20120104_20260814,onset,index,microcap,微盘股,region_or_episode,window,confirmation,single_lobe,16,3,13,0.1875,34,3,31,27,4,0,0.08823529411764706,3.0,2.5,10.0
all_a_ma20_breadth_price_divergence_top,top,breadth_price_divergence_v1_20120104_20260814,onset,index,microcap,微盘股,region_or_episode,window,prediction,all,32,11,21,0.34375,80,11,69,50,19,0,0.1375,-5.0,-9.0,-1.0
all_a_ma20_breadth_price_divergence_top,top,breadth_price_divergence_v1_20120104_20260814,onset,index,microcap,微盘股,region_or_episode,window,prediction,multi_lobe,16,8,8,0.5,54,8,46,30,16,0,0.14814814814814814,-4.0,-7.0,-1.0
all_a_ma20_breadth_price_divergence_top,top,breadth_price_divergence_v1_20120104_20260814,onset,index,microcap,微盘股,region_or_episode,window,prediction,single_lobe,16,3,13,0.1875,26,3,23,20,3,0,0.11538461538461539,-8.0,-14.0,-4.5
all_a_ma20_breadth_price_divergence_top,top,breadth_price_divergence_v1_20120104_20260814,onset,index,sse_composite,上证指数,region_or_episode,loose,all,all,47,15,32,0.3191489361702128,140,15,125,78,38,0,0.10714285714285714,-1.0,-3.5,0.5
all_a_ma20_breadth_price_divergence_top,top,breadth_price_divergence_v1_20120104_20260814,onset,index,sse_composite,上证指数,region_or_episode,loose,all,multi_lobe,21,7,14,0.3333333333333333,54,7,47,32,14,0,0.12962962962962962,-1.0,-3.5,0.0
all_a_ma20_breadth_price_divergence_top,top,breadth_price_divergence_v1_20120104_20260814,onset,index,sse_composite,上证指数,region_or_episode,loose,all,single_lobe,26,8,18,0.3076923076923077,86,8,78,46,24,0,0.09302325581395349,-0.5,-3.25,1.0
all_a_ma20_breadth_price_divergence_top,top,breadth_price_divergence_v1_20120104_20260814,onset,index,sse_composite,上证指数,region_or_episode,loose,confirmation,all,47,4,43,0.0851063829787234,49,4,45,26,15,0,0.08163265306122448,1.5,1.0,2.25
all_a_ma20_breadth_price_divergence_top,top,breadth_price_divergence_v1_20120104_20260814,onset,index,sse_composite,上证指数,region_or_episode,loose,confirmation,multi_lobe,21,1,20,0.047619047619047616,25,1,24,18,5,0,0.04,3.0,3.0,3.0
all_a_ma20_breadth_price_divergence_top,top,breadth_price_divergence_v1_20120104_20260814,onset,index,sse_composite,上证指数,region_or_episode,loose,confirmation,single_lobe,26,3,23,0.11538461538461539,24,3,21,8,10,0,0.125,1.0,1.0,1.5
all_a_ma20_breadth_price_divergence_top,top,breadth_price_divergence_v1_20120104_20260814,onset,index,sse_composite,上证指数,region_or_episode,loose,prediction,all,47,11,36,0.23404255319148937,91,11,80,52,23,0,0.12087912087912088,-2.0,-4.5,-0.5
all_a_ma20_breadth_price_divergence_top,top,breadth_price_divergence_v1_20120104_20260814,onset,index,sse_composite,上证指数,region_or_episode,loose,prediction,multi_lobe,21,6,15,0.2857142857142857,29,6,23,14,9,0,0.20689655172413793,-1.5,-4.25,-0.25
all_a_ma20_breadth_price_divergence_top,top,breadth_price_divergence_v1_20120104_20260814,onset,index,sse_composite,上证指数,region_or_episode,loose,prediction,single_lobe,26,5,21,0.19230769230769232,62,5,57,38,14,0,0.08064516129032258,-3.0,-4.0,-1.0
all_a_ma20_breadth_price_divergence_top,top,breadth_price_divergence_v1_20120104_20260814,onset,index,sse_composite,上证指数,region_or_episode,strict,all,all,47,15,32,0.3191489361702128,140,15,125,78,38,0,0.10714285714285714,-1.0,-3.5,0.5
all_a_ma20_breadth_price_divergence_top,top,breadth_price_divergence_v1_20120104_20260814,onset,index,sse_composite,上证指数,region_or_episode,strict,all,multi_lobe,21,7,14,0.3333333333333333,54,7,47,32,14,0,0.12962962962962962,-1.0,-3.5,0.0
all_a_ma20_breadth_price_divergence_top,top,breadth_price_divergence_v1_20120104_20260814,onset,index,sse_composite,上证指数,region_or_episode,strict,all,single_lobe,26,8,18,0.3076923076923077,86,8,78,46,24,0,0.09302325581395349,-0.5,-3.25,1.0
all_a_ma20_breadth_price_divergence_top,top,breadth_price_divergence_v1_20120104_20260814,onset,index,sse_composite,上证指数,region_or_episode,strict,confirmation,all,47,4,43,0.0851063829787234,49,4,45,26,15,0,0.08163265306122448,1.5,1.0,2.25
all_a_ma20_breadth_price_divergence_top,top,breadth_price_divergence_v1_20120104_20260814,onset,index,sse_composite,上证指数,region_or_episode,strict,confirmation,multi_lobe,21,1,20,0.047619047619047616,25,1,24,18,5,0,0.04,3.0,3.0,3.0
all_a_ma20_breadth_price_divergence_top,top,breadth_price_divergence_v1_20120104_20260814,onset,index,sse_composite,上证指数,region_or_episode,strict,confirmation,single_lobe,26,3,23,0.11538461538461539,24,3,21,8,10,0,0.125,1.0,1.0,1.5
all_a_ma20_breadth_price_divergence_top,top,breadth_price_divergence_v1_20120104_20260814,onset,index,sse_composite,上证指数,region_or_episode,strict,prediction,all,47,11,36,0.23404255319148937,91,11,80,52,23,0,0.12087912087912088,-2.0,-4.5,-0.5
all_a_ma20_breadth_price_divergence_top,top,breadth_price_divergence_v1_20120104_20260814,onset,index,sse_composite,上证指数,region_or_episode,strict,prediction,multi_lobe,21,6,15,0.2857142857142857,29,6,23,14,9,0,0.20689655172413793,-1.5,-4.25,-0.25
all_a_ma20_breadth_price_divergence_top,top,breadth_price_divergence_v1_20120104_20260814,onset,index,sse_composite,上证指数,region_or_episode,strict,prediction,single_lobe,26,5,21,0.19230769230769232,62,5,57,38,14,0,0.08064516129032258,-3.0,-4.0,-1.0
all_a_ma20_breadth_price_divergence_top,top,breadth_price_divergence_v1_20120104_20260814,onset,index,sse_composite,上证指数,region_or_episode,window,all,all,47,24,23,0.5106382978723404,140,24,116,78,38,0,0.17142857142857143,-1.0,-5.0,1.0
all_a_ma20_breadth_price_divergence_top,top,breadth_price_divergence_v1_20120104_20260814,onset,index,sse_composite,上证指数,region_or_episode,window,all,multi_lobe,21,8,13,0.38095238095238093,54,8,46,32,14,0,0.14814814814814814,-0.5,-2.75,0.75
all_a_ma20_breadth_price_divergence_top,top,breadth_price_divergence_v1_20120104_20260814,onset,index,sse_composite,上证指数,region_or_episode,window,all,single_lobe,26,16,10,0.6153846153846154,86,16,70,46,24,0,0.18604651162790697,-1.5,-5.0,1.0
all_a_ma20_breadth_price_divergence_top,top,breadth_price_divergence_v1_20120104_20260814,onset,index,sse_composite,上证指数,region_or_episode,window,confirmation,all,47,8,39,0.1702127659574468,49,8,41,26,15,0,0.16326530612244897,2.5,1.0,4.75
all_a_ma20_breadth_price_divergence_top,top,breadth_price_divergence_v1_20120104_20260814,onset,index,sse_composite,上证指数,region_or_episode,window,confirmation,multi_lobe,21,2,19,0.09523809523809523,25,2,23,18,5,0,0.08,5.0,4.0,6.0
all_a_ma20_breadth_price_divergence_top,top,breadth_price_divergence_v1_20120104_20260814,onset,index,sse_composite,上证指数,region_or_episode,window,confirmation,single_lobe,26,6,20,0.23076923076923078,24,6,18,8,10,0,0.25,1.5,1.0,3.5
all_a_ma20_breadth_price_divergence_top,top,breadth_price_divergence_v1_20120104_20260814,onset,index,sse_composite,上证指数,region_or_episode,window,prediction,all,47,16,31,0.3404255319148936,91,16,75,52,23,0,0.17582417582417584,-3.5,-5.25,-1.0
all_a_ma20_breadth_price_divergence_top,top,breadth_price_divergence_v1_20120104_20260814,onset,index,sse_composite,上证指数,region_or_episode,window,prediction,multi_lobe,21,6,15,0.2857142857142857,29,6,23,14,9,0,0.20689655172413793,-1.5,-4.25,-0.25
all_a_ma20_breadth_price_divergence_top,top,breadth_price_divergence_v1_20120104_20260814,onset,index,sse_composite,上证指数,region_or_episode,window,prediction,single_lobe,26,10,16,0.38461538461538464,62,10,52,38,14,0,0.16129032258064516,-4.5,-8.0,-2.25
