snapshot_id,snapshot_as_of_date,symbol,name,exchange,tdx_market,tdx_code,tdx_symbol,instrument_type,tracking_index_code,tracking_index_market_id,catalog_source,catalog_status,data_status,requested,active,has_local_daily,has_local_5m,has_local_1m,first_daily_date,last_daily_date,first_5m_datetime,last_5m_datetime,first_1m_datetime,last_1m_datetime,daily_records,min5_records,min1_records,price_coefficient,registry_source
snapshot-20260806T091453459470Z,2026-08-06,159001.XSHE,货币ETF易方达,XSHE,0,159001,sz159001,etf,,,specetfdata.txt,catalog,available,True,True,True,True,True,2014-10-20,2026-08-06,2024-10-08 09:35,2026-08-06 15:00,2026-04-27 09:31,2026-08-06 15:00,2869,21456,16800,0.001,tdx_local_catalog
snapshot-20260806T091453459470Z,2026-08-06,159003.XSHE,招商快线ETF,XSHE,0,159003,sz159003,etf,,,specetfdata.txt,catalog,available,True,True,True,True,True,2014-10-20,2026-08-06,2024-10-08 09:35,2026-08-06 15:00,2026-04-27 09:31,2026-08-06 15:00,2869,21456,16800,0.001,tdx_local_catalog
snapshot-20260806T091453459470Z,2026-08-06,159005.XSHE,快钱ETF汇添富,XSHE,0,159005,sz159005,etf,,,specetfdata.txt,catalog,available,True,True,True,True,True,2015-01-13,2026-08-06,2024-10-08 09:35,2026-08-06 15:00,2026-04-27 09:31,2026-08-06 15:00,2810,21456,16800,0.001,tdx_local_catalog
snapshot-20260806T091453459470Z,2026-08-06,159007.XSHE,养殖ETF华泰柏瑞,XSHE,0,159007,sz159007,etf,931946,62,specetfdata.txt,catalog,available,True,True,True,True,True,2026-04-17,2026-08-06,2026-04-17 09:35,2026-08-06 15:00,2026-04-27 09:31,2026-08-06 15:00,76,3648,16800,0.001,tdx_local_catalog
snapshot-20260806T091453459470Z,2026-08-06,159008.XSHE,证券ETF景顺,XSHE,0,159008,sz159008,etf,399975,0,specetfdata.txt,catalog,available,True,True,True,True,True,2026-04-28,2026-08-06,2026-04-28 09:35,2026-08-06 15:00,2026-04-28 09:31,2026-08-06 15:00,69,3312,16560,0.001,tdx_local_catalog
snapshot-20260806T091453459470Z,2026-08-06,159009.XSHE,创业板新能源ETF,XSHE,0,159009,sz159009,etf,399266,0,specetfdata.txt,catalog,available,True,True,True,True,True,2026-04-14,2026-08-06,2026-04-14 09:35,2026-08-06 15:00,2026-04-27 09:31,2026-08-06 15:00,79,3792,16800,0.001,tdx_local_catalog
snapshot-20260806T091453459470Z,2026-08-06,159010.XSHE,港股通科技ETF博,XSHE,0,159010,sz159010,etf,HZ5506,27,specetfdata.txt,catalog,available,True,True,True,True,True,2026-05-13,2026-08-06,2026-05-13 09:35,2026-08-06 15:00,2026-05-13 09:31,2026-08-06 15:00,61,2928,14640,0.001,tdx_local_catalog
snapshot-20260806T091453459470Z,2026-08-06,159011.XSHE,养殖ETF华安,XSHE,0,159011,sz159011,etf,931946,62,specetfdata.txt,catalog,available,True,True,True,True,True,2026-06-16,2026-08-06,2026-06-16 09:35,2026-08-06 15:00,2026-06-16 09:31,2026-08-06 15:00,37,1776,8880,0.001,tdx_local_catalog
snapshot-20260806T091453459470Z,2026-08-06,159012.XSHE,科创创业50ETF鹏,XSHE,0,159012,sz159012,etf,931643,62,specetfdata.txt,catalog,available,True,True,True,True,True,2026-05-20,2026-08-06,2026-05-20 09:35,2026-08-06 15:00,2026-05-20 09:31,2026-08-06 15:00,56,2688,13440,0.001,tdx_local_catalog
snapshot-20260806T091453459470Z,2026-08-06,159013.XSHE,工业互联网ETF大,XSHE,0,159013,sz159013,etf,931495,62,specetfdata.txt,catalog,available,True,True,True,True,True,2026-04-28,2026-08-06,2026-04-28 09:35,2026-08-06 15:00,2026-04-28 09:31,2026-08-06 15:00,69,3312,16560,0.001,tdx_local_catalog
snapshot-20260806T091453459470Z,2026-08-06,159015.XSHE,恒生港股通科技ET,XSHE,0,159015,sz159015,etf,HZ5506,27,specetfdata.txt,catalog,available,True,True,True,True,True,2026-05-08,2026-08-06,2026-05-08 09:35,2026-08-06 15:00,2026-05-08 09:31,2026-08-06 15:00,64,3072,15360,0.001,tdx_local_catalog
snapshot-20260806T091453459470Z,2026-08-06,159016.XSHE,证券ETF广发,XSHE,0,159016,sz159016,etf,931412,62,specetfdata.txt,catalog,available,True,True,True,True,True,2026-05-14,2026-08-06,2026-05-14 09:35,2026-08-06 15:00,2026-05-14 09:31,2026-08-06 15:00,60,2880,14400,0.001,tdx_local_catalog
snapshot-20260806T091453459470Z,2026-08-06,159017.XSHE,石油ETF工银,XSHE,0,159017,sz159017,etf,399439,0,specetfdata.txt,catalog,available,True,True,True,True,True,2026-05-08,2026-08-06,2026-05-08 09:35,2026-08-06 15:00,2026-05-08 09:31,2026-08-06 15:00,64,3072,15360,0.001,tdx_local_catalog
snapshot-20260806T091453459470Z,2026-08-06,159018.XSHE,石油ETF广发,XSHE,0,159018,sz159018,etf,399439,0,specetfdata.txt,catalog,available,True,True,True,True,True,2026-04-27,2026-08-06,2026-04-27 09:35,2026-08-06 15:00,2026-04-27 09:31,2026-08-06 15:00,70,3360,16800,0.001,tdx_local_catalog
snapshot-20260806T091453459470Z,2026-08-06,159019.XSHE,石油ETF华宝,XSHE,0,159019,sz159019,etf,399439,0,specetfdata.txt,catalog,available,True,True,True,True,True,2026-04-23,2026-08-06,2026-04-23 09:35,2026-08-06 15:00,2026-04-27 09:31,2026-08-06 15:00,72,3456,16800,0.001,tdx_local_catalog
snapshot-20260806T091453459470Z,2026-08-06,159020.XSHE,养殖ETF易方达,XSHE,0,159020,sz159020,etf,931946,62,specetfdata.txt,catalog,available,True,True,True,True,True,2026-04-27,2026-08-06,2026-04-27 09:35,2026-08-06 15:00,2026-04-27 09:31,2026-08-06 15:00,70,3360,16800,0.001,tdx_local_catalog
snapshot-20260806T091453459470Z,2026-08-06,159021.XSHE,大盘价值ETF华夏,XSHE,0,159021,sz159021,etf,399373,0,specetfdata.txt,catalog,available,True,True,True,True,True,2026-05-15,2026-08-06,2026-05-15 09:35,2026-08-06 15:00,2026-05-15 09:31,2026-08-06 15:00,59,2832,14160,0.001,tdx_local_catalog
snapshot-20260806T091453459470Z,2026-08-06,159022.XSHE,科创创业人工智能,XSHE,0,159022,sz159022,etf,932456,62,specetfdata.txt,catalog,available,True,True,True,True,True,2026-04-24,2026-08-06,2026-04-24 09:35,2026-08-06 15:00,2026-04-27 09:31,2026-08-06 15:00,71,3408,16800,0.001,tdx_local_catalog
snapshot-20260806T091453459470Z,2026-08-06,159023.XSHE,养殖ETF万家,XSHE,0,159023,sz159023,etf,931946,62,specetfdata.txt,catalog,available,True,True,True,True,True,2026-06-15,2026-08-06,2026-06-15 09:35,2026-08-06 15:00,2026-06-15 09:31,2026-08-06 15:00,38,1824,9120,0.001,tdx_local_catalog
snapshot-20260806T091453459470Z,2026-08-06,159026.XSHE,石油ETF南方,XSHE,0,159026,sz159026,etf,399439,0,specetfdata.txt,catalog,available,True,True,True,True,True,2026-04-24,2026-08-06,2026-04-24 09:35,2026-08-06 15:00,2026-04-27 09:31,2026-08-06 15:00,71,3408,16800,0.001,tdx_local_catalog
snapshot-20260806T091453459470Z,2026-08-06,159027.XSHE,畜牧养殖ETF大成,XSHE,0,159027,sz159027,etf,931946,62,specetfdata.txt,catalog,available,True,True,True,True,True,2026-05-15,2026-08-06,2026-05-15 09:35,2026-08-06 15:00,2026-05-15 09:31,2026-08-06 15:00,59,2832,14160,0.001,tdx_local_catalog
snapshot-20260806T091453459470Z,2026-08-06,159028.XSHE,港股汽车ETF天弘,XSHE,0,159028,sz159028,etf,HZ5554,27,specetfdata.txt,catalog,available,True,True,True,True,True,2026-05-14,2026-08-06,2026-05-14 09:35,2026-08-06 15:00,2026-05-14 09:31,2026-08-06 15:00,60,2880,14400,0.001,tdx_local_catalog
snapshot-20260806T091453459470Z,2026-08-06,159029.XSHE,有色ETF广发,XSHE,0,159029,sz159029,etf,931892,62,specetfdata.txt,catalog,available,True,True,True,True,True,2026-05-21,2026-08-06,2026-05-21 09:35,2026-08-06 15:00,2026-05-21 09:31,2026-08-06 15:00,55,2640,13200,0.001,tdx_local_catalog
snapshot-20260806T091453459470Z,2026-08-06,159030.XSHE,粮食ETF华夏,XSHE,0,159030,sz159030,etf,399365,0,specetfdata.txt,catalog,available,True,True,True,True,True,2026-05-12,2026-08-06,2026-05-12 09:35,2026-08-06 15:00,2026-05-12 09:31,2026-08-06 15:00,62,2976,14880,0.001,tdx_local_catalog
snapshot-20260806T091453459470Z,2026-08-06,159031.XSHE,粮食ETF博时,XSHE,0,159031,sz159031,etf,399365,0,specetfdata.txt,catalog,available,True,True,True,True,True,2026-06-01,2026-08-06,2026-06-01 09:35,2026-08-06 15:00,2026-06-01 09:31,2026-08-06 15:00,48,2304,11520,0.001,tdx_local_catalog
snapshot-20260806T091453459470Z,2026-08-06,159032.XSHE,工业有色ETF易方,XSHE,0,159032,sz159032,etf,H11059,62,specetfdata.txt,catalog,available,True,True,True,True,True,2026-05-13,2026-08-06,2026-05-13 09:35,2026-08-06 15:00,2026-05-13 09:31,2026-08-06 15:00,61,2928,14640,0.001,tdx_local_catalog
snapshot-20260806T091453459470Z,2026-08-06,159033.XSHE,粮食ETF国泰,XSHE,0,159033,sz159033,etf,399365,0,specetfdata.txt,catalog,available,True,True,True,True,True,2026-06-05,2026-08-06,2026-06-05 09:35,2026-08-06 15:00,2026-06-05 09:31,2026-08-06 15:00,44,2112,10560,0.001,tdx_local_catalog
snapshot-20260806T091453459470Z,2026-08-06,159035.XSHE,软件ETF天弘,XSHE,0,159035,sz159035,etf,930601,62,specetfdata.txt,catalog,available,True,True,True,True,True,2026-05-15,2026-08-06,2026-05-15 09:35,2026-08-06 15:00,2026-05-15 09:31,2026-08-06 15:00,59,2832,14160,0.001,tdx_local_catalog
snapshot-20260806T091453459470Z,2026-08-06,159036.XSHE,软件开发ETF华宝,XSHE,0,159036,sz159036,etf,932094,62,specetfdata.txt,catalog,available,True,True,True,True,True,2026-06-11,2026-08-06,2026-06-11 09:35,2026-08-06 15:00,2026-06-11 09:31,2026-08-06 15:00,40,1920,9600,0.001,tdx_local_catalog
snapshot-20260806T091453459470Z,2026-08-06,159037.XSHE,价值ETF鹏华,XSHE,0,159037,sz159037,etf,980081,102,specetfdata.txt,catalog,available,True,True,True,True,True,2026-06-11,2026-08-06,2026-06-11 09:35,2026-08-06 15:00,2026-06-11 09:31,2026-08-06 15:00,40,1920,9600,0.001,tdx_local_catalog
snapshot-20260806T091453459470Z,2026-08-06,159038.XSHE,粮食ETF易方达,XSHE,0,159038,sz159038,etf,399365,0,specetfdata.txt,catalog,available,True,True,True,True,True,2026-05-21,2026-08-06,2026-05-21 09:35,2026-08-06 15:00,2026-05-21 09:31,2026-08-06 15:00,55,2640,13200,0.001,tdx_local_catalog
snapshot-20260806T091453459470Z,2026-08-06,159039.XSHE,机器人ETF华安,XSHE,0,159039,sz159039,etf,980022,102,specetfdata.txt,catalog,available,True,True,True,True,True,2026-06-18,2026-08-06,2026-06-18 09:35,2026-08-06 15:00,2026-06-18 09:31,2026-08-06 15:00,35,1680,8400,0.001,tdx_local_catalog
snapshot-20260806T091453459470Z,2026-08-06,159040.XSHE,港股通互联网ETF,XSHE,0,159040,sz159040,etf,931637,62,specetfdata.txt,catalog,available,True,True,True,True,True,2026-06-26,2026-08-06,2026-06-26 09:35,2026-08-06 15:00,2026-06-26 09:31,2026-08-06 15:00,30,1440,7200,0.001,tdx_local_catalog
snapshot-20260806T091453459470Z,2026-08-06,159041.XSHE,农业ETF鹏华,XSHE,0,159041,sz159041,etf,000949,62,specetfdata.txt,catalog,available,True,True,True,True,True,2026-06-10,2026-08-06,2026-06-10 09:35,2026-08-06 15:00,2026-06-10 09:31,2026-08-06 15:00,41,1968,9840,0.001,tdx_local_catalog
snapshot-20260806T091453459470Z,2026-08-06,159042.XSHE,价值ETF汇添富,XSHE,0,159042,sz159042,etf,980081,102,specetfdata.txt,catalog,available,True,True,True,True,True,2026-06-09,2026-08-06,2026-06-09 09:35,2026-08-06 15:00,2026-06-09 09:31,2026-08-06 15:00,42,2016,10080,0.001,tdx_local_catalog
snapshot-20260806T091453459470Z,2026-08-06,159045.XSHE,稀有金属ETF大成,XSHE,0,159045,sz159045,etf,930632,62,specetfdata.txt,catalog,available,True,True,True,True,True,2026-06-24,2026-08-06,2026-06-24 09:35,2026-08-06 15:00,2026-06-24 09:31,2026-08-06 15:00,32,1536,7680,0.001,tdx_local_catalog
snapshot-20260806T091453459470Z,2026-08-06,159046.XSHE,绿电ETF天弘,XSHE,0,159046,sz159046,etf,399438,0,specetfdata.txt,catalog,available,True,True,True,True,True,2026-06-11,2026-08-06,2026-06-11 09:35,2026-08-06 15:00,2026-06-11 09:31,2026-08-06 15:00,40,1920,9600,0.001,tdx_local_catalog
snapshot-20260806T091453459470Z,2026-08-06,159048.XSHE,机器人ETF大成,XSHE,0,159048,sz159048,etf,980022,102,specetfdata.txt,catalog,available,True,True,True,True,True,2026-06-10,2026-08-06,2026-06-10 09:35,2026-08-06 15:00,2026-06-10 09:31,2026-08-06 15:00,41,1968,9840,0.001,tdx_local_catalog
snapshot-20260806T091453459470Z,2026-08-06,159049.XSHE,有色ETF工银,XSHE,0,159049,sz159049,etf,931892,62,specetfdata.txt,catalog,available,True,True,True,True,True,2026-07-08,2026-08-06,2026-07-08 09:35,2026-08-06 15:00,2026-07-08 09:31,2026-08-06 15:00,22,1056,5280,0.001,tdx_local_catalog
snapshot-20260806T091453459470Z,2026-08-06,159050.XSHE,机器人ETF广发,XSHE,0,159050,sz159050,etf,980022,102,specetfdata.txt,catalog,available,True,True,True,True,True,2026-06-09,2026-08-06,2026-06-09 09:35,2026-08-06 15:00,2026-06-09 09:31,2026-08-06 15:00,42,2016,10080,0.001,tdx_local_catalog
snapshot-20260806T091453459470Z,2026-08-06,159051.XSHE,医疗器械ETF易方,XSHE,0,159051,sz159051,etf,H30217,62,specetfdata.txt,catalog,available,True,True,True,True,True,2026-06-09,2026-08-06,2026-06-09 09:35,2026-08-06 15:00,2026-06-09 09:31,2026-08-06 15:00,42,2016,10080,0.001,tdx_local_catalog
snapshot-20260806T091453459470Z,2026-08-06,159052.XSHE,新能源电池ETF嘉,XSHE,0,159052,sz159052,etf,980027,102,specetfdata.txt,catalog,available,True,True,True,True,True,2026-06-11,2026-08-06,2026-06-11 09:35,2026-08-06 15:00,2026-06-11 09:31,2026-08-06 15:00,40,1920,9600,0.001,tdx_local_catalog
snapshot-20260806T091453459470Z,2026-08-06,159053.XSHE,稀有金属ETF华夏,XSHE,0,159053,sz159053,etf,930632,62,specetfdata.txt,catalog,available,True,True,True,True,True,2026-06-09,2026-08-06,2026-06-09 09:35,2026-08-06 15:00,2026-06-09 09:31,2026-08-06 15:00,42,2016,10080,0.001,tdx_local_catalog
snapshot-20260806T091453459470Z,2026-08-06,159055.XSHE,稀有金属ETF富国,XSHE,0,159055,sz159055,etf,930632,62,specetfdata.txt,catalog,available,True,True,True,True,True,2026-06-09,2026-08-06,2026-06-09 09:35,2026-08-06 15:00,2026-06-09 09:31,2026-08-06 15:00,42,2016,10080,0.001,tdx_local_catalog
snapshot-20260806T091453459470Z,2026-08-06,159056.XSHE,医疗器械ETF富国,XSHE,0,159056,sz159056,etf,H30217,62,specetfdata.txt,catalog,available,True,True,True,True,True,2026-06-09,2026-08-06,2026-06-09 09:35,2026-08-06 15:00,2026-06-09 09:31,2026-08-06 15:00,42,2016,10080,0.001,tdx_local_catalog
snapshot-20260806T091453459470Z,2026-08-06,159057.XSHE,医疗器械ETF鹏华,XSHE,0,159057,sz159057,etf,H30217,62,specetfdata.txt,catalog,available,True,True,True,True,True,2026-06-15,2026-08-06,2026-06-15 09:35,2026-08-06 15:00,2026-06-15 09:31,2026-08-06 15:00,38,1824,9120,0.001,tdx_local_catalog
snapshot-20260806T091453459470Z,2026-08-06,159059.XSHE,电力ETF大成,XSHE,0,159059,sz159059,etf,H30199,62,specetfdata.txt,catalog,available,True,True,True,True,True,2026-07-20,2026-08-06,2026-07-20 09:35,2026-08-06 15:00,2026-07-20 09:31,2026-08-06 15:00,14,672,3360,0.001,tdx_local_catalog
snapshot-20260806T091453459470Z,2026-08-06,159060.XSHE,粮食ETF浦银,XSHE,0,159060,sz159060,etf,399365,0,specetfdata.txt,catalog,available,True,True,True,True,True,2026-06-10,2026-08-06,2026-06-10 09:35,2026-08-06 15:00,2026-06-10 09:31,2026-08-06 15:00,41,1968,9840,0.001,tdx_local_catalog
snapshot-20260806T091453459470Z,2026-08-06,159061.XSHE,绿色电力ETF南方,XSHE,0,159061,sz159061,etf,399438,0,specetfdata.txt,catalog,available,True,True,True,True,True,2026-06-24,2026-08-06,2026-06-24 09:35,2026-08-06 15:00,2026-06-24 09:31,2026-08-06 15:00,32,1536,7680,0.001,tdx_local_catalog
snapshot-20260806T091453459470Z,2026-08-06,159062.XSHE,稀有金属ETF南方,XSHE,0,159062,sz159062,etf,930632,62,specetfdata.txt,catalog,available,True,True,True,True,True,2026-06-18,2026-08-06,2026-06-18 09:35,2026-08-06 15:00,2026-06-18 09:31,2026-08-06 15:00,35,1680,8400,0.001,tdx_local_catalog
snapshot-20260806T091453459470Z,2026-08-06,159063.XSHE,粮食ETF南方,XSHE,0,159063,sz159063,etf,399365,0,specetfdata.txt,catalog,available,True,True,True,True,True,2026-06-15,2026-08-06,2026-06-15 09:35,2026-08-06 15:00,2026-06-15 09:31,2026-08-06 15:00,38,1824,9120,0.001,tdx_local_catalog
snapshot-20260806T091453459470Z,2026-08-06,159065.XSHE,工程机械ETF景顺,XSHE,0,159065,sz159065,etf,931752,62,specetfdata.txt,catalog,available,True,True,True,True,True,2026-06-26,2026-08-06,2026-06-26 09:35,2026-08-06 15:00,2026-06-26 09:31,2026-08-06 15:00,30,1440,7200,0.001,tdx_local_catalog
snapshot-20260806T091453459470Z,2026-08-06,159066.XSHE,A股ETF建信,XSHE,0,159066,sz159066,etf,930903,62,specetfdata.txt,catalog,available,True,True,True,True,True,2026-07-06,2026-08-06,2026-07-06 09:35,2026-08-06 15:00,2026-07-06 09:31,2026-08-06 15:00,24,1152,5760,0.001,tdx_local_catalog
snapshot-20260806T091453459470Z,2026-08-06,159067.XSHE,绿色电力ETF鹏华,XSHE,0,159067,sz159067,etf,399438,0,specetfdata.txt,catalog,available,True,True,True,True,True,2026-07-13,2026-08-06,2026-07-13 09:35,2026-08-06 15:00,2026-07-13 09:31,2026-08-06 15:00,19,912,4560,0.001,tdx_local_catalog
snapshot-20260806T091453459470Z,2026-08-06,159068.XSHE,软件ETF华夏,XSHE,0,159068,sz159068,etf,H30202,62,specetfdata.txt,catalog,available,True,True,True,True,True,2026-07-08,2026-08-06,2026-07-08 09:35,2026-08-06 15:00,2026-07-08 09:31,2026-08-06 15:00,22,1056,5280,0.001,tdx_local_catalog
snapshot-20260806T091453459470Z,2026-08-06,159069.XSHE,创业板新能源ETF,XSHE,0,159069,sz159069,etf,399266,0,specetfdata.txt,catalog,available,True,True,True,True,True,2026-07-21,2026-08-06,2026-07-21 09:35,2026-08-06 15:00,2026-07-21 09:31,2026-08-06 15:00,13,624,3120,0.001,tdx_local_catalog
snapshot-20260806T091453459470Z,2026-08-06,159070.XSHE,工程机械ETF嘉实,XSHE,0,159070,sz159070,etf,931752,62,specetfdata.txt,catalog,available,True,True,True,True,True,2026-06-26,2026-08-06,2026-06-26 09:35,2026-08-06 15:00,2026-06-26 09:31,2026-08-06 15:00,30,1440,7200,0.001,tdx_local_catalog
snapshot-20260806T091453459470Z,2026-08-06,159071.XSHE,新能源电池ETF华,XSHE,0,159071,sz159071,etf,980027,102,specetfdata.txt,catalog,available,True,True,True,True,True,2026-06-18,2026-08-06,2026-06-18 09:35,2026-08-06 15:00,2026-06-18 09:31,2026-08-06 15:00,35,1680,8400,0.001,tdx_local_catalog
snapshot-20260806T091453459470Z,2026-08-06,159072.XSHE,粮食ETF景顺,XSHE,0,159072,sz159072,etf,399365,0,specetfdata.txt,catalog,available,True,True,True,True,True,2026-07-17,2026-08-06,2026-07-17 09:35,2026-08-06 15:00,2026-07-17 09:31,2026-08-06 15:00,15,720,3600,0.001,tdx_local_catalog
snapshot-20260806T091453459470Z,2026-08-06,159075.XSHE,工业互联网ETF华,XSHE,0,159075,sz159075,etf,931495,62,specetfdata.txt,catalog,available,True,True,True,True,True,2026-07-17,2026-08-06,2026-07-17 09:35,2026-08-06 15:00,2026-07-17 09:31,2026-08-06 15:00,15,720,3600,0.001,tdx_local_catalog
snapshot-20260806T091453459470Z,2026-08-06,159076.XSHE,创业板新能源ETF,XSHE,0,159076,sz159076,etf,399266,0,specetfdata.txt,catalog,available,True,True,True,True,True,2026-07-08,2026-08-06,2026-07-08 09:35,2026-08-06 15:00,2026-07-08 09:31,2026-08-06 15:00,22,1056,5280,0.001,tdx_local_catalog
snapshot-20260806T091453459470Z,2026-08-06,159078.XSHE,A股ETF富国,XSHE,0,159078,sz159078,etf,930903,62,specetfdata.txt,catalog,available,True,True,True,True,True,2026-07-08,2026-08-06,2026-07-08 09:35,2026-08-06 15:00,2026-07-08 09:31,2026-08-06 15:00,22,1056,5280,0.001,tdx_local_catalog
snapshot-20260806T091453459470Z,2026-08-06,159079.XSHE,价值ETF兴全,XSHE,0,159079,sz159079,etf,980081,102,specetfdata.txt,catalog,available,True,True,True,True,True,2026-08-03,2026-08-06,2026-08-03 09:35,2026-08-06 15:00,2026-08-03 09:31,2026-08-06 15:00,4,192,960,0.001,tdx_local_catalog
snapshot-20260806T091453459470Z,2026-08-06,159085.XSHE,价值ETF永赢,XSHE,0,159085,sz159085,etf,980081,102,specetfdata.txt,catalog,available,True,True,True,True,True,2026-07-20,2026-08-06,2026-07-20 09:35,2026-08-06 15:00,2026-07-20 09:31,2026-08-06 15:00,14,672,3360,0.001,tdx_local_catalog
snapshot-20260806T091453459470Z,2026-08-06,159086.XSHE,金融科技ETF广发,XSHE,0,159086,sz159086,etf,930986,62,specetfdata.txt,catalog,available,True,True,True,True,True,2026-07-30,2026-08-06,2026-07-30 09:35,2026-08-06 15:00,2026-07-30 09:31,2026-08-06 15:00,6,288,1440,0.001,tdx_local_catalog
snapshot-20260806T091453459470Z,2026-08-06,159087.XSHE,化工ETF万家,XSHE,0,159087,sz159087,etf,000813,62,specetfdata.txt,catalog,available,True,True,True,True,True,2026-08-03,2026-08-06,2026-08-03 09:35,2026-08-06 15:00,2026-08-03 09:31,2026-08-06 15:00,4,192,960,0.001,tdx_local_catalog
snapshot-20260806T091453459470Z,2026-08-06,159091.XSHE,港股通金融ETF易,XSHE,0,159091,sz159091,etf,H11146,62,specetfdata.txt,catalog,available,True,True,True,True,True,2026-07-16,2026-08-06,2026-07-16 09:35,2026-08-06 15:00,2026-07-16 09:31,2026-08-06 15:00,16,768,3840,0.001,tdx_local_catalog
snapshot-20260806T091453459470Z,2026-08-06,159093.XSHE,化工ETF汇添富,XSHE,0,159093,sz159093,etf,000813,62,specetfdata.txt,catalog,available,True,True,True,True,True,2026-07-30,2026-08-06,2026-07-30 09:35,2026-08-06 15:00,2026-07-30 09:31,2026-08-06 15:00,6,288,1440,0.001,tdx_local_catalog
snapshot-20260806T091453459470Z,2026-08-06,159099.XSHE,云计算ETF华宝,XSHE,0,159099,sz159099,etf,931469,62,specetfdata.txt,catalog,available,True,True,True,True,True,2026-07-30,2026-08-06,2026-07-30 09:35,2026-08-06 15:00,2026-07-30 09:31,2026-08-06 15:00,6,288,1440,0.001,tdx_local_catalog
snapshot-20260806T091453459470Z,2026-08-06,159100.XSHE,巴西ETF华夏,XSHE,0,159100,sz159100,etf,BOVESPA,12,specetfdata.txt,catalog,available,True,True,True,True,True,2025-11-13,2026-08-06,2025-11-13 09:35,2026-08-06 15:00,2026-04-27 09:31,2026-08-06 15:00,178,8544,16800,0.001,tdx_local_catalog
snapshot-20260806T091453459470Z,2026-08-06,159101.XSHE,港股通科技ETF华,XSHE,0,159101,sz159101,etf,987008,102,specetfdata.txt,catalog,available,True,True,True,True,True,2025-09-03,2026-08-06,2025-09-03 09:35,2026-08-06 15:00,2026-04-27 09:31,2026-08-06 15:00,223,10704,16800,0.001,tdx_local_catalog
snapshot-20260806T091453459470Z,2026-08-06,159102.XSHE,港股通生物科技ET,XSHE,0,159102,sz159102,etf,HZ5366,27,specetfdata.txt,catalog,available,True,True,True,True,True,2025-09-16,2026-08-06,2025-09-16 09:35,2026-08-06 15:00,2026-04-27 09:31,2026-08-06 15:00,214,10272,16800,0.001,tdx_local_catalog
snapshot-20260806T091453459470Z,2026-08-06,159103.XSHE,金融科技ETF汇添,XSHE,0,159103,sz159103,etf,930986,62,specetfdata.txt,catalog,available,True,True,True,True,True,2025-09-10,2026-08-06,2025-09-10 09:35,2026-08-06 15:00,2026-04-27 09:31,2026-08-06 15:00,218,10464,16800,0.001,tdx_local_catalog
snapshot-20260806T091453459470Z,2026-08-06,159105.XSHE,恒生生物科技ETF,XSHE,0,159105,sz159105,etf,HZ5366,27,specetfdata.txt,catalog,available,True,True,True,True,True,2025-11-03,2026-08-06,2025-11-03 09:35,2026-08-06 15:00,2026-04-27 09:31,2026-08-06 15:00,186,8928,16800,0.001,tdx_local_catalog
snapshot-20260806T091453459470Z,2026-08-06,159106.XSHE,民企300ETF前海开,XSHE,0,159106,sz159106,etf,931265,62,specetfdata.txt,catalog,available,True,True,True,True,True,2025-10-22,2026-08-06,2025-10-22 09:35,2026-08-06 15:00,2026-04-27 09:31,2026-08-06 15:00,194,9312,16800,0.001,tdx_local_catalog
snapshot-20260806T091453459470Z,2026-08-06,159107.XSHE,创业板软件ETF富,XSHE,0,159107,sz159107,etf,399264,0,specetfdata.txt,catalog,available,True,True,True,True,True,2025-09-22,2026-08-06,2025-09-22 09:35,2026-08-06 15:00,2026-04-27 09:31,2026-08-06 15:00,210,10080,16800,0.001,tdx_local_catalog
snapshot-20260806T091453459470Z,2026-08-06,159108.XSHE,工业软件ETF博时,XSHE,0,159108,sz159108,etf,980034,102,specetfdata.txt,catalog,available,True,True,True,True,True,2025-11-24,2026-08-06,2025-11-24 09:35,2026-08-06 15:00,2026-04-27 09:31,2026-08-06 15:00,171,8208,16800,0.001,tdx_local_catalog
snapshot-20260806T091453459470Z,2026-08-06,159109.XSHE,恒生50ETF景顺,XSHE,0,159109,sz159109,etf,HZ5556,27,specetfdata.txt,catalog,available,True,True,True,True,True,2025-10-10,2026-08-06,2025-10-10 09:35,2026-08-06 15:00,2026-04-27 09:31,2026-08-06 15:00,202,9696,16800,0.001,tdx_local_catalog
snapshot-20260806T091453459470Z,2026-08-06,159110.XSHE,科创债ETF万家,XSHE,0,159110,sz159110,etf,921130,62,specetfdata.txt,catalog,available,True,True,True,True,True,2025-09-24,2026-08-06,2025-09-24 09:35,2026-08-06 15:00,2026-04-27 09:31,2026-08-06 15:00,208,9984,16800,0.001,tdx_local_catalog
snapshot-20260806T091453459470Z,2026-08-06,159111.XSHE,科创债ETF天弘,XSHE,0,159111,sz159111,etf,932160,62,specetfdata.txt,catalog,available,True,True,True,True,True,2025-09-24,2026-08-06,2025-09-24 09:35,2026-08-06 15:00,2026-04-27 09:31,2026-08-06 15:00,208,9984,16800,0.001,tdx_local_catalog
snapshot-20260806T091453459470Z,2026-08-06,159112.XSHE,科创债ETF银华,XSHE,0,159112,sz159112,etf,932160,62,specetfdata.txt,catalog,available,True,True,True,True,True,2025-09-24,2026-08-06,2025-09-24 09:35,2026-08-06 15:00,2026-04-27 09:31,2026-08-06 15:00,208,9984,16800,0.001,tdx_local_catalog
snapshot-20260806T091453459470Z,2026-08-06,159113.XSHE,科创债ETF大成,XSHE,0,159113,sz159113,etf,932160,62,specetfdata.txt,catalog,available,True,True,True,True,True,2025-09-24,2026-08-06,2025-09-24 09:35,2026-08-06 15:00,2026-04-27 09:31,2026-08-06 15:00,208,9984,16800,0.001,tdx_local_catalog
snapshot-20260806T091453459470Z,2026-08-06,159115.XSHE,科创债ETF华安,XSHE,0,159115,sz159115,etf,932160,62,specetfdata.txt,catalog,available,True,True,True,True,True,2025-09-24,2026-08-06,2025-09-24 09:35,2026-08-06 15:00,2026-04-27 09:31,2026-08-06 15:00,208,9984,16800,0.001,tdx_local_catalog
snapshot-20260806T091453459470Z,2026-08-06,159116.XSHE,科创债ETF工银,XSHE,0,159116,sz159116,etf,932160,62,specetfdata.txt,catalog,available,True,True,True,True,True,2025-09-24,2026-08-06,2025-09-24 09:35,2026-08-06 15:00,2026-04-27 09:31,2026-08-06 15:00,208,9984,16800,0.001,tdx_local_catalog
snapshot-20260806T091453459470Z,2026-08-06,159117.XSHE,港股通红利低波ET,XSHE,0,159117,sz159117,etf,SPAHLVCP,12,specetfdata.txt,catalog,available,True,True,True,True,True,2025-10-17,2026-08-06,2025-10-17 09:35,2026-08-06 15:00,2026-04-27 09:31,2026-08-06 15:00,197,9456,16800,0.001,tdx_local_catalog
snapshot-20260806T091453459470Z,2026-08-06,159118.XSHE,港股通红利低波ET,XSHE,0,159118,sz159118,etf,SPAHLVCP,12,specetfdata.txt,catalog,available,True,True,True,True,True,2025-11-27,2026-08-06,2025-11-27 09:35,2026-08-06 15:00,2026-04-27 09:31,2026-08-06 15:00,168,8064,16800,0.001,tdx_local_catalog
snapshot-20260806T091453459470Z,2026-08-06,159119.XSHE,800现金流ETF招商,XSHE,0,159119,sz159119,etf,932368,62,specetfdata.txt,catalog,available,True,True,True,True,True,2025-11-13,2026-08-06,2025-11-13 09:35,2026-08-06 15:00,2026-04-27 09:31,2026-08-06 15:00,178,8544,16800,0.001,tdx_local_catalog
snapshot-20260806T091453459470Z,2026-08-06,159120.XSHE,港股通科技ETF国,XSHE,0,159120,sz159120,etf,HZ5506,27,specetfdata.txt,catalog,available,True,True,True,True,True,2025-11-13,2026-08-06,2025-11-13 09:35,2026-08-06 15:00,2026-04-27 09:31,2026-08-06 15:00,178,8544,16800,0.001,tdx_local_catalog
snapshot-20260806T091453459470Z,2026-08-06,159121.XSHE,港股通汽车ETF易,XSHE,0,159121,sz159121,etf,HZ5554,27,specetfdata.txt,catalog,available,True,True,True,True,True,2025-11-24,2026-08-06,2025-11-24 09:35,2026-08-06 15:00,2026-04-27 09:31,2026-08-06 15:00,171,8208,16800,0.001,tdx_local_catalog
snapshot-20260806T091453459470Z,2026-08-06,159122.XSHE,创业板新能源ETF,XSHE,0,159122,sz159122,etf,399266,0,specetfdata.txt,catalog,available,True,True,True,True,True,2025-11-03,2026-08-06,2025-11-03 09:35,2026-08-06 15:00,2026-04-27 09:31,2026-08-06 15:00,186,8928,16800,0.001,tdx_local_catalog
snapshot-20260806T091453459470Z,2026-08-06,159123.XSHE,光伏ETF嘉实,XSHE,0,159123,sz159123,etf,931151,62,specetfdata.txt,catalog,available,True,True,True,True,True,2025-11-27,2026-08-06,2025-11-27 09:35,2026-08-06 15:00,2026-04-27 09:31,2026-08-06 15:00,168,8064,16800,0.001,tdx_local_catalog
snapshot-20260806T091453459470Z,2026-08-06,159125.XSHE,港股通科技ETF招,XSHE,0,159125,sz159125,etf,987008,102,specetfdata.txt,catalog,available,True,True,True,True,True,2025-11-06,2026-08-06,2025-11-06 09:35,2026-08-06 15:00,2026-04-27 09:31,2026-08-06 15:00,183,8784,16800,0.001,tdx_local_catalog
snapshot-20260806T091453459470Z,2026-08-06,159126.XSHE,港股通50ETF南方,XSHE,0,159126,sz159126,etf,930931,62,specetfdata.txt,catalog,available,True,True,True,True,True,2025-11-03,2026-08-06,2025-11-03 09:35,2026-08-06 15:00,2026-04-27 09:31,2026-08-06 15:00,186,8928,16800,0.001,tdx_local_catalog
snapshot-20260806T091453459470Z,2026-08-06,159127.XSHE,港股通红利ETF南,XSHE,0,159127,sz159127,etf,930914,62,specetfdata.txt,catalog,available,True,True,True,True,True,2025-11-20,2026-08-06,2025-11-20 09:35,2026-08-06 15:00,2026-04-27 09:31,2026-08-06 15:00,173,8304,16800,0.001,tdx_local_catalog
snapshot-20260806T091453459470Z,2026-08-06,159128.XSHE,港股科技ETF天弘,XSHE,0,159128,sz159128,etf,987008,102,specetfdata.txt,catalog,available,True,True,True,True,True,2025-11-13,2026-08-06,2025-11-13 09:35,2026-08-06 15:00,2026-04-27 09:31,2026-08-06 15:00,178,8544,16800,0.001,tdx_local_catalog
snapshot-20260806T091453459470Z,2026-08-06,159129.XSHE,化工ETF嘉实,XSHE,0,159129,sz159129,etf,000813,62,specetfdata.txt,catalog,available,True,True,True,True,True,2025-11-14,2026-08-06,2025-11-14 09:35,2026-08-06 15:00,2026-04-27 09:31,2026-08-06 15:00,177,8496,16800,0.001,tdx_local_catalog
snapshot-20260806T091453459470Z,2026-08-06,159130.XSHE,恒生生物科技ETF,XSHE,0,159130,sz159130,etf,HZ5366,27,specetfdata.txt,catalog,available,True,True,True,True,True,2025-11-27,2026-08-06,2025-11-27 09:35,2026-08-06 15:00,2026-04-27 09:31,2026-08-06 15:00,168,8064,16800,0.001,tdx_local_catalog
snapshot-20260806T091453459470Z,2026-08-06,159131.XSHE,港股通信息技术ET,XSHE,0,159131,sz159131,etf,930967,62,specetfdata.txt,catalog,available,True,True,True,True,True,2025-11-13,2026-08-06,2025-11-13 09:35,2026-08-06 15:00,2026-04-27 09:31,2026-08-06 15:00,178,8544,16800,0.001,tdx_local_catalog
snapshot-20260806T091453459470Z,2026-08-06,159132.XSHE,恒生生物科技ETF,XSHE,0,159132,sz159132,etf,HZ5366,27,specetfdata.txt,catalog,available,True,True,True,True,True,2026-01-08,2026-08-06,2026-01-08 09:35,2026-08-06 15:00,2026-04-27 09:31,2026-08-06 15:00,140,6720,16800,0.001,tdx_local_catalog
snapshot-20260806T091453459470Z,2026-08-06,159133.XSHE,化工ETF天弘,XSHE,0,159133,sz159133,etf,000813,62,specetfdata.txt,catalog,available,True,True,True,True,True,2025-11-25,2026-08-06,2025-11-25 09:35,2026-08-06 15:00,2026-04-27 09:31,2026-08-06 15:00,170,8160,16800,0.001,tdx_local_catalog
snapshot-20260806T091453459470Z,2026-08-06,159135.XSHE,港股通科技ETF前,XSHE,0,159135,sz159135,etf,HZ5506,27,specetfdata.txt,catalog,available,True,True,True,True,True,2026-02-11,2026-08-06,2026-02-11 09:35,2026-08-06 15:00,2026-04-27 09:31,2026-08-06 15:00,116,5568,16800,0.001,tdx_local_catalog
snapshot-20260806T091453459470Z,2026-08-06,159136.XSHE,A50ETF广发,XSHE,0,159136,sz159136,etf,930050,62,specetfdata.txt,catalog,available,True,True,True,True,True,2025-12-25,2026-08-06,2025-12-25 09:35,2026-08-06 15:00,2026-04-27 09:31,2026-08-06 15:00,148,7104,16800,0.001,tdx_local_catalog
snapshot-20260806T091453459470Z,2026-08-06,159137.XSHE,港股通医疗ETF华,XSHE,0,159137,sz159137,etf,932069,62,specetfdata.txt,catalog,available,True,True,True,True,True,2026-01-12,2026-08-06,2026-01-12 09:35,2026-08-06 15:00,2026-04-27 09:31,2026-08-06 15:00,138,6624,16800,0.001,tdx_local_catalog
snapshot-20260806T091453459470Z,2026-08-06,159138.XSHE,工程机械ETF易方,XSHE,0,159138,sz159138,etf,931752,62,specetfdata.txt,catalog,available,True,True,True,True,True,2026-01-13,2026-08-06,2026-01-13 09:35,2026-08-06 15:00,2026-04-27 09:31,2026-08-06 15:00,137,6576,16800,0.001,tdx_local_catalog
snapshot-20260806T091453459470Z,2026-08-06,159139.XSHE,科创创业人工智能,XSHE,0,159139,sz159139,etf,932456,62,specetfdata.txt,catalog,available,True,True,True,True,True,2025-12-19,2026-08-06,2025-12-19 09:35,2026-08-06 15:00,2026-04-27 09:31,2026-08-06 15:00,152,7296,16800,0.001,tdx_local_catalog
snapshot-20260806T091453459470Z,2026-08-06,159140.XSHE,科创创业人工智能,XSHE,0,159140,sz159140,etf,932456,62,specetfdata.txt,catalog,available,True,True,True,True,True,2025-12-18,2026-08-06,2025-12-18 09:35,2026-08-06 15:00,2026-04-27 09:31,2026-08-06 15:00,153,7344,16800,0.001,tdx_local_catalog
snapshot-20260806T091453459470Z,2026-08-06,159141.XSHE,科创创业人工智能,XSHE,0,159141,sz159141,etf,932456,62,specetfdata.txt,catalog,available,True,True,True,True,True,2025-12-11,2026-08-06,2025-12-11 09:35,2026-08-06 15:00,2026-04-27 09:31,2026-08-06 15:00,158,7584,16800,0.001,tdx_local_catalog
snapshot-20260806T091453459470Z,2026-08-06,159142.XSHE,科创创业人工智能,XSHE,0,159142,sz159142,etf,932456,62,specetfdata.txt,catalog,available,True,True,True,True,True,2025-12-12,2026-08-06,2025-12-12 09:35,2026-08-06 15:00,2026-04-27 09:31,2026-08-06 15:00,157,7536,16800,0.001,tdx_local_catalog
snapshot-20260806T091453459470Z,2026-08-06,159143.XSHE,港股通央企红利ET,XSHE,0,159143,sz159143,etf,HZ5492,27,specetfdata.txt,catalog,available,True,True,True,True,True,2026-01-12,2026-08-06,2026-01-12 09:35,2026-08-06 15:00,2026-04-27 09:31,2026-08-06 15:00,138,6624,16800,0.001,tdx_local_catalog
snapshot-20260806T091453459470Z,2026-08-06,159145.XSHE,工业软件ETF广发,XSHE,0,159145,sz159145,etf,980034,102,specetfdata.txt,catalog,available,True,True,True,True,True,2026-01-19,2026-08-06,2026-01-19 09:35,2026-08-06 15:00,2026-04-27 09:31,2026-08-06 15:00,133,6384,16800,0.001,tdx_local_catalog
snapshot-20260806T091453459470Z,2026-08-06,159146.XSHE,电力ETF华宝,XSHE,0,159146,sz159146,etf,H30199,62,specetfdata.txt,catalog,available,True,True,True,True,True,2026-01-20,2026-08-06,2026-01-20 09:35,2026-08-06 15:00,2026-04-27 09:31,2026-08-06 15:00,132,6336,16800,0.001,tdx_local_catalog
snapshot-20260806T091453459470Z,2026-08-06,159147.XSHE,电池ETF南方,XSHE,0,159147,sz159147,etf,931719,62,specetfdata.txt,catalog,available,True,True,True,True,True,2026-01-23,2026-08-06,2026-01-23 09:35,2026-08-06 15:00,2026-04-27 09:31,2026-08-06 15:00,129,6192,16800,0.001,tdx_local_catalog
snapshot-20260806T091453459470Z,2026-08-06,159148.XSHE,石油ETF富国,XSHE,0,159148,sz159148,etf,399439,0,specetfdata.txt,catalog,available,True,True,True,True,True,2026-02-11,2026-08-06,2026-02-11 09:35,2026-08-06 15:00,2026-04-27 09:31,2026-08-06 15:00,116,5568,16800,0.001,tdx_local_catalog
snapshot-20260806T091453459470Z,2026-08-06,159149.XSHE,创业板新能源ETF,XSHE,0,159149,sz159149,etf,399266,0,specetfdata.txt,catalog,available,True,True,True,True,True,2026-01-20,2026-08-06,2026-01-20 09:35,2026-08-06 15:00,2026-04-27 09:31,2026-08-06 15:00,132,6336,16800,0.001,tdx_local_catalog
snapshot-20260806T091453459470Z,2026-08-06,159150.XSHE,深证50ETF易方达,XSHE,0,159150,sz159150,etf,399850,0,specetfdata.txt,catalog,available,True,True,True,True,True,2023-12-11,2026-08-06,2024-10-08 09:35,2026-08-06 15:00,2026-04-27 09:31,2026-08-06 15:00,643,21456,16800,0.001,tdx_local_catalog
snapshot-20260806T091453459470Z,2026-08-06,159151.XSHE,食品ETF华夏,XSHE,0,159151,sz159151,etf,H30192,62,specetfdata.txt,catalog,available,True,True,True,True,True,2026-01-14,2026-08-06,2026-01-14 09:35,2026-08-06 15:00,2026-04-27 09:31,2026-08-06 15:00,136,6528,16800,0.001,tdx_local_catalog
snapshot-20260806T091453459470Z,2026-08-06,159152.XSHE,港股通科技ETF平,XSHE,0,159152,sz159152,etf,HZ5506,27,specetfdata.txt,catalog,available,True,True,True,True,True,2026-02-03,2026-08-06,2026-02-03 09:35,2026-08-06 15:00,2026-04-27 09:31,2026-08-06 15:00,122,5856,16800,0.001,tdx_local_catalog
snapshot-20260806T091453459470Z,2026-08-06,159153.XSHE,消费电子ETF鹏华,XSHE,0,159153,sz159153,etf,980030,102,specetfdata.txt,catalog,available,True,True,True,True,True,2026-02-09,2026-08-06,2026-02-09 09:35,2026-08-06 15:00,2026-04-27 09:31,2026-08-06 15:00,118,5664,16800,0.001,tdx_local_catalog
snapshot-20260806T091453459470Z,2026-08-06,159155.XSHE,电池ETF大成,XSHE,0,159155,sz159155,etf,931719,62,specetfdata.txt,catalog,available,True,True,True,True,True,2026-01-21,2026-08-06,2026-01-21 09:35,2026-08-06 15:00,2026-04-27 09:31,2026-08-06 15:00,131,6288,16800,0.001,tdx_local_catalog
snapshot-20260806T091453459470Z,2026-08-06,159156.XSHE,电池ETF万家,XSHE,0,159156,sz159156,etf,980032,102,specetfdata.txt,catalog,available,True,True,True,True,True,2026-02-12,2026-08-06,2026-02-12 09:35,2026-08-06 15:00,2026-04-27 09:31,2026-08-06 15:00,115,5520,16800,0.001,tdx_local_catalog
snapshot-20260806T091453459470Z,2026-08-06,159157.XSHE,有色金属ETF天弘,XSHE,0,159157,sz159157,etf,H11059,62,specetfdata.txt,catalog,available,True,True,True,True,True,2026-02-06,2026-08-06,2026-02-06 09:35,2026-08-06 15:00,2026-04-27 09:31,2026-08-06 15:00,119,5712,16800,0.001,tdx_local_catalog
snapshot-20260806T091453459470Z,2026-08-06,159158.XSHE,电力ETF景顺,XSHE,0,159158,sz159158,etf,H30199,62,specetfdata.txt,catalog,available,True,True,True,True,True,2026-01-27,2026-08-06,2026-01-27 09:35,2026-08-06 15:00,2026-04-27 09:31,2026-08-06 15:00,127,6096,16800,0.001,tdx_local_catalog
snapshot-20260806T091453459470Z,2026-08-06,159159.XSHE,公用事业ETF国投,XSHE,0,159159,sz159159,etf,000995,62,specetfdata.txt,catalog,available,True,True,True,True,True,2026-02-12,2026-08-06,2026-02-12 09:35,2026-08-06 15:00,2026-04-27 09:31,2026-08-06 15:00,115,5520,16800,0.001,tdx_local_catalog
snapshot-20260806T091453459470Z,2026-08-06,159160.XSHE,电池ETF东财,XSHE,0,159160,sz159160,etf,931719,62,specetfdata.txt,catalog,available,True,True,True,True,True,2026-03-27,2026-08-06,2026-03-27 09:35,2026-08-06 15:00,2026-04-27 09:31,2026-08-06 15:00,90,4320,16800,0.001,tdx_local_catalog
snapshot-20260806T091453459470Z,2026-08-06,159161.XSHE,工程机械ETF东财,XSHE,0,159161,sz159161,etf,931752,62,specetfdata.txt,catalog,available,True,True,True,True,True,2026-07-07,2026-08-06,2026-07-07 09:35,2026-08-06 15:00,2026-07-07 09:31,2026-08-06 15:00,23,1104,5520,0.001,tdx_local_catalog
snapshot-20260806T091453459470Z,2026-08-06,159162.XSHE,工业有色ETF鹏华,XSHE,0,159162,sz159162,etf,H11059,62,specetfdata.txt,catalog,available,True,True,True,True,True,2026-01-29,2026-08-06,2026-01-29 09:35,2026-08-06 15:00,2026-04-27 09:31,2026-08-06 15:00,125,6000,16800,0.001,tdx_local_catalog
snapshot-20260806T091453459470Z,2026-08-06,159163.XSHE,有色ETF泰康,XSHE,0,159163,sz159163,etf,931892,62,specetfdata.txt,catalog,available,True,True,True,True,True,2026-02-09,2026-08-06,2026-02-09 09:35,2026-08-06 15:00,2026-04-27 09:31,2026-08-06 15:00,118,5664,16800,0.001,tdx_local_catalog
snapshot-20260806T091453459470Z,2026-08-06,159165.XSHE,养殖ETF永赢,XSHE,0,159165,sz159165,etf,931946,62,specetfdata.txt,catalog,available,True,True,True,True,True,2026-02-12,2026-08-06,2026-02-12 09:35,2026-08-06 15:00,2026-04-27 09:31,2026-08-06 15:00,115,5520,16800,0.001,tdx_local_catalog
snapshot-20260806T091453459470Z,2026-08-06,159166.XSHE,现金流ETF长城,XSHE,0,159166,sz159166,etf,980092,102,specetfdata.txt,catalog,available,True,True,True,True,True,2026-03-18,2026-08-06,2026-03-18 09:35,2026-08-06 15:00,2026-04-27 09:31,2026-08-06 15:00,97,4656,16800,0.001,tdx_local_catalog
snapshot-20260806T091453459470Z,2026-08-06,159167.XSHE,港股通医疗ETF工,XSHE,0,159167,sz159167,etf,932069,62,specetfdata.txt,catalog,available,True,True,True,True,True,2026-02-12,2026-08-06,2026-02-12 09:35,2026-08-06 15:00,2026-04-27 09:31,2026-08-06 15:00,115,5520,16800,0.001,tdx_local_catalog
snapshot-20260806T091453459470Z,2026-08-06,159168.XSHE,有色ETF富国,XSHE,0,159168,sz159168,etf,H11059,62,specetfdata.txt,catalog,available,True,True,True,True,True,2026-02-12,2026-08-06,2026-02-12 09:35,2026-08-06 15:00,2026-04-27 09:31,2026-08-06 15:00,115,5520,16800,0.001,tdx_local_catalog
snapshot-20260806T091453459470Z,2026-08-06,159169.XSHE,恒生生物科技ETF,XSHE,0,159169,sz159169,etf,HZ5366,27,specetfdata.txt,catalog,available,True,True,True,True,True,2026-03-04,2026-08-06,2026-03-04 09:35,2026-08-06 15:00,2026-04-27 09:31,2026-08-06 15:00,107,5136,16800,0.001,tdx_local_catalog
snapshot-20260806T091453459470Z,2026-08-06,159170.XSHE,港股通互联网ETF,XSHE,0,159170,sz159170,etf,987022,102,specetfdata.txt,catalog,available,True,True,True,True,True,2026-03-19,2026-08-06,2026-03-19 09:35,2026-08-06 15:00,2026-04-27 09:31,2026-08-06 15:00,96,4608,16800,0.001,tdx_local_catalog
snapshot-20260806T091453459470Z,2026-08-06,159171.XSHE,工业有色ETF博时,XSHE,0,159171,sz159171,etf,H11059,62,specetfdata.txt,catalog,available,True,True,True,True,True,2026-03-05,2026-08-06,2026-03-05 09:35,2026-08-06 15:00,2026-04-27 09:31,2026-08-06 15:00,106,5088,16800,0.001,tdx_local_catalog
snapshot-20260806T091453459470Z,2026-08-06,159172.XSHE,养殖ETF汇添富,XSHE,0,159172,sz159172,etf,931946,62,specetfdata.txt,catalog,available,True,True,True,True,True,2026-03-20,2026-08-06,2026-03-20 09:35,2026-08-06 15:00,2026-04-27 09:31,2026-08-06 15:00,95,4560,16800,0.001,tdx_local_catalog
snapshot-20260806T091453459470Z,2026-08-06,159173.XSHE,农牧ETF南方,XSHE,0,159173,sz159173,etf,930910,62,specetfdata.txt,catalog,available,True,True,True,True,True,2026-04-02,2026-08-06,2026-04-02 09:35,2026-08-06 15:00,2026-04-27 09:31,2026-08-06 15:00,86,4128,16800,0.001,tdx_local_catalog
snapshot-20260806T091453459470Z,2026-08-06,159175.XSHE,电池ETF易方达,XSHE,0,159175,sz159175,etf,931719,62,specetfdata.txt,catalog,available,True,True,True,True,True,2026-03-05,2026-08-06,2026-03-05 09:35,2026-08-06 15:00,2026-04-27 09:31,2026-08-06 15:00,106,5088,16800,0.001,tdx_local_catalog
snapshot-20260806T091453459470Z,2026-08-06,159176.XSHE,家电ETF华宝,XSHE,0,159176,sz159176,etf,930697,62,specetfdata.txt,catalog,available,True,True,True,True,True,2026-04-03,2026-08-06,2026-04-03 09:35,2026-08-06 15:00,2026-04-27 09:31,2026-08-06 15:00,85,4080,16800,0.001,tdx_local_catalog
snapshot-20260806T091453459470Z,2026-08-06,159177.XSHE,工程机械ETF鹏华,XSHE,0,159177,sz159177,etf,931752,62,specetfdata.txt,catalog,available,True,True,True,True,True,2026-04-02,2026-08-06,2026-04-02 09:35,2026-08-06 15:00,2026-04-27 09:31,2026-08-06 15:00,86,4128,16800,0.001,tdx_local_catalog
snapshot-20260806T091453459470Z,2026-08-06,159178.XSHE,消费电子ETF汇添,XSHE,0,159178,sz159178,etf,980030,102,specetfdata.txt,catalog,available,True,True,True,True,True,2026-04-28,2026-08-06,2026-04-28 09:35,2026-08-06 15:00,2026-04-28 09:31,2026-08-06 15:00,69,3312,16560,0.001,tdx_local_catalog
snapshot-20260806T091453459470Z,2026-08-06,159179.XSHE,港股通互联网ETF,XSHE,0,159179,sz159179,etf,931637,62,specetfdata.txt,catalog,available,True,True,True,True,True,2026-04-03,2026-08-06,2026-04-03 09:35,2026-08-06 15:00,2026-04-27 09:31,2026-08-06 15:00,85,4080,16800,0.001,tdx_local_catalog
snapshot-20260806T091453459470Z,2026-08-06,159180.XSHE,软件ETF银华,XSHE,0,159180,sz159180,etf,980034,102,specetfdata.txt,catalog,available,True,True,True,True,True,2026-04-03,2026-08-06,2026-04-03 09:35,2026-08-06 15:00,2026-04-27 09:31,2026-08-06 15:00,85,4080,16800,0.001,tdx_local_catalog
snapshot-20260806T091453459470Z,2026-08-06,159181.XSHE,石油ETF易方达,XSHE,0,159181,sz159181,etf,399439,0,specetfdata.txt,catalog,available,True,True,True,True,True,2026-03-19,2026-08-06,2026-03-19 09:35,2026-08-06 15:00,2026-04-27 09:31,2026-08-06 15:00,96,4608,16800,0.001,tdx_local_catalog
snapshot-20260806T091453459470Z,2026-08-06,159182.XSHE,家电ETF南方,XSHE,0,159182,sz159182,etf,930697,62,specetfdata.txt,catalog,available,True,True,True,True,True,2026-05-08,2026-08-06,2026-05-08 09:35,2026-08-06 15:00,2026-05-08 09:31,2026-08-06 15:00,64,3072,15360,0.001,tdx_local_catalog
snapshot-20260806T091453459470Z,2026-08-06,159183.XSHE,新能源车ETF招商,XSHE,0,159183,sz159183,etf,399976,0,specetfdata.txt,catalog,available,True,True,True,True,True,2026-03-24,2026-08-06,2026-03-24 09:35,2026-08-06 15:00,2026-04-27 09:31,2026-08-06 15:00,93,4464,16800,0.001,tdx_local_catalog
snapshot-20260806T091453459470Z,2026-08-06,159185.XSHE,港股通信息技术ET,XSHE,0,159185,sz159185,etf,930967,62,specetfdata.txt,catalog,available,True,True,True,True,True,2026-04-24,2026-08-06,2026-04-24 09:35,2026-08-06 15:00,2026-04-27 09:31,2026-08-06 15:00,71,3408,16800,0.001,tdx_local_catalog
snapshot-20260806T091453459470Z,2026-08-06,159186.XSHE,港股通汽车ETF鹏,XSHE,0,159186,sz159186,etf,HZ5554,27,specetfdata.txt,catalog,available,True,True,True,True,True,2026-04-20,2026-08-06,2026-04-20 09:35,2026-08-06 15:00,2026-04-27 09:31,2026-08-06 15:00,75,3600,16800,0.001,tdx_local_catalog
snapshot-20260806T091453459470Z,2026-08-06,159187.XSHE,创业板新能源ETF,XSHE,0,159187,sz159187,etf,399266,0,specetfdata.txt,catalog,available,True,True,True,True,True,2026-04-01,2026-08-06,2026-04-01 09:35,2026-08-06 15:00,2026-04-27 09:31,2026-08-06 15:00,87,4176,16800,0.001,tdx_local_catalog
snapshot-20260806T091453459470Z,2026-08-06,159188.XSHE,红利100ETF景顺,XSHE,0,159188,sz159188,etf,SPCADMCP,12,specetfdata.txt,catalog,available,True,True,True,True,True,2026-04-10,2026-08-06,2026-04-10 09:35,2026-08-06 15:00,2026-04-27 09:31,2026-08-06 15:00,81,3888,16800,0.001,tdx_local_catalog
snapshot-20260806T091453459470Z,2026-08-06,159189.XSHE,石油ETF华夏,XSHE,0,159189,sz159189,etf,399439,0,specetfdata.txt,catalog,available,True,True,True,True,True,2026-03-19,2026-08-06,2026-03-19 09:35,2026-08-06 15:00,2026-04-27 09:31,2026-08-06 15:00,96,4608,16800,0.001,tdx_local_catalog
snapshot-20260806T091453459470Z,2026-08-06,159190.XSHE,创业板新能源ETF,XSHE,0,159190,sz159190,etf,399266,0,specetfdata.txt,catalog,available,True,True,True,True,True,2026-03-30,2026-08-06,2026-03-30 09:35,2026-08-06 15:00,2026-04-27 09:31,2026-08-06 15:00,89,4272,16800,0.001,tdx_local_catalog
snapshot-20260806T091453459470Z,2026-08-06,159191.XSHE,港股通科技ETF易,XSHE,0,159191,sz159191,etf,987008,102,specetfdata.txt,catalog,available,True,True,True,True,True,2026-03-26,2026-08-06,2026-03-26 09:35,2026-08-06 15:00,2026-04-27 09:31,2026-08-06 15:00,91,4368,16800,0.001,tdx_local_catalog
snapshot-20260806T091453459470Z,2026-08-06,159192.XSHE,家电ETF汇添富,XSHE,0,159192,sz159192,etf,931021,62,specetfdata.txt,catalog,available,True,True,True,True,True,2026-04-30,2026-08-06,2026-04-30 09:35,2026-08-06 15:00,2026-04-30 09:31,2026-08-06 15:00,66,3168,15840,0.001,tdx_local_catalog
snapshot-20260806T091453459470Z,2026-08-06,159193.XSHE,新能源电池ETF银,XSHE,0,159193,sz159193,etf,980027,102,specetfdata.txt,catalog,available,True,True,True,True,True,2026-05-06,2026-08-06,2026-05-06 09:35,2026-08-06 15:00,2026-05-06 09:31,2026-08-06 15:00,66,3168,15840,0.001,tdx_local_catalog
snapshot-20260806T091453459470Z,2026-08-06,159195.XSHE,石油ETF华安,XSHE,0,159195,sz159195,etf,399439,0,specetfdata.txt,catalog,available,True,True,True,True,True,2026-04-02,2026-08-06,2026-04-02 09:35,2026-08-06 15:00,2026-04-27 09:31,2026-08-06 15:00,86,4128,16800,0.001,tdx_local_catalog
snapshot-20260806T091453459470Z,2026-08-06,159196.XSHE,港股通信息技术ET,XSHE,0,159196,sz159196,etf,930967,62,specetfdata.txt,catalog,available,True,True,True,True,True,2026-04-02,2026-08-06,2026-04-02 09:35,2026-08-06 15:00,2026-04-27 09:31,2026-08-06 15:00,86,4128,16800,0.001,tdx_local_catalog
snapshot-20260806T091453459470Z,2026-08-06,159197.XSHE,石油ETF招商,XSHE,0,159197,sz159197,etf,399439,0,specetfdata.txt,catalog,available,True,True,True,True,True,2026-04-02,2026-08-06,2026-04-02 09:35,2026-08-06 15:00,2026-04-27 09:31,2026-08-06 15:00,86,4128,16800,0.001,tdx_local_catalog
snapshot-20260806T091453459470Z,2026-08-06,159198.XSHE,港股通信息技术ET,XSHE,0,159198,sz159198,etf,930967,62,specetfdata.txt,catalog,available,True,True,True,True,True,2026-04-03,2026-08-06,2026-04-03 09:35,2026-08-06 15:00,2026-04-27 09:31,2026-08-06 15:00,85,4080,16800,0.001,tdx_local_catalog
snapshot-20260806T091453459470Z,2026-08-06,159199.XSHE,石油ETF平安,XSHE,0,159199,sz159199,etf,399439,0,specetfdata.txt,catalog,available,True,True,True,True,True,2026-04-09,2026-08-06,2026-04-09 09:35,2026-08-06 15:00,2026-04-27 09:31,2026-08-06 15:00,82,3936,16800,0.001,tdx_local_catalog
snapshot-20260806T091453459470Z,2026-08-06,159200.XSHE,科创债ETF富国,XSHE,0,159200,sz159200,etf,932160,62,specetfdata.txt,catalog,available,True,True,True,True,True,2025-07-17,2026-08-06,2025-07-17 09:35,2026-08-06 15:00,2026-04-27 09:31,2026-08-06 15:00,257,12336,16800,0.001,tdx_local_catalog
snapshot-20260806T091453459470Z,2026-08-06,159201.XSHE,自由现金流ETF华,XSHE,0,159201,sz159201,etf,980092,102,specetfdata.txt,catalog,available,True,True,True,True,True,2025-02-27,2026-08-06,2025-02-27 09:35,2026-08-06 15:00,2026-04-27 09:31,2026-08-06 15:00,352,16896,16800,0.001,tdx_local_catalog
snapshot-20260806T091453459470Z,2026-08-06,159202.XSHE,恒生互联网ETF万,XSHE,0,159202,sz159202,etf,HZ5312,27,specetfdata.txt,catalog,available,True,True,True,True,True,2025-04-16,2026-08-06,2025-04-16 09:35,2026-08-06 15:00,2026-04-27 09:31,2026-08-06 15:00,319,15312,16800,0.001,tdx_local_catalog
snapshot-20260806T091453459470Z,2026-08-06,159203.XSHE,大盘成长ETF博时,XSHE,0,159203,sz159203,etf,399372,0,specetfdata.txt,catalog,available,True,True,True,True,True,2025-06-30,2026-08-06,2025-06-30 09:35,2026-08-06 15:00,2026-04-27 09:31,2026-08-06 15:00,269,12912,16560,0.001,tdx_local_catalog
snapshot-20260806T091453459470Z,2026-08-06,159205.XSHE,创业板ETF东财,XSHE,0,159205,sz159205,etf,399006,0,specetfdata.txt,catalog,available,True,True,True,True,True,2025-06-12,2026-08-06,2025-06-12 09:35,2026-08-06 15:00,2026-04-27 09:31,2026-08-06 15:00,282,13536,16800,0.001,tdx_local_catalog
snapshot-20260806T091453459470Z,2026-08-06,159206.XSHE,卫星ETF永赢,XSHE,0,159206,sz159206,etf,980018,102,specetfdata.txt,catalog,available,True,True,True,True,True,2025-03-14,2026-08-06,2025-03-14 09:35,2026-08-06 15:00,2026-04-27 09:31,2026-08-06 15:00,341,16368,16800,0.001,tdx_local_catalog
snapshot-20260806T091453459470Z,2026-08-06,159207.XSHE,高股息ETF广发,XSHE,0,159207,sz159207,etf,932305,62,specetfdata.txt,catalog,available,True,True,True,True,True,2025-04-09,2026-08-06,2025-04-09 09:35,2026-08-06 15:00,2026-04-27 09:31,2026-08-06 15:00,324,15552,16800,0.001,tdx_local_catalog
snapshot-20260806T091453459470Z,2026-08-06,159208.XSHE,航空航天ETF万家,XSHE,0,159208,sz159208,etf,CN5082,102,specetfdata.txt,catalog,available,True,True,True,True,True,2025-05-12,2026-08-06,2025-05-12 09:35,2026-08-06 15:00,2026-04-27 09:31,2026-08-06 15:00,304,14592,16800,0.001,tdx_local_catalog
snapshot-20260806T091453459470Z,2026-08-06,159209.XSHE,红利质量ETF招商,XSHE,0,159209,sz159209,etf,932315,62,specetfdata.txt,catalog,available,True,True,True,True,True,2025-03-25,2026-08-06,2025-03-25 09:35,2026-08-06 15:00,2026-04-27 09:31,2026-08-06 15:00,334,16032,16800,0.001,tdx_local_catalog
snapshot-20260806T091453459470Z,2026-08-06,159210.XSHE,港股通汽车ETF汇,XSHE,0,159210,sz159210,etf,931239,62,specetfdata.txt,catalog,available,True,True,True,True,True,2025-06-04,2026-08-06,2025-06-04 09:35,2026-08-06 15:00,2026-04-27 09:31,2026-08-06 15:00,288,13824,16800,0.001,tdx_local_catalog
snapshot-20260806T091453459470Z,2026-08-06,159211.XSHE,深证100ETF富国,XSHE,0,159211,sz159211,etf,399330,0,specetfdata.txt,catalog,available,True,True,True,True,True,2025-04-14,2026-08-06,2025-04-14 09:35,2026-08-06 15:00,2026-04-27 09:31,2026-08-06 15:00,320,15360,16560,0.001,tdx_local_catalog
snapshot-20260806T091453459470Z,2026-08-06,159212.XSHE,深100ETF南方,XSHE,0,159212,sz159212,etf,399330,0,specetfdata.txt,catalog,available,True,True,True,True,True,2025-04-09,2026-08-06,2025-04-09 09:35,2026-08-06 15:00,2026-04-27 09:31,2026-08-06 15:00,324,15552,16800,0.001,tdx_local_catalog
snapshot-20260806T091453459470Z,2026-08-06,159213.XSHE,机器人ETF汇添富,XSHE,0,159213,sz159213,etf,H30590,62,specetfdata.txt,catalog,available,True,True,True,True,True,2025-04-30,2026-08-06,2025-04-30 09:35,2026-08-06 15:00,2026-04-27 09:31,2026-08-06 15:00,309,14832,16800,0.001,tdx_local_catalog
snapshot-20260806T091453459470Z,2026-08-06,159215.XSHE,A500ETF平安,XSHE,0,159215,sz159215,etf,000510,1,specetfdata.txt,catalog,available,True,True,True,True,True,2025-04-07,2026-08-06,2025-04-07 09:35,2026-08-06 15:00,2026-04-27 09:31,2026-08-06 15:00,326,15648,16800,0.001,tdx_local_catalog
snapshot-20260806T091453459470Z,2026-08-06,159216.XSHE,深证100ETF大成,XSHE,0,159216,sz159216,etf,399330,0,specetfdata.txt,catalog,available,True,True,True,True,True,2025-04-11,2026-08-06,2025-04-11 09:35,2026-08-06 15:00,2026-04-27 09:31,2026-08-06 15:00,321,15408,16800,0.001,tdx_local_catalog
snapshot-20260806T091453459470Z,2026-08-06,159217.XSHE,港股通创新药ETF,XSHE,0,159217,sz159217,etf,987018,102,specetfdata.txt,catalog,available,True,True,True,True,True,2025-04-03,2026-08-06,2025-04-03 09:35,2026-08-06 15:00,2026-04-27 09:31,2026-08-06 15:00,327,15696,16800,0.001,tdx_local_catalog
snapshot-20260806T091453459470Z,2026-08-06,159218.XSHE,卫星ETF招商,XSHE,0,159218,sz159218,etf,931594,62,specetfdata.txt,catalog,available,True,True,True,True,True,2025-05-22,2026-08-06,2025-05-22 09:35,2026-08-06 15:00,2026-04-27 09:31,2026-08-06 15:00,296,14208,16800,0.001,tdx_local_catalog
snapshot-20260806T091453459470Z,2026-08-06,159219.XSHE,深证100ETF融通,XSHE,0,159219,sz159219,etf,399330,0,specetfdata.txt,catalog,available,True,True,True,True,True,2025-05-13,2026-08-06,2025-05-13 09:35,2026-08-06 15:00,2026-04-27 09:31,2026-08-06 15:00,303,14544,16800,0.001,tdx_local_catalog
snapshot-20260806T091453459470Z,2026-08-06,159220.XSHE,港股通红利低波ET,XSHE,0,159220,sz159220,etf,SPAHLVCP,12,specetfdata.txt,catalog,available,True,True,True,True,True,2025-05-12,2026-08-06,2025-05-12 09:35,2026-08-06 15:00,2026-04-27 09:31,2026-08-06 15:00,304,14592,16800,0.001,tdx_local_catalog
snapshot-20260806T091453459470Z,2026-08-06,159221.XSHE,现金流ETF嘉实,XSHE,0,159221,sz159221,etf,980092,102,specetfdata.txt,catalog,available,True,True,True,True,True,2025-05-13,2026-08-06,2025-05-13 09:35,2026-08-06 15:00,2026-04-27 09:31,2026-08-06 15:00,303,14544,16800,0.001,tdx_local_catalog
snapshot-20260806T091453459470Z,2026-08-06,159222.XSHE,自由现金流ETF易,XSHE,0,159222,sz159222,etf,980092,102,specetfdata.txt,catalog,available,True,True,True,True,True,2025-04-17,2026-08-06,2025-04-17 09:35,2026-08-06 15:00,2026-04-27 09:31,2026-08-06 15:00,318,15264,16800,0.001,tdx_local_catalog
snapshot-20260806T091453459470Z,2026-08-06,159223.XSHE,现金流ETF永赢,XSHE,0,159223,sz159223,etf,980092,102,specetfdata.txt,catalog,available,True,True,True,True,True,2025-07-03,2026-08-06,2025-07-03 09:35,2026-08-06 15:00,2026-04-27 09:31,2026-08-06 15:00,267,12816,16800,0.001,tdx_local_catalog
snapshot-20260806T091453459470Z,2026-08-06,159225.XSHE,现金流ETF银华,XSHE,0,159225,sz159225,etf,980092,102,specetfdata.txt,catalog,available,True,True,True,True,True,2025-04-17,2026-08-06,2025-04-17 09:35,2026-08-06 15:00,2026-04-27 09:31,2026-08-06 15:00,318,15264,16800,0.001,tdx_local_catalog
snapshot-20260806T091453459470Z,2026-08-06,159226.XSHE,中证A500增强ETF,XSHE,0,159226,sz159226,etf,000510,1,specetfdata.txt,catalog,available,True,True,True,True,True,2025-05-29,2026-08-06,2025-05-29 09:35,2026-08-06 15:00,2026-04-27 09:31,2026-08-06 15:00,291,13968,16800,0.001,tdx_local_catalog
snapshot-20260806T091453459470Z,2026-08-06,159227.XSHE,航空航天ETF华夏,XSHE,0,159227,sz159227,etf,CN5082,102,specetfdata.txt,catalog,available,True,True,True,True,True,2025-05-16,2026-08-06,2025-05-16 09:35,2026-08-06 15:00,2026-04-27 09:31,2026-08-06 15:00,300,14400,16800,0.001,tdx_local_catalog
snapshot-20260806T091453459470Z,2026-08-06,159228.XSHE,红利低波ETF长城,XSHE,0,159228,sz159228,etf,930955,62,specetfdata.txt,catalog,available,True,True,True,True,True,2025-06-18,2026-08-06,2025-06-18 09:35,2026-08-06 15:00,2026-04-27 09:31,2026-08-06 15:00,278,13344,16800,0.001,tdx_local_catalog
snapshot-20260806T091453459470Z,2026-08-06,159229.XSHE,自由现金流ETF广,XSHE,0,159229,sz159229,etf,932368,62,specetfdata.txt,catalog,available,True,True,True,True,True,2025-05-15,2026-08-06,2025-05-15 09:35,2026-08-06 15:00,2026-04-27 09:31,2026-08-06 15:00,300,14400,16800,0.001,tdx_local_catalog
snapshot-20260806T091453459470Z,2026-08-06,159230.XSHE,通用航空ETF华夏,XSHE,0,159230,sz159230,etf,980076,102,specetfdata.txt,catalog,available,True,True,True,True,True,2025-05-30,2026-08-06,2025-05-30 09:35,2026-08-06 15:00,2026-04-27 09:31,2026-08-06 15:00,290,13920,16800,0.001,tdx_local_catalog
snapshot-20260806T091453459470Z,2026-08-06,159231.XSHE,通用航空ETF华宝,XSHE,0,159231,sz159231,etf,980076,102,specetfdata.txt,catalog,available,True,True,True,True,True,2025-04-29,2026-08-06,2025-04-29 09:35,2026-08-06 15:00,2026-04-27 09:31,2026-08-06 15:00,310,14880,16800,0.001,tdx_local_catalog
snapshot-20260806T091453459470Z,2026-08-06,159232.XSHE,自由现金流ETF南,XSHE,0,159232,sz159232,etf,932365,62,specetfdata.txt,catalog,available,True,True,True,True,True,2025-04-30,2026-08-06,2025-04-30 09:35,2026-08-06 15:00,2026-04-27 09:31,2026-08-06 15:00,309,14832,16800,0.001,tdx_local_catalog
snapshot-20260806T091453459470Z,2026-08-06,159233.XSHE,自由现金流ETF平,XSHE,0,159233,sz159233,etf,932365,62,specetfdata.txt,catalog,available,True,True,True,True,True,2025-06-04,2026-08-06,2025-06-04 09:35,2026-08-06 15:00,2026-04-27 09:31,2026-08-06 15:00,288,13824,16800,0.001,tdx_local_catalog
snapshot-20260806T091453459470Z,2026-08-06,159235.XSHE,中证现金流ETF大,XSHE,0,159235,sz159235,etf,932365,62,specetfdata.txt,catalog,available,True,True,True,True,True,2025-04-30,2026-08-06,2025-04-30 09:35,2026-08-06 15:00,2026-04-27 09:31,2026-08-06 15:00,309,14832,16800,0.001,tdx_local_catalog
snapshot-20260806T091453459470Z,2026-08-06,159236.XSHE,自由现金流ETF工,XSHE,0,159236,sz159236,etf,932365,62,specetfdata.txt,catalog,available,True,True,True,True,True,2025-05-16,2026-08-06,2025-05-16 09:35,2026-08-06 15:00,2026-04-27 09:31,2026-08-06 15:00,300,14400,16800,0.001,tdx_local_catalog
snapshot-20260806T091453459470Z,2026-08-06,159237.XSHE,港股汽车ETF工银,XSHE,0,159237,sz159237,etf,931239,62,specetfdata.txt,catalog,available,True,True,True,True,True,2025-07-07,2026-08-06,2025-07-07 09:35,2026-08-06 15:00,2026-04-27 09:31,2026-08-06 15:00,265,12720,16800,0.001,tdx_local_catalog
snapshot-20260806T091453459470Z,2026-08-06,159238.XSHE,沪深300增强ETF景,XSHE,0,159238,sz159238,etf,000300,1,specetfdata.txt,catalog,available,True,True,True,True,True,2025-06-09,2026-08-06,2025-06-09 09:35,2026-08-06 15:00,2026-04-27 09:31,2026-08-06 15:00,285,13680,16800,0.001,tdx_local_catalog
snapshot-20260806T091453459470Z,2026-08-06,159239.XSHE,港股通汽车ETF富,XSHE,0,159239,sz159239,etf,HZ5554,27,specetfdata.txt,catalog,available,True,True,True,True,True,2025-05-28,2026-08-06,2025-05-28 09:35,2026-08-06 15:00,2026-04-27 09:31,2026-08-06 15:00,292,14016,16800,0.001,tdx_local_catalog
snapshot-20260806T091453459470Z,2026-08-06,159240.XSHE,A500增强ETF天弘,XSHE,0,159240,sz159240,etf,000510,1,specetfdata.txt,catalog,available,True,True,True,True,True,2025-06-17,2026-08-06,2025-06-17 09:35,2026-08-06 15:00,2026-04-27 09:31,2026-08-06 15:00,278,13344,16800,0.001,tdx_local_catalog
snapshot-20260806T091453459470Z,2026-08-06,159241.XSHE,航空航天ETF天弘,XSHE,0,159241,sz159241,etf,CN5082,102,specetfdata.txt,catalog,available,True,True,True,True,True,2025-05-29,2026-08-06,2025-05-29 09:35,2026-08-06 15:00,2026-04-27 09:31,2026-08-06 15:00,291,13968,16800,0.001,tdx_local_catalog
snapshot-20260806T091453459470Z,2026-08-06,159242.XSHE,创业板人工智能ET,XSHE,0,159242,sz159242,etf,970070,102,specetfdata.txt,catalog,available,True,True,True,True,True,2025-07-24,2026-08-06,2025-07-24 09:35,2026-08-06 15:00,2026-04-27 09:31,2026-08-06 15:00,252,12096,16800,0.001,tdx_local_catalog
snapshot-20260806T091453459470Z,2026-08-06,159243.XSHE,创业板人工智能ET,XSHE,0,159243,sz159243,etf,970070,102,specetfdata.txt,catalog,available,True,True,True,True,True,2026-01-05,2026-08-06,2026-01-05 09:35,2026-08-06 15:00,2026-04-27 09:31,2026-08-06 15:00,143,6864,16800,0.001,tdx_local_catalog
snapshot-20260806T091453459470Z,2026-08-06,159245.XSHE,港股通消费ETF富,XSHE,0,159245,sz159245,etf,987024,102,specetfdata.txt,catalog,available,True,True,True,True,True,2025-06-19,2026-08-06,2025-06-19 09:35,2026-08-06 15:00,2026-04-27 09:31,2026-08-06 15:00,277,13296,16800,0.001,tdx_local_catalog
snapshot-20260806T091453459470Z,2026-08-06,159246.XSHE,创业板人工智能ET,XSHE,0,159246,sz159246,etf,970070,102,specetfdata.txt,catalog,available,True,True,True,True,True,2025-07-10,2026-08-06,2025-07-10 09:35,2026-08-06 15:00,2026-04-27 09:31,2026-08-06 15:00,262,12576,16800,0.001,tdx_local_catalog
snapshot-20260806T091453459470Z,2026-08-06,159247.XSHE,创业板ETF汇添富,XSHE,0,159247,sz159247,etf,399006,0,specetfdata.txt,catalog,available,True,True,True,True,True,2026-02-02,2026-08-06,2026-02-02 09:35,2026-08-06 15:00,2026-04-27 09:31,2026-08-06 15:00,123,5904,16800,0.001,tdx_local_catalog
snapshot-20260806T091453459470Z,2026-08-06,159248.XSHE,人工智能ETF万家,XSHE,0,159248,sz159248,etf,930713,62,specetfdata.txt,catalog,available,True,True,True,True,True,2025-07-24,2026-08-06,2025-07-24 09:35,2026-08-06 15:00,2026-04-27 09:31,2026-08-06 15:00,252,12096,16800,0.001,tdx_local_catalog
snapshot-20260806T091453459470Z,2026-08-06,159249.XSHE,A500增强ETF工银,XSHE,0,159249,sz159249,etf,000510,1,specetfdata.txt,catalog,available,True,True,True,True,True,2025-07-02,2026-08-06,2025-07-02 09:35,2026-08-06 15:00,2026-04-27 09:31,2026-08-06 15:00,268,12864,16800,0.001,tdx_local_catalog
snapshot-20260806T091453459470Z,2026-08-06,159251.XSHE,港股通科技ETF万,XSHE,0,159251,sz159251,etf,987008,102,specetfdata.txt,catalog,available,True,True,True,True,True,2025-07-24,2026-08-06,2025-07-24 09:35,2026-08-06 15:00,2026-04-27 09:31,2026-08-06 15:00,252,12096,16800,0.001,tdx_local_catalog
snapshot-20260806T091453459470Z,2026-08-06,159253.XSHE,银行ETF博时,XSHE,0,159253,sz159253,etf,399986,0,specetfdata.txt,catalog,available,True,True,True,True,True,2025-12-08,2026-08-06,2025-12-08 09:35,2026-08-06 15:00,2026-04-27 09:31,2026-08-06 15:00,161,7728,16800,0.001,tdx_local_catalog
snapshot-20260806T091453459470Z,2026-08-06,159255.XSHE,通用航空ETF易方,XSHE,0,159255,sz159255,etf,980076,102,specetfdata.txt,catalog,available,True,True,True,True,True,2025-08-04,2026-08-06,2025-08-04 09:35,2026-08-06 15:00,2026-04-27 09:31,2026-08-06 15:00,245,11760,16800,0.001,tdx_local_catalog
snapshot-20260806T091453459470Z,2026-08-06,159256.XSHE,创业板软件ETF华,XSHE,0,159256,sz159256,etf,399264,0,specetfdata.txt,catalog,available,True,True,True,True,True,2025-08-04,2026-08-06,2025-08-04 09:35,2026-08-06 15:00,2026-04-27 09:31,2026-08-06 15:00,245,11760,16800,0.001,tdx_local_catalog
snapshot-20260806T091453459470Z,2026-08-06,159257.XSHE,航空ETF汇添富,XSHE,0,159257,sz159257,etf,980076,102,specetfdata.txt,catalog,available,True,True,True,True,True,2025-07-28,2026-08-06,2025-07-28 09:35,2026-08-06 15:00,2026-04-27 09:31,2026-08-06 15:00,250,12000,16800,0.001,tdx_local_catalog
snapshot-20260806T091453459470Z,2026-08-06,159258.XSHE,机器人ETF南方,XSHE,0,159258,sz159258,etf,H30590,62,specetfdata.txt,catalog,available,True,True,True,True,True,2025-08-01,2026-08-06,2025-08-01 09:35,2026-08-06 15:00,2026-04-27 09:31,2026-08-06 15:00,246,11808,16800,0.001,tdx_local_catalog
snapshot-20260806T091453459470Z,2026-08-06,159259.XSHE,成长ETF易方达,XSHE,0,159259,sz159259,etf,980080,102,specetfdata.txt,catalog,available,True,True,True,True,True,2025-08-28,2026-08-06,2025-08-28 09:35,2026-08-06 15:00,2026-04-27 09:31,2026-08-06 15:00,227,10896,16800,0.001,tdx_local_catalog
snapshot-20260806T091453459470Z,2026-08-06,159260.XSHE,证券ETF博时,XSHE,0,159260,sz159260,etf,399975,0,specetfdata.txt,catalog,available,True,True,True,True,True,2025-11-04,2026-08-06,2025-11-04 09:35,2026-08-06 15:00,2026-04-27 09:31,2026-08-06 15:00,185,8880,16800,0.001,tdx_local_catalog
snapshot-20260806T091453459470Z,2026-08-06,159261.XSHE,创业板新能源ETF,XSHE,0,159261,sz159261,etf,399266,0,specetfdata.txt,catalog,available,True,True,True,True,True,2025-07-07,2026-08-06,2025-07-07 09:35,2026-08-06 15:00,2026-04-27 09:31,2026-08-06 15:00,265,12720,16800,0.001,tdx_local_catalog
snapshot-20260806T091453459470Z,2026-08-06,159262.XSHE,港股通科技ETF广,XSHE,0,159262,sz159262,etf,HZ5506,27,specetfdata.txt,catalog,available,True,True,True,True,True,2025-07-07,2026-08-06,2025-07-07 09:35,2026-08-06 15:00,2026-04-27 09:31,2026-08-06 15:00,265,12720,16800,0.001,tdx_local_catalog
snapshot-20260806T091453459470Z,2026-08-06,159263.XSHE,价值ETF易方达,XSHE,0,159263,sz159263,etf,980081,102,specetfdata.txt,catalog,available,True,True,True,True,True,2025-07-08,2026-08-06,2025-07-08 09:35,2026-08-06 15:00,2026-04-27 09:31,2026-08-06 15:00,264,12672,16800,0.001,tdx_local_catalog
snapshot-20260806T091453459470Z,2026-08-06,159265.XSHE,港股消费ETF鹏华,XSHE,0,159265,sz159265,etf,987024,102,specetfdata.txt,catalog,available,True,True,True,True,True,2025-07-02,2026-08-06,2025-07-02 09:35,2026-08-06 15:00,2026-04-27 09:31,2026-08-06 15:00,268,12864,16800,0.001,tdx_local_catalog
snapshot-20260806T091453459470Z,2026-08-06,159266.XSHE,港股央企红利ETF,XSHE,0,159266,sz159266,etf,931233,62,specetfdata.txt,catalog,available,True,True,True,True,True,2025-08-01,2026-08-06,2025-08-01 09:35,2026-08-06 15:00,2026-04-27 09:31,2026-08-06 15:00,246,11808,16800,0.001,tdx_local_catalog
snapshot-20260806T091453459470Z,2026-08-06,159267.XSHE,航天ETF华安,XSHE,0,159267,sz159267,etf,CN5082,102,specetfdata.txt,catalog,available,True,True,True,True,True,2025-08-01,2026-08-06,2025-08-01 09:35,2026-08-06 15:00,2026-04-27 09:31,2026-08-06 15:00,246,11808,16800,0.001,tdx_local_catalog
snapshot-20260806T091453459470Z,2026-08-06,159268.XSHE,港股通消费ETF汇,XSHE,0,159268,sz159268,etf,987024,102,specetfdata.txt,catalog,available,True,True,True,True,True,2025-07-21,2026-08-06,2025-07-21 09:35,2026-08-06 15:00,2026-04-27 09:31,2026-08-06 15:00,255,12240,16800,0.001,tdx_local_catalog
snapshot-20260806T091453459470Z,2026-08-06,159269.XSHE,港股通科技ETF南,XSHE,0,159269,sz159269,etf,931573CNY00,62,specetfdata.txt,catalog,available,True,True,True,True,True,2025-07-10,2026-08-06,2025-07-10 09:35,2026-08-06 15:00,2026-04-27 09:31,2026-08-06 15:00,262,12576,16800,0.001,tdx_local_catalog
snapshot-20260806T091453459470Z,2026-08-06,159270.XSHE,创业板200ETF南方,XSHE,0,159270,sz159270,etf,399019,0,specetfdata.txt,catalog,available,True,True,True,True,True,2025-07-24,2026-08-06,2025-07-24 09:35,2026-08-06 15:00,2026-04-27 09:31,2026-08-06 15:00,252,12096,16800,0.001,tdx_local_catalog
snapshot-20260806T091453459470Z,2026-08-06,159271.XSHE,恒生ETF鹏华,XSHE,0,159271,sz159271,etf,HSI,27,specetfdata.txt,catalog,available,True,True,True,True,True,2025-08-11,2026-08-06,2025-08-11 09:35,2026-08-06 15:00,2026-04-27 09:31,2026-08-06 15:00,240,11520,16800,0.001,tdx_local_catalog
snapshot-20260806T091453459470Z,2026-08-06,159272.XSHE,机器人ETF富国,XSHE,0,159272,sz159272,etf,980022,102,specetfdata.txt,catalog,available,True,True,True,True,True,2025-09-19,2026-08-06,2025-09-19 09:35,2026-08-06 15:00,2026-04-27 09:31,2026-08-06 15:00,211,10128,16800,0.001,tdx_local_catalog
snapshot-20260806T091453459470Z,2026-08-06,159273.XSHE,云计算ETF汇添富,XSHE,0,159273,sz159273,etf,931470,62,specetfdata.txt,catalog,available,True,True,True,True,True,2025-08-06,2026-08-06,2025-08-06 09:35,2026-08-06 15:00,2026-04-27 09:31,2026-08-06 15:00,243,11664,16800,0.001,tdx_local_catalog
snapshot-20260806T091453459470Z,2026-08-06,159275.XSHE,农牧渔ETF华宝,XSHE,0,159275,sz159275,etf,930910,62,specetfdata.txt,catalog,available,True,True,True,True,True,2025-09-29,2026-08-06,2025-09-29 09:35,2026-08-06 15:00,2026-04-27 09:31,2026-08-06 15:00,205,9840,16800,0.001,tdx_local_catalog
snapshot-20260806T091453459470Z,2026-08-06,159276.XSHE,现金流ETF汇添富,XSHE,0,159276,sz159276,etf,980092,102,specetfdata.txt,catalog,available,True,True,True,True,True,2025-07-28,2026-08-06,2025-07-28 09:35,2026-08-06 15:00,2026-04-27 09:31,2026-08-06 15:00,250,12000,16800,0.001,tdx_local_catalog
snapshot-20260806T091453459470Z,2026-08-06,159277.XSHE,港股通红利ETF富,XSHE,0,159277,sz159277,etf,930914,62,specetfdata.txt,catalog,available,True,True,True,True,True,2025-08-14,2026-08-06,2025-08-14 09:35,2026-08-06 15:00,2026-04-27 09:31,2026-08-06 15:00,237,11376,16800,0.001,tdx_local_catalog
snapshot-20260806T091453459470Z,2026-08-06,159278.XSHE,机器人ETF鹏华,XSHE,0,159278,sz159278,etf,980022,102,specetfdata.txt,catalog,available,True,True,True,True,True,2025-08-12,2026-08-06,2025-08-12 09:35,2026-08-06 15:00,2026-04-27 09:31,2026-08-06 15:00,239,11472,16800,0.001,tdx_local_catalog
snapshot-20260806T091453459470Z,2026-08-06,159279.XSHE,创业板人工智能ET,XSHE,0,159279,sz159279,etf,970070,102,specetfdata.txt,catalog,available,True,True,True,True,True,2025-09-29,2026-08-06,2025-09-29 09:35,2026-08-06 15:00,2026-04-27 09:31,2026-08-06 15:00,205,9840,16800,0.001,tdx_local_catalog
snapshot-20260806T091453459470Z,2026-08-06,159280.XSHE,港股通互联网ETF,XSHE,0,159280,sz159280,etf,987022,102,specetfdata.txt,catalog,available,True,True,True,True,True,2025-08-18,2026-08-06,2025-08-18 09:35,2026-08-06 15:00,2026-04-27 09:31,2026-08-06 15:00,235,11280,16800,0.001,tdx_local_catalog
snapshot-20260806T091453459470Z,2026-08-06,159281.XSHE,港股央企红利ETF,XSHE,0,159281,sz159281,etf,931233,62,specetfdata.txt,catalog,available,True,True,True,True,True,2025-09-02,2026-08-06,2025-09-02 09:35,2026-08-06 15:00,2026-04-27 09:31,2026-08-06 15:00,224,10752,16800,0.001,tdx_local_catalog
snapshot-20260806T091453459470Z,2026-08-06,159283.XSHE,通用航空ETF南方,XSHE,0,159283,sz159283,etf,931855,62,specetfdata.txt,catalog,available,True,True,True,True,True,2025-08-21,2026-08-06,2025-08-21 09:35,2026-08-06 15:00,2026-04-27 09:31,2026-08-06 15:00,232,11136,16800,0.001,tdx_local_catalog
snapshot-20260806T091453459470Z,2026-08-06,159285.XSHE,港股通消费ETF华,XSHE,0,159285,sz159285,etf,987024,102,specetfdata.txt,catalog,available,True,True,True,True,True,2025-10-20,2026-08-06,2025-10-20 09:35,2026-08-06 15:00,2026-04-27 09:31,2026-08-06 15:00,196,9408,16800,0.001,tdx_local_catalog
snapshot-20260806T091453459470Z,2026-08-06,159286.XSHE,港股通创新药ETF,XSHE,0,159286,sz159286,etf,987018,102,specetfdata.txt,catalog,available,True,True,True,True,True,2025-09-02,2026-08-06,2025-09-02 09:35,2026-08-06 15:00,2026-04-27 09:31,2026-08-06 15:00,224,10752,16800,0.001,tdx_local_catalog
snapshot-20260806T091453459470Z,2026-08-06,159287.XSHE,创业板综ETF博时,XSHE,0,159287,sz159287,etf,399102,0,specetfdata.txt,catalog,available,True,True,True,True,True,2025-08-27,2026-08-06,2025-08-27 09:35,2026-08-06 15:00,2026-04-27 09:31,2026-08-06 15:00,228,10944,16800,0.001,tdx_local_catalog
snapshot-20260806T091453459470Z,2026-08-06,159288.XSHE,创业板综ETF银华,XSHE,0,159288,sz159288,etf,399102,0,specetfdata.txt,catalog,available,True,True,True,True,True,2025-09-26,2026-08-06,2025-09-26 09:35,2026-08-06 15:00,2026-04-27 09:31,2026-08-06 15:00,206,9888,16800,0.001,tdx_local_catalog
snapshot-20260806T091453459470Z,2026-08-06,159289.XSHE,创业板综指ETF鹏,XSHE,0,159289,sz159289,etf,399102,0,specetfdata.txt,catalog,available,True,True,True,True,True,2025-09-15,2026-08-06,2025-09-15 09:35,2026-08-06 15:00,2026-04-27 09:31,2026-08-06 15:00,215,10320,16800,0.001,tdx_local_catalog
snapshot-20260806T091453459470Z,2026-08-06,159290.XSHE,创业板综指增强ET,XSHE,0,159290,sz159290,etf,399102,0,specetfdata.txt,catalog,available,True,True,True,True,True,2025-09-17,2026-08-06,2025-09-17 09:35,2026-08-06 15:00,2026-04-27 09:31,2026-08-06 15:00,213,10224,16800,0.001,tdx_local_catalog
snapshot-20260806T091453459470Z,2026-08-06,159291.XSHE,创业板综增强ETF,XSHE,0,159291,sz159291,etf,399102,0,specetfdata.txt,catalog,available,True,True,True,True,True,2025-09-01,2026-08-06,2025-09-01 09:35,2026-08-06 15:00,2026-04-27 09:31,2026-08-06 15:00,225,10800,16800,0.001,tdx_local_catalog
snapshot-20260806T091453459470Z,2026-08-06,159292.XSHE,创业板综增强ETF,XSHE,0,159292,sz159292,etf,399102,0,specetfdata.txt,catalog,available,True,True,True,True,True,2025-09-02,2026-08-06,2025-09-02 09:35,2026-08-06 15:00,2026-04-27 09:31,2026-08-06 15:00,224,10752,16800,0.001,tdx_local_catalog
snapshot-20260806T091453459470Z,2026-08-06,159293.XSHE,创业板综增强ETF,XSHE,0,159293,sz159293,etf,399102,0,specetfdata.txt,catalog,available,True,True,True,True,True,2026-01-13,2026-08-06,2026-01-13 09:35,2026-08-06 15:00,2026-04-27 09:31,2026-08-06 15:00,137,6576,16800,0.001,tdx_local_catalog
snapshot-20260806T091453459470Z,2026-08-06,159295.XSHE,创业综指ETF西部,XSHE,0,159295,sz159295,etf,399102,0,specetfdata.txt,catalog,available,True,True,True,True,True,2025-11-04,2026-08-06,2025-11-04 09:35,2026-08-06 15:00,2026-04-27 09:31,2026-08-06 15:00,185,8880,16800,0.001,tdx_local_catalog
snapshot-20260806T091453459470Z,2026-08-06,159296.XSHE,A500红利低波ETF,XSHE,0,159296,sz159296,etf,932422,62,specetfdata.txt,catalog,available,True,True,True,True,True,2025-09-04,2026-08-06,2025-09-04 09:35,2026-08-06 15:00,2026-04-27 09:31,2026-08-06 15:00,222,10656,16800,0.001,tdx_local_catalog
snapshot-20260806T091453459470Z,2026-08-06,159297.XSHE,港股通创新药ETF,XSHE,0,159297,sz159297,etf,987018,102,specetfdata.txt,catalog,available,True,True,True,True,True,2025-09-22,2026-08-06,2025-09-22 09:35,2026-08-06 15:00,2026-04-27 09:31,2026-08-06 15:00,210,10080,16800,0.001,tdx_local_catalog
snapshot-20260806T091453459470Z,2026-08-06,159298.XSHE,创业板50ETF大成,XSHE,0,159298,sz159298,etf,399673,0,specetfdata.txt,catalog,available,True,True,True,True,True,2025-09-08,2026-08-06,2025-09-08 09:35,2026-08-06 15:00,2026-04-27 09:31,2026-08-06 15:00,220,10560,16800,0.001,tdx_local_catalog
snapshot-20260806T091453459470Z,2026-08-06,159299.XSHE,金融科技ETF易方,XSHE,0,159299,sz159299,etf,930986,62,specetfdata.txt,catalog,available,True,True,True,True,True,2025-09-11,2026-08-06,2025-09-11 09:35,2026-08-06 15:00,2026-04-27 09:31,2026-08-06 15:00,217,10416,16800,0.001,tdx_local_catalog
snapshot-20260806T091453459470Z,2026-08-06,159300.XSHE,沪深300ETF富国,XSHE,0,159300,sz159300,etf,000300,1,specetfdata.txt,catalog,available,True,True,True,True,True,2024-06-05,2026-08-06,2024-10-08 09:35,2026-08-06 15:00,2026-04-27 09:31,2026-08-06 15:00,528,21456,16800,0.001,tdx_local_catalog
snapshot-20260806T091453459470Z,2026-08-06,159301.XSHE,公用事业ETF华夏,XSHE,0,159301,sz159301,etf,000995,62,specetfdata.txt,catalog,available,True,True,True,True,True,2024-07-22,2026-08-06,2024-10-08 09:35,2026-08-06 15:00,2026-04-27 09:31,2026-08-06 15:00,496,21456,16800,0.001,tdx_local_catalog
snapshot-20260806T091453459470Z,2026-08-06,159302.XSHE,港股高股息ETF银,XSHE,0,159302,sz159302,etf,930914,62,specetfdata.txt,catalog,available,True,True,True,True,True,2024-09-02,2026-08-06,2024-10-08 09:35,2026-08-06 15:00,2026-04-27 09:31,2026-08-06 15:00,466,21456,16800,0.001,tdx_local_catalog
snapshot-20260806T091453459470Z,2026-08-06,159303.XSHE,恒生医疗ETF大成,XSHE,0,159303,sz159303,etf,HZ5313,27,specetfdata.txt,catalog,available,True,True,True,True,True,2024-06-27,2026-08-06,2024-10-08 09:35,2026-08-06 15:00,2026-04-27 09:31,2026-08-06 15:00,512,21408,16800,0.001,tdx_local_catalog
snapshot-20260806T091453459470Z,2026-08-06,159305.XSHE,储能电池ETF广发,XSHE,0,159305,sz159305,etf,980027,102,specetfdata.txt,catalog,available,True,True,True,True,True,2024-09-27,2026-08-06,2024-10-08 09:35,2026-08-06 15:00,2026-04-27 09:31,2026-08-06 15:00,448,21408,16800,0.001,tdx_local_catalog
snapshot-20260806T091453459470Z,2026-08-06,159306.XSHE,汽车零部件ETF平,XSHE,0,159306,sz159306,etf,931230,62,specetfdata.txt,catalog,available,True,True,True,True,True,2024-05-14,2026-08-06,2024-10-08 09:35,2026-08-06 15:00,2026-04-27 09:31,2026-08-06 15:00,543,21408,16800,0.001,tdx_local_catalog
snapshot-20260806T091453459470Z,2026-08-06,159307.XSHE,红利低波100ETF博,XSHE,0,159307,sz159307,etf,930955,62,specetfdata.txt,catalog,available,True,True,True,True,True,2024-04-25,2026-08-06,2024-10-08 09:35,2026-08-06 15:00,2026-04-27 09:31,2026-08-06 15:00,554,21456,16800,0.001,tdx_local_catalog
snapshot-20260806T091453459470Z,2026-08-06,159309.XSHE,油气ETF汇添富,XSHE,0,159309,sz159309,etf,931248,62,specetfdata.txt,catalog,available,True,True,True,True,True,2024-06-18,2026-08-06,2024-10-08 09:35,2026-08-06 15:00,2026-04-27 09:31,2026-08-06 15:00,520,21456,16800,0.001,tdx_local_catalog
snapshot-20260806T091453459470Z,2026-08-06,159310.XSHE,芯片ETF天弘,XSHE,0,159310,sz159310,etf,H30007,62,specetfdata.txt,catalog,available,True,True,True,True,True,2024-04-30,2026-08-06,2024-10-08 09:35,2026-08-06 15:00,2026-04-27 09:31,2026-08-06 15:00,551,21456,16800,0.001,tdx_local_catalog
snapshot-20260806T091453459470Z,2026-08-06,159311.XSHE,数字经济ETF易方,XSHE,0,159311,sz159311,etf,931582,62,specetfdata.txt,catalog,available,True,True,True,True,True,2025-07-15,2026-08-06,2025-07-15 09:35,2026-08-06 15:00,2026-04-27 09:31,2026-08-06 15:00,259,12432,16800,0.001,tdx_local_catalog
snapshot-20260806T091453459470Z,2026-08-06,159312.XSHE,恒指港股通ETF广,XSHE,0,159312,sz159312,etf,HZ5552,27,specetfdata.txt,catalog,available,True,True,True,True,True,2024-11-08,2026-08-06,2024-11-08 09:35,2026-08-06 15:00,2026-04-27 09:31,2026-08-06 15:00,424,20352,16800,0.001,tdx_local_catalog
snapshot-20260806T091453459470Z,2026-08-06,159315.XSHE,黄金股ETF工银,XSHE,0,159315,sz159315,etf,931238,62,specetfdata.txt,catalog,available,True,True,True,True,True,2024-06-14,2026-08-06,2024-10-08 09:35,2026-08-06 15:00,2026-04-27 09:31,2026-08-06 15:00,522,21456,16800,0.001,tdx_local_catalog
snapshot-20260806T091453459470Z,2026-08-06,159316.XSHE,港股通创新药ETF,XSHE,0,159316,sz159316,etf,HZ5496,27,specetfdata.txt,catalog,available,True,True,True,True,True,2025-03-26,2026-08-06,2025-03-26 09:35,2026-08-06 15:00,2026-04-27 09:31,2026-08-06 15:00,333,15984,16800,0.001,tdx_local_catalog
snapshot-20260806T091453459470Z,2026-08-06,159318.XSHE,恒指港股通ETF银,XSHE,0,159318,sz159318,etf,HZ5552,27,specetfdata.txt,catalog,available,True,True,True,True,True,2024-06-21,2026-08-06,2024-10-08 09:35,2026-08-06 15:00,2026-04-27 09:31,2026-08-06 15:00,516,21408,16800,0.001,tdx_local_catalog
snapshot-20260806T091453459470Z,2026-08-06,159320.XSHE,电网设备ETF广发,XSHE,0,159320,sz159320,etf,HZ5446,27,specetfdata.txt,catalog,available,True,True,True,True,True,2024-12-24,2026-08-06,2024-12-24 09:35,2026-08-06 15:00,2026-04-27 09:31,2026-08-06 15:00,391,18768,16800,0.001,tdx_local_catalog
snapshot-20260806T091453459470Z,2026-08-06,159321.XSHE,黄金股ETF华安,XSHE,0,159321,sz159321,etf,931238,62,specetfdata.txt,catalog,available,True,True,True,True,True,2024-05-27,2026-08-06,2024-10-08 09:35,2026-08-06 15:00,2026-04-27 09:31,2026-08-06 15:00,529,21168,16800,0.001,tdx_local_catalog
snapshot-20260806T091453459470Z,2026-08-06,159322.XSHE,黄金股ETF平安,XSHE,0,159322,sz159322,etf,931238,62,specetfdata.txt,catalog,available,True,True,True,True,True,2024-06-14,2026-08-06,2024-10-08 09:35,2026-08-06 15:00,2026-04-27 09:31,2026-08-06 15:00,521,21408,16800,0.001,tdx_local_catalog
snapshot-20260806T091453459470Z,2026-08-06,159323.XSHE,港股通汽车ETF华,XSHE,0,159323,sz159323,etf,931239,62,specetfdata.txt,catalog,available,True,True,True,True,True,2025-01-08,2026-08-06,2025-01-08 09:35,2026-08-06 15:00,2026-04-27 09:31,2026-08-06 15:00,382,18336,16800,0.001,tdx_local_catalog
snapshot-20260806T091453459470Z,2026-08-06,159325.XSHE,半导体ETF南方,XSHE,0,159325,sz159325,etf,932066,62,specetfdata.txt,catalog,available,True,True,True,True,True,2024-11-08,2026-08-06,2024-11-08 09:35,2026-08-06 15:00,2026-04-27 09:31,2026-08-06 15:00,424,20352,16800,0.001,tdx_local_catalog
snapshot-20260806T091453459470Z,2026-08-06,159326.XSHE,电网设备ETF华夏,XSHE,0,159326,sz159326,etf,931994,62,specetfdata.txt,catalog,available,True,True,True,True,True,2024-09-09,2026-08-06,2024-10-08 09:35,2026-08-06 15:00,2026-04-27 09:31,2026-08-06 15:00,461,21456,16800,0.001,tdx_local_catalog
snapshot-20260806T091453459470Z,2026-08-06,159327.XSHE,半导体设备ETF万,XSHE,0,159327,sz159327,etf,931743,62,specetfdata.txt,catalog,available,True,True,True,True,True,2024-08-05,2026-08-06,2024-10-08 09:35,2026-08-06 15:00,2026-04-27 09:31,2026-08-06 15:00,486,21456,16800,0.001,tdx_local_catalog
snapshot-20260806T091453459470Z,2026-08-06,159328.XSHE,家电ETF易方达,XSHE,0,159328,sz159328,etf,931021,62,specetfdata.txt,catalog,available,True,True,True,True,True,2024-11-15,2026-08-06,2024-11-15 09:35,2026-08-06 15:00,2026-04-27 09:31,2026-08-06 15:00,419,20112,16800,0.001,tdx_local_catalog
snapshot-20260806T091453459470Z,2026-08-06,159329.XSHE,沙特ETF南方,XSHE,0,159329,sz159329,etf,WISAUS,12,specetfdata.txt,catalog,available,True,True,True,True,True,2024-07-16,2026-08-06,2024-10-08 09:35,2026-08-06 15:00,2026-04-27 09:31,2026-08-06 15:00,496,21264,16800,0.001,tdx_local_catalog
snapshot-20260806T091453459470Z,2026-08-06,159330.XSHE,沪深300ETF东财,XSHE,0,159330,sz159330,etf,000300,1,specetfdata.txt,catalog,available,True,True,True,True,True,2024-08-19,2026-08-06,2024-10-08 09:35,2026-08-06 15:00,2026-04-27 09:31,2026-08-06 15:00,476,21456,16800,0.001,tdx_local_catalog
snapshot-20260806T091453459470Z,2026-08-06,159331.XSHE,红利港股ETF国泰,XSHE,0,159331,sz159331,etf,930914,62,specetfdata.txt,catalog,available,True,True,True,True,True,2024-08-01,2026-08-06,2024-10-08 09:35,2026-08-06 15:00,2026-04-27 09:31,2026-08-06 15:00,488,21456,16800,0.001,tdx_local_catalog
snapshot-20260806T091453459470Z,2026-08-06,159332.XSHE,央企红利ETF富国,XSHE,0,159332,sz159332,etf,000825,62,specetfdata.txt,catalog,available,True,True,True,True,True,2024-08-01,2026-08-06,2024-10-08 09:35,2026-08-06 15:00,2026-04-27 09:31,2026-08-06 15:00,488,21456,16800,0.001,tdx_local_catalog
snapshot-20260806T091453459470Z,2026-08-06,159333.XSHE,港股央企红利ETF,XSHE,0,159333,sz159333,etf,931233,62,specetfdata.txt,catalog,available,True,True,True,True,True,2024-09-03,2026-08-06,2024-10-08 09:35,2026-08-06 15:00,2026-04-27 09:31,2026-08-06 15:00,465,21456,16800,0.001,tdx_local_catalog
snapshot-20260806T091453459470Z,2026-08-06,159335.XSHE,央企科创ETF融通,XSHE,0,159335,sz159335,etf,932052,62,specetfdata.txt,catalog,available,True,True,True,True,True,2024-09-05,2026-08-06,2024-10-08 09:35,2026-08-06 15:00,2026-04-27 09:31,2026-08-06 15:00,463,21456,16800,0.001,tdx_local_catalog
snapshot-20260806T091453459470Z,2026-08-06,159336.XSHE,央企红利ETF融通,XSHE,0,159336,sz159336,etf,931132,62,specetfdata.txt,catalog,available,True,True,True,True,True,2025-02-12,2026-08-06,2025-02-12 09:35,2026-08-06 15:00,2026-04-27 09:31,2026-08-06 15:00,363,17424,16800,0.001,tdx_local_catalog
snapshot-20260806T091453459470Z,2026-08-06,159337.XSHE,中证500ETF东财,XSHE,0,159337,sz159337,etf,000905,1,specetfdata.txt,catalog,available,True,True,True,True,True,2024-09-20,2026-08-06,2024-10-08 09:35,2026-08-06 15:00,2026-04-27 09:31,2026-08-06 15:00,454,21456,16800,0.001,tdx_local_catalog
snapshot-20260806T091453459470Z,2026-08-06,159338.XSHE,中证A500ETF国泰,XSHE,0,159338,sz159338,etf,000510,1,specetfdata.txt,catalog,available,True,True,True,True,True,2024-10-15,2026-08-06,2024-10-15 09:35,2026-08-06 15:00,2026-04-27 09:31,2026-08-06 15:00,442,21216,16800,0.001,tdx_local_catalog
snapshot-20260806T091453459470Z,2026-08-06,159339.XSHE,A500ETF银华,XSHE,0,159339,sz159339,etf,000510,1,specetfdata.txt,catalog,available,True,True,True,True,True,2024-10-15,2026-08-06,2024-10-15 09:35,2026-08-06 15:00,2026-04-27 09:31,2026-08-06 15:00,442,21216,16800,0.001,tdx_local_catalog
snapshot-20260806T091453459470Z,2026-08-06,159350.XSHE,深证50ETF富国,XSHE,0,159350,sz159350,etf,399850,0,specetfdata.txt,catalog,available,True,True,True,True,True,2023-12-11,2026-08-06,2024-10-08 09:35,2026-08-06 15:00,2026-04-27 09:31,2026-08-06 15:00,643,21456,16800,0.001,tdx_local_catalog
snapshot-20260806T091453459470Z,2026-08-06,159351.XSHE,A500ETF嘉实,XSHE,0,159351,sz159351,etf,000510,1,specetfdata.txt,catalog,available,True,True,True,True,True,2024-10-15,2026-08-06,2024-10-15 09:35,2026-08-06 15:00,2026-04-27 09:31,2026-08-06 15:00,442,21216,16800,0.001,tdx_local_catalog
snapshot-20260806T091453459470Z,2026-08-06,159352.XSHE,A500ETF南方,XSHE,0,159352,sz159352,etf,000510,1,specetfdata.txt,catalog,available,True,True,True,True,True,2024-10-15,2026-08-06,2024-10-15 09:35,2026-08-06 15:00,2026-04-27 09:31,2026-08-06 15:00,442,21216,16800,0.001,tdx_local_catalog
snapshot-20260806T091453459470Z,2026-08-06,159353.XSHE,中证A500ETF景顺,XSHE,0,159353,sz159353,etf,000510,1,specetfdata.txt,catalog,available,True,True,True,True,True,2024-10-15,2026-08-06,2024-10-15 09:35,2026-08-06 15:00,2026-04-27 09:31,2026-08-06 15:00,442,21216,16800,0.001,tdx_local_catalog
snapshot-20260806T091453459470Z,2026-08-06,159355.XSHE,800红利低波ETF华,XSHE,0,159355,sz159355,etf,931848,62,specetfdata.txt,catalog,available,True,True,True,True,True,2024-12-03,2026-08-06,2024-12-03 09:35,2026-08-06 15:00,2026-04-27 09:31,2026-08-06 15:00,407,19536,16800,0.001,tdx_local_catalog
snapshot-20260806T091453459470Z,2026-08-06,159356.XSHE,A500ETF万家,XSHE,0,159356,sz159356,etf,000510,1,specetfdata.txt,catalog,available,True,True,True,True,True,2024-12-06,2026-08-06,2024-12-06 09:35,2026-08-06 15:00,2026-04-27 09:31,2026-08-06 15:00,404,19392,16800,0.001,tdx_local_catalog
snapshot-20260806T091453459470Z,2026-08-06,159357.XSHE,A500ETF博时,XSHE,0,159357,sz159357,etf,000510,1,specetfdata.txt,catalog,available,True,True,True,True,True,2024-11-28,2026-08-06,2024-11-28 09:35,2026-08-06 15:00,2026-04-27 09:31,2026-08-06 15:00,410,19680,16800,0.001,tdx_local_catalog
snapshot-20260806T091453459470Z,2026-08-06,159358.XSHE,中证A500ETF大成,XSHE,0,159358,sz159358,etf,000510,1,specetfdata.txt,catalog,available,True,True,True,True,True,2024-11-29,2026-08-06,2024-11-29 09:35,2026-08-06 15:00,2026-04-27 09:31,2026-08-06 15:00,409,19632,16800,0.001,tdx_local_catalog
snapshot-20260806T091453459470Z,2026-08-06,159359.XSHE,A500ETF华安,XSHE,0,159359,sz159359,etf,000510,1,specetfdata.txt,catalog,available,True,True,True,True,True,2024-12-02,2026-08-06,2024-12-02 09:35,2026-08-06 15:00,2026-04-27 09:31,2026-08-06 15:00,408,19584,16800,0.001,tdx_local_catalog
snapshot-20260806T091453459470Z,2026-08-06,159360.XSHE,A500ETF天弘,XSHE,0,159360,sz159360,etf,000510,1,specetfdata.txt,catalog,available,True,True,True,True,True,2024-11-28,2026-08-06,2024-11-28 09:35,2026-08-06 15:00,2026-04-27 09:31,2026-08-06 15:00,410,19680,16800,0.001,tdx_local_catalog
snapshot-20260806T091453459470Z,2026-08-06,159361.XSHE,A500ETF易方达,XSHE,0,159361,sz159361,etf,000510,1,specetfdata.txt,catalog,available,True,True,True,True,True,2024-11-19,2026-08-06,2024-11-19 09:35,2026-08-06 15:00,2026-04-27 09:31,2026-08-06 15:00,417,20016,16800,0.001,tdx_local_catalog
snapshot-20260806T091453459470Z,2026-08-06,159362.XSHE,A500ETF工银,XSHE,0,159362,sz159362,etf,000510,1,specetfdata.txt,catalog,available,True,True,True,True,True,2024-12-02,2026-08-06,2024-12-02 09:35,2026-08-06 15:00,2026-04-27 09:31,2026-08-06 15:00,408,19584,16800,0.001,tdx_local_catalog
snapshot-20260806T091453459470Z,2026-08-06,159363.XSHE,创业板人工智能ET,XSHE,0,159363,sz159363,etf,970070,102,specetfdata.txt,catalog,available,True,True,True,True,True,2024-12-16,2026-08-06,2024-12-16 09:35,2026-08-06 15:00,2026-04-27 09:31,2026-08-06 15:00,398,19104,16800,0.001,tdx_local_catalog
snapshot-20260806T091453459470Z,2026-08-06,159365.XSHE,恒指港股通ETF富,XSHE,0,159365,sz159365,etf,HZ5552,27,specetfdata.txt,catalog,available,True,True,True,True,True,2025-06-30,2026-08-06,2025-06-30 09:35,2026-08-06 15:00,2026-04-27 09:31,2026-08-06 15:00,270,12960,16800,0.001,tdx_local_catalog
snapshot-20260806T091453459470Z,2026-08-06,159366.XSHE,港股医疗ETF永赢,XSHE,0,159366,sz159366,etf,932069,62,specetfdata.txt,catalog,available,True,True,True,True,True,2025-04-14,2026-08-06,2025-04-14 09:35,2026-08-06 15:00,2026-04-27 09:31,2026-08-06 15:00,321,15408,16800,0.001,tdx_local_catalog
snapshot-20260806T091453459470Z,2026-08-06,159367.XSHE,创业板50ETF华夏,XSHE,0,159367,sz159367,etf,399673,0,specetfdata.txt,catalog,available,True,True,True,True,True,2025-02-14,2026-08-06,2025-02-14 09:35,2026-08-06 15:00,2026-04-27 09:31,2026-08-06 15:00,360,17280,16800,0.001,tdx_local_catalog
snapshot-20260806T091453459470Z,2026-08-06,159368.XSHE,创业板新能源ETF,XSHE,0,159368,sz159368,etf,399266,0,specetfdata.txt,catalog,available,True,True,True,True,True,2025-03-24,2026-08-06,2025-03-24 09:35,2026-08-06 15:00,2026-04-27 09:31,2026-08-06 15:00,335,16080,16800,0.001,tdx_local_catalog
snapshot-20260806T091453459470Z,2026-08-06,159369.XSHE,创业板50ETF易方,XSHE,0,159369,sz159369,etf,399673,0,specetfdata.txt,catalog,available,True,True,True,True,True,2025-08-21,2026-08-06,2025-08-21 09:35,2026-08-06 15:00,2026-04-27 09:31,2026-08-06 15:00,232,11136,16800,0.001,tdx_local_catalog
snapshot-20260806T091453459470Z,2026-08-06,159370.XSHE,创50ETF工银,XSHE,0,159370,sz159370,etf,399673,0,specetfdata.txt,catalog,available,True,True,True,True,True,2025-01-20,2026-08-06,2025-01-20 09:35,2026-08-06 15:00,2026-04-27 09:31,2026-08-06 15:00,374,17952,16800,0.001,tdx_local_catalog
snapshot-20260806T091453459470Z,2026-08-06,159371.XSHE,创业板50ETF富国,XSHE,0,159371,sz159371,etf,399673,0,specetfdata.txt,catalog,available,True,True,True,True,True,2025-02-12,2026-08-06,2025-02-12 09:35,2026-08-06 15:00,2026-04-27 09:31,2026-08-06 15:00,363,17424,16800,0.001,tdx_local_catalog
snapshot-20260806T091453459470Z,2026-08-06,159372.XSHE,创业板50ETF万家,XSHE,0,159372,sz159372,etf,399673,0,specetfdata.txt,catalog,available,True,True,True,True,True,2025-06-09,2026-08-06,2025-06-09 09:35,2026-08-06 15:00,2026-04-27 09:31,2026-08-06 15:00,285,13680,16800,0.001,tdx_local_catalog
snapshot-20260806T091453459470Z,2026-08-06,159373.XSHE,创业板50ETF嘉实,XSHE,0,159373,sz159373,etf,399673,0,specetfdata.txt,catalog,available,True,True,True,True,True,2025-02-10,2026-08-06,2025-02-10 09:35,2026-08-06 15:00,2026-04-27 09:31,2026-08-06 15:00,365,17520,16800,0.001,tdx_local_catalog
snapshot-20260806T091453459470Z,2026-08-06,159375.XSHE,创业板50ETF国泰,XSHE,0,159375,sz159375,etf,399673,0,specetfdata.txt,catalog,available,True,True,True,True,True,2025-01-10,2026-08-06,2025-01-10 09:35,2026-08-06 15:00,2026-04-27 09:31,2026-08-06 15:00,380,18240,16800,0.001,tdx_local_catalog
snapshot-20260806T091453459470Z,2026-08-06,159376.XSHE,A500ETF浦银,XSHE,0,159376,sz159376,etf,000510,1,specetfdata.txt,catalog,available,True,True,True,True,True,2025-01-13,2026-08-06,2025-01-13 09:35,2026-08-06 15:00,2026-04-27 09:31,2026-08-06 15:00,379,18192,16800,0.001,tdx_local_catalog
snapshot-20260806T091453459470Z,2026-08-06,159377.XSHE,创业板医药ETF国,XSHE,0,159377,sz159377,etf,399275,0,specetfdata.txt,catalog,available,True,True,True,True,True,2025-04-15,2026-08-06,2025-04-15 09:35,2026-08-06 15:00,2026-04-27 09:31,2026-08-06 15:00,319,15312,16800,0.001,tdx_local_catalog
snapshot-20260806T091453459470Z,2026-08-06,159378.XSHE,通用航空ETF永赢,XSHE,0,159378,sz159378,etf,980076,102,specetfdata.txt,catalog,available,True,True,True,True,True,2025-01-10,2026-08-06,2025-01-10 09:35,2026-08-06 15:00,2026-04-27 09:31,2026-08-06 15:00,380,18240,16800,0.001,tdx_local_catalog
snapshot-20260806T091453459470Z,2026-08-06,159379.XSHE,A500ETF融通,XSHE,0,159379,sz159379,etf,000510,1,specetfdata.txt,catalog,available,True,True,True,True,True,2025-01-23,2026-08-06,2025-01-23 09:35,2026-08-06 15:00,2026-04-27 09:31,2026-08-06 15:00,371,17808,16800,0.001,tdx_local_catalog
snapshot-20260806T091453459470Z,2026-08-06,159380.XSHE,A500ETF东财,XSHE,0,159380,sz159380,etf,000510,1,specetfdata.txt,catalog,available,True,True,True,True,True,2025-01-08,2026-08-06,2025-01-08 09:35,2026-08-06 15:00,2026-04-27 09:31,2026-08-06 15:00,382,18336,16800,0.001,tdx_local_catalog
snapshot-20260806T091453459470Z,2026-08-06,159381.XSHE,创业板人工智能ET,XSHE,0,159381,sz159381,etf,970070,102,specetfdata.txt,catalog,available,True,True,True,True,True,2025-03-24,2026-08-06,2025-03-24 09:35,2026-08-06 15:00,2026-04-27 09:31,2026-08-06 15:00,335,16080,16800,0.001,tdx_local_catalog
snapshot-20260806T091453459470Z,2026-08-06,159382.XSHE,创业板人工智能ET,XSHE,0,159382,sz159382,etf,970070,102,specetfdata.txt,catalog,available,True,True,True,True,True,2025-05-09,2026-08-06,2025-05-09 09:35,2026-08-06 15:00,2026-04-27 09:31,2026-08-06 15:00,305,14640,16800,0.001,tdx_local_catalog
snapshot-20260806T091453459470Z,2026-08-06,159383.XSHE,创业板50ETF华泰,XSHE,0,159383,sz159383,etf,399673,0,specetfdata.txt,catalog,available,True,True,True,True,True,2025-02-14,2026-08-06,2025-02-14 09:35,2026-08-06 15:00,2026-04-27 09:31,2026-08-06 15:00,361,17328,16800,0.001,tdx_local_catalog
snapshot-20260806T091453459470Z,2026-08-06,159385.XSHE,数字经济ETF富国,XSHE,0,159385,sz159385,etf,931529,62,specetfdata.txt,catalog,available,True,True,True,True,True,2025-05-30,2026-08-06,2025-05-30 09:35,2026-08-06 15:00,2026-04-27 09:31,2026-08-06 15:00,290,13920,16800,0.001,tdx_local_catalog
snapshot-20260806T091453459470Z,2026-08-06,159386.XSHE,A500ETF永赢,XSHE,0,159386,sz159386,etf,000510,1,specetfdata.txt,catalog,available,True,True,True,True,True,2025-02-11,2026-08-06,2025-02-11 09:35,2026-08-06 15:00,2026-04-27 09:31,2026-08-06 15:00,364,17472,16800,0.001,tdx_local_catalog
snapshot-20260806T091453459470Z,2026-08-06,159387.XSHE,创业板新能源ETF,XSHE,0,159387,sz159387,etf,399266,0,specetfdata.txt,catalog,available,True,True,True,True,True,2025-06-10,2026-08-06,2025-06-10 09:35,2026-08-06 15:00,2026-04-27 09:31,2026-08-06 15:00,284,13632,16800,0.001,tdx_local_catalog
snapshot-20260806T091453459470Z,2026-08-06,159388.XSHE,创业板人工智能ET,XSHE,0,159388,sz159388,etf,970070,102,specetfdata.txt,catalog,available,True,True,True,True,True,2025-04-07,2026-08-06,2025-04-07 09:35,2026-08-06 15:00,2026-04-27 09:31,2026-08-06 15:00,326,15648,16800,0.001,tdx_local_catalog
snapshot-20260806T091453459470Z,2026-08-06,159389.XSHE,数字经济ETF嘉实,XSHE,0,159389,sz159389,etf,931529,62,specetfdata.txt,catalog,available,True,True,True,True,True,2025-05-30,2026-08-06,2025-05-30 09:35,2026-08-06 15:00,2026-04-27 09:31,2026-08-06 15:00,290,13920,16800,0.001,tdx_local_catalog
snapshot-20260806T091453459470Z,2026-08-06,159390.XSHE,中证A50ETF国联,XSHE,0,159390,sz159390,etf,930050,62,specetfdata.txt,catalog,available,True,True,True,True,True,2025-04-09,2026-08-06,2025-04-09 09:35,2026-08-06 15:00,2026-04-27 09:31,2026-08-06 15:00,324,15552,16800,0.001,tdx_local_catalog
snapshot-20260806T091453459470Z,2026-08-06,159391.XSHE,大盘价值ETF博时,XSHE,0,159391,sz159391,etf,399373,0,specetfdata.txt,catalog,available,True,True,True,True,True,2025-04-21,2026-08-06,2025-04-21 09:35,2026-08-06 15:00,2026-04-27 09:31,2026-08-06 15:00,315,15120,16800,0.001,tdx_local_catalog
snapshot-20260806T091453459470Z,2026-08-06,159392.XSHE,航空ETF富国,XSHE,0,159392,sz159392,etf,980076,102,specetfdata.txt,catalog,available,True,True,True,True,True,2025-05-14,2026-08-06,2025-05-14 09:35,2026-08-06 15:00,2026-04-27 09:31,2026-08-06 15:00,302,14496,16800,0.001,tdx_local_catalog
snapshot-20260806T091453459470Z,2026-08-06,159393.XSHE,沪深300ETF万家,XSHE,0,159393,sz159393,etf,000300,1,specetfdata.txt,catalog,available,True,True,True,True,True,2025-03-10,2026-08-06,2025-03-10 09:35,2026-08-06 15:00,2026-04-27 09:31,2026-08-06 15:00,345,16560,16800,0.001,tdx_local_catalog
snapshot-20260806T091453459470Z,2026-08-06,159395.XSHE,信用债ETF大成,XSHE,0,159395,sz159395,etf,921128,62,specetfdata.txt,catalog,available,True,True,True,True,True,2025-01-27,2026-08-06,2025-01-27 09:35,2026-08-06 15:00,2026-04-27 09:31,2026-08-06 15:00,369,17712,16800,0.001,tdx_local_catalog
snapshot-20260806T091453459470Z,2026-08-06,159396.XSHE,信用债ETF博时,XSHE,0,159396,sz159396,etf,921128,62,specetfdata.txt,catalog,available,True,True,True,True,True,2025-02-06,2026-08-06,2025-02-06 09:35,2026-08-06 15:00,2026-04-27 09:31,2026-08-06 15:00,367,17616,16800,0.001,tdx_local_catalog
snapshot-20260806T091453459470Z,2026-08-06,159397.XSHE,信用债ETF广发,XSHE,0,159397,sz159397,etf,921128,62,specetfdata.txt,catalog,available,True,True,True,True,True,2025-02-07,2026-08-06,2025-02-07 09:35,2026-08-06 15:00,2026-04-27 09:31,2026-08-06 15:00,366,17568,16800,0.001,tdx_local_catalog
snapshot-20260806T091453459470Z,2026-08-06,159398.XSHE,信用债ETF天弘,XSHE,0,159398,sz159398,etf,921128,62,specetfdata.txt,catalog,available,True,True,True,True,True,2025-02-06,2026-08-06,2025-02-06 09:35,2026-08-06 15:00,2026-04-27 09:31,2026-08-06 15:00,367,17616,16800,0.001,tdx_local_catalog
snapshot-20260806T091453459470Z,2026-08-06,159399.XSHE,现金流ETF国泰,XSHE,0,159399,sz159399,etf,FCFQCD,12,specetfdata.txt,catalog,available,True,True,True,True,True,2025-02-27,2026-08-06,2025-02-27 09:35,2026-08-06 15:00,2026-04-27 09:31,2026-08-06 15:00,352,16896,16800,0.001,tdx_local_catalog
snapshot-20260806T091453459470Z,2026-08-06,159400.XSHE,科创债ETF景顺,XSHE,0,159400,sz159400,etf,921130,62,specetfdata.txt,catalog,available,True,True,True,True,True,2025-07-17,2026-08-06,2025-07-17 09:35,2026-08-06 15:00,2026-04-27 09:31,2026-08-06 15:00,257,12336,16800,0.001,tdx_local_catalog
snapshot-20260806T091453459470Z,2026-08-06,159500.XSHE,中证500ETF富国,XSHE,0,159500,sz159500,etf,000905,1,specetfdata.txt,catalog,available,True,True,True,True,True,2025-08-29,2026-08-06,2025-08-29 09:35,2026-08-06 15:00,2026-04-27 09:31,2026-08-06 15:00,226,10848,16800,0.001,tdx_local_catalog
snapshot-20260806T091453459470Z,2026-08-06,159501.XSHE,纳指ETF嘉实,XSHE,0,159501,sz159501,etf,NDX,12,specetfdata.txt,catalog,available,True,True,True,True,True,2023-06-14,2026-08-06,2024-10-08 09:35,2026-08-06 15:00,2026-04-27 09:31,2026-08-06 15:00,763,21456,16800,0.001,tdx_local_catalog
snapshot-20260806T091453459470Z,2026-08-06,159502.XSHE,标普生物科技ETF,XSHE,0,159502,sz159502,etf,SPSIBI,12,specetfdata.txt,catalog,available,True,True,True,True,True,2024-01-10,2026-08-06,2024-10-08 09:35,2026-08-06 15:00,2026-04-27 09:31,2026-08-06 15:00,622,21456,16800,0.001,tdx_local_catalog
snapshot-20260806T091453459470Z,2026-08-06,159505.XSHE,国证2000ETF博时,XSHE,0,159505,sz159505,etf,399303,0,specetfdata.txt,catalog,available,True,True,True,True,True,2023-12-04,2026-08-06,2024-10-08 09:35,2026-08-06 15:00,2026-04-27 09:31,2026-08-06 15:00,646,21360,16800,0.001,tdx_local_catalog
snapshot-20260806T091453459470Z,2026-08-06,159506.XSHE,港股通创新药医疗,XSHE,0,159506,sz159506,etf,HZ5353,27,specetfdata.txt,catalog,available,True,True,True,True,True,2023-07-03,2026-08-06,2024-10-08 09:35,2026-08-06 15:00,2026-04-27 09:31,2026-08-06 15:00,752,21456,16800,0.001,tdx_local_catalog
snapshot-20260806T091453459470Z,2026-08-06,159507.XSHE,通信ETF广发,XSHE,0,159507,sz159507,etf,399389,0,specetfdata.txt,catalog,available,True,True,True,True,True,2023-06-21,2026-08-06,2024-10-08 09:35,2026-08-06 15:00,2026-04-27 09:31,2026-08-06 15:00,756,21360,16800,0.001,tdx_local_catalog
snapshot-20260806T091453459470Z,2026-08-06,159508.XSHE,生物医药ETF华安,XSHE,0,159508,sz159508,etf,399441,0,specetfdata.txt,catalog,available,True,True,True,True,True,2023-07-14,2026-08-06,2024-10-08 09:35,2026-08-06 15:00,2026-04-27 09:31,2026-08-06 15:00,742,21408,16560,0.001,tdx_local_catalog
snapshot-20260806T091453459470Z,2026-08-06,159509.XSHE,纳指科技ETF景顺,XSHE,0,159509,sz159509,etf,NDXTMC,12,specetfdata.txt,catalog,available,True,True,True,True,True,2023-08-08,2026-08-06,2024-10-08 09:35,2026-08-06 15:00,2026-04-27 09:31,2026-08-06 15:00,726,21456,16800,0.001,tdx_local_catalog
snapshot-20260806T091453459470Z,2026-08-06,159510.XSHE,沪深300价值ETF华,XSHE,0,159510,sz159510,etf,931586,62,specetfdata.txt,catalog,available,True,True,True,True,True,2023-08-16,2026-08-06,2024-10-08 09:35,2026-08-06 15:00,2026-04-27 09:31,2026-08-06 15:00,720,21456,16800,0.001,tdx_local_catalog
snapshot-20260806T091453459470Z,2026-08-06,159511.XSHE,通信ETF南方,XSHE,0,159511,sz159511,etf,000936,62,specetfdata.txt,catalog,available,True,True,True,True,True,2023-08-07,2026-08-06,2024-10-08 09:35,2026-08-06 15:00,2026-04-27 09:31,2026-08-06 15:00,727,21456,16800,0.001,tdx_local_catalog
snapshot-20260806T091453459470Z,2026-08-06,159512.XSHE,汽车ETF广发,XSHE,0,159512,sz159512,etf,931008,62,specetfdata.txt,catalog,available,True,True,True,True,True,2023-07-25,2026-08-06,2024-10-08 09:35,2026-08-06 15:00,2026-04-27 09:31,2026-08-06 15:00,736,21456,16800,0.001,tdx_local_catalog
snapshot-20260806T091453459470Z,2026-08-06,159513.XSHE,纳斯达克100ETF大,XSHE,0,159513,sz159513,etf,NDX,12,specetfdata.txt,catalog,available,True,True,True,True,True,2023-07-28,2026-08-06,2024-10-08 09:35,2026-08-06 15:00,2026-04-27 09:31,2026-08-06 15:00,733,21456,16800,0.001,tdx_local_catalog
snapshot-20260806T091453459470Z,2026-08-06,159515.XSHE,国企红利ETF鹏扬,XSHE,0,159515,sz159515,etf,000824,62,specetfdata.txt,catalog,available,True,True,True,True,True,2023-09-06,2026-08-06,2024-10-08 09:35,2026-08-06 15:00,2026-04-27 09:31,2026-08-06 15:00,704,21408,16560,0.001,tdx_local_catalog
snapshot-20260806T091453459470Z,2026-08-06,159516.XSHE,半导体设备ETF国,XSHE,0,159516,sz159516,etf,931743,62,specetfdata.txt,catalog,available,True,True,True,True,True,2023-07-27,2026-08-06,2024-10-08 09:35,2026-08-06 15:00,2026-04-27 09:31,2026-08-06 15:00,734,21456,16800,0.001,tdx_local_catalog
snapshot-20260806T091453459470Z,2026-08-06,159517.XSHE,中证800增强ETF银,XSHE,0,159517,sz159517,etf,000906,1,specetfdata.txt,catalog,available,True,True,True,True,True,2023-09-05,2026-08-06,2024-10-08 09:35,2026-08-06 15:00,2026-04-27 09:31,2026-08-06 15:00,704,21408,16800,0.001,tdx_local_catalog
snapshot-20260806T091453459470Z,2026-08-06,159518.XSHE,标普油气ETF嘉实,XSHE,0,159518,sz159518,etf,SPSIOPTR,12,specetfdata.txt,catalog,available,True,True,True,True,True,2023-11-15,2026-08-06,2024-10-08 09:35,2026-08-06 15:00,2026-04-27 09:31,2026-08-06 15:00,659,21360,16800,0.001,tdx_local_catalog
snapshot-20260806T091453459470Z,2026-08-06,159519.XSHE,港股国企ETF国泰,XSHE,0,159519,sz159519,etf,H11153,62,specetfdata.txt,catalog,available,True,True,True,True,True,2023-08-31,2026-08-06,2024-10-08 09:35,2026-08-06 15:00,2026-04-27 09:31,2026-08-06 15:00,709,21456,16800,0.001,tdx_local_catalog
snapshot-20260806T091453459470Z,2026-08-06,159520.XSHE,消费龙头ETF工银,XSHE,0,159520,sz159520,etf,931068,62,specetfdata.txt,catalog,available,True,True,True,True,True,2023-10-31,2026-08-06,2024-10-08 09:35,2026-08-06 15:00,2026-04-27 09:31,2026-08-06 15:00,672,21456,16800,0.001,tdx_local_catalog
snapshot-20260806T091453459470Z,2026-08-06,159521.XSHE,国证2000ETF平安,XSHE,0,159521,sz159521,etf,399303,0,specetfdata.txt,catalog,available,True,True,True,True,True,2023-09-07,2026-08-06,2024-10-08 09:35,2026-08-06 15:00,2026-04-27 09:31,2026-08-06 15:00,703,21408,16800,0.001,tdx_local_catalog
snapshot-20260806T091453459470Z,2026-08-06,159523.XSHE,沪深300成长ETF华,XSHE,0,159523,sz159523,etf,931589,62,specetfdata.txt,catalog,available,True,True,True,True,True,2023-09-19,2026-08-06,2024-10-08 09:35,2026-08-06 15:00,2026-04-27 09:31,2026-08-06 15:00,696,21456,16800,0.001,tdx_local_catalog
snapshot-20260806T091453459470Z,2026-08-06,159525.XSHE,红利低波ETF富国,XSHE,0,159525,sz159525,etf,H30269,62,specetfdata.txt,catalog,available,True,True,True,True,True,2024-05-20,2026-08-06,2024-10-08 09:35,2026-08-06 15:00,2026-04-27 09:31,2026-08-06 15:00,540,21456,16800,0.001,tdx_local_catalog
snapshot-20260806T091453459470Z,2026-08-06,159526.XSHE,机器人ETF嘉实,XSHE,0,159526,sz159526,etf,H30590,62,specetfdata.txt,catalog,available,True,True,True,True,True,2024-04-24,2026-08-06,2024-10-08 09:35,2026-08-06 15:00,2026-04-27 09:31,2026-08-06 15:00,555,21456,16800,0.001,tdx_local_catalog
snapshot-20260806T091453459470Z,2026-08-06,159527.XSHE,云计算ETF广发,XSHE,0,159527,sz159527,etf,930851,62,specetfdata.txt,catalog,available,True,True,True,True,True,2024-02-01,2026-08-06,2024-10-08 09:35,2026-08-06 15:00,2026-04-27 09:31,2026-08-06 15:00,604,21408,16800,0.001,tdx_local_catalog
snapshot-20260806T091453459470Z,2026-08-06,159528.XSHE,国企改革ETF富国,XSHE,0,159528,sz159528,etf,399974,0,specetfdata.txt,catalog,available,True,True,True,True,True,2024-05-20,2026-08-06,2024-10-08 09:35,2026-08-06 15:00,2026-04-27 09:31,2026-08-06 15:00,539,21408,16800,0.001,tdx_local_catalog
snapshot-20260806T091453459470Z,2026-08-06,159529.XSHE,标普消费ETF景顺,XSHE,0,159529,sz159529,etf,SP5CSSUP,12,specetfdata.txt,catalog,available,True,True,True,True,True,2024-02-02,2026-08-06,2024-10-08 09:35,2026-08-06 15:00,2026-04-27 09:31,2026-08-06 15:00,601,21264,16800,0.001,tdx_local_catalog
snapshot-20260806T091453459470Z,2026-08-06,159530.XSHE,机器人ETF易方达,XSHE,0,159530,sz159530,etf,980022,102,specetfdata.txt,catalog,available,True,True,True,True,True,2024-01-18,2026-08-06,2024-10-08 09:35,2026-08-06 15:00,2026-04-27 09:31,2026-08-06 15:00,616,21456,16800,0.001,tdx_local_catalog
snapshot-20260806T091453459470Z,2026-08-06,159531.XSHE,中证2000ETF南方,XSHE,0,159531,sz159531,etf,932000,62,specetfdata.txt,catalog,available,True,True,True,True,True,2023-09-18,2026-08-06,2024-10-08 09:35,2026-08-06 15:00,2026-04-27 09:31,2026-08-06 15:00,697,21456,16800,0.001,tdx_local_catalog
snapshot-20260806T091453459470Z,2026-08-06,159532.XSHE,中证2000ETF易方,XSHE,0,159532,sz159532,etf,932000,62,specetfdata.txt,catalog,available,True,True,True,True,True,2023-09-21,2026-08-06,2024-10-08 09:35,2026-08-06 15:00,2026-04-27 09:31,2026-08-06 15:00,694,21456,16800,0.001,tdx_local_catalog
snapshot-20260806T091453459470Z,2026-08-06,159533.XSHE,中证2000ETF博时,XSHE,0,159533,sz159533,etf,932000,62,specetfdata.txt,catalog,available,True,True,True,True,True,2024-06-07,2026-08-06,2024-10-08 09:35,2026-08-06 15:00,2026-04-27 09:31,2026-08-06 15:00,524,21360,16800,0.001,tdx_local_catalog
snapshot-20260806T091453459470Z,2026-08-06,159535.XSHE,中证2000ETF嘉实,XSHE,0,159535,sz159535,etf,932000,62,specetfdata.txt,catalog,available,True,True,True,True,True,2023-09-22,2026-08-06,2024-10-08 09:35,2026-08-06 15:00,2026-04-27 09:31,2026-08-06 15:00,693,21456,16800,0.001,tdx_local_catalog
snapshot-20260806T091453459470Z,2026-08-06,159536.XSHE,中证2000ETF汇添,XSHE,0,159536,sz159536,etf,932000,62,specetfdata.txt,catalog,available,True,True,True,True,True,2023-09-21,2026-08-06,2024-10-08 09:35,2026-08-06 15:00,2026-04-27 09:31,2026-08-06 15:00,694,21456,16800,0.001,tdx_local_catalog
snapshot-20260806T091453459470Z,2026-08-06,159537.XSHE,信创ETF国泰,XSHE,0,159537,sz159537,etf,CN5075,102,specetfdata.txt,catalog,available,True,True,True,True,True,2023-10-10,2026-08-06,2024-10-08 09:35,2026-08-06 15:00,2026-04-27 09:31,2026-08-06 15:00,686,21408,16800,0.001,tdx_local_catalog
snapshot-20260806T091453459470Z,2026-08-06,159538.XSHE,信创ETF富国,XSHE,0,159538,sz159538,etf,CN5075,102,specetfdata.txt,catalog,available,True,True,True,True,True,2023-09-22,2026-08-06,2024-10-08 09:35,2026-08-06 15:00,2026-04-27 09:31,2026-08-06 15:00,692,21456,16800,0.001,tdx_local_catalog
snapshot-20260806T091453459470Z,2026-08-06,159539.XSHE,信创ETF广发,XSHE,0,159539,sz159539,etf,CN5075,102,specetfdata.txt,catalog,available,True,True,True,True,True,2023-09-28,2026-08-06,2024-10-08 09:35,2026-08-06 15:00,2026-04-27 09:31,2026-08-06 15:00,687,21408,16800,0.001,tdx_local_catalog
snapshot-20260806T091453459470Z,2026-08-06,159540.XSHE,信创ETF易方达,XSHE,0,159540,sz159540,etf,CN5075,102,specetfdata.txt,catalog,available,True,True,True,True,True,2023-09-28,2026-08-06,2024-10-08 09:35,2026-08-06 15:00,2026-04-27 09:31,2026-08-06 15:00,689,21456,16800,0.001,tdx_local_catalog
snapshot-20260806T091453459470Z,2026-08-06,159541.XSHE,创业板综ETF万家,XSHE,0,159541,sz159541,etf,399102,0,specetfdata.txt,catalog,available,True,True,True,True,True,2023-10-31,2026-08-06,2024-10-08 09:35,2026-08-06 15:00,2026-04-27 09:31,2026-08-06 15:00,672,21456,16800,0.001,tdx_local_catalog
snapshot-20260806T091453459470Z,2026-08-06,159542.XSHE,工程机械ETF大成,XSHE,0,159542,sz159542,etf,931752,62,specetfdata.txt,catalog,available,True,True,True,True,True,2024-06-07,2026-08-06,2024-10-08 09:35,2026-08-06 15:00,2026-04-27 09:31,2026-08-06 15:00,525,21408,16800,0.001,tdx_local_catalog
snapshot-20260806T091453459470Z,2026-08-06,159543.XSHE,国证2000ETF工银,XSHE,0,159543,sz159543,etf,399303,0,specetfdata.txt,catalog,available,True,True,True,True,True,2023-11-20,2026-08-06,2024-10-08 09:35,2026-08-06 15:00,2026-04-27 09:31,2026-08-06 15:00,658,21456,16800,0.001,tdx_local_catalog
snapshot-20260806T091453459470Z,2026-08-06,159545.XSHE,恒生红利低波ETF,XSHE,0,159545,sz159545,etf,HZ5339,27,specetfdata.txt,catalog,available,True,True,True,True,True,2024-04-15,2026-08-06,2024-10-08 09:35,2026-08-06 15:00,2026-04-27 09:31,2026-08-06 15:00,562,21456,16800,0.001,tdx_local_catalog
snapshot-20260806T091453459470Z,2026-08-06,159546.XSHE,集成电路ETF国泰,XSHE,0,159546,sz159546,etf,932087,62,specetfdata.txt,catalog,available,True,True,True,True,True,2023-10-20,2026-08-06,2024-10-08 09:35,2026-08-06 15:00,2026-04-27 09:31,2026-08-06 15:00,679,21456,16800,0.001,tdx_local_catalog
snapshot-20260806T091453459470Z,2026-08-06,159547.XSHE,红利低波ETF华夏,XSHE,0,159547,sz159547,etf,H30269,62,specetfdata.txt,catalog,available,True,True,True,True,True,2024-02-06,2026-08-06,2024-10-08 09:35,2026-08-06 15:00,2026-04-27 09:31,2026-08-06 15:00,600,21312,16800,0.001,tdx_local_catalog
snapshot-20260806T091453459470Z,2026-08-06,159549.XSHE,红利低波ETF天弘,XSHE,0,159549,sz159549,etf,930955,62,specetfdata.txt,catalog,available,True,True,True,True,True,2023-12-11,2026-08-06,2024-10-08 09:35,2026-08-06 15:00,2026-04-27 09:31,2026-08-06 15:00,643,21456,16800,0.001,tdx_local_catalog
snapshot-20260806T091453459470Z,2026-08-06,159550.XSHE,互联网ETF东财,XSHE,0,159550,sz159550,etf,930625,62,specetfdata.txt,catalog,available,True,True,True,True,True,2025-06-27,2026-08-06,2025-06-27 09:35,2026-08-06 15:00,2026-04-27 09:31,2026-08-06 15:00,271,13008,16800,0.001,tdx_local_catalog
snapshot-20260806T091453459470Z,2026-08-06,159551.XSHE,机器人ETF国泰,XSHE,0,159551,sz159551,etf,H30590,62,specetfdata.txt,catalog,available,True,True,True,True,True,2023-11-16,2026-08-06,2024-10-08 09:35,2026-08-06 15:00,2026-04-27 09:31,2026-08-06 15:00,660,21456,16800,0.001,tdx_local_catalog
snapshot-20260806T091453459470Z,2026-08-06,159552.XSHE,中证2000增强ETF,XSHE,0,159552,sz159552,etf,932000,62,specetfdata.txt,catalog,available,True,True,True,True,True,2024-06-28,2026-08-06,2024-10-08 09:35,2026-08-06 15:00,2026-04-27 09:31,2026-08-06 15:00,511,21408,16800,0.001,tdx_local_catalog
snapshot-20260806T091453459470Z,2026-08-06,159553.XSHE,中证2000增强ETF,XSHE,0,159553,sz159553,etf,932000,62,specetfdata.txt,catalog,available,True,True,True,True,True,2024-04-15,2026-08-06,2024-10-08 09:35,2026-08-06 15:00,2026-04-27 09:31,2026-08-06 15:00,560,21408,16800,0.001,tdx_local_catalog
snapshot-20260806T091453459470Z,2026-08-06,159555.XSHE,中证2000增强ETF,XSHE,0,159555,sz159555,etf,932000,62,specetfdata.txt,catalog,available,True,True,True,True,True,2023-12-12,2026-08-06,2024-10-08 09:35,2026-08-06 15:00,2026-04-27 09:31,2026-08-06 15:00,641,21408,16800,0.001,tdx_local_catalog
snapshot-20260806T091453459470Z,2026-08-06,159556.XSHE,中证2000增强ETF,XSHE,0,159556,sz159556,etf,932000,62,specetfdata.txt,catalog,available,True,True,True,True,True,2024-01-10,2026-08-06,2024-10-08 09:35,2026-08-06 15:00,2026-04-27 09:31,2026-08-06 15:00,621,21408,16800,0.001,tdx_local_catalog
snapshot-20260806T091453459470Z,2026-08-06,159557.XSHE,恒生医疗ETF嘉实,XSHE,0,159557,sz159557,etf,HZ5313,27,specetfdata.txt,catalog,available,True,True,True,True,True,2024-05-22,2026-08-06,2024-10-08 09:35,2026-08-06 15:00,2026-04-27 09:31,2026-08-06 15:00,538,21456,16800,0.001,tdx_local_catalog
snapshot-20260806T091453459470Z,2026-08-06,159558.XSHE,半导体设备ETF易,XSHE,0,159558,sz159558,etf,931743,62,specetfdata.txt,catalog,available,True,True,True,True,True,2024-06-18,2026-08-06,2024-10-08 09:35,2026-08-06 15:00,2026-04-27 09:31,2026-08-06 15:00,520,21456,16800,0.001,tdx_local_catalog
snapshot-20260806T091453459470Z,2026-08-06,159559.XSHE,机器人ETF景顺,XSHE,0,159559,sz159559,etf,980022,102,specetfdata.txt,catalog,available,True,True,True,True,True,2023-12-12,2026-08-06,2024-10-08 09:35,2026-08-06 15:00,2026-04-27 09:31,2026-08-06 15:00,642,21456,16800,0.001,tdx_local_catalog
snapshot-20260806T091453459470Z,2026-08-06,159560.XSHE,芯片ETF景顺,XSHE,0,159560,sz159560,etf,H30007,62,specetfdata.txt,catalog,available,True,True,True,True,True,2023-11-20,2026-08-06,2024-10-08 09:35,2026-08-06 15:00,2026-04-27 09:31,2026-08-06 15:00,658,21456,16800,0.001,tdx_local_catalog
snapshot-20260806T091453459470Z,2026-08-06,159561.XSHE,德国ETF嘉实,XSHE,0,159561,sz159561,etf,GDAXI,12,specetfdata.txt,catalog,available,True,True,True,True,True,2024-04-30,2026-08-06,2024-10-08 09:35,2026-08-06 15:00,2026-04-27 09:31,2026-08-06 15:00,546,21216,16800,0.001,tdx_local_catalog
snapshot-20260806T091453459470Z,2026-08-06,159562.XSHE,黄金股ETF华夏,XSHE,0,159562,sz159562,etf,931238,62,specetfdata.txt,catalog,available,True,True,True,True,True,2024-01-22,2026-08-06,2024-10-08 09:35,2026-08-06 15:00,2026-04-27 09:31,2026-08-06 15:00,614,21456,16800,0.001,tdx_local_catalog
snapshot-20260806T091453459470Z,2026-08-06,159563.XSHE,创业板综ETF华夏,XSHE,0,159563,sz159563,etf,399102,0,specetfdata.txt,catalog,available,True,True,True,True,True,2024-02-23,2026-08-06,2024-10-08 09:35,2026-08-06 15:00,2026-04-27 09:31,2026-08-06 15:00,594,21360,16800,0.001,tdx_local_catalog
snapshot-20260806T091453459470Z,2026-08-06,159565.XSHE,汽车零部件ETF易,XSHE,0,159565,sz159565,etf,931230,62,specetfdata.txt,catalog,available,True,True,True,True,True,2024-02-26,2026-08-06,2024-10-08 09:35,2026-08-06 15:00,2026-04-27 09:31,2026-08-06 15:00,595,21456,16800,0.001,tdx_local_catalog
snapshot-20260806T091453459470Z,2026-08-06,159566.XSHE,储能电池ETF易方,XSHE,0,159566,sz159566,etf,980027,102,specetfdata.txt,catalog,available,True,True,True,True,True,2024-02-08,2026-08-06,2024-10-08 09:35,2026-08-06 15:00,2026-04-27 09:31,2026-08-06 15:00,601,21456,16800,0.001,tdx_local_catalog
snapshot-20260806T091453459470Z,2026-08-06,159567.XSHE,港股创新药ETF银,XSHE,0,159567,sz159567,etf,987018,102,specetfdata.txt,catalog,available,True,True,True,True,True,2024-01-11,2026-08-06,2024-10-08 09:35,2026-08-06 15:00,2026-04-27 09:31,2026-08-06 15:00,621,21456,16800,0.001,tdx_local_catalog
snapshot-20260806T091453459470Z,2026-08-06,159568.XSHE,港股互联网ETF博,XSHE,0,159568,sz159568,etf,931637,62,specetfdata.txt,catalog,available,True,True,True,True,True,2024-02-27,2026-08-06,2024-10-08 09:35,2026-08-06 15:00,2026-04-27 09:31,2026-08-06 15:00,594,21456,16800,0.001,tdx_local_catalog
snapshot-20260806T091453459470Z,2026-08-06,159569.XSHE,港股红利低波ETF,XSHE,0,159569,sz159569,etf,987016,102,specetfdata.txt,catalog,available,True,True,True,True,True,2024-08-22,2026-08-06,2024-10-08 09:35,2026-08-06 15:00,2026-04-27 09:31,2026-08-06 15:00,473,21456,16800,0.001,tdx_local_catalog
snapshot-20260806T091453459470Z,2026-08-06,159570.XSHE,港股通创新药ETF,XSHE,0,159570,sz159570,etf,987018,102,specetfdata.txt,catalog,available,True,True,True,True,True,2024-01-22,2026-08-06,2024-10-08 09:35,2026-08-06 15:00,2026-04-27 09:31,2026-08-06 15:00,614,21456,16800,0.001,tdx_local_catalog
snapshot-20260806T091453459470Z,2026-08-06,159571.XSHE,创业板200ETF富国,XSHE,0,159571,sz159571,etf,399019,0,specetfdata.txt,catalog,available,True,True,True,True,True,2024-01-02,2026-08-06,2024-10-08 09:35,2026-08-06 15:00,2026-04-27 09:31,2026-08-06 15:00,627,21408,16560,0.001,tdx_local_catalog
snapshot-20260806T091453459470Z,2026-08-06,159572.XSHE,创业板200ETF易方,XSHE,0,159572,sz159572,etf,399019,0,specetfdata.txt,catalog,available,True,True,True,True,True,2023-12-25,2026-08-06,2024-10-08 09:35,2026-08-06 15:00,2026-04-27 09:31,2026-08-06 15:00,633,21456,16800,0.001,tdx_local_catalog
snapshot-20260806T091453459470Z,2026-08-06,159573.XSHE,创业板200ETF华夏,XSHE,0,159573,sz159573,etf,399019,0,specetfdata.txt,catalog,available,True,True,True,True,True,2023-12-25,2026-08-06,2024-10-08 09:35,2026-08-06 15:00,2026-04-27 09:31,2026-08-06 15:00,633,21456,16800,0.001,tdx_local_catalog
snapshot-20260806T091453459470Z,2026-08-06,159575.XSHE,创业板200ETF银华,XSHE,0,159575,sz159575,etf,399019,0,specetfdata.txt,catalog,available,True,True,True,True,True,2024-01-02,2026-08-06,2024-10-08 09:35,2026-08-06 15:00,2026-04-27 09:31,2026-08-06 15:00,626,21360,16800,0.001,tdx_local_catalog
snapshot-20260806T091453459470Z,2026-08-06,159576.XSHE,深证100ETF广发,XSHE,0,159576,sz159576,etf,399330,0,specetfdata.txt,catalog,available,True,True,True,True,True,2024-01-03,2026-08-06,2024-10-08 09:35,2026-08-06 15:00,2026-04-27 09:31,2026-08-06 15:00,627,21456,16800,0.001,tdx_local_catalog
snapshot-20260806T091453459470Z,2026-08-06,159577.XSHE,美国50ETF汇添富,XSHE,0,159577,sz159577,etf,750108,12,specetfdata.txt,catalog,available,True,True,True,True,True,2024-02-23,2026-08-06,2024-10-08 09:35,2026-08-06 15:00,2026-04-27 09:31,2026-08-06 15:00,596,21456,16800,0.001,tdx_local_catalog
snapshot-20260806T091453459470Z,2026-08-06,159578.XSHE,深证主板50ETF南,XSHE,0,159578,sz159578,etf,399750,0,specetfdata.txt,catalog,available,True,True,True,True,True,2024-06-07,2026-08-06,2024-10-08 09:35,2026-08-06 15:00,2026-04-27 09:31,2026-08-06 15:00,525,21408,16800,0.001,tdx_local_catalog
snapshot-20260806T091453459470Z,2026-08-06,159581.XSHE,红利ETF万家,XSHE,0,159581,sz159581,etf,000922,62,specetfdata.txt,catalog,available,True,True,True,True,True,2024-03-15,2026-08-06,2024-10-08 09:35,2026-08-06 15:00,2026-04-27 09:31,2026-08-06 15:00,581,21456,16800,0.001,tdx_local_catalog
snapshot-20260806T091453459470Z,2026-08-06,159582.XSHE,半导体ETF博时,XSHE,0,159582,sz159582,etf,931865,62,specetfdata.txt,catalog,available,True,True,True,True,True,2024-04-16,2026-08-06,2024-10-08 09:35,2026-08-06 15:00,2026-04-27 09:31,2026-08-06 15:00,561,21456,16800,0.001,tdx_local_catalog
snapshot-20260806T091453459470Z,2026-08-06,159583.XSHE,通信ETF富国,XSHE,0,159583,sz159583,etf,931271,62,specetfdata.txt,catalog,available,True,True,True,True,True,2024-07-08,2026-08-06,2024-10-08 09:35,2026-08-06 15:00,2026-04-27 09:31,2026-08-06 15:00,505,21408,16800,0.001,tdx_local_catalog
snapshot-20260806T091453459470Z,2026-08-06,159586.XSHE,计算机ETF南方,XSHE,0,159586,sz159586,etf,H30182,62,specetfdata.txt,catalog,available,True,True,True,True,True,2024-03-15,2026-08-06,2024-10-08 09:35,2026-08-06 15:00,2026-04-27 09:31,2026-08-06 15:00,579,21408,16800,0.001,tdx_local_catalog
snapshot-20260806T091453459470Z,2026-08-06,159587.XSHE,粮食ETF广发,XSHE,0,159587,sz159587,etf,399365,0,specetfdata.txt,catalog,available,True,True,True,True,True,2024-08-21,2026-08-06,2024-10-08 09:35,2026-08-06 15:00,2026-04-27 09:31,2026-08-06 15:00,472,21360,16800,0.001,tdx_local_catalog
snapshot-20260806T091453459470Z,2026-08-06,159588.XSHE,石油ETF景顺,XSHE,0,159588,sz159588,etf,399439,0,specetfdata.txt,catalog,available,True,True,True,True,True,2024-05-31,2026-08-06,2024-10-08 09:35,2026-08-06 15:00,2026-04-27 09:31,2026-08-06 15:00,531,21456,16800,0.001,tdx_local_catalog
snapshot-20260806T091453459470Z,2026-08-06,159589.XSHE,红利ETF广发,XSHE,0,159589,sz159589,etf,000922,62,specetfdata.txt,catalog,available,True,True,True,True,True,2024-03-26,2026-08-06,2024-10-08 09:35,2026-08-06 15:00,2026-04-27 09:31,2026-08-06 15:00,573,21456,16800,0.001,tdx_local_catalog
snapshot-20260806T091453459470Z,2026-08-06,159590.XSHE,软件ETF汇添富,XSHE,0,159590,sz159590,etf,H30202,62,specetfdata.txt,catalog,available,True,True,True,True,True,2024-11-06,2026-08-06,2024-11-06 09:35,2026-08-06 15:00,2026-04-27 09:31,2026-08-06 15:00,426,20448,16800,0.001,tdx_local_catalog
snapshot-20260806T091453459470Z,2026-08-06,159591.XSHE,A50ETF富国,XSHE,0,159591,sz159591,etf,930050,62,specetfdata.txt,catalog,available,True,True,True,True,True,2024-03-18,2026-08-06,2024-10-08 09:35,2026-08-06 15:00,2026-04-27 09:31,2026-08-06 15:00,580,21456,16800,0.001,tdx_local_catalog
snapshot-20260806T091453459470Z,2026-08-06,159592.XSHE,A50ETF银华,XSHE,0,159592,sz159592,etf,930050,62,specetfdata.txt,catalog,available,True,True,True,True,True,2024-03-18,2026-08-06,2024-10-08 09:35,2026-08-06 15:00,2026-04-27 09:31,2026-08-06 15:00,580,21456,16800,0.001,tdx_local_catalog
snapshot-20260806T091453459470Z,2026-08-06,159593.XSHE,中证A50ETF平安,XSHE,0,159593,sz159593,etf,930050,62,specetfdata.txt,catalog,available,True,True,True,True,True,2024-03-12,2026-08-06,2024-10-08 09:35,2026-08-06 15:00,2026-04-27 09:31,2026-08-06 15:00,584,21456,16800,0.001,tdx_local_catalog
snapshot-20260806T091453459470Z,2026-08-06,159595.XSHE,中证A50ETF大成,XSHE,0,159595,sz159595,etf,930050,62,specetfdata.txt,catalog,available,True,True,True,True,True,2024-03-18,2026-08-06,2024-10-08 09:35,2026-08-06 15:00,2026-04-27 09:31,2026-08-06 15:00,580,21456,16800,0.001,tdx_local_catalog
snapshot-20260806T091453459470Z,2026-08-06,159596.XSHE,A50ETF华宝,XSHE,0,159596,sz159596,etf,930050,62,specetfdata.txt,catalog,available,True,True,True,True,True,2024-03-18,2026-08-06,2024-10-08 09:35,2026-08-06 15:00,2026-04-27 09:31,2026-08-06 15:00,580,21456,16800,0.001,tdx_local_catalog
snapshot-20260806T091453459470Z,2026-08-06,159597.XSHE,创业板成长ETF易,XSHE,0,159597,sz159597,etf,399667,0,specetfdata.txt,catalog,available,True,True,True,True,True,2024-05-27,2026-08-06,2024-10-08 09:35,2026-08-06 15:00,2026-04-27 09:31,2026-08-06 15:00,535,21456,16800,0.001,tdx_local_catalog
snapshot-20260806T091453459470Z,2026-08-06,159599.XSHE,芯片ETF东财,XSHE,0,159599,sz159599,etf,H30007,62,specetfdata.txt,catalog,available,True,True,True,True,True,2024-05-08,2026-08-06,2024-10-08 09:35,2026-08-06 15:00,2026-04-27 09:31,2026-08-06 15:00,548,21456,16800,0.001,tdx_local_catalog
snapshot-20260806T091453459470Z,2026-08-06,159600.XSHE,科创债ETF嘉实,XSHE,0,159600,sz159600,etf,932160,62,specetfdata.txt,catalog,available,True,True,True,True,True,2025-07-17,2026-08-06,2025-07-17 09:35,2026-08-06 15:00,2026-04-27 09:31,2026-08-06 15:00,257,12336,16800,0.001,tdx_local_catalog
snapshot-20260806T091453459470Z,2026-08-06,159601.XSHE,A50ETF华夏,XSHE,0,159601,sz159601,etf,746059,12,specetfdata.txt,catalog,available,True,True,True,True,True,2021-11-08,2026-08-06,2024-10-08 09:35,2026-08-06 15:00,2026-04-27 09:31,2026-08-06 15:00,1152,21456,16800,0.001,tdx_local_catalog
snapshot-20260806T091453459470Z,2026-08-06,159602.XSHE,中国A50ETF南方,XSHE,0,159602,sz159602,etf,746059,12,specetfdata.txt,catalog,available,True,True,True,True,True,2021-11-08,2026-08-06,2024-10-08 09:35,2026-08-06 15:00,2026-04-27 09:31,2026-08-06 15:00,1152,21456,16800,0.001,tdx_local_catalog
snapshot-20260806T091453459470Z,2026-08-06,159603.XSHE,科创创业ETF天弘,XSHE,0,159603,sz159603,etf,931643,62,specetfdata.txt,catalog,available,True,True,True,True,True,2022-06-08,2026-08-06,2024-10-08 09:35,2026-08-06 15:00,2026-04-27 09:31,2026-08-06 15:00,1012,21456,16800,0.001,tdx_local_catalog
snapshot-20260806T091453459470Z,2026-08-06,159605.XSHE,中概互联ETF广发,XSHE,0,159605,sz159605,etf,930604,62,specetfdata.txt,catalog,available,True,True,True,True,True,2021-12-02,2026-08-06,2024-10-08 09:35,2026-08-06 15:00,2026-04-27 09:31,2026-08-06 15:00,1134,21456,16800,0.001,tdx_local_catalog
snapshot-20260806T091453459470Z,2026-08-06,159606.XSHE,中证500成长ETF易,XSHE,0,159606,sz159606,etf,930939,62,specetfdata.txt,catalog,available,True,True,True,True,True,2021-12-29,2026-08-06,2024-10-08 09:35,2026-08-06 15:00,2026-04-27 09:31,2026-08-06 15:00,1115,21456,16800,0.001,tdx_local_catalog
snapshot-20260806T091453459470Z,2026-08-06,159607.XSHE,中概互联网ETF嘉,XSHE,0,159607,sz159607,etf,930604,62,specetfdata.txt,catalog,available,True,True,True,True,True,2021-12-02,2026-08-06,2024-10-08 09:35,2026-08-06 15:00,2026-04-27 09:31,2026-08-06 15:00,1134,21456,16800,0.001,tdx_local_catalog
snapshot-20260806T091453459470Z,2026-08-06,159608.XSHE,稀有金属ETF广发,XSHE,0,159608,sz159608,etf,930632,62,specetfdata.txt,catalog,available,True,True,True,True,True,2021-12-23,2026-08-06,2024-10-08 09:35,2026-08-06 15:00,2026-04-27 09:31,2026-08-06 15:00,1119,21456,16800,0.001,tdx_local_catalog
snapshot-20260806T091453459470Z,2026-08-06,159609.XSHE,光伏ETF浦银,XSHE,0,159609,sz159609,etf,931151,62,specetfdata.txt,catalog,available,True,True,True,True,True,2022-07-08,2026-08-06,2024-10-08 09:35,2026-08-06 15:00,2026-04-27 09:31,2026-08-06 15:00,990,21456,16800,0.001,tdx_local_catalog
snapshot-20260806T091453459470Z,2026-08-06,159610.XSHE,中证500增强ETF景,XSHE,0,159610,sz159610,etf,000905,1,specetfdata.txt,catalog,available,True,True,True,True,True,2022-01-10,2026-08-06,2024-10-08 09:35,2026-08-06 15:00,2026-04-27 09:31,2026-08-06 15:00,1108,21456,16800,0.001,tdx_local_catalog
snapshot-20260806T091453459470Z,2026-08-06,159611.XSHE,电力ETF广发,XSHE,0,159611,sz159611,etf,H30199,62,specetfdata.txt,catalog,available,True,True,True,True,True,2022-01-07,2026-08-06,2024-10-08 09:35,2026-08-06 15:00,2026-04-27 09:31,2026-08-06 15:00,1109,21456,16800,0.001,tdx_local_catalog
snapshot-20260806T091453459470Z,2026-08-06,159612.XSHE,标普500ETF国泰,XSHE,0,159612,sz159612,etf,A_SPX,12,specetfdata.txt,catalog,available,True,True,True,True,True,2022-05-20,2026-08-06,2024-10-08 09:35,2026-08-06 15:00,2026-04-27 09:31,2026-08-06 15:00,1022,21360,16800,0.001,tdx_local_catalog
snapshot-20260806T091453459470Z,2026-08-06,159613.XSHE,信息安全ETF嘉实,XSHE,0,159613,sz159613,etf,399994,0,specetfdata.txt,catalog,available,True,True,True,True,True,2022-01-27,2026-08-06,2024-10-08 09:35,2026-08-06 15:00,2026-04-27 09:31,2026-08-06 15:00,1095,21456,16800,0.001,tdx_local_catalog
snapshot-20260806T091453459470Z,2026-08-06,159615.XSHE,恒生生物科技ETF,XSHE,0,159615,sz159615,etf,HZ5366,27,specetfdata.txt,catalog,available,True,True,True,True,True,2022-06-28,2026-08-06,2024-10-08 09:35,2026-08-06 15:00,2026-04-27 09:31,2026-08-06 15:00,998,21456,16800,0.001,tdx_local_catalog
snapshot-20260806T091453459470Z,2026-08-06,159616.XSHE,农牧ETF建信,XSHE,0,159616,sz159616,etf,931778,62,specetfdata.txt,catalog,available,True,True,True,True,True,2022-08-08,2026-08-06,2024-10-08 09:35,2026-08-06 15:00,2026-04-27 09:31,2026-08-06 15:00,969,21456,16800,0.001,tdx_local_catalog
snapshot-20260806T091453459470Z,2026-08-06,159617.XSHE,中证500价值ETF华,XSHE,0,159617,sz159617,etf,931587,62,specetfdata.txt,catalog,available,True,True,True,True,True,2022-06-30,2026-08-06,2024-10-08 09:35,2026-08-06 15:00,2026-04-27 09:31,2026-08-06 15:00,995,21408,16800,0.001,tdx_local_catalog
snapshot-20260806T091453459470Z,2026-08-06,159618.XSHE,光伏ETF华安,XSHE,0,159618,sz159618,etf,931151,62,specetfdata.txt,catalog,available,True,True,True,True,True,2022-04-22,2026-08-06,2024-10-08 09:35,2026-08-06 15:00,2026-04-27 09:31,2026-08-06 15:00,1041,21456,16800,0.001,tdx_local_catalog
snapshot-20260806T091453459470Z,2026-08-06,159619.XSHE,基建ETF国泰,XSHE,0,159619,sz159619,etf,930608,62,specetfdata.txt,catalog,available,True,True,True,True,True,2022-02-18,2026-08-06,2024-10-08 09:35,2026-08-06 15:00,2026-04-27 09:31,2026-08-06 15:00,1084,21456,16800,0.001,tdx_local_catalog
snapshot-20260806T091453459470Z,2026-08-06,159620.XSHE,中证500成长ETF华,XSHE,0,159620,sz159620,etf,931590,62,specetfdata.txt,catalog,available,True,True,True,True,True,2022-08-05,2026-08-06,2024-10-08 09:35,2026-08-06 15:00,2026-04-27 09:31,2026-08-06 15:00,968,21360,16560,0.001,tdx_local_catalog
snapshot-20260806T091453459470Z,2026-08-06,159621.XSHE,ESGETF国泰,XSHE,0,159621,sz159621,etf,721638,12,specetfdata.txt,catalog,available,True,True,True,True,True,2022-09-09,2026-08-06,2024-10-08 09:35,2026-08-06 15:00,2026-04-27 09:31,2026-08-06 15:00,942,21312,16800,0.001,tdx_local_catalog
snapshot-20260806T091453459470Z,2026-08-06,159622.XSHE,创新药ETF东财,XSHE,0,159622,sz159622,etf,931409,62,specetfdata.txt,catalog,available,True,True,True,True,True,2023-05-09,2026-08-06,2024-10-08 09:35,2026-08-06 15:00,2026-04-27 09:31,2026-08-06 15:00,789,21456,16800,0.001,tdx_local_catalog
snapshot-20260806T091453459470Z,2026-08-06,159623.XSHE,成渝经济圈ETF博,XSHE,0,159623,sz159623,etf,931695,62,specetfdata.txt,catalog,available,True,True,True,True,True,2022-09-09,2026-08-06,2024-10-08 09:35,2026-08-06 15:00,2026-04-27 09:31,2026-08-06 15:00,945,21456,16800,0.001,tdx_local_catalog
snapshot-20260806T091453459470Z,2026-08-06,159625.XSHE,绿色电力ETF嘉实,XSHE,0,159625,sz159625,etf,399438,0,specetfdata.txt,catalog,available,True,True,True,True,True,2022-04-29,2026-08-06,2024-10-08 09:35,2026-08-06 15:00,2026-04-27 09:31,2026-08-06 15:00,1036,21456,16800,0.001,tdx_local_catalog
snapshot-20260806T091453459470Z,2026-08-06,159627.XSHE,A100ETF华夏,XSHE,0,159627,sz159627,etf,000903,1,specetfdata.txt,catalog,available,True,True,True,True,True,2022-11-30,2026-08-06,2024-10-08 09:35,2026-08-06 15:00,2026-04-27 09:31,2026-08-06 15:00,891,21360,16800,0.001,tdx_local_catalog
snapshot-20260806T091453459470Z,2026-08-06,159628.XSHE,国证2000ETF万家,XSHE,0,159628,sz159628,etf,399303,0,specetfdata.txt,catalog,available,True,True,True,True,True,2022-07-18,2026-08-06,2024-10-08 09:35,2026-08-06 15:00,2026-04-27 09:31,2026-08-06 15:00,984,21456,16800,0.001,tdx_local_catalog
snapshot-20260806T091453459470Z,2026-08-06,159629.XSHE,中证1000ETF富国,XSHE,0,159629,sz159629,etf,000852,1,specetfdata.txt,catalog,available,True,True,True,True,True,2022-08-03,2026-08-06,2024-10-08 09:35,2026-08-06 15:00,2026-04-27 09:31,2026-08-06 15:00,972,21456,16800,0.001,tdx_local_catalog
snapshot-20260806T091453459470Z,2026-08-06,159630.XSHE,A100ETF汇添富,XSHE,0,159630,sz159630,etf,000903,1,specetfdata.txt,catalog,available,True,True,True,True,True,2022-11-01,2026-08-06,2024-10-08 09:35,2026-08-06 15:00,2026-04-27 09:31,2026-08-06 15:00,913,21408,16800,0.001,tdx_local_catalog
snapshot-20260806T091453459470Z,2026-08-06,159631.XSHE,A100ETF招商,XSHE,0,159631,sz159631,etf,000903,1,specetfdata.txt,catalog,available,True,True,True,True,True,2022-08-26,2026-08-06,2024-10-08 09:35,2026-08-06 15:00,2026-04-27 09:31,2026-08-06 15:00,955,21456,16800,0.001,tdx_local_catalog
snapshot-20260806T091453459470Z,2026-08-06,159632.XSHE,纳斯达克ETF华安,XSHE,0,159632,sz159632,etf,NDX,12,specetfdata.txt,catalog,available,True,True,True,True,True,2022-08-03,2026-08-06,2024-10-08 09:35,2026-08-06 15:00,2026-04-27 09:31,2026-08-06 15:00,972,21456,16800,0.001,tdx_local_catalog
snapshot-20260806T091453459470Z,2026-08-06,159633.XSHE,中证1000ETF易方,XSHE,0,159633,sz159633,etf,000852,1,specetfdata.txt,catalog,available,True,True,True,True,True,2022-08-04,2026-08-06,2024-10-08 09:35,2026-08-06 15:00,2026-04-27 09:31,2026-08-06 15:00,971,21456,16800,0.001,tdx_local_catalog
snapshot-20260806T091453459470Z,2026-08-06,159635.XSHE,基建ETF华夏,XSHE,0,159635,sz159635,etf,930608,62,specetfdata.txt,catalog,available,True,True,True,True,True,2022-07-12,2026-08-06,2024-10-08 09:35,2026-08-06 15:00,2026-04-27 09:31,2026-08-06 15:00,988,21456,16800,0.001,tdx_local_catalog
snapshot-20260806T091453459470Z,2026-08-06,159636.XSHE,港股通科技30ETF,XSHE,0,159636,sz159636,etf,987008,102,specetfdata.txt,catalog,available,True,True,True,True,True,2022-07-20,2026-08-06,2024-10-08 09:35,2026-08-06 15:00,2026-04-27 09:31,2026-08-06 15:00,982,21456,16800,0.001,tdx_local_catalog
snapshot-20260806T091453459470Z,2026-08-06,159637.XSHE,新能源车ETF东财,XSHE,0,159637,sz159637,etf,399976,0,specetfdata.txt,catalog,available,True,True,True,True,True,2022-09-01,2026-08-06,2024-10-08 09:35,2026-08-06 15:00,2026-04-27 09:31,2026-08-06 15:00,951,21456,16800,0.001,tdx_local_catalog
snapshot-20260806T091453459470Z,2026-08-06,159638.XSHE,高端装备ETF嘉实,XSHE,0,159638,sz159638,etf,931521,62,specetfdata.txt,catalog,available,True,True,True,True,True,2022-08-12,2026-08-06,2024-10-08 09:35,2026-08-06 15:00,2026-04-27 09:31,2026-08-06 15:00,965,21456,16800,0.001,tdx_local_catalog
snapshot-20260806T091453459470Z,2026-08-06,159639.XSHE,碳中和ETF南方,XSHE,0,159639,sz159639,etf,931755,62,specetfdata.txt,catalog,available,True,True,True,True,True,2022-07-19,2026-08-06,2024-10-08 09:35,2026-08-06 15:00,2026-04-27 09:31,2026-08-06 15:00,983,21456,16800,0.001,tdx_local_catalog
snapshot-20260806T091453459470Z,2026-08-06,159640.XSHE,碳中和龙头ETF工,XSHE,0,159640,sz159640,etf,931755,62,specetfdata.txt,catalog,available,True,True,True,True,True,2022-07-21,2026-08-06,2024-10-08 09:35,2026-08-06 15:00,2026-04-27 09:31,2026-08-06 15:00,981,21456,16800,0.001,tdx_local_catalog
snapshot-20260806T091453459470Z,2026-08-06,159641.XSHE,碳中和ETF招商,XSHE,0,159641,sz159641,etf,931755,62,specetfdata.txt,catalog,available,True,True,True,True,True,2022-07-22,2026-08-06,2024-10-08 09:35,2026-08-06 15:00,2026-04-27 09:31,2026-08-06 15:00,980,21456,16800,0.001,tdx_local_catalog
snapshot-20260806T091453459470Z,2026-08-06,159642.XSHE,碳中和ETF大成,XSHE,0,159642,sz159642,etf,931755,62,specetfdata.txt,catalog,available,True,True,True,True,True,2022-07-21,2026-08-06,2024-10-08 09:35,2026-08-06 15:00,2026-04-27 09:31,2026-08-06 15:00,981,21456,16800,0.001,tdx_local_catalog
snapshot-20260806T091453459470Z,2026-08-06,159643.XSHE,疫苗ETF国泰,XSHE,0,159643,sz159643,etf,980015,102,specetfdata.txt,catalog,available,True,True,True,True,True,2022-08-22,2026-08-06,2024-10-08 09:35,2026-08-06 15:00,2026-04-27 09:31,2026-08-06 15:00,959,21456,16800,0.001,tdx_local_catalog
snapshot-20260806T091453459470Z,2026-08-06,159645.XSHE,疫苗ETF富国,XSHE,0,159645,sz159645,etf,980015,102,specetfdata.txt,catalog,available,True,True,True,True,True,2022-09-26,2026-08-06,2024-10-08 09:35,2026-08-06 15:00,2026-04-27 09:31,2026-08-06 15:00,933,21456,16800,0.001,tdx_local_catalog
snapshot-20260806T091453459470Z,2026-08-06,159647.XSHE,中药ETF鹏华,XSHE,0,159647,sz159647,etf,930641,62,specetfdata.txt,catalog,available,True,True,True,True,True,2022-07-28,2026-08-06,2024-10-08 09:35,2026-08-06 15:00,2026-04-27 09:31,2026-08-06 15:00,976,21456,16800,0.001,tdx_local_catalog
snapshot-20260806T091453459470Z,2026-08-06,159649.XSHE,国开债ETF华安,XSHE,0,159649,sz159649,etf,CBA08303,62,specetfdata.txt,catalog,available,True,True,True,True,True,2022-10-24,2026-08-06,2024-10-08 09:35,2026-08-06 15:00,2026-04-27 09:31,2026-08-06 15:00,920,21456,16800,0.001,tdx_local_catalog
snapshot-20260806T091453459470Z,2026-08-06,159650.XSHE,国开债ETF博时,XSHE,0,159650,sz159650,etf,CBA11903,62,specetfdata.txt,catalog,available,True,True,True,True,True,2022-10-28,2026-08-06,2024-10-08 09:35,2026-08-06 15:00,2026-04-27 09:31,2026-08-06 15:00,916,21456,16800,0.001,tdx_local_catalog
snapshot-20260806T091453459470Z,2026-08-06,159651.XSHE,国开债ETF平安,XSHE,0,159651,sz159651,etf,CBA11903,62,specetfdata.txt,catalog,available,True,True,True,True,True,2022-11-16,2026-08-06,2024-10-08 09:35,2026-08-06 15:00,2026-04-27 09:31,2026-08-06 15:00,903,21456,16800,0.001,tdx_local_catalog
snapshot-20260806T091453459470Z,2026-08-06,159652.XSHE,有色ETF汇添富,XSHE,0,159652,sz159652,etf,000811,62,specetfdata.txt,catalog,available,True,True,True,True,True,2023-02-08,2026-08-06,2024-10-08 09:35,2026-08-06 15:00,2026-04-27 09:31,2026-08-06 15:00,849,21456,16800,0.001,tdx_local_catalog
snapshot-20260806T091453459470Z,2026-08-06,159653.XSHE,ESG300ETF国联安,XSHE,0,159653,sz159653,etf,399378,0,specetfdata.txt,catalog,available,True,True,True,True,True,2023-03-24,2026-08-06,2024-10-08 09:35,2026-08-06 15:00,2026-04-27 09:31,2026-08-06 15:00,783,20496,16800,0.001,tdx_local_catalog
snapshot-20260806T091453459470Z,2026-08-06,159655.XSHE,标普500ETF华夏,XSHE,0,159655,sz159655,etf,A_SPX,12,specetfdata.txt,catalog,available,True,True,True,True,True,2022-10-25,2026-08-06,2024-10-08 09:35,2026-08-06 15:00,2026-04-27 09:31,2026-08-06 15:00,919,21456,16800,0.001,tdx_local_catalog
snapshot-20260806T091453459470Z,2026-08-06,159656.XSHE,沪深300成长ETF万,XSHE,0,159656,sz159656,etf,000918,62,specetfdata.txt,catalog,available,True,True,True,True,True,2023-01-16,2026-08-06,2024-10-08 09:35,2026-08-06 15:00,2026-04-27 09:31,2026-08-06 15:00,861,21456,16800,0.001,tdx_local_catalog
snapshot-20260806T091453459470Z,2026-08-06,159657.XSHE,疫苗ETF鹏华,XSHE,0,159657,sz159657,etf,980015,102,specetfdata.txt,catalog,available,True,True,True,True,True,2023-03-13,2026-08-06,2024-10-08 09:35,2026-08-06 15:00,2026-04-27 09:31,2026-08-06 15:00,826,21456,16800,0.001,tdx_local_catalog
snapshot-20260806T091453459470Z,2026-08-06,159658.XSHE,数字经济ETF华安,XSHE,0,159658,sz159658,etf,931582,62,specetfdata.txt,catalog,available,True,True,True,True,True,2022-10-12,2026-08-06,2024-10-08 09:35,2026-08-06 15:00,2026-04-27 09:31,2026-08-06 15:00,928,21456,16800,0.001,tdx_local_catalog
snapshot-20260806T091453459470Z,2026-08-06,159659.XSHE,纳斯达克100ETF招,XSHE,0,159659,sz159659,etf,NDX,12,specetfdata.txt,catalog,available,True,True,True,True,True,2023-04-25,2026-08-06,2024-10-08 09:35,2026-08-06 15:00,2026-04-27 09:31,2026-08-06 15:00,796,21456,16800,0.001,tdx_local_catalog
snapshot-20260806T091453459470Z,2026-08-06,159660.XSHE,纳指ETF汇添富,XSHE,0,159660,sz159660,etf,NDX,12,specetfdata.txt,catalog,available,True,True,True,True,True,2023-04-17,2026-08-06,2024-10-08 09:35,2026-08-06 15:00,2026-04-27 09:31,2026-08-06 15:00,802,21456,16800,0.001,tdx_local_catalog
snapshot-20260806T091453459470Z,2026-08-06,159661.XSHE,A100ETF嘉实,XSHE,0,159661,sz159661,etf,000903,1,specetfdata.txt,catalog,available,True,True,True,True,True,2023-12-01,2026-08-06,2024-10-08 09:35,2026-08-06 15:00,2026-04-27 09:31,2026-08-06 15:00,648,21408,16800,0.001,tdx_local_catalog
snapshot-20260806T091453459470Z,2026-08-06,159662.XSHE,交运ETF南方,XSHE,0,159662,sz159662,etf,399433,0,specetfdata.txt,catalog,available,True,True,True,True,True,2022-12-01,2026-08-06,2024-10-08 09:35,2026-08-06 15:00,2026-04-27 09:31,2026-08-06 15:00,891,21408,16800,0.001,tdx_local_catalog
snapshot-20260806T091453459470Z,2026-08-06,159663.XSHE,机床ETF华夏,XSHE,0,159663,sz159663,etf,931866,62,specetfdata.txt,catalog,available,True,True,True,True,True,2022-10-26,2026-08-06,2024-10-08 09:35,2026-08-06 15:00,2026-04-27 09:31,2026-08-06 15:00,918,21456,16800,0.001,tdx_local_catalog
snapshot-20260806T091453459470Z,2026-08-06,159665.XSHE,半导体龙头ETF工,XSHE,0,159665,sz159665,etf,980017,102,specetfdata.txt,catalog,available,True,True,True,True,True,2023-01-06,2026-08-06,2024-10-08 09:35,2026-08-06 15:00,2026-04-27 09:31,2026-08-06 15:00,867,21456,16800,0.001,tdx_local_catalog
snapshot-20260806T091453459470Z,2026-08-06,159666.XSHE,交通运输ETF华夏,XSHE,0,159666,sz159666,etf,H30171,62,specetfdata.txt,catalog,available,True,True,True,True,True,2023-02-13,2026-08-06,2024-10-08 09:35,2026-08-06 15:00,2026-04-27 09:31,2026-08-06 15:00,846,21456,16800,0.001,tdx_local_catalog
snapshot-20260806T091453459470Z,2026-08-06,159667.XSHE,工业母机ETF国泰,XSHE,0,159667,sz159667,etf,931866,62,specetfdata.txt,catalog,available,True,True,True,True,True,2022-10-26,2026-08-06,2024-10-08 09:35,2026-08-06 15:00,2026-04-27 09:31,2026-08-06 15:00,918,21456,16800,0.001,tdx_local_catalog
snapshot-20260806T091453459470Z,2026-08-06,159669.XSHE,绿色电力ETF国泰,XSHE,0,159669,sz159669,etf,399438,0,specetfdata.txt,catalog,available,True,True,True,True,True,2023-01-11,2026-08-06,2024-10-08 09:35,2026-08-06 15:00,2026-04-27 09:31,2026-08-06 15:00,864,21456,16800,0.001,tdx_local_catalog
snapshot-20260806T091453459470Z,2026-08-06,159670.XSHE,消费50ETF国联安,XSHE,0,159670,sz159670,etf,931139,62,specetfdata.txt,catalog,available,True,True,True,True,True,2023-05-09,2026-08-06,2024-10-08 09:35,2026-08-06 15:00,2026-04-27 09:31,2026-08-06 15:00,789,21456,16800,0.001,tdx_local_catalog
snapshot-20260806T091453459470Z,2026-08-06,159671.XSHE,稀有金属ETF工银,XSHE,0,159671,sz159671,etf,930632,62,specetfdata.txt,catalog,available,True,True,True,True,True,2023-03-10,2026-08-06,2024-10-08 09:35,2026-08-06 15:00,2026-04-27 09:31,2026-08-06 15:00,827,21456,16800,0.001,tdx_local_catalog
snapshot-20260806T091453459470Z,2026-08-06,159672.XSHE,消费ETF博时,XSHE,0,159672,sz159672,etf,000932,1,specetfdata.txt,catalog,available,True,True,True,True,True,2023-04-03,2026-08-06,2024-10-08 09:35,2026-08-06 15:00,2026-04-27 09:31,2026-08-06 15:00,811,21456,16800,0.001,tdx_local_catalog
snapshot-20260806T091453459470Z,2026-08-06,159673.XSHE,沪深300ETF鹏华,XSHE,0,159673,sz159673,etf,000300,1,specetfdata.txt,catalog,available,True,True,True,True,True,2023-07-17,2026-08-06,2024-10-08 09:35,2026-08-06 15:00,2026-04-27 09:31,2026-08-06 15:00,742,21456,16800,0.001,tdx_local_catalog
snapshot-20260806T091453459470Z,2026-08-06,159675.XSHE,创业板增强ETF嘉,XSHE,0,159675,sz159675,etf,399006,0,specetfdata.txt,catalog,available,True,True,True,True,True,2022-12-02,2026-08-06,2024-10-08 09:35,2026-08-06 15:00,2026-04-27 09:31,2026-08-06 15:00,891,21456,16800,0.001,tdx_local_catalog
snapshot-20260806T091453459470Z,2026-08-06,159676.XSHE,创业板增强ETF富,XSHE,0,159676,sz159676,etf,399006,0,specetfdata.txt,catalog,available,True,True,True,True,True,2023-04-12,2026-08-06,2024-10-08 09:35,2026-08-06 15:00,2026-04-27 09:31,2026-08-06 15:00,805,21456,16800,0.001,tdx_local_catalog
snapshot-20260806T091453459470Z,2026-08-06,159677.XSHE,中证1000增强ETF,XSHE,0,159677,sz159677,etf,000852,1,specetfdata.txt,catalog,available,True,True,True,True,True,2022-12-05,2026-08-06,2024-10-08 09:35,2026-08-06 15:00,2026-04-27 09:31,2026-08-06 15:00,888,21360,16800,0.001,tdx_local_catalog
snapshot-20260806T091453459470Z,2026-08-06,159678.XSHE,500增强ETF博时,XSHE,0,159678,sz159678,etf,000905,1,specetfdata.txt,catalog,available,True,True,True,True,True,2023-02-27,2026-08-06,2024-10-08 09:35,2026-08-06 15:00,2026-04-27 09:31,2026-08-06 15:00,836,21456,16800,0.001,tdx_local_catalog
snapshot-20260806T091453459470Z,2026-08-06,159679.XSHE,中证1000增强ETF,XSHE,0,159679,sz159679,etf,000852,1,specetfdata.txt,catalog,available,True,True,True,True,True,2023-02-22,2026-08-06,2024-10-08 09:35,2026-08-06 15:00,2026-04-27 09:31,2026-08-06 15:00,839,21456,16800,0.001,tdx_local_catalog
snapshot-20260806T091453459470Z,2026-08-06,159680.XSHE,中证1000增强ETF,XSHE,0,159680,sz159680,etf,000852,1,specetfdata.txt,catalog,available,True,True,True,True,True,2022-11-30,2026-08-06,2024-10-08 09:35,2026-08-06 15:00,2026-04-27 09:31,2026-08-06 15:00,893,21456,16800,0.001,tdx_local_catalog
snapshot-20260806T091453459470Z,2026-08-06,159681.XSHE,创业板50ETF鹏华,XSHE,0,159681,sz159681,etf,399673,0,specetfdata.txt,catalog,available,True,True,True,True,True,2023-01-03,2026-08-06,2024-10-08 09:35,2026-08-06 15:00,2026-04-27 09:31,2026-08-06 15:00,870,21456,16800,0.001,tdx_local_catalog
snapshot-20260806T091453459470Z,2026-08-06,159682.XSHE,创业板50ETF景顺,XSHE,0,159682,sz159682,etf,399673,0,specetfdata.txt,catalog,available,True,True,True,True,True,2023-01-03,2026-08-06,2024-10-08 09:35,2026-08-06 15:00,2026-04-27 09:31,2026-08-06 15:00,870,21456,16800,0.001,tdx_local_catalog
snapshot-20260806T091453459470Z,2026-08-06,159685.XSHE,1000增强ETF天弘,XSHE,0,159685,sz159685,etf,000852,1,specetfdata.txt,catalog,available,True,True,True,True,True,2023-04-03,2026-08-06,2024-10-08 09:35,2026-08-06 15:00,2026-04-27 09:31,2026-08-06 15:00,809,21408,16800,0.001,tdx_local_catalog
snapshot-20260806T091453459470Z,2026-08-06,159686.XSHE,A100ETF易方达,XSHE,0,159686,sz159686,etf,000903,1,specetfdata.txt,catalog,available,True,True,True,True,True,2023-07-19,2026-08-06,2024-10-08 09:35,2026-08-06 15:00,2026-04-27 09:31,2026-08-06 15:00,739,21456,16800,0.001,tdx_local_catalog
snapshot-20260806T091453459470Z,2026-08-06,159687.XSHE,亚太精选ETF南方,XSHE,0,159687,sz159687,etf,GPCSP006,12,specetfdata.txt,catalog,available,True,True,True,True,True,2022-12-30,2026-08-06,2024-10-08 09:35,2026-08-06 15:00,2026-04-27 09:31,2026-08-06 15:00,868,21312,16800,0.001,tdx_local_catalog
snapshot-20260806T091453459470Z,2026-08-06,159688.XSHE,恒生互联网ETF华,XSHE,0,159688,sz159688,etf,HZ5312,27,specetfdata.txt,catalog,available,True,True,True,True,True,2023-02-15,2026-08-06,2024-10-08 09:35,2026-08-06 15:00,2026-04-27 09:31,2026-08-06 15:00,844,21456,16800,0.001,tdx_local_catalog
snapshot-20260806T091453459470Z,2026-08-06,159689.XSHE,消费ETF南方,XSHE,0,159689,sz159689,etf,000932,1,specetfdata.txt,catalog,available,True,True,True,True,True,2023-03-13,2026-08-06,2024-10-08 09:35,2026-08-06 15:00,2026-04-27 09:31,2026-08-06 15:00,825,21456,16800,0.001,tdx_local_catalog
snapshot-20260806T091453459470Z,2026-08-06,159690.XSHE,有色矿业ETF招商,XSHE,0,159690,sz159690,etf,931892,62,specetfdata.txt,catalog,available,True,True,True,True,True,2023-07-06,2026-08-06,2024-10-08 09:35,2026-08-06 15:00,2026-04-27 09:31,2026-08-06 15:00,748,21456,16800,0.001,tdx_local_catalog
snapshot-20260806T091453459470Z,2026-08-06,159691.XSHE,港股红利ETF工银,XSHE,0,159691,sz159691,etf,930839,62,specetfdata.txt,catalog,available,True,True,True,True,True,2023-04-21,2026-08-06,2024-10-08 09:35,2026-08-06 15:00,2026-04-27 09:31,2026-08-06 15:00,798,21456,16800,0.001,tdx_local_catalog
snapshot-20260806T091453459470Z,2026-08-06,159692.XSHE,证券ETF东财,XSHE,0,159692,sz159692,etf,931412,62,specetfdata.txt,catalog,available,True,True,True,True,True,2023-05-23,2026-08-06,2024-10-08 09:35,2026-08-06 15:00,2026-04-27 09:31,2026-08-06 15:00,779,21456,16800,0.001,tdx_local_catalog
snapshot-20260806T091453459470Z,2026-08-06,159695.XSHE,通信ETF嘉实,XSHE,0,159695,sz159695,etf,399389,0,specetfdata.txt,catalog,available,True,True,True,True,True,2023-05-10,2026-08-06,2024-10-08 09:35,2026-08-06 15:00,2026-04-27 09:31,2026-08-06 15:00,788,21456,16800,0.001,tdx_local_catalog
snapshot-20260806T091453459470Z,2026-08-06,159696.XSHE,纳指ETF易方达,XSHE,0,159696,sz159696,etf,NDX,12,specetfdata.txt,catalog,available,True,True,True,True,True,2023-08-25,2026-08-06,2024-10-08 09:35,2026-08-06 15:00,2026-04-27 09:31,2026-08-06 15:00,713,21456,16800,0.001,tdx_local_catalog
snapshot-20260806T091453459470Z,2026-08-06,159697.XSHE,石油ETF鹏华,XSHE,0,159697,sz159697,etf,399439,0,specetfdata.txt,catalog,available,True,True,True,True,True,2023-05-04,2026-08-06,2024-10-08 09:35,2026-08-06 15:00,2026-04-27 09:31,2026-08-06 15:00,792,21456,16800,0.001,tdx_local_catalog
snapshot-20260806T091453459470Z,2026-08-06,159698.XSHE,粮食ETF鹏华,XSHE,0,159698,sz159698,etf,399365,0,specetfdata.txt,catalog,available,True,True,True,True,True,2023-08-18,2026-08-06,2024-10-08 09:35,2026-08-06 15:00,2026-04-27 09:31,2026-08-06 15:00,718,21456,16800,0.001,tdx_local_catalog
snapshot-20260806T091453459470Z,2026-08-06,159699.XSHE,恒生消费ETF广发,XSHE,0,159699,sz159699,etf,HZ5314,27,specetfdata.txt,catalog,available,True,True,True,True,True,2023-08-23,2026-08-06,2024-10-08 09:35,2026-08-06 15:00,2026-04-27 09:31,2026-08-06 15:00,715,21456,16800,0.001,tdx_local_catalog
snapshot-20260806T091453459470Z,2026-08-06,159700.XSHE,科创债ETF南方,XSHE,0,159700,sz159700,etf,932160,62,specetfdata.txt,catalog,available,True,True,True,True,True,2025-07-17,2026-08-06,2025-07-17 09:35,2026-08-06 15:00,2026-04-27 09:31,2026-08-06 15:00,257,12336,16800,0.001,tdx_local_catalog
snapshot-20260806T091453459470Z,2026-08-06,159701.XSHE,物联网ETF招商,XSHE,0,159701,sz159701,etf,930712,62,specetfdata.txt,catalog,available,True,True,True,True,True,2021-12-23,2026-08-06,2024-10-08 09:35,2026-08-06 15:00,2026-04-27 09:31,2026-08-06 15:00,1118,21456,16800,0.001,tdx_local_catalog
snapshot-20260806T091453459470Z,2026-08-06,159703.XSHE,新材料ETF天弘,XSHE,0,159703,sz159703,etf,H30597,62,specetfdata.txt,catalog,available,True,True,True,True,True,2021-06-08,2026-08-06,2024-10-08 09:35,2026-08-06 15:00,2026-04-27 09:31,2026-08-06 15:00,1253,21456,16800,0.001,tdx_local_catalog
snapshot-20260806T091453459470Z,2026-08-06,159706.XSHE,深证100ETF华安,XSHE,0,159706,sz159706,etf,399330,0,specetfdata.txt,catalog,available,True,True,True,True,True,2021-12-20,2026-08-06,2024-10-08 09:35,2026-08-06 15:00,2026-04-27 09:31,2026-08-06 15:00,1122,21456,16800,0.001,tdx_local_catalog
snapshot-20260806T091453459470Z,2026-08-06,159707.XSHE,地产ETF华宝,XSHE,0,159707,sz159707,etf,399965,0,specetfdata.txt,catalog,available,True,True,True,True,True,2021-11-12,2026-08-06,2024-10-08 09:35,2026-08-06 15:00,2026-04-27 09:31,2026-08-06 15:00,1148,21456,16800,0.001,tdx_local_catalog
snapshot-20260806T091453459470Z,2026-08-06,159708.XSHE,红利ETF西部利得,XSHE,0,159708,sz159708,etf,399324,0,specetfdata.txt,catalog,available,True,True,True,True,True,2021-07-02,2026-08-06,2024-10-08 09:35,2026-08-06 15:00,2026-04-27 09:31,2026-08-06 15:00,1236,21456,16800,0.001,tdx_local_catalog
snapshot-20260806T091453459470Z,2026-08-06,159709.XSHE,物联网ETF工银,XSHE,0,159709,sz159709,etf,399285,0,specetfdata.txt,catalog,available,True,True,True,True,True,2021-07-02,2026-08-06,2024-10-08 09:35,2026-08-06 15:00,2026-04-27 09:31,2026-08-06 15:00,1236,21456,16800,0.001,tdx_local_catalog
snapshot-20260806T091453459470Z,2026-08-06,159711.XSHE,港股通50ETF华夏,XSHE,0,159711,sz159711,etf,930931,62,specetfdata.txt,catalog,available,True,True,True,True,True,2021-12-28,2026-08-06,2024-10-08 09:35,2026-08-06 15:00,2026-04-27 09:31,2026-08-06 15:00,1115,21408,16800,0.001,tdx_local_catalog
snapshot-20260806T091453459470Z,2026-08-06,159712.XSHE,港股通50ETF国泰,XSHE,0,159712,sz159712,etf,930931,62,specetfdata.txt,catalog,available,True,True,True,True,True,2021-11-11,2026-08-06,2024-10-08 09:35,2026-08-06 15:00,2026-04-27 09:31,2026-08-06 15:00,1149,21456,16800,0.001,tdx_local_catalog
snapshot-20260806T091453459470Z,2026-08-06,159713.XSHE,稀土ETF富国,XSHE,0,159713,sz159713,etf,930598,62,specetfdata.txt,catalog,available,True,True,True,True,True,2021-08-16,2026-08-06,2024-10-08 09:35,2026-08-06 15:00,2026-04-27 09:31,2026-08-06 15:00,1205,21456,16800,0.001,tdx_local_catalog
snapshot-20260806T091453459470Z,2026-08-06,159715.XSHE,稀土ETF易方达,XSHE,0,159715,sz159715,etf,930598,62,specetfdata.txt,catalog,available,True,True,True,True,True,2021-09-10,2026-08-06,2024-10-08 09:35,2026-08-06 15:00,2026-04-27 09:31,2026-08-06 15:00,1186,21456,16800,0.001,tdx_local_catalog
snapshot-20260806T091453459470Z,2026-08-06,159716.XSHE,深证100ETF华宝,XSHE,0,159716,sz159716,etf,399088,0,specetfdata.txt,catalog,available,True,True,True,True,True,2021-06-28,2026-08-06,2024-10-08 09:35,2026-08-06 15:00,2026-04-27 09:31,2026-08-06 15:00,1235,21216,16800,0.001,tdx_local_catalog
snapshot-20260806T091453459470Z,2026-08-06,159717.XSHE,ESGETF鹏华,XSHE,0,159717,sz159717,etf,399378,0,specetfdata.txt,catalog,available,True,True,True,True,True,2021-09-29,2026-08-06,2024-10-08 09:35,2026-08-06 15:00,2026-04-27 09:31,2026-08-06 15:00,1173,21456,16800,0.001,tdx_local_catalog
snapshot-20260806T091453459470Z,2026-08-06,159718.XSHE,港股医药ETF平安,XSHE,0,159718,sz159718,etf,930975,62,specetfdata.txt,catalog,available,True,True,True,True,True,2021-12-28,2026-08-06,2024-10-08 09:35,2026-08-06 15:00,2026-04-27 09:31,2026-08-06 15:00,1116,21456,16800,0.001,tdx_local_catalog
snapshot-20260806T091453459470Z,2026-08-06,159719.XSHE,国企ETF平安,XSHE,0,159719,sz159719,etf,GPCCH003,12,specetfdata.txt,catalog,available,True,True,True,True,True,2021-12-28,2026-08-06,2024-10-08 09:35,2026-08-06 15:00,2026-04-27 09:31,2026-08-06 15:00,1112,21456,16800,0.001,tdx_local_catalog
snapshot-20260806T091453459470Z,2026-08-06,159720.XSHE,智能车ETF泰康,XSHE,0,159720,sz159720,etf,H11052,62,specetfdata.txt,catalog,available,True,True,True,True,True,2021-07-20,2026-08-06,2024-10-08 09:35,2026-08-06 15:00,2026-04-27 09:31,2026-08-06 15:00,1224,21456,16800,0.001,tdx_local_catalog
snapshot-20260806T091453459470Z,2026-08-06,159721.XSHE,深证100ETF永赢,XSHE,0,159721,sz159721,etf,399088,0,specetfdata.txt,catalog,available,True,True,True,True,True,2021-06-25,2026-08-06,2024-10-08 09:35,2026-08-06 15:00,2026-04-27 09:31,2026-08-06 15:00,1237,21264,16800,0.001,tdx_local_catalog
snapshot-20260806T091453459470Z,2026-08-06,159723.XSHE,科技龙头ETF汇添,XSHE,0,159723,sz159723,etf,931524,62,specetfdata.txt,catalog,available,True,True,True,True,True,2021-10-15,2026-08-06,2024-10-08 09:35,2026-08-06 15:00,2026-04-27 09:31,2026-08-06 15:00,1167,21408,16800,0.001,tdx_local_catalog
snapshot-20260806T091453459470Z,2026-08-06,159725.XSHE,线上消费ETF工银,XSHE,0,159725,sz159725,etf,931480,62,specetfdata.txt,catalog,available,True,True,True,True,True,2021-07-02,2026-08-06,2024-10-08 09:35,2026-08-06 15:00,2026-04-27 09:31,2026-08-06 15:00,1236,21456,16800,0.001,tdx_local_catalog
snapshot-20260806T091453459470Z,2026-08-06,159726.XSHE,港股通高股息ETF,XSHE,0,159726,sz159726,etf,HZ5360,27,specetfdata.txt,catalog,available,True,True,True,True,True,2021-11-23,2026-08-06,2024-10-08 09:35,2026-08-06 15:00,2026-04-27 09:31,2026-08-06 15:00,1141,21456,16800,0.001,tdx_local_catalog
snapshot-20260806T091453459470Z,2026-08-06,159728.XSHE,在线消费ETF南方,XSHE,0,159728,sz159728,etf,399361,0,specetfdata.txt,catalog,available,True,True,True,True,True,2022-01-11,2026-08-06,2024-10-08 09:35,2026-08-06 15:00,2026-04-27 09:31,2026-08-06 15:00,1104,21408,16800,0.001,tdx_local_catalog
snapshot-20260806T091453459470Z,2026-08-06,159729.XSHE,互联网ETF汇添富,XSHE,0,159729,sz159729,etf,930625,62,specetfdata.txt,catalog,available,True,True,True,True,True,2021-07-21,2026-08-06,2024-10-08 09:35,2026-08-06 15:00,2026-04-27 09:31,2026-08-06 15:00,1223,21456,16800,0.001,tdx_local_catalog
snapshot-20260806T091453459470Z,2026-08-06,159730.XSHE,家电ETF博时,XSHE,0,159730,sz159730,etf,980028,102,specetfdata.txt,catalog,available,True,True,True,True,True,2021-12-24,2026-08-06,2024-10-08 09:35,2026-08-06 15:00,2026-04-27 09:31,2026-08-06 15:00,1117,21408,16800,0.001,tdx_local_catalog
snapshot-20260806T091453459470Z,2026-08-06,159731.XSHE,石化ETF华夏,XSHE,0,159731,sz159731,etf,H11057,62,specetfdata.txt,catalog,available,True,True,True,True,True,2021-12-10,2026-08-06,2024-10-08 09:35,2026-08-06 15:00,2026-04-27 09:31,2026-08-06 15:00,1127,21408,16800,0.001,tdx_local_catalog
snapshot-20260806T091453459470Z,2026-08-06,159732.XSHE,消费电子ETF华夏,XSHE,0,159732,sz159732,etf,980030,102,specetfdata.txt,catalog,available,True,True,True,True,True,2021-08-23,2026-08-06,2024-10-08 09:35,2026-08-06 15:00,2026-04-27 09:31,2026-08-06 15:00,1200,21456,16800,0.001,tdx_local_catalog
snapshot-20260806T091453459470Z,2026-08-06,159735.XSHE,港股消费ETF银华,XSHE,0,159735,sz159735,etf,931455,62,specetfdata.txt,catalog,available,True,True,True,True,True,2021-06-04,2026-08-06,2024-10-08 09:35,2026-08-06 15:00,2026-04-27 09:31,2026-08-06 15:00,1255,21456,16800,0.001,tdx_local_catalog
snapshot-20260806T091453459470Z,2026-08-06,159736.XSHE,食品饮料ETF天弘,XSHE,0,159736,sz159736,etf,930653,62,specetfdata.txt,catalog,available,True,True,True,True,True,2021-09-27,2026-08-06,2024-10-08 09:35,2026-08-06 15:00,2026-04-27 09:31,2026-08-06 15:00,1177,21456,16800,0.001,tdx_local_catalog
snapshot-20260806T091453459470Z,2026-08-06,159738.XSHE,云计算ETF华泰柏,XSHE,0,159738,sz159738,etf,931470,62,specetfdata.txt,catalog,available,True,True,True,True,True,2022-01-28,2026-08-06,2024-10-08 09:35,2026-08-06 15:00,2026-04-27 09:31,2026-08-06 15:00,1094,21456,16800,0.001,tdx_local_catalog
snapshot-20260806T091453459470Z,2026-08-06,159739.XSHE,云计算ETF鹏华,XSHE,0,159739,sz159739,etf,930851,62,specetfdata.txt,catalog,available,True,True,True,True,True,2021-11-17,2026-08-06,2024-10-08 09:35,2026-08-06 15:00,2026-04-27 09:31,2026-08-06 15:00,1145,21456,16800,0.001,tdx_local_catalog
snapshot-20260806T091453459470Z,2026-08-06,159740.XSHE,恒生科技ETF大成,XSHE,0,159740,sz159740,etf,HZ5017,27,specetfdata.txt,catalog,available,True,True,True,True,True,2021-05-27,2026-08-06,2024-10-08 09:35,2026-08-06 15:00,2026-04-27 09:31,2026-08-06 15:00,1261,21456,16800,0.001,tdx_local_catalog
snapshot-20260806T091453459470Z,2026-08-06,159741.XSHE,恒生科技ETF嘉实,XSHE,0,159741,sz159741,etf,HZ5017,27,specetfdata.txt,catalog,available,True,True,True,True,True,2021-06-03,2026-08-06,2024-10-08 09:35,2026-08-06 15:00,2026-04-27 09:31,2026-08-06 15:00,1256,21456,16800,0.001,tdx_local_catalog
snapshot-20260806T091453459470Z,2026-08-06,159742.XSHE,恒生科技ETF博时,XSHE,0,159742,sz159742,etf,HZ5017,27,specetfdata.txt,catalog,available,True,True,True,True,True,2021-05-25,2026-08-06,2024-10-08 09:35,2026-08-06 15:00,2026-04-27 09:31,2026-08-06 15:00,1263,21456,16800,0.001,tdx_local_catalog
snapshot-20260806T091453459470Z,2026-08-06,159743.XSHE,湖北ETF博时,XSHE,0,159743,sz159743,etf,931393,62,specetfdata.txt,catalog,available,True,True,True,True,True,2022-01-11,2026-08-06,2024-10-08 09:35,2026-08-06 15:00,2026-04-27 09:31,2026-08-06 15:00,1107,21456,16800,0.001,tdx_local_catalog
snapshot-20260806T091453459470Z,2026-08-06,159745.XSHE,建材ETF国泰,XSHE,0,159745,sz159745,etf,931009,62,specetfdata.txt,catalog,available,True,True,True,True,True,2021-06-18,2026-08-06,2024-10-08 09:35,2026-08-06 15:00,2026-04-27 09:31,2026-08-06 15:00,1246,21456,16800,0.001,tdx_local_catalog
snapshot-20260806T091453459470Z,2026-08-06,159747.XSHE,香港科技ETF南方,XSHE,0,159747,sz159747,etf,931574,62,specetfdata.txt,catalog,available,True,True,True,True,True,2021-07-14,2026-08-06,2024-10-08 09:35,2026-08-06 15:00,2026-04-27 09:31,2026-08-06 15:00,1228,21456,16800,0.001,tdx_local_catalog
snapshot-20260806T091453459470Z,2026-08-06,159748.XSHE,创新药ETF富国,XSHE,0,159748,sz159748,etf,931409,62,specetfdata.txt,catalog,available,True,True,True,True,True,2021-12-03,2026-08-06,2024-10-08 09:35,2026-08-06 15:00,2026-04-27 09:31,2026-08-06 15:00,1133,21456,16800,0.001,tdx_local_catalog
snapshot-20260806T091453459470Z,2026-08-06,159750.XSHE,港股科技50ETF招,XSHE,0,159750,sz159750,etf,931574,62,specetfdata.txt,catalog,available,True,True,True,True,True,2022-02-14,2026-08-06,2024-10-08 09:35,2026-08-06 15:00,2026-04-27 09:31,2026-08-06 15:00,1087,21456,16800,0.001,tdx_local_catalog
snapshot-20260806T091453459470Z,2026-08-06,159751.XSHE,港股通科技ETF鹏,XSHE,0,159751,sz159751,etf,931573,62,specetfdata.txt,catalog,available,True,True,True,True,True,2021-12-28,2026-08-06,2024-10-08 09:35,2026-08-06 15:00,2026-04-27 09:31,2026-08-06 15:00,1116,21456,16800,0.001,tdx_local_catalog
snapshot-20260806T091453459470Z,2026-08-06,159752.XSHE,新能源ETF申万菱,XSHE,0,159752,sz159752,etf,000941,62,specetfdata.txt,catalog,available,True,True,True,True,True,2021-07-28,2026-08-06,2024-10-08 09:35,2026-08-06 15:00,2026-04-27 09:31,2026-08-06 15:00,1218,21456,16800,0.001,tdx_local_catalog
snapshot-20260806T091453459470Z,2026-08-06,159755.XSHE,电池ETF广发,XSHE,0,159755,sz159755,etf,980032,102,specetfdata.txt,catalog,available,True,True,True,True,True,2021-06-24,2026-08-06,2024-10-08 09:35,2026-08-06 15:00,2026-04-27 09:31,2026-08-06 15:00,1242,21456,16800,0.001,tdx_local_catalog
snapshot-20260806T091453459470Z,2026-08-06,159757.XSHE,电池ETF景顺,XSHE,0,159757,sz159757,etf,980032,102,specetfdata.txt,catalog,available,True,True,True,True,True,2021-08-09,2026-08-06,2024-10-08 09:35,2026-08-06 15:00,2026-04-27 09:31,2026-08-06 15:00,1210,21456,16800,0.001,tdx_local_catalog
snapshot-20260806T091453459470Z,2026-08-06,159758.XSHE,红利质量ETF华夏,XSHE,0,159758,sz159758,etf,931468,62,specetfdata.txt,catalog,available,True,True,True,True,True,2021-12-28,2026-08-06,2024-10-08 09:35,2026-08-06 15:00,2026-04-27 09:31,2026-08-06 15:00,1116,21456,16800,0.001,tdx_local_catalog
snapshot-20260806T091453459470Z,2026-08-06,159760.XSHE,医疗健康ETF泰康,XSHE,0,159760,sz159760,etf,980016,102,specetfdata.txt,catalog,available,True,True,True,True,True,2021-12-20,2026-08-06,2024-10-08 09:35,2026-08-06 15:00,2026-04-27 09:31,2026-08-06 15:00,1122,21456,16800,0.001,tdx_local_catalog
snapshot-20260806T091453459470Z,2026-08-06,159761.XSHE,新材料ETF国泰,XSHE,0,159761,sz159761,etf,H30597,62,specetfdata.txt,catalog,available,True,True,True,True,True,2021-12-13,2026-08-06,2024-10-08 09:35,2026-08-06 15:00,2026-04-27 09:31,2026-08-06 15:00,1127,21456,16800,0.001,tdx_local_catalog
snapshot-20260806T091453459470Z,2026-08-06,159763.XSHE,新材料ETF建信,XSHE,0,159763,sz159763,etf,H30597,62,specetfdata.txt,catalog,available,True,True,True,True,True,2021-09-13,2026-08-06,2024-10-08 09:35,2026-08-06 15:00,2026-04-27 09:31,2026-08-06 15:00,1185,21456,16800,0.001,tdx_local_catalog
snapshot-20260806T091453459470Z,2026-08-06,159766.XSHE,旅游ETF富国,XSHE,0,159766,sz159766,etf,930633,62,specetfdata.txt,catalog,available,True,True,True,True,True,2021-07-23,2026-08-06,2024-10-08 09:35,2026-08-06 15:00,2026-04-27 09:31,2026-08-06 15:00,1221,21456,16800,0.001,tdx_local_catalog
snapshot-20260806T091453459470Z,2026-08-06,159767.XSHE,电池龙头ETF兴银,XSHE,0,159767,sz159767,etf,980032,102,specetfdata.txt,catalog,available,True,True,True,True,True,2021-08-23,2026-08-06,2024-10-08 09:35,2026-08-06 15:00,2026-04-27 09:31,2026-08-06 15:00,1200,21456,16800,0.001,tdx_local_catalog
snapshot-20260806T091453459470Z,2026-08-06,159768.XSHE,房地产ETF银华,XSHE,0,159768,sz159768,etf,000948,62,specetfdata.txt,catalog,available,True,True,True,True,True,2022-02-16,2026-08-06,2024-10-08 09:35,2026-08-06 15:00,2026-04-27 09:31,2026-08-06 15:00,1086,21456,16800,0.001,tdx_local_catalog
snapshot-20260806T091453459470Z,2026-08-06,159770.XSHE,机器人ETF天弘,XSHE,0,159770,sz159770,etf,H30590,62,specetfdata.txt,catalog,available,True,True,True,True,True,2021-11-08,2026-08-06,2024-10-08 09:35,2026-08-06 15:00,2026-04-27 09:31,2026-08-06 15:00,1152,21456,16800,0.001,tdx_local_catalog
snapshot-20260806T091453459470Z,2026-08-06,159773.XSHE,创业板科技ETF华,XSHE,0,159773,sz159773,etf,399276,0,specetfdata.txt,catalog,available,True,True,True,True,True,2021-10-08,2026-08-06,2024-10-08 09:35,2026-08-06 15:00,2026-04-27 09:31,2026-08-06 15:00,1173,21456,16800,0.001,tdx_local_catalog
snapshot-20260806T091453459470Z,2026-08-06,159775.XSHE,电池ETF建信,XSHE,0,159775,sz159775,etf,980032,102,specetfdata.txt,catalog,available,True,True,True,True,True,2022-01-24,2026-08-06,2024-10-08 09:35,2026-08-06 15:00,2026-04-27 09:31,2026-08-06 15:00,1098,21456,16800,0.001,tdx_local_catalog
snapshot-20260806T091453459470Z,2026-08-06,159776.XSHE,港股医药ETF银华,XSHE,0,159776,sz159776,etf,930975,62,specetfdata.txt,catalog,available,True,True,True,True,True,2022-03-25,2026-08-06,2024-10-08 09:35,2026-08-06 15:00,2026-04-27 09:31,2026-08-06 15:00,1059,21456,16800,0.001,tdx_local_catalog
snapshot-20260806T091453459470Z,2026-08-06,159777.XSHE,创科技ETF国联安,XSHE,0,159777,sz159777,etf,399276,0,specetfdata.txt,catalog,available,True,True,True,True,True,2021-10-18,2026-08-06,2024-10-08 09:35,2026-08-06 15:00,2026-04-27 09:31,2026-08-06 15:00,1165,21408,16800,0.001,tdx_local_catalog
snapshot-20260806T091453459470Z,2026-08-06,159778.XSHE,工业互联网ETF鹏,XSHE,0,159778,sz159778,etf,931495,62,specetfdata.txt,catalog,available,True,True,True,True,True,2022-02-17,2026-08-06,2024-10-08 09:35,2026-08-06 15:00,2026-04-27 09:31,2026-08-06 15:00,1085,21456,16800,0.001,tdx_local_catalog
snapshot-20260806T091453459470Z,2026-08-06,159779.XSHE,消费电子ETF招商,XSHE,0,159779,sz159779,etf,931494,62,specetfdata.txt,catalog,available,True,True,True,True,True,2021-11-26,2026-08-06,2024-10-08 09:35,2026-08-06 15:00,2026-04-27 09:31,2026-08-06 15:00,1138,21456,16800,0.001,tdx_local_catalog
snapshot-20260806T091453459470Z,2026-08-06,159780.XSHE,科创创业50ETF南,XSHE,0,159780,sz159780,etf,931643,62,specetfdata.txt,catalog,available,True,True,True,True,True,2021-07-05,2026-08-06,2024-10-08 09:35,2026-08-06 15:00,2026-04-27 09:31,2026-08-06 15:00,1235,21456,16800,0.001,tdx_local_catalog
snapshot-20260806T091453459470Z,2026-08-06,159781.XSHE,科创创业ETF易方,XSHE,0,159781,sz159781,etf,931643,62,specetfdata.txt,catalog,available,True,True,True,True,True,2021-07-05,2026-08-06,2024-10-08 09:35,2026-08-06 15:00,2026-04-27 09:31,2026-08-06 15:00,1235,21456,16800,0.001,tdx_local_catalog
snapshot-20260806T091453459470Z,2026-08-06,159782.XSHE,双创50ETF银华,XSHE,0,159782,sz159782,etf,931643,62,specetfdata.txt,catalog,available,True,True,True,True,True,2021-07-07,2026-08-06,2024-10-08 09:35,2026-08-06 15:00,2026-04-27 09:31,2026-08-06 15:00,1233,21456,16800,0.001,tdx_local_catalog
snapshot-20260806T091453459470Z,2026-08-06,159783.XSHE,科创创业50ETF华,XSHE,0,159783,sz159783,etf,931643,62,specetfdata.txt,catalog,available,True,True,True,True,True,2021-07-05,2026-08-06,2024-10-08 09:35,2026-08-06 15:00,2026-04-27 09:31,2026-08-06 15:00,1235,21456,16800,0.001,tdx_local_catalog
snapshot-20260806T091453459470Z,2026-08-06,159786.XSHE,VRETF银华,XSHE,0,159786,sz159786,etf,930821,62,specetfdata.txt,catalog,available,True,True,True,True,True,2021-08-06,2026-08-06,2024-10-08 09:35,2026-08-06 15:00,2026-04-27 09:31,2026-08-06 15:00,1211,21456,16800,0.001,tdx_local_catalog
snapshot-20260806T091453459470Z,2026-08-06,159787.XSHE,建材ETF易方达,XSHE,0,159787,sz159787,etf,931009,62,specetfdata.txt,catalog,available,True,True,True,True,True,2022-03-15,2026-08-06,2024-10-08 09:35,2026-08-06 15:00,2026-04-27 09:31,2026-08-06 15:00,1067,21456,16800,0.001,tdx_local_catalog
snapshot-20260806T091453459470Z,2026-08-06,159788.XSHE,港股通100ETF易方,XSHE,0,159788,sz159788,etf,930957,62,specetfdata.txt,catalog,available,True,True,True,True,True,2022-03-02,2026-08-06,2024-10-08 09:35,2026-08-06 15:00,2026-04-27 09:31,2026-08-06 15:00,1076,21456,16800,0.001,tdx_local_catalog
snapshot-20260806T091453459470Z,2026-08-06,159790.XSHE,碳中和ETF华夏,XSHE,0,159790,sz159790,etf,000977,62,specetfdata.txt,catalog,available,True,True,True,True,True,2021-08-06,2026-08-06,2024-10-08 09:35,2026-08-06 15:00,2026-04-27 09:31,2026-08-06 15:00,1211,21456,16800,0.001,tdx_local_catalog
snapshot-20260806T091453459470Z,2026-08-06,159791.XSHE,300ESGETF华夏,XSHE,0,159791,sz159791,etf,931463,62,specetfdata.txt,catalog,available,True,True,True,True,True,2022-03-08,2026-08-06,2024-10-08 09:35,2026-08-06 15:00,2026-04-27 09:31,2026-08-06 15:00,1068,21408,16800,0.001,tdx_local_catalog
snapshot-20260806T091453459470Z,2026-08-06,159792.XSHE,港股通互联网ETF,XSHE,0,159792,sz159792,etf,931637,62,specetfdata.txt,catalog,available,True,True,True,True,True,2021-09-28,2026-08-06,2024-10-08 09:35,2026-08-06 15:00,2026-04-27 09:31,2026-08-06 15:00,1176,21456,16800,0.001,tdx_local_catalog
snapshot-20260806T091453459470Z,2026-08-06,159793.XSHE,线上消费ETF平安,XSHE,0,159793,sz159793,etf,931481,62,specetfdata.txt,catalog,available,True,True,True,True,True,2021-11-24,2026-08-06,2024-10-08 09:35,2026-08-06 15:00,2026-04-27 09:31,2026-08-06 15:00,1139,21408,16800,0.001,tdx_local_catalog
snapshot-20260806T091453459470Z,2026-08-06,159795.XSHE,智能汽车ETF汇添,XSHE,0,159795,sz159795,etf,930721,62,specetfdata.txt,catalog,available,True,True,True,True,True,2022-02-14,2026-08-06,2024-10-08 09:35,2026-08-06 15:00,2026-04-27 09:31,2026-08-06 15:00,1088,21456,16800,0.001,tdx_local_catalog
snapshot-20260806T091453459470Z,2026-08-06,159796.XSHE,电池ETF汇添富,XSHE,0,159796,sz159796,etf,931719,62,specetfdata.txt,catalog,available,True,True,True,True,True,2022-03-14,2026-08-06,2024-10-08 09:35,2026-08-06 15:00,2026-04-27 09:31,2026-08-06 15:00,1068,21456,16800,0.001,tdx_local_catalog
snapshot-20260806T091453459470Z,2026-08-06,159797.XSHE,医疗器械ETF汇添,XSHE,0,159797,sz159797,etf,H30217,62,specetfdata.txt,catalog,available,True,True,True,True,True,2022-05-16,2026-08-06,2024-10-08 09:35,2026-08-06 15:00,2026-04-27 09:31,2026-08-06 15:00,1028,21456,16800,0.001,tdx_local_catalog
snapshot-20260806T091453459470Z,2026-08-06,159798.XSHE,消费ETF易方达,XSHE,0,159798,sz159798,etf,931139,62,specetfdata.txt,catalog,available,True,True,True,True,True,2022-05-11,2026-08-06,2024-10-08 09:35,2026-08-06 15:00,2026-04-27 09:31,2026-08-06 15:00,1031,21456,16800,0.001,tdx_local_catalog
snapshot-20260806T091453459470Z,2026-08-06,159800.XSHE,中证800ETF鹏华,XSHE,0,159800,sz159800,etf,000906,1,specetfdata.txt,catalog,available,True,True,True,True,True,2024-07-12,2026-08-06,2024-10-08 09:35,2026-08-06 15:00,2026-04-27 09:31,2026-08-06 15:00,502,21456,16800,0.001,tdx_local_catalog
snapshot-20260806T091453459470Z,2026-08-06,159801.XSHE,芯片ETF广发,XSHE,0,159801,sz159801,etf,980017,102,specetfdata.txt,catalog,available,True,True,True,True,True,2020-02-18,2026-08-06,2024-10-08 09:35,2026-08-06 15:00,2026-04-27 09:31,2026-08-06 15:00,1571,21456,16800,0.001,tdx_local_catalog
snapshot-20260806T091453459470Z,2026-08-06,159804.XSHE,创中盘88ETF国寿,XSHE,0,159804,sz159804,etf,399291,0,specetfdata.txt,catalog,available,True,True,True,True,True,2020-03-31,2026-08-06,2024-10-08 09:35,2026-08-06 15:00,2026-04-27 09:31,2026-08-06 15:00,1541,21456,16800,0.001,tdx_local_catalog
snapshot-20260806T091453459470Z,2026-08-06,159805.XSHE,传媒ETF鹏华,XSHE,0,159805,sz159805,etf,399971,0,specetfdata.txt,catalog,available,True,True,True,True,True,2020-04-17,2026-08-06,2024-10-08 09:35,2026-08-06 15:00,2026-04-27 09:31,2026-08-06 15:00,1529,21456,16800,0.001,tdx_local_catalog
snapshot-20260806T091453459470Z,2026-08-06,159806.XSHE,新能源车ETF国泰,XSHE,0,159806,sz159806,etf,399976,0,specetfdata.txt,catalog,available,True,True,True,True,True,2020-03-20,2026-08-06,2024-10-08 09:35,2026-08-06 15:00,2026-04-27 09:31,2026-08-06 15:00,1548,21456,16800,0.001,tdx_local_catalog
snapshot-20260806T091453459470Z,2026-08-06,159807.XSHE,科技ETF易方达,XSHE,0,159807,sz159807,etf,931380,62,specetfdata.txt,catalog,available,True,True,True,True,True,2020-03-30,2026-08-06,2024-10-08 09:35,2026-08-06 15:00,2026-04-27 09:31,2026-08-06 15:00,1542,21456,16800,0.001,tdx_local_catalog
snapshot-20260806T091453459470Z,2026-08-06,159808.XSHE,创100ETF融通,XSHE,0,159808,sz159808,etf,399006,0,specetfdata.txt,catalog,available,True,True,True,True,True,2020-09-04,2026-08-06,2024-10-08 09:35,2026-08-06 15:00,2026-04-27 09:31,2026-08-06 15:00,1434,21456,16800,0.001,tdx_local_catalog
snapshot-20260806T091453459470Z,2026-08-06,159810.XSHE,创业板ETF浦银,XSHE,0,159810,sz159810,etf,399006,0,specetfdata.txt,catalog,available,True,True,True,True,True,2020-07-10,2026-08-06,2024-10-08 09:35,2026-08-06 15:00,2026-04-27 09:31,2026-08-06 15:00,1473,21456,16800,0.001,tdx_local_catalog
snapshot-20260806T091453459470Z,2026-08-06,159811.XSHE,5GETF博时,XSHE,0,159811,sz159811,etf,931406,62,specetfdata.txt,catalog,available,True,True,True,True,True,2020-04-22,2026-08-06,2024-10-08 09:35,2026-08-06 15:00,2026-04-27 09:31,2026-08-06 15:00,1526,21456,16800,0.001,tdx_local_catalog
snapshot-20260806T091453459470Z,2026-08-06,159812.XSHE,黄金ETF前海开源,XSHE,0,159812,sz159812,etf,Au99.99,46,specetfdata.txt,catalog,available,True,True,True,True,True,2020-05-29,2026-08-06,2024-10-08 09:35,2026-08-06 15:00,2026-04-27 09:31,2026-08-06 15:00,1502,21456,16800,0.001,tdx_local_catalog
snapshot-20260806T091453459470Z,2026-08-06,159813.XSHE,半导体ETF鹏华,XSHE,0,159813,sz159813,etf,980017,102,specetfdata.txt,catalog,available,True,True,True,True,True,2020-05-25,2026-08-06,2024-10-08 09:35,2026-08-06 15:00,2026-04-27 09:31,2026-08-06 15:00,1506,21456,16800,0.001,tdx_local_catalog
snapshot-20260806T091453459470Z,2026-08-06,159814.XSHE,创业大盘ETF西部,XSHE,0,159814,sz159814,etf,399293,0,specetfdata.txt,catalog,available,True,True,True,True,True,2020-07-17,2026-08-06,2024-10-08 09:35,2026-08-06 15:00,2026-04-27 09:31,2026-08-06 15:00,1469,21456,16800,0.001,tdx_local_catalog
snapshot-20260806T091453459470Z,2026-08-06,159816.XSHE,0-4年地方债ETF鹏,XSHE,0,159816,sz159816,etf,931161,62,specetfdata.txt,catalog,available,True,True,True,True,True,2020-09-04,2026-08-06,2024-10-08 09:35,2026-08-06 15:00,2026-04-27 09:31,2026-08-06 15:00,1427,21408,16800,0.001,tdx_local_catalog
snapshot-20260806T091453459470Z,2026-08-06,159819.XSHE,人工智能ETF易方,XSHE,0,159819,sz159819,etf,930713,62,specetfdata.txt,catalog,available,True,True,True,True,True,2020-09-23,2026-08-06,2024-10-08 09:35,2026-08-06 15:00,2026-04-27 09:31,2026-08-06 15:00,1421,21456,16800,0.001,tdx_local_catalog
snapshot-20260806T091453459470Z,2026-08-06,159820.XSHE,中证500ETF天弘,XSHE,0,159820,sz159820,etf,000905,1,specetfdata.txt,catalog,available,True,True,True,True,True,2020-08-24,2026-08-06,2024-10-08 09:35,2026-08-06 15:00,2026-04-27 09:31,2026-08-06 15:00,1443,21456,16800,0.001,tdx_local_catalog
snapshot-20260806T091453459470Z,2026-08-06,159821.XSHE,创业板ETF中银证,XSHE,0,159821,sz159821,etf,399006,0,specetfdata.txt,catalog,available,True,True,True,True,True,2020-10-29,2026-08-06,2024-10-08 09:35,2026-08-06 15:00,2026-04-27 09:31,2026-08-06 15:00,1397,21408,16800,0.001,tdx_local_catalog
snapshot-20260806T091453459470Z,2026-08-06,159822.XSHE,新经济ETF银华,XSHE,0,159822,sz159822,etf,SPNCSCHN,12,specetfdata.txt,catalog,available,True,True,True,True,True,2020-10-23,2026-08-06,2024-10-08 09:35,2026-08-06 15:00,2026-04-27 09:31,2026-08-06 15:00,1405,21456,16800,0.001,tdx_local_catalog
snapshot-20260806T091453459470Z,2026-08-06,159824.XSHE,新能源车ETF博时,XSHE,0,159824,sz159824,etf,399976,0,specetfdata.txt,catalog,available,True,True,True,True,True,2021-01-11,2026-08-06,2024-10-08 09:35,2026-08-06 15:00,2026-04-27 09:31,2026-08-06 15:00,1350,21456,16800,0.001,tdx_local_catalog
snapshot-20260806T091453459470Z,2026-08-06,159825.XSHE,农业ETF富国,XSHE,0,159825,sz159825,etf,000949,62,specetfdata.txt,catalog,available,True,True,True,True,True,2020-12-29,2026-08-06,2024-10-08 09:35,2026-08-06 15:00,2026-04-27 09:31,2026-08-06 15:00,1358,21456,16800,0.001,tdx_local_catalog
snapshot-20260806T091453459470Z,2026-08-06,159827.XSHE,农业ETF银华,XSHE,0,159827,sz159827,etf,000949,62,specetfdata.txt,catalog,available,True,True,True,True,True,2020-12-18,2026-08-06,2024-10-08 09:35,2026-08-06 15:00,2026-04-27 09:31,2026-08-06 15:00,1365,21456,16800,0.001,tdx_local_catalog
snapshot-20260806T091453459470Z,2026-08-06,159828.XSHE,医疗ETF国泰,XSHE,0,159828,sz159828,etf,399989,0,specetfdata.txt,catalog,available,True,True,True,True,True,2021-01-12,2026-08-06,2024-10-08 09:35,2026-08-06 15:00,2026-04-27 09:31,2026-08-06 15:00,1349,21456,16800,0.001,tdx_local_catalog
snapshot-20260806T091453459470Z,2026-08-06,159830.XSHE,金ETF天弘,XSHE,0,159830,sz159830,etf,Au99.99,46,specetfdata.txt,catalog,available,True,True,True,True,True,2021-07-19,2026-08-06,2024-10-08 09:35,2026-08-06 15:00,2026-04-27 09:31,2026-08-06 15:00,1225,21456,16800,0.001,tdx_local_catalog
snapshot-20260806T091453459470Z,2026-08-06,159831.XSHE,金ETF嘉实,XSHE,0,159831,sz159831,etf,Au99.99,46,specetfdata.txt,catalog,available,True,True,True,True,True,2022-04-07,2026-08-06,2024-10-08 09:35,2026-08-06 15:00,2026-04-27 09:31,2026-08-06 15:00,1052,21456,16800,0.001,tdx_local_catalog
snapshot-20260806T091453459470Z,2026-08-06,159834.XSHE,金ETF南方,XSHE,0,159834,sz159834,etf,Au99.99,46,specetfdata.txt,catalog,available,True,True,True,True,True,2022-03-16,2026-08-06,2024-10-08 09:35,2026-08-06 15:00,2026-04-27 09:31,2026-08-06 15:00,1066,21456,16800,0.001,tdx_local_catalog
snapshot-20260806T091453459470Z,2026-08-06,159835.XSHE,创新药ETF建信,XSHE,0,159835,sz159835,etf,931152,62,specetfdata.txt,catalog,available,True,True,True,True,True,2021-03-29,2026-08-06,2024-10-08 09:35,2026-08-06 15:00,2026-04-27 09:31,2026-08-06 15:00,1300,21456,16800,0.001,tdx_local_catalog
snapshot-20260806T091453459470Z,2026-08-06,159836.XSHE,创业板300ETF天弘,XSHE,0,159836,sz159836,etf,399012,0,specetfdata.txt,catalog,available,True,True,True,True,True,2021-05-25,2026-08-06,2024-10-08 09:35,2026-08-06 15:00,2026-04-27 09:31,2026-08-06 15:00,1263,21456,16800,0.001,tdx_local_catalog
snapshot-20260806T091453459470Z,2026-08-06,159837.XSHE,生物科技ETF易方,XSHE,0,159837,sz159837,etf,930743,62,specetfdata.txt,catalog,available,True,True,True,True,True,2021-01-27,2026-08-06,2024-10-08 09:35,2026-08-06 15:00,2026-04-27 09:31,2026-08-06 15:00,1338,21456,16800,0.001,tdx_local_catalog
snapshot-20260806T091453459470Z,2026-08-06,159838.XSHE,医药50ETF博时,XSHE,0,159838,sz159838,etf,931140,62,specetfdata.txt,catalog,available,True,True,True,True,True,2021-07-30,2026-08-06,2024-10-08 09:35,2026-08-06 15:00,2026-04-27 09:31,2026-08-06 15:00,1216,21456,16800,0.001,tdx_local_catalog
snapshot-20260806T091453459470Z,2026-08-06,159839.XSHE,生物医药ETF汇添,XSHE,0,159839,sz159839,etf,399441,0,specetfdata.txt,catalog,available,True,True,True,True,True,2021-02-22,2026-08-06,2024-10-08 09:35,2026-08-06 15:00,2026-04-27 09:31,2026-08-06 15:00,1325,21456,16800,0.001,tdx_local_catalog
snapshot-20260806T091453459470Z,2026-08-06,159840.XSHE,锂电池ETF工银,XSHE,0,159840,sz159840,etf,980032,102,specetfdata.txt,catalog,available,True,True,True,True,True,2021-08-20,2026-08-06,2024-10-08 09:35,2026-08-06 15:00,2026-04-27 09:31,2026-08-06 15:00,1201,21456,16800,0.001,tdx_local_catalog
snapshot-20260806T091453459470Z,2026-08-06,159841.XSHE,证券ETF天弘,XSHE,0,159841,sz159841,etf,399975,0,specetfdata.txt,catalog,available,True,True,True,True,True,2021-02-09,2026-08-06,2024-10-08 09:35,2026-08-06 15:00,2026-04-27 09:31,2026-08-06 15:00,1329,21456,16800,0.001,tdx_local_catalog
snapshot-20260806T091453459470Z,2026-08-06,159842.XSHE,券商ETF银华,XSHE,0,159842,sz159842,etf,399975,0,specetfdata.txt,catalog,available,True,True,True,True,True,2021-03-19,2026-08-06,2024-10-08 09:35,2026-08-06 15:00,2026-04-27 09:31,2026-08-06 15:00,1306,21456,16800,0.001,tdx_local_catalog
snapshot-20260806T091453459470Z,2026-08-06,159843.XSHE,食品饮料ETF招商,XSHE,0,159843,sz159843,etf,399396,0,specetfdata.txt,catalog,available,True,True,True,True,True,2021-02-05,2026-08-06,2024-10-08 09:35,2026-08-06 15:00,2026-04-27 09:31,2026-08-06 15:00,1331,21456,16800,0.001,tdx_local_catalog
snapshot-20260806T091453459470Z,2026-08-06,159845.XSHE,中证1000ETF华夏,XSHE,0,159845,sz159845,etf,000852,1,specetfdata.txt,catalog,available,True,True,True,True,True,2021-03-31,2026-08-06,2024-10-08 09:35,2026-08-06 15:00,2026-04-27 09:31,2026-08-06 15:00,1298,21456,16800,0.001,tdx_local_catalog
snapshot-20260806T091453459470Z,2026-08-06,159847.XSHE,医疗ETF易方达,XSHE,0,159847,sz159847,etf,399989,0,specetfdata.txt,catalog,available,True,True,True,True,True,2021-07-19,2026-08-06,2024-10-08 09:35,2026-08-06 15:00,2026-04-27 09:31,2026-08-06 15:00,1225,21456,16800,0.001,tdx_local_catalog
snapshot-20260806T091453459470Z,2026-08-06,159848.XSHE,证券ETF国联安,XSHE,0,159848,sz159848,etf,399975,0,specetfdata.txt,catalog,available,True,True,True,True,True,2021-03-12,2026-08-06,2024-10-08 09:35,2026-08-06 15:00,2026-04-27 09:31,2026-08-06 15:00,1311,21456,16800,0.001,tdx_local_catalog
snapshot-20260806T091453459470Z,2026-08-06,159849.XSHE,生物科技ETF招商,XSHE,0,159849,sz159849,etf,930743,62,specetfdata.txt,catalog,available,True,True,True,True,True,2021-03-02,2026-08-06,2024-10-08 09:35,2026-08-06 15:00,2026-04-27 09:31,2026-08-06 15:00,1319,21456,16800,0.001,tdx_local_catalog
snapshot-20260806T091453459470Z,2026-08-06,159850.XSHE,恒生国企ETF华夏,XSHE,0,159850,sz159850,etf,HZ5014,27,specetfdata.txt,catalog,available,True,True,True,True,True,2021-02-19,2026-08-06,2024-10-08 09:35,2026-08-06 15:00,2026-04-27 09:31,2026-08-06 15:00,1326,21456,16800,0.001,tdx_local_catalog
snapshot-20260806T091453459470Z,2026-08-06,159851.XSHE,金融科技ETF华宝,XSHE,0,159851,sz159851,etf,930986,62,specetfdata.txt,catalog,available,True,True,True,True,True,2021-03-19,2026-08-06,2024-10-08 09:35,2026-08-06 15:00,2026-04-27 09:31,2026-08-06 15:00,1306,21456,16800,0.001,tdx_local_catalog
snapshot-20260806T091453459470Z,2026-08-06,159852.XSHE,软件ETF嘉实,XSHE,0,159852,sz159852,etf,930601,62,specetfdata.txt,catalog,available,True,True,True,True,True,2021-02-09,2026-08-06,2024-10-08 09:35,2026-08-06 15:00,2026-04-27 09:31,2026-08-06 15:00,1329,21456,16800,0.001,tdx_local_catalog
snapshot-20260806T091453459470Z,2026-08-06,159855.XSHE,影视ETF银华,XSHE,0,159855,sz159855,etf,930781,62,specetfdata.txt,catalog,available,True,True,True,True,True,2021-02-26,2026-08-06,2024-10-08 09:35,2026-08-06 15:00,2026-04-27 09:31,2026-08-06 15:00,1321,21456,16800,0.001,tdx_local_catalog
snapshot-20260806T091453459470Z,2026-08-06,159856.XSHE,互联网龙头ETF工,XSHE,0,159856,sz159856,etf,930625,62,specetfdata.txt,catalog,available,True,True,True,True,True,2021-02-01,2026-08-06,2024-10-08 09:35,2026-08-06 15:00,2026-04-27 09:31,2026-08-06 15:00,1335,21456,16800,0.001,tdx_local_catalog
snapshot-20260806T091453459470Z,2026-08-06,159857.XSHE,光伏ETF天弘,XSHE,0,159857,sz159857,etf,931151,62,specetfdata.txt,catalog,available,True,True,True,True,True,2021-02-24,2026-08-06,2024-10-08 09:35,2026-08-06 15:00,2026-04-27 09:31,2026-08-06 15:00,1323,21456,16800,0.001,tdx_local_catalog
snapshot-20260806T091453459470Z,2026-08-06,159858.XSHE,创新药ETF南方,XSHE,0,159858,sz159858,etf,931152,62,specetfdata.txt,catalog,available,True,True,True,True,True,2021-03-25,2026-08-06,2024-10-08 09:35,2026-08-06 15:00,2026-04-27 09:31,2026-08-06 15:00,1302,21456,16800,0.001,tdx_local_catalog
snapshot-20260806T091453459470Z,2026-08-06,159859.XSHE,生物医药ETF天弘,XSHE,0,159859,sz159859,etf,399441,0,specetfdata.txt,catalog,available,True,True,True,True,True,2021-07-07,2026-08-06,2024-10-08 09:35,2026-08-06 15:00,2026-04-27 09:31,2026-08-06 15:00,1233,21456,16800,0.001,tdx_local_catalog
snapshot-20260806T091453459470Z,2026-08-06,159861.XSHE,碳中和50ETF国泰,XSHE,0,159861,sz159861,etf,930614,62,specetfdata.txt,catalog,available,True,True,True,True,True,2021-04-02,2026-08-06,2024-10-08 09:35,2026-08-06 15:00,2026-04-27 09:31,2026-08-06 15:00,1296,21456,16800,0.001,tdx_local_catalog
snapshot-20260806T091453459470Z,2026-08-06,159862.XSHE,食品饮料ETF银华,XSHE,0,159862,sz159862,etf,000815,62,specetfdata.txt,catalog,available,True,True,True,True,True,2021-11-08,2026-08-06,2024-10-08 09:35,2026-08-06 15:00,2026-04-27 09:31,2026-08-06 15:00,1150,21408,16800,0.001,tdx_local_catalog
snapshot-20260806T091453459470Z,2026-08-06,159863.XSHE,光伏ETF鹏华,XSHE,0,159863,sz159863,etf,931151,62,specetfdata.txt,catalog,available,True,True,True,True,True,2021-03-11,2026-08-06,2024-10-08 09:35,2026-08-06 15:00,2026-04-27 09:31,2026-08-06 15:00,1312,21456,16800,0.001,tdx_local_catalog
snapshot-20260806T091453459470Z,2026-08-06,159864.XSHE,光伏ETF国泰,XSHE,0,159864,sz159864,etf,931151,62,specetfdata.txt,catalog,available,True,True,True,True,True,2021-08-10,2026-08-06,2024-10-08 09:35,2026-08-06 15:00,2026-04-27 09:31,2026-08-06 15:00,1209,21456,16800,0.001,tdx_local_catalog
snapshot-20260806T091453459470Z,2026-08-06,159865.XSHE,养殖ETF国泰,XSHE,0,159865,sz159865,etf,930707,62,specetfdata.txt,catalog,available,True,True,True,True,True,2021-03-08,2026-08-06,2024-10-08 09:35,2026-08-06 15:00,2026-04-27 09:31,2026-08-06 15:00,1315,21456,16800,0.001,tdx_local_catalog
snapshot-20260806T091453459470Z,2026-08-06,159866.XSHE,日经ETF工银,XSHE,0,159866,sz159866,etf,N225,12,specetfdata.txt,catalog,available,True,True,True,True,True,2021-04-08,2026-08-06,2024-10-08 09:35,2026-08-06 15:00,2026-04-27 09:31,2026-08-06 15:00,1293,21456,16800,0.001,tdx_local_catalog
snapshot-20260806T091453459470Z,2026-08-06,159867.XSHE,养殖ETF鹏华,XSHE,0,159867,sz159867,etf,930707,62,specetfdata.txt,catalog,available,True,True,True,True,True,2021-03-05,2026-08-06,2024-10-08 09:35,2026-08-06 15:00,2026-04-27 09:31,2026-08-06 15:00,1316,21456,16800,0.001,tdx_local_catalog
snapshot-20260806T091453459470Z,2026-08-06,159869.XSHE,游戏ETF华夏,XSHE,0,159869,sz159869,etf,930901,62,specetfdata.txt,catalog,available,True,True,True,True,True,2021-03-05,2026-08-06,2024-10-08 09:35,2026-08-06 15:00,2026-04-27 09:31,2026-08-06 15:00,1316,21456,16800,0.001,tdx_local_catalog
snapshot-20260806T091453459470Z,2026-08-06,159870.XSHE,化工ETF鹏华,XSHE,0,159870,sz159870,etf,000813,62,specetfdata.txt,catalog,available,True,True,True,True,True,2021-03-03,2026-08-06,2024-10-08 09:35,2026-08-06 15:00,2026-04-27 09:31,2026-08-06 15:00,1318,21456,16800,0.001,tdx_local_catalog
snapshot-20260806T091453459470Z,2026-08-06,159871.XSHE,有色ETF银华,XSHE,0,159871,sz159871,etf,930708,62,specetfdata.txt,catalog,available,True,True,True,True,True,2021-03-31,2026-08-06,2024-10-08 09:35,2026-08-06 15:00,2026-04-27 09:31,2026-08-06 15:00,1298,21456,16800,0.001,tdx_local_catalog
snapshot-20260806T091453459470Z,2026-08-06,159872.XSHE,智能网联汽车ETF,XSHE,0,159872,sz159872,etf,930725,62,specetfdata.txt,catalog,available,True,True,True,True,True,2021-07-01,2026-08-06,2024-10-08 09:35,2026-08-06 15:00,2026-04-27 09:31,2026-08-06 15:00,1237,21456,16800,0.001,tdx_local_catalog
snapshot-20260806T091453459470Z,2026-08-06,159873.XSHE,医疗设备ETF天弘,XSHE,0,159873,sz159873,etf,H30178,62,specetfdata.txt,catalog,available,True,True,True,True,True,2021-03-29,2026-08-06,2024-10-08 09:35,2026-08-06 15:00,2026-04-27 09:31,2026-08-06 15:00,1300,21456,16800,0.001,tdx_local_catalog
snapshot-20260806T091453459470Z,2026-08-06,159875.XSHE,新能源ETF嘉实,XSHE,0,159875,sz159875,etf,399808,0,specetfdata.txt,catalog,available,True,True,True,True,True,2021-08-17,2026-08-06,2024-10-08 09:35,2026-08-06 15:00,2026-04-27 09:31,2026-08-06 15:00,1204,21456,16800,0.001,tdx_local_catalog
snapshot-20260806T091453459470Z,2026-08-06,159876.XSHE,有色ETF华宝,XSHE,0,159876,sz159876,etf,930708,62,specetfdata.txt,catalog,available,True,True,True,True,True,2021-03-24,2026-08-06,2024-10-08 09:35,2026-08-06 15:00,2026-04-27 09:31,2026-08-06 15:00,1302,21456,16800,0.001,tdx_local_catalog
snapshot-20260806T091453459470Z,2026-08-06,159877.XSHE,医疗ETF南方,XSHE,0,159877,sz159877,etf,H30178,62,specetfdata.txt,catalog,available,True,True,True,True,True,2021-11-03,2026-08-06,2024-10-08 09:35,2026-08-06 15:00,2026-04-27 09:31,2026-08-06 15:00,1154,21456,16800,0.001,tdx_local_catalog
snapshot-20260806T091453459470Z,2026-08-06,159880.XSHE,有色ETF鹏华,XSHE,0,159880,sz159880,etf,399395,0,specetfdata.txt,catalog,available,True,True,True,True,True,2021-03-25,2026-08-06,2024-10-08 09:35,2026-08-06 15:00,2026-04-27 09:31,2026-08-06 15:00,1302,21456,16800,0.001,tdx_local_catalog
snapshot-20260806T091453459470Z,2026-08-06,159881.XSHE,有色金属ETF国泰,XSHE,0,159881,sz159881,etf,930708,62,specetfdata.txt,catalog,available,True,True,True,True,True,2021-07-01,2026-08-06,2024-10-08 09:35,2026-08-06 15:00,2026-04-27 09:31,2026-08-06 15:00,1237,21456,16800,0.001,tdx_local_catalog
snapshot-20260806T091453459470Z,2026-08-06,159883.XSHE,医疗器械ETF永赢,XSHE,0,159883,sz159883,etf,H30217,62,specetfdata.txt,catalog,available,True,True,True,True,True,2021-04-30,2026-08-06,2024-10-08 09:35,2026-08-06 15:00,2026-04-27 09:31,2026-08-06 15:00,1277,21456,16800,0.001,tdx_local_catalog
snapshot-20260806T091453459470Z,2026-08-06,159885.XSHE,碳中和ETF鹏华,XSHE,0,159885,sz159885,etf,000977,62,specetfdata.txt,catalog,available,True,True,True,True,True,2021-04-14,2026-08-06,2024-10-08 09:35,2026-08-06 15:00,2026-04-27 09:31,2026-08-06 15:00,1289,21456,16800,0.001,tdx_local_catalog
snapshot-20260806T091453459470Z,2026-08-06,159886.XSHE,机械ETF富国,XSHE,0,159886,sz159886,etf,000812,62,specetfdata.txt,catalog,available,True,True,True,True,True,2021-04-28,2026-08-06,2024-10-08 09:35,2026-08-06 15:00,2026-04-27 09:31,2026-08-06 15:00,1279,21456,16800,0.001,tdx_local_catalog
snapshot-20260806T091453459470Z,2026-08-06,159887.XSHE,银行ETF富国,XSHE,0,159887,sz159887,etf,H30022,62,specetfdata.txt,catalog,available,True,True,True,True,True,2021-05-20,2026-08-06,2024-10-08 09:35,2026-08-06 15:00,2026-04-27 09:31,2026-08-06 15:00,1266,21456,16800,0.001,tdx_local_catalog
snapshot-20260806T091453459470Z,2026-08-06,159888.XSHE,智能汽车ETF华夏,XSHE,0,159888,sz159888,etf,930721,62,specetfdata.txt,catalog,available,True,True,True,True,True,2021-05-21,2026-08-06,2024-10-08 09:35,2026-08-06 15:00,2026-04-27 09:31,2026-08-06 15:00,1265,21456,16800,0.001,tdx_local_catalog
snapshot-20260806T091453459470Z,2026-08-06,159889.XSHE,智能汽车ETF国泰,XSHE,0,159889,sz159889,etf,930721,62,specetfdata.txt,catalog,available,True,True,True,True,True,2021-09-09,2026-08-06,2024-10-08 09:35,2026-08-06 15:00,2026-04-27 09:31,2026-08-06 15:00,1186,21408,16560,0.001,tdx_local_catalog
snapshot-20260806T091453459470Z,2026-08-06,159890.XSHE,云计算ETF招商,XSHE,0,159890,sz159890,etf,930851,62,specetfdata.txt,catalog,available,True,True,True,True,True,2021-04-02,2026-08-06,2024-10-08 09:35,2026-08-06 15:00,2026-04-27 09:31,2026-08-06 15:00,1296,21456,16800,0.001,tdx_local_catalog
snapshot-20260806T091453459470Z,2026-08-06,159891.XSHE,医疗ETF建信,XSHE,0,159891,sz159891,etf,H30178,62,specetfdata.txt,catalog,available,True,True,True,True,True,2021-06-15,2026-08-06,2024-10-08 09:35,2026-08-06 15:00,2026-04-27 09:31,2026-08-06 15:00,1249,21456,16800,0.001,tdx_local_catalog
snapshot-20260806T091453459470Z,2026-08-06,159892.XSHE,恒生医药ETF华夏,XSHE,0,159892,sz159892,etf,HZ5366,27,specetfdata.txt,catalog,available,True,True,True,True,True,2021-10-19,2026-08-06,2024-10-08 09:35,2026-08-06 15:00,2026-04-27 09:31,2026-08-06 15:00,1166,21456,16800,0.001,tdx_local_catalog
snapshot-20260806T091453459470Z,2026-08-06,159895.XSHE,物联网ETF易方达,XSHE,0,159895,sz159895,etf,930712,62,specetfdata.txt,catalog,available,True,True,True,True,True,2021-10-21,2026-08-06,2024-10-08 09:35,2026-08-06 15:00,2026-04-27 09:31,2026-08-06 15:00,1159,21456,16800,0.001,tdx_local_catalog
snapshot-20260806T091453459470Z,2026-08-06,159896.XSHE,物联网ETF南方,XSHE,0,159896,sz159896,etf,930712,62,specetfdata.txt,catalog,available,True,True,True,True,True,2021-11-24,2026-08-06,2024-10-08 09:35,2026-08-06 15:00,2026-04-27 09:31,2026-08-06 15:00,1138,21408,16800,0.001,tdx_local_catalog
snapshot-20260806T091453459470Z,2026-08-06,159898.XSHE,医疗器械ETF招商,XSHE,0,159898,sz159898,etf,H30217,62,specetfdata.txt,catalog,available,True,True,True,True,True,2021-06-04,2026-08-06,2024-10-08 09:35,2026-08-06 15:00,2026-04-27 09:31,2026-08-06 15:00,1255,21456,16800,0.001,tdx_local_catalog
snapshot-20260806T091453459470Z,2026-08-06,159899.XSHE,软件ETF招商,XSHE,0,159899,sz159899,etf,H30202,62,specetfdata.txt,catalog,available,True,True,True,True,True,2021-06-28,2026-08-06,2024-10-08 09:35,2026-08-06 15:00,2026-04-27 09:31,2026-08-06 15:00,1240,21456,16800,0.001,tdx_local_catalog
snapshot-20260806T091453459470Z,2026-08-06,159901.XSHE,深证100ETF易方达,XSHE,0,159901,sz159901,etf,399330,0,specetfdata.txt,catalog,available,True,True,True,True,True,2006-04-24,2026-08-06,2024-10-08 09:35,2026-08-06 15:00,2026-04-27 09:31,2026-08-06 15:00,4928,21456,16800,0.001,tdx_local_catalog
snapshot-20260806T091453459470Z,2026-08-06,159902.XSHE,中小100ETF华夏,XSHE,0,159902,sz159902,etf,399005,0,specetfdata.txt,catalog,available,True,True,True,True,True,2006-09-05,2026-08-06,2024-10-08 09:35,2026-08-06 15:00,2026-04-27 09:31,2026-08-06 15:00,4840,21456,16800,0.001,tdx_local_catalog
snapshot-20260806T091453459470Z,2026-08-06,159903.XSHE,深成ETF南方,XSHE,0,159903,sz159903,etf,399001,0,specetfdata.txt,catalog,available,True,True,True,True,True,2010-02-02,2026-08-06,2024-10-08 09:35,2026-08-06 15:00,2026-04-27 09:31,2026-08-06 15:00,4008,21456,16800,0.001,tdx_local_catalog
snapshot-20260806T091453459470Z,2026-08-06,159905.XSHE,红利ETF工银,XSHE,0,159905,sz159905,etf,399324,0,specetfdata.txt,catalog,available,True,True,True,True,True,2011-01-11,2026-08-06,2024-10-08 09:35,2026-08-06 15:00,2026-04-27 09:31,2026-08-06 15:00,3781,21456,16800,0.001,tdx_local_catalog
snapshot-20260806T091453459470Z,2026-08-06,159906.XSHE,深成长ETF大成,XSHE,0,159906,sz159906,etf,399326,0,specetfdata.txt,catalog,available,True,True,True,True,True,2011-02-23,2026-08-06,2024-10-08 09:35,2026-08-06 15:00,2026-04-27 09:31,2026-08-06 15:00,3714,21456,16800,0.001,tdx_local_catalog
snapshot-20260806T091453459470Z,2026-08-06,159907.XSHE,国证2000ETF广发,XSHE,0,159907,sz159907,etf,399303,0,specetfdata.txt,catalog,available,True,True,True,True,True,2011-08-10,2026-08-06,2024-10-08 09:35,2026-08-06 15:00,2026-04-27 09:31,2026-08-06 15:00,3632,21456,16800,0.001,tdx_local_catalog
snapshot-20260806T091453459470Z,2026-08-06,159908.XSHE,创业板ETF博时,XSHE,0,159908,sz159908,etf,399006,0,specetfdata.txt,catalog,available,True,True,True,True,True,2011-07-13,2026-08-06,2024-10-08 09:35,2026-08-06 15:00,2026-04-27 09:31,2026-08-06 15:00,3562,21456,16800,0.001,tdx_local_catalog
snapshot-20260806T091453459470Z,2026-08-06,159909.XSHE,TMT50ETF招商,XSHE,0,159909,sz159909,etf,399610,0,specetfdata.txt,catalog,available,True,True,True,True,True,2011-09-01,2026-08-06,2024-10-08 09:35,2026-08-06 15:00,2026-04-27 09:31,2026-08-06 15:00,3564,21456,16800,0.001,tdx_local_catalog
snapshot-20260806T091453459470Z,2026-08-06,159910.XSHE,基本面120ETF嘉实,XSHE,0,159910,sz159910,etf,399702,0,specetfdata.txt,catalog,available,True,True,True,True,True,2011-09-27,2026-08-06,2024-10-08 09:35,2026-08-06 15:00,2026-04-27 09:31,2026-08-06 15:00,3533,21456,16800,0.001,tdx_local_catalog
snapshot-20260806T091453459470Z,2026-08-06,159912.XSHE,深300ETF汇添富,XSHE,0,159912,sz159912,etf,399007,0,specetfdata.txt,catalog,available,True,True,True,True,True,2011-11-24,2026-08-06,2024-10-08 09:35,2026-08-06 15:00,2026-04-27 09:31,2026-08-06 15:00,3568,21456,16800,0.001,tdx_local_catalog
snapshot-20260806T091453459470Z,2026-08-06,159913.XSHE,深价值ETF交银,XSHE,0,159913,sz159913,etf,399348,0,specetfdata.txt,catalog,available,True,True,True,True,True,2011-10-25,2026-08-06,2024-10-08 09:35,2026-08-06 15:00,2026-04-27 09:31,2026-08-06 15:00,3466,21216,16800,0.001,tdx_local_catalog
snapshot-20260806T091453459470Z,2026-08-06,159915.XSHE,创业板ETF易方达,XSHE,0,159915,sz159915,etf,399006,0,specetfdata.txt,catalog,available,True,True,True,True,True,2011-12-09,2026-08-06,2024-10-08 09:35,2026-08-06 15:00,2026-04-27 09:31,2026-08-06 15:00,3558,21456,16800,0.001,tdx_local_catalog
snapshot-20260806T091453459470Z,2026-08-06,159916.XSHE,基本面ETF建信,XSHE,0,159916,sz159916,etf,399701,0,specetfdata.txt,catalog,available,True,True,True,True,True,2011-10-24,2026-08-06,2024-10-08 09:35,2026-08-06 15:00,2026-04-27 09:31,2026-08-06 15:00,3430,21408,16800,0.001,tdx_local_catalog
snapshot-20260806T091453459470Z,2026-08-06,159918.XSHE,中创400ETF嘉实,XSHE,0,159918,sz159918,etf,399624,0,specetfdata.txt,catalog,available,True,True,True,True,True,2012-05-11,2026-08-06,2024-10-08 09:35,2026-08-06 15:00,2026-04-27 09:31,2026-08-06 15:00,3388,21456,16800,0.001,tdx_local_catalog
snapshot-20260806T091453459470Z,2026-08-06,159919.XSHE,沪深300ETF嘉实,XSHE,0,159919,sz159919,etf,000300,1,specetfdata.txt,catalog,available,True,True,True,True,True,2012-05-28,2026-08-06,2024-10-08 09:35,2026-08-06 15:00,2026-04-27 09:31,2026-08-06 15:00,3448,21456,16800,0.001,tdx_local_catalog
snapshot-20260806T091453459470Z,2026-08-06,159920.XSHE,恒生ETF华夏,XSHE,0,159920,sz159920,etf,HSI,27,specetfdata.txt,catalog,available,True,True,True,True,True,2012-10-22,2026-08-06,2024-10-08 09:35,2026-08-06 15:00,2026-04-27 09:31,2026-08-06 15:00,3351,21456,16800,0.001,tdx_local_catalog
snapshot-20260806T091453459470Z,2026-08-06,159922.XSHE,中证500ETF嘉实,XSHE,0,159922,sz159922,etf,000905,1,specetfdata.txt,catalog,available,True,True,True,True,True,2013-03-15,2026-08-06,2024-10-08 09:35,2026-08-06 15:00,2026-04-27 09:31,2026-08-06 15:00,3255,21456,16800,0.001,tdx_local_catalog
snapshot-20260806T091453459470Z,2026-08-06,159923.XSHE,中证A100ETF大成,XSHE,0,159923,sz159923,etf,000903,1,specetfdata.txt,catalog,available,True,True,True,True,True,2013-03-05,2026-08-06,2024-10-08 09:35,2026-08-06 15:00,2026-04-27 09:31,2026-08-06 15:00,3252,21456,16800,0.001,tdx_local_catalog
snapshot-20260806T091453459470Z,2026-08-06,159925.XSHE,沪深300ETF南方,XSHE,0,159925,sz159925,etf,000300,1,specetfdata.txt,catalog,available,True,True,True,True,True,2013-04-11,2026-08-06,2024-10-08 09:35,2026-08-06 15:00,2026-04-27 09:31,2026-08-06 15:00,3236,21456,16800,0.001,tdx_local_catalog
snapshot-20260806T091453459470Z,2026-08-06,159928.XSHE,消费ETF汇添富,XSHE,0,159928,sz159928,etf,000932,1,specetfdata.txt,catalog,available,True,True,True,True,True,2013-09-16,2026-08-06,2024-10-08 09:35,2026-08-06 15:00,2026-04-27 09:31,2026-08-06 15:00,3132,21456,16800,0.001,tdx_local_catalog
snapshot-20260806T091453459470Z,2026-08-06,159929.XSHE,医药ETF汇添富,XSHE,0,159929,sz159929,etf,000933,1,specetfdata.txt,catalog,available,True,True,True,True,True,2013-09-16,2026-08-06,2024-10-08 09:35,2026-08-06 15:00,2026-04-27 09:31,2026-08-06 15:00,3132,21456,16800,0.001,tdx_local_catalog
snapshot-20260806T091453459470Z,2026-08-06,159930.XSHE,能源ETF汇添富,XSHE,0,159930,sz159930,etf,000928,1,specetfdata.txt,catalog,available,True,True,True,True,True,2013-09-16,2026-08-06,2024-10-08 09:35,2026-08-06 15:00,2026-04-27 09:31,2026-08-06 15:00,3128,21456,16800,0.001,tdx_local_catalog
snapshot-20260806T091453459470Z,2026-08-06,159931.XSHE,金融地产ETF汇添,XSHE,0,159931,sz159931,etf,000934,1,specetfdata.txt,catalog,available,True,True,True,True,True,2013-09-16,2026-08-06,2024-10-08 09:35,2026-08-06 15:00,2026-04-27 09:31,2026-08-06 15:00,3128,21456,16800,0.001,tdx_local_catalog
snapshot-20260806T091453459470Z,2026-08-06,159933.XSHE,金融地产ETF国投,XSHE,0,159933,sz159933,etf,000914,1,specetfdata.txt,catalog,available,True,True,True,True,True,2013-10-16,2026-08-06,2024-10-08 09:35,2026-08-06 15:00,2026-04-27 09:31,2026-08-06 15:00,3019,21312,16800,0.001,tdx_local_catalog
snapshot-20260806T091453459470Z,2026-08-06,159934.XSHE,黄金ETF易方达,XSHE,0,159934,sz159934,etf,Au99.99,46,specetfdata.txt,catalog,available,True,True,True,True,True,2013-12-16,2026-08-06,2024-10-08 09:35,2026-08-06 15:00,2026-04-27 09:31,2026-08-06 15:00,3074,21456,16800,0.001,tdx_local_catalog
snapshot-20260806T091453459470Z,2026-08-06,159935.XSHE,中证500ETF景顺,XSHE,0,159935,sz159935,etf,000905,1,specetfdata.txt,catalog,available,True,True,True,True,True,2014-01-21,2026-08-06,2024-10-08 09:35,2026-08-06 15:00,2026-04-27 09:31,2026-08-06 15:00,2940,21456,16800,0.001,tdx_local_catalog
snapshot-20260806T091453459470Z,2026-08-06,159936.XSHE,可选消费ETF广发,XSHE,0,159936,sz159936,etf,000989,1,specetfdata.txt,catalog,available,True,True,True,True,True,2014-06-25,2026-08-06,2024-10-08 09:35,2026-08-06 15:00,2026-04-27 09:31,2026-08-06 15:00,2880,21456,16800,0.001,tdx_local_catalog
snapshot-20260806T091453459470Z,2026-08-06,159937.XSHE,黄金ETF博时,XSHE,0,159937,sz159937,etf,Au99.99,46,specetfdata.txt,catalog,available,True,True,True,True,True,2014-09-01,2026-08-06,2024-10-08 09:35,2026-08-06 15:00,2026-04-27 09:31,2026-08-06 15:00,2899,21456,16800,0.001,tdx_local_catalog
snapshot-20260806T091453459470Z,2026-08-06,159938.XSHE,医药ETF广发,XSHE,0,159938,sz159938,etf,000991,1,specetfdata.txt,catalog,available,True,True,True,True,True,2015-01-08,2026-08-06,2024-10-08 09:35,2026-08-06 15:00,2026-04-27 09:31,2026-08-06 15:00,2814,21456,16800,0.001,tdx_local_catalog
snapshot-20260806T091453459470Z,2026-08-06,159939.XSHE,信息技术ETF广发,XSHE,0,159939,sz159939,etf,000993,1,specetfdata.txt,catalog,available,True,True,True,True,True,2015-02-05,2026-08-06,2024-10-08 09:35,2026-08-06 15:00,2026-04-27 09:31,2026-08-06 15:00,2794,21456,16800,0.001,tdx_local_catalog
snapshot-20260806T091453459470Z,2026-08-06,159940.XSHE,金融地产ETF广发,XSHE,0,159940,sz159940,etf,000992,1,specetfdata.txt,catalog,available,True,True,True,True,True,2015-04-17,2026-08-06,2024-10-08 09:35,2026-08-06 15:00,2026-04-27 09:31,2026-08-06 15:00,2747,21456,16800,0.001,tdx_local_catalog
snapshot-20260806T091453459470Z,2026-08-06,159941.XSHE,纳指ETF广发,XSHE,0,159941,sz159941,etf,NDX,12,specetfdata.txt,catalog,available,True,True,True,True,True,2015-07-13,2026-08-06,2024-10-08 09:35,2026-08-06 15:00,2026-04-27 09:31,2026-08-06 15:00,2690,21456,16800,0.001,tdx_local_catalog
snapshot-20260806T091453459470Z,2026-08-06,159943.XSHE,深证成指ETF大成,XSHE,0,159943,sz159943,etf,399001,0,specetfdata.txt,catalog,available,True,True,True,True,True,2015-07-08,2026-08-06,2024-10-08 09:35,2026-08-06 15:00,2026-04-27 09:31,2026-08-06 15:00,2693,21456,16800,0.001,tdx_local_catalog
snapshot-20260806T091453459470Z,2026-08-06,159944.XSHE,材料ETF广发,XSHE,0,159944,sz159944,etf,000987,1,specetfdata.txt,catalog,available,True,True,True,True,True,2015-07-06,2026-08-06,2024-10-08 09:35,2026-08-06 15:00,2026-04-27 09:31,2026-08-06 15:00,2670,21456,16800,0.001,tdx_local_catalog
snapshot-20260806T091453459470Z,2026-08-06,159945.XSHE,能源ETF广发,XSHE,0,159945,sz159945,etf,000986,1,specetfdata.txt,catalog,available,True,True,True,True,True,2015-07-06,2026-08-06,2024-10-08 09:35,2026-08-06 15:00,2026-04-27 09:31,2026-08-06 15:00,2692,21456,16800,0.001,tdx_local_catalog
snapshot-20260806T091453459470Z,2026-08-06,159948.XSHE,创业板ETF南方,XSHE,0,159948,sz159948,etf,399006,0,specetfdata.txt,catalog,available,True,True,True,True,True,2016-05-31,2026-08-06,2024-10-08 09:35,2026-08-06 15:00,2026-04-27 09:31,2026-08-06 15:00,2472,21456,16800,0.001,tdx_local_catalog
snapshot-20260806T091453459470Z,2026-08-06,159949.XSHE,创业板50ETF华安,XSHE,0,159949,sz159949,etf,399673,0,specetfdata.txt,catalog,available,True,True,True,True,True,2016-07-22,2026-08-06,2024-10-08 09:35,2026-08-06 15:00,2026-04-27 09:31,2026-08-06 15:00,2438,21456,16800,0.001,tdx_local_catalog
snapshot-20260806T091453459470Z,2026-08-06,159952.XSHE,创业板ETF广发,XSHE,0,159952,sz159952,etf,399006,0,specetfdata.txt,catalog,available,True,True,True,True,True,2017-05-19,2026-08-06,2024-10-08 09:35,2026-08-06 15:00,2026-04-27 09:31,2026-08-06 15:00,2237,21456,16800,0.001,tdx_local_catalog
snapshot-20260806T091453459470Z,2026-08-06,159954.XSHE,恒生中国企业ETF,XSHE,0,159954,sz159954,etf,HZ5014,27,specetfdata.txt,catalog,available,True,True,True,True,True,2018-03-15,2026-08-06,2024-10-08 09:35,2026-08-06 15:00,2026-04-27 09:31,2026-08-06 15:00,2038,21456,16800,0.001,tdx_local_catalog
snapshot-20260806T091453459470Z,2026-08-06,159956.XSHE,创业板ETF建信,XSHE,0,159956,sz159956,etf,399006,0,specetfdata.txt,catalog,available,True,True,True,True,True,2018-03-07,2026-08-06,2024-10-08 09:35,2026-08-06 15:00,2026-04-27 09:31,2026-08-06 15:00,2043,21456,16800,0.001,tdx_local_catalog
snapshot-20260806T091453459470Z,2026-08-06,159957.XSHE,创业板ETF华夏,XSHE,0,159957,sz159957,etf,399006,0,specetfdata.txt,catalog,available,True,True,True,True,True,2018-01-04,2026-08-06,2024-10-08 09:35,2026-08-06 15:00,2026-04-27 09:31,2026-08-06 15:00,2083,21456,16800,0.001,tdx_local_catalog
snapshot-20260806T091453459470Z,2026-08-06,159958.XSHE,创业板ETF工银,XSHE,0,159958,sz159958,etf,399006,0,specetfdata.txt,catalog,available,True,True,True,True,True,2018-01-19,2026-08-06,2024-10-08 09:35,2026-08-06 15:00,2026-04-27 09:31,2026-08-06 15:00,2072,21456,16800,0.001,tdx_local_catalog
snapshot-20260806T091453459470Z,2026-08-06,159959.XSHE,央企ETF银华,XSHE,0,159959,sz159959,etf,000860,1,specetfdata.txt,catalog,available,True,True,True,True,True,2019-01-18,2026-08-06,2024-10-08 09:35,2026-08-06 15:00,2026-04-27 09:31,2026-08-06 15:00,1830,21456,16800,0.001,tdx_local_catalog
snapshot-20260806T091453459470Z,2026-08-06,159960.XSHE,恒生中国企业ETF,XSHE,0,159960,sz159960,etf,HZ5014,27,specetfdata.txt,catalog,available,True,True,True,True,True,2018-10-22,2026-08-06,2024-10-08 09:35,2026-08-06 15:00,2026-04-27 09:31,2026-08-06 15:00,1888,21456,16800,0.001,tdx_local_catalog
snapshot-20260806T091453459470Z,2026-08-06,159961.XSHE,深100ETF方正富邦,XSHE,0,159961,sz159961,etf,399330,0,specetfdata.txt,catalog,available,True,True,True,True,True,2018-12-19,2026-08-06,2024-10-08 09:35,2026-08-06 15:00,2026-04-27 09:31,2026-08-06 15:00,1834,21456,16800,0.001,tdx_local_catalog
snapshot-20260806T091453459470Z,2026-08-06,159964.XSHE,创业板ETF平安,XSHE,0,159964,sz159964,etf,399006,0,specetfdata.txt,catalog,available,True,True,True,True,True,2019-04-19,2026-08-06,2024-10-08 09:35,2026-08-06 15:00,2026-04-27 09:31,2026-08-06 15:00,1771,21456,16800,0.001,tdx_local_catalog
snapshot-20260806T091453459470Z,2026-08-06,159965.XSHE,央视50ETF国联,XSHE,0,159965,sz159965,etf,399550,0,specetfdata.txt,catalog,available,True,True,True,True,True,2019-04-24,2026-08-06,2024-10-08 09:35,2026-08-06 15:00,2026-04-27 09:31,2026-08-06 15:00,1768,21456,16800,0.001,tdx_local_catalog
snapshot-20260806T091453459470Z,2026-08-06,159966.XSHE,创业板价值ETF华,XSHE,0,159966,sz159966,etf,399295,0,specetfdata.txt,catalog,available,True,True,True,True,True,2019-07-15,2026-08-06,2024-10-08 09:35,2026-08-06 15:00,2026-04-27 09:31,2026-08-06 15:00,1714,21456,16800,0.001,tdx_local_catalog
snapshot-20260806T091453459470Z,2026-08-06,159967.XSHE,创业板成长ETF华,XSHE,0,159967,sz159967,etf,399296,0,specetfdata.txt,catalog,available,True,True,True,True,True,2019-07-15,2026-08-06,2024-10-08 09:35,2026-08-06 15:00,2026-04-27 09:31,2026-08-06 15:00,1714,21456,16800,0.001,tdx_local_catalog
snapshot-20260806T091453459470Z,2026-08-06,159968.XSHE,中证500ETF博时,XSHE,0,159968,sz159968,etf,000905,1,specetfdata.txt,catalog,available,True,True,True,True,True,2019-10-31,2026-08-06,2024-10-08 09:35,2026-08-06 15:00,2026-04-27 09:31,2026-08-06 15:00,1642,21456,16800,0.001,tdx_local_catalog
snapshot-20260806T091453459470Z,2026-08-06,159970.XSHE,深100ETF工银,XSHE,0,159970,sz159970,etf,399330,0,specetfdata.txt,catalog,available,True,True,True,True,True,2020-01-10,2026-08-06,2024-10-08 09:35,2026-08-06 15:00,2026-04-27 09:31,2026-08-06 15:00,1587,21408,16800,0.001,tdx_local_catalog
snapshot-20260806T091453459470Z,2026-08-06,159971.XSHE,创业板ETF富国,XSHE,0,159971,sz159971,etf,399006,0,specetfdata.txt,catalog,available,True,True,True,True,True,2019-07-02,2026-08-06,2024-10-08 09:35,2026-08-06 15:00,2026-04-27 09:31,2026-08-06 15:00,1721,21456,16800,0.001,tdx_local_catalog
snapshot-20260806T091453459470Z,2026-08-06,159972.XSHE,5年地方债ETF鹏华,XSHE,0,159972,sz159972,etf,930865,62,specetfdata.txt,catalog,available,True,True,True,True,True,2019-11-08,2026-08-06,2024-10-08 09:35,2026-08-06 15:00,2026-04-27 09:31,2026-08-06 15:00,1631,21456,16800,0.001,tdx_local_catalog
snapshot-20260806T091453459470Z,2026-08-06,159973.XSHE,民企ETF弘毅远方,XSHE,0,159973,sz159973,etf,399362,0,specetfdata.txt,catalog,available,True,True,True,True,True,2019-08-09,2026-08-06,2024-10-08 09:35,2026-08-06 15:00,2026-04-27 09:31,2026-08-06 15:00,1683,21456,16800,0.001,tdx_local_catalog
snapshot-20260806T091453459470Z,2026-08-06,159974.XSHE,央企创新ETF富国,XSHE,0,159974,sz159974,etf,000861,62,specetfdata.txt,catalog,available,True,True,True,True,True,2019-12-18,2026-08-06,2024-10-08 09:35,2026-08-06 15:00,2026-04-27 09:31,2026-08-06 15:00,1603,21456,16800,0.001,tdx_local_catalog
snapshot-20260806T091453459470Z,2026-08-06,159975.XSHE,深100ETF招商,XSHE,0,159975,sz159975,etf,399330,0,specetfdata.txt,catalog,available,True,True,True,True,True,2020-01-02,2026-08-06,2024-10-08 09:35,2026-08-06 15:00,2026-04-27 09:31,2026-08-06 15:00,1598,21456,16800,0.001,tdx_local_catalog
snapshot-20260806T091453459470Z,2026-08-06,159976.XSHE,湾创ETF工银,XSHE,0,159976,sz159976,etf,980001,102,specetfdata.txt,catalog,available,True,True,True,True,True,2020-01-17,2026-08-06,2024-10-08 09:35,2026-08-06 15:00,2026-04-27 09:31,2026-08-06 15:00,1583,21456,16800,0.001,tdx_local_catalog
snapshot-20260806T091453459470Z,2026-08-06,159977.XSHE,创业板ETF天弘,XSHE,0,159977,sz159977,etf,399006,0,specetfdata.txt,catalog,available,True,True,True,True,True,2019-09-27,2026-08-06,2024-10-08 09:35,2026-08-06 15:00,2026-04-27 09:31,2026-08-06 15:00,1661,21456,16800,0.001,tdx_local_catalog
snapshot-20260806T091453459470Z,2026-08-06,159980.XSHE,有色ETF大成,XSHE,0,159980,sz159980,etf,IMCI,42,specetfdata.txt,catalog,available,True,True,True,True,True,2019-12-24,2026-08-06,2024-10-08 09:35,2026-08-06 15:00,2026-04-27 09:31,2026-08-06 15:00,1604,21456,16800,0.001,tdx_local_catalog
snapshot-20260806T091453459470Z,2026-08-06,159981.XSHE,能源化工ETF建信,XSHE,0,159981,sz159981,etf,000201,62,specetfdata.txt,catalog,available,True,True,True,True,True,2020-01-17,2026-08-06,2024-10-08 09:35,2026-08-06 15:00,2026-04-27 09:31,2026-08-06 15:00,1587,21456,16800,0.001,tdx_local_catalog
snapshot-20260806T091453459470Z,2026-08-06,159982.XSHE,中证500ETF鹏华,XSHE,0,159982,sz159982,etf,000905,1,specetfdata.txt,catalog,available,True,True,True,True,True,2020-02-20,2026-08-06,2024-10-08 09:35,2026-08-06 15:00,2026-04-27 09:31,2026-08-06 15:00,1569,21456,16800,0.001,tdx_local_catalog
snapshot-20260806T091453459470Z,2026-08-06,159985.XSHE,豆粕ETF华夏,XSHE,0,159985,sz159985,etf,DCESMFI,29,specetfdata.txt,catalog,available,True,True,True,True,True,2019-12-05,2026-08-06,2024-10-08 09:35,2026-08-06 15:00,2026-04-27 09:31,2026-08-06 15:00,1617,21456,16800,0.001,tdx_local_catalog
snapshot-20260806T091453459470Z,2026-08-06,159991.XSHE,创业板大盘ETF招,XSHE,0,159991,sz159991,etf,399293,0,specetfdata.txt,catalog,available,True,True,True,True,True,2020-04-24,2026-08-06,2024-10-08 09:35,2026-08-06 15:00,2026-04-27 09:31,2026-08-06 15:00,1524,21456,16800,0.001,tdx_local_catalog
snapshot-20260806T091453459470Z,2026-08-06,159992.XSHE,创新药ETF银华,XSHE,0,159992,sz159992,etf,931152,62,specetfdata.txt,catalog,available,True,True,True,True,True,2020-04-10,2026-08-06,2024-10-08 09:35,2026-08-06 15:00,2026-04-27 09:31,2026-08-06 15:00,1534,21456,16800,0.001,tdx_local_catalog
snapshot-20260806T091453459470Z,2026-08-06,159993.XSHE,证券ETF鹏华,XSHE,0,159993,sz159993,etf,399437,0,specetfdata.txt,catalog,available,True,True,True,True,True,2020-02-07,2026-08-06,2024-10-08 09:35,2026-08-06 15:00,2026-04-27 09:31,2026-08-06 15:00,1578,21456,16800,0.001,tdx_local_catalog
snapshot-20260806T091453459470Z,2026-08-06,159994.XSHE,通信ETF银华,XSHE,0,159994,sz159994,etf,931079,62,specetfdata.txt,catalog,available,True,True,True,True,True,2020-02-28,2026-08-06,2024-10-08 09:35,2026-08-06 15:00,2026-04-27 09:31,2026-08-06 15:00,1563,21456,16800,0.001,tdx_local_catalog
snapshot-20260806T091453459470Z,2026-08-06,159995.XSHE,芯片ETF华夏,XSHE,0,159995,sz159995,etf,980017,102,specetfdata.txt,catalog,available,True,True,True,True,True,2020-02-10,2026-08-06,2024-10-08 09:35,2026-08-06 15:00,2026-04-27 09:31,2026-08-06 15:00,1577,21456,16800,0.001,tdx_local_catalog
snapshot-20260806T091453459470Z,2026-08-06,159996.XSHE,家电ETF国泰,XSHE,0,159996,sz159996,etf,930697,62,specetfdata.txt,catalog,available,True,True,True,True,True,2020-03-16,2026-08-06,2024-10-08 09:35,2026-08-06 15:00,2026-04-27 09:31,2026-08-06 15:00,1552,21456,16800,0.001,tdx_local_catalog
snapshot-20260806T091453459470Z,2026-08-06,159997.XSHE,电子ETF天弘,XSHE,0,159997,sz159997,etf,930652,62,specetfdata.txt,catalog,available,True,True,True,True,True,2020-03-20,2026-08-06,2024-10-08 09:35,2026-08-06 15:00,2026-04-27 09:31,2026-08-06 15:00,1548,21456,16800,0.001,tdx_local_catalog
snapshot-20260806T091453459470Z,2026-08-06,159998.XSHE,计算机ETF天弘,XSHE,0,159998,sz159998,etf,930651,62,specetfdata.txt,catalog,available,True,True,True,True,True,2020-04-13,2026-08-06,2024-10-08 09:35,2026-08-06 15:00,2026-04-27 09:31,2026-08-06 15:00,1533,21456,16800,0.001,tdx_local_catalog
snapshot-20260806T091453459470Z,2026-08-06,510010.XSHG,180治理ETF交银,XSHG,1,510010,sh510010,etf,000021,1,specetfdata.txt,catalog,available,True,True,True,True,True,2009-12-15,2026-08-06,2024-10-08 09:35,2026-08-06 15:00,2026-04-27 09:31,2026-08-06 15:00,4042,21456,16800,0.001,tdx_local_catalog
snapshot-20260806T091453459470Z,2026-08-06,510020.XSHG,超大盘ETF博时,XSHG,1,510020,sh510020,etf,000043,1,specetfdata.txt,catalog,available,True,True,True,True,True,2010-03-19,2026-08-06,2024-10-08 09:35,2026-08-06 15:00,2026-04-27 09:31,2026-08-06 15:00,3980,21456,16800,0.001,tdx_local_catalog
snapshot-20260806T091453459470Z,2026-08-06,510030.XSHG,价值ETF华宝,XSHG,1,510030,sh510030,etf,000029,1,specetfdata.txt,catalog,available,True,True,True,True,True,2010-05-28,2026-08-06,2024-10-08 09:35,2026-08-06 15:00,2026-04-27 09:31,2026-08-06 15:00,3932,21456,16800,0.001,tdx_local_catalog
snapshot-20260806T091453459470Z,2026-08-06,510040.XSHG,上证180ETF鹏华,XSHG,1,510040,sh510040,etf,000010,1,specetfdata.txt,catalog,available,True,True,True,True,True,2025-01-06,2026-08-06,2025-01-06 09:35,2026-08-06 15:00,2026-04-27 09:31,2026-08-06 15:00,384,18432,16800,0.001,tdx_local_catalog
snapshot-20260806T091453459470Z,2026-08-06,510050.XSHG,上证50ETF华夏,XSHG,1,510050,sh510050,etf,000016,1,specetfdata.txt,catalog,available,True,True,True,True,True,2005-02-23,2026-08-06,2024-10-08 09:35,2026-08-06 15:00,2026-04-27 09:31,2026-08-06 15:00,5215,21456,16800,0.001,tdx_local_catalog
snapshot-20260806T091453459470Z,2026-08-06,510060.XSHG,央企ETF工银,XSHG,1,510060,sh510060,etf,000042,1,specetfdata.txt,catalog,available,True,True,True,True,True,2009-10-27,2026-08-06,2024-10-08 09:35,2026-08-06 15:00,2026-04-27 09:31,2026-08-06 15:00,4077,21456,16800,0.001,tdx_local_catalog
snapshot-20260806T091453459470Z,2026-08-06,510090.XSHG,责任ETF建信,XSHG,1,510090,sh510090,etf,000048,1,specetfdata.txt,catalog,available,True,True,True,True,True,2010-08-09,2026-08-06,2024-10-08 09:35,2026-08-06 15:00,2026-04-27 09:31,2026-08-06 15:00,3884,21456,16800,0.001,tdx_local_catalog
snapshot-20260806T091453459470Z,2026-08-06,510100.XSHG,上证50ETF易方达,XSHG,1,510100,sh510100,etf,000016,1,specetfdata.txt,catalog,available,True,True,True,True,True,2019-10-09,2026-08-06,2024-10-08 09:35,2026-08-06 15:00,2026-04-27 09:31,2026-08-06 15:00,1658,21456,16800,0.001,tdx_local_catalog
snapshot-20260806T091453459470Z,2026-08-06,510130.XSHG,上证中盘ETF易方,XSHG,1,510130,sh510130,etf,000044,1,specetfdata.txt,catalog,available,True,True,True,True,True,2010-06-23,2026-08-06,2024-10-08 09:35,2026-08-06 15:00,2026-04-27 09:31,2026-08-06 15:00,3917,21456,16800,0.001,tdx_local_catalog
snapshot-20260806T091453459470Z,2026-08-06,510140.XSHG,上证综指ETF华夏,XSHG,1,510140,sh510140,etf,000001,1,specetfdata.txt,catalog,available,True,True,True,True,True,2026-07-03,2026-08-06,2026-07-03 09:35,2026-08-06 15:00,2026-07-03 09:31,2026-08-06 15:00,25,1200,6000,0.001,tdx_local_catalog
snapshot-20260806T091453459470Z,2026-08-06,510150.XSHG,消费ETF招商,XSHG,1,510150,sh510150,etf,000069,1,specetfdata.txt,catalog,available,True,True,True,True,True,2011-02-25,2026-08-06,2024-10-08 09:35,2026-08-06 15:00,2026-04-27 09:31,2026-08-06 15:00,3754,21456,16800,0.001,tdx_local_catalog
snapshot-20260806T091453459470Z,2026-08-06,510160.XSHG,产业升级ETF南方,XSHG,1,510160,sh510160,etf,000901,1,specetfdata.txt,catalog,available,True,True,True,True,True,2010-11-01,2026-08-06,2024-10-08 09:35,2026-08-06 15:00,2026-04-27 09:31,2026-08-06 15:00,3832,21456,16800,0.001,tdx_local_catalog
snapshot-20260806T091453459470Z,2026-08-06,510170.XSHG,大宗商品ETF国联,XSHG,1,510170,sh510170,etf,000066,1,specetfdata.txt,catalog,available,True,True,True,True,True,2011-01-25,2026-08-06,2024-10-08 09:35,2026-08-06 15:00,2026-04-27 09:31,2026-08-06 15:00,3772,21456,16800,0.001,tdx_local_catalog
snapshot-20260806T091453459470Z,2026-08-06,510180.XSHG,上证180ETF华安,XSHG,1,510180,sh510180,etf,000010,1,specetfdata.txt,catalog,available,True,True,True,True,True,2006-05-18,2026-08-06,2024-10-08 09:35,2026-08-06 15:00,2026-04-27 09:31,2026-08-06 15:00,4915,21456,16800,0.001,tdx_local_catalog
snapshot-20260806T091453459470Z,2026-08-06,510190.XSHG,上证50ETF华安,XSHG,1,510190,sh510190,etf,000016,1,specetfdata.txt,catalog,available,True,True,True,True,True,2011-01-10,2026-08-06,2024-10-08 09:35,2026-08-06 15:00,2026-04-27 09:31,2026-08-06 15:00,3783,21456,16800,0.001,tdx_local_catalog
snapshot-20260806T091453459470Z,2026-08-06,510200.XSHG,上证券商ETF汇安,XSHG,1,510200,sh510200,etf,950105,62,specetfdata.txt,catalog,available,True,True,True,True,True,2020-05-08,2026-08-06,2024-10-08 09:35,2026-08-06 15:00,2026-04-27 09:31,2026-08-06 15:00,1517,21456,16800,0.001,tdx_local_catalog
snapshot-20260806T091453459470Z,2026-08-06,510210.XSHG,上证指数ETF富国,XSHG,1,510210,sh510210,etf,000001,1,specetfdata.txt,catalog,available,True,True,True,True,True,2011-03-25,2026-08-06,2024-10-08 09:35,2026-08-06 15:00,2026-04-27 09:31,2026-08-06 15:00,3734,21456,16800,0.001,tdx_local_catalog
snapshot-20260806T091453459470Z,2026-08-06,510230.XSHG,金融ETF国泰,XSHG,1,510230,sh510230,etf,000018,1,specetfdata.txt,catalog,available,True,True,True,True,True,2011-05-23,2026-08-06,2024-10-08 09:35,2026-08-06 15:00,2026-04-27 09:31,2026-08-06 15:00,3696,21456,16800,0.001,tdx_local_catalog
snapshot-20260806T091453459470Z,2026-08-06,510270.XSHG,国企ETF中银,XSHG,1,510270,sh510270,etf,000056,1,specetfdata.txt,catalog,available,True,True,True,True,True,2011-08-18,2026-08-06,2024-10-08 09:35,2026-08-06 15:00,2026-04-27 09:31,2026-08-06 15:00,3634,21456,16800,0.001,tdx_local_catalog
snapshot-20260806T091453459470Z,2026-08-06,510290.XSHG,上证380ETF南方,XSHG,1,510290,sh510290,etf,000009,1,specetfdata.txt,catalog,available,True,True,True,True,True,2011-11-08,2026-08-06,2024-10-08 09:35,2026-08-06 15:00,2026-04-27 09:31,2026-08-06 15:00,3582,21456,16800,0.001,tdx_local_catalog
snapshot-20260806T091453459470Z,2026-08-06,510300.XSHG,沪深300ETF华泰柏,XSHG,1,510300,sh510300,etf,000300,1,specetfdata.txt,catalog,available,True,True,True,True,True,2012-05-28,2026-08-06,2024-10-08 09:35,2026-08-06 15:00,2026-04-27 09:31,2026-08-06 15:00,3450,21456,16800,0.001,tdx_local_catalog
snapshot-20260806T091453459470Z,2026-08-06,510310.XSHG,沪深300ETF易方达,XSHG,1,510310,sh510310,etf,000300,1,specetfdata.txt,catalog,available,True,True,True,True,True,2013-03-25,2026-08-06,2024-10-08 09:35,2026-08-06 15:00,2026-04-27 09:31,2026-08-06 15:00,3249,21456,16800,0.001,tdx_local_catalog
snapshot-20260806T091453459470Z,2026-08-06,510320.XSHG,沪深300ETF中金,XSHG,1,510320,sh510320,etf,000300,1,specetfdata.txt,catalog,available,True,True,True,True,True,2025-04-25,2026-08-06,2025-04-25 09:35,2026-08-06 15:00,2026-04-27 09:31,2026-08-06 15:00,312,14976,16800,0.001,tdx_local_catalog
snapshot-20260806T091453459470Z,2026-08-06,510330.XSHG,沪深300ETF华夏,XSHG,1,510330,sh510330,etf,000300,1,specetfdata.txt,catalog,available,True,True,True,True,True,2013-01-16,2026-08-06,2024-10-08 09:35,2026-08-06 15:00,2026-04-27 09:31,2026-08-06 15:00,3292,21456,16800,0.001,tdx_local_catalog
snapshot-20260806T091453459470Z,2026-08-06,510350.XSHG,沪深300ETF工银,XSHG,1,510350,sh510350,etf,000300,1,specetfdata.txt,catalog,available,True,True,True,True,True,2019-08-16,2026-08-06,2024-10-08 09:35,2026-08-06 15:00,2026-04-27 09:31,2026-08-06 15:00,1690,21456,16800,0.001,tdx_local_catalog
snapshot-20260806T091453459470Z,2026-08-06,510360.XSHG,沪深300ETF广发,XSHG,1,510360,sh510360,etf,000300,1,specetfdata.txt,catalog,available,True,True,True,True,True,2015-09-09,2026-08-06,2024-10-08 09:35,2026-08-06 15:00,2026-04-27 09:31,2026-08-06 15:00,2650,21456,16800,0.001,tdx_local_catalog
snapshot-20260806T091453459470Z,2026-08-06,510370.XSHG,沪深300ETF兴业,XSHG,1,510370,sh510370,etf,000300,1,specetfdata.txt,catalog,available,True,True,True,True,True,2020-10-27,2026-08-06,2024-10-08 09:35,2026-08-06 15:00,2026-04-27 09:31,2026-08-06 15:00,1403,21456,16800,0.001,tdx_local_catalog
snapshot-20260806T091453459470Z,2026-08-06,510380.XSHG,沪深300ETF国寿,XSHG,1,510380,sh510380,etf,000300,1,specetfdata.txt,catalog,available,True,True,True,True,True,2018-02-07,2026-08-06,2024-10-08 09:35,2026-08-06 15:00,2026-04-27 09:31,2026-08-06 15:00,2059,21456,16800,0.001,tdx_local_catalog
snapshot-20260806T091453459470Z,2026-08-06,510390.XSHG,沪深300ETF平安,XSHG,1,510390,sh510390,etf,000300,1,specetfdata.txt,catalog,available,True,True,True,True,True,2018-01-26,2026-08-06,2024-10-08 09:35,2026-08-06 15:00,2026-04-27 09:31,2026-08-06 15:00,2067,21456,16800,0.001,tdx_local_catalog
snapshot-20260806T091453459470Z,2026-08-06,510410.XSHG,资源ETF博时,XSHG,1,510410,sh510410,etf,000068,1,specetfdata.txt,catalog,available,True,True,True,True,True,2012-05-11,2026-08-06,2024-10-08 09:35,2026-08-06 15:00,2026-04-27 09:31,2026-08-06 15:00,3461,21456,16800,0.001,tdx_local_catalog
snapshot-20260806T091453459470Z,2026-08-06,510500.XSHG,中证500ETF南方,XSHG,1,510500,sh510500,etf,000905,1,specetfdata.txt,catalog,available,True,True,True,True,True,2013-03-15,2026-08-06,2024-10-08 09:35,2026-08-06 15:00,2026-04-27 09:31,2026-08-06 15:00,3254,21456,16800,0.001,tdx_local_catalog
snapshot-20260806T091453459470Z,2026-08-06,510510.XSHG,中证500ETF广发,XSHG,1,510510,sh510510,etf,000905,1,specetfdata.txt,catalog,available,True,True,True,True,True,2013-05-24,2026-08-06,2024-10-08 09:35,2026-08-06 15:00,2026-04-27 09:31,2026-08-06 15:00,3210,21456,16800,0.001,tdx_local_catalog
snapshot-20260806T091453459470Z,2026-08-06,510530.XSHG,中证500ETF工银,XSHG,1,510530,sh510530,etf,000905,1,specetfdata.txt,catalog,available,True,True,True,True,True,2020-01-03,2026-08-06,2024-10-08 09:35,2026-08-06 15:00,2026-04-27 09:31,2026-08-06 15:00,1597,21456,16800,0.001,tdx_local_catalog
snapshot-20260806T091453459470Z,2026-08-06,510550.XSHG,中证500ETF方正富,XSHG,1,510550,sh510550,etf,000905,1,specetfdata.txt,catalog,available,True,True,True,True,True,2019-01-16,2026-08-06,2024-10-08 09:35,2026-08-06 15:00,2026-04-27 09:31,2026-08-06 15:00,1832,21456,16800,0.001,tdx_local_catalog
snapshot-20260806T091453459470Z,2026-08-06,510560.XSHG,中证500ETF国寿,XSHG,1,510560,sh510560,etf,000905,1,specetfdata.txt,catalog,available,True,True,True,True,True,2015-07-03,2026-08-06,2024-10-08 09:35,2026-08-06 15:00,2026-04-27 09:31,2026-08-06 15:00,2696,21456,16800,0.001,tdx_local_catalog
snapshot-20260806T091453459470Z,2026-08-06,510570.XSHG,中证500ETF兴业,XSHG,1,510570,sh510570,etf,000905,1,specetfdata.txt,catalog,available,True,True,True,True,True,2020-08-12,2026-08-06,2024-10-08 09:35,2026-08-06 15:00,2026-04-27 09:31,2026-08-06 15:00,1451,21456,16800,0.001,tdx_local_catalog
snapshot-20260806T091453459470Z,2026-08-06,510580.XSHG,中证500ETF易方达,XSHG,1,510580,sh510580,etf,000905,1,specetfdata.txt,catalog,available,True,True,True,True,True,2015-09-14,2026-08-06,2024-10-08 09:35,2026-08-06 15:00,2026-04-27 09:31,2026-08-06 15:00,2647,21456,16800,0.001,tdx_local_catalog
snapshot-20260806T091453459470Z,2026-08-06,510590.XSHG,中证500ETF平安,XSHG,1,510590,sh510590,etf,000905,1,specetfdata.txt,catalog,available,True,True,True,True,True,2018-05-04,2026-08-06,2024-10-08 09:35,2026-08-06 15:00,2026-04-27 09:31,2026-08-06 15:00,2006,21456,16800,0.001,tdx_local_catalog
snapshot-20260806T091453459470Z,2026-08-06,510600.XSHG,上证50ETF申万菱,XSHG,1,510600,sh510600,etf,000016,1,specetfdata.txt,catalog,available,True,True,True,True,True,2018-09-20,2026-08-06,2024-10-08 09:35,2026-08-06 15:00,2026-04-27 09:31,2026-08-06 15:00,1908,21456,16800,0.001,tdx_local_catalog
snapshot-20260806T091453459470Z,2026-08-06,510630.XSHG,消费ETF华夏,XSHG,1,510630,sh510630,etf,000036,1,specetfdata.txt,catalog,available,True,True,True,True,True,2013-05-08,2026-08-06,2024-10-08 09:35,2026-08-06 15:00,2026-04-27 09:31,2026-08-06 15:00,3222,21456,16800,0.001,tdx_local_catalog
snapshot-20260806T091453459470Z,2026-08-06,510650.XSHG,金融地产ETF华夏,XSHG,1,510650,sh510650,etf,000038,1,specetfdata.txt,catalog,available,True,True,True,True,True,2013-05-08,2026-08-06,2024-10-08 09:35,2026-08-06 15:00,2026-04-27 09:31,2026-08-06 15:00,3222,21456,16800,0.001,tdx_local_catalog
snapshot-20260806T091453459470Z,2026-08-06,510660.XSHG,医药ETF华夏,XSHG,1,510660,sh510660,etf,000037,1,specetfdata.txt,catalog,available,True,True,True,True,True,2013-05-08,2026-08-06,2024-10-08 09:35,2026-08-06 15:00,2026-04-27 09:31,2026-08-06 15:00,3222,21456,16800,0.001,tdx_local_catalog
snapshot-20260806T091453459470Z,2026-08-06,510670.XSHG,上证180ETF华夏,XSHG,1,510670,sh510670,etf,000010,1,specetfdata.txt,catalog,available,True,True,True,True,True,2025-10-29,2026-08-06,2025-10-29 09:35,2026-08-06 15:00,2026-04-27 09:31,2026-08-06 15:00,189,9072,16800,0.001,tdx_local_catalog
snapshot-20260806T091453459470Z,2026-08-06,510680.XSHG,上证50ETF万家,XSHG,1,510680,sh510680,etf,000016,1,specetfdata.txt,catalog,available,True,True,True,True,True,2013-12-02,2026-08-06,2024-10-08 09:35,2026-08-06 15:00,2026-04-27 09:31,2026-08-06 15:00,3028,21456,16800,0.001,tdx_local_catalog
snapshot-20260806T091453459470Z,2026-08-06,510710.XSHG,上证50ETF博时,XSHG,1,510710,sh510710,etf,000016,1,specetfdata.txt,catalog,available,True,True,True,True,True,2015-06-15,2026-08-06,2024-10-08 09:35,2026-08-06 15:00,2026-04-27 09:31,2026-08-06 15:00,2709,21456,16800,0.001,tdx_local_catalog
snapshot-20260806T091453459470Z,2026-08-06,510720.XSHG,红利国企ETF国泰,XSHG,1,510720,sh510720,etf,000151,1,specetfdata.txt,catalog,available,True,True,True,True,True,2024-05-15,2026-08-06,2024-10-08 09:35,2026-08-06 15:00,2026-04-27 09:31,2026-08-06 15:00,543,21456,16800,0.001,tdx_local_catalog
snapshot-20260806T091453459470Z,2026-08-06,510760.XSHG,上证指数ETF国泰,XSHG,1,510760,sh510760,etf,000001,1,specetfdata.txt,catalog,available,True,True,True,True,True,2020-09-09,2026-08-06,2024-10-08 09:35,2026-08-06 15:00,2026-04-27 09:31,2026-08-06 15:00,1431,21456,16800,0.001,tdx_local_catalog
snapshot-20260806T091453459470Z,2026-08-06,510770.XSHG,G60创新ETF申万菱,XSHG,1,510770,sh510770,etf,950049,62,specetfdata.txt,catalog,available,True,True,True,True,True,2021-09-28,2026-08-06,2024-10-08 09:35,2026-08-06 15:00,2026-04-27 09:31,2026-08-06 15:00,1176,21456,16800,0.001,tdx_local_catalog
snapshot-20260806T091453459470Z,2026-08-06,510800.XSHG,上证50ETF建信,XSHG,1,510800,sh510800,etf,000016,1,specetfdata.txt,catalog,available,True,True,True,True,True,2018-01-15,2026-08-06,2024-10-08 09:35,2026-08-06 15:00,2026-04-27 09:31,2026-08-06 15:00,2076,21456,16800,0.001,tdx_local_catalog
snapshot-20260806T091453459470Z,2026-08-06,510810.XSHG,上海国企ETF汇添,XSHG,1,510810,sh510810,etf,950096,62,specetfdata.txt,catalog,available,True,True,True,True,True,2016-08-29,2026-08-06,2024-10-08 09:35,2026-08-06 15:00,2026-04-27 09:31,2026-08-06 15:00,2412,21456,16800,0.001,tdx_local_catalog
snapshot-20260806T091453459470Z,2026-08-06,510850.XSHG,上证50ETF工银,XSHG,1,510850,sh510850,etf,000016,1,specetfdata.txt,catalog,available,True,True,True,True,True,2019-03-06,2026-08-06,2024-10-08 09:35,2026-08-06 15:00,2026-04-27 09:31,2026-08-06 15:00,1802,21456,16800,0.001,tdx_local_catalog
snapshot-20260806T091453459470Z,2026-08-06,510880.XSHG,红利ETF华泰柏瑞,XSHG,1,510880,sh510880,etf,000015,1,specetfdata.txt,catalog,available,True,True,True,True,True,2007-01-18,2026-08-06,2024-10-08 09:35,2026-08-06 15:00,2026-04-27 09:31,2026-08-06 15:00,4751,21456,16800,0.001,tdx_local_catalog
snapshot-20260806T091453459470Z,2026-08-06,510900.XSHG,恒生中国企业ETF,XSHG,1,510900,sh510900,etf,HZ5014,27,specetfdata.txt,catalog,available,True,True,True,True,True,2012-10-22,2026-08-06,2024-10-08 09:35,2026-08-06 15:00,2026-04-27 09:31,2026-08-06 15:00,3351,21456,16800,0.001,tdx_local_catalog
snapshot-20260806T091453459470Z,2026-08-06,510910.XSHG,上证指数ETF南方,XSHG,1,510910,sh510910,etf,000001,1,specetfdata.txt,catalog,available,True,True,True,True,True,2026-06-03,2026-08-06,2026-06-03 09:35,2026-08-06 15:00,2026-06-03 09:31,2026-08-06 15:00,46,2208,11040,0.001,tdx_local_catalog
snapshot-20260806T091453459470Z,2026-08-06,510950.XSHG,上证50ETF广发,XSHG,1,510950,sh510950,etf,000016,1,specetfdata.txt,catalog,available,True,True,True,True,True,2024-05-10,2026-08-06,2024-10-08 09:35,2026-08-06 15:00,2026-04-27 09:31,2026-08-06 15:00,546,21456,16800,0.001,tdx_local_catalog
snapshot-20260806T091453459470Z,2026-08-06,510980.XSHG,上证指数ETF汇添,XSHG,1,510980,sh510980,etf,000001,1,specetfdata.txt,catalog,available,True,True,True,True,True,2023-12-01,2026-08-06,2024-10-08 09:35,2026-08-06 15:00,2026-04-27 09:31,2026-08-06 15:00,649,21456,16800,0.001,tdx_local_catalog
snapshot-20260806T091453459470Z,2026-08-06,510990.XSHG,180ESGETF工银,XSHG,1,510990,sh510990,etf,931088,62,specetfdata.txt,catalog,available,True,True,True,True,True,2021-07-01,2026-08-06,2024-10-08 09:35,2026-08-06 15:00,2026-04-27 09:31,2026-08-06 15:00,1237,21456,16800,0.001,tdx_local_catalog
snapshot-20260806T091453459470Z,2026-08-06,511010.XSHG,国债ETF国泰,XSHG,1,511010,sh511010,etf,000140,1,specetfdata.txt,catalog,available,True,True,True,True,True,2013-03-25,2026-08-06,2024-10-08 09:35,2026-08-06 15:00,2026-04-27 09:31,2026-08-06 15:00,3249,21456,16800,0.001,tdx_local_catalog
snapshot-20260806T091453459470Z,2026-08-06,511020.XSHG,国债ETF平安,XSHG,1,511020,sh511020,etf,931018,62,specetfdata.txt,catalog,available,True,True,True,True,True,2019-02-22,2026-08-06,2024-10-08 09:35,2026-08-06 15:00,2026-04-27 09:31,2026-08-06 15:00,1810,21456,16800,0.001,tdx_local_catalog
snapshot-20260806T091453459470Z,2026-08-06,511030.XSHG,公司债ETF平安,XSHG,1,511030,sh511030,etf,CBC00703,62,specetfdata.txt,catalog,available,True,True,True,True,True,2019-03-22,2026-08-06,2024-10-08 09:35,2026-08-06 15:00,2026-04-27 09:31,2026-08-06 15:00,1790,21456,16800,0.001,tdx_local_catalog
snapshot-20260806T091453459470Z,2026-08-06,511060.XSHG,5年地方债ETF海富,XSHG,1,511060,sh511060,etf,950045,62,specetfdata.txt,catalog,available,True,True,True,True,True,2019-12-12,2026-08-06,2024-10-08 09:35,2026-08-06 15:00,2026-04-27 09:31,2026-08-06 15:00,1612,21456,16800,0.001,tdx_local_catalog
snapshot-20260806T091453459470Z,2026-08-06,511070.XSHG,公司债ETF南方,XSHG,1,511070,sh511070,etf,950245,62,specetfdata.txt,catalog,available,True,True,True,True,True,2025-01-22,2026-08-06,2025-01-22 09:35,2026-08-06 15:00,2026-04-27 09:31,2026-08-06 15:00,372,17856,16800,0.001,tdx_local_catalog
snapshot-20260806T091453459470Z,2026-08-06,511090.XSHG,30年国债ETF鹏扬,XSHG,1,511090,sh511090,etf,CBA21801,62,specetfdata.txt,catalog,available,True,True,True,True,True,2023-06-13,2026-08-06,2024-10-08 09:35,2026-08-06 15:00,2026-04-27 09:31,2026-08-06 15:00,764,21456,16800,0.001,tdx_local_catalog
snapshot-20260806T091453459470Z,2026-08-06,511100.XSHG,国债ETF华夏,XSHG,1,511100,sh511100,etf,950243,62,specetfdata.txt,catalog,available,True,True,True,True,True,2023-12-25,2026-08-06,2024-10-08 09:35,2026-08-06 15:00,2026-04-27 09:31,2026-08-06 15:00,633,21456,16800,0.001,tdx_local_catalog
snapshot-20260806T091453459470Z,2026-08-06,511110.XSHG,公司债ETF易方达,XSHG,1,511110,sh511110,etf,950245,62,specetfdata.txt,catalog,available,True,True,True,True,True,2025-01-24,2026-08-06,2025-01-24 09:35,2026-08-06 15:00,2026-04-27 09:31,2026-08-06 15:00,370,17760,16800,0.001,tdx_local_catalog
snapshot-20260806T091453459470Z,2026-08-06,511120.XSHG,科创债ETF广发,XSHG,1,511120,sh511120,etf,950167,62,specetfdata.txt,catalog,available,True,True,True,True,True,2025-07-17,2026-08-06,2025-07-17 09:35,2026-08-06 15:00,2026-04-27 09:31,2026-08-06 15:00,257,12336,16800,0.001,tdx_local_catalog
snapshot-20260806T091453459470Z,2026-08-06,511130.XSHG,30年国债ETF博时,XSHG,1,511130,sh511130,etf,950175,62,specetfdata.txt,catalog,available,True,True,True,True,True,2024-03-28,2026-08-06,2024-10-08 09:35,2026-08-06 15:00,2026-04-27 09:31,2026-08-06 15:00,572,21456,16800,0.001,tdx_local_catalog
snapshot-20260806T091453459470Z,2026-08-06,511150.XSHG,科创债ETF永赢,XSHG,1,511150,sh511150,etf,950167,62,specetfdata.txt,catalog,available,True,True,True,True,True,2025-09-24,2026-08-06,2025-09-24 09:35,2026-08-06 15:00,2026-04-27 09:31,2026-08-06 15:00,208,9984,16800,0.001,tdx_local_catalog
snapshot-20260806T091453459470Z,2026-08-06,511160.XSHG,国债ETF东财,XSHG,1,511160,sh511160,etf,931552,62,specetfdata.txt,catalog,available,True,True,True,True,True,2025-01-06,2026-08-06,2025-01-06 09:35,2026-08-06 15:00,2026-04-27 09:31,2026-08-06 15:00,384,18432,16800,0.001,tdx_local_catalog
snapshot-20260806T091453459470Z,2026-08-06,511180.XSHG,可转债ETF海富通,XSHG,1,511180,sh511180,etf,950041,62,specetfdata.txt,catalog,available,True,True,True,True,True,2020-08-26,2026-08-06,2024-10-08 09:35,2026-08-06 15:00,2026-04-27 09:31,2026-08-06 15:00,1441,21456,16800,0.001,tdx_local_catalog
snapshot-20260806T091453459470Z,2026-08-06,511190.XSHG,信用债ETF海富通,XSHG,1,511190,sh511190,etf,950245,62,specetfdata.txt,catalog,available,True,True,True,True,True,2025-02-05,2026-08-06,2025-02-05 09:35,2026-08-06 15:00,2026-04-27 09:31,2026-08-06 15:00,368,17664,16800,0.001,tdx_local_catalog
snapshot-20260806T091453459470Z,2026-08-06,511200.XSHG,信用债ETF华夏,XSHG,1,511200,sh511200,etf,950245,62,specetfdata.txt,catalog,available,True,True,True,True,True,2025-02-07,2026-08-06,2025-02-07 09:35,2026-08-06 15:00,2026-04-27 09:31,2026-08-06 15:00,366,17568,16800,0.001,tdx_local_catalog
snapshot-20260806T091453459470Z,2026-08-06,511220.XSHG,城投债ETF海富通,XSHG,1,511220,sh511220,etf,H11098,62,specetfdata.txt,catalog,available,True,True,True,True,True,2014-12-16,2026-08-06,2024-10-08 09:35,2026-08-06 15:00,2026-04-27 09:31,2026-08-06 15:00,2829,21456,16800,0.001,tdx_local_catalog
snapshot-20260806T091453459470Z,2026-08-06,511260.XSHG,十年国债ETF国泰,XSHG,1,511260,sh511260,etf,H11077,62,specetfdata.txt,catalog,available,True,True,True,True,True,2017-08-24,2026-08-06,2024-10-08 09:35,2026-08-06 15:00,2026-04-27 09:31,2026-08-06 15:00,2172,21456,16800,0.001,tdx_local_catalog
snapshot-20260806T091453459470Z,2026-08-06,511270.XSHG,10年地方债ETF海,XSHG,1,511270,sh511270,etf,950109,62,specetfdata.txt,catalog,available,True,True,True,True,True,2018-11-22,2026-08-06,2024-10-08 09:35,2026-08-06 15:00,2026-04-27 09:31,2026-08-06 15:00,1869,21456,16800,0.001,tdx_local_catalog
snapshot-20260806T091453459470Z,2026-08-06,511360.XSHG,短融ETF海富通,XSHG,1,511360,sh511360,etf,H11014,62,specetfdata.txt,catalog,available,True,True,True,True,True,2020-09-25,2026-08-06,2024-10-08 09:35,2026-08-06 15:00,2026-04-27 09:31,2026-08-06 15:00,1419,21456,16800,0.001,tdx_local_catalog
snapshot-20260806T091453459470Z,2026-08-06,511380.XSHG,可转债ETF博时,XSHG,1,511380,sh511380,etf,931078,62,specetfdata.txt,catalog,available,True,True,True,True,True,2020-04-07,2026-08-06,2024-10-08 09:35,2026-08-06 15:00,2026-04-27 09:31,2026-08-06 15:00,1537,21456,16800,0.001,tdx_local_catalog
snapshot-20260806T091453459470Z,2026-08-06,511520.XSHG,政金债ETF富国,XSHG,1,511520,sh511520,etf,CBA08203,62,specetfdata.txt,catalog,available,True,True,True,True,True,2022-10-25,2026-08-06,2024-10-08 09:35,2026-08-06 15:00,2026-04-27 09:31,2026-08-06 15:00,919,21456,16800,0.001,tdx_local_catalog
snapshot-20260806T091453459470Z,2026-08-06,511580.XSHG,国债政金债ETF招,XSHG,1,511580,sh511580,etf,932200,62,specetfdata.txt,catalog,available,True,True,True,True,True,2022-12-14,2026-08-06,2024-10-08 09:35,2026-08-06 15:00,2026-04-27 09:31,2026-08-06 15:00,883,21456,16800,0.001,tdx_local_catalog
snapshot-20260806T091453459470Z,2026-08-06,511600.XSHG,华安日日鑫ETF,XSHG,1,511600,sh511600,etf,,,specetfdata.txt,catalog,available,True,True,True,True,True,2016-09-09,2026-08-06,2024-10-08 09:35,2026-08-06 15:00,2026-04-27 09:31,2026-08-06 15:00,2399,21456,16800,0.001,tdx_local_catalog
snapshot-20260806T091453459470Z,2026-08-06,511620.XSHG,货币ETF国泰,XSHG,1,511620,sh511620,etf,,,specetfdata.txt,catalog,available,True,True,True,True,True,2017-09-07,2026-08-06,2024-10-08 09:35,2026-08-06 15:00,2026-04-27 09:31,2026-08-06 15:00,2162,21456,16800,0.001,tdx_local_catalog
snapshot-20260806T091453459470Z,2026-08-06,511650.XSHG,货币ETF华夏,XSHG,1,511650,sh511650,etf,,,specetfdata.txt,catalog,available,True,True,True,True,True,2017-01-16,2026-08-06,2024-10-08 09:35,2026-08-06 15:00,2026-04-27 09:31,2026-08-06 15:00,2320,21456,16800,0.001,tdx_local_catalog
snapshot-20260806T091453459470Z,2026-08-06,511660.XSHG,货币ETF建信,XSHG,1,511660,sh511660,etf,,,specetfdata.txt,catalog,available,True,True,True,True,True,2016-09-21,2026-08-06,2024-10-08 09:35,2026-08-06 15:00,2026-04-27 09:31,2026-08-06 15:00,2397,21456,16800,0.001,tdx_local_catalog
snapshot-20260806T091453459470Z,2026-08-06,511670.XSHG,华泰天天金ETF,XSHG,1,511670,sh511670,etf,,,specetfdata.txt,catalog,available,True,True,True,True,True,2017-08-28,2026-08-06,2024-10-08 09:35,2026-08-06 15:00,2026-04-27 09:31,2026-08-06 15:00,2170,21456,16800,0.001,tdx_local_catalog
snapshot-20260806T091453459470Z,2026-08-06,511690.XSHG,交易货币ETF大成,XSHG,1,511690,sh511690,etf,,,specetfdata.txt,catalog,available,True,True,True,True,True,2016-10-20,2026-08-06,2024-10-08 09:35,2026-08-06 15:00,2026-04-27 09:31,2026-08-06 15:00,2381,21456,16800,0.001,tdx_local_catalog
snapshot-20260806T091453459470Z,2026-08-06,511700.XSHG,货币ETF平安,XSHG,1,511700,sh511700,etf,,,specetfdata.txt,catalog,available,True,True,True,True,True,2016-10-17,2026-08-06,2024-10-08 09:35,2026-08-06 15:00,2026-04-27 09:31,2026-08-06 15:00,2384,21456,16800,0.001,tdx_local_catalog
snapshot-20260806T091453459470Z,2026-08-06,511770.XSHG,金鹰增益货币ETF,XSHG,1,511770,sh511770,etf,,,specetfdata.txt,catalog,available,True,True,True,True,True,2017-04-10,2026-08-06,2024-10-08 09:35,2026-08-06 15:00,2026-04-27 09:31,2026-08-06 15:00,2267,21456,16800,0.001,tdx_local_catalog
snapshot-20260806T091453459470Z,2026-08-06,511800.XSHG,易方达货币ETF,XSHG,1,511800,sh511800,etf,,,specetfdata.txt,catalog,available,True,True,True,True,True,2014-11-24,2026-08-06,2024-10-08 09:35,2026-08-06 15:00,2026-04-27 09:31,2026-08-06 15:00,2836,21456,16800,0.001,tdx_local_catalog
snapshot-20260806T091453459470Z,2026-08-06,511810.XSHG,货币ETF南方,XSHG,1,511810,sh511810,etf,,,specetfdata.txt,catalog,available,True,True,True,True,True,2015-01-05,2026-08-06,2024-10-08 09:35,2026-08-06 15:00,2026-04-27 09:31,2026-08-06 15:00,2817,21456,16800,0.001,tdx_local_catalog
snapshot-20260806T091453459470Z,2026-08-06,511820.XSHG,鹏华添利ETF,XSHG,1,511820,sh511820,etf,,,specetfdata.txt,catalog,available,True,True,True,True,True,2016-02-22,2026-08-06,2024-10-08 09:35,2026-08-06 15:00,2026-04-27 09:31,2026-08-06 15:00,2543,21456,16800,0.001,tdx_local_catalog
snapshot-20260806T091453459470Z,2026-08-06,511830.XSHG,货币ETF华泰柏瑞,XSHG,1,511830,sh511830,etf,,,specetfdata.txt,catalog,available,True,True,True,True,True,2015-08-03,2026-08-06,2024-10-08 09:35,2026-08-06 15:00,2026-04-27 09:31,2026-08-06 15:00,2675,21456,16800,0.001,tdx_local_catalog
snapshot-20260806T091453459470Z,2026-08-06,511850.XSHG,招商财富宝ETF,XSHG,1,511850,sh511850,etf,,,specetfdata.txt,catalog,available,True,True,True,True,True,2016-07-18,2026-08-06,2024-10-08 09:35,2026-08-06 15:00,2026-04-27 09:31,2026-08-06 15:00,2442,21456,16800,0.001,tdx_local_catalog
snapshot-20260806T091453459470Z,2026-08-06,511860.XSHG,货币ETF博时,XSHG,1,511860,sh511860,etf,,,specetfdata.txt,catalog,available,True,True,True,True,True,2014-12-09,2026-08-06,2024-10-08 09:35,2026-08-06 15:00,2026-04-27 09:31,2026-08-06 15:00,2834,21456,16800,0.001,tdx_local_catalog
snapshot-20260806T091453459470Z,2026-08-06,511880.XSHG,银华日利ETF,XSHG,1,511880,sh511880,etf,,,specetfdata.txt,catalog,available,True,True,True,True,True,2013-04-18,2026-08-06,2024-10-08 09:35,2026-08-06 15:00,2026-04-27 09:31,2026-08-06 15:00,3233,21456,16800,0.001,tdx_local_catalog
snapshot-20260806T091453459470Z,2026-08-06,511900.XSHG,富国货币ETF,XSHG,1,511900,sh511900,etf,,,specetfdata.txt,catalog,available,True,True,True,True,True,2015-12-09,2026-08-06,2024-10-08 09:35,2026-08-06 15:00,2026-04-27 09:31,2026-08-06 15:00,2590,21456,16800,0.001,tdx_local_catalog
snapshot-20260806T091453459470Z,2026-08-06,511910.XSHG,融通货币ETF,XSHG,1,511910,sh511910,etf,,,specetfdata.txt,catalog,available,True,True,True,True,True,2016-06-20,2026-08-06,2024-10-08 09:35,2026-08-06 15:00,2026-04-27 09:31,2026-08-06 15:00,2453,21456,16800,0.001,tdx_local_catalog
snapshot-20260806T091453459470Z,2026-08-06,511920.XSHG,货币ETF广发,XSHG,1,511920,sh511920,etf,,,specetfdata.txt,catalog,available,True,True,True,True,True,2016-03-14,2026-08-06,2024-10-08 09:35,2026-08-06 15:00,2026-04-27 09:31,2026-08-06 15:00,2519,21456,16800,0.001,tdx_local_catalog
snapshot-20260806T091453459470Z,2026-08-06,511930.XSHG,货币ETF国联,XSHG,1,511930,sh511930,etf,,,specetfdata.txt,catalog,available,True,True,True,True,True,2015-12-15,2026-08-06,2024-10-08 09:35,2026-08-06 15:00,2026-04-27 09:31,2026-08-06 15:00,2586,21456,16800,0.001,tdx_local_catalog
snapshot-20260806T091453459470Z,2026-08-06,511950.XSHG,添利货币ETF广发,XSHG,1,511950,sh511950,etf,,,specetfdata.txt,catalog,available,True,True,True,True,True,2016-12-19,2026-08-06,2024-10-08 09:35,2026-08-06 15:00,2026-04-27 09:31,2026-08-06 15:00,2339,21456,16800,0.001,tdx_local_catalog
snapshot-20260806T091453459470Z,2026-08-06,511960.XSHG,货币ETF嘉实,XSHG,1,511960,sh511960,etf,,,specetfdata.txt,catalog,available,True,True,True,True,True,2015-12-28,2026-08-06,2024-10-08 09:35,2026-08-06 15:00,2026-04-27 09:31,2026-08-06 15:00,2569,21456,16800,0.001,tdx_local_catalog
snapshot-20260806T091453459470Z,2026-08-06,511970.XSHG,国寿货币ETF,XSHG,1,511970,sh511970,etf,,,specetfdata.txt,catalog,available,True,True,True,True,True,2016-07-04,2026-08-06,2024-10-08 09:35,2026-08-06 15:00,2026-04-27 09:31,2026-08-06 15:00,2443,21456,16800,0.001,tdx_local_catalog
snapshot-20260806T091453459470Z,2026-08-06,511980.XSHG,货币ETF汇添富,XSHG,1,511980,sh511980,etf,,,specetfdata.txt,catalog,available,True,True,True,True,True,2015-10-21,2026-08-06,2024-10-08 09:35,2026-08-06 15:00,2026-04-27 09:31,2026-08-06 15:00,2618,21456,16800,0.001,tdx_local_catalog
snapshot-20260806T091453459470Z,2026-08-06,511990.XSHG,华宝添益ETF,XSHG,1,511990,sh511990,etf,,,specetfdata.txt,catalog,available,True,True,True,True,True,2013-01-28,2026-08-06,2024-10-08 09:35,2026-08-06 15:00,2026-04-27 09:31,2026-08-06 15:00,3284,21456,16800,0.001,tdx_local_catalog
snapshot-20260806T091453459470Z,2026-08-06,512000.XSHG,券商ETF华宝,XSHG,1,512000,sh512000,etf,399975,0,specetfdata.txt,catalog,available,True,True,True,True,True,2016-09-14,2026-08-06,2024-10-08 09:35,2026-08-06 15:00,2026-04-27 09:31,2026-08-06 15:00,2400,21456,16800,0.001,tdx_local_catalog
snapshot-20260806T091453459470Z,2026-08-06,512010.XSHG,医药ETF易方达,XSHG,1,512010,sh512010,etf,000913,1,specetfdata.txt,catalog,available,True,True,True,True,True,2013-10-28,2026-08-06,2024-10-08 09:35,2026-08-06 15:00,2026-04-27 09:31,2026-08-06 15:00,3109,21456,16800,0.001,tdx_local_catalog
snapshot-20260806T091453459470Z,2026-08-06,512020.XSHG,A500ETF鹏华,XSHG,1,512020,sh512020,etf,000510,1,specetfdata.txt,catalog,available,True,True,True,True,True,2024-12-02,2026-08-06,2024-12-02 09:35,2026-08-06 15:00,2026-04-27 09:31,2026-08-06 15:00,408,19584,16800,0.001,tdx_local_catalog
snapshot-20260806T091453459470Z,2026-08-06,512030.XSHG,中证A50增强ETF易,XSHG,1,512030,sh512030,etf,930050,62,specetfdata.txt,catalog,available,True,True,True,True,True,2025-08-13,2026-08-06,2025-08-13 09:35,2026-08-06 15:00,2026-04-27 09:31,2026-08-06 15:00,238,11424,16800,0.001,tdx_local_catalog
snapshot-20260806T091453459470Z,2026-08-06,512040.XSHG,价值ETF富国,XSHG,1,512040,sh512040,etf,931052,62,specetfdata.txt,catalog,available,True,True,True,True,True,2018-11-29,2026-08-06,2024-10-08 09:35,2026-08-06 15:00,2026-04-27 09:31,2026-08-06 15:00,1864,21456,16800,0.001,tdx_local_catalog
snapshot-20260806T091453459470Z,2026-08-06,512050.XSHG,A500ETF华夏,XSHG,1,512050,sh512050,etf,000510,1,specetfdata.txt,catalog,available,True,True,True,True,True,2024-11-15,2026-08-06,2024-11-15 09:35,2026-08-06 15:00,2026-04-27 09:31,2026-08-06 15:00,419,20112,16800,0.001,tdx_local_catalog
snapshot-20260806T091453459470Z,2026-08-06,512060.XSHG,A100ETF天弘,XSHG,1,512060,sh512060,etf,000903,1,specetfdata.txt,catalog,available,True,True,True,True,True,2025-07-18,2026-08-06,2025-07-18 09:35,2026-08-06 15:00,2026-04-27 09:31,2026-08-06 15:00,256,12288,16800,0.001,tdx_local_catalog
snapshot-20260806T091453459470Z,2026-08-06,512070.XSHG,证券保险ETF易方,XSHG,1,512070,sh512070,etf,H30035,62,specetfdata.txt,catalog,available,True,True,True,True,True,2014-07-18,2026-08-06,2024-10-08 09:35,2026-08-06 15:00,2026-04-27 09:31,2026-08-06 15:00,2929,21456,16800,0.001,tdx_local_catalog
snapshot-20260806T091453459470Z,2026-08-06,512080.XSHG,A500ETF中金,XSHG,1,512080,sh512080,etf,000510,1,specetfdata.txt,catalog,available,True,True,True,True,True,2025-01-21,2026-08-06,2025-01-21 09:35,2026-08-06 15:00,2026-04-27 09:31,2026-08-06 15:00,373,17904,16800,0.001,tdx_local_catalog
snapshot-20260806T091453459470Z,2026-08-06,512090.XSHG,MSCIA股ETF易方达,XSHG,1,512090,sh512090,etf,716567,62,specetfdata.txt,catalog,available,True,True,True,True,True,2018-06-01,2026-08-06,2024-10-08 09:35,2026-08-06 15:00,2026-04-27 09:31,2026-08-06 15:00,1986,21456,16800,0.001,tdx_local_catalog
snapshot-20260806T091453459470Z,2026-08-06,512100.XSHG,中证1000ETF南方,XSHG,1,512100,sh512100,etf,000852,1,specetfdata.txt,catalog,available,True,True,True,True,True,2016-11-04,2026-08-06,2024-10-08 09:35,2026-08-06 15:00,2026-04-27 09:31,2026-08-06 15:00,2370,21456,16800,0.001,tdx_local_catalog
snapshot-20260806T091453459470Z,2026-08-06,512120.XSHG,医药ETF华安,XSHG,1,512120,sh512120,etf,000814,1,specetfdata.txt,catalog,available,True,True,True,True,True,2014-01-06,2026-08-06,2024-10-08 09:35,2026-08-06 15:00,2026-04-27 09:31,2026-08-06 15:00,3060,21456,16800,0.001,tdx_local_catalog
snapshot-20260806T091453459470Z,2026-08-06,512130.XSHG,全指现金流ETF鹏,XSHG,1,512130,sh512130,etf,932365,62,specetfdata.txt,catalog,available,True,True,True,True,True,2025-07-01,2026-08-06,2025-07-01 09:35,2026-08-06 15:00,2026-04-27 09:31,2026-08-06 15:00,269,12912,16800,0.001,tdx_local_catalog
snapshot-20260806T091453459470Z,2026-08-06,512140.XSHG,电力ETF华安,XSHG,1,512140,sh512140,etf,H30199,62,specetfdata.txt,catalog,available,True,True,True,True,True,2026-05-11,2026-08-06,2026-05-11 09:35,2026-08-06 15:00,2026-05-11 09:31,2026-08-06 15:00,63,3024,15120,0.001,tdx_local_catalog
snapshot-20260806T091453459470Z,2026-08-06,512150.XSHG,富时A50ETF汇安,XSHG,1,512150,sh512150,etf,F_XIN9,12,specetfdata.txt,catalog,available,True,True,True,True,True,2019-01-21,2026-08-06,2024-10-08 09:35,2026-08-06 15:00,2026-04-27 09:31,2026-08-06 15:00,1829,21456,16800,0.001,tdx_local_catalog
snapshot-20260806T091453459470Z,2026-08-06,512160.XSHG,MSCI中国A股ETF南,XSHG,1,512160,sh512160,etf,716567,62,specetfdata.txt,catalog,available,True,True,True,True,True,2018-04-27,2026-08-06,2024-10-08 09:35,2026-08-06 15:00,2026-04-27 09:31,2026-08-06 15:00,2009,21456,16800,0.001,tdx_local_catalog
snapshot-20260806T091453459470Z,2026-08-06,512170.XSHG,医疗ETF华宝,XSHG,1,512170,sh512170,etf,399989,0,specetfdata.txt,catalog,available,True,True,True,True,True,2019-06-17,2026-08-06,2024-10-08 09:35,2026-08-06 15:00,2026-04-27 09:31,2026-08-06 15:00,1734,21456,16800,0.001,tdx_local_catalog
snapshot-20260806T091453459470Z,2026-08-06,512180.XSHG,MSCIA股ETF建信,XSHG,1,512180,sh512180,etf,716567,62,specetfdata.txt,catalog,available,True,True,True,True,True,2018-05-21,2026-08-06,2024-10-08 09:35,2026-08-06 15:00,2026-04-27 09:31,2026-08-06 15:00,1995,21456,16800,0.001,tdx_local_catalog
snapshot-20260806T091453459470Z,2026-08-06,512190.XSHG,浙商之江凤凰ETF,XSHG,1,512190,sh512190,etf,930758,62,specetfdata.txt,catalog,available,True,True,True,True,True,2019-09-09,2026-08-06,2024-10-08 09:35,2026-08-06 15:00,2026-04-27 09:31,2026-08-06 15:00,1674,21456,16800,0.001,tdx_local_catalog
snapshot-20260806T091453459470Z,2026-08-06,512200.XSHG,房地产ETF南方,XSHG,1,512200,sh512200,etf,931775,62,specetfdata.txt,catalog,available,True,True,True,True,True,2017-09-25,2026-08-06,2024-10-08 09:35,2026-08-06 15:00,2026-04-27 09:31,2026-08-06 15:00,2150,21456,16800,0.001,tdx_local_catalog
snapshot-20260806T091453459470Z,2026-08-06,512220.XSHG,TMTETF景顺,XSHG,1,512220,sh512220,etf,H30318,62,specetfdata.txt,catalog,available,True,True,True,True,True,2014-08-19,2026-08-06,2024-10-08 09:35,2026-08-06 15:00,2026-04-27 09:31,2026-08-06 15:00,2908,21456,16800,0.001,tdx_local_catalog
snapshot-20260806T091453459470Z,2026-08-06,512240.XSHG,A50ETF鹏华,XSHG,1,512240,sh512240,etf,930050,62,specetfdata.txt,catalog,available,True,True,True,True,True,2025-04-07,2026-08-06,2025-04-07 09:35,2026-08-06 15:00,2026-04-27 09:31,2026-08-06 15:00,326,15648,16800,0.001,tdx_local_catalog
snapshot-20260806T091453459470Z,2026-08-06,512250.XSHG,A50ETF招商,XSHG,1,512250,sh512250,etf,930050,62,specetfdata.txt,catalog,available,True,True,True,True,True,2025-04-14,2026-08-06,2025-04-14 09:35,2026-08-06 15:00,2026-04-27 09:31,2026-08-06 15:00,321,15408,16800,0.001,tdx_local_catalog
snapshot-20260806T091453459470Z,2026-08-06,512260.XSHG,中证500低波动ETF,XSHG,1,512260,sh512260,etf,930782,62,specetfdata.txt,catalog,available,True,True,True,True,True,2019-01-11,2026-08-06,2024-10-08 09:35,2026-08-06 15:00,2026-04-27 09:31,2026-08-06 15:00,1835,21456,16800,0.001,tdx_local_catalog
snapshot-20260806T091453459470Z,2026-08-06,512290.XSHG,生物医药ETF国泰,XSHG,1,512290,sh512290,etf,930726,62,specetfdata.txt,catalog,available,True,True,True,True,True,2019-05-20,2026-08-06,2024-10-08 09:35,2026-08-06 15:00,2026-04-27 09:31,2026-08-06 15:00,1753,21456,16800,0.001,tdx_local_catalog
snapshot-20260806T091453459470Z,2026-08-06,512330.XSHG,信息科技ETF南方,XSHG,1,512330,sh512330,etf,000858,1,specetfdata.txt,catalog,available,True,True,True,True,True,2015-07-20,2026-08-06,2024-10-08 09:35,2026-08-06 15:00,2026-04-27 09:31,2026-08-06 15:00,2685,21456,16800,0.001,tdx_local_catalog
snapshot-20260806T091453459470Z,2026-08-06,512360.XSHG,MSCIA股ETF平安,XSHG,1,512360,sh512360,etf,704843,62,specetfdata.txt,catalog,available,True,True,True,True,True,2018-07-20,2026-08-06,2024-10-08 09:35,2026-08-06 15:00,2026-04-27 09:31,2026-08-06 15:00,1952,21456,16800,0.001,tdx_local_catalog
snapshot-20260806T091453459470Z,2026-08-06,512370.XSHG,A500增强ETF华夏,XSHG,1,512370,sh512370,etf,000510,1,specetfdata.txt,catalog,available,True,True,True,True,True,2025-08-18,2026-08-06,2025-08-18 09:35,2026-08-06 15:00,2026-04-27 09:31,2026-08-06 15:00,235,11280,16800,0.001,tdx_local_catalog
snapshot-20260806T091453459470Z,2026-08-06,512380.XSHG,MSCI中国ETF银华,XSHG,1,512380,sh512380,etf,718711,12,specetfdata.txt,catalog,available,True,True,True,True,True,2019-04-30,2026-08-06,2024-10-08 09:35,2026-08-06 15:00,2026-04-27 09:31,2026-08-06 15:00,1764,21456,16800,0.001,tdx_local_catalog
snapshot-20260806T091453459470Z,2026-08-06,512390.XSHG,中国低波ETF平安,XSHG,1,512390,sh512390,etf,707918,12,specetfdata.txt,catalog,available,True,True,True,True,True,2018-07-13,2026-08-06,2024-10-08 09:35,2026-08-06 15:00,2026-04-27 09:31,2026-08-06 15:00,1957,21456,16800,0.001,tdx_local_catalog
snapshot-20260806T091453459470Z,2026-08-06,512400.XSHG,有色金属ETF南方,XSHG,1,512400,sh512400,etf,000819,1,specetfdata.txt,catalog,available,True,True,True,True,True,2017-09-01,2026-08-06,2024-10-08 09:35,2026-08-06 15:00,2026-04-27 09:31,2026-08-06 15:00,2166,21456,16800,0.001,tdx_local_catalog
snapshot-20260806T091453459470Z,2026-08-06,512410.XSHG,银行ETF广发,XSHG,1,512410,sh512410,etf,399986,0,specetfdata.txt,catalog,available,True,True,True,True,True,2026-07-08,2026-08-06,2026-07-08 09:35,2026-08-06 15:00,2026-07-08 09:31,2026-08-06 15:00,22,1056,5280,0.001,tdx_local_catalog
snapshot-20260806T091453459470Z,2026-08-06,512430.XSHG,家居家电ETF华泰,XSHG,1,512430,sh512430,etf,931241,62,specetfdata.txt,catalog,available,True,True,True,True,True,2026-04-30,2026-08-06,2026-04-30 09:35,2026-08-06 15:00,2026-04-30 09:31,2026-08-06 15:00,67,3216,16080,0.001,tdx_local_catalog
snapshot-20260806T091453459470Z,2026-08-06,512450.XSHG,畜牧养殖ETF广发,XSHG,1,512450,sh512450,etf,931946,62,specetfdata.txt,catalog,available,True,True,True,True,True,2026-04-01,2026-08-06,2026-04-01 09:35,2026-08-06 15:00,2026-04-27 09:31,2026-08-06 15:00,87,4176,16800,0.001,tdx_local_catalog
snapshot-20260806T091453459470Z,2026-08-06,512460.XSHG,电池ETF华夏,XSHG,1,512460,sh512460,etf,931719,62,specetfdata.txt,catalog,available,True,True,True,True,True,2026-03-20,2026-08-06,2026-03-20 09:35,2026-08-06 15:00,2026-04-27 09:31,2026-08-06 15:00,95,4560,16800,0.001,tdx_local_catalog
snapshot-20260806T091453459470Z,2026-08-06,512480.XSHG,半导体ETF国联安,XSHG,1,512480,sh512480,etf,H30184,62,specetfdata.txt,catalog,available,True,True,True,True,True,2019-06-12,2026-08-06,2024-10-08 09:35,2026-08-06 15:00,2026-04-27 09:31,2026-08-06 15:00,1737,21456,16800,0.001,tdx_local_catalog
snapshot-20260806T091453459470Z,2026-08-06,512500.XSHG,中证500ETF华夏,XSHG,1,512500,sh512500,etf,000905,1,specetfdata.txt,catalog,available,True,True,True,True,True,2015-05-29,2026-08-06,2024-10-08 09:35,2026-08-06 15:00,2026-04-27 09:31,2026-08-06 15:00,2720,21456,16800,0.001,tdx_local_catalog
snapshot-20260806T091453459470Z,2026-08-06,512510.XSHG,中证500ETF华泰柏,XSHG,1,512510,sh512510,etf,000905,1,specetfdata.txt,catalog,available,True,True,True,True,True,2015-06-12,2026-08-06,2024-10-08 09:35,2026-08-06 15:00,2026-04-27 09:31,2026-08-06 15:00,2710,21456,16800,0.001,tdx_local_catalog
snapshot-20260806T091453459470Z,2026-08-06,512520.XSHG,MSCI中国ETF华泰,XSHG,1,512520,sh512520,etf,716567,62,specetfdata.txt,catalog,available,True,True,True,True,True,2018-05-18,2026-08-06,2024-10-08 09:35,2026-08-06 15:00,2026-04-27 09:31,2026-08-06 15:00,1996,21456,16800,0.001,tdx_local_catalog
snapshot-20260806T091453459470Z,2026-08-06,512530.XSHG,沪深300红利ETF建,XSHG,1,512530,sh512530,etf,000821,62,specetfdata.txt,catalog,available,True,True,True,True,True,2019-09-23,2026-08-06,2024-10-08 09:35,2026-08-06 15:00,2026-04-27 09:31,2026-08-06 15:00,1665,21456,16800,0.001,tdx_local_catalog
snapshot-20260806T091453459470Z,2026-08-06,512550.XSHG,富时A50ETF嘉实,XSHG,1,512550,sh512550,etf,F_XIN9,12,specetfdata.txt,catalog,available,True,True,True,True,True,2017-08-07,2026-08-06,2024-10-08 09:35,2026-08-06 15:00,2026-04-27 09:31,2026-08-06 15:00,2185,21456,16800,0.001,tdx_local_catalog
snapshot-20260806T091453459470Z,2026-08-06,512560.XSHG,军工ETF易方达,XSHG,1,512560,sh512560,etf,399967,0,specetfdata.txt,catalog,available,True,True,True,True,True,2017-07-28,2026-08-06,2024-10-08 09:35,2026-08-06 15:00,2026-04-27 09:31,2026-08-06 15:00,2191,21456,16800,0.001,tdx_local_catalog
snapshot-20260806T091453459470Z,2026-08-06,512570.XSHG,证券ETF易方达,XSHG,1,512570,sh512570,etf,399975,0,specetfdata.txt,catalog,available,True,True,True,True,True,2017-08-11,2026-08-06,2024-10-08 09:35,2026-08-06 15:00,2026-04-27 09:31,2026-08-06 15:00,2181,21456,16800,0.001,tdx_local_catalog
snapshot-20260806T091453459470Z,2026-08-06,512580.XSHG,环保ETF广发,XSHG,1,512580,sh512580,etf,000827,1,specetfdata.txt,catalog,available,True,True,True,True,True,2017-02-28,2026-08-06,2024-10-08 09:35,2026-08-06 15:00,2026-04-27 09:31,2026-08-06 15:00,2294,21456,16800,0.001,tdx_local_catalog
snapshot-20260806T091453459470Z,2026-08-06,512600.XSHG,消费ETF嘉实,XSHG,1,512600,sh512600,etf,000932,1,specetfdata.txt,catalog,available,True,True,True,True,True,2014-07-25,2026-08-06,2024-10-08 09:35,2026-08-06 15:00,2026-04-27 09:31,2026-08-06 15:00,2925,21456,16800,0.001,tdx_local_catalog
snapshot-20260806T091453459470Z,2026-08-06,512620.XSHG,农业ETF天弘,XSHG,1,512620,sh512620,etf,000949,62,specetfdata.txt,catalog,available,True,True,True,True,True,2025-11-21,2026-08-06,2025-11-21 09:35,2026-08-06 15:00,2026-04-27 09:31,2026-08-06 15:00,172,8256,16800,0.001,tdx_local_catalog
snapshot-20260806T091453459470Z,2026-08-06,512630.XSHG,卫星ETF广发,XSHG,1,512630,sh512630,etf,931594,62,specetfdata.txt,catalog,available,True,True,True,True,True,2025-10-22,2026-08-06,2025-10-22 09:35,2026-08-06 15:00,2026-04-27 09:31,2026-08-06 15:00,194,9312,16800,0.001,tdx_local_catalog
snapshot-20260806T091453459470Z,2026-08-06,512640.XSHG,金融地产ETF嘉实,XSHG,1,512640,sh512640,etf,000934,1,specetfdata.txt,catalog,available,True,True,True,True,True,2014-07-25,2026-08-06,2024-10-08 09:35,2026-08-06 15:00,2026-04-27 09:31,2026-08-06 15:00,2925,21456,16800,0.001,tdx_local_catalog
snapshot-20260806T091453459470Z,2026-08-06,512650.XSHG,长三角ETF汇添富,XSHG,1,512650,sh512650,etf,931141,62,specetfdata.txt,catalog,available,True,True,True,True,True,2019-10-25,2026-08-06,2024-10-08 09:35,2026-08-06 15:00,2026-04-27 09:31,2026-08-06 15:00,1646,21456,16800,0.001,tdx_local_catalog
snapshot-20260806T091453459470Z,2026-08-06,512660.XSHG,军工ETF国泰,XSHG,1,512660,sh512660,etf,399967,0,specetfdata.txt,catalog,available,True,True,True,True,True,2016-08-08,2026-08-06,2024-10-08 09:35,2026-08-06 15:00,2026-04-27 09:31,2026-08-06 15:00,2427,21456,16800,0.001,tdx_local_catalog
snapshot-20260806T091453459470Z,2026-08-06,512670.XSHG,国防ETF鹏华,XSHG,1,512670,sh512670,etf,399973,0,specetfdata.txt,catalog,available,True,True,True,True,True,2019-08-01,2026-08-06,2024-10-08 09:35,2026-08-06 15:00,2026-04-27 09:31,2026-08-06 15:00,1701,21456,16800,0.001,tdx_local_catalog
snapshot-20260806T091453459470Z,2026-08-06,512680.XSHG,军工ETF广发,XSHG,1,512680,sh512680,etf,399967,0,specetfdata.txt,catalog,available,True,True,True,True,True,2016-10-14,2026-08-06,2024-10-08 09:35,2026-08-06 15:00,2026-04-27 09:31,2026-08-06 15:00,2385,21456,16800,0.001,tdx_local_catalog
snapshot-20260806T091453459470Z,2026-08-06,512690.XSHG,酒ETF鹏华,XSHG,1,512690,sh512690,etf,399987,0,specetfdata.txt,catalog,available,True,True,True,True,True,2019-05-06,2026-08-06,2024-10-08 09:35,2026-08-06 15:00,2026-04-27 09:31,2026-08-06 15:00,1763,21456,16800,0.001,tdx_local_catalog
snapshot-20260806T091453459470Z,2026-08-06,512700.XSHG,银行ETF南方,XSHG,1,512700,sh512700,etf,399986,0,specetfdata.txt,catalog,available,True,True,True,True,True,2017-07-26,2026-08-06,2024-10-08 09:35,2026-08-06 15:00,2026-04-27 09:31,2026-08-06 15:00,2193,21456,16800,0.001,tdx_local_catalog
snapshot-20260806T091453459470Z,2026-08-06,512710.XSHG,军工龙头ETF富国,XSHG,1,512710,sh512710,etf,931066,62,specetfdata.txt,catalog,available,True,True,True,True,True,2019-08-26,2026-08-06,2024-10-08 09:35,2026-08-06 15:00,2026-04-27 09:31,2026-08-06 15:00,1684,21456,16800,0.001,tdx_local_catalog
snapshot-20260806T091453459470Z,2026-08-06,512720.XSHG,计算机ETF国泰,XSHG,1,512720,sh512720,etf,930651,62,specetfdata.txt,catalog,available,True,True,True,True,True,2019-08-16,2026-08-06,2024-10-08 09:35,2026-08-06 15:00,2026-04-27 09:31,2026-08-06 15:00,1690,21456,16800,0.001,tdx_local_catalog
snapshot-20260806T091453459470Z,2026-08-06,512730.XSHG,银行ETF鹏华,XSHG,1,512730,sh512730,etf,399986,0,specetfdata.txt,catalog,available,True,True,True,True,True,2020-02-07,2026-08-06,2024-10-08 09:35,2026-08-06 15:00,2026-04-27 09:31,2026-08-06 15:00,1578,21456,16800,0.001,tdx_local_catalog
snapshot-20260806T091453459470Z,2026-08-06,512750.XSHG,基本面50ETF嘉实,XSHG,1,512750,sh512750,etf,000925,62,specetfdata.txt,catalog,available,True,True,True,True,True,2019-07-05,2026-08-06,2024-10-08 09:35,2026-08-06 15:00,2026-04-27 09:31,2026-08-06 15:00,1720,21456,16800,0.001,tdx_local_catalog
snapshot-20260806T091453459470Z,2026-08-06,512760.XSHG,芯片ETF国泰,XSHG,1,512760,sh512760,etf,990001,62,specetfdata.txt,catalog,available,True,True,True,True,True,2019-06-12,2026-08-06,2024-10-08 09:35,2026-08-06 15:00,2026-04-27 09:31,2026-08-06 15:00,1737,21456,16800,0.001,tdx_local_catalog
snapshot-20260806T091453459470Z,2026-08-06,512770.XSHG,战略新兴ETF华夏,XSHG,1,512770,sh512770,etf,000171,62,specetfdata.txt,catalog,available,True,True,True,True,True,2018-08-16,2026-08-06,2024-10-08 09:35,2026-08-06 15:00,2026-04-27 09:31,2026-08-06 15:00,1933,21456,16800,0.001,tdx_local_catalog
snapshot-20260806T091453459470Z,2026-08-06,512800.XSHG,银行ETF华宝,XSHG,1,512800,sh512800,etf,399986,0,specetfdata.txt,catalog,available,True,True,True,True,True,2017-08-03,2026-08-06,2024-10-08 09:35,2026-08-06 15:00,2026-04-27 09:31,2026-08-06 15:00,2187,21456,16800,0.001,tdx_local_catalog
snapshot-20260806T091453459470Z,2026-08-06,512810.XSHG,军工ETF华宝,XSHG,1,512810,sh512810,etf,399967,0,specetfdata.txt,catalog,available,True,True,True,True,True,2016-08-22,2026-08-06,2024-10-08 09:35,2026-08-06 15:00,2026-04-27 09:31,2026-08-06 15:00,2417,21456,16800,0.001,tdx_local_catalog
snapshot-20260806T091453459470Z,2026-08-06,512820.XSHG,银行ETF汇添富,XSHG,1,512820,sh512820,etf,399986,0,specetfdata.txt,catalog,available,True,True,True,True,True,2018-11-23,2026-08-06,2024-10-08 09:35,2026-08-06 15:00,2026-04-27 09:31,2026-08-06 15:00,1868,21456,16800,0.001,tdx_local_catalog
snapshot-20260806T091453459470Z,2026-08-06,512870.XSHG,杭州湾区ETF南华,XSHG,1,512870,sh512870,etf,931033,62,specetfdata.txt,catalog,available,True,True,True,True,True,2019-02-22,2026-08-06,2024-10-08 09:35,2026-08-06 15:00,2026-04-27 09:31,2026-08-06 15:00,1810,21456,16800,0.001,tdx_local_catalog
snapshot-20260806T091453459470Z,2026-08-06,512880.XSHG,证券ETF国泰,XSHG,1,512880,sh512880,etf,399975,0,specetfdata.txt,catalog,available,True,True,True,True,True,2016-08-08,2026-08-06,2024-10-08 09:35,2026-08-06 15:00,2026-04-27 09:31,2026-08-06 15:00,2427,21456,16800,0.001,tdx_local_catalog
snapshot-20260806T091453459470Z,2026-08-06,512890.XSHG,红利低波ETF华泰,XSHG,1,512890,sh512890,etf,H30269,62,specetfdata.txt,catalog,available,True,True,True,True,True,2019-01-18,2026-08-06,2024-10-08 09:35,2026-08-06 15:00,2026-04-27 09:31,2026-08-06 15:00,1830,21456,16800,0.001,tdx_local_catalog
snapshot-20260806T091453459470Z,2026-08-06,512900.XSHG,证券ETF南方,XSHG,1,512900,sh512900,etf,399975,0,specetfdata.txt,catalog,available,True,True,True,True,True,2017-03-31,2026-08-06,2024-10-08 09:35,2026-08-06 15:00,2026-04-27 09:31,2026-08-06 15:00,2271,21456,16800,0.001,tdx_local_catalog
snapshot-20260806T091453459470Z,2026-08-06,512910.XSHG,A100ETF广发,XSHG,1,512910,sh512910,etf,000903,1,specetfdata.txt,catalog,available,True,True,True,True,True,2019-07-01,2026-08-06,2024-10-08 09:35,2026-08-06 15:00,2026-04-27 09:31,2026-08-06 15:00,1724,21456,16800,0.001,tdx_local_catalog
snapshot-20260806T091453459470Z,2026-08-06,512930.XSHG,AI人工智能ETF平,XSHG,1,512930,sh512930,etf,930713,62,specetfdata.txt,catalog,available,True,True,True,True,True,2019-08-23,2026-08-06,2024-10-08 09:35,2026-08-06 15:00,2026-04-27 09:31,2026-08-06 15:00,1685,21456,16800,0.001,tdx_local_catalog
snapshot-20260806T091453459470Z,2026-08-06,512940.XSHG,有色ETF华安,XSHG,1,512940,sh512940,etf,931892,62,specetfdata.txt,catalog,available,True,True,True,True,True,2026-02-26,2026-08-06,2026-02-26 09:35,2026-08-06 15:00,2026-04-27 09:31,2026-08-06 15:00,111,5328,16800,0.001,tdx_local_catalog
snapshot-20260806T091453459470Z,2026-08-06,512950.XSHG,央企改革ETF华夏,XSHG,1,512950,sh512950,etf,000860,1,specetfdata.txt,catalog,available,True,True,True,True,True,2019-01-18,2026-08-06,2024-10-08 09:35,2026-08-06 15:00,2026-04-27 09:31,2026-08-06 15:00,1830,21456,16800,0.001,tdx_local_catalog
snapshot-20260806T091453459470Z,2026-08-06,512960.XSHG,央企结构调整ETF,XSHG,1,512960,sh512960,etf,000860,1,specetfdata.txt,catalog,available,True,True,True,True,True,2019-01-18,2026-08-06,2024-10-08 09:35,2026-08-06 15:00,2026-04-27 09:31,2026-08-06 15:00,1830,21456,16800,0.001,tdx_local_catalog
snapshot-20260806T091453459470Z,2026-08-06,512970.XSHG,大湾区ETF平安,XSHG,1,512970,sh512970,etf,931000,62,specetfdata.txt,catalog,available,True,True,True,True,True,2019-11-11,2026-08-06,2024-10-08 09:35,2026-08-06 15:00,2026-04-27 09:31,2026-08-06 15:00,1635,21456,16800,0.001,tdx_local_catalog
snapshot-20260806T091453459470Z,2026-08-06,512980.XSHG,传媒ETF广发,XSHG,1,512980,sh512980,etf,399971,0,specetfdata.txt,catalog,available,True,True,True,True,True,2018-01-19,2026-08-06,2024-10-08 09:35,2026-08-06 15:00,2026-04-27 09:31,2026-08-06 15:00,2072,21456,16800,0.001,tdx_local_catalog
snapshot-20260806T091453459470Z,2026-08-06,512990.XSHG,MSCIA股ETF华夏,XSHG,1,512990,sh512990,etf,716567,62,specetfdata.txt,catalog,available,True,True,True,True,True,2015-03-25,2026-08-06,2024-10-08 09:35,2026-08-06 15:00,2026-04-27 09:31,2026-08-06 15:00,2765,21456,16800,0.001,tdx_local_catalog
snapshot-20260806T091453459470Z,2026-08-06,513000.XSHG,日经225ETF易方达,XSHG,1,513000,sh513000,etf,N225,12,specetfdata.txt,catalog,available,True,True,True,True,True,2019-06-25,2026-08-06,2024-10-08 09:35,2026-08-06 15:00,2026-04-27 09:31,2026-08-06 15:00,1728,21456,16800,0.001,tdx_local_catalog
snapshot-20260806T091453459470Z,2026-08-06,513010.XSHG,恒生科技ETF易方,XSHG,1,513010,sh513010,etf,HZ5017,27,specetfdata.txt,catalog,available,True,True,True,True,True,2021-05-25,2026-08-06,2024-10-08 09:35,2026-08-06 15:00,2026-04-27 09:31,2026-08-06 15:00,1263,21456,16800,0.001,tdx_local_catalog
snapshot-20260806T091453459470Z,2026-08-06,513020.XSHG,港股科技ETF国泰,XSHG,1,513020,sh513020,etf,931573CNY00,62,specetfdata.txt,catalog,available,True,True,True,True,True,2022-02-08,2026-08-06,2024-10-08 09:35,2026-08-06 15:00,2026-04-27 09:31,2026-08-06 15:00,1092,21456,16800,0.001,tdx_local_catalog
snapshot-20260806T091453459470Z,2026-08-06,513030.XSHG,德国ETF华安,XSHG,1,513030,sh513030,etf,GDAXI,12,specetfdata.txt,catalog,available,True,True,True,True,True,2014-09-05,2026-08-06,2024-10-08 09:35,2026-08-06 15:00,2026-04-27 09:31,2026-08-06 15:00,2895,21456,16800,0.001,tdx_local_catalog
snapshot-20260806T091453459470Z,2026-08-06,513040.XSHG,港股通互联网ETF,XSHG,1,513040,sh513040,etf,931637,62,specetfdata.txt,catalog,available,True,True,True,True,True,2023-06-12,2026-08-06,2024-10-08 09:35,2026-08-06 15:00,2026-04-27 09:31,2026-08-06 15:00,765,21456,16800,0.001,tdx_local_catalog
snapshot-20260806T091453459470Z,2026-08-06,513050.XSHG,中概互联网ETF易,XSHG,1,513050,sh513050,etf,H30533,62,specetfdata.txt,catalog,available,True,True,True,True,True,2017-01-18,2026-08-06,2024-10-08 09:35,2026-08-06 15:00,2026-04-27 09:31,2026-08-06 15:00,2318,21456,16800,0.001,tdx_local_catalog
snapshot-20260806T091453459470Z,2026-08-06,513060.XSHG,恒生医疗ETF博时,XSHG,1,513060,sh513060,etf,HZ5313,27,specetfdata.txt,catalog,available,True,True,True,True,True,2021-03-29,2026-08-06,2024-10-08 09:35,2026-08-06 15:00,2026-04-27 09:31,2026-08-06 15:00,1300,21456,16800,0.001,tdx_local_catalog
snapshot-20260806T091453459470Z,2026-08-06,513070.XSHG,港股通消费ETF易,XSHG,1,513070,sh513070,etf,931455,62,specetfdata.txt,catalog,available,True,True,True,True,True,2022-03-24,2026-08-06,2024-10-08 09:35,2026-08-06 15:00,2026-04-27 09:31,2026-08-06 15:00,1060,21456,16800,0.001,tdx_local_catalog
snapshot-20260806T091453459470Z,2026-08-06,513080.XSHG,法国ETF华安,XSHG,1,513080,sh513080,etf,FCHI,12,specetfdata.txt,catalog,available,True,True,True,True,True,2020-06-12,2026-08-06,2024-10-08 09:35,2026-08-06 15:00,2026-04-27 09:31,2026-08-06 15:00,1492,21456,16800,0.001,tdx_local_catalog
snapshot-20260806T091453459470Z,2026-08-06,513090.XSHG,香港证券ETF易方,XSHG,1,513090,sh513090,etf,930709,62,specetfdata.txt,catalog,available,True,True,True,True,True,2020-03-26,2026-08-06,2024-10-08 09:35,2026-08-06 15:00,2026-04-27 09:31,2026-08-06 15:00,1544,21456,16800,0.001,tdx_local_catalog
snapshot-20260806T091453459470Z,2026-08-06,513100.XSHG,纳指ETF国泰,XSHG,1,513100,sh513100,etf,NDX,12,specetfdata.txt,catalog,available,True,True,True,True,True,2013-05-15,2026-08-06,2024-10-08 09:35,2026-08-06 15:00,2026-04-27 09:31,2026-08-06 15:00,3217,21456,16800,0.001,tdx_local_catalog
snapshot-20260806T091453459470Z,2026-08-06,513110.XSHG,纳指ETF华泰柏瑞,XSHG,1,513110,sh513110,etf,NDX,12,specetfdata.txt,catalog,available,True,True,True,True,True,2023-03-20,2026-08-06,2024-10-08 09:35,2026-08-06 15:00,2026-04-27 09:31,2026-08-06 15:00,821,21456,16800,0.001,tdx_local_catalog
snapshot-20260806T091453459470Z,2026-08-06,513120.XSHG,港股创新药ETF广,XSHG,1,513120,sh513120,etf,931787,62,specetfdata.txt,catalog,available,True,True,True,True,True,2022-07-12,2026-08-06,2024-10-08 09:35,2026-08-06 15:00,2026-04-27 09:31,2026-08-06 15:00,988,21456,16800,0.001,tdx_local_catalog
snapshot-20260806T091453459470Z,2026-08-06,513130.XSHG,恒生科技ETF华泰,XSHG,1,513130,sh513130,etf,HZ5017,27,specetfdata.txt,catalog,available,True,True,True,True,True,2021-06-01,2026-08-06,2024-10-08 09:35,2026-08-06 15:00,2026-04-27 09:31,2026-08-06 15:00,1258,21456,16800,0.001,tdx_local_catalog
snapshot-20260806T091453459470Z,2026-08-06,513140.XSHG,港股通金融ETF华,XSHG,1,513140,sh513140,etf,H30106,62,specetfdata.txt,catalog,available,True,True,True,True,True,2023-01-12,2026-08-06,2024-10-08 09:35,2026-08-06 15:00,2026-04-27 09:31,2026-08-06 15:00,863,21456,16800,0.001,tdx_local_catalog
snapshot-20260806T091453459470Z,2026-08-06,513150.XSHG,港股通科技ETF华,XSHG,1,513150,sh513150,etf,931573,62,specetfdata.txt,catalog,available,True,True,True,True,True,2022-02-11,2026-08-06,2024-10-08 09:35,2026-08-06 15:00,2026-04-27 09:31,2026-08-06 15:00,1089,21456,16800,0.001,tdx_local_catalog
snapshot-20260806T091453459470Z,2026-08-06,513160.XSHG,港股科技ETF银华,XSHG,1,513160,sh513160,etf,HZ5368,27,specetfdata.txt,catalog,available,True,True,True,True,True,2022-02-09,2026-08-06,2024-10-08 09:35,2026-08-06 15:00,2026-04-27 09:31,2026-08-06 15:00,1091,21456,16800,0.001,tdx_local_catalog
snapshot-20260806T091453459470Z,2026-08-06,513170.XSHG,恒生央企ETF鹏华,XSHG,1,513170,sh513170,etf,HZ5486,27,specetfdata.txt,catalog,available,True,True,True,True,True,2024-04-19,2026-08-06,2024-10-08 09:35,2026-08-06 15:00,2026-04-27 09:31,2026-08-06 15:00,558,21456,16800,0.001,tdx_local_catalog
snapshot-20260806T091453459470Z,2026-08-06,513180.XSHG,恒生科技ETF华夏,XSHG,1,513180,sh513180,etf,HZ5017,27,specetfdata.txt,catalog,available,True,True,True,True,True,2021-05-25,2026-08-06,2024-10-08 09:35,2026-08-06 15:00,2026-04-27 09:31,2026-08-06 15:00,1263,21456,16800,0.001,tdx_local_catalog
snapshot-20260806T091453459470Z,2026-08-06,513190.XSHG,港股通金融ETF华,XSHG,1,513190,sh513190,etf,H11146,62,specetfdata.txt,catalog,available,True,True,True,True,True,2023-10-11,2026-08-06,2024-10-08 09:35,2026-08-06 15:00,2026-04-27 09:31,2026-08-06 15:00,686,21456,16800,0.001,tdx_local_catalog
snapshot-20260806T091453459470Z,2026-08-06,513200.XSHG,港股通医药ETF易,XSHG,1,513200,sh513200,etf,930965,62,specetfdata.txt,catalog,available,True,True,True,True,True,2022-02-11,2026-08-06,2024-10-08 09:35,2026-08-06 15:00,2026-04-27 09:31,2026-08-06 15:00,1089,21456,16800,0.001,tdx_local_catalog
snapshot-20260806T091453459470Z,2026-08-06,513210.XSHG,恒生ETF易方达,XSHG,1,513210,sh513210,etf,HSI,27,specetfdata.txt,catalog,available,True,True,True,True,True,2024-04-22,2026-08-06,2024-10-08 09:35,2026-08-06 15:00,2026-04-27 09:31,2026-08-06 15:00,557,21456,16800,0.001,tdx_local_catalog
snapshot-20260806T091453459470Z,2026-08-06,513220.XSHG,中概互联ETF招商,XSHG,1,513220,sh513220,etf,930796,62,specetfdata.txt,catalog,available,True,True,True,True,True,2022-07-15,2026-08-06,2024-10-08 09:35,2026-08-06 15:00,2026-04-27 09:31,2026-08-06 15:00,985,21456,16800,0.001,tdx_local_catalog
snapshot-20260806T091453459470Z,2026-08-06,513230.XSHG,港股通消费ETF华,XSHG,1,513230,sh513230,etf,931455,62,specetfdata.txt,catalog,available,True,True,True,True,True,2022-01-24,2026-08-06,2024-10-08 09:35,2026-08-06 15:00,2026-04-27 09:31,2026-08-06 15:00,1098,21456,16800,0.001,tdx_local_catalog
snapshot-20260806T091453459470Z,2026-08-06,513240.XSHG,港股通信息技术ET,XSHG,1,513240,sh513240,etf,930967,62,specetfdata.txt,catalog,available,True,True,True,True,True,2026-05-08,2026-08-06,2026-05-08 09:35,2026-08-06 15:00,2026-05-08 09:31,2026-08-06 15:00,64,3072,15360,0.001,tdx_local_catalog
snapshot-20260806T091453459470Z,2026-08-06,513260.XSHG,恒生科技ETF汇添,XSHG,1,513260,sh513260,etf,HZ5017,27,specetfdata.txt,catalog,available,True,True,True,True,True,2022-09-13,2026-08-06,2024-10-08 09:35,2026-08-06 15:00,2026-04-27 09:31,2026-08-06 15:00,944,21456,16800,0.001,tdx_local_catalog
snapshot-20260806T091453459470Z,2026-08-06,513280.XSHG,恒生生物科技ETF,XSHG,1,513280,sh513280,etf,HZ5366,27,specetfdata.txt,catalog,available,True,True,True,True,True,2022-07-18,2026-08-06,2024-10-08 09:35,2026-08-06 15:00,2026-04-27 09:31,2026-08-06 15:00,984,21456,16800,0.001,tdx_local_catalog
snapshot-20260806T091453459470Z,2026-08-06,513290.XSHG,纳指生物科技ETF,XSHG,1,513290,sh513290,etf,NBI,12,specetfdata.txt,catalog,available,True,True,True,True,True,2022-08-29,2026-08-06,2024-10-08 09:35,2026-08-06 15:00,2026-04-27 09:31,2026-08-06 15:00,954,21456,16800,0.001,tdx_local_catalog
snapshot-20260806T091453459470Z,2026-08-06,513300.XSHG,纳斯达克ETF华夏,XSHG,1,513300,sh513300,etf,NDX,12,specetfdata.txt,catalog,available,True,True,True,True,True,2020-11-05,2026-08-06,2024-10-08 09:35,2026-08-06 15:00,2026-04-27 09:31,2026-08-06 15:00,1396,21456,16800,0.001,tdx_local_catalog
snapshot-20260806T091453459470Z,2026-08-06,513310.XSHG,中韩半导体ETF华,XSHG,1,513310,sh513310,etf,931790,62,specetfdata.txt,catalog,available,True,True,True,True,True,2022-12-22,2026-08-06,2024-10-08 09:35,2026-08-06 15:00,2026-04-27 09:31,2026-08-06 15:00,877,21456,16800,0.001,tdx_local_catalog
snapshot-20260806T091453459470Z,2026-08-06,513320.XSHG,港股通新经济ETF,XSHG,1,513320,sh513320,etf,HZ5330,27,specetfdata.txt,catalog,available,True,True,True,True,True,2022-03-21,2026-08-06,2024-10-08 09:35,2026-08-06 15:00,2026-04-27 09:31,2026-08-06 15:00,1063,21456,16800,0.001,tdx_local_catalog
snapshot-20260806T091453459470Z,2026-08-06,513330.XSHG,恒生互联网ETF华,XSHG,1,513330,sh513330,etf,HZ5312,27,specetfdata.txt,catalog,available,True,True,True,True,True,2021-02-08,2026-08-06,2024-10-08 09:35,2026-08-06 15:00,2026-04-27 09:31,2026-08-06 15:00,1330,21456,16800,0.001,tdx_local_catalog
snapshot-20260806T091453459470Z,2026-08-06,513350.XSHG,标普油气ETF富国,XSHG,1,513350,sh513350,etf,SPSIOPTR,12,specetfdata.txt,catalog,available,True,True,True,True,True,2023-11-28,2026-08-06,2024-10-08 09:35,2026-08-06 15:00,2026-04-27 09:31,2026-08-06 15:00,652,21456,16800,0.001,tdx_local_catalog
snapshot-20260806T091453459470Z,2026-08-06,513360.XSHG,教育ETF博时,XSHG,1,513360,sh513360,etf,931456,62,specetfdata.txt,catalog,available,True,True,True,True,True,2021-06-17,2026-08-06,2024-10-08 09:35,2026-08-06 15:00,2026-04-27 09:31,2026-08-06 15:00,1247,21456,16800,0.001,tdx_local_catalog
snapshot-20260806T091453459470Z,2026-08-06,513380.XSHG,恒生科技ETF广发,XSHG,1,513380,sh513380,etf,HZ5017,27,specetfdata.txt,catalog,available,True,True,True,True,True,2022-05-12,2026-08-06,2024-10-08 09:35,2026-08-06 15:00,2026-04-27 09:31,2026-08-06 15:00,1030,21456,16800,0.001,tdx_local_catalog
snapshot-20260806T091453459470Z,2026-08-06,513390.XSHG,纳指100ETF博时,XSHG,1,513390,sh513390,etf,NDX,12,specetfdata.txt,catalog,available,True,True,True,True,True,2023-05-08,2026-08-06,2024-10-08 09:35,2026-08-06 15:00,2026-04-27 09:31,2026-08-06 15:00,790,21456,16800,0.001,tdx_local_catalog
snapshot-20260806T091453459470Z,2026-08-06,513400.XSHG,道琼斯ETF鹏华,XSHG,1,513400,sh513400,etf,DJIA,12,specetfdata.txt,catalog,available,True,True,True,True,True,2024-02-02,2026-08-06,2024-10-08 09:35,2026-08-06 15:00,2026-04-27 09:31,2026-08-06 15:00,605,21456,16800,0.001,tdx_local_catalog
snapshot-20260806T091453459470Z,2026-08-06,513500.XSHG,标普500ETF博时,XSHG,1,513500,sh513500,etf,A_SPX,12,specetfdata.txt,catalog,available,True,True,True,True,True,2014-01-15,2026-08-06,2024-10-08 09:35,2026-08-06 15:00,2026-04-27 09:31,2026-08-06 15:00,3053,21456,16800,0.001,tdx_local_catalog
snapshot-20260806T091453459470Z,2026-08-06,513520.XSHG,日经ETF华夏,XSHG,1,513520,sh513520,etf,N225,12,specetfdata.txt,catalog,available,True,True,True,True,True,2019-06-25,2026-08-06,2024-10-08 09:35,2026-08-06 15:00,2026-04-27 09:31,2026-08-06 15:00,1728,21456,16800,0.001,tdx_local_catalog
snapshot-20260806T091453459470Z,2026-08-06,513530.XSHG,港股通红利ETF华,XSHG,1,513530,sh513530,etf,930914,62,specetfdata.txt,catalog,available,True,True,True,True,True,2022-04-25,2026-08-06,2024-10-08 09:35,2026-08-06 15:00,2026-04-27 09:31,2026-08-06 15:00,1040,21456,16800,0.001,tdx_local_catalog
snapshot-20260806T091453459470Z,2026-08-06,513550.XSHG,港股通50ETF华泰,XSHG,1,513550,sh513550,etf,930931,62,specetfdata.txt,catalog,available,True,True,True,True,True,2021-01-13,2026-08-06,2024-10-08 09:35,2026-08-06 15:00,2026-04-27 09:31,2026-08-06 15:00,1348,21456,16800,0.001,tdx_local_catalog
snapshot-20260806T091453459470Z,2026-08-06,513560.XSHG,香港科技ETF兴银,XSHG,1,513560,sh513560,etf,931573,62,specetfdata.txt,catalog,available,True,True,True,True,True,2023-02-13,2026-08-06,2024-10-08 09:35,2026-08-06 15:00,2026-04-27 09:31,2026-08-06 15:00,846,21456,16800,0.001,tdx_local_catalog
snapshot-20260806T091453459470Z,2026-08-06,513580.XSHG,恒生科技ETF华安,XSHG,1,513580,sh513580,etf,HZ5017,27,specetfdata.txt,catalog,available,True,True,True,True,True,2021-05-27,2026-08-06,2024-10-08 09:35,2026-08-06 15:00,2026-04-27 09:31,2026-08-06 15:00,1261,21456,16800,0.001,tdx_local_catalog
snapshot-20260806T091453459470Z,2026-08-06,513590.XSHG,港股通消费ETF鹏,XSHG,1,513590,sh513590,etf,931455,62,specetfdata.txt,catalog,available,True,True,True,True,True,2021-08-19,2026-08-06,2024-10-08 09:35,2026-08-06 15:00,2026-04-27 09:31,2026-08-06 15:00,1202,21456,16800,0.001,tdx_local_catalog
snapshot-20260806T091453459470Z,2026-08-06,513600.XSHG,恒生指数ETF南方,XSHG,1,513600,sh513600,etf,HSI,27,specetfdata.txt,catalog,available,True,True,True,True,True,2015-01-26,2026-08-06,2024-10-08 09:35,2026-08-06 15:00,2026-04-27 09:31,2026-08-06 15:00,2802,21456,16800,0.001,tdx_local_catalog
snapshot-20260806T091453459470Z,2026-08-06,513620.XSHG,港股医疗ETF银华,XSHG,1,513620,sh513620,etf,932069,62,specetfdata.txt,catalog,available,True,True,True,True,True,2026-05-18,2026-08-06,2026-05-18 09:35,2026-08-06 15:00,2026-05-18 09:31,2026-08-06 15:00,58,2784,13920,0.001,tdx_local_catalog
snapshot-20260806T091453459470Z,2026-08-06,513630.XSHG,港股低波红利ETF,XSHG,1,513630,sh513630,etf,SPAHLVCP,12,specetfdata.txt,catalog,available,True,True,True,True,True,2023-12-08,2026-08-06,2024-10-08 09:35,2026-08-06 15:00,2026-04-27 09:31,2026-08-06 15:00,644,21456,16800,0.001,tdx_local_catalog
snapshot-20260806T091453459470Z,2026-08-06,513650.XSHG,标普500ETF南方,XSHG,1,513650,sh513650,etf,A_SPX,12,specetfdata.txt,catalog,available,True,True,True,True,True,2023-04-04,2026-08-06,2024-10-08 09:35,2026-08-06 15:00,2026-04-27 09:31,2026-08-06 15:00,810,21456,16800,0.001,tdx_local_catalog
snapshot-20260806T091453459470Z,2026-08-06,513660.XSHG,恒生ETF华夏,XSHG,1,513660,sh513660,etf,HSI,27,specetfdata.txt,catalog,available,True,True,True,True,True,2015-01-26,2026-08-06,2024-10-08 09:35,2026-08-06 15:00,2026-04-27 09:31,2026-08-06 15:00,2802,21456,16800,0.001,tdx_local_catalog
snapshot-20260806T091453459470Z,2026-08-06,513690.XSHG,港股红利ETF博时,XSHG,1,513690,sh513690,etf,HZ5361,27,specetfdata.txt,catalog,available,True,True,True,True,True,2021-05-20,2026-08-06,2024-10-08 09:35,2026-08-06 15:00,2026-04-27 09:31,2026-08-06 15:00,1266,21456,16800,0.001,tdx_local_catalog
snapshot-20260806T091453459470Z,2026-08-06,513700.XSHG,港股通医药ETF鹏,XSHG,1,513700,sh513700,etf,930975,62,specetfdata.txt,catalog,available,True,True,True,True,True,2021-08-06,2026-08-06,2024-10-08 09:35,2026-08-06 15:00,2026-04-27 09:31,2026-08-06 15:00,1211,21456,16800,0.001,tdx_local_catalog
snapshot-20260806T091453459470Z,2026-08-06,513720.XSHG,港股互联网ETF国,XSHG,1,513720,sh513720,etf,931637,62,specetfdata.txt,catalog,available,True,True,True,True,True,2026-01-09,2026-08-06,2026-01-09 09:35,2026-08-06 15:00,2026-04-27 09:31,2026-08-06 15:00,139,6672,16800,0.001,tdx_local_catalog
snapshot-20260806T091453459470Z,2026-08-06,513730.XSHG,东南亚科技ETF华,XSHG,1,513730,sh513730,etf,ASIATECP,12,specetfdata.txt,catalog,available,True,True,True,True,True,2023-12-01,2026-08-06,2024-10-08 09:35,2026-08-06 15:00,2026-04-27 09:31,2026-08-06 15:00,649,21456,16800,0.001,tdx_local_catalog
snapshot-20260806T091453459470Z,2026-08-06,513750.XSHG,港股通非银ETF广,XSHG,1,513750,sh513750,etf,931024,62,specetfdata.txt,catalog,available,True,True,True,True,True,2023-11-27,2026-08-06,2024-10-08 09:35,2026-08-06 15:00,2026-04-27 09:31,2026-08-06 15:00,653,21456,16800,0.001,tdx_local_catalog
snapshot-20260806T091453459470Z,2026-08-06,513770.XSHG,港股互联网ETF华,XSHG,1,513770,sh513770,etf,931637,62,specetfdata.txt,catalog,available,True,True,True,True,True,2022-02-18,2026-08-06,2024-10-08 09:35,2026-08-06 15:00,2026-04-27 09:31,2026-08-06 15:00,1084,21456,16800,0.001,tdx_local_catalog
snapshot-20260806T091453459470Z,2026-08-06,513780.XSHG,港股创新药ETF景,XSHG,1,513780,sh513780,etf,931250,62,specetfdata.txt,catalog,available,True,True,True,True,True,2024-10-25,2026-08-06,2024-10-25 09:35,2026-08-06 15:00,2026-04-27 09:31,2026-08-06 15:00,434,20832,16800,0.001,tdx_local_catalog
snapshot-20260806T091453459470Z,2026-08-06,513800.XSHG,日本东证指数ETF,XSHG,1,513800,sh513800,etf,TPX,12,specetfdata.txt,catalog,available,True,True,True,True,True,2019-06-25,2026-08-06,2024-10-08 09:35,2026-08-06 15:00,2026-04-27 09:31,2026-08-06 15:00,1728,21456,16800,0.001,tdx_local_catalog
snapshot-20260806T091453459470Z,2026-08-06,513810.XSHG,港股国企ETF华夏,XSHG,1,513810,sh513810,etf,H11153,62,specetfdata.txt,catalog,available,True,True,True,True,True,2023-09-01,2026-08-06,2024-10-08 09:35,2026-08-06 15:00,2026-04-27 09:31,2026-08-06 15:00,708,21456,16800,0.001,tdx_local_catalog
snapshot-20260806T091453459470Z,2026-08-06,513820.XSHG,港股通红利ETF汇,XSHG,1,513820,sh513820,etf,930914,62,specetfdata.txt,catalog,available,True,True,True,True,True,2024-05-16,2026-08-06,2024-10-08 09:35,2026-08-06 15:00,2026-04-27 09:31,2026-08-06 15:00,542,21456,16800,0.001,tdx_local_catalog
snapshot-20260806T091453459470Z,2026-08-06,513830.XSHG,港股通高股息ETF,XSHG,1,513830,sh513830,etf,930914,62,specetfdata.txt,catalog,available,True,True,True,True,True,2025-03-07,2026-08-06,2025-03-07 09:35,2026-08-06 15:00,2026-04-27 09:31,2026-08-06 15:00,346,16608,16800,0.001,tdx_local_catalog
snapshot-20260806T091453459470Z,2026-08-06,513850.XSHG,美国50ETF易方达,XSHG,1,513850,sh513850,etf,750108,12,specetfdata.txt,catalog,available,True,True,True,True,True,2023-11-17,2026-08-06,2024-10-08 09:35,2026-08-06 15:00,2026-04-27 09:31,2026-08-06 15:00,659,21456,16800,0.001,tdx_local_catalog
snapshot-20260806T091453459470Z,2026-08-06,513860.XSHG,港股通科技ETF海,XSHG,1,513860,sh513860,etf,931573,62,specetfdata.txt,catalog,available,True,True,True,True,True,2021-07-02,2026-08-06,2024-10-08 09:35,2026-08-06 15:00,2026-04-27 09:31,2026-08-06 15:00,1236,21456,16800,0.001,tdx_local_catalog
snapshot-20260806T091453459470Z,2026-08-06,513870.XSHG,纳指ETF富国,XSHG,1,513870,sh513870,etf,NDX,12,specetfdata.txt,catalog,available,True,True,True,True,True,2023-11-02,2026-08-06,2024-10-08 09:35,2026-08-06 15:00,2026-04-27 09:31,2026-08-06 15:00,670,21456,16800,0.001,tdx_local_catalog
snapshot-20260806T091453459470Z,2026-08-06,513880.XSHG,日经225ETF华安,XSHG,1,513880,sh513880,etf,N225,12,specetfdata.txt,catalog,available,True,True,True,True,True,2019-06-25,2026-08-06,2024-10-08 09:35,2026-08-06 15:00,2026-04-27 09:31,2026-08-06 15:00,1728,21456,16800,0.001,tdx_local_catalog
snapshot-20260806T091453459470Z,2026-08-06,513890.XSHG,恒生科技ETF摩根,XSHG,1,513890,sh513890,etf,HZ5017,27,specetfdata.txt,catalog,available,True,True,True,True,True,2022-01-21,2026-08-06,2024-10-08 09:35,2026-08-06 15:00,2026-04-27 09:31,2026-08-06 15:00,1099,21456,16800,0.001,tdx_local_catalog
snapshot-20260806T091453459470Z,2026-08-06,513900.XSHG,港股通100ETF华安,XSHG,1,513900,sh513900,etf,CES100,62,specetfdata.txt,catalog,available,True,True,True,True,True,2018-05-25,2026-08-06,2024-10-08 09:35,2026-08-06 15:00,2026-04-27 09:31,2026-08-06 15:00,1991,21456,16800,0.001,tdx_local_catalog
snapshot-20260806T091453459470Z,2026-08-06,513910.XSHG,港股通央企红利ET,XSHG,1,513910,sh513910,etf,931233,62,specetfdata.txt,catalog,available,True,True,True,True,True,2024-03-04,2026-08-06,2024-10-08 09:35,2026-08-06 15:00,2026-04-27 09:31,2026-08-06 15:00,590,21456,16800,0.001,tdx_local_catalog
snapshot-20260806T091453459470Z,2026-08-06,513920.XSHG,港股通央企红利ET,XSHG,1,513920,sh513920,etf,HZ5492,27,specetfdata.txt,catalog,available,True,True,True,True,True,2024-01-05,2026-08-06,2024-10-08 09:35,2026-08-06 15:00,2026-04-27 09:31,2026-08-06 15:00,625,21456,16800,0.001,tdx_local_catalog
snapshot-20260806T091453459470Z,2026-08-06,513930.XSHG,恒生生物科技ETF,XSHG,1,513930,sh513930,etf,HZ5366,27,specetfdata.txt,catalog,available,True,True,True,True,True,2026-03-18,2026-08-06,2026-03-18 09:35,2026-08-06 15:00,2026-04-27 09:31,2026-08-06 15:00,97,4656,16800,0.001,tdx_local_catalog
snapshot-20260806T091453459470Z,2026-08-06,513950.XSHG,恒生红利ETF富国,XSHG,1,513950,sh513950,etf,HZ5339,27,specetfdata.txt,catalog,available,True,True,True,True,True,2023-04-28,2026-08-06,2024-10-08 09:35,2026-08-06 15:00,2026-04-27 09:31,2026-08-06 15:00,793,21456,16800,0.001,tdx_local_catalog
snapshot-20260806T091453459470Z,2026-08-06,513970.XSHG,恒生消费ETF景顺,XSHG,1,513970,sh513970,etf,HZ5314,27,specetfdata.txt,catalog,available,True,True,True,True,True,2023-04-21,2026-08-06,2024-10-08 09:35,2026-08-06 15:00,2026-04-27 09:31,2026-08-06 15:00,798,21456,16800,0.001,tdx_local_catalog
snapshot-20260806T091453459470Z,2026-08-06,513980.XSHG,港股科技ETF景顺,XSHG,1,513980,sh513980,etf,931573,62,specetfdata.txt,catalog,available,True,True,True,True,True,2021-07-02,2026-08-06,2024-10-08 09:35,2026-08-06 15:00,2026-04-27 09:31,2026-08-06 15:00,1236,21456,16800,0.001,tdx_local_catalog
snapshot-20260806T091453459470Z,2026-08-06,513990.XSHG,港股通ETF招商,XSHG,1,513990,sh513990,etf,H50069,62,specetfdata.txt,catalog,available,True,True,True,True,True,2020-08-18,2026-08-06,2024-10-08 09:35,2026-08-06 15:00,2026-04-27 09:31,2026-08-06 15:00,1447,21456,16800,0.001,tdx_local_catalog
snapshot-20260806T091453459470Z,2026-08-06,515000.XSHG,科技ETF华宝,XSHG,1,515000,sh515000,etf,931087,62,specetfdata.txt,catalog,available,True,True,True,True,True,2019-08-16,2026-08-06,2024-10-08 09:35,2026-08-06 15:00,2026-04-27 09:31,2026-08-06 15:00,1690,21456,16800,0.001,tdx_local_catalog
snapshot-20260806T091453459470Z,2026-08-06,515010.XSHG,证券ETF华夏,XSHG,1,515010,sh515010,etf,399975,0,specetfdata.txt,catalog,available,True,True,True,True,True,2019-11-07,2026-08-06,2024-10-08 09:35,2026-08-06 15:00,2026-04-27 09:31,2026-08-06 15:00,1637,21456,16800,0.001,tdx_local_catalog
snapshot-20260806T091453459470Z,2026-08-06,515020.XSHG,银行ETF华夏,XSHG,1,515020,sh515020,etf,399986,0,specetfdata.txt,catalog,available,True,True,True,True,True,2019-12-03,2026-08-06,2024-10-08 09:35,2026-08-06 15:00,2026-04-27 09:31,2026-08-06 15:00,1619,21456,16800,0.001,tdx_local_catalog
snapshot-20260806T091453459470Z,2026-08-06,515030.XSHG,新能源车ETF华夏,XSHG,1,515030,sh515030,etf,399976,0,specetfdata.txt,catalog,available,True,True,True,True,True,2020-03-04,2026-08-06,2024-10-08 09:35,2026-08-06 15:00,2026-04-27 09:31,2026-08-06 15:00,1560,21456,16800,0.001,tdx_local_catalog
snapshot-20260806T091453459470Z,2026-08-06,515040.XSHG,工业有色ETF华夏,XSHG,1,515040,sh515040,etf,H11059,62,specetfdata.txt,catalog,available,True,True,True,True,True,2026-07-17,2026-08-06,2026-07-17 09:35,2026-08-06 15:00,2026-07-17 09:31,2026-08-06 15:00,15,720,3600,0.001,tdx_local_catalog
snapshot-20260806T091453459470Z,2026-08-06,515050.XSHG,通信ETF华夏,XSHG,1,515050,sh515050,etf,931079,62,specetfdata.txt,catalog,available,True,True,True,True,True,2019-10-16,2026-08-06,2024-10-08 09:35,2026-08-06 15:00,2026-04-27 09:31,2026-08-06 15:00,1653,21456,16800,0.001,tdx_local_catalog
snapshot-20260806T091453459470Z,2026-08-06,515060.XSHG,房地产ETF华夏,XSHG,1,515060,sh515060,etf,931775,62,specetfdata.txt,catalog,available,True,True,True,True,True,2020-01-03,2026-08-06,2024-10-08 09:35,2026-08-06 15:00,2026-04-27 09:31,2026-08-06 15:00,1597,21456,16800,0.001,tdx_local_catalog
snapshot-20260806T091453459470Z,2026-08-06,515070.XSHG,人工智能ETF华夏,XSHG,1,515070,sh515070,etf,930713,62,specetfdata.txt,catalog,available,True,True,True,True,True,2019-12-24,2026-08-06,2024-10-08 09:35,2026-08-06 15:00,2026-04-27 09:31,2026-08-06 15:00,1604,21456,16800,0.001,tdx_local_catalog
snapshot-20260806T091453459470Z,2026-08-06,515080.XSHG,中证红利ETF招商,XSHG,1,515080,sh515080,etf,000922,62,specetfdata.txt,catalog,available,True,True,True,True,True,2019-12-27,2026-08-06,2024-10-08 09:35,2026-08-06 15:00,2026-04-27 09:31,2026-08-06 15:00,1601,21456,16800,0.001,tdx_local_catalog
snapshot-20260806T091453459470Z,2026-08-06,515090.XSHG,可持续发展ETF博,XSHG,1,515090,sh515090,etf,931268,62,specetfdata.txt,catalog,available,True,True,True,True,True,2020-02-20,2026-08-06,2024-10-08 09:35,2026-08-06 15:00,2026-04-27 09:31,2026-08-06 15:00,1569,21456,16800,0.001,tdx_local_catalog
snapshot-20260806T091453459470Z,2026-08-06,515100.XSHG,红利低波100ETF景,XSHG,1,515100,sh515100,etf,930955,62,specetfdata.txt,catalog,available,True,True,True,True,True,2020-07-03,2026-08-06,2024-10-08 09:35,2026-08-06 15:00,2026-04-27 09:31,2026-08-06 15:00,1479,21456,16800,0.001,tdx_local_catalog
snapshot-20260806T091453459470Z,2026-08-06,515110.XSHG,一带一路ETF易方,XSHG,1,515110,sh515110,etf,000859,62,specetfdata.txt,catalog,available,True,True,True,True,True,2020-01-15,2026-08-06,2024-10-08 09:35,2026-08-06 15:00,2026-04-27 09:31,2026-08-06 15:00,1589,21456,16800,0.001,tdx_local_catalog
snapshot-20260806T091453459470Z,2026-08-06,515120.XSHG,创新药ETF广发,XSHG,1,515120,sh515120,etf,931152,62,specetfdata.txt,catalog,available,True,True,True,True,True,2021-01-04,2026-08-06,2024-10-08 09:35,2026-08-06 15:00,2026-04-27 09:31,2026-08-06 15:00,1355,21456,16800,0.001,tdx_local_catalog
snapshot-20260806T091453459470Z,2026-08-06,515130.XSHG,沪深300ETF博时,XSHG,1,515130,sh515130,etf,000300,1,specetfdata.txt,catalog,available,True,True,True,True,True,2020-05-11,2026-08-06,2024-10-08 09:35,2026-08-06 15:00,2026-04-27 09:31,2026-08-06 15:00,1516,21456,16800,0.001,tdx_local_catalog
snapshot-20260806T091453459470Z,2026-08-06,515150.XSHG,一带一路ETF富国,XSHG,1,515150,sh515150,etf,000859,62,specetfdata.txt,catalog,available,True,True,True,True,True,2020-01-15,2026-08-06,2024-10-08 09:35,2026-08-06 15:00,2026-04-27 09:31,2026-08-06 15:00,1589,21456,16800,0.001,tdx_local_catalog
snapshot-20260806T091453459470Z,2026-08-06,515160.XSHG,MSCI中国ETF招商,XSHG,1,515160,sh515160,etf,716567,62,specetfdata.txt,catalog,available,True,True,True,True,True,2020-03-02,2026-08-06,2024-10-08 09:35,2026-08-06 15:00,2026-04-27 09:31,2026-08-06 15:00,1562,21456,16800,0.001,tdx_local_catalog
snapshot-20260806T091453459470Z,2026-08-06,515170.XSHG,食品饮料ETF华夏,XSHG,1,515170,sh515170,etf,000815,62,specetfdata.txt,catalog,available,True,True,True,True,True,2021-01-13,2026-08-06,2024-10-08 09:35,2026-08-06 15:00,2026-04-27 09:31,2026-08-06 15:00,1348,21456,16800,0.001,tdx_local_catalog
snapshot-20260806T091453459470Z,2026-08-06,515180.XSHG,红利ETF易方达,XSHG,1,515180,sh515180,etf,000922,62,specetfdata.txt,catalog,available,True,True,True,True,True,2019-12-20,2026-08-06,2024-10-08 09:35,2026-08-06 15:00,2026-04-27 09:31,2026-08-06 15:00,1606,21456,16800,0.001,tdx_local_catalog
snapshot-20260806T091453459470Z,2026-08-06,515190.XSHG,中证500ETF中银证,XSHG,1,515190,sh515190,etf,000905,1,specetfdata.txt,catalog,available,True,True,True,True,True,2020-05-27,2026-08-06,2024-10-08 09:35,2026-08-06 15:00,2026-04-27 09:31,2026-08-06 15:00,1504,21456,16800,0.001,tdx_local_catalog
snapshot-20260806T091453459470Z,2026-08-06,515200.XSHG,创新100ETF申万菱,XSHG,1,515200,sh515200,etf,931159,62,specetfdata.txt,catalog,available,True,True,True,True,True,2019-11-15,2026-08-06,2024-10-08 09:35,2026-08-06 15:00,2026-04-27 09:31,2026-08-06 15:00,1631,21456,16800,0.001,tdx_local_catalog
snapshot-20260806T091453459470Z,2026-08-06,515210.XSHG,钢铁ETF国泰,XSHG,1,515210,sh515210,etf,930606,62,specetfdata.txt,catalog,available,True,True,True,True,True,2020-03-02,2026-08-06,2024-10-08 09:35,2026-08-06 15:00,2026-04-27 09:31,2026-08-06 15:00,1562,21456,16800,0.001,tdx_local_catalog
snapshot-20260806T091453459470Z,2026-08-06,515220.XSHG,煤炭ETF国泰,XSHG,1,515220,sh515220,etf,399998,0,specetfdata.txt,catalog,available,True,True,True,True,True,2020-03-02,2026-08-06,2024-10-08 09:35,2026-08-06 15:00,2026-04-27 09:31,2026-08-06 15:00,1562,21456,16800,0.001,tdx_local_catalog
snapshot-20260806T091453459470Z,2026-08-06,515230.XSHG,软件ETF国泰,XSHG,1,515230,sh515230,etf,H30202,62,specetfdata.txt,catalog,available,True,True,True,True,True,2021-03-02,2026-08-06,2024-10-08 09:35,2026-08-06 15:00,2026-04-27 09:31,2026-08-06 15:00,1319,21456,16800,0.001,tdx_local_catalog
snapshot-20260806T091453459470Z,2026-08-06,515250.XSHG,智能汽车ETF富国,XSHG,1,515250,sh515250,etf,930721,62,specetfdata.txt,catalog,available,True,True,True,True,True,2021-01-08,2026-08-06,2024-10-08 09:35,2026-08-06 15:00,2026-04-27 09:31,2026-08-06 15:00,1351,21456,16800,0.001,tdx_local_catalog
snapshot-20260806T091453459470Z,2026-08-06,515260.XSHG,电子ETF华宝,XSHG,1,515260,sh515260,etf,931461,62,specetfdata.txt,catalog,available,True,True,True,True,True,2020-07-31,2026-08-06,2024-10-08 09:35,2026-08-06 15:00,2026-04-27 09:31,2026-08-06 15:00,1459,21456,16800,0.001,tdx_local_catalog
snapshot-20260806T091453459470Z,2026-08-06,515290.XSHG,银行ETF天弘,XSHG,1,515290,sh515290,etf,399986,0,specetfdata.txt,catalog,available,True,True,True,True,True,2020-12-28,2026-08-06,2024-10-08 09:35,2026-08-06 15:00,2026-04-27 09:31,2026-08-06 15:00,1359,21456,16800,0.001,tdx_local_catalog
snapshot-20260806T091453459470Z,2026-08-06,515300.XSHG,300红利低波ETF嘉,XSHG,1,515300,sh515300,etf,930740,62,specetfdata.txt,catalog,available,True,True,True,True,True,2019-09-19,2026-08-06,2024-10-08 09:35,2026-08-06 15:00,2026-04-27 09:31,2026-08-06 15:00,1667,21456,16800,0.001,tdx_local_catalog
snapshot-20260806T091453459470Z,2026-08-06,515310.XSHG,沪深300ETF汇添富,XSHG,1,515310,sh515310,etf,000300,1,specetfdata.txt,catalog,available,True,True,True,True,True,2019-12-25,2026-08-06,2024-10-08 09:35,2026-08-06 15:00,2026-04-27 09:31,2026-08-06 15:00,1603,21456,16800,0.001,tdx_local_catalog
snapshot-20260806T091453459470Z,2026-08-06,515320.XSHG,电子50ETF华安,XSHG,1,515320,sh515320,etf,931461,62,specetfdata.txt,catalog,available,True,True,True,True,True,2021-01-08,2026-08-06,2024-10-08 09:35,2026-08-06 15:00,2026-04-27 09:31,2026-08-06 15:00,1351,21456,16800,0.001,tdx_local_catalog
snapshot-20260806T091453459470Z,2026-08-06,515330.XSHG,沪深300ETF天弘,XSHG,1,515330,sh515330,etf,000300,1,specetfdata.txt,catalog,available,True,True,True,True,True,2019-12-26,2026-08-06,2024-10-08 09:35,2026-08-06 15:00,2026-04-27 09:31,2026-08-06 15:00,1602,21456,16800,0.001,tdx_local_catalog
snapshot-20260806T091453459470Z,2026-08-06,515350.XSHG,沪深300ETF民生加,XSHG,1,515350,sh515350,etf,000300,1,specetfdata.txt,catalog,available,True,True,True,True,True,2020-02-07,2026-08-06,2024-10-08 09:35,2026-08-06 15:00,2026-04-27 09:31,2026-08-06 15:00,1578,21456,16800,0.001,tdx_local_catalog
snapshot-20260806T091453459470Z,2026-08-06,515360.XSHG,沪深300ETF方正富,XSHG,1,515360,sh515360,etf,000300,1,specetfdata.txt,catalog,available,True,True,True,True,True,2019-11-01,2026-08-06,2024-10-08 09:35,2026-08-06 15:00,2026-04-27 09:31,2026-08-06 15:00,1641,21456,16800,0.001,tdx_local_catalog
snapshot-20260806T091453459470Z,2026-08-06,515370.XSHG,光伏ETF华夏,XSHG,1,515370,sh515370,etf,931151,62,specetfdata.txt,catalog,available,True,True,True,True,True,2025-11-18,2026-08-06,2025-11-18 09:35,2026-08-06 15:00,2026-04-27 09:31,2026-08-06 15:00,175,8400,16800,0.001,tdx_local_catalog
snapshot-20260806T091453459470Z,2026-08-06,515380.XSHG,沪深300ETF泰康,XSHG,1,515380,sh515380,etf,000300,1,specetfdata.txt,catalog,available,True,True,True,True,True,2020-03-23,2026-08-06,2024-10-08 09:35,2026-08-06 15:00,2026-04-27 09:31,2026-08-06 15:00,1547,21456,16800,0.001,tdx_local_catalog
snapshot-20260806T091453459470Z,2026-08-06,515390.XSHG,沪深300ETF华安,XSHG,1,515390,sh515390,etf,000300,1,specetfdata.txt,catalog,available,True,True,True,True,True,2020-01-10,2026-08-06,2024-10-08 09:35,2026-08-06 15:00,2026-04-27 09:31,2026-08-06 15:00,1592,21456,16800,0.001,tdx_local_catalog
snapshot-20260806T091453459470Z,2026-08-06,515400.XSHG,大数据ETF富国,XSHG,1,515400,sh515400,etf,930902,62,specetfdata.txt,catalog,available,True,True,True,True,True,2021-01-20,2026-08-06,2024-10-08 09:35,2026-08-06 15:00,2026-04-27 09:31,2026-08-06 15:00,1343,21456,16800,0.001,tdx_local_catalog
snapshot-20260806T091453459470Z,2026-08-06,515450.XSHG,红利低波50ETF南,XSHG,1,515450,sh515450,etf,SPCLLHCT,12,specetfdata.txt,catalog,available,True,True,True,True,True,2020-02-26,2026-08-06,2024-10-08 09:35,2026-08-06 15:00,2026-04-27 09:31,2026-08-06 15:00,1565,21456,16800,0.001,tdx_local_catalog
snapshot-20260806T091453459470Z,2026-08-06,515460.XSHG,红利质量ETF南方,XSHG,1,515460,sh515460,etf,932315,62,specetfdata.txt,catalog,available,True,True,True,True,True,2026-03-16,2026-08-06,2026-03-16 09:35,2026-08-06 15:00,2026-04-27 09:31,2026-08-06 15:00,99,4752,16800,0.001,tdx_local_catalog
snapshot-20260806T091453459470Z,2026-08-06,515480.XSHG,红利低波100ETF南,XSHG,1,515480,sh515480,etf,930955,62,specetfdata.txt,catalog,available,True,True,True,True,True,2026-07-06,2026-08-06,2026-07-06 09:35,2026-08-06 15:00,2026-07-06 09:31,2026-08-06 15:00,24,1152,5760,0.001,tdx_local_catalog
snapshot-20260806T091453459470Z,2026-08-06,515530.XSHG,中证500ETF泰康,XSHG,1,515530,sh515530,etf,000905,1,specetfdata.txt,catalog,available,True,True,True,True,True,2020-11-09,2026-08-06,2024-10-08 09:35,2026-08-06 15:00,2026-04-27 09:31,2026-08-06 15:00,1394,21456,16800,0.001,tdx_local_catalog
snapshot-20260806T091453459470Z,2026-08-06,515550.XSHG,中证500ETF国联,XSHG,1,515550,sh515550,etf,000905,1,specetfdata.txt,catalog,available,True,True,True,True,True,2019-12-25,2026-08-06,2024-10-08 09:35,2026-08-06 15:00,2026-04-27 09:31,2026-08-06 15:00,1603,21456,16800,0.001,tdx_local_catalog
snapshot-20260806T091453459470Z,2026-08-06,515560.XSHG,证券ETF建信,XSHG,1,515560,sh515560,etf,399975,0,specetfdata.txt,catalog,available,True,True,True,True,True,2020-07-20,2026-08-06,2024-10-08 09:35,2026-08-06 15:00,2026-04-27 09:31,2026-08-06 15:00,1468,21456,16800,0.001,tdx_local_catalog
snapshot-20260806T091453459470Z,2026-08-06,515580.XSHG,科技100ETF华泰柏,XSHG,1,515580,sh515580,etf,931187,62,specetfdata.txt,catalog,available,True,True,True,True,True,2019-10-28,2026-08-06,2024-10-08 09:35,2026-08-06 15:00,2026-04-27 09:31,2026-08-06 15:00,1645,21456,16800,0.001,tdx_local_catalog
snapshot-20260806T091453459470Z,2026-08-06,515590.XSHG,500等权ETF前海开,XSHG,1,515590,sh515590,etf,000982,1,specetfdata.txt,catalog,available,True,True,True,True,True,2020-01-20,2026-08-06,2024-10-08 09:35,2026-08-06 15:00,2026-04-27 09:31,2026-08-06 15:00,1586,21456,16800,0.001,tdx_local_catalog
snapshot-20260806T091453459470Z,2026-08-06,515600.XSHG,央企创新ETF广发,XSHG,1,515600,sh515600,etf,000861,62,specetfdata.txt,catalog,available,True,True,True,True,True,2019-12-18,2026-08-06,2024-10-08 09:35,2026-08-06 15:00,2026-04-27 09:31,2026-08-06 15:00,1608,21456,16800,0.001,tdx_local_catalog
snapshot-20260806T091453459470Z,2026-08-06,515630.XSHG,证券保险ETF鹏华,XSHG,1,515630,sh515630,etf,399966,0,specetfdata.txt,catalog,available,True,True,True,True,True,2020-04-03,2026-08-06,2024-10-08 09:35,2026-08-06 15:00,2026-04-27 09:31,2026-08-06 15:00,1538,21456,16800,0.001,tdx_local_catalog
snapshot-20260806T091453459470Z,2026-08-06,515640.XSHG,家电ETF华夏,XSHG,1,515640,sh515640,etf,930697,62,specetfdata.txt,catalog,available,True,True,True,True,True,2026-04-24,2026-08-06,2026-04-24 09:35,2026-08-06 15:00,2026-04-27 09:31,2026-08-06 15:00,71,3408,16800,0.001,tdx_local_catalog
snapshot-20260806T091453459470Z,2026-08-06,515650.XSHG,消费50ETF富国,XSHG,1,515650,sh515650,etf,931139,62,specetfdata.txt,catalog,available,True,True,True,True,True,2019-11-11,2026-08-06,2024-10-08 09:35,2026-08-06 15:00,2026-04-27 09:31,2026-08-06 15:00,1635,21456,16800,0.001,tdx_local_catalog
snapshot-20260806T091453459470Z,2026-08-06,515660.XSHG,沪深300ETF国联安,XSHG,1,515660,sh515660,etf,000300,1,specetfdata.txt,catalog,available,True,True,True,True,True,2019-12-24,2026-08-06,2024-10-08 09:35,2026-08-06 15:00,2026-04-27 09:31,2026-08-06 15:00,1604,21456,16800,0.001,tdx_local_catalog
snapshot-20260806T091453459470Z,2026-08-06,515680.XSHG,央企创新ETF嘉实,XSHG,1,515680,sh515680,etf,000861,62,specetfdata.txt,catalog,available,True,True,True,True,True,2019-12-18,2026-08-06,2024-10-08 09:35,2026-08-06 15:00,2026-04-27 09:31,2026-08-06 15:00,1608,21456,16800,0.001,tdx_local_catalog
snapshot-20260806T091453459470Z,2026-08-06,515700.XSHG,新能源车ETF平安,XSHG,1,515700,sh515700,etf,930997,62,specetfdata.txt,catalog,available,True,True,True,True,True,2020-02-10,2026-08-06,2024-10-08 09:35,2026-08-06 15:00,2026-04-27 09:31,2026-08-06 15:00,1577,21456,16800,0.001,tdx_local_catalog
snapshot-20260806T091453459470Z,2026-08-06,515710.XSHG,食品饮料ETF华宝,XSHG,1,515710,sh515710,etf,000815,62,specetfdata.txt,catalog,available,True,True,True,True,True,2021-01-07,2026-08-06,2024-10-08 09:35,2026-08-06 15:00,2026-04-27 09:31,2026-08-06 15:00,1352,21456,16800,0.001,tdx_local_catalog
snapshot-20260806T091453459470Z,2026-08-06,515720.XSHG,金融科技ETF富国,XSHG,1,515720,sh515720,etf,930986,62,specetfdata.txt,catalog,available,True,True,True,True,True,2025-10-09,2026-08-06,2025-10-09 09:35,2026-08-06 15:00,2026-04-27 09:31,2026-08-06 15:00,203,9744,16800,0.001,tdx_local_catalog
snapshot-20260806T091453459470Z,2026-08-06,515730.XSHG,家居家电ETF永赢,XSHG,1,515730,sh515730,etf,931241,62,specetfdata.txt,catalog,available,True,True,True,True,True,2025-11-25,2026-08-06,2025-11-25 09:35,2026-08-06 15:00,2026-04-27 09:31,2026-08-06 15:00,170,8160,16800,0.001,tdx_local_catalog
snapshot-20260806T091453459470Z,2026-08-06,515750.XSHG,科技50ETF富国,XSHG,1,515750,sh515750,etf,931186,62,specetfdata.txt,catalog,available,True,True,True,True,True,2019-12-06,2026-08-06,2024-10-08 09:35,2026-08-06 15:00,2026-04-27 09:31,2026-08-06 15:00,1616,21456,16800,0.001,tdx_local_catalog
snapshot-20260806T091453459470Z,2026-08-06,515760.XSHG,浙江国资ETF华夏,XSHG,1,515760,sh515760,etf,931372,62,specetfdata.txt,catalog,available,True,True,True,True,True,2020-10-12,2026-08-06,2024-10-08 09:35,2026-08-06 15:00,2026-04-27 09:31,2026-08-06 15:00,1414,21456,16800,0.001,tdx_local_catalog
snapshot-20260806T091453459470Z,2026-08-06,515770.XSHG,MSCI中国A股ETF摩,XSHG,1,515770,sh515770,etf,718711,12,specetfdata.txt,catalog,available,True,True,True,True,True,2020-06-19,2026-08-06,2024-10-08 09:35,2026-08-06 15:00,2026-04-27 09:31,2026-08-06 15:00,1487,21456,16800,0.001,tdx_local_catalog
snapshot-20260806T091453459470Z,2026-08-06,515790.XSHG,光伏ETF华泰柏瑞,XSHG,1,515790,sh515790,etf,931151,62,specetfdata.txt,catalog,available,True,True,True,True,True,2020-12-18,2026-08-06,2024-10-08 09:35,2026-08-06 15:00,2026-04-27 09:31,2026-08-06 15:00,1365,21456,16800,0.001,tdx_local_catalog
snapshot-20260806T091453459470Z,2026-08-06,515800.XSHG,中证800ETF汇添富,XSHG,1,515800,sh515800,etf,000906,1,specetfdata.txt,catalog,available,True,True,True,True,True,2019-12-16,2026-08-06,2024-10-08 09:35,2026-08-06 15:00,2026-04-27 09:31,2026-08-06 15:00,1610,21456,16800,0.001,tdx_local_catalog
snapshot-20260806T091453459470Z,2026-08-06,515810.XSHG,中证800ETF易方达,XSHG,1,515810,sh515810,etf,000906,1,specetfdata.txt,catalog,available,True,True,True,True,True,2019-10-25,2026-08-06,2024-10-08 09:35,2026-08-06 15:00,2026-04-27 09:31,2026-08-06 15:00,1646,21456,16800,0.001,tdx_local_catalog
snapshot-20260806T091453459470Z,2026-08-06,515840.XSHG,食品ETF南方,XSHG,1,515840,sh515840,etf,H30192,62,specetfdata.txt,catalog,available,True,True,True,True,True,2026-07-23,2026-08-06,2026-07-23 09:35,2026-08-06 15:00,2026-07-23 09:31,2026-08-06 15:00,11,528,2640,0.001,tdx_local_catalog
snapshot-20260806T091453459470Z,2026-08-06,515850.XSHG,证券ETF富国,XSHG,1,515850,sh515850,etf,399975,0,specetfdata.txt,catalog,available,True,True,True,True,True,2020-02-21,2026-08-06,2024-10-08 09:35,2026-08-06 15:00,2026-04-27 09:31,2026-08-06 15:00,1568,21456,16800,0.001,tdx_local_catalog
snapshot-20260806T091453459470Z,2026-08-06,515860.XSHG,科技ETF嘉实,XSHG,1,515860,sh515860,etf,931165,62,specetfdata.txt,catalog,available,True,True,True,True,True,2019-10-22,2026-08-06,2024-10-08 09:35,2026-08-06 15:00,2026-04-27 09:31,2026-08-06 15:00,1649,21456,16800,0.001,tdx_local_catalog
snapshot-20260806T091453459470Z,2026-08-06,515880.XSHG,通信ETF国泰,XSHG,1,515880,sh515880,etf,931160,62,specetfdata.txt,catalog,available,True,True,True,True,True,2019-09-06,2026-08-06,2024-10-08 09:35,2026-08-06 15:00,2026-04-27 09:31,2026-08-06 15:00,1675,21456,16800,0.001,tdx_local_catalog
snapshot-20260806T091453459470Z,2026-08-06,515890.XSHG,红利ETF博时,XSHG,1,515890,sh515890,etf,000922,62,specetfdata.txt,catalog,available,True,True,True,True,True,2020-04-20,2026-08-06,2024-10-08 09:35,2026-08-06 15:00,2026-04-27 09:31,2026-08-06 15:00,1528,21456,16800,0.001,tdx_local_catalog
snapshot-20260806T091453459470Z,2026-08-06,515900.XSHG,央企创新ETF博时,XSHG,1,515900,sh515900,etf,000861,62,specetfdata.txt,catalog,available,True,True,True,True,True,2019-12-18,2026-08-06,2024-10-08 09:35,2026-08-06 15:00,2026-04-27 09:31,2026-08-06 15:00,1608,21456,16800,0.001,tdx_local_catalog
snapshot-20260806T091453459470Z,2026-08-06,515910.XSHG,质量ETF中金,XSHG,1,515910,sh515910,etf,707717,12,specetfdata.txt,catalog,available,True,True,True,True,True,2021-02-26,2026-08-06,2024-10-08 09:35,2026-08-06 15:00,2026-04-27 09:31,2026-08-06 15:00,1321,21456,16800,0.001,tdx_local_catalog
snapshot-20260806T091453459470Z,2026-08-06,515920.XSHG,智能消费ETF博时,XSHG,1,515920,sh515920,etf,930648,62,specetfdata.txt,catalog,available,True,True,True,True,True,2021-01-20,2026-08-06,2024-10-08 09:35,2026-08-06 15:00,2026-04-27 09:31,2026-08-06 15:00,1343,21456,16800,0.001,tdx_local_catalog
snapshot-20260806T091453459470Z,2026-08-06,515950.XSHG,医药50ETF富国,XSHG,1,515950,sh515950,etf,931140,62,specetfdata.txt,catalog,available,True,True,True,True,True,2020-04-01,2026-08-06,2024-10-08 09:35,2026-08-06 15:00,2026-04-27 09:31,2026-08-06 15:00,1540,21456,16800,0.001,tdx_local_catalog
snapshot-20260806T091453459470Z,2026-08-06,515960.XSHG,医药ETF嘉实,XSHG,1,515960,sh515960,etf,931166,62,specetfdata.txt,catalog,available,True,True,True,True,True,2020-06-10,2026-08-06,2024-10-08 09:35,2026-08-06 15:00,2026-04-27 09:31,2026-08-06 15:00,1494,21456,16800,0.001,tdx_local_catalog
snapshot-20260806T091453459470Z,2026-08-06,515970.XSHG,工程机械ETF华夏,XSHG,1,515970,sh515970,etf,931752,62,specetfdata.txt,catalog,available,True,True,True,True,True,2026-02-12,2026-08-06,2026-02-12 09:35,2026-08-06 15:00,2026-04-27 09:31,2026-08-06 15:00,115,5520,16800,0.001,tdx_local_catalog
snapshot-20260806T091453459470Z,2026-08-06,515980.XSHG,人工智能ETF华富,XSHG,1,515980,sh515980,etf,931071,62,specetfdata.txt,catalog,available,True,True,True,True,True,2020-02-10,2026-08-06,2024-10-08 09:35,2026-08-06 15:00,2026-04-27 09:31,2026-08-06 15:00,1577,21456,16800,0.001,tdx_local_catalog
snapshot-20260806T091453459470Z,2026-08-06,515990.XSHG,一带一路ETF汇添,XSHG,1,515990,sh515990,etf,000859,62,specetfdata.txt,catalog,available,True,True,True,True,True,2020-01-15,2026-08-06,2024-10-08 09:35,2026-08-06 15:00,2026-04-27 09:31,2026-08-06 15:00,1589,21456,16800,0.001,tdx_local_catalog
snapshot-20260806T091453459470Z,2026-08-06,516000.XSHG,大数据ETF华夏,XSHG,1,516000,sh516000,etf,930902,62,specetfdata.txt,catalog,available,True,True,True,True,True,2021-03-01,2026-08-06,2024-10-08 09:35,2026-08-06 15:00,2026-04-27 09:31,2026-08-06 15:00,1320,21456,16800,0.001,tdx_local_catalog
snapshot-20260806T091453459470Z,2026-08-06,516010.XSHG,游戏ETF国泰,XSHG,1,516010,sh516010,etf,930901,62,specetfdata.txt,catalog,available,True,True,True,True,True,2021-03-05,2026-08-06,2024-10-08 09:35,2026-08-06 15:00,2026-04-27 09:31,2026-08-06 15:00,1316,21456,16800,0.001,tdx_local_catalog
snapshot-20260806T091453459470Z,2026-08-06,516020.XSHG,化工ETF华宝,XSHG,1,516020,sh516020,etf,000813,62,specetfdata.txt,catalog,available,True,True,True,True,True,2021-03-08,2026-08-06,2024-10-08 09:35,2026-08-06 15:00,2026-04-27 09:31,2026-08-06 15:00,1315,21456,16800,0.001,tdx_local_catalog
snapshot-20260806T091453459470Z,2026-08-06,516050.XSHG,科技龙头ETF工银,XSHG,1,516050,sh516050,etf,931087,62,specetfdata.txt,catalog,available,True,True,True,True,True,2021-02-05,2026-08-06,2024-10-08 09:35,2026-08-06 15:00,2026-04-27 09:31,2026-08-06 15:00,1331,21456,16800,0.001,tdx_local_catalog
snapshot-20260806T091453459470Z,2026-08-06,516060.XSHG,创新药ETF工银,XSHG,1,516060,sh516060,etf,931152,62,specetfdata.txt,catalog,available,True,True,True,True,True,2021-03-01,2026-08-06,2024-10-08 09:35,2026-08-06 15:00,2026-04-27 09:31,2026-08-06 15:00,1320,21456,16800,0.001,tdx_local_catalog
snapshot-20260806T091453459470Z,2026-08-06,516070.XSHG,低碳ETF易方达,XSHG,1,516070,sh516070,etf,000977,62,specetfdata.txt,catalog,available,True,True,True,True,True,2021-04-23,2026-08-06,2024-10-08 09:35,2026-08-06 15:00,2026-04-27 09:31,2026-08-06 15:00,1282,21456,16800,0.001,tdx_local_catalog
snapshot-20260806T091453459470Z,2026-08-06,516080.XSHG,创新药ETF易方达,XSHG,1,516080,sh516080,etf,931152,62,specetfdata.txt,catalog,available,True,True,True,True,True,2021-02-23,2026-08-06,2024-10-08 09:35,2026-08-06 15:00,2026-04-27 09:31,2026-08-06 15:00,1324,21456,16800,0.001,tdx_local_catalog
snapshot-20260806T091453459470Z,2026-08-06,516090.XSHG,新能源ETF易方达,XSHG,1,516090,sh516090,etf,399808,0,specetfdata.txt,catalog,available,True,True,True,True,True,2021-03-19,2026-08-06,2024-10-08 09:35,2026-08-06 15:00,2026-04-27 09:31,2026-08-06 15:00,1306,21456,16800,0.001,tdx_local_catalog
snapshot-20260806T091453459470Z,2026-08-06,516100.XSHG,金融科技ETF华夏,XSHG,1,516100,sh516100,etf,930986,62,specetfdata.txt,catalog,available,True,True,True,True,True,2021-07-23,2026-08-06,2024-10-08 09:35,2026-08-06 15:00,2026-04-27 09:31,2026-08-06 15:00,1221,21456,16800,0.001,tdx_local_catalog
snapshot-20260806T091453459470Z,2026-08-06,516110.XSHG,汽车ETF国泰,XSHG,1,516110,sh516110,etf,H30015,62,specetfdata.txt,catalog,available,True,True,True,True,True,2021-05-07,2026-08-06,2024-10-08 09:35,2026-08-06 15:00,2026-04-27 09:31,2026-08-06 15:00,1275,21456,16800,0.001,tdx_local_catalog
snapshot-20260806T091453459470Z,2026-08-06,516120.XSHG,化工ETF富国,XSHG,1,516120,sh516120,etf,000813,62,specetfdata.txt,catalog,available,True,True,True,True,True,2021-03-09,2026-08-06,2024-10-08 09:35,2026-08-06 15:00,2026-04-27 09:31,2026-08-06 15:00,1314,21456,16800,0.001,tdx_local_catalog
snapshot-20260806T091453459470Z,2026-08-06,516130.XSHG,消费龙头ETF华宝,XSHG,1,516130,sh516130,etf,931068,62,specetfdata.txt,catalog,available,True,True,True,True,True,2021-10-13,2026-08-06,2024-10-08 09:35,2026-08-06 15:00,2026-04-27 09:31,2026-08-06 15:00,1170,21456,16800,0.001,tdx_local_catalog
snapshot-20260806T091453459470Z,2026-08-06,516150.XSHG,稀土ETF嘉实,XSHG,1,516150,sh516150,etf,930598,62,specetfdata.txt,catalog,available,True,True,True,True,True,2021-03-17,2026-08-06,2024-10-08 09:35,2026-08-06 15:00,2026-04-27 09:31,2026-08-06 15:00,1308,21456,16800,0.001,tdx_local_catalog
snapshot-20260806T091453459470Z,2026-08-06,516160.XSHG,新能源ETF南方,XSHG,1,516160,sh516160,etf,399808,0,specetfdata.txt,catalog,available,True,True,True,True,True,2021-02-04,2026-08-06,2024-10-08 09:35,2026-08-06 15:00,2026-04-27 09:31,2026-08-06 15:00,1332,21456,16800,0.001,tdx_local_catalog
snapshot-20260806T091453459470Z,2026-08-06,516180.XSHG,光伏ETF平安,XSHG,1,516180,sh516180,etf,931151,62,specetfdata.txt,catalog,available,True,True,True,True,True,2021-03-03,2026-08-06,2024-10-08 09:35,2026-08-06 15:00,2026-04-27 09:31,2026-08-06 15:00,1318,21456,16800,0.001,tdx_local_catalog
snapshot-20260806T091453459470Z,2026-08-06,516190.XSHG,传媒ETF华夏,XSHG,1,516190,sh516190,etf,H30365,62,specetfdata.txt,catalog,available,True,True,True,True,True,2021-09-17,2026-08-06,2024-10-08 09:35,2026-08-06 15:00,2026-04-27 09:31,2026-08-06 15:00,1181,21456,16800,0.001,tdx_local_catalog
snapshot-20260806T091453459470Z,2026-08-06,516200.XSHG,证券ETF华安,XSHG,1,516200,sh516200,etf,399975,0,specetfdata.txt,catalog,available,True,True,True,True,True,2021-03-22,2026-08-06,2024-10-08 09:35,2026-08-06 15:00,2026-04-27 09:31,2026-08-06 15:00,1305,21456,16800,0.001,tdx_local_catalog
snapshot-20260806T091453459470Z,2026-08-06,516210.XSHG,银行ETF华安,XSHG,1,516210,sh516210,etf,399986,0,specetfdata.txt,catalog,available,True,True,True,True,True,2021-09-24,2026-08-06,2024-10-08 09:35,2026-08-06 15:00,2026-04-27 09:31,2026-08-06 15:00,1178,21456,16800,0.001,tdx_local_catalog
snapshot-20260806T091453459470Z,2026-08-06,516220.XSHG,化工ETF国泰,XSHG,1,516220,sh516220,etf,000813,62,specetfdata.txt,catalog,available,True,True,True,True,True,2021-03-10,2026-08-06,2024-10-08 09:35,2026-08-06 15:00,2026-04-27 09:31,2026-08-06 15:00,1313,21456,16800,0.001,tdx_local_catalog
snapshot-20260806T091453459470Z,2026-08-06,516230.XSHG,光伏ETF招商,XSHG,1,516230,sh516230,etf,931151,62,specetfdata.txt,catalog,available,True,True,True,True,True,2026-02-03,2026-08-06,2026-02-03 09:35,2026-08-06 15:00,2026-04-27 09:31,2026-08-06 15:00,122,5856,16800,0.001,tdx_local_catalog
snapshot-20260806T091453459470Z,2026-08-06,516250.XSHG,工程机械ETF富国,XSHG,1,516250,sh516250,etf,931752,62,specetfdata.txt,catalog,available,True,True,True,True,True,2025-12-22,2026-08-06,2025-12-22 09:35,2026-08-06 15:00,2026-04-27 09:31,2026-08-06 15:00,151,7248,16800,0.001,tdx_local_catalog
snapshot-20260806T091453459470Z,2026-08-06,516260.XSHG,物联网ETF华夏,XSHG,1,516260,sh516260,etf,930712,62,specetfdata.txt,catalog,available,True,True,True,True,True,2021-08-02,2026-08-06,2024-10-08 09:35,2026-08-06 15:00,2026-04-27 09:31,2026-08-06 15:00,1215,21456,16800,0.001,tdx_local_catalog
snapshot-20260806T091453459470Z,2026-08-06,516270.XSHG,新能源ETF华安,XSHG,1,516270,sh516270,etf,000941,62,specetfdata.txt,catalog,available,True,True,True,True,True,2021-07-23,2026-08-06,2024-10-08 09:35,2026-08-06 15:00,2026-04-27 09:31,2026-08-06 15:00,1221,21456,16800,0.001,tdx_local_catalog
snapshot-20260806T091453459470Z,2026-08-06,516290.XSHG,光伏ETF汇添富,XSHG,1,516290,sh516290,etf,931151,62,specetfdata.txt,catalog,available,True,True,True,True,True,2021-08-23,2026-08-06,2024-10-08 09:35,2026-08-06 15:00,2026-04-27 09:31,2026-08-06 15:00,1200,21456,16800,0.001,tdx_local_catalog
snapshot-20260806T091453459470Z,2026-08-06,516300.XSHG,中证1000ETF华泰,XSHG,1,516300,sh516300,etf,000852,1,specetfdata.txt,catalog,available,True,True,True,True,True,2021-03-24,2026-08-06,2024-10-08 09:35,2026-08-06 15:00,2026-04-27 09:31,2026-08-06 15:00,1303,21456,16800,0.001,tdx_local_catalog
snapshot-20260806T091453459470Z,2026-08-06,516310.XSHG,银行ETF易方达,XSHG,1,516310,sh516310,etf,399986,0,specetfdata.txt,catalog,available,True,True,True,True,True,2021-05-28,2026-08-06,2024-10-08 09:35,2026-08-06 15:00,2026-04-27 09:31,2026-08-06 15:00,1260,21456,16800,0.001,tdx_local_catalog
snapshot-20260806T091453459470Z,2026-08-06,516320.XSHG,高端装备ETF华夏,XSHG,1,516320,sh516320,etf,H11054,62,specetfdata.txt,catalog,available,True,True,True,True,True,2021-06-08,2026-08-06,2024-10-08 09:35,2026-08-06 15:00,2026-04-27 09:31,2026-08-06 15:00,1253,21456,16800,0.001,tdx_local_catalog
snapshot-20260806T091453459470Z,2026-08-06,516330.XSHG,物联网ETF华泰柏,XSHG,1,516330,sh516330,etf,930712,62,specetfdata.txt,catalog,available,True,True,True,True,True,2021-04-09,2026-08-06,2024-10-08 09:35,2026-08-06 15:00,2026-04-27 09:31,2026-08-06 15:00,1292,21456,16800,0.001,tdx_local_catalog
snapshot-20260806T091453459470Z,2026-08-06,516350.XSHG,芯片ETF易方达,XSHG,1,516350,sh516350,etf,H30007,62,specetfdata.txt,catalog,available,True,True,True,True,True,2021-12-23,2026-08-06,2024-10-08 09:35,2026-08-06 15:00,2026-04-27 09:31,2026-08-06 15:00,1119,21456,16800,0.001,tdx_local_catalog
snapshot-20260806T091453459470Z,2026-08-06,516360.XSHG,新材料ETF华宝,XSHG,1,516360,sh516360,etf,H30597,62,specetfdata.txt,catalog,available,True,True,True,True,True,2021-05-13,2026-08-06,2024-10-08 09:35,2026-08-06 15:00,2026-04-27 09:31,2026-08-06 15:00,1271,21456,16800,0.001,tdx_local_catalog
snapshot-20260806T091453459470Z,2026-08-06,516370.XSHG,电力ETF汇添富,XSHG,1,516370,sh516370,etf,H30199,62,specetfdata.txt,catalog,available,True,True,True,True,True,2026-04-03,2026-08-06,2026-04-03 09:35,2026-08-06 15:00,2026-04-27 09:31,2026-08-06 15:00,85,4080,16800,0.001,tdx_local_catalog
snapshot-20260806T091453459470Z,2026-08-06,516380.XSHG,智能电动车ETF华,XSHG,1,516380,sh516380,etf,H11052,62,specetfdata.txt,catalog,available,True,True,True,True,True,2021-06-18,2026-08-06,2024-10-08 09:35,2026-08-06 15:00,2026-04-27 09:31,2026-08-06 15:00,1246,21456,16800,0.001,tdx_local_catalog
snapshot-20260806T091453459470Z,2026-08-06,516390.XSHG,新能源车ETF汇添,XSHG,1,516390,sh516390,etf,930997,62,specetfdata.txt,catalog,available,True,True,True,True,True,2021-06-18,2026-08-06,2024-10-08 09:35,2026-08-06 15:00,2026-04-27 09:31,2026-08-06 15:00,1246,21456,16800,0.001,tdx_local_catalog
snapshot-20260806T091453459470Z,2026-08-06,516440.XSHG,工程机械ETF南方,XSHG,1,516440,sh516440,etf,931752,62,specetfdata.txt,catalog,available,True,True,True,True,True,2026-07-09,2026-08-06,2026-07-09 09:35,2026-08-06 15:00,2026-07-09 09:31,2026-08-06 15:00,21,1008,5040,0.001,tdx_local_catalog
snapshot-20260806T091453459470Z,2026-08-06,516460.XSHG,现金流ETF800鹏华,XSHG,1,516460,sh516460,etf,932368,62,specetfdata.txt,catalog,available,True,True,True,True,True,2025-04-28,2026-08-06,2025-04-28 09:35,2026-08-06 15:00,2026-04-27 09:31,2026-08-06 15:00,311,14928,16800,0.001,tdx_local_catalog
snapshot-20260806T091453459470Z,2026-08-06,516500.XSHG,生物科技ETF华夏,XSHG,1,516500,sh516500,etf,930743,62,specetfdata.txt,catalog,available,True,True,True,True,True,2021-03-17,2026-08-06,2024-10-08 09:35,2026-08-06 15:00,2026-04-27 09:31,2026-08-06 15:00,1308,21456,16800,0.001,tdx_local_catalog
snapshot-20260806T091453459470Z,2026-08-06,516510.XSHG,云计算ETF易方达,XSHG,1,516510,sh516510,etf,930851,62,specetfdata.txt,catalog,available,True,True,True,True,True,2021-04-07,2026-08-06,2024-10-08 09:35,2026-08-06 15:00,2026-04-27 09:31,2026-08-06 15:00,1294,21456,16800,0.001,tdx_local_catalog
snapshot-20260806T091453459470Z,2026-08-06,516520.XSHG,智能驾驶ETF华泰,XSHG,1,516520,sh516520,etf,930721,62,specetfdata.txt,catalog,available,True,True,True,True,True,2021-03-01,2026-08-06,2024-10-08 09:35,2026-08-06 15:00,2026-04-27 09:31,2026-08-06 15:00,1320,21456,16800,0.001,tdx_local_catalog
snapshot-20260806T091453459470Z,2026-08-06,516530.XSHG,物流ETF银华,XSHG,1,516530,sh516530,etf,930716,62,specetfdata.txt,catalog,available,True,True,True,True,True,2022-01-17,2026-08-06,2024-10-08 09:35,2026-08-06 15:00,2026-04-27 09:31,2026-08-06 15:00,1103,21456,16800,0.001,tdx_local_catalog
snapshot-20260806T091453459470Z,2026-08-06,516550.XSHG,农业ETF嘉实,XSHG,1,516550,sh516550,etf,399814,0,specetfdata.txt,catalog,available,True,True,True,True,True,2021-04-08,2026-08-06,2024-10-08 09:35,2026-08-06 15:00,2026-04-27 09:31,2026-08-06 15:00,1293,21456,16800,0.001,tdx_local_catalog
snapshot-20260806T091453459470Z,2026-08-06,516560.XSHG,养老ETF华宝,XSHG,1,516560,sh516560,etf,399812,0,specetfdata.txt,catalog,available,True,True,True,True,True,2021-09-16,2026-08-06,2024-10-08 09:35,2026-08-06 15:00,2026-04-27 09:31,2026-08-06 15:00,1182,21456,16800,0.001,tdx_local_catalog
snapshot-20260806T091453459470Z,2026-08-06,516570.XSHG,化工行业ETF易方,XSHG,1,516570,sh516570,etf,H11057,62,specetfdata.txt,catalog,available,True,True,True,True,True,2021-06-18,2026-08-06,2024-10-08 09:35,2026-08-06 15:00,2026-04-27 09:31,2026-08-06 15:00,1246,21456,16800,0.001,tdx_local_catalog
snapshot-20260806T091453459470Z,2026-08-06,516580.XSHG,新能源ETF博时,XSHG,1,516580,sh516580,etf,399808,0,specetfdata.txt,catalog,available,True,True,True,True,True,2021-07-26,2026-08-06,2024-10-08 09:35,2026-08-06 15:00,2026-04-27 09:31,2026-08-06 15:00,1220,21456,16800,0.001,tdx_local_catalog
snapshot-20260806T091453459470Z,2026-08-06,516590.XSHG,智能汽车ETF易方,XSHG,1,516590,sh516590,etf,H11052,62,specetfdata.txt,catalog,available,True,True,True,True,True,2021-05-12,2026-08-06,2024-10-08 09:35,2026-08-06 15:00,2026-04-27 09:31,2026-08-06 15:00,1272,21456,16800,0.001,tdx_local_catalog
snapshot-20260806T091453459470Z,2026-08-06,516600.XSHG,消费服务ETF工银,XSHG,1,516600,sh516600,etf,000806,62,specetfdata.txt,catalog,available,True,True,True,True,True,2021-02-26,2026-08-06,2024-10-08 09:35,2026-08-06 15:00,2026-04-27 09:31,2026-08-06 15:00,1321,21456,16800,0.001,tdx_local_catalog
snapshot-20260806T091453459470Z,2026-08-06,516610.XSHG,医疗设备ETF大成,XSHG,1,516610,sh516610,etf,H30178,62,specetfdata.txt,catalog,available,True,True,True,True,True,2021-05-13,2026-08-06,2024-10-08 09:35,2026-08-06 15:00,2026-04-27 09:31,2026-08-06 15:00,1271,21456,16800,0.001,tdx_local_catalog
snapshot-20260806T091453459470Z,2026-08-06,516620.XSHG,影视ETF国泰,XSHG,1,516620,sh516620,etf,930781,62,specetfdata.txt,catalog,available,True,True,True,True,True,2021-11-05,2026-08-06,2024-10-08 09:35,2026-08-06 15:00,2026-04-27 09:31,2026-08-06 15:00,1153,21456,16800,0.001,tdx_local_catalog
snapshot-20260806T091453459470Z,2026-08-06,516630.XSHG,云计算ETF华夏,XSHG,1,516630,sh516630,etf,930851,62,specetfdata.txt,catalog,available,True,True,True,True,True,2021-09-03,2026-08-06,2024-10-08 09:35,2026-08-06 15:00,2026-04-27 09:31,2026-08-06 15:00,1191,21456,16800,0.001,tdx_local_catalog
snapshot-20260806T091453459470Z,2026-08-06,516640.XSHG,芯片ETF富国,XSHG,1,516640,sh516640,etf,H30007,62,specetfdata.txt,catalog,available,True,True,True,True,True,2021-08-27,2026-08-06,2024-10-08 09:35,2026-08-06 15:00,2026-04-27 09:31,2026-08-06 15:00,1196,21456,16800,0.001,tdx_local_catalog
snapshot-20260806T091453459470Z,2026-08-06,516650.XSHG,有色金属ETF华夏,XSHG,1,516650,sh516650,etf,000811,62,specetfdata.txt,catalog,available,True,True,True,True,True,2021-06-21,2026-08-06,2024-10-08 09:35,2026-08-06 15:00,2026-04-27 09:31,2026-08-06 15:00,1245,21456,16800,0.001,tdx_local_catalog
snapshot-20260806T091453459470Z,2026-08-06,516660.XSHG,新能源车ETF华安,XSHG,1,516660,sh516660,etf,399976,0,specetfdata.txt,catalog,available,True,True,True,True,True,2021-02-26,2026-08-06,2024-10-08 09:35,2026-08-06 15:00,2026-04-27 09:31,2026-08-06 15:00,1321,21456,16800,0.001,tdx_local_catalog
snapshot-20260806T091453459470Z,2026-08-06,516670.XSHG,畜牧养殖ETF招商,XSHG,1,516670,sh516670,etf,930707,62,specetfdata.txt,catalog,available,True,True,True,True,True,2021-03-26,2026-08-06,2024-10-08 09:35,2026-08-06 15:00,2026-04-27 09:31,2026-08-06 15:00,1301,21456,16800,0.001,tdx_local_catalog
snapshot-20260806T091453459470Z,2026-08-06,516700.XSHG,大数据ETF华宝,XSHG,1,516700,sh516700,etf,930902,62,specetfdata.txt,catalog,available,True,True,True,True,True,2021-05-19,2026-08-06,2024-10-08 09:35,2026-08-06 15:00,2026-04-27 09:31,2026-08-06 15:00,1267,21456,16800,0.001,tdx_local_catalog
snapshot-20260806T091453459470Z,2026-08-06,516710.XSHG,新材料ETF华夏,XSHG,1,516710,sh516710,etf,H30597,62,specetfdata.txt,catalog,available,True,True,True,True,True,2021-08-17,2026-08-06,2024-10-08 09:35,2026-08-06 15:00,2026-04-27 09:31,2026-08-06 15:00,1204,21456,16800,0.001,tdx_local_catalog
snapshot-20260806T091453459470Z,2026-08-06,516720.XSHG,ESGETF浦银,XSHG,1,516720,sh516720,etf,931476,62,specetfdata.txt,catalog,available,True,True,True,True,True,2021-08-13,2026-08-06,2024-10-08 09:35,2026-08-06 15:00,2026-04-27 09:31,2026-08-06 15:00,1206,21456,16800,0.001,tdx_local_catalog
snapshot-20260806T091453459470Z,2026-08-06,516730.XSHG,证券ETF浦银,XSHG,1,516730,sh516730,etf,931412,62,specetfdata.txt,catalog,available,True,True,True,True,True,2021-11-12,2026-08-06,2024-10-08 09:35,2026-08-06 15:00,2026-04-27 09:31,2026-08-06 15:00,1148,21456,16800,0.001,tdx_local_catalog
snapshot-20260806T091453459470Z,2026-08-06,516750.XSHG,建材ETF富国,XSHG,1,516750,sh516750,etf,931009,62,specetfdata.txt,catalog,available,True,True,True,True,True,2021-11-05,2026-08-06,2024-10-08 09:35,2026-08-06 15:00,2026-04-27 09:31,2026-08-06 15:00,1153,21456,16800,0.001,tdx_local_catalog
snapshot-20260806T091453459470Z,2026-08-06,516760.XSHG,养殖ETF平安,XSHG,1,516760,sh516760,etf,930707,62,specetfdata.txt,catalog,available,True,True,True,True,True,2021-03-12,2026-08-06,2024-10-08 09:35,2026-08-06 15:00,2026-04-27 09:31,2026-08-06 15:00,1311,21456,16800,0.001,tdx_local_catalog
snapshot-20260806T091453459470Z,2026-08-06,516770.XSHG,游戏ETF华泰柏瑞,XSHG,1,516770,sh516770,etf,930901,62,specetfdata.txt,catalog,available,True,True,True,True,True,2021-03-05,2026-08-06,2024-10-08 09:35,2026-08-06 15:00,2026-04-27 09:31,2026-08-06 15:00,1316,21456,16800,0.001,tdx_local_catalog
snapshot-20260806T091453459470Z,2026-08-06,516780.XSHG,稀土ETF华泰柏瑞,XSHG,1,516780,sh516780,etf,930598,62,specetfdata.txt,catalog,available,True,True,True,True,True,2021-03-08,2026-08-06,2024-10-08 09:35,2026-08-06 15:00,2026-04-27 09:31,2026-08-06 15:00,1315,21456,16800,0.001,tdx_local_catalog
snapshot-20260806T091453459470Z,2026-08-06,516790.XSHG,医疗ETF华泰柏瑞,XSHG,1,516790,sh516790,etf,H30178,62,specetfdata.txt,catalog,available,True,True,True,True,True,2021-08-23,2026-08-06,2024-10-08 09:35,2026-08-06 15:00,2026-04-27 09:31,2026-08-06 15:00,1200,21456,16800,0.001,tdx_local_catalog
snapshot-20260806T091453459470Z,2026-08-06,516800.XSHG,智能制造ETF华宝,XSHG,1,516800,sh516800,etf,930850,62,specetfdata.txt,catalog,available,True,True,True,True,True,2021-02-19,2026-08-06,2024-10-08 09:35,2026-08-06 15:00,2026-04-27 09:31,2026-08-06 15:00,1326,21456,16800,0.001,tdx_local_catalog
snapshot-20260806T091453459470Z,2026-08-06,516810.XSHG,农业ETF华夏,XSHG,1,516810,sh516810,etf,000949,62,specetfdata.txt,catalog,available,True,True,True,True,True,2022-01-11,2026-08-06,2024-10-08 09:35,2026-08-06 15:00,2026-04-27 09:31,2026-08-06 15:00,1107,21456,16800,0.001,tdx_local_catalog
snapshot-20260806T091453459470Z,2026-08-06,516820.XSHG,医疗创新ETF平安,XSHG,1,516820,sh516820,etf,931484,62,specetfdata.txt,catalog,available,True,True,True,True,True,2021-07-01,2026-08-06,2024-10-08 09:35,2026-08-06 15:00,2026-04-27 09:31,2026-08-06 15:00,1237,21456,16800,0.001,tdx_local_catalog
snapshot-20260806T091453459470Z,2026-08-06,516830.XSHG,沪深300ESGETF富,XSHG,1,516830,sh516830,etf,931463,62,specetfdata.txt,catalog,available,True,True,True,True,True,2021-07-05,2026-08-06,2024-10-08 09:35,2026-08-06 15:00,2026-04-27 09:31,2026-08-06 15:00,1235,21456,16800,0.001,tdx_local_catalog
snapshot-20260806T091453459470Z,2026-08-06,516840.XSHG,汽车ETF南方,XSHG,1,516840,sh516840,etf,931008,62,specetfdata.txt,catalog,available,True,True,True,True,True,2026-05-13,2026-08-06,2026-05-13 09:35,2026-08-06 15:00,2026-05-13 09:31,2026-08-06 15:00,61,2928,14640,0.001,tdx_local_catalog
snapshot-20260806T091453459470Z,2026-08-06,516850.XSHG,新能源ETF华夏,XSHG,1,516850,sh516850,etf,399808,0,specetfdata.txt,catalog,available,True,True,True,True,True,2021-03-19,2026-08-06,2024-10-08 09:35,2026-08-06 15:00,2026-04-27 09:31,2026-08-06 15:00,1306,21456,16800,0.001,tdx_local_catalog
snapshot-20260806T091453459470Z,2026-08-06,516860.XSHG,金融科技ETF博时,XSHG,1,516860,sh516860,etf,930986,62,specetfdata.txt,catalog,available,True,True,True,True,True,2021-10-11,2026-08-06,2024-10-08 09:35,2026-08-06 15:00,2026-04-27 09:31,2026-08-06 15:00,1172,21456,16800,0.001,tdx_local_catalog
snapshot-20260806T091453459470Z,2026-08-06,516880.XSHG,光伏ETF银华,XSHG,1,516880,sh516880,etf,931151,62,specetfdata.txt,catalog,available,True,True,True,True,True,2021-01-18,2026-08-06,2024-10-08 09:35,2026-08-06 15:00,2026-04-27 09:31,2026-08-06 15:00,1345,21456,16800,0.001,tdx_local_catalog
snapshot-20260806T091453459470Z,2026-08-06,516890.XSHG,新材料ETF平安,XSHG,1,516890,sh516890,etf,H30597,62,specetfdata.txt,catalog,available,True,True,True,True,True,2021-07-28,2026-08-06,2024-10-08 09:35,2026-08-06 15:00,2026-04-27 09:31,2026-08-06 15:00,1218,21456,16800,0.001,tdx_local_catalog
snapshot-20260806T091453459470Z,2026-08-06,516900.XSHG,食品饮料ETF华安,XSHG,1,516900,sh516900,etf,000807,62,specetfdata.txt,catalog,available,True,True,True,True,True,2021-04-28,2026-08-06,2024-10-08 09:35,2026-08-06 15:00,2026-04-27 09:31,2026-08-06 15:00,1279,21456,16800,0.001,tdx_local_catalog
snapshot-20260806T091453459470Z,2026-08-06,516910.XSHG,物流ETF富国,XSHG,1,516910,sh516910,etf,930716,62,specetfdata.txt,catalog,available,True,True,True,True,True,2021-06-11,2026-08-06,2024-10-08 09:35,2026-08-06 15:00,2026-04-27 09:31,2026-08-06 15:00,1250,21456,16800,0.001,tdx_local_catalog
snapshot-20260806T091453459470Z,2026-08-06,516920.XSHG,芯片ETF汇添富,XSHG,1,516920,sh516920,etf,H30007,62,specetfdata.txt,catalog,available,True,True,True,True,True,2021-08-16,2026-08-06,2024-10-08 09:35,2026-08-06 15:00,2026-04-27 09:31,2026-08-06 15:00,1205,21456,16800,0.001,tdx_local_catalog
snapshot-20260806T091453459470Z,2026-08-06,516930.XSHG,生物科技ETF民生,XSHG,1,516930,sh516930,etf,930743,62,specetfdata.txt,catalog,available,True,True,True,True,True,2021-08-18,2026-08-06,2024-10-08 09:35,2026-08-06 15:00,2026-04-27 09:31,2026-08-06 15:00,1203,21456,16800,0.001,tdx_local_catalog
snapshot-20260806T091453459470Z,2026-08-06,516950.XSHG,基建ETF银华,XSHG,1,516950,sh516950,etf,930608,62,specetfdata.txt,catalog,available,True,True,True,True,True,2021-05-14,2026-08-06,2024-10-08 09:35,2026-08-06 15:00,2026-04-27 09:31,2026-08-06 15:00,1270,21456,16800,0.001,tdx_local_catalog
snapshot-20260806T091453459470Z,2026-08-06,516960.XSHG,机械ETF国泰,XSHG,1,516960,sh516960,etf,000812,62,specetfdata.txt,catalog,available,True,True,True,True,True,2021-05-07,2026-08-06,2024-10-08 09:35,2026-08-06 15:00,2026-04-27 09:31,2026-08-06 15:00,1275,21456,16800,0.001,tdx_local_catalog
snapshot-20260806T091453459470Z,2026-08-06,516970.XSHG,基建ETF广发,XSHG,1,516970,sh516970,etf,399995,0,specetfdata.txt,catalog,available,True,True,True,True,True,2021-07-05,2026-08-06,2024-10-08 09:35,2026-08-06 15:00,2026-04-27 09:31,2026-08-06 15:00,1235,21456,16800,0.001,tdx_local_catalog
snapshot-20260806T091453459470Z,2026-08-06,516980.XSHG,证券先锋ETF华富,XSHG,1,516980,sh516980,etf,931402,62,specetfdata.txt,catalog,available,True,True,True,True,True,2021-06-24,2026-08-06,2024-10-08 09:35,2026-08-06 15:00,2026-04-27 09:31,2026-08-06 15:00,1242,21456,16800,0.001,tdx_local_catalog
snapshot-20260806T091453459470Z,2026-08-06,517000.XSHG,沪港深500ETF银华,XSHG,1,517000,sh517000,etf,H30455,62,specetfdata.txt,catalog,available,True,True,True,True,True,2021-03-05,2026-08-06,2024-10-08 09:35,2026-08-06 15:00,2026-04-27 09:31,2026-08-06 15:00,1316,21456,16800,0.001,tdx_local_catalog
snapshot-20260806T091453459470Z,2026-08-06,517010.XSHG,沪港深500ETF易方,XSHG,1,517010,sh517010,etf,H30455,62,specetfdata.txt,catalog,available,True,True,True,True,True,2021-08-12,2026-08-06,2024-10-08 09:35,2026-08-06 15:00,2026-04-27 09:31,2026-08-06 15:00,1207,21456,16800,0.001,tdx_local_catalog
snapshot-20260806T091453459470Z,2026-08-06,517030.XSHG,沪港深300ETF易方,XSHG,1,517030,sh517030,etf,931395,62,specetfdata.txt,catalog,available,True,True,True,True,True,2021-09-27,2026-08-06,2024-10-08 09:35,2026-08-06 15:00,2026-04-27 09:31,2026-08-06 15:00,1177,21456,16800,0.001,tdx_local_catalog
snapshot-20260806T091453459470Z,2026-08-06,517050.XSHG,互联网ETF华泰柏,XSHG,1,517050,sh517050,etf,930625,62,specetfdata.txt,catalog,available,True,True,True,True,True,2021-02-08,2026-08-06,2024-10-08 09:35,2026-08-06 15:00,2026-04-27 09:31,2026-08-06 15:00,1330,21456,16800,0.001,tdx_local_catalog
snapshot-20260806T091453459470Z,2026-08-06,517080.XSHG,沪港深500ETF汇添,XSHG,1,517080,sh517080,etf,H30455,62,specetfdata.txt,catalog,available,True,True,True,True,True,2021-02-22,2026-08-06,2024-10-08 09:35,2026-08-06 15:00,2026-04-27 09:31,2026-08-06 15:00,1325,21456,16800,0.001,tdx_local_catalog
snapshot-20260806T091453459470Z,2026-08-06,517090.XSHG,央企共赢ETF国泰,XSHG,1,517090,sh517090,etf,GPCCH003,12,specetfdata.txt,catalog,available,True,True,True,True,True,2021-12-28,2026-08-06,2024-10-08 09:35,2026-08-06 15:00,2026-04-27 09:31,2026-08-06 15:00,1116,21456,16800,0.001,tdx_local_catalog
snapshot-20260806T091453459470Z,2026-08-06,517100.XSHG,沪港深500ETF富国,XSHG,1,517100,sh517100,etf,H30455,62,specetfdata.txt,catalog,available,True,True,True,True,True,2021-03-02,2026-08-06,2024-10-08 09:35,2026-08-06 15:00,2026-04-27 09:31,2026-08-06 15:00,1319,21456,16800,0.001,tdx_local_catalog
snapshot-20260806T091453459470Z,2026-08-06,517110.XSHG,创新药ETF国泰,XSHG,1,517110,sh517110,etf,931409,62,specetfdata.txt,catalog,available,True,True,True,True,True,2021-09-30,2026-08-06,2024-10-08 09:35,2026-08-06 15:00,2026-04-27 09:31,2026-08-06 15:00,1174,21456,16800,0.001,tdx_local_catalog
snapshot-20260806T091453459470Z,2026-08-06,517120.XSHG,创新药ETF华泰柏,XSHG,1,517120,sh517120,etf,931409,62,specetfdata.txt,catalog,available,True,True,True,True,True,2021-07-19,2026-08-06,2024-10-08 09:35,2026-08-06 15:00,2026-04-27 09:31,2026-08-06 15:00,1225,21456,16800,0.001,tdx_local_catalog
snapshot-20260806T091453459470Z,2026-08-06,517130.XSHG,云计算ETF嘉实,XSHG,1,517130,sh517130,etf,931470,62,specetfdata.txt,catalog,available,True,True,True,True,True,2026-06-01,2026-08-06,2026-06-01 09:35,2026-08-06 15:00,2026-06-01 09:31,2026-08-06 15:00,48,2304,11520,0.001,tdx_local_catalog
snapshot-20260806T091453459470Z,2026-08-06,517160.XSHG,长江保护ETF南方,XSHG,1,517160,sh517160,etf,931554,62,specetfdata.txt,catalog,available,True,True,True,True,True,2022-01-05,2026-08-06,2024-10-08 09:35,2026-08-06 15:00,2026-04-27 09:31,2026-08-06 15:00,1111,21456,16800,0.001,tdx_local_catalog
snapshot-20260806T091453459470Z,2026-08-06,517170.XSHG,沪港深500ETF华夏,XSHG,1,517170,sh517170,etf,H30455,62,specetfdata.txt,catalog,available,True,True,True,True,True,2021-04-20,2026-08-06,2024-10-08 09:35,2026-08-06 15:00,2026-04-27 09:31,2026-08-06 15:00,1285,21456,16800,0.001,tdx_local_catalog
snapshot-20260806T091453459470Z,2026-08-06,517180.XSHG,中国国企ETF南方,XSHG,1,517180,sh517180,etf,GPCCH003,12,specetfdata.txt,catalog,available,True,True,True,True,True,2021-12-28,2026-08-06,2024-10-08 09:35,2026-08-06 15:00,2026-04-27 09:31,2026-08-06 15:00,1116,21456,16800,0.001,tdx_local_catalog
snapshot-20260806T091453459470Z,2026-08-06,517200.XSHG,互联网ETF嘉实,XSHG,1,517200,sh517200,etf,930625,62,specetfdata.txt,catalog,available,True,True,True,True,True,2021-02-08,2026-08-06,2024-10-08 09:35,2026-08-06 15:00,2026-04-27 09:31,2026-08-06 15:00,1330,21456,16800,0.001,tdx_local_catalog
snapshot-20260806T091453459470Z,2026-08-06,517300.XSHG,沪港深300ETF国寿,XSHG,1,517300,sh517300,etf,931395,62,specetfdata.txt,catalog,available,True,True,True,True,True,2021-02-24,2026-08-06,2024-10-08 09:35,2026-08-06 15:00,2026-04-27 09:31,2026-08-06 15:00,1323,21456,16800,0.001,tdx_local_catalog
snapshot-20260806T091453459470Z,2026-08-06,517330.XSHG,长江保护ETF易方,XSHG,1,517330,sh517330,etf,931554,62,specetfdata.txt,catalog,available,True,True,True,True,True,2022-01-05,2026-08-06,2024-10-08 09:35,2026-08-06 15:00,2026-04-27 09:31,2026-08-06 15:00,1111,21456,16800,0.001,tdx_local_catalog
snapshot-20260806T091453459470Z,2026-08-06,517350.XSHG,沪港深科技ETF广,XSHG,1,517350,sh517350,etf,931524,62,specetfdata.txt,catalog,available,True,True,True,True,True,2021-06-03,2026-08-06,2024-10-08 09:35,2026-08-06 15:00,2026-04-27 09:31,2026-08-06 15:00,1256,21456,16800,0.001,tdx_local_catalog
snapshot-20260806T091453459470Z,2026-08-06,517360.XSHG,沪港深科技ETF华,XSHG,1,517360,sh517360,etf,931442,62,specetfdata.txt,catalog,available,True,True,True,True,True,2021-07-05,2026-08-06,2024-10-08 09:35,2026-08-06 15:00,2026-04-27 09:31,2026-08-06 15:00,1235,21456,16800,0.001,tdx_local_catalog
snapshot-20260806T091453459470Z,2026-08-06,517380.XSHG,创新药ETF天弘,XSHG,1,517380,sh517380,etf,HZ5370,27,specetfdata.txt,catalog,available,True,True,True,True,True,2021-08-09,2026-08-06,2024-10-08 09:35,2026-08-06 15:00,2026-04-27 09:31,2026-08-06 15:00,1210,21456,16800,0.001,tdx_local_catalog
snapshot-20260806T091453459470Z,2026-08-06,517390.XSHG,云计算ETF天弘,XSHG,1,517390,sh517390,etf,931470,62,specetfdata.txt,catalog,available,True,True,True,True,True,2021-12-23,2026-08-06,2024-10-08 09:35,2026-08-06 15:00,2026-04-27 09:31,2026-08-06 15:00,1119,21456,16800,0.001,tdx_local_catalog
snapshot-20260806T091453459470Z,2026-08-06,517400.XSHG,黄金股ETF国泰,XSHG,1,517400,sh517400,etf,931238,62,specetfdata.txt,catalog,available,True,True,True,True,True,2024-05-08,2026-08-06,2024-10-08 09:35,2026-08-06 15:00,2026-04-27 09:31,2026-08-06 15:00,548,21456,16800,0.001,tdx_local_catalog
snapshot-20260806T091453459470Z,2026-08-06,517520.XSHG,黄金股ETF永赢,XSHG,1,517520,sh517520,etf,931238,62,specetfdata.txt,catalog,available,True,True,True,True,True,2023-11-01,2026-08-06,2024-10-08 09:35,2026-08-06 15:00,2026-04-27 09:31,2026-08-06 15:00,671,21456,16800,0.001,tdx_local_catalog
snapshot-20260806T091453459470Z,2026-08-06,517550.XSHG,沪港深消费龙头ET,XSHG,1,517550,sh517550,etf,931663,62,specetfdata.txt,catalog,available,True,True,True,True,True,2022-02-08,2026-08-06,2024-10-08 09:35,2026-08-06 15:00,2026-04-27 09:31,2026-08-06 15:00,1092,21456,16800,0.001,tdx_local_catalog
snapshot-20260806T091453459470Z,2026-08-06,517660.XSHG,物联网ETF天弘,XSHG,1,517660,sh517660,etf,931575,62,specetfdata.txt,catalog,available,True,True,True,True,True,2021-10-25,2026-08-06,2024-10-08 09:35,2026-08-06 15:00,2026-04-27 09:31,2026-08-06 15:00,1162,21456,16800,0.001,tdx_local_catalog
snapshot-20260806T091453459470Z,2026-08-06,517770.XSHG,游戏传媒ETF浦银,XSHG,1,517770,sh517770,etf,931580,62,specetfdata.txt,catalog,available,True,True,True,True,True,2021-12-03,2026-08-06,2024-10-08 09:35,2026-08-06 15:00,2026-04-27 09:31,2026-08-06 15:00,1133,21456,16800,0.001,tdx_local_catalog
snapshot-20260806T091453459470Z,2026-08-06,517800.XSHG,人工智能50ETF方,XSHG,1,517800,sh517800,etf,931487,62,specetfdata.txt,catalog,available,True,True,True,True,True,2021-08-26,2026-08-06,2024-10-08 09:35,2026-08-06 15:00,2026-04-27 09:31,2026-08-06 15:00,1197,21456,16800,0.001,tdx_local_catalog
snapshot-20260806T091453459470Z,2026-08-06,517850.XSHG,张江ETF汇添富,XSHG,1,517850,sh517850,etf,931596,62,specetfdata.txt,catalog,available,True,True,True,True,True,2022-05-16,2026-08-06,2024-10-08 09:35,2026-08-06 15:00,2026-04-27 09:31,2026-08-06 15:00,1028,21456,16800,0.001,tdx_local_catalog
snapshot-20260806T091453459470Z,2026-08-06,517880.XSHG,品牌消费ETF华泰,XSHG,1,517880,sh517880,etf,931404,62,specetfdata.txt,catalog,available,True,True,True,True,True,2021-12-01,2026-08-06,2024-10-08 09:35,2026-08-06 15:00,2026-04-27 09:31,2026-08-06 15:00,1135,21456,16800,0.001,tdx_local_catalog
snapshot-20260806T091453459470Z,2026-08-06,517900.XSHG,银行AH优选ETF招,XSHG,1,517900,sh517900,etf,931039,62,specetfdata.txt,catalog,available,True,True,True,True,True,2022-03-25,2026-08-06,2024-10-08 09:35,2026-08-06 15:00,2026-04-27 09:31,2026-08-06 15:00,1059,21456,16800,0.001,tdx_local_catalog
snapshot-20260806T091453459470Z,2026-08-06,517950.XSHG,沪深港科技50ETF,XSHG,1,517950,sh517950,etf,931785,62,specetfdata.txt,catalog,available,True,True,True,True,True,2025-12-18,2026-08-06,2025-12-18 09:35,2026-08-06 15:00,2026-04-27 09:31,2026-08-06 15:00,153,7344,16800,0.001,tdx_local_catalog
snapshot-20260806T091453459470Z,2026-08-06,517990.XSHG,沪港深医药ETF招,XSHG,1,517990,sh517990,etf,H30463,62,specetfdata.txt,catalog,available,True,True,True,True,True,2022-05-19,2026-08-06,2024-10-08 09:35,2026-08-06 15:00,2026-04-27 09:31,2026-08-06 15:00,1025,21456,16800,0.001,tdx_local_catalog
snapshot-20260806T091453459470Z,2026-08-06,518600.XSHG,金ETF广发,XSHG,1,518600,sh518600,etf,Au99.99,46,specetfdata.txt,catalog,available,True,True,True,True,True,2020-08-05,2026-08-06,2024-10-08 09:35,2026-08-06 15:00,2026-04-27 09:31,2026-08-06 15:00,1456,21456,16800,0.001,tdx_local_catalog
snapshot-20260806T091453459470Z,2026-08-06,518660.XSHG,黄金ETF工银,XSHG,1,518660,sh518660,etf,Au99.99,46,specetfdata.txt,catalog,available,True,True,True,True,True,2020-05-29,2026-08-06,2024-10-08 09:35,2026-08-06 15:00,2026-04-27 09:31,2026-08-06 15:00,1502,21456,16800,0.001,tdx_local_catalog
snapshot-20260806T091453459470Z,2026-08-06,518680.XSHG,金ETF富国,XSHG,1,518680,sh518680,etf,Au99.99,46,specetfdata.txt,catalog,available,True,True,True,True,True,2020-07-28,2026-08-06,2024-10-08 09:35,2026-08-06 15:00,2026-04-27 09:31,2026-08-06 15:00,1462,21456,16800,0.001,tdx_local_catalog
snapshot-20260806T091453459470Z,2026-08-06,518800.XSHG,黄金ETF国泰,XSHG,1,518800,sh518800,etf,Au99.99,46,specetfdata.txt,catalog,available,True,True,True,True,True,2013-07-29,2026-08-06,2024-10-08 09:35,2026-08-06 15:00,2026-04-27 09:31,2026-08-06 15:00,3167,21456,16800,0.001,tdx_local_catalog
snapshot-20260806T091453459470Z,2026-08-06,518850.XSHG,黄金ETF华夏,XSHG,1,518850,sh518850,etf,Au99.99,46,specetfdata.txt,catalog,available,True,True,True,True,True,2020-06-05,2026-08-06,2024-10-08 09:35,2026-08-06 15:00,2026-04-27 09:31,2026-08-06 15:00,1497,21456,16800,0.001,tdx_local_catalog
snapshot-20260806T091453459470Z,2026-08-06,518860.XSHG,上海金ETF建信,XSHG,1,518860,sh518860,etf,Au99.99,46,specetfdata.txt,catalog,available,True,True,True,True,True,2020-09-07,2026-08-06,2024-10-08 09:35,2026-08-06 15:00,2026-04-27 09:31,2026-08-06 15:00,1433,21456,16800,0.001,tdx_local_catalog
snapshot-20260806T091453459470Z,2026-08-06,518880.XSHG,黄金ETF华安,XSHG,1,518880,sh518880,etf,Au99.99,46,specetfdata.txt,catalog,available,True,True,True,True,True,2013-07-29,2026-08-06,2024-10-08 09:35,2026-08-06 15:00,2026-04-27 09:31,2026-08-06 15:00,3167,21456,16800,0.001,tdx_local_catalog
snapshot-20260806T091453459470Z,2026-08-06,518890.XSHG,上海金ETF中银,XSHG,1,518890,sh518890,etf,Au99.99,46,specetfdata.txt,catalog,available,True,True,True,True,True,2020-09-28,2026-08-06,2024-10-08 09:35,2026-08-06 15:00,2026-04-27 09:31,2026-08-06 15:00,1418,21456,16800,0.001,tdx_local_catalog
snapshot-20260806T091453459470Z,2026-08-06,520500.XSHG,恒生创新药ETF华,XSHG,1,520500,sh520500,etf,HZ5489,27,specetfdata.txt,catalog,available,True,True,True,True,True,2024-12-27,2026-08-06,2024-12-27 09:35,2026-08-06 15:00,2026-04-27 09:31,2026-08-06 15:00,389,18672,16800,0.001,tdx_local_catalog
snapshot-20260806T091453459470Z,2026-08-06,520510.XSHG,港股通医疗ETF华,XSHG,1,520510,sh520510,etf,932069CNY200,62,specetfdata.txt,catalog,available,True,True,True,True,True,2025-08-07,2026-08-06,2025-08-07 09:35,2026-08-06 15:00,2026-04-27 09:31,2026-08-06 15:00,242,11616,16800,0.001,tdx_local_catalog
snapshot-20260806T091453459470Z,2026-08-06,520520.XSHG,恒生消费ETF华泰,XSHG,1,520520,sh520520,etf,HZ5314,27,specetfdata.txt,catalog,available,True,True,True,True,True,2024-11-01,2026-08-06,2024-11-01 09:35,2026-08-06 15:00,2026-04-27 09:31,2026-08-06 15:00,429,20592,16800,0.001,tdx_local_catalog
snapshot-20260806T091453459470Z,2026-08-06,520530.XSHG,港股通科技ETF东,XSHG,1,520530,sh520530,etf,931573,62,specetfdata.txt,catalog,available,True,True,True,True,True,2025-12-08,2026-08-06,2025-12-08 09:35,2026-08-06 15:00,2026-04-27 09:31,2026-08-06 15:00,161,7728,16800,0.001,tdx_local_catalog
snapshot-20260806T091453459470Z,2026-08-06,520550.XSHG,港股红利低波ETF,XSHG,1,520550,sh520550,etf,HZ5339,27,specetfdata.txt,catalog,available,True,True,True,True,True,2025-01-24,2026-08-06,2025-01-24 09:35,2026-08-06 15:00,2026-04-27 09:31,2026-08-06 15:00,370,17760,16800,0.001,tdx_local_catalog
snapshot-20260806T091453459470Z,2026-08-06,520560.XSHG,香港大盘30ETF华,XSHG,1,520560,sh520560,etf,HZ5021,27,specetfdata.txt,catalog,available,True,True,True,True,True,2025-10-13,2026-08-06,2025-10-13 09:35,2026-08-06 15:00,2026-04-27 09:31,2026-08-06 15:00,201,9648,16800,0.001,tdx_local_catalog
snapshot-20260806T091453459470Z,2026-08-06,520570.XSHG,恒生科技ETF南方,XSHG,1,520570,sh520570,etf,HZ5017,27,specetfdata.txt,catalog,available,True,True,True,True,True,2025-11-17,2026-08-06,2025-11-17 09:35,2026-08-06 15:00,2026-04-27 09:31,2026-08-06 15:00,176,8448,16800,0.001,tdx_local_catalog
snapshot-20260806T091453459470Z,2026-08-06,520580.XSHG,新兴亚洲ETF招商,XSHG,1,520580,sh520580,etf,ES50,12,specetfdata.txt,catalog,available,True,True,True,True,True,2025-02-20,2026-08-06,2025-02-20 09:35,2026-08-06 15:00,2026-04-27 09:31,2026-08-06 15:00,357,17136,16800,0.001,tdx_local_catalog
snapshot-20260806T091453459470Z,2026-08-06,520590.XSHG,恒生科技ETF鹏华,XSHG,1,520590,sh520590,etf,HZ5017,27,specetfdata.txt,catalog,available,True,True,True,True,True,2025-12-01,2026-08-06,2025-12-01 09:35,2026-08-06 15:00,2026-04-27 09:31,2026-08-06 15:00,166,7968,16800,0.001,tdx_local_catalog
snapshot-20260806T091453459470Z,2026-08-06,520600.XSHG,港股通汽车ETF广,XSHG,1,520600,sh520600,etf,931239,62,specetfdata.txt,catalog,available,True,True,True,True,True,2024-12-30,2026-08-06,2024-12-30 09:35,2026-08-06 15:00,2026-04-27 09:31,2026-08-06 15:00,388,18624,16800,0.001,tdx_local_catalog
snapshot-20260806T091453459470Z,2026-08-06,520610.XSHG,港股红利低波ETF,XSHG,1,520610,sh520610,etf,SPAHLVCP,12,specetfdata.txt,catalog,available,True,True,True,True,True,2026-02-09,2026-08-06,2026-02-09 09:35,2026-08-06 15:00,2026-04-27 09:31,2026-08-06 15:00,118,5664,16800,0.001,tdx_local_catalog
snapshot-20260806T091453459470Z,2026-08-06,520620.XSHG,恒生消费ETF嘉实,XSHG,1,520620,sh520620,etf,HZ5314,27,specetfdata.txt,catalog,available,True,True,True,True,True,2025-08-19,2026-08-06,2025-08-19 09:35,2026-08-06 15:00,2026-04-27 09:31,2026-08-06 15:00,234,11232,16800,0.001,tdx_local_catalog
snapshot-20260806T091453459470Z,2026-08-06,520630.XSHG,港股通互联网ETF,XSHG,1,520630,sh520630,etf,931637,62,specetfdata.txt,catalog,available,True,True,True,True,True,2025-12-22,2026-08-06,2025-12-22 09:35,2026-08-06 15:00,2026-04-27 09:31,2026-08-06 15:00,151,7248,16800,0.001,tdx_local_catalog
snapshot-20260806T091453459470Z,2026-08-06,520650.XSHG,港股通互联网ETF,XSHG,1,520650,sh520650,etf,931637,62,specetfdata.txt,catalog,available,True,True,True,True,True,2025-11-10,2026-08-06,2025-11-10 09:35,2026-08-06 15:00,2026-04-27 09:31,2026-08-06 15:00,181,8688,16800,0.001,tdx_local_catalog
snapshot-20260806T091453459470Z,2026-08-06,520660.XSHG,港股通央企红利ET,XSHG,1,520660,sh520660,etf,931722,62,specetfdata.txt,catalog,available,True,True,True,True,True,2024-07-10,2026-08-06,2024-10-08 09:35,2026-08-06 15:00,2026-04-27 09:31,2026-08-06 15:00,504,21456,16800,0.001,tdx_local_catalog
snapshot-20260806T091453459470Z,2026-08-06,520670.XSHG,港股通科技ETF嘉,XSHG,1,520670,sh520670,etf,HZ5506,27,specetfdata.txt,catalog,available,True,True,True,True,True,2025-08-19,2026-08-06,2025-08-19 09:35,2026-08-06 15:00,2026-04-27 09:31,2026-08-06 15:00,234,11232,16800,0.001,tdx_local_catalog
snapshot-20260806T091453459470Z,2026-08-06,520680.XSHG,港股通汽车ETF南,XSHG,1,520680,sh520680,etf,931239,62,specetfdata.txt,catalog,available,True,True,True,True,True,2026-03-26,2026-08-06,2026-03-26 09:35,2026-08-06 15:00,2026-04-27 09:31,2026-08-06 15:00,91,4368,16800,0.001,tdx_local_catalog
snapshot-20260806T091453459470Z,2026-08-06,520690.XSHG,港股创新药ETF博,XSHG,1,520690,sh520690,etf,HZ5517,27,specetfdata.txt,catalog,available,True,True,True,True,True,2025-08-01,2026-08-06,2025-08-01 09:35,2026-08-06 15:00,2026-04-27 09:31,2026-08-06 15:00,246,11808,16800,0.001,tdx_local_catalog
snapshot-20260806T091453459470Z,2026-08-06,520700.XSHG,港股通创新药ETF,XSHG,1,520700,sh520700,etf,931250,62,specetfdata.txt,catalog,available,True,True,True,True,True,2024-10-14,2026-08-06,2024-10-14 09:35,2026-08-06 15:00,2026-04-27 09:31,2026-08-06 15:00,443,21264,16800,0.001,tdx_local_catalog
snapshot-20260806T091453459470Z,2026-08-06,520710.XSHG,港股通信息技术ET,XSHG,1,520710,sh520710,etf,930967,62,specetfdata.txt,catalog,available,True,True,True,True,True,2026-06-01,2026-08-06,2026-06-01 09:35,2026-08-06 15:00,2026-06-01 09:31,2026-08-06 15:00,48,2304,11520,0.001,tdx_local_catalog
snapshot-20260806T091453459470Z,2026-08-06,520720.XSHG,港股汽车ETF国泰,XSHG,1,520720,sh520720,etf,931239,62,specetfdata.txt,catalog,available,True,True,True,True,True,2025-09-25,2026-08-06,2025-09-25 09:35,2026-08-06 15:00,2026-04-27 09:31,2026-08-06 15:00,207,9936,16800,0.001,tdx_local_catalog
snapshot-20260806T091453459470Z,2026-08-06,520730.XSHG,港股通汽车ETF万,XSHG,1,520730,sh520730,etf,HZ5554,27,specetfdata.txt,catalog,available,True,True,True,True,True,2026-05-15,2026-08-06,2026-05-15 09:35,2026-08-06 15:00,2026-05-15 09:31,2026-08-06 15:00,59,2832,14160,0.001,tdx_local_catalog
snapshot-20260806T091453459470Z,2026-08-06,520750.XSHG,港股通信息ETF华,XSHG,1,520750,sh520750,etf,930967,62,specetfdata.txt,catalog,available,True,True,True,True,True,2026-07-10,2026-08-06,2026-07-10 09:35,2026-08-06 15:00,2026-07-10 09:31,2026-08-06 15:00,20,960,4800,0.001,tdx_local_catalog
snapshot-20260806T091453459470Z,2026-08-06,520760.XSHG,恒生生物科技ETF,XSHG,1,520760,sh520760,etf,HZ5366,27,specetfdata.txt,catalog,available,True,True,True,True,True,2026-03-02,2026-08-06,2026-03-02 09:35,2026-08-06 15:00,2026-04-27 09:31,2026-08-06 15:00,109,5232,16800,0.001,tdx_local_catalog
snapshot-20260806T091453459470Z,2026-08-06,520770.XSHG,恒指港股通ETF建,XSHG,1,520770,sh520770,etf,HZ5552,27,specetfdata.txt,catalog,available,True,True,True,True,True,2026-01-26,2026-08-06,2026-01-26 09:35,2026-08-06 15:00,2026-04-27 09:31,2026-08-06 15:00,128,6144,16800,0.001,tdx_local_catalog
snapshot-20260806T091453459470Z,2026-08-06,520780.XSHG,港股通汽车ETF华,XSHG,1,520780,sh520780,etf,931239,62,specetfdata.txt,catalog,available,True,True,True,True,True,2025-12-29,2026-08-06,2025-12-29 09:35,2026-08-06 15:00,2026-04-27 09:31,2026-08-06 15:00,146,7008,16800,0.001,tdx_local_catalog
snapshot-20260806T091453459470Z,2026-08-06,520790.XSHG,港股通互联网ETF,XSHG,1,520790,sh520790,etf,931637,62,specetfdata.txt,catalog,available,True,True,True,True,True,2026-03-30,2026-08-06,2026-03-30 09:35,2026-08-06 15:00,2026-04-27 09:31,2026-08-06 15:00,89,4272,16800,0.001,tdx_local_catalog
snapshot-20260806T091453459470Z,2026-08-06,520810.XSHG,港股通红利ETF易,XSHG,1,520810,sh520810,etf,930914,62,specetfdata.txt,catalog,available,True,True,True,True,True,2026-01-12,2026-08-06,2026-01-12 09:35,2026-08-06 15:00,2026-04-27 09:31,2026-08-06 15:00,138,6624,16800,0.001,tdx_local_catalog
snapshot-20260806T091453459470Z,2026-08-06,520820.XSHG,恒指港股通ETF汇,XSHG,1,520820,sh520820,etf,HZ5552,27,specetfdata.txt,catalog,available,True,True,True,True,True,2025-12-15,2026-08-06,2025-12-15 09:35,2026-08-06 15:00,2026-04-27 09:31,2026-08-06 15:00,156,7488,16800,0.001,tdx_local_catalog
snapshot-20260806T091453459470Z,2026-08-06,520830.XSHG,沙特ETF华泰柏瑞,XSHG,1,520830,sh520830,etf,WISAUS,12,specetfdata.txt,catalog,available,True,True,True,True,True,2024-07-16,2026-08-06,2024-10-08 09:35,2026-08-06 15:00,2026-04-27 09:31,2026-08-06 15:00,500,21456,16800,0.001,tdx_local_catalog
snapshot-20260806T091453459470Z,2026-08-06,520840.XSHG,港股通恒生科技ET,XSHG,1,520840,sh520840,etf,HZ5506,27,specetfdata.txt,catalog,available,True,True,True,True,True,2025-08-25,2026-08-06,2025-08-25 09:35,2026-08-06 15:00,2026-04-27 09:31,2026-08-06 15:00,230,11040,16800,0.001,tdx_local_catalog
snapshot-20260806T091453459470Z,2026-08-06,520850.XSHG,港股通医疗ETF易,XSHG,1,520850,sh520850,etf,932069,62,specetfdata.txt,catalog,available,True,True,True,True,True,2026-01-19,2026-08-06,2026-01-19 09:35,2026-08-06 15:00,2026-04-27 09:31,2026-08-06 15:00,133,6384,16800,0.001,tdx_local_catalog
snapshot-20260806T091453459470Z,2026-08-06,520860.XSHG,港股通科技ETF富,XSHG,1,520860,sh520860,etf,931573,62,specetfdata.txt,catalog,available,True,True,True,True,True,2025-07-25,2026-08-06,2025-07-25 09:35,2026-08-06 15:00,2026-04-27 09:31,2026-08-06 15:00,251,12048,16800,0.001,tdx_local_catalog
snapshot-20260806T091453459470Z,2026-08-06,520870.XSHG,巴西ETF易方达,XSHG,1,520870,sh520870,etf,BOVESPA,12,specetfdata.txt,catalog,available,True,True,True,True,True,2025-11-13,2026-08-06,2025-11-13 09:35,2026-08-06 15:00,2026-04-27 09:31,2026-08-06 15:00,178,8544,16800,0.001,tdx_local_catalog
snapshot-20260806T091453459470Z,2026-08-06,520880.XSHG,港股通创新药ETF,XSHG,1,520880,sh520880,etf,HZ5517,27,specetfdata.txt,catalog,available,True,True,True,True,True,2025-07-07,2026-08-06,2025-07-07 09:35,2026-08-06 15:00,2026-04-27 09:31,2026-08-06 15:00,265,12720,16800,0.001,tdx_local_catalog
snapshot-20260806T091453459470Z,2026-08-06,520890.XSHG,港股通红利低波ET,XSHG,1,520890,sh520890,etf,HZ5339,27,specetfdata.txt,catalog,available,True,True,True,True,True,2024-09-20,2026-08-06,2024-10-08 09:35,2026-08-06 15:00,2026-04-27 09:31,2026-08-06 15:00,454,21456,16800,0.001,tdx_local_catalog
snapshot-20260806T091453459470Z,2026-08-06,520900.XSHG,港股通红利ETF广,XSHG,1,520900,sh520900,etf,931722,62,specetfdata.txt,catalog,available,True,True,True,True,True,2024-07-10,2026-08-06,2024-10-08 09:35,2026-08-06 15:00,2026-04-27 09:31,2026-08-06 15:00,504,21456,16800,0.001,tdx_local_catalog
snapshot-20260806T091453459470Z,2026-08-06,520910.XSHG,港股通互联网ETF,XSHG,1,520910,sh520910,etf,931637,62,specetfdata.txt,catalog,available,True,True,True,True,True,2026-02-02,2026-08-06,2026-02-02 09:35,2026-08-06 15:00,2026-04-27 09:31,2026-08-06 15:00,123,5904,16800,0.001,tdx_local_catalog
snapshot-20260806T091453459470Z,2026-08-06,520920.XSHG,恒生科技ETF天弘,XSHG,1,520920,sh520920,etf,HZ5017,27,specetfdata.txt,catalog,available,True,True,True,True,True,2025-09-30,2026-08-06,2025-09-30 09:35,2026-08-06 15:00,2026-04-27 09:31,2026-08-06 15:00,204,9792,16800,0.001,tdx_local_catalog
snapshot-20260806T091453459470Z,2026-08-06,520930.XSHG,恒生生物科技ETF,XSHG,1,520930,sh520930,etf,HZ5366,27,specetfdata.txt,catalog,available,True,True,True,True,True,2026-02-24,2026-08-06,2026-02-24 09:35,2026-08-06 15:00,2026-04-27 09:31,2026-08-06 15:00,113,5424,16800,0.001,tdx_local_catalog
snapshot-20260806T091453459470Z,2026-08-06,520940.XSHG,港股通恒生ETF华,XSHG,1,520940,sh520940,etf,HZ5552,27,specetfdata.txt,catalog,available,True,True,True,True,True,2025-06-09,2026-08-06,2025-06-09 09:35,2026-08-06 15:00,2026-04-27 09:31,2026-08-06 15:00,285,13680,16800,0.001,tdx_local_catalog
snapshot-20260806T091453459470Z,2026-08-06,520950.XSHG,港股通50ETF摩根,XSHG,1,520950,sh520950,etf,HZ5556,27,specetfdata.txt,catalog,available,True,True,True,True,True,2025-11-25,2026-08-06,2025-11-25 09:35,2026-08-06 15:00,2026-04-27 09:31,2026-08-06 15:00,170,8160,16800,0.001,tdx_local_catalog
snapshot-20260806T091453459470Z,2026-08-06,520960.XSHG,恒指港股通ETF嘉,XSHG,1,520960,sh520960,etf,HZ5552,27,specetfdata.txt,catalog,available,True,True,True,True,True,2025-10-31,2026-08-06,2025-10-31 09:35,2026-08-06 15:00,2026-04-27 09:31,2026-08-06 15:00,187,8976,16800,0.001,tdx_local_catalog
snapshot-20260806T091453459470Z,2026-08-06,520970.XSHG,港股通创新药ETF,XSHG,1,520970,sh520970,etf,931250,62,specetfdata.txt,catalog,available,True,True,True,True,True,2025-08-07,2026-08-06,2025-08-07 09:35,2026-08-06 15:00,2026-04-27 09:31,2026-08-06 15:00,242,11616,16800,0.001,tdx_local_catalog
snapshot-20260806T091453459470Z,2026-08-06,520980.XSHG,港股通科技ETF汇,XSHG,1,520980,sh520980,etf,HZ5368,27,specetfdata.txt,catalog,available,True,True,True,True,True,2025-07-02,2026-08-06,2025-07-02 09:35,2026-08-06 15:00,2026-04-27 09:31,2026-08-06 15:00,268,12864,16800,0.001,tdx_local_catalog
snapshot-20260806T091453459470Z,2026-08-06,520990.XSHG,港股央企红利ETF,XSHG,1,520990,sh520990,etf,931722,62,specetfdata.txt,catalog,available,True,True,True,True,True,2024-07-10,2026-08-06,2024-10-08 09:35,2026-08-06 15:00,2026-04-27 09:31,2026-08-06 15:00,504,21456,16800,0.001,tdx_local_catalog
snapshot-20260806T091453459470Z,2026-08-06,526000.XSHG,港股通信息技术ET,XSHG,1,526000,sh526000,etf,930967,62,specetfdata.txt,catalog,available,True,True,True,True,True,2026-04-10,2026-08-06,2026-04-10 09:35,2026-08-06 15:00,2026-04-27 09:31,2026-08-06 15:00,81,3888,16800,0.001,tdx_local_catalog
snapshot-20260806T091453459470Z,2026-08-06,526010.XSHG,港股通医疗ETF汇,XSHG,1,526010,sh526010,etf,932069,62,specetfdata.txt,catalog,available,True,True,True,True,True,2026-04-17,2026-08-06,2026-04-17 09:35,2026-08-06 15:00,2026-04-27 09:31,2026-08-06 15:00,76,3648,16800,0.001,tdx_local_catalog
snapshot-20260806T091453459470Z,2026-08-06,526030.XSHG,港股通信息技术ET,XSHG,1,526030,sh526030,etf,930967,62,specetfdata.txt,catalog,available,True,True,True,True,True,2026-06-26,2026-08-06,2026-06-26 09:35,2026-08-06 15:00,2026-06-26 09:31,2026-08-06 15:00,30,1440,7200,0.001,tdx_local_catalog
snapshot-20260806T091453459470Z,2026-08-06,526050.XSHG,港股通信息技术ET,XSHG,1,526050,sh526050,etf,930967,62,specetfdata.txt,catalog,available,True,True,True,True,True,2026-04-30,2026-08-06,2026-04-30 09:35,2026-08-06 15:00,2026-04-30 09:31,2026-08-06 15:00,67,3216,16080,0.001,tdx_local_catalog
snapshot-20260806T091453459470Z,2026-08-06,526070.XSHG,恒指港股通ETF博,XSHG,1,526070,sh526070,etf,HZ5552,27,specetfdata.txt,catalog,available,True,True,True,True,True,2026-05-29,2026-08-06,2026-05-29 09:35,2026-08-06 15:00,2026-05-29 09:31,2026-08-06 15:00,49,2352,11760,0.001,tdx_local_catalog
snapshot-20260806T091453459470Z,2026-08-06,530000.XSHG,上证50ETF天弘,XSHG,1,530000,sh530000,etf,000016,1,specetfdata.txt,catalog,available,True,True,True,True,True,2024-09-13,2026-08-06,2024-10-08 09:35,2026-08-06 15:00,2026-04-27 09:31,2026-08-06 15:00,457,21456,16800,0.001,tdx_local_catalog
snapshot-20260806T091453459470Z,2026-08-06,530050.XSHG,上证50ETF东财,XSHG,1,530050,sh530050,etf,000016,1,specetfdata.txt,catalog,available,True,True,True,True,True,2024-12-04,2026-08-06,2024-12-04 09:35,2026-08-06 15:00,2026-04-27 09:31,2026-08-06 15:00,406,19488,16800,0.001,tdx_local_catalog
snapshot-20260806T091453459470Z,2026-08-06,530060.XSHG,上证指数ETF易方,XSHG,1,530060,sh530060,etf,000001,1,specetfdata.txt,catalog,available,True,True,True,True,True,2026-02-10,2026-08-06,2026-02-10 09:35,2026-08-06 15:00,2026-04-27 09:31,2026-08-06 15:00,117,5616,16800,0.001,tdx_local_catalog
snapshot-20260806T091453459470Z,2026-08-06,530080.XSHG,上证180ETF天弘,XSHG,1,530080,sh530080,etf,000010,1,specetfdata.txt,catalog,available,True,True,True,True,True,2025-01-23,2026-08-06,2025-01-23 09:35,2026-08-06 15:00,2026-04-27 09:31,2026-08-06 15:00,371,17808,16800,0.001,tdx_local_catalog
snapshot-20260806T091453459470Z,2026-08-06,530100.XSHG,上证580ETF易方达,XSHG,1,530100,sh530100,etf,950580,62,specetfdata.txt,catalog,available,True,True,True,True,True,2025-10-22,2026-08-06,2025-10-22 09:35,2026-08-06 15:00,2026-04-27 09:31,2026-08-06 15:00,194,9312,16800,0.001,tdx_local_catalog
snapshot-20260806T091453459470Z,2026-08-06,530180.XSHG,上证180ETF易方达,XSHG,1,530180,sh530180,etf,000010,1,specetfdata.txt,catalog,available,True,True,True,True,True,2024-12-26,2026-08-06,2024-12-26 09:35,2026-08-06 15:00,2026-04-27 09:31,2026-08-06 15:00,390,18720,16800,0.001,tdx_local_catalog
snapshot-20260806T091453459470Z,2026-08-06,530280.XSHG,上证180ETF平安,XSHG,1,530280,sh530280,etf,000010,1,specetfdata.txt,catalog,available,True,True,True,True,True,2025-01-24,2026-08-06,2025-01-24 09:35,2026-08-06 15:00,2026-04-27 09:31,2026-08-06 15:00,370,17760,16800,0.001,tdx_local_catalog
snapshot-20260806T091453459470Z,2026-08-06,530300.XSHG,上证180ETF华泰柏,XSHG,1,530300,sh530300,etf,000010,1,specetfdata.txt,catalog,available,True,True,True,True,True,2025-01-10,2026-08-06,2025-01-10 09:35,2026-08-06 15:00,2026-04-27 09:31,2026-08-06 15:00,380,18240,16800,0.001,tdx_local_catalog
snapshot-20260806T091453459470Z,2026-08-06,530380.XSHG,上证380ETF易方达,XSHG,1,530380,sh530380,etf,000009,1,specetfdata.txt,catalog,available,True,True,True,True,True,2025-09-30,2026-08-06,2025-09-30 09:35,2026-08-06 15:00,2026-04-27 09:31,2026-08-06 15:00,204,9792,16800,0.001,tdx_local_catalog
snapshot-20260806T091453459470Z,2026-08-06,530530.XSHG,上证580ETF华夏,XSHG,1,530530,sh530530,etf,950580,62,specetfdata.txt,catalog,available,True,True,True,True,True,2025-08-29,2026-08-06,2025-08-29 09:35,2026-08-06 15:00,2026-04-27 09:31,2026-08-06 15:00,226,10848,16800,0.001,tdx_local_catalog
snapshot-20260806T091453459470Z,2026-08-06,530580.XSHG,上证180ETF南方,XSHG,1,530580,sh530580,etf,000010,1,specetfdata.txt,catalog,available,True,True,True,True,True,2025-01-08,2026-08-06,2025-01-08 09:35,2026-08-06 15:00,2026-04-27 09:31,2026-08-06 15:00,382,18336,16800,0.001,tdx_local_catalog
snapshot-20260806T091453459470Z,2026-08-06,530680.XSHG,上证180ETF兴业,XSHG,1,530680,sh530680,etf,000010,1,specetfdata.txt,catalog,available,True,True,True,True,True,2025-01-08,2026-08-06,2025-01-08 09:35,2026-08-06 15:00,2026-04-27 09:31,2026-08-06 15:00,382,18336,16800,0.001,tdx_local_catalog
snapshot-20260806T091453459470Z,2026-08-06,530800.XSHG,上证180ETF银华,XSHG,1,530800,sh530800,etf,000010,1,specetfdata.txt,catalog,available,True,True,True,True,True,2025-01-27,2026-08-06,2025-01-27 09:35,2026-08-06 15:00,2026-04-27 09:31,2026-08-06 15:00,369,17712,16800,0.001,tdx_local_catalog
snapshot-20260806T091453459470Z,2026-08-06,530880.XSHG,红利国企ETF银河,XSHG,1,530880,sh530880,etf,000151,1,specetfdata.txt,catalog,available,True,True,True,True,True,2024-11-12,2026-08-06,2024-11-12 09:35,2026-08-06 15:00,2026-04-27 09:31,2026-08-06 15:00,422,20256,16800,0.001,tdx_local_catalog
snapshot-20260806T091453459470Z,2026-08-06,551000.XSHG,科创债ETF博时,XSHG,1,551000,sh551000,etf,950167,62,specetfdata.txt,catalog,available,True,True,True,True,True,2025-07-17,2026-08-06,2025-07-17 09:35,2026-08-06 15:00,2026-04-27 09:31,2026-08-06 15:00,257,12336,16800,0.001,tdx_local_catalog
snapshot-20260806T091453459470Z,2026-08-06,551030.XSHG,科创债ETF鹏华,XSHG,1,551030,sh551030,etf,950167,62,specetfdata.txt,catalog,available,True,True,True,True,True,2025-07-17,2026-08-06,2025-07-17 09:35,2026-08-06 15:00,2026-04-27 09:31,2026-08-06 15:00,257,12336,16800,0.001,tdx_local_catalog
snapshot-20260806T091453459470Z,2026-08-06,551060.XSHG,科创债ETF中银,XSHG,1,551060,sh551060,etf,950167,62,specetfdata.txt,catalog,available,True,True,True,True,True,2025-09-24,2026-08-06,2025-09-24 09:35,2026-08-06 15:00,2026-04-27 09:31,2026-08-06 15:00,208,9984,16800,0.001,tdx_local_catalog
snapshot-20260806T091453459470Z,2026-08-06,551300.XSHG,科创债ETF摩根,XSHG,1,551300,sh551300,etf,950167,62,specetfdata.txt,catalog,available,True,True,True,True,True,2025-09-24,2026-08-06,2025-09-24 09:35,2026-08-06 15:00,2026-04-27 09:31,2026-08-06 15:00,208,9984,16800,0.001,tdx_local_catalog
snapshot-20260806T091453459470Z,2026-08-06,551500.XSHG,科创债ETF易方达,XSHG,1,551500,sh551500,etf,932160,62,specetfdata.txt,catalog,available,True,True,True,True,True,2025-07-17,2026-08-06,2025-07-17 09:35,2026-08-06 15:00,2026-04-27 09:31,2026-08-06 15:00,257,12336,16800,0.001,tdx_local_catalog
snapshot-20260806T091453459470Z,2026-08-06,551510.XSHG,科创债ETF华泰柏,XSHG,1,551510,sh551510,etf,932160,62,specetfdata.txt,catalog,available,True,True,True,True,True,2025-09-24,2026-08-06,2025-09-24 09:35,2026-08-06 15:00,2026-04-27 09:31,2026-08-06 15:00,208,9984,16800,0.001,tdx_local_catalog
snapshot-20260806T091453459470Z,2026-08-06,551520.XSHG,科创债ETF汇添富,XSHG,1,551520,sh551520,etf,932160,62,specetfdata.txt,catalog,available,True,True,True,True,True,2025-09-24,2026-08-06,2025-09-24 09:35,2026-08-06 15:00,2026-04-27 09:31,2026-08-06 15:00,208,9984,16800,0.001,tdx_local_catalog
snapshot-20260806T091453459470Z,2026-08-06,551550.XSHG,科创债ETF华夏,XSHG,1,551550,sh551550,etf,932160,62,specetfdata.txt,catalog,available,True,True,True,True,True,2025-07-17,2026-08-06,2025-07-17 09:35,2026-08-06 15:00,2026-04-27 09:31,2026-08-06 15:00,257,12336,16800,0.001,tdx_local_catalog
snapshot-20260806T091453459470Z,2026-08-06,551560.XSHG,科创债ETF兴业,XSHG,1,551560,sh551560,etf,932160,62,specetfdata.txt,catalog,available,True,True,True,True,True,2025-09-24,2026-08-06,2025-09-24 09:35,2026-08-06 15:00,2026-04-27 09:31,2026-08-06 15:00,208,9984,16800,0.001,tdx_local_catalog
snapshot-20260806T091453459470Z,2026-08-06,551580.XSHG,科创债ETF泰康,XSHG,1,551580,sh551580,etf,932160,62,specetfdata.txt,catalog,available,True,True,True,True,True,2025-09-24,2026-08-06,2025-09-24 09:35,2026-08-06 15:00,2026-04-27 09:31,2026-08-06 15:00,208,9984,16800,0.001,tdx_local_catalog
snapshot-20260806T091453459470Z,2026-08-06,551800.XSHG,科创债ETF国泰,XSHG,1,551800,sh551800,etf,932160,62,specetfdata.txt,catalog,available,True,True,True,True,True,2025-09-24,2026-08-06,2025-09-24 09:35,2026-08-06 15:00,2026-04-27 09:31,2026-08-06 15:00,208,9984,16800,0.001,tdx_local_catalog
snapshot-20260806T091453459470Z,2026-08-06,551900.XSHG,科创债ETF招商,XSHG,1,551900,sh551900,etf,932160,62,specetfdata.txt,catalog,available,True,True,True,True,True,2025-07-17,2026-08-06,2025-07-17 09:35,2026-08-06 15:00,2026-04-27 09:31,2026-08-06 15:00,257,12336,16800,0.001,tdx_local_catalog
snapshot-20260806T091453459470Z,2026-08-06,560010.XSHG,中证1000ETF广发,XSHG,1,560010,sh560010,etf,000852,1,specetfdata.txt,catalog,available,True,True,True,True,True,2022-08-04,2026-08-06,2024-10-08 09:35,2026-08-06 15:00,2026-04-27 09:31,2026-08-06 15:00,971,21456,16800,0.001,tdx_local_catalog
snapshot-20260806T091453459470Z,2026-08-06,560020.XSHG,红利ETF汇添富,XSHG,1,560020,sh560020,etf,000922,62,specetfdata.txt,catalog,available,True,True,True,True,True,2023-10-16,2026-08-06,2024-10-08 09:35,2026-08-06 15:00,2026-04-27 09:31,2026-08-06 15:00,683,21456,16800,0.001,tdx_local_catalog
snapshot-20260806T091453459470Z,2026-08-06,560030.XSHG,800价值ETF汇添富,XSHG,1,560030,sh560030,etf,H30356,62,specetfdata.txt,catalog,available,True,True,True,True,True,2023-07-10,2026-08-06,2024-10-08 09:35,2026-08-06 15:00,2026-04-27 09:31,2026-08-06 15:00,747,21456,16800,0.001,tdx_local_catalog
snapshot-20260806T091453459470Z,2026-08-06,560050.XSHG,中国A50ETF汇添富,XSHG,1,560050,sh560050,etf,746059,12,specetfdata.txt,catalog,available,True,True,True,True,True,2021-11-08,2026-08-06,2024-10-08 09:35,2026-08-06 15:00,2026-04-27 09:31,2026-08-06 15:00,1152,21456,16800,0.001,tdx_local_catalog
snapshot-20260806T091453459470Z,2026-08-06,560060.XSHG,碳中和ETF汇添富,XSHG,1,560060,sh560060,etf,931755,62,specetfdata.txt,catalog,available,True,True,True,True,True,2022-07-21,2026-08-06,2024-10-08 09:35,2026-08-06 15:00,2026-04-27 09:31,2026-08-06 15:00,981,21456,16800,0.001,tdx_local_catalog
snapshot-20260806T091453459470Z,2026-08-06,560070.XSHG,央企红利ETF汇添,XSHG,1,560070,sh560070,etf,932039,62,specetfdata.txt,catalog,available,True,True,True,True,True,2023-06-06,2026-08-06,2024-10-08 09:35,2026-08-06 15:00,2026-04-27 09:31,2026-08-06 15:00,769,21456,16800,0.001,tdx_local_catalog
snapshot-20260806T091453459470Z,2026-08-06,560080.XSHG,中药ETF汇添富,XSHG,1,560080,sh560080,etf,930641,62,specetfdata.txt,catalog,available,True,True,True,True,True,2022-10-17,2026-08-06,2024-10-08 09:35,2026-08-06 15:00,2026-04-27 09:31,2026-08-06 15:00,925,21456,16800,0.001,tdx_local_catalog
snapshot-20260806T091453459470Z,2026-08-06,560090.XSHG,证券ETF汇添富,XSHG,1,560090,sh560090,etf,399975,0,specetfdata.txt,catalog,available,True,True,True,True,True,2023-03-15,2026-08-06,2024-10-08 09:35,2026-08-06 15:00,2026-04-27 09:31,2026-08-06 15:00,824,21456,16800,0.001,tdx_local_catalog
snapshot-20260806T091453459470Z,2026-08-06,560100.XSHG,中证500增强ETF南,XSHG,1,560100,sh560100,etf,000905,1,specetfdata.txt,catalog,available,True,True,True,True,True,2022-02-16,2026-08-06,2024-10-08 09:35,2026-08-06 15:00,2026-04-27 09:31,2026-08-06 15:00,1086,21456,16800,0.001,tdx_local_catalog
snapshot-20260806T091453459470Z,2026-08-06,560110.XSHG,中证1000ETF汇添,XSHG,1,560110,sh560110,etf,000852,1,specetfdata.txt,catalog,available,True,True,True,True,True,2022-08-08,2026-08-06,2024-10-08 09:35,2026-08-06 15:00,2026-04-27 09:31,2026-08-06 15:00,969,21456,16800,0.001,tdx_local_catalog
snapshot-20260806T091453459470Z,2026-08-06,560120.XSHG,中证500现金流ETF,XSHG,1,560120,sh560120,etf,932367,62,specetfdata.txt,catalog,available,True,True,True,True,True,2025-08-05,2026-08-06,2025-08-05 09:35,2026-08-06 15:00,2026-04-27 09:31,2026-08-06 15:00,244,11712,16800,0.001,tdx_local_catalog
snapshot-20260806T091453459470Z,2026-08-06,560130.XSHG,食品ETF鹏华,XSHG,1,560130,sh560130,etf,H30192,62,specetfdata.txt,catalog,available,True,True,True,True,True,2026-01-13,2026-08-06,2026-01-13 09:35,2026-08-06 15:00,2026-04-27 09:31,2026-08-06 15:00,137,6576,16800,0.001,tdx_local_catalog
snapshot-20260806T091453459470Z,2026-08-06,560150.XSHG,红利低波ETF泰康,XSHG,1,560150,sh560150,etf,H30269,62,specetfdata.txt,catalog,available,True,True,True,True,True,2024-04-08,2026-08-06,2024-10-08 09:35,2026-08-06 15:00,2026-04-27 09:31,2026-08-06 15:00,567,21456,16800,0.001,tdx_local_catalog
snapshot-20260806T091453459470Z,2026-08-06,560160.XSHG,食品ETF易方达,XSHG,1,560160,sh560160,etf,H30192,62,specetfdata.txt,catalog,available,True,True,True,True,True,2026-01-27,2026-08-06,2026-01-27 09:35,2026-08-06 15:00,2026-04-27 09:31,2026-08-06 15:00,127,6096,16800,0.001,tdx_local_catalog
snapshot-20260806T091453459470Z,2026-08-06,560170.XSHG,央企科技ETF南方,XSHG,1,560170,sh560170,etf,932038,62,specetfdata.txt,catalog,available,True,True,True,True,True,2023-07-06,2026-08-06,2024-10-08 09:35,2026-08-06 15:00,2026-04-27 09:31,2026-08-06 15:00,749,21456,16800,0.001,tdx_local_catalog
snapshot-20260806T091453459470Z,2026-08-06,560180.XSHG,沪深300ESGETF南,XSHG,1,560180,sh560180,etf,931463,62,specetfdata.txt,catalog,available,True,True,True,True,True,2023-04-21,2026-08-06,2024-10-08 09:35,2026-08-06 15:00,2026-04-27 09:31,2026-08-06 15:00,798,21456,16800,0.001,tdx_local_catalog
snapshot-20260806T091453459470Z,2026-08-06,560190.XSHG,公用事业ETF鹏华,XSHG,1,560190,sh560190,etf,000995,62,specetfdata.txt,catalog,available,True,True,True,True,True,2025-01-06,2026-08-06,2025-01-06 09:35,2026-08-06 15:00,2026-04-27 09:31,2026-08-06 15:00,384,18432,16800,0.001,tdx_local_catalog
snapshot-20260806T091453459470Z,2026-08-06,560210.XSHG,农牧渔ETF景顺,XSHG,1,560210,sh560210,etf,930910,62,specetfdata.txt,catalog,available,True,True,True,True,True,2026-03-20,2026-08-06,2026-03-20 09:35,2026-08-06 15:00,2026-04-27 09:31,2026-08-06 15:00,95,4560,16800,0.001,tdx_local_catalog
snapshot-20260806T091453459470Z,2026-08-06,560220.XSHG,中证2000ETF广发,XSHG,1,560220,sh560220,etf,932000,62,specetfdata.txt,catalog,available,True,True,True,True,True,2023-09-18,2026-08-06,2024-10-08 09:35,2026-08-06 15:00,2026-04-27 09:31,2026-08-06 15:00,697,21456,16800,0.001,tdx_local_catalog
snapshot-20260806T091453459470Z,2026-08-06,560230.XSHG,光伏ETF富国,XSHG,1,560230,sh560230,etf,931151,62,specetfdata.txt,catalog,available,True,True,True,True,True,2026-02-06,2026-08-06,2026-02-06 09:35,2026-08-06 15:00,2026-04-27 09:31,2026-08-06 15:00,119,5712,16800,0.001,tdx_local_catalog
snapshot-20260806T091453459470Z,2026-08-06,560250.XSHG,红利质量ETF富国,XSHG,1,560250,sh560250,etf,932315,62,specetfdata.txt,catalog,available,True,True,True,True,True,2026-05-22,2026-08-06,2026-05-22 09:35,2026-08-06 15:00,2026-05-22 09:31,2026-08-06 15:00,54,2592,12960,0.001,tdx_local_catalog
snapshot-20260806T091453459470Z,2026-08-06,560260.XSHG,医疗ETF广发,XSHG,1,560260,sh560260,etf,399989,0,specetfdata.txt,catalog,available,True,True,True,True,True,2023-09-15,2026-08-06,2024-10-08 09:35,2026-08-06 15:00,2026-04-27 09:31,2026-08-06 15:00,698,21456,16800,0.001,tdx_local_catalog
snapshot-20260806T091453459470Z,2026-08-06,560270.XSHG,电力ETF工银,XSHG,1,560270,sh560270,etf,H30199,62,specetfdata.txt,catalog,available,True,True,True,True,True,2026-03-06,2026-08-06,2026-03-06 09:35,2026-08-06 15:00,2026-04-27 09:31,2026-08-06 15:00,105,5040,16800,0.001,tdx_local_catalog
snapshot-20260806T091453459470Z,2026-08-06,560280.XSHG,工程机械ETF广发,XSHG,1,560280,sh560280,etf,931752,62,specetfdata.txt,catalog,available,True,True,True,True,True,2023-10-30,2026-08-06,2024-10-08 09:35,2026-08-06 15:00,2026-04-27 09:31,2026-08-06 15:00,673,21456,16800,0.001,tdx_local_catalog
snapshot-20260806T091453459470Z,2026-08-06,560290.XSHG,有色ETF景顺,XSHG,1,560290,sh560290,etf,931892,62,specetfdata.txt,catalog,available,True,True,True,True,True,2026-02-06,2026-08-06,2026-02-06 09:35,2026-08-06 15:00,2026-04-27 09:31,2026-08-06 15:00,119,5712,16800,0.001,tdx_local_catalog
snapshot-20260806T091453459470Z,2026-08-06,560300.XSHG,电信ETF汇添富,XSHG,1,560300,sh560300,etf,931235,62,specetfdata.txt,catalog,available,True,True,True,True,True,2023-12-18,2026-08-06,2024-10-08 09:35,2026-08-06 15:00,2026-04-27 09:31,2026-08-06 15:00,638,21456,16800,0.001,tdx_local_catalog
snapshot-20260806T091453459470Z,2026-08-06,560310.XSHG,光伏ETF博时,XSHG,1,560310,sh560310,etf,931151,62,specetfdata.txt,catalog,available,True,True,True,True,True,2026-03-02,2026-08-06,2026-03-02 09:35,2026-08-06 15:00,2026-04-27 09:31,2026-08-06 15:00,109,5232,16800,0.001,tdx_local_catalog
snapshot-20260806T091453459470Z,2026-08-06,560320.XSHG,食品ETF富国,XSHG,1,560320,sh560320,etf,H30192,62,specetfdata.txt,catalog,available,True,True,True,True,True,2026-05-13,2026-08-06,2026-05-13 09:35,2026-08-06 15:00,2026-05-13 09:31,2026-08-06 15:00,61,2928,14640,0.001,tdx_local_catalog
snapshot-20260806T091453459470Z,2026-08-06,560330.XSHG,沪深300价值ETF申,XSHG,1,560330,sh560330,etf,000919,62,specetfdata.txt,catalog,available,True,True,True,True,True,2023-05-23,2026-08-06,2024-10-08 09:35,2026-08-06 15:00,2026-04-27 09:31,2026-08-06 15:00,779,21456,16800,0.001,tdx_local_catalog
snapshot-20260806T091453459470Z,2026-08-06,560350.XSHG,中证A50ETF摩根,XSHG,1,560350,sh560350,etf,930050,62,specetfdata.txt,catalog,available,True,True,True,True,True,2024-03-12,2026-08-06,2024-10-08 09:35,2026-08-06 15:00,2026-04-27 09:31,2026-08-06 15:00,584,21456,16800,0.001,tdx_local_catalog
snapshot-20260806T091453459470Z,2026-08-06,560360.XSHG,软件ETF万家,XSHG,1,560360,sh560360,etf,930601,62,specetfdata.txt,catalog,available,True,True,True,True,True,2024-06-24,2026-08-06,2024-10-08 09:35,2026-08-06 15:00,2026-04-27 09:31,2026-08-06 15:00,516,21456,16800,0.001,tdx_local_catalog
snapshot-20260806T091453459470Z,2026-08-06,560370.XSHG,红利质量ETF易方,XSHG,1,560370,sh560370,etf,932315,62,specetfdata.txt,catalog,available,True,True,True,True,True,2026-02-26,2026-08-06,2026-02-26 09:35,2026-08-06 15:00,2026-04-27 09:31,2026-08-06 15:00,111,5328,16800,0.001,tdx_local_catalog
snapshot-20260806T091453459470Z,2026-08-06,560380.XSHG,A100ETF南方,XSHG,1,560380,sh560380,etf,000903,1,specetfdata.txt,catalog,available,True,True,True,True,True,2024-12-27,2026-08-06,2024-12-27 09:35,2026-08-06 15:00,2026-04-27 09:31,2026-08-06 15:00,389,18672,16800,0.001,tdx_local_catalog
snapshot-20260806T091453459470Z,2026-08-06,560390.XSHG,电网设备ETF易方,XSHG,1,560390,sh560390,etf,HZ5446,27,specetfdata.txt,catalog,available,True,True,True,True,True,2026-03-04,2026-08-06,2026-03-04 09:35,2026-08-06 15:00,2026-04-27 09:31,2026-08-06 15:00,107,5136,16800,0.001,tdx_local_catalog
snapshot-20260806T091453459470Z,2026-08-06,560400.XSHG,证券ETF华泰柏瑞,XSHG,1,560400,sh560400,etf,399975,0,specetfdata.txt,catalog,available,True,True,True,True,True,2026-03-19,2026-08-06,2026-03-19 09:35,2026-08-06 15:00,2026-04-27 09:31,2026-08-06 15:00,96,4608,16800,0.001,tdx_local_catalog
snapshot-20260806T091453459470Z,2026-08-06,560410.XSHG,电池ETF鹏华,XSHG,1,560410,sh560410,etf,931719,62,specetfdata.txt,catalog,available,True,True,True,True,True,2026-04-17,2026-08-06,2026-04-17 09:35,2026-08-06 15:00,2026-04-27 09:31,2026-08-06 15:00,76,3648,16800,0.001,tdx_local_catalog
snapshot-20260806T091453459470Z,2026-08-06,560420.XSHG,食品ETF前海开源,XSHG,1,560420,sh560420,etf,H30192,62,specetfdata.txt,catalog,available,True,True,True,True,True,2026-05-19,2026-08-06,2026-05-19 09:35,2026-08-06 15:00,2026-05-19 09:31,2026-08-06 15:00,57,2736,13680,0.001,tdx_local_catalog
snapshot-20260806T091453459470Z,2026-08-06,560450.XSHG,电力ETF天弘,XSHG,1,560450,sh560450,etf,H30199,62,specetfdata.txt,catalog,available,True,True,True,True,True,2026-04-30,2026-08-06,2026-04-30 09:35,2026-08-06 15:00,2026-04-30 09:31,2026-08-06 15:00,67,3216,16080,0.001,tdx_local_catalog
snapshot-20260806T091453459470Z,2026-08-06,560460.XSHG,电力ETF平安,XSHG,1,560460,sh560460,etf,H30199,62,specetfdata.txt,catalog,available,True,True,True,True,True,2026-05-15,2026-08-06,2026-05-15 09:35,2026-08-06 15:00,2026-05-15 09:31,2026-08-06 15:00,59,2832,14160,0.001,tdx_local_catalog
snapshot-20260806T091453459470Z,2026-08-06,560470.XSHG,有色ETF易方达,XSHG,1,560470,sh560470,etf,000811,62,specetfdata.txt,catalog,available,True,True,True,True,True,2026-04-30,2026-08-06,2026-04-30 09:35,2026-08-06 15:00,2026-04-30 09:31,2026-08-06 15:00,67,3216,16080,0.001,tdx_local_catalog
snapshot-20260806T091453459470Z,2026-08-06,560480.XSHG,电力ETF招商,XSHG,1,560480,sh560480,etf,H30199,62,specetfdata.txt,catalog,available,True,True,True,True,True,2026-05-26,2026-08-06,2026-05-26 09:35,2026-08-06 15:00,2026-05-26 09:31,2026-08-06 15:00,52,2496,12480,0.001,tdx_local_catalog
snapshot-20260806T091453459470Z,2026-08-06,560490.XSHG,工业有色ETF华泰,XSHG,1,560490,sh560490,etf,H11059,62,specetfdata.txt,catalog,available,True,True,True,True,True,2026-05-26,2026-08-06,2026-05-26 09:35,2026-08-06 15:00,2026-05-26 09:31,2026-08-06 15:00,52,2496,12480,0.001,tdx_local_catalog
snapshot-20260806T091453459470Z,2026-08-06,560500.XSHG,500质量成长ETF鹏,XSHG,1,560500,sh560500,etf,930939,62,specetfdata.txt,catalog,available,True,True,True,True,True,2021-09-01,2026-08-06,2024-10-08 09:35,2026-08-06 15:00,2026-04-27 09:31,2026-08-06 15:00,1193,21456,16800,0.001,tdx_local_catalog
snapshot-20260806T091453459470Z,2026-08-06,560510.XSHG,中证A500ETF泰康,XSHG,1,560510,sh560510,etf,000510,1,specetfdata.txt,catalog,available,True,True,True,True,True,2024-10-15,2026-08-06,2024-10-15 09:35,2026-08-06 15:00,2026-04-27 09:31,2026-08-06 15:00,442,21216,16800,0.001,tdx_local_catalog
snapshot-20260806T091453459470Z,2026-08-06,560520.XSHG,红利低波100ETF大,XSHG,1,560520,sh560520,etf,930955,62,specetfdata.txt,catalog,available,True,True,True,True,True,2024-04-18,2026-08-06,2024-10-08 09:35,2026-08-06 15:00,2026-04-27 09:31,2026-08-06 15:00,559,21456,16800,0.001,tdx_local_catalog
snapshot-20260806T091453459470Z,2026-08-06,560530.XSHG,中证A500ETF摩根,XSHG,1,560530,sh560530,etf,000510,1,specetfdata.txt,catalog,available,True,True,True,True,True,2024-10-15,2026-08-06,2024-10-15 09:35,2026-08-06 15:00,2026-04-27 09:31,2026-08-06 15:00,442,21216,16800,0.001,tdx_local_catalog
snapshot-20260806T091453459470Z,2026-08-06,560550.XSHG,碳中和ETF广发,XSHG,1,560550,sh560550,etf,931755,62,specetfdata.txt,catalog,available,True,True,True,True,True,2022-07-19,2026-08-06,2024-10-08 09:35,2026-08-06 15:00,2026-04-27 09:31,2026-08-06 15:00,983,21456,16800,0.001,tdx_local_catalog
snapshot-20260806T091453459470Z,2026-08-06,560560.XSHG,碳中和ETF泰康,XSHG,1,560560,sh560560,etf,000977,62,specetfdata.txt,catalog,available,True,True,True,True,True,2021-09-13,2026-08-06,2024-10-08 09:35,2026-08-06 15:00,2026-04-27 09:31,2026-08-06 15:00,1185,21456,16800,0.001,tdx_local_catalog
snapshot-20260806T091453459470Z,2026-08-06,560570.XSHG,A500红利ETF国联,XSHG,1,560570,sh560570,etf,932422,62,specetfdata.txt,catalog,available,True,True,True,True,True,2025-09-18,2026-08-06,2025-09-18 09:35,2026-08-06 15:00,2026-04-27 09:31,2026-08-06 15:00,212,10176,16800,0.001,tdx_local_catalog
snapshot-20260806T091453459470Z,2026-08-06,560580.XSHG,电力ETF南方,XSHG,1,560580,sh560580,etf,H30199,62,specetfdata.txt,catalog,available,True,True,True,True,True,2023-05-12,2026-08-06,2024-10-08 09:35,2026-08-06 15:00,2026-04-27 09:31,2026-08-06 15:00,786,21456,16800,0.001,tdx_local_catalog
snapshot-20260806T091453459470Z,2026-08-06,560590.XSHG,中证1000增强ETF,XSHG,1,560590,sh560590,etf,000852,1,specetfdata.txt,catalog,available,True,True,True,True,True,2023-09-25,2026-08-06,2024-10-08 09:35,2026-08-06 15:00,2026-04-27 09:31,2026-08-06 15:00,692,21456,16800,0.001,tdx_local_catalog
snapshot-20260806T091453459470Z,2026-08-06,560610.XSHG,A500ETF招商,XSHG,1,560610,sh560610,etf,000510,1,specetfdata.txt,catalog,available,True,True,True,True,True,2024-10-15,2026-08-06,2024-10-15 09:35,2026-08-06 15:00,2026-04-27 09:31,2026-08-06 15:00,442,21216,16800,0.001,tdx_local_catalog
snapshot-20260806T091453459470Z,2026-08-06,560620.XSHG,公用事业ETF万家,XSHG,1,560620,sh560620,etf,000995,62,specetfdata.txt,catalog,available,True,True,True,True,True,2024-10-09,2026-08-06,2024-10-09 09:35,2026-08-06 15:00,2026-04-27 09:31,2026-08-06 15:00,446,21408,16800,0.001,tdx_local_catalog
snapshot-20260806T091453459470Z,2026-08-06,560630.XSHG,机器人ETF万家,XSHG,1,560630,sh560630,etf,H30590,62,specetfdata.txt,catalog,available,True,True,True,True,True,2025-04-01,2026-08-06,2025-04-01 09:35,2026-08-06 15:00,2026-04-27 09:31,2026-08-06 15:00,329,15792,16800,0.001,tdx_local_catalog
snapshot-20260806T091453459470Z,2026-08-06,560660.XSHG,云计算50ETF新华,XSHG,1,560660,sh560660,etf,931469,62,specetfdata.txt,catalog,available,True,True,True,True,True,2021-08-25,2026-08-06,2024-10-08 09:35,2026-08-06 15:00,2026-04-27 09:31,2026-08-06 15:00,1198,21456,16800,0.001,tdx_local_catalog
snapshot-20260806T091453459470Z,2026-08-06,560670.XSHG,银行ETF华泰柏瑞,XSHG,1,560670,sh560670,etf,399986,0,specetfdata.txt,catalog,available,True,True,True,True,True,2026-06-08,2026-08-06,2026-06-08 09:35,2026-08-06 15:00,2026-06-08 09:31,2026-08-06 15:00,43,2064,10320,0.001,tdx_local_catalog
snapshot-20260806T091453459470Z,2026-08-06,560680.XSHG,消费ETF广发,XSHG,1,560680,sh560680,etf,000932,1,specetfdata.txt,catalog,available,True,True,True,True,True,2022-10-31,2026-08-06,2024-10-08 09:35,2026-08-06 15:00,2026-04-27 09:31,2026-08-06 15:00,915,21456,16800,0.001,tdx_local_catalog
snapshot-20260806T091453459470Z,2026-08-06,560690.XSHG,电信ETF鹏华,XSHG,1,560690,sh560690,etf,931235,62,specetfdata.txt,catalog,available,True,True,True,True,True,2024-04-22,2026-08-06,2024-10-08 09:35,2026-08-06 15:00,2026-04-27 09:31,2026-08-06 15:00,557,21456,16800,0.001,tdx_local_catalog
snapshot-20260806T091453459470Z,2026-08-06,560700.XSHG,央企红利ETF广发,XSHG,1,560700,sh560700,etf,932039,62,specetfdata.txt,catalog,available,True,True,True,True,True,2023-06-06,2026-08-06,2024-10-08 09:35,2026-08-06 15:00,2026-04-27 09:31,2026-08-06 15:00,769,21456,16800,0.001,tdx_local_catalog
snapshot-20260806T091453459470Z,2026-08-06,560710.XSHG,船舶ETF富国,XSHG,1,560710,sh560710,etf,932420,62,specetfdata.txt,catalog,available,True,True,True,True,True,2026-02-06,2026-08-06,2026-02-06 09:35,2026-08-06 15:00,2026-04-27 09:31,2026-08-06 15:00,119,5712,16800,0.001,tdx_local_catalog
snapshot-20260806T091453459470Z,2026-08-06,560720.XSHG,红利低波100ETF工,XSHG,1,560720,sh560720,etf,930955,62,specetfdata.txt,catalog,available,True,True,True,True,True,2026-06-05,2026-08-06,2026-06-05 09:35,2026-08-06 15:00,2026-06-05 09:31,2026-08-06 15:00,44,2112,10560,0.001,tdx_local_catalog
snapshot-20260806T091453459470Z,2026-08-06,560730.XSHG,红利低波ETF国泰,XSHG,1,560730,sh560730,etf,H30269,62,specetfdata.txt,catalog,available,True,True,True,True,True,2026-07-16,2026-08-06,2026-07-16 09:35,2026-08-06 15:00,2026-07-16 09:31,2026-08-06 15:00,16,768,3840,0.001,tdx_local_catalog
snapshot-20260806T091453459470Z,2026-08-06,560750.XSHG,A500ETF申万菱信,XSHG,1,560750,sh560750,etf,000510,1,specetfdata.txt,catalog,available,True,True,True,True,True,2025-02-07,2026-08-06,2025-02-07 09:35,2026-08-06 15:00,2026-04-27 09:31,2026-08-06 15:00,366,17568,16800,0.001,tdx_local_catalog
snapshot-20260806T091453459470Z,2026-08-06,560770.XSHG,机器人ETF招商,XSHG,1,560770,sh560770,etf,H30590,62,specetfdata.txt,catalog,available,True,True,True,True,True,2025-09-01,2026-08-06,2025-09-01 09:35,2026-08-06 15:00,2026-04-27 09:31,2026-08-06 15:00,225,10800,16800,0.001,tdx_local_catalog
snapshot-20260806T091453459470Z,2026-08-06,560780.XSHG,半导体设备ETF广,XSHG,1,560780,sh560780,etf,931743,62,specetfdata.txt,catalog,available,True,True,True,True,True,2023-12-12,2026-08-06,2024-10-08 09:35,2026-08-06 15:00,2026-04-27 09:31,2026-08-06 15:00,642,21456,16800,0.001,tdx_local_catalog
snapshot-20260806T091453459470Z,2026-08-06,560790.XSHG,软件ETF鹏华,XSHG,1,560790,sh560790,etf,930601,62,specetfdata.txt,catalog,available,True,True,True,True,True,2026-05-25,2026-08-06,2026-05-25 09:35,2026-08-06 15:00,2026-05-25 09:31,2026-08-06 15:00,53,2544,12720,0.001,tdx_local_catalog
snapshot-20260806T091453459470Z,2026-08-06,560800.XSHG,数字经济ETF鹏扬,XSHG,1,560800,sh560800,etf,931582,62,specetfdata.txt,catalog,available,True,True,True,True,True,2022-01-07,2026-08-06,2024-10-08 09:35,2026-08-06 15:00,2026-04-27 09:31,2026-08-06 15:00,1109,21456,16800,0.001,tdx_local_catalog
snapshot-20260806T091453459470Z,2026-08-06,560810.XSHG,央企ESGETF融通,XSHG,1,560810,sh560810,etf,931243,62,specetfdata.txt,catalog,available,True,True,True,True,True,2024-12-09,2026-08-06,2024-12-09 09:35,2026-08-06 15:00,2026-04-27 09:31,2026-08-06 15:00,403,19344,16800,0.001,tdx_local_catalog
snapshot-20260806T091453459470Z,2026-08-06,560820.XSHG,中证A50ETF新华,XSHG,1,560820,sh560820,etf,930050,62,specetfdata.txt,catalog,available,True,True,True,True,True,2025-04-18,2026-08-06,2025-04-18 09:35,2026-08-06 15:00,2026-04-27 09:31,2026-08-06 15:00,317,15216,16800,0.001,tdx_local_catalog
snapshot-20260806T091453459470Z,2026-08-06,560830.XSHG,电力ETF华夏,XSHG,1,560830,sh560830,etf,H30199,62,specetfdata.txt,catalog,available,True,True,True,True,True,2026-05-26,2026-08-06,2026-05-26 09:35,2026-08-06 15:00,2026-05-26 09:31,2026-08-06 15:00,52,2496,12480,0.001,tdx_local_catalog
snapshot-20260806T091453459470Z,2026-08-06,560850.XSHG,信创ETF汇添富,XSHG,1,560850,sh560850,etf,931247,62,specetfdata.txt,catalog,available,True,True,True,True,True,2024-04-15,2026-08-06,2024-10-08 09:35,2026-08-06 15:00,2026-04-27 09:31,2026-08-06 15:00,562,21456,16800,0.001,tdx_local_catalog
snapshot-20260806T091453459470Z,2026-08-06,560860.XSHG,工业有色ETF万家,XSHG,1,560860,sh560860,etf,H11059,62,specetfdata.txt,catalog,available,True,True,True,True,True,2023-03-13,2026-08-06,2024-10-08 09:35,2026-08-06 15:00,2026-04-27 09:31,2026-08-06 15:00,826,21456,16800,0.001,tdx_local_catalog
snapshot-20260806T091453459470Z,2026-08-06,560870.XSHG,工业有色ETF中银,XSHG,1,560870,sh560870,etf,H11059,62,specetfdata.txt,catalog,available,True,True,True,True,True,2026-05-25,2026-08-06,2026-05-25 09:35,2026-08-06 15:00,2026-05-25 09:31,2026-08-06 15:00,53,2544,12720,0.001,tdx_local_catalog
snapshot-20260806T091453459470Z,2026-08-06,560880.XSHG,家电ETF广发,XSHG,1,560880,sh560880,etf,930697,62,specetfdata.txt,catalog,available,True,True,True,True,True,2022-04-12,2026-08-06,2024-10-08 09:35,2026-08-06 15:00,2026-04-27 09:31,2026-08-06 15:00,1049,21456,16800,0.001,tdx_local_catalog
snapshot-20260806T091453459470Z,2026-08-06,560900.XSHG,创新药ETF摩根,XSHG,1,560900,sh560900,etf,931152,62,specetfdata.txt,catalog,available,True,True,True,True,True,2022-06-02,2026-08-06,2024-10-08 09:35,2026-08-06 15:00,2026-04-27 09:31,2026-08-06 15:00,1015,21456,16800,0.001,tdx_local_catalog
snapshot-20260806T091453459470Z,2026-08-06,560910.XSHG,电池ETF华泰柏瑞,XSHG,1,560910,sh560910,etf,931719,62,specetfdata.txt,catalog,available,True,True,True,True,True,2026-05-21,2026-08-06,2026-05-21 09:35,2026-08-06 15:00,2026-05-21 09:31,2026-08-06 15:00,55,2640,13200,0.001,tdx_local_catalog
snapshot-20260806T091453459470Z,2026-08-06,560920.XSHG,工程机械ETF招商,XSHG,1,560920,sh560920,etf,931752,62,specetfdata.txt,catalog,available,True,True,True,True,True,2026-07-03,2026-08-06,2026-07-03 09:35,2026-08-06 15:00,2026-07-03 09:31,2026-08-06 15:00,25,1200,6000,0.001,tdx_local_catalog
snapshot-20260806T091453459470Z,2026-08-06,560930.XSHG,电力ETF易方达,XSHG,1,560930,sh560930,etf,H30199,62,specetfdata.txt,catalog,available,True,True,True,True,True,2026-05-14,2026-08-06,2026-05-14 09:35,2026-08-06 15:00,2026-05-14 09:31,2026-08-06 15:00,60,2880,14400,0.001,tdx_local_catalog
snapshot-20260806T091453459470Z,2026-08-06,560950.XSHG,中证500增强ETF汇,XSHG,1,560950,sh560950,etf,000905,1,specetfdata.txt,catalog,available,True,True,True,True,True,2023-07-31,2026-08-06,2024-10-08 09:35,2026-08-06 15:00,2026-04-27 09:31,2026-08-06 15:00,732,21456,16800,0.001,tdx_local_catalog
snapshot-20260806T091453459470Z,2026-08-06,560970.XSHG,工业有色ETF平安,XSHG,1,560970,sh560970,etf,H11059,62,specetfdata.txt,catalog,available,True,True,True,True,True,2026-06-08,2026-08-06,2026-06-08 09:35,2026-08-06 15:00,2026-06-08 09:31,2026-08-06 15:00,43,2064,10320,0.001,tdx_local_catalog
snapshot-20260806T091453459470Z,2026-08-06,560980.XSHG,光伏龙头ETF广发,XSHG,1,560980,sh560980,etf,931798,62,specetfdata.txt,catalog,available,True,True,True,True,True,2022-11-29,2026-08-06,2024-10-08 09:35,2026-08-06 15:00,2026-04-27 09:31,2026-08-06 15:00,894,21456,16800,0.001,tdx_local_catalog
snapshot-20260806T091453459470Z,2026-08-06,560990.XSHG,科技先锋ETF中金,XSHG,1,560990,sh560990,etf,931447,62,specetfdata.txt,catalog,available,True,True,True,True,True,2022-06-27,2026-08-06,2024-10-08 09:35,2026-08-06 15:00,2026-04-27 09:31,2026-08-06 15:00,999,21456,16800,0.001,tdx_local_catalog
snapshot-20260806T091453459470Z,2026-08-06,561000.XSHG,沪深300增强ETF华,XSHG,1,561000,sh561000,etf,000300,1,specetfdata.txt,catalog,available,True,True,True,True,True,2023-01-11,2026-08-06,2024-10-08 09:35,2026-08-06 15:00,2026-04-27 09:31,2026-08-06 15:00,864,21456,16800,0.001,tdx_local_catalog
snapshot-20260806T091453459470Z,2026-08-06,561010.XSHG,软件ETF华安,XSHG,1,561010,sh561010,etf,932094,62,specetfdata.txt,catalog,available,True,True,True,True,True,2023-12-11,2026-08-06,2024-10-08 09:35,2026-08-06 15:00,2026-04-27 09:31,2026-08-06 15:00,643,21456,16800,0.001,tdx_local_catalog
snapshot-20260806T091453459470Z,2026-08-06,561020.XSHG,食品ETF招商,XSHG,1,561020,sh561020,etf,H30192,62,specetfdata.txt,catalog,available,True,True,True,True,True,2026-08-04,2026-08-06,2026-08-04 09:35,2026-08-06 15:00,2026-08-04 09:31,2026-08-06 15:00,3,144,720,0.001,tdx_local_catalog
snapshot-20260806T091453459470Z,2026-08-06,561030.XSHG,工程机械ETF华泰,XSHG,1,561030,sh561030,etf,931752,62,specetfdata.txt,catalog,available,True,True,True,True,True,2026-05-29,2026-08-06,2026-05-29 09:35,2026-08-06 15:00,2026-05-29 09:31,2026-08-06 15:00,49,2352,11760,0.001,tdx_local_catalog
snapshot-20260806T091453459470Z,2026-08-06,561050.XSHG,稀有金属ETF易方,XSHG,1,561050,sh561050,etf,930632,62,specetfdata.txt,catalog,available,True,True,True,True,True,2026-05-22,2026-08-06,2026-05-22 09:35,2026-08-06 15:00,2026-05-22 09:31,2026-08-06 15:00,54,2592,12960,0.001,tdx_local_catalog
snapshot-20260806T091453459470Z,2026-08-06,561060.XSHG,国企红利ETF华安,XSHG,1,561060,sh561060,etf,000824,62,specetfdata.txt,catalog,available,True,True,True,True,True,2023-09-21,2026-08-06,2024-10-08 09:35,2026-08-06 15:00,2026-04-27 09:31,2026-08-06 15:00,694,21456,16800,0.001,tdx_local_catalog
snapshot-20260806T091453459470Z,2026-08-06,561080.XSHG,全指现金流ETF华,XSHG,1,561080,sh561080,etf,932365,62,specetfdata.txt,catalog,available,True,True,True,True,True,2025-04-30,2026-08-06,2025-04-30 09:35,2026-08-06 15:00,2026-04-27 09:31,2026-08-06 15:00,309,14832,16800,0.001,tdx_local_catalog
snapshot-20260806T091453459470Z,2026-08-06,561090.XSHG,A500增强ETF华安,XSHG,1,561090,sh561090,etf,000510,1,specetfdata.txt,catalog,available,True,True,True,True,True,2025-07-02,2026-08-06,2025-07-02 09:35,2026-08-06 15:00,2026-04-27 09:31,2026-08-06 15:00,268,12864,16800,0.001,tdx_local_catalog
snapshot-20260806T091453459470Z,2026-08-06,561100.XSHG,消费电子ETF富国,XSHG,1,561100,sh561100,etf,931494,62,specetfdata.txt,catalog,available,True,True,True,True,True,2022-02-08,2026-08-06,2024-10-08 09:35,2026-08-06 15:00,2026-04-27 09:31,2026-08-06 15:00,1092,21456,16800,0.001,tdx_local_catalog
snapshot-20260806T091453459470Z,2026-08-06,561120.XSHG,家电ETF富国,XSHG,1,561120,sh561120,etf,930697,62,specetfdata.txt,catalog,available,True,True,True,True,True,2022-02-15,2026-08-06,2024-10-08 09:35,2026-08-06 15:00,2026-04-27 09:31,2026-08-06 15:00,1087,21456,16800,0.001,tdx_local_catalog
snapshot-20260806T091453459470Z,2026-08-06,561130.XSHG,国货ETF富国,XSHG,1,561130,sh561130,etf,931403,62,specetfdata.txt,catalog,available,True,True,True,True,True,2021-10-18,2026-08-06,2024-10-08 09:35,2026-08-06 15:00,2026-04-27 09:31,2026-08-06 15:00,1167,21456,16800,0.001,tdx_local_catalog
snapshot-20260806T091453459470Z,2026-08-06,561160.XSHG,电池ETF富国,XSHG,1,561160,sh561160,etf,931719,62,specetfdata.txt,catalog,available,True,True,True,True,True,2022-07-08,2026-08-06,2024-10-08 09:35,2026-08-06 15:00,2026-04-27 09:31,2026-08-06 15:00,990,21456,16800,0.001,tdx_local_catalog
snapshot-20260806T091453459470Z,2026-08-06,561170.XSHG,绿色电力ETF富国,XSHG,1,561170,sh561170,etf,931897,62,specetfdata.txt,catalog,available,True,True,True,True,True,2023-03-16,2026-08-06,2024-10-08 09:35,2026-08-06 15:00,2026-04-27 09:31,2026-08-06 15:00,823,21456,16800,0.001,tdx_local_catalog
snapshot-20260806T091453459470Z,2026-08-06,561180.XSHG,A100ETF富国,XSHG,1,561180,sh561180,etf,000903,1,specetfdata.txt,catalog,available,True,True,True,True,True,2022-11-21,2026-08-06,2024-10-08 09:35,2026-08-06 15:00,2026-04-27 09:31,2026-08-06 15:00,900,21456,16800,0.001,tdx_local_catalog
snapshot-20260806T091453459470Z,2026-08-06,561190.XSHG,碳中和ETF富国,XSHG,1,561190,sh561190,etf,931755,62,specetfdata.txt,catalog,available,True,True,True,True,True,2022-07-19,2026-08-06,2024-10-08 09:35,2026-08-06 15:00,2026-04-27 09:31,2026-08-06 15:00,983,21456,16800,0.001,tdx_local_catalog
snapshot-20260806T091453459470Z,2026-08-06,561200.XSHG,中证A100ETF工银,XSHG,1,561200,sh561200,etf,000903,1,specetfdata.txt,catalog,available,True,True,True,True,True,2024-01-05,2026-08-06,2024-10-08 09:35,2026-08-06 15:00,2026-04-27 09:31,2026-08-06 15:00,625,21456,16800,0.001,tdx_local_catalog
snapshot-20260806T091453459470Z,2026-08-06,561220.XSHG,数字经济ETF工银,XSHG,1,561220,sh561220,etf,931529,62,specetfdata.txt,catalog,available,True,True,True,True,True,2025-05-30,2026-08-06,2025-05-30 09:35,2026-08-06 15:00,2026-04-27 09:31,2026-08-06 15:00,290,13920,16800,0.001,tdx_local_catalog
snapshot-20260806T091453459470Z,2026-08-06,561230.XSHG,中证A50ETF工银,XSHG,1,561230,sh561230,etf,930050,62,specetfdata.txt,catalog,available,True,True,True,True,True,2024-03-18,2026-08-06,2024-10-08 09:35,2026-08-06 15:00,2026-04-27 09:31,2026-08-06 15:00,580,21456,16800,0.001,tdx_local_catalog
snapshot-20260806T091453459470Z,2026-08-06,561250.XSHG,稀有金属ETF鹏华,XSHG,1,561250,sh561250,etf,930632,62,specetfdata.txt,catalog,available,True,True,True,True,True,2026-07-22,2026-08-06,2026-07-22 09:35,2026-08-06 15:00,2026-07-22 09:31,2026-08-06 15:00,12,576,2880,0.001,tdx_local_catalog
snapshot-20260806T091453459470Z,2026-08-06,561260.XSHG,能源ETF工银,XSHG,1,561260,sh561260,etf,932037,62,specetfdata.txt,catalog,available,True,True,True,True,True,2023-08-09,2026-08-06,2024-10-08 09:35,2026-08-06 15:00,2026-04-27 09:31,2026-08-06 15:00,725,21456,16800,0.001,tdx_local_catalog
snapshot-20260806T091453459470Z,2026-08-06,561280.XSHG,中证1000增强ETF,XSHG,1,561280,sh561280,etf,000852,1,specetfdata.txt,catalog,available,True,True,True,True,True,2023-09-22,2026-08-06,2024-10-08 09:35,2026-08-06 15:00,2026-04-27 09:31,2026-08-06 15:00,693,21456,16800,0.001,tdx_local_catalog
snapshot-20260806T091453459470Z,2026-08-06,561300.XSHG,沪深300增强ETF国,XSHG,1,561300,sh561300,etf,000300,1,specetfdata.txt,catalog,available,True,True,True,True,True,2021-12-10,2026-08-06,2024-10-08 09:35,2026-08-06 15:00,2026-04-27 09:31,2026-08-06 15:00,1128,21456,16800,0.001,tdx_local_catalog
snapshot-20260806T091453459470Z,2026-08-06,561310.XSHG,消电ETF国泰,XSHG,1,561310,sh561310,etf,931494,62,specetfdata.txt,catalog,available,True,True,True,True,True,2021-11-25,2026-08-06,2024-10-08 09:35,2026-08-06 15:00,2026-04-27 09:31,2026-08-06 15:00,1139,21456,16800,0.001,tdx_local_catalog
snapshot-20260806T091453459470Z,2026-08-06,561320.XSHG,交运ETF国泰,XSHG,1,561320,sh561320,etf,000945,62,specetfdata.txt,catalog,available,True,True,True,True,True,2022-12-08,2026-08-06,2024-10-08 09:35,2026-08-06 15:00,2026-04-27 09:31,2026-08-06 15:00,887,21456,16800,0.001,tdx_local_catalog
snapshot-20260806T091453459470Z,2026-08-06,561330.XSHG,矿业ETF国泰,XSHG,1,561330,sh561330,etf,931892,62,specetfdata.txt,catalog,available,True,True,True,True,True,2022-11-01,2026-08-06,2024-10-08 09:35,2026-08-06 15:00,2026-04-27 09:31,2026-08-06 15:00,914,21456,16800,0.001,tdx_local_catalog
snapshot-20260806T091453459470Z,2026-08-06,561350.XSHG,中证500ETF国泰,XSHG,1,561350,sh561350,etf,000905,1,specetfdata.txt,catalog,available,True,True,True,True,True,2021-09-01,2026-08-06,2024-10-08 09:35,2026-08-06 15:00,2026-04-27 09:31,2026-08-06 15:00,1193,21456,16800,0.001,tdx_local_catalog
snapshot-20260806T091453459470Z,2026-08-06,561360.XSHG,石油ETF国泰,XSHG,1,561360,sh561360,etf,H30198,62,specetfdata.txt,catalog,available,True,True,True,True,True,2023-10-31,2026-08-06,2024-10-08 09:35,2026-08-06 15:00,2026-04-27 09:31,2026-08-06 15:00,672,21456,16800,0.001,tdx_local_catalog
snapshot-20260806T091453459470Z,2026-08-06,561370.XSHG,中证2000ETF国泰,XSHG,1,561370,sh561370,etf,932000,62,specetfdata.txt,catalog,available,True,True,True,True,True,2023-09-21,2026-08-06,2024-10-08 09:35,2026-08-06 15:00,2026-04-27 09:31,2026-08-06 15:00,694,21456,16800,0.001,tdx_local_catalog
snapshot-20260806T091453459470Z,2026-08-06,561380.XSHG,电网设备ETF国泰,XSHG,1,561380,sh561380,etf,HZ5446,27,specetfdata.txt,catalog,available,True,True,True,True,True,2024-12-23,2026-08-06,2024-12-23 09:35,2026-08-06 15:00,2026-04-27 09:31,2026-08-06 15:00,393,18864,16800,0.001,tdx_local_catalog
snapshot-20260806T091453459470Z,2026-08-06,561400.XSHG,畜牧养殖ETF鑫元,XSHG,1,561400,sh561400,etf,931946,62,specetfdata.txt,catalog,available,True,True,True,True,True,2026-08-03,2026-08-06,2026-08-03 09:35,2026-08-06 15:00,2026-08-03 09:31,2026-08-06 15:00,4,192,960,0.001,tdx_local_catalog
snapshot-20260806T091453459470Z,2026-08-06,561420.XSHG,300现金流ETF汇添,XSHG,1,561420,sh561420,etf,932366,62,specetfdata.txt,catalog,available,True,True,True,True,True,2026-07-08,2026-08-06,2026-07-08 09:35,2026-08-06 15:00,2026-07-08 09:31,2026-08-06 15:00,22,1056,5280,0.001,tdx_local_catalog
snapshot-20260806T091453459470Z,2026-08-06,561430.XSHG,红利质量ETF博时,XSHG,1,561430,sh561430,etf,932315,62,specetfdata.txt,catalog,available,True,True,True,True,True,2026-06-30,2026-08-06,2026-06-30 09:35,2026-08-06 15:00,2026-06-30 09:31,2026-08-06 15:00,28,1344,6720,0.001,tdx_local_catalog
snapshot-20260806T091453459470Z,2026-08-06,561450.XSHG,红利低波50ETF华,XSHG,1,561450,sh561450,etf,SPCLLHCP,12,specetfdata.txt,catalog,available,True,True,True,True,True,2026-08-03,2026-08-06,2026-08-03 09:35,2026-08-06 15:00,2026-08-03 09:31,2026-08-06 15:00,4,192,960,0.001,tdx_local_catalog
snapshot-20260806T091453459470Z,2026-08-06,561460.XSHG,人工智能ETF天弘,XSHG,1,561460,sh561460,etf,930713,62,specetfdata.txt,catalog,available,True,True,True,True,True,2026-07-03,2026-08-06,2026-07-03 09:35,2026-08-06 15:00,2026-07-03 09:31,2026-08-06 15:00,25,1200,6000,0.001,tdx_local_catalog
snapshot-20260806T091453459470Z,2026-08-06,561470.XSHG,畜牧养殖ETF天弘,XSHG,1,561470,sh561470,etf,931946,62,specetfdata.txt,catalog,available,True,True,True,True,True,2026-07-09,2026-08-06,2026-07-09 09:35,2026-08-06 15:00,2026-07-09 09:31,2026-08-06 15:00,21,1008,5040,0.001,tdx_local_catalog
snapshot-20260806T091453459470Z,2026-08-06,561490.XSHG,红利质量ETF财通,XSHG,1,561490,sh561490,etf,932315,62,specetfdata.txt,catalog,available,True,True,True,True,True,2026-07-31,2026-08-06,2026-07-31 09:35,2026-08-06 15:00,2026-07-31 09:31,2026-08-06 15:00,5,240,1200,0.001,tdx_local_catalog
snapshot-20260806T091453459470Z,2026-08-06,561500.XSHG,漂亮50ETF华泰柏,XSHG,1,561500,sh561500,etf,931526,62,specetfdata.txt,catalog,available,True,True,True,True,True,2021-06-28,2026-08-06,2024-10-08 09:35,2026-08-06 15:00,2026-04-27 09:31,2026-08-06 15:00,1240,21456,16800,0.001,tdx_local_catalog
snapshot-20260806T091453459470Z,2026-08-06,561510.XSHG,中药ETF华泰柏瑞,XSHG,1,561510,sh561510,etf,930641,62,specetfdata.txt,catalog,available,True,True,True,True,True,2022-08-04,2026-08-06,2024-10-08 09:35,2026-08-06 15:00,2026-04-27 09:31,2026-08-06 15:00,971,21456,16800,0.001,tdx_local_catalog
snapshot-20260806T091453459470Z,2026-08-06,561550.XSHG,中证500增强ETF华,XSHG,1,561550,sh561550,etf,000905,1,specetfdata.txt,catalog,available,True,True,True,True,True,2021-12-10,2026-08-06,2024-10-08 09:35,2026-08-06 15:00,2026-04-27 09:31,2026-08-06 15:00,1128,21456,16800,0.001,tdx_local_catalog
snapshot-20260806T091453459470Z,2026-08-06,561560.XSHG,电力ETF华泰柏瑞,XSHG,1,561560,sh561560,etf,H30199,62,specetfdata.txt,catalog,available,True,True,True,True,True,2022-05-16,2026-08-06,2024-10-08 09:35,2026-08-06 15:00,2026-04-27 09:31,2026-08-06 15:00,1028,21456,16800,0.001,tdx_local_catalog
snapshot-20260806T091453459470Z,2026-08-06,561570.XSHG,油气ETF华泰柏瑞,XSHG,1,561570,sh561570,etf,H30198,62,specetfdata.txt,catalog,available,True,True,True,True,True,2024-10-17,2026-08-06,2024-10-17 09:35,2026-08-06 15:00,2026-04-27 09:31,2026-08-06 15:00,440,21120,16800,0.001,tdx_local_catalog
snapshot-20260806T091453459470Z,2026-08-06,561580.XSHG,央企红利ETF华泰,XSHG,1,561580,sh561580,etf,000825,62,specetfdata.txt,catalog,available,True,True,True,True,True,2023-05-30,2026-08-06,2024-10-08 09:35,2026-08-06 15:00,2026-04-27 09:31,2026-08-06 15:00,774,21456,16800,0.001,tdx_local_catalog
snapshot-20260806T091453459470Z,2026-08-06,561590.XSHG,中证1000增强ETF,XSHG,1,561590,sh561590,etf,000852,1,specetfdata.txt,catalog,available,True,True,True,True,True,2022-12-12,2026-08-06,2024-10-08 09:35,2026-08-06 15:00,2026-04-27 09:31,2026-08-06 15:00,885,21456,16800,0.001,tdx_local_catalog
snapshot-20260806T091453459470Z,2026-08-06,561600.XSHG,消费电子ETF平安,XSHG,1,561600,sh561600,etf,931494,62,specetfdata.txt,catalog,available,True,True,True,True,True,2021-09-09,2026-08-06,2024-10-08 09:35,2026-08-06 15:00,2026-04-27 09:31,2026-08-06 15:00,1187,21456,16800,0.001,tdx_local_catalog
snapshot-20260806T091453459470Z,2026-08-06,561620.XSHG,N化工ETF华泰柏瑞,XSHG,1,561620,sh561620,etf,000813,62,specetfdata.txt,catalog,available,True,True,True,True,True,2026-08-05,2026-08-06,2026-08-05 09:35,2026-08-06 15:00,2026-08-05 09:31,2026-08-06 15:00,2,96,480,0.001,tdx_local_catalog
snapshot-20260806T091453459470Z,2026-08-06,561630.XSHG,红利质量ETF华泰,XSHG,1,561630,sh561630,etf,932315,62,specetfdata.txt,catalog,available,True,True,True,True,True,2026-07-22,2026-08-06,2026-07-22 09:35,2026-08-06 15:00,2026-07-22 09:31,2026-08-06 15:00,12,576,2880,0.001,tdx_local_catalog
snapshot-20260806T091453459470Z,2026-08-06,561660.XSHG,通用航空ETF平安,XSHG,1,561660,sh561660,etf,931855,62,specetfdata.txt,catalog,available,True,True,True,True,True,2025-11-10,2026-08-06,2025-11-10 09:35,2026-08-06 15:00,2026-04-27 09:31,2026-08-06 15:00,181,8688,16800,0.001,tdx_local_catalog
snapshot-20260806T091453459470Z,2026-08-06,561680.XSHG,A500红利低波ETF,XSHG,1,561680,sh561680,etf,932422,62,specetfdata.txt,catalog,available,True,True,True,True,True,2025-09-05,2026-08-06,2025-09-05 09:35,2026-08-06 15:00,2026-04-27 09:31,2026-08-06 15:00,221,10608,16800,0.001,tdx_local_catalog
snapshot-20260806T091453459470Z,2026-08-06,561700.XSHG,电力ETF博时,XSHG,1,561700,sh561700,etf,H30199,62,specetfdata.txt,catalog,available,True,True,True,True,True,2022-07-15,2026-08-06,2024-10-08 09:35,2026-08-06 15:00,2026-04-27 09:31,2026-08-06 15:00,985,21456,16800,0.001,tdx_local_catalog
snapshot-20260806T091453459470Z,2026-08-06,561750.XSHG,A50ETF博时,XSHG,1,561750,sh561750,etf,930050,62,specetfdata.txt,catalog,available,True,True,True,True,True,2025-05-30,2026-08-06,2025-05-30 09:35,2026-08-06 15:00,2026-04-27 09:31,2026-08-06 15:00,290,13920,16800,0.001,tdx_local_catalog
snapshot-20260806T091453459470Z,2026-08-06,561760.XSHG,油气ETF博时,XSHG,1,561760,sh561760,etf,931248,62,specetfdata.txt,catalog,available,True,True,True,True,True,2024-04-29,2026-08-06,2024-10-08 09:35,2026-08-06 15:00,2026-04-27 09:31,2026-08-06 15:00,552,21456,16800,0.001,tdx_local_catalog
snapshot-20260806T091453459470Z,2026-08-06,561770.XSHG,A100ETF博时,XSHG,1,561770,sh561770,etf,000903,1,specetfdata.txt,catalog,available,True,True,True,True,True,2025-06-24,2026-08-06,2025-06-24 09:35,2026-08-06 15:00,2026-04-27 09:31,2026-08-06 15:00,274,13152,16800,0.001,tdx_local_catalog
snapshot-20260806T091453459470Z,2026-08-06,561780.XSHG,1000增强ETF博时,XSHG,1,561780,sh561780,etf,000852,1,specetfdata.txt,catalog,available,True,True,True,True,True,2023-11-10,2026-08-06,2024-10-08 09:35,2026-08-06 15:00,2026-04-27 09:31,2026-08-06 15:00,664,21456,16800,0.001,tdx_local_catalog
snapshot-20260806T091453459470Z,2026-08-06,561790.XSHG,央企能源ETF博时,XSHG,1,561790,sh561790,etf,932037,62,specetfdata.txt,catalog,available,True,True,True,True,True,2023-08-09,2026-08-06,2024-10-08 09:35,2026-08-06 15:00,2026-04-27 09:31,2026-08-06 15:00,725,21456,16800,0.001,tdx_local_catalog
snapshot-20260806T091453459470Z,2026-08-06,561800.XSHG,稀有金属ETF华富,XSHG,1,561800,sh561800,etf,930632,62,specetfdata.txt,catalog,available,True,True,True,True,True,2021-08-24,2026-08-06,2024-10-08 09:35,2026-08-06 15:00,2026-04-27 09:31,2026-08-06 15:00,1199,21456,16800,0.001,tdx_local_catalog
snapshot-20260806T091453459470Z,2026-08-06,561870.XSHG,现金流全指ETF华,XSHG,1,561870,sh561870,etf,932365,62,specetfdata.txt,catalog,available,True,True,True,True,True,2025-05-09,2026-08-06,2025-05-09 09:35,2026-08-06 15:00,2026-04-27 09:31,2026-08-06 15:00,305,14640,16800,0.001,tdx_local_catalog
snapshot-20260806T091453459470Z,2026-08-06,561880.XSHG,A100ETF华富,XSHG,1,561880,sh561880,etf,000903,1,specetfdata.txt,catalog,available,True,True,True,True,True,2025-01-24,2026-08-06,2025-01-24 09:35,2026-08-06 15:00,2026-04-27 09:31,2026-08-06 15:00,370,17760,16800,0.001,tdx_local_catalog
snapshot-20260806T091453459470Z,2026-08-06,561900.XSHG,沪深300ESGETF招,XSHG,1,561900,sh561900,etf,931463,62,specetfdata.txt,catalog,available,True,True,True,True,True,2021-07-15,2026-08-06,2024-10-08 09:35,2026-08-06 15:00,2026-04-27 09:31,2026-08-06 15:00,1227,21456,16800,0.001,tdx_local_catalog
snapshot-20260806T091453459470Z,2026-08-06,561910.XSHG,电池ETF招商,XSHG,1,561910,sh561910,etf,931719,62,specetfdata.txt,catalog,available,True,True,True,True,True,2021-08-12,2026-08-06,2024-10-08 09:35,2026-08-06 15:00,2026-04-27 09:31,2026-08-06 15:00,1207,21456,16800,0.001,tdx_local_catalog
snapshot-20260806T091453459470Z,2026-08-06,561920.XSHG,疫苗ETF招商,XSHG,1,561920,sh561920,etf,931992,62,specetfdata.txt,catalog,available,True,True,True,True,True,2023-03-29,2026-08-06,2024-10-08 09:35,2026-08-06 15:00,2026-04-27 09:31,2026-08-06 15:00,814,21456,16800,0.001,tdx_local_catalog
snapshot-20260806T091453459470Z,2026-08-06,561930.XSHG,沪深300ETF招商,XSHG,1,561930,sh561930,etf,000300,1,specetfdata.txt,catalog,available,True,True,True,True,True,2024-09-20,2026-08-06,2024-10-08 09:35,2026-08-06 15:00,2026-04-27 09:31,2026-08-06 15:00,454,21456,16800,0.001,tdx_local_catalog
snapshot-20260806T091453459470Z,2026-08-06,561950.XSHG,中证500增强ETF招,XSHG,1,561950,sh561950,etf,000905,1,specetfdata.txt,catalog,available,True,True,True,True,True,2023-04-24,2026-08-06,2024-10-08 09:35,2026-08-06 15:00,2026-04-27 09:31,2026-08-06 15:00,797,21456,16800,0.001,tdx_local_catalog
snapshot-20260806T091453459470Z,2026-08-06,561960.XSHG,央企回报ETF招商,XSHG,1,561960,sh561960,etf,932039,62,specetfdata.txt,catalog,available,True,True,True,True,True,2023-06-06,2026-08-06,2024-10-08 09:35,2026-08-06 15:00,2026-04-27 09:31,2026-08-06 15:00,769,21456,16800,0.001,tdx_local_catalog
snapshot-20260806T091453459470Z,2026-08-06,561980.XSHG,半导体设备ETF招,XSHG,1,561980,sh561980,etf,931865,62,specetfdata.txt,catalog,available,True,True,True,True,True,2023-09-01,2026-08-06,2024-10-08 09:35,2026-08-06 15:00,2026-04-27 09:31,2026-08-06 15:00,708,21456,16800,0.001,tdx_local_catalog
snapshot-20260806T091453459470Z,2026-08-06,561990.XSHG,沪深300增强ETF招,XSHG,1,561990,sh561990,etf,000300,1,specetfdata.txt,catalog,available,True,True,True,True,True,2021-12-10,2026-08-06,2024-10-08 09:35,2026-08-06 15:00,2026-04-27 09:31,2026-08-06 15:00,1128,21456,16800,0.001,tdx_local_catalog
snapshot-20260806T091453459470Z,2026-08-06,562000.XSHG,A100ETF华宝,XSHG,1,562000,sh562000,etf,000903,1,specetfdata.txt,catalog,available,True,True,True,True,True,2022-08-01,2026-08-06,2024-10-08 09:35,2026-08-06 15:00,2026-04-27 09:31,2026-08-06 15:00,974,21456,16800,0.001,tdx_local_catalog
snapshot-20260806T091453459470Z,2026-08-06,562010.XSHG,绿色能源ETF华宝,XSHG,1,562010,sh562010,etf,931733,62,specetfdata.txt,catalog,available,True,True,True,True,True,2023-01-03,2026-08-06,2024-10-08 09:35,2026-08-06 15:00,2026-04-27 09:31,2026-08-06 15:00,870,21456,16800,0.001,tdx_local_catalog
snapshot-20260806T091453459470Z,2026-08-06,562030.XSHG,信创ETF华宝,XSHG,1,562030,sh562030,etf,931247,62,specetfdata.txt,catalog,available,True,True,True,True,True,2023-10-12,2026-08-06,2024-10-08 09:35,2026-08-06 15:00,2026-04-27 09:31,2026-08-06 15:00,685,21456,16800,0.001,tdx_local_catalog
snapshot-20260806T091453459470Z,2026-08-06,562050.XSHG,药ETF华宝,XSHG,1,562050,sh562050,etf,932217,62,specetfdata.txt,catalog,available,True,True,True,True,True,2025-06-19,2026-08-06,2025-06-19 09:35,2026-08-06 15:00,2026-04-27 09:31,2026-08-06 15:00,277,13296,16800,0.001,tdx_local_catalog
snapshot-20260806T091453459470Z,2026-08-06,562060.XSHG,标普A股红利ETF华,XSHG,1,562060,sh562060,etf,CSPSADRP,12,specetfdata.txt,catalog,available,True,True,True,True,True,2023-12-28,2026-08-06,2024-10-08 09:35,2026-08-06 15:00,2026-04-27 09:31,2026-08-06 15:00,630,21456,16800,0.001,tdx_local_catalog
snapshot-20260806T091453459470Z,2026-08-06,562070.XSHG,沪深300指增ETF华,XSHG,1,562070,sh562070,etf,000300,1,specetfdata.txt,catalog,available,True,True,True,True,True,2025-12-25,2026-08-06,2025-12-25 09:35,2026-08-06 15:00,2026-04-27 09:31,2026-08-06 15:00,148,7104,16800,0.001,tdx_local_catalog
snapshot-20260806T091453459470Z,2026-08-06,562080.XSHG,300现金流ETF华宝,XSHG,1,562080,sh562080,etf,932366,62,specetfdata.txt,catalog,available,True,True,True,True,True,2025-04-15,2026-08-06,2025-04-15 09:35,2026-08-06 15:00,2026-04-27 09:31,2026-08-06 15:00,320,15360,16800,0.001,tdx_local_catalog
snapshot-20260806T091453459470Z,2026-08-06,562300.XSHG,碳中和ETF银华,XSHG,1,562300,sh562300,etf,000977,62,specetfdata.txt,catalog,available,True,True,True,True,True,2022-01-05,2026-08-06,2024-10-08 09:35,2026-08-06 15:00,2026-04-27 09:31,2026-08-06 15:00,1111,21456,16800,0.001,tdx_local_catalog
snapshot-20260806T091453459470Z,2026-08-06,562310.XSHG,沪深300成长ETF银,XSHG,1,562310,sh562310,etf,000918,62,specetfdata.txt,catalog,available,True,True,True,True,True,2022-09-09,2026-08-06,2024-10-08 09:35,2026-08-06 15:00,2026-04-27 09:31,2026-08-06 15:00,945,21456,16800,0.001,tdx_local_catalog
snapshot-20260806T091453459470Z,2026-08-06,562320.XSHG,沪深300价值ETF银,XSHG,1,562320,sh562320,etf,000919,62,specetfdata.txt,catalog,available,True,True,True,True,True,2023-01-12,2026-08-06,2024-10-08 09:35,2026-08-06 15:00,2026-04-27 09:31,2026-08-06 15:00,863,21456,16800,0.001,tdx_local_catalog
snapshot-20260806T091453459470Z,2026-08-06,562330.XSHG,中证500价值ETF银,XSHG,1,562330,sh562330,etf,H30352,62,specetfdata.txt,catalog,available,True,True,True,True,True,2023-04-18,2026-08-06,2024-10-08 09:35,2026-08-06 15:00,2026-04-27 09:31,2026-08-06 15:00,801,21456,16800,0.001,tdx_local_catalog
snapshot-20260806T091453459470Z,2026-08-06,562340.XSHG,中证500成长ETF银,XSHG,1,562340,sh562340,etf,930939,62,specetfdata.txt,catalog,available,True,True,True,True,True,2024-05-08,2026-08-06,2024-10-08 09:35,2026-08-06 15:00,2026-04-27 09:31,2026-08-06 15:00,548,21456,16800,0.001,tdx_local_catalog
snapshot-20260806T091453459470Z,2026-08-06,562350.XSHG,电力ETF银华,XSHG,1,562350,sh562350,etf,H30199,62,specetfdata.txt,catalog,available,True,True,True,True,True,2022-07-12,2026-08-06,2024-10-08 09:35,2026-08-06 15:00,2026-04-27 09:31,2026-08-06 15:00,988,21456,16800,0.001,tdx_local_catalog
snapshot-20260806T091453459470Z,2026-08-06,562360.XSHG,机器人ETF银华,XSHG,1,562360,sh562360,etf,H30590,62,specetfdata.txt,catalog,available,True,True,True,True,True,2021-10-15,2026-08-06,2024-10-08 09:35,2026-08-06 15:00,2026-04-27 09:31,2026-08-06 15:00,1168,21456,16800,0.001,tdx_local_catalog
snapshot-20260806T091453459470Z,2026-08-06,562380.XSHG,央企科技ETF银华,XSHG,1,562380,sh562380,etf,932038,62,specetfdata.txt,catalog,available,True,True,True,True,True,2023-07-06,2026-08-06,2024-10-08 09:35,2026-08-06 15:00,2026-04-27 09:31,2026-08-06 15:00,749,21456,16800,0.001,tdx_local_catalog
snapshot-20260806T091453459470Z,2026-08-06,562390.XSHG,中药ETF银华,XSHG,1,562390,sh562390,etf,930641,62,specetfdata.txt,catalog,available,True,True,True,True,True,2022-07-28,2026-08-06,2024-10-08 09:35,2026-08-06 15:00,2026-04-27 09:31,2026-08-06 15:00,976,21456,16800,0.001,tdx_local_catalog
snapshot-20260806T091453459470Z,2026-08-06,562500.XSHG,机器人ETF华夏,XSHG,1,562500,sh562500,etf,H30590,62,specetfdata.txt,catalog,available,True,True,True,True,True,2021-12-29,2026-08-06,2024-10-08 09:35,2026-08-06 15:00,2026-04-27 09:31,2026-08-06 15:00,1115,21456,16800,0.001,tdx_local_catalog
snapshot-20260806T091453459470Z,2026-08-06,562510.XSHG,旅游ETF华夏,XSHG,1,562510,sh562510,etf,930633,62,specetfdata.txt,catalog,available,True,True,True,True,True,2021-12-30,2026-08-06,2024-10-08 09:35,2026-08-06 15:00,2026-04-27 09:31,2026-08-06 15:00,1114,21456,16800,0.001,tdx_local_catalog
snapshot-20260806T091453459470Z,2026-08-06,562520.XSHG,中证1000成长ETF,XSHG,1,562520,sh562520,etf,931591,62,specetfdata.txt,catalog,available,True,True,True,True,True,2022-03-22,2026-08-06,2024-10-08 09:35,2026-08-06 15:00,2026-04-27 09:31,2026-08-06 15:00,1062,21456,16800,0.001,tdx_local_catalog
snapshot-20260806T091453459470Z,2026-08-06,562530.XSHG,中证1000价值ETF,XSHG,1,562530,sh562530,etf,931588,62,specetfdata.txt,catalog,available,True,True,True,True,True,2022-08-12,2026-08-06,2024-10-08 09:35,2026-08-06 15:00,2026-04-27 09:31,2026-08-06 15:00,965,21456,16800,0.001,tdx_local_catalog
snapshot-20260806T091453459470Z,2026-08-06,562550.XSHG,绿电ETF华夏,XSHG,1,562550,sh562550,etf,931897,62,specetfdata.txt,catalog,available,True,True,True,True,True,2023-03-27,2026-08-06,2024-10-08 09:35,2026-08-06 15:00,2026-04-27 09:31,2026-08-06 15:00,816,21456,16800,0.001,tdx_local_catalog
snapshot-20260806T091453459470Z,2026-08-06,562560.XSHG,信息技术ETF华夏,XSHG,1,562560,sh562560,etf,000993,1,specetfdata.txt,catalog,available,True,True,True,True,True,2024-04-12,2026-08-06,2024-10-08 09:35,2026-08-06 15:00,2026-04-27 09:31,2026-08-06 15:00,563,21456,16800,0.001,tdx_local_catalog
snapshot-20260806T091453459470Z,2026-08-06,562570.XSHG,信创ETF华夏,XSHG,1,562570,sh562570,etf,931247,62,specetfdata.txt,catalog,available,True,True,True,True,True,2024-04-30,2026-08-06,2024-10-08 09:35,2026-08-06 15:00,2026-04-27 09:31,2026-08-06 15:00,551,21456,16800,0.001,tdx_local_catalog
snapshot-20260806T091453459470Z,2026-08-06,562580.XSHG,可选消费ETF华夏,XSHG,1,562580,sh562580,etf,000989,1,specetfdata.txt,catalog,available,True,True,True,True,True,2024-03-26,2026-08-06,2024-10-08 09:35,2026-08-06 15:00,2026-04-27 09:31,2026-08-06 15:00,574,21456,16800,0.001,tdx_local_catalog
snapshot-20260806T091453459470Z,2026-08-06,562590.XSHG,半导体设备ETF华,XSHG,1,562590,sh562590,etf,931743,62,specetfdata.txt,catalog,available,True,True,True,True,True,2023-10-18,2026-08-06,2024-10-08 09:35,2026-08-06 15:00,2026-04-27 09:31,2026-08-06 15:00,681,21456,16800,0.001,tdx_local_catalog
snapshot-20260806T091453459470Z,2026-08-06,562600.XSHG,医疗器械ETF华夏,XSHG,1,562600,sh562600,etf,H30217,62,specetfdata.txt,catalog,available,True,True,True,True,True,2023-12-11,2026-08-06,2024-10-08 09:35,2026-08-06 15:00,2026-04-27 09:31,2026-08-06 15:00,643,21456,16800,0.001,tdx_local_catalog
snapshot-20260806T091453459470Z,2026-08-06,562660.XSHG,中证2000ETF华夏,XSHG,1,562660,sh562660,etf,932000,62,specetfdata.txt,catalog,available,True,True,True,True,True,2023-09-14,2026-08-06,2024-10-08 09:35,2026-08-06 15:00,2026-04-27 09:31,2026-08-06 15:00,699,21456,16800,0.001,tdx_local_catalog
snapshot-20260806T091453459470Z,2026-08-06,562700.XSHG,汽车零部件ETF华,XSHG,1,562700,sh562700,etf,931230,62,specetfdata.txt,catalog,available,True,True,True,True,True,2024-05-14,2026-08-06,2024-10-08 09:35,2026-08-06 15:00,2026-04-27 09:31,2026-08-06 15:00,544,21456,16800,0.001,tdx_local_catalog
snapshot-20260806T091453459470Z,2026-08-06,562800.XSHG,稀有金属ETF嘉实,XSHG,1,562800,sh562800,etf,930632,62,specetfdata.txt,catalog,available,True,True,True,True,True,2021-09-27,2026-08-06,2024-10-08 09:35,2026-08-06 15:00,2026-04-27 09:31,2026-08-06 15:00,1177,21456,16800,0.001,tdx_local_catalog
snapshot-20260806T091453459470Z,2026-08-06,562810.XSHG,上证指数增强ETF,XSHG,1,562810,sh562810,etf,000001,1,specetfdata.txt,catalog,available,True,True,True,True,True,2025-03-13,2026-08-06,2025-03-13 09:35,2026-08-06 15:00,2026-04-27 09:31,2026-08-06 15:00,342,16416,16800,0.001,tdx_local_catalog
snapshot-20260806T091453459470Z,2026-08-06,562820.XSHG,集成电路ETF嘉实,XSHG,1,562820,sh562820,etf,932087,62,specetfdata.txt,catalog,available,True,True,True,True,True,2024-04-22,2026-08-06,2024-10-08 09:35,2026-08-06 15:00,2026-04-27 09:31,2026-08-06 15:00,557,21456,16800,0.001,tdx_local_catalog
snapshot-20260806T091453459470Z,2026-08-06,562850.XSHG,央企能源ETF嘉实,XSHG,1,562850,sh562850,etf,932037,62,specetfdata.txt,catalog,available,True,True,True,True,True,2023-08-09,2026-08-06,2024-10-08 09:35,2026-08-06 15:00,2026-04-27 09:31,2026-08-06 15:00,725,21456,16800,0.001,tdx_local_catalog
snapshot-20260806T091453459470Z,2026-08-06,562860.XSHG,疫苗ETF嘉实,XSHG,1,562860,sh562860,etf,931992,62,specetfdata.txt,catalog,available,True,True,True,True,True,2023-02-24,2026-08-06,2024-10-08 09:35,2026-08-06 15:00,2026-04-27 09:31,2026-08-06 15:00,837,21456,16800,0.001,tdx_local_catalog
snapshot-20260806T091453459470Z,2026-08-06,562870.XSHG,证券ETF嘉实,XSHG,1,562870,sh562870,etf,399975,0,specetfdata.txt,catalog,available,True,True,True,True,True,2025-07-25,2026-08-06,2025-07-25 09:35,2026-08-06 15:00,2026-04-27 09:31,2026-08-06 15:00,251,12048,16800,0.001,tdx_local_catalog
snapshot-20260806T091453459470Z,2026-08-06,562880.XSHG,电池ETF嘉实,XSHG,1,562880,sh562880,etf,931719,62,specetfdata.txt,catalog,available,True,True,True,True,True,2021-07-20,2026-08-06,2024-10-08 09:35,2026-08-06 15:00,2026-04-27 09:31,2026-08-06 15:00,1224,21456,16800,0.001,tdx_local_catalog
snapshot-20260806T091453459470Z,2026-08-06,562890.XSHG,A50ETF嘉实,XSHG,1,562890,sh562890,etf,930050,62,specetfdata.txt,catalog,available,True,True,True,True,True,2024-03-18,2026-08-06,2024-10-08 09:35,2026-08-06 15:00,2026-04-27 09:31,2026-08-06 15:00,580,21456,16800,0.001,tdx_local_catalog
snapshot-20260806T091453459470Z,2026-08-06,562900.XSHG,农业ETF易方达,XSHG,1,562900,sh562900,etf,930662,62,specetfdata.txt,catalog,available,True,True,True,True,True,2021-12-13,2026-08-06,2024-10-08 09:35,2026-08-06 15:00,2026-04-27 09:31,2026-08-06 15:00,1127,21456,16800,0.001,tdx_local_catalog
snapshot-20260806T091453459470Z,2026-08-06,562910.XSHG,高端制造ETF易方,XSHG,1,562910,sh562910,etf,H11054,62,specetfdata.txt,catalog,available,True,True,True,True,True,2022-01-10,2026-08-06,2024-10-08 09:35,2026-08-06 15:00,2026-04-27 09:31,2026-08-06 15:00,1108,21456,16800,0.001,tdx_local_catalog
snapshot-20260806T091453459470Z,2026-08-06,562920.XSHG,信息安全ETF易方,XSHG,1,562920,sh562920,etf,399994,0,specetfdata.txt,catalog,available,True,True,True,True,True,2023-06-12,2026-08-06,2024-10-08 09:35,2026-08-06 15:00,2026-04-27 09:31,2026-08-06 15:00,765,21456,16800,0.001,tdx_local_catalog
snapshot-20260806T091453459470Z,2026-08-06,562930.XSHG,软件ETF易方达,XSHG,1,562930,sh562930,etf,930601,62,specetfdata.txt,catalog,available,True,True,True,True,True,2023-06-05,2026-08-06,2024-10-08 09:35,2026-08-06 15:00,2026-04-27 09:31,2026-08-06 15:00,770,21456,16800,0.001,tdx_local_catalog
snapshot-20260806T091453459470Z,2026-08-06,562950.XSHG,消费电子ETF易方,XSHG,1,562950,sh562950,etf,931494,62,specetfdata.txt,catalog,available,True,True,True,True,True,2022-01-20,2026-08-06,2024-10-08 09:35,2026-08-06 15:00,2026-04-27 09:31,2026-08-06 15:00,1100,21456,16800,0.001,tdx_local_catalog
snapshot-20260806T091453459470Z,2026-08-06,562960.XSHG,绿色电力ETF易方,XSHG,1,562960,sh562960,etf,931897,62,specetfdata.txt,catalog,available,True,True,True,True,True,2023-04-12,2026-08-06,2024-10-08 09:35,2026-08-06 15:00,2026-04-27 09:31,2026-08-06 15:00,805,21456,16800,0.001,tdx_local_catalog
snapshot-20260806T091453459470Z,2026-08-06,562970.XSHG,光伏ETF易方达,XSHG,1,562970,sh562970,etf,931151,62,specetfdata.txt,catalog,available,True,True,True,True,True,2024-11-07,2026-08-06,2024-11-07 09:35,2026-08-06 15:00,2026-04-27 09:31,2026-08-06 15:00,425,20400,16800,0.001,tdx_local_catalog
snapshot-20260806T091453459470Z,2026-08-06,562990.XSHG,碳中和ETF易方达,XSHG,1,562990,sh562990,etf,931755,62,specetfdata.txt,catalog,available,True,True,True,True,True,2022-07-19,2026-08-06,2024-10-08 09:35,2026-08-06 15:00,2026-04-27 09:31,2026-08-06 15:00,983,21456,16800,0.001,tdx_local_catalog
snapshot-20260806T091453459470Z,2026-08-06,563000.XSHG,中国A50ETF易方达,XSHG,1,563000,sh563000,etf,746059,12,specetfdata.txt,catalog,available,True,True,True,True,True,2021-11-08,2026-08-06,2024-10-08 09:35,2026-08-06 15:00,2026-04-27 09:31,2026-08-06 15:00,1152,21456,16800,0.001,tdx_local_catalog
snapshot-20260806T091453459470Z,2026-08-06,563010.XSHG,电信ETF易方达,XSHG,1,563010,sh563010,etf,931235,62,specetfdata.txt,catalog,available,True,True,True,True,True,2023-07-13,2026-08-06,2024-10-08 09:35,2026-08-06 15:00,2026-04-27 09:31,2026-08-06 15:00,744,21456,16800,0.001,tdx_local_catalog
snapshot-20260806T091453459470Z,2026-08-06,563020.XSHG,红利低波ETF易方,XSHG,1,563020,sh563020,etf,H30269,62,specetfdata.txt,catalog,available,True,True,True,True,True,2023-12-14,2026-08-06,2024-10-08 09:35,2026-08-06 15:00,2026-04-27 09:31,2026-08-06 15:00,640,21456,16800,0.001,tdx_local_catalog
snapshot-20260806T091453459470Z,2026-08-06,563030.XSHG,中证500增强ETF易,XSHG,1,563030,sh563030,etf,000905,1,specetfdata.txt,catalog,available,True,True,True,True,True,2023-03-13,2026-08-06,2024-10-08 09:35,2026-08-06 15:00,2026-04-27 09:31,2026-08-06 15:00,826,21456,16800,0.001,tdx_local_catalog
snapshot-20260806T091453459470Z,2026-08-06,563050.XSHG,央企科技ETF易方,XSHG,1,563050,sh563050,etf,932038,62,specetfdata.txt,catalog,available,True,True,True,True,True,2023-07-06,2026-08-06,2024-10-08 09:35,2026-08-06 15:00,2026-04-27 09:31,2026-08-06 15:00,749,21456,16800,0.001,tdx_local_catalog
snapshot-20260806T091453459470Z,2026-08-06,563060.XSHG,央企50ETF易方达,XSHG,1,563060,sh563060,etf,931823,62,specetfdata.txt,catalog,available,True,True,True,True,True,2025-05-19,2026-08-06,2025-05-19 09:35,2026-08-06 15:00,2026-04-27 09:31,2026-08-06 15:00,299,14352,16800,0.001,tdx_local_catalog
snapshot-20260806T091453459470Z,2026-08-06,563080.XSHG,中证A50ETF易方达,XSHG,1,563080,sh563080,etf,930050,62,specetfdata.txt,catalog,available,True,True,True,True,True,2024-03-18,2026-08-06,2024-10-08 09:35,2026-08-06 15:00,2026-04-27 09:31,2026-08-06 15:00,580,21456,16800,0.001,tdx_local_catalog
snapshot-20260806T091453459470Z,2026-08-06,563090.XSHG,上证50增强ETF易,XSHG,1,563090,sh563090,etf,000016,1,specetfdata.txt,catalog,available,True,True,True,True,True,2024-06-06,2026-08-06,2024-10-08 09:35,2026-08-06 15:00,2026-04-27 09:31,2026-08-06 15:00,527,21456,16800,0.001,tdx_local_catalog
snapshot-20260806T091453459470Z,2026-08-06,563150.XSHG,油气ETF银华,XSHG,1,563150,sh563150,etf,931248,62,specetfdata.txt,catalog,available,True,True,True,True,True,2024-05-30,2026-08-06,2024-10-08 09:35,2026-08-06 15:00,2026-04-27 09:31,2026-08-06 15:00,532,21456,16800,0.001,tdx_local_catalog
snapshot-20260806T091453459470Z,2026-08-06,563180.XSHG,高股息ETF银华,XSHG,1,563180,sh563180,etf,H30366,62,specetfdata.txt,catalog,available,True,True,True,True,True,2024-05-14,2026-08-06,2024-10-08 09:35,2026-08-06 15:00,2026-04-27 09:31,2026-08-06 15:00,544,21456,16800,0.001,tdx_local_catalog
snapshot-20260806T091453459470Z,2026-08-06,563200.XSHG,中证2000ETF富国,XSHG,1,563200,sh563200,etf,932000,62,specetfdata.txt,catalog,available,True,True,True,True,True,2023-10-18,2026-08-06,2024-10-08 09:35,2026-08-06 15:00,2026-04-27 09:31,2026-08-06 15:00,681,21456,16800,0.001,tdx_local_catalog
snapshot-20260806T091453459470Z,2026-08-06,563210.XSHG,专精特新ETF富国,XSHG,1,563210,sh563210,etf,HZ5491,27,specetfdata.txt,catalog,available,True,True,True,True,True,2025-01-24,2026-08-06,2025-01-24 09:35,2026-08-06 15:00,2026-04-27 09:31,2026-08-06 15:00,370,17760,16800,0.001,tdx_local_catalog
snapshot-20260806T091453459470Z,2026-08-06,563220.XSHG,A500ETF富国,XSHG,1,563220,sh563220,etf,000510,1,specetfdata.txt,catalog,available,True,True,True,True,True,2024-10-15,2026-08-06,2024-10-15 09:35,2026-08-06 15:00,2026-04-27 09:31,2026-08-06 15:00,442,21216,16800,0.001,tdx_local_catalog
snapshot-20260806T091453459470Z,2026-08-06,563230.XSHG,卫星ETF富国,XSHG,1,563230,sh563230,etf,931594,62,specetfdata.txt,catalog,available,True,True,True,True,True,2025-09-17,2026-08-06,2025-09-17 09:35,2026-08-06 15:00,2026-04-27 09:31,2026-08-06 15:00,213,10224,16800,0.001,tdx_local_catalog
snapshot-20260806T091453459470Z,2026-08-06,563280.XSHG,A50增强ETF富国,XSHG,1,563280,sh563280,etf,746059L,12,specetfdata.txt,catalog,available,True,True,True,True,True,2024-04-12,2026-08-06,2024-10-08 09:35,2026-08-06 15:00,2026-04-27 09:31,2026-08-06 15:00,563,21456,16800,0.001,tdx_local_catalog
snapshot-20260806T091453459470Z,2026-08-06,563300.XSHG,中证2000ETF华泰,XSHG,1,563300,sh563300,etf,932000,62,specetfdata.txt,catalog,available,True,True,True,True,True,2023-09-14,2026-08-06,2024-10-08 09:35,2026-08-06 15:00,2026-04-27 09:31,2026-08-06 15:00,699,21456,16800,0.001,tdx_local_catalog
snapshot-20260806T091453459470Z,2026-08-06,563320.XSHG,通用航空ETF华泰,XSHG,1,563320,sh563320,etf,931855,62,specetfdata.txt,catalog,available,True,True,True,True,True,2025-09-03,2026-08-06,2025-09-03 09:35,2026-08-06 15:00,2026-04-27 09:31,2026-08-06 15:00,223,10704,16800,0.001,tdx_local_catalog
snapshot-20260806T091453459470Z,2026-08-06,563330.XSHG,A股ETF华泰柏瑞,XSHG,1,563330,sh563330,etf,930903,62,specetfdata.txt,catalog,available,True,True,True,True,True,2023-11-07,2026-08-06,2024-10-08 09:35,2026-08-06 15:00,2026-04-27 09:31,2026-08-06 15:00,667,21456,16800,0.001,tdx_local_catalog
snapshot-20260806T091453459470Z,2026-08-06,563350.XSHG,A50ETF华泰柏瑞,XSHG,1,563350,sh563350,etf,930050,62,specetfdata.txt,catalog,available,True,True,True,True,True,2024-03-18,2026-08-06,2024-10-08 09:35,2026-08-06 15:00,2026-04-27 09:31,2026-08-06 15:00,580,21456,16800,0.001,tdx_local_catalog
snapshot-20260806T091453459470Z,2026-08-06,563360.XSHG,A500ETF华泰柏瑞,XSHG,1,563360,sh563360,etf,000510,1,specetfdata.txt,catalog,available,True,True,True,True,True,2024-10-15,2026-08-06,2024-10-15 09:35,2026-08-06 15:00,2026-04-27 09:31,2026-08-06 15:00,442,21216,16800,0.001,tdx_local_catalog
snapshot-20260806T091453459470Z,2026-08-06,563380.XSHG,航空航天ETF华泰,XSHG,1,563380,sh563380,etf,932088,62,specetfdata.txt,catalog,available,True,True,True,True,True,2025-11-07,2026-08-06,2025-11-07 09:35,2026-08-06 15:00,2026-04-27 09:31,2026-08-06 15:00,182,8736,16800,0.001,tdx_local_catalog
snapshot-20260806T091453459470Z,2026-08-06,563390.XSHG,全指现金流ETF华,XSHG,1,563390,sh563390,etf,932365,62,specetfdata.txt,catalog,available,True,True,True,True,True,2025-04-30,2026-08-06,2025-04-30 09:35,2026-08-06 15:00,2026-04-27 09:31,2026-08-06 15:00,309,14832,16800,0.001,tdx_local_catalog
snapshot-20260806T091453459470Z,2026-08-06,563500.XSHG,A500ETF华宝,XSHG,1,563500,sh563500,etf,000510,1,specetfdata.txt,catalog,available,True,True,True,True,True,2024-12-02,2026-08-06,2024-12-02 09:35,2026-08-06 15:00,2026-04-27 09:31,2026-08-06 15:00,408,19584,16800,0.001,tdx_local_catalog
snapshot-20260806T091453459470Z,2026-08-06,563510.XSHG,A500红利低波ETF,XSHG,1,563510,sh563510,etf,932422,62,specetfdata.txt,catalog,available,True,True,True,True,True,2025-12-01,2026-08-06,2025-12-01 09:35,2026-08-06 15:00,2026-04-27 09:31,2026-08-06 15:00,166,7968,16800,0.001,tdx_local_catalog
snapshot-20260806T091453459470Z,2026-08-06,563520.XSHG,沪深300ETF永赢,XSHG,1,563520,sh563520,etf,000300,1,specetfdata.txt,catalog,available,True,True,True,True,True,2024-11-18,2026-08-06,2024-11-18 09:35,2026-08-06 15:00,2026-04-27 09:31,2026-08-06 15:00,418,20064,16800,0.001,tdx_local_catalog
snapshot-20260806T091453459470Z,2026-08-06,563530.XSHG,卫星ETF易方达,XSHG,1,563530,sh563530,etf,931594,62,specetfdata.txt,catalog,available,True,True,True,True,True,2025-11-14,2026-08-06,2025-11-14 09:35,2026-08-06 15:00,2026-04-27 09:31,2026-08-06 15:00,177,8496,16800,0.001,tdx_local_catalog
snapshot-20260806T091453459470Z,2026-08-06,563550.XSHG,A500增强ETF摩根,XSHG,1,563550,sh563550,etf,000510,1,specetfdata.txt,catalog,available,True,True,True,True,True,2025-05-16,2026-08-06,2025-05-16 09:35,2026-08-06 15:00,2026-04-27 09:31,2026-08-06 15:00,300,14400,16800,0.001,tdx_local_catalog
snapshot-20260806T091453459470Z,2026-08-06,563560.XSHG,科技成长ETF兴业,XSHG,1,563560,sh563560,etf,931696,62,specetfdata.txt,catalog,available,True,True,True,True,True,2026-02-27,2026-08-06,2026-02-27 09:35,2026-08-06 15:00,2026-04-27 09:31,2026-08-06 15:00,110,5280,16800,0.001,tdx_local_catalog
snapshot-20260806T091453459470Z,2026-08-06,563570.XSHG,金融科技ETF兴业,XSHG,1,563570,sh563570,etf,930986,62,specetfdata.txt,catalog,available,True,True,True,True,True,2025-11-11,2026-08-06,2025-11-11 09:35,2026-08-06 15:00,2026-04-27 09:31,2026-08-06 15:00,180,8640,16800,0.001,tdx_local_catalog
snapshot-20260806T091453459470Z,2026-08-06,563580.XSHG,自由现金流800ETF,XSHG,1,563580,sh563580,etf,932368,62,specetfdata.txt,catalog,available,True,True,True,True,True,2025-07-25,2026-08-06,2025-07-25 09:35,2026-08-06 15:00,2026-04-27 09:31,2026-08-06 15:00,251,12048,16800,0.001,tdx_local_catalog
snapshot-20260806T091453459470Z,2026-08-06,563590.XSHG,A500红利低波动ET,XSHG,1,563590,sh563590,etf,932422,62,specetfdata.txt,catalog,available,True,True,True,True,True,2025-11-05,2026-08-06,2025-11-05 09:35,2026-08-06 15:00,2026-04-27 09:31,2026-08-06 15:00,184,8832,16800,0.001,tdx_local_catalog
snapshot-20260806T091453459470Z,2026-08-06,563600.XSHG,A500增强ETF易方,XSHG,1,563600,sh563600,etf,000510,1,specetfdata.txt,catalog,available,True,True,True,True,True,2025-09-26,2026-08-06,2025-09-26 09:35,2026-08-06 15:00,2026-04-27 09:31,2026-08-06 15:00,206,9888,16800,0.001,tdx_local_catalog
snapshot-20260806T091453459470Z,2026-08-06,563620.XSHG,全指现金流ETF兴,XSHG,1,563620,sh563620,etf,932365,62,specetfdata.txt,catalog,available,True,True,True,True,True,2025-08-20,2026-08-06,2025-08-20 09:35,2026-08-06 15:00,2026-04-27 09:31,2026-08-06 15:00,233,11184,16800,0.001,tdx_local_catalog
snapshot-20260806T091453459470Z,2026-08-06,563630.XSHG,A500增强ETF国联,XSHG,1,563630,sh563630,etf,000510,1,specetfdata.txt,catalog,available,True,True,True,True,True,2025-07-01,2026-08-06,2025-07-01 09:35,2026-08-06 15:00,2026-04-27 09:31,2026-08-06 15:00,269,12912,16800,0.001,tdx_local_catalog
snapshot-20260806T091453459470Z,2026-08-06,563650.XSHG,中证A500ETF兴业,XSHG,1,563650,sh563650,etf,000510,1,specetfdata.txt,catalog,available,True,True,True,True,True,2025-04-03,2026-08-06,2025-04-03 09:35,2026-08-06 15:00,2026-04-27 09:31,2026-08-06 15:00,327,15696,16800,0.001,tdx_local_catalog
snapshot-20260806T091453459470Z,2026-08-06,563660.XSHG,A500ETF银河,XSHG,1,563660,sh563660,etf,000510,1,specetfdata.txt,catalog,available,True,True,True,True,True,2025-04-02,2026-08-06,2025-04-02 09:35,2026-08-06 15:00,2026-04-27 09:31,2026-08-06 15:00,328,15744,16800,0.001,tdx_local_catalog
snapshot-20260806T091453459470Z,2026-08-06,563670.XSHG,金融科技ETF鹏华,XSHG,1,563670,sh563670,etf,930986,62,specetfdata.txt,catalog,available,True,True,True,True,True,2025-10-14,2026-08-06,2025-10-14 09:35,2026-08-06 15:00,2026-04-27 09:31,2026-08-06 15:00,200,9600,16800,0.001,tdx_local_catalog
snapshot-20260806T091453459470Z,2026-08-06,563680.XSHG,800现金流ETF汇添,XSHG,1,563680,sh563680,etf,932368,62,specetfdata.txt,catalog,available,True,True,True,True,True,2025-05-15,2026-08-06,2025-05-15 09:35,2026-08-06 15:00,2026-04-27 09:31,2026-08-06 15:00,301,14448,16800,0.001,tdx_local_catalog
snapshot-20260806T091453459470Z,2026-08-06,563690.XSHG,红利低波ETF永赢,XSHG,1,563690,sh563690,etf,H30269,62,specetfdata.txt,catalog,available,True,True,True,True,True,2025-10-10,2026-08-06,2025-10-10 09:35,2026-08-06 15:00,2026-04-27 09:31,2026-08-06 15:00,202,9696,16800,0.001,tdx_local_catalog
snapshot-20260806T091453459470Z,2026-08-06,563700.XSHG,红利价值ETF易方,XSHG,1,563700,sh563700,etf,H30270,62,specetfdata.txt,catalog,available,True,True,True,True,True,2025-04-28,2026-08-06,2025-04-28 09:35,2026-08-06 15:00,2026-04-27 09:31,2026-08-06 15:00,311,14928,16800,0.001,tdx_local_catalog
snapshot-20260806T091453459470Z,2026-08-06,563750.XSHG,中证500ETF汇添富,XSHG,1,563750,sh563750,etf,000905,1,specetfdata.txt,catalog,available,True,True,True,True,True,2025-10-30,2026-08-06,2025-10-30 09:35,2026-08-06 15:00,2026-04-27 09:31,2026-08-06 15:00,188,9024,16800,0.001,tdx_local_catalog
snapshot-20260806T091453459470Z,2026-08-06,563760.XSHG,全指现金流ETF中,XSHG,1,563760,sh563760,etf,932365,62,specetfdata.txt,catalog,available,True,True,True,True,True,2025-06-06,2026-08-06,2025-06-06 09:35,2026-08-06 15:00,2026-04-27 09:31,2026-08-06 15:00,286,13728,16800,0.001,tdx_local_catalog
snapshot-20260806T091453459470Z,2026-08-06,563770.XSHG,全指现金流ETF招,XSHG,1,563770,sh563770,etf,932365,62,specetfdata.txt,catalog,available,True,True,True,True,True,2025-05-16,2026-08-06,2025-05-16 09:35,2026-08-06 15:00,2026-04-27 09:31,2026-08-06 15:00,300,14400,16800,0.001,tdx_local_catalog
snapshot-20260806T091453459470Z,2026-08-06,563780.XSHG,现金流全指ETF方,XSHG,1,563780,sh563780,etf,932365,62,specetfdata.txt,catalog,available,True,True,True,True,True,2025-05-13,2026-08-06,2025-05-13 09:35,2026-08-06 15:00,2026-04-27 09:31,2026-08-06 15:00,303,14544,16800,0.001,tdx_local_catalog
snapshot-20260806T091453459470Z,2026-08-06,563790.XSHG,卫星ETF鹏华,XSHG,1,563790,sh563790,etf,931594,62,specetfdata.txt,catalog,available,True,True,True,True,True,2026-01-05,2026-08-06,2026-01-05 09:35,2026-08-06 15:00,2026-04-27 09:31,2026-08-06 15:00,143,6864,16800,0.001,tdx_local_catalog
snapshot-20260806T091453459470Z,2026-08-06,563800.XSHG,A500ETF广发,XSHG,1,563800,sh563800,etf,000510,1,specetfdata.txt,catalog,available,True,True,True,True,True,2024-11-18,2026-08-06,2024-11-18 09:35,2026-08-06 15:00,2026-04-27 09:31,2026-08-06 15:00,418,20064,16800,0.001,tdx_local_catalog
snapshot-20260806T091453459470Z,2026-08-06,563830.XSHG,全指现金流ETF博,XSHG,1,563830,sh563830,etf,932365,62,specetfdata.txt,catalog,available,True,True,True,True,True,2025-05-22,2026-08-06,2025-05-22 09:35,2026-08-06 15:00,2026-04-27 09:31,2026-08-06 15:00,296,14208,16800,0.001,tdx_local_catalog
snapshot-20260806T091453459470Z,2026-08-06,563850.XSHG,食品ETF广发,XSHG,1,563850,sh563850,etf,H30192,62,specetfdata.txt,catalog,available,True,True,True,True,True,2025-12-19,2026-08-06,2025-12-19 09:35,2026-08-06 15:00,2026-04-27 09:31,2026-08-06 15:00,152,7296,16800,0.001,tdx_local_catalog
snapshot-20260806T091453459470Z,2026-08-06,563860.XSHG,中证A500ETF海富,XSHG,1,563860,sh563860,etf,000510,1,specetfdata.txt,catalog,available,True,True,True,True,True,2025-02-12,2026-08-06,2025-02-12 09:35,2026-08-06 15:00,2026-04-27 09:31,2026-08-06 15:00,363,17424,16800,0.001,tdx_local_catalog
snapshot-20260806T091453459470Z,2026-08-06,563870.XSHG,通用航空ETF鹏华,XSHG,1,563870,sh563870,etf,931855,62,specetfdata.txt,catalog,available,True,True,True,True,True,2026-01-15,2026-08-06,2026-01-15 09:35,2026-08-06 15:00,2026-04-27 09:31,2026-08-06 15:00,135,6480,16800,0.001,tdx_local_catalog
snapshot-20260806T091453459470Z,2026-08-06,563880.XSHG,A500ETF汇添富,XSHG,1,563880,sh563880,etf,000510,1,specetfdata.txt,catalog,available,True,True,True,True,True,2024-11-25,2026-08-06,2024-11-25 09:35,2026-08-06 15:00,2026-04-27 09:31,2026-08-06 15:00,413,19824,16800,0.001,tdx_local_catalog
snapshot-20260806T091453459470Z,2026-08-06,563890.XSHG,国企红利ETF创金,XSHG,1,563890,sh563890,etf,000824,62,specetfdata.txt,catalog,available,True,True,True,True,True,2025-10-17,2026-08-06,2025-10-17 09:35,2026-08-06 15:00,2026-04-27 09:31,2026-08-06 15:00,197,9456,16800,0.001,tdx_local_catalog
snapshot-20260806T091453459470Z,2026-08-06,563900.XSHG,300自由现金流ETF,XSHG,1,563900,sh563900,etf,932366,62,specetfdata.txt,catalog,available,True,True,True,True,True,2025-05-07,2026-08-06,2025-05-07 09:35,2026-08-06 15:00,2026-04-27 09:31,2026-08-06 15:00,307,14736,16800,0.001,tdx_local_catalog
snapshot-20260806T091453459470Z,2026-08-06,563930.XSHG,上证增强ETF招商,XSHG,1,563930,sh563930,etf,000001,1,specetfdata.txt,catalog,available,True,True,True,True,True,2026-01-06,2026-08-06,2026-01-06 09:35,2026-08-06 15:00,2026-04-27 09:31,2026-08-06 15:00,142,6816,16800,0.001,tdx_local_catalog
snapshot-20260806T091453459470Z,2026-08-06,563960.XSHG,300质量ETF兴全,XSHG,1,563960,sh563960,etf,932431,62,specetfdata.txt,catalog,available,True,True,True,True,True,2026-01-08,2026-08-06,2026-01-08 09:35,2026-08-06 15:00,2026-04-27 09:31,2026-08-06 15:00,140,6720,16800,0.001,tdx_local_catalog
snapshot-20260806T091453459470Z,2026-08-06,563980.XSHG,800红利低波ETF鑫,XSHG,1,563980,sh563980,etf,931848,62,specetfdata.txt,catalog,available,True,True,True,True,True,2025-11-07,2026-08-06,2025-11-07 09:35,2026-08-06 15:00,2026-04-27 09:31,2026-08-06 15:00,182,8736,16800,0.001,tdx_local_catalog
snapshot-20260806T091453459470Z,2026-08-06,563990.XSHG,800现金流ETF富国,XSHG,1,563990,sh563990,etf,932368,62,specetfdata.txt,catalog,available,True,True,True,True,True,2025-04-24,2026-08-06,2025-04-24 09:35,2026-08-06 15:00,2026-04-27 09:31,2026-08-06 15:00,313,15024,16800,0.001,tdx_local_catalog
snapshot-20260806T091453459470Z,2026-08-06,588000.XSHG,科创50ETF华夏,XSHG,1,588000,sh588000,etf,000688,1,specetfdata.txt,catalog,available,True,True,True,True,True,2020-11-16,2026-08-06,2024-10-08 09:35,2026-08-06 15:00,2026-04-27 09:31,2026-08-06 15:00,1389,21456,16800,0.001,tdx_local_catalog
snapshot-20260806T091453459470Z,2026-08-06,588010.XSHG,科创新材料ETF博,XSHG,1,588010,sh588010,etf,000689,1,specetfdata.txt,catalog,available,True,True,True,True,True,2022-10-26,2026-08-06,2024-10-08 09:35,2026-08-06 15:00,2026-04-27 09:31,2026-08-06 15:00,918,21456,16800,0.001,tdx_local_catalog
snapshot-20260806T091453459470Z,2026-08-06,588020.XSHG,科创成长ETF易方,XSHG,1,588020,sh588020,etf,000690,1,specetfdata.txt,catalog,available,True,True,True,True,True,2023-08-31,2026-08-06,2024-10-08 09:35,2026-08-06 15:00,2026-04-27 09:31,2026-08-06 15:00,709,21456,16800,0.001,tdx_local_catalog
snapshot-20260806T091453459470Z,2026-08-06,588030.XSHG,科创100ETF博时,XSHG,1,588030,sh588030,etf,000698,1,specetfdata.txt,catalog,available,True,True,True,True,True,2023-09-15,2026-08-06,2024-10-08 09:35,2026-08-06 15:00,2026-04-27 09:31,2026-08-06 15:00,698,21456,16800,0.001,tdx_local_catalog
snapshot-20260806T091453459470Z,2026-08-06,588040.XSHG,科创50ETF鹏华,XSHG,1,588040,sh588040,etf,000688,1,specetfdata.txt,catalog,available,True,True,True,True,True,2025-04-14,2026-08-06,2025-04-14 09:35,2026-08-06 15:00,2026-04-27 09:31,2026-08-06 15:00,321,15408,16800,0.001,tdx_local_catalog
snapshot-20260806T091453459470Z,2026-08-06,588050.XSHG,科创50ETF工银,XSHG,1,588050,sh588050,etf,000688,1,specetfdata.txt,catalog,available,True,True,True,True,True,2020-11-16,2026-08-06,2024-10-08 09:35,2026-08-06 15:00,2026-04-27 09:31,2026-08-06 15:00,1389,21456,16800,0.001,tdx_local_catalog
snapshot-20260806T091453459470Z,2026-08-06,588060.XSHG,科创50ETF广发,XSHG,1,588060,sh588060,etf,000688,1,specetfdata.txt,catalog,available,True,True,True,True,True,2021-07-29,2026-08-06,2024-10-08 09:35,2026-08-06 15:00,2026-04-27 09:31,2026-08-06 15:00,1217,21456,16800,0.001,tdx_local_catalog
snapshot-20260806T091453459470Z,2026-08-06,588070.XSHG,科创成长ETF万家,XSHG,1,588070,sh588070,etf,000690,1,specetfdata.txt,catalog,available,True,True,True,True,True,2024-11-14,2026-08-06,2024-11-14 09:35,2026-08-06 15:00,2026-04-27 09:31,2026-08-06 15:00,420,20160,16800,0.001,tdx_local_catalog
snapshot-20260806T091453459470Z,2026-08-06,588080.XSHG,科创50ETF易方达,XSHG,1,588080,sh588080,etf,000688,1,specetfdata.txt,catalog,available,True,True,True,True,True,2020-11-16,2026-08-06,2024-10-08 09:35,2026-08-06 15:00,2026-04-27 09:31,2026-08-06 15:00,1389,21456,16800,0.001,tdx_local_catalog
snapshot-20260806T091453459470Z,2026-08-06,588090.XSHG,科创50ETF华泰柏,XSHG,1,588090,sh588090,etf,000688,1,specetfdata.txt,catalog,available,True,True,True,True,True,2020-11-16,2026-08-06,2024-10-08 09:35,2026-08-06 15:00,2026-04-27 09:31,2026-08-06 15:00,1389,21456,16800,0.001,tdx_local_catalog
snapshot-20260806T091453459470Z,2026-08-06,588100.XSHG,科创信息ETF嘉实,XSHG,1,588100,sh588100,etf,000682,1,specetfdata.txt,catalog,available,True,True,True,True,True,2022-05-27,2026-08-06,2024-10-08 09:35,2026-08-06 15:00,2026-04-27 09:31,2026-08-06 15:00,1019,21456,16800,0.001,tdx_local_catalog
snapshot-20260806T091453459470Z,2026-08-06,588110.XSHG,科创成长ETF广发,XSHG,1,588110,sh588110,etf,000690,1,specetfdata.txt,catalog,available,True,True,True,True,True,2023-08-31,2026-08-06,2024-10-08 09:35,2026-08-06 15:00,2026-04-27 09:31,2026-08-06 15:00,709,21456,16800,0.001,tdx_local_catalog
snapshot-20260806T091453459470Z,2026-08-06,588120.XSHG,科创100ETF国泰,XSHG,1,588120,sh588120,etf,000698,1,specetfdata.txt,catalog,available,True,True,True,True,True,2023-09-15,2026-08-06,2024-10-08 09:35,2026-08-06 15:00,2026-04-27 09:31,2026-08-06 15:00,698,21456,16800,0.001,tdx_local_catalog
snapshot-20260806T091453459470Z,2026-08-06,588130.XSHG,科创医药ETF华夏,XSHG,1,588130,sh588130,etf,000683,1,specetfdata.txt,catalog,available,True,True,True,True,True,2025-05-28,2026-08-06,2025-05-28 09:35,2026-08-06 15:00,2026-04-27 09:31,2026-08-06 15:00,292,14016,16800,0.001,tdx_local_catalog
snapshot-20260806T091453459470Z,2026-08-06,588140.XSHG,科创200ETF广发,XSHG,1,588140,sh588140,etf,000699,1,specetfdata.txt,catalog,available,True,True,True,True,True,2025-10-15,2026-08-06,2025-10-15 09:35,2026-08-06 15:00,2026-04-27 09:31,2026-08-06 15:00,199,9552,16800,0.001,tdx_local_catalog
snapshot-20260806T091453459470Z,2026-08-06,588150.XSHG,科创50ETF南方,XSHG,1,588150,sh588150,etf,000688,1,specetfdata.txt,catalog,available,True,True,True,True,True,2021-12-20,2026-08-06,2024-10-08 09:35,2026-08-06 15:00,2026-04-27 09:31,2026-08-06 15:00,1122,21456,16800,0.001,tdx_local_catalog
snapshot-20260806T091453459470Z,2026-08-06,588160.XSHG,科创新材料ETF南,XSHG,1,588160,sh588160,etf,000689,1,specetfdata.txt,catalog,available,True,True,True,True,True,2022-10-26,2026-08-06,2024-10-08 09:35,2026-08-06 15:00,2026-04-27 09:31,2026-08-06 15:00,918,21456,16800,0.001,tdx_local_catalog
snapshot-20260806T091453459470Z,2026-08-06,588170.XSHG,科创半导体ETF华,XSHG,1,588170,sh588170,etf,950125,62,specetfdata.txt,catalog,available,True,True,True,True,True,2025-04-08,2026-08-06,2025-04-08 09:35,2026-08-06 15:00,2026-04-27 09:31,2026-08-06 15:00,325,15600,16800,0.001,tdx_local_catalog
snapshot-20260806T091453459470Z,2026-08-06,588180.XSHG,科创50ETF国联安,XSHG,1,588180,sh588180,etf,000688,1,specetfdata.txt,catalog,available,True,True,True,True,True,2021-07-01,2026-08-06,2024-10-08 09:35,2026-08-06 15:00,2026-04-27 09:31,2026-08-06 15:00,1237,21456,16800,0.001,tdx_local_catalog
snapshot-20260806T091453459470Z,2026-08-06,588190.XSHG,科创100ETF银华,XSHG,1,588190,sh588190,etf,000698,1,specetfdata.txt,catalog,available,True,True,True,True,True,2023-09-15,2026-08-06,2024-10-08 09:35,2026-08-06 15:00,2026-04-27 09:31,2026-08-06 15:00,698,21456,16800,0.001,tdx_local_catalog
snapshot-20260806T091453459470Z,2026-08-06,588200.XSHG,科创芯片ETF嘉实,XSHG,1,588200,sh588200,etf,000685,1,specetfdata.txt,catalog,available,True,True,True,True,True,2022-10-26,2026-08-06,2024-10-08 09:35,2026-08-06 15:00,2026-04-27 09:31,2026-08-06 15:00,918,21456,16800,0.001,tdx_local_catalog
snapshot-20260806T091453459470Z,2026-08-06,588210.XSHG,科创100ETF易方达,XSHG,1,588210,sh588210,etf,000698,1,specetfdata.txt,catalog,available,True,True,True,True,True,2023-11-16,2026-08-06,2024-10-08 09:35,2026-08-06 15:00,2026-04-27 09:31,2026-08-06 15:00,660,21456,16800,0.001,tdx_local_catalog
snapshot-20260806T091453459470Z,2026-08-06,588220.XSHG,科创100ETF鹏华,XSHG,1,588220,sh588220,etf,000698,1,specetfdata.txt,catalog,available,True,True,True,True,True,2023-09-15,2026-08-06,2024-10-08 09:35,2026-08-06 15:00,2026-04-27 09:31,2026-08-06 15:00,698,21456,16800,0.001,tdx_local_catalog
snapshot-20260806T091453459470Z,2026-08-06,588230.XSHG,科创200ETF华泰柏,XSHG,1,588230,sh588230,etf,000699,1,specetfdata.txt,catalog,available,True,True,True,True,True,2024-12-24,2026-08-06,2024-12-24 09:35,2026-08-06 15:00,2026-04-27 09:31,2026-08-06 15:00,392,18816,16800,0.001,tdx_local_catalog
snapshot-20260806T091453459470Z,2026-08-06,588240.XSHG,科创200ETF鹏华,XSHG,1,588240,sh588240,etf,000699,1,specetfdata.txt,catalog,available,True,True,True,True,True,2025-02-25,2026-08-06,2025-02-25 09:35,2026-08-06 15:00,2026-04-27 09:31,2026-08-06 15:00,354,16992,16800,0.001,tdx_local_catalog
snapshot-20260806T091453459470Z,2026-08-06,588250.XSHG,科创医药ETF鹏华,XSHG,1,588250,sh588250,etf,000683,1,specetfdata.txt,catalog,available,True,True,True,True,True,2025-03-21,2026-08-06,2025-03-21 09:35,2026-08-06 15:00,2026-04-27 09:31,2026-08-06 15:00,336,16128,16800,0.001,tdx_local_catalog
snapshot-20260806T091453459470Z,2026-08-06,588260.XSHG,科创信息ETF华安,XSHG,1,588260,sh588260,etf,000682,1,specetfdata.txt,catalog,available,True,True,True,True,True,2022-05-27,2026-08-06,2024-10-08 09:35,2026-08-06 15:00,2026-04-27 09:31,2026-08-06 15:00,1019,21456,16800,0.001,tdx_local_catalog
snapshot-20260806T091453459470Z,2026-08-06,588270.XSHG,科创200ETF易方达,XSHG,1,588270,sh588270,etf,000699,1,specetfdata.txt,catalog,available,True,True,True,True,True,2025-06-16,2026-08-06,2025-06-16 09:35,2026-08-06 15:00,2026-04-27 09:31,2026-08-06 15:00,280,13440,16800,0.001,tdx_local_catalog
snapshot-20260806T091453459470Z,2026-08-06,588280.XSHG,科创50ETF华安,XSHG,1,588280,sh588280,etf,000688,1,specetfdata.txt,catalog,available,True,True,True,True,True,2021-10-29,2026-08-06,2024-10-08 09:35,2026-08-06 15:00,2026-04-27 09:31,2026-08-06 15:00,1158,21456,16800,0.001,tdx_local_catalog
snapshot-20260806T091453459470Z,2026-08-06,588290.XSHG,科创芯片ETF华安,XSHG,1,588290,sh588290,etf,000685,1,specetfdata.txt,catalog,available,True,True,True,True,True,2022-10-26,2026-08-06,2024-10-08 09:35,2026-08-06 15:00,2026-04-27 09:31,2026-08-06 15:00,918,21456,16800,0.001,tdx_local_catalog
snapshot-20260806T091453459470Z,2026-08-06,588300.XSHG,科创创业50ETF招,XSHG,1,588300,sh588300,etf,931643,62,specetfdata.txt,catalog,available,True,True,True,True,True,2021-07-05,2026-08-06,2024-10-08 09:35,2026-08-06 15:00,2026-04-27 09:31,2026-08-06 15:00,1235,21456,16800,0.001,tdx_local_catalog
snapshot-20260806T091453459470Z,2026-08-06,588310.XSHG,科创创业ETF方正,XSHG,1,588310,sh588310,etf,931643,62,specetfdata.txt,catalog,available,True,True,True,True,True,2021-12-02,2026-08-06,2024-10-08 09:35,2026-08-06 15:00,2026-04-27 09:31,2026-08-06 15:00,1134,21456,16800,0.001,tdx_local_catalog
snapshot-20260806T091453459470Z,2026-08-06,588320.XSHG,双创50增强ETF广,XSHG,1,588320,sh588320,etf,931643,62,specetfdata.txt,catalog,available,True,True,True,True,True,2023-01-06,2026-08-06,2024-10-08 09:35,2026-08-06 15:00,2026-04-27 09:31,2026-08-06 15:00,867,21456,16800,0.001,tdx_local_catalog
snapshot-20260806T091453459470Z,2026-08-06,588330.XSHG,双创50ETF华宝,XSHG,1,588330,sh588330,etf,931643,62,specetfdata.txt,catalog,available,True,True,True,True,True,2021-07-06,2026-08-06,2024-10-08 09:35,2026-08-06 15:00,2026-04-27 09:31,2026-08-06 15:00,1234,21456,16800,0.001,tdx_local_catalog
snapshot-20260806T091453459470Z,2026-08-06,588350.XSHG,科创创业50ETF鹏,XSHG,1,588350,sh588350,etf,931643,62,specetfdata.txt,catalog,available,True,True,True,True,True,2022-11-10,2026-08-06,2024-10-08 09:35,2026-08-06 15:00,2026-04-27 09:31,2026-08-06 15:00,907,21456,16800,0.001,tdx_local_catalog
snapshot-20260806T091453459470Z,2026-08-06,588360.XSHG,科创创业ETF国泰,XSHG,1,588360,sh588360,etf,931643,62,specetfdata.txt,catalog,available,True,True,True,True,True,2021-07-06,2026-08-06,2024-10-08 09:35,2026-08-06 15:00,2026-04-27 09:31,2026-08-06 15:00,1234,21456,16800,0.001,tdx_local_catalog
snapshot-20260806T091453459470Z,2026-08-06,588370.XSHG,科创50增强ETF南,XSHG,1,588370,sh588370,etf,000688,1,specetfdata.txt,catalog,available,True,True,True,True,True,2022-12-13,2026-08-06,2024-10-08 09:35,2026-08-06 15:00,2026-04-27 09:31,2026-08-06 15:00,884,21456,16800,0.001,tdx_local_catalog
snapshot-20260806T091453459470Z,2026-08-06,588380.XSHG,科创创业ETF富国,XSHG,1,588380,sh588380,etf,931643,62,specetfdata.txt,catalog,available,True,True,True,True,True,2021-07-06,2026-08-06,2024-10-08 09:35,2026-08-06 15:00,2026-04-27 09:31,2026-08-06 15:00,1234,21456,16800,0.001,tdx_local_catalog
snapshot-20260806T091453459470Z,2026-08-06,588390.XSHG,科创创业ETF博时,XSHG,1,588390,sh588390,etf,931643,62,specetfdata.txt,catalog,available,True,True,True,True,True,2021-08-30,2026-08-06,2024-10-08 09:35,2026-08-06 15:00,2026-04-27 09:31,2026-08-06 15:00,1195,21456,16800,0.001,tdx_local_catalog
snapshot-20260806T091453459470Z,2026-08-06,588400.XSHG,科创创业ETF嘉实,XSHG,1,588400,sh588400,etf,931643,62,specetfdata.txt,catalog,available,True,True,True,True,True,2021-07-05,2026-08-06,2024-10-08 09:35,2026-08-06 15:00,2026-04-27 09:31,2026-08-06 15:00,1235,21456,16800,0.001,tdx_local_catalog
snapshot-20260806T091453459470Z,2026-08-06,588410.XSHG,科创创业人工智能,XSHG,1,588410,sh588410,etf,932456,62,specetfdata.txt,catalog,available,True,True,True,True,True,2026-01-05,2026-08-06,2026-01-05 09:35,2026-08-06 15:00,2026-04-27 09:31,2026-08-06 15:00,143,6864,16800,0.001,tdx_local_catalog
snapshot-20260806T091453459470Z,2026-08-06,588420.XSHG,科创创业人工智能,XSHG,1,588420,sh588420,etf,932456,62,specetfdata.txt,catalog,available,True,True,True,True,True,2026-01-05,2026-08-06,2026-01-05 09:35,2026-08-06 15:00,2026-04-27 09:31,2026-08-06 15:00,143,6864,16800,0.001,tdx_local_catalog
snapshot-20260806T091453459470Z,2026-08-06,588430.XSHG,科创创业人工智能,XSHG,1,588430,sh588430,etf,932456,62,specetfdata.txt,catalog,available,True,True,True,True,True,2025-12-29,2026-08-06,2025-12-29 09:35,2026-08-06 15:00,2026-04-27 09:31,2026-08-06 15:00,146,7008,16800,0.001,tdx_local_catalog
snapshot-20260806T091453459470Z,2026-08-06,588450.XSHG,科创50增强ETF招,XSHG,1,588450,sh588450,etf,000688,1,specetfdata.txt,catalog,available,True,True,True,True,True,2024-05-22,2026-08-06,2024-10-08 09:35,2026-08-06 15:00,2026-04-27 09:31,2026-08-06 15:00,538,21456,16800,0.001,tdx_local_catalog
snapshot-20260806T091453459470Z,2026-08-06,588460.XSHG,科创50增强ETF鹏,XSHG,1,588460,sh588460,etf,000688,1,specetfdata.txt,catalog,available,True,True,True,True,True,2023-01-05,2026-08-06,2024-10-08 09:35,2026-08-06 15:00,2026-04-27 09:31,2026-08-06 15:00,868,21456,16800,0.001,tdx_local_catalog
snapshot-20260806T091453459470Z,2026-08-06,588470.XSHG,科创创业人工智能,XSHG,1,588470,sh588470,etf,932456,62,specetfdata.txt,catalog,available,True,True,True,True,True,2026-05-28,2026-08-06,2026-05-28 09:35,2026-08-06 15:00,2026-05-28 09:31,2026-08-06 15:00,50,2400,12000,0.001,tdx_local_catalog
snapshot-20260806T091453459470Z,2026-08-06,588480.XSHG,科创创业人工智能,XSHG,1,588480,sh588480,etf,932456,62,specetfdata.txt,catalog,available,True,True,True,True,True,2026-05-12,2026-08-06,2026-05-12 09:35,2026-08-06 15:00,2026-05-12 09:31,2026-08-06 15:00,62,2976,14880,0.001,tdx_local_catalog
snapshot-20260806T091453459470Z,2026-08-06,588500.XSHG,科创100增强ETF易,XSHG,1,588500,sh588500,etf,000698,1,specetfdata.txt,catalog,available,True,True,True,True,True,2024-07-19,2026-08-06,2024-10-08 09:35,2026-08-06 15:00,2026-04-27 09:31,2026-08-06 15:00,497,21456,16800,0.001,tdx_local_catalog
snapshot-20260806T091453459470Z,2026-08-06,588510.XSHG,科创创业人工智能,XSHG,1,588510,sh588510,etf,932456,62,specetfdata.txt,catalog,available,True,True,True,True,True,2026-05-29,2026-08-06,2026-05-29 09:35,2026-08-06 15:00,2026-05-29 09:31,2026-08-06 15:00,49,2352,11760,0.001,tdx_local_catalog
snapshot-20260806T091453459470Z,2026-08-06,588520.XSHG,科创增强ETF永赢,XSHG,1,588520,sh588520,etf,000681,1,specetfdata.txt,catalog,available,True,True,True,True,True,2025-07-08,2026-08-06,2025-07-08 09:35,2026-08-06 15:00,2026-04-27 09:31,2026-08-06 15:00,264,12672,16800,0.001,tdx_local_catalog
snapshot-20260806T091453459470Z,2026-08-06,588530.XSHG,科创创业人工智能,XSHG,1,588530,sh588530,etf,932456,62,specetfdata.txt,catalog,available,True,True,True,True,True,2026-07-29,2026-08-06,2026-07-29 09:35,2026-08-06 15:00,2026-07-29 09:31,2026-08-06 15:00,7,336,1680,0.001,tdx_local_catalog
snapshot-20260806T091453459470Z,2026-08-06,588550.XSHG,科创综指增强ETF,XSHG,1,588550,sh588550,etf,000680,1,specetfdata.txt,catalog,available,True,True,True,True,True,2025-09-12,2026-08-06,2025-09-12 09:35,2026-08-06 15:00,2026-04-27 09:31,2026-08-06 15:00,216,10368,16800,0.001,tdx_local_catalog
snapshot-20260806T091453459470Z,2026-08-06,588660.XSHG,科创创业50ETF兴,XSHG,1,588660,sh588660,etf,931643,62,specetfdata.txt,catalog,available,True,True,True,True,True,2025-03-17,2026-08-06,2025-03-17 09:35,2026-08-06 15:00,2026-04-27 09:31,2026-08-06 15:00,340,16320,16800,0.001,tdx_local_catalog
snapshot-20260806T091453459470Z,2026-08-06,588670.XSHG,科创综指增强ETF,XSHG,1,588670,sh588670,etf,000680,1,specetfdata.txt,catalog,available,True,True,True,True,True,2025-06-13,2026-08-06,2025-06-13 09:35,2026-08-06 15:00,2026-04-27 09:31,2026-08-06 15:00,281,13488,16800,0.001,tdx_local_catalog
snapshot-20260806T091453459470Z,2026-08-06,588680.XSHG,科创100增强ETF广,XSHG,1,588680,sh588680,etf,000698,1,specetfdata.txt,catalog,available,True,True,True,True,True,2024-07-05,2026-08-06,2024-10-08 09:35,2026-08-06 15:00,2026-04-27 09:31,2026-08-06 15:00,507,21456,16800,0.001,tdx_local_catalog
snapshot-20260806T091453459470Z,2026-08-06,588690.XSHG,科创增强ETF银华,XSHG,1,588690,sh588690,etf,000680,1,specetfdata.txt,catalog,available,True,True,True,True,True,2025-08-29,2026-08-06,2025-08-29 09:35,2026-08-06 15:00,2026-04-27 09:31,2026-08-06 15:00,226,10848,16800,0.001,tdx_local_catalog
snapshot-20260806T091453459470Z,2026-08-06,588700.XSHG,科创医药ETF嘉实,XSHG,1,588700,sh588700,etf,000683,1,specetfdata.txt,catalog,available,True,True,True,True,True,2024-01-05,2026-08-06,2024-10-08 09:35,2026-08-06 15:00,2026-04-27 09:31,2026-08-06 15:00,625,21456,16800,0.001,tdx_local_catalog
snapshot-20260806T091453459470Z,2026-08-06,588710.XSHG,科创半导体设备ET,XSHG,1,588710,sh588710,etf,950125,62,specetfdata.txt,catalog,available,True,True,True,True,True,2025-06-04,2026-08-06,2025-06-04 09:35,2026-08-06 15:00,2026-04-27 09:31,2026-08-06 15:00,288,13824,16800,0.001,tdx_local_catalog
snapshot-20260806T091453459470Z,2026-08-06,588720.XSHG,科创50ETF中银,XSHG,1,588720,sh588720,etf,000688,1,specetfdata.txt,catalog,available,True,True,True,True,True,2025-04-15,2026-08-06,2025-04-15 09:35,2026-08-06 15:00,2026-04-27 09:31,2026-08-06 15:00,320,15360,16800,0.001,tdx_local_catalog
snapshot-20260806T091453459470Z,2026-08-06,588730.XSHG,科创人工智能ETF,XSHG,1,588730,sh588730,etf,950180,62,specetfdata.txt,catalog,available,True,True,True,True,True,2025-01-24,2026-08-06,2025-01-24 09:35,2026-08-06 15:00,2026-04-27 09:31,2026-08-06 15:00,370,17760,16800,0.001,tdx_local_catalog
snapshot-20260806T091453459470Z,2026-08-06,588750.XSHG,科创芯片ETF汇添,XSHG,1,588750,sh588750,etf,000685,1,specetfdata.txt,catalog,available,True,True,True,True,True,2024-12-26,2026-08-06,2024-12-26 09:35,2026-08-06 15:00,2026-04-27 09:31,2026-08-06 15:00,390,18720,16800,0.001,tdx_local_catalog
snapshot-20260806T091453459470Z,2026-08-06,588760.XSHG,科创人工智能ETF,XSHG,1,588760,sh588760,etf,950180,62,specetfdata.txt,catalog,available,True,True,True,True,True,2025-01-23,2026-08-06,2025-01-23 09:35,2026-08-06 15:00,2026-04-27 09:31,2026-08-06 15:00,371,17808,16800,0.001,tdx_local_catalog
snapshot-20260806T091453459470Z,2026-08-06,588770.XSHG,科创信息ETF摩根,XSHG,1,588770,sh588770,etf,000682,1,specetfdata.txt,catalog,available,True,True,True,True,True,2025-03-24,2026-08-06,2025-03-24 09:35,2026-08-06 15:00,2026-04-27 09:31,2026-08-06 15:00,335,16080,16800,0.001,tdx_local_catalog
snapshot-20260806T091453459470Z,2026-08-06,588780.XSHG,科创芯片设计ETF,XSHG,1,588780,sh588780,etf,950162,62,specetfdata.txt,catalog,available,True,True,True,True,True,2024-12-26,2026-08-06,2024-12-26 09:35,2026-08-06 15:00,2026-04-27 09:31,2026-08-06 15:00,390,18720,16800,0.001,tdx_local_catalog
snapshot-20260806T091453459470Z,2026-08-06,588790.XSHG,科创AIETF博时,XSHG,1,588790,sh588790,etf,950180,62,specetfdata.txt,catalog,available,True,True,True,True,True,2025-01-09,2026-08-06,2025-01-09 09:35,2026-08-06 15:00,2026-04-27 09:31,2026-08-06 15:00,381,18288,16800,0.001,tdx_local_catalog
snapshot-20260806T091453459470Z,2026-08-06,588800.XSHG,科创100ETF华夏,XSHG,1,588800,sh588800,etf,000698,1,specetfdata.txt,catalog,available,True,True,True,True,True,2023-11-16,2026-08-06,2024-10-08 09:35,2026-08-06 15:00,2026-04-27 09:31,2026-08-06 15:00,660,21456,16800,0.001,tdx_local_catalog
snapshot-20260806T091453459470Z,2026-08-06,588810.XSHG,科创芯片ETF富国,XSHG,1,588810,sh588810,etf,000685,1,specetfdata.txt,catalog,available,True,True,True,True,True,2025-01-09,2026-08-06,2025-01-09 09:35,2026-08-06 15:00,2026-04-27 09:31,2026-08-06 15:00,381,18288,16800,0.001,tdx_local_catalog
snapshot-20260806T091453459470Z,2026-08-06,588820.XSHG,科创200ETF华夏,XSHG,1,588820,sh588820,etf,000699,1,specetfdata.txt,catalog,available,True,True,True,True,True,2025-01-06,2026-08-06,2025-01-06 09:35,2026-08-06 15:00,2026-04-27 09:31,2026-08-06 15:00,384,18432,16800,0.001,tdx_local_catalog
snapshot-20260806T091453459470Z,2026-08-06,588830.XSHG,科创新能源ETF鹏,XSHG,1,588830,sh588830,etf,000692,1,specetfdata.txt,catalog,available,True,True,True,True,True,2024-08-09,2026-08-06,2024-10-08 09:35,2026-08-06 15:00,2026-04-27 09:31,2026-08-06 15:00,482,21456,16800,0.001,tdx_local_catalog
snapshot-20260806T091453459470Z,2026-08-06,588840.XSHG,科创50ETF万家,XSHG,1,588840,sh588840,etf,000688,1,specetfdata.txt,catalog,available,True,True,True,True,True,2025-03-10,2026-08-06,2025-03-10 09:35,2026-08-06 15:00,2026-04-27 09:31,2026-08-06 15:00,345,16560,16800,0.001,tdx_local_catalog
snapshot-20260806T091453459470Z,2026-08-06,588850.XSHG,科创机械ETF嘉实,XSHG,1,588850,sh588850,etf,000693,1,specetfdata.txt,catalog,available,True,True,True,True,True,2025-04-24,2026-08-06,2025-04-24 09:35,2026-08-06 15:00,2026-04-27 09:31,2026-08-06 15:00,313,15024,16800,0.001,tdx_local_catalog
snapshot-20260806T091453459470Z,2026-08-06,588860.XSHG,科创医药ETF工银,XSHG,1,588860,sh588860,etf,000683,1,specetfdata.txt,catalog,available,True,True,True,True,True,2024-08-23,2026-08-06,2024-10-08 09:35,2026-08-06 15:00,2026-04-27 09:31,2026-08-06 15:00,472,21456,16800,0.001,tdx_local_catalog
snapshot-20260806T091453459470Z,2026-08-06,588870.XSHG,科创50ETF汇添富,XSHG,1,588870,sh588870,etf,000688,1,specetfdata.txt,catalog,available,True,True,True,True,True,2025-01-27,2026-08-06,2025-01-27 09:35,2026-08-06 15:00,2026-04-27 09:31,2026-08-06 15:00,369,17712,16800,0.001,tdx_local_catalog
snapshot-20260806T091453459470Z,2026-08-06,588880.XSHG,科创100ETF华泰柏,XSHG,1,588880,sh588880,etf,000698,1,specetfdata.txt,catalog,available,True,True,True,True,True,2023-11-16,2026-08-06,2024-10-08 09:35,2026-08-06 15:00,2026-04-27 09:31,2026-08-06 15:00,660,21456,16800,0.001,tdx_local_catalog
snapshot-20260806T091453459470Z,2026-08-06,588890.XSHG,科创芯片ETF南方,XSHG,1,588890,sh588890,etf,000685,1,specetfdata.txt,catalog,available,True,True,True,True,True,2024-04-23,2026-08-06,2024-10-08 09:35,2026-08-06 15:00,2026-04-27 09:31,2026-08-06 15:00,556,21456,16800,0.001,tdx_local_catalog
snapshot-20260806T091453459470Z,2026-08-06,588900.XSHG,科创100ETF南方,XSHG,1,588900,sh588900,etf,000698,1,specetfdata.txt,catalog,available,True,True,True,True,True,2023-12-18,2026-08-06,2024-10-08 09:35,2026-08-06 15:00,2026-04-27 09:31,2026-08-06 15:00,638,21456,16800,0.001,tdx_local_catalog
snapshot-20260806T091453459470Z,2026-08-06,588910.XSHG,科创价值ETF建信,XSHG,1,588910,sh588910,etf,950333,62,specetfdata.txt,catalog,available,True,True,True,True,True,2025-04-07,2026-08-06,2025-04-07 09:35,2026-08-06 15:00,2026-04-27 09:31,2026-08-06 15:00,326,15648,16800,0.001,tdx_local_catalog
snapshot-20260806T091453459470Z,2026-08-06,588920.XSHG,科创芯片ETF鹏华,XSHG,1,588920,sh588920,etf,000685,1,specetfdata.txt,catalog,available,True,True,True,True,True,2025-07-28,2026-08-06,2025-07-28 09:35,2026-08-06 15:00,2026-04-27 09:31,2026-08-06 15:00,250,12000,16800,0.001,tdx_local_catalog
snapshot-20260806T091453459470Z,2026-08-06,588930.XSHG,科创人工智能ETF,XSHG,1,588930,sh588930,etf,950180,62,specetfdata.txt,catalog,available,True,True,True,True,True,2025-01-14,2026-08-06,2025-01-14 09:35,2026-08-06 15:00,2026-04-27 09:31,2026-08-06 15:00,378,18144,16800,0.001,tdx_local_catalog
snapshot-20260806T091453459470Z,2026-08-06,588940.XSHG,科创50ETF富国,XSHG,1,588940,sh588940,etf,000688,1,specetfdata.txt,catalog,available,True,True,True,True,True,2025-06-03,2026-08-06,2025-06-03 09:35,2026-08-06 15:00,2026-04-27 09:31,2026-08-06 15:00,289,13872,16800,0.001,tdx_local_catalog
snapshot-20260806T091453459470Z,2026-08-06,588950.XSHG,科创50ETF景顺,XSHG,1,588950,sh588950,etf,000688,1,specetfdata.txt,catalog,available,True,True,True,True,True,2025-01-24,2026-08-06,2025-01-24 09:35,2026-08-06 15:00,2026-04-27 09:31,2026-08-06 15:00,370,17760,16800,0.001,tdx_local_catalog
snapshot-20260806T091453459470Z,2026-08-06,588960.XSHG,科创新能源ETF富,XSHG,1,588960,sh588960,etf,000692,1,specetfdata.txt,catalog,available,True,True,True,True,True,2025-02-19,2026-08-06,2025-02-19 09:35,2026-08-06 15:00,2026-04-27 09:31,2026-08-06 15:00,358,17184,16800,0.001,tdx_local_catalog
snapshot-20260806T091453459470Z,2026-08-06,588980.XSHG,科创100ETF广发,XSHG,1,588980,sh588980,etf,000698,1,specetfdata.txt,catalog,available,True,True,True,True,True,2025-08-01,2026-08-06,2025-08-01 09:35,2026-08-06 15:00,2026-04-27 09:31,2026-08-06 15:00,246,11808,16800,0.001,tdx_local_catalog
snapshot-20260806T091453459470Z,2026-08-06,588990.XSHG,科创芯片ETF博时,XSHG,1,588990,sh588990,etf,000685,1,specetfdata.txt,catalog,available,True,True,True,True,True,2024-08-16,2026-08-06,2024-10-08 09:35,2026-08-06 15:00,2026-04-27 09:31,2026-08-06 15:00,477,21456,16800,0.001,tdx_local_catalog
snapshot-20260806T091453459470Z,2026-08-06,160105.XSHE,南方积配LOF,XSHE,0,160105,sz160105,lof,000001,1,speclofdata.txt,catalog,available,True,True,True,True,True,2004-08-24,2026-08-06,2024-10-08 09:35,2026-08-06 15:00,2026-04-27 09:31,2026-08-06 15:00,5045,20160,16800,0.001,tdx_local_catalog
snapshot-20260806T091453459470Z,2026-08-06,160106.XSHE,南方高增LOF,XSHE,0,160106,sz160106,lof,000001,1,speclofdata.txt,catalog,available,True,True,True,True,True,2005-05-20,2026-08-06,2024-10-08 09:35,2026-08-06 15:00,2026-04-27 09:31,2026-08-06 15:00,5070,21216,16800,0.001,tdx_local_catalog
snapshot-20260806T091453459470Z,2026-08-06,160119.XSHE,500ETF联接LOF,XSHE,0,160119,sz160119,lof,000905,1,speclofdata.txt,catalog,available,True,True,True,True,True,2009-08-20,2026-08-06,2024-10-08 09:35,2026-08-06 15:00,2026-04-27 09:31,2026-08-06 15:00,4084,21456,16800,0.001,tdx_local_catalog
snapshot-20260806T091453459470Z,2026-08-06,160125.XSHE,南方香港LOF,XSHE,0,160125,sz160125,lof,HSI,27,speclofdata.txt,catalog,available,True,True,True,True,True,2011-08-25,2026-08-06,2024-10-08 09:35,2026-08-06 15:00,2026-04-27 09:31,2026-08-06 15:00,3343,21408,16800,0.001,tdx_local_catalog
snapshot-20260806T091453459470Z,2026-08-06,160127.XSHE,南方消费LOF,XSHE,0,160127,sz160127,lof,000942,62,speclofdata.txt,catalog,available,True,True,True,True,True,2020-11-30,2026-08-06,2024-10-08 09:35,2026-08-06 15:00,2026-04-27 09:31,2026-08-06 15:00,1370,21360,16560,0.001,tdx_local_catalog
snapshot-20260806T091453459470Z,2026-08-06,160128.XSHE,南方金利定开,XSHE,0,160128,sz160128,lof,,,speclofdata.txt,catalog,available,True,True,True,True,True,2012-07-16,2026-08-06,2024-10-08 09:35,2026-08-06 15:00,2026-04-27 09:31,2026-08-06 15:00,3252,21360,16800,0.001,tdx_local_catalog
snapshot-20260806T091453459470Z,2026-08-06,160133.XSHE,南方天元LOF,XSHE,0,160133,sz160133,lof,000300,1,speclofdata.txt,catalog,available,True,True,True,True,True,2014-08-25,2026-08-06,2024-10-08 09:35,2026-08-06 15:00,2026-04-27 09:31,2026-08-06 15:00,2902,21456,16800,0.001,tdx_local_catalog
snapshot-20260806T091453459470Z,2026-08-06,160135.XSHE,高铁基金LOF,XSHE,0,160135,sz160135,lof,399807,0,speclofdata.txt,catalog,available,True,True,True,True,True,2020-12-15,2026-08-06,2024-10-08 09:35,2026-08-06 15:00,2026-04-27 09:31,2026-08-06 15:00,1363,21360,16800,0.001,tdx_local_catalog
snapshot-20260806T091453459470Z,2026-08-06,160137.XSHE,互联基金,XSHE,0,160137,sz160137,lof,H30535,62,speclofdata.txt,catalog,placeholder_data,True,False,True,True,True,2026-08-05,2026-08-05,2026-08-05 09:35,2026-08-05 09:35,2026-08-05 09:31,2026-08-05 09:31,1,1,1,0.001,tdx_local_catalog
snapshot-20260806T091453459470Z,2026-08-06,160140.XSHE,美国REIT精选LOF,XSHE,0,160140,sz160140,lof,DWRTF,0,speclofdata.txt,catalog,available,True,True,True,True,True,2017-11-24,2026-08-06,2024-10-08 09:35,2026-08-06 15:00,2026-04-27 09:31,2026-08-06 15:00,2103,21456,16800,0.001,tdx_local_catalog
snapshot-20260806T091453459470Z,2026-08-06,160142.XSHE,南方优势产业LOF,XSHE,0,160142,sz160142,lof,000300,1,speclofdata.txt,catalog,available,True,True,True,True,True,2019-03-29,2026-08-06,2024-10-08 09:35,2026-08-06 15:00,2026-04-27 09:31,2026-08-06 15:00,1722,20640,16800,0.001,tdx_local_catalog
snapshot-20260806T091453459470Z,2026-08-06,160143.XSHE,创业板定开南方,XSHE,0,160143,sz160143,lof,399006,0,speclofdata.txt,catalog,available,True,True,True,True,True,2021-03-17,2026-08-06,2024-10-08 09:35,2026-08-06 15:00,2026-04-27 09:31,2026-08-06 15:00,1216,20688,16800,0.001,tdx_local_catalog
snapshot-20260806T091453459470Z,2026-08-06,160211.XSHE,国泰小盘LOF,XSHE,0,160211,sz160211,lof,,,speclofdata.txt,catalog,available,True,True,True,True,True,2009-10-22,2026-08-06,2024-10-08 09:35,2026-08-06 15:00,2026-04-27 09:31,2026-08-06 15:00,3952,20832,16800,0.001,tdx_local_catalog
snapshot-20260806T091453459470Z,2026-08-06,160212.XSHE,国泰估值LOF,XSHE,0,160212,sz160212,lof,000300,1,speclofdata.txt,catalog,available,True,True,True,True,True,2010-01-18,2026-08-06,2024-10-08 09:35,2026-08-06 15:00,2026-04-27 09:31,2026-08-06 15:00,3242,21456,16800,0.001,tdx_local_catalog
snapshot-20260806T091453459470Z,2026-08-06,160215.XSHE,国泰价值LOF,XSHE,0,160215,sz160215,lof,000300,1,speclofdata.txt,catalog,available,True,True,True,True,True,2010-07-05,2026-08-06,2024-10-08 09:35,2026-08-06 15:00,2026-04-27 09:31,2026-08-06 15:00,3487,20928,16800,0.001,tdx_local_catalog
snapshot-20260806T091453459470Z,2026-08-06,160216.XSHE,国泰商品LOF,XSHE,0,160216,sz160216,lof,,,speclofdata.txt,catalog,available,True,True,True,True,True,2015-04-07,2026-08-06,2024-10-08 09:35,2026-08-06 15:00,2026-04-27 09:31,2026-08-06 15:00,2757,21456,16800,0.001,tdx_local_catalog
snapshot-20260806T091453459470Z,2026-08-06,160218.XSHE,房地产LOF,XSHE,0,160218,sz160218,lof,399393,0,speclofdata.txt,catalog,available,True,True,True,True,True,2021-01-20,2026-08-06,2024-10-08 09:35,2026-08-06 15:00,2026-04-27 09:31,2026-08-06 15:00,1342,21456,16800,0.001,tdx_local_catalog
snapshot-20260806T091453459470Z,2026-08-06,160219.XSHE,医药LOF,XSHE,0,160219,sz160219,lof,399394,0,speclofdata.txt,catalog,available,True,True,True,True,True,2021-01-20,2026-08-06,2024-10-08 09:35,2026-08-06 15:00,2026-04-27 09:31,2026-08-06 15:00,1343,21456,16800,0.001,tdx_local_catalog
snapshot-20260806T091453459470Z,2026-08-06,160220.XSHE,国泰民益LOF,XSHE,0,160220,sz160220,lof,000300,1,speclofdata.txt,catalog,available,True,True,True,True,True,2014-01-16,2026-08-06,2024-10-08 09:35,2026-08-06 15:00,2026-04-27 09:31,2026-08-06 15:00,2413,18624,16800,0.001,tdx_local_catalog
snapshot-20260806T091453459470Z,2026-08-06,160221.XSHE,有色金属LOF,XSHE,0,160221,sz160221,lof,399395,0,speclofdata.txt,catalog,available,True,True,True,True,True,2021-01-20,2026-08-06,2024-10-08 09:35,2026-08-06 15:00,2026-04-27 09:31,2026-08-06 15:00,1343,21456,16800,0.001,tdx_local_catalog
snapshot-20260806T091453459470Z,2026-08-06,160222.XSHE,食品LOF,XSHE,0,160222,sz160222,lof,399396,0,speclofdata.txt,catalog,available,True,True,True,True,True,2021-01-20,2026-08-06,2024-10-08 09:35,2026-08-06 15:00,2026-04-27 09:31,2026-08-06 15:00,1343,21456,16800,0.001,tdx_local_catalog
snapshot-20260806T091453459470Z,2026-08-06,160223.XSHE,创业板LOF,XSHE,0,160223,sz160223,lof,399006,0,speclofdata.txt,catalog,available,True,True,True,True,True,2016-11-28,2026-08-06,2024-10-08 09:35,2026-08-06 15:00,2026-04-27 09:31,2026-08-06 15:00,2350,21456,16800,0.001,tdx_local_catalog
snapshot-20260806T091453459470Z,2026-08-06,160225.XSHE,新能源汽车LOF,XSHE,0,160225,sz160225,lof,399417,0,speclofdata.txt,catalog,available,True,True,True,True,True,2016-07-20,2026-08-06,2024-10-08 09:35,2026-08-06 15:00,2026-04-27 09:31,2026-08-06 15:00,2440,21456,16800,0.001,tdx_local_catalog
snapshot-20260806T091453459470Z,2026-08-06,160311.XSHE,华夏蓝筹LOF,XSHE,0,160311,sz160311,lof,000300,1,speclofdata.txt,catalog,available,True,True,True,True,True,2007-04-27,2026-08-06,2024-10-08 09:35,2026-08-06 15:00,2026-04-27 09:31,2026-08-06 15:00,4684,21456,16800,0.001,tdx_local_catalog
snapshot-20260806T091453459470Z,2026-08-06,160314.XSHE,华夏行业LOF,XSHE,0,160314,sz160314,lof,H30355,62,speclofdata.txt,catalog,available,True,True,True,True,True,2007-11-30,2026-08-06,2024-10-08 09:35,2026-08-06 15:00,2026-04-27 09:31,2026-08-06 15:00,4516,21120,16800,0.001,tdx_local_catalog
snapshot-20260806T091453459470Z,2026-08-06,160322.XSHE,港股精选LOF,XSHE,0,160322,sz160322,lof,HZ5025,27,speclofdata.txt,catalog,available,True,True,True,True,True,2017-07-24,2026-08-06,2024-10-08 09:35,2026-08-06 15:00,2026-04-27 09:31,2026-08-06 15:00,2067,21456,16800,0.001,tdx_local_catalog
snapshot-20260806T091453459470Z,2026-08-06,160323.XSHE,华夏磐泰LOF,XSHE,0,160323,sz160323,lof,000012,1,speclofdata.txt,catalog,available,True,True,True,True,True,2017-03-15,2026-08-06,2024-10-08 09:35,2026-08-06 15:00,2026-04-27 09:31,2026-08-06 15:00,1577,21456,16800,0.001,tdx_local_catalog
snapshot-20260806T091453459470Z,2026-08-06,160324.XSHE,华夏磐晟LOF,XSHE,0,160324,sz160324,lof,000300,1,speclofdata.txt,catalog,available,True,True,True,True,True,2017-08-08,2026-08-06,2024-10-08 09:35,2026-08-06 15:00,2026-04-27 09:31,2026-08-06 15:00,1699,20256,16800,0.001,tdx_local_catalog
snapshot-20260806T091453459470Z,2026-08-06,160325.XSHE,华夏创业板定开,XSHE,0,160325,sz160325,lof,399006,0,speclofdata.txt,catalog,available,True,True,True,True,True,2021-01-28,2026-08-06,2024-10-08 09:35,2026-08-06 15:00,2026-04-27 09:31,2026-08-06 15:00,1321,21360,16800,0.001,tdx_local_catalog
snapshot-20260806T091453459470Z,2026-08-06,160326.XSHE,优选配置FOF-LOF,XSHE,0,160326,sz160326,lof,000300,1,speclofdata.txt,catalog,available,True,True,True,True,True,2022-01-14,2026-08-06,2024-10-08 09:35,2026-08-06 15:00,2026-04-27 09:31,2026-08-06 15:00,1017,20736,16800,0.001,tdx_local_catalog
snapshot-20260806T091453459470Z,2026-08-06,160416.XSHE,石油基金LOF,XSHE,0,160416,sz160416,lof,IN0006,12,speclofdata.txt,catalog,available,True,True,True,True,True,2012-05-02,2026-08-06,2024-10-08 09:35,2026-08-06 15:00,2026-04-27 09:31,2026-08-06 15:00,3307,21456,16800,0.001,tdx_local_catalog
snapshot-20260806T091453459470Z,2026-08-06,160421.XSHE,华安智增LOF,XSHE,0,160421,sz160421,lof,000300,1,speclofdata.txt,catalog,available,True,True,True,True,True,2016-12-19,2026-08-06,2024-10-08 09:35,2026-08-06 15:00,2026-04-27 09:31,2026-08-06 15:00,2228,20544,16320,0.001,tdx_local_catalog
snapshot-20260806T091453459470Z,2026-08-06,160505.XSHE,博时主题LOF,XSHE,0,160505,sz160505,lof,000300,1,speclofdata.txt,catalog,available,True,True,True,True,True,2004-11-22,2026-08-06,2024-10-08 09:35,2026-08-06 15:00,2026-04-27 09:31,2026-08-06 15:00,5244,21456,16800,0.001,tdx_local_catalog
snapshot-20260806T091453459470Z,2026-08-06,160512.XSHE,博时卓越LOF,XSHE,0,160512,sz160512,lof,000300,1,speclofdata.txt,catalog,available,True,True,True,True,True,2011-05-04,2026-08-06,2024-10-08 09:35,2026-08-06 15:00,2026-04-27 09:31,2026-08-06 15:00,3435,19344,16800,0.001,tdx_local_catalog
snapshot-20260806T091453459470Z,2026-08-06,160513.XSHE,稳健债LOF,XSHE,0,160513,sz160513,lof,,,speclofdata.txt,catalog,available,True,True,True,True,True,2014-07-01,2026-08-06,2024-10-08 09:35,2026-08-06 15:00,2026-04-27 09:31,2026-08-06 15:00,1921,21024,16800,0.001,tdx_local_catalog
snapshot-20260806T091453459470Z,2026-08-06,160515.XSHE,安丰18定开,XSHE,0,160515,sz160515,lof,,,speclofdata.txt,catalog,available,True,True,True,True,True,2013-10-17,2026-08-06,2024-10-08 09:35,2026-08-06 15:00,2026-04-28 09:31,2026-08-06 15:00,2407,14112,11520,0.001,tdx_local_catalog
snapshot-20260806T091453459470Z,2026-08-06,160517.XSHE,银行指数基金,XSHE,0,160517,sz160517,lof,399986,0,speclofdata.txt,catalog,placeholder_data,True,False,True,True,True,2026-08-05,2026-08-05,2026-08-05 09:35,2026-08-05 09:35,2026-08-05 09:31,2026-08-05 09:31,1,1,1,0.001,tdx_local_catalog
snapshot-20260806T091453459470Z,2026-08-06,160518.XSHE,博时睿远LOF,XSHE,0,160518,sz160518,lof,000300,1,speclofdata.txt,catalog,available,True,True,True,True,True,2016-07-11,2026-08-06,2024-10-08 09:35,2026-08-06 15:00,2026-04-27 09:31,2026-08-06 15:00,2227,18096,15840,0.001,tdx_local_catalog
snapshot-20260806T091453459470Z,2026-08-06,160526.XSHE,博时优势企业,XSHE,0,160526,sz160526,lof,000300,1,speclofdata.txt,catalog,available,True,True,True,True,True,2019-12-02,2026-08-06,2024-10-08 09:35,2026-08-06 15:00,2026-04-27 09:31,2026-08-06 15:00,1313,16800,15360,0.001,tdx_local_catalog
snapshot-20260806T091453459470Z,2026-08-06,160527.XSHE,博时研究优选LOF,XSHE,0,160527,sz160527,lof,000300,1,speclofdata.txt,catalog,available,True,True,True,True,True,2020-06-19,2026-08-06,2024-10-08 09:35,2026-08-06 15:00,2026-04-27 09:31,2026-08-06 15:00,1389,20112,16800,0.001,tdx_local_catalog
snapshot-20260806T091453459470Z,2026-08-06,160529.XSHE,创业板博时定开,XSHE,0,160529,sz160529,lof,399102,0,speclofdata.txt,catalog,available,True,True,True,True,True,2021-03-17,2026-08-06,2024-10-08 09:35,2026-08-06 15:00,2026-04-27 09:31,2026-08-06 15:00,1247,21072,16800,0.001,tdx_local_catalog
snapshot-20260806T091453459470Z,2026-08-06,160607.XSHE,鹏华价值优势LOF,XSHE,0,160607,sz160607,lof,000300,1,speclofdata.txt,catalog,available,True,True,True,True,True,2006-06-12,2026-08-06,2024-10-08 09:35,2026-08-06 15:00,2026-04-27 09:31,2026-08-06 15:00,4874,21456,16800,0.001,tdx_local_catalog
snapshot-20260806T091453459470Z,2026-08-06,160610.XSHE,鹏华动力LOF,XSHE,0,160610,sz160610,lof,000510,1,speclofdata.txt,catalog,available,True,True,True,True,True,2006-12-08,2026-08-06,2024-10-08 09:35,2026-08-06 15:00,2026-04-27 09:31,2026-08-06 15:00,4687,21360,16800,0.001,tdx_local_catalog
snapshot-20260806T091453459470Z,2026-08-06,160611.XSHE,鹏华优质治理LOF,XSHE,0,160611,sz160611,lof,000300,1,speclofdata.txt,catalog,available,True,True,True,True,True,2007-06-20,2026-08-06,2024-10-08 09:35,2026-08-06 15:00,2026-04-27 09:31,2026-08-06 15:00,4499,21024,16800,0.001,tdx_local_catalog
snapshot-20260806T091453459470Z,2026-08-06,160613.XSHE,鹏华盛世创新LOF,XSHE,0,160613,sz160613,lof,000300,1,speclofdata.txt,catalog,available,True,True,True,True,True,2008-09-01,2026-08-06,2024-10-08 09:35,2026-08-06 15:00,2026-04-27 09:31,2026-08-06 15:00,3672,20736,16800,0.001,tdx_local_catalog
snapshot-20260806T091453459470Z,2026-08-06,160615.XSHE,鹏华300LOF,XSHE,0,160615,sz160615,lof,000300,1,speclofdata.txt,catalog,available,True,True,True,True,True,2009-03-02,2026-08-06,2024-10-08 09:35,2026-08-06 15:00,2026-04-27 09:31,2026-08-06 15:00,3893,20784,16320,0.001,tdx_local_catalog
snapshot-20260806T091453459470Z,2026-08-06,160616.XSHE,鹏华500LOF,XSHE,0,160616,sz160616,lof,000905,1,speclofdata.txt,catalog,available,True,True,True,True,True,2010-01-04,2026-08-06,2024-10-08 09:35,2026-08-06 15:00,2026-04-27 09:31,2026-08-06 15:00,3701,19632,16800,0.001,tdx_local_catalog
snapshot-20260806T091453459470Z,2026-08-06,160617.XSHE,鹏华丰润LOF,XSHE,0,160617,sz160617,lof,,,speclofdata.txt,catalog,available,True,True,True,True,True,2010-11-03,2026-08-06,2024-10-08 09:35,2026-08-06 15:00,2026-04-28 09:31,2026-08-06 15:00,1986,11280,10800,0.001,tdx_local_catalog
snapshot-20260806T091453459470Z,2026-08-06,160618.XSHE,鹏华丰泽LOF,XSHE,0,160618,sz160618,lof,,,speclofdata.txt,catalog,available,True,True,True,True,True,2014-12-25,2026-08-06,2024-10-08 09:35,2026-08-06 15:00,2026-04-28 09:31,2026-08-06 15:00,2030,12864,11280,0.001,tdx_local_catalog
snapshot-20260806T091453459470Z,2026-08-06,160620.XSHE,资源LOF,XSHE,0,160620,sz160620,lof,000805,62,speclofdata.txt,catalog,available,True,True,True,True,True,2021-01-18,2026-08-06,2024-10-08 09:35,2026-08-06 15:00,2026-04-27 09:31,2026-08-06 15:00,1262,20640,16800,0.001,tdx_local_catalog
snapshot-20260806T091453459470Z,2026-08-06,160621.XSHE,鹏华丰和LOF,XSHE,0,160621,sz160621,lof,,,speclofdata.txt,catalog,available,True,True,True,True,True,2013-01-09,2026-08-06,2024-10-08 09:35,2026-08-06 15:00,2026-04-28 09:31,2026-08-06 15:00,1924,8592,6240,0.001,tdx_local_catalog
snapshot-20260806T091453459470Z,2026-08-06,160622.XSHE,鹏华丰利LOF,XSHE,0,160622,sz160622,lof,,,speclofdata.txt,catalog,available,True,True,True,True,True,2016-05-24,2026-08-06,2024-10-08 09:35,2026-08-06 15:00,2026-04-27 09:31,2026-08-06 15:00,1300,17952,16800,0.001,tdx_local_catalog
snapshot-20260806T091453459470Z,2026-08-06,160625.XSHE,证保LOF,XSHE,0,160625,sz160625,lof,399966,0,speclofdata.txt,catalog,available,True,True,True,True,True,2021-01-18,2026-08-06,2024-10-08 09:35,2026-08-06 15:00,2026-04-27 09:31,2026-08-06 15:00,1345,21456,16800,0.001,tdx_local_catalog
snapshot-20260806T091453459470Z,2026-08-06,160626.XSHE,信息LOF,XSHE,0,160626,sz160626,lof,000935,1,speclofdata.txt,catalog,available,True,True,True,True,True,2021-01-18,2026-08-06,2024-10-08 09:35,2026-08-06 15:00,2026-04-27 09:31,2026-08-06 15:00,1320,21408,16800,0.001,tdx_local_catalog
snapshot-20260806T091453459470Z,2026-08-06,160628.XSHE,地产LOF,XSHE,0,160628,sz160628,lof,399965,0,speclofdata.txt,catalog,available,True,True,True,True,True,2021-01-18,2026-08-06,2024-10-08 09:35,2026-08-06 15:00,2026-04-27 09:31,2026-08-06 15:00,1345,21456,16800,0.001,tdx_local_catalog
snapshot-20260806T091453459470Z,2026-08-06,160629.XSHE,传媒LOF,XSHE,0,160629,sz160629,lof,399971,0,speclofdata.txt,catalog,available,True,True,True,True,True,2021-01-18,2026-08-06,2024-10-08 09:35,2026-08-06 15:00,2026-04-27 09:31,2026-08-06 15:00,1340,21408,16800,0.001,tdx_local_catalog
snapshot-20260806T091453459470Z,2026-08-06,160630.XSHE,国防LOF,XSHE,0,160630,sz160630,lof,399973,0,speclofdata.txt,catalog,available,True,True,True,True,True,2021-01-18,2026-08-06,2024-10-08 09:35,2026-08-06 15:00,2026-04-27 09:31,2026-08-06 15:00,1345,21456,16800,0.001,tdx_local_catalog
snapshot-20260806T091453459470Z,2026-08-06,160631.XSHE,银行LOF基金,XSHE,0,160631,sz160631,lof,399986,0,speclofdata.txt,catalog,available,True,True,True,True,True,2021-01-18,2026-08-06,2024-10-08 09:35,2026-08-06 15:00,2026-04-27 09:31,2026-08-06 15:00,1345,21456,16800,0.001,tdx_local_catalog
snapshot-20260806T091453459470Z,2026-08-06,160632.XSHE,酒LOF,XSHE,0,160632,sz160632,lof,399987,0,speclofdata.txt,catalog,available,True,True,True,True,True,2021-01-18,2026-08-06,2024-10-08 09:35,2026-08-06 15:00,2026-04-27 09:31,2026-08-06 15:00,1345,21456,16800,0.001,tdx_local_catalog
snapshot-20260806T091453459470Z,2026-08-06,160633.XSHE,券商LOF,XSHE,0,160633,sz160633,lof,399975,0,speclofdata.txt,catalog,available,True,True,True,True,True,2021-01-18,2026-08-06,2024-10-08 09:35,2026-08-06 15:00,2026-04-27 09:31,2026-08-06 15:00,1343,21456,16800,0.001,tdx_local_catalog
snapshot-20260806T091453459470Z,2026-08-06,160634.XSHE,环保产业基金,XSHE,0,160634,sz160634,lof,000827,1,speclofdata.txt,catalog,placeholder_data,True,False,True,True,True,2026-08-05,2026-08-05,2026-08-05 09:35,2026-08-05 09:35,2026-08-05 09:31,2026-08-05 09:31,1,1,1,0.001,tdx_local_catalog
snapshot-20260806T091453459470Z,2026-08-06,160635.XSHE,医药LOF基金,XSHE,0,160635,sz160635,lof,000933,1,speclofdata.txt,catalog,available,True,True,True,True,True,2016-08-01,2026-08-06,2024-10-08 09:35,2026-08-06 15:00,2026-04-27 09:31,2026-08-06 15:00,2389,21456,16800,0.001,tdx_local_catalog
snapshot-20260806T091453459470Z,2026-08-06,160636.XSHE,移动互联网,XSHE,0,160636,sz160636,lof,399970,0,speclofdata.txt,catalog,placeholder_data,True,False,True,True,True,2026-08-05,2026-08-05,2026-08-05 09:35,2026-08-05 09:35,2026-08-05 09:31,2026-08-05 09:31,1,1,1,0.001,tdx_local_catalog
snapshot-20260806T091453459470Z,2026-08-06,160637.XSHE,创业板LOF基金,XSHE,0,160637,sz160637,lof,399006,0,speclofdata.txt,catalog,available,True,True,True,True,True,2021-01-18,2026-08-06,2024-10-08 09:35,2026-08-06 15:00,2026-04-27 09:31,2026-08-06 15:00,1344,21456,16800,0.001,tdx_local_catalog
snapshot-20260806T091453459470Z,2026-08-06,160638.XSHE,带路LOF,XSHE,0,160638,sz160638,lof,399991,0,speclofdata.txt,catalog,available,True,True,True,True,True,2021-01-18,2026-08-06,2024-10-08 09:35,2026-08-06 15:00,2026-04-27 09:31,2026-08-06 15:00,1277,20928,16800,0.001,tdx_local_catalog
snapshot-20260806T091453459470Z,2026-08-06,160639.XSHE,高铁LOF,XSHE,0,160639,sz160639,lof,399807,0,speclofdata.txt,catalog,available,True,True,True,True,True,2021-01-18,2026-08-06,2024-10-08 09:35,2026-08-06 15:00,2026-04-27 09:31,2026-08-06 15:00,1326,21408,16800,0.001,tdx_local_catalog
snapshot-20260806T091453459470Z,2026-08-06,160641.XSHE,鹏华丰锐LOF,XSHE,0,160641,sz160641,lof,,,speclofdata.txt,catalog,available,True,True,True,True,True,2015-09-30,2026-08-06,2024-10-08 09:35,2026-08-06 15:00,2026-04-28 09:31,2026-08-06 15:00,2573,18672,11280,0.001,tdx_local_catalog
snapshot-20260806T091453459470Z,2026-08-06,160642.XSHE,鹏华增瑞LOF,XSHE,0,160642,sz160642,lof,000300,1,speclofdata.txt,catalog,available,True,True,True,True,True,2016-09-29,2026-08-06,2024-10-08 09:35,2026-08-06 15:00,2026-04-27 09:31,2026-08-06 15:00,1516,17280,16560,0.001,tdx_local_catalog
snapshot-20260806T091453459470Z,2026-08-06,160643.XSHE,空天军工LOF,XSHE,0,160643,sz160643,lof,930875,62,speclofdata.txt,catalog,available,True,True,True,True,True,2017-06-20,2026-08-06,2024-10-08 09:35,2026-08-06 15:00,2026-04-27 09:31,2026-08-06 15:00,2129,21456,16800,0.001,tdx_local_catalog
snapshot-20260806T091453459470Z,2026-08-06,160644.XSHE,港美互联网LOF,XSHE,0,160644,sz160644,lof,,,speclofdata.txt,catalog,available,True,True,True,True,True,2017-12-29,2026-08-06,2024-10-08 09:35,2026-08-06 15:00,2026-04-27 09:31,2026-08-06 15:00,1880,21456,16800,0.001,tdx_local_catalog
snapshot-20260806T091453459470Z,2026-08-06,160646.XSHE,科技LOF,XSHE,0,160646,sz160646,lof,931524,62,speclofdata.txt,catalog,placeholder_data,True,False,True,True,True,2026-08-05,2026-08-05,2026-08-05 09:35,2026-08-05 09:35,2026-08-05 09:31,2026-08-05 09:31,1,1,1,0.001,tdx_local_catalog
snapshot-20260806T091453459470Z,2026-08-06,160706.XSHE,沪深300LOF,XSHE,0,160706,sz160706,lof,000300,1,speclofdata.txt,catalog,available,True,True,True,True,True,2005-07-05,2026-08-06,2024-10-08 09:35,2026-08-06 15:00,2026-04-27 09:31,2026-08-06 15:00,5076,21456,16800,0.001,tdx_local_catalog
snapshot-20260806T091453459470Z,2026-08-06,160716.XSHE,基本面50LOF,XSHE,0,160716,sz160716,lof,000925,62,speclofdata.txt,catalog,available,True,True,True,True,True,2009-12-10,2026-08-06,2024-10-08 09:35,2026-08-06 15:00,2026-04-27 09:31,2026-08-06 15:00,3999,21456,16800,0.001,tdx_local_catalog
snapshot-20260806T091453459470Z,2026-08-06,160717.XSHE,H股LOF,XSHE,0,160717,sz160717,lof,HZ5014,27,speclofdata.txt,catalog,available,True,True,True,True,True,2010-08-30,2026-08-06,2024-10-08 09:35,2026-08-06 15:00,2026-04-27 09:31,2026-08-06 15:00,3806,21456,16800,0.001,tdx_local_catalog
snapshot-20260806T091453459470Z,2026-08-06,160719.XSHE,嘉实黄金LOF,XSHE,0,160719,sz160719,lof,,,speclofdata.txt,catalog,available,True,True,True,True,True,2011-07-04,2026-08-06,2024-10-08 09:35,2026-08-06 15:00,2026-04-27 09:31,2026-08-06 15:00,3558,21456,16800,0.001,tdx_local_catalog
snapshot-20260806T091453459470Z,2026-08-06,160722.XSHE,嘉实惠泽LOF,XSHE,0,160722,sz160722,lof,000906,1,speclofdata.txt,catalog,available,True,True,True,True,True,2016-12-09,2026-08-06,2024-10-08 09:35,2026-08-06 15:00,2026-04-27 09:31,2026-08-06 15:00,1805,16992,15360,0.001,tdx_local_catalog
snapshot-20260806T091453459470Z,2026-08-06,160723.XSHE,嘉实原油LOF,XSHE,0,160723,sz160723,lof,,,speclofdata.txt,catalog,available,True,True,True,True,True,2017-05-05,2026-08-06,2024-10-08 09:35,2026-08-06 15:00,2026-04-27 09:31,2026-08-06 15:00,2244,21456,16800,0.001,tdx_local_catalog
snapshot-20260806T091453459470Z,2026-08-06,160726.XSHE,嘉实瑞享定开,XSHE,0,160726,sz160726,lof,000906,1,speclofdata.txt,catalog,available,True,True,True,True,True,2019-04-12,2026-08-06,2024-10-08 09:35,2026-08-06 15:00,2026-04-27 09:31,2026-08-06 15:00,1716,21024,16800,0.001,tdx_local_catalog
snapshot-20260806T091453459470Z,2026-08-06,160805.XSHE,长盛同智LOF,XSHE,0,160805,sz160805,lof,000300,1,speclofdata.txt,catalog,available,True,True,True,True,True,2007-01-08,2026-08-06,2024-10-08 09:35,2026-08-06 15:00,2026-04-27 09:31,2026-08-06 15:00,4612,21312,16560,0.001,tdx_local_catalog
snapshot-20260806T091453459470Z,2026-08-06,160806.XSHE,长盛中证800LOF,XSHE,0,160806,sz160806,lof,000906,1,speclofdata.txt,catalog,available,True,True,True,True,True,2009-05-06,2026-08-06,2024-10-08 09:35,2026-08-06 15:00,2026-04-27 09:31,2026-08-06 15:00,2433,18528,16080,0.001,tdx_local_catalog
snapshot-20260806T091453459470Z,2026-08-06,160807.XSHE,长盛沪深300LOF,XSHE,0,160807,sz160807,lof,000300,1,speclofdata.txt,catalog,available,True,True,True,True,True,2010-06-28,2026-08-06,2024-10-08 09:35,2026-08-06 15:00,2026-04-27 09:31,2026-08-06 15:00,3183,20496,15840,0.001,tdx_local_catalog
snapshot-20260806T091453459470Z,2026-08-06,160812.XSHE,长盛同益LOF,XSHE,0,160812,sz160812,lof,000300,1,speclofdata.txt,catalog,available,True,True,True,True,True,2014-06-04,2026-08-06,2024-10-08 09:35,2026-08-06 15:00,2026-04-27 09:31,2026-08-06 15:00,2883,20784,16800,0.001,tdx_local_catalog
snapshot-20260806T091453459470Z,2026-08-06,160813.XSHE,长盛同盛LOF,XSHE,0,160813,sz160813,lof,000300,1,speclofdata.txt,catalog,available,True,True,True,True,True,2014-12-26,2026-08-06,2024-10-08 09:35,2026-08-06 15:00,2026-04-27 09:31,2026-08-06 15:00,2799,21312,16800,0.001,tdx_local_catalog
snapshot-20260806T091453459470Z,2026-08-06,160910.XSHE,创新成长LOF,XSHE,0,160910,sz160910,lof,000300,1,speclofdata.txt,catalog,available,True,True,True,True,True,2007-07-18,2026-08-06,2024-10-08 09:35,2026-08-06 15:00,2026-04-28 09:31,2026-08-06 15:00,4380,20016,16080,0.001,tdx_local_catalog
snapshot-20260806T091453459470Z,2026-08-06,160916.XSHE,优选LOF,XSHE,0,160916,sz160916,lof,000300,1,speclofdata.txt,catalog,available,True,True,True,True,True,2012-12-28,2026-08-06,2024-10-08 09:35,2026-08-06 15:00,2026-04-27 09:31,2026-08-06 15:00,3293,21264,16800,0.001,tdx_local_catalog
snapshot-20260806T091453459470Z,2026-08-06,160918.XSHE,中小盘LOF,XSHE,0,160918,sz160918,lof,000907,62,speclofdata.txt,catalog,available,True,True,True,True,True,2014-04-30,2026-08-06,2024-10-08 09:35,2026-08-06 15:00,2026-04-27 09:31,2026-08-06 15:00,2961,21264,16800,0.001,tdx_local_catalog
snapshot-20260806T091453459470Z,2026-08-06,160919.XSHE,产业升级LOF,XSHE,0,160919,sz160919,lof,000300,1,speclofdata.txt,catalog,available,True,True,True,True,True,2015-01-09,2026-08-06,2024-10-08 09:35,2026-08-06 15:00,2026-04-27 09:31,2026-08-06 15:00,2797,21456,16800,0.001,tdx_local_catalog
snapshot-20260806T091453459470Z,2026-08-06,160921.XSHE,多策略LOF,XSHE,0,160921,sz160921,lof,000300,1,speclofdata.txt,catalog,available,True,True,True,True,True,2016-11-21,2026-08-06,2024-10-08 09:35,2026-08-06 15:00,2026-04-27 09:31,2026-08-06 15:00,1923,18720,14880,0.001,tdx_local_catalog
snapshot-20260806T091453459470Z,2026-08-06,160924.XSHE,恒生指数LOF,XSHE,0,160924,sz160924,lof,HSI,27,speclofdata.txt,catalog,available,True,True,True,True,True,2017-08-28,2026-08-06,2024-10-08 09:35,2026-08-06 15:00,2026-04-27 09:31,2026-08-06 15:00,1882,21456,16800,0.001,tdx_local_catalog
snapshot-20260806T091453459470Z,2026-08-06,160925.XSHE,沪深港300LOF,XSHE,0,160925,sz160925,lof,CES300,62,speclofdata.txt,catalog,available,True,True,True,True,True,2019-03-29,2026-08-06,2024-10-08 09:35,2026-08-06 15:00,2026-04-27 09:31,2026-08-06 15:00,1336,19632,16080,0.001,tdx_local_catalog
snapshot-20260806T091453459470Z,2026-08-06,160926.XSHE,创业板定开,XSHE,0,160926,sz160926,lof,399102,0,speclofdata.txt,catalog,available,True,True,True,True,True,2021-01-18,2026-08-06,2024-10-08 09:35,2026-08-06 15:00,2026-04-27 09:31,2026-08-06 15:00,1336,21360,16800,0.001,tdx_local_catalog
snapshot-20260806T091453459470Z,2026-08-06,161005.XSHE,富国天惠LOF,XSHE,0,161005,sz161005,lof,000300,1,speclofdata.txt,catalog,available,True,True,True,True,True,2005-09-19,2026-08-06,2024-10-08 09:35,2026-08-06 15:00,2026-04-27 09:31,2026-08-06 15:00,5005,21456,16800,0.001,tdx_local_catalog
snapshot-20260806T091453459470Z,2026-08-06,161010.XSHE,富国天丰LOF,XSHE,0,161010,sz161010,lof,,,speclofdata.txt,catalog,available,True,True,True,True,True,2008-10-15,2026-08-06,2024-10-08 09:35,2026-08-06 15:00,2026-04-27 09:31,2026-08-06 15:00,4278,21456,16800,0.001,tdx_local_catalog
snapshot-20260806T091453459470Z,2026-08-06,161014.XSHE,富国汇利定开,XSHE,0,161014,sz161014,lof,,,speclofdata.txt,catalog,available,True,True,True,True,True,2010-09-01,2026-08-06,2024-10-08 09:35,2026-08-06 15:00,2026-04-27 09:31,2026-08-06 15:00,1936,17760,13200,0.001,tdx_local_catalog
snapshot-20260806T091453459470Z,2026-08-06,161015.XSHE,富国天盈LOF,XSHE,0,161015,sz161015,lof,,,speclofdata.txt,catalog,available,True,True,True,True,True,2014-06-04,2026-08-06,2024-10-08 09:35,2026-08-06 15:00,2026-04-27 09:31,2026-08-06 15:00,2009,14400,12720,0.001,tdx_local_catalog
snapshot-20260806T091453459470Z,2026-08-06,161017.XSHE,500增强LOF,XSHE,0,161017,sz161017,lof,000905,1,speclofdata.txt,catalog,available,True,True,True,True,True,2011-09-09,2026-08-06,2024-10-08 09:35,2026-08-06 15:00,2026-04-27 09:31,2026-08-06 15:00,3344,21456,16800,0.001,tdx_local_catalog
snapshot-20260806T091453459470Z,2026-08-06,161019.XSHE,富国天锋LOF,XSHE,0,161019,sz161019,lof,,,speclofdata.txt,catalog,available,True,True,True,True,True,2012-06-28,2026-08-06,2024-10-08 09:35,2026-08-06 15:00,2026-04-27 09:31,2026-08-06 15:00,2950,17616,14160,0.001,tdx_local_catalog
snapshot-20260806T091453459470Z,2026-08-06,161024.XSHE,军工LOF,XSHE,0,161024,sz161024,lof,399967,0,speclofdata.txt,catalog,available,True,True,True,True,True,2021-01-18,2026-08-06,2024-10-08 09:35,2026-08-06 15:00,2026-04-27 09:31,2026-08-06 15:00,1345,21456,16800,0.001,tdx_local_catalog
snapshot-20260806T091453459470Z,2026-08-06,161025.XSHE,互联网LOF,XSHE,0,161025,sz161025,lof,399970,0,speclofdata.txt,catalog,available,True,True,True,True,True,2021-01-18,2026-08-06,2024-10-08 09:35,2026-08-06 15:00,2026-04-27 09:31,2026-08-06 15:00,1345,21456,16800,0.001,tdx_local_catalog
snapshot-20260806T091453459470Z,2026-08-06,161026.XSHE,国企改革LOF,XSHE,0,161026,sz161026,lof,399974,0,speclofdata.txt,catalog,available,True,True,True,True,True,2021-01-19,2026-08-06,2024-10-08 09:35,2026-08-06 15:00,2026-04-27 09:31,2026-08-06 15:00,1344,21456,16800,0.001,tdx_local_catalog
snapshot-20260806T091453459470Z,2026-08-06,161027.XSHE,证券LOF,XSHE,0,161027,sz161027,lof,399975,0,speclofdata.txt,catalog,available,True,True,True,True,True,2021-01-18,2026-08-06,2024-10-08 09:35,2026-08-06 15:00,2026-04-27 09:31,2026-08-06 15:00,1345,21456,16800,0.001,tdx_local_catalog
snapshot-20260806T091453459470Z,2026-08-06,161028.XSHE,新能源车LOF,XSHE,0,161028,sz161028,lof,399976,0,speclofdata.txt,catalog,available,True,True,True,True,True,2021-01-18,2026-08-06,2024-10-08 09:35,2026-08-06 15:00,2026-04-27 09:31,2026-08-06 15:00,1345,21456,16800,0.001,tdx_local_catalog
snapshot-20260806T091453459470Z,2026-08-06,161029.XSHE,银行龙头LOF,XSHE,0,161029,sz161029,lof,399986,0,speclofdata.txt,catalog,available,True,True,True,True,True,2019-06-17,2026-08-06,2024-10-08 09:35,2026-08-06 15:00,2026-04-27 09:31,2026-08-06 15:00,1687,21408,16560,0.001,tdx_local_catalog
snapshot-20260806T091453459470Z,2026-08-06,161030.XSHE,体育LOF,XSHE,0,161030,sz161030,lof,399804,0,speclofdata.txt,catalog,available,True,True,True,True,True,2021-01-19,2026-08-06,2024-10-08 09:35,2026-08-06 15:00,2026-04-27 09:31,2026-08-06 15:00,1343,21456,16800,0.001,tdx_local_catalog
snapshot-20260806T091453459470Z,2026-08-06,161031.XSHE,工业40LOF,XSHE,0,161031,sz161031,lof,399803,0,speclofdata.txt,catalog,available,True,True,True,True,True,2021-01-19,2026-08-06,2024-10-08 09:35,2026-08-06 15:00,2026-04-27 09:31,2026-08-06 15:00,1336,21456,16800,0.001,tdx_local_catalog
snapshot-20260806T091453459470Z,2026-08-06,161032.XSHE,煤炭龙头LOF,XSHE,0,161032,sz161032,lof,399998,0,speclofdata.txt,catalog,available,True,True,True,True,True,2021-01-18,2026-08-06,2024-10-08 09:35,2026-08-06 15:00,2026-04-27 09:31,2026-08-06 15:00,1343,21360,16800,0.001,tdx_local_catalog
snapshot-20260806T091453459470Z,2026-08-06,161033.XSHE,智能汽车LOF,XSHE,0,161033,sz161033,lof,930721,62,speclofdata.txt,catalog,available,True,True,True,True,True,2016-02-29,2026-08-06,2024-10-08 09:35,2026-08-06 15:00,2026-04-27 09:31,2026-08-06 15:00,2538,21456,16800,0.001,tdx_local_catalog
snapshot-20260806T091453459470Z,2026-08-06,161035.XSHE,医药增强LOF,XSHE,0,161035,sz161035,lof,930791,62,speclofdata.txt,catalog,available,True,True,True,True,True,2016-11-25,2026-08-06,2024-10-08 09:35,2026-08-06 15:00,2026-04-27 09:31,2026-08-06 15:00,2311,21408,16800,0.001,tdx_local_catalog
snapshot-20260806T091453459470Z,2026-08-06,161036.XSHE,娱乐增强LOF,XSHE,0,161036,sz161036,lof,930790,62,speclofdata.txt,catalog,available,True,True,True,True,True,2017-03-24,2026-08-06,2024-10-08 09:35,2026-08-06 15:00,2026-04-27 09:31,2026-08-06 15:00,2121,20640,16800,0.001,tdx_local_catalog
snapshot-20260806T091453459470Z,2026-08-06,161037.XSHE,高端制造LOF,XSHE,0,161037,sz161037,lof,930820,62,speclofdata.txt,catalog,available,True,True,True,True,True,2017-05-11,2026-08-06,2024-10-08 09:35,2026-08-06 15:00,2026-04-27 09:31,2026-08-06 15:00,2191,21456,16800,0.001,tdx_local_catalog
snapshot-20260806T091453459470Z,2026-08-06,161038.XSHE,成长LOF,XSHE,0,161038,sz161038,lof,000891,1,speclofdata.txt,catalog,available,True,True,True,True,True,2017-08-18,2026-08-06,2024-10-08 09:35,2026-08-06 15:00,2026-04-27 09:31,2026-08-06 15:00,1484,18960,16800,0.001,tdx_local_catalog
snapshot-20260806T091453459470Z,2026-08-06,161039.XSHE,1000增强LOF,XSHE,0,161039,sz161039,lof,000852,1,speclofdata.txt,catalog,available,True,True,True,True,True,2018-06-20,2026-08-06,2024-10-08 09:35,2026-08-06 15:00,2026-04-27 09:31,2026-08-06 15:00,1926,21408,16800,0.001,tdx_local_catalog
snapshot-20260806T091453459470Z,2026-08-06,161040.XSHE,创业富国定开,XSHE,0,161040,sz161040,lof,399006,0,speclofdata.txt,catalog,available,True,True,True,True,True,2021-01-28,2026-08-06,2024-10-08 09:35,2026-08-06 15:00,2026-04-27 09:31,2026-08-06 15:00,1319,21264,16800,0.001,tdx_local_catalog
snapshot-20260806T091453459470Z,2026-08-06,161115.XSHE,易基岁丰添利LOF,XSHE,0,161115,sz161115,lof,,,speclofdata.txt,catalog,available,True,True,True,True,True,2010-11-01,2026-08-06,2024-10-08 09:35,2026-08-06 15:00,2026-04-27 09:31,2026-08-06 15:00,3245,21456,16800,0.001,tdx_local_catalog
snapshot-20260806T091453459470Z,2026-08-06,161116.XSHE,黄金主题LOF,XSHE,0,161116,sz161116,lof,,,speclofdata.txt,catalog,available,True,True,True,True,True,2011-04-01,2026-08-06,2024-10-08 09:35,2026-08-06 15:00,2026-04-27 09:31,2026-08-06 15:00,3630,21456,16800,0.001,tdx_local_catalog
snapshot-20260806T091453459470Z,2026-08-06,161117.XSHE,易基永旭添利定开,XSHE,0,161117,sz161117,lof,,,speclofdata.txt,catalog,available,True,True,True,True,True,2012-07-19,2026-08-06,2024-10-08 09:35,2026-08-06 15:00,2026-04-27 09:31,2026-08-06 15:00,2465,21168,16560,0.001,tdx_local_catalog
snapshot-20260806T091453459470Z,2026-08-06,161118.XSHE,中小企业100LOF,XSHE,0,161118,sz161118,lof,399005,0,speclofdata.txt,catalog,available,True,True,True,True,True,2019-10-09,2026-08-06,2024-10-08 09:35,2026-08-06 15:00,2026-04-27 09:31,2026-08-06 15:00,1610,20928,16560,0.001,tdx_local_catalog
snapshot-20260806T091453459470Z,2026-08-06,161119.XSHE,易方达新综债LOF,XSHE,0,161119,sz161119,lof,CBA00101,0,speclofdata.txt,catalog,available,True,True,True,True,True,2013-01-09,2026-08-06,2024-10-08 09:35,2026-08-06 15:00,2026-04-27 09:31,2026-08-06 15:00,2536,21456,16800,0.001,tdx_local_catalog
snapshot-20260806T091453459470Z,2026-08-06,161121.XSHE,银行LOF易方达,XSHE,0,161121,sz161121,lof,399986,0,speclofdata.txt,catalog,available,True,True,True,True,True,2020-08-18,2026-08-06,2024-10-08 09:35,2026-08-06 15:00,2026-04-27 09:31,2026-08-06 15:00,1443,21456,16800,0.001,tdx_local_catalog
snapshot-20260806T091453459470Z,2026-08-06,161122.XSHE,生物科技LOF,XSHE,0,161122,sz161122,lof,399993,0,speclofdata.txt,catalog,available,True,True,True,True,True,2020-12-15,2026-08-06,2024-10-08 09:35,2026-08-06 15:00,2026-04-27 09:31,2026-08-06 15:00,1366,21456,16800,0.001,tdx_local_catalog
snapshot-20260806T091453459470Z,2026-08-06,161123.XSHE,并购重组LOF,XSHE,0,161123,sz161123,lof,399992,0,speclofdata.txt,catalog,available,True,True,True,True,True,2021-01-12,2026-08-06,2024-10-08 09:35,2026-08-06 15:00,2026-04-27 09:31,2026-08-06 15:00,1309,21456,16800,0.001,tdx_local_catalog
snapshot-20260806T091453459470Z,2026-08-06,161124.XSHE,港股小盘LOF,XSHE,0,161124,sz161124,lof,HZ5028,27,speclofdata.txt,catalog,available,True,True,True,True,True,2016-11-10,2026-08-06,2024-10-08 09:35,2026-08-06 15:00,2026-04-27 09:31,2026-08-06 15:00,2099,21456,16800,0.001,tdx_local_catalog
snapshot-20260806T091453459470Z,2026-08-06,161125.XSHE,标普500LOF,XSHE,0,161125,sz161125,lof,A_SPX,12,speclofdata.txt,catalog,available,True,True,True,True,True,2016-12-14,2026-08-06,2024-10-08 09:35,2026-08-06 15:00,2026-04-27 09:31,2026-08-06 15:00,2339,21456,16800,0.001,tdx_local_catalog
snapshot-20260806T091453459470Z,2026-08-06,161126.XSHE,标普医疗保健LOF,XSHE,0,161126,sz161126,lof,SP50035,12,speclofdata.txt,catalog,available,True,True,True,True,True,2016-12-14,2026-08-06,2024-10-08 09:35,2026-08-06 15:00,2026-04-27 09:31,2026-08-06 15:00,2298,21456,16800,0.001,tdx_local_catalog
snapshot-20260806T091453459470Z,2026-08-06,161127.XSHE,标普生物科技LOF,XSHE,0,161127,sz161127,lof,SPSIBI,12,speclofdata.txt,catalog,available,True,True,True,True,True,2016-12-27,2026-08-06,2024-10-08 09:35,2026-08-06 15:00,2026-04-27 09:31,2026-08-06 15:00,2331,21456,16800,0.001,tdx_local_catalog
snapshot-20260806T091453459470Z,2026-08-06,161128.XSHE,标普信息科技LOF,XSHE,0,161128,sz161128,lof,SBI,12,speclofdata.txt,catalog,available,True,True,True,True,True,2016-12-27,2026-08-06,2024-10-08 09:35,2026-08-06 15:00,2026-04-27 09:31,2026-08-06 15:00,2323,21456,16800,0.001,tdx_local_catalog
snapshot-20260806T091453459470Z,2026-08-06,161129.XSHE,原油LOF易方达,XSHE,0,161129,sz161129,lof,,,speclofdata.txt,catalog,available,True,True,True,True,True,2017-02-15,2026-08-06,2024-10-08 09:35,2026-08-06 15:00,2026-04-27 09:31,2026-08-06 15:00,2300,21456,16800,0.001,tdx_local_catalog
snapshot-20260806T091453459470Z,2026-08-06,161130.XSHE,纳斯达克100LOF,XSHE,0,161130,sz161130,lof,NDX,12,speclofdata.txt,catalog,available,True,True,True,True,True,2017-07-14,2026-08-06,2024-10-08 09:35,2026-08-06 15:00,2026-04-27 09:31,2026-08-06 15:00,2138,21456,16800,0.001,tdx_local_catalog
snapshot-20260806T091453459470Z,2026-08-06,161131.XSHE,易方达科润LOF,XSHE,0,161131,sz161131,lof,000300,1,speclofdata.txt,catalog,available,True,True,True,True,True,2019-03-29,2026-08-06,2024-10-08 09:35,2026-08-06 15:00,2026-04-27 09:31,2026-08-06 15:00,1749,21216,16800,0.001,tdx_local_catalog
snapshot-20260806T091453459470Z,2026-08-06,161132.XSHE,易方达科顺定开,XSHE,0,161132,sz161132,lof,000906,1,speclofdata.txt,catalog,available,True,True,True,True,True,2019-01-28,2026-08-06,2024-10-08 09:35,2026-08-06 15:00,2026-04-27 09:31,2026-08-06 15:00,1713,20496,16800,0.001,tdx_local_catalog
snapshot-20260806T091453459470Z,2026-08-06,161133.XSHE,优势回报FOF-LOF,XSHE,0,161133,sz161133,lof,000906,1,speclofdata.txt,catalog,available,True,True,True,True,True,2022-06-22,2026-08-06,2024-10-08 09:35,2026-08-06 15:00,2026-04-27 09:31,2026-08-06 15:00,843,19248,16800,0.001,tdx_local_catalog
snapshot-20260806T091453459470Z,2026-08-06,161216.XSHE,国投双债LOF,XSHE,0,161216,sz161216,lof,,,speclofdata.txt,catalog,available,True,True,True,True,True,2011-02-24,2026-08-06,2024-10-08 09:35,2026-08-06 15:00,2026-04-27 09:31,2026-08-06 15:00,2761,16896,16560,0.001,tdx_local_catalog
snapshot-20260806T091453459470Z,2026-08-06,161217.XSHE,国投资源LOF,XSHE,0,161217,sz161217,lof,000961,62,speclofdata.txt,catalog,available,True,True,True,True,True,2011-06-20,2026-08-06,2024-10-08 09:35,2026-08-06 15:00,2026-04-27 09:31,2026-08-06 15:00,3463,20160,16800,0.001,tdx_local_catalog
snapshot-20260806T091453459470Z,2026-08-06,161219.XSHE,国投新兴产业LOF,XSHE,0,161219,sz161219,lof,000964,62,speclofdata.txt,catalog,available,True,True,True,True,True,2011-11-10,2026-08-06,2024-10-08 09:35,2026-08-06 15:00,2026-04-27 09:31,2026-08-06 15:00,2921,19152,16560,0.001,tdx_local_catalog
snapshot-20260806T091453459470Z,2026-08-06,161222.XSHE,国投瑞利LOF,XSHE,0,161222,sz161222,lof,000300,1,speclofdata.txt,catalog,available,True,True,True,True,True,2015-05-04,2026-08-06,2024-10-08 09:35,2026-08-06 15:00,2026-04-27 09:31,2026-08-06 15:00,2380,20256,16560,0.001,tdx_local_catalog
snapshot-20260806T091453459470Z,2026-08-06,161224.XSHE,国投新丝路LOF,XSHE,0,161224,sz161224,lof,000300,1,speclofdata.txt,catalog,available,True,True,True,True,True,2015-05-06,2026-08-06,2024-10-08 09:35,2026-08-06 15:00,2026-04-27 09:31,2026-08-06 15:00,2480,20496,16560,0.001,tdx_local_catalog
snapshot-20260806T091453459470Z,2026-08-06,161225.XSHE,国投瑞盈LOF,XSHE,0,161225,sz161225,lof,000300,1,speclofdata.txt,catalog,available,True,True,True,True,True,2015-08-14,2026-08-06,2024-10-08 09:35,2026-08-06 15:00,2026-04-27 09:31,2026-08-06 15:00,2211,18816,16800,0.001,tdx_local_catalog
snapshot-20260806T091453459470Z,2026-08-06,161226.XSHE,国投白银LOF,XSHE,0,161226,sz161226,lof,,,speclofdata.txt,catalog,available,True,True,True,True,True,2015-08-17,2026-08-06,2024-10-08 09:35,2026-08-06 15:00,2026-04-27 09:31,2026-08-06 15:00,2663,21360,16800,0.001,tdx_local_catalog
snapshot-20260806T091453459470Z,2026-08-06,161227.XSHE,国投深证100LOF,XSHE,0,161227,sz161227,lof,399330,0,speclofdata.txt,catalog,available,True,True,True,True,True,2015-08-28,2026-08-06,2024-10-08 09:35,2026-08-06 15:00,2026-04-27 09:31,2026-08-06 15:00,2654,21456,16800,0.001,tdx_local_catalog
snapshot-20260806T091453459470Z,2026-08-06,161229.XSHE,国投中国价值LOF,XSHE,0,161229,sz161229,lof,133333,62,speclofdata.txt,catalog,available,True,True,True,True,True,2016-01-04,2026-08-06,2024-10-08 09:35,2026-08-06 15:00,2026-04-27 09:31,2026-08-06 15:00,2230,20544,16800,0.001,tdx_local_catalog
snapshot-20260806T091453459470Z,2026-08-06,161232.XSHE,国投瑞盛LOF,XSHE,0,161232,sz161232,lof,000300,1,speclofdata.txt,catalog,available,True,True,True,True,True,2016-08-19,2026-08-06,2024-10-08 09:35,2026-08-06 15:00,2026-04-27 09:31,2026-08-06 15:00,1940,16272,16080,0.001,tdx_local_catalog
snapshot-20260806T091453459470Z,2026-08-06,161233.XSHE,国投瑞泰LOF,XSHE,0,161233,sz161233,lof,000300,1,speclofdata.txt,catalog,available,True,True,True,True,True,2017-02-27,2026-08-06,2024-10-09 09:35,2026-08-06 15:00,2026-04-27 09:31,2026-08-06 15:00,1208,16368,13920,0.001,tdx_local_catalog
snapshot-20260806T091453459470Z,2026-08-06,161505.XSHE,银河通利债券LOF,XSHE,0,161505,sz161505,lof,,,speclofdata.txt,catalog,available,True,True,True,True,True,2014-05-23,2026-08-06,2024-10-08 09:35,2026-08-06 15:00,2026-04-27 09:31,2026-08-06 15:00,1652,17184,16800,0.001,tdx_local_catalog
snapshot-20260806T091453459470Z,2026-08-06,161607.XSHE,巨潮100LOF,XSHE,0,161607,sz161607,lof,399313,0,speclofdata.txt,catalog,available,True,True,True,True,True,2005-03-10,2026-08-06,2024-10-08 09:35,2026-08-06 15:00,2026-04-27 09:31,2026-08-06 15:00,4881,20352,16560,0.001,tdx_local_catalog
snapshot-20260806T091453459470Z,2026-08-06,161610.XSHE,融通领先成长LOF,XSHE,0,161610,sz161610,lof,000300,1,speclofdata.txt,catalog,available,True,True,True,True,True,2007-06-25,2026-08-06,2024-10-08 09:35,2026-08-06 15:00,2026-04-27 09:31,2026-08-06 15:00,4597,21312,16800,0.001,tdx_local_catalog
snapshot-20260806T091453459470Z,2026-08-06,161614.XSHE,融通四季添利LOF,XSHE,0,161614,sz161614,lof,,,speclofdata.txt,catalog,available,True,True,True,True,True,2012-01-16,2026-08-06,2024-10-08 09:35,2026-08-06 15:00,2026-04-28 09:31,2026-08-06 15:00,2076,11232,5760,0.001,tdx_local_catalog
snapshot-20260806T091453459470Z,2026-08-06,161626.XSHE,融通通福LOF,XSHE,0,161626,sz161626,lof,,,speclofdata.txt,catalog,available,True,True,True,True,True,2017-01-10,2026-08-06,2024-10-08 09:35,2026-08-06 15:00,2026-04-27 09:31,2026-08-06 15:00,753,11232,15360,0.001,tdx_local_catalog
snapshot-20260806T091453459470Z,2026-08-06,161628.XSHE,云计算LOF,XSHE,0,161628,sz161628,lof,930851,62,speclofdata.txt,catalog,placeholder_data,True,False,True,True,True,2026-08-05,2026-08-05,2026-08-05 09:35,2026-08-05 09:35,2026-08-05 09:31,2026-08-05 09:31,1,1,1,0.001,tdx_local_catalog
snapshot-20260806T091453459470Z,2026-08-06,161631.XSHE,人工智能LOF,XSHE,0,161631,sz161631,lof,930713,62,speclofdata.txt,catalog,available,True,True,True,True,True,2017-04-19,2026-08-06,2024-10-08 09:35,2026-08-06 15:00,2026-04-27 09:31,2026-08-06 15:00,2260,21456,16800,0.001,tdx_local_catalog
snapshot-20260806T091453459470Z,2026-08-06,161706.XSHE,招商成长LOF,XSHE,0,161706,sz161706,lof,000300,1,speclofdata.txt,catalog,available,True,True,True,True,True,2005-10-10,2026-08-06,2024-10-08 09:35,2026-08-06 15:00,2026-04-27 09:31,2026-08-06 15:00,4994,21264,16800,0.001,tdx_local_catalog
snapshot-20260806T091453459470Z,2026-08-06,161713.XSHE,招商信用添利LOF,XSHE,0,161713,sz161713,lof,,,speclofdata.txt,catalog,available,True,True,True,True,True,2010-06-01,2026-08-06,2024-10-08 09:35,2026-08-06 15:00,2026-04-27 09:31,2026-08-06 15:00,3666,19104,16800,0.001,tdx_local_catalog
snapshot-20260806T091453459470Z,2026-08-06,161715.XSHE,大宗商品LOF,XSHE,0,161715,sz161715,lof,000979,62,speclofdata.txt,catalog,available,True,True,True,True,True,2017-07-14,2026-08-06,2024-10-08 09:35,2026-08-06 15:00,2026-04-27 09:31,2026-08-06 15:00,2173,21456,16800,0.001,tdx_local_catalog
snapshot-20260806T091453459470Z,2026-08-06,161716.XSHE,招商双债LOF,XSHE,0,161716,sz161716,lof,,,speclofdata.txt,catalog,available,True,True,True,True,True,2015-03-16,2026-08-06,2024-10-08 09:35,2026-08-06 15:00,2026-04-27 09:31,2026-08-06 15:00,2313,21456,16800,0.001,tdx_local_catalog
snapshot-20260806T091453459470Z,2026-08-06,161720.XSHE,证券基金LOF,XSHE,0,161720,sz161720,lof,399975,0,speclofdata.txt,catalog,available,True,True,True,True,True,2021-01-22,2026-08-06,2024-10-08 09:35,2026-08-06 15:00,2026-04-27 09:31,2026-08-06 15:00,1341,21456,16800,0.001,tdx_local_catalog
snapshot-20260806T091453459470Z,2026-08-06,161722.XSHE,招商丰泰LOF,XSHE,0,161722,sz161722,lof,,,speclofdata.txt,catalog,available,True,True,True,True,True,2015-07-22,2026-08-06,2024-10-08 09:35,2026-08-06 15:00,2026-04-27 09:31,2026-08-06 15:00,1570,17472,16800,0.001,tdx_local_catalog
snapshot-20260806T091453459470Z,2026-08-06,161724.XSHE,煤炭等权LOF,XSHE,0,161724,sz161724,lof,399990,0,speclofdata.txt,catalog,available,True,True,True,True,True,2021-01-22,2026-08-06,2024-10-08 09:35,2026-08-06 15:00,2026-04-27 09:31,2026-08-06 15:00,1340,21408,16800,0.001,tdx_local_catalog
snapshot-20260806T091453459470Z,2026-08-06,161725.XSHE,白酒基金LOF,XSHE,0,161725,sz161725,lof,399997,0,speclofdata.txt,catalog,available,True,True,True,True,True,2021-01-15,2026-08-06,2024-10-08 09:35,2026-08-06 15:00,2026-04-27 09:31,2026-08-06 15:00,1346,21456,16800,0.001,tdx_local_catalog
snapshot-20260806T091453459470Z,2026-08-06,161726.XSHE,生物医药LOF,XSHE,0,161726,sz161726,lof,399441,0,speclofdata.txt,catalog,available,True,True,True,True,True,2021-01-22,2026-08-06,2024-10-08 09:35,2026-08-06 15:00,2026-04-27 09:31,2026-08-06 15:00,1341,21456,16800,0.001,tdx_local_catalog
snapshot-20260806T091453459470Z,2026-08-06,161727.XSHE,招商增荣LOF,XSHE,0,161727,sz161727,lof,000906,1,speclofdata.txt,catalog,available,True,True,True,True,True,2016-07-07,2026-08-06,2024-10-08 09:35,2026-08-06 15:00,2026-04-28 09:31,2026-08-06 15:00,1396,14064,11520,0.001,tdx_local_catalog
snapshot-20260806T091453459470Z,2026-08-06,161728.XSHE,招商优选LOF,XSHE,0,161728,sz161728,lof,000300,1,speclofdata.txt,catalog,available,True,True,True,True,True,2019-03-29,2026-08-06,2024-10-08 09:35,2026-08-06 15:00,2026-04-27 09:31,2026-08-06 15:00,1723,21120,16560,0.001,tdx_local_catalog
snapshot-20260806T091453459470Z,2026-08-06,161729.XSHE,招商瑞利LOF,XSHE,0,161729,sz161729,lof,000300,1,speclofdata.txt,catalog,available,True,True,True,True,True,2020-01-15,2026-08-06,2024-10-08 09:35,2026-08-06 15:00,2026-04-27 09:31,2026-08-06 15:00,1498,20016,15840,0.001,tdx_local_catalog
snapshot-20260806T091453459470Z,2026-08-06,161730.XSHE,招商智星FOF-LOF,XSHE,0,161730,sz161730,lof,,,speclofdata.txt,catalog,placeholder_data,True,False,True,True,True,2026-08-05,2026-08-05,2026-08-05 09:35,2026-08-05 09:35,2026-08-05 09:31,2026-08-05 09:31,1,1,1,0.001,tdx_local_catalog
snapshot-20260806T091453459470Z,2026-08-06,161810.XSHE,银华内需LOF,XSHE,0,161810,sz161810,lof,000300,1,speclofdata.txt,catalog,available,True,True,True,True,True,2009-07-06,2026-08-06,2024-10-08 09:35,2026-08-06 15:00,2026-04-27 09:31,2026-08-06 15:00,4085,21456,16800,0.001,tdx_local_catalog
snapshot-20260806T091453459470Z,2026-08-06,161811.XSHE,沪深300LOF银华,XSHE,0,161811,sz161811,lof,000300,1,speclofdata.txt,catalog,available,True,True,True,True,True,2009-09-04,2026-08-06,2024-10-08 09:35,2026-08-06 15:00,2026-04-27 09:31,2026-08-06 15:00,2088,19392,15840,0.001,tdx_local_catalog
snapshot-20260806T091453459470Z,2026-08-06,161812.XSHE,深证100LOF,XSHE,0,161812,sz161812,lof,399330,0,speclofdata.txt,catalog,available,True,True,True,True,True,2010-04-01,2026-08-06,2024-10-08 09:35,2026-08-06 15:00,2026-04-27 09:31,2026-08-06 15:00,1731,21456,16800,0.001,tdx_local_catalog
snapshot-20260806T091453459470Z,2026-08-06,161815.XSHE,抗通胀LOF,XSHE,0,161815,sz161815,lof,,,speclofdata.txt,catalog,available,True,True,True,True,True,2010-11-01,2026-08-06,2024-10-08 09:35,2026-08-06 15:00,2026-04-27 09:31,2026-08-06 15:00,3494,21456,16800,0.001,tdx_local_catalog
snapshot-20260806T091453459470Z,2026-08-06,161816.XSHE,中证90LOF,XSHE,0,161816,sz161816,lof,000971,62,speclofdata.txt,catalog,available,True,True,True,True,True,2011-02-23,2026-08-06,2024-10-08 09:35,2026-08-06 15:00,2026-04-27 09:31,2026-08-06 15:00,1500,21360,16800,0.001,tdx_local_catalog
snapshot-20260806T091453459470Z,2026-08-06,161820.XSHE,银华纯债LOF,XSHE,0,161820,sz161820,lof,,,speclofdata.txt,catalog,available,True,True,True,True,True,2012-09-05,2026-08-06,2024-10-08 09:35,2026-08-06 15:00,2026-04-27 09:31,2026-08-06 15:00,2830,18816,16320,0.001,tdx_local_catalog
snapshot-20260806T091453459470Z,2026-08-06,161831.XSHE,恒生国企LOF,XSHE,0,161831,sz161831,lof,HZ5014,27,speclofdata.txt,catalog,available,True,True,True,True,True,2015-04-13,2026-08-06,2024-10-08 09:35,2026-08-06 15:00,2026-04-27 09:31,2026-08-06 15:00,2724,21456,16800,0.001,tdx_local_catalog
snapshot-20260806T091453459470Z,2026-08-06,161834.XSHE,银华鑫锐LOF,XSHE,0,161834,sz161834,lof,000300,1,speclofdata.txt,catalog,available,True,True,True,True,True,2016-09-23,2026-08-06,2024-10-08 09:35,2026-08-06 15:00,2026-04-27 09:31,2026-08-06 15:00,2313,19344,14160,0.001,tdx_local_catalog
snapshot-20260806T091453459470Z,2026-08-06,161837.XSHE,银华大盘定开,XSHE,0,161837,sz161837,lof,000300,1,speclofdata.txt,catalog,available,True,True,True,True,True,2020-05-21,2026-08-06,2024-10-08 09:35,2026-08-06 15:00,2026-04-27 09:31,2026-08-06 15:00,1437,20304,16080,0.001,tdx_local_catalog
snapshot-20260806T091453459470Z,2026-08-06,161903.XSHE,万家行业优选LOF,XSHE,0,161903,sz161903,lof,000300,1,speclofdata.txt,catalog,available,True,True,True,True,True,2005-05-26,2026-08-06,2024-10-08 09:35,2026-08-06 15:00,2026-04-27 09:31,2026-08-06 15:00,5021,21456,16800,0.001,tdx_local_catalog
snapshot-20260806T091453459470Z,2026-08-06,161908.XSHE,万家添利LOF,XSHE,0,161908,sz161908,lof,,,speclofdata.txt,catalog,available,True,True,True,True,True,2014-06-16,2026-08-06,2024-10-08 09:35,2026-08-06 15:00,2026-04-28 09:31,2026-08-06 15:00,1386,12144,7920,0.001,tdx_local_catalog
snapshot-20260806T091453459470Z,2026-08-06,161912.XSHE,社会责任定开,XSHE,0,161912,sz161912,lof,000300,1,speclofdata.txt,catalog,available,True,True,True,True,True,2019-06-14,2026-08-06,2024-10-08 09:35,2026-08-06 15:00,2026-04-27 09:31,2026-08-06 15:00,1735,21456,16800,0.001,tdx_local_catalog
snapshot-20260806T091453459470Z,2026-08-06,161914.XSHE,创业板2年定开,XSHE,0,161914,sz161914,lof,399102,0,speclofdata.txt,catalog,available,True,True,True,True,True,2021-03-01,2026-08-06,2024-10-08 09:35,2026-08-06 15:00,2026-04-27 09:31,2026-08-06 15:00,1319,21456,16800,0.001,tdx_local_catalog
snapshot-20260806T091453459470Z,2026-08-06,162006.XSHE,长城久富LOF,XSHE,0,162006,sz162006,lof,000300,1,speclofdata.txt,catalog,available,True,True,True,True,True,2007-03-05,2026-08-06,2024-10-08 09:35,2026-08-06 15:00,2026-04-27 09:31,2026-08-06 15:00,4617,21456,16800,0.001,tdx_local_catalog
snapshot-20260806T091453459470Z,2026-08-06,162105.XSHE,金鹰持久增利LOF,XSHE,0,162105,sz162105,lof,,,speclofdata.txt,catalog,available,True,True,True,True,True,2015-03-20,2026-08-06,2024-10-08 09:35,2026-08-06 15:00,2026-04-28 09:31,2026-08-06 15:00,1423,10704,8400,0.001,tdx_local_catalog
snapshot-20260806T091453459470Z,2026-08-06,162107.XSHE,金鹰先进制造,XSHE,0,162107,sz162107,lof,930599,62,speclofdata.txt,catalog,placeholder_data,True,False,True,True,True,2026-08-05,2026-08-05,2026-08-05 09:35,2026-08-05 09:35,2026-08-05 09:31,2026-08-05 09:31,1,1,1,0.001,tdx_local_catalog
snapshot-20260806T091453459470Z,2026-08-06,162108.XSHE,金鹰元盛债券LOF,XSHE,0,162108,sz162108,lof,,,speclofdata.txt,catalog,available,True,True,True,True,True,2015-05-20,2026-08-06,2024-10-08 09:35,2026-08-06 15:00,2026-04-27 09:31,2026-08-06 15:00,1723,14064,6720,0.001,tdx_local_catalog
snapshot-20260806T091453459470Z,2026-08-06,162207.XSHE,宏利效率混合LOF,XSHE,0,162207,sz162207,lof,000300,1,speclofdata.txt,catalog,available,True,True,True,True,True,2006-03-30,2026-08-06,2024-10-08 09:35,2026-08-06 15:00,2026-04-27 09:31,2026-08-06 15:00,4709,20784,16560,0.001,tdx_local_catalog
snapshot-20260806T091453459470Z,2026-08-06,162215.XSHE,宏利聚利债券LOF,XSHE,0,162215,sz162215,lof,,,speclofdata.txt,catalog,available,True,True,True,True,True,2011-04-06,2026-08-06,2024-10-08 09:35,2026-08-06 15:00,2026-04-27 09:31,2026-08-06 15:00,1253,15552,16560,0.001,tdx_local_catalog
snapshot-20260806T091453459470Z,2026-08-06,162216.XSHE,宏利500增强LOF,XSHE,0,162216,sz162216,lof,000905,1,speclofdata.txt,catalog,available,True,True,True,True,True,2011-10-24,2026-08-06,2024-10-08 09:35,2026-08-06 15:00,2026-04-27 09:31,2026-08-06 15:00,1465,20016,16800,0.001,tdx_local_catalog
snapshot-20260806T091453459470Z,2026-08-06,162307.XSHE,海富通A100LOF,XSHE,0,162307,sz162307,lof,000903,1,speclofdata.txt,catalog,available,True,True,True,True,True,2009-09-08,2026-08-06,2024-10-08 09:35,2026-08-06 15:00,2026-04-28 09:31,2026-08-06 15:00,3410,16224,13200,0.001,tdx_local_catalog
snapshot-20260806T091453459470Z,2026-08-06,162411.XSHE,华宝油气LOF,XSHE,0,162411,sz162411,lof,SPSIOPTR,12,speclofdata.txt,catalog,available,True,True,True,True,True,2011-09-05,2026-08-06,2024-10-08 09:35,2026-08-06 15:00,2026-04-27 09:31,2026-08-06 15:00,3337,21456,16800,0.001,tdx_local_catalog
snapshot-20260806T091453459470Z,2026-08-06,162412.XSHE,医疗基金LOF,XSHE,0,162412,sz162412,lof,399989,0,speclofdata.txt,catalog,available,True,True,True,True,True,2021-02-26,2026-08-06,2024-10-08 09:35,2026-08-06 15:00,2026-04-27 09:31,2026-08-06 15:00,1321,21456,16800,0.001,tdx_local_catalog
snapshot-20260806T091453459470Z,2026-08-06,162414.XSHE,新机遇LOF,XSHE,0,162414,sz162414,lof,,,speclofdata.txt,catalog,available,True,True,True,True,True,2015-07-01,2026-08-06,2024-10-08 09:35,2026-08-06 15:00,2026-04-27 09:31,2026-08-06 15:00,1489,15312,12240,0.001,tdx_local_catalog
snapshot-20260806T091453459470Z,2026-08-06,162415.XSHE,美国消费LOF,XSHE,0,162415,sz162415,lof,SPCDSSI,12,speclofdata.txt,catalog,available,True,True,True,True,True,2016-04-06,2026-08-06,2024-10-08 09:35,2026-08-06 15:00,2026-04-27 09:31,2026-08-06 15:00,2508,21456,16800,0.001,tdx_local_catalog
snapshot-20260806T091453459470Z,2026-08-06,162509.XSHE,中证A100LOF,XSHE,0,162509,sz162509,lof,000903,1,speclofdata.txt,catalog,available,True,True,True,True,True,2010-03-18,2026-08-06,2024-10-08 09:35,2026-08-06 15:00,2026-04-27 09:31,2026-08-06 15:00,1653,20736,16560,0.001,tdx_local_catalog
snapshot-20260806T091453459470Z,2026-08-06,162511.XSHE,国联安双佳,XSHE,0,162511,sz162511,lof,,,speclofdata.txt,catalog,placeholder_data,True,False,True,True,True,2026-08-05,2026-08-05,2026-08-05 09:35,2026-08-05 09:35,2026-08-05 09:31,2026-08-05 09:31,1,1,1,0.001,tdx_local_catalog
snapshot-20260806T091453459470Z,2026-08-06,162605.XSHE,景顺鼎益LOF,XSHE,0,162605,sz162605,lof,000300,1,speclofdata.txt,catalog,available,True,True,True,True,True,2005-01-20,2026-08-06,2024-10-08 09:35,2026-08-06 15:00,2026-04-27 09:31,2026-08-06 15:00,5162,21456,16800,0.001,tdx_local_catalog
snapshot-20260806T091453459470Z,2026-08-06,162607.XSHE,景顺资源LOF,XSHE,0,162607,sz162607,lof,000300,1,speclofdata.txt,catalog,available,True,True,True,True,True,2005-12-19,2026-08-06,2024-10-08 09:35,2026-08-06 15:00,2026-04-27 09:31,2026-08-06 15:00,4962,21456,16800,0.001,tdx_local_catalog
snapshot-20260806T091453459470Z,2026-08-06,162703.XSHE,广发小盘LOF,XSHE,0,162703,sz162703,lof,,,speclofdata.txt,catalog,available,True,True,True,True,True,2004-12-20,2026-08-06,2024-10-08 09:35,2026-08-06 15:00,2026-04-27 09:31,2026-08-06 15:00,5194,21456,16800,0.001,tdx_local_catalog
snapshot-20260806T091453459470Z,2026-08-06,162711.XSHE,中证500LOF,XSHE,0,162711,sz162711,lof,000905,1,speclofdata.txt,catalog,available,True,True,True,True,True,2009-10-22,2026-08-06,2024-10-08 09:35,2026-08-06 15:00,2026-04-27 09:31,2026-08-06 15:00,3978,21408,16800,0.001,tdx_local_catalog
snapshot-20260806T091453459470Z,2026-08-06,162712.XSHE,广发聚利LOF,XSHE,0,162712,sz162712,lof,,,speclofdata.txt,catalog,available,True,True,True,True,True,2011-07-04,2026-08-06,2024-10-08 09:35,2026-08-06 15:00,2026-04-28 09:31,2026-08-06 15:00,3019,18480,10800,0.001,tdx_local_catalog
snapshot-20260806T091453459470Z,2026-08-06,162715.XSHE,广发聚源LOF,XSHE,0,162715,sz162715,lof,,,speclofdata.txt,catalog,available,True,True,True,True,True,2013-07-10,2026-08-06,2024-10-08 09:35,2026-08-06 15:00,2026-04-27 09:31,2026-08-06 15:00,2151,20784,15120,0.001,tdx_local_catalog
snapshot-20260806T091453459470Z,2026-08-06,162719.XSHE,石油LOF,XSHE,0,162719,sz162719,lof,SOEPI,12,speclofdata.txt,catalog,available,True,True,True,True,True,2017-03-17,2026-08-06,2024-10-08 09:35,2026-08-06 15:00,2026-04-27 09:31,2026-08-06 15:00,2273,21456,16800,0.001,tdx_local_catalog
snapshot-20260806T091453459470Z,2026-08-06,162720.XSHE,广发创业板定开,XSHE,0,162720,sz162720,lof,399006,0,speclofdata.txt,catalog,available,True,True,True,True,True,2021-03-25,2026-08-06,2024-10-08 09:35,2026-08-06 15:00,2026-04-27 09:31,2026-08-06 15:00,1302,21456,16800,0.001,tdx_local_catalog
snapshot-20260806T091453459470Z,2026-08-06,162721.XSHE,广发积极FOF-LOF,XSHE,0,162721,sz162721,lof,000906,1,speclofdata.txt,catalog,available,True,True,True,True,True,2022-08-09,2026-08-06,2024-10-08 09:35,2026-08-06 15:00,2026-04-27 09:31,2026-08-06 15:00,699,18384,15840,0.001,tdx_local_catalog
snapshot-20260806T091453459470Z,2026-08-06,163001.XSHE,长信医疗LOF,XSHE,0,163001,sz163001,lof,399927,0,speclofdata.txt,catalog,available,True,True,True,True,True,2004-03-22,2026-08-06,2024-10-08 09:35,2026-08-06 15:00,2026-04-27 09:31,2026-08-06 15:00,4053,21072,16560,0.001,tdx_local_catalog
snapshot-20260806T091453459470Z,2026-08-06,163003.XSHE,长信利鑫LOF,XSHE,0,163003,sz163003,lof,,,speclofdata.txt,catalog,available,True,True,True,True,True,2016-07-22,2026-08-06,2024-10-08 09:35,2026-08-06 15:00,2026-04-27 09:31,2026-08-06 15:00,1145,14448,15120,0.001,tdx_local_catalog
snapshot-20260806T091453459470Z,2026-08-06,163005.XSHE,长信利众LOF,XSHE,0,163005,sz163005,lof,,,speclofdata.txt,catalog,available,True,True,True,True,True,2016-03-16,2026-08-06,2024-10-08 09:35,2026-08-06 15:00,2026-04-28 09:31,2026-08-06 15:00,1039,11520,9360,0.001,tdx_local_catalog
snapshot-20260806T091453459470Z,2026-08-06,163109.XSHE,申万深成LOF,XSHE,0,163109,sz163109,lof,399001,0,speclofdata.txt,catalog,available,True,True,True,True,True,2010-09-13,2026-08-06,2024-10-08 09:35,2026-08-06 15:00,2026-04-27 09:31,2026-08-06 15:00,1624,21456,16800,0.001,tdx_local_catalog
snapshot-20260806T091453459470Z,2026-08-06,163110.XSHE,申万量化LOF,XSHE,0,163110,sz163110,lof,000852,1,speclofdata.txt,catalog,available,True,True,True,True,True,2011-05-16,2026-08-06,2024-10-08 09:35,2026-08-06 15:00,2026-04-27 09:31,2026-08-06 15:00,3198,21456,16800,0.001,tdx_local_catalog
snapshot-20260806T091453459470Z,2026-08-06,163111.XSHE,申万中小LOF,XSHE,0,163111,sz163111,lof,399005,0,speclofdata.txt,catalog,available,True,True,True,True,True,2017-05-26,2026-08-06,2024-10-08 09:35,2026-08-06 15:00,2026-04-27 09:31,2026-08-06 15:00,2178,20976,16800,0.001,tdx_local_catalog
snapshot-20260806T091453459470Z,2026-08-06,163113.XSHE,申万证券LOF,XSHE,0,163113,sz163113,lof,399707,0,speclofdata.txt,catalog,available,True,True,True,True,True,2021-01-25,2026-08-06,2024-10-08 09:35,2026-08-06 15:00,2026-04-27 09:31,2026-08-06 15:00,1340,21456,16800,0.001,tdx_local_catalog
snapshot-20260806T091453459470Z,2026-08-06,163114.XSHE,申万环保LOF,XSHE,0,163114,sz163114,lof,000827,1,speclofdata.txt,catalog,available,True,True,True,True,True,2020-11-09,2026-08-06,2024-10-08 09:35,2026-08-06 15:00,2026-04-27 09:31,2026-08-06 15:00,1394,21456,16800,0.001,tdx_local_catalog
snapshot-20260806T091453459470Z,2026-08-06,163115.XSHE,申万军工LOF,XSHE,0,163115,sz163115,lof,399967,0,speclofdata.txt,catalog,available,True,True,True,True,True,2021-01-25,2026-08-06,2024-10-08 09:35,2026-08-06 15:00,2026-04-27 09:31,2026-08-06 15:00,1337,21456,16800,0.001,tdx_local_catalog
snapshot-20260806T091453459470Z,2026-08-06,163116.XSHE,申万电子LOF,XSHE,0,163116,sz163116,lof,399811,0,speclofdata.txt,catalog,available,True,True,True,True,True,2020-11-23,2026-08-06,2024-10-08 09:35,2026-08-06 15:00,2026-04-27 09:31,2026-08-06 15:00,1324,21264,16800,0.001,tdx_local_catalog
snapshot-20260806T091453459470Z,2026-08-06,163118.XSHE,医药生物LOF,XSHE,0,163118,sz163118,lof,000808,62,speclofdata.txt,catalog,available,True,True,True,True,True,2021-01-25,2026-08-06,2024-10-08 09:35,2026-08-06 15:00,2026-04-27 09:31,2026-08-06 15:00,1339,21456,16800,0.001,tdx_local_catalog
snapshot-20260806T091453459470Z,2026-08-06,163208.XSHE,全球油气能源LOF,XSHE,0,163208,sz163208,lof,,,speclofdata.txt,catalog,available,True,True,True,True,True,2011-08-29,2026-08-06,2024-10-08 09:35,2026-08-06 15:00,2026-04-27 09:31,2026-08-06 15:00,2771,21456,16800,0.001,tdx_local_catalog
snapshot-20260806T091453459470Z,2026-08-06,163209.XSHE,创业板增强LOF,XSHE,0,163209,sz163209,lof,399006,0,speclofdata.txt,catalog,placeholder_data,True,False,True,True,True,2026-08-05,2026-08-05,2026-08-05 09:35,2026-08-05 09:35,2026-08-05 09:31,2026-08-05 09:31,1,1,1,0.001,tdx_local_catalog
snapshot-20260806T091453459470Z,2026-08-06,163302.XSHE,大摩资源LOF,XSHE,0,163302,sz163302,lof,000300,1,speclofdata.txt,catalog,available,True,True,True,True,True,2005-08-08,2026-08-06,2024-10-08 09:35,2026-08-06 15:00,2026-04-27 09:31,2026-08-06 15:00,4982,20688,16560,0.001,tdx_local_catalog
snapshot-20260806T091453459470Z,2026-08-06,163402.XSHE,兴全趋势LOF,XSHE,0,163402,sz163402,lof,000300,1,speclofdata.txt,catalog,available,True,True,True,True,True,2005-09-19,2026-08-06,2024-10-08 09:35,2026-08-06 15:00,2026-04-27 09:31,2026-08-06 15:00,5016,21456,16800,0.001,tdx_local_catalog
snapshot-20260806T091453459470Z,2026-08-06,163406.XSHE,兴全合润LOF,XSHE,0,163406,sz163406,lof,000300,1,speclofdata.txt,catalog,available,True,True,True,True,True,2021-01-28,2026-08-06,2024-10-08 09:35,2026-08-06 15:00,2026-04-27 09:31,2026-08-06 15:00,1337,21456,16800,0.001,tdx_local_catalog
snapshot-20260806T091453459470Z,2026-08-06,163407.XSHE,兴全沪深300LOF,XSHE,0,163407,sz163407,lof,000300,1,speclofdata.txt,catalog,available,True,True,True,True,True,2010-10-12,2026-08-06,2024-10-08 09:35,2026-08-06 15:00,2026-04-27 09:31,2026-08-06 15:00,3528,21456,16800,0.001,tdx_local_catalog
snapshot-20260806T091453459470Z,2026-08-06,163409.XSHE,兴全绿色LOF,XSHE,0,163409,sz163409,lof,,,speclofdata.txt,catalog,available,True,True,True,True,True,2011-04-06,2026-08-06,2024-10-08 09:35,2026-08-06 15:00,2026-04-27 09:31,2026-08-06 15:00,3589,21456,16800,0.001,tdx_local_catalog
snapshot-20260806T091453459470Z,2026-08-06,163412.XSHE,兴全轻资产LOF,XSHE,0,163412,sz163412,lof,000300,1,speclofdata.txt,catalog,available,True,True,True,True,True,2012-05-31,2026-08-06,2024-10-08 09:35,2026-08-06 15:00,2026-04-27 09:31,2026-08-06 15:00,3441,21456,16800,0.001,tdx_local_catalog
snapshot-20260806T091453459470Z,2026-08-06,163415.XSHE,兴全商业模式LOF,XSHE,0,163415,sz163415,lof,000300,1,speclofdata.txt,catalog,available,True,True,True,True,True,2013-02-01,2026-08-06,2024-10-08 09:35,2026-08-06 15:00,2026-04-27 09:31,2026-08-06 15:00,3086,21456,16800,0.001,tdx_local_catalog
snapshot-20260806T091453459470Z,2026-08-06,163417.XSHE,兴全合宜LOF,XSHE,0,163417,sz163417,lof,000300,1,speclofdata.txt,catalog,available,True,True,True,True,True,2018-04-23,2026-08-06,2024-10-08 09:35,2026-08-06 15:00,2026-04-27 09:31,2026-08-06 15:00,2013,21456,16800,0.001,tdx_local_catalog
snapshot-20260806T091453459470Z,2026-08-06,163418.XSHE,兴全合兴LOF,XSHE,0,163418,sz163418,lof,000300,1,speclofdata.txt,catalog,available,True,True,True,True,True,2021-04-15,2026-08-06,2024-10-08 09:35,2026-08-06 15:00,2026-04-27 09:31,2026-08-06 15:00,1288,21456,16800,0.001,tdx_local_catalog
snapshot-20260806T091453459470Z,2026-08-06,163503.XSHE,天治核心LOF,XSHE,0,163503,sz163503,lof,,,speclofdata.txt,catalog,available,True,True,True,True,True,2005-11-21,2026-08-06,2024-10-08 09:35,2026-08-06 15:00,2026-04-27 09:31,2026-08-06 15:00,4980,21456,16800,0.001,tdx_local_catalog
snapshot-20260806T091453459470Z,2026-08-06,163801.XSHE,中银中国LOF,XSHE,0,163801,sz163801,lof,000300,1,speclofdata.txt,catalog,available,True,True,True,True,True,2004-11-18,2026-08-06,2024-10-08 09:35,2026-08-06 15:00,2026-04-27 09:31,2026-08-06 15:00,5239,21408,16800,0.001,tdx_local_catalog
snapshot-20260806T091453459470Z,2026-08-06,163819.XSHE,中银信用增利LOF,XSHE,0,163819,sz163819,lof,,,speclofdata.txt,catalog,available,True,True,True,True,True,2012-07-18,2026-08-06,2024-10-08 09:35,2026-08-06 15:00,2026-04-27 09:31,2026-08-06 15:00,1904,10368,12720,0.001,tdx_local_catalog
snapshot-20260806T091453459470Z,2026-08-06,163821.XSHE,沪深300等权LOF,XSHE,0,163821,sz163821,lof,000984,62,speclofdata.txt,catalog,available,True,True,True,True,True,2012-07-13,2026-08-06,2024-10-08 09:35,2026-08-06 15:00,2026-04-27 09:31,2026-08-06 15:00,2367,17904,11760,0.001,tdx_local_catalog
snapshot-20260806T091453459470Z,2026-08-06,163907.XSHE,中海惠裕LOF,XSHE,0,163907,sz163907,lof,H11001,62,speclofdata.txt,catalog,available,True,True,True,True,True,2016-03-03,2026-08-06,2024-10-08 09:35,2026-08-06 15:00,2026-04-27 09:31,2026-08-06 15:00,1234,15360,12240,0.001,tdx_local_catalog
snapshot-20260806T091453459470Z,2026-08-06,164105.XSHE,华富强债LOF,XSHE,0,164105,sz164105,lof,,,speclofdata.txt,catalog,available,True,True,True,True,True,2010-09-01,2026-08-06,2024-10-08 09:35,2026-08-06 15:00,2026-04-27 09:31,2026-08-06 15:00,2298,11232,9840,0.001,tdx_local_catalog
snapshot-20260806T091453459470Z,2026-08-06,164206.XSHE,天弘添利LOF,XSHE,0,164206,sz164206,lof,,,speclofdata.txt,catalog,available,True,True,True,True,True,2015-12-16,2026-08-06,2024-10-08 09:35,2026-08-06 15:00,2026-04-27 09:31,2026-08-06 15:00,2281,21264,15840,0.001,tdx_local_catalog
snapshot-20260806T091453459470Z,2026-08-06,164208.XSHE,天弘丰利LOF,XSHE,0,164208,sz164208,lof,,,speclofdata.txt,catalog,available,True,True,True,True,True,2014-12-03,2026-08-06,2024-10-08 09:35,2026-08-06 15:00,2026-04-30 09:31,2026-08-06 15:00,1692,9792,5280,0.001,tdx_local_catalog
snapshot-20260806T091453459470Z,2026-08-06,164210.XSHE,天弘同利LOF,XSHE,0,164210,sz164210,lof,,,speclofdata.txt,catalog,available,True,True,True,True,True,2016-09-30,2026-08-06,2024-10-08 09:35,2026-08-06 15:00,2026-04-27 09:31,2026-08-06 15:00,1383,11424,8160,0.001,tdx_local_catalog
snapshot-20260806T091453459470Z,2026-08-06,164212.XSHE,全球新能源车LOF,XSHE,0,164212,sz164212,lof,,,speclofdata.txt,catalog,placeholder_data,True,False,True,True,True,2026-08-05,2026-08-05,2026-08-05 09:35,2026-08-05 09:35,2026-08-05 09:31,2026-08-05 09:31,1,1,1,0.001,tdx_local_catalog
snapshot-20260806T091453459470Z,2026-08-06,164403.XSHE,农业精选LOF,XSHE,0,164403,sz164403,lof,399814,0,speclofdata.txt,catalog,available,True,True,True,True,True,2016-08-15,2026-08-06,2024-10-08 09:35,2026-08-06 15:00,2026-04-27 09:31,2026-08-06 15:00,2349,21456,16800,0.001,tdx_local_catalog
snapshot-20260806T091453459470Z,2026-08-06,164508.XSHE,国富中证A100LOF,XSHE,0,164508,sz164508,lof,000903,1,speclofdata.txt,catalog,available,True,True,True,True,True,2020-04-22,2026-08-06,2024-10-08 09:35,2026-08-06 15:00,2026-04-27 09:31,2026-08-06 15:00,1171,18000,16080,0.001,tdx_local_catalog
snapshot-20260806T091453459470Z,2026-08-06,164509.XSHE,国富恒利债券LOF,XSHE,0,164509,sz164509,lof,,,speclofdata.txt,catalog,available,True,True,True,True,True,2017-04-07,2026-08-06,2024-10-08 09:35,2026-08-06 15:00,2026-04-27 09:31,2026-08-06 15:00,1350,19248,13920,0.001,tdx_local_catalog
snapshot-20260806T091453459470Z,2026-08-06,164606.XSHE,信用增利LOF,XSHE,0,164606,sz164606,lof,,,speclofdata.txt,catalog,available,True,True,True,True,True,2011-07-25,2026-08-06,2024-10-08 09:35,2026-08-06 15:00,2026-04-27 09:31,2026-08-06 15:00,1527,8880,6960,0.001,tdx_local_catalog
snapshot-20260806T091453459470Z,2026-08-06,164701.XSHE,黄金LOF,XSHE,0,164701,sz164701,lof,,,speclofdata.txt,catalog,available,True,True,True,True,True,2011-07-25,2026-08-06,2024-10-08 09:35,2026-08-06 15:00,2026-04-27 09:31,2026-08-06 15:00,3497,21456,16800,0.001,tdx_local_catalog
snapshot-20260806T091453459470Z,2026-08-06,164703.XSHE,汇添富纯债LOF,XSHE,0,164703,sz164703,lof,,,speclofdata.txt,catalog,available,True,True,True,True,True,2016-12-02,2026-08-06,2024-10-08 09:35,2026-08-06 15:00,2026-04-27 09:31,2026-08-06 15:00,1644,18624,16320,0.001,tdx_local_catalog
snapshot-20260806T091453459470Z,2026-08-06,164705.XSHE,恒生LOF,XSHE,0,164705,sz164705,lof,HSI,27,speclofdata.txt,catalog,available,True,True,True,True,True,2015-04-13,2026-08-06,2024-10-08 09:35,2026-08-06 15:00,2026-04-27 09:31,2026-08-06 15:00,2693,21456,16800,0.001,tdx_local_catalog
snapshot-20260806T091453459470Z,2026-08-06,164808.XSHE,工银四季LOF,XSHE,0,164808,sz164808,lof,,,speclofdata.txt,catalog,available,True,True,True,True,True,2011-01-11,2026-08-06,2024-10-08 09:35,2026-08-06 15:00,2026-04-27 09:31,2026-08-06 15:00,3004,18480,13440,0.001,tdx_local_catalog
snapshot-20260806T091453459470Z,2026-08-06,164810.XSHE,工银纯债定开,XSHE,0,164810,sz164810,lof,,,speclofdata.txt,catalog,available,True,True,True,True,True,2012-09-20,2026-08-06,2024-10-08 09:35,2026-08-06 15:00,2026-04-27 09:31,2026-08-06 15:00,2847,19920,16320,0.001,tdx_local_catalog
snapshot-20260806T091453459470Z,2026-08-06,164814.XSHE,工银双债LOF,XSHE,0,164814,sz164814,lof,931259,62,speclofdata.txt,catalog,available,True,True,True,True,True,2013-12-23,2026-08-06,2024-10-08 09:35,2026-08-06 15:00,2026-04-27 09:31,2026-08-06 15:00,1984,16368,15600,0.001,tdx_local_catalog
snapshot-20260806T091453459470Z,2026-08-06,164818.XSHE,传媒基金,XSHE,0,164818,sz164818,lof,399971,0,speclofdata.txt,catalog,placeholder_data,True,False,True,True,True,2026-08-05,2026-08-05,2026-08-05 09:35,2026-08-05 09:35,2026-08-05 09:31,2026-08-05 09:31,1,1,1,0.001,tdx_local_catalog
snapshot-20260806T091453459470Z,2026-08-06,164824.XSHE,印度基金LOF,XSHE,0,164824,sz164824,lof,,,speclofdata.txt,catalog,available,True,True,True,True,True,2018-08-01,2026-08-06,2024-10-08 09:35,2026-08-06 15:00,2026-04-27 09:31,2026-08-06 15:00,1943,21456,16800,0.001,tdx_local_catalog
snapshot-20260806T091453459470Z,2026-08-06,164902.XSHE,交银添利LOF,XSHE,0,164902,sz164902,lof,,,speclofdata.txt,catalog,available,True,True,True,True,True,2011-01-06,2026-08-06,2024-10-08 09:35,2026-08-06 15:00,2026-04-27 09:31,2026-08-06 15:00,2260,12768,14160,0.001,tdx_local_catalog
snapshot-20260806T091453459470Z,2026-08-06,164905.XSHE,交银新能,XSHE,0,164905,sz164905,lof,399412,0,speclofdata.txt,catalog,placeholder_data,True,False,True,True,True,2026-08-05,2026-08-05,2026-08-05 09:35,2026-08-05 09:35,2026-08-05 09:31,2026-08-05 09:31,1,1,1,0.001,tdx_local_catalog
snapshot-20260806T091453459470Z,2026-08-06,164906.XSHE,中概互联网LOF,XSHE,0,164906,sz164906,lof,H11136,62,speclofdata.txt,catalog,available,True,True,True,True,True,2015-07-10,2026-08-06,2024-10-08 09:35,2026-08-06 15:00,2026-04-27 09:31,2026-08-06 15:00,2691,21456,16800,0.001,tdx_local_catalog
snapshot-20260806T091453459470Z,2026-08-06,164908.XSHE,环境治理,XSHE,0,164908,sz164908,lof,399806,0,speclofdata.txt,catalog,placeholder_data,True,False,True,True,True,2026-08-05,2026-08-05,2026-08-05 09:35,2026-08-05 09:35,2026-08-05 09:31,2026-08-05 09:31,1,1,1,0.001,tdx_local_catalog
snapshot-20260806T091453459470Z,2026-08-06,165309.XSHE,沪深300LOF建信,XSHE,0,165309,sz165309,lof,000300,1,speclofdata.txt,catalog,available,True,True,True,True,True,2009-09-21,2026-08-06,2024-10-08 09:35,2026-08-06 15:00,2026-04-27 09:31,2026-08-06 15:00,3622,19056,15600,0.001,tdx_local_catalog
snapshot-20260806T091453459470Z,2026-08-06,165310.XSHE,沪深300增强,XSHE,0,165310,sz165310,lof,000300,1,speclofdata.txt,catalog,placeholder_data,True,False,True,True,True,2026-08-05,2026-08-05,2026-08-05 09:35,2026-08-05 09:35,2026-08-05 09:31,2026-08-05 09:31,1,1,1,0.001,tdx_local_catalog
snapshot-20260806T091453459470Z,2026-08-06,165311.XSHE,信用债LOF,XSHE,0,165311,sz165311,lof,,,speclofdata.txt,catalog,available,True,True,True,True,True,2011-05-16,2026-08-06,2024-10-09 09:35,2026-08-06 15:00,2026-04-27 09:31,2026-08-06 15:00,1780,9456,5520,0.001,tdx_local_catalog
snapshot-20260806T091453459470Z,2026-08-06,165312.XSHE,央视50财经,XSHE,0,165312,sz165312,lof,399550,0,speclofdata.txt,catalog,placeholder_data,True,False,True,True,True,2026-08-05,2026-08-05,2026-08-05 09:35,2026-08-05 09:35,2026-08-05 09:31,2026-08-05 09:31,1,1,1,0.001,tdx_local_catalog
snapshot-20260806T091453459470Z,2026-08-06,165313.XSHE,建信优势LOF,XSHE,0,165313,sz165313,lof,000300,1,speclofdata.txt,catalog,available,True,True,True,True,True,2013-04-03,2026-08-06,2024-10-08 09:35,2026-08-06 15:00,2026-04-27 09:31,2026-08-06 15:00,3200,21360,16800,0.001,tdx_local_catalog
snapshot-20260806T091453459470Z,2026-08-06,165508.XSHE,中信保诚深度LOF,XSHE,0,165508,sz165508,lof,000010,1,speclofdata.txt,catalog,available,True,True,True,True,True,2010-06-21,2026-08-06,2024-10-08 09:35,2026-08-06 15:00,2026-04-27 09:31,2026-08-06 15:00,2780,17472,13440,0.001,tdx_local_catalog
snapshot-20260806T091453459470Z,2026-08-06,165509.XSHE,中信保诚增强LOF,XSHE,0,165509,sz165509,lof,,,speclofdata.txt,catalog,available,True,True,True,True,True,2010-09-13,2026-08-06,2024-10-08 09:35,2026-08-06 15:00,2026-04-30 09:31,2026-08-06 15:00,2514,12624,11760,0.001,tdx_local_catalog
snapshot-20260806T091453459470Z,2026-08-06,165511.XSHE,中信保诚500LOF,XSHE,0,165511,sz165511,lof,000905,1,speclofdata.txt,catalog,available,True,True,True,True,True,2011-01-06,2026-08-06,2024-10-08 09:35,2026-08-06 15:00,2026-04-27 09:31,2026-08-06 15:00,1498,20784,16320,0.001,tdx_local_catalog
snapshot-20260806T091453459470Z,2026-08-06,165512.XSHE,中信保诚机遇LOF,XSHE,0,165512,sz165512,lof,000300,1,speclofdata.txt,catalog,available,True,True,True,True,True,2011-06-29,2026-08-06,2024-10-08 09:35,2026-08-06 15:00,2026-04-27 09:31,2026-08-06 15:00,2605,18816,14400,0.001,tdx_local_catalog
snapshot-20260806T091453459470Z,2026-08-06,165513.XSHE,中信保诚商品LOF,XSHE,0,165513,sz165513,lof,930940,62,speclofdata.txt,catalog,available,True,True,True,True,True,2011-11-09,2026-08-06,2024-10-08 09:35,2026-08-06 15:00,2026-04-27 09:31,2026-08-06 15:00,3391,21456,16800,0.001,tdx_local_catalog
snapshot-20260806T091453459470Z,2026-08-06,165515.XSHE,中信保诚300LOF,XSHE,0,165515,sz165515,lof,000300,1,speclofdata.txt,catalog,available,True,True,True,True,True,2012-01-11,2026-08-06,2024-10-08 09:35,2026-08-06 15:00,2026-04-27 09:31,2026-08-06 15:00,1296,21216,16800,0.001,tdx_local_catalog
snapshot-20260806T091453459470Z,2026-08-06,165516.XSHE,中信保诚周期LOF,XSHE,0,165516,sz165516,lof,000300,1,speclofdata.txt,catalog,available,True,True,True,True,True,2012-11-05,2026-08-06,2024-10-08 09:35,2026-08-06 15:00,2026-04-27 09:31,2026-08-06 15:00,2846,21456,16800,0.001,tdx_local_catalog
snapshot-20260806T091453459470Z,2026-08-06,165517.XSHE,中信保诚双盈LOF,XSHE,0,165517,sz165517,lof,,,speclofdata.txt,catalog,available,True,True,True,True,True,2015-04-23,2026-08-06,2024-10-10 09:35,2026-08-06 15:00,2026-04-27 09:31,2026-08-06 15:00,1136,13152,12000,0.001,tdx_local_catalog
snapshot-20260806T091453459470Z,2026-08-06,165519.XSHE,医药生物科技LOF,XSHE,0,165519,sz165519,lof,000841,62,speclofdata.txt,catalog,available,True,True,True,True,True,2021-02-03,2026-08-06,2024-10-08 09:35,2026-08-06 15:00,2026-04-27 09:31,2026-08-06 15:00,1315,21360,16800,0.001,tdx_local_catalog
snapshot-20260806T091453459470Z,2026-08-06,165520.XSHE,有色LOF,XSHE,0,165520,sz165520,lof,000823,1,speclofdata.txt,catalog,available,True,True,True,True,True,2021-02-03,2026-08-06,2024-10-08 09:35,2026-08-06 15:00,2026-04-27 09:31,2026-08-06 15:00,1327,21360,16800,0.001,tdx_local_catalog
snapshot-20260806T091453459470Z,2026-08-06,165521.XSHE,金融LOF,XSHE,0,165521,sz165521,lof,000974,1,speclofdata.txt,catalog,available,True,True,True,True,True,2021-02-03,2026-08-06,2024-10-08 09:35,2026-08-06 15:00,2026-04-27 09:31,2026-08-06 15:00,1321,21360,16800,0.001,tdx_local_catalog
snapshot-20260806T091453459470Z,2026-08-06,165522.XSHE,TMTLOF,XSHE,0,165522,sz165522,lof,000998,62,speclofdata.txt,catalog,available,True,True,True,True,True,2021-02-03,2026-08-06,2024-10-08 09:35,2026-08-06 15:00,2026-04-27 09:31,2026-08-06 15:00,1307,21360,16800,0.001,tdx_local_catalog
snapshot-20260806T091453459470Z,2026-08-06,165523.XSHE,信息安全,XSHE,0,165523,sz165523,lof,399994,0,speclofdata.txt,catalog,placeholder_data,True,False,True,True,True,2026-08-05,2026-08-05,2026-08-05 09:35,2026-08-05 09:35,2026-08-05 09:31,2026-08-05 09:31,1,1,1,0.001,tdx_local_catalog
snapshot-20260806T091453459470Z,2026-08-06,165524.XSHE,智能家居,XSHE,0,165524,sz165524,lof,399996,0,speclofdata.txt,catalog,placeholder_data,True,False,True,True,True,2026-08-05,2026-08-05,2026-08-05 09:35,2026-08-05 09:35,2026-08-05 09:31,2026-08-05 09:31,1,1,1,0.001,tdx_local_catalog
snapshot-20260806T091453459470Z,2026-08-06,165525.XSHE,基建工程LOF,XSHE,0,165525,sz165525,lof,399995,0,speclofdata.txt,catalog,available,True,True,True,True,True,2016-12-09,2026-08-06,2024-10-08 09:35,2026-08-06 15:00,2026-04-27 09:31,2026-08-06 15:00,2343,21456,16800,0.001,tdx_local_catalog
snapshot-20260806T091453459470Z,2026-08-06,165526.XSHE,中信保诚新旺,XSHE,0,165526,sz165526,lof,,,speclofdata.txt,catalog,placeholder_data,True,False,True,True,True,2026-08-05,2026-08-05,2026-08-05 09:35,2026-08-05 09:35,2026-08-05 09:31,2026-08-05 09:31,1,1,1,0.001,tdx_local_catalog
snapshot-20260806T091453459470Z,2026-08-06,165528.XSHE,中信保诚鼎利LOF,XSHE,0,165528,sz165528,lof,000300,1,speclofdata.txt,catalog,available,True,True,True,True,True,2016-08-31,2026-08-06,2024-10-08 09:35,2026-08-06 15:00,2026-04-27 09:31,2026-08-06 15:00,2200,20784,16800,0.001,tdx_local_catalog
snapshot-20260806T091453459470Z,2026-08-06,165531.XSHE,中信保诚多策略,XSHE,0,165531,sz165531,lof,000300,1,speclofdata.txt,catalog,placeholder_data,True,False,True,True,True,2026-08-05,2026-08-05,2026-08-05 09:35,2026-08-05 09:35,2026-08-05 09:31,2026-08-05 09:31,1,1,1,0.001,tdx_local_catalog
snapshot-20260806T091453459470Z,2026-08-06,166001.XSHE,中欧趋势LOF,XSHE,0,166001,sz166001,lof,,,speclofdata.txt,catalog,available,True,True,True,True,True,2007-01-04,2026-08-06,2024-10-08 09:35,2026-08-06 15:00,2026-04-27 09:31,2026-08-06 15:00,4683,21456,16800,0.001,tdx_local_catalog
snapshot-20260806T091453459470Z,2026-08-06,166006.XSHE,中欧成长LOF,XSHE,0,166006,sz166006,lof,000906,1,speclofdata.txt,catalog,available,True,True,True,True,True,2009-12-01,2026-08-06,2024-10-08 09:35,2026-08-06 15:00,2026-04-27 09:31,2026-08-06 15:00,3897,21360,16800,0.001,tdx_local_catalog
snapshot-20260806T091453459470Z,2026-08-06,166008.XSHE,中欧强债LOF,XSHE,0,166008,sz166008,lof,,,speclofdata.txt,catalog,available,True,True,True,True,True,2010-11-01,2026-08-06,2024-10-08 09:35,2026-08-06 15:00,2026-04-27 09:31,2026-08-06 15:00,2391,13440,12240,0.001,tdx_local_catalog
snapshot-20260806T091453459470Z,2026-08-06,166009.XSHE,中欧动力LOF,XSHE,0,166009,sz166009,lof,000300,1,speclofdata.txt,catalog,available,True,True,True,True,True,2011-01-06,2026-08-06,2024-10-08 09:35,2026-08-06 15:00,2026-04-27 09:31,2026-08-06 15:00,3097,18000,14160,0.001,tdx_local_catalog
snapshot-20260806T091453459470Z,2026-08-06,166011.XSHE,中欧盛世LOF,XSHE,0,166011,sz166011,lof,000300,1,speclofdata.txt,catalog,available,True,True,True,True,True,2015-04-21,2026-08-06,2024-10-08 09:35,2026-08-06 15:00,2026-04-27 09:31,2026-08-06 15:00,2573,21024,16800,0.001,tdx_local_catalog
snapshot-20260806T091453459470Z,2026-08-06,166016.XSHE,中欧纯债LOF,XSHE,0,166016,sz166016,lof,,,speclofdata.txt,catalog,available,True,True,True,True,True,2016-03-01,2026-08-06,2024-10-08 09:35,2026-08-06 15:00,2026-04-27 09:31,2026-08-06 15:00,1467,20400,16560,0.001,tdx_local_catalog
snapshot-20260806T091453459470Z,2026-08-06,166023.XSHE,中欧瑞丰LOF,XSHE,0,166023,sz166023,lof,000300,1,speclofdata.txt,catalog,available,True,True,True,True,True,2017-09-15,2026-08-06,2024-10-08 09:35,2026-08-06 15:00,2026-04-27 09:31,2026-08-06 15:00,2025,20928,16800,0.001,tdx_local_catalog
snapshot-20260806T091453459470Z,2026-08-06,166024.XSHE,中欧恒利定开,XSHE,0,166024,sz166024,lof,000300,1,speclofdata.txt,catalog,available,True,True,True,True,True,2017-12-06,2026-08-06,2024-10-08 09:35,2026-08-06 15:00,2026-04-27 09:31,2026-08-06 15:00,2102,21408,16560,0.001,tdx_local_catalog
snapshot-20260806T091453459470Z,2026-08-06,166025.XSHE,中欧远见定开,XSHE,0,166025,sz166025,lof,000300,1,speclofdata.txt,catalog,available,True,True,True,True,True,2019-05-27,2026-08-06,2024-10-08 09:35,2026-08-06 15:00,2026-04-27 09:31,2026-08-06 15:00,1732,21360,16800,0.001,tdx_local_catalog
snapshot-20260806T091453459470Z,2026-08-06,166027.XSHE,中欧创业定开,XSHE,0,166027,sz166027,lof,399006,0,speclofdata.txt,catalog,available,True,True,True,True,True,2021-01-29,2026-08-06,2024-10-08 09:35,2026-08-06 15:00,2026-04-27 09:31,2026-08-06 15:00,1298,21120,16800,0.001,tdx_local_catalog
snapshot-20260806T091453459470Z,2026-08-06,166105.XSHE,信澳鑫安LOF,XSHE,0,166105,sz166105,lof,,,speclofdata.txt,catalog,available,True,True,True,True,True,2015-06-04,2026-08-06,2024-10-08 09:35,2026-08-06 15:00,2026-04-29 09:31,2026-08-06 15:00,1247,13632,12240,0.001,tdx_local_catalog
snapshot-20260806T091453459470Z,2026-08-06,166107.XSHE,多因子LOF,XSHE,0,166107,sz166107,lof,000905,1,speclofdata.txt,catalog,available,True,True,True,True,True,2019-11-28,2026-08-06,2024-10-08 09:35,2026-08-06 15:00,2026-04-27 09:31,2026-08-06 15:00,1280,18144,16560,0.001,tdx_local_catalog
snapshot-20260806T091453459470Z,2026-08-06,166109.XSHE,信澳先锋LOF,XSHE,0,166109,sz166109,lof,000300,1,speclofdata.txt,catalog,placeholder_data,True,False,True,True,True,2026-08-05,2026-08-05,2026-08-05 09:35,2026-08-05 09:35,2026-08-05 09:31,2026-08-05 09:31,1,1,1,0.001,tdx_local_catalog
snapshot-20260806T091453459470Z,2026-08-06,166401.XSHE,稳健增利LOF,XSHE,0,166401,sz166401,lof,,,speclofdata.txt,catalog,available,True,True,True,True,True,2011-11-07,2026-08-06,2024-10-14 09:35,2026-08-06 15:00,2026-04-27 09:31,2026-08-06 15:00,1006,9696,6000,0.001,tdx_local_catalog
snapshot-20260806T091453459470Z,2026-08-06,166802.XSHE,浙商沪深300,XSHE,0,166802,sz166802,lof,000300,1,speclofdata.txt,catalog,placeholder_data,True,False,True,True,True,2026-08-05,2026-08-05,2026-08-05 09:35,2026-08-05 09:35,2026-08-05 09:31,2026-08-05 09:31,1,1,1,0.001,tdx_local_catalog
snapshot-20260806T091453459470Z,2026-08-06,167001.XSHE,鼎泰LOF,XSHE,0,167001,sz167001,lof,000300,1,speclofdata.txt,catalog,available,True,True,True,True,True,2016-10-18,2026-08-06,2024-10-08 09:35,2026-08-06 15:00,2026-04-27 09:31,2026-08-06 15:00,2353,20976,16560,0.001,tdx_local_catalog
snapshot-20260806T091453459470Z,2026-08-06,167002.XSHE,鼎越LOF,XSHE,0,167002,sz167002,lof,000906,1,speclofdata.txt,catalog,available,True,True,True,True,True,2016-12-19,2026-08-06,2024-10-08 09:35,2026-08-06 15:00,2026-04-27 09:31,2026-08-06 15:00,2011,21312,16800,0.001,tdx_local_catalog
snapshot-20260806T091453459470Z,2026-08-06,167003.XSHE,鼎弘LOF,XSHE,0,167003,sz167003,lof,,,speclofdata.txt,catalog,available,True,True,True,True,True,2017-06-06,2026-08-06,2024-10-08 09:35,2026-08-06 15:00,2026-04-28 09:31,2026-08-06 15:00,1397,18144,15360,0.001,tdx_local_catalog
snapshot-20260806T091453459470Z,2026-08-06,167301.XSHE,保险主题LOF,XSHE,0,167301,sz167301,lof,399809,0,speclofdata.txt,catalog,available,True,True,True,True,True,2021-01-20,2026-08-06,2024-10-08 09:35,2026-08-06 15:00,2026-04-27 09:31,2026-08-06 15:00,1343,21456,16800,0.001,tdx_local_catalog
snapshot-20260806T091453459470Z,2026-08-06,167302.XSHE,大湾区LOF,XSHE,0,167302,sz167302,lof,HZ5326,27,speclofdata.txt,catalog,available,True,True,True,True,True,2020-01-06,2026-08-06,2024-10-08 09:35,2026-08-06 15:00,2026-04-27 09:31,2026-08-06 15:00,1272,18000,12480,0.001,tdx_local_catalog
snapshot-20260806T091453459470Z,2026-08-06,167501.XSHE,安信宝利债券LOF,XSHE,0,167501,sz167501,lof,,,speclofdata.txt,catalog,available,True,True,True,True,True,2015-08-07,2026-08-06,2024-10-08 09:35,2026-08-06 15:00,2026-04-27 09:31,2026-08-06 15:00,1936,13392,12240,0.001,tdx_local_catalog
snapshot-20260806T091453459470Z,2026-08-06,167505.XSHE,中短利率,XSHE,0,167505,sz167505,lof,,,speclofdata.txt,catalog,placeholder_data,True,False,True,True,True,2026-08-05,2026-08-05,2026-08-05 09:35,2026-08-05 09:35,2026-08-05 09:31,2026-08-05 09:31,1,1,1,0.001,tdx_local_catalog
snapshot-20260806T091453459470Z,2026-08-06,167506.XSHE,安信深圳科技LOF,XSHE,0,167506,sz167506,lof,931136,62,speclofdata.txt,catalog,available,True,True,True,True,True,2020-01-06,2026-08-06,2024-10-08 09:35,2026-08-06 15:00,2026-04-27 09:31,2026-08-06 15:00,1502,21408,16800,0.001,tdx_local_catalog
snapshot-20260806T091453459470Z,2026-08-06,167508.XSHE,安信价值发现定开,XSHE,0,167508,sz167508,lof,000300,1,speclofdata.txt,catalog,available,True,True,True,True,True,2020-06-08,2026-08-06,2024-10-08 09:35,2026-08-06 15:00,2026-04-27 09:31,2026-08-06 15:00,1437,19680,15360,0.001,tdx_local_catalog
snapshot-20260806T091453459470Z,2026-08-06,167702.XSHE,量化优选,XSHE,0,167702,sz167702,lof,000300,1,speclofdata.txt,catalog,placeholder_data,True,False,True,True,True,2026-08-05,2026-08-05,2026-08-05 09:35,2026-08-05 09:35,2026-08-05 09:31,2026-08-05 09:31,1,1,1,0.001,tdx_local_catalog
snapshot-20260806T091453459470Z,2026-08-06,168101.XSHE,九泰锐智LOF,XSHE,0,168101,sz168101,lof,,,speclofdata.txt,catalog,available,True,True,True,True,True,2015-09-15,2026-08-06,2024-10-08 09:35,2026-08-06 15:00,2026-04-27 09:31,2026-08-06 15:00,2424,20976,16800,0.001,tdx_local_catalog
snapshot-20260806T091453459470Z,2026-08-06,168102.XSHE,九泰锐富LOF,XSHE,0,168102,sz168102,lof,000300,1,speclofdata.txt,catalog,available,True,True,True,True,True,2016-05-04,2026-08-06,2024-10-08 09:35,2026-08-06 15:00,2026-04-28 09:31,2026-08-06 15:00,2310,17424,13200,0.001,tdx_local_catalog
snapshot-20260806T091453459470Z,2026-08-06,168103.XSHE,九泰锐益LOF,XSHE,0,168103,sz168103,lof,000300,1,speclofdata.txt,catalog,available,True,True,True,True,True,2016-11-23,2026-08-06,2024-10-08 09:35,2026-08-06 15:00,2026-04-27 09:31,2026-08-06 15:00,2337,21072,16320,0.001,tdx_local_catalog
snapshot-20260806T091453459470Z,2026-08-06,168104.XSHE,九泰锐丰LOF,XSHE,0,168104,sz168104,lof,000300,1,speclofdata.txt,catalog,available,True,True,True,True,True,2016-12-15,2026-08-06,2024-10-08 09:35,2026-08-06 15:00,2026-04-27 09:31,2026-08-06 15:00,1664,19104,15120,0.001,tdx_local_catalog
snapshot-20260806T091453459470Z,2026-08-06,168105.XSHE,九泰泰富LOF,XSHE,0,168105,sz168105,lof,000300,1,speclofdata.txt,catalog,available,True,True,True,True,True,2017-01-10,2026-08-06,2024-10-08 09:35,2026-08-06 15:00,2026-04-27 09:31,2026-08-06 15:00,2193,20832,16800,0.001,tdx_local_catalog
snapshot-20260806T091453459470Z,2026-08-06,168203.XSHE,钢铁LOF,XSHE,0,168203,sz168203,lof,399440,0,speclofdata.txt,catalog,available,True,True,True,True,True,2021-06-11,2026-08-06,2024-10-08 09:35,2026-08-06 15:00,2026-04-27 09:31,2026-08-06 15:00,1179,20784,16800,0.001,tdx_local_catalog
snapshot-20260806T091453459470Z,2026-08-06,168204.XSHE,煤炭LOF,XSHE,0,168204,sz168204,lof,399998,0,speclofdata.txt,catalog,available,True,True,True,True,True,2021-06-11,2026-08-06,2024-10-08 09:35,2026-08-06 15:00,2026-04-27 09:31,2026-08-06 15:00,1250,21456,16800,0.001,tdx_local_catalog
snapshot-20260806T091453459470Z,2026-08-06,168301.XSHE,东海祥龙LOF,XSHE,0,168301,sz168301,lof,000300,1,speclofdata.txt,catalog,available,True,True,True,True,True,2017-02-27,2026-08-06,2024-10-08 09:35,2026-08-06 15:00,2026-04-27 09:31,2026-08-06 15:00,1903,20208,16800,0.001,tdx_local_catalog
snapshot-20260806T091453459470Z,2026-08-06,168401.XSHE,红土创新精选LOF,XSHE,0,168401,sz168401,lof,000300,1,speclofdata.txt,catalog,available,True,True,True,True,True,2017-07-03,2026-08-06,2024-10-08 09:35,2026-08-06 15:00,2026-04-27 09:31,2026-08-06 15:00,1911,21120,16800,0.001,tdx_local_catalog
snapshot-20260806T091453459470Z,2026-08-06,168701.XSHE,金融科技LOF,XSHE,0,168701,sz168701,lof,399699,0,speclofdata.txt,catalog,available,True,True,True,True,True,2020-05-06,2026-08-06,2024-10-08 09:35,2026-08-06 15:00,2026-04-27 09:31,2026-08-06 15:00,1480,21408,16800,0.001,tdx_local_catalog
snapshot-20260806T091453459470Z,2026-08-06,169101.XSHE,东方红睿丰LOF,XSHE,0,169101,sz169101,lof,000300,1,speclofdata.txt,catalog,available,True,True,True,True,True,2015-03-06,2026-08-06,2024-10-08 09:35,2026-08-06 15:00,2026-04-27 09:31,2026-08-06 15:00,2774,21456,16800,0.001,tdx_local_catalog
snapshot-20260806T091453459470Z,2026-08-06,169104.XSHE,东方红睿满LOF,XSHE,0,169104,sz169104,lof,000300,1,speclofdata.txt,catalog,available,True,True,True,True,True,2017-02-21,2026-08-06,2024-10-08 09:35,2026-08-06 15:00,2026-04-27 09:31,2026-08-06 15:00,2271,21312,16800,0.001,tdx_local_catalog
snapshot-20260806T091453459470Z,2026-08-06,169105.XSHE,东方红睿华LOF,XSHE,0,169105,sz169105,lof,000300,1,speclofdata.txt,catalog,available,True,True,True,True,True,2017-02-21,2026-08-06,2024-10-08 09:35,2026-08-06 15:00,2026-04-27 09:31,2026-08-06 15:00,2260,21120,16800,0.001,tdx_local_catalog
snapshot-20260806T091453459470Z,2026-08-06,169106.XSHE,东方红创优定开,XSHE,0,169106,sz169106,lof,,,speclofdata.txt,catalog,available,True,True,True,True,True,2018-06-20,2026-08-06,2024-10-08 09:35,2026-08-06 15:00,2026-04-27 09:31,2026-08-06 15:00,1953,20592,16080,0.001,tdx_local_catalog
snapshot-20260806T091453459470Z,2026-08-06,169201.XSHE,浙商鼎盈LOF,XSHE,0,169201,sz169201,lof,000300,1,speclofdata.txt,catalog,available,True,True,True,True,True,2017-03-16,2026-08-06,2024-10-08 09:35,2026-08-06 15:00,2026-04-27 09:31,2026-08-06 15:00,1659,20016,16800,0.001,tdx_local_catalog
snapshot-20260806T091453459470Z,2026-08-06,501001.XSHG,财通精选混合LOF,XSHG,1,501001,sh501001,lof,000300,1,speclofdata.txt,catalog,available,True,True,True,True,True,2015-09-25,2026-08-06,2024-10-08 09:35,2026-08-06 15:00,2026-04-27 09:31,2026-08-06 15:00,2436,20976,16800,0.001,tdx_local_catalog
snapshot-20260806T091453459470Z,2026-08-06,501005.XSHG,精准医疗LOF,XSHG,1,501005,sh501005,lof,930719,62,speclofdata.txt,catalog,available,True,True,True,True,True,2016-03-21,2026-08-06,2024-10-08 09:35,2026-08-06 15:00,2026-04-27 09:31,2026-08-06 15:00,2523,21456,16800,0.001,tdx_local_catalog
snapshot-20260806T091453459470Z,2026-08-06,501006.XSHG,精准医C,XSHG,1,501006,sh501006,lof,,,speclofdata.txt,catalog,placeholder_data,True,False,False,True,True,,,2026-08-05 09:35,2026-08-05 15:00,2026-08-05 09:31,2026-08-05 15:00,0,48,240,0.001,tdx_local_catalog
snapshot-20260806T091453459470Z,2026-08-06,501007.XSHG,互联网医疗LOF,XSHG,1,501007,sh501007,lof,930720,62,speclofdata.txt,catalog,available,True,True,True,True,True,2017-02-20,2026-08-06,2024-10-08 09:35,2026-08-06 15:00,2026-04-27 09:31,2026-08-06 15:00,2213,21456,16800,0.001,tdx_local_catalog
snapshot-20260806T091453459470Z,2026-08-06,501008.XSHG,互联网医疗LOFC,XSHG,1,501008,sh501008,lof,930720,62,speclofdata.txt,catalog,available,True,True,True,True,True,2017-02-20,2026-08-06,2024-10-08 09:35,2026-08-06 15:00,2026-04-27 09:31,2026-08-06 15:00,2054,21360,16800,0.001,tdx_local_catalog
snapshot-20260806T091453459470Z,2026-08-06,501009.XSHG,生物科技LOF,XSHG,1,501009,sh501009,lof,930743,62,speclofdata.txt,catalog,available,True,True,True,True,True,2017-02-20,2026-08-06,2024-10-08 09:35,2026-08-06 15:00,2026-04-27 09:31,2026-08-06 15:00,2298,21456,16800,0.001,tdx_local_catalog
snapshot-20260806T091453459470Z,2026-08-06,501010.XSHG,生物科技LOFC,XSHG,1,501010,sh501010,lof,930743,62,speclofdata.txt,catalog,available,True,True,True,True,True,2017-02-20,2026-08-06,2024-10-08 09:35,2026-08-06 15:00,2026-04-27 09:31,2026-08-06 15:00,2230,21312,16800,0.001,tdx_local_catalog
snapshot-20260806T091453459470Z,2026-08-06,501011.XSHG,中药基金LOF,XSHG,1,501011,sh501011,lof,930641,62,speclofdata.txt,catalog,available,True,True,True,True,True,2017-02-20,2026-08-06,2024-10-08 09:35,2026-08-06 15:00,2026-04-27 09:31,2026-08-06 15:00,2267,21456,16800,0.001,tdx_local_catalog
snapshot-20260806T091453459470Z,2026-08-06,501012.XSHG,中药基金LOFC,XSHG,1,501012,sh501012,lof,930641,62,speclofdata.txt,catalog,available,True,True,True,True,True,2017-02-20,2026-08-06,2024-10-08 09:35,2026-08-06 15:00,2026-04-27 09:31,2026-08-06 15:00,2207,21456,16800,0.001,tdx_local_catalog
snapshot-20260806T091453459470Z,2026-08-06,501015.XSHG,财通升级混合LOF,XSHG,1,501015,sh501015,lof,000300,1,speclofdata.txt,catalog,available,True,True,True,True,True,2016-06-06,2026-08-06,2024-10-08 09:35,2026-08-06 15:00,2026-04-27 09:31,2026-08-06 15:00,2445,21456,16800,0.001,tdx_local_catalog
snapshot-20260806T091453459470Z,2026-08-06,501016.XSHG,券商基金LOF,XSHG,1,501016,sh501016,lof,399707,0,speclofdata.txt,catalog,available,True,True,True,True,True,2017-05-19,2026-08-06,2024-10-08 09:35,2026-08-06 15:00,2026-04-27 09:31,2026-08-06 15:00,2236,21456,16800,0.001,tdx_local_catalog
snapshot-20260806T091453459470Z,2026-08-06,501017.XSHG,国泰融丰LOF,XSHG,1,501017,sh501017,lof,000300,1,speclofdata.txt,catalog,available,True,True,True,True,True,2016-08-26,2026-08-06,2024-10-08 09:35,2026-08-06 15:00,2026-04-27 09:31,2026-08-06 15:00,1638,13392,15120,0.001,tdx_local_catalog
snapshot-20260806T091453459470Z,2026-08-06,501018.XSHG,南方原油LOF,XSHG,1,501018,sh501018,lof,,,speclofdata.txt,catalog,available,True,True,True,True,True,2016-06-28,2026-08-06,2024-10-08 09:35,2026-08-06 15:00,2026-04-27 09:31,2026-08-06 15:00,2454,21360,16800,0.001,tdx_local_catalog
snapshot-20260806T091453459470Z,2026-08-06,501019.XSHG,军工基金LOF,XSHG,1,501019,sh501019,lof,399368,0,speclofdata.txt,catalog,available,True,True,True,True,True,2017-04-21,2026-08-06,2024-10-08 09:35,2026-08-06 15:00,2026-04-27 09:31,2026-08-06 15:00,2258,21456,16800,0.001,tdx_local_catalog
snapshot-20260806T091453459470Z,2026-08-06,501021.XSHG,香港中小LOF,XSHG,1,501021,sh501021,lof,SPHCMSHP,12,speclofdata.txt,catalog,available,True,True,True,True,True,2016-07-06,2026-08-06,2024-10-08 09:35,2026-08-06 15:00,2026-04-27 09:31,2026-08-06 15:00,2450,21456,16800,0.001,tdx_local_catalog
snapshot-20260806T091453459470Z,2026-08-06,501022.XSHG,银华鑫盛LOF,XSHG,1,501022,sh501022,lof,000300,1,speclofdata.txt,catalog,available,True,True,True,True,True,2016-11-10,2026-08-06,2024-10-08 09:35,2026-08-06 15:00,2026-04-27 09:31,2026-08-06 15:00,2304,20064,16560,0.001,tdx_local_catalog
snapshot-20260806T091453459470Z,2026-08-06,501023.XSHG,港中小企LOF,XSHG,1,501023,sh501023,lof,,,speclofdata.txt,catalog,stale,True,False,True,True,True,2016-10-24,2026-08-06,2026-08-05 09:35,2026-08-05 15:00,2026-08-05 09:31,2026-08-05 15:00,989,48,240,0.001,tdx_local_catalog
snapshot-20260806T091453459470Z,2026-08-06,501025.XSHG,香港银行LOF,XSHG,1,501025,sh501025,lof,930792,62,speclofdata.txt,catalog,available,True,True,True,True,True,2016-11-24,2026-08-06,2024-10-08 09:35,2026-08-06 15:00,2026-04-27 09:31,2026-08-06 15:00,2306,21456,16800,0.001,tdx_local_catalog
snapshot-20260806T091453459470Z,2026-08-06,501026.XSHG,财通福享混合LOF,XSHG,1,501026,sh501026,lof,000300,1,speclofdata.txt,catalog,available,True,True,True,True,True,2016-12-15,2026-08-06,2024-10-08 09:35,2026-08-06 15:00,2026-04-27 09:31,2026-08-06 15:00,2189,21264,16800,0.001,tdx_local_catalog
snapshot-20260806T091453459470Z,2026-08-06,501028.XSHG,财通福瑞混合LOF,XSHG,1,501028,sh501028,lof,000300,1,speclofdata.txt,catalog,available,True,True,True,True,True,2017-02-20,2026-08-06,2024-10-08 09:35,2026-08-06 15:00,2026-04-27 09:31,2026-08-06 15:00,1854,18768,15840,0.001,tdx_local_catalog
snapshot-20260806T091453459470Z,2026-08-06,501029.XSHG,红利基金LOF,XSHG,1,501029,sh501029,lof,CSPSADRP,0,speclofdata.txt,catalog,available,True,True,True,True,True,2017-02-13,2026-08-06,2024-10-08 09:35,2026-08-06 15:00,2026-04-27 09:31,2026-08-06 15:00,2305,21456,16800,0.001,tdx_local_catalog
snapshot-20260806T091453459470Z,2026-08-06,501030.XSHG,环境治理LOF,XSHG,1,501030,sh501030,lof,399806,0,speclofdata.txt,catalog,available,True,True,True,True,True,2017-02-20,2026-08-06,2024-10-08 09:35,2026-08-06 15:00,2026-04-27 09:31,2026-08-06 15:00,2286,21456,16800,0.001,tdx_local_catalog
snapshot-20260806T091453459470Z,2026-08-06,501031.XSHG,环境治理LOFC,XSHG,1,501031,sh501031,lof,399806,0,speclofdata.txt,catalog,available,True,True,True,True,True,2017-02-20,2026-08-06,2024-10-08 09:35,2026-08-06 15:00,2026-04-27 09:31,2026-08-06 15:00,2166,21264,16800,0.001,tdx_local_catalog
snapshot-20260806T091453459470Z,2026-08-06,501032.XSHG,财通福盛混合LOF,XSHG,1,501032,sh501032,lof,000300,1,speclofdata.txt,catalog,available,True,True,True,True,True,2017-04-21,2026-08-06,2024-10-08 09:35,2026-08-06 15:00,2026-04-27 09:31,2026-08-06 15:00,1873,21072,16800,0.001,tdx_local_catalog
snapshot-20260806T091453459470Z,2026-08-06,501036.XSHG,中证500LOF,XSHG,1,501036,sh501036,lof,000905,1,speclofdata.txt,catalog,available,True,True,True,True,True,2017-10-09,2026-08-06,2024-10-08 09:35,2026-08-06 15:00,2026-04-27 09:31,2026-08-06 15:00,2128,21456,16800,0.001,tdx_local_catalog
snapshot-20260806T091453459470Z,2026-08-06,501037.XSHG,中证500LOFC,XSHG,1,501037,sh501037,lof,000905,1,speclofdata.txt,catalog,available,True,True,True,True,True,2017-10-09,2026-08-06,2024-10-08 09:35,2026-08-06 15:00,2026-04-27 09:31,2026-08-06 15:00,1959,20112,16800,0.001,tdx_local_catalog
snapshot-20260806T091453459470Z,2026-08-06,501038.XSHG,银华明择,XSHG,1,501038,sh501038,lof,000300,1,speclofdata.txt,catalog,available,True,True,True,True,True,2017-11-24,2026-08-06,2024-10-08 09:35,2026-08-06 15:00,2026-04-27 09:31,2026-08-06 15:00,1967,20064,15600,0.001,tdx_local_catalog
snapshot-20260806T091453459470Z,2026-08-06,501043.XSHG,沪深300LOF,XSHG,1,501043,sh501043,lof,000300,1,speclofdata.txt,catalog,available,True,True,True,True,True,2017-10-09,2026-08-06,2024-10-08 09:35,2026-08-06 15:00,2026-04-27 09:31,2026-08-06 15:00,2145,21456,16800,0.001,tdx_local_catalog
snapshot-20260806T091453459470Z,2026-08-06,501045.XSHG,沪深300LOFC,XSHG,1,501045,sh501045,lof,000300,1,speclofdata.txt,catalog,available,True,True,True,True,True,2017-10-09,2026-08-06,2024-10-08 09:35,2026-08-06 15:00,2026-04-27 09:31,2026-08-06 15:00,2095,21312,16800,0.001,tdx_local_catalog
snapshot-20260806T091453459470Z,2026-08-06,501046.XSHG,财通福鑫定开混合,XSHG,1,501046,sh501046,lof,000300,1,speclofdata.txt,catalog,available,True,True,True,True,True,2017-12-01,2026-08-06,2024-10-08 09:35,2026-08-06 15:00,2026-04-27 09:31,2026-08-06 15:00,2091,21120,15120,0.001,tdx_local_catalog
snapshot-20260806T091453459470Z,2026-08-06,501047.XSHG,证券公司LOF,XSHG,1,501047,sh501047,lof,399975,0,speclofdata.txt,catalog,available,True,True,True,True,True,2018-01-18,2026-08-06,2024-10-08 09:35,2026-08-06 15:00,2026-04-27 09:31,2026-08-06 15:00,1987,21312,16800,0.001,tdx_local_catalog
snapshot-20260806T091453459470Z,2026-08-06,501048.XSHG,证券公司LOFC,XSHG,1,501048,sh501048,lof,399975,0,speclofdata.txt,catalog,available,True,True,True,True,True,2018-01-18,2026-08-06,2024-10-08 09:35,2026-08-06 15:00,2026-04-27 09:31,2026-08-06 15:00,1981,21312,16800,0.001,tdx_local_catalog
snapshot-20260806T091453459470Z,2026-08-06,501050.XSHG,50AHLOF,XSHG,1,501050,sh501050,lof,950090,62,speclofdata.txt,catalog,available,True,True,True,True,True,2016-11-28,2026-08-06,2024-10-08 09:35,2026-08-06 15:00,2026-04-27 09:31,2026-08-06 15:00,2354,21456,16800,0.001,tdx_local_catalog
snapshot-20260806T091453459470Z,2026-08-06,501051.XSHG,圆信永丰汇利LOF,XSHG,1,501051,sh501051,lof,000300,1,speclofdata.txt,catalog,available,True,True,True,True,True,2018-01-31,2026-08-06,2024-10-08 09:35,2026-08-06 15:00,2026-04-27 09:31,2026-08-06 15:00,1674,20256,16800,0.001,tdx_local_catalog
snapshot-20260806T091453459470Z,2026-08-06,501053.XSHG,东方红目标优选,XSHG,1,501053,sh501053,lof,,,speclofdata.txt,catalog,stale,True,False,True,True,True,2018-08-27,2026-08-06,2024-10-08 09:35,2026-08-05 15:00,2026-04-27 09:31,2026-08-05 15:00,1474,15504,10560,0.001,tdx_local_catalog
snapshot-20260806T091453459470Z,2026-08-06,501057.XSHG,新能源车LOF,XSHG,1,501057,sh501057,lof,930997,62,speclofdata.txt,catalog,available,True,True,True,True,True,2018-06-20,2026-08-06,2024-10-08 09:35,2026-08-06 15:00,2026-04-27 09:31,2026-08-06 15:00,1974,21456,16800,0.001,tdx_local_catalog
snapshot-20260806T091453459470Z,2026-08-06,501058.XSHG,新能源车LOFC,XSHG,1,501058,sh501058,lof,930997,62,speclofdata.txt,catalog,available,True,True,True,True,True,2018-06-20,2026-08-06,2024-10-08 09:35,2026-08-06 15:00,2026-04-27 09:31,2026-08-06 15:00,1941,21456,16800,0.001,tdx_local_catalog
snapshot-20260806T091453459470Z,2026-08-06,501059.XSHG,国企红利LOF,XSHG,1,501059,sh501059,lof,000824,62,speclofdata.txt,catalog,available,True,True,True,True,True,2018-07-26,2026-08-06,2024-10-08 09:35,2026-08-06 15:00,2026-04-27 09:31,2026-08-06 15:00,1736,21168,16320,0.001,tdx_local_catalog
snapshot-20260806T091453459470Z,2026-08-06,501060.XSHG,金选300A类LOF,XSHG,1,501060,sh501060,lof,931069,62,speclofdata.txt,catalog,available,True,True,True,True,True,2018-09-25,2026-08-06,2024-10-08 09:35,2026-08-06 15:00,2026-04-27 09:31,2026-08-06 15:00,1649,21456,16800,0.001,tdx_local_catalog
snapshot-20260806T091453459470Z,2026-08-06,501061.XSHG,金选300C类LOF,XSHG,1,501061,sh501061,lof,931069,62,speclofdata.txt,catalog,available,True,True,True,True,True,2018-09-25,2026-08-06,2024-10-08 09:35,2026-08-06 15:00,2026-04-28 09:31,2026-08-06 15:00,1026,13296,9360,0.001,tdx_local_catalog
snapshot-20260806T091453459470Z,2026-08-06,501062.XSHG,南方瑞合LOF,XSHG,1,501062,sh501062,lof,000300,1,speclofdata.txt,catalog,available,True,True,True,True,True,2018-12-05,2026-08-06,2024-10-08 09:35,2026-08-06 15:00,2026-04-27 09:31,2026-08-06 15:00,1856,21456,16800,0.001,tdx_local_catalog
snapshot-20260806T091453459470Z,2026-08-06,501064.XSHG,国泰价值LOF,XSHG,1,501064,sh501064,lof,000300,1,speclofdata.txt,catalog,available,True,True,True,True,True,2019-05-16,2026-08-06,2024-10-08 09:35,2026-08-06 15:00,2026-04-27 09:31,2026-08-06 15:00,1552,18384,16560,0.001,tdx_local_catalog
snapshot-20260806T091453459470Z,2026-08-06,501065.XSHG,经典成长,XSHG,1,501065,sh501065,lof,000906,1,speclofdata.txt,catalog,available,True,True,True,True,True,2019-05-08,2026-08-06,2024-10-08 09:35,2026-08-06 15:00,2026-04-27 09:31,2026-08-06 15:00,1685,20544,16800,0.001,tdx_local_catalog
snapshot-20260806T091453459470Z,2026-08-06,501070.XSHG,广发睿阳,XSHG,1,501070,sh501070,lof,000906,1,speclofdata.txt,catalog,available,True,True,True,True,True,2019-07-31,2026-08-06,2024-10-08 09:35,2026-08-06 15:00,2026-04-27 09:31,2026-08-06 15:00,1660,21072,16800,0.001,tdx_local_catalog
snapshot-20260806T091453459470Z,2026-08-06,501071.XSHG,泓德丰泽LOF,XSHG,1,501071,sh501071,lof,000906,1,speclofdata.txt,catalog,available,True,True,True,True,True,2019-09-19,2026-08-06,2024-10-08 09:35,2026-08-06 15:00,2026-04-28 09:31,2026-08-06 15:00,1591,20016,13920,0.001,tdx_local_catalog
snapshot-20260806T091453459470Z,2026-08-06,501073.XSHG,华安智联LOF,XSHG,1,501073,sh501073,lof,,,speclofdata.txt,catalog,available,True,True,True,True,True,2019-12-20,2026-08-06,2024-10-08 09:35,2026-08-06 15:00,2026-04-27 09:31,2026-08-06 15:00,1518,20736,16800,0.001,tdx_local_catalog
snapshot-20260806T091453459470Z,2026-08-06,501075.XSHG,科创主题LOF,XSHG,1,501075,sh501075,lof,000171,62,speclofdata.txt,catalog,available,True,True,True,True,True,2019-09-12,2026-08-06,2024-10-08 09:35,2026-08-06 15:00,2026-04-27 09:31,2026-08-06 15:00,1664,21216,16800,0.001,tdx_local_catalog
snapshot-20260806T091453459470Z,2026-08-06,501076.XSHG,鹏华创新动力LOF,XSHG,1,501076,sh501076,lof,000171,62,speclofdata.txt,catalog,available,True,True,True,True,True,2019-12-09,2026-08-06,2024-10-08 09:35,2026-08-06 15:00,2026-04-27 09:31,2026-08-06 15:00,1598,21408,16800,0.001,tdx_local_catalog
snapshot-20260806T091453459470Z,2026-08-06,501077.XSHG,富国创新企业LOF,XSHG,1,501077,sh501077,lof,000998,62,speclofdata.txt,catalog,available,True,True,True,True,True,2019-10-28,2026-08-06,2024-10-08 09:35,2026-08-06 15:00,2026-04-27 09:31,2026-08-06 15:00,1645,21456,16800,0.001,tdx_local_catalog
snapshot-20260806T091453459470Z,2026-08-06,501078.XSHG,科创配置LOF,XSHG,1,501078,sh501078,lof,000171,62,speclofdata.txt,catalog,available,True,True,True,True,True,2019-11-18,2026-08-06,2024-10-08 09:35,2026-08-06 15:00,2026-04-27 09:31,2026-08-06 15:00,1630,21456,16800,0.001,tdx_local_catalog
snapshot-20260806T091453459470Z,2026-08-06,501079.XSHG,科创大成LOF,XSHG,1,501079,sh501079,lof,000171,62,speclofdata.txt,catalog,available,True,True,True,True,True,2020-01-20,2026-08-06,2024-10-08 09:35,2026-08-06 15:00,2026-04-27 09:31,2026-08-06 15:00,1586,21456,16800,0.001,tdx_local_catalog
snapshot-20260806T091453459470Z,2026-08-06,501080.XSHG,科创主题投资基金,XSHG,1,501080,sh501080,lof,000171,62,speclofdata.txt,catalog,available,True,True,True,True,True,2019-12-25,2026-08-06,2024-10-08 09:35,2026-08-06 15:00,2026-04-27 09:31,2026-08-06 15:00,1601,21456,16800,0.001,tdx_local_catalog
snapshot-20260806T091453459470Z,2026-08-06,501081.XSHG,科创中欧LOF,XSHG,1,501081,sh501081,lof,000171,62,speclofdata.txt,catalog,available,True,True,True,True,True,2019-09-06,2026-08-06,2024-10-08 09:35,2026-08-06 15:00,2026-04-27 09:31,2026-08-06 15:00,1670,21456,16800,0.001,tdx_local_catalog
snapshot-20260806T091453459470Z,2026-08-06,501082.XSHG,科创投资LOF,XSHG,1,501082,sh501082,lof,000171,62,speclofdata.txt,catalog,available,True,True,True,True,True,2019-12-26,2026-08-06,2024-10-08 09:35,2026-08-06 15:00,2026-04-27 09:31,2026-08-06 15:00,1598,21312,16800,0.001,tdx_local_catalog
snapshot-20260806T091453459470Z,2026-08-06,501083.XSHG,科创银华LOF,XSHG,1,501083,sh501083,lof,000171,62,speclofdata.txt,catalog,available,True,True,True,True,True,2020-01-07,2026-08-06,2024-10-08 09:35,2026-08-06 15:00,2026-04-27 09:31,2026-08-06 15:00,1595,21456,16800,0.001,tdx_local_catalog
snapshot-20260806T091453459470Z,2026-08-06,501085.XSHG,财通科创LOF,XSHG,1,501085,sh501085,lof,000171,62,speclofdata.txt,catalog,available,True,True,True,True,True,2020-02-07,2026-08-06,2024-10-08 09:35,2026-08-06 15:00,2026-04-27 09:31,2026-08-06 15:00,1572,21360,16800,0.001,tdx_local_catalog
snapshot-20260806T091453459470Z,2026-08-06,501087.XSHG,交银瑞丰LOF,XSHG,1,501087,sh501087,lof,000300,1,speclofdata.txt,catalog,available,True,True,True,True,True,2020-03-09,2026-08-06,2024-10-08 09:35,2026-08-06 15:00,2026-04-27 09:31,2026-08-06 15:00,1537,21168,16800,0.001,tdx_local_catalog
snapshot-20260806T091453459470Z,2026-08-06,501088.XSHG,嘉实瑞虹,XSHG,1,501088,sh501088,lof,000300,1,speclofdata.txt,catalog,available,True,True,True,True,True,2020-03-09,2026-08-06,2024-10-08 09:35,2026-08-06 15:00,2026-04-27 09:31,2026-08-06 15:00,1506,20832,16800,0.001,tdx_local_catalog
snapshot-20260806T091453459470Z,2026-08-06,501089.XSHG,消费红利增强LOF,XSHG,1,501089,sh501089,lof,H30094,62,speclofdata.txt,catalog,available,True,True,True,True,True,2019-12-31,2026-08-06,2024-10-08 09:35,2026-08-06 15:00,2026-04-27 09:31,2026-08-06 15:00,1599,21456,16800,0.001,tdx_local_catalog
snapshot-20260806T091453459470Z,2026-08-06,501090.XSHG,消费龙头LOF,XSHG,1,501090,sh501090,lof,931068,62,speclofdata.txt,catalog,available,True,True,True,True,True,2020-01-06,2026-08-06,2024-10-08 09:35,2026-08-06 15:00,2026-04-27 09:31,2026-08-06 15:00,1596,21456,16800,0.001,tdx_local_catalog
snapshot-20260806T091453459470Z,2026-08-06,501091.XSHG,嘉实欣荣LOF,XSHG,1,501091,sh501091,lof,000300,1,speclofdata.txt,catalog,available,True,True,True,True,True,2020-07-22,2026-08-06,2024-10-08 09:35,2026-08-06 15:00,2026-04-27 09:31,2026-08-06 15:00,1323,19392,16800,0.001,tdx_local_catalog
snapshot-20260806T091453459470Z,2026-08-06,501092.XSHG,交银瑞思LOF,XSHG,1,501092,sh501092,lof,000300,1,speclofdata.txt,catalog,available,True,True,True,True,True,2020-08-05,2026-08-06,2024-10-08 09:35,2026-08-06 15:00,2026-04-27 09:31,2026-08-06 15:00,1283,17424,13200,0.001,tdx_local_catalog
snapshot-20260806T091453459470Z,2026-08-06,501093.XSHG,华夏翔阳LOF,XSHG,1,501093,sh501093,lof,000906,1,speclofdata.txt,catalog,available,True,True,True,True,True,2021-01-08,2026-08-06,2024-10-08 09:35,2026-08-06 15:00,2026-04-27 09:31,2026-08-06 15:00,1316,21024,16800,0.001,tdx_local_catalog
snapshot-20260806T091453459470Z,2026-08-06,501095.XSHG,中银证券科技创新,XSHG,1,501095,sh501095,lof,000171,62,speclofdata.txt,catalog,available,True,True,True,True,True,2020-07-08,2026-08-06,2024-10-08 09:35,2026-08-06 15:00,2026-04-27 09:31,2026-08-06 15:00,1476,21456,16800,0.001,tdx_local_catalog
snapshot-20260806T091453459470Z,2026-08-06,501096.XSHG,国联安科创LOF,XSHG,1,501096,sh501096,lof,000171,62,speclofdata.txt,catalog,available,True,True,True,True,True,2020-07-22,2026-08-06,2024-10-08 09:35,2026-08-06 15:00,2026-04-27 09:31,2026-08-06 15:00,1450,21456,16800,0.001,tdx_local_catalog
snapshot-20260806T091453459470Z,2026-08-06,501097.XSHG,科创国寿LOF,XSHG,1,501097,sh501097,lof,000905,1,speclofdata.txt,catalog,available,True,True,True,True,True,2020-08-28,2026-08-06,2024-10-08 09:35,2026-08-06 15:00,2026-04-27 09:31,2026-08-06 15:00,1173,20928,16800,0.001,tdx_local_catalog
snapshot-20260806T091453459470Z,2026-08-06,501098.XSHG,科创建信LOF,XSHG,1,501098,sh501098,lof,000171,62,speclofdata.txt,catalog,available,True,True,True,True,True,2020-04-29,2026-08-06,2024-10-08 09:35,2026-08-06 15:00,2026-04-27 09:31,2026-08-06 15:00,1372,20544,16800,0.001,tdx_local_catalog
snapshot-20260806T091453459470Z,2026-08-06,501099.XSHG,平安新兴产业LOF,XSHG,1,501099,sh501099,lof,000171,62,speclofdata.txt,catalog,available,True,True,True,True,True,2020-07-01,2026-08-06,2024-10-08 09:35,2026-08-06 15:00,2026-04-27 09:31,2026-08-06 15:00,1434,20880,16800,0.001,tdx_local_catalog
snapshot-20260806T091453459470Z,2026-08-06,501186.XSHG,华夏兴融LOF,XSHG,1,501186,sh501186,lof,000300,1,speclofdata.txt,catalog,available,True,True,True,True,True,2019-03-29,2026-08-06,2024-10-08 09:35,2026-08-06 15:00,2026-04-28 09:31,2026-08-06 15:00,1668,18768,12960,0.001,tdx_local_catalog
snapshot-20260806T091453459470Z,2026-08-06,501188.XSHG,添富核心精选LOF,XSHG,1,501188,sh501188,lof,000300,1,speclofdata.txt,catalog,available,True,True,True,True,True,2019-03-29,2026-08-06,2024-10-08 09:35,2026-08-06 15:00,2026-04-27 09:31,2026-08-06 15:00,1760,21456,16800,0.001,tdx_local_catalog
snapshot-20260806T091453459470Z,2026-08-06,501189.XSHG,嘉实产业优选LOF,XSHG,1,501189,sh501189,lof,000300,1,speclofdata.txt,catalog,available,True,True,True,True,True,2019-03-29,2026-08-06,2024-10-08 09:35,2026-08-06 15:00,2026-04-27 09:31,2026-08-06 15:00,1638,19008,15120,0.001,tdx_local_catalog
snapshot-20260806T091453459470Z,2026-08-06,501200.XSHG,科创加银LOF,XSHG,1,501200,sh501200,lof,000171,62,speclofdata.txt,catalog,available,True,True,True,True,True,2020-12-21,2026-08-06,2024-10-08 09:35,2026-08-06 15:00,2026-04-27 09:31,2026-08-06 15:00,1304,21456,16800,0.001,tdx_local_catalog
snapshot-20260806T091453459470Z,2026-08-06,501201.XSHG,科创红土LOF,XSHG,1,501201,sh501201,lof,000171,62,speclofdata.txt,catalog,available,True,True,True,True,True,2021-03-05,2026-08-06,2024-10-08 09:35,2026-08-06 15:00,2026-04-27 09:31,2026-08-06 15:00,1304,21456,16800,0.001,tdx_local_catalog
snapshot-20260806T091453459470Z,2026-08-06,501202.XSHG,华泰创新先锋LOF,XSHG,1,501202,sh501202,lof,000300,1,speclofdata.txt,catalog,available,True,True,True,True,True,2020-11-16,2026-08-06,2024-10-08 09:35,2026-08-06 15:00,2026-04-27 09:31,2026-08-06 15:00,1384,21264,16800,0.001,tdx_local_catalog
snapshot-20260806T091453459470Z,2026-08-06,501203.XSHG,易基创新未来LOF,XSHG,1,501203,sh501203,lof,000906,1,speclofdata.txt,catalog,available,True,True,True,True,True,2021-01-21,2026-08-06,2024-10-08 09:35,2026-08-06 15:00,2026-04-27 09:31,2026-08-06 15:00,1342,21456,16800,0.001,tdx_local_catalog
snapshot-20260806T091453459470Z,2026-08-06,501205.XSHG,鹏华创新未来LOF,XSHG,1,501205,sh501205,lof,000906,1,speclofdata.txt,catalog,available,True,True,True,True,True,2021-01-21,2026-08-06,2024-10-08 09:35,2026-08-06 15:00,2026-04-27 09:31,2026-08-06 15:00,1342,21456,16800,0.001,tdx_local_catalog
snapshot-20260806T091453459470Z,2026-08-06,501206.XSHG,添富创新未来LOF,XSHG,1,501206,sh501206,lof,000906,1,speclofdata.txt,catalog,available,True,True,True,True,True,2021-01-21,2026-08-06,2024-10-08 09:35,2026-08-06 15:00,2026-04-27 09:31,2026-08-06 15:00,1342,21456,16800,0.001,tdx_local_catalog
snapshot-20260806T091453459470Z,2026-08-06,501207.XSHG,华夏创新未来LOF,XSHG,1,501207,sh501207,lof,931187,62,speclofdata.txt,catalog,available,True,True,True,True,True,2021-01-21,2026-08-06,2024-10-08 09:35,2026-08-06 15:00,2026-04-27 09:31,2026-08-06 15:00,1342,21456,16800,0.001,tdx_local_catalog
snapshot-20260806T091453459470Z,2026-08-06,501208.XSHG,中欧创新未来LOF,XSHG,1,501208,sh501208,lof,000906,1,speclofdata.txt,catalog,available,True,True,True,True,True,2021-01-21,2026-08-06,2024-10-08 09:35,2026-08-06 15:00,2026-04-27 09:31,2026-08-06 15:00,1342,21456,16800,0.001,tdx_local_catalog
snapshot-20260806T091453459470Z,2026-08-06,501209.XSHG,富久食品饮料LOF,XSHG,1,501209,sh501209,lof,930653,62,speclofdata.txt,catalog,available,True,True,True,True,True,2021-12-02,2026-08-06,2024-10-08 09:35,2026-08-06 15:00,2026-04-27 09:31,2026-08-06 15:00,1089,21024,16800,0.001,tdx_local_catalog
snapshot-20260806T091453459470Z,2026-08-06,501210.XSHG,交银智选星光FOF,XSHG,1,501210,sh501210,lof,930950,62,speclofdata.txt,catalog,available,True,True,True,True,True,2021-11-19,2026-08-06,2024-10-08 09:35,2026-08-06 15:00,2026-04-27 09:31,2026-08-06 15:00,1006,20016,16800,0.001,tdx_local_catalog
snapshot-20260806T091453459470Z,2026-08-06,501211.XSHG,民生加银优享FOF,XSHG,1,501211,sh501211,lof,,,speclofdata.txt,catalog,stale,True,False,True,True,True,2021-12-22,2026-08-06,2024-10-08 09:35,2026-08-05 15:00,2026-04-27 09:31,2026-08-05 15:00,837,15552,6960,0.001,tdx_local_catalog
snapshot-20260806T091453459470Z,2026-08-06,501212.XSHG,广发优选配置FOF,XSHG,1,501212,sh501212,lof,,,speclofdata.txt,catalog,available,True,True,True,True,True,2021-11-19,2026-08-06,2024-10-08 09:35,2026-08-06 15:00,2026-04-27 09:31,2026-08-06 15:00,1104,20640,15840,0.001,tdx_local_catalog
snapshot-20260806T091453459470Z,2026-08-06,501213.XSHG,中欧汇选FOF,XSHG,1,501213,sh501213,lof,930950,62,speclofdata.txt,catalog,available,True,True,True,True,True,2021-11-19,2026-08-06,2024-10-08 09:35,2026-08-06 15:00,2026-04-27 09:31,2026-08-06 15:00,1109,20544,14880,0.001,tdx_local_catalog
snapshot-20260806T091453459470Z,2026-08-06,501215.XSHG,积极配置FOF,XSHG,1,501215,sh501215,lof,930950,62,speclofdata.txt,catalog,available,True,True,True,True,True,2021-11-19,2026-08-06,2024-10-08 09:35,2026-08-06 15:00,2026-04-27 09:31,2026-08-06 15:00,1142,21408,16800,0.001,tdx_local_catalog
snapshot-20260806T091453459470Z,2026-08-06,501216.XSHG,富国行业精选FOF,XSHG,1,501216,sh501216,lof,000906,1,speclofdata.txt,catalog,available,True,True,True,True,True,2022-01-18,2026-08-06,2024-10-08 09:35,2026-08-06 15:00,2026-04-27 09:31,2026-08-06 15:00,1018,19920,16800,0.001,tdx_local_catalog
snapshot-20260806T091453459470Z,2026-08-06,501217.XSHG,行业配置FOF,XSHG,1,501217,sh501217,lof,000300,1,speclofdata.txt,catalog,available,True,True,True,True,True,2022-04-25,2026-08-06,2024-10-08 09:35,2026-08-06 15:00,2026-04-27 09:31,2026-08-06 15:00,895,19632,16080,0.001,tdx_local_catalog
snapshot-20260806T091453459470Z,2026-08-06,501218.XSHG,工银睿智进取FOF,XSHG,1,501218,sh501218,lof,000906,1,speclofdata.txt,catalog,available,True,True,True,True,True,2021-12-17,2026-08-06,2024-10-08 09:35,2026-08-06 15:00,2026-04-27 09:31,2026-08-06 15:00,1071,19632,14880,0.001,tdx_local_catalog
snapshot-20260806T091453459470Z,2026-08-06,501219.XSHG,智胜先锋LOF,XSHG,1,501219,sh501219,lof,000905,1,speclofdata.txt,catalog,available,True,True,True,True,True,2022-02-09,2026-08-06,2024-10-08 09:35,2026-08-06 15:00,2026-04-27 09:31,2026-08-06 15:00,1091,21456,16800,0.001,tdx_local_catalog
snapshot-20260806T091453459470Z,2026-08-06,501220.XSHG,行业轮动FOF,XSHG,1,501220,sh501220,lof,000300,1,speclofdata.txt,catalog,available,True,True,True,True,True,2022-08-15,2026-08-06,2024-10-08 09:35,2026-08-06 15:00,2026-04-27 09:31,2026-08-06 15:00,870,20880,16800,0.001,tdx_local_catalog
snapshot-20260806T091453459470Z,2026-08-06,501222.XSHG,如意招享FOF,XSHG,1,501222,sh501222,lof,H11023,62,speclofdata.txt,catalog,available,True,True,True,True,True,2023-02-01,2026-08-06,2024-10-08 09:35,2026-08-06 15:00,2026-04-27 09:31,2026-08-06 15:00,590,12864,9840,0.001,tdx_local_catalog
snapshot-20260806T091453459470Z,2026-08-06,501225.XSHG,全球芯片LOF,XSHG,1,501225,sh501225,lof,SOX,12,speclofdata.txt,catalog,available,True,True,True,True,True,2023-04-14,2026-08-06,2024-10-08 09:35,2026-08-06 15:00,2026-04-27 09:31,2026-08-06 15:00,803,21456,16800,0.001,tdx_local_catalog
snapshot-20260806T091453459470Z,2026-08-06,501227.XSHG,泓德红利优选LOF,XSHG,1,501227,sh501227,lof,000922,62,speclofdata.txt,catalog,available,True,True,True,True,True,2025-06-25,2026-08-06,2025-06-25 09:35,2026-08-06 15:00,2026-04-27 09:31,2026-08-06 15:00,273,13104,16800,0.001,tdx_local_catalog
snapshot-20260806T091453459470Z,2026-08-06,501300.XSHG,美元债LOF,XSHG,1,501300,sh501300,lof,,,speclofdata.txt,catalog,available,True,True,True,True,True,2017-02-16,2026-08-06,2024-10-08 09:35,2026-08-06 15:00,2026-04-27 09:31,2026-08-06 15:00,2292,21456,16800,0.001,tdx_local_catalog
snapshot-20260806T091453459470Z,2026-08-06,501301.XSHG,香港大盘LOF,XSHG,1,501301,sh501301,lof,HZ5021,27,speclofdata.txt,catalog,available,True,True,True,True,True,2017-05-08,2026-08-06,2024-10-08 09:35,2026-08-06 15:00,2026-04-27 09:31,2026-08-06 15:00,2234,21456,16800,0.001,tdx_local_catalog
snapshot-20260806T091453459470Z,2026-08-06,501302.XSHG,恒生指数基金LOF,XSHG,1,501302,sh501302,lof,HSI,27,speclofdata.txt,catalog,available,True,True,True,True,True,2017-08-15,2026-08-06,2024-10-08 09:35,2026-08-06 15:00,2026-04-27 09:31,2026-08-06 15:00,1998,21456,16800,0.001,tdx_local_catalog
snapshot-20260806T091453459470Z,2026-08-06,501303.XSHG,恒生中型股LOF,XSHG,1,501303,sh501303,lof,HZ5027,27,speclofdata.txt,catalog,available,True,True,True,True,True,2017-10-25,2026-08-06,2024-10-08 09:35,2026-08-06 15:00,2026-04-27 09:31,2026-08-06 15:00,1812,21456,16800,0.001,tdx_local_catalog
snapshot-20260806T091453459470Z,2026-08-06,501305.XSHG,港股高股息LOF,XSHG,1,501305,sh501305,lof,930914,62,speclofdata.txt,catalog,available,True,True,True,True,True,2018-01-18,2026-08-06,2024-10-08 09:35,2026-08-06 15:00,2026-04-27 09:31,2026-08-06 15:00,1942,21456,16800,0.001,tdx_local_catalog
snapshot-20260806T091453459470Z,2026-08-06,501306.XSHG,港股高股息LOFC,XSHG,1,501306,sh501306,lof,930914,62,speclofdata.txt,catalog,available,True,True,True,True,True,2018-01-18,2026-08-06,2024-10-08 09:35,2026-08-06 15:00,2026-04-27 09:31,2026-08-06 15:00,1688,21408,16800,0.001,tdx_local_catalog
snapshot-20260806T091453459470Z,2026-08-06,501307.XSHG,沪港深红利LOF,XSHG,1,501307,sh501307,lof,930917,62,speclofdata.txt,catalog,available,True,True,True,True,True,2018-04-25,2026-08-06,2024-10-08 09:35,2026-08-06 15:00,2026-04-27 09:31,2026-08-06 15:00,1471,21264,16800,0.001,tdx_local_catalog
snapshot-20260806T091453459470Z,2026-08-06,501310.XSHG,价值基金LOF,XSHG,1,501310,sh501310,lof,SPACEVCP,12,speclofdata.txt,catalog,available,True,True,True,True,True,2018-11-22,2026-08-06,2024-10-08 09:35,2026-08-06 15:00,2026-04-27 09:31,2026-08-06 15:00,1840,21216,16800,0.001,tdx_local_catalog
snapshot-20260806T091453459470Z,2026-08-06,501311.XSHG,港股通新经济LOF,XSHG,1,501311,sh501311,lof,HZ5330,27,speclofdata.txt,catalog,available,True,True,True,True,True,2019-02-14,2026-08-06,2024-10-08 09:35,2026-08-06 15:00,2026-04-27 09:31,2026-08-06 15:00,1744,21456,16800,0.001,tdx_local_catalog
snapshot-20260806T091453459470Z,2026-08-06,501312.XSHG,海外科技LOF,XSHG,1,501312,sh501312,lof,NDX,12,speclofdata.txt,catalog,available,True,True,True,True,True,2023-04-25,2026-08-06,2024-10-08 09:35,2026-08-06 15:00,2026-04-27 09:31,2026-08-06 15:00,796,21456,16800,0.001,tdx_local_catalog
snapshot-20260806T091453459470Z,2026-08-06,502000.XSHG,500增强LOF,XSHG,1,502000,sh502000,lof,000905,1,speclofdata.txt,catalog,available,True,True,True,True,True,2015-04-27,2026-08-06,2024-10-08 09:35,2026-08-06 15:00,2026-04-27 09:31,2026-08-06 15:00,2395,21408,16800,0.001,tdx_local_catalog
snapshot-20260806T091453459470Z,2026-08-06,502003.XSHG,军工LOF,XSHG,1,502003,sh502003,lof,399967,0,speclofdata.txt,catalog,available,True,True,True,True,True,2015-07-15,2026-08-06,2024-10-08 09:35,2026-08-06 15:00,2026-04-27 09:31,2026-08-06 15:00,2674,21456,16800,0.001,tdx_local_catalog
snapshot-20260806T091453459470Z,2026-08-06,502006.XSHG,国企改革LOF,XSHG,1,502006,sh502006,lof,399974,0,speclofdata.txt,catalog,available,True,True,True,True,True,2015-06-25,2026-08-06,2024-10-08 09:35,2026-08-06 15:00,2026-04-27 09:31,2026-08-06 15:00,2666,21264,16800,0.001,tdx_local_catalog
snapshot-20260806T091453459470Z,2026-08-06,502010.XSHG,证券LOF,XSHG,1,502010,sh502010,lof,399975,0,speclofdata.txt,catalog,available,True,True,True,True,True,2015-07-15,2026-08-06,2024-10-08 09:35,2026-08-06 15:00,2026-04-27 09:31,2026-08-06 15:00,2667,21456,16800,0.001,tdx_local_catalog
snapshot-20260806T091453459470Z,2026-08-06,502013.XSHG,一带一路LOF,XSHG,1,502013,sh502013,lof,930620,62,speclofdata.txt,catalog,available,True,True,True,True,True,2015-06-09,2026-08-06,2024-10-08 09:35,2026-08-06 15:00,2026-04-27 09:31,2026-08-06 15:00,2700,21456,16800,0.001,tdx_local_catalog
snapshot-20260806T091453459470Z,2026-08-06,502023.XSHG,钢铁LOF,XSHG,1,502023,sh502023,lof,399440,0,speclofdata.txt,catalog,available,True,True,True,True,True,2015-08-24,2026-08-06,2024-10-08 09:35,2026-08-06 15:00,2026-04-27 09:31,2026-08-06 15:00,2540,21216,16800,0.001,tdx_local_catalog
snapshot-20260806T091453459470Z,2026-08-06,502048.XSHG,上证50LOF,XSHG,1,502048,sh502048,lof,000016,1,speclofdata.txt,catalog,available,True,True,True,True,True,2015-04-27,2026-08-06,2024-10-08 09:35,2026-08-06 15:00,2026-04-27 09:31,2026-08-06 15:00,2734,21456,16800,0.001,tdx_local_catalog
snapshot-20260806T091453459470Z,2026-08-06,502053.XSHG,券商LOF,XSHG,1,502053,sh502053,lof,399975,0,speclofdata.txt,catalog,available,True,True,True,True,True,2015-08-24,2026-08-06,2024-10-08 09:35,2026-08-06 15:00,2026-04-27 09:31,2026-08-06 15:00,2591,21456,16800,0.001,tdx_local_catalog
snapshot-20260806T091453459470Z,2026-08-06,502056.XSHG,医疗基金LOF,XSHG,1,502056,sh502056,lof,399989,0,speclofdata.txt,catalog,available,True,True,True,True,True,2015-07-31,2026-08-06,2024-10-08 09:35,2026-08-06 15:00,2026-04-27 09:31,2026-08-06 15:00,2639,21456,16800,0.001,tdx_local_catalog
snapshot-20260806T091453459470Z,2026-08-06,506000.XSHG,科创板基金,XSHG,1,506000,sh506000,lof,000688,1,speclofdata.txt,catalog,available,True,True,True,True,True,2021-01-28,2026-08-06,2024-10-08 09:35,2026-08-06 15:00,2026-04-27 09:31,2026-08-06 15:00,1337,21456,16800,0.001,tdx_local_catalog
snapshot-20260806T091453459470Z,2026-08-06,506001.XSHG,万家科创板,XSHG,1,506001,sh506001,lof,000171,62,speclofdata.txt,catalog,available,True,True,True,True,True,2021-02-03,2026-08-06,2024-10-08 09:35,2026-08-06 15:00,2026-04-27 09:31,2026-08-06 15:00,1332,21456,16800,0.001,tdx_local_catalog
snapshot-20260806T091453459470Z,2026-08-06,506002.XSHG,易方达科创板,XSHG,1,506002,sh506002,lof,000688,1,speclofdata.txt,catalog,available,True,True,True,True,True,2021-01-28,2026-08-06,2024-10-08 09:35,2026-08-06 15:00,2026-04-27 09:31,2026-08-06 15:00,1337,21456,16800,0.001,tdx_local_catalog
snapshot-20260806T091453459470Z,2026-08-06,506003.XSHG,富国科创板,XSHG,1,506003,sh506003,lof,000171,62,speclofdata.txt,catalog,available,True,True,True,True,True,2021-01-29,2026-08-06,2024-10-08 09:35,2026-08-06 15:00,2026-04-27 09:31,2026-08-06 15:00,1336,21456,16800,0.001,tdx_local_catalog
snapshot-20260806T091453459470Z,2026-08-06,506005.XSHG,科创板博时,XSHG,1,506005,sh506005,lof,000171,62,speclofdata.txt,catalog,available,True,True,True,True,True,2021-01-29,2026-08-06,2024-10-08 09:35,2026-08-06 15:00,2026-04-27 09:31,2026-08-06 15:00,1336,21456,16800,0.001,tdx_local_catalog
snapshot-20260806T091453459470Z,2026-08-06,506006.XSHG,汇添富科创板,XSHG,1,506006,sh506006,lof,000688,1,speclofdata.txt,catalog,available,True,True,True,True,True,2021-01-28,2026-08-06,2024-10-08 09:35,2026-08-06 15:00,2026-04-27 09:31,2026-08-06 15:00,1337,21456,16800,0.001,tdx_local_catalog
snapshot-20260806T091453459470Z,2026-08-06,506008.XSHG,科创板长城,XSHG,1,506008,sh506008,lof,000171,62,speclofdata.txt,catalog,available,True,True,True,True,True,2022-03-28,2026-08-06,2024-10-08 09:35,2026-08-06 15:00,2026-04-27 09:31,2026-08-06 15:00,1057,21456,16800,0.001,tdx_local_catalog
