id,code,name,pub_date,start_date,end_date,traced_index_name,traced_index_code
1,562390.XSHG,中药,2022-07-06,2022-07-11,,中证中药(930641),930641.CSI
2,561510.XSHG,中医药,2022-07-07,2022-07-11,,中证中药(930641),930641.CSI
3,159647.XSHE,中药ETF鹏华,2022-07-07,2022-07-11,,中证中药(930641),930641.CSI
4,561190.XSHG,双碳ETF,2022-06-30,2022-07-04,,SEEE碳中和(931755),931755.CSI
5,560060.XSHG,碳中和基,2022-06-30,2022-07-04,,SEEE碳中和(931755),931755.CSI
6,560550.XSHG,碳中和,2022-06-29,2022-07-04,,SEEE碳中和(931755),931755.CSI
7,562990.XSHG,碳中和E,2022-06-29,2022-07-04,,SEEE碳中和(931755),931755.CSI
8,159642.XSHE,碳中和ETF大成,2022-06-30,2022-07-04,,SEEE碳中和(931755),931755.CSI
9,159639.XSHE,碳中和ETF南方,2022-06-30,2022-07-04,,SEEE碳中和(931755),931755.CSI
10,159641.XSHE,碳中和ETF招商,2022-06-30,2022-07-04,,SEEE碳中和(931755),931755.CSI
11,562000.XSHG,中证A100ETF基金,2022-06-16,2022-07-01,,中证A100(000903),000903.XSHG
12,159620.XSHE,中证500成长ETF华夏,2022-06-20,2022-06-23,,500成长创新(931590),931590.CSI
13,159628.XSHE,国证2000ETF万家,2022-05-16,2022-06-14,,国证2000(399303),399303.XSHE
14,561160.XSHG,锂电池,2022-06-09,2022-06-14,,CS电池(931719),931719.CSI
15,561700.XSHG,电力基金,2022-06-07,2022-06-13,,电力指数(H30199),H30199.CSI
16,513120.XSHG,HK创新药,2022-06-07,2022-06-13,,港股创新药CNY(931787CNY00),
17,159635.XSHE,基建ETF华夏,2022-05-31,2022-06-06,,中证基建(930608),930608.CSI
18,513220.XSHG,互联网30,2022-05-20,2022-05-27,,全球中国互联网(930796),930796.CSI
19,159621.XSHE,ESGETF国泰,2022-05-19,2022-05-24,,MSCI中国A股(人民币)ESG通用指数(721638),
20,159617.XSHE,中证500价值ETF华夏,2022-05-16,2022-05-23,,500价值稳健(931587),931587.CSI
21,159638.XSHE,高端装备ETF嘉实,2022-06-30,2022-07-18,,高装细分50(931521),931521.CSI
22,562530.XSHG,1000价值,2022-07-13,2022-07-18,,1000价值稳健(931588),931588.CSI
23,159640.XSHE,碳中和龙头ETF工银,2022-06-30,2022-07-04,,SEEE碳中和(931755),931755.CSI
24,588260.XSHG,科创技术,2022-04-19,2022-05-09,,科创信息(000682),000682.XSHG
25,588100.XSHG,科创信息,2022-04-19,2022-05-09,,科创信息(000682),000682.XSHG
26,159623.XSHE,成渝经济圈ETF博时,2022-04-27,2022-05-10,,成渝经济圈(931695),931695.CSI
27,560900.XSHG,创新药企,2022-05-05,2022-05-09,,CS创新药(931152),931152.CSI
28,560080.XSHG,中药ETF,2022-07-14,2022-07-19,,中证中药(930641),930641.CSI
29,513380.XSHG,科技恒生,2022-04-11,2022-04-18,,恒生科技指数(HSTECH),
30,560990.XSHG,科技先锋,2022-04-15,2022-04-18,,科技先锋(931447),931447.CSI
31,561560.XSHG,电力ETF,2022-04-01,2022-04-08,,电力指数(H30199),H30199.CSI
32,159625.XSHE,绿色电力ETF嘉实,2022-03-22,2022-04-06,,绿色电力(399438),399438.XSHE
33,159646.XSHE,疫苗ETF基金,2022-07-18,2022-07-21,2024-06-05,疫苗生科(980015),
34,159798.XSHE,消费ETF易方达,2022-03-14,2022-03-29,,CS消费50(931139),931139.CSI
35,159609.XSHE,光伏ETF浦银,2022-03-25,2022-03-29,,光伏产业(931151),931151.CSI
36,159603.XSHE,科创创业ETF天弘,2022-03-25,2022-03-29,,科创创业50(931643),931643.CSI
37,560880.XSHG,家电基金,2022-03-11,2022-03-21,,家用电器(930697),930697.CSI
38,560650.XSHG,核心50,2022-03-11,2022-03-16,2026-07-03,企业核心竞争力50(931526),931526.CSI
39,560010.XSHG,1000基金,2022-07-14,2022-07-22,,中证1000(000852),000852.XSHG
40,560110.XSHG,ZZ1000,2022-07-15,2022-07-22,,中证1000(000852),000852.XSHG
41,159633.XSHE,中证1000ETF易方达,2022-07-11,2022-07-22,,中证1000(000852),000852.XSHG
42,562520.XSHG,1000成长,2022-02-11,2022-02-21,,1000成长创新(931591),931591.CSI
43,517990.XSHG,医药基金,2022-01-28,2022-02-09,,沪港深500医药(H30463),H30463.CSI
44,159618.XSHE,光伏ETF华安,2022-01-17,2022-02-07,,光伏产业(931151),931151.CSI
45,159797.XSHE,医疗器械ETF汇添富,2022-01-25,2022-01-28,,医疗器械(H30217),H30217.CSI
46,159791.XSHE,300ESGETF华夏,2022-01-14,2022-01-19,,300ESG(931463),931463.CSI
47,159619.XSHE,基建ETF国泰,2022-01-19,2022-01-25,,中证基建(930608),930608.CSI
48,513770.XSHG,港股互联网ETF,2022-01-07,2022-01-17,,港股通互联网(931637),931637.CSI
49,159613.XSHE,信息安全ETF嘉实,2021-12-31,2022-01-10,,信息安全(399994),399994.XSHE
50,560100.XSHG,增强ETF,2021-12-30,2022-01-07,,中证500(000905),000905.XSHG
51,517550.XSHG,消费主题,2021-12-28,2022-01-04,,SHS消费龙头(931663),931663.CSI
52,159795.XSHE,智能汽车ETF汇添富,2021-12-16,2021-12-27,,CS智汽车(930721),930721.CSI
53,159643.XSHE,疫苗ETF国泰,2022-07-19,2022-07-25,,疫苗生科(980015),
54,159611.XSHE,电力ETF广发,2021-12-09,2021-12-20,,电力指数(H30199),H30199.CSI
55,159834.XSHE,金ETF南方,2021-12-15,2021-12-20,,,
56,517900.XSHG,银行优选,2021-12-07,2021-12-10,,银行AH(931039),931039.CSI
57,560800.XSHG,数字ETF,2021-11-23,2021-12-06,,数字经济(931582),931582.CSI
58,159608.XSHE,稀有金属ETF广发,2021-11-29,2021-12-06,,CS稀金属(930632),930632.CSI
59,159606.XSHE,中证500成长ETF易方达,2021-11-19,2021-12-02,,500质量成长(930939),930939.CSI
60,159778.XSHE,工业互联网ETF鹏华,2021-11-25,2021-12-01,,工业互联(931495),931495.CSI
61,159787.XSHE,建材ETF易方达,2021-11-29,2021-12-02,,建筑材料(931009),931009.CSI
62,159775.XSHE,电池ETF建信,2021-11-26,2021-12-01,,新能电池(980032),
63,562950.XSHG,消电50,2021-11-26,2021-11-30,,消费电子(931494),931494.CSI
64,513960.XSHG,港股消费,2021-11-26,2021-12-01,2024-09-10,港股通消费CNY(931455),931455.CSI
65,513230.XSHG,H股消费,2021-11-25,2021-11-30,,港股通消费(931454),931454.CSI
66,561990.XSHG,300增强,2021-11-18,2021-11-22,,沪深300(000300),000300.XSHG
67,159610.XSHE,中证500增强ETF景顺,2021-11-19,2021-11-22,,中证500(000905),000905.XSHG
68,561550.XSHG,500指增,2021-11-17,2021-11-22,,中证500(000905),000905.XSHG
69,561300.XSHG,300增ETF,2021-11-18,2021-11-22,,沪深300(000300),000300.XSHG
70,159761.XSHE,新材料ETF国泰,2021-11-09,2021-11-15,,新材料(H30597),H30597.CSI
71,159769.XSHE,消费电子龙头ETF,2021-11-11,2021-11-16,2024-07-10,消费电子(931494),931494.CSI
72,159768.XSHE,房地产ETF银华,2021-11-12,2021-11-16,,内地地产(000948),000948.CSI
73,562510.XSHG,旅游ETF,2021-11-13,2021-11-16,,中证旅游(930633),930633.CSI
74,562500.XSHG,机器人,2021-11-05,2021-11-11,,机器人(H30590),H30590.CSI
75,159758.XSHE,红利质量ETF华夏,2021-11-05,2021-11-11,,红利质量(931468),931468.CSI
76,561120.XSHG,家电ETF,2021-11-08,2021-11-11,,家用电器(930697),930697.CSI
77,588310.XSHG,双创基金,2021-10-26,2021-11-08,,科创创业50(931643),931643.CSI
78,159760.XSHE,医疗健康ETF泰康,2021-11-03,2021-11-08,,医疗健康(980016),
79,159748.XSHE,创新药ETF富国,2021-10-29,2021-11-05,,SHS创新药(931409),931409.CSI
80,159751.XSHE,港股通科技ETF鹏华,2021-11-01,2021-11-05,,港股通科技CNY(931573CNY00),
81,517770.XSHG,游戏传媒,2021-10-20,2021-10-26,,SHS游戏传媒(931580),931580.CSI
82,517390.XSHG,云计算ETF天弘,2021-10-13,2021-10-22,,SHS云计算(931470),931470.CSI
83,562910.XSHG,高端制造,2021-10-18,2021-10-22,,装备产业(H11054),H11054.CSI
84,561100.XSHG,电子龙头,2021-10-18,2021-10-21,,消费电子(931494),931494.CSI
85,588150.XSHG,科创龙头,2021-10-18,2021-10-21,,科创50(000688),000688.XSHG
86,159738.XSHE,云计算ETF华泰柏瑞,2021-10-19,2021-10-22,,SHS云计算(931470),931470.CSI
87,562900.XSHG,现代农业,2021-10-19,2021-10-22,,CS现代农(930662),930662.CSI
88,560050.XSHG,MSCIA50,2021-10-19,2021-10-22,,MSCI中国A50互联互通(人民币)指数(本币)(746059L),
89,563000.XSHG,中国A50,2021-10-19,2021-10-22,,MSCI中国A50互联互通(人民币)指数(本币)(746059L),
90,159601.XSHE,A50ETF华夏,2021-10-19,2021-10-22,,MSCI中国A50互联互通(人民币)指数(本币)(746059L),
91,159602.XSHE,中国A50ETF南方,2021-10-19,2021-10-22,,MSCI中国A50互联互通指数(人民币)(735577C),
92,517880.XSHG,品牌消费,2021-10-16,2021-10-21,,SHS品牌消费50(931404),931404.CSI
93,561310.XSHG,消电ETF,2021-10-18,2021-10-21,,消费电子(931494),931494.CSI
94,517280.XSHG,网购ETF,2021-09-24,2021-10-11,2024-07-06,SHS线上消费(931481),931481.CSI
95,517960.XSHG,科技AH,2021-09-29,2021-10-12,2024-07-06,SHS科技100(931442),931442.CSI
96,159739.XSHE,云计算ETF鹏华,2021-09-24,2021-10-11,,云计算(930851),930851.CSI
97,159770.XSHE,机器人ETF天弘,2021-09-27,2021-10-11,,机器人(H30590),H30590.CSI
98,159793.XSHE,线上消费ETF平安,2021-09-30,2021-10-11,,SHS线上消费(931481),931481.CSI
99,159779.XSHE,消费电子ETF招商,2021-09-17,2021-10-11,,消费电子(931494),931494.CSI
100,159728.XSHE,在线消费ETF南方,2021-09-28,2021-10-08,,在线消费(399361),399361.XSHE
101,516750.XSHG,建材ETF,2021-09-28,2021-10-08,,建筑材料(931009),931009.CSI
102,159731.XSHE,石化ETF华夏,2021-09-30,2021-10-11,,石化产业(H11057),H11057.CSI
103,516350.XSHG,芯片50,2021-09-23,2021-09-30,,芯片产业(H30007),H30007.CSI
104,516730.XSHG,证券公司,2021-09-27,2021-09-30,,证券公司30(931412),931412.CSI
105,516530.XSHG,物流快递,2021-09-27,2021-09-30,,CS物流(930716),930716.CSI
106,159712.XSHE,港股通50ETF国泰,2021-09-17,2021-09-24,,港股通50(930931),930931.CSI
107,516620.XSHG,影视ETF,2021-09-17,2021-09-24,,中证影视(930781),930781.CSI
108,588280.XSHG,科创五零,2021-09-09,2021-09-22,,科创50(000688),000688.XSHG
109,517330.XSHG,长江保护,2021-09-14,2021-09-22,,长江保护(931554),931554.CSI
110,517160.XSHG,长江ETF,2021-09-14,2021-09-22,,长江保护(931554),931554.CSI
111,159707.XSHE,地产ETF华宝,2021-09-17,2021-09-22,,800地产(399965),399965.XSHE
112,517660.XSHG,物联网ETF天弘,2021-09-15,2021-09-22,,SHS物联网(931575),931575.CSI
113,517180.XSHG,中国国企,2021-09-09,2021-09-14,,富时中国国企开放共赢指数(GPCCH003),
114,517090.XSHG,共赢ETF,2021-09-09,2021-09-14,,富时中国国企开放共赢指数(GPCCH003),
115,159719.XSHE,国企ETF平安,2021-09-10,2021-09-14,,富时中国国企开放共赢指数(GPCCH003),
116,561130.XSHG,国货ETF,2021-09-01,2021-09-13,,品牌工程(931403),931403.CSI
117,516130.XSHG,消费龙头,2021-09-03,2021-09-13,,消费龙头(931068),931068.CSI
118,159895.XSHE,物联网ETF易方达,2021-09-04,2021-09-10,,CS物联网(930712),930712.CSI
119,159896.XSHE,物联网ETF南方,2021-09-06,2021-09-09,,CS物联网(930712),930712.CSI
120,159777.XSHE,创科技ETF国联安,2021-09-06,2021-09-13,,创科技(399276),399276.XSHE
121,159701.XSHE,物联网ETF招商,2021-09-07,2021-09-10,,CS物联网(930712),930712.CSI
122,562800.XSHG,稀有金属,2021-08-28,2021-09-06,,CS稀金属(930632),930632.CSI
123,562360.XSHG,机器人YH,2021-09-02,2021-09-06,,机器人(H30590),H30590.CSI
124,159773.XSHE,创业板科技ETF华泰柏瑞,2021-08-26,2021-09-06,,创科技(399276),399276.XSHE
125,159723.XSHE,科技龙头ETF汇添富,2021-08-27,2021-09-06,,SHS科技龙头(931524),931524.CSI
126,159706.XSHE,深证100ETF华安,2021-08-31,2021-09-06,,深证100(399330),399330.XSHE
127,560000.XSHG,智慧电车,2021-08-31,2021-09-03,2026-05-08,智能电车(H11052),H11052.CSI
128,516690.XSHG,化工产业,2021-08-31,2021-09-03,2024-06-07,细分化工(000813),000813.CSI
129,159637.XSHE,新能源车ETF东财,2022-07-18,2022-08-01,,CS新能车(399976),399976.XSHE
130,159631.XSHE,A100ETF招商,2022-07-19,2022-08-01,,中证A100(000903),000903.XSHG
131,159736.XSHE,食品饮料ETF天弘,2021-08-24,2021-08-30,,CS食品饮(930653),930653.CSI
132,517110.XSHG,创新药HK,2021-08-25,2021-08-30,,SHS创新药(931409),931409.CSI
133,159717.XSHE,ESGETF鹏华,2021-08-24,2021-08-30,,ESG300(399378),399378.XSHE
134,516560.XSHG,养老ETF,2021-08-17,2021-08-25,,养老产业(399812),399812.XSHE
135,510770.XSHG,G60创新,2021-08-13,2021-08-23,,G60成指(950049),950049.CSI
136,159792.XSHE,港股通互联网ETF富国,2021-08-16,2021-08-23,,港股通互联网(931637),931637.CSI
137,159889.XSHE,智能汽车ETF国泰,2021-08-18,2021-08-23,,CS智汽车(930721),930721.CSI
138,516190.XSHG,文娱ETF,2021-08-18,2021-08-23,,文娱传媒(H30365),H30365.CSI
139,159715.XSHE,稀土ETF易方达,2021-08-13,2021-08-18,,稀土产业(930598),930598.CSI
140,561600.XSHG,消费电子,2021-08-10,2021-08-16,,消费电子(931494),931494.CSI
141,561350.XSHG,国泰500,2021-08-05,2021-08-10,,中证500(000905),000905.XSHG
142,516630.XSHG,云计算50,2021-08-06,2021-08-10,,云计算(930851),930851.CSI
143,560560.XSHG,碳中和ETF泰康,2021-08-04,2021-08-09,,内地低碳(000977),000977.CSI
144,516210.XSHG,银行股,2021-07-22,2021-08-02,,中证银行(399986),399986.XSHE
145,588390.XSHG,科创创业,2021-07-16,2021-08-02,,科创创业50(931643),931643.CSI
146,159875.XSHE,新能源ETF嘉实,2021-07-26,2021-08-02,,中证新能(399808),399808.XSHE
147,159877.XSHE,医疗ETF南方,2021-07-28,2021-08-02,,医疗保健(H30178),H30178.CSI
148,516640.XSHG,芯片龙头,2021-07-28,2021-08-02,,芯片产业(H30007),H30007.CSI
149,159763.XSHE,新材料ETF建信,2021-07-28,2021-08-02,,新材料(H30597),H30597.CSI
150,159732.XSHE,消费电子ETF华夏,2021-07-26,2021-07-29,,消费电子(980030),
151,561800.XSHG,稀金属,2021-07-20,2021-07-26,,CS稀金属(930632),930632.CSI
152,159767.XSHE,电池龙头ETF兴银,2021-07-21,2021-07-26,,新能电池(980032),
153,159790.XSHE,碳中和ETF华夏,2021-07-24,2021-07-27,,内地低碳(000977),000977.CSI
154,517030.XSHG,HGS300,2021-07-20,2021-07-23,,沪港深300(931395),931395.CSI
155,516790.XSHG,保健ETF,2021-07-21,2021-07-26,,医疗保健(H30178),H30178.CSI
156,159862.XSHE,食品饮料ETF银华,2021-07-19,2021-07-22,,细分食品(000815),000815.CSI
157,517800.XSHG,AI50,2021-07-16,2021-07-21,,SHS人工智能50(931487),931487.CSI
158,517010.XSHG,HGS500E,2021-07-15,2021-07-19,,沪港深500(H30455),H30455.CSI
159,159713.XSHE,稀土ETF富国,2021-07-15,2021-07-19,,稀土产业(930598),930598.CSI
160,159840.XSHE,锂电池ETF工银,2021-07-08,2021-07-19,,新能电池(980032),
161,560500.XSHG,500质量,2021-07-09,2021-07-19,,500质量成长(930939),930939.CSI
162,516710.XSHG,新材料50,2021-07-14,2021-07-19,,新材料(H30597),H30597.CSI
163,159864.XSHE,光伏ETF国泰,2021-07-15,2021-07-19,,光伏产业(931151),931151.CSI
164,560660.XSHG,云50ETF,2021-07-07,2021-07-15,,云计算50(931469),931469.CSI
165,513590.XSHG,香港消费,2021-07-09,2021-07-19,,港股通消费(931454),931454.CSI
166,561910.XSHG,电池ETF,2021-07-13,2021-07-16,,CS电池(931719),931719.CSI
167,159786.XSHE,VRETF银华,2021-07-14,2021-07-19,,中证VR(930821),930821.CSI
168,517380.XSHG,创新药ETF天弘,2021-07-06,2021-07-12,,沪深港创新药精选50(HSSSHID),
169,516920.XSHG,芯片基金,2021-07-02,2021-07-08,,芯片产业(H30007),H30007.CSI
170,516260.XSHG,物联网50,2021-07-02,2021-07-08,,CS物联网(930712),930712.CSI
171,588060.XSHG,上证科创,2021-06-25,2021-07-05,,科创50(000688),000688.XSHG
172,159757.XSHE,电池ETF景顺,2021-06-28,2021-07-05,,新能电池(980032),
173,562880.XSHG,电池基金,2021-07-01,2021-07-05,,CS电池(931719),931719.CSI
174,159752.XSHE,新能源ETF申万菱信,2021-06-24,2021-07-01,,新能源(000941),000941.CSI
175,159766.XSHE,旅游ETF富国,2021-06-24,2021-07-01,,中证旅游(930633),930633.CSI
176,513700.XSHG,香港医药,2021-06-11,2021-06-23,,港股通医药CCNY(930975),930975.CSI
177,517120.XSHG,创新药50,2021-06-17,2021-06-24,,SHS创新药(931409),931409.CSI
178,516100.XSHG,科技金融,2021-06-21,2021-06-25,,金融科技(930986),930986.CSI
179,159847.XSHE,医疗ETF易方达,2021-06-02,2021-06-21,,中证医疗(399989),399989.XSHE
180,516270.XSHG,新能源50,2021-06-15,2021-06-21,,新能源(000941),000941.CSI
181,159782.XSHE,双创50ETF银华,2021-06-17,2021-06-21,,科创创业50(931643),931643.CSI
182,588330.XSHG,双创龙头,2021-06-16,2021-06-21,,科创创业50(931643),931643.CSI
183,588400.XSHG,双创50,2021-06-16,2021-06-21,,科创创业50(931643),931643.CSI
184,588300.XSHG,双创ETF,2021-06-16,2021-06-21,,科创创业50(931643),931643.CSI
185,588360.XSHG,创创ETF,2021-06-16,2021-06-21,,科创创业50(931643),931643.CSI
186,159781.XSHE,科创创业ETF易方达,2021-06-17,2021-06-21,,科创创业50(931643),931643.CSI
187,159780.XSHE,科创创业50ETF南方,2021-06-17,2021-06-21,,科创创业50(931643),931643.CSI
188,159783.XSHE,科创创业50ETF华夏,2021-06-17,2021-06-21,,科创创业50(931643),931643.CSI
189,588380.XSHG,创50ETF,2021-06-17,2021-06-21,,科创创业50(931643),931643.CSI
190,516720.XSHG,ESGETF,2021-06-15,2021-06-18,,ESG120策略(931476),931476.CSI
191,516930.XSHG,生科ETF,2021-06-17,2021-06-21,,中证生科(930743),930743.CSI
192,516580.XSHG,新能源BS,2021-06-01,2021-06-15,,中证新能(399808),399808.XSHE
193,159846.XSHE,中证1000ETF基金,2021-06-08,2021-06-15,2021-12-28,中证1000(000852),000852.XSHG
194,561900.XSHG,沪深ESG,2021-06-09,2021-06-15,,300ESG(931463),931463.CSI
195,516970.XSHG,基建50,2021-06-09,2021-06-15,,基建工程(399995),399995.XSHE
196,159720.XSHE,智能车ETF泰康,2021-06-10,2021-06-15,,智能电车(H11052),H11052.CSI
197,561500.XSHG,漂亮50,2021-06-02,2021-06-07,,企业核心竞争力50(931526),931526.CSI
198,513860.XSHG,HKC科技,2021-06-02,2021-06-07,,港股通科技CNY(931573CNY00),
199,159899.XSHE,软件ETF招商,2021-05-28,2021-06-03,,软件指数(H30202),H30202.CSI
200,516570.XSHG,石化ETF,2021-05-21,2021-06-01,,石化产业(H11057),H11057.CSI
201,159872.XSHE,智能网联汽车ETF鹏华,2021-05-24,2021-06-01,,CS车联网(930725),930725.CSI
202,159716.XSHE,深证100ETF华宝,2021-05-26,2021-06-01,2025-09-11,深创100(399088),399088.XSHE
203,159721.XSHE,深证100ETF永赢,2021-05-26,2021-06-01,2025-05-09,深创100(399088),399088.XSHE
204,159859.XSHE,生物医药ETF天弘,2021-05-27,2021-06-01,,生物医药(399441),399441.XSHE
205,516830.XSHG,300ESG,2021-05-27,2021-06-01,,300ESG(931463),931463.CSI
206,159709.XSHE,物联网ETF工银,2021-05-10,2021-05-31,,物联网50(399285),399285.XSHE
207,159745.XSHE,建材ETF国泰,2021-05-24,2021-05-31,,建筑材料(931009),931009.CSI
208,516400.XSHG,ESG龙头,2021-05-26,2021-05-31,2021-12-15,ESG120策略(931476),931476.CSI
209,516650.XSHG,有色50,2021-05-19,2021-05-24,,细分有色(000811),000811.CSI
210,516380.XSHG,智能电车,2021-05-15,2021-05-21,,智能电车(H11052),H11052.CSI
211,516820.XSHG,医疗创新,2021-05-18,2021-05-24,,CS医药创新(931484),931484.CSI
212,159708.XSHE,红利ETF西部利得,2021-05-20,2021-05-24,,深证红利(399324),399324.XSHE
213,159725.XSHE,线上消费ETF工银,2021-05-10,2021-05-20,,线上消费(931480),931480.CSI
214,517360.XSHG,AH科技,2021-05-12,2021-05-17,,SHS科技100(931442),931442.CSI
215,510990.XSHG,ESG180,2021-05-13,2021-05-17,,180ESG(931088),931088.CSI
216,159897.XSHE,物联网ETF基金,2021-05-14,2021-05-17,2022-05-12,CS物联网(930712),930712.CSI
217,159830.XSHE,金ETF天弘,2021-05-07,2021-05-10,,,
218,159740.XSHE,恒生科技ETF大成,2021-05-08,2021-05-11,,恒生科技指数(HSTECH),
219,513360.XSHG,教育ETF,2021-04-23,2021-05-10,,中国教育(931456),931456.CSI
220,159898.XSHE,医疗器械ETF招商,2021-04-30,2021-05-07,,医疗器械(H30217),H30217.CSI
221,516480.XSHG,新材料基,2021-04-30,2021-05-10,2025-08-06,新材料(H30597),H30597.CSI
222,516320.XSHG,装备ETF,2021-05-06,2021-05-10,,装备产业(H11054),H11054.CSI
223,159703.XSHE,新材料ETF天弘,2021-05-07,2021-05-10,,新材料(H30597),H30597.CSI
224,516910.XSHG,物流ETF,2021-04-26,2021-05-06,,CS物流(930716),930716.CSI
225,159891.XSHE,医疗ETF建信,2021-04-28,2021-05-06,,医疗保健(H30178),H30178.CSI
226,516310.XSHG,银行指基,2021-04-27,2021-04-30,,中证银行(399986),399986.XSHE
227,517350.XSHG,龙头科技,2021-04-21,2021-04-27,,SHS科技龙头(931524),931524.CSI
228,159888.XSHE,智能汽车ETF华夏,2021-04-23,2021-04-26,,CS智汽车(930721),930721.CSI
229,516590.XSHG,电动汽车,2021-04-13,2021-04-19,,智能电车(H11052),H11052.CSI
230,516360.XSHG,新材料ETF,2021-04-12,2021-04-16,,新材料(H30597),H30597.CSI
231,516700.XSHG,数据产业,2021-04-12,2021-04-15,,中证数据(930902),930902.CSI
232,516950.XSHG,基建ETF,2021-04-09,2021-04-14,,中证基建(930608),930608.CSI
233,159887.XSHE,银行ETF富国,2021-04-02,2021-04-12,,800银行(H30022),H30022.CSI
234,159836.XSHE,创业板300ETF天弘,2021-03-30,2021-04-08,,创业300(399012),399012.XSHE
235,159883.XSHE,医疗器械ETF永赢,2021-03-30,2021-04-06,,医疗器械(H30217),H30217.CSI
236,516890.XSHG,新材ETF,2021-03-29,2021-04-06,,新材料(H30597),H30597.CSI
237,561180.XSHG,A100ETF,2022-08-12,2022-08-17,,中证A100(000903),000903.XSHG
238,159796.XSHE,电池ETF汇添富,2022-01-15,2022-01-18,,CS电池(931719),931719.CSI
239,516070.XSHG,碳中和50,2021-03-26,2021-03-30,,内地低碳(000977),000977.CSI
240,517170.XSHG,沪港深E,2021-03-23,2021-03-29,,沪港深500(H30455),H30455.CSI
241,516610.XSHG,医疗设备ETF大成,2021-03-24,2021-03-29,,医疗保健(H30178),H30178.CSI
242,516870.XSHG,汽车,2021-03-22,2021-03-25,2021-11-05,800汽车(H30015),H30015.CSI
243,159885.XSHE,碳中和ETF鹏华,2021-03-19,2021-03-24,,内地低碳(000977),000977.CSI
244,516960.XSHG,机械ETF,2021-03-16,2021-03-22,,细分机械(000812),000812.CSI
245,516110.XSHG,汽车ETF,2021-03-16,2021-03-22,,800汽车(H30015),H30015.CSI
246,159886.XSHE,机械ETF富国,2021-03-17,2021-03-22,,细分机械(000812),000812.CSI
247,159890.XSHE,云计算ETF招商,2021-03-16,2021-03-19,,云计算(930851),930851.CSI
248,516510.XSHG,云计算,2021-03-16,2021-03-19,,云计算(930851),930851.CSI
249,516330.XSHG,物联网,2021-03-16,2021-03-19,,CS物联网(930712),930712.CSI
250,159861.XSHE,碳中和50ETF国泰,2021-03-08,2021-03-15,,环保50(930614),930614.CSI
251,516550.XSHG,农业ETF,2021-03-03,2021-03-10,,大农业(399814),399814.XSHE
252,516980.XSHG,证券先锋,2021-03-04,2021-03-09,,证券先锋(931402),931402.CSI
253,562310.XSHG,300成长,2022-08-18,2022-08-24,,300成长(000918),000918.CSI
254,516300.XSHG,中证1000,2021-03-02,2021-03-05,,中证1000(000852),000852.XSHG
255,159858.XSHE,创新药ETF南方,2021-02-23,2021-03-04,,CS创新药(931152),931152.CSI
256,159845.XSHE,中证1000ETF华夏,2021-02-26,2021-03-04,,中证1000(000852),000852.XSHG
257,516150.XSHG,稀土基金,2021-02-24,2021-03-03,,稀土产业(930598),930598.CSI
258,516670.XSHG,畜牧养殖,2021-02-26,2021-03-03,,中证畜牧(930707),930707.CSI
259,516850.XSHG,新能源80,2021-02-23,2021-03-01,,中证新能(399808),399808.XSHE
260,159871.XSHE,有色ETF银华,2021-02-25,2021-03-01,,中证有色(930708),930708.CSI
261,159876.XSHE,有色ETF华宝,2021-02-26,2021-03-01,,中证有色(930708),930708.CSI
262,159880.XSHE,有色ETF鹏华,2021-02-25,2021-03-01,,国证有色(399395),399395.XSHE
263,159873.XSHE,医疗设备ETF天弘,2021-02-19,2021-02-25,,医疗保健(H30178),H30178.CSI
264,516090.XSHG,新能源E,2021-02-18,2021-02-24,,中证新能(399808),399808.XSHE
265,516760.XSHG,养殖ETF,2021-02-18,2021-02-24,,中证畜牧(930707),930707.CSI
266,159865.XSHE,养殖ETF国泰,2021-02-19,2021-02-23,,中证畜牧(930707),930707.CSI
267,159851.XSHE,金融科技ETF华宝,2021-02-04,2021-02-22,,金融科技(930986),930986.CSI
268,516020.XSHG,化工ETF,2021-02-10,2021-02-22,,细分化工(000813),000813.CSI
269,516220.XSHG,化工龙头,2021-02-10,2021-02-22,,细分化工(000813),000813.CSI
270,516200.XSHG,证券行业,2021-02-09,2021-02-22,,证券公司(399975),399975.XSHE
271,516780.XSHG,稀土ETF,2021-02-10,2021-02-22,,稀土产业(930598),930598.CSI
272,159835.XSHE,创新药ETF建信,2021-02-10,2021-02-22,,CS创新药(931152),931152.CSI
273,516500.XSHG,生物ETF,2021-02-10,2021-02-22,,中证生科(930743),930743.CSI
274,159842.XSHE,券商ETF银华,2021-02-18,2021-02-22,,证券公司(399975),399975.XSHE
275,516120.XSHG,化工50,2021-02-09,2021-02-19,,细分化工(000813),000813.CSI
276,516770.XSHG,游戏动漫,2021-02-09,2021-02-19,,动漫游戏(930901),930901.CSI
277,159870.XSHE,化工ETF鹏华,2021-02-09,2021-02-18,,细分化工(000813),000813.CSI
278,159869.XSHE,游戏ETF华夏,2021-02-10,2021-02-19,,动漫游戏(930901),930901.CSI
279,516010.XSHG,游戏ETF,2021-02-10,2021-02-19,,动漫游戏(930901),930901.CSI
280,517060.XSHG,沪港深ETF,2021-02-06,2021-02-18,2022-02-19,沪港深500(H30455),H30455.CSI
281,159867.XSHE,养殖ETF鹏华,2021-02-10,2021-02-18,,中证畜牧(930707),930707.CSI
282,159863.XSHE,光伏ETF鹏华,2021-02-03,2021-02-08,,光伏产业(931151),931151.CSI
283,516520.XSHG,智能驾驶,2021-01-23,2021-02-01,,CS智汽车(930721),930721.CSI
284,159855.XSHE,影视ETF银华,2021-01-26,2021-02-01,,中证影视(930781),930781.CSI
285,511580.XSHG,国债政金,2022-08-24,2022-08-29,2024-07-17,政金债3-5(930872),
286,159743.XSHE,湖北ETF博时,2021-09-16,2021-09-30,,湖北指数(931393),931393.CSI
287,516000.XSHG,数据ETF,2021-01-14,2021-01-28,,中证数据(930902),930902.CSI
288,159848.XSHE,证券ETF国联安,2021-01-21,2021-01-28,,证券公司(399975),399975.XSHE
289,516060.XSHG,新药ETF,2021-01-15,2021-01-25,,CS创新药(931152),931152.CSI
290,517300.XSHG,AH300ETF,2021-01-15,2021-01-25,,沪港深300(931395),931395.CSI
291,159857.XSHE,光伏ETF天弘,2021-01-18,2021-01-25,,光伏产业(931151),931151.CSI
292,159852.XSHE,软件ETF嘉实,2021-01-18,2021-01-25,,中证软件(930601),930601.CSI
293,517100.XSHG,AH500ETF,2021-01-20,2021-01-25,,沪港深500(H30455),H30455.CSI
294,515230.XSHG,软件ETF,2021-01-20,2021-01-25,,软件指数(H30202),H30202.CSI
295,516600.XSHG,消服ETF,2021-01-13,2021-01-21,,消费服务(000806),000806.CSI
296,159849.XSHE,生物科技ETF招商,2021-01-12,2021-01-20,,中证生科(930743),930743.CSI
297,516080.XSHG,创新医药,2021-01-14,2021-01-20,,CS创新药(931152),931152.CSI
298,517080.XSHG,HGS500,2021-01-15,2021-01-20,,沪港深500(H30455),H30455.CSI
299,517050.XSHG,互联网50,2021-01-14,2021-01-19,,SHS互联网(930625),930625.CSI
300,159856.XSHE,互联网龙头ETF工银,2021-01-15,2021-01-19,,SHS互联网(930625),930625.CSI
301,517200.XSHG,互联网,2021-01-16,2021-01-19,,SHS互联网(930625),930625.CSI
302,159645.XSHE,疫苗ETF富国,2022-08-29,2022-09-01,,疫苗生科(980015),
303,513330.XSHG,恒生互联,2021-01-04,2021-01-18,,恒生互联网科技业指数(HSIII),
304,159841.XSHE,证券ETF天弘,2021-01-11,2021-01-18,,证券公司(399975),399975.XSHE
305,159839.XSHE,生物医药ETF汇添富,2020-12-28,2021-01-18,,生物医药(399441),399441.XSHE
306,517000.XSHG,沪港深,2021-01-14,2021-01-18,,沪港深500(H30455),H30455.CSI
307,516160.XSHG,新能源,2021-01-08,2021-01-14,,中证新能(399808),399808.XSHE
308,516660.XSHG,新能汽车,2020-12-22,2021-01-11,,CS新能车(399976),399976.XSHE
309,516800.XSHG,智能制造ETF,2020-12-31,2021-01-11,,智能制造(930850),930850.CSI
310,159843.XSHE,食品饮料ETF招商,2020-12-31,2021-01-06,,国证食品(399396),399396.XSHE
311,516050.XSHG,科技龙头,2020-12-28,2021-01-04,,科技龙头(931087),931087.CSI
312,516880.XSHG,光伏50,2020-12-22,2020-12-29,,光伏产业(931151),931151.CSI
313,159837.XSHE,生物科技ETF易方达,2020-12-17,2020-12-28,,中证生科(930743),930743.CSI
314,515910.XSHG,质量ETF,2020-12-22,2020-12-25,,MSCI中国A股国际公司质量指数(本币)(707717L),
315,159627.XSHE,A100ETF华夏,2022-09-02,2022-09-08,,中证A100(000903),000903.XSHG
316,515170.XSHG,食品饮料,2020-12-08,2020-12-14,,细分食品(000815),000815.CSI
317,515920.XSHG,智能消费,2020-11-30,2020-12-14,,CS智消费(930648),930648.CSI
318,515710.XSHG,食品ETF,2020-12-05,2020-12-14,,细分食品(000815),000815.CSI
319,159630.XSHE,A100ETF汇添富,2022-09-07,2022-09-10,,中证A100(000903),000903.XSHG
320,515290.XSHG,银行ETF天弘,2020-11-24,2020-12-07,,中证银行(399986),399986.XSHE
321,159828.XSHE,医疗ETF国泰,2020-12-02,2020-12-07,,中证医疗(399989),399989.XSHE
322,515790.XSHG,光伏ETF,2020-11-19,2020-12-01,,光伏产业(931151),931151.CSI
323,515250.XSHG,智能汽车,2020-11-26,2020-12-01,,CS智汽车(930721),930721.CSI
324,515400.XSHG,大数据,2020-11-26,2020-12-01,,中证数据(930902),930902.CSI
325,159658.XSHE,数字经济ETF华安,2022-08-26,2022-09-13,,数字经济(931582),931582.CSI
326,159825.XSHE,农业ETF富国,2020-11-13,2020-11-23,,中证农业(000949),000949.CSI
327,159827.XSHE,农业ETF银华,2020-11-20,2020-11-23,,中证农业(000949),000949.CSI
328,515120.XSHG,创新药,2020-11-09,2020-11-16,,CS创新药(931152),931152.CSI
329,560680.XSHG,龙头消费,2022-09-08,2022-09-19,,800消费(000932),000932.XSHG
330,561330.XSHG,矿业ETF,2022-09-16,2022-09-21,,有色矿业(931892),931892.CSI
331,515320.XSHG,电子50,2020-10-23,2020-11-02,,电子50(931461),931461.CSI
332,588160.XSHG,科创新材,2022-09-20,2022-09-23,,科创材料(000689),000689.XSHG
333,588010.XSHG,科创材料,2022-09-20,2022-09-23,,科创材料(000689),000689.XSHG
334,588290.XSHG,芯片科创,2022-09-20,2022-09-23,,科创芯片(000685),000685.XSHG
335,159663.XSHE,机床ETF华夏,2022-09-20,2022-09-23,,中证机床(931866),931866.CSI
336,588200.XSHG,科创芯片,2022-09-20,2022-09-23,,科创芯片(000685),000685.XSHG
337,159667.XSHE,工业母机ETF国泰,2022-09-21,2022-09-26,,中证机床(931866),931866.CSI
338,516680.XSHG,有色金属,2021-01-20,2021-01-25,2022-09-30,细分有色(000811),000811.CSI
339,516180.XSHG,光伏产业,2021-01-29,2021-02-01,,光伏产业(931151),931151.CSI
340,588080.XSHG,科创板50,2020-09-15,2020-09-22,,科创50(000688),000688.XSHG
341,515530.XSHG,中证500ETF泰康,2020-08-19,2020-08-24,,中证500(000905),000905.XSHG
342,588350.XSHG,双创,2022-09-16,2022-10-11,,科创创业50(931643),931643.CSI
343,561710.XSHG,疫苗,2022-10-14,2022-10-17,2024-07-26,疫苗生物(931992),931992.CSI
344,159730.XSHE,家电ETF博时,2021-10-09,2021-10-12,,龙头家电(980028),
345,159824.XSHE,新能源车ETF博时,2020-11-16,2020-11-23,,CS新能车(399976),399976.XSHE
346,513310.XSHG,中韩芯片,2022-10-15,2022-10-24,,中韩半导体(931790),931790.CSI
347,159802.XSHE,800ETF,2020-03-19,2020-03-23,2020-09-16,中证800(000906),000906.XSHG
348,159649.XSHE,国开债ETF华安,2022-07-27,2022-08-01,,中债-1-5年国开行债券指数(全价)(CBA08303),
349,517850.XSHG,张江ETF,2022-01-27,2022-01-30,,SHS张江50(931596),931596.CSI
350,560980.XSHG,光伏龙头,2022-11-01,2022-11-07,,光伏龙头30(931798),931798.CSI
351,159680.XSHE,中证1000增强ETF招商,2022-11-03,2022-11-09,,中证1000(000852),000852.XSHG
352,159677.XSHE,中证1000增强ETF银华,2022-11-08,2022-11-14,,中证1000(000852),000852.XSHG
353,159675.XSHE,创业板增强ETF嘉实,2022-11-08,2022-11-14,,创业板指(399006),399006.XSHE
354,159662.XSHE,交运ETF南方,2022-11-08,2022-11-14,,国证交运(399433),399433.XSHE
355,561590.XSHG,1000增强,2022-11-08,2022-11-14,,中证1000(000852),000852.XSHG
356,561320.XSHG,交运ETF,2022-10-28,2022-11-14,,内地运输(000945),000945.CSI
357,561150.XSHG,500ESG,2022-04-21,2022-04-26,2022-11-16,500ESG(931648),931648.CSI
358,588370.XSHG,科创策略,2022-11-11,2022-11-21,,科创50(000688),000688.XSHG
359,159702.XSHE,AIETF,2021-03-26,2021-04-06,2022-11-22,CS人工智(930713),930713.CSI
360,159969.XSHE,深100ETF银华,2019-04-30,2019-05-06,2026-03-05,深证100(399330),399330.XSHE
361,515080.XSHG,中证红利,2019-10-16,2019-10-21,,中证红利(000922),000922.CSI
362,510570.XSHG,兴业500,2020-04-30,2020-05-06,,中证500(000905),000905.XSHG
363,159995.XSHE,芯片ETF华夏,2019-12-20,2019-12-24,,国证芯片(980017),
364,515550.XSHG,国联500,2019-08-30,2019-09-03,,中证500(000905),000905.XSHG
365,515200.XSHG,创新100,2019-08-28,2019-09-02,,创新100(931159),931159.CSI
366,512680.XSHG,军工基金,2016-07-21,2016-07-25,,中证军工(399967),399967.XSHE
367,159918.XSHE,中创400ETF嘉实,2012-02-15,2012-02-20,,中创400(399624),399624.XSHE
368,159940.XSHE,金融地产ETF广发,2015-02-14,2015-02-25,,金融地产(000992),000992.XSHG
369,159936.XSHE,可选消费ETF广发,2014-04-28,2014-05-05,,全指可选(000989),000989.XSHG
370,510330.XSHG,华夏300,2012-12-13,2012-12-17,,沪深300(000300),000300.XSHG
371,159945.XSHE,能源ETF广发,2015-06-05,2015-06-08,,全指能源(000986),000986.XSHG
372,518850.XSHG,黄金9999,2020-03-23,2020-03-27,,,
373,159814.XSHE,创业大盘ETF西部利得,2020-05-22,2020-05-25,,创业大盘(399293),399293.XSHE
374,159913.XSHE,深价值ETF交银,2011-08-24,2011-08-29,,深证价值(399348),399348.XSHE
375,515360.XSHG,方正300,2019-07-26,2019-08-01,,沪深300(000300),000300.XSHG
376,159912.XSHE,深300ETF汇添富,2011-08-11,2011-08-15,,深证300(399007),399007.XSHE
377,159939.XSHE,信息技术ETF广发,2014-12-12,2014-12-15,,全指信息(000993),000993.XSHG
378,159938.XSHE,医药ETF广发,2014-10-29,2014-11-03,,全指医药(000991),000991.XSHG
379,512090.XSHG,MSCI易基,2018-04-18,2018-04-23,,MSCI中国A股国际通(人民币)指数(本币)(716567L),
380,159903.XSHE,深成ETF南方,2009-11-05,2009-11-09,,深证成指(399001),399001.XSHE
381,159944.XSHE,材料ETF广发,2015-06-05,2015-06-08,,全指材料(000987),000987.XSHG
382,159905.XSHE,红利ETF工银,2010-10-13,2010-10-18,,深证红利(399324),399324.XSHE
383,159910.XSHE,基本面120ETF嘉实,2011-06-28,2011-07-01,,深证F120(399702),399702.XSHE
384,159916.XSHE,基本面ETF建信,2011-08-03,2011-08-08,,深证F60(399701),399701.XSHE
385,515600.XSHG,央企创新,2019-08-08,2019-08-12,,央企创新(000861),000861.CSI
386,159956.XSHE,创业板ETF建信,2018-01-05,2018-01-08,,创业板指(399006),399006.XSHE
387,159993.XSHE,证券ETF鹏华,2019-12-04,2019-12-09,,证券龙头(399437),399437.XSHE
388,159813.XSHE,半导体ETF鹏华,2020-03-18,2020-03-25,,国证芯片(980017),
389,510550.XSHG,方正500,2018-11-05,2018-11-08,,中证500(000905),000905.XSHG
390,159981.XSHE,能源化工ETF建信,2019-11-08,2019-11-11,,易盛能化A(000201.ESCI),
391,159928.XSHE,消费ETF汇添富,2013-07-11,2013-07-15,,800消费(000932),000932.XSHG
392,512820.XSHG,银行股基,2018-07-13,2018-07-17,,中证银行(399986),399986.XSHE
393,512330.XSHG,信息ETF,2015-06-05,2015-06-10,,500信息(H30257),H30257.CSI
394,510500.XSHG,500ETF,2013-01-07,2013-01-10,,中证500(000905),000905.XSHG
395,512300.XSHG,500医药,2014-09-29,2014-10-09,2020-12-24,500医药(H30255),H30255.CSI
396,515450.XSHG,红利50,2019-12-16,2019-12-23,,标普中国A股大盘红利低波50指数(SPCLLHCP),
397,159915.XSHE,创业板ETF易方达,2011-08-02,2011-08-15,,创业板指(399006),399006.XSHE
398,515800.XSHG,800ETF,2019-07-11,2019-07-15,,中证800(000906),000906.XSHG
399,512650.XSHG,长三角,2019-05-16,2019-05-20,,CS长三角(931141),931141.CSI
400,510160.XSHG,产业升级,2010-07-22,2010-07-26,,小康指数(000901),000901.XSHG
401,159931.XSHE,金融地产ETF汇添富,2013-07-11,2013-07-15,,800金地(000934),000934.XSHG
402,159930.XSHE,能源ETF汇添富,2013-07-11,2013-07-15,,800能源(000928),000928.XSHG
403,510810.XSHG,上海国企,2016-07-06,2016-07-11,,上海国企(950096),950096.CSI
404,588000.XSHG,科创50,2020-09-15,2020-09-22,,科创50(000688),000688.XSHG
405,159985.XSHE,豆粕ETF华夏,2019-09-03,2019-09-06,,豆粕期货价格(000014.DL),
406,515620.XSHG,ZZ800,2020-03-11,2020-03-16,2021-04-07,中证800(000906),000906.XSHG
407,159948.XSHE,创业板ETF南方,2016-04-14,2016-04-18,,创业板指(399006),399006.XSHE
408,515560.XSHG,证券E,2020-04-23,2020-04-28,,证券公司(399975),399975.XSHE
409,512910.XSHG,100ETF,2019-04-02,2019-04-08,,中证A100(000903),000903.XSHG
410,510510.XSHG,广发500,2013-03-13,2013-03-18,,中证500(000905),000905.XSHG
411,159952.XSHE,创业板ETF广发,2017-03-18,2017-03-22,,创业板指(399006),399006.XSHE
412,159971.XSHE,创业板ETF富国,2019-05-06,2019-05-09,,创业板指(399006),399006.XSHE
413,159963.XSHE,恒生中国,2018-11-27,2018-11-30,2021-05-18,恒生中国企业指数(HSCEI),
414,510360.XSHG,广发300,2015-07-07,2015-07-10,,沪深300(000300),000300.XSHG
415,515690.XSHG,股息ETF,2020-02-21,2020-02-24,2022-03-11,股息龙头(931373),
416,159982.XSHE,中证500ETF鹏华,2019-09-06,2019-09-09,,中证500(000905),000905.XSHG
417,159816.XSHE,0-4年地方债ETF鹏华,2020-04-27,2020-04-30,,0-4年地债(931161),
418,159972.XSHE,5年地方债ETF鹏华,2019-07-05,2019-07-08,,5年地债(930865),
419,515630.XSHG,保险证券,2020-01-10,2020-01-13,,800证保(399966),399966.XSHE
420,159805.XSHE,传媒ETF鹏华,2020-02-14,2020-02-17,,中证传媒(399971),399971.XSHE
421,512810.XSHG,国防军工,2016-07-06,2016-07-11,,中证军工(399967),399967.XSHE
422,515260.XSHG,电子ETF,2020-06-24,2020-07-01,,电子50(931461),931461.CSI
423,515000.XSHG,科技ETF,2019-07-01,2019-07-04,,科技龙头(931087),931087.CSI
424,512000.XSHG,券商ETF,2016-07-25,2016-08-01,,证券公司(399975),399975.XSHE
425,512670.XSHG,国防ETF,2019-06-04,2019-06-10,,中证国防(399973),399973.XSHE
426,512170.XSHG,医疗ETF,2019-04-17,2019-04-22,,中证医疗(399989),399989.XSHE
427,512800.XSHG,银行ETF,2017-05-22,2017-05-25,,中证银行(399986),399986.XSHE
428,159925.XSHE,沪深300ETF南方,2013-02-20,2013-02-18,,沪深300(000300),000300.XSHG
429,159955.XSHE,创业板ETF嘉实,2017-04-28,2017-05-03,2022-11-23,创业板指(399006),399006.XSHE
430,515660.XSHG,沪深300E,2019-08-23,2019-08-28,,沪深300(000300),000300.XSHG
431,512690.XSHG,酒ETF,2019-03-08,2019-03-11,,中证酒(399987),399987.XSHE
432,512550.XSHG,A50基金,2017-03-25,2017-03-29,,富时中国A50指数(XIN9),
433,512730.XSHG,银行FUND,2019-09-30,2019-10-08,,中证银行(399986),399986.XSHE
434,512500.XSHG,中证500,2015-03-30,2015-04-08,,中证500(000905),000905.XSHG
435,510900.XSHG,恒生中国,2012-07-02,2012-07-09,,恒生中国企业指数(HSCEI),
436,515050.XSHG,5GETF,2019-08-26,2019-08-30,,5G通信(931079),931079.CSI
437,512070.XSHG,证券保险,2014-05-29,2014-06-09,,300非银(H30035),H30035.CSI
438,515010.XSHG,华夏证券,2019-08-10,2019-08-19,,证券公司(399975),399975.XSHE
439,159812.XSHE,黄金ETF前海开源,2020-04-03,2020-04-07,,,
440,515060.XSHG,华夏地产,2019-10-29,2019-11-01,,房地产(931775),931775.CSI
441,515070.XSHG,AI智能,2019-11-18,2019-11-21,,CS人工智(930713),930713.CSI
442,510310.XSHG,HS300ETF,2013-02-04,2013-02-18,,沪深300(000300),000300.XSHG
443,512950.XSHG,央企改革,2018-08-23,2018-08-27,,结构调整(000860),000860.CSI
444,515030.XSHG,新汽车,2020-01-23,2020-02-03,,CS新能车(399976),399976.XSHE
445,515020.XSHG,银行指数,2019-09-02,2019-09-09,,中证银行(399986),399986.XSHE
446,515760.XSHG,浙江国资,2020-06-06,2020-06-10,,浙江国资(931372),931372.CSI
447,512010.XSHG,医药ETF,2013-08-21,2013-08-26,,300医药(000913),000913.XSHG
448,159934.XSHE,黄金ETF易方达,2013-10-23,2013-10-28,,,
449,561000.XSHG,300指增,2022-11-28,2022-12-01,,沪深300(000300),000300.XSHG
450,515380.XSHG,沪深300ETF泰康,2019-11-12,2019-11-15,,沪深300(000300),000300.XSHG
451,510850.XSHG,工银上50,2018-10-31,2018-11-05,,上证50(000016),000016.XSHG
452,515980.XSHG,人工智能,2019-12-05,2019-12-09,,人工智能(931071),931071.CSI
453,588050.XSHG,科创ETF,2020-09-15,2020-09-22,,科创50(000688),000688.XSHG
454,159970.XSHE,深100ETF工银,2019-10-11,2019-10-14,,深证100(399330),399330.XSHE
455,510370.XSHG,兴业300,2020-08-21,2020-08-24,,沪深300(000300),000300.XSHG
456,159919.XSHE,沪深300ETF嘉实,2012-03-27,2012-04-05,,沪深300(000300),000300.XSHG
457,515300.XSHG,红利300,2019-06-26,2019-07-01,,300红利低波(930740),930740.CSI
458,512480.XSHG,半导体,2019-04-17,2019-04-22,,半导体(H30184),H30184.CSI
459,515590.XSHG,500ETFEW,2019-10-25,2019-10-28,,500等权(000982),000982.XSHG
460,159902.XSHE,中小100ETF华夏,2010-04-09,2010-04-12,,中小100(399005),399005.XSHE
461,512360.XSHG,MSCI国际,2018-04-25,2018-05-02,,MSCI中国A股国际指数(704843),
462,512390.XSHG,MSCI低波,2018-05-16,2018-05-21,,MSCI中国A股国际低波(美元)指数(本币)(707918L),
463,159964.XSHE,创业板ETF平安,2019-02-12,2019-02-18,,创业板指(399006),399006.XSHE
464,159808.XSHE,创100ETF融通,2020-04-27,2020-04-30,,创业板指(399006),399006.XSHE
465,510680.XSHG,万家50,2015-12-16,2015-12-15,,上证50(000016),000016.XSHG
466,512280.XSHG,景顺MSCI,2018-04-03,2018-04-10,2025-06-20,MSCI中国A股国际通(人民币)指数(本币)(716567L),
467,510200.XSHG,上证券商,2020-03-12,2020-03-16,,上证证券(950105),950105.CSI
468,159804.XSHE,创中盘88ETF国寿,2020-02-13,2020-02-19,,创精选88(399291),399291.XSHE
469,159901.XSHE,深证100ETF易方达,2006-02-17,2006-02-21,,深证100(399330),399330.XSHE
470,510130.XSHG,中盘ETF,2010-02-12,2010-02-25,,上证中盘(000044),000044.XSHG
471,510100.XSHG,SZ50ETF,2019-06-04,2019-06-10,,上证50(000016),000016.XSHG
472,511060.XSHG,5年地债,2019-07-29,2019-08-01,,上证5年期地债(950045),
473,511180.XSHG,上证转债,2020-04-28,2020-05-08,,上证投资级转债及可交换债(950041),
474,159977.XSHE,创业板ETF天弘,2019-08-23,2019-08-26,,创业板指(399006),399006.XSHE
475,515330.XSHG,沪深300ETF天弘,2019-11-01,2019-11-04,,沪深300(000300),000300.XSHG
476,159960.XSHE,恒生中国企业ETF平安,2018-09-04,2018-09-07,,恒生中国企业指数(HSCEI),
477,510390.XSHG,平安300,2017-11-29,2017-12-04,,沪深300(000300),000300.XSHG
478,510010.XSHG,治理ETF,2009-08-27,2009-08-31,,180治理(000021),000021.XSHG
479,510030.XSHG,价值ETF,2010-03-17,2010-03-22,,180价值(000029),000029.XSHG
480,510180.XSHG,180ETF,2006-03-06,2006-03-09,,上证180(000010),000010.XSHG
481,510230.XSHG,金融ETF,2011-02-26,2011-03-01,,180金融(000018),000018.XSHG
482,510290.XSHG,380ETF,2011-08-16,2011-08-22,,上证380(000009),000009.XSHG
483,510020.XSHG,超大ETF,2009-12-02,2009-12-07,,超大盘(000043),000043.XSHG
484,513690.XSHG,恒生股息,2021-03-17,2021-03-29,,港股通高股息率指数(HSSCHKY),
485,159742.XSHE,恒生科技ETF博时,2021-05-08,2021-05-12,,恒生科技指数(HSTECH),
486,513890.XSHG,HK科技,2021-11-04,2021-11-10,,恒生科技指数(HSTECH),
487,513130.XSHG,恒生科技,2021-05-08,2021-05-12,,恒生科技指数(HSTECH),
488,159750.XSHE,港股科技50ETF招商,2021-11-02,2021-11-05,,港股科技(931574),931574.CSI
489,513580.XSHG,HS科技,2021-05-08,2021-05-12,,恒生科技指数(HSTECH),
490,510710.XSHG,上50ETF,2015-04-30,2015-05-15,,上证50(000016),000016.XSHG
491,513030.XSHG,德国ETF,2014-07-11,2014-07-14,,德国法兰克福DAX指数(GDAXI),
492,513080.XSHG,法国ETF,2020-03-27,2020-03-30,,巴黎CAC40指数(CAC40),
493,159920.XSHE,恒生ETF华夏,2012-07-02,2012-07-09,,恒生指数(HSI),
494,513180.XSHG,恒指科技,2021-05-08,2021-05-12,,恒生科技指数(HSTECH),
495,159892.XSHE,恒生医药ETF华夏,2021-08-16,2021-08-19,,恒生生物科技(HSBIO),
496,513900.XSHG,港股100,2018-04-02,2018-04-09,,中华港股通精选100(CES100),CES100.CSI
497,513070.XSHG,HK消费50,2021-11-26,2021-12-10,,港股通消费(931454),931454.CSI
498,513320.XSHG,HK新经济,2022-01-28,2022-02-11,,港股通新经济指数(HSSCNE),
499,510270.XSHG,国企ETF,2011-05-13,2011-05-16,,上证国企(000056),000056.XSHG
500,513010.XSHG,港股科技,2021-05-08,2021-05-12,,恒生科技指数(HSTECH),
501,513160.XSHG,科技30,2021-11-02,2021-11-05,,港股通中国科技指数(HSSCT),
502,515150.XSHG,国企富国,2019-09-06,2019-09-11,,国企一带一路(000859),000859.CSI
503,515820.XSHG,沪深800,2020-03-24,2020-03-27,2022-09-30,中证800(000906),000906.XSHG
504,510880.XSHG,红利ETF,2006-10-24,2006-10-30,,红利指数(000015),000015.XSHG
505,515750.XSHG,科技50,2019-10-08,2019-10-15,,中证科技(931186),931186.CSI
506,512040.XSHG,国信价值,2018-09-29,2018-10-10,,国信价值(931052),931052.CSI
507,515850.XSHG,证券龙头,2019-10-12,2019-10-16,,证券公司(399975),399975.XSHE
508,510650.XSHG,金融行业,2013-02-20,2013-02-25,,上证金融(000038),000038.XSHG
509,159850.XSHE,恒生国企ETF华夏,2021-01-21,2021-01-25,,恒生中国企业指数(HSCEI),
510,159741.XSHE,恒生科技ETF嘉实,2021-05-11,2021-05-14,,恒生科技指数(HSTECH),
511,512710.XSHG,军工龙头,2019-05-21,2019-05-24,,军工龙头(931066),931066.CSI
512,510150.XSHG,消费ETF,2010-11-01,2010-11-04,,消费80(000069),000069.XSHG
513,510090.XSHG,ESG建信,2010-04-17,2010-04-21,,责任指数(000048),000048.XSHG
514,159823.XSHE,H股ETF基金,2020-09-08,2020-09-14,2024-08-19,恒生中国企业指数(HSCEI),
515,510660.XSHG,医药行业,2013-02-20,2013-02-25,,上证医药(000037),000037.XSHG
516,513100.XSHG,纳指ETF,2013-04-10,2013-04-15,,纳斯达克100指数(NDX),
517,513800.XSHG,东证ETF,2019-05-25,2019-05-28,,东证股价指数(TPX),
518,510210.XSHG,综指ETF,2010-12-27,2011-01-05,,上证指数(000001),000001.XSHG
519,510630.XSHG,消费30,2013-02-20,2013-02-25,,上证消费(000036),000036.XSHG
520,510410.XSHG,资源ETF,2012-02-27,2012-03-05,,上证资源(000068),000068.XSHG
521,159954.XSHE,恒生中国企业ETF南方,2017-11-27,2017-11-30,,恒生中国企业指数(HSCEI),
522,513000.XSHG,225ETF,2019-05-25,2019-05-28,,日经225指数(N225),
523,513090.XSHG,香港证券,2020-01-14,2020-02-24,,香港证券(930709),930709.CSI
524,515280.XSHG,银行龙头,2020-02-27,2020-03-11,2024-08-13,中证银行(399986),399986.XSHE
525,159820.XSHE,中证500ETF天弘,2020-07-15,2020-07-20,,中证500(000905),000905.XSHG
526,515650.XSHG,消费50,2019-08-08,2019-08-12,,CS消费50(931139),931139.CSI
527,159974.XSHE,央企创新ETF富国,2019-08-07,2019-08-12,,央企创新(000861),000861.CSI
528,513880.XSHG,日经225,2019-05-25,2019-05-28,,日经225指数(N225),
529,515950.XSHG,医药龙头,2020-01-16,2020-01-21,,医药50(931140),931140.CSI
530,159997.XSHE,电子ETF天弘,2020-02-07,2020-02-10,,CS电子(930652),930652.CSI
531,510560.XSHG,国寿500,2015-05-06,2015-05-11,,中证500(000905),000905.XSHG
532,159998.XSHE,计算机ETF天弘,2020-02-27,2020-03-02,,CS计算机(930651),930651.CSI
533,159803.XSHE,浙江新动能ETF,2020-01-18,2020-01-22,2021-09-17,浙江新动能(931127),
534,159943.XSHE,深证成指ETF大成,2015-05-06,2015-05-11,,深证成指(399001),399001.XSHE
535,510300.XSHG,300ETF,2012-03-28,2012-04-05,,沪深300(000300),000300.XSHG
536,159958.XSHE,创业板ETF工银,2017-11-18,2017-11-21,,创业板指(399006),399006.XSHE
537,159980.XSHE,有色ETF大成,2019-08-31,2019-09-03,,上期有色金属指数(IMCI),
538,512520.XSHG,MSCIETF,2018-03-23,2018-03-30,,MSCI中国A股国际通(人民币)指数(716567),
539,510350.XSHG,工银300,2019-01-14,2019-02-11,,沪深300(000300),000300.XSHG
540,512900.XSHG,证券基金,2017-01-23,2017-01-26,,证券公司(399975),399975.XSHE
541,515810.XSHG,ZZ800ETF,2019-08-26,2019-09-16,,中证800(000906),000906.XSHG
542,513050.XSHG,中概互联,2016-12-07,2016-12-12,,中国互联网50(H30533),H30533.CSI
543,518890.XSHG,中银黄金,2020-07-14,2020-07-17,,,
544,510580.XSHG,ZZ500ETF,2015-07-29,2015-08-03,,中证500(000905),000905.XSHG
545,515180.XSHG,100红利,2019-10-23,2019-10-30,,中证红利(000922),000922.CSI
546,512570.XSHG,中证证券,2017-06-09,2017-06-15,,证券公司(399975),399975.XSHE
547,512150.XSHG,A50ETF,2018-11-15,2018-11-19,,富时中国A50指数(XIN9),
548,511360.XSHG,短融ETF,2020-04-23,2020-04-30,,中证短融(H11014),
549,512560.XSHG,中证军工,2017-06-06,2017-06-09,,中证军工(399967),399967.XSHE
550,512400.XSHG,有色ETF,2017-05-24,2017-06-01,,有色金属(000819),000819.XSHG
551,512100.XSHG,1000ETF,2016-08-19,2016-08-24,,中证1000(000852),000852.XSHG
552,159807.XSHE,科技ETF易方达,2020-02-27,2020-03-09,,科技50(931380),931380.CSI
553,512760.XSHG,芯片ETF,2019-04-17,2019-04-22,,中华半导体芯片(990001),990001.CSI
554,512700.XSHG,银行基金,2017-05-17,2017-05-24,,中证银行(399986),399986.XSHE
555,515110.XSHG,国企方达,2019-09-06,2019-09-11,,国企一带一路(000859),000859.CSI
556,159986.XSHE,消费100ETF,2019-09-18,2019-09-23,2022-10-20,消费100(399364),399364.XSHE
557,159973.XSHE,民企ETF弘毅远方,2019-06-14,2019-06-17,,民企100(399362),399362.XSHE
558,515990.XSHG,添富国企,2019-09-06,2019-09-11,,国企一带一路(000859),000859.CSI
559,159923.XSHE,中证A100ETF大成,2013-01-16,2013-01-21,,中证A100(000903),000903.XSHG
560,510590.XSHG,平安500,2018-02-28,2018-03-05,,中证500(000905),000905.XSHG
561,511020.XSHG,活跃国债,2018-11-28,2018-12-03,,中证5-10年国债活跃券(931018),
562,588090.XSHG,科创板,2020-09-15,2020-09-22,,科创50(000688),000688.XSHG
563,512930.XSHG,AIETF,2019-05-06,2019-05-13,,CS人工智(930713),930713.CSI
564,515700.XSHG,新能车,2019-11-28,2019-12-09,,新能源车(930997),930997.CSI
565,512970.XSHG,湾区ETF,2019-06-11,2019-06-17,,大湾区(931000),931000.CSI
566,518800.XSHG,黄金基金,2013-06-21,2013-06-24,,,
567,159821.XSHE,创业板ETF中银证券,2020-09-08,2020-09-14,,创业板指(399006),399006.XSHE
568,159866.XSHE,日经ETF工银,2021-02-22,2021-03-01,,日经225指数(N225),
569,510690.XSHG,180金融,2020-02-28,2020-03-02,2021-12-18,180金融(000018),000018.XSHG
570,511050.XSHG,兴业地债,2020-03-10,2020-03-16,2021-06-11,上证1-5年地债(950047),
571,510860.XSHG,兴业50,2020-10-16,2020-10-19,2021-12-30,上证50(000016),000016.XSHG
572,515580.XSHG,中证科技,2019-09-04,2019-09-09,,科技100(931187),931187.CSI
573,159949.XSHE,创业板50ETF华安,2016-06-01,2016-06-06,,创业板50(399673),399673.XSHE
574,512510.XSHG,ETF500,2015-04-11,2015-04-15,,中证500(000905),000905.XSHG
575,512890.XSHG,红利低波,2018-11-16,2018-11-21,,红利低波(H30269),H30269.CSI
576,515190.XSHG,BOCI500,2020-03-25,2020-03-30,,中证500(000905),000905.XSHG
577,515610.XSHG,中银800,2020-04-27,2020-04-30,2022-08-05,中证800(000906),000906.XSHG
578,159935.XSHE,中证500ETF景顺,2013-11-30,2013-12-03,,中证500(000905),000905.XSHG
579,515100.XSHG,红利100,2020-04-22,2020-04-27,,红利低波100(930955),930955.CSI
580,159937.XSHE,黄金ETF博时,2014-08-01,2014-08-04,,,
581,512220.XSHG,TMTETF,2014-06-20,2014-06-23,,科技传媒通信150(H30318),H30318.CSI
582,159922.XSHE,中证500ETF嘉实,2012-12-31,2013-01-07,,中证500(000905),000905.XSHG
583,159951.XSHE,中关村ETF,2017-05-02,2017-05-15,2022-08-17,中关村A指(399422),
584,515860.XSHG,科技100,2019-08-27,2019-09-02,,新兴科技100(931165),931165.CSI
585,512180.XSHG,建信MSCI,2018-03-27,2018-03-30,,MSCI中国A股国际通(人民币)指数(本币)(716567L),
586,515960.XSHG,医药100,2020-03-20,2020-03-25,,医药健康100(931166),931166.CSI
587,515680.XSHG,创新央企,2019-08-08,2019-08-12,,央企创新(000861),000861.CSI
588,512640.XSHG,金融地产,2014-05-16,2014-05-19,,800金地(000934),000934.XSHG
589,159810.XSHE,创业板ETF浦银,2020-03-13,2020-03-19,,创业板指(399006),399006.XSHE
590,512750.XSHG,基本面50,2019-03-29,2019-04-08,,基本面50(000925),000925.CSI
591,512990.XSHG,MSCIA股,2018-09-13,2018-09-17,,MSCI中国A股国际通(人民币)指数(本币)(716567L),
592,515350.XSHG,民生300,2019-10-17,2019-10-21,,沪深300(000300),000300.XSHG
593,512290.XSHG,生物医药,2019-03-20,2019-03-25,,CS生医(930726),930726.CSI
594,512720.XSHG,计算机,2019-05-29,2019-06-03,,CS计算机(930651),930651.CSI
595,515210.XSHG,钢铁ETF,2019-12-27,2020-01-02,,中证钢铁(930606),930606.CSI
596,512880.XSHG,证券ETF,2016-06-15,2016-06-20,,证券公司(399975),399975.XSHE
597,515220.XSHG,煤炭ETF,2019-12-27,2020-01-02,,中证煤炭(399998),399998.XSHE
598,515880.XSHG,通信ETF,2019-07-17,2019-07-22,,通信设备(931160),931160.CSI
599,512660.XSHG,军工ETF,2016-06-15,2016-06-20,,中证军工(399967),399967.XSHE
600,159806.XSHE,新能源车ETF国泰,2020-02-26,2020-03-02,,CS新能车(399976),399976.XSHE
601,512530.XSHG,300红利,2019-07-24,2019-07-29,,300红利(000821),000821.CSI
602,159992.XSHE,创新药ETF银华,2020-02-26,2020-03-02,,CS创新药(931152),931152.CSI
603,159994.XSHE,通信ETF银华,2019-12-23,2019-12-27,,5G通信(931079),931079.CSI
604,159959.XSHE,央企ETF银华,2018-08-23,2018-08-27,,结构调整(000860),000860.CSI
605,159987.XSHE,科技创新ETF,2019-10-16,2019-10-21,2024-09-03,创新100(931159),931159.CSI
606,512380.XSHG,MSCI中国,2018-12-27,2019-01-02,,MSCI中国A股人民币指数(本币)(718711L),
607,510800.XSHG,上证50,2017-11-22,2017-11-27,,上证50(000016),000016.XSHG
608,511220.XSHG,城投ETF,2019-04-25,2019-04-24,,沪城投债(H11098),
609,510050.XSHG,50ETF,2004-11-25,2004-11-29,,上证50(000016),000016.XSHG
610,513990.XSHG,港股通综,2020-04-22,2020-04-28,,港股通(H50069),H50069.CSI
611,159975.XSHE,深100ETF招商,2019-08-22,2019-08-26,,深证100(399330),399330.XSHE
612,159801.XSHE,芯片ETF广发,2020-01-02,2020-01-06,,国证芯片(980017),
613,512770.XSHG,战略新兴,2018-04-28,2018-05-04,,新兴成指(000171),000171.CSI
614,518600.XSHG,上海金,2020-06-13,2020-06-18,,,
615,159822.XSHE,新经济ETF银华,2020-09-07,2020-09-11,,标普新中国行业(A股上限)指数(SPNCSCHN),
616,518880.XSHG,黄金ETF,2013-06-21,2013-06-24,,,
617,159957.XSHE,创业板ETF华夏,2017-10-27,2017-11-03,,创业板指(399006),399006.XSHE
618,159967.XSHE,创业板成长ETF华夏,2019-04-26,2019-05-06,,创成长(399296),399296.XSHE
619,159968.XSHE,中证500ETF博时,2019-05-17,2019-07-01,,中证500(000905),000905.XSHG
620,159990.XSHE,小盘价值ETF,2019-11-01,2019-11-18,2024-07-17,小盘价值(399377),399377.XSHE
621,512120.XSHG,医药50,2013-11-05,2013-11-08,,细分医药(000814),000814.XSHG
622,518680.XSHG,金ETF,2020-06-08,2020-06-11,,,
623,159003.XSHE,招商快线ETF,2013-05-08,2013-05-13,,,
624,512920.XSHG,MSCI新华,2018-09-21,2018-09-26,2022-12-07,MSCI中国A股国际指数(704843),
625,159906.XSHE,深成长ETF大成,2010-11-18,2010-11-23,,成长40(399326),399326.XSHE
626,512350.XSHG,福建ETF,2020-04-17,2020-04-20,2021-12-25,福建50(930703),
627,510060.XSHG,央企ETF,2009-07-16,2009-07-20,,上证央企(000042),000042.XSHG
628,511000.XSHG,长三角债,2020-06-18,2020-06-22,2021-03-16,中债-0-3年长三角地方政府债指数(全价)(CBA12003),
629,512200.XSHG,地产ETF,2017-05-17,2017-05-26,,房地产(931775),931775.CSI
630,511030.XSHG,公司债,2018-12-05,2018-12-10,,中债-中高等级公司债利差因子指数(全价)(CBC00703),
631,159988.XSHE,粤债ETF,2020-02-20,2020-02-24,2022-06-24,中债-0-5年广东省地方政府债指数(全价)(CBA08903),
632,511520.XSHG,政金债,2022-07-29,2022-08-03,,中债-7-10年政策性金融债指数(全价)(CBA08203),
633,159687.XSHE,亚太精选ETF南方,2022-12-06,2022-12-09,,富时亚太精选指数(GPCSP006),
634,511010.XSHG,国债ETF,2013-02-08,2013-02-21,2025-03-25,5年国债(全)(H00140),
635,560960.XSHG,碳60ETF,2022-11-30,2022-12-12,2025-04-22,碳中和60(931772),931772.CSI
636,512980.XSHG,传媒ETF,2017-11-23,2017-11-27,,中证传媒(399971),399971.XSHE
637,159979.XSHE,湾创100ETF,2019-09-04,2019-09-09,2022-12-15,湾创100(980001),
638,512600.XSHG,必选消费,2014-05-16,2014-05-19,,800消费(000932),000932.XSHG
639,510890.XSHG,红利低波,2019-01-10,2019-01-15,2021-07-01,上红低波(H50040),H50040.CSI
640,159962.XSHE,四川ETF,2018-11-23,2018-11-26,2022-11-03,四川国改(930738),930738.CSI
641,512850.XSHG,北京50,2018-06-28,2018-07-02,2020-12-11,北京50(931023),931023.CSI
642,512780.XSHG,京津冀基,2018-03-31,2018-04-09,2022-10-20,CS京津冀(930701),930701.CSI
643,511280.XSHG,中期信用,2018-01-19,2018-01-24,2021-08-04,沪质中高债3-5(950113),
644,511290.XSHG,国债十年,2017-12-15,2017-12-20,2020-07-16,10年国债(H11077),
645,510820.XSHG,上海改革,2017-11-18,2017-11-22,2019-08-20,上海改革(950082),950082.CSI
646,159953.XSHE,工业ETF,2017-04-29,2017-05-03,2020-12-11,全指工业(000988),000988.CSI
647,159950.XSHE,深成指EF,2017-03-24,2017-03-27,2019-07-01,深证成指(399001),399001.XSHE
648,511230.XSHG,周期债,2016-11-11,2016-11-15,2019-02-21,上证周期债(950102),
649,159656.XSHE,沪深300成长ETF万家,2022-11-18,2022-12-19,,300成长(000918),000918.CSI
650,588320.XSHG,双创增强,2022-12-13,2022-12-19,,科创创业50(931643),931643.CSI
651,159683.XSHE,运输ETF,2022-12-07,2022-12-19,2025-01-08,内地运输(000945),000945.CSI
652,562320.XSHG,300价值A,2022-12-09,2022-12-19,,300价值(000919),000919.CSI
653,159652.XSHE,有色ETF汇添富,2022-12-16,2022-12-22,,细分有色(000811),000811.CSI
654,159946.XSHE,全指消费,2015-06-11,2015-06-15,2018-12-25,全指消费(000990),000990.CSI
655,512340.XSHG,原料ETF,2015-03-23,2015-03-30,2021-01-15,500原料(H30251),H30251.CSI
656,159942.XSHE,中创100,2015-04-11,2015-04-15,2018-11-06,中创100(399612),399612.XSHE
657,512310.XSHG,工业ETF,2015-03-16,2015-03-19,2021-01-08,500工业(H30252),H30252.CSI
658,511220.XSHG,城投ETF,2014-10-14,2014-10-17,2019-04-24,沪质城投(H11018),
659,512610.XSHG,医药卫生,2014-05-16,2014-05-19,2022-11-01,800医卫(000933),000933.XSHG
660,512230.XSHG,景顺医药,2014-06-20,2014-06-23,2018-03-07,800医卫(000933),000933.XSHG
661,510520.XSHG,诺安500,2014-01-03,2014-01-06,2019-07-08,中证500(000905),000905.XSHG
662,512110.XSHG,中证地产,2013-11-05,2013-11-08,2016-09-21,细分地产(000816),
663,159932.XSHE,中证500深ETF,2013-08-14,2013-08-19,2022-11-15,500深市(399802),399802.XSHE
664,510450.XSHG,180高ETF,2013-05-31,2013-06-03,2016-06-23,180高贝(000135),000135.XSHG
665,159927.XSHE,A300ETF,2013-06-13,2013-06-17,2018-02-14,沪深300(000300),000300.XSHG
666,511210.XSHG,企债ETF,2013-06-20,2013-06-24,2017-11-08,沪企债30(000061),000061.XSHG
667,510700.XSHG,百强ETF,2013-03-27,2013-04-01,2015-10-14,市值百强(000155),000155.XSHG
668,159926.XSHE,国债ETF,2013-04-12,2013-04-17,2022-06-15,中期国债(H11017),
669,510620.XSHG,材料行业,2013-02-20,2013-02-25,2016-03-29,上证材料(000033),000033.XSHG
670,510610.XSHG,能源行业,2013-02-20,2013-02-25,2016-03-29,上证能源(000032),000032.XSHG
671,159924.XSHE,300等权,2013-03-19,2013-03-25,2018-03-07,300等权(000984),000984.CSI
672,159921.XSHE,中小等权,2012-11-01,2012-11-05,2017-11-01,中小等权(399634),399634.XSHE
673,510430.XSHG,50等权,2012-07-19,2012-07-23,2020-09-24,50等权(000050),000050.XSHG
674,510440.XSHG,500沪市,2012-07-27,2012-07-30,2022-11-25,500沪市(000802),000802.XSHG
675,510420.XSHG,180EWETF,2012-04-25,2012-05-02,2018-10-29,180等权(000051),000051.XSHG
676,159917.XSHE,中小成长,2012-01-19,2012-01-30,2015-08-27,中小成长(399602),399602.XSHE
677,510280.XSHG,成长ETF,2011-06-29,2011-07-04,2018-11-28,180成长(000028),000028.XSHG
678,159911.XSHE,民营ETF,2011-07-21,2011-07-27,2020-06-12,深证民营(399337),399337.XSHE
679,510220.XSHG,中小ETF,2010-12-17,2010-12-20,2022-11-21,上证中小(000046),000046.XSHG
680,510260.XSHG,新兴ETF,2011-03-04,2011-03-07,2019-07-01,上证新兴(000067),000067.XSHG
681,510070.XSHG,民企ETF,2010-06-25,2010-07-01,2020-06-30,上证民企(000049),000049.XSHG
682,159902.XSHE,中小100ETF华夏,2006-05-19,2006-05-22,2010-04-12,中小板指(399329),
683,159681.XSHE,创业板50ETF鹏华,2022-11-22,2022-12-12,,创业板50(399673),399673.XSHE
684,562010.XSHG,绿色能源,2022-11-18,2022-11-25,,绿色能源(931733),931733.CSI
685,159682.XSHE,创业板50ETF景顺,2022-11-22,2022-12-12,,创业板50(399673),399673.XSHE
686,588460.XSHG,科创增强,2022-11-07,2022-11-14,,科创50(000688),000688.XSHG
687,511310.XSHG,十年债,2018-01-03,2018-01-08,2023-01-03,中证10年国债(930916),
688,159665.XSHE,半导体龙头ETF工银,2022-11-18,2022-11-23,,国证芯片(980017),
689,510760.XSHG,上证ETF,2020-08-05,2020-08-10,,上证指数(000001),000001.XSHG
690,159669.XSHE,绿色电力ETF国泰,2022-12-14,2022-12-19,,绿色电力(399438),399438.XSHE
691,159978.XSHE,大湾区ETF,2020-01-16,2020-01-20,2023-01-06,SHS大湾区(930999),930999.CSI
692,513550.XSHG,港股通50,2020-12-10,2020-12-22,,港股通50(930931),930931.CSI
693,513200.XSHG,港股医药,2021-10-18,2021-10-21,,港股通医药C(930965),930965.CSI
694,159788.XSHE,港股通100ETF易方达,2021-11-29,2021-12-02,,港股通中国100(930957),930957.CSI
695,159776.XSHE,港股医药ETF银华,2021-11-30,2021-12-03,,港股通医药C(930965),930965.CSI
696,513150.XSHG,港科技50,2021-11-02,2021-11-05,,港股通科技(931573),931573.CSI
697,159747.XSHE,香港科技ETF南方,2021-06-08,2021-06-15,,港股科技(931574),931574.CSI
698,159653.XSHE,ESG300ETF国联安,2023-01-13,2023-01-17,,ESG300(399378),399378.XSHE
699,515870.XSHG,制造100,2019-10-30,2019-11-04,2023-01-17,先进制造100(931167),931167.CSI
700,159650.XSHE,国开债ETF博时,2022-07-26,2022-08-01,,中债-0-3年国开行债券指数(CBA11901),
701,159660.XSHE,纳指ETF汇添富,2023-01-20,2023-01-31,,纳斯达克100指数(NDX),
702,517780.XSHG,红300,2021-12-17,2021-12-21,2023-02-01,中华沪深港300(CES300),CES300.CSI
703,563030.XSHG,增强500,2023-01-20,2023-02-01,,中证500(000905),000905.XSHG
704,512590.XSHG,高股息,2019-01-07,2019-01-10,2023-02-01,CS高股息(930838),930838.CSI
705,515510.XSHG,500成长,2020-01-21,2020-02-03,2023-02-01,500成长估值(930938),930938.CSI
706,513680.XSHG,建信H股,2018-11-14,2018-11-19,2023-02-02,恒生中国企业指数(HSCEI),
707,515500.XSHG,长三角LX,2020-04-29,2020-05-06,2023-02-02,中证长三角(931381),931381.CSI
708,513560.XSHG,香港科技,2022-10-18,2022-10-21,,港股通科技CNY(931573CNY00),
709,159678.XSHE,500增强ETF博时,2023-01-19,2023-02-06,,中证500(000905),000905.XSHG
710,159605.XSHE,中概互联ETF广发,2021-11-09,2021-11-15,,中国互联网30(930604),930604.CSI
711,159666.XSHE,交通运输ETF华夏,2022-12-28,2023-01-03,,运输指数(H30171),H30171.CSI
712,159688.XSHE,恒生互联网ETF华安,2022-12-13,2023-01-03,,恒生互联网科技业指数(HSIII),
713,561170.XSHG,绿电50,2023-02-01,2023-02-13,,绿色电力(931897),931897.CSI
714,159838.XSHE,医药50ETF博时,2021-05-22,2021-05-26,,医药50(931140),931140.CSI
715,516860.XSHG,金融科技,2021-06-25,2021-06-28,,金融科技(930986),930986.CSI
716,515130.XSHG,HS300E,2020-02-27,2020-03-09,,沪深300(000300),000300.XSHG
717,513110.XSHG,纳指100,2023-02-10,2023-02-15,,纳斯达克100指数(NDX),
718,513060.XSHG,恒生医疗,2021-02-26,2021-03-08,,恒生医疗保健指数(HSHCI),
719,513290.XSHG,纳指生物,2022-05-23,2022-05-27,,纳斯达克生物技术指数(NBI),
720,513280.XSHG,恒生生物,2022-05-23,2022-05-27,,恒生生物科技(HSBIO),
721,513260.XSHG,恒科技,2022-05-23,2022-05-27,,恒生科技指数(HSTECH),
722,513520.XSHG,日经ETF,2019-05-25,2019-05-28,,日经225指数(N225),
723,159711.XSHE,港股通50ETF华夏,2021-09-17,2021-09-24,,港股通50(930931),930931.CSI
724,159612.XSHE,标普500ETF国泰,2022-04-12,2022-04-18,,标普500指数(SPX),
725,513600.XSHG,恒指ETF,2014-12-06,2014-12-09,,恒生指数(HSI),
726,513300.XSHG,纳斯达克,2020-09-30,2020-10-14,,纳斯达克100指数(NDX),
727,159615.XSHE,恒生生物科技ETF南方,2022-05-27,2022-06-06,,恒生生物科技(HSBIO),
728,159636.XSHE,港股通科技30ETF工银,2022-06-14,2022-06-17,,港股通科技(987008),
729,513650.XSHG,标普ETF,2023-01-18,2023-01-30,,标普500指数(SPX),
730,513660.XSHG,恒生通,2014-12-06,2014-12-09,,恒生指数(HSI),
731,159726.XSHE,港股通高股息ETF华夏,2021-09-01,2021-09-06,2026-02-02,中国内地企业高股息率(HSMCHYI),
732,159655.XSHE,标普500ETF华夏,2022-08-24,2022-08-30,,标普500指数(SPX),
733,513140.XSHG,港股金融,2022-12-06,2022-12-12,,港股通金融服务(H30106),H30106.CSI
734,159632.XSHE,纳斯达克ETF华安,2022-05-25,2022-06-13,,纳斯达克100指数(NDX),
735,159941.XSHE,纳指ETF广发,2015-05-15,2015-05-20,,纳斯达克100指数(NDX),
736,159679.XSHE,中证1000增强ETF国泰,2023-02-01,2023-02-06,,中证1000(000852),000852.XSHG
737,511090.XSHG,30年国债,2023-02-14,2023-02-17,,中债-30年期国债指数(CBA21801),
738,159607.XSHE,中概互联网ETF嘉实,2021-11-08,2021-11-15,,中国互联网30(930604),930604.CSI
739,561920.XSHG,疫苗龙头,2023-02-03,2023-02-20,,疫苗生物(931992),931992.CSI
740,562550.XSHG,绿电ETF,2023-02-13,2023-02-20,,绿色电力(931897),931897.CSI
741,562860.XSHG,疫苗ETF,2023-01-31,2023-02-06,,疫苗生物(931992),931992.CSI
742,510190.XSHG,上证50基,2023-02-23,2023-02-23,,上证50(000016),000016.XSHG
743,159005.XSHE,快钱ETF汇添富,2014-12-09,2014-12-15,,,
744,562920.XSHG,信息安全,2023-02-25,2023-03-01,,信息安全(399994),399994.XSHE
745,159651.XSHE,国开债ETF平安,2022-08-05,2022-08-15,,中债-0-3年国开行债券指数(CBA11901),
746,159671.XSHE,稀有金属ETF工银,2023-01-19,2023-02-06,,CS稀金属(930632),930632.CSI
747,560860.XSHG,工业有色,2023-01-20,2023-02-13,,工业有色(H11059),H11059.CSI
748,159657.XSHE,疫苗ETF鹏华,2023-01-05,2023-01-16,,疫苗生科(980015),
749,159689.XSHE,消费ETF南方,2023-02-22,2023-02-27,,800消费(000932),000932.XSHG
750,159672.XSHE,消费ETF博时,2023-02-17,2023-03-13,,800消费(000932),000932.XSHG
751,159676.XSHE,创业板增强ETF富国,2023-03-01,2023-03-13,,创业板指(399006),399006.XSHE
752,159999.XSHE,永赢中证500ETF,2020-05-25,2020-06-08,2023-03-14,中证500(000905),000905.XSHG
753,515390.XSHG,HS300,2019-10-17,2019-10-28,,沪深300(000300),000300.XSHG
754,515090.XSHG,可持续,2019-12-13,2019-12-16,,持续发展(931268),931268.CSI
755,511380.XSHG,转债ETF,2020-01-22,2020-02-10,,中证转债及可交换债(931078),931078.CSI
756,515890.XSHG,红利博时,2020-02-10,2020-02-24,,中证红利(000922),000922.CSI
757,159991.XSHE,创业板大盘ETF招商,2020-02-25,2020-03-02,,创业大盘(399293),399293.XSHE
758,159811.XSHE,5GETF博时,2020-03-09,2020-03-16,,5G50(931406),931406.CSI
759,518660.XSHG,工银黄金,2020-03-20,2020-03-23,,,
760,159809.XSHE,大湾区ETF基金,2020-03-24,2020-03-30,2021-10-15,沪深港通大湾区综合指数(HSBBAC),
761,515830.XSHG,工银中证800ETF,2020-03-24,2020-03-27,2022-04-01,中证800(000906),000906.XSHG
762,515770.XSHG,MSCIAETF,2020-04-10,2020-04-13,,MSCI中国A股人民币指数(本币)(718711L),
763,518860.XSHG,上海金E,2020-07-09,2020-07-13,,,
764,516900.XSHG,食品50,2021-03-08,2021-03-15,,食品饮料(000807),000807.CSI
765,159831.XSHE,金ETF嘉实,2021-12-24,2021-12-28,,,
766,511260.XSHG,十年国债,2017-07-12,2017-07-17,2025-03-25,10年国债(H11077),
767,510600.XSHG,沪50ETF,2018-06-20,2018-06-25,,上证50(000016),000016.XSHG
768,511270.XSHG,10年地债,2018-06-25,2018-06-28,,上证10年地债(950109),
769,512960.XSHG,央调ETF,2018-08-23,2018-08-27,,结构调整(000860),000860.CSI
770,512260.XSHG,500低波,2018-10-15,2018-10-18,,500SNLV(930782),930782.CSI
771,512270.XSHG,300低波,2018-12-03,2018-12-06,2021-08-10,300SNLV(930846),
772,159908.XSHE,创业板ETF博时,2018-12-10,2018-12-10,,创业板指(399006),399006.XSHE
773,512790.XSHG,民企成长,2019-04-26,2019-05-06,2020-06-16,民企成长(000939),
774,512190.XSHG,之江凤凰,2019-06-22,2019-06-26,,凤凰50(930758),930758.CSI
775,510530.XSHG,工银500,2019-06-22,2019-07-18,,中证500(000905),000905.XSHG
776,515900.XSHG,央创ETF,2019-08-08,2019-08-12,,央企创新(000861),000861.CSI
777,159976.XSHE,湾创ETF工银,2019-08-16,2019-08-19,,湾创100(980001),
778,515310.XSHG,添富300,2019-09-19,2019-09-27,,沪深300(000300),000300.XSHG
779,512860.XSHG,MSCI中国,2018-07-27,2018-08-01,2021-03-10,MSCI中国A股国际指数(704843),
780,562960.XSHG,绿色电力,2023-03-16,2023-03-20,,绿色电力(931897),931897.CSI
781,513530.XSHG,港股红利,2022-02-21,2022-02-24,,港股通高股息CNY(930915),
782,159832.XSHE,平安金ETF,2021-11-22,2021-11-25,2023-03-23,,
783,560180.XSHG,ESG300,2023-03-20,2023-03-23,,300ESG(931463),931463.CSI
784,159670.XSHE,消费50ETF国联安,2023-03-20,2023-03-24,,CS消费50(931139),931139.CSI
785,159966.XSHE,创业板价值ETF华夏,2019-04-26,2019-05-06,,创价值(399295),399295.XSHE
786,562330.XSHG,500价值,2023-03-13,2023-03-27,,500价值(H30352),H30352.CSI
787,513970.XSHG,恒生消费,2023-03-22,2023-03-27,,恒生消费(HSCGSI),
788,159685.XSHE,1000增强ETF天弘,2023-03-02,2023-03-06,,中证1000(000852),000852.XSHG
789,159686.XSHE,A100ETF易方达,2023-04-03,2023-04-07,,中证A100(000903),000903.XSHG
790,513390.XSHG,纳指基金,2023-03-31,2023-04-10,,纳斯达克100指数(NDX),
791,159673.XSHE,沪深300ETF鹏华,2023-04-11,2023-04-14,,沪深300(000300),000300.XSHG
792,159695.XSHE,通信ETF嘉实,2023-04-11,2023-04-17,,国证通信(399389),399389.XSHE
793,560580.XSHG,电力指基,2023-04-10,2023-04-18,,电力指数(H30199),H30199.CSI
794,561950.XSHG,500增强A,2023-03-10,2023-03-20,,中证500(000905),000905.XSHG
795,159659.XSHE,纳斯达克100ETF招商,2023-02-06,2023-02-09,,纳斯达克100指数(NDX),
796,560330.XSHG,300价值E,2023-04-13,2023-04-21,,300价值(000919),000919.CSI
797,159691.XSHE,港股红利ETF工银,2023-03-03,2023-03-13,,港股通高息精选(930839),930839.CSI
798,159815.XSHE,浙江100ETF,2020-04-22,2020-04-28,2023-04-24,浙江100(931163),931163.CSI
799,513950.XSHG,恒生红利,2023-03-27,2023-04-03,,港股通高股息低波动(HSHYLV),
800,159697.XSHE,石油ETF鹏华,2023-03-30,2023-04-03,,国证油气(399439),399439.XSHE
801,560950.XSHG,500增,2023-04-20,2023-04-27,,中证500(000905),000905.XSHG
802,562930.XSHG,软件30,2023-04-26,2023-05-04,,中证软件(930601),930601.CSI
803,159622.XSHE,创新药ETF东财,2023-03-17,2023-03-27,,SHS创新药(931409),931409.CSI
804,159692.XSHE,证券ETF东财,2023-04-04,2023-04-17,,证券公司30(931412),931412.CSI
805,159735.XSHE,港股消费ETF银华,2021-05-07,2021-05-12,,港股通消费(931454),931454.CSI
806,515520.XSHG,价值100,2019-08-13,2019-08-19,2023-05-09,MSCI中国A股质优价值100指数(718465),
807,560700.XSHG,央红利50,2023-05-09,2023-05-15,,央企股东回报(932039),932039.CSI
808,560070.XSHG,央企分红,2023-05-09,2023-05-15,,央企股东回报(932039),932039.CSI
809,513040.XSHG,HK互联网,2023-04-28,2023-05-15,,港股通互联网(931637),931637.CSI
810,159501.XSHE,纳指ETF嘉实,2023-05-15,2023-05-22,,纳斯达克100指数(NDX),
811,512580.XSHG,环保ETF,2016-12-15,2016-12-19,,中证环保(000827),000827.XSHG
812,561580.XSHG,央企红利,2023-04-22,2023-05-04,,央企红利(000825),000825.CSI
813,515160.XSHG,MSCI招商,2019-12-04,2019-12-09,,MSCI中国A股国际通(人民币)指数(本币)(716567L),
814,159507.XSHE,通信ETF广发,2023-05-24,2023-05-29,,国证通信(399389),399389.XSHE
815,560090.XSHG,证券指数,2023-02-07,2023-02-13,,证券公司(399975),399975.XSHE
816,561960.XSHG,央企回报,2023-05-09,2023-05-15,,央企股东回报(932039),932039.CSI
817,159833.XSHE,上海金基金ETF,2021-12-25,2021-12-29,2023-05-30,,
818,159629.XSHE,中证1000ETF富国,2022-07-15,2022-07-22,,中证1000(000852),000852.XSHG
819,159001.XSHE,货币ETF易方达,2013-03-20,2013-03-25,,,
820,159961.XSHE,深100ETF方正富邦,2018-10-11,2018-10-15,,深证100(399330),399330.XSHE
821,159996.XSHE,家电ETF国泰,2020-02-05,2020-02-10,,家用电器(930697),930697.CSI
822,159506.XSHE,港股通创新药医疗ETF富国,2023-05-31,2023-06-05,,港股通医疗保健(HSSCHI),
823,510170.XSHG,商品ETF,2010-10-27,2010-11-01,,上证商品(000066),000066.XSHG
824,588180.XSHG,科创50基,2021-06-08,2021-06-11,,科创50(000688),000688.XSHG
825,516810.XSHG,农业,2021-09-17,2021-09-24,,中证农业(000949),000949.CSI
826,560030.XSHG,800价值,2023-05-31,2023-06-06,,800价值(H30356),H30356.CSI
827,515780.XSHG,浦银MSCI,2020-03-16,2020-03-20,2025-02-26,MSCI中国A股人民币指数(本币)(718711L),
828,159819.XSHE,人工智能ETF易方达,2020-07-15,2020-07-20,,CS人工智(930713),930713.CSI
829,159503.XSHE,财富管理ETF,2023-06-01,2023-06-08,2024-07-19,财富管理(CN5074),
830,563050.XSHG,科技央企,2023-06-02,2023-06-12,,央企科技引领(932038),932038.CSI
831,560170.XSHG,央企科技,2023-06-02,2023-06-12,,央企科技引领(932038),932038.CSI
832,159508.XSHE,生物医药ETF华安,2023-06-06,2023-06-12,,生物医药(399441),399441.XSHE
833,562380.XSHG,科技引领,2023-06-02,2023-06-12,,央企科技引领(932038),932038.CSI
834,159907.XSHE,国证2000ETF广发,2011-04-27,2011-05-03,2023-06-12,中小300(399008),399008.XSHE
835,159907.XSHE,国证2000ETF广发,2023-05-24,2023-06-12,,国证2000(399303),399303.XSHE
836,159755.XSHE,电池ETF广发,2021-05-28,2021-06-01,,新能电池(980032),
837,159696.XSHE,纳指ETF易方达,2023-06-09,2023-06-13,,纳斯达克100指数(NDX),
838,513980.XSHG,科技港股,2021-05-26,2021-05-31,2023-06-13,港股通科技CNY(931573CNY00),
839,513980.XSHG,科技港股,2023-06-13,2023-06-13,,港股通科技(931573),931573.CSI
840,515930.XSHG,永赢300,2020-03-13,2020-03-23,2023-06-13,沪深300(000300),000300.XSHG
841,516390.XSHG,电动车,2021-05-12,2021-05-17,,新能源车(930997),930997.CSI
842,159929.XSHE,医药ETF汇添富,2013-07-11,2013-07-15,,800医卫(000933),000933.XSHG
843,562350.XSHG,电力,2022-06-14,2022-06-17,,电力指数(H30199),H30199.CSI
844,563010.XSHG,电信ETF,2023-06-13,2023-06-19,,中证电信(931235),931235.CSI
845,159718.XSHE,港股医药ETF平安,2021-09-23,2021-09-30,,港股通医药C(930965),930965.CSI
846,159881.XSHE,有色金属ETF国泰,2021-05-24,2021-06-07,,中证有色(930708),930708.CSI
847,159690.XSHE,有色矿业ETF招商,2023-06-01,2023-06-06,,有色矿业(931892),931892.CSI
848,159909.XSHE,TMT50ETF招商,2011-05-12,2011-05-16,,TMT50(399610),399610.XSHE
849,510120.XSHG,非周ETF,2011-03-18,2011-03-21,2023-06-30,非周期(000064),000064.XSHG
850,159512.XSHE,汽车ETF广发,2023-06-29,2023-07-03,,汽车指数(931008),931008.CSI
851,159698.XSHE,粮食ETF鹏华,2023-06-27,2023-07-03,,国证粮食(399365),399365.XSHE
852,159513.XSHE,纳斯达克100ETF大成,2023-06-27,2023-07-03,,纳斯达克100指数(NDX),
853,159984.XSHE,湾区100ETF,2019-09-04,2019-09-09,2023-07-05,湾创100(980001),
854,510110.XSHG,周期ETF,2010-08-16,2010-08-19,2023-07-06,上证周期(000063),000063.XSHG
855,159516.XSHE,半导体设备ETF国泰,2023-07-07,2023-07-10,,半导体材料设备(931743),931743.CSI
856,159509.XSHE,纳指科技ETF景顺,2023-06-13,2023-07-10,,纳斯达克科技市值加权指数(NDXTMC),
857,562300.XSHG,低碳ETF,2021-11-05,2021-11-10,,内地低碳(000977),000977.CSI
858,159510.XSHE,沪深300价值ETF华夏,2023-07-12,2023-07-17,,300价值稳健(931586),931586.CSI
859,561790.XSHG,现代能源,2023-07-04,2023-07-17,,央企现代能源(932037),932037.CSI
860,562850.XSHG,央企能源,2023-07-04,2023-07-17,,央企现代能源(932037),932037.CSI
861,159729.XSHE,互联网ETF汇添富,2021-06-10,2021-06-15,,SHS互联网(930625),930625.CSI
862,561260.XSHG,能源ETF,2023-07-04,2023-07-17,,央企现代能源(932037),932037.CSI
863,159511.XSHE,通信ETF南方,2023-07-05,2023-07-17,,800通信(000936),000936.CSI
864,159699.XSHE,恒生消费ETF广发,2023-07-24,2023-07-31,,恒生消费(HSCGSI),
865,560020.XSHG,红利添富,2023-07-27,2023-08-01,,中证红利(000922),000922.CSI
866,513850.XSHG,美国50,2023-07-28,2023-08-02,,MSCI美国50指数(750108),
867,513810.XSHG,港股国企,2023-07-31,2023-08-03,,内地国有(H11153),H11153.CSI
868,159965.XSHE,央视50ETF国联,2018-12-07,2018-12-12,,央视50(399550),399550.XSHE
869,512870.XSHG,杭州湾区,2018-10-30,2018-11-02,,杭州湾区(931033),931033.CSI
870,561280.XSHG,增强1000,2023-08-09,2023-08-14,,中证1000(000852),000852.XSHG
871,159519.XSHE,港股国企ETF国泰,2023-08-09,2023-08-14,,内地国有(H11153),H11153.CSI
872,560590.XSHG,1000鹏华,2023-08-01,2023-08-14,,中证1000(000852),000852.XSHG
873,159523.XSHE,沪深300成长ETF华夏,2023-08-09,2023-08-14,,300成长创新(931589),931589.CSI
874,159517.XSHE,中证800增强ETF银华,2023-08-01,2023-08-14,,中证800(000906),000906.XSHG
875,159515.XSHE,国企红利ETF鹏扬,2023-08-07,2023-08-14,,国企红利(000824),000824.CSI
876,588110.XSHG,科创成长,2023-08-09,2023-08-14,,科创成长(000690),000690.XSHG
877,588020.XSHG,科创50E,2023-08-09,2023-08-14,,科创成长(000690),000690.XSHG
878,159521.XSHE,国证2000ETF平安,2023-08-04,2023-08-16,,国证2000(399303),399303.XSHE
879,561060.XSHG,红利国企,2023-08-14,2023-08-17,,国企红利(000824),000824.CSI
880,516290.XSHG,光伏基金,2021-07-16,2021-07-22,,光伏产业(931151),931151.CSI
881,561980.XSHG,芯片设备,2023-08-03,2023-08-10,,中证半导(931865),931865.CSI
882,159693.XSHE,有色矿业ETF,2023-08-19,2023-08-25,2024-06-07,有色矿业(931892),931892.CSI
883,513190.XSHG,H股金融,2023-08-22,2023-08-28,,港股通内地金融(H11146),H11146.CSI
884,588220.XSHG,科创100F,2023-08-23,2023-08-28,,科创100(000698),000698.XSHG
885,588120.XSHG,科100ETF,2023-08-23,2023-08-28,,科创100(000698),000698.XSHG
886,560260.XSHG,医疗50,2023-08-22,2023-08-28,,中证医疗(399989),399989.XSHE
887,588190.XSHG,科创100,2023-08-23,2023-08-28,,科创100(000698),000698.XSHG
888,588030.XSHG,科创指基,2023-08-23,2023-08-28,,科创100(000698),000698.XSHG
889,159933.XSHE,金融地产ETF国投瑞银,2013-08-23,2013-08-28,,300金融(000914),000914.XSHG
890,560220.XSHG,2000基金,2023-08-29,2023-09-01,,中证2000(932000),932000.CSI
891,159540.XSHE,信创ETF易方达,2023-08-29,2023-09-01,,国证信创(CN5075),
892,159539.XSHE,信创ETF广发,2023-08-29,2023-09-01,,国证信创(CN5075),
893,562660.XSHG,ZZ2000,2023-08-29,2023-09-01,,中证2000(932000),932000.CSI
894,563300.XSHG,中证2000,2023-08-29,2023-09-01,,中证2000(932000),932000.CSI
895,159536.XSHE,中证2000ETF汇添富,2023-08-29,2023-09-01,,中证2000(932000),932000.CSI
896,159531.XSHE,中证2000ETF南方,2023-08-29,2023-09-01,,中证2000(932000),932000.CSI
897,159532.XSHE,中证2000ETF易方达,2023-08-29,2023-09-01,,中证2000(932000),932000.CSI
898,159535.XSHE,中证2000ETF嘉实,2023-08-29,2023-09-01,,中证2000(932000),932000.CSI
899,562030.XSHG,信创ETF基金,2023-09-01,2023-09-04,,中证信创(931247),931247.CSI
900,159538.XSHE,信创ETF富国,2023-08-30,2023-09-04,,国证信创(CN5075),
901,159522.XSHE,国证2000ETF景顺,2023-08-16,2023-09-04,2024-08-22,国证2000(399303),399303.XSHE
902,561370.XSHG,2000ETF,2023-08-30,2023-09-04,,中证2000(932000),932000.CSI
903,159537.XSHE,信创ETF国泰,2023-09-08,2023-09-11,,国证信创(CN5075),
904,159520.XSHE,消费龙头ETF工银,2023-09-07,2023-09-11,,消费龙头(931068),931068.CSI
905,512160.XSHG,MSCI基金,2018-03-14,2018-03-19,,MSCI中国A股国际通(人民币)指数(本币)(716567L),
906,563200.XSHG,2000指数,2023-09-06,2023-09-18,,中证2000(932000),932000.CSI
907,562590.XSHG,半导材料,2023-09-14,2023-09-20,,半导体材料设备(931743),931743.CSI
908,561200.XSHG,A100基金,2023-09-18,2023-09-22,,中证A100(000903),000903.XSHG
909,561780.XSHG,1000指增,2023-09-19,2023-09-22,,中证1000(000852),000852.XSHG
910,159546.XSHE,集成电路ETF国泰,2023-09-19,2023-09-22,,集成电路(932087),932087.CSI
911,510380.XSHG,国寿300,2017-10-10,2017-10-13,,沪深300(000300),000300.XSHG
912,159502.XSHE,标普生物科技ETF嘉实,2023-09-22,2023-09-28,,标普生物科技精选行业指数(SPSIBI),
913,159616.XSHE,农牧ETF建信,2022-05-31,2022-06-06,,农牧主题(931778),931778.CSI
914,561010.XSHG,软件开发,2023-09-26,2023-10-09,,软件开发(932094),932094.CSI
915,562600.XSHG,医疗器械,2023-09-27,2023-10-09,,医疗器械(H30217),H30217.CSI
916,560280.XSHG,工程机械,2023-09-25,2023-10-09,,工程机械主题(931752),931752.CSI
917,159541.XSHE,创业板综ETF万家,2023-09-26,2023-10-09,,创业板综(399102),399102.XSHE
918,561360.XSHG,石油ETF,2023-10-09,2023-10-12,,油气产业(H30198),H30198.CSI
919,159661.XSHE,A100ETF嘉实,2023-10-10,2023-10-13,,中证A100(000903),000903.XSHG
920,517520.XSHG,黄金股,2023-10-13,2023-10-16,,SSH黄金股票(931238),931238.CSI
921,159518.XSHE,标普油气ETF嘉实,2023-09-25,2023-10-16,,标普石油与天然气的勘探与生产精选行业指数(SPSIOP),
922,563020.XSHG,低波红利,2023-09-22,2023-10-16,,红利低波(H30269),H30269.CSI
923,159543.XSHE,国证2000ETF工银,2023-10-11,2023-10-16,,国证2000(399303),399303.XSHE
924,513870.XSHG,纳指指数,2023-10-10,2023-10-16,,纳斯达克100指数(NDX),
925,159789.XSHE,饮料ETF,2021-11-03,2021-11-08,2023-10-18,饮料指数(H30205),H30205.CSI
926,563330.XSHG,A股ETF,2023-10-14,2023-10-18,,中证A股(930903),930903.CSI
927,513020.XSHG,科技HK,2021-11-02,2021-11-05,2023-10-19,港股通科技CNY(931573CNY00),
928,513020.XSHG,科技HK,2023-10-19,2023-10-19,,港股通科技(931573),931573.CSI
929,159560.XSHE,芯片ETF景顺,2023-10-17,2023-10-23,,芯片产业(H30007),H30007.CSI
930,510190.XSHG,上证50基,2010-10-20,2010-10-25,2023-02-23,上证龙头(000065),000065.XSHG
931,588880.XSHG,科创指数,2023-10-26,2023-10-30,,科创100(000698),000698.XSHG
932,513750.XSHG,港股非银,2023-10-26,2023-10-30,,港股通非银CNY(931028),
933,588210.XSHG,科创100E,2023-10-26,2023-10-30,,科创100(000698),000698.XSHG
934,588800.XSHG,科创100C,2023-10-26,2023-10-30,,科创100(000698),000698.XSHG
935,159551.XSHE,机器人ETF国泰,2023-10-25,2023-10-30,,机器人(H30590),H30590.CSI
936,513500.XSHG,标普500,2013-10-25,2013-11-04,,标普500净总收益指数(SPTR500N),
937,513350.XSHG,油气ETF,2023-10-27,2023-11-01,,标普石油与天然气的勘探与生产精选行业指数(SPSIOP),
938,513730.XSHG,东南亚,2023-10-20,2023-11-06,,新交所泛东南亚科技指数(ASIATECP),
939,513630.XSHG,香港红利,2023-10-20,2023-11-06,,标普港股通低波红利指数(SPAHLVCP),
940,510980.XSHG,上证综合,2023-11-03,2023-11-08,,上证指数(000001),000001.XSHG
941,159505.XSHE,国证2000ETF博时,2023-10-31,2023-11-09,,国证2000(399303),399303.XSHE
942,159549.XSHE,红利低波ETF天弘,2023-11-03,2023-11-13,,红利低波100(930955),930955.CSI
943,560600.XSHG,医药创新,2021-12-28,2022-01-10,2023-11-13,CS医药创新(931484),931484.CSI
944,515570.XSHG,山证红利,2019-12-20,2019-12-23,2023-11-14,红利潜力(H30089),H30089.CSI
945,517500.XSHG,游戏AH,2021-11-30,2021-12-03,2023-11-14,SHS动漫游戏(931523),931523.CSI
946,560780.XSHG,半导设备,2023-11-13,2023-11-20,,半导体材料设备(931743),931743.CSI
947,560300.XSHG,电信50,2023-11-14,2023-11-20,,中证电信(931235),931235.CSI
948,159150.XSHE,深证50ETF易方达,2023-11-03,2023-11-20,,深证50(399850),399850.XSHE
949,159559.XSHE,机器人ETF景顺,2023-11-09,2023-11-20,,机器人产业(980022),
950,562060.XSHG,标普红利ETF,2023-11-13,2023-11-20,,标普中国A股红利机会指数(CSPSADRP),
951,159350.XSHE,深证50ETF富国,2023-11-03,2023-11-20,,深证50(399850),399850.XSHE
952,159562.XSHE,黄金股ETF华夏,2023-11-15,2023-11-21,,SSH黄金股票(931238),931238.CSI
953,159555.XSHE,中证2000增强ETF银华,2023-11-17,2023-11-22,,中证2000(932000),932000.CSI
954,512210.XSHG,景顺食品,2014-06-20,2014-06-23,2018-03-07,800食品(H30020),
955,159853.XSHE,科技100ETF,2021-06-23,2021-06-28,2023-11-25,科技100(931187),931187.CSI
956,588900.XSHG,科创100S,2023-11-24,2023-11-29,,科创100(000698),000698.XSHG
957,159572.XSHE,创业板200ETF易方达,2023-11-30,2023-12-04,,创业200(399019),399019.XSHE
958,159575.XSHE,创业板200ETF银华,2023-11-30,2023-12-04,,创业200(399019),399019.XSHE
959,513920.XSHG,央企40,2023-11-29,2023-12-04,,港股通中国央企红利(HSSCSOY),
960,159571.XSHE,创业板200ETF富国,2023-11-29,2023-12-04,,创业200(399019),399019.XSHE
961,159573.XSHE,创业板200ETF华夏,2023-11-30,2023-12-04,,创业200(399019),399019.XSHE
962,511100.XSHG,基准国债,2023-11-30,2023-12-04,,沪做市国债(950243),
963,159576.XSHE,深证100ETF广发,2023-12-04,2023-12-11,,深证100(399330),399330.XSHE
964,159570.XSHE,港股通创新药ETF汇添富,2023-12-06,2023-12-13,,港股通创新药(987018),
965,588700.XSHG,科创生物,2023-12-11,2023-12-18,,科创生物(000683),000683.XSHG
966,159556.XSHE,中证2000增强ETF平安,2023-12-06,2023-12-18,,中证2000(932000),932000.CSI
967,159530.XSHE,机器人ETF易方达,2023-12-15,2023-12-18,,机器人产业(980022),
968,159567.XSHE,港股创新药ETF银华,2023-12-08,2023-12-18,,港股通创新药(987018),
969,512990.XSHG,MSCIA股,2015-01-16,2015-01-19,2018-09-17,MSCI中国A股在岸指数(本币)(133333L),
970,513400.XSHG,道琼斯,2023-12-20,2023-12-25,,道琼斯工业平均指数(DJI),
971,563280.XSHG,A50增强,2023-12-21,2023-12-26,,MSCI中国A50互联互通(人民币)指数(本币)(746059L),
972,159983.XSHE,粤港澳大湾区ETF,2020-01-23,2020-02-04,2023-12-28,湾创100(980001),
973,562560.XSHG,信息技术,2023-12-26,2024-01-02,,全指信息(000993),000993.XSHG
974,562580.XSHG,可选消费,2023-12-28,2024-01-03,,全指可选(000989),000989.XSHG
975,159527.XSHE,云计算ETF广发,2023-12-29,2024-01-08,,云计算(930851),930851.CSI
976,159568.XSHE,港股互联网ETF博时,2023-12-29,2024-01-08,,港股通互联网(931637),931637.CSI
977,159529.XSHE,标普消费ETF景顺,2023-12-19,2024-01-08,,标普500消费精选指数(SP5CSSUP),
978,159547.XSHE,红利低波ETF华夏,2024-01-02,2024-01-08,,红利低波(H30269),H30269.CSI
979,159563.XSHE,创业板综ETF华夏,2024-01-11,2024-01-15,,创业板综(399102),399102.XSHE
980,159566.XSHE,储能电池ETF易方达,2024-01-03,2024-01-15,,新能源电池(980027),
981,513910.XSHG,红利央企,2024-01-17,2024-01-22,,港股通央企红利(931233),931233.CSI
982,159565.XSHE,汽车零部件ETF易方达,2024-01-20,2024-01-24,,汽车零部件(931230),931230.CSI
983,159710.XSHE,智能电车ETF,2021-06-23,2021-07-01,2024-01-25,智能电车(H11052),H11052.CSI
984,159577.XSHE,美国50ETF汇添富,2024-01-26,2024-01-30,,MSCI美国50指数(750108),
985,563350.XSHG,中证A50,2024-02-07,2024-02-19,,中证A50(930050),930050.CSI
986,159596.XSHE,A50ETF华宝,2024-02-07,2024-02-19,,中证A50(930050),930050.CSI
987,563080.XSHG,中证A50E,2024-02-08,2024-02-19,,中证A50(930050),930050.CSI
988,159595.XSHE,中证A50ETF大成,2024-02-07,2024-02-19,,中证A50(930050),930050.CSI
989,159592.XSHE,A50ETF银华,2024-02-07,2024-02-19,,中证A50(930050),930050.CSI
990,159593.XSHE,中证A50ETF平安,2024-02-07,2024-02-19,,中证A50(930050),930050.CSI
991,561230.XSHG,A50,2024-02-08,2024-02-19,,中证A50(930050),930050.CSI
992,560350.XSHG,A50指数,2024-02-06,2024-02-19,,中证A50(930050),930050.CSI
993,159591.XSHE,A50ETF富国,2024-02-07,2024-02-19,,中证A50(930050),930050.CSI
994,562890.XSHG,A50中证,2024-02-08,2024-02-19,,中证A50(930050),930050.CSI
995,159545.XSHE,恒生红利低波ETF易方达,2024-02-07,2024-02-20,,港股通高股息低波动(HSHYLV),
996,560850.XSHG,信创50,2024-02-20,2024-02-23,,中证信创(931247),931247.CSI
997,512320.XSHG,工银MSCI,2020-05-28,2020-06-01,2024-02-24,MSCI中国A股人民币指数(本币)(718711L),
998,159586.XSHE,计算机ETF南方,2024-02-07,2024-02-26,,计算机(H30182),
999,560150.XSHG,红利TK,2024-02-21,2024-02-26,,红利低波(H30269),H30269.CSI
1000,159581.XSHE,红利ETF万家,2024-01-29,2024-02-26,,中证红利(000922),000922.CSI
1001,159733.XSHE,消费电子50ETF,2021-09-01,2021-09-06,2024-02-28,消费电子(931494),931494.CSI
1002,159589.XSHE,红利ETF广发,2024-02-27,2024-03-04,,中证红利(000922),000922.CSI
1003,513170.XSHG,恒生央企,2024-03-02,2024-03-06,,恒生中国央企(HSCSOE),
1004,511130.XSHG,国债30年,2024-03-02,2024-03-06,,沪30年国债(950175),
1005,517270.XSHG,科技TOP,2021-09-27,2021-09-30,2024-03-06,SHS科技龙头(931524),931524.CSI
1006,560690.XSHG,电信主题,2024-03-05,2024-03-08,,中证电信(931235),931235.CSI
1007,159553.XSHE,中证2000增强ETF海富通,2024-03-06,2024-03-11,,中证2000(932000),932000.CSI
1008,159582.XSHE,半导体ETF博时,2024-03-15,2024-03-18,,中证半导(931865),931865.CSI
1009,159307.XSHE,红利低波100ETF博时,2024-03-21,2024-03-25,,红利低波100(930955),930955.CSI
1010,513210.XSHG,恒生E,2024-03-21,2024-03-25,,恒生指数(HSI),
1011,517760.XSHG,消费TOP,2021-12-24,2021-12-27,2024-03-27,SHS消费龙头(931663),931663.CSI
1012,560520.XSHG,红利低波100ETF大成,2024-03-25,2024-03-28,,红利低波100(930955),930955.CSI
1013,588890.XSHG,科创芯,2024-03-14,2024-03-28,,科创芯片(000685),000685.XSHG
1014,159526.XSHE,机器人ETF嘉实,2024-04-01,2024-04-08,,机器人(H30590),H30590.CSI
1015,562820.XSHG,集成电路,2024-04-01,2024-04-08,,集成电路(932087),932087.CSI
1016,515670.XSHG,中银100,2020-03-17,2020-03-20,2024-04-09,中证A100(000903),000903.XSHG
3049,561760.XSHG,油气博时,2024-04-08,2024-04-11,,油气资源(931248),
4036,159561.XSHE,德国ETF嘉实,2024-02-05,2024-02-19,,德国法兰克福DAX指数(GDAXI),
4046,562570.XSHG,信创ETF,2024-02-20,2024-02-23,,中证信创(931247),931247.CSI
4065,159310.XSHE,芯片ETF天弘,2024-04-02,2024-04-08,,芯片产业(H30007),H30007.CSI
9134,562340.XSHG,500成长,2024-02-05,2024-02-08,,500质量成长(930939),930939.CSI
9166,159599.XSHE,芯片ETF东财,2024-03-18,2024-04-01,,芯片产业(H30007),H30007.CSI
9172,517400.XSHG,黄金股票,2024-04-10,2024-04-15,,SSH黄金股票(931238),931238.CSI
16330,562260.XSHG,汽配ETF,2024-03-22,2024-04-08,2025-06-23,汽车零部件(931230),931230.CSI
16334,510950.XSHG,上证广发,2024-04-08,2024-04-15,,上证50(000016),000016.XSHG
18371,562700.XSHG,汽车零件,2024-03-11,2024-03-15,,汽车零部件(931230),931230.CSI
18387,159306.XSHE,汽车零部件ETF平安,2024-04-17,2024-04-22,,汽车零部件(931230),931230.CSI
18388,563180.XSHG,高股息,2024-04-19,2024-04-24,,高息策略(H30366),
19415,510720.XSHG,红利国泰,2024-04-16,2024-04-22,,上国红利(000151),000151.XSHG
22460,513820.XSHG,港股分红,2024-02-01,2024-02-07,,港股通高股息(930914),930914.CSI
24520,159525.XSHE,红利低波ETF富国,2024-02-02,2024-02-07,,红利低波(H30269),H30269.CSI
24521,159528.XSHE,国企改革ETF富国,2024-02-02,2024-02-07,,国企改革(399974),399974.XSHE
26584,588450.XSHG,科创50增,2024-01-30,2024-02-02,,科创50(000688),000688.XSHG
26585,159557.XSHE,恒生医疗ETF嘉实,2024-01-29,2024-02-02,,恒生医疗保健指数(HSHCI),
31801,159321.XSHE,黄金股ETF华安,2024-04-12,2024-04-17,,SSH黄金股票(931238),931238.CSI
31802,159597.XSHE,创业板成长ETF易方达,2024-04-09,2024-04-17,,创业成长(399667),399667.XSHE
36986,563150.XSHG,油气资源,2024-04-25,2024-05-06,,油气资源(931248),
38023,159588.XSHE,石油ETF景顺,2024-04-16,2024-05-13,,国证油气(399439),399439.XSHE
41135,159300.XSHE,沪深300ETF富国,2024-04-25,2024-05-13,,沪深300(000300),000300.XSHG
44252,563090.XSHG,上50增强,2024-05-06,2024-05-09,,上证50(000016),000016.XSHG
45259,159533.XSHE,中证2000ETF博时,2024-02-06,2024-02-23,,中证2000(932000),932000.CSI
45262,159542.XSHE,工程机械ETF大成,2024-02-22,2024-02-26,,工程机械主题(931752),931752.CSI
45297,159578.XSHE,深证主板50ETF南方,2024-05-14,2024-05-20,,深主板50(399750),399750.XSHE
52598,159315.XSHE,黄金股ETF工银,2024-05-08,2024-05-13,,SSH黄金股票(931238),931238.CSI
52600,159322.XSHE,黄金股ETF平安,2024-05-16,2024-05-20,,SSH黄金股票(931238),931238.CSI
54658,159558.XSHE,半导体设备ETF易方达,2024-03-01,2024-03-04,,半导体材料设备(931743),931743.CSI
54690,159309.XSHE,油气ETF汇添富,2024-05-14,2024-05-17,,油气资源(931248),
59928,159318.XSHE,恒指港股通ETF银华,2024-05-22,2024-05-27,,恒指港股通(HSISC),
60977,560360.XSHG,软件指数,2024-05-07,2024-05-27,,中证软件(930601),930601.CSI
66221,159303.XSHE,恒生医疗ETF大成,2024-05-24,2024-05-27,,恒生医疗保健指数(HSHCI),
67242,159552.XSHE,中证2000增强ETF招商,2024-03-11,2024-03-14,,中证2000(932000),932000.CSI
74634,588680.XSHG,科100增,2024-06-12,2024-06-18,,科创100(000698),000698.XSHG
75685,159583.XSHE,通信ETF富国,2024-06-05,2024-06-17,,通信设备主题(931271),
77790,520990.XSHG,国新红利,2024-06-05,2024-06-11,,国新港股通央企红利(931722),931722.CSI
77791,520660.XSHG,港红利CS,2024-06-05,2024-06-11,,国新港股通央企红利CPR(931722CNY100),
77792,520900.XSHG,红利香港,2024-06-05,2024-06-11,,国新港股通央企红利(931722),931722.CSI
82014,159800.XSHE,中证800ETF鹏华,2024-06-03,2024-06-11,,中证800(000906),000906.XSHG
84133,159329.XSHE,沙特ETF南方,2024-06-19,2024-06-24,,富时沙特阿拉伯指数(FISAULM),
84134,520830.XSHG,沙特ETF,2024-06-19,2024-06-24,,富时沙特阿拉伯指数(FISAULM),
89409,159579.XSHE,深主板50ETF华安,2024-05-08,2024-05-13,2025-03-13,深主板50(399750),399750.XSHE
89427,588500.XSHG,科创100Z,2024-06-14,2024-06-18,,科创100(000698),000698.XSHG
90486,159301.XSHE,公用事业ETF华夏,2024-06-07,2024-06-12,,全指公用(000995),000995.CSI
90498,511580.XSHG,国债政金,2024-07-17,2024-07-17,,国债及政金债0-3(932200),
103245,159332.XSHE,央企红利ETF富国,2024-06-27,2024-07-05,,央企红利(000825),000825.CSI
103248,159331.XSHE,红利港股ETF国泰,2024-07-04,2024-07-08,,港股通高股息(930914),930914.CSI
105373,159327.XSHE,半导体设备ETF万家,2024-06-24,2024-06-27,,半导体材料设备(931743),931743.CSI
111775,588830.XSHG,科创新能,2024-07-12,2024-07-15,,科创新能(000692),000692.XSHG
119212,588990.XSHG,科芯片,2024-04-26,2024-05-06,,科创芯片(000685),000685.XSHG
120312,159330.XSHE,沪深300ETF东财,2024-07-09,2024-07-15,,沪深300(000300),000300.XSHG
122448,159587.XSHE,粮食ETF广发,2024-07-04,2024-07-10,,国证粮食(399365),399365.XSHE
125620,159569.XSHE,港股红利低波ETF景顺,2024-05-11,2024-05-15,,港股通红利低波(987016),
126685,588860.XSHG,科创医药,2024-04-30,2024-05-06,,科创生物(000683),000683.XSHG
135304,159302.XSHE,港股高股息ETF银华,2024-07-23,2024-08-05,,港股通高股息(930914),930914.CSI
136377,159333.XSHE,港股央企红利ETF万家,2024-07-22,2024-08-01,,港股通央企红利(931233),931233.CSI
139595,159335.XSHE,央企科创ETF融通,2024-08-02,2024-08-05,,央企科技创新(932052),
141746,159326.XSHE,电网设备ETF华夏,2024-07-15,2024-08-05,,电网设备主题(931994),
148202,530000.XSHG,上证50ETF天弘,2024-08-08,2024-08-12,,上证50(000016),000016.XSHG
151435,159337.XSHE,中证500ETF东财,2024-08-05,2024-08-14,,中证500(000905),000905.XSHG
151436,560890.XSHG,红利DB,2024-08-12,2024-08-15,2026-02-13,红利低波(H30269),H30269.CSI
151437,561930.XSHG,招商300,2024-08-01,2024-08-16,,沪深300(000300),000300.XSHG
151438,520890.XSHG,港红利,2024-08-14,2024-08-19,,港股通高股息低波动(HSHYLV),
163321,159305.XSHE,储能电池ETF广发,2024-07-29,2024-08-02,,新能源电池(980027),
166579,560620.XSHG,公用WJ,2024-08-22,2024-08-27,,全指公用(000995),000995.CSI
179576,520700.XSHG,创新药WJ,2024-08-27,2024-09-02,,港股通创新药(931250),
180663,560530.XSHG,A500ETF,2024-09-07,2024-09-10,,中证A500(000510),000510.XSHG
180664,563360.XSHG,A500基金,2024-09-07,2024-09-10,,中证A500(000510),000510.XSHG
180665,159352.XSHE,A500ETF南方,2024-09-07,2024-09-10,,中证A500(000510),000510.XSHG
180666,159339.XSHE,A500ETF银华,2024-09-07,2024-09-10,,中证A500(000510),000510.XSHG
180667,560610.XSHG,A500指数,2024-09-07,2024-09-10,,中证A500(000510),000510.XSHG
180668,159338.XSHE,中证A500ETF国泰,2024-09-07,2024-09-10,,中证A500(000510),000510.XSHG
180669,563220.XSHG,A500富国,2024-09-07,2024-09-10,,中证A500(000510),000510.XSHG
180670,159351.XSHE,A500ETF嘉实,2024-09-07,2024-09-10,,中证A500(000510),000510.XSHG
180672,159353.XSHE,中证A500ETF景顺,2024-09-07,2024-09-10,,中证A500(000510),000510.XSHG
180673,560510.XSHG,中证A500ETF,2024-09-07,2024-09-10,,中证A500(000510),000510.XSHG
185005,561570.XSHG,油气基金,2024-06-25,2024-06-28,,油气产业(H30198),H30198.CSI
193771,513780.XSHG,港股新药,2024-07-09,2024-07-12,,港股通创新药(931250),
201442,520520.XSHG,HK消费,2024-07-16,2024-07-19,,恒生消费(HSCGSI),
204734,159590.XSHE,软件ETF汇添富,2024-07-19,2024-07-23,,软件指数(H30202),H30202.CSI
208062,562970.XSHG,光伏E,2024-10-08,2024-10-14,,光伏产业(931151),931151.CSI
209148,159325.XSHE,半导体ETF南方,2024-08-29,2024-09-02,,半导体行业精选(932066),
209162,159312.XSHE,恒指港股通ETF广发,2024-09-20,2024-09-24,,恒指港股通(HSISC),
211351,530880.XSHG,上证红利,2024-08-29,2024-09-02,,上国红利(000151),000151.XSHG
215773,588070.XSHG,科创万家,2024-10-11,2024-10-21,,科创成长(000690),000690.XSHG
216876,159328.XSHE,家电ETF易方达,2024-10-10,2024-10-14,,家电龙头(931021),931021.CSI
216888,512050.XSHG,A500E,2024-11-02,2024-11-05,,中证A500(000510),000510.XSHG
217993,563520.XSHG,300永赢,2024-10-25,2024-10-30,,沪深300(000300),000300.XSHG
217994,563800.XSHG,A500龙头,2024-11-02,2024-11-05,,中证A500(000510),000510.XSHG
219103,159361.XSHE,A500ETF易方达,2024-11-02,2024-11-05,,中证A500(000510),000510.XSHG
225752,563880.XSHG,A500添富,2024-11-02,2024-11-07,,中证A500(000510),000510.XSHG
231294,159357.XSHE,A500ETF博时,2024-11-02,2024-11-05,,中证A500(000510),000510.XSHG
231296,159360.XSHE,A500ETF天弘,2024-11-02,2024-11-05,,中证A500(000510),000510.XSHG
232406,159358.XSHE,中证A500ETF大成,2024-11-02,2024-11-05,,中证A500(000510),000510.XSHG
233518,563500.XSHG,中证A500ETF华宝,2024-11-02,2024-11-05,,中证A500(000510),000510.XSHG
233521,159359.XSHE,A500ETF华安,2024-11-02,2024-11-05,,中证A500(000510),000510.XSHG
233522,512020.XSHG,A500,2024-11-02,2024-11-05,,中证A500(000510),000510.XSHG
233524,159362.XSHE,A500ETF工银,2024-11-02,2024-11-05,,中证A500(000510),000510.XSHG
234630,159355.XSHE,800红利低波ETF华宝,2024-10-22,2024-10-28,,800红利低波(931848),
235750,530050.XSHG,SH50ETF,2024-10-18,2024-10-30,,上证50(000016),000016.XSHG
240229,159356.XSHE,A500ETF万家,2024-11-02,2024-11-05,,中证A500(000510),000510.XSHG
241355,560810.XSHG,央企ESG,2024-11-04,2024-11-07,,诚通央企ESG(931243),931243.CSI
249195,159363.XSHE,创业板人工智能ETF华宝,2024-11-23,2024-11-27,,创业板人工智能(970070),
257011,561380.XSHG,电网ETF,2024-09-19,2024-09-27,,A股电网设备(HSCAUPG),
258133,159320.XSHE,电网设备ETF广发,2024-09-20,2024-09-26,,A股电网设备(HSCAUPG),
258166,588230.XSHG,科创200,2024-11-05,2024-11-25,,科创200(000699),000699.XSHG
262664,530180.XSHG,上证180,2024-11-26,2024-11-29,,上证180(000010),000010.XSHG
262665,588750.XSHG,科创芯50,2024-11-26,2024-12-02,,科创芯片(000685),000685.XSHG
262666,588780.XSHG,芯片设计,2024-11-27,2024-12-02,,科创芯片设计(950162),
263755,520500.XSHG,恒生新药,2024-09-09,2024-09-12,,恒生创新药(HSIDI),
263766,560380.XSHG,A100,2024-10-09,2024-10-14,,中证A100(000903),000903.XSHG
264891,520600.XSHG,汽车港股,2024-10-15,2024-10-21,,港股通汽车(931239),
271701,511160.XSHG,国债东财,2024-11-01,2024-11-18,,1-3年国债(931552),
271702,560190.XSHG,公用事业,2024-10-30,2024-11-19,,全指公用(000995),000995.CSI
271708,588820.XSHG,科创200E,2024-12-03,2024-12-06,,科创200(000699),000699.XSHG
271712,510040.XSHG,上证180E,2024-12-09,2024-12-12,,上证180(000010),000010.XSHG
275113,530680.XSHG,180E,2024-12-05,2024-12-09,,上证180(000010),000010.XSHG
275114,159323.XSHE,港股通汽车ETF华夏,2024-12-05,2024-12-09,,港股通汽车(931239),
275116,530580.XSHG,180基金,2024-12-07,2024-12-16,,上证180(000010),000010.XSHG
275117,159380.XSHE,A500ETF东财,2024-12-12,2024-12-17,,中证A500(000510),000510.XSHG
278530,588810.XSHG,科创板芯,2024-11-22,2024-12-13,,科创芯片(000685),000685.XSHG
278533,588790.XSHG,科创智能,2024-12-19,2024-12-23,,科创AI(950180),
279669,159375.XSHE,创业板50ETF国泰,2024-12-07,2024-12-10,,创业板50(399673),399673.XSHE
279673,530300.XSHG,180指数,2024-12-11,2024-12-16,,上证180(000010),000010.XSHG
279676,159378.XSHE,通用航空ETF永赢,2024-12-20,2024-12-23,,通用航空(980076),
280805,159376.XSHE,A500ETF浦银,2024-12-13,2024-12-16,,中证A500(000510),000510.XSHG
281949,588930.XSHG,科创板AI,2024-12-18,2024-12-23,,科创AI(950180),
287655,159370.XSHE,创50ETF工银,2024-12-14,2024-12-18,,创业板50(399673),399673.XSHE
288800,512080.XSHG,A500中金,2024-12-13,2024-12-18,,中证A500(000510),000510.XSHG
289953,511070.XSHG,沪公司债,2025-01-03,2025-01-07,,沪做市公司债(950245),
293390,530080.XSHG,上证180ETF天弘,2024-12-11,2024-12-17,,上证180(000010),000010.XSHG
293396,159379.XSHE,A500ETF融通,2024-12-20,2024-12-23,,中证A500(000510),000510.XSHG
293398,588760.XSHG,AI科创,2024-12-26,2025-01-02,,科创AI(950180),
294522,563210.XSHG,专精特新,2024-11-06,2024-11-13,,A股专精特新企业(HSCSSE),
294536,588950.XSHG,景顺科创,2024-12-05,2024-12-10,,科创50(000688),000688.XSHG
294551,561880.XSHG,A100指数,2024-12-27,2024-12-30,,中证A100(000903),000903.XSHG
294552,520550.XSHG,红利恒生,2024-12-26,2024-12-30,,港股通高股息低波动(HSHYLV),
294554,588730.XSHG,科创AI,2024-12-26,2025-01-02,,科创AI(950180),
294556,530280.XSHG,180ETF指,2024-12-31,2025-01-06,,上证180(000010),000010.XSHG
294557,511110.XSHG,公司债易,2025-01-03,2025-01-07,,沪做市公司债(950245),
295713,588870.XSHG,科创50指,2024-12-26,2025-01-02,,科创50(000688),000688.XSHG
295716,530800.XSHG,上180ETF,2025-01-02,2025-01-06,,上证180(000010),000010.XSHG
295719,159395.XSHE,信用债ETF大成,2025-01-03,2025-01-07,,深做市信用债(921128),
296880,511190.XSHG,信用债,2025-01-03,2025-01-07,,沪做市公司债(950245),
298041,159396.XSHE,信用债ETF博时,2025-01-03,2025-01-07,,深做市信用债(921128),
298045,159398.XSHE,信用债ETF天弘,2025-01-03,2025-01-07,,深做市信用债(921128),
301532,560750.XSHG,A500申万,2024-12-31,2025-01-06,,中证A500(000510),000510.XSHG
301537,159397.XSHE,信用债ETF广发,2025-01-03,2025-01-07,,深做市信用债(921128),
301538,511200.XSHG,信用债基,2025-01-03,2025-01-07,,沪做市公司债(950245),
312034,159373.XSHE,创业板50ETF嘉实,2024-12-09,2025-01-06,,创业板50(399673),399673.XSHE
313223,159386.XSHE,A500ETF永赢,2025-01-03,2025-01-09,,中证A500(000510),000510.XSHG
314367,159336.XSHE,央企红利ETF融通,2024-12-25,2025-01-02,,诚通央企红利(931132),931132.CSI
314375,159371.XSHE,创业板50ETF富国,2024-12-23,2025-01-06,,创业板50(399673),399673.XSHE
314401,563860.XSHG,A500海富,2025-01-06,2025-01-13,,中证A500(000510),000510.XSHG
319056,159367.XSHE,创业板50ETF华夏,2024-12-26,2025-01-02,,创业板50(399673),399673.XSHE
319063,159383.XSHE,创业板50ETF华泰柏瑞,2024-12-28,2025-01-06,,创业板50(399673),399673.XSHE
320201,588770.XSHG,信息科创,2024-12-09,2024-12-12,,科创信息(000682),000682.XSHG
320203,513830.XSHG,红利港股,2024-12-13,2024-12-16,,港股通高股息(930914),930914.CSI
320217,512250.XSHG,A50指数E,2024-12-26,2024-12-31,,中证A50(930050),930050.CSI
320230,588960.XSHG,新能科创,2024-12-20,2025-01-06,,科创新能(000692),000692.XSHG
320256,520580.XSHG,新兴亚洲,2025-01-08,2025-01-13,,新交所新兴亚洲精选50指数(EMASIAUP),
320258,159201.XSHE,自由现金流ETF华夏,2025-01-21,2025-01-24,,自由现金流(980092),
320259,159399.XSHE,现金流ETF国泰,2025-01-24,2025-01-27,,富时中国A股自由现金流聚焦指数(FCFQCD),
320260,588240.XSHG,科200,2025-01-24,2025-02-05,,科创200(000699),000699.XSHG
320261,159393.XSHE,沪深300ETF万家,2025-01-20,2025-02-10,,沪深300(000300),000300.XSHG
320262,562810.XSHG,上证增强,2025-02-06,2025-02-11,,上证指数(000001),000001.XSHG
320263,588660.XSHG,双创五零,2025-01-27,2025-02-13,,科创创业50(931643),931643.CSI
320264,588840.XSHG,50科创,2025-02-08,2025-02-13,,科创50(000688),000688.XSHG
320265,589600.XSHG,富国科综,2025-02-06,2025-02-17,,科创价格(000681),000681.XSHG
320266,589880.XSHG,科创综,2025-02-11,2025-02-17,,科创综指(000680),000680.XSHG
320267,589860.XSHG,科创综指ETF天弘,2025-02-11,2025-02-17,,科创综指(000680),000680.XSHG
320268,589770.XSHG,科创全指,2025-02-10,2025-02-17,,科创综指(000680),000680.XSHG
320269,589900.XSHG,博时科综,2025-02-07,2025-02-17,,科创综指(000680),000680.XSHG
320270,589500.XSHG,科综工银,2025-02-12,2025-02-17,,科创价格(000681),000681.XSHG
320271,589990.XSHG,科创板综,2025-01-25,2025-02-17,,科创综指(000680),000680.XSHG
320272,589660.XSHG,综指科创,2025-02-07,2025-02-17,,科创综指(000680),000680.XSHG
320273,589000.XSHG,科创综指,2025-02-14,2025-02-17,,科创综指(000680),000680.XSHG
320274,589800.XSHG,科创综合,2025-02-11,2025-02-17,,科创综指(000680),000680.XSHG
320275,588910.XSHG,科创价值,2025-02-11,2025-02-17,,智选创新价值(950333),
320276,589890.XSHG,景顺科综,2025-02-07,2025-02-17,,科创价格(000681),000681.XSHG
320277,589680.XSHG,科创综Z,2025-02-13,2025-02-17,,科创综指(000680),000680.XSHG
320278,589080.XSHG,科创综E,2025-01-25,2025-02-17,,科创综指(000680),000680.XSHG
320279,589520.XSHG,科创人工智能ETF华宝,2025-02-15,2025-02-24,,科创AI(950180),
320280,159368.XSHE,创业板新能源ETF华夏,2025-02-21,2025-02-24,,创新能源(399266),399266.XSHE
320281,589630.XSHG,科综国泰,2025-02-14,2025-02-24,,科创综指(000680),000680.XSHG
320282,159206.XSHE,卫星ETF永赢,2025-02-19,2025-02-24,,卫星通信(980018),
320283,159209.XSHE,红利质量ETF招商,2025-02-14,2025-02-24,,中证红利质量(932315),
320284,588250.XSHG,KC医药,2025-02-20,2025-02-24,,科创生物(000683),000683.XSHG
320286,563650.XSHG,A500中证,2025-02-25,2025-02-28,,中证A500(000510),000510.XSHG
320287,560630.XSHG,机器人WJ,2025-02-18,2025-02-28,,机器人(H30590),H30590.CSI
320288,563660.XSHG,A500银河,2025-02-24,2025-03-03,,中证A500(000510),000510.XSHG
320289,159381.XSHE,创业板人工智能ETF华夏,2025-02-28,2025-03-03,,创业板人工智能(970070),
320290,589060.XSHG,科综东财,2025-02-22,2025-03-03,,科创价格(000681),000681.XSHG
320291,159207.XSHE,高股息ETF广发,2025-02-26,2025-03-03,,智选高股息(932305),
320292,159316.XSHE,港股通创新药ETF易方达,2025-02-28,2025-03-05,,港股通创新药(HSSCID),
320293,589010.XSHG,科创AI指,2025-03-03,2025-03-10,,科创AI(950180),
320294,588720.XSHG,中银科创,2025-03-05,2025-03-10,,科创50(000688),000688.XSHG
320295,159390.XSHE,中证A50ETF国联,2025-03-05,2025-03-10,,中证A50(930050),930050.CSI
320296,589100.XSHG,国泰芯片,2025-03-04,2025-03-10,,科创芯片(000685),000685.XSHG
320297,512240.XSHG,A50龙头,2025-03-05,2025-03-10,,中证A50(930050),930050.CSI
320298,159388.XSHE,创业板人工智能ETF国泰,2025-03-06,2025-03-10,,创业板人工智能(970070),
320299,560820.XSHG,A50新华,2025-03-05,2025-03-10,,中证A50(930050),930050.CSI
320301,159391.XSHE,大盘价值ETF博时,2025-03-14,2025-03-17,,大盘价值(399373),399373.XSHE
320302,159215.XSHE,A500ETF平安,2025-03-11,2025-03-17,,中证A500(000510),000510.XSHG
320303,159212.XSHE,深100ETF南方,2025-03-10,2025-03-17,,深证100(399330),399330.XSHE
320304,159202.XSHE,恒生互联网ETF万家,2025-03-10,2025-03-17,,恒生互联网科技业指数(HSIII),
320305,159211.XSHE,深证100ETF富国,2025-03-12,2025-03-17,,深证100(399330),399330.XSHE
320306,588170.XSHG,科创半导,2025-03-14,2025-03-17,,科创半导体材料设备(950125),
320307,159377.XSHE,创业板医药ETF国泰,2025-03-13,2025-03-17,,创医药(399275),399275.XSHE
320308,159216.XSHE,深证100ETF大成,2025-03-13,2025-03-17,,深证100(399330),399330.XSHE
320309,159217.XSHE,港股通创新药ETF工银,2025-03-13,2025-03-17,,港股通创新药(987018),
320310,159366.XSHE,港股医疗ETF永赢,2025-03-12,2025-03-17,,港股通医疗主题(932069),
320311,159219.XSHE,深证100ETF融通,2025-03-17,2025-03-21,,深证100(399330),399330.XSHE
320312,562080.XSHG,300现金流ETF,2025-03-15,2025-03-24,,300现金流(932366),
320313,159225.XSHE,现金流ETF银华,2025-03-20,2025-03-24,,自由现金流(980092),
320314,589300.XSHG,科综嘉实,2025-03-17,2025-03-24,,科创综指(000680),000680.XSHG
320315,159222.XSHE,自由现金流ETF易方达,2025-03-21,2025-03-24,,自由现金流(980092),
320316,588040.XSHG,科创板指,2025-03-10,2025-03-24,,科创50(000688),000688.XSHG
320317,511010.XSHG,国债ETF,2025-03-25,2025-03-25,,5年国债(000140),
320318,511260.XSHG,十年国债,2025-03-25,2025-03-25,,10年国债(净)(H01077),
320321,159208.XSHE,航空航天ETF万家,2025-03-25,2025-03-28,,国证航天(CN5082),
320322,510320.XSHG,300中金,2025-03-26,2025-03-31,,沪深300(000300),000300.XSHG
320323,588850.XSHG,科创机械,2025-03-14,2025-03-31,,科创机械(000693),000693.XSHG
320324,563700.XSHG,红利价值,2025-03-25,2025-03-31,,红利价值(H30270),
320325,159226.XSHE,中证A500增强ETF国泰,2025-03-28,2025-04-01,,中证A500(000510),000510.XSHG
320326,563990.XSHG,800现金,2025-04-01,2025-04-07,,800现金流(932368),
320327,516460.XSHG,现金流E,2025-04-03,2025-04-07,,800现金流(932368),
320328,159229.XSHE,自由现金流ETF广发,2025-04-03,2025-04-07,,800现金流(932368),
320329,159218.XSHE,卫星ETF招商,2025-03-21,2025-04-07,,卫星产业(931594),
320330,159231.XSHE,通用航空ETF华宝,2025-04-03,2025-04-07,,通用航空(980076),
320331,159213.XSHE,机器人ETF汇添富,2025-03-26,2025-04-07,,机器人(H30590),H30590.CSI
320332,563900.XSHG,现金流,2025-03-26,2025-04-07,,300现金流(932366),
320333,588130.XSHG,科创药,2025-04-01,2025-04-07,,科创生物(000683),000683.XSHG
320334,159227.XSHE,航空航天ETF华夏,2025-04-07,2025-04-14,,国证航天(CN5082),
320335,561080.XSHG,现金自由,2025-04-09,2025-04-14,,中证现金流(932365),
320336,561750.XSHG,A50博时,2025-04-10,2025-04-14,,中证A50(930050),930050.CSI
320337,563830.XSHG,现金流基,2025-04-10,2025-04-14,,中证现金流(932365),
320338,159233.XSHE,自由现金流ETF平安,2025-04-10,2025-04-14,,中证现金流(932365),
320339,563780.XSHG,现金指数,2025-04-11,2025-04-14,,中证现金流(932365),
320340,159382.XSHE,创业板人工智能ETF南方,2025-04-02,2025-04-14,,创业板人工智能(970070),
320341,563390.XSHG,现金基金,2025-04-09,2025-04-14,,中证现金流(932365),
320342,159392.XSHE,航空ETF富国,2025-03-20,2025-04-14,,通用航空(980076),
320343,563680.XSHG,现金流TF,2025-04-03,2025-04-14,,800现金流(932368),
320344,561870.XSHG,现金流指,2025-04-11,2025-04-14,,中证现金流(932365),
320345,159232.XSHE,自由现金流ETF南方,2025-04-09,2025-04-14,,中证现金流(932365),
320346,159236.XSHE,自由现金流ETF工银,2025-04-11,2025-04-14,,中证现金流(932365),
320347,159235.XSHE,中证现金流ETF大成,2025-04-09,2025-04-14,,中证现金流(932365),
320349,159220.XSHE,港股通红利低波ETF华宝,2025-04-08,2025-04-17,,标普港股通低波红利指数(SPAHLVCP),
320350,159221.XSHE,现金流ETF嘉实,2025-04-12,2025-04-21,,自由现金流(980092),
320351,589980.XSHG,科基100,2025-04-12,2025-04-21,,科创100(000698),000698.XSHG
320352,563550.XSHG,增强A500,2025-04-07,2025-04-21,,中证A500(000510),000510.XSHG
320353,563060.XSHG,央企50,2025-04-16,2025-04-21,,国资央企50(931823),
320355,563770.XSHG,全指现金,2025-04-15,2025-04-23,,中证现金流(932365),
320356,159239.XSHE,港股通汽车ETF富国,2025-04-23,2025-05-06,,港股通汽车主题(HSSCAM),
320357,159311.XSHE,数字经济ETF易方达,2025-04-29,2025-05-06,,数字经济(931582),931582.CSI
320358,159210.XSHE,港股通汽车ETF汇添富,2025-04-29,2025-05-06,,港股通汽车(931239),
320359,563760.XSHG,中银现金,2025-04-28,2025-05-06,,中证现金流(932365),
320360,159241.XSHE,航空航天ETF天弘,2025-04-28,2025-05-06,,国证航天(CN5082),
320361,589700.XSHG,成长科创,2025-04-23,2025-05-06,,科创成长(000690),000690.XSHG
320362,159230.XSHE,通用航空ETF华夏,2025-04-29,2025-05-07,,通用航空(980076),
320363,588940.XSHG,科创富国,2025-04-23,2025-05-07,,科创50(000688),000688.XSHG
320364,159372.XSHE,创业板50ETF万家,2025-04-22,2025-05-08,,创业板50(399673),399673.XSHE
320366,159721.XSHE,深证100ETF永赢,2025-05-09,2025-05-09,,深证100(399330),399330.XSHE
320367,561220.XSHG,国企数字,2025-04-26,2025-05-12,,国企数字经济(931529),
320368,159385.XSHE,数字经济ETF富国,2025-04-18,2025-05-12,,国企数字经济(931529),
320369,159238.XSHE,沪深300增强ETF景顺,2025-04-23,2025-05-12,,沪深300(000300),000300.XSHG
320370,159387.XSHE,创业板新能源ETF国泰,2025-05-08,2025-05-12,,创新能源(399266),399266.XSHE
320371,159389.XSHE,数字经济ETF嘉实,2025-04-24,2025-05-12,,国企数字经济(931529),
320372,589580.XSHG,科综价格,2025-05-09,2025-05-14,,科创价格(000681),000681.XSHG
320373,520940.XSHG,恒指基金,2025-05-09,2025-05-14,,恒指港股通(HSISC),
320374,159365.XSHE,恒指港股通ETF富国,2025-05-12,2025-05-15,,恒指港股通(HSISC),
320375,588710.XSHG,科半导体,2025-05-09,2025-05-15,,科创半导体材料设备(950125),
320376,159205.XSHE,创业板ETF东财,2025-05-07,2025-05-15,,创业板指(399006),399006.XSHE
320377,588670.XSHG,科综增强,2025-05-10,2025-05-19,,科创综指(000680),000680.XSHG
320378,512130.XSHG,现金全指,2025-05-12,2025-05-19,,中证现金流(932365),
320379,589180.XSHG,科创材基,2025-05-13,2025-05-19,,科创材料(000689),000689.XSHG
320380,588270.XSHG,科创200F,2025-05-14,2025-05-19,,科创200(000699),000699.XSHG
320381,159240.XSHE,A500增强ETF天弘,2025-05-13,2025-05-19,,中证A500(000510),000510.XSHG
320387,159228.XSHE,红利低波ETF长城,2025-05-12,2025-05-26,,红利低波100(930955),930955.CSI
320388,159550.XSHE,互联网ETF东财,2025-05-23,2025-05-26,,SHS互联网(930625),930625.CSI
320389,562050.XSHG,药ETF,2025-05-17,2025-05-26,,制药指数(932217),
320390,159245.XSHE,港股通消费ETF富国,2025-05-12,2025-05-26,,港股通消费(987024),
320391,561090.XSHG,A500增,2025-05-27,2025-05-30,,中证A500(000510),000510.XSHG
320392,520980.XSHG,港科技30,2025-05-27,2025-06-03,,港股通中国科技指数(HSSCT),
320393,159249.XSHE,A500增强ETF工银,2025-05-26,2025-06-03,,中证A500(000510),000510.XSHG
320394,159203.XSHE,大盘成长ETF博时,2025-05-29,2025-06-03,,大盘成长(399372),399372.XSHE
320395,589380.XSHG,AI科创指,2025-05-19,2025-06-03,,科创AI(950180),
320396,159237.XSHE,港股汽车ETF工银,2025-05-22,2025-06-03,,港股通汽车(931239),
320397,561770.XSHG,指基A100,2025-05-27,2025-06-03,,中证A100(000903),000903.XSHG
320398,159262.XSHE,港股通科技ETF广发,2025-06-05,2025-06-09,,港股通科技主题(HSSCITI),
320399,159261.XSHE,创业板新能源ETF鹏华,2025-06-05,2025-06-09,,创新能源(399266),399266.XSHE
320400,159265.XSHE,港股消费ETF鹏华,2025-06-05,2025-06-09,,港股通消费(987024),
320401,563630.XSHG,A500增强ETF,2025-05-29,2025-06-11,,中证A500(000510),000510.XSHG
320402,588520.XSHG,科创增,2025-06-06,2025-06-11,,科创价格(000681),000681.XSHG
320403,159223.XSHE,现金流ETF永赢,2025-06-03,2025-06-11,,自由现金流(980092),
320404,159246.XSHE,创业板人工智能ETF富国,2025-05-26,2025-06-16,,创业板人工智能(970070),
320405,520880.XSHG,港股通创新药ETF,2025-06-04,2025-06-16,,创新药精选(HSSCPB),
320406,159263.XSHE,价值ETF易方达,2025-06-09,2025-06-16,,价值100(980081),
320407,159269.XSHE,港股通科技ETF南方,2025-06-13,2025-06-18,,港股通科技CNY(931573CNY00),
321727,159700.XSHE,科创债ETF南方,2025-07-03,2025-07-07,,AAA科创债(932160),
321728,159200.XSHE,科创债ETF富国,2025-07-03,2025-07-07,,AAA科创债(932160),
321729,551900.XSHG,科创债指,2025-07-03,2025-07-07,,AAA科创债(932160),
321730,511120.XSHG,科创债基,2025-07-03,2025-07-07,,沪AAA科创债(950167),
321731,159400.XSHE,科创债ETF景顺,2025-07-03,2025-07-07,,深AAA科创债(921130),
321732,551030.XSHG,科创债券,2025-07-03,2025-07-07,,沪AAA科创债(950167),
321733,551000.XSHG,科创债,2025-07-03,2025-07-07,,沪AAA科创债(950167),
321734,159600.XSHE,科创债ETF嘉实,2025-07-03,2025-07-07,,AAA科创债(932160),
321735,551550.XSHG,科创AAA,2025-07-03,2025-07-07,,AAA科创债(932160),
321736,551500.XSHG,科创债易,2025-07-03,2025-07-07,,AAA科创债(932160),
323051,512060.XSHG,中证A100ETF天弘,2025-06-09,2025-06-17,,中证A100(000903),000903.XSHG
324380,159268.XSHE,港股通消费ETF汇添富,2025-06-11,2025-06-18,,港股通消费(987024),
331001,159251.XSHE,港股通科技ETF万家,2025-05-16,2025-06-09,,港股通科技(987008),
331014,159248.XSHE,人工智能ETF万家,2025-05-23,2025-06-26,,CS人工智(930713),930713.CSI
331015,159270.XSHE,创业板200ETF南方,2025-06-23,2025-07-01,,创业200(399019),399019.XSHE
331016,159242.XSHE,创业板人工智能ETF大成,2025-06-27,2025-07-01,,创业板人工智能(970070),
332348,562870.XSHG,证券全指,2025-06-19,2025-06-30,,证券公司(399975),399975.XSHE
332351,520860.XSHG,港股通科,2025-06-23,2025-07-01,,港股通科技(931573),931573.CSI
332352,563580.XSHG,现金800,2025-06-26,2025-07-01,,800现金流(932368),
333685,589550.XSHG,KC价值,2025-06-17,2025-06-30,,智选科创价值50(950228),
333687,159257.XSHE,航空ETF汇添富,2025-06-20,2025-07-01,,通用航空(980076),
333698,588920.XSHG,KC芯片,2025-07-03,2025-07-07,,科创芯片(000685),000685.XSHG
333700,159276.XSHE,现金流ETF汇添富,2025-06-27,2025-07-07,,自由现金流(980092),
341667,588980.XSHG,科创广发,2025-04-25,2025-04-30,,科创100(000698),000698.XSHG
341734,159267.XSHE,航天ETF华安,2025-07-02,2025-07-07,,国证航天(CN5082),
341737,159266.XSHE,港股央企红利ETF永赢,2025-06-28,2025-07-07,,港股通央企红利(931233),931233.CSI
341746,159258.XSHE,机器人ETF南方,2025-07-05,2025-07-11,,机器人(H30590),H30590.CSI
341747,520690.XSHG,恒生港药,2025-07-11,2025-07-14,,创新药精选(HSSCPB),
341748,589720.XSHG,科创新药,2025-07-04,2025-07-14,,科创新药(950161),
343084,159256.XSHE,创业板软件ETF华夏,2025-07-01,2025-07-07,,创业软件(399264),399264.XSHE
343105,159255.XSHE,通用航空ETF易方达,2025-07-14,2025-07-21,,通用航空(980076),
344444,560120.XSHG,500现金,2025-07-11,2025-07-16,,500现金流(932367),
345793,159273.XSHE,云计算ETF汇添富,2025-07-08,2025-07-14,,SHS云计算(931470),931470.CSI
349825,520510.XSHG,港股医疗,2025-06-26,2025-07-04,,港股通医疗主题(932069),
349843,520970.XSHG,港股通药,2025-07-04,2025-07-14,,港股通创新药(931250),
351188,589200.XSHG,科200E,2025-07-01,2025-07-07,,科创200(000699),000699.XSHG
355753,159271.XSHE,恒生ETF鹏华,2025-07-10,2025-07-17,,恒生指数(HSI),
355754,589850.XSHG,科创50ETF东财,2025-07-11,2025-07-18,,科创50(000688),000688.XSHG
357119,159278.XSHE,机器人ETF鹏华,2025-07-17,2025-07-21,,机器人产业(980022),
358425,512030.XSHG,A50增,2025-06-13,2025-06-16,,中证A50(930050),930050.CSI
362536,159277.XSHE,港股通红利ETF富国,2025-07-07,2025-07-17,,港股通高股息(930914),930914.CSI
365245,589050.XSHG,科创E,2025-07-03,2025-07-07,,科创价格(000681),000681.XSHG
365265,512370.XSHG,A500增指,2025-07-15,2025-07-21,,中证A500(000510),000510.XSHG
365275,159280.XSHE,港股通互联网ETF汇添富,2025-07-18,2025-07-23,,港股通互联网(987022),
366637,520620.XSHG,港股消费,2025-07-16,2025-07-28,,恒生消费(HSCGSI),
366638,520670.XSHG,港科基金,2025-07-17,2025-07-28,,港股通科技主题(HSSCITI),
367990,563620.XSHG,现金流全,2025-07-04,2025-07-21,,中证现金流(932365),
372013,159369.XSHE,创业板50ETF易方达,2025-05-23,2025-05-26,,创业板50(399673),399673.XSHE
372096,159283.XSHE,通用航空ETF南方,2025-07-25,2025-07-30,,通用航空(931855),
374827,520840.XSHG,港科技,2025-07-21,2025-07-28,,港股通科技主题(HSSCITI),
377564,589090.XSHG,KCAI,2025-07-22,2025-08-01,,科创AI(950180),
377565,159287.XSHE,创业板综ETF博时,2025-08-01,2025-08-04,,创业板综(399102),399102.XSHE
381674,159259.XSHE,成长ETF易方达,2025-08-04,2025-08-11,,成长100(980080),
383042,159500.XSHE,中证500ETF富国,2025-07-18,2025-08-01,,中证500(000905),000905.XSHG
383044,530530.XSHG,580ETF,2025-08-01,2025-08-06,,上证580(950580),
383046,588690.XSHG,科综指增,2025-08-05,2025-08-11,,科创综指(000680),000680.XSHG
384417,159291.XSHE,创业板综增强ETF招商,2025-08-01,2025-08-04,,创业板综(399102),399102.XSHE
384422,560770.XSHG,机器人ZS,2025-08-08,2025-08-18,,机器人(H30590),H30590.CSI
385793,159292.XSHE,创业板综增强ETF华宝,2025-07-31,2025-08-06,,创业板综(399102),399102.XSHE
385795,159281.XSHE,港股央企红利ETF天弘,2025-07-25,2025-08-06,,港股通央企红利(931233),931233.CSI
385798,159286.XSHE,港股通创新药ETF鹏华,2025-08-01,2025-08-11,,港股通创新药(987018),
387178,563320.XSHG,通用航空,2025-08-01,2025-08-13,,通用航空(931855),
387180,159101.XSHE,港股通科技ETF华夏,2025-08-15,2025-08-18,,港股通科技(987008),
391319,589020.XSHG,KC半导体,2025-08-11,2025-08-18,,科创半导体材料设备(950125),
391322,159296.XSHE,A500红利低波ETF华宝,2025-08-06,2025-08-18,,A500红利低波(932422),
392699,561680.XSHG,A500红低,2025-08-06,2025-08-11,,A500红利低波(932422),
392706,589560.XSHG,科创AITF,2025-08-11,2025-08-19,,科创AI(950180),
394086,159298.XSHE,创业板50ETF大成,2025-08-12,2025-08-15,,创业板50(399673),399673.XSHE
396862,159103.XSHE,金融科技ETF汇添富,2025-08-16,2025-08-20,,金融科技(930986),930986.CSI
401021,159299.XSHE,金融科技ETF易方达,2025-08-22,2025-08-25,,金融科技(930986),930986.CSI
402403,588550.XSHG,科创增指,2025-08-12,2025-08-18,,科创综指(000680),000680.XSHG
403785,589820.XSHG,科200F,2025-08-08,2025-08-11,,科创200(000699),000699.XSHG
403798,159289.XSHE,创业板综指ETF鹏华,2025-08-08,2025-08-25,,创业板综(399102),399102.XSHE
405189,159102.XSHE,港股通生物科技ETF华安,2025-08-27,2025-09-01,,恒生生物科技(HSBIO),
405190,159716.XSHE,深证100ETF华宝,2025-09-11,2025-09-11,,深证100(399330),399330.XSHE
406581,563230.XSHG,卫星ETF,2025-08-21,2025-08-26,,卫星产业(931594),
406582,159290.XSHE,创业板综指增强ETF东财,2025-08-18,2025-08-27,,创业板综(399102),399102.XSHE
410763,560570.XSHG,A500低波,2025-08-18,2025-08-25,,A500红利低波(932422),
412159,589120.XSHG,创新药基,2025-08-15,2025-08-25,,科创新药(950161),
412162,159272.XSHE,机器人ETF富国,2025-08-18,2025-09-01,,机器人产业(980022),
413559,589960.XSHG,科创新源,2025-08-27,2025-09-01,,科创新能(000692),000692.XSHG
413562,159107.XSHE,创业板软件ETF富国,2025-08-26,2025-09-01,,创业软件(399264),399264.XSHE
413563,159297.XSHE,港股通创新药ETF南方,2025-08-29,2025-09-03,,港股通创新药(987018),
416366,551060.XSHG,科创债沪,2025-09-09,2025-09-12,,沪AAA科创债(950167),
416367,159111.XSHE,科创债ETF天弘,2025-09-09,2025-09-12,,AAA科创债(932160),
416368,551800.XSHG,国泰科债,2025-09-09,2025-09-12,,AAA科创债(932160),
416369,159112.XSHE,科创债ETF银华,2025-09-09,2025-09-12,,AAA科创债(932160),
416370,159116.XSHE,科创债ETF工银,2025-09-09,2025-09-12,,AAA科创债(932160),
416371,551580.XSHG,科创债TK,2025-09-09,2025-09-12,,AAA科创债(932160),
416372,511150.XSHG,科债永赢,2025-09-09,2025-09-12,,沪AAA科创债(950167),
416373,551520.XSHG,科创债汇,2025-09-09,2025-09-12,,AAA科创债(932160),
416374,159115.XSHE,科创债ETF华安,2025-09-09,2025-09-12,,AAA科创债(932160),
416375,159110.XSHE,科创债ETF万家,2025-09-09,2025-09-12,,深AAA科创债(921130),
416376,551300.XSHG,科创债摩,2025-09-09,2025-09-12,,沪AAA科创债(950167),
416377,159113.XSHE,科创债ETF大成,2025-09-09,2025-09-12,,AAA科创债(932160),
416378,551510.XSHG,科债AAA,2025-09-09,2025-09-12,,AAA科创债(932160),
416379,551560.XSHG,科创债兴,2025-09-09,2025-09-12,,AAA科创债(932160),
420605,520720.XSHG,香港汽车,2025-08-28,2025-09-03,,港股通汽车(931239),
422018,563600.XSHG,A500增强,2025-08-27,2025-09-01,,中证A500(000510),000510.XSHG
422020,159288.XSHE,创业板综ETF银华,2025-08-28,2025-09-01,,创业板综(399102),399102.XSHE
422024,589780.XSHG,科200FG,2025-08-27,2025-09-08,,科创200(000699),000699.XSHG
423442,159279.XSHE,创业板人工智能ETF华安,2025-09-01,2025-09-04,,创业板人工智能(970070),
423443,159275.XSHE,农牧渔ETF华宝,2025-08-12,2025-09-08,,农牧渔(930910),930910.CSI
424865,530380.XSHG,上证380,2025-09-05,2025-09-10,,上证380(000009),000009.XSHG
424882,520920.XSHG,恒生科技ETF天弘,2025-09-12,2025-09-17,,恒生科技指数(HSTECH),
426304,515720.XSHG,金科富国,2025-08-28,2025-09-15,,金融科技(930986),930986.CSI
430572,563690.XSHG,红利永赢,2025-09-04,2025-09-15,,红利低波(H30269),H30269.CSI
430575,159109.XSHE,恒生50ETF景顺,2025-09-13,2025-09-18,,港股通50(HSSC50),
431997,520560.XSHG,香港30,2025-09-04,2025-09-15,,恒生中国内地30(HSFML25),
444832,563670.XSHG,金科基金,2025-09-08,2025-09-15,,金融科技(930986),930986.CSI
446260,588140.XSHG,科200GF,2025-09-08,2025-09-15,,科创200(000699),000699.XSHG
446263,589110.XSHG,科AI国泰,2025-09-10,2025-09-17,,科创AI(950180),
451978,563890.XSHG,红利国有,2025-09-10,2025-09-15,,国企红利(000824),000824.CSI
451979,589950.XSHG,科100FG,2025-08-29,2025-09-15,,科创100(000698),000698.XSHG
451984,159117.XSHE,港股通红利低波ETF鹏华,2025-09-15,2025-09-19,,标普港股通低波红利指数(SPAHLVCP),
453416,159285.XSHE,港股通消费ETF华安,2025-09-15,2025-09-18,,港股通消费(987024),
456255,159106.XSHE,民企300ETF前海开源,2025-09-01,2025-09-10,,民企300(931265),
456285,530100.XSHG,上证580,2025-09-15,2025-09-22,,上证580(950580),
456286,512630.XSHG,卫星基金,2025-09-17,2025-09-23,,卫星产业(931594),
466340,510670.XSHG,180指,2025-09-22,2025-10-09,,上证180(000010),000010.XSHG
470652,563750.XSHG,500添富,2025-09-19,2025-10-13,,中证500(000905),000905.XSHG
472090,520960.XSHG,恒指港通,2025-09-23,2025-10-09,,恒指港股通(HSISC),
473526,159105.XSHE,恒生生物科技ETF易方达,2025-09-19,2025-09-22,,恒生生物科技(HSBIO),
473530,159122.XSHE,创业板新能源ETF富国,2025-09-25,2025-10-09,,创新能源(399266),399266.XSHE
473533,159126.XSHE,港股通50ETF南方,2025-10-10,2025-10-15,,港股通50(930931),930931.CSI
474971,159295.XSHE,创业综指ETF西部利得,2025-09-26,2025-10-09,,创业板综(399102),399102.XSHE
474977,159260.XSHE,证券ETF博时,2025-10-10,2025-10-15,,证券公司(399975),399975.XSHE
476417,563590.XSHG,红利A500,2025-09-26,2025-10-09,,A500红利低波(932422),
480755,159125.XSHE,港股通科技ETF招商,2025-09-30,2025-10-13,,港股通科技(987008),
482203,563380.XSHG,航空航天,2025-09-25,2025-10-13,,全指航空(932088),
482204,563980.XSHG,800红利,2025-09-30,2025-10-13,,800红利低波(931848),
483655,520650.XSHG,互联网HK,2025-10-14,2025-10-20,,港股通互联网(931637),931637.CSI
483656,561660.XSHG,通航基金,2025-10-15,2025-10-20,,通用航空(931855),
485100,563570.XSHG,金融科,2025-09-26,2025-10-13,,金融科技(930986),930986.CSI
490897,159119.XSHE,800现金流ETF招商,2025-09-19,2025-09-23,,800现金流(932368),
490911,159120.XSHE,港股通科技ETF国联安,2025-10-09,2025-10-15,,港股通科技主题(HSSCITI),
490913,159128.XSHE,港股科技ETF天弘,2025-10-15,2025-10-20,,港股通科技(987008),
490915,159131.XSHE,港股通信息技术ETF华宝,2025-10-18,2025-10-27,,港股通信息C(930967),
490916,159100.XSHE,巴西ETF华夏,2025-10-28,2025-10-31,,巴西BOVESPA指数(BOVESPA),
490917,520870.XSHG,巴西ETF,2025-10-28,2025-10-31,,巴西BOVESPA指数(BOVESPA),
492371,159129.XSHE,化工ETF嘉实,2025-10-15,2025-10-20,,细分化工(000813),000813.CSI
492373,563530.XSHG,卫星E,2025-10-22,2025-10-27,,卫星产业(931594),
493827,520570.XSHG,科技恒指,2025-10-15,2025-10-20,,恒生科技指数(HSTECH),
495296,515370.XSHG,中证光伏,2025-10-22,2025-10-27,,光伏产业(931151),931151.CSI
501148,159127.XSHE,港股通红利ETF南方,2025-10-24,2025-11-03,,港股通高股息(930914),930914.CSI
502613,512620.XSHG,农业ETF天弘,2025-10-29,2025-11-03,,中证农业(000949),000949.CSI
504078,159108.XSHE,工业软件ETF博时,2025-10-17,2025-10-27,,工业软件(980034),
504082,159121.XSHE,港股通汽车ETF易方达,2025-10-28,2025-11-03,,港股通汽车主题(HSSCAM),
505538,520950.XSHG,摩根恒生港股通50ETF,2025-09-30,2025-10-13,,港股通50(HSSC50),
505556,515730.XSHG,家居家电,2025-10-24,2025-11-03,,家居家电(931241),
505557,159133.XSHE,化工ETF天弘,2025-11-06,2025-11-10,,细分化工(000813),000813.CSI
511450,159123.XSHE,光伏ETF嘉实,2025-10-28,2025-11-10,,光伏产业(931151),931151.CSI
511451,159130.XSHE,恒生生物科技ETF鹏华,2025-10-30,2025-11-10,,恒生生物科技(HSBIO),
511452,159118.XSHE,港股通红利低波ETF华夏,2025-10-27,2025-11-10,,标普港股通低波红利指数(SPAHLVCP),
514394,520590.XSHG,恒科,2025-10-23,2025-10-27,,恒生科技指数(HSTECH),
514402,563510.XSHG,A500红利,2025-10-31,2025-11-06,,A500红利低波(932422),
524717,520530.XSHG,港科ETF,2025-10-23,2025-10-29,,港股通科技CNY(931573CNY00),
524721,159253.XSHE,银行ETF博时,2025-10-29,2025-11-03,,中证银行(399986),399986.XSHE
532118,159141.XSHE,科创创业人工智能ETF永赢,2025-11-25,2025-11-28,,科创创业AI(932456),
533596,159142.XSHE,科创创业人工智能ETF景顺,2025-11-25,2025-11-28,,科创创业AI(932456),
535060,520820.XSHG,恒指通,2025-10-24,2025-11-03,,恒指港股通(HSISC),
540974,159140.XSHE,科创创业人工智能ETF易方达,2025-11-25,2025-11-28,,科创创业AI(932456),
540977,517950.XSHG,交银科技,2025-11-24,2025-12-01,,智选沪深港科技50(931785),
542451,563850.XSHG,食品广发,2025-11-19,2025-11-24,,食品(H30192),
542459,159139.XSHE,科创创业人工智能ETF华泰柏瑞,2025-11-25,2025-11-28,,科创创业AI(932456),
543929,520630.XSHG,互联港股,2025-11-03,2025-11-10,,港股通互联网(931637),931637.CSI
543931,516250.XSHG,富国机械,2025-10-29,2025-11-14,,工程机械主题(931752),931752.CSI
545429,589210.XSHG,芯设计GF,2025-11-25,2025-11-28,,科创芯片设计(950162),
551366,159136.XSHE,A50ETF广发,2025-11-19,2025-11-27,,中证A50(930050),930050.CSI
551376,562070.XSHG,300ETF增,2025-11-22,2025-12-01,,沪深300(000300),000300.XSHG
554334,520780.XSHG,港股车50,2025-11-06,2025-11-10,,港股通汽车(931239),
554348,588430.XSHG,科创创AI,2025-11-25,2025-11-28,,科创创业AI(932456),
561764,159243.XSHE,创业板人工智能ETF招商,2025-10-17,2025-10-20,,创业板人工智能(970070),
561801,588410.XSHG,双创AI,2025-11-25,2025-11-28,,科创创业AI(932456),
561805,588420.XSHG,AI双创,2025-11-25,2025-11-28,,科创创业AI(932456),
561810,563790.XSHG,卫星产业,2025-11-28,2025-12-08,,卫星产业(931594),
563301,589150.XSHG,科创平安,2025-11-21,2025-12-01,,科创50(000688),000688.XSHG
563306,563930.XSHG,上指增强,2025-11-29,2025-12-10,,上证指数(000001),000001.XSHG
572273,563960.XSHG,300质量,2025-11-25,2025-11-28,,300质量(932431),
572280,159132.XSHE,恒生生物科技ETF富国,2025-11-24,2025-12-01,,恒生生物科技(HSBIO),
572284,589130.XSHG,科创芯易,2025-12-03,2025-12-08,,科创芯片(000685),000685.XSHG
573783,513720.XSHG,香港互联,2025-12-01,2025-12-08,,港股通互联网(931637),931637.CSI
575283,520810.XSHG,港高股息,2025-11-28,2025-12-08,,港股通高股息(930914),930914.CSI
575287,159137.XSHE,港股通医疗ETF华宝,2025-12-03,2025-12-15,,港股通医疗主题(932069),
575288,159143.XSHE,港股通央企红利ETF平安,2025-12-11,2025-12-15,,港股通中国央企红利(HSSCSOY),
576785,159293.XSHE,创业板综增强ETF建信,2025-12-03,2025-12-08,,创业板综(399102),399102.XSHE
576791,159138.XSHE,工程机械ETF易方达,2025-12-04,2025-12-11,,工程机械主题(931752),931752.CSI
576794,560130.XSHG,食品基金,2025-12-10,2025-12-15,,食品(H30192),
578301,159151.XSHE,食品ETF华夏,2025-12-19,2025-12-22,,食品(H30192),
582813,563870.XSHG,航空通用,2025-11-28,2025-12-08,,通用航空(931855),
585838,159145.XSHE,工业软件ETF广发,2025-12-10,2025-12-15,,工业软件(980034),
585839,520850.XSHG,港医疗,2025-12-09,2025-12-17,,港股通医疗主题(932069),
585841,589030.XSHG,科芯设计,2025-12-17,2025-12-22,,科创芯片设计(950162),
587351,159146.XSHE,电力ETF华宝,2025-12-17,2025-12-22,,电力指数(H30199),H30199.CSI
587354,159149.XSHE,创业板新能源ETF工银,2025-12-18,2025-12-22,,创新能源(399266),399266.XSHE
588868,159155.XSHE,电池ETF大成,2025-12-29,2026-01-05,,CS电池(931719),931719.CSI
594925,589070.XSHG,科创芯片设计ETF天弘,2025-12-05,2026-01-05,,科创芯片设计(950162),
594926,159147.XSHE,电池ETF南方,2025-12-29,2026-01-05,,CS电池(931719),931719.CSI
596423,520770.XSHG,港股恒指,2025-12-01,2025-12-04,,恒指港股通(HSISC),
596443,589220.XSHG,科200GT,2025-12-25,2026-01-05,,科创200(000699),000699.XSHG
597959,560160.XSHG,食品E,2025-12-20,2025-12-24,,食品(H30192),
597960,589190.XSHG,科创芯基,2025-12-27,2025-12-30,,科创芯片(000685),000685.XSHG
597965,159158.XSHE,电力ETF景顺,2025-12-31,2026-01-07,,电力指数(H30199),H30199.CSI
604051,159162.XSHE,工业有色ETF鹏华,2026-01-12,2026-01-15,,工业有色(H11059),H11059.CSI
605566,589160.XSHG,科芯片GF,2025-12-22,2025-12-29,,科创芯片(000685),000685.XSHG
607021,159247.XSHE,创业板ETF汇添富,2025-10-16,2025-10-20,,创业板指(399006),399006.XSHE
607095,520910.XSHG,HK互联,2025-12-15,2026-01-05,,港股通互联网(931637),931637.CSI
607098,589230.XSHG,AI科创CS,2026-01-05,2026-01-08,,科创AI(950180),
608625,159152.XSHE,港股通科技ETF平安,2025-12-30,2026-01-12,,港股通科技主题(HSSCITI),
608626,516230.XSHG,光伏招商,2025-12-12,2026-01-12,,光伏产业(931151),931151.CSI
610157,159726.XSHE,港股通高股息ETF华夏,2026-01-30,2026-02-02,,中国内地企业高股息率(HSMCHYI),
616268,560710.XSHG,船舶ETF,2025-12-10,2026-01-12,,智选船舶产业(932420),
616272,560290.XSHG,景顺有色,2026-01-09,2026-01-15,,有色矿业(931892),931892.CSI
616274,159157.XSHE,有色金属ETF天弘,2026-01-12,2026-01-19,,工业有色(H11059),H11059.CSI
616275,560230.XSHG,光伏富国,2026-01-07,2026-01-19,,光伏产业(931151),931151.CSI
616276,589170.XSHG,芯设计KC,2026-01-16,2026-01-19,,科创芯片设计(950162),
617803,159153.XSHE,消费电子ETF鹏华,2026-01-07,2026-01-12,,消费电子(980030),
617804,520610.XSHG,港红利指,2026-01-07,2026-01-12,,标普港股通低波红利指数(SPAHLVCP),
617807,159163.XSHE,有色ETF泰康,2026-01-10,2026-01-14,,有色矿业(931892),931892.CSI
619351,530060.XSHG,上证综E,2026-01-17,2026-01-21,,上证指数(000001),000001.XSHG
620876,159135.XSHE,港股通科技ETF前海开源,2025-12-29,2026-01-12,,港股通科技主题(HSSCITI),
620886,159148.XSHE,石油ETF富国,2026-01-13,2026-01-19,,国证油气(399439),399439.XSHE
625504,159165.XSHE,养殖ETF永赢,2026-01-13,2026-01-19,,畜牧养殖(931946),
625506,159167.XSHE,港股通医疗ETF工银,2026-01-16,2026-01-19,,港股通医疗主题(932069),
625509,515970.XSHG,华夏机械,2026-01-14,2026-01-19,,工程机械主题(931752),931752.CSI
625511,159159.XSHE,公用事业ETF国投瑞银,2026-01-13,2026-01-19,,全指公用(000995),000995.CSI
625513,159156.XSHE,电池ETF万家,2025-12-31,2026-01-26,,新能电池(980032),
625514,159168.XSHE,有色ETF富国,2026-01-16,2026-01-26,,工业有色(H11059),H11059.CSI
628586,520930.XSHG,恒生生科,2026-01-08,2026-01-12,,恒生生物科技(HSBIO),
631701,512940.XSHG,有色矿业,2026-01-21,2026-01-26,,有色矿业(931892),931892.CSI
631703,560370.XSHG,全指红利,2026-01-27,2026-02-02,,中证红利质量(932315),
648658,563560.XSHG,科技成长,2025-10-28,2025-11-04,,科技50策略(931696),931696.CSI
650290,520760.XSHG,港股生物,2026-01-23,2026-01-26,,恒生生物科技(HSBIO),
650291,560310.XSHG,光伏博时,2026-01-21,2026-01-26,,光伏产业(931151),931151.CSI
653398,159169.XSHE,恒生生物科技ETF广发,2026-01-29,2026-02-02,,恒生生物科技(HSBIO),
653402,560390.XSHG,电网E,2026-02-03,2026-02-06,,A股电网设备(HSCAUPG),
658060,159171.XSHE,工业有色ETF博时,2026-01-23,2026-02-02,,工业有色(H11059),H11059.CSI
658065,159175.XSHE,电池ETF易方达,2026-01-31,2026-02-04,,CS电池(931719),931719.CSI
659612,560270.XSHG,电力指数,2026-01-20,2026-01-26,,电力指数(H30199),H30199.CSI
672083,515460.XSHG,质量红利,2026-02-04,2026-02-26,,中证红利质量(932315),
675199,513930.XSHG,香港生科,2026-02-04,2026-02-24,,恒生生物科技(HSBIO),
675201,159166.XSHE,现金流ETF长城,2026-02-25,2026-03-02,,自由现金流(980092),
679880,159170.XSHE,港股通互联网ETF永赢,2026-02-06,2026-02-24,,港股通互联网(987022),
679881,560400.XSHG,证券华泰,2026-02-13,2026-02-26,,证券公司(399975),399975.XSHE
679884,159189.XSHE,石油ETF华夏,2026-02-27,2026-03-04,,国证油气(399439),399439.XSHE
679885,159181.XSHE,石油ETF易方达,2026-02-28,2026-03-05,,国证油气(399439),399439.XSHE
681443,512460.XSHG,电池主题,2026-02-09,2026-02-24,,CS电池(931719),931719.CSI
681445,560210.XSHG,景顺农牧,2026-02-02,2026-02-24,,农牧渔(930910),930910.CSI
681447,159172.XSHE,养殖ETF汇添富,2026-02-11,2026-02-25,,畜牧养殖(931946),
684588,159183.XSHE,新能源车ETF招商,2026-02-28,2026-03-05,,CS新能车(399976),399976.XSHE
690856,520680.XSHG,港股通车,2026-02-24,2026-03-02,,港股通汽车CNY(931239CNY200),
690862,159191.XSHE,港股通科技ETF易方达,2026-02-28,2026-03-09,,港股通科技(987008),
692432,159160.XSHE,电池ETF东财,2026-03-04,2026-03-09,,CS电池(931719),931719.CSI
693999,520790.XSHG,港互联网,2026-02-02,2026-03-02,,港股通互联网(931637),931637.CSI
694004,159190.XSHE,创业板新能源ETF天弘,2026-03-04,2026-03-09,,创新能源(399266),399266.XSHE
697146,589250.XSHG,芯设计PY,2026-02-10,2026-03-02,,科创芯片设计(950162),
697152,512450.XSHG,广发养殖,2026-03-04,2026-03-09,,畜牧养殖(931946),
697155,159187.XSHE,创业板新能源ETF景顺,2026-03-02,2026-03-12,,创新能源(399266),399266.XSHE
701874,159177.XSHE,工程机械ETF鹏华,2026-02-25,2026-03-02,,工程机械主题(931752),931752.CSI
701881,159197.XSHE,石油ETF招商,2026-03-06,2026-03-09,,国证油气(399439),399439.XSHE
701883,159173.XSHE,农牧ETF南方,2026-02-27,2026-03-09,,农牧渔(930910),930910.CSI
701886,589260.XSHG,科创芯设,2026-03-06,2026-03-10,,科创芯片设计(950162),
701887,159195.XSHE,石油ETF华安,2026-03-06,2026-03-11,,国证油气(399439),399439.XSHE
701888,159196.XSHE,港股通信息技术ETF易方达,2026-03-09,2026-03-12,,港股通信息C(930967),
703456,159179.XSHE,港股通互联网ETF工银,2026-02-13,2026-03-02,,港股通互联网(931637),931637.CSI
703463,159180.XSHE,软件ETF银华,2026-02-27,2026-03-09,,工业软件(980034),
703469,516370.XSHG,全指电力,2026-03-04,2026-03-11,,电力指数(H30199),H30199.CSI
703473,159176.XSHE,家电ETF华宝,2026-02-26,2026-03-16,,家用电器(930697),930697.CSI
703474,159198.XSHE,港股通信息技术ETF富国,2026-03-09,2026-03-16,,港股通信息C(930967),
708233,159199.XSHE,石油ETF平安,2026-03-11,2026-03-16,,国证油气(399439),399439.XSHE
714580,159188.XSHE,红利100ETF景顺,2026-02-27,2026-03-16,,标普中国A股红利100(SPCADMCP),
714583,526000.XSHG,港股信息,2026-03-13,2026-03-16,,港股通信息C(930967),
717757,159009.XSHE,创业板新能源ETF易方达,2026-03-10,2026-03-13,,创新能源(399266),399266.XSHE
725707,159007.XSHE,养殖ETF华泰柏瑞,2026-03-07,2026-03-13,,畜牧养殖(931946),
725714,560410.XSHG,电池鹏华,2026-03-03,2026-03-19,,CS电池(931719),931719.CSI
725715,526010.XSHG,香港医疗,2026-03-20,2026-03-25,,港股通医疗主题(932069),
727308,159186.XSHE,港股通汽车ETF鹏华,2026-03-16,2026-03-23,,港股通汽车主题(HSSCAM),
735280,159019.XSHE,石油ETF华宝,2026-03-19,2026-03-25,,国证油气(399439),399439.XSHE
736873,515640.XSHG,家电指数,2026-03-18,2026-03-23,,家用电器(930697),930697.CSI
736874,159185.XSHE,港股通信息技术ETF鹏华,2026-03-13,2026-03-23,,港股通信息C(930967),
736878,159026.XSHE,石油ETF南方,2026-03-25,2026-03-30,,国证油气(399439),399439.XSHE
736879,159022.XSHE,科创创业人工智能ETF富国,2026-03-25,2026-03-30,,科创创业AI(932456),
738477,159020.XSHE,养殖ETF易方达,2026-03-23,2026-03-26,,畜牧养殖(931946),
738480,159018.XSHE,石油ETF广发,2026-03-25,2026-03-30,,国证油气(399439),399439.XSHE
740071,589270.XSHG,科创100Q,2026-03-12,2026-03-16,,科创100(000698),000698.XSHG
740083,159008.XSHE,证券ETF景顺,2026-03-16,2026-04-01,,证券公司(399975),399975.XSHE
740084,159013.XSHE,工业互联网ETF大成,2026-03-27,2026-04-01,,工业互联(931495),931495.CSI
740085,159178.XSHE,消费电子ETF汇添富,2026-03-25,2026-04-08,,消费电子(980030),
746505,512430.XSHG,家电家居,2026-03-28,2026-04-07,,家居家电(931241),
746506,159192.XSHE,家电ETF汇添富,2026-03-31,2026-04-07,,家电龙头(931021),931021.CSI
746507,560470.XSHG,有色E,2026-04-02,2026-04-07,,细分有色(000811),000811.CSI
746508,526050.XSHG,香港信息,2026-04-02,2026-04-07,,港股通信息C(930967),
746510,560450.XSHG,电力TH,2026-04-03,2026-04-13,,电力指数(H30199),H30199.CSI
748121,159193.XSHE,新能源电池ETF银华,2026-04-02,2026-04-15,,新能源电池(980027),
751337,159017.XSHE,石油ETF工银,2026-03-25,2026-04-07,,国证油气(399439),399439.XSHE
751343,159182.XSHE,家电ETF南方,2026-04-01,2026-04-08,,家用电器(930697),930697.CSI
751345,159015.XSHE,恒生港股通科技ETF国联,2026-04-08,2026-04-13,,港股通科技主题(HSSCITI),
751346,513240.XSHG,港信息,2026-04-10,2026-04-15,,港股通信息C(930967),
761038,512140.XSHG,电力事业,2026-04-15,2026-04-20,,电力指数(H30199),H30199.CSI
762648,588480.XSHG,AI50双创,2026-04-08,2026-04-13,,科创创业AI(932456),
762653,159030.XSHE,粮食ETF华夏,2026-04-13,2026-04-16,,国证粮食(399365),399365.XSHE
764266,159010.XSHE,港股通科技ETF博时,2026-04-10,2026-04-13,,港股通科技主题(HSSCITI),
764269,560320.XSHG,食品富国,2026-04-03,2026-04-13,,食品(H30192),
764271,159032.XSHE,工业有色ETF易方达,2026-04-09,2026-04-14,,工业有色(H11059),H11059.CSI
764272,516840.XSHG,汽车基金,2026-04-10,2026-04-15,,汽车指数(931008),931008.CSI
769125,159028.XSHE,港股汽车ETF天弘,2026-04-02,2026-04-07,,港股通汽车主题(HSSCAM),
769136,159016.XSHE,证券ETF广发,2026-04-09,2026-04-13,,证券公司30(931412),931412.CSI
769146,560930.XSHG,电力E,2026-04-22,2026-04-27,,电力指数(H30199),H30199.CSI
770752,159021.XSHE,大盘价值ETF华夏,2026-03-27,2026-04-07,,大盘价值(399373),399373.XSHE
770765,560460.XSHG,电力平安,2026-04-09,2026-04-13,,电力指数(H30199),H30199.CSI
770767,520730.XSHG,汽车WJ,2026-03-31,2026-04-15,,港股通汽车主题(HSSCAM),
770768,159027.XSHE,畜牧养殖ETF大成,2026-04-10,2026-04-15,,畜牧养殖(931946),
770773,159035.XSHE,软件ETF天弘,2026-04-14,2026-04-20,,中证软件(930601),930601.CSI
772396,513620.XSHG,港医疗指,2026-04-08,2026-04-13,,港股通医疗主题(932069),
774033,560420.XSHG,食品Q,2026-04-07,2026-04-15,,食品(H30192),
775668,589280.XSHG,科综增指,2026-04-09,2026-04-20,,科创综指(000680),000680.XSHG
775670,159012.XSHE,科创创业50ETF鹏华,2026-04-15,2026-04-20,,科创创业50(931643),931643.CSI
780570,159029.XSHE,有色ETF广发,2026-04-16,2026-04-20,,有色矿业(931892),931892.CSI
780575,159038.XSHE,粮食ETF易方达,2026-04-16,2026-04-21,,国证粮食(399365),399365.XSHE
780578,560910.XSHG,中证电池,2026-04-25,2026-05-06,,CS电池(931719),931719.CSI
785485,560790.XSHG,软件服务,2026-04-15,2026-04-20,,中证软件(930601),930601.CSI
785488,560870.XSHG,中银有色,2026-04-18,2026-04-22,,工业有色(H11059),H11059.CSI
785491,560480.XSHG,中证电力,2026-04-22,2026-04-27,,电力指数(H30199),H30199.CSI
785492,561050.XSHG,稀金属E,2026-04-25,2026-04-29,,CS稀金属(930632),930632.CSI
785494,560490.XSHG,华泰有色,2026-04-16,2026-05-06,,工业有色(H11059),H11059.CSI
785495,560830.XSHG,电指数,2026-04-24,2026-05-06,,电力指数(H30199),H30199.CSI
785496,560250.XSHG,红利质量,2026-04-17,2026-05-06,,中证红利质量(932315),
792070,588470.XSHG,双创智能,2026-04-28,2026-05-06,,科创创业AI(932456),
792076,589320.XSHG,科200JS,2026-04-22,2026-05-11,,科创200(000699),000699.XSHG
793716,526070.XSHG,恒生博时,2026-04-28,2026-05-06,,恒指港股通(HSISC),
793717,588510.XSHG,智能双创,2026-04-27,2026-05-06,,科创创业AI(932456),
793720,561030.XSHG,机械华泰,2026-04-28,2026-05-06,,工程机械主题(931752),931752.CSI
793723,589330.XSHG,科200DC,2026-04-30,2026-05-07,,科创200(000699),000699.XSHG
795367,520710.XSHG,信息港股,2026-04-24,2026-05-06,,港股通信息C(930967),
795374,159031.XSHE,粮食ETF博时,2026-04-29,2026-05-07,,国证粮食(399365),399365.XSHE
795375,517130.XSHG,云计算JS,2026-04-27,2026-05-07,,SHS云计算(931470),931470.CSI
798683,510910.XSHG,上证指CS,2026-04-29,2026-05-07,,上证指数(000001),000001.XSHG
805289,560720.XSHG,工银红利,2026-04-24,2026-05-06,,红利低波100(930955),930955.CSI
805291,159033.XSHE,粮食ETF国泰,2026-04-23,2026-05-06,,国证粮食(399365),399365.XSHE
806949,560670.XSHG,中证银行,2026-04-22,2026-05-06,,中证银行(399986),399986.XSHE
806953,560970.XSHG,有色金属,2026-04-28,2026-05-06,,工业有色(H11059),H11059.CSI
808619,159051.XSHE,医疗器械ETF易方达,2026-04-30,2026-05-08,,医疗器械(H30217),H30217.CSI
808622,159055.XSHE,稀有金属ETF富国,2026-05-06,2026-05-12,,CS稀金属(930632),930632.CSI
808623,159056.XSHE,医疗器械ETF富国,2026-05-08,2026-05-13,,医疗器械(H30217),H30217.CSI
808624,159050.XSHE,机器人ETF广发,2026-05-12,2026-05-18,,机器人产业(980022),
808625,159053.XSHE,稀有金属ETF华夏,2026-05-12,2026-05-18,,CS稀金属(930632),930632.CSI
808626,159042.XSHE,价值ETF汇添富,2026-05-11,2026-05-18,,价值100(980081),
810285,159041.XSHE,农业ETF鹏华,2026-05-06,2026-05-11,,中证农业(000949),000949.CSI
810288,159060.XSHE,粮食ETF浦银,2026-05-08,2026-05-13,,国证粮食(399365),399365.XSHE
810293,159048.XSHE,机器人ETF大成,2026-05-16,2026-05-20,,机器人产业(980022),
815286,159037.XSHE,价值ETF鹏华,2026-05-06,2026-05-11,,价值100(980081),
815292,159052.XSHE,新能源电池ETF嘉实,2026-05-07,2026-05-18,,新能源电池(980027),
815294,159036.XSHE,软件开发ETF华宝,2026-04-30,2026-05-18,,软件开发(932094),932094.CSI
815298,159046.XSHE,绿电ETF天弘,2026-05-12,2026-05-20,,绿色电力(399438),399438.XSHE
818633,159057.XSHE,医疗器械ETF鹏华,2026-05-07,2026-05-13,,医疗器械(H30217),H30217.CSI
818640,159023.XSHE,养殖ETF万家,2026-05-13,2026-05-18,,畜牧养殖(931946),
818642,159063.XSHE,粮食ETF南方,2026-05-14,2026-05-20,,国证粮食(399365),399365.XSHE
820317,159011.XSHE,养殖ETF华安,2026-05-15,2026-05-20,,畜牧养殖(931946),
827011,159039.XSHE,机器人ETF华安,2026-05-15,2026-05-20,,机器人产业(980022),
827015,159071.XSHE,新能源电池ETF华宝,2026-05-20,2026-05-25,,新能源电池(980027),
827016,159062.XSHE,稀有金属ETF南方,2026-05-15,2026-05-25,,CS稀金属(930632),930632.CSI
830368,159061.XSHE,绿色电力ETF南方,2026-05-22,2026-05-28,,绿色电力(399438),399438.XSHE
830369,159045.XSHE,稀有金属ETF大成,2026-05-26,2026-06-01,,CS稀金属(930632),930632.CSI
838754,159040.XSHE,港股通互联网ETF鹏华,2026-05-13,2026-05-18,,港股通互联网(931637),931637.CSI
838764,159065.XSHE,工程机械ETF景顺,2026-05-19,2026-05-25,,工程机械主题(931752),931752.CSI
838766,159070.XSHE,工程机械ETF嘉实,2026-05-22,2026-05-28,,工程机械主题(931752),931752.CSI
838768,589360.XSHG,科创50GT,2026-05-26,2026-05-29,,科创50(000688),000688.XSHG
838769,589290.XSHG,芯片主题,2026-05-27,2026-06-01,,科创芯片设计(950162),
838771,526030.XSHG,港信息基,2026-05-25,2026-06-01,,港股通信息C(930967),
842140,561430.XSHG,全指质量,2026-05-28,2026-06-01,,中证红利质量(932315),
842142,589350.XSHG,科芯片指,2026-05-27,2026-06-01,,科创芯片设计(950162),
850570,510140.XSHG,上证指,2026-05-27,2026-06-01,,上证指数(000001),000001.XSHG
850574,589310.XSHG,科创人工,2026-05-28,2026-06-01,,科创AI(950180),
850577,560920.XSHG,招商机械,2026-05-28,2026-06-03,,工程机械主题(931752),931752.CSI
850578,561460.XSHG,AITH,2026-05-28,2026-06-08,,CS人工智(930713),930713.CSI
852271,159066.XSHE,A股ETF建信,2026-06-05,2026-06-09,,中证A股(930903),930903.CSI
852272,515480.XSHG,红利一百,2026-06-05,2026-06-10,,红利低波100(930955),930955.CSI
853963,159161.XSHE,工程机械ETF东财,2026-05-25,2026-06-02,,工程机械主题(931752),931752.CSI
855653,159068.XSHE,软件ETF华夏,2026-05-27,2026-06-01,,软件指数(H30202),H30202.CSI
855657,159049.XSHE,有色ETF工银,2026-05-27,2026-06-01,,有色矿业(931892),931892.CSI
855663,561420.XSHG,300现金,2026-06-01,2026-06-10,,300现金流(932366),
855665,512410.XSHG,银行广发,2026-06-08,2026-06-15,,中证银行(399986),399986.XSHE
855666,159078.XSHE,A股ETF富国,2026-06-05,2026-06-15,,中证A股(930903),930903.CSI
855667,159076.XSHE,创业板新能源ETF华宝,2026-06-02,2026-06-15,,创新能源(399266),399266.XSHE
860764,561470.XSHG,畜牧TH,2026-05-28,2026-06-08,,畜牧养殖(931946),
860770,516440.XSHG,南方机械,2026-06-10,2026-06-15,,工程机械主题(931752),931752.CSI
860778,589400.XSHG,芯设计FG,2026-06-15,2026-06-22,,科创芯片设计(950162),
860779,589420.XSHG,芯设计MW,2026-06-15,2026-06-22,,科创芯片设计(950162),
862465,520750.XSHG,HK信息,2026-05-26,2026-06-01,,港股通信息C(930967),
862471,589390.XSHG,芯设计,2026-05-29,2026-06-08,,科创芯片设计(950162),
864184,159067.XSHE,绿色电力ETF鹏华,2026-06-10,2026-06-15,,绿色电力(399438),399438.XSHE
872733,589410.XSHG,科创AIJS,2026-06-05,2026-06-22,,科创AI(950180),
872734,159091.XSHE,港股通金融ETF易方达,2026-06-17,2026-06-22,,港股通内地金融(H11146),H11146.CSI
872735,560730.XSHG,红利GTHT,2026-06-18,2026-06-22,,红利低波(H30269),H30269.CSI
874428,515040.XSHG,工业金属,2026-05-29,2026-06-08,,工业有色(H11059),H11059.CSI
874436,159072.XSHE,粮食ETF景顺,2026-05-25,2026-06-15,,国证粮食(399365),399365.XSHE
874445,159075.XSHE,工业互联网ETF华夏,2026-06-05,2026-06-17,,工业互联(931495),931495.CSI
876160,159059.XSHE,电力ETF大成,2026-06-12,2026-06-18,,电力指数(H30199),H30199.CSI
876181,159085.XSHE,价值ETF永赢,2026-06-23,2026-07-01,,价值100(980081),
877879,159069.XSHE,创业板新能源ETF华泰柏瑞,2026-06-12,2026-06-22,,创新能源(399266),399266.XSHE
879604,561250.XSHG,稀金属PH,2026-06-18,2026-06-24,,CS稀金属(930632),930632.CSI
879616,561630.XSHG,华泰质量,2026-06-22,2026-06-29,,中证红利质量(932315),
884762,515840.XSHG,食品南方,2026-06-15,2026-06-24,,食品(H30192),
891655,588530.XSHG,AIBOCI,2026-06-26,2026-07-01,,科创创业AI(932456),
896818,159086.XSHE,金融科技ETF广发,2026-06-24,2026-07-01,,金融科技(930986),930986.CSI
896821,159093.XSHE,化工ETF汇添富,2026-06-30,2026-07-06,,细分化工(000813),000813.CSI
896822,159099.XSHE,云计算ETF华宝,2026-06-29,2026-07-06,,云计算50(931469),931469.CSI
898543,561490.XSHG,红利财通,2026-06-30,2026-07-03,,中证红利质量(932315),
900241,561400.XSHG,鑫元养殖,2026-06-13,2026-06-22,,畜牧养殖(931946),
900266,159087.XSHE,化工ETF万家,2026-06-18,2026-07-01,,细分化工(000813),000813.CSI
900267,159079.XSHE,价值ETF兴全,2026-06-25,2026-07-01,,价值100(980081),
900275,561450.XSHG,华泰红利,2026-07-06,2026-07-09,,标普中国A股大盘红利低波50指数(SPCLLHCP),
901994,561020.XSHG,食品招商,2026-06-23,2026-06-29,,食品(H30192),
903728,561620.XSHG,华泰化工,2026-06-22,2026-07-01,,细分化工(000813),000813.CSI
908931,158009.XSHE,航空航天ETF南方,2026-07-08,2026-07-13,,国证航天(CN5082),
910659,512420.XSHG,机械华安,2026-07-01,2026-07-06,,工程机械主题(931752),931752.CSI
910662,561810.XSHG,华泰医疗,2026-07-02,2026-07-07,,医疗器械(H30217),H30217.CSI
910666,561890.XSHG,A股E,2026-07-09,2026-07-13,,中证A股(930903),930903.CSI
910667,158006.XSHE,化工ETF博时,2026-07-10,2026-07-13,,细分化工(000813),000813.CSI
912392,520740.XSHG,互联香港,2026-06-26,2026-07-01,,港股通互联网(931637),931637.CSI
