signal_id,direction,version,event_kind,episode_id,event_date,index_id,index_name,horizon,event_date_available,available_future_bars,complete_window,window_end_date,close,terminal_return,max_up,max_down
limit_up_down_breadth_bottom,bottom,limit_up_down_breadth_v1_20120705_20260814,capped_confirmation,limit_up_down_breadth_bottom::bottom::limit_up_down_breadth_v1_20120705_20260814::000001,2013-06-28,all_a,全A,5,True,5,True,2013-07-05,2557.199951171875,0.024741913319001663,0.038984022880403035,-0.010069607575348027
limit_up_down_breadth_bottom,bottom,limit_up_down_breadth_v1_20120705_20260814,capped_confirmation,limit_up_down_breadth_bottom::bottom::limit_up_down_breadth_v1_20120705_20260814::000001,2013-06-28,all_a,全A,10,True,10,True,2013-07-12,2557.199951171875,0.0448225087502343,0.06933366659375806,-0.015063358465026377
limit_up_down_breadth_bottom,bottom,limit_up_down_breadth_v1_20120705_20260814,capped_confirmation,limit_up_down_breadth_bottom::bottom::limit_up_down_breadth_v1_20120705_20260814::000001,2013-06-28,all_a,全A,20,True,20,True,2013-07-26,2557.199951171875,0.045201818433343144,0.07558659578963378,-0.015063358465026377
limit_up_down_breadth_bottom,bottom,limit_up_down_breadth_v1_20120705_20260814,capped_confirmation,limit_up_down_breadth_bottom::bottom::limit_up_down_breadth_v1_20120705_20260814::000001,2013-06-28,cni2000,国证2000,5,True,5,True,2013-07-05,3004.22,0.04137180366284765,0.06140695421773379,-0.004826543994780663
limit_up_down_breadth_bottom,bottom,limit_up_down_breadth_v1_20120705_20260814,capped_confirmation,limit_up_down_breadth_bottom::bottom::limit_up_down_breadth_v1_20120705_20260814::000001,2013-06-28,cni2000,国证2000,10,True,10,True,2013-07-12,3004.22,0.059486322572914085,0.07417898822323288,-0.005765223585489698
limit_up_down_breadth_bottom,bottom,limit_up_down_breadth_v1_20120705_20260814,capped_confirmation,limit_up_down_breadth_bottom::bottom::limit_up_down_breadth_v1_20120705_20260814::000001,2013-06-28,cni2000,国证2000,20,True,20,True,2013-07-26,3004.22,0.10173689010791498,0.12714781207767745,-0.005765223585489698
limit_up_down_breadth_bottom,bottom,limit_up_down_breadth_v1_20120705_20260814,capped_confirmation,limit_up_down_breadth_bottom::bottom::limit_up_down_breadth_v1_20120705_20260814::000001,2013-06-28,csi1000,中证1000,5,True,5,True,2013-07-05,3602.11,0.04281379524778517,0.06586417405354084,-0.005471792921371121
limit_up_down_breadth_bottom,bottom,limit_up_down_breadth_v1_20120705_20260814,capped_confirmation,limit_up_down_breadth_bottom::bottom::limit_up_down_breadth_v1_20120705_20260814::000001,2013-06-28,csi1000,中证1000,10,True,10,True,2013-07-12,3602.11,0.06304360499818151,0.07840682266782517,-0.005471792921371121
limit_up_down_breadth_bottom,bottom,limit_up_down_breadth_v1_20120705_20260814,capped_confirmation,limit_up_down_breadth_bottom::bottom::limit_up_down_breadth_v1_20120705_20260814::000001,2013-06-28,csi1000,中证1000,20,True,20,True,2013-07-26,3602.11,0.10183475796130592,0.12878562842334085,-0.005471792921371121
limit_up_down_breadth_bottom,bottom,limit_up_down_breadth_v1_20120705_20260814,capped_confirmation,limit_up_down_breadth_bottom::bottom::limit_up_down_breadth_v1_20120705_20260814::000001,2013-06-28,csi300,沪深300,5,True,5,True,2013-07-05,2200.64,0.011910171586447582,0.023352297513450804,-0.015581830740148295
limit_up_down_breadth_bottom,bottom,limit_up_down_breadth_v1_20120705_20260814,capped_confirmation,limit_up_down_breadth_bottom::bottom::limit_up_down_breadth_v1_20120705_20260814::000001,2013-06-28,csi300,沪深300,10,True,10,True,2013-07-12,2200.64,0.033958303039115956,0.06842554893121999,-0.023106914352188368
limit_up_down_breadth_bottom,bottom,limit_up_down_breadth_v1_20120705_20260814,capped_confirmation,limit_up_down_breadth_bottom::bottom::limit_up_down_breadth_v1_20120705_20260814::000001,2013-06-28,csi300,沪深300,20,True,20,True,2013-07-26,2200.64,0.010619637923513281,0.06842554893121999,-0.023106914352188368
limit_up_down_breadth_bottom,bottom,limit_up_down_breadth_v1_20120705_20260814,capped_confirmation,limit_up_down_breadth_bottom::bottom::limit_up_down_breadth_v1_20120705_20260814::000001,2013-06-28,csi500,中证500,5,True,5,True,2013-07-05,3235.98,0.041888392388086615,0.059332875975747656,-0.00782452301930181
limit_up_down_breadth_bottom,bottom,limit_up_down_breadth_v1_20120705_20260814,capped_confirmation,limit_up_down_breadth_bottom::bottom::limit_up_down_breadth_v1_20120705_20260814::000001,2013-06-28,csi500,中证500,10,True,10,True,2013-07-12,3235.98,0.058455243851939676,0.07865314371535059,-0.00782452301930181
limit_up_down_breadth_bottom,bottom,limit_up_down_breadth_v1_20120705_20260814,capped_confirmation,limit_up_down_breadth_bottom::bottom::limit_up_down_breadth_v1_20120705_20260814::000001,2013-06-28,csi500,中证500,20,True,20,True,2013-07-26,3235.98,0.07978417666363824,0.10476578965259375,-0.00782452301930181
limit_up_down_breadth_bottom,bottom,limit_up_down_breadth_v1_20120705_20260814,capped_confirmation,limit_up_down_breadth_bottom::bottom::limit_up_down_breadth_v1_20120705_20260814::000001,2013-06-28,microcap,微盘股,5,True,5,True,2013-07-05,611.19,0.04188550205337105,0.0629591452739735,-0.00750993962597557
limit_up_down_breadth_bottom,bottom,limit_up_down_breadth_v1_20120705_20260814,capped_confirmation,limit_up_down_breadth_bottom::bottom::limit_up_down_breadth_v1_20120705_20260814::000001,2013-06-28,microcap,微盘股,10,True,10,True,2013-07-12,611.19,0.05795251885665653,0.0765228488686005,-0.00750993962597557
limit_up_down_breadth_bottom,bottom,limit_up_down_breadth_v1_20120705_20260814,capped_confirmation,limit_up_down_breadth_bottom::bottom::limit_up_down_breadth_v1_20120705_20260814::000001,2013-06-28,microcap,微盘股,20,True,20,True,2013-07-26,611.19,0.09121549763575976,0.11327083231073787,-0.00750993962597557
limit_up_down_breadth_bottom,bottom,limit_up_down_breadth_v1_20120705_20260814,capped_confirmation,limit_up_down_breadth_bottom::bottom::limit_up_down_breadth_v1_20120705_20260814::000001,2013-06-28,sse_composite,上证指数,5,True,5,True,2013-07-05,1979.21,0.014142006153970543,0.021690472461234567,-0.010933655347335591
limit_up_down_breadth_bottom,bottom,limit_up_down_breadth_v1_20120705_20260814,capped_confirmation,limit_up_down_breadth_bottom::bottom::limit_up_down_breadth_v1_20120705_20260814::000001,2013-06-28,sse_composite,上证指数,10,True,10,True,2013-07-12,1979.21,0.03045659631873332,0.057426953178288276,-0.016592478817305967
limit_up_down_breadth_bottom,bottom,limit_up_down_breadth_v1_20120705_20260814,capped_confirmation,limit_up_down_breadth_bottom::bottom::limit_up_down_breadth_v1_20120705_20260814::000001,2013-06-28,sse_composite,上证指数,20,True,20,True,2013-07-26,1979.21,0.015986176302666077,0.057426953178288276,-0.016592478817305967
limit_up_down_breadth_bottom,bottom,limit_up_down_breadth_v1_20120705_20260814,capped_confirmation,limit_up_down_breadth_bottom::bottom::limit_up_down_breadth_v1_20120705_20260814::000002,2014-01-14,all_a,全A,5,True,5,True,2014-01-21,2788.85009765625,-0.002628351423821673,0.009975374525195813,-0.019983139472281253
limit_up_down_breadth_bottom,bottom,limit_up_down_breadth_v1_20120705_20260814,capped_confirmation,limit_up_down_breadth_bottom::bottom::limit_up_down_breadth_v1_20120705_20260814::000002,2014-01-14,all_a,全A,10,True,10,True,2014-01-28,2788.85009765625,0.025186004186243283,0.03638057169970055,-0.019983139472281253
limit_up_down_breadth_bottom,bottom,limit_up_down_breadth_v1_20120705_20260814,capped_confirmation,limit_up_down_breadth_bottom::bottom::limit_up_down_breadth_v1_20120705_20260814::000002,2014-01-14,all_a,全A,20,True,20,True,2014-02-18,2788.85009765625,0.08466567394400659,0.09174026733478469,-0.019983139472281253
limit_up_down_breadth_bottom,bottom,limit_up_down_breadth_v1_20120705_20260814,capped_confirmation,limit_up_down_breadth_bottom::bottom::limit_up_down_breadth_v1_20120705_20260814::000002,2014-01-14,cni2000,国证2000,5,True,5,True,2014-01-21,3777.37,0.009879889976359246,0.015743758223314197,-0.011023542835359001
limit_up_down_breadth_bottom,bottom,limit_up_down_breadth_v1_20120705_20260814,capped_confirmation,limit_up_down_breadth_bottom::bottom::limit_up_down_breadth_v1_20120705_20260814::000002,2014-01-14,cni2000,国证2000,10,True,10,True,2014-01-28,3777.37,0.05216592496895989,0.06345155491783983,-0.011023542835359001
limit_up_down_breadth_bottom,bottom,limit_up_down_breadth_v1_20120705_20260814,capped_confirmation,limit_up_down_breadth_bottom::bottom::limit_up_down_breadth_v1_20120705_20260814::000002,2014-01-14,cni2000,国证2000,20,True,20,True,2014-02-18,3777.37,0.1607308788919275,0.16396063928076954,-0.011023542835359001
limit_up_down_breadth_bottom,bottom,limit_up_down_breadth_v1_20120705_20260814,capped_confirmation,limit_up_down_breadth_bottom::bottom::limit_up_down_breadth_v1_20120705_20260814::000002,2014-01-14,csi1000,中证1000,5,True,5,True,2014-01-21,4447.7,0.008806799019718037,0.015880117813701577,-0.012790880679901862
limit_up_down_breadth_bottom,bottom,limit_up_down_breadth_v1_20120705_20260814,capped_confirmation,limit_up_down_breadth_bottom::bottom::limit_up_down_breadth_v1_20120705_20260814::000002,2014-01-14,csi1000,中证1000,10,True,10,True,2014-01-28,4447.7,0.04947051284933779,0.06256492119522461,-0.012790880679901862
limit_up_down_breadth_bottom,bottom,limit_up_down_breadth_v1_20120705_20260814,capped_confirmation,limit_up_down_breadth_bottom::bottom::limit_up_down_breadth_v1_20120705_20260814::000002,2014-01-14,csi1000,中证1000,20,True,20,True,2014-02-18,4447.7,0.15121073813431662,0.15486880859770236,-0.012790880679901862
limit_up_down_breadth_bottom,bottom,limit_up_down_breadth_v1_20120705_20260814,capped_confirmation,limit_up_down_breadth_bottom::bottom::limit_up_down_breadth_v1_20120705_20260814::000002,2014-01-14,csi300,沪深300,5,True,5,True,2014-01-21,2212.85,-0.01149648643152501,0.006511964209051868,-0.025482974444720585
limit_up_down_breadth_bottom,bottom,limit_up_down_breadth_v1_20120705_20260814,capped_confirmation,limit_up_down_breadth_bottom::bottom::limit_up_down_breadth_v1_20120705_20260814::000002,2014-01-14,csi300,沪深300,10,True,10,True,2014-01-28,2212.85,0.0031678604514540076,0.020114332196036866,-0.025482974444720585
limit_up_down_breadth_bottom,bottom,limit_up_down_breadth_v1_20120705_20260814,capped_confirmation,limit_up_down_breadth_bottom::bottom::limit_up_down_breadth_v1_20120705_20260814::000002,2014-01-14,csi300,沪深300,20,True,20,True,2014-02-18,2212.85,0.03144813249881384,0.04642429446189311,-0.025482974444720585
limit_up_down_breadth_bottom,bottom,limit_up_down_breadth_v1_20120705_20260814,capped_confirmation,limit_up_down_breadth_bottom::bottom::limit_up_down_breadth_v1_20120705_20260814::000002,2014-01-14,csi500,中证500,5,True,5,True,2014-01-21,3683.53,0.0045011171349222945,0.01480916403558541,-0.01517023072976198
limit_up_down_breadth_bottom,bottom,limit_up_down_breadth_v1_20120705_20260814,capped_confirmation,limit_up_down_breadth_bottom::bottom::limit_up_down_breadth_v1_20120705_20260814::000002,2014-01-14,csi500,中证500,10,True,10,True,2014-01-28,3683.53,0.05165697035180927,0.06329254818068542,-0.01517023072976198
limit_up_down_breadth_bottom,bottom,limit_up_down_breadth_v1_20120705_20260814,capped_confirmation,limit_up_down_breadth_bottom::bottom::limit_up_down_breadth_v1_20120705_20260814::000002,2014-01-14,csi500,中证500,20,True,20,True,2014-02-18,3683.53,0.14230099931315876,0.14537685318159466,-0.01517023072976198
limit_up_down_breadth_bottom,bottom,limit_up_down_breadth_v1_20120705_20260814,capped_confirmation,limit_up_down_breadth_bottom::bottom::limit_up_down_breadth_v1_20120705_20260814::000002,2014-01-14,microcap,微盘股,5,True,5,True,2014-01-21,700.89,0.00747620882021427,0.012769478805518819,-0.013782476565509572
limit_up_down_breadth_bottom,bottom,limit_up_down_breadth_v1_20120705_20260814,capped_confirmation,limit_up_down_breadth_bottom::bottom::limit_up_down_breadth_v1_20120705_20260814::000002,2014-01-14,microcap,微盘股,10,True,10,True,2014-01-28,700.89,0.0521907860006563,0.06274879082309637,-0.013782476565509572
limit_up_down_breadth_bottom,bottom,limit_up_down_breadth_v1_20120705_20260814,capped_confirmation,limit_up_down_breadth_bottom::bottom::limit_up_down_breadth_v1_20120705_20260814::000002,2014-01-14,microcap,微盘股,20,True,20,True,2014-02-18,700.89,0.1471985618285323,0.15080825807188014,-0.013782476565509572
limit_up_down_breadth_bottom,bottom,limit_up_down_breadth_v1_20120705_20260814,capped_confirmation,limit_up_down_breadth_bottom::bottom::limit_up_down_breadth_v1_20120705_20260814::000002,2014-01-14,sse_composite,上证指数,5,True,5,True,2014-01-21,2026.84,-0.009142310197154169,0.0038828915947979326,-0.020731779518856963
limit_up_down_breadth_bottom,bottom,limit_up_down_breadth_v1_20120705_20260814,capped_confirmation,limit_up_down_breadth_bottom::bottom::limit_up_down_breadth_v1_20120705_20260814::000002,2014-01-14,sse_composite,上证指数,10,True,10,True,2014-01-28,2026.84,0.005757731246669673,0.01684888792405914,-0.020731779518856963
limit_up_down_breadth_bottom,bottom,limit_up_down_breadth_v1_20120705_20260814,capped_confirmation,limit_up_down_breadth_bottom::bottom::limit_up_down_breadth_v1_20120705_20260814::000002,2014-01-14,sse_composite,上证指数,20,True,20,True,2014-02-18,2026.84,0.04550433186635372,0.054079256379388596,-0.020731779518856963
limit_up_down_breadth_bottom,bottom,limit_up_down_breadth_v1_20120705_20260814,capped_confirmation,limit_up_down_breadth_bottom::bottom::limit_up_down_breadth_v1_20120705_20260814::000003,2014-05-08,all_a,全A,5,True,5,True,2014-05-15,2768.010009765625,-0.0016293328960926834,0.019230414731504997,-0.012138719707554424
limit_up_down_breadth_bottom,bottom,limit_up_down_breadth_v1_20120705_20260814,capped_confirmation,limit_up_down_breadth_bottom::bottom::limit_up_down_breadth_v1_20120705_20260814::000003,2014-05-08,all_a,全A,10,True,10,True,2014-05-22,2768.010009765625,-0.0016871044029914684,0.019230414731504997,-0.019013705430054206
limit_up_down_breadth_bottom,bottom,limit_up_down_breadth_v1_20120705_20260814,capped_confirmation,limit_up_down_breadth_bottom::bottom::limit_up_down_breadth_v1_20120705_20260814::000003,2014-05-08,all_a,全A,20,True,20,True,2014-06-06,2768.010009765625,0.011650969427935864,0.026650922240522013,-0.019013705430054206
limit_up_down_breadth_bottom,bottom,limit_up_down_breadth_v1_20120705_20260814,capped_confirmation,limit_up_down_breadth_bottom::bottom::limit_up_down_breadth_v1_20120705_20260814::000003,2014-05-08,cni2000,国证2000,5,True,5,True,2014-05-15,3960.07,-0.00852510182900812,0.012999770206082228,-0.017729484579818044
limit_up_down_breadth_bottom,bottom,limit_up_down_breadth_v1_20120705_20260814,capped_confirmation,limit_up_down_breadth_bottom::bottom::limit_up_down_breadth_v1_20120705_20260814::000003,2014-05-08,cni2000,国证2000,10,True,10,True,2014-05-22,3960.07,0.0014393684960114506,0.012999770206082228,-0.0226006105952673
limit_up_down_breadth_bottom,bottom,limit_up_down_breadth_v1_20120705_20260814,capped_confirmation,limit_up_down_breadth_bottom::bottom::limit_up_down_breadth_v1_20120705_20260814::000003,2014-05-08,cni2000,国证2000,20,True,20,True,2014-06-06,3960.07,0.028151017532518363,0.03470898241697751,-0.0226006105952673
limit_up_down_breadth_bottom,bottom,limit_up_down_breadth_v1_20120705_20260814,capped_confirmation,limit_up_down_breadth_bottom::bottom::limit_up_down_breadth_v1_20120705_20260814::000003,2014-05-08,csi1000,中证1000,5,True,5,True,2014-05-15,4532.26,-0.008938145649190488,0.014070243101675484,-0.018198426392131206
limit_up_down_breadth_bottom,bottom,limit_up_down_breadth_v1_20120705_20260814,capped_confirmation,limit_up_down_breadth_bottom::bottom::limit_up_down_breadth_v1_20120705_20260814::000003,2014-05-08,csi1000,中证1000,10,True,10,True,2014-05-22,4532.26,-0.001028184614298322,0.014070243101675484,-0.025382480263709484
limit_up_down_breadth_bottom,bottom,limit_up_down_breadth_v1_20120705_20260814,capped_confirmation,limit_up_down_breadth_bottom::bottom::limit_up_down_breadth_v1_20120705_20260814::000003,2014-05-08,csi1000,中证1000,20,True,20,True,2014-06-06,4532.26,0.028694293796031056,0.03630859659419361,-0.025382480263709484
limit_up_down_breadth_bottom,bottom,limit_up_down_breadth_v1_20120705_20260814,capped_confirmation,limit_up_down_breadth_bottom::bottom::limit_up_down_breadth_v1_20120705_20260814::000003,2014-05-08,csi300,沪深300,5,True,5,True,2014-05-15,2135.5,0.004017794427534582,0.023202996956216415,-0.006977288691173089
limit_up_down_breadth_bottom,bottom,limit_up_down_breadth_v1_20120705_20260814,capped_confirmation,limit_up_down_breadth_bottom::bottom::limit_up_down_breadth_v1_20120705_20260814::000003,2014-05-08,csi300,沪深300,10,True,10,True,2014-05-22,2135.5,-0.002168110512760557,0.023202996956216415,-0.01825801919925063
limit_up_down_breadth_bottom,bottom,limit_up_down_breadth_v1_20120705_20260814,capped_confirmation,limit_up_down_breadth_bottom::bottom::limit_up_down_breadth_v1_20120705_20260814::000003,2014-05-08,csi300,沪深300,20,True,20,True,2014-06-06,2135.5,-0.00036525403886689123,0.023202996956216415,-0.01825801919925063
limit_up_down_breadth_bottom,bottom,limit_up_down_breadth_v1_20120705_20260814,capped_confirmation,limit_up_down_breadth_bottom::bottom::limit_up_down_breadth_v1_20120705_20260814::000003,2014-05-08,csi500,中证500,5,True,5,True,2014-05-15,3754.01,-0.005772493946473278,0.01751194056488914,-0.017570544564345814
limit_up_down_breadth_bottom,bottom,limit_up_down_breadth_v1_20120705_20260814,capped_confirmation,limit_up_down_breadth_bottom::bottom::limit_up_down_breadth_v1_20120705_20260814::000003,2014-05-08,csi500,中证500,10,True,10,True,2014-05-22,3754.01,-0.0020964248896514492,0.01751194056488914,-0.019810815634481616
limit_up_down_breadth_bottom,bottom,limit_up_down_breadth_v1_20120705_20260814,capped_confirmation,limit_up_down_breadth_bottom::bottom::limit_up_down_breadth_v1_20120705_20260814::000003,2014-05-08,csi500,中证500,20,True,20,True,2014-06-06,3754.01,0.017133678386578532,0.031989792248821924,-0.019810815634481616
limit_up_down_breadth_bottom,bottom,limit_up_down_breadth_v1_20120705_20260814,capped_confirmation,limit_up_down_breadth_bottom::bottom::limit_up_down_breadth_v1_20120705_20260814::000003,2014-05-08,microcap,微盘股,5,True,5,True,2014-05-15,715.86,-0.007054451987818955,0.015435979102059072,-0.018970189701897122
limit_up_down_breadth_bottom,bottom,limit_up_down_breadth_v1_20120705_20260814,capped_confirmation,limit_up_down_breadth_bottom::bottom::limit_up_down_breadth_v1_20120705_20260814::000003,2014-05-08,microcap,微盘股,10,True,10,True,2014-05-22,715.86,-0.0025423965579862706,0.015435979102059072,-0.022895538233732804
limit_up_down_breadth_bottom,bottom,limit_up_down_breadth_v1_20120705_20260814,capped_confirmation,limit_up_down_breadth_bottom::bottom::limit_up_down_breadth_v1_20120705_20260814::000003,2014-05-08,microcap,微盘股,20,True,20,True,2014-06-06,715.86,0.022574246361020345,0.03604056659123289,-0.022895538233732804
limit_up_down_breadth_bottom,bottom,limit_up_down_breadth_v1_20120705_20260814,capped_confirmation,limit_up_down_breadth_bottom::bottom::limit_up_down_breadth_v1_20120705_20260814::000003,2014-05-08,sse_composite,上证指数,5,True,5,True,2014-05-15,2015.27,0.0048132508299136845,0.022721521185746774,-0.006932073617927137
limit_up_down_breadth_bottom,bottom,limit_up_down_breadth_v1_20120705_20260814,capped_confirmation,limit_up_down_breadth_bottom::bottom::limit_up_down_breadth_v1_20120705_20260814::000003,2014-05-08,sse_composite,上证指数,10,True,10,True,2014-05-22,2015.27,0.0029871927831011114,0.022721521185746774,-0.012013278617753476
limit_up_down_breadth_bottom,bottom,limit_up_down_breadth_v1_20120705_20260814,capped_confirmation,limit_up_down_breadth_bottom::bottom::limit_up_down_breadth_v1_20120705_20260814::000003,2014-05-08,sse_composite,上证指数,20,True,20,True,2014-06-06,2015.27,0.0072893458444773795,0.022721521185746774,-0.012013278617753476
limit_up_down_breadth_bottom,bottom,limit_up_down_breadth_v1_20120705_20260814,capped_confirmation,limit_up_down_breadth_bottom::bottom::limit_up_down_breadth_v1_20120705_20260814::000004,2017-03-06,all_a,全A,5,True,5,True,2017-03-13,4929.7998046875,0.0006978842597682444,0.0021279229969999314,-0.012822013761572437
limit_up_down_breadth_bottom,bottom,limit_up_down_breadth_v1_20120705_20260814,capped_confirmation,limit_up_down_breadth_bottom::bottom::limit_up_down_breadth_v1_20120705_20260814::000004,2017-03-06,all_a,全A,10,True,10,True,2017-03-20,4929.7998046875,0.0010447464053413569,0.009322885869279984,-0.012822013761572437
limit_up_down_breadth_bottom,bottom,limit_up_down_breadth_v1_20120705_20260814,capped_confirmation,limit_up_down_breadth_bottom::bottom::limit_up_down_breadth_v1_20120705_20260814::000004,2017-03-06,all_a,全A,20,True,20,True,2017-04-05,4929.7998046875,0.004014369720182653,0.009322885869279984,-0.019631585255090234
limit_up_down_breadth_bottom,bottom,limit_up_down_breadth_v1_20120705_20260814,capped_confirmation,limit_up_down_breadth_bottom::bottom::limit_up_down_breadth_v1_20120705_20260814::000004,2017-03-06,cni2000,国证2000,5,True,5,True,2017-03-13,9196.47,-0.0014864399057464839,0.002329154556041546,-0.015164514210343705
limit_up_down_breadth_bottom,bottom,limit_up_down_breadth_v1_20120705_20260814,capped_confirmation,limit_up_down_breadth_bottom::bottom::limit_up_down_breadth_v1_20120705_20260814::000004,2017-03-06,cni2000,国证2000,10,True,10,True,2017-03-20,9196.47,0.004891007092939104,0.010525777825622251,-0.015164514210343705
limit_up_down_breadth_bottom,bottom,limit_up_down_breadth_v1_20120705_20260814,capped_confirmation,limit_up_down_breadth_bottom::bottom::limit_up_down_breadth_v1_20120705_20260814::000004,2017-03-06,cni2000,国证2000,20,True,20,True,2017-04-05,9196.47,-0.008957784889201958,0.010525777825622251,-0.03486120217866184
limit_up_down_breadth_bottom,bottom,limit_up_down_breadth_v1_20120705_20260814,capped_confirmation,limit_up_down_breadth_bottom::bottom::limit_up_down_breadth_v1_20120705_20260814::000004,2017-03-06,csi1000,中证1000,5,True,5,True,2017-03-13,8608.15,-0.0011187072715971302,0.002017855172133487,-0.015154243362394793
limit_up_down_breadth_bottom,bottom,limit_up_down_breadth_v1_20120705_20260814,capped_confirmation,limit_up_down_breadth_bottom::bottom::limit_up_down_breadth_v1_20120705_20260814::000004,2017-03-06,csi1000,中证1000,10,True,10,True,2017-03-20,8608.15,0.0031005500601175573,0.011233540307731715,-0.015154243362394793
limit_up_down_breadth_bottom,bottom,limit_up_down_breadth_v1_20120705_20260814,capped_confirmation,limit_up_down_breadth_bottom::bottom::limit_up_down_breadth_v1_20120705_20260814::000004,2017-03-06,csi1000,中证1000,20,True,20,True,2017-04-05,8608.15,-0.010006795885294628,0.011233540307731715,-0.036762835220111034
limit_up_down_breadth_bottom,bottom,limit_up_down_breadth_v1_20120705_20260814,capped_confirmation,limit_up_down_breadth_bottom::bottom::limit_up_down_breadth_v1_20120705_20260814::000004,2017-03-06,csi300,沪深300,5,True,5,True,2017-03-13,3446.48,0.0033715559063158818,0.0033715559063158818,-0.009804206030500695
limit_up_down_breadth_bottom,bottom,limit_up_down_breadth_v1_20120705_20260814,capped_confirmation,limit_up_down_breadth_bottom::bottom::limit_up_down_breadth_v1_20120705_20260814::000004,2017-03-06,csi300,沪深300,10,True,10,True,2017-03-20,3446.48,0.0009081729764861546,0.01324539820338444,-0.009804206030500695
limit_up_down_breadth_bottom,bottom,limit_up_down_breadth_v1_20120705_20260814,capped_confirmation,limit_up_down_breadth_bottom::bottom::limit_up_down_breadth_v1_20120705_20260814::000004,2017-03-06,csi300,沪深300,20,True,20,True,2017-04-05,3446.48,0.016657575265198066,0.01726399108655796,-0.009804206030500695
limit_up_down_breadth_bottom,bottom,limit_up_down_breadth_v1_20120705_20260814,capped_confirmation,limit_up_down_breadth_bottom::bottom::limit_up_down_breadth_v1_20120705_20260814::000004,2017-03-06,csi500,中证500,5,True,5,True,2017-03-13,6517.32,-0.0014453793890740751,0.0012075515702774098,-0.01605107620923929
limit_up_down_breadth_bottom,bottom,limit_up_down_breadth_v1_20120705_20260814,capped_confirmation,limit_up_down_breadth_bottom::bottom::limit_up_down_breadth_v1_20120705_20260814::000004,2017-03-06,csi500,中证500,10,True,10,True,2017-03-20,6517.32,-0.002912240000490951,0.005870511191716776,-0.01605107620923929
limit_up_down_breadth_bottom,bottom,limit_up_down_breadth_v1_20120705_20260814,capped_confirmation,limit_up_down_breadth_bottom::bottom::limit_up_down_breadth_v1_20120705_20260814::000004,2017-03-06,csi500,中证500,20,True,20,True,2017-04-05,6517.32,0.003475354900480676,0.005902733025231255,-0.023302523123001517
limit_up_down_breadth_bottom,bottom,limit_up_down_breadth_v1_20120705_20260814,capped_confirmation,limit_up_down_breadth_bottom::bottom::limit_up_down_breadth_v1_20120705_20260814::000004,2017-03-06,microcap,微盘股,5,True,5,True,2017-03-13,1063.87,0.00019739253856210226,0.0031394813276059974,-0.013742280541795382
limit_up_down_breadth_bottom,bottom,limit_up_down_breadth_v1_20120705_20260814,capped_confirmation,limit_up_down_breadth_bottom::bottom::limit_up_down_breadth_v1_20120705_20260814::000004,2017-03-06,microcap,微盘股,10,True,10,True,2017-03-20,1063.87,0.001983325030314065,0.00943724327220452,-0.013742280541795382
limit_up_down_breadth_bottom,bottom,limit_up_down_breadth_v1_20120705_20260814,capped_confirmation,limit_up_down_breadth_bottom::bottom::limit_up_down_breadth_v1_20120705_20260814::000004,2017-03-06,microcap,微盘股,20,True,20,True,2017-04-05,1063.87,-0.0005263801028320136,0.00943724327220452,-0.025896021130401237
limit_up_down_breadth_bottom,bottom,limit_up_down_breadth_v1_20120705_20260814,capped_confirmation,limit_up_down_breadth_bottom::bottom::limit_up_down_breadth_v1_20120705_20260814::000004,2017-03-06,sse_composite,上证指数,5,True,5,True,2017-03-13,3233.87,0.0009740651293961289,0.0035344648980943916,-0.012588632196099403
limit_up_down_breadth_bottom,bottom,limit_up_down_breadth_v1_20120705_20260814,capped_confirmation,limit_up_down_breadth_bottom::bottom::limit_up_down_breadth_v1_20120705_20260814::000004,2017-03-06,sse_composite,上证指数,10,True,10,True,2017-03-20,3233.87,0.005238305806974264,0.012468033656269473,-0.012588632196099403
limit_up_down_breadth_bottom,bottom,limit_up_down_breadth_v1_20120705_20260814,capped_confirmation,limit_up_down_breadth_bottom::bottom::limit_up_down_breadth_v1_20120705_20260814::000004,2017-03-06,sse_composite,上证指数,20,True,20,True,2017-04-05,3233.87,0.011268232798473665,0.015266538234375515,-0.012588632196099403
limit_up_down_breadth_bottom,bottom,limit_up_down_breadth_v1_20120705_20260814,capped_confirmation,limit_up_down_breadth_bottom::bottom::limit_up_down_breadth_v1_20120705_20260814::000005,2017-04-26,all_a,全A,5,True,5,True,2017-05-04,4696.7099609375,-0.0025464550796133745,0.004980110952834238,-0.01690543018498447
limit_up_down_breadth_bottom,bottom,limit_up_down_breadth_v1_20120705_20260814,capped_confirmation,limit_up_down_breadth_bottom::bottom::limit_up_down_breadth_v1_20120705_20260814::000005,2017-04-26,all_a,全A,10,True,10,True,2017-05-11,4696.7099609375,-0.03631905728557083,0.004980110952834238,-0.054533893926329347
limit_up_down_breadth_bottom,bottom,limit_up_down_breadth_v1_20120705_20260814,capped_confirmation,limit_up_down_breadth_bottom::bottom::limit_up_down_breadth_v1_20120705_20260814::000005,2017-04-26,all_a,全A,20,True,20,True,2017-05-25,4696.7099609375,-0.025967105048393502,0.004980110952834238,-0.05530675042432254
limit_up_down_breadth_bottom,bottom,limit_up_down_breadth_v1_20120705_20260814,capped_confirmation,limit_up_down_breadth_bottom::bottom::limit_up_down_breadth_v1_20120705_20260814::000005,2017-04-26,cni2000,国证2000,5,True,5,True,2017-05-04,8273.06,0.012586636625384173,0.021681215898349704,-0.02045434216601827
limit_up_down_breadth_bottom,bottom,limit_up_down_breadth_v1_20120705_20260814,capped_confirmation,limit_up_down_breadth_bottom::bottom::limit_up_down_breadth_v1_20120705_20260814::000005,2017-04-26,cni2000,国证2000,10,True,10,True,2017-05-11,8273.06,-0.04212709686621385,0.021681215898349704,-0.06656424587758336
limit_up_down_breadth_bottom,bottom,limit_up_down_breadth_v1_20120705_20260814,capped_confirmation,limit_up_down_breadth_bottom::bottom::limit_up_down_breadth_v1_20120705_20260814::000005,2017-04-26,cni2000,国证2000,20,True,20,True,2017-05-25,8273.06,-0.06070426178463584,0.021681215898349704,-0.09075602014248663
limit_up_down_breadth_bottom,bottom,limit_up_down_breadth_v1_20120705_20260814,capped_confirmation,limit_up_down_breadth_bottom::bottom::limit_up_down_breadth_v1_20120705_20260814::000005,2017-04-26,csi1000,中证1000,5,True,5,True,2017-05-04,7751.94,0.0067905582344549575,0.01617401579475586,-0.020500674669824526
limit_up_down_breadth_bottom,bottom,limit_up_down_breadth_v1_20120705_20260814,capped_confirmation,limit_up_down_breadth_bottom::bottom::limit_up_down_breadth_v1_20120705_20260814::000005,2017-04-26,csi1000,中证1000,10,True,10,True,2017-05-11,7751.94,-0.04705789776494662,0.01617401579475586,-0.07127635146814859
limit_up_down_breadth_bottom,bottom,limit_up_down_breadth_v1_20120705_20260814,capped_confirmation,limit_up_down_breadth_bottom::bottom::limit_up_down_breadth_v1_20120705_20260814::000005,2017-04-26,csi1000,中证1000,20,True,20,True,2017-05-25,7751.94,-0.0669909725823471,0.01617401579475586,-0.09743367466724451
limit_up_down_breadth_bottom,bottom,limit_up_down_breadth_v1_20120705_20260814,capped_confirmation,limit_up_down_breadth_bottom::bottom::limit_up_down_breadth_v1_20120705_20260814::000005,2017-04-26,csi300,沪深300,5,True,5,True,2017-05-04,3445.18,-0.011839729709333002,0.0011871658374889016,-0.01564504612240858
limit_up_down_breadth_bottom,bottom,limit_up_down_breadth_v1_20120705_20260814,capped_confirmation,limit_up_down_breadth_bottom::bottom::limit_up_down_breadth_v1_20120705_20260814::000005,2017-04-26,csi300,沪深300,10,True,10,True,2017-05-11,3445.18,-0.02569677056060926,0.0011871658374889016,-0.03839857423995263
limit_up_down_breadth_bottom,bottom,limit_up_down_breadth_v1_20120705_20260814,capped_confirmation,limit_up_down_breadth_bottom::bottom::limit_up_down_breadth_v1_20120705_20260814::000005,2017-04-26,csi300,沪深300,20,True,20,True,2017-05-25,3445.18,0.01174974892458458,0.013131389361368706,-0.03839857423995263
limit_up_down_breadth_bottom,bottom,limit_up_down_breadth_v1_20120705_20260814,capped_confirmation,limit_up_down_breadth_bottom::bottom::limit_up_down_breadth_v1_20120705_20260814::000005,2017-04-26,csi500,中证500,5,True,5,True,2017-05-04,6176.4,-1.4571595103873847e-05,0.009793730975973247,-0.019998704747101748
limit_up_down_breadth_bottom,bottom,limit_up_down_breadth_v1_20120705_20260814,capped_confirmation,limit_up_down_breadth_bottom::bottom::limit_up_down_breadth_v1_20120705_20260814::000005,2017-04-26,csi500,中证500,10,True,10,True,2017-05-11,6176.4,-0.04918075254193366,0.009793730975973247,-0.07203548992940878
limit_up_down_breadth_bottom,bottom,limit_up_down_breadth_v1_20120705_20260814,capped_confirmation,limit_up_down_breadth_bottom::bottom::limit_up_down_breadth_v1_20120705_20260814::000005,2017-04-26,csi500,中证500,20,True,20,True,2017-05-25,6176.4,-0.05271679295382414,0.009793730975973247,-0.08219674891522555
limit_up_down_breadth_bottom,bottom,limit_up_down_breadth_v1_20120705_20260814,capped_confirmation,limit_up_down_breadth_bottom::bottom::limit_up_down_breadth_v1_20120705_20260814::000005,2017-04-26,microcap,微盘股,5,True,5,True,2017-05-04,997.05,-0.0011433729502030587,0.007431924176320326,-0.01989870116844683
limit_up_down_breadth_bottom,bottom,limit_up_down_breadth_v1_20120705_20260814,capped_confirmation,limit_up_down_breadth_bottom::bottom::limit_up_down_breadth_v1_20120705_20260814::000005,2017-04-26,microcap,微盘股,10,True,10,True,2017-05-11,997.05,-0.05512261170452826,0.007431924176320326,-0.07723785166240404
limit_up_down_breadth_bottom,bottom,limit_up_down_breadth_v1_20120705_20260814,capped_confirmation,limit_up_down_breadth_bottom::bottom::limit_up_down_breadth_v1_20120705_20260814::000005,2017-04-26,microcap,微盘股,20,True,20,True,2017-05-25,997.05,-0.06536282031994378,0.007431924176320326,-0.09239255804623636
limit_up_down_breadth_bottom,bottom,limit_up_down_breadth_v1_20120705_20260814,capped_confirmation,limit_up_down_breadth_bottom::bottom::limit_up_down_breadth_v1_20120705_20260814::000005,2017-04-26,sse_composite,上证指数,5,True,5,True,2017-05-04,3140.85,-0.004291831828963533,0.004505149879809656,-0.013856121750481565
limit_up_down_breadth_bottom,bottom,limit_up_down_breadth_v1_20120705_20260814,capped_confirmation,limit_up_down_breadth_bottom::bottom::limit_up_down_breadth_v1_20120705_20260814::000005,2017-04-26,sse_composite,上证指数,10,True,10,True,2017-05-11,3140.85,-0.025263861693490597,0.004505149879809656,-0.03958164191222113
limit_up_down_breadth_bottom,bottom,limit_up_down_breadth_v1_20120705_20260814,capped_confirmation,limit_up_down_breadth_bottom::bottom::limit_up_down_breadth_v1_20120705_20260814::000005,2017-04-26,sse_composite,上证指数,20,True,20,True,2017-05-25,3140.85,-0.010513077670057491,0.004505149879809656,-0.03958164191222113
limit_up_down_breadth_bottom,bottom,limit_up_down_breadth_v1_20120705_20260814,capped_confirmation,limit_up_down_breadth_bottom::bottom::limit_up_down_breadth_v1_20120705_20260814::000006,2017-06-30,all_a,全A,5,True,5,True,2017-07-07,4772.14013671875,0.007646411263781516,0.00773021063519419,-0.0061167401983128755
limit_up_down_breadth_bottom,bottom,limit_up_down_breadth_v1_20120705_20260814,capped_confirmation,limit_up_down_breadth_bottom::bottom::limit_up_down_breadth_v1_20120705_20260814::000006,2017-06-30,all_a,全A,10,True,10,True,2017-07-14,4772.14013671875,0.0019551140280249513,0.009396170788234848,-0.009023217541837991
limit_up_down_breadth_bottom,bottom,limit_up_down_breadth_v1_20120705_20260814,capped_confirmation,limit_up_down_breadth_bottom::bottom::limit_up_down_breadth_v1_20120705_20260814::000006,2017-06-30,all_a,全A,20,True,20,True,2017-07-28,4772.14013671875,0.0037907193065873646,0.009396170788234848,-0.036331785347142764
limit_up_down_breadth_bottom,bottom,limit_up_down_breadth_v1_20120705_20260814,capped_confirmation,limit_up_down_breadth_bottom::bottom::limit_up_down_breadth_v1_20120705_20260814::000006,2017-06-30,cni2000,国证2000,5,True,5,True,2017-07-07,8001.71,0.018546035784851034,0.018546035784851034,-0.00047614822331731865
limit_up_down_breadth_bottom,bottom,limit_up_down_breadth_v1_20120705_20260814,capped_confirmation,limit_up_down_breadth_bottom::bottom::limit_up_down_breadth_v1_20120705_20260814::000006,2017-06-30,cni2000,国证2000,10,True,10,True,2017-07-14,8001.71,-0.004718991315606269,0.018713499989377214,-0.014580633389613018
limit_up_down_breadth_bottom,bottom,limit_up_down_breadth_v1_20120705_20260814,capped_confirmation,limit_up_down_breadth_bottom::bottom::limit_up_down_breadth_v1_20120705_20260814::000006,2017-06-30,cni2000,国证2000,20,True,20,True,2017-07-28,8001.71,-0.010775196801683706,0.018713499989377214,-0.0643274999968757
limit_up_down_breadth_bottom,bottom,limit_up_down_breadth_v1_20120705_20260814,capped_confirmation,limit_up_down_breadth_bottom::bottom::limit_up_down_breadth_v1_20120705_20260814::000006,2017-06-30,csi1000,中证1000,5,True,5,True,2017-07-07,7465.76,0.02111238507533053,0.021128458455669685,-0.0007125865283642563
limit_up_down_breadth_bottom,bottom,limit_up_down_breadth_v1_20120705_20260814,capped_confirmation,limit_up_down_breadth_bottom::bottom::limit_up_down_breadth_v1_20120705_20260814::000006,2017-06-30,csi1000,中证1000,10,True,10,True,2017-07-14,7465.76,-0.004363922762049666,0.02157717365680112,-0.013193566361629605
limit_up_down_breadth_bottom,bottom,limit_up_down_breadth_v1_20120705_20260814,capped_confirmation,limit_up_down_breadth_bottom::bottom::limit_up_down_breadth_v1_20120705_20260814::000006,2017-06-30,csi1000,中证1000,20,True,20,True,2017-07-28,7465.76,-0.010655311716422755,0.02157717365680112,-0.06392383360836673
limit_up_down_breadth_bottom,bottom,limit_up_down_breadth_v1_20120705_20260814,capped_confirmation,limit_up_down_breadth_bottom::bottom::limit_up_down_breadth_v1_20120705_20260814::000006,2017-06-30,csi300,沪深300,5,True,5,True,2017-07-07,3666.8,-0.0029644376568125352,0.0002181738845858927,-0.015364895821970204
limit_up_down_breadth_bottom,bottom,limit_up_down_breadth_v1_20120705_20260814,capped_confirmation,limit_up_down_breadth_bottom::bottom::limit_up_down_breadth_v1_20120705_20260814::000006,2017-06-30,csi300,沪深300,10,True,10,True,2017-07-14,3666.8,0.0098969128395332,0.0098969128395332,-0.015364895821970204
limit_up_down_breadth_bottom,bottom,limit_up_down_breadth_v1_20120705_20260814,capped_confirmation,limit_up_down_breadth_bottom::bottom::limit_up_down_breadth_v1_20120705_20260814::000006,2017-06-30,csi300,沪深300,20,True,20,True,2017-07-28,3666.8,0.015023999127304455,0.024105487073197374,-0.015364895821970204
limit_up_down_breadth_bottom,bottom,limit_up_down_breadth_v1_20120705_20260814,capped_confirmation,limit_up_down_breadth_bottom::bottom::limit_up_down_breadth_v1_20120705_20260814::000006,2017-06-30,csi500,中证500,5,True,5,True,2017-07-07,6138.16,0.014312106559620563,0.01493444289493917,-0.00173504763642518
limit_up_down_breadth_bottom,bottom,limit_up_down_breadth_v1_20120705_20260814,capped_confirmation,limit_up_down_breadth_bottom::bottom::limit_up_down_breadth_v1_20120705_20260814::000006,2017-06-30,csi500,中证500,10,True,10,True,2017-07-14,6138.16,-0.0015346618530635014,0.015986875545766166,-0.01425671536747175
limit_up_down_breadth_bottom,bottom,limit_up_down_breadth_v1_20120705_20260814,capped_confirmation,limit_up_down_breadth_bottom::bottom::limit_up_down_breadth_v1_20120705_20260814::000006,2017-06-30,csi500,中证500,20,True,20,True,2017-07-28,6138.16,0.012593350450297747,0.015986875545766166,-0.04809258800682936
limit_up_down_breadth_bottom,bottom,limit_up_down_breadth_v1_20120705_20260814,capped_confirmation,limit_up_down_breadth_bottom::bottom::limit_up_down_breadth_v1_20120705_20260814::000006,2017-06-30,microcap,微盘股,5,True,5,True,2017-07-07,968.0,0.019307851239669382,0.019535123966942125,-0.0016735537190082361
limit_up_down_breadth_bottom,bottom,limit_up_down_breadth_v1_20120705_20260814,capped_confirmation,limit_up_down_breadth_bottom::bottom::limit_up_down_breadth_v1_20120705_20260814::000006,2017-06-30,microcap,微盘股,10,True,10,True,2017-07-14,968.0,-0.010774793388429682,0.022644628099173447,-0.021157024793388435
limit_up_down_breadth_bottom,bottom,limit_up_down_breadth_v1_20120705_20260814,capped_confirmation,limit_up_down_breadth_bottom::bottom::limit_up_down_breadth_v1_20120705_20260814::000006,2017-06-30,microcap,微盘股,20,True,20,True,2017-07-28,968.0,-0.042293388429752166,0.022644628099173447,-0.10091942148760336
limit_up_down_breadth_bottom,bottom,limit_up_down_breadth_v1_20120705_20260814,capped_confirmation,limit_up_down_breadth_bottom::bottom::limit_up_down_breadth_v1_20120705_20260814::000006,2017-06-30,sse_composite,上证指数,5,True,5,True,2017-07-07,3192.43,0.007997043004858373,0.008485698981653522,-0.00567592711508158
limit_up_down_breadth_bottom,bottom,limit_up_down_breadth_v1_20120705_20260814,capped_confirmation,limit_up_down_breadth_bottom::bottom::limit_up_down_breadth_v1_20120705_20260814::000006,2017-06-30,sse_composite,上证指数,10,True,10,True,2017-07-14,3192.43,0.009394097912875266,0.010800550051214941,-0.00567592711508158
limit_up_down_breadth_bottom,bottom,limit_up_down_breadth_v1_20120705_20260814,capped_confirmation,limit_up_down_breadth_bottom::bottom::limit_up_down_breadth_v1_20120705_20260814::000006,2017-06-30,sse_composite,上证指数,20,True,20,True,2017-07-28,3192.43,0.01904818586468604,0.022684913999680534,-0.016579846699849243
limit_up_down_breadth_bottom,bottom,limit_up_down_breadth_v1_20120705_20260814,capped_confirmation,limit_up_down_breadth_bottom::bottom::limit_up_down_breadth_v1_20120705_20260814::000007,2017-11-07,all_a,全A,5,True,5,True,2017-11-14,5081.41015625,0.00809024700174743,0.01615685544966672,-0.0017593426098961862
limit_up_down_breadth_bottom,bottom,limit_up_down_breadth_v1_20120705_20260814,capped_confirmation,limit_up_down_breadth_bottom::bottom::limit_up_down_breadth_v1_20120705_20260814::000007,2017-11-07,all_a,全A,10,True,10,True,2017-11-21,5081.41015625,0.0041090725153958285,0.01615685544966672,-0.027673443564586342
limit_up_down_breadth_bottom,bottom,limit_up_down_breadth_v1_20120705_20260814,capped_confirmation,limit_up_down_breadth_bottom::bottom::limit_up_down_breadth_v1_20120705_20260814::000007,2017-11-07,all_a,全A,20,True,20,True,2017-12-05,5081.41015625,-0.04081350065073286,0.01615685544966672,-0.043245869402947834
limit_up_down_breadth_bottom,bottom,limit_up_down_breadth_v1_20120705_20260814,capped_confirmation,limit_up_down_breadth_bottom::bottom::limit_up_down_breadth_v1_20120705_20260814::000007,2017-11-07,cni2000,国证2000,5,True,5,True,2017-11-14,8093.94,0.0032678769548577513,0.011005764806756746,-0.0016988018196330001
limit_up_down_breadth_bottom,bottom,limit_up_down_breadth_v1_20120705_20260814,capped_confirmation,limit_up_down_breadth_bottom::bottom::limit_up_down_breadth_v1_20120705_20260814::000007,2017-11-07,cni2000,国证2000,10,True,10,True,2017-11-21,8093.94,-0.038858701695342335,0.011005764806756746,-0.06437779375681063
limit_up_down_breadth_bottom,bottom,limit_up_down_breadth_v1_20120705_20260814,capped_confirmation,limit_up_down_breadth_bottom::bottom::limit_up_down_breadth_v1_20120705_20260814::000007,2017-11-07,cni2000,国证2000,20,True,20,True,2017-12-05,8093.94,-0.08088891195141057,0.011005764806756746,-0.08535274538728965
limit_up_down_breadth_bottom,bottom,limit_up_down_breadth_v1_20120705_20260814,capped_confirmation,limit_up_down_breadth_bottom::bottom::limit_up_down_breadth_v1_20120705_20260814::000007,2017-11-07,csi1000,中证1000,5,True,5,True,2017-11-14,7596.17,0.00412313047233015,0.011461038918296973,-0.0023011596633567555
limit_up_down_breadth_bottom,bottom,limit_up_down_breadth_v1_20120705_20260814,capped_confirmation,limit_up_down_breadth_bottom::bottom::limit_up_down_breadth_v1_20120705_20260814::000007,2017-11-07,csi1000,中证1000,10,True,10,True,2017-11-21,7596.17,-0.04039667358682064,0.011461038918296973,-0.06668360502727033
limit_up_down_breadth_bottom,bottom,limit_up_down_breadth_v1_20120705_20260814,capped_confirmation,limit_up_down_breadth_bottom::bottom::limit_up_down_breadth_v1_20120705_20260814::000007,2017-11-07,csi1000,中证1000,20,True,20,True,2017-12-05,7596.17,-0.08551809661974386,0.011461038918296973,-0.09041003558372185
limit_up_down_breadth_bottom,bottom,limit_up_down_breadth_v1_20120705_20260814,capped_confirmation,limit_up_down_breadth_bottom::bottom::limit_up_down_breadth_v1_20120705_20260814::000007,2017-11-07,csi300,沪深300,5,True,5,True,2017-11-14,4054.25,0.011124129000431804,0.020571005734722814,-0.0039094777085774135
limit_up_down_breadth_bottom,bottom,limit_up_down_breadth_v1_20120705_20260814,capped_confirmation,limit_up_down_breadth_bottom::bottom::limit_up_down_breadth_v1_20120705_20260814::000007,2017-11-07,csi300,沪深300,10,True,10,True,2017-11-21,4054.25,0.04031571807362644,0.04094715422087947,-0.0039094777085774135
limit_up_down_breadth_bottom,bottom,limit_up_down_breadth_v1_20120705_20260814,capped_confirmation,limit_up_down_breadth_bottom::bottom::limit_up_down_breadth_v1_20120705_20260814::000007,2017-11-07,csi300,沪深300,20,True,20,True,2017-12-05,4054.25,-0.0034728988098908786,0.05090707282481355,-0.01774187580933584
limit_up_down_breadth_bottom,bottom,limit_up_down_breadth_v1_20120705_20260814,capped_confirmation,limit_up_down_breadth_bottom::bottom::limit_up_down_breadth_v1_20120705_20260814::000007,2017-11-07,csi500,中证500,5,True,5,True,2017-11-14,6551.94,0.009549843252532941,0.01859144009255287,-0.0027137000644084086
limit_up_down_breadth_bottom,bottom,limit_up_down_breadth_v1_20120705_20260814,capped_confirmation,limit_up_down_breadth_bottom::bottom::limit_up_down_breadth_v1_20120705_20260814::000007,2017-11-07,csi500,中证500,10,True,10,True,2017-11-21,6551.94,-0.014589571943576907,0.01859144009255287,-0.047714112156094224
limit_up_down_breadth_bottom,bottom,limit_up_down_breadth_v1_20120705_20260814,capped_confirmation,limit_up_down_breadth_bottom::bottom::limit_up_down_breadth_v1_20120705_20260814::000007,2017-11-07,csi500,中证500,20,True,20,True,2017-12-05,6551.94,-0.06395510337396249,0.01859144009255287,-0.06906809280915271
limit_up_down_breadth_bottom,bottom,limit_up_down_breadth_v1_20120705_20260814,capped_confirmation,limit_up_down_breadth_bottom::bottom::limit_up_down_breadth_v1_20120705_20260814::000007,2017-11-07,microcap,微盘股,5,True,5,True,2017-11-14,988.12,-0.0011031048860462578,0.015200582925150696,-0.005151196210986586
limit_up_down_breadth_bottom,bottom,limit_up_down_breadth_v1_20120705_20260814,capped_confirmation,limit_up_down_breadth_bottom::bottom::limit_up_down_breadth_v1_20120705_20260814::000007,2017-11-07,microcap,微盘股,10,True,10,True,2017-11-21,988.12,-0.06864550864267505,0.015200582925150696,-0.09041411974254143
limit_up_down_breadth_bottom,bottom,limit_up_down_breadth_v1_20120705_20260814,capped_confirmation,limit_up_down_breadth_bottom::bottom::limit_up_down_breadth_v1_20120705_20260814::000007,2017-11-07,microcap,微盘股,20,True,20,True,2017-12-05,988.12,-0.12695826417843992,0.015200582925150696,-0.1317451321701817
limit_up_down_breadth_bottom,bottom,limit_up_down_breadth_v1_20120705_20260814,capped_confirmation,limit_up_down_breadth_bottom::bottom::limit_up_down_breadth_v1_20120705_20260814::000007,2017-11-07,sse_composite,上证指数,5,True,5,True,2017-11-14,3413.57,0.004681316041563521,0.010815656336328194,-0.0025457219274835907
limit_up_down_breadth_bottom,bottom,limit_up_down_breadth_v1_20120705_20260814,capped_confirmation,limit_up_down_breadth_bottom::bottom::limit_up_down_breadth_v1_20120705_20260814::000007,2017-11-07,sse_composite,上证指数,10,True,10,True,2017-11-21,3413.57,-0.0008993517051064659,0.010815656336328194,-0.022395908096216055
limit_up_down_breadth_bottom,bottom,limit_up_down_breadth_v1_20120705_20260814,capped_confirmation,limit_up_down_breadth_bottom::bottom::limit_up_down_breadth_v1_20120705_20260814::000007,2017-11-07,sse_composite,上证指数,20,True,20,True,2017-12-05,3413.57,-0.03219210386779836,0.010815656336328194,-0.033120750416719136
limit_up_down_breadth_bottom,bottom,limit_up_down_breadth_v1_20120705_20260814,capped_confirmation,limit_up_down_breadth_bottom::bottom::limit_up_down_breadth_v1_20120705_20260814::000008,2018-06-11,all_a,全A,5,True,5,True,2018-06-19,4468.83984375,-0.06877178168620734,0.010852928656154726,-0.07873180871363605
limit_up_down_breadth_bottom,bottom,limit_up_down_breadth_v1_20120705_20260814,capped_confirmation,limit_up_down_breadth_bottom::bottom::limit_up_down_breadth_v1_20120705_20260814::000008,2018-06-11,all_a,全A,10,True,10,True,2018-06-26,4468.83984375,-0.07859304402096812,0.010852928656154726,-0.0937401935975063
limit_up_down_breadth_bottom,bottom,limit_up_down_breadth_v1_20120705_20260814,capped_confirmation,limit_up_down_breadth_bottom::bottom::limit_up_down_breadth_v1_20120705_20260814::000008,2018-06-11,all_a,全A,20,True,20,True,2018-07-10,4468.83984375,-0.08852182167666212,0.010852928656154726,-0.13332986967919347
limit_up_down_breadth_bottom,bottom,limit_up_down_breadth_v1_20120705_20260814,capped_confirmation,limit_up_down_breadth_bottom::bottom::limit_up_down_breadth_v1_20120705_20260814::000008,2018-06-11,cni2000,国证2000,5,True,5,True,2018-06-19,6659.87,-0.10269569826438052,0.006890524890125427,-0.1120202045985883
limit_up_down_breadth_bottom,bottom,limit_up_down_breadth_v1_20120705_20260814,capped_confirmation,limit_up_down_breadth_bottom::bottom::limit_up_down_breadth_v1_20120705_20260814::000008,2018-06-11,cni2000,国证2000,10,True,10,True,2018-06-26,6659.87,-0.09788929813945324,0.006890524890125427,-0.12607603451719018
limit_up_down_breadth_bottom,bottom,limit_up_down_breadth_v1_20120705_20260814,capped_confirmation,limit_up_down_breadth_bottom::bottom::limit_up_down_breadth_v1_20120705_20260814::000008,2018-06-11,cni2000,国证2000,20,True,20,True,2018-07-10,6659.87,-0.10121068429263635,0.006890524890125427,-0.14605089889141987
limit_up_down_breadth_bottom,bottom,limit_up_down_breadth_v1_20120705_20260814,capped_confirmation,limit_up_down_breadth_bottom::bottom::limit_up_down_breadth_v1_20120705_20260814::000008,2018-06-11,csi1000,中证1000,5,True,5,True,2018-06-19,6151.94,-0.1023108157751863,0.007701635581621513,-0.11192729447946492
limit_up_down_breadth_bottom,bottom,limit_up_down_breadth_v1_20120705_20260814,capped_confirmation,limit_up_down_breadth_bottom::bottom::limit_up_down_breadth_v1_20120705_20260814::000008,2018-06-11,csi1000,中证1000,10,True,10,True,2018-06-26,6151.94,-0.09642974411323901,0.007701635581621513,-0.12482078823915699
limit_up_down_breadth_bottom,bottom,limit_up_down_breadth_v1_20120705_20260814,capped_confirmation,limit_up_down_breadth_bottom::bottom::limit_up_down_breadth_v1_20120705_20260814::000008,2018-06-11,csi1000,中证1000,20,True,20,True,2018-07-10,6151.94,-0.10194182648075234,0.007701635581621513,-0.1463668371278003
limit_up_down_breadth_bottom,bottom,limit_up_down_breadth_v1_20120705_20260814,capped_confirmation,limit_up_down_breadth_bottom::bottom::limit_up_down_breadth_v1_20120705_20260814::000008,2018-06-11,csi300,沪深300,5,True,5,True,2018-06-19,3779.98,-0.04202667738982746,0.013357213530230228,-0.05210609579944869
limit_up_down_breadth_bottom,bottom,limit_up_down_breadth_v1_20120705_20260814,capped_confirmation,limit_up_down_breadth_bottom::bottom::limit_up_down_breadth_v1_20120705_20260814::000008,2018-06-11,csi300,沪深300,10,True,10,True,2018-06-26,3779.98,-0.06583897269297723,0.013357213530230228,-0.0798337557341573
limit_up_down_breadth_bottom,bottom,limit_up_down_breadth_v1_20120705_20260814,capped_confirmation,limit_up_down_breadth_bottom::bottom::limit_up_down_breadth_v1_20120705_20260814::000008,2018-06-11,csi300,沪深300,20,True,20,True,2018-07-10,3779.98,-0.08266181302546571,0.013357213530230228,-0.12810914343462132
limit_up_down_breadth_bottom,bottom,limit_up_down_breadth_v1_20120705_20260814,capped_confirmation,limit_up_down_breadth_bottom::bottom::limit_up_down_breadth_v1_20120705_20260814::000008,2018-06-11,csi500,中证500,5,True,5,True,2018-06-19,5632.36,-0.0871126845585154,0.01087466000042614,-0.09980541016554334
limit_up_down_breadth_bottom,bottom,limit_up_down_breadth_v1_20120705_20260814,capped_confirmation,limit_up_down_breadth_bottom::bottom::limit_up_down_breadth_v1_20120705_20260814::000008,2018-06-11,csi500,中证500,10,True,10,True,2018-06-26,5632.36,-0.08381566519185568,0.01087466000042614,-0.10916383185733858
limit_up_down_breadth_bottom,bottom,limit_up_down_breadth_v1_20120705_20260814,capped_confirmation,limit_up_down_breadth_bottom::bottom::limit_up_down_breadth_v1_20120705_20260814::000008,2018-06-11,csi500,中证500,20,True,20,True,2018-07-10,5632.36,-0.08803237008998,0.01087466000042614,-0.13051367455205265
limit_up_down_breadth_bottom,bottom,limit_up_down_breadth_v1_20120705_20260814,capped_confirmation,limit_up_down_breadth_bottom::bottom::limit_up_down_breadth_v1_20120705_20260814::000008,2018-06-11,microcap,微盘股,5,True,5,True,2018-06-19,830.78,-0.12836129902019788,0.007498976865114804,-0.13464455090396976
limit_up_down_breadth_bottom,bottom,limit_up_down_breadth_v1_20120705_20260814,capped_confirmation,limit_up_down_breadth_bottom::bottom::limit_up_down_breadth_v1_20120705_20260814::000008,2018-06-11,microcap,微盘股,10,True,10,True,2018-06-26,830.78,-0.11549387322756921,0.007498976865114804,-0.16278677868990588
limit_up_down_breadth_bottom,bottom,limit_up_down_breadth_v1_20120705_20260814,capped_confirmation,limit_up_down_breadth_bottom::bottom::limit_up_down_breadth_v1_20120705_20260814::000008,2018-06-11,microcap,微盘股,20,True,20,True,2018-07-10,830.78,-0.09878668239485777,0.007498976865114804,-0.16278677868990588
limit_up_down_breadth_bottom,bottom,limit_up_down_breadth_v1_20120705_20260814,capped_confirmation,limit_up_down_breadth_bottom::bottom::limit_up_down_breadth_v1_20120705_20260814::000008,2018-06-11,sse_composite,上证指数,5,True,5,True,2018-06-19,3052.78,-0.04748458781831644,0.009391439933437606,-0.059431075937342426
limit_up_down_breadth_bottom,bottom,limit_up_down_breadth_v1_20120705_20260814,capped_confirmation,limit_up_down_breadth_bottom::bottom::limit_up_down_breadth_v1_20120705_20260814::000008,2018-06-11,sse_composite,上证指数,10,True,10,True,2018-06-26,3052.78,-0.06822306225800745,0.009391439933437606,-0.08156172406789886
limit_up_down_breadth_bottom,bottom,limit_up_down_breadth_v1_20120705_20260814,capped_confirmation,limit_up_down_breadth_bottom::bottom::limit_up_down_breadth_v1_20120705_20260814::000008,2018-06-11,sse_composite,上证指数,20,True,20,True,2018-07-10,3052.78,-0.07375244858784458,0.009391439933437606,-0.11850182456646075
limit_up_down_breadth_bottom,bottom,limit_up_down_breadth_v1_20120705_20260814,capped_confirmation,limit_up_down_breadth_bottom::bottom::limit_up_down_breadth_v1_20120705_20260814::000009,2019-06-17,all_a,全A,5,True,5,True,2019-06-24,4086.0400390625,0.04897164387604991,0.051622150973744674,-0.005381736356998679
limit_up_down_breadth_bottom,bottom,limit_up_down_breadth_v1_20120705_20260814,capped_confirmation,limit_up_down_breadth_bottom::bottom::limit_up_down_breadth_v1_20120705_20260814::000009,2019-06-17,all_a,全A,10,True,10,True,2019-07-01,4086.0400390625,0.06893469451650946,0.06893469451650946,-0.005381736356998679
limit_up_down_breadth_bottom,bottom,limit_up_down_breadth_v1_20120705_20260814,capped_confirmation,limit_up_down_breadth_bottom::bottom::limit_up_down_breadth_v1_20120705_20260814::000009,2019-06-17,all_a,全A,20,True,20,True,2019-07-15,4086.0400390625,0.034862652825395246,0.07028564053722364,-0.005381736356998679
limit_up_down_breadth_bottom,bottom,limit_up_down_breadth_v1_20120705_20260814,capped_confirmation,limit_up_down_breadth_bottom::bottom::limit_up_down_breadth_v1_20120705_20260814::000009,2019-06-17,cni2000,国证2000,5,True,5,True,2019-06-24,5839.93,0.04526595353026486,0.04911017769048587,-0.006411035748716265
limit_up_down_breadth_bottom,bottom,limit_up_down_breadth_v1_20120705_20260814,capped_confirmation,limit_up_down_breadth_bottom::bottom::limit_up_down_breadth_v1_20120705_20260814::000009,2019-06-17,cni2000,国证2000,10,True,10,True,2019-07-01,5839.93,0.054599969520182645,0.054599969520182645,-0.006411035748716265
limit_up_down_breadth_bottom,bottom,limit_up_down_breadth_v1_20120705_20260814,capped_confirmation,limit_up_down_breadth_bottom::bottom::limit_up_down_breadth_v1_20120705_20260814::000009,2019-06-17,cni2000,国证2000,20,True,20,True,2019-07-15,5839.93,0.016109782137799566,0.0576308277667712,-0.008698734402638464
limit_up_down_breadth_bottom,bottom,limit_up_down_breadth_v1_20120705_20260814,capped_confirmation,limit_up_down_breadth_bottom::bottom::limit_up_down_breadth_v1_20120705_20260814::000009,2019-06-17,csi1000,中证1000,5,True,5,True,2019-06-24,5160.67,0.04711209978549302,0.0517374681969589,-0.006892515894253992
limit_up_down_breadth_bottom,bottom,limit_up_down_breadth_v1_20120705_20260814,capped_confirmation,limit_up_down_breadth_bottom::bottom::limit_up_down_breadth_v1_20120705_20260814::000009,2019-06-17,csi1000,中证1000,10,True,10,True,2019-07-01,5160.67,0.06215084475465393,0.06215084475465393,-0.006892515894253992
limit_up_down_breadth_bottom,bottom,limit_up_down_breadth_v1_20120705_20260814,capped_confirmation,limit_up_down_breadth_bottom::bottom::limit_up_down_breadth_v1_20120705_20260814::000009,2019-06-17,csi1000,中证1000,20,True,20,True,2019-07-15,5160.67,0.021925447664741027,0.06597011628335081,-0.006892515894253992
limit_up_down_breadth_bottom,bottom,limit_up_down_breadth_v1_20120705_20260814,capped_confirmation,limit_up_down_breadth_bottom::bottom::limit_up_down_breadth_v1_20120705_20260814::000009,2019-06-17,csi300,沪深300,5,True,5,True,2019-06-24,3654.82,0.051014824259471014,0.05506974351678062,-0.004388725026129858
limit_up_down_breadth_bottom,bottom,limit_up_down_breadth_v1_20120705_20260814,capped_confirmation,limit_up_down_breadth_bottom::bottom::limit_up_down_breadth_v1_20120705_20260814::000009,2019-06-17,csi300,沪深300,10,True,10,True,2019-07-01,3654.82,0.0768820352301891,0.0771173409360788,-0.004388725026129858
limit_up_down_breadth_bottom,bottom,limit_up_down_breadth_v1_20120705_20260814,capped_confirmation,limit_up_down_breadth_bottom::bottom::limit_up_down_breadth_v1_20120705_20260814::000009,2019-06-17,csi300,沪深300,20,True,20,True,2019-07-15,3654.82,0.04634154349598618,0.07869334194296829,-0.004388725026129858
limit_up_down_breadth_bottom,bottom,limit_up_down_breadth_v1_20120705_20260814,capped_confirmation,limit_up_down_breadth_bottom::bottom::limit_up_down_breadth_v1_20120705_20260814::000009,2019-06-17,csi500,中证500,5,True,5,True,2019-06-24,4802.82,0.04609375325329701,0.05057445417483897,-0.006094336244123144
limit_up_down_breadth_bottom,bottom,limit_up_down_breadth_v1_20120705_20260814,capped_confirmation,limit_up_down_breadth_bottom::bottom::limit_up_down_breadth_v1_20120705_20260814::000009,2019-06-17,csi500,中证500,10,True,10,True,2019-07-01,4802.82,0.06193028262562428,0.06193028262562428,-0.006094336244123144
limit_up_down_breadth_bottom,bottom,limit_up_down_breadth_v1_20120705_20260814,capped_confirmation,limit_up_down_breadth_bottom::bottom::limit_up_down_breadth_v1_20120705_20260814::000009,2019-06-17,csi500,中证500,20,True,20,True,2019-07-15,4802.82,0.025505848647253027,0.06237793629575972,-0.006094336244123144
limit_up_down_breadth_bottom,bottom,limit_up_down_breadth_v1_20120705_20260814,capped_confirmation,limit_up_down_breadth_bottom::bottom::limit_up_down_breadth_v1_20120705_20260814::000009,2019-06-17,microcap,微盘股,5,True,5,True,2019-06-24,979.4,0.059628343884010615,0.0631406983867675,-0.005064325096998057
limit_up_down_breadth_bottom,bottom,limit_up_down_breadth_v1_20120705_20260814,capped_confirmation,limit_up_down_breadth_bottom::bottom::limit_up_down_breadth_v1_20120705_20260814::000009,2019-06-17,microcap,微盘股,10,True,10,True,2019-07-01,979.4,0.06682662854809052,0.06684704921380424,-0.005064325096998057
limit_up_down_breadth_bottom,bottom,limit_up_down_breadth_v1_20120705_20260814,capped_confirmation,limit_up_down_breadth_bottom::bottom::limit_up_down_breadth_v1_20120705_20260814::000009,2019-06-17,microcap,微盘股,20,True,20,True,2019-07-15,979.4,0.037145190933224326,0.06915458443945277,-0.005064325096998057
limit_up_down_breadth_bottom,bottom,limit_up_down_breadth_v1_20120705_20260814,capped_confirmation,limit_up_down_breadth_bottom::bottom::limit_up_down_breadth_v1_20120705_20260814::000009,2019-06-17,sse_composite,上证指数,5,True,5,True,2019-06-24,2887.62,0.041740256681973564,0.04336096854849325,-0.0046093322528587555
limit_up_down_breadth_bottom,bottom,limit_up_down_breadth_v1_20120705_20260814,capped_confirmation,limit_up_down_breadth_bottom::bottom::limit_up_down_breadth_v1_20120705_20260814::000009,2019-06-17,sse_composite,上证指数,10,True,10,True,2019-07-01,2887.62,0.05446700050560671,0.05462976430416755,-0.0046093322528587555
limit_up_down_breadth_bottom,bottom,limit_up_down_breadth_v1_20120705_20260814,capped_confirmation,limit_up_down_breadth_bottom::bottom::limit_up_down_breadth_v1_20120705_20260814::000009,2019-06-17,sse_composite,上证指数,20,True,20,True,2019-07-15,2887.62,0.018897915930766507,0.055706775822303545,-0.0046093322528587555
limit_up_down_breadth_bottom,bottom,limit_up_down_breadth_v1_20120705_20260814,capped_confirmation,limit_up_down_breadth_bottom::bottom::limit_up_down_breadth_v1_20120705_20260814::000010,2019-11-07,all_a,全A,5,True,5,True,2019-11-14,4346.0498046875,-0.02102821010908118,0.007086962725445511,-0.03276075728790173
limit_up_down_breadth_bottom,bottom,limit_up_down_breadth_v1_20120705_20260814,capped_confirmation,limit_up_down_breadth_bottom::bottom::limit_up_down_breadth_v1_20120705_20260814::000010,2019-11-07,all_a,全A,10,True,10,True,2019-11-21,4346.0498046875,-0.020464547210278683,0.007086962725445511,-0.03276075728790173
limit_up_down_breadth_bottom,bottom,limit_up_down_breadth_v1_20120705_20260814,capped_confirmation,limit_up_down_breadth_bottom::bottom::limit_up_down_breadth_v1_20120705_20260814::000010,2019-11-07,all_a,全A,20,True,20,True,2019-12-05,4346.0498046875,-0.021534461857537157,0.007086962725445511,-0.043745386603989966
limit_up_down_breadth_bottom,bottom,limit_up_down_breadth_v1_20120705_20260814,capped_confirmation,limit_up_down_breadth_bottom::bottom::limit_up_down_breadth_v1_20120705_20260814::000010,2019-11-07,cni2000,国证2000,5,True,5,True,2019-11-14,5911.59,-0.023269543388496183,0.006499097535519249,-0.03903687502008768
limit_up_down_breadth_bottom,bottom,limit_up_down_breadth_v1_20120705_20260814,capped_confirmation,limit_up_down_breadth_bottom::bottom::limit_up_down_breadth_v1_20120705_20260814::000010,2019-11-07,cni2000,国证2000,10,True,10,True,2019-11-21,5911.59,-0.01960217132784925,0.006499097535519249,-0.03955957703426671
limit_up_down_breadth_bottom,bottom,limit_up_down_breadth_v1_20120705_20260814,capped_confirmation,limit_up_down_breadth_bottom::bottom::limit_up_down_breadth_v1_20120705_20260814::000010,2019-11-07,cni2000,国证2000,20,True,20,True,2019-12-05,5911.59,-0.01952266649074108,0.006499097535519249,-0.04652893722331897
limit_up_down_breadth_bottom,bottom,limit_up_down_breadth_v1_20120705_20260814,capped_confirmation,limit_up_down_breadth_bottom::bottom::limit_up_down_breadth_v1_20120705_20260814::000010,2019-11-07,csi1000,中证1000,5,True,5,True,2019-11-14,5340.17,-0.02313222238243351,0.006533499869854298,-0.04061106668888814
limit_up_down_breadth_bottom,bottom,limit_up_down_breadth_v1_20120705_20260814,capped_confirmation,limit_up_down_breadth_bottom::bottom::limit_up_down_breadth_v1_20120705_20260814::000010,2019-11-07,csi1000,中证1000,10,True,10,True,2019-11-21,5340.17,-0.016759766074862736,0.006533499869854298,-0.04061106668888814
limit_up_down_breadth_bottom,bottom,limit_up_down_breadth_v1_20120705_20260814,capped_confirmation,limit_up_down_breadth_bottom::bottom::limit_up_down_breadth_v1_20120705_20260814::000010,2019-11-07,csi1000,中证1000,20,True,20,True,2019-12-05,5340.17,-0.019108005924905025,0.006533499869854298,-0.048200712711393034
limit_up_down_breadth_bottom,bottom,limit_up_down_breadth_v1_20120705_20260814,capped_confirmation,limit_up_down_breadth_bottom::bottom::limit_up_down_breadth_v1_20120705_20260814::000010,2019-11-07,csi300,沪深300,5,True,5,True,2019-11-14,3991.88,-0.021548743950218885,0.007555337334789636,-0.028593043879074576
limit_up_down_breadth_bottom,bottom,limit_up_down_breadth_v1_20120705_20260814,capped_confirmation,limit_up_down_breadth_bottom::bottom::limit_up_down_breadth_v1_20120705_20260814::000010,2019-11-07,csi300,沪深300,10,True,10,True,2019-11-21,3991.88,-0.02562201268575215,0.007555337334789636,-0.030952834253534678
limit_up_down_breadth_bottom,bottom,limit_up_down_breadth_v1_20120705_20260814,capped_confirmation,limit_up_down_breadth_bottom::bottom::limit_up_down_breadth_v1_20120705_20260814::000010,2019-11-07,csi300,沪深300,20,True,20,True,2019-12-05,3991.88,-0.028187220056715145,0.007555337334789636,-0.046857620970570335
limit_up_down_breadth_bottom,bottom,limit_up_down_breadth_v1_20120705_20260814,capped_confirmation,limit_up_down_breadth_bottom::bottom::limit_up_down_breadth_v1_20120705_20260814::000010,2019-11-07,csi500,中证500,5,True,5,True,2019-11-14,5007.07,-0.018965183230911453,0.00888543599350533,-0.03667613993812735
limit_up_down_breadth_bottom,bottom,limit_up_down_breadth_v1_20120705_20260814,capped_confirmation,limit_up_down_breadth_bottom::bottom::limit_up_down_breadth_v1_20120705_20260814::000010,2019-11-07,csi500,中证500,10,True,10,True,2019-11-21,5007.07,-0.012252674717948664,0.00888543599350533,-0.03667613993812735
limit_up_down_breadth_bottom,bottom,limit_up_down_breadth_v1_20120705_20260814,capped_confirmation,limit_up_down_breadth_bottom::bottom::limit_up_down_breadth_v1_20120705_20260814::000010,2019-11-07,csi500,中证500,20,True,20,True,2019-12-05,5007.07,-0.007882853644945897,0.00888543599350533,-0.03667613993812735
limit_up_down_breadth_bottom,bottom,limit_up_down_breadth_v1_20120705_20260814,capped_confirmation,limit_up_down_breadth_bottom::bottom::limit_up_down_breadth_v1_20120705_20260814::000010,2019-11-07,microcap,微盘股,5,True,5,True,2019-11-14,1016.36,-0.0251485694045418,0.007093943091030841,-0.03869691841473499
limit_up_down_breadth_bottom,bottom,limit_up_down_breadth_v1_20120705_20260814,capped_confirmation,limit_up_down_breadth_bottom::bottom::limit_up_down_breadth_v1_20120705_20260814::000010,2019-11-07,microcap,微盘股,10,True,10,True,2019-11-21,1016.36,-0.019619032626234878,0.007093943091030841,-0.04423629422645525
limit_up_down_breadth_bottom,bottom,limit_up_down_breadth_v1_20120705_20260814,capped_confirmation,limit_up_down_breadth_bottom::bottom::limit_up_down_breadth_v1_20120705_20260814::000010,2019-11-07,microcap,微盘股,20,True,20,True,2019-12-05,1016.36,-0.0002656539021606008,0.007093943091030841,-0.04423629422645525
limit_up_down_breadth_bottom,bottom,limit_up_down_breadth_v1_20120705_20260814,capped_confirmation,limit_up_down_breadth_bottom::bottom::limit_up_down_breadth_v1_20120705_20260814::000010,2019-11-07,sse_composite,上证指数,5,True,5,True,2019-11-14,2978.71,-0.023110675426610938,0.006731101718529198,-0.029274417449164147
limit_up_down_breadth_bottom,bottom,limit_up_down_breadth_v1_20120705_20260814,capped_confirmation,limit_up_down_breadth_bottom::bottom::limit_up_down_breadth_v1_20120705_20260814::000010,2019-11-07,sse_composite,上证指数,10,True,10,True,2019-11-21,2978.71,-0.025202184838403308,0.006731101718529198,-0.03176542865871468
limit_up_down_breadth_bottom,bottom,limit_up_down_breadth_v1_20120705_20260814,capped_confirmation,limit_up_down_breadth_bottom::bottom::limit_up_down_breadth_v1_20120705_20260814::000010,2019-11-07,sse_composite,上证指数,20,True,20,True,2019-12-05,2978.71,-0.02660211970953874,0.006731101718529198,-0.04075254052928945
limit_up_down_breadth_bottom,bottom,limit_up_down_breadth_v1_20120705_20260814,capped_confirmation,limit_up_down_breadth_bottom::bottom::limit_up_down_breadth_v1_20120705_20260814::000011,2020-09-18,all_a,全A,5,True,5,True,2020-09-25,5387.10986328125,-0.03709221257593609,0.0034007683089725127,-0.04089577977523573
limit_up_down_breadth_bottom,bottom,limit_up_down_breadth_v1_20120705_20260814,capped_confirmation,limit_up_down_breadth_bottom::bottom::limit_up_down_breadth_v1_20120705_20260814::000011,2020-09-18,all_a,全A,10,True,10,True,2020-10-12,5387.10986328125,0.017605048799484324,0.017605048799484324,-0.04205405318196165
limit_up_down_breadth_bottom,bottom,limit_up_down_breadth_v1_20120705_20260814,capped_confirmation,limit_up_down_breadth_bottom::bottom::limit_up_down_breadth_v1_20120705_20260814::000011,2020-09-18,all_a,全A,20,True,20,True,2020-10-26,5387.10986328125,-0.01898230558132974,0.02208605049615242,-0.04205405318196165
limit_up_down_breadth_bottom,bottom,limit_up_down_breadth_v1_20120705_20260814,capped_confirmation,limit_up_down_breadth_bottom::bottom::limit_up_down_breadth_v1_20120705_20260814::000011,2020-09-18,cni2000,国证2000,5,True,5,True,2020-09-25,7652.22,-0.04411399567707153,0.0057525789901491375,-0.04861465038903745
limit_up_down_breadth_bottom,bottom,limit_up_down_breadth_v1_20120705_20260814,capped_confirmation,limit_up_down_breadth_bottom::bottom::limit_up_down_breadth_v1_20120705_20260814::000011,2020-09-18,cni2000,国证2000,10,True,10,True,2020-10-12,7652.22,0.011344420312013881,0.011377090569795412,-0.05867708978570929
limit_up_down_breadth_bottom,bottom,limit_up_down_breadth_v1_20120705_20260814,capped_confirmation,limit_up_down_breadth_bottom::bottom::limit_up_down_breadth_v1_20120705_20260814::000011,2020-09-18,cni2000,国证2000,20,True,20,True,2020-10-26,7652.22,-0.03164702530768848,0.016860466635825855,-0.05867708978570929
limit_up_down_breadth_bottom,bottom,limit_up_down_breadth_v1_20120705_20260814,capped_confirmation,limit_up_down_breadth_bottom::bottom::limit_up_down_breadth_v1_20120705_20260814::000011,2020-09-18,csi1000,中证1000,5,True,5,True,2020-09-25,6929.77,-0.04262479129898977,0.0065456717899727845,-0.046913533926811524
limit_up_down_breadth_bottom,bottom,limit_up_down_breadth_v1_20120705_20260814,capped_confirmation,limit_up_down_breadth_bottom::bottom::limit_up_down_breadth_v1_20120705_20260814::000011,2020-09-18,csi1000,中证1000,10,True,10,True,2020-10-12,6929.77,0.015369918482142975,0.015369918482142975,-0.05480268464898552
limit_up_down_breadth_bottom,bottom,limit_up_down_breadth_v1_20120705_20260814,capped_confirmation,limit_up_down_breadth_bottom::bottom::limit_up_down_breadth_v1_20120705_20260814::000011,2020-09-18,csi1000,中证1000,20,True,20,True,2020-10-26,6929.77,-0.04058576258663704,0.01868315975854884,-0.05541020841961575
limit_up_down_breadth_bottom,bottom,limit_up_down_breadth_v1_20120705_20260814,capped_confirmation,limit_up_down_breadth_bottom::bottom::limit_up_down_breadth_v1_20120705_20260814::000011,2020-09-18,csi300,沪深300,5,True,5,True,2020-09-25,4737.09,-0.03526848761581469,0.0033543800096682563,-0.03849831858799391
limit_up_down_breadth_bottom,bottom,limit_up_down_breadth_v1_20120705_20260814,capped_confirmation,limit_up_down_breadth_bottom::bottom::limit_up_down_breadth_v1_20120705_20260814::000011,2020-09-18,csi300,沪深300,10,True,10,True,2020-10-12,4737.09,0.01816938246898414,0.018192603475973623,-0.03849831858799391
limit_up_down_breadth_bottom,bottom,limit_up_down_breadth_v1_20120705_20260814,capped_confirmation,limit_up_down_breadth_bottom::bottom::limit_up_down_breadth_v1_20120705_20260814::000011,2020-09-18,csi300,沪深300,20,True,20,True,2020-10-26,4737.09,-0.009678937913360386,0.02375297914964669,-0.03849831858799391
limit_up_down_breadth_bottom,bottom,limit_up_down_breadth_v1_20120705_20260814,capped_confirmation,limit_up_down_breadth_bottom::bottom::limit_up_down_breadth_v1_20120705_20260814::000011,2020-09-18,csi500,中证500,5,True,5,True,2020-09-25,6469.47,-0.035950394700029475,0.0070902253198483756,-0.040697305961693964
limit_up_down_breadth_bottom,bottom,limit_up_down_breadth_v1_20120705_20260814,capped_confirmation,limit_up_down_breadth_bottom::bottom::limit_up_down_breadth_v1_20120705_20260814::000011,2020-09-18,csi500,中证500,10,True,10,True,2020-10-12,6469.47,0.01108437012614627,0.011104464507911693,-0.04860521804722795
limit_up_down_breadth_bottom,bottom,limit_up_down_breadth_v1_20120705_20260814,capped_confirmation,limit_up_down_breadth_bottom::bottom::limit_up_down_breadth_v1_20120705_20260814::000011,2020-09-18,csi500,中证500,20,True,20,True,2020-10-26,6469.47,-0.03942981418879754,0.013662633878818387,-0.05287759275489334
limit_up_down_breadth_bottom,bottom,limit_up_down_breadth_v1_20120705_20260814,capped_confirmation,limit_up_down_breadth_bottom::bottom::limit_up_down_breadth_v1_20120705_20260814::000011,2020-09-18,microcap,微盘股,5,True,5,True,2020-09-25,1409.77,-0.04555353000844109,0.0013548309298681005,-0.050703306213070176
limit_up_down_breadth_bottom,bottom,limit_up_down_breadth_v1_20120705_20260814,capped_confirmation,limit_up_down_breadth_bottom::bottom::limit_up_down_breadth_v1_20120705_20260814::000011,2020-09-18,microcap,微盘股,10,True,10,True,2020-10-12,1409.77,-0.004674521375827245,0.0013548309298681005,-0.06693999730452482
limit_up_down_breadth_bottom,bottom,limit_up_down_breadth_v1_20120705_20260814,capped_confirmation,limit_up_down_breadth_bottom::bottom::limit_up_down_breadth_v1_20120705_20260814::000011,2020-09-18,microcap,微盘股,20,True,20,True,2020-10-26,1409.77,-0.015676315994807566,0.005277456606396891,-0.06693999730452482
limit_up_down_breadth_bottom,bottom,limit_up_down_breadth_v1_20120705_20260814,capped_confirmation,limit_up_down_breadth_bottom::bottom::limit_up_down_breadth_v1_20120705_20260814::000011,2020-09-18,sse_composite,上证指数,5,True,5,True,2020-09-25,3338.09,-0.03555026976504527,0.003744656375352262,-0.038959404929166164
limit_up_down_breadth_bottom,bottom,limit_up_down_breadth_v1_20120705_20260814,capped_confirmation,limit_up_down_breadth_bottom::bottom::limit_up_down_breadth_v1_20120705_20260814::000011,2020-09-18,sse_composite,上证指数,10,True,10,True,2020-10-12,3338.09,0.0061052877543743556,0.006308997061193589,-0.04066696823632676
limit_up_down_breadth_bottom,bottom,limit_up_down_breadth_v1_20120705_20260814,capped_confirmation,limit_up_down_breadth_bottom::bottom::limit_up_down_breadth_v1_20120705_20260814::000011,2020-09-18,sse_composite,上证指数,20,True,20,True,2020-10-26,3338.09,-0.026053821197151716,0.00988589283093022,-0.04066696823632676
limit_up_down_breadth_bottom,bottom,limit_up_down_breadth_v1_20120705_20260814,capped_confirmation,limit_up_down_breadth_bottom::bottom::limit_up_down_breadth_v1_20120705_20260814::000012,2020-10-30,all_a,全A,5,True,5,True,2020-11-06,5241.169921875,0.03487580860517259,0.04216047526364086,-0.0018144356635546588
limit_up_down_breadth_bottom,bottom,limit_up_down_breadth_v1_20120705_20260814,capped_confirmation,limit_up_down_breadth_bottom::bottom::limit_up_down_breadth_v1_20120705_20260814::000012,2020-10-30,all_a,全A,10,True,10,True,2020-11-13,5241.169921875,0.03083282932342679,0.05959549152424892,-0.0018144356635546588
limit_up_down_breadth_bottom,bottom,limit_up_down_breadth_v1_20120705_20260814,capped_confirmation,limit_up_down_breadth_bottom::bottom::limit_up_down_breadth_v1_20120705_20260814::000012,2020-10-30,all_a,全A,20,True,20,True,2020-11-27,5241.169921875,0.043751693231063093,0.062075853770422684,-0.0018144356635546588
limit_up_down_breadth_bottom,bottom,limit_up_down_breadth_v1_20120705_20260814,capped_confirmation,limit_up_down_breadth_bottom::bottom::limit_up_down_breadth_v1_20120705_20260814::000012,2020-10-30,cni2000,国证2000,5,True,5,True,2020-11-06,7197.07,0.025353372969833643,0.039456334313825,-0.007594757310961264
limit_up_down_breadth_bottom,bottom,limit_up_down_breadth_v1_20120705_20260814,capped_confirmation,limit_up_down_breadth_bottom::bottom::limit_up_down_breadth_v1_20120705_20260814::000012,2020-10-30,cni2000,国证2000,10,True,10,True,2020-11-13,7197.07,0.02348455690996487,0.051709931958421995,-0.007594757310961264
limit_up_down_breadth_bottom,bottom,limit_up_down_breadth_v1_20120705_20260814,capped_confirmation,limit_up_down_breadth_bottom::bottom::limit_up_down_breadth_v1_20120705_20260814::000012,2020-10-30,cni2000,国证2000,20,True,20,True,2020-11-27,7197.07,0.02004565746894227,0.051709931958421995,-0.007594757310961264
limit_up_down_breadth_bottom,bottom,limit_up_down_breadth_v1_20120705_20260814,capped_confirmation,limit_up_down_breadth_bottom::bottom::limit_up_down_breadth_v1_20120705_20260814::000012,2020-10-30,csi1000,中证1000,5,True,5,True,2020-11-06,6511.16,0.027260887460913263,0.039934512437107994,-0.00759465287291361
limit_up_down_breadth_bottom,bottom,limit_up_down_breadth_v1_20120705_20260814,capped_confirmation,limit_up_down_breadth_bottom::bottom::limit_up_down_breadth_v1_20120705_20260814::000012,2020-10-30,csi1000,中证1000,10,True,10,True,2020-11-13,6511.16,0.026912255266342777,0.05563985526388526,-0.00759465287291361
limit_up_down_breadth_bottom,bottom,limit_up_down_breadth_v1_20120705_20260814,capped_confirmation,limit_up_down_breadth_bottom::bottom::limit_up_down_breadth_v1_20120705_20260814::000012,2020-10-30,csi1000,中证1000,20,True,20,True,2020-11-27,6511.16,0.02005940569729514,0.05563985526388526,-0.00759465287291361
limit_up_down_breadth_bottom,bottom,limit_up_down_breadth_v1_20120705_20260814,capped_confirmation,limit_up_down_breadth_bottom::bottom::limit_up_down_breadth_v1_20120705_20260814::000012,2020-10-30,csi300,沪深300,5,True,5,True,2020-11-06,4695.33,0.04054880061678312,0.04308536354207271,2.342753331485703e-05
limit_up_down_breadth_bottom,bottom,limit_up_down_breadth_v1_20120705_20260814,capped_confirmation,limit_up_down_breadth_bottom::bottom::limit_up_down_breadth_v1_20120705_20260814::000012,2020-10-30,csi300,沪深300,10,True,10,True,2020-11-13,4695.33,0.03440013800946917,0.06441932728902988,2.342753331485703e-05
limit_up_down_breadth_bottom,bottom,limit_up_down_breadth_v1_20120705_20260814,capped_confirmation,limit_up_down_breadth_bottom::bottom::limit_up_down_breadth_v1_20120705_20260814::000012,2020-10-30,csi300,沪深300,20,True,20,True,2020-11-27,4695.33,0.060792319176713905,0.07120266307160517,2.342753331485703e-05
limit_up_down_breadth_bottom,bottom,limit_up_down_breadth_v1_20120705_20260814,capped_confirmation,limit_up_down_breadth_bottom::bottom::limit_up_down_breadth_v1_20120705_20260814::000012,2020-10-30,csi500,中证500,5,True,5,True,2020-11-06,6111.48,0.03105139835195403,0.04167730238829215,-0.0025656633090510583
limit_up_down_breadth_bottom,bottom,limit_up_down_breadth_v1_20120705_20260814,capped_confirmation,limit_up_down_breadth_bottom::bottom::limit_up_down_breadth_v1_20120705_20260814::000012,2020-10-30,csi500,中证500,10,True,10,True,2020-11-13,6111.48,0.03198734185500096,0.0558669913016161,-0.0025656633090510583
limit_up_down_breadth_bottom,bottom,limit_up_down_breadth_v1_20120705_20260814,capped_confirmation,limit_up_down_breadth_bottom::bottom::limit_up_down_breadth_v1_20120705_20260814::000012,2020-10-30,csi500,中证500,20,True,20,True,2020-11-27,6111.48,0.03929162821444243,0.06622945669461422,-0.0025656633090510583
limit_up_down_breadth_bottom,bottom,limit_up_down_breadth_v1_20120705_20260814,capped_confirmation,limit_up_down_breadth_bottom::bottom::limit_up_down_breadth_v1_20120705_20260814::000012,2020-10-30,microcap,微盘股,5,True,5,True,2020-11-06,1341.37,0.029276038676875338,0.041345788261255345,-0.0034442398443381705
limit_up_down_breadth_bottom,bottom,limit_up_down_breadth_v1_20120705_20260814,capped_confirmation,limit_up_down_breadth_bottom::bottom::limit_up_down_breadth_v1_20120705_20260814::000012,2020-10-30,microcap,微盘股,10,True,10,True,2020-11-13,1341.37,0.043120093635611534,0.05360191446058882,-0.0034442398443381705
limit_up_down_breadth_bottom,bottom,limit_up_down_breadth_v1_20120705_20260814,capped_confirmation,limit_up_down_breadth_bottom::bottom::limit_up_down_breadth_v1_20120705_20260814::000012,2020-10-30,microcap,微盘股,20,True,20,True,2020-11-27,1341.37,0.048018071076585844,0.0671626769645961,-0.0034442398443381705
limit_up_down_breadth_bottom,bottom,limit_up_down_breadth_v1_20120705_20260814,capped_confirmation,limit_up_down_breadth_bottom::bottom::limit_up_down_breadth_v1_20120705_20260814::000012,2020-10-30,sse_composite,上证指数,5,True,5,True,2020-11-06,3224.53,0.02717605356439523,0.031610808396882684,-0.004533994101466043
limit_up_down_breadth_bottom,bottom,limit_up_down_breadth_v1_20120705_20260814,capped_confirmation,limit_up_down_breadth_bottom::bottom::limit_up_down_breadth_v1_20120705_20260814::000012,2020-10-30,sse_composite,上证指数,10,True,10,True,2020-11-13,3224.53,0.026537200770344826,0.050577913680443176,-0.004533994101466043
limit_up_down_breadth_bottom,bottom,limit_up_down_breadth_v1_20120705_20260814,capped_confirmation,limit_up_down_breadth_bottom::bottom::limit_up_down_breadth_v1_20120705_20260814::000012,2020-10-30,sse_composite,上证指数,20,True,20,True,2020-11-27,3224.53,0.05699435266534958,0.06423261684648618,-0.004533994101466043
limit_up_down_breadth_bottom,bottom,limit_up_down_breadth_v1_20120705_20260814,capped_confirmation,limit_up_down_breadth_bottom::bottom::limit_up_down_breadth_v1_20120705_20260814::000013,2020-11-09,all_a,全A,5,True,5,True,2020-11-16,5536.08984375,-0.01433500277652533,0.0018623358516101085,-0.031048926821799272
limit_up_down_breadth_bottom,bottom,limit_up_down_breadth_v1_20120705_20260814,capped_confirmation,limit_up_down_breadth_bottom::bottom::limit_up_down_breadth_v1_20120705_20260814::000013,2020-11-09,all_a,全A,10,True,10,True,2020-11-23,5536.08984375,0.0005762083882816516,0.005496691101500861,-0.031048926821799272
limit_up_down_breadth_bottom,bottom,limit_up_down_breadth_v1_20120705_20260814,capped_confirmation,limit_up_down_breadth_bottom::bottom::limit_up_down_breadth_v1_20120705_20260814::000013,2020-11-09,all_a,全A,20,True,20,True,2020-12-07,5536.08984375,-0.0007459927365814911,0.006421552751511905,-0.031048926821799272
limit_up_down_breadth_bottom,bottom,limit_up_down_breadth_v1_20120705_20260814,capped_confirmation,limit_up_down_breadth_bottom::bottom::limit_up_down_breadth_v1_20120705_20260814::000013,2020-11-09,cni2000,国证2000,5,True,5,True,2020-11-16,7548.82,-0.014402250947830209,0.0015684570568645917,-0.03228981483198701
limit_up_down_breadth_bottom,bottom,limit_up_down_breadth_v1_20120705_20260814,capped_confirmation,limit_up_down_breadth_bottom::bottom::limit_up_down_breadth_v1_20120705_20260814::000013,2020-11-09,cni2000,国证2000,10,True,10,True,2020-11-23,7548.82,-0.005037873468966003,0.0015684570568645917,-0.03228981483198701
limit_up_down_breadth_bottom,bottom,limit_up_down_breadth_v1_20120705_20260814,capped_confirmation,limit_up_down_breadth_bottom::bottom::limit_up_down_breadth_v1_20120705_20260814::000013,2020-11-09,cni2000,国证2000,20,True,20,True,2020-12-07,7548.82,-0.018421422156045475,0.0015684570568645917,-0.036686528490545545
limit_up_down_breadth_bottom,bottom,limit_up_down_breadth_v1_20120705_20260814,capped_confirmation,limit_up_down_breadth_bottom::bottom::limit_up_down_breadth_v1_20120705_20260814::000013,2020-11-09,csi1000,中证1000,5,True,5,True,2020-11-16,6851.98,-0.015202904853779398,0.0004071815737933804,-0.03363699251895069
limit_up_down_breadth_bottom,bottom,limit_up_down_breadth_v1_20120705_20260814,capped_confirmation,limit_up_down_breadth_bottom::bottom::limit_up_down_breadth_v1_20120705_20260814::000013,2020-11-09,csi1000,中证1000,10,True,10,True,2020-11-23,6851.98,-0.006459446758455112,0.0004071815737933804,-0.03363699251895069
limit_up_down_breadth_bottom,bottom,limit_up_down_breadth_v1_20120705_20260814,capped_confirmation,limit_up_down_breadth_bottom::bottom::limit_up_down_breadth_v1_20120705_20260814::000013,2020-11-09,csi1000,中证1000,20,True,20,True,2020-12-07,6851.98,-0.01736432388886122,0.0004071815737933804,-0.039880443317114045
limit_up_down_breadth_bottom,bottom,limit_up_down_breadth_v1_20120705_20260814,capped_confirmation,limit_up_down_breadth_bottom::bottom::limit_up_down_breadth_v1_20120705_20260814::000013,2020-11-09,csi300,沪深300,5,True,5,True,2020-11-16,4981.35,-0.015493791843576576,0.0028225280295501864,-0.031234504702540522
limit_up_down_breadth_bottom,bottom,limit_up_down_breadth_v1_20120705_20260814,capped_confirmation,limit_up_down_breadth_bottom::bottom::limit_up_down_breadth_v1_20120705_20260814::000013,2020-11-09,csi300,沪深300,10,True,10,True,2020-11-23,4981.35,0.004753731418189799,0.009696166701797626,-0.031234504702540522
limit_up_down_breadth_bottom,bottom,limit_up_down_breadth_v1_20120705_20260814,capped_confirmation,limit_up_down_breadth_bottom::bottom::limit_up_down_breadth_v1_20120705_20260814::000013,2020-11-09,csi300,沪深300,20,True,20,True,2020-12-07,4981.35,0.0082086181456833,0.02193381312294851,-0.031234504702540522
limit_up_down_breadth_bottom,bottom,limit_up_down_breadth_v1_20120705_20260814,capped_confirmation,limit_up_down_breadth_bottom::bottom::limit_up_down_breadth_v1_20120705_20260814::000013,2020-11-09,csi500,中证500,5,True,5,True,2020-11-16,6421.65,-0.005338191897721001,0.002142751473531046,-0.02698527636978032
limit_up_down_breadth_bottom,bottom,limit_up_down_breadth_v1_20120705_20260814,capped_confirmation,limit_up_down_breadth_bottom::bottom::limit_up_down_breadth_v1_20120705_20260814::000013,2020-11-09,csi500,中证500,10,True,10,True,2020-11-23,6421.65,0.007985486596124192,0.014729859148349789,-0.02698527636978032
limit_up_down_breadth_bottom,bottom,limit_up_down_breadth_v1_20120705_20260814,capped_confirmation,limit_up_down_breadth_bottom::bottom::limit_up_down_breadth_v1_20120705_20260814::000013,2020-11-09,csi500,中证500,20,True,20,True,2020-12-07,6421.65,0.0004718413491859863,0.014729859148349789,-0.02698527636978032
limit_up_down_breadth_bottom,bottom,limit_up_down_breadth_v1_20120705_20260814,capped_confirmation,limit_up_down_breadth_bottom::bottom::limit_up_down_breadth_v1_20120705_20260814::000013,2020-11-09,microcap,微盘股,5,True,5,True,2020-11-16,1407.93,0.0028197424587870223,0.0037928021989728222,-0.014929719517305484
limit_up_down_breadth_bottom,bottom,limit_up_down_breadth_v1_20120705_20260814,capped_confirmation,limit_up_down_breadth_bottom::bottom::limit_up_down_breadth_v1_20120705_20260814::000013,2020-11-09,microcap,微盘股,10,True,10,True,2020-11-23,1407.93,0.013083036798704262,0.016712478603339687,-0.014929719517305484
limit_up_down_breadth_bottom,bottom,limit_up_down_breadth_v1_20120705_20260814,capped_confirmation,limit_up_down_breadth_bottom::bottom::limit_up_down_breadth_v1_20120705_20260814::000013,2020-11-09,microcap,微盘股,20,True,20,True,2020-12-07,1407.93,0.00935415823229846,0.016712478603339687,-0.014929719517305484
limit_up_down_breadth_bottom,bottom,limit_up_down_breadth_v1_20120705_20260814,capped_confirmation,limit_up_down_breadth_bottom::bottom::limit_up_down_breadth_v1_20120705_20260814::000013,2020-11-09,sse_composite,上证指数,5,True,5,True,2020-11-16,3373.73,-0.007931873623556185,0.004117104806845795,-0.024332119049242262
limit_up_down_breadth_bottom,bottom,limit_up_down_breadth_v1_20120705_20260814,capped_confirmation,limit_up_down_breadth_bottom::bottom::limit_up_down_breadth_v1_20120705_20260814::000013,2020-11-09,sse_composite,上证指数,10,True,10,True,2020-11-23,3373.73,0.012081583292083087,0.017167941714363755,-0.024332119049242262
limit_up_down_breadth_bottom,bottom,limit_up_down_breadth_v1_20120705_20260814,capped_confirmation,limit_up_down_breadth_bottom::bottom::limit_up_down_breadth_v1_20120705_20260814::000013,2020-11-09,sse_composite,上证指数,20,True,20,True,2020-12-07,3373.73,0.012707003820696894,0.027269520678892434,-0.024332119049242262
limit_up_down_breadth_bottom,bottom,limit_up_down_breadth_v1_20120705_20260814,capped_confirmation,limit_up_down_breadth_bottom::bottom::limit_up_down_breadth_v1_20120705_20260814::000014,2022-02-07,all_a,全A,5,True,5,True,2022-02-14,5484.43994140625,-0.009445222915362539,0.014850073445533463,-0.018246044629279257
limit_up_down_breadth_bottom,bottom,limit_up_down_breadth_v1_20120705_20260814,capped_confirmation,limit_up_down_breadth_bottom::bottom::limit_up_down_breadth_v1_20120705_20260814::000014,2022-02-07,all_a,全A,10,True,10,True,2022-02-21,5484.43994140625,0.017813090354254157,0.01808659138918678,-0.018246044629279257
limit_up_down_breadth_bottom,bottom,limit_up_down_breadth_v1_20120705_20260814,capped_confirmation,limit_up_down_breadth_bottom::bottom::limit_up_down_breadth_v1_20120705_20260814::000014,2022-02-07,all_a,全A,20,True,20,True,2022-03-07,5484.43994140625,-0.02940919592031188,0.02159625424663325,-0.033283348763765486
limit_up_down_breadth_bottom,bottom,limit_up_down_breadth_v1_20120705_20260814,capped_confirmation,limit_up_down_breadth_bottom::bottom::limit_up_down_breadth_v1_20120705_20260814::000014,2022-02-07,cni2000,国证2000,5,True,5,True,2022-02-14,8337.22,0.003772240626971568,0.03214260868730845,-0.010457922424980781
limit_up_down_breadth_bottom,bottom,limit_up_down_breadth_v1_20120705_20260814,capped_confirmation,limit_up_down_breadth_bottom::bottom::limit_up_down_breadth_v1_20120705_20260814::000014,2022-02-07,cni2000,国证2000,10,True,10,True,2022-02-21,8337.22,0.04943014578000837,0.04943014578000837,-0.010457922424980781
limit_up_down_breadth_bottom,bottom,limit_up_down_breadth_v1_20120705_20260814,capped_confirmation,limit_up_down_breadth_bottom::bottom::limit_up_down_breadth_v1_20120705_20260814::000014,2022-02-07,cni2000,国证2000,20,True,20,True,2022-03-07,8337.22,0.01568508447660011,0.06242848335536322,-0.010457922424980781
limit_up_down_breadth_bottom,bottom,limit_up_down_breadth_v1_20120705_20260814,capped_confirmation,limit_up_down_breadth_bottom::bottom::limit_up_down_breadth_v1_20120705_20260814::000014,2022-02-07,csi1000,中证1000,5,True,5,True,2022-02-14,7061.62,-0.00786505079570976,0.022738408467178894,-0.01879455422410159
limit_up_down_breadth_bottom,bottom,limit_up_down_breadth_v1_20120705_20260814,capped_confirmation,limit_up_down_breadth_bottom::bottom::limit_up_down_breadth_v1_20120705_20260814::000014,2022-02-07,csi1000,中证1000,10,True,10,True,2022-02-21,7061.62,0.038655436004769506,0.038700751385659427,-0.01879455422410159
limit_up_down_breadth_bottom,bottom,limit_up_down_breadth_v1_20120705_20260814,capped_confirmation,limit_up_down_breadth_bottom::bottom::limit_up_down_breadth_v1_20120705_20260814::000014,2022-02-07,csi1000,中证1000,20,True,20,True,2022-03-07,7061.62,0.0034142307289262153,0.0594084643467081,-0.01879455422410159
limit_up_down_breadth_bottom,bottom,limit_up_down_breadth_v1_20120705_20260814,capped_confirmation,limit_up_down_breadth_bottom::bottom::limit_up_down_breadth_v1_20120705_20260814::000014,2022-02-07,csi300,沪深300,5,True,5,True,2022-02-14,4634.09,-0.017781268814373585,0.006152232692934412,-0.024086713896363632
limit_up_down_breadth_bottom,bottom,limit_up_down_breadth_v1_20120705_20260814,capped_confirmation,limit_up_down_breadth_bottom::bottom::limit_up_down_breadth_v1_20120705_20260814::000014,2022-02-07,csi300,沪深300,10,True,10,True,2022-02-21,4634.09,4.747426139761757e-05,0.006152232692934412,-0.024086713896363632
limit_up_down_breadth_bottom,bottom,limit_up_down_breadth_v1_20120705_20260814,capped_confirmation,limit_up_down_breadth_bottom::bottom::limit_up_down_breadth_v1_20120705_20260814::000014,2022-02-07,csi300,沪深300,20,True,20,True,2022-03-07,4634.09,-0.06070447488072095,0.006152232692934412,-0.06382914444907195
limit_up_down_breadth_bottom,bottom,limit_up_down_breadth_v1_20120705_20260814,capped_confirmation,limit_up_down_breadth_bottom::bottom::limit_up_down_breadth_v1_20120705_20260814::000014,2022-02-07,csi500,中证500,5,True,5,True,2022-02-14,6676.61,0.0028592354503258477,0.028169984468165765,-0.011568745216509524
limit_up_down_breadth_bottom,bottom,limit_up_down_breadth_v1_20120705_20260814,capped_confirmation,limit_up_down_breadth_bottom::bottom::limit_up_down_breadth_v1_20120705_20260814::000014,2022-02-07,csi500,中证500,10,True,10,True,2022-02-21,6676.61,0.02853244385998277,0.02926335370794453,-0.011568745216509524
limit_up_down_breadth_bottom,bottom,limit_up_down_breadth_v1_20120705_20260814,capped_confirmation,limit_up_down_breadth_bottom::bottom::limit_up_down_breadth_v1_20120705_20260814::000014,2022-02-07,csi500,中证500,20,True,20,True,2022-03-07,6676.61,-0.0025791531930124956,0.03456844116999491,-0.011568745216509524
limit_up_down_breadth_bottom,bottom,limit_up_down_breadth_v1_20120705_20260814,capped_confirmation,limit_up_down_breadth_bottom::bottom::limit_up_down_breadth_v1_20120705_20260814::000014,2022-02-07,microcap,微盘股,5,True,5,True,2022-02-14,1810.08,0.027391054539025905,0.03760054804207558,-0.003005392026871667
limit_up_down_breadth_bottom,bottom,limit_up_down_breadth_v1_20120705_20260814,capped_confirmation,limit_up_down_breadth_bottom::bottom::limit_up_down_breadth_v1_20120705_20260814::000014,2022-02-07,microcap,微盘股,10,True,10,True,2022-02-21,1810.08,0.07668721824449753,0.0767148413329799,-0.003005392026871667
limit_up_down_breadth_bottom,bottom,limit_up_down_breadth_v1_20120705_20260814,capped_confirmation,limit_up_down_breadth_bottom::bottom::limit_up_down_breadth_v1_20120705_20260814::000014,2022-02-07,microcap,微盘股,20,True,20,True,2022-03-07,1810.08,0.08754309201803245,0.10879077167859985,-0.003005392026871667
limit_up_down_breadth_bottom,bottom,limit_up_down_breadth_v1_20120705_20260814,capped_confirmation,limit_up_down_breadth_bottom::bottom::limit_up_down_breadth_v1_20120705_20260814::000014,2022-02-07,sse_composite,上证指数,5,True,5,True,2022-02-14,3429.58,-0.00020410662530101487,0.020576863639279575,-0.011406644545396194
limit_up_down_breadth_bottom,bottom,limit_up_down_breadth_v1_20120705_20260814,capped_confirmation,limit_up_down_breadth_bottom::bottom::limit_up_down_breadth_v1_20120705_20260814::000014,2022-02-07,sse_composite,上证指数,10,True,10,True,2022-02-21,3429.58,0.017795181917319436,0.020576863639279575,-0.011406644545396194
limit_up_down_breadth_bottom,bottom,limit_up_down_breadth_v1_20120705_20260814,capped_confirmation,limit_up_down_breadth_bottom::bottom::limit_up_down_breadth_v1_20120705_20260814::000014,2022-02-07,sse_composite,上证指数,20,True,20,True,2022-03-07,3429.58,-0.01653846826725136,0.020617684964339578,-0.020072428693892586
limit_up_down_breadth_bottom,bottom,limit_up_down_breadth_v1_20120705_20260814,capped_confirmation,limit_up_down_breadth_bottom::bottom::limit_up_down_breadth_v1_20120705_20260814::000015,2022-04-19,all_a,全A,5,True,5,True,2022-04-26,4947.54736328125,-0.12051978484841519,4.747064838483972e-05,-0.12281140325901296
limit_up_down_breadth_bottom,bottom,limit_up_down_breadth_v1_20120705_20260814,capped_confirmation,limit_up_down_breadth_bottom::bottom::limit_up_down_breadth_v1_20120705_20260814::000015,2022-04-19,all_a,全A,10,True,10,True,2022-05-06,4947.54736328125,-0.07417688511027354,4.747064838483972e-05,-0.13047105390859604
limit_up_down_breadth_bottom,bottom,limit_up_down_breadth_v1_20120705_20260814,capped_confirmation,limit_up_down_breadth_bottom::bottom::limit_up_down_breadth_v1_20120705_20260814::000015,2022-04-19,all_a,全A,20,True,20,True,2022-05-20,4947.54736328125,-0.018249158136178,4.747064838483972e-05,-0.13047105390859604
limit_up_down_breadth_bottom,bottom,limit_up_down_breadth_v1_20120705_20260814,capped_confirmation,limit_up_down_breadth_bottom::bottom::limit_up_down_breadth_v1_20120705_20260814::000015,2022-04-19,cni2000,国证2000,5,True,5,True,2022-04-26,7681.04,-0.17250138002145543,0.003774228489892062,-0.17512472269380197
limit_up_down_breadth_bottom,bottom,limit_up_down_breadth_v1_20120705_20260814,capped_confirmation,limit_up_down_breadth_bottom::bottom::limit_up_down_breadth_v1_20120705_20260814::000015,2022-04-19,cni2000,国证2000,10,True,10,True,2022-05-06,7681.04,-0.10474362846697838,0.003774228489892062,-0.19270307145907328
limit_up_down_breadth_bottom,bottom,limit_up_down_breadth_v1_20120705_20260814,capped_confirmation,limit_up_down_breadth_bottom::bottom::limit_up_down_breadth_v1_20120705_20260814::000015,2022-04-19,cni2000,国证2000,20,True,20,True,2022-05-20,7681.04,-0.029895691208482233,0.003774228489892062,-0.19270307145907328
limit_up_down_breadth_bottom,bottom,limit_up_down_breadth_v1_20120705_20260814,capped_confirmation,limit_up_down_breadth_bottom::bottom::limit_up_down_breadth_v1_20120705_20260814::000015,2022-04-19,csi1000,中证1000,5,True,5,True,2022-04-26,6345.79,-0.17007181138991356,0.0009218710357576931,-0.17244031082024458
limit_up_down_breadth_bottom,bottom,limit_up_down_breadth_v1_20120705_20260814,capped_confirmation,limit_up_down_breadth_bottom::bottom::limit_up_down_breadth_v1_20120705_20260814::000015,2022-04-19,csi1000,中证1000,10,True,10,True,2022-05-06,6345.79,-0.09157252288525153,0.0009218710357576931,-0.18611394326001962
limit_up_down_breadth_bottom,bottom,limit_up_down_breadth_v1_20120705_20260814,capped_confirmation,limit_up_down_breadth_bottom::bottom::limit_up_down_breadth_v1_20120705_20260814::000015,2022-04-19,csi1000,中证1000,20,True,20,True,2022-05-20,6345.79,-0.012977107657202724,0.0009218710357576931,-0.18611394326001962
limit_up_down_breadth_bottom,bottom,limit_up_down_breadth_v1_20120705_20260814,capped_confirmation,limit_up_down_breadth_bottom::bottom::limit_up_down_breadth_v1_20120705_20260814::000015,2022-04-19,csi300,沪深300,5,True,5,True,2022-04-26,4134.9,-0.08483397421944905,0.000307141647923892,-0.08730561803187487
limit_up_down_breadth_bottom,bottom,limit_up_down_breadth_v1_20120705_20260814,capped_confirmation,limit_up_down_breadth_bottom::bottom::limit_up_down_breadth_v1_20120705_20260814::000015,2022-04-19,csi300,沪深300,10,True,10,True,2022-05-06,4134.9,-0.05467605020677635,0.000307141647923892,-0.09137101260006275
limit_up_down_breadth_bottom,bottom,limit_up_down_breadth_v1_20120705_20260814,capped_confirmation,limit_up_down_breadth_bottom::bottom::limit_up_down_breadth_v1_20120705_20260814::000015,2022-04-19,csi300,沪深300,20,True,20,True,2022-05-20,4134.9,-0.01385765072915901,0.000307141647923892,-0.09137101260006275
limit_up_down_breadth_bottom,bottom,limit_up_down_breadth_v1_20120705_20260814,capped_confirmation,limit_up_down_breadth_bottom::bottom::limit_up_down_breadth_v1_20120705_20260814::000015,2022-04-19,csi500,中证500,5,True,5,True,2022-04-26,6092.4,-0.14089521370888314,0.00022651171951948434,-0.14233963626813728
limit_up_down_breadth_bottom,bottom,limit_up_down_breadth_v1_20120705_20260814,capped_confirmation,limit_up_down_breadth_bottom::bottom::limit_up_down_breadth_v1_20120705_20260814::000015,2022-04-19,csi500,中证500,10,True,10,True,2022-05-06,6092.4,-0.08676876107937748,0.00022651171951948434,-0.15329262687939071
limit_up_down_breadth_bottom,bottom,limit_up_down_breadth_v1_20120705_20260814,capped_confirmation,limit_up_down_breadth_bottom::bottom::limit_up_down_breadth_v1_20120705_20260814::000015,2022-04-19,csi500,中证500,20,True,20,True,2022-05-20,6092.4,-0.02673987262819244,0.00022651171951948434,-0.15329262687939071
limit_up_down_breadth_bottom,bottom,limit_up_down_breadth_v1_20120705_20260814,capped_confirmation,limit_up_down_breadth_bottom::bottom::limit_up_down_breadth_v1_20120705_20260814::000015,2022-04-19,microcap,微盘股,5,True,5,True,2022-04-26,1891.23,-0.16563823543408263,0.012912231722212564,-0.16807580252005316
limit_up_down_breadth_bottom,bottom,limit_up_down_breadth_v1_20120705_20260814,capped_confirmation,limit_up_down_breadth_bottom::bottom::limit_up_down_breadth_v1_20120705_20260814::000015,2022-04-19,microcap,微盘股,10,True,10,True,2022-05-06,1891.23,-0.1316021848215183,0.012912231722212564,-0.19894460219010912
limit_up_down_breadth_bottom,bottom,limit_up_down_breadth_v1_20120705_20260814,capped_confirmation,limit_up_down_breadth_bottom::bottom::limit_up_down_breadth_v1_20120705_20260814::000015,2022-04-19,microcap,微盘股,20,True,20,True,2022-05-20,1891.23,-0.04094160942878444,0.012912231722212564,-0.19894460219010912
limit_up_down_breadth_bottom,bottom,limit_up_down_breadth_v1_20120705_20260814,capped_confirmation,limit_up_down_breadth_bottom::bottom::limit_up_down_breadth_v1_20120705_20260814::000015,2022-04-19,sse_composite,上证指数,5,True,5,True,2022-04-26,3194.03,-0.09630466839697827,-0.0006887850145428365,-0.09886256547371186
limit_up_down_breadth_bottom,bottom,limit_up_down_breadth_v1_20120705_20260814,capped_confirmation,limit_up_down_breadth_bottom::bottom::limit_up_down_breadth_v1_20120705_20260814::000015,2022-04-19,sse_composite,上证指数,10,True,10,True,2022-05-06,3194.03,-0.06025929624956572,-0.0006887850145428365,-0.10343672413847083
limit_up_down_breadth_bottom,bottom,limit_up_down_breadth_v1_20120705_20260814,capped_confirmation,limit_up_down_breadth_bottom::bottom::limit_up_down_breadth_v1_20120705_20260814::000015,2022-04-19,sse_composite,上证指数,20,True,20,True,2022-05-20,3194.03,-0.014858971268272403,-0.0006887850145428365,-0.10343672413847083
limit_up_down_breadth_bottom,bottom,limit_up_down_breadth_v1_20120705_20260814,capped_confirmation,limit_up_down_breadth_bottom::bottom::limit_up_down_breadth_v1_20120705_20260814::000016,2022-04-29,all_a,全A,5,True,5,True,2022-05-11,4647.0224609375,0.012232820453117021,0.030701782958719948,-0.02907429173292453
limit_up_down_breadth_bottom,bottom,limit_up_down_breadth_v1_20120705_20260814,capped_confirmation,limit_up_down_breadth_bottom::bottom::limit_up_down_breadth_v1_20120705_20260814::000016,2022-04-29,all_a,全A,10,True,10,True,2022-05-18,4647.0224609375,0.023335359860596316,0.030954591008901744,-0.02907429173292453
limit_up_down_breadth_bottom,bottom,limit_up_down_breadth_v1_20120705_20260814,capped_confirmation,limit_up_down_breadth_bottom::bottom::limit_up_down_breadth_v1_20120705_20260814::000016,2022-04-29,all_a,全A,20,True,20,True,2022-06-01,4647.0224609375,0.055459214370088716,0.05839561244588953,-0.02907429173292453
limit_up_down_breadth_bottom,bottom,limit_up_down_breadth_v1_20120705_20260814,capped_confirmation,limit_up_down_breadth_bottom::bottom::limit_up_down_breadth_v1_20120705_20260814::000016,2022-04-29,cni2000,国证2000,5,True,5,True,2022-05-11,6821.89,0.04858331049020137,0.07447789395607374,-0.009989900159633303
limit_up_down_breadth_bottom,bottom,limit_up_down_breadth_v1_20120705_20260814,capped_confirmation,limit_up_down_breadth_bottom::bottom::limit_up_down_breadth_v1_20120705_20260814::000016,2022-04-29,cni2000,国证2000,10,True,10,True,2022-05-18,6821.89,0.07181440920331461,0.0813352311456208,-0.009989900159633303
limit_up_down_breadth_bottom,bottom,limit_up_down_breadth_v1_20120705_20260814,capped_confirmation,limit_up_down_breadth_bottom::bottom::limit_up_down_breadth_v1_20120705_20260814::000016,2022-04-29,cni2000,国证2000,20,True,20,True,2022-06-01,6821.89,0.11812708794776805,0.12199991497957297,-0.009989900159633303
limit_up_down_breadth_bottom,bottom,limit_up_down_breadth_v1_20120705_20260814,capped_confirmation,limit_up_down_breadth_bottom::bottom::limit_up_down_breadth_v1_20120705_20260814::000016,2022-04-29,csi1000,中证1000,5,True,5,True,2022-05-11,5734.49,0.04682892462974042,0.07208487590003654,-0.011955727536363203
limit_up_down_breadth_bottom,bottom,limit_up_down_breadth_v1_20120705_20260814,capped_confirmation,limit_up_down_breadth_bottom::bottom::limit_up_down_breadth_v1_20120705_20260814::000016,2022-04-29,csi1000,中证1000,10,True,10,True,2022-05-18,5734.49,0.06858674441842272,0.07829292578764635,-0.011955727536363203
limit_up_down_breadth_bottom,bottom,limit_up_down_breadth_v1_20120705_20260814,capped_confirmation,limit_up_down_breadth_bottom::bottom::limit_up_down_breadth_v1_20120705_20260814::000016,2022-04-29,csi1000,中证1000,20,True,20,True,2022-06-01,5734.49,0.11140136263207356,0.11576617973001979,-0.011955727536363203
limit_up_down_breadth_bottom,bottom,limit_up_down_breadth_v1_20120705_20260814,capped_confirmation,limit_up_down_breadth_bottom::bottom::limit_up_down_breadth_v1_20120705_20260814::000016,2022-04-29,csi300,沪深300,5,True,5,True,2022-05-11,4016.24,-0.009914746130709196,0.005841284385395218,-0.05170756727685588
limit_up_down_breadth_bottom,bottom,limit_up_down_breadth_v1_20120705_20260814,capped_confirmation,limit_up_down_breadth_bottom::bottom::limit_up_down_breadth_v1_20120705_20260814::000016,2022-04-29,csi300,沪深300,10,True,10,True,2022-05-18,4016.24,-0.006057904906081268,0.005841284385395218,-0.05170756727685588
limit_up_down_breadth_bottom,bottom,limit_up_down_breadth_v1_20120705_20260814,capped_confirmation,limit_up_down_breadth_bottom::bottom::limit_up_down_breadth_v1_20120705_20260814::000016,2022-04-29,csi300,沪深300,20,True,20,True,2022-06-01,4016.24,0.016667330637611277,0.019909168774774333,-0.05170756727685588
limit_up_down_breadth_bottom,bottom,limit_up_down_breadth_v1_20120705_20260814,capped_confirmation,limit_up_down_breadth_bottom::bottom::limit_up_down_breadth_v1_20120705_20260814::000016,2022-04-29,csi500,中证500,5,True,5,True,2022-05-11,5627.9,0.019531263881732208,0.04056397590575522,-0.019266511487410876
limit_up_down_breadth_bottom,bottom,limit_up_down_breadth_v1_20120705_20260814,capped_confirmation,limit_up_down_breadth_bottom::bottom::limit_up_down_breadth_v1_20120705_20260814::000016,2022-04-29,csi500,中证500,10,True,10,True,2022-05-18,5627.9,0.03013379768652613,0.04056397590575522,-0.019266511487410876
limit_up_down_breadth_bottom,bottom,limit_up_down_breadth_v1_20120705_20260814,capped_confirmation,limit_up_down_breadth_bottom::bottom::limit_up_down_breadth_v1_20120705_20260814::000016,2022-04-29,csi500,中证500,20,True,20,True,2022-06-01,5627.9,0.07031752518701473,0.07364558716395098,-0.019266511487410876
limit_up_down_breadth_bottom,bottom,limit_up_down_breadth_v1_20120705_20260814,capped_confirmation,limit_up_down_breadth_bottom::bottom::limit_up_down_breadth_v1_20120705_20260814::000016,2022-04-29,microcap,微盘股,5,True,5,True,2022-05-11,1636.42,0.04104691949499517,0.06623605186932435,-0.016694980506227086
limit_up_down_breadth_bottom,bottom,limit_up_down_breadth_v1_20120705_20260814,capped_confirmation,limit_up_down_breadth_bottom::bottom::limit_up_down_breadth_v1_20120705_20260814::000016,2022-04-29,microcap,微盘股,10,True,10,True,2022-05-18,1636.42,0.09010522970875434,0.09801884601752597,-0.016694980506227086
limit_up_down_breadth_bottom,bottom,limit_up_down_breadth_v1_20120705_20260814,capped_confirmation,limit_up_down_breadth_bottom::bottom::limit_up_down_breadth_v1_20120705_20260814::000016,2022-04-29,microcap,微盘股,20,True,20,True,2022-06-01,1636.42,0.14669828039256427,0.15142200657532912,-0.016694980506227086
limit_up_down_breadth_bottom,bottom,limit_up_down_breadth_v1_20120705_20260814,capped_confirmation,limit_up_down_breadth_bottom::bottom::limit_up_down_breadth_v1_20120705_20260814::000016,2022-04-29,sse_composite,上证指数,5,True,5,True,2022-05-11,3047.06,0.0038200757451445355,0.017669491247300773,-0.029425085164059728
limit_up_down_breadth_bottom,bottom,limit_up_down_breadth_v1_20120705_20260814,capped_confirmation,limit_up_down_breadth_bottom::bottom::limit_up_down_breadth_v1_20120705_20260814::000016,2022-04-29,sse_composite,上证指数,10,True,10,True,2022-05-18,3047.06,0.012772968041325106,0.019290726142576764,-0.029425085164059728
limit_up_down_breadth_bottom,bottom,limit_up_down_breadth_v1_20120705_20260814,capped_confirmation,limit_up_down_breadth_bottom::bottom::limit_up_down_breadth_v1_20120705_20260814::000016,2022-04-29,sse_composite,上证指数,20,True,20,True,2022-06-01,3047.06,0.044337820718988175,0.047110985671434236,-0.029425085164059728
limit_up_down_breadth_bottom,bottom,limit_up_down_breadth_v1_20120705_20260814,capped_confirmation,limit_up_down_breadth_bottom::bottom::limit_up_down_breadth_v1_20120705_20260814::000017,2022-09-23,all_a,全A,5,True,5,True,2022-09-30,4750.7080078125,-0.025055578681220436,0.00798040999234284,-0.025055578681220436
limit_up_down_breadth_bottom,bottom,limit_up_down_breadth_v1_20120705_20260814,capped_confirmation,limit_up_down_breadth_bottom::bottom::limit_up_down_breadth_v1_20120705_20260814::000017,2022-09-23,all_a,全A,10,True,10,True,2022-10-14,4750.7080078125,0.0023806073313497045,0.00798040999234284,-0.056004399015360584
limit_up_down_breadth_bottom,bottom,limit_up_down_breadth_v1_20120705_20260814,capped_confirmation,limit_up_down_breadth_bottom::bottom::limit_up_down_breadth_v1_20120705_20260814::000017,2022-09-23,all_a,全A,20,True,20,True,2022-10-28,4750.7080078125,-0.052111167640514156,0.016483048887655505,-0.056004399015360584
limit_up_down_breadth_bottom,bottom,limit_up_down_breadth_v1_20120705_20260814,capped_confirmation,limit_up_down_breadth_bottom::bottom::limit_up_down_breadth_v1_20120705_20260814::000017,2022-09-23,cni2000,国证2000,5,True,5,True,2022-09-30,7676.97,-0.04068011207546729,0.007043143323472556,-0.04068011207546729
limit_up_down_breadth_bottom,bottom,limit_up_down_breadth_v1_20120705_20260814,capped_confirmation,limit_up_down_breadth_bottom::bottom::limit_up_down_breadth_v1_20120705_20260814::000017,2022-09-23,cni2000,国证2000,10,True,10,True,2022-10-14,7676.97,0.011676481736935251,0.014737585271272335,-0.06533697539524064
limit_up_down_breadth_bottom,bottom,limit_up_down_breadth_v1_20120705_20260814,capped_confirmation,limit_up_down_breadth_bottom::bottom::limit_up_down_breadth_v1_20120705_20260814::000017,2022-09-23,cni2000,国证2000,20,True,20,True,2022-10-28,7676.97,-0.016279860413678904,0.037548668289702825,-0.06533697539524064
limit_up_down_breadth_bottom,bottom,limit_up_down_breadth_v1_20120705_20260814,capped_confirmation,limit_up_down_breadth_bottom::bottom::limit_up_down_breadth_v1_20120705_20260814::000017,2022-09-23,csi1000,中证1000,5,True,5,True,2022-09-30,6363.68,-0.03752859980388712,0.007244236039524177,-0.0376653131521385
limit_up_down_breadth_bottom,bottom,limit_up_down_breadth_v1_20120705_20260814,capped_confirmation,limit_up_down_breadth_bottom::bottom::limit_up_down_breadth_v1_20120705_20260814::000017,2022-09-23,csi1000,中证1000,10,True,10,True,2022-10-14,6363.68,0.006722525331254836,0.010024074120634552,-0.07003180549619081
limit_up_down_breadth_bottom,bottom,limit_up_down_breadth_v1_20120705_20260814,capped_confirmation,limit_up_down_breadth_bottom::bottom::limit_up_down_breadth_v1_20120705_20260814::000017,2022-09-23,csi1000,中证1000,20,True,20,True,2022-10-28,6363.68,-0.019446295225404198,0.029965365951776235,-0.07003180549619081
limit_up_down_breadth_bottom,bottom,limit_up_down_breadth_v1_20120705_20260814,capped_confirmation,limit_up_down_breadth_bottom::bottom::limit_up_down_breadth_v1_20120705_20260814::000017,2022-09-23,csi300,沪深300,5,True,5,True,2022-09-30,3856.02,-0.013259785996960649,0.009673186342394446,-0.014195984460661504
limit_up_down_breadth_bottom,bottom,limit_up_down_breadth_v1_20120705_20260814,capped_confirmation,limit_up_down_breadth_bottom::bottom::limit_up_down_breadth_v1_20120705_20260814::000017,2022-09-23,csi300,沪深300,10,True,10,True,2022-10-14,3856.02,-0.003513985923309537,0.009673186342394446,-0.050438016400329855
limit_up_down_breadth_bottom,bottom,limit_up_down_breadth_v1_20120705_20260814,capped_confirmation,limit_up_down_breadth_bottom::bottom::limit_up_down_breadth_v1_20120705_20260814::000017,2022-09-23,csi300,沪深300,20,True,20,True,2022-10-28,3856.02,-0.08161005388976195,0.009673186342394446,-0.08364064501740132
limit_up_down_breadth_bottom,bottom,limit_up_down_breadth_v1_20120705_20260814,capped_confirmation,limit_up_down_breadth_bottom::bottom::limit_up_down_breadth_v1_20120705_20260814::000017,2022-09-23,csi500,中证500,5,True,5,True,2022-09-30,5889.6,-0.029805080141265927,0.005555555555555536,-0.029805080141265927
limit_up_down_breadth_bottom,bottom,limit_up_down_breadth_v1_20120705_20260814,capped_confirmation,limit_up_down_breadth_bottom::bottom::limit_up_down_breadth_v1_20120705_20260814::000017,2022-09-23,csi500,中证500,10,True,10,True,2022-10-14,5889.6,0.01423526215702231,0.01807253463732672,-0.05013922847052432
limit_up_down_breadth_bottom,bottom,limit_up_down_breadth_v1_20120705_20260814,capped_confirmation,limit_up_down_breadth_bottom::bottom::limit_up_down_breadth_v1_20120705_20260814::000017,2022-09-23,csi500,中证500,20,True,20,True,2022-10-28,5889.6,-0.018303450149415923,0.03137224938875294,-0.05013922847052432
limit_up_down_breadth_bottom,bottom,limit_up_down_breadth_v1_20120705_20260814,capped_confirmation,limit_up_down_breadth_bottom::bottom::limit_up_down_breadth_v1_20120705_20260814::000017,2022-09-23,microcap,微盘股,5,True,5,True,2022-09-30,2072.88,-0.03662054725792141,0.008924780981050429,-0.038309019335417416
limit_up_down_breadth_bottom,bottom,limit_up_down_breadth_v1_20120705_20260814,capped_confirmation,limit_up_down_breadth_bottom::bottom::limit_up_down_breadth_v1_20120705_20260814::000017,2022-09-23,microcap,微盘股,10,True,10,True,2022-10-14,2072.88,0.015500173671413764,0.017130755277681153,-0.06563332175523917
limit_up_down_breadth_bottom,bottom,limit_up_down_breadth_v1_20120705_20260814,capped_confirmation,limit_up_down_breadth_bottom::bottom::limit_up_down_breadth_v1_20120705_20260814::000017,2022-09-23,microcap,微盘股,20,True,20,True,2022-10-28,2072.88,0.005692563004129347,0.05560862182084825,-0.06563332175523917
limit_up_down_breadth_bottom,bottom,limit_up_down_breadth_v1_20120705_20260814,capped_confirmation,limit_up_down_breadth_bottom::bottom::limit_up_down_breadth_v1_20120705_20260814::000017,2022-09-23,sse_composite,上证指数,5,True,5,True,2022-09-30,3088.37,-0.02071642970239962,0.004623798314321137,-0.02151296638679956
limit_up_down_breadth_bottom,bottom,limit_up_down_breadth_v1_20120705_20260814,capped_confirmation,limit_up_down_breadth_bottom::bottom::limit_up_down_breadth_v1_20120705_20260814::000017,2022-09-23,sse_composite,上证指数,10,True,10,True,2022-10-14,3088.37,-0.005303768654662533,0.004623798314321137,-0.04995515433707742
limit_up_down_breadth_bottom,bottom,limit_up_down_breadth_v1_20120705_20260814,capped_confirmation,limit_up_down_breadth_bottom::bottom::limit_up_down_breadth_v1_20120705_20260814::000017,2022-09-23,sse_composite,上证指数,20,True,20,True,2022-10-28,3088.37,-0.055835278804029276,0.004623798314321137,-0.05808565683515898
limit_up_down_breadth_bottom,bottom,limit_up_down_breadth_v1_20120705_20260814,capped_confirmation,limit_up_down_breadth_bottom::bottom::limit_up_down_breadth_v1_20120705_20260814::000018,2023-03-14,all_a,全A,5,True,5,True,2023-03-21,4989.8017578125,0.004001423215358901,0.008944219626084937,-0.011387484277012638
limit_up_down_breadth_bottom,bottom,limit_up_down_breadth_v1_20120705_20260814,capped_confirmation,limit_up_down_breadth_bottom::bottom::limit_up_down_breadth_v1_20120705_20260814::000018,2023-03-14,all_a,全A,10,True,10,True,2023-03-28,4989.8017578125,0.0074599422219969735,0.015861061927677778,-0.011387484277012638
limit_up_down_breadth_bottom,bottom,limit_up_down_breadth_v1_20120705_20260814,capped_confirmation,limit_up_down_breadth_bottom::bottom::limit_up_down_breadth_v1_20120705_20260814::000018,2023-03-14,all_a,全A,20,True,20,True,2023-04-12,4989.8017578125,0.03003039206725755,0.03624952221885391,-0.011387484277012638
limit_up_down_breadth_bottom,bottom,limit_up_down_breadth_v1_20120705_20260814,capped_confirmation,limit_up_down_breadth_bottom::bottom::limit_up_down_breadth_v1_20120705_20260814::000018,2023-03-14,cni2000,国证2000,5,True,5,True,2023-03-21,8299.61,0.010799302617833684,0.012335519379826243,-0.011451140475275401
limit_up_down_breadth_bottom,bottom,limit_up_down_breadth_v1_20120705_20260814,capped_confirmation,limit_up_down_breadth_bottom::bottom::limit_up_down_breadth_v1_20120705_20260814::000018,2023-03-14,cni2000,国证2000,10,True,10,True,2023-03-28,8299.61,0.011877666540957899,0.021176898673552103,-0.011451140475275401
limit_up_down_breadth_bottom,bottom,limit_up_down_breadth_v1_20120705_20260814,capped_confirmation,limit_up_down_breadth_bottom::bottom::limit_up_down_breadth_v1_20120705_20260814::000018,2023-03-14,cni2000,国证2000,20,True,20,True,2023-04-12,8299.61,0.031331592689294974,0.03465584527465748,-0.011451140475275401
limit_up_down_breadth_bottom,bottom,limit_up_down_breadth_v1_20120705_20260814,capped_confirmation,limit_up_down_breadth_bottom::bottom::limit_up_down_breadth_v1_20120705_20260814::000018,2023-03-14,csi1000,中证1000,5,True,5,True,2023-03-21,6769.85,0.005840602081286894,0.01109625767188338,-0.013614777284577939
limit_up_down_breadth_bottom,bottom,limit_up_down_breadth_v1_20120705_20260814,capped_confirmation,limit_up_down_breadth_bottom::bottom::limit_up_down_breadth_v1_20120705_20260814::000018,2023-03-14,csi1000,中证1000,10,True,10,True,2023-03-28,6769.85,0.008202545108089598,0.019318005568808694,-0.013614777284577939
limit_up_down_breadth_bottom,bottom,limit_up_down_breadth_v1_20120705_20260814,capped_confirmation,limit_up_down_breadth_bottom::bottom::limit_up_down_breadth_v1_20120705_20260814::000018,2023-03-14,csi1000,中证1000,20,True,20,True,2023-04-12,6769.85,0.037101265168356656,0.04178674564429041,-0.013614777284577939
limit_up_down_breadth_bottom,bottom,limit_up_down_breadth_v1_20120705_20260814,capped_confirmation,limit_up_down_breadth_bottom::bottom::limit_up_down_breadth_v1_20120705_20260814::000018,2023-03-14,csi300,沪深300,5,True,5,True,2023-03-21,3984.7,-0.0005822270183450939,0.00854518533390225,-0.012467688910080987
limit_up_down_breadth_bottom,bottom,limit_up_down_breadth_v1_20120705_20260814,capped_confirmation,limit_up_down_breadth_bottom::bottom::limit_up_down_breadth_v1_20120705_20260814::000018,2023-03-14,csi300,沪深300,10,True,10,True,2023-03-28,3984.7,0.0037167164403846265,0.013649710141290461,-0.012467688910080987
limit_up_down_breadth_bottom,bottom,limit_up_down_breadth_v1_20120705_20260814,capped_confirmation,limit_up_down_breadth_bottom::bottom::limit_up_down_breadth_v1_20120705_20260814::000018,2023-03-14,csi300,沪深300,20,True,20,True,2023-04-12,3984.7,0.028255577584259894,0.037041684442994605,-0.012467688910080987
limit_up_down_breadth_bottom,bottom,limit_up_down_breadth_v1_20120705_20260814,capped_confirmation,limit_up_down_breadth_bottom::bottom::limit_up_down_breadth_v1_20120705_20260814::000018,2023-03-14,csi500,中证500,5,True,5,True,2023-03-21,6189.4,0.007315733350567122,0.010516366691440293,-0.008978253142469361
limit_up_down_breadth_bottom,bottom,limit_up_down_breadth_v1_20120705_20260814,capped_confirmation,limit_up_down_breadth_bottom::bottom::limit_up_down_breadth_v1_20120705_20260814::000018,2023-03-14,csi500,中证500,10,True,10,True,2023-03-28,6189.4,0.01462500403916378,0.02296830064303501,-0.008978253142469361
limit_up_down_breadth_bottom,bottom,limit_up_down_breadth_v1_20120705_20260814,capped_confirmation,limit_up_down_breadth_bottom::bottom::limit_up_down_breadth_v1_20120705_20260814::000018,2023-03-14,csi500,中证500,20,True,20,True,2023-04-12,6189.4,0.041044366174427305,0.04634051765922398,-0.008978253142469361
limit_up_down_breadth_bottom,bottom,limit_up_down_breadth_v1_20120705_20260814,capped_confirmation,limit_up_down_breadth_bottom::bottom::limit_up_down_breadth_v1_20120705_20260814::000018,2023-03-14,microcap,微盘股,5,True,5,True,2023-03-21,2581.37,0.02143048071372955,0.02143048071372955,-0.007290702224012735
limit_up_down_breadth_bottom,bottom,limit_up_down_breadth_v1_20120705_20260814,capped_confirmation,limit_up_down_breadth_bottom::bottom::limit_up_down_breadth_v1_20120705_20260814::000018,2023-03-14,microcap,微盘股,10,True,10,True,2023-03-28,2581.37,0.020783537423926024,0.033885107520425395,-0.007290702224012735
limit_up_down_breadth_bottom,bottom,limit_up_down_breadth_v1_20120705_20260814,capped_confirmation,limit_up_down_breadth_bottom::bottom::limit_up_down_breadth_v1_20120705_20260814::000018,2023-03-14,microcap,微盘股,20,True,20,True,2023-04-12,2581.37,-0.011063892429213906,0.033885107520425395,-0.03038696506118843
limit_up_down_breadth_bottom,bottom,limit_up_down_breadth_v1_20120705_20260814,capped_confirmation,limit_up_down_breadth_bottom::bottom::limit_up_down_breadth_v1_20120705_20260814::000018,2023-03-14,sse_composite,上证指数,5,True,5,True,2023-03-21,3245.31,0.0031861363013085953,0.010664620637165667,-0.0063445402750430535
limit_up_down_breadth_bottom,bottom,limit_up_down_breadth_v1_20120705_20260814,capped_confirmation,limit_up_down_breadth_bottom::bottom::limit_up_down_breadth_v1_20120705_20260814::000018,2023-03-14,sse_composite,上证指数,10,True,10,True,2023-03-28,3245.31,2.156958811339038e-05,0.012738382465773634,-0.0063445402750430535
limit_up_down_breadth_bottom,bottom,limit_up_down_breadth_v1_20120705_20260814,capped_confirmation,limit_up_down_breadth_bottom::bottom::limit_up_down_breadth_v1_20120705_20260814::000018,2023-03-14,sse_composite,上证指数,20,True,20,True,2023-04-12,3245.31,0.025227173983379148,0.02693425281406081,-0.007496972554239756
limit_up_down_breadth_bottom,bottom,limit_up_down_breadth_v1_20120705_20260814,capped_confirmation,limit_up_down_breadth_bottom::bottom::limit_up_down_breadth_v1_20120705_20260814::000019,2023-04-03,all_a,全A,5,True,5,True,2023-04-11,5128.982421875,-0.0008217699737133044,0.008129734554589652,-0.006335968353859189
limit_up_down_breadth_bottom,bottom,limit_up_down_breadth_v1_20120705_20260814,capped_confirmation,limit_up_down_breadth_bottom::bottom::limit_up_down_breadth_v1_20120705_20260814::000019,2023-04-03,all_a,全A,10,True,10,True,2023-04-18,5128.982421875,0.007455810823830067,0.008669330501184458,-0.006335968353859189
limit_up_down_breadth_bottom,bottom,limit_up_down_breadth_v1_20120705_20260814,capped_confirmation,limit_up_down_breadth_bottom::bottom::limit_up_down_breadth_v1_20120705_20260814::000019,2023-04-03,all_a,全A,20,True,20,True,2023-05-05,5128.982421875,-0.029713477217969686,0.008669330501184458,-0.05496929025044939
limit_up_down_breadth_bottom,bottom,limit_up_down_breadth_v1_20120705_20260814,capped_confirmation,limit_up_down_breadth_bottom::bottom::limit_up_down_breadth_v1_20120705_20260814::000019,2023-04-03,cni2000,国证2000,5,True,5,True,2023-04-11,8536.6,-0.005264390975329825,0.005932104116392889,-0.012828292294356114
limit_up_down_breadth_bottom,bottom,limit_up_down_breadth_v1_20120705_20260814,capped_confirmation,limit_up_down_breadth_bottom::bottom::limit_up_down_breadth_v1_20120705_20260814::000019,2023-04-03,cni2000,国证2000,10,True,10,True,2023-04-18,8536.6,-0.006527188810533602,0.005932104116392889,-0.012828292294356114
limit_up_down_breadth_bottom,bottom,limit_up_down_breadth_v1_20120705_20260814,capped_confirmation,limit_up_down_breadth_bottom::bottom::limit_up_down_breadth_v1_20120705_20260814::000019,2023-04-03,cni2000,国证2000,20,True,20,True,2023-05-05,8536.6,-0.04586017852540836,0.005932104116392889,-0.07536607080102153
limit_up_down_breadth_bottom,bottom,limit_up_down_breadth_v1_20120705_20260814,capped_confirmation,limit_up_down_breadth_bottom::bottom::limit_up_down_breadth_v1_20120705_20260814::000019,2023-04-03,csi1000,中证1000,5,True,5,True,2023-04-11,6962.2,0.003151302749131002,0.013004510068656439,-0.00632989572261633
limit_up_down_breadth_bottom,bottom,limit_up_down_breadth_v1_20120705_20260814,capped_confirmation,limit_up_down_breadth_bottom::bottom::limit_up_down_breadth_v1_20120705_20260814::000019,2023-04-03,csi1000,中证1000,10,True,10,True,2023-04-18,6962.2,0.0050084743328258075,0.013004510068656439,-0.00632989572261633
limit_up_down_breadth_bottom,bottom,limit_up_down_breadth_v1_20120705_20260814,capped_confirmation,limit_up_down_breadth_bottom::bottom::limit_up_down_breadth_v1_20120705_20260814::000019,2023-04-03,csi1000,中证1000,20,True,20,True,2023-05-05,6962.2,-0.044317888023900465,0.013004510068656439,-0.06390652379994821
limit_up_down_breadth_bottom,bottom,limit_up_down_breadth_v1_20120705_20260814,capped_confirmation,limit_up_down_breadth_bottom::bottom::limit_up_down_breadth_v1_20120705_20260814::000019,2023-04-03,csi300,沪深300,5,True,5,True,2023-04-11,4090.57,0.002341971901226314,0.01020151225868271,-0.002975135494564296
limit_up_down_breadth_bottom,bottom,limit_up_down_breadth_v1_20120705_20260814,capped_confirmation,limit_up_down_breadth_bottom::bottom::limit_up_down_breadth_v1_20120705_20260814::000019,2023-04-03,csi300,沪深300,10,True,10,True,2023-04-18,4090.57,0.017469448023136103,0.019337158391128817,-0.007578405943425959
limit_up_down_breadth_bottom,bottom,limit_up_down_breadth_v1_20120705_20260814,capped_confirmation,limit_up_down_breadth_bottom::bottom::limit_up_down_breadth_v1_20120705_20260814::000019,2023-04-03,csi300,沪深300,20,True,20,True,2023-05-05,4090.57,-0.018014604321647143,0.019337158391128817,-0.040368457207675235
limit_up_down_breadth_bottom,bottom,limit_up_down_breadth_v1_20120705_20260814,capped_confirmation,limit_up_down_breadth_bottom::bottom::limit_up_down_breadth_v1_20120705_20260814::000019,2023-04-03,csi500,中证500,5,True,5,True,2023-04-11,6413.81,0.001102308924024742,0.009730565763563348,-0.0056565442381362185
limit_up_down_breadth_bottom,bottom,limit_up_down_breadth_v1_20120705_20260814,capped_confirmation,limit_up_down_breadth_bottom::bottom::limit_up_down_breadth_v1_20120705_20260814::000019,2023-04-03,csi500,中证500,10,True,10,True,2023-04-18,6413.81,0.005619124981875112,0.009730565763563348,-0.0056565442381362185
limit_up_down_breadth_bottom,bottom,limit_up_down_breadth_v1_20120705_20260814,capped_confirmation,limit_up_down_breadth_bottom::bottom::limit_up_down_breadth_v1_20120705_20260814::000019,2023-04-03,csi500,中证500,20,True,20,True,2023-05-05,6413.81,-0.033245450052309056,0.009730565763563348,-0.05787043894346733
limit_up_down_breadth_bottom,bottom,limit_up_down_breadth_v1_20120705_20260814,capped_confirmation,limit_up_down_breadth_bottom::bottom::limit_up_down_breadth_v1_20120705_20260814::000019,2023-04-03,microcap,微盘股,5,True,5,True,2023-04-11,2617.84,-0.036717293646670646,0.0011994621520030613,-0.04389496684289351
limit_up_down_breadth_bottom,bottom,limit_up_down_breadth_v1_20120705_20260814,capped_confirmation,limit_up_down_breadth_bottom::bottom::limit_up_down_breadth_v1_20120705_20260814::000019,2023-04-03,microcap,微盘股,10,True,10,True,2023-04-18,2617.84,-0.03539559331357156,0.0011994621520030613,-0.04389496684289351
limit_up_down_breadth_bottom,bottom,limit_up_down_breadth_v1_20120705_20260814,capped_confirmation,limit_up_down_breadth_bottom::bottom::limit_up_down_breadth_v1_20120705_20260814::000019,2023-04-03,microcap,微盘股,20,True,20,True,2023-05-05,2617.84,-0.045736179445649894,0.0011994621520030613,-0.11106484735507138
limit_up_down_breadth_bottom,bottom,limit_up_down_breadth_v1_20120705_20260814,capped_confirmation,limit_up_down_breadth_bottom::bottom::limit_up_down_breadth_v1_20120705_20260814::000019,2023-04-03,sse_composite,上证指数,5,True,5,True,2023-04-11,3296.4,0.005208712534886528,0.011018080330057023,-0.0016411843222911005
limit_up_down_breadth_bottom,bottom,limit_up_down_breadth_v1_20120705_20260814,capped_confirmation,limit_up_down_breadth_bottom::bottom::limit_up_down_breadth_v1_20120705_20260814::000019,2023-04-03,sse_composite,上证指数,10,True,10,True,2023-04-18,3296.4,0.02940480524208211,0.030266351170974426,-0.0016411843222911005
limit_up_down_breadth_bottom,bottom,limit_up_down_breadth_v1_20120705_20260814,capped_confirmation,limit_up_down_breadth_bottom::bottom::limit_up_down_breadth_v1_20120705_20260814::000019,2023-04-03,sse_composite,上证指数,20,True,20,True,2023-05-05,3296.4,0.011558063341827518,0.030266351170974426,-0.020310035189904263
limit_up_down_breadth_bottom,bottom,limit_up_down_breadth_v1_20120705_20260814,capped_confirmation,limit_up_down_breadth_bottom::bottom::limit_up_down_breadth_v1_20120705_20260814::000020,2023-05-10,all_a,全A,5,True,5,True,2023-05-17,4951.69091796875,-0.007035061314578206,0.00431404478997921,-0.019311584988674246
limit_up_down_breadth_bottom,bottom,limit_up_down_breadth_v1_20120705_20260814,capped_confirmation,limit_up_down_breadth_bottom::bottom::limit_up_down_breadth_v1_20120705_20260814::000020,2023-05-10,all_a,全A,10,True,10,True,2023-05-24,4951.69091796875,-0.02384444313184919,0.00431404478997921,-0.024500784582444646
limit_up_down_breadth_bottom,bottom,limit_up_down_breadth_v1_20120705_20260814,capped_confirmation,limit_up_down_breadth_bottom::bottom::limit_up_down_breadth_v1_20120705_20260814::000020,2023-05-10,all_a,全A,20,True,20,True,2023-06-07,4951.69091796875,-0.03169056340543397,0.00431404478997921,-0.03597818098556338
limit_up_down_breadth_bottom,bottom,limit_up_down_breadth_v1_20120705_20260814,capped_confirmation,limit_up_down_breadth_bottom::bottom::limit_up_down_breadth_v1_20120705_20260814::000020,2023-05-10,cni2000,国证2000,5,True,5,True,2023-05-17,8110.63,-0.0057652734744403356,0.004400397996209948,-0.02205623977422222
limit_up_down_breadth_bottom,bottom,limit_up_down_breadth_v1_20120705_20260814,capped_confirmation,limit_up_down_breadth_bottom::bottom::limit_up_down_breadth_v1_20120705_20260814::000020,2023-05-10,cni2000,国证2000,10,True,10,True,2023-05-24,8110.63,-0.008709557703902249,0.005279491235576028,-0.02205623977422222
limit_up_down_breadth_bottom,bottom,limit_up_down_breadth_v1_20120705_20260814,capped_confirmation,limit_up_down_breadth_bottom::bottom::limit_up_down_breadth_v1_20120705_20260814::000020,2023-05-10,cni2000,国证2000,20,True,20,True,2023-06-07,8110.63,-0.004135313779570771,0.014901431824654754,-0.022082131720963738
limit_up_down_breadth_bottom,bottom,limit_up_down_breadth_v1_20120705_20260814,capped_confirmation,limit_up_down_breadth_bottom::bottom::limit_up_down_breadth_v1_20120705_20260814::000020,2023-05-10,csi1000,中证1000,5,True,5,True,2023-05-17,6627.31,-0.010913930388046,0.003933722732149203,-0.024272291472709262
limit_up_down_breadth_bottom,bottom,limit_up_down_breadth_v1_20120705_20260814,capped_confirmation,limit_up_down_breadth_bottom::bottom::limit_up_down_breadth_v1_20120705_20260814::000020,2023-05-10,csi1000,中证1000,10,True,10,True,2023-05-24,6627.31,-0.017221165148453954,0.003933722732149203,-0.024272291472709262
limit_up_down_breadth_bottom,bottom,limit_up_down_breadth_v1_20120705_20260814,capped_confirmation,limit_up_down_breadth_bottom::bottom::limit_up_down_breadth_v1_20120705_20260814::000020,2023-05-10,csi1000,中证1000,20,True,20,True,2023-06-07,6627.31,-0.02093609624417747,0.003933722732149203,-0.030609704389865655
limit_up_down_breadth_bottom,bottom,limit_up_down_breadth_v1_20120705_20260814,capped_confirmation,limit_up_down_breadth_bottom::bottom::limit_up_down_breadth_v1_20120705_20260814::000020,2023-05-10,csi300,沪深300,5,True,5,True,2023-05-17,3996.87,-0.009182185059809278,0.005301648539982606,-0.01847445626202493
limit_up_down_breadth_bottom,bottom,limit_up_down_breadth_v1_20120705_20260814,capped_confirmation,limit_up_down_breadth_bottom::bottom::limit_up_down_breadth_v1_20120705_20260814::000020,2023-05-10,csi300,沪深300,10,True,10,True,2023-05-24,3996.87,-0.03447197431990523,0.005301648539982606,-0.03447197431990523
limit_up_down_breadth_bottom,bottom,limit_up_down_breadth_v1_20120705_20260814,capped_confirmation,limit_up_down_breadth_bottom::bottom::limit_up_down_breadth_v1_20120705_20260814::000020,2023-05-10,csi300,沪深300,20,True,20,True,2023-06-07,3996.87,-0.05192312984910685,0.005301648539982606,-0.05423493883964203
limit_up_down_breadth_bottom,bottom,limit_up_down_breadth_v1_20120705_20260814,capped_confirmation,limit_up_down_breadth_bottom::bottom::limit_up_down_breadth_v1_20120705_20260814::000020,2023-05-10,csi500,中证500,5,True,5,True,2023-05-17,6173.81,-0.0083838018986655,0.0026855377797503355,-0.02219051120782789
limit_up_down_breadth_bottom,bottom,limit_up_down_breadth_v1_20120705_20260814,capped_confirmation,limit_up_down_breadth_bottom::bottom::limit_up_down_breadth_v1_20120705_20260814::000020,2023-05-10,csi500,中证500,10,True,10,True,2023-05-24,6173.81,-0.027214961263790194,0.0026855377797503355,-0.03009162899408968
limit_up_down_breadth_bottom,bottom,limit_up_down_breadth_v1_20120705_20260814,capped_confirmation,limit_up_down_breadth_bottom::bottom::limit_up_down_breadth_v1_20120705_20260814::000020,2023-05-10,csi500,中证500,20,True,20,True,2023-06-07,6173.81,-0.030256843019140556,0.0026855377797503355,-0.04010651445379765
limit_up_down_breadth_bottom,bottom,limit_up_down_breadth_v1_20120705_20260814,capped_confirmation,limit_up_down_breadth_bottom::bottom::limit_up_down_breadth_v1_20120705_20260814::000020,2023-05-10,microcap,微盘股,5,True,5,True,2023-05-17,2486.89,0.030230528893517628,0.030230528893517628,-6.835847182629085e-05
limit_up_down_breadth_bottom,bottom,limit_up_down_breadth_v1_20120705_20260814,capped_confirmation,limit_up_down_breadth_bottom::bottom::limit_up_down_breadth_v1_20120705_20260814::000020,2023-05-10,microcap,微盘股,10,True,10,True,2023-05-24,2486.89,0.04750511683267056,0.052061007925561675,-6.835847182629085e-05
limit_up_down_breadth_bottom,bottom,limit_up_down_breadth_v1_20120705_20260814,capped_confirmation,limit_up_down_breadth_bottom::bottom::limit_up_down_breadth_v1_20120705_20260814::000020,2023-05-10,microcap,微盘股,20,True,20,True,2023-06-07,2486.89,0.049881579000277565,0.0616593415872837,-6.835847182629085e-05
limit_up_down_breadth_bottom,bottom,limit_up_down_breadth_v1_20120705_20260814,capped_confirmation,limit_up_down_breadth_bottom::bottom::limit_up_down_breadth_v1_20120705_20260814::000020,2023-05-10,sse_composite,上证指数,5,True,5,True,2023-05-17,3319.15,-0.010520765858728964,0.004248075561514186,-0.025090761188858668
limit_up_down_breadth_bottom,bottom,limit_up_down_breadth_v1_20120705_20260814,capped_confirmation,limit_up_down_breadth_bottom::bottom::limit_up_down_breadth_v1_20120705_20260814::000020,2023-05-10,sse_composite,上证指数,10,True,10,True,2023-05-24,3319.15,-0.03446665561966167,0.004248075561514186,-0.0345781299429071
limit_up_down_breadth_bottom,bottom,limit_up_down_breadth_v1_20120705_20260814,capped_confirmation,limit_up_down_breadth_bottom::bottom::limit_up_down_breadth_v1_20120705_20260814::000020,2023-05-10,sse_composite,上证指数,20,True,20,True,2023-06-07,3319.15,-0.0365726164831357,0.004248075561514186,-0.045367036741334354
limit_up_down_breadth_bottom,bottom,limit_up_down_breadth_v1_20120705_20260814,capped_confirmation,limit_up_down_breadth_bottom::bottom::limit_up_down_breadth_v1_20120705_20260814::000021,2023-05-24,all_a,全A,5,True,5,True,2023-05-31,4833.62060546875,-0.003894737533279069,0.005498494583683344,-0.012430127317661799
limit_up_down_breadth_bottom,bottom,limit_up_down_breadth_v1_20120705_20260814,capped_confirmation,limit_up_down_breadth_bottom::bottom::limit_up_down_breadth_v1_20120705_20260814::000021,2023-05-24,all_a,全A,10,True,10,True,2023-06-07,4833.62060546875,-0.008037776580156808,0.010257640600227047,-0.012430127317661799
limit_up_down_breadth_bottom,bottom,limit_up_down_breadth_v1_20120705_20260814,capped_confirmation,limit_up_down_breadth_bottom::bottom::limit_up_down_breadth_v1_20120705_20260814::000021,2023-05-24,all_a,全A,20,True,20,True,2023-06-21,4833.62060546875,0.004014140458044491,0.02808090103750227,-0.014328755042677499
limit_up_down_breadth_bottom,bottom,limit_up_down_breadth_v1_20120705_20260814,capped_confirmation,limit_up_down_breadth_bottom::bottom::limit_up_down_breadth_v1_20120705_20260814::000021,2023-05-24,cni2000,国证2000,5,True,5,True,2023-05-31,8039.99,0.01010573396235559,0.013803499755596693,-0.013490066529933453
limit_up_down_breadth_bottom,bottom,limit_up_down_breadth_v1_20120705_20260814,capped_confirmation,limit_up_down_breadth_bottom::bottom::limit_up_down_breadth_v1_20120705_20260814::000021,2023-05-24,cni2000,国证2000,10,True,10,True,2023-06-07,8039.99,0.004614433600041767,0.023818437585121366,-0.013490066529933453
limit_up_down_breadth_bottom,bottom,limit_up_down_breadth_v1_20120705_20260814,capped_confirmation,limit_up_down_breadth_bottom::bottom::limit_up_down_breadth_v1_20120705_20260814::000021,2023-05-24,cni2000,国证2000,20,True,20,True,2023-06-21,8039.99,0.012769916380493074,0.03763561894977485,-0.013490066529933453
limit_up_down_breadth_bottom,bottom,limit_up_down_breadth_v1_20120705_20260814,capped_confirmation,limit_up_down_breadth_bottom::bottom::limit_up_down_breadth_v1_20120705_20260814::000021,2023-05-24,csi1000,中证1000,5,True,5,True,2023-05-31,6513.18,0.007441833328727165,0.010555519730761409,-0.013623145683061222
limit_up_down_breadth_bottom,bottom,limit_up_down_breadth_v1_20120705_20260814,capped_confirmation,limit_up_down_breadth_bottom::bottom::limit_up_down_breadth_v1_20120705_20260814::000021,2023-05-24,csi1000,中证1000,10,True,10,True,2023-06-07,6513.18,-0.0037800275748558487,0.020576738244605375,-0.013623145683061222
limit_up_down_breadth_bottom,bottom,limit_up_down_breadth_v1_20120705_20260814,capped_confirmation,limit_up_down_breadth_bottom::bottom::limit_up_down_breadth_v1_20120705_20260814::000021,2023-05-24,csi1000,中证1000,20,True,20,True,2023-06-21,6513.18,0.005409032147123183,0.03140247928047435,-0.017410849999539457
limit_up_down_breadth_bottom,bottom,limit_up_down_breadth_v1_20120705_20260814,capped_confirmation,limit_up_down_breadth_bottom::bottom::limit_up_down_breadth_v1_20120705_20260814::000021,2023-05-24,csi300,沪深300,5,True,5,True,2023-05-31,3859.09,-0.01569022748886395,0.0019771500535099573,-0.020131689076958614
limit_up_down_breadth_bottom,bottom,limit_up_down_breadth_v1_20120705_20260814,capped_confirmation,limit_up_down_breadth_bottom::bottom::limit_up_down_breadth_v1_20120705_20260814::000021,2023-05-24,csi300,沪深300,10,True,10,True,2023-06-07,3859.09,-0.01807420920476066,0.0022699651990494285,-0.02046855605855269
limit_up_down_breadth_bottom,bottom,limit_up_down_breadth_v1_20120705_20260814,capped_confirmation,limit_up_down_breadth_bottom::bottom::limit_up_down_breadth_v1_20120705_20260814::000021,2023-05-24,csi300,沪深300,20,True,20,True,2023-06-21,3859.09,0.0012800945300577293,0.028224270488638625,-0.021069734056474387
limit_up_down_breadth_bottom,bottom,limit_up_down_breadth_v1_20120705_20260814,capped_confirmation,limit_up_down_breadth_bottom::bottom::limit_up_down_breadth_v1_20120705_20260814::000021,2023-05-24,csi500,中证500,5,True,5,True,2023-05-31,6005.79,0.006994916572174548,0.009557443733463789,-0.013252211615790821
limit_up_down_breadth_bottom,bottom,limit_up_down_breadth_v1_20120705_20260814,capped_confirmation,limit_up_down_breadth_bottom::bottom::limit_up_down_breadth_v1_20120705_20260814::000021,2023-05-24,csi500,中证500,10,True,10,True,2023-06-07,6005.79,-0.0031269824619242215,0.0181957744110266,-0.013252211615790821
limit_up_down_breadth_bottom,bottom,limit_up_down_breadth_v1_20120705_20260814,capped_confirmation,limit_up_down_breadth_bottom::bottom::limit_up_down_breadth_v1_20120705_20260814::000021,2023-05-24,csi500,中证500,20,True,20,True,2023-06-21,6005.79,-0.0024875994665147783,0.02483270310816743,-0.013886599431548463
limit_up_down_breadth_bottom,bottom,limit_up_down_breadth_v1_20120705_20260814,capped_confirmation,limit_up_down_breadth_bottom::bottom::limit_up_down_breadth_v1_20120705_20260814::000021,2023-05-24,microcap,微盘股,5,True,5,True,2023-05-31,2605.03,-0.008806040621413214,0.005282088881893854,-0.0139153867709777
limit_up_down_breadth_bottom,bottom,limit_up_down_breadth_v1_20120705_20260814,capped_confirmation,limit_up_down_breadth_bottom::bottom::limit_up_down_breadth_v1_20120705_20260814::000021,2023-05-24,microcap,微盘股,10,True,10,True,2023-06-07,2605.03,0.0022686878845923353,0.01351232039554251,-0.01557755572872499
limit_up_down_breadth_bottom,bottom,limit_up_down_breadth_v1_20120705_20260814,capped_confirmation,limit_up_down_breadth_bottom::bottom::limit_up_down_breadth_v1_20120705_20260814::000021,2023-05-24,microcap,微盘股,20,True,20,True,2023-06-21,2605.03,-0.006011447085062516,0.02274829848408655,-0.01557755572872499
limit_up_down_breadth_bottom,bottom,limit_up_down_breadth_v1_20120705_20260814,capped_confirmation,limit_up_down_breadth_bottom::bottom::limit_up_down_breadth_v1_20120705_20260814::000021,2023-05-24,sse_composite,上证指数,5,True,5,True,2023-05-31,3204.75,-5.928699586554842e-05,0.008181605429440575,-0.011289492160074799
limit_up_down_breadth_bottom,bottom,limit_up_down_breadth_v1_20120705_20260814,capped_confirmation,limit_up_down_breadth_bottom::bottom::limit_up_down_breadth_v1_20120705_20260814::000021,2023-05-24,sse_composite,上证指数,10,True,10,True,2023-06-07,3204.75,-0.002181137374210107,0.013292768546688372,-0.011289492160074799
limit_up_down_breadth_bottom,bottom,limit_up_down_breadth_v1_20120705_20260814,capped_confirmation,limit_up_down_breadth_bottom::bottom::limit_up_down_breadth_v1_20120705_20260814::000021,2023-05-24,sse_composite,上证指数,20,True,20,True,2023-06-21,3204.75,-0.0021374522193619017,0.022404243700756776,-0.011289492160074799
limit_up_down_breadth_bottom,bottom,limit_up_down_breadth_v1_20120705_20260814,capped_confirmation,limit_up_down_breadth_bottom::bottom::limit_up_down_breadth_v1_20120705_20260814::000022,2024-06-12,all_a,全A,5,True,5,True,2024-06-19,4201.1796875,-0.005620631109937491,0.002152018313308579,-0.011474641609220626
limit_up_down_breadth_bottom,bottom,limit_up_down_breadth_v1_20120705_20260814,capped_confirmation,limit_up_down_breadth_bottom::bottom::limit_up_down_breadth_v1_20120705_20260814::000022,2024-06-12,all_a,全A,10,True,10,True,2024-06-26,4201.1796875,-0.028383257306820453,0.002152018313308579,-0.04806854148109441
limit_up_down_breadth_bottom,bottom,limit_up_down_breadth_v1_20120705_20260814,capped_confirmation,limit_up_down_breadth_bottom::bottom::limit_up_down_breadth_v1_20120705_20260814::000022,2024-06-12,all_a,全A,20,True,20,True,2024-07-10,4201.1796875,-0.055077884559954327,0.002152018313308579,-0.07264142698014509
limit_up_down_breadth_bottom,bottom,limit_up_down_breadth_v1_20120705_20260814,capped_confirmation,limit_up_down_breadth_bottom::bottom::limit_up_down_breadth_v1_20120705_20260814::000022,2024-06-12,cni2000,国证2000,5,True,5,True,2024-06-19,6454.07,-0.005399693526720317,0.00823046542724204,-0.014536563749695919
limit_up_down_breadth_bottom,bottom,limit_up_down_breadth_v1_20120705_20260814,capped_confirmation,limit_up_down_breadth_bottom::bottom::limit_up_down_breadth_v1_20120705_20260814::000022,2024-06-12,cni2000,国证2000,10,True,10,True,2024-06-26,6454.07,-0.03981053815654301,0.00823046542724204,-0.07494960544276708
limit_up_down_breadth_bottom,bottom,limit_up_down_breadth_v1_20120705_20260814,capped_confirmation,limit_up_down_breadth_bottom::bottom::limit_up_down_breadth_v1_20120705_20260814::000022,2024-06-12,cni2000,国证2000,20,True,20,True,2024-07-10,6454.07,-0.0854019246769867,0.00823046542724204,-0.11157455683003126
limit_up_down_breadth_bottom,bottom,limit_up_down_breadth_v1_20120705_20260814,capped_confirmation,limit_up_down_breadth_bottom::bottom::limit_up_down_breadth_v1_20120705_20260814::000022,2024-06-12,csi1000,中证1000,5,True,5,True,2024-06-19,5216.46,-0.010825348991461703,0.0048902895833573545,-0.014971839139953258
limit_up_down_breadth_bottom,bottom,limit_up_down_breadth_v1_20120705_20260814,capped_confirmation,limit_up_down_breadth_bottom::bottom::limit_up_down_breadth_v1_20120705_20260814::000022,2024-06-12,csi1000,中证1000,10,True,10,True,2024-06-26,5216.46,-0.044106539684000245,0.0048902895833573545,-0.07751616996967281
limit_up_down_breadth_bottom,bottom,limit_up_down_breadth_v1_20120705_20260814,capped_confirmation,limit_up_down_breadth_bottom::bottom::limit_up_down_breadth_v1_20120705_20260814::000022,2024-06-12,csi1000,中证1000,20,True,20,True,2024-07-10,5216.46,-0.08411451444082763,0.0048902895833573545,-0.10951104772201847
limit_up_down_breadth_bottom,bottom,limit_up_down_breadth_v1_20120705_20260814,capped_confirmation,limit_up_down_breadth_bottom::bottom::limit_up_down_breadth_v1_20120705_20260814::000022,2024-06-12,csi300,沪深300,5,True,5,True,2024-06-19,3544.12,-0.00433676060629995,0.002141575341692681,-0.01145559405437735
limit_up_down_breadth_bottom,bottom,limit_up_down_breadth_v1_20120705_20260814,capped_confirmation,limit_up_down_breadth_bottom::bottom::limit_up_down_breadth_v1_20120705_20260814::000022,2024-06-12,csi300,沪深300,10,True,10,True,2024-06-26,3544.12,-0.018018577249077294,0.002141575341692681,-0.029194835389320883
limit_up_down_breadth_bottom,bottom,limit_up_down_breadth_v1_20120705_20260814,capped_confirmation,limit_up_down_breadth_bottom::bottom::limit_up_down_breadth_v1_20120705_20260814::000022,2024-06-12,csi300,沪深300,20,True,20,True,2024-07-10,3544.12,-0.03249043486112213,0.002141575341692681,-0.04495050957642521
limit_up_down_breadth_bottom,bottom,limit_up_down_breadth_v1_20120705_20260814,capped_confirmation,limit_up_down_breadth_bottom::bottom::limit_up_down_breadth_v1_20120705_20260814::000022,2024-06-12,csi500,中证500,5,True,5,True,2024-06-19,5232.95,-0.012255037789392187,0.0020332699528946563,-0.013294604381849595
limit_up_down_breadth_bottom,bottom,limit_up_down_breadth_v1_20120705_20260814,capped_confirmation,limit_up_down_breadth_bottom::bottom::limit_up_down_breadth_v1_20120705_20260814::000022,2024-06-12,csi500,中证500,10,True,10,True,2024-06-26,5232.95,-0.04061189195386916,0.0020332699528946563,-0.06063310369867858
limit_up_down_breadth_bottom,bottom,limit_up_down_breadth_v1_20120705_20260814,capped_confirmation,limit_up_down_breadth_bottom::bottom::limit_up_down_breadth_v1_20120705_20260814::000022,2024-06-12,csi500,中证500,20,True,20,True,2024-07-10,5232.95,-0.07429652490469052,0.0020332699528946563,-0.09318453262500126
limit_up_down_breadth_bottom,bottom,limit_up_down_breadth_v1_20120705_20260814,capped_confirmation,limit_up_down_breadth_bottom::bottom::limit_up_down_breadth_v1_20120705_20260814::000022,2024-06-12,microcap,微盘股,5,True,5,True,2024-06-19,2488.0,0.011832797427652864,0.0176286173633442,-0.023424437299035428
limit_up_down_breadth_bottom,bottom,limit_up_down_breadth_v1_20120705_20260814,capped_confirmation,limit_up_down_breadth_bottom::bottom::limit_up_down_breadth_v1_20120705_20260814::000022,2024-06-12,microcap,微盘股,10,True,10,True,2024-06-26,2488.0,-0.005044212218649591,0.0176286173633442,-0.05993167202572347
limit_up_down_breadth_bottom,bottom,limit_up_down_breadth_v1_20120705_20260814,capped_confirmation,limit_up_down_breadth_bottom::bottom::limit_up_down_breadth_v1_20120705_20260814::000022,2024-06-12,microcap,微盘股,20,True,20,True,2024-07-10,2488.0,-0.05508440514469459,0.0176286173633442,-0.07800643086816716
limit_up_down_breadth_bottom,bottom,limit_up_down_breadth_v1_20120705_20260814,capped_confirmation,limit_up_down_breadth_bottom::bottom::limit_up_down_breadth_v1_20120705_20260814::000022,2024-06-12,sse_composite,上证指数,5,True,5,True,2024-06-19,3037.47,-0.006393478783329409,0.0009646185805951557,-0.008523540973244148
limit_up_down_breadth_bottom,bottom,limit_up_down_breadth_v1_20120705_20260814,capped_confirmation,limit_up_down_breadth_bottom::bottom::limit_up_down_breadth_v1_20120705_20260814::000022,2024-06-12,sse_composite,上证指数,10,True,10,True,2024-06-26,3037.47,-0.021379635025201793,0.0009646185805951557,-0.03428511228094433
limit_up_down_breadth_bottom,bottom,limit_up_down_breadth_v1_20120705_20260814,capped_confirmation,limit_up_down_breadth_bottom::bottom::limit_up_down_breadth_v1_20120705_20260814::000022,2024-06-12,sse_composite,上证指数,20,True,20,True,2024-07-10,3037.47,-0.032299907488798185,0.0009646185805951557,-0.04392800587330903
limit_up_down_breadth_bottom,bottom,limit_up_down_breadth_v1_20120705_20260814,capped_confirmation,limit_up_down_breadth_bottom::bottom::limit_up_down_breadth_v1_20120705_20260814::000023,2026-07-16,all_a,全A,5,True,5,True,2026-07-23,5956.50048828125,-0.02357480539454626,-0.006008732089490265,-0.0748929843175371
limit_up_down_breadth_bottom,bottom,limit_up_down_breadth_v1_20120705_20260814,capped_confirmation,limit_up_down_breadth_bottom::bottom::limit_up_down_breadth_v1_20120705_20260814::000023,2026-07-16,all_a,全A,10,True,10,True,2026-07-30,5956.50048828125,-0.062978808029863,-0.006008732089490265,-0.0748929843175371
limit_up_down_breadth_bottom,bottom,limit_up_down_breadth_v1_20120705_20260814,capped_confirmation,limit_up_down_breadth_bottom::bottom::limit_up_down_breadth_v1_20120705_20260814::000023,2026-07-16,all_a,全A,20,True,20,True,2026-08-13,5956.50048828125,0.0028145950380988882,0.019680278070677293,-0.0748929843175371
limit_up_down_breadth_bottom,bottom,limit_up_down_breadth_v1_20120705_20260814,capped_confirmation,limit_up_down_breadth_bottom::bottom::limit_up_down_breadth_v1_20120705_20260814::000023,2026-07-16,cni2000,国证2000,5,True,5,True,2026-07-23,9880.07,-0.06278599240693639,-0.003329935921506544,-0.13247578205417565
limit_up_down_breadth_bottom,bottom,limit_up_down_breadth_v1_20120705_20260814,capped_confirmation,limit_up_down_breadth_bottom::bottom::limit_up_down_breadth_v1_20120705_20260814::000023,2026-07-16,cni2000,国证2000,10,True,10,True,2026-07-30,9880.07,-0.10261364544988039,-0.003329935921506544,-0.13247578205417565
limit_up_down_breadth_bottom,bottom,limit_up_down_breadth_v1_20120705_20260814,capped_confirmation,limit_up_down_breadth_bottom::bottom::limit_up_down_breadth_v1_20120705_20260814::000023,2026-07-16,cni2000,国证2000,20,True,20,True,2026-08-13,9880.07,0.015817701696445585,0.0372831366579387,-0.13247578205417565
limit_up_down_breadth_bottom,bottom,limit_up_down_breadth_v1_20120705_20260814,capped_confirmation,limit_up_down_breadth_bottom::bottom::limit_up_down_breadth_v1_20120705_20260814::000023,2026-07-16,csi1000,中证1000,5,True,5,True,2026-07-23,7631.76,-0.05716374728765061,-0.0034264704340808416,-0.12023045798085896
limit_up_down_breadth_bottom,bottom,limit_up_down_breadth_v1_20120705_20260814,capped_confirmation,limit_up_down_breadth_bottom::bottom::limit_up_down_breadth_v1_20120705_20260814::000023,2026-07-16,csi1000,中证1000,10,True,10,True,2026-07-30,7631.76,-0.0957970376426932,-0.0034264704340808416,-0.12023045798085896
limit_up_down_breadth_bottom,bottom,limit_up_down_breadth_v1_20120705_20260814,capped_confirmation,limit_up_down_breadth_bottom::bottom::limit_up_down_breadth_v1_20120705_20260814::000023,2026-07-16,csi1000,中证1000,20,True,20,True,2026-08-13,7631.76,0.011023669507426836,0.03255605522186222,-0.12023045798085896
limit_up_down_breadth_bottom,bottom,limit_up_down_breadth_v1_20120705_20260814,capped_confirmation,limit_up_down_breadth_bottom::bottom::limit_up_down_breadth_v1_20120705_20260814::000023,2026-07-16,csi300,沪深300,5,True,5,True,2026-07-23,4698.43,0.006293591689138678,0.015675449032974687,-0.04391679773881918
limit_up_down_breadth_bottom,bottom,limit_up_down_breadth_v1_20120705_20260814,capped_confirmation,limit_up_down_breadth_bottom::bottom::limit_up_down_breadth_v1_20120705_20260814::000023,2026-07-16,csi300,沪深300,10,True,10,True,2026-07-30,4698.43,-0.031650998312202194,0.015675449032974687,-0.046870976049446345
limit_up_down_breadth_bottom,bottom,limit_up_down_breadth_v1_20120705_20260814,capped_confirmation,limit_up_down_breadth_bottom::bottom::limit_up_down_breadth_v1_20120705_20260814::000023,2026-07-16,csi300,沪深300,20,True,20,True,2026-08-13,4698.43,-0.007338621624670472,0.015675449032974687,-0.046870976049446345
limit_up_down_breadth_bottom,bottom,limit_up_down_breadth_v1_20120705_20260814,capped_confirmation,limit_up_down_breadth_bottom::bottom::limit_up_down_breadth_v1_20120705_20260814::000023,2026-07-16,csi500,中证500,5,True,5,True,2026-07-23,7955.66,-0.027822958748865534,-0.005897687935381812,-0.08825666255219544
limit_up_down_breadth_bottom,bottom,limit_up_down_breadth_v1_20120705_20260814,capped_confirmation,limit_up_down_breadth_bottom::bottom::limit_up_down_breadth_v1_20120705_20260814::000023,2026-07-16,csi500,中证500,10,True,10,True,2026-07-30,7955.66,-0.08121010701814813,-0.005897687935381812,-0.09222490654452298
limit_up_down_breadth_bottom,bottom,limit_up_down_breadth_v1_20120705_20260814,capped_confirmation,limit_up_down_breadth_bottom::bottom::limit_up_down_breadth_v1_20120705_20260814::000023,2026-07-16,csi500,中证500,20,True,20,True,2026-08-13,7955.66,0.0015988616909219378,0.023463798100974653,-0.09222490654452298
limit_up_down_breadth_bottom,bottom,limit_up_down_breadth_v1_20120705_20260814,capped_confirmation,limit_up_down_breadth_bottom::bottom::limit_up_down_breadth_v1_20120705_20260814::000023,2026-07-16,microcap,微盘股,5,True,5,True,2026-07-23,6223.65,-0.07389715038602751,0.01353546552264362,-0.1424903392703638
limit_up_down_breadth_bottom,bottom,limit_up_down_breadth_v1_20120705_20260814,capped_confirmation,limit_up_down_breadth_bottom::bottom::limit_up_down_breadth_v1_20120705_20260814::000023,2026-07-16,microcap,微盘股,10,True,10,True,2026-07-30,6223.65,-0.0485727828525061,0.01353546552264362,-0.1424903392703638
limit_up_down_breadth_bottom,bottom,limit_up_down_breadth_v1_20120705_20260814,capped_confirmation,limit_up_down_breadth_bottom::bottom::limit_up_down_breadth_v1_20120705_20260814::000023,2026-07-16,microcap,微盘股,20,True,20,True,2026-08-13,6223.65,0.07996754316197086,0.09774328569247959,-0.1424903392703638
limit_up_down_breadth_bottom,bottom,limit_up_down_breadth_v1_20120705_20260814,capped_confirmation,limit_up_down_breadth_bottom::bottom::limit_up_down_breadth_v1_20120705_20260814::000023,2026-07-16,sse_composite,上证指数,5,True,5,True,2026-07-23,3882.41,-0.0014501302026317386,0.0005228711032581046,-0.036394919650423296
limit_up_down_breadth_bottom,bottom,limit_up_down_breadth_v1_20120705_20260814,capped_confirmation,limit_up_down_breadth_bottom::bottom::limit_up_down_breadth_v1_20120705_20260814::000023,2026-07-16,sse_composite,上证指数,10,True,10,True,2026-07-30,3882.41,-0.020018493667593007,0.0005228711032581046,-0.036394919650423296
limit_up_down_breadth_bottom,bottom,limit_up_down_breadth_v1_20120705_20260814,capped_confirmation,limit_up_down_breadth_bottom::bottom::limit_up_down_breadth_v1_20120705_20260814::000023,2026-07-16,sse_composite,上证指数,20,True,20,True,2026-08-13,3882.41,0.011474831354751247,0.02216921963419627,-0.036394919650423296
limit_up_down_breadth_bottom,bottom,limit_up_down_breadth_v1_20120705_20260814,onset,limit_up_down_breadth_bottom::bottom::limit_up_down_breadth_v1_20120705_20260814::000001,2013-06-27,all_a,全A,5,True,5,True,2013-07-04,2534.050048828125,0.03646332967514998,0.04748913455977366,-0.013105487380905556
limit_up_down_breadth_bottom,bottom,limit_up_down_breadth_v1_20120705_20260814,onset,limit_up_down_breadth_bottom::bottom::limit_up_down_breadth_v1_20120705_20260814::000001,2013-06-27,all_a,全A,10,True,10,True,2013-07-11,2534.050048828125,0.06958034173039107,0.07910260149146353,-0.013105487380905556
limit_up_down_breadth_bottom,bottom,limit_up_down_breadth_v1_20120705_20260814,onset,limit_up_down_breadth_bottom::bottom::limit_up_down_breadth_v1_20120705_20260814::000001,2013-06-27,all_a,全A,20,True,20,True,2013-07-25,2534.050048828125,0.05814796498741881,0.08541265453945668,-0.013105487380905556
limit_up_down_breadth_bottom,bottom,limit_up_down_breadth_v1_20120705_20260814,onset,limit_up_down_breadth_bottom::bottom::limit_up_down_breadth_v1_20120705_20260814::000001,2013-06-27,cni2000,国证2000,5,True,5,True,2013-07-04,3019.41,0.04579040276080426,0.05606724492533299,-0.019056703130744035
limit_up_down_breadth_bottom,bottom,limit_up_down_breadth_v1_20120705_20260814,onset,limit_up_down_breadth_bottom::bottom::limit_up_down_breadth_v1_20120705_20260814::000001,2013-06-27,cni2000,国证2000,10,True,10,True,2013-07-11,3019.41,0.05453714467395954,0.06107815765331637,-0.019056703130744035
limit_up_down_breadth_bottom,bottom,limit_up_down_breadth_v1_20120705_20260814,onset,limit_up_down_breadth_bottom::bottom::limit_up_down_breadth_v1_20120705_20260814::000001,2013-06-27,cni2000,国证2000,20,True,20,True,2013-07-25,3019.41,0.09387595589866904,0.12147737471890196,-0.019056703130744035
limit_up_down_breadth_bottom,bottom,limit_up_down_breadth_v1_20120705_20260814,onset,limit_up_down_breadth_bottom::bottom::limit_up_down_breadth_v1_20120705_20260814::000001,2013-06-27,csi1000,中证1000,5,True,5,True,2013-07-04,3625.68,0.04686844950464475,0.05893515147503381,-0.019135720747556206
limit_up_down_breadth_bottom,bottom,limit_up_down_breadth_v1_20120705_20260814,onset,limit_up_down_breadth_bottom::bottom::limit_up_down_breadth_v1_20120705_20260814::000001,2013-06-27,csi1000,中证1000,10,True,10,True,2013-07-11,3625.68,0.056913461750623506,0.06349429624236014,-0.019135720747556206
limit_up_down_breadth_bottom,bottom,limit_up_down_breadth_v1_20120705_20260814,onset,limit_up_down_breadth_bottom::bottom::limit_up_down_breadth_v1_20120705_20260814::000001,2013-06-27,csi1000,中证1000,20,True,20,True,2013-07-25,3625.68,0.09312184197171303,0.12144756293991765,-0.019135720747556206
limit_up_down_breadth_bottom,bottom,limit_up_down_breadth_v1_20120705_20260814,onset,limit_up_down_breadth_bottom::bottom::limit_up_down_breadth_v1_20120705_20260814::000001,2013-06-27,csi300,沪深300,5,True,5,True,2013-07-04,2160.74,0.028342142043929597,0.03941705156566733,-0.009890130233160765
limit_up_down_breadth_bottom,bottom,limit_up_down_breadth_v1_20120705_20260814,onset,limit_up_down_breadth_bottom::bottom::limit_up_down_breadth_v1_20120705_20260814::000001,2013-06-27,csi300,沪深300,10,True,10,True,2013-07-11,2160.74,0.07680239177318904,0.08815498394068699,-0.009890130233160765
limit_up_down_breadth_bottom,bottom,limit_up_down_breadth_v1_20120705_20260814,onset,limit_up_down_breadth_bottom::bottom::limit_up_down_breadth_v1_20120705_20260814::000001,2013-06-27,csi300,沪深300,20,True,20,True,2013-07-25,2160.74,0.035608171274655875,0.08815498394068699,-0.009890130233160765
limit_up_down_breadth_bottom,bottom,limit_up_down_breadth_v1_20120705_20260814,onset,limit_up_down_breadth_bottom::bottom::limit_up_down_breadth_v1_20120705_20260814::000001,2013-06-27,csi500,中证500,5,True,5,True,2013-07-04,3233.22,0.04864191115977268,0.060051589437155606,-0.01762329813622332
limit_up_down_breadth_bottom,bottom,limit_up_down_breadth_v1_20120705_20260814,onset,limit_up_down_breadth_bottom::bottom::limit_up_down_breadth_v1_20120705_20260814::000001,2013-06-27,csi500,中证500,10,True,10,True,2013-07-11,3233.22,0.06886633139718312,0.07780788192575838,-0.01762329813622332
limit_up_down_breadth_bottom,bottom,limit_up_down_breadth_v1_20120705_20260814,onset,limit_up_down_breadth_bottom::bottom::limit_up_down_breadth_v1_20120705_20260814::000001,2013-06-27,csi500,中证500,20,True,20,True,2013-07-25,3233.22,0.08196782155250792,0.10570885989818213,-0.01762329813622332
limit_up_down_breadth_bottom,bottom,limit_up_down_breadth_v1_20120705_20260814,onset,limit_up_down_breadth_bottom::bottom::limit_up_down_breadth_v1_20120705_20260814::000001,2013-06-27,microcap,微盘股,5,True,5,True,2013-07-04,611.99,0.04913478978414676,0.06156963349074318,-0.01794146963185672
limit_up_down_breadth_bottom,bottom,limit_up_down_breadth_v1_20120705_20260814,onset,limit_up_down_breadth_bottom::bottom::limit_up_down_breadth_v1_20120705_20260814::000001,2013-06-27,microcap,微盘股,10,True,10,True,2013-07-11,611.99,0.06325266752724734,0.07170051798232002,-0.01794146963185672
limit_up_down_breadth_bottom,bottom,limit_up_down_breadth_v1_20120705_20260814,onset,limit_up_down_breadth_bottom::bottom::limit_up_down_breadth_v1_20120705_20260814::000001,2013-06-27,microcap,微盘股,20,True,20,True,2013-07-25,611.99,0.08844915766597494,0.11181555254170816,-0.01794146963185672
limit_up_down_breadth_bottom,bottom,limit_up_down_breadth_v1_20120705_20260814,onset,limit_up_down_breadth_bottom::bottom::limit_up_down_breadth_v1_20120705_20260814::000001,2013-06-27,sse_composite,上证指数,5,True,5,True,2013-07-04,1950.01,0.028763955056640755,0.03698955389972358,-0.012492243629519839
limit_up_down_breadth_bottom,bottom,limit_up_down_breadth_v1_20120705_20260814,onset,limit_up_down_breadth_bottom::bottom::limit_up_down_breadth_v1_20120705_20260814::000001,2013-06-27,sse_composite,上证指数,10,True,10,True,2013-07-11,1950.01,0.06306634324952176,0.07326116276326777,-0.012492243629519839
limit_up_down_breadth_bottom,bottom,limit_up_down_breadth_v1_20120705_20260814,onset,limit_up_down_breadth_bottom::bottom::limit_up_down_breadth_v1_20120705_20260814::000001,2013-06-27,sse_composite,上证指数,20,True,20,True,2013-07-25,1950.01,0.036492120553228036,0.07326116276326777,-0.012492243629519839
limit_up_down_breadth_bottom,bottom,limit_up_down_breadth_v1_20120705_20260814,onset,limit_up_down_breadth_bottom::bottom::limit_up_down_breadth_v1_20120705_20260814::000002,2014-01-13,all_a,全A,5,True,5,True,2014-01-20,2748.419921875,-0.0008622674533876884,0.024832449894861552,-0.005566763857926871
limit_up_down_breadth_bottom,bottom,limit_up_down_breadth_v1_20120705_20260814,onset,limit_up_down_breadth_bottom::bottom::limit_up_down_breadth_v1_20120705_20260814::000002,2014-01-13,all_a,全A,10,True,10,True,2014-01-27,2748.419921875,0.040674293681525864,0.05162607634642358,-0.005566763857926871
limit_up_down_breadth_bottom,bottom,limit_up_down_breadth_v1_20120705_20260814,onset,limit_up_down_breadth_bottom::bottom::limit_up_down_breadth_v1_20120705_20260814::000002,2014-01-13,all_a,全A,20,True,20,True,2014-02-17,2748.419921875,0.10779648960233534,0.10780013160971036,-0.005566763857926871
limit_up_down_breadth_bottom,bottom,limit_up_down_breadth_v1_20120705_20260814,onset,limit_up_down_breadth_bottom::bottom::limit_up_down_breadth_v1_20120705_20260814::000002,2014-01-13,cni2000,国证2000,5,True,5,True,2014-01-20,3693.74,0.01669852236486613,0.03874122163444116,-0.0004169216024950684
limit_up_down_breadth_bottom,bottom,limit_up_down_breadth_v1_20120705_20260814,onset,limit_up_down_breadth_bottom::bottom::limit_up_down_breadth_v1_20120705_20260814::000002,2014-01-13,cni2000,国证2000,10,True,10,True,2014-01-27,3693.74,0.07890647419688457,0.08752917097575907,-0.0004169216024950684
limit_up_down_breadth_bottom,bottom,limit_up_down_breadth_v1_20120705_20260814,onset,limit_up_down_breadth_bottom::bottom::limit_up_down_breadth_v1_20120705_20260814::000002,2014-01-13,cni2000,国证2000,20,True,20,True,2014-02-17,3693.74,0.18446073627272108,0.18446073627272108,-0.0004169216024950684
limit_up_down_breadth_bottom,bottom,limit_up_down_breadth_v1_20120705_20260814,onset,limit_up_down_breadth_bottom::bottom::limit_up_down_breadth_v1_20120705_20260814::000002,2014-01-13,csi1000,中证1000,5,True,5,True,2014-01-20,4346.71,0.015733738850763013,0.039482735218130394,-0.00029677618244605686
limit_up_down_breadth_bottom,bottom,limit_up_down_breadth_v1_20120705_20260814,onset,limit_up_down_breadth_bottom::bottom::limit_up_down_breadth_v1_20120705_20260814::000002,2014-01-13,csi1000,中证1000,10,True,10,True,2014-01-27,4346.71,0.07714800389259935,0.08725219763913405,-0.00029677618244605686
limit_up_down_breadth_bottom,bottom,limit_up_down_breadth_v1_20120705_20260814,onset,limit_up_down_breadth_bottom::bottom::limit_up_down_breadth_v1_20120705_20260814::000002,2014-01-13,csi1000,中证1000,20,True,20,True,2014-02-17,4346.71,0.17730191340117019,0.17730191340117019,-0.00029677618244605686
limit_up_down_breadth_bottom,bottom,limit_up_down_breadth_v1_20120705_20260814,onset,limit_up_down_breadth_bottom::bottom::limit_up_down_breadth_v1_20120705_20260814::000002,2014-01-13,csi300,沪深300,5,True,5,True,2014-01-20,2193.68,-0.012622624995441423,0.015307610955107576,-0.016966923161080838
limit_up_down_breadth_bottom,bottom,limit_up_down_breadth_v1_20120705_20260814,onset,limit_up_down_breadth_bottom::bottom::limit_up_down_breadth_v1_20120705_20260814::000002,2014-01-13,csi300,沪深300,10,True,10,True,2014-01-27,2193.68,0.010138215236497716,0.02902884650450388,-0.016966923161080838
limit_up_down_breadth_bottom,bottom,limit_up_down_breadth_v1_20120705_20260814,onset,limit_up_down_breadth_bottom::bottom::limit_up_down_breadth_v1_20120705_20260814::000002,2014-01-13,csi300,沪深300,20,True,20,True,2014-02-17,2193.68,0.053777214543598184,0.05556872470004737,-0.016966923161080838
limit_up_down_breadth_bottom,bottom,limit_up_down_breadth_v1_20120705_20260814,onset,limit_up_down_breadth_bottom::bottom::limit_up_down_breadth_v1_20120705_20260814::000002,2014-01-13,csi500,中证500,5,True,5,True,2014-01-20,3612.02,0.00888699398120707,0.03490013898040423,-0.0027768395523835032
limit_up_down_breadth_bottom,bottom,limit_up_down_breadth_v1_20120705_20260814,onset,limit_up_down_breadth_bottom::bottom::limit_up_down_breadth_v1_20120705_20260814::000002,2014-01-13,csi500,中证500,10,True,10,True,2014-01-27,3612.02,0.0747310369267058,0.08434338680295239,-0.0027768395523835032
limit_up_down_breadth_bottom,bottom,limit_up_down_breadth_v1_20120705_20260814,onset,limit_up_down_breadth_bottom::bottom::limit_up_down_breadth_v1_20120705_20260814::000002,2014-01-13,csi500,中证500,20,True,20,True,2014-02-17,3612.02,0.16631137147634845,0.1664221128343697,-0.0027768395523835032
limit_up_down_breadth_bottom,bottom,limit_up_down_breadth_v1_20120705_20260814,onset,limit_up_down_breadth_bottom::bottom::limit_up_down_breadth_v1_20120705_20260814::000002,2014-01-13,microcap,微盘股,5,True,5,True,2014-01-20,685.33,0.014562327637780204,0.0357637926254506,-0.0009484481928415667
limit_up_down_breadth_bottom,bottom,limit_up_down_breadth_v1_20120705_20260814,onset,limit_up_down_breadth_bottom::bottom::limit_up_down_breadth_v1_20120705_20260814::000002,2014-01-13,microcap,微盘股,10,True,10,True,2014-01-27,685.33,0.0778019348343133,0.08687785446427254,-0.0009484481928415667
limit_up_down_breadth_bottom,bottom,limit_up_down_breadth_v1_20120705_20260814,onset,limit_up_down_breadth_bottom::bottom::limit_up_down_breadth_v1_20120705_20260814::000002,2014-01-13,microcap,微盘股,20,True,20,True,2014-02-17,685.33,0.17334714663009043,0.17349306173668166,-0.0009484481928415667
limit_up_down_breadth_bottom,bottom,limit_up_down_breadth_v1_20120705_20260814,onset,limit_up_down_breadth_bottom::bottom::limit_up_down_breadth_v1_20120705_20260814::000002,2014-01-13,sse_composite,上证指数,5,True,5,True,2014-01-20,2009.56,-0.009111447281992091,0.012515177451780435,-0.012311152690141158
limit_up_down_breadth_bottom,bottom,limit_up_down_breadth_v1_20120705_20260814,onset,limit_up_down_breadth_bottom::bottom::limit_up_down_breadth_v1_20120705_20260814::000002,2014-01-13,sse_composite,上证指数,10,True,10,True,2014-01-27,2009.56,0.01181353132028895,0.025592667051493878,-0.012311152690141158
limit_up_down_breadth_bottom,bottom,limit_up_down_breadth_v1_20120705_20260814,onset,limit_up_down_breadth_bottom::bottom::limit_up_down_breadth_v1_20120705_20260814::000002,2014-01-13,sse_composite,上证指数,20,True,20,True,2014-02-17,2009.56,0.06262564939588766,0.06314317562053384,-0.012311152690141158
limit_up_down_breadth_bottom,bottom,limit_up_down_breadth_v1_20120705_20260814,onset,limit_up_down_breadth_bottom::bottom::limit_up_down_breadth_v1_20120705_20260814::000003,2014-05-07,all_a,全A,5,True,5,True,2014-05-14,2768.449951171875,0.014264296241894847,0.019068446240162018,-0.012295703250149392
limit_up_down_breadth_bottom,bottom,limit_up_down_breadth_v1_20120705_20260814,onset,limit_up_down_breadth_bottom::bottom::limit_up_down_breadth_v1_20120705_20260814::000003,2014-05-07,all_a,全A,10,True,10,True,2014-05-21,2768.449951171875,-0.0010655605930771639,0.019068446240162018,-0.019169596451223736
limit_up_down_breadth_bottom,bottom,limit_up_down_breadth_v1_20120705_20260814,onset,limit_up_down_breadth_bottom::bottom::limit_up_down_breadth_v1_20120705_20260814::000003,2014-05-07,all_a,全A,20,True,20,True,2014-06-05,2768.449951171875,0.016568880780410522,0.026487774537502284,-0.019169596451223736
limit_up_down_breadth_bottom,bottom,limit_up_down_breadth_v1_20120705_20260814,onset,limit_up_down_breadth_bottom::bottom::limit_up_down_breadth_v1_20120705_20260814::000003,2014-05-07,cni2000,国证2000,5,True,5,True,2014-05-14,3958.49,0.010200859418616703,0.013404101058737128,-0.017337419066361104
limit_up_down_breadth_bottom,bottom,limit_up_down_breadth_v1_20120705_20260814,onset,limit_up_down_breadth_bottom::bottom::limit_up_down_breadth_v1_20120705_20260814::000003,2014-05-07,cni2000,国证2000,10,True,10,True,2014-05-21,3958.49,0.00046229749222570504,0.013404101058737128,-0.02221048935326342
limit_up_down_breadth_bottom,bottom,limit_up_down_breadth_v1_20120705_20260814,onset,limit_up_down_breadth_bottom::bottom::limit_up_down_breadth_v1_20120705_20260814::000003,2014-05-07,cni2000,国证2000,20,True,20,True,2014-06-05,3958.49,0.03000639132598537,0.035121978330121095,-0.02221048935326342
limit_up_down_breadth_bottom,bottom,limit_up_down_breadth_v1_20120705_20260814,onset,limit_up_down_breadth_bottom::bottom::limit_up_down_breadth_v1_20120705_20260814::000003,2014-05-07,csi1000,中证1000,5,True,5,True,2014-05-14,4533.01,0.009854379319701456,0.013902462160904072,-0.0183608683854658
limit_up_down_breadth_bottom,bottom,limit_up_down_breadth_v1_20120705_20260814,onset,limit_up_down_breadth_bottom::bottom::limit_up_down_breadth_v1_20120705_20260814::000003,2014-05-07,csi1000,中证1000,10,True,10,True,2014-05-21,4533.01,-0.0031656669630114598,0.013902462160904072,-0.025543733633943022
limit_up_down_breadth_bottom,bottom,limit_up_down_breadth_v1_20120705_20260814,onset,limit_up_down_breadth_bottom::bottom::limit_up_down_breadth_v1_20120705_20260814::000003,2014-05-07,csi1000,中证1000,20,True,20,True,2014-06-05,4533.01,0.030513941067855432,0.03613713625162962,-0.025543733633943022
limit_up_down_breadth_bottom,bottom,limit_up_down_breadth_v1_20120705_20260814,onset,limit_up_down_breadth_bottom::bottom::limit_up_down_breadth_v1_20120705_20260814::000003,2014-05-07,csi300,沪深300,5,True,5,True,2014-05-14,2137.32,0.016399041790653657,0.022331705126045653,-0.007822880991147918
limit_up_down_breadth_bottom,bottom,limit_up_down_breadth_v1_20120705_20260814,onset,limit_up_down_breadth_bottom::bottom::limit_up_down_breadth_v1_20120705_20260814::000003,2014-05-07,csi300,沪深300,10,True,10,True,2014-05-21,2137.32,-0.0006643834334587595,0.022331705126045653,-0.019094005577077855
limit_up_down_breadth_bottom,bottom,limit_up_down_breadth_v1_20120705_20260814,onset,limit_up_down_breadth_bottom::bottom::limit_up_down_breadth_v1_20120705_20260814::000003,2014-05-07,csi300,沪深300,20,True,20,True,2014-06-05,2137.32,0.006213388729811031,0.022331705126045653,-0.019094005577077855
limit_up_down_breadth_bottom,bottom,limit_up_down_breadth_v1_20120705_20260814,onset,limit_up_down_breadth_bottom::bottom::limit_up_down_breadth_v1_20120705_20260814::000003,2014-05-07,csi500,中证500,5,True,5,True,2014-05-14,3749.97,0.014354781504918757,0.01860814886519102,-0.01651213209705671
limit_up_down_breadth_bottom,bottom,limit_up_down_breadth_v1_20120705_20260814,onset,limit_up_down_breadth_bottom::bottom::limit_up_down_breadth_v1_20120705_20260814::000003,2014-05-07,csi500,中证500,10,True,10,True,2014-05-21,3749.97,-0.0007040056320449795,0.01860814886519102,-0.018754816705200295
limit_up_down_breadth_bottom,bottom,limit_up_down_breadth_v1_20120705_20260814,onset,limit_up_down_breadth_bottom::bottom::limit_up_down_breadth_v1_20120705_20260814::000003,2014-05-07,csi500,中证500,20,True,20,True,2014-06-05,3749.97,0.02189084179340095,0.03310159814611846,-0.018754816705200295
limit_up_down_breadth_bottom,bottom,limit_up_down_breadth_v1_20120705_20260814,onset,limit_up_down_breadth_bottom::bottom::limit_up_down_breadth_v1_20120705_20260814::000003,2014-05-07,microcap,微盘股,5,True,5,True,2014-05-14,715.51,0.011572165308660898,0.015932691366997043,-0.018490307612751722
limit_up_down_breadth_bottom,bottom,limit_up_down_breadth_v1_20120705_20260814,onset,limit_up_down_breadth_bottom::bottom::limit_up_down_breadth_v1_20120705_20260814::000003,2014-05-07,microcap,微盘股,10,True,10,True,2014-05-21,715.51,-0.001872790037875105,0.015932691366997043,-0.022417576274265882
limit_up_down_breadth_bottom,bottom,limit_up_down_breadth_v1_20120705_20260814,onset,limit_up_down_breadth_bottom::bottom::limit_up_down_breadth_v1_20120705_20260814::000003,2014-05-07,microcap,微盘股,20,True,20,True,2014-06-05,715.51,0.026386773070956382,0.03654735782868168,-0.022417576274265882
limit_up_down_breadth_bottom,bottom,limit_up_down_breadth_v1_20120705_20260814,onset,limit_up_down_breadth_bottom::bottom::limit_up_down_breadth_v1_20120705_20260814::000003,2014-05-07,sse_composite,上证指数,5,True,5,True,2014-05-14,2010.08,0.0188201464618325,0.025362174639815382,-0.004367985353816772
limit_up_down_breadth_bottom,bottom,limit_up_down_breadth_v1_20120705_20260814,onset,limit_up_down_breadth_bottom::bottom::limit_up_down_breadth_v1_20120705_20260814::000003,2014-05-07,sse_composite,上证指数,10,True,10,True,2014-05-21,2010.08,0.007397715513810521,0.025362174639815382,-0.009462309957812609
limit_up_down_breadth_bottom,bottom,limit_up_down_breadth_v1_20120705_20260814,onset,limit_up_down_breadth_bottom::bottom::limit_up_down_breadth_v1_20120705_20260814::000003,2014-05-07,sse_composite,上证指数,20,True,20,True,2014-06-05,2010.08,0.015322773222956387,0.025362174639815382,-0.009462309957812609
limit_up_down_breadth_bottom,bottom,limit_up_down_breadth_v1_20120705_20260814,onset,limit_up_down_breadth_bottom::bottom::limit_up_down_breadth_v1_20120705_20260814::000004,2017-03-03,all_a,全A,5,True,5,True,2017-03-10,4888.77978515625,0.0012253025577442234,0.010536423436917852,-0.0021948177132725677
limit_up_down_breadth_bottom,bottom,limit_up_down_breadth_v1_20120705_20260814,onset,limit_up_down_breadth_bottom::bottom::limit_up_down_breadth_v1_20120705_20260814::000004,2017-03-03,all_a,全A,10,True,10,True,2017-03-17,4888.77978515625,0.007108113174888908,0.017791756694144123,-0.004538952945605135
limit_up_down_breadth_bottom,bottom,limit_up_down_breadth_v1_20120705_20260814,onset,limit_up_down_breadth_bottom::bottom::limit_up_down_breadth_v1_20120705_20260814::000004,2017-03-03,all_a,全A,20,True,20,True,2017-03-31,4888.77978515625,-0.005168982985892967,0.017791756694144123,-0.011405661141518975
limit_up_down_breadth_bottom,bottom,limit_up_down_breadth_v1_20120705_20260814,onset,limit_up_down_breadth_bottom::bottom::limit_up_down_breadth_v1_20120705_20260814::000004,2017-03-03,cni2000,国证2000,5,True,5,True,2017-03-10,9093.53,0.003681738554774716,0.013675657307997913,0.00025842549592947073
limit_up_down_breadth_bottom,bottom,limit_up_down_breadth_v1_20120705_20260814,onset,limit_up_down_breadth_bottom::bottom::limit_up_down_breadth_v1_20120705_20260814::000004,2017-03-03,cni2000,国证2000,10,True,10,True,2017-03-17,9093.53,0.011968949351901959,0.021965067471048094,-0.004016042175041035
limit_up_down_breadth_bottom,bottom,limit_up_down_breadth_v1_20120705_20260814,onset,limit_up_down_breadth_bottom::bottom::limit_up_down_breadth_v1_20120705_20260814::000004,2017-03-03,cni2000,国证2000,20,True,20,True,2017-03-31,9093.53,-0.017951224661929888,0.021965067471048094,-0.023935699337880867
limit_up_down_breadth_bottom,bottom,limit_up_down_breadth_v1_20120705_20260814,onset,limit_up_down_breadth_bottom::bottom::limit_up_down_breadth_v1_20120705_20260814::000004,2017-03-03,csi1000,中证1000,5,True,5,True,2017-03-10,8505.45,0.00380109224085734,0.014116830973081917,0.0009123561951451808
limit_up_down_breadth_bottom,bottom,limit_up_down_breadth_v1_20120705_20260814,onset,limit_up_down_breadth_bottom::bottom::limit_up_down_breadth_v1_20120705_20260814::000004,2017-03-03,csi1000,中证1000,10,True,10,True,2017-03-17,8505.45,0.011571404217296077,0.023443791921650137,-0.0032626139710421054
limit_up_down_breadth_bottom,bottom,limit_up_down_breadth_v1_20120705_20260814,onset,limit_up_down_breadth_bottom::bottom::limit_up_down_breadth_v1_20120705_20260814::000004,2017-03-03,csi1000,中证1000,20,True,20,True,2017-03-31,8505.45,-0.01955216949132632,0.023443791921650137,-0.025132121169367916
limit_up_down_breadth_bottom,bottom,limit_up_down_breadth_v1_20120705_20260814,onset,limit_up_down_breadth_bottom::bottom::limit_up_down_breadth_v1_20120705_20260814::000004,2017-03-03,csi300,沪深300,5,True,5,True,2017-03-10,3427.86,8.751816001684176e-06,0.008512599697770629,-0.0038449644967998298
limit_up_down_breadth_bottom,bottom,limit_up_down_breadth_v1_20120705_20260814,onset,limit_up_down_breadth_bottom::bottom::limit_up_down_breadth_v1_20120705_20260814::000004,2017-03-03,csi300,沪深300,10,True,10,True,2017-03-17,3427.86,0.005236503241089041,0.018749307147899907,-0.004425501624920503
limit_up_down_breadth_bottom,bottom,limit_up_down_breadth_v1_20120705_20260814,onset,limit_up_down_breadth_bottom::bottom::limit_up_down_breadth_v1_20120705_20260814::000004,2017-03-03,csi300,沪深300,20,True,20,True,2017-03-31,3427.86,0.00822378976971061,0.0227897288687402,-0.004425501624920503
limit_up_down_breadth_bottom,bottom,limit_up_down_breadth_v1_20120705_20260814,onset,limit_up_down_breadth_bottom::bottom::limit_up_down_breadth_v1_20120705_20260814::000004,2017-03-03,csi500,中证500,5,True,5,True,2017-03-10,6452.84,-0.0007624549810626435,0.011212117455259962,-0.004314379405037205
limit_up_down_breadth_bottom,bottom,limit_up_down_breadth_v1_20120705_20260814,onset,limit_up_down_breadth_bottom::bottom::limit_up_down_breadth_v1_20120705_20260814::000004,2017-03-03,csi500,中证500,10,True,10,True,2017-03-17,6452.84,0.004712653653275112,0.01592167169804304,-0.00621896715244763
limit_up_down_breadth_bottom,bottom,limit_up_down_breadth_v1_20120705_20260814,onset,limit_up_down_breadth_bottom::bottom::limit_up_down_breadth_v1_20120705_20260814::000004,2017-03-03,csi500,中证500,20,True,20,True,2017-03-31,6452.84,-0.007932941154592421,0.015954215508210412,-0.013542874145337613
limit_up_down_breadth_bottom,bottom,limit_up_down_breadth_v1_20120705_20260814,onset,limit_up_down_breadth_bottom::bottom::limit_up_down_breadth_v1_20120705_20260814::000004,2017-03-03,microcap,微盘股,5,True,5,True,2017-03-10,1053.29,0.0017943776168007908,0.013215733558659126,-0.0035222968033495894
limit_up_down_breadth_bottom,bottom,limit_up_down_breadth_v1_20120705_20260814,onset,limit_up_down_breadth_bottom::bottom::limit_up_down_breadth_v1_20120705_20260814::000004,2017-03-03,microcap,微盘股,10,True,10,True,2017-03-17,1053.29,0.009854835800207074,0.019576754739910385,-0.003835600831679775
limit_up_down_breadth_bottom,bottom,limit_up_down_breadth_v1_20120705_20260814,onset,limit_up_down_breadth_bottom::bottom::limit_up_down_breadth_v1_20120705_20260814::000004,2017-03-03,microcap,微盘股,20,True,20,True,2017-03-31,1053.29,-0.009645966447986654,0.019576754739910385,-0.01611142230534801
limit_up_down_breadth_bottom,bottom,limit_up_down_breadth_v1_20120705_20260814,onset,limit_up_down_breadth_bottom::bottom::limit_up_down_breadth_v1_20120705_20260814::000004,2017-03-03,sse_composite,上证指数,5,True,5,True,2017-03-10,3218.31,-0.001724507583172441,0.00838638912969869,-0.00404870879436714
limit_up_down_breadth_bottom,bottom,limit_up_down_breadth_v1_20120705_20260814,onset,limit_up_down_breadth_bottom::bottom::limit_up_down_breadth_v1_20120705_20260814::000004,2017-03-03,sse_composite,上证指数,10,True,10,True,2017-03-17,3218.31,0.005947220746292281,0.0173631502248075,-0.007814660489511627
limit_up_down_breadth_bottom,bottom,limit_up_down_breadth_v1_20120705_20260814,onset,limit_up_down_breadth_bottom::bottom::limit_up_down_breadth_v1_20120705_20260814::000004,2017-03-03,sse_composite,上证指数,20,True,20,True,2017-03-31,3218.31,0.0013050327656440874,0.020175185112683236,-0.007814660489511627
limit_up_down_breadth_bottom,bottom,limit_up_down_breadth_v1_20120705_20260814,onset,limit_up_down_breadth_bottom::bottom::limit_up_down_breadth_v1_20120705_20260814::000005,2017-04-25,all_a,全A,5,True,5,True,2017-05-03,4686.41015625,0.0024816186430012266,0.0071888589096964495,-0.014744782328558026
limit_up_down_breadth_bottom,bottom,limit_up_down_breadth_v1_20120705_20260814,onset,limit_up_down_breadth_bottom::bottom::limit_up_down_breadth_v1_20120705_20260814::000005,2017-04-25,all_a,全A,10,True,10,True,2017-05-10,4686.41015625,-0.03373586442181142,0.0071888589096964495,-0.03381056929069337
limit_up_down_breadth_bottom,bottom,limit_up_down_breadth_v1_20120705_20260814,onset,limit_up_down_breadth_bottom::bottom::limit_up_down_breadth_v1_20120705_20260814::000005,2017-04-25,all_a,全A,20,True,20,True,2017-05-24,4686.41015625,-0.03599982829341153,0.0071888589096964495,-0.053230501091503735
limit_up_down_breadth_bottom,bottom,limit_up_down_breadth_v1_20120705_20260814,onset,limit_up_down_breadth_bottom::bottom::limit_up_down_breadth_v1_20120705_20260814::000005,2017-04-25,cni2000,国证2000,5,True,5,True,2017-05-03,8240.87,0.018818401455186207,0.02214814697962697,-0.016628098732294094
limit_up_down_breadth_bottom,bottom,limit_up_down_breadth_v1_20120705_20260814,onset,limit_up_down_breadth_bottom::bottom::limit_up_down_breadth_v1_20120705_20260814::000005,2017-04-25,cni2000,国证2000,10,True,10,True,2017-05-10,8240.87,-0.03108409670338208,0.025672046762053036,-0.031133848731990765
limit_up_down_breadth_bottom,bottom,limit_up_down_breadth_v1_20120705_20260814,onset,limit_up_down_breadth_bottom::bottom::limit_up_down_breadth_v1_20120705_20260814::000005,2017-04-25,cni2000,国证2000,20,True,20,True,2017-05-24,8240.87,-0.06375297753756592,0.025672046762053036,-0.0872043849739167
limit_up_down_breadth_bottom,bottom,limit_up_down_breadth_v1_20120705_20260814,onset,limit_up_down_breadth_bottom::bottom::limit_up_down_breadth_v1_20120705_20260814::000005,2017-04-25,csi1000,中证1000,5,True,5,True,2017-05-03,7724.0,0.0138063179699639,0.017646297255308196,-0.01695753495598129
limit_up_down_breadth_bottom,bottom,limit_up_down_breadth_v1_20120705_20260814,onset,limit_up_down_breadth_bottom::bottom::limit_up_down_breadth_v1_20120705_20260814::000005,2017-04-25,csi1000,中证1000,10,True,10,True,2017-05-10,7724.0,-0.03524339720352154,0.01984981874676328,-0.035297773174520986
limit_up_down_breadth_bottom,bottom,limit_up_down_breadth_v1_20120705_20260814,onset,limit_up_down_breadth_bottom::bottom::limit_up_down_breadth_v1_20120705_20260814::000005,2017-04-25,csi1000,中证1000,20,True,20,True,2017-05-24,7724.0,-0.0714474365613671,0.01984981874676328,-0.09416882444329355
limit_up_down_breadth_bottom,bottom,limit_up_down_breadth_v1_20120705_20260814,onset,limit_up_down_breadth_bottom::bottom::limit_up_down_breadth_v1_20120705_20260814::000005,2017-04-25,csi300,沪深300,5,True,5,True,2017-05-03,3440.97,-0.008090741854767658,0.0074397626250739535,-0.012040209592062645
limit_up_down_breadth_bottom,bottom,limit_up_down_breadth_v1_20120705_20260814,onset,limit_up_down_breadth_bottom::bottom::limit_up_down_breadth_v1_20120705_20260814::000005,2017-04-25,csi300,沪深300,10,True,10,True,2017-05-10,3440.97,-0.030011886183256453,0.0074397626250739535,-0.03295001118870544
limit_up_down_breadth_bottom,bottom,limit_up_down_breadth_v1_20120705_20260814,onset,limit_up_down_breadth_bottom::bottom::limit_up_down_breadth_v1_20120705_20260814::000005,2017-04-25,csi300,沪深300,20,True,20,True,2017-05-24,3440.97,-0.004882344222704615,0.0074397626250739535,-0.03722206238357206
limit_up_down_breadth_bottom,bottom,limit_up_down_breadth_v1_20120705_20260814,onset,limit_up_down_breadth_bottom::bottom::limit_up_down_breadth_v1_20120705_20260814::000005,2017-04-25,csi500,中证500,5,True,5,True,2017-05-03,6160.46,0.006009291513945358,0.010578755482545166,-0.017462981660460453
limit_up_down_breadth_bottom,bottom,limit_up_down_breadth_v1_20120705_20260814,onset,limit_up_down_breadth_bottom::bottom::limit_up_down_breadth_v1_20120705_20260814::000005,2017-04-25,csi500,中证500,10,True,10,True,2017-05-10,6160.46,-0.044577839966496,0.012406541069985177,-0.04462978413949603
limit_up_down_breadth_bottom,bottom,limit_up_down_breadth_v1_20120705_20260814,onset,limit_up_down_breadth_bottom::bottom::limit_up_down_breadth_v1_20120705_20260814::000005,2017-04-25,csi500,中证500,20,True,20,True,2017-05-24,6160.46,-0.05863360852923316,0.012406541069985177,-0.07982196134704223
limit_up_down_breadth_bottom,bottom,limit_up_down_breadth_v1_20120705_20260814,onset,limit_up_down_breadth_bottom::bottom::limit_up_down_breadth_v1_20120705_20260814::000005,2017-04-25,microcap,微盘股,5,True,5,True,2017-05-03,996.39,0.003332028623330263,0.008069129557703336,-0.019249490661287227
limit_up_down_breadth_bottom,bottom,limit_up_down_breadth_v1_20120705_20260814,onset,limit_up_down_breadth_bottom::bottom::limit_up_down_breadth_v1_20120705_20260814::000005,2017-04-25,microcap,微盘股,10,True,10,True,2017-05-10,996.39,-0.04870582803922152,0.008099238250082852,-0.04870582803922152
limit_up_down_breadth_bottom,bottom,limit_up_down_breadth_v1_20120705_20260814,onset,limit_up_down_breadth_bottom::bottom::limit_up_down_breadth_v1_20120705_20260814::000005,2017-04-25,microcap,微盘股,20,True,20,True,2017-05-24,996.39,-0.07137767340097756,0.008099238250082852,-0.0917913668342718
limit_up_down_breadth_bottom,bottom,limit_up_down_breadth_v1_20120705_20260814,onset,limit_up_down_breadth_bottom::bottom::limit_up_down_breadth_v1_20120705_20260814::000005,2017-04-25,sse_composite,上证指数,5,True,5,True,2017-05-03,3134.57,0.00024883795863539504,0.006517640378105982,-0.011880417409724564
limit_up_down_breadth_bottom,bottom,limit_up_down_breadth_v1_20120705_20260814,onset,limit_up_down_breadth_bottom::bottom::limit_up_down_breadth_v1_20120705_20260814::000005,2017-04-25,sse_composite,上证指数,10,True,10,True,2017-05-10,3134.57,-0.026092893124096794,0.006517640378105982,-0.02647253052252785
limit_up_down_breadth_bottom,bottom,limit_up_down_breadth_v1_20120705_20260814,onset,limit_up_down_breadth_bottom::bottom::limit_up_down_breadth_v1_20120705_20260814::000005,2017-04-25,sse_composite,上证指数,20,True,20,True,2017-05-24,3134.57,-0.022487932954121326,0.006517640378105982,-0.03765747774016848
limit_up_down_breadth_bottom,bottom,limit_up_down_breadth_v1_20120705_20260814,onset,limit_up_down_breadth_bottom::bottom::limit_up_down_breadth_v1_20120705_20260814::000006,2017-06-29,all_a,全A,5,True,5,True,2017-07-06,4768.10986328125,0.007243968795368927,0.00850447958026801,-0.005557757845320199
limit_up_down_breadth_bottom,bottom,limit_up_down_breadth_v1_20120705_20260814,onset,limit_up_down_breadth_bottom::bottom::limit_up_down_breadth_v1_20120705_20260814::000006,2017-06-29,all_a,全A,10,True,10,True,2017-07-13,4768.10986328125,0.003439497581640083,0.010249368950963955,-0.008185588477483408
limit_up_down_breadth_bottom,bottom,limit_up_down_breadth_v1_20120705_20260814,onset,limit_up_down_breadth_bottom::bottom::limit_up_down_breadth_v1_20120705_20260814::000006,2017-06-29,all_a,全A,20,True,20,True,2017-07-27,4768.10986328125,0.0025251177946252756,0.010249368950963955,-0.035517239013387436
limit_up_down_breadth_bottom,bottom,limit_up_down_breadth_v1_20120705_20260814,onset,limit_up_down_breadth_bottom::bottom::limit_up_down_breadth_v1_20120705_20260814::000006,2017-06-29,cni2000,国证2000,5,True,5,True,2017-07-06,7991.17,0.016603325920985235,0.017904762381478534,-0.004930441975330213
limit_up_down_breadth_bottom,bottom,limit_up_down_breadth_v1_20120705_20260814,onset,limit_up_down_breadth_bottom::bottom::limit_up_down_breadth_v1_20120705_20260814::000006,2017-06-29,cni2000,国证2000,10,True,10,True,2017-07-13,7991.17,0.001641812150160682,0.020057138066140512,-0.013280908803091407
limit_up_down_breadth_bottom,bottom,limit_up_down_breadth_v1_20120705_20260814,onset,limit_up_down_breadth_bottom::bottom::limit_up_down_breadth_v1_20120705_20260814::000006,2017-06-29,cni2000,国证2000,20,True,20,True,2017-07-27,7991.17,-0.009844615994904382,0.020057138066140512,-0.06309338932847142
limit_up_down_breadth_bottom,bottom,limit_up_down_breadth_v1_20120705_20260814,onset,limit_up_down_breadth_bottom::bottom::limit_up_down_breadth_v1_20120705_20260814::000006,2017-06-29,csi1000,中证1000,5,True,5,True,2017-07-06,7456.67,0.019461770468587103,0.02099999061243163,-0.005393828612504037
limit_up_down_breadth_bottom,bottom,limit_up_down_breadth_v1_20120705_20260814,onset,limit_up_down_breadth_bottom::bottom::limit_up_down_breadth_v1_20120705_20260814::000006,2017-06-29,csi1000,中证1000,10,True,10,True,2017-07-13,7456.67,0.0023643261670422966,0.02282251997205198,-0.011990607067229764
limit_up_down_breadth_bottom,bottom,limit_up_down_breadth_v1_20120705_20260814,onset,limit_up_down_breadth_bottom::bottom::limit_up_down_breadth_v1_20120705_20260814::000006,2017-06-29,csi1000,中证1000,20,True,20,True,2017-07-27,7456.67,-0.00986499335494273,0.02282251997205198,-0.06278271668184321
limit_up_down_breadth_bottom,bottom,limit_up_down_breadth_v1_20120705_20260814,onset,limit_up_down_breadth_bottom::bottom::limit_up_down_breadth_v1_20120705_20260814::000006,2017-06-29,csi300,沪深300,5,True,5,True,2017-07-06,3668.83,-0.002379505182851238,0.0002534868064205664,-0.015909704183622586
limit_up_down_breadth_bottom,bottom,limit_up_down_breadth_v1_20120705_20260814,onset,limit_up_down_breadth_bottom::bottom::limit_up_down_breadth_v1_20120705_20260814::000006,2017-06-29,csi300,沪深300,10,True,10,True,2017-07-13,3668.83,0.004930727234568,0.008825701926772345,-0.015909704183622586
limit_up_down_breadth_bottom,bottom,limit_up_down_breadth_v1_20120705_20260814,onset,limit_up_down_breadth_bottom::bottom::limit_up_down_breadth_v1_20120705_20260814::000006,2017-06-29,csi300,沪深300,20,True,20,True,2017-07-27,3668.83,0.011818481641286294,0.023538839357506447,-0.015909704183622586
limit_up_down_breadth_bottom,bottom,limit_up_down_breadth_v1_20120705_20260814,onset,limit_up_down_breadth_bottom::bottom::limit_up_down_breadth_v1_20120705_20260814::000006,2017-06-29,csi500,中证500,5,True,5,True,2017-07-06,6116.99,0.013840140330456663,0.015527244608868118,-0.004371431046969132
limit_up_down_breadth_bottom,bottom,limit_up_down_breadth_v1_20120705_20260814,onset,limit_up_down_breadth_bottom::bottom::limit_up_down_breadth_v1_20120705_20260814::000006,2017-06-29,csi500,中证500,10,True,10,True,2017-07-13,6116.99,0.005385001446789994,0.01950305624171378,-0.010845203278082916
limit_up_down_breadth_bottom,bottom,limit_up_down_breadth_v1_20120705_20260814,onset,limit_up_down_breadth_bottom::bottom::limit_up_down_breadth_v1_20120705_20260814::000006,2017-06-29,csi500,中证500,20,True,20,True,2017-07-27,6116.99,0.01095800385483714,0.01950305624171378,-0.044798176881113094
limit_up_down_breadth_bottom,bottom,limit_up_down_breadth_v1_20120705_20260814,onset,limit_up_down_breadth_bottom::bottom::limit_up_down_breadth_v1_20120705_20260814::000006,2017-06-29,microcap,微盘股,5,True,5,True,2017-07-06,964.46,0.017429442382265625,0.020031934968790743,-0.003390498309935097
limit_up_down_breadth_bottom,bottom,limit_up_down_breadth_v1_20120705_20260814,onset,limit_up_down_breadth_bottom::bottom::limit_up_down_breadth_v1_20120705_20260814::000006,2017-06-29,microcap,微盘股,10,True,10,True,2017-07-13,964.46,0.0023121746884267047,0.026398191734234633,-0.01756423283495434
limit_up_down_breadth_bottom,bottom,limit_up_down_breadth_v1_20120705_20260814,onset,limit_up_down_breadth_bottom::bottom::limit_up_down_breadth_v1_20120705_20260814::000006,2017-06-29,microcap,微盘股,20,True,20,True,2017-07-27,964.46,-0.03396719407751492,0.026398191734234633,-0.0976193932355931
limit_up_down_breadth_bottom,bottom,limit_up_down_breadth_v1_20120705_20260814,onset,limit_up_down_breadth_bottom::bottom::limit_up_down_breadth_v1_20120705_20260814::000006,2017-06-29,sse_composite,上证指数,5,True,5,True,2017-07-06,3188.06,0.007647283928156945,0.008748266971136065,-0.005172424609323434
limit_up_down_breadth_bottom,bottom,limit_up_down_breadth_v1_20120705_20260814,onset,limit_up_down_breadth_bottom::bottom::limit_up_down_breadth_v1_20120705_20260814::000006,2017-06-29,sse_composite,上证指数,10,True,10,True,2017-07-13,3188.06,0.009441478516715396,0.012186094364597944,-0.005172424609323434
limit_up_down_breadth_bottom,bottom,limit_up_down_breadth_v1_20120705_20260814,onset,limit_up_down_breadth_bottom::bottom::limit_up_down_breadth_v1_20120705_20260814::000006,2017-06-29,sse_composite,上证指数,20,True,20,True,2017-07-27,3188.06,0.01935973601500618,0.024086748681016124,-0.015231833779790871
limit_up_down_breadth_bottom,bottom,limit_up_down_breadth_v1_20120705_20260814,onset,limit_up_down_breadth_bottom::bottom::limit_up_down_breadth_v1_20120705_20260814::000007,2017-11-06,all_a,全A,5,True,5,True,2017-11-13,5047.009765625,0.022272625073092023,0.02308297495152023,-0.00046757652369189273
limit_up_down_breadth_bottom,bottom,limit_up_down_breadth_v1_20120705_20260814,onset,limit_up_down_breadth_bottom::bottom::limit_up_down_breadth_v1_20120705_20260814::000007,2017-11-06,all_a,全A,10,True,10,True,2017-11-20,5047.009765625,0.0015990285089135803,0.02308297495152023,-0.021046071138193345
limit_up_down_breadth_bottom,bottom,limit_up_down_breadth_v1_20120705_20260814,onset,limit_up_down_breadth_bottom::bottom::limit_up_down_breadth_v1_20120705_20260814::000007,2017-11-06,all_a,全A,20,True,20,True,2017-12-04,5047.009765625,-0.024850342618560117,0.02308297495152023,-0.0302970818503685
limit_up_down_breadth_bottom,bottom,limit_up_down_breadth_v1_20120705_20260814,onset,limit_up_down_breadth_bottom::bottom::limit_up_down_breadth_v1_20120705_20260814::000007,2017-11-06,cni2000,国证2000,5,True,5,True,2017-11-13,8057.48,0.014519427910463456,0.015580553721511015,-0.003074162144988235
limit_up_down_breadth_bottom,bottom,limit_up_down_breadth_v1_20120705_20260814,onset,limit_up_down_breadth_bottom::bottom::limit_up_down_breadth_v1_20120705_20260814::000007,2017-11-06,cni2000,国证2000,10,True,10,True,2017-11-20,8057.48,-0.03431593997130622,0.015580553721511015,-0.06014411453705126
limit_up_down_breadth_bottom,bottom,limit_up_down_breadth_v1_20120705_20260814,onset,limit_up_down_breadth_bottom::bottom::limit_up_down_breadth_v1_20120705_20260814::000007,2017-11-06,cni2000,国证2000,20,True,20,True,2017-12-04,8057.48,-0.05156947333409445,0.015580553721511015,-0.06437000153894268
limit_up_down_breadth_bottom,bottom,limit_up_down_breadth_v1_20120705_20260814,onset,limit_up_down_breadth_bottom::bottom::limit_up_down_breadth_v1_20120705_20260814::000007,2017-11-06,csi1000,中证1000,5,True,5,True,2017-11-13,7551.35,0.01725386851357702,0.017309487707495963,-0.0028220119581267022
limit_up_down_breadth_bottom,bottom,limit_up_down_breadth_v1_20120705_20260814,onset,limit_up_down_breadth_bottom::bottom::limit_up_down_breadth_v1_20120705_20260814::000007,2017-11-06,csi1000,中证1000,10,True,10,True,2017-11-20,7551.35,-0.03428393598495638,0.01746442689055594,-0.06114403384825229
limit_up_down_breadth_bottom,bottom,limit_up_down_breadth_v1_20120705_20260814,onset,limit_up_down_breadth_bottom::bottom::limit_up_down_breadth_v1_20120705_20260814::000007,2017-11-06,csi1000,中证1000,20,True,20,True,2017-12-04,7551.35,-0.05450681004058877,0.01746442689055594,-0.06542141471392537
limit_up_down_breadth_bottom,bottom,limit_up_down_breadth_v1_20120705_20260814,onset,limit_up_down_breadth_bottom::bottom::limit_up_down_breadth_v1_20120705_20260814::000007,2017-11-06,csi300,沪深300,5,True,5,True,2017-11-13,4020.89,0.026655790136014712,0.02903834723158294,0.00011688954435462584
limit_up_down_breadth_bottom,bottom,limit_up_down_breadth_v1_20120705_20260814,onset,limit_up_down_breadth_bottom::bottom::limit_up_down_breadth_v1_20120705_20260814::000007,2017-11-06,csi300,沪深300,10,True,10,True,2017-11-20,4020.89,0.030575320389267135,0.03074443717684394,0.00011688954435462584
limit_up_down_breadth_bottom,bottom,limit_up_down_breadth_v1_20120705_20260814,onset,limit_up_down_breadth_bottom::bottom::limit_up_down_breadth_v1_20120705_20260814::000007,2017-11-06,csi300,沪深300,20,True,20,True,2017-12-04,4020.89,-0.0005048633511485212,0.05962610267876034,-0.00959240367182379
limit_up_down_breadth_bottom,bottom,limit_up_down_breadth_v1_20120705_20260814,onset,limit_up_down_breadth_bottom::bottom::limit_up_down_breadth_v1_20120705_20260814::000007,2017-11-06,csi500,中证500,5,True,5,True,2017-11-13,6511.1,0.024590315000537544,0.02459799419452935,-0.0019520511127152362
limit_up_down_breadth_bottom,bottom,limit_up_down_breadth_v1_20120705_20260814,onset,limit_up_down_breadth_bottom::bottom::limit_up_down_breadth_v1_20120705_20260814::000007,2017-11-06,csi500,中证500,10,True,10,True,2017-11-20,6511.1,-0.01196879175561738,0.024980418055320808,-0.041741026861820685
limit_up_down_breadth_bottom,bottom,limit_up_down_breadth_v1_20120705_20260814,onset,limit_up_down_breadth_bottom::bottom::limit_up_down_breadth_v1_20120705_20260814::000007,2017-11-06,csi500,中证500,20,True,20,True,2017-12-04,6511.1,-0.03555159650443096,0.024980418055320808,-0.049925511818279644
limit_up_down_breadth_bottom,bottom,limit_up_down_breadth_v1_20120705_20260814,onset,limit_up_down_breadth_bottom::bottom::limit_up_down_breadth_v1_20120705_20260814::000007,2017-11-06,microcap,微盘股,5,True,5,True,2017-11-13,985.45,0.012095996752752525,0.017951189811761026,-0.005611649500228411
limit_up_down_breadth_bottom,bottom,limit_up_down_breadth_v1_20120705_20260814,onset,limit_up_down_breadth_bottom::bottom::limit_up_down_breadth_v1_20120705_20260814::000007,2017-11-06,microcap,微盘股,10,True,10,True,2017-11-20,985.45,-0.06165711096453397,0.017951189811761026,-0.08794966766451884
limit_up_down_breadth_bottom,bottom,limit_up_down_breadth_v1_20120705_20260814,onset,limit_up_down_breadth_bottom::bottom::limit_up_down_breadth_v1_20120705_20260814::000007,2017-11-06,microcap,微盘股,20,True,20,True,2017-12-04,985.45,-0.09264802881932122,0.017951189811761026,-0.09329747830940183
limit_up_down_breadth_bottom,bottom,limit_up_down_breadth_v1_20120705_20260814,onset,limit_up_down_breadth_bottom::bottom::limit_up_down_breadth_v1_20120705_20260814::000007,2017-11-06,sse_composite,上证指数,5,True,5,True,2017-11-13,3388.17,0.017611276883981564,0.01800086772505516,-6.493180684563615e-05
limit_up_down_breadth_bottom,bottom,limit_up_down_breadth_v1_20120705_20260814,onset,limit_up_down_breadth_bottom::bottom::limit_up_down_breadth_v1_20120705_20260814::000007,2017-11-06,sse_composite,上证指数,10,True,10,True,2017-11-20,3388.17,0.0012484615588945758,0.018393410011894318,-0.01506713063394105
limit_up_down_breadth_bottom,bottom,limit_up_down_breadth_v1_20120705_20260814,onset,limit_up_down_breadth_bottom::bottom::limit_up_down_breadth_v1_20120705_20260814::000007,2017-11-06,sse_composite,上证指数,20,True,20,True,2017-12-04,3388.17,-0.02318360648963902,0.018393410011894318,-0.025792684546525058
limit_up_down_breadth_bottom,bottom,limit_up_down_breadth_v1_20120705_20260814,onset,limit_up_down_breadth_bottom::bottom::limit_up_down_breadth_v1_20120705_20260814::000008,2018-06-08,all_a,全A,5,True,5,True,2018-06-15,4486.6298828125,-0.023619003423583362,0.0068447725218308,-0.027820396930202107
limit_up_down_breadth_bottom,bottom,limit_up_down_breadth_v1_20120705_20260814,onset,limit_up_down_breadth_bottom::bottom::limit_up_down_breadth_v1_20120705_20260814::000008,2018-06-08,all_a,全A,10,True,10,True,2018-06-25,4486.6298828125,-0.08197685440835611,0.0068447725218308,-0.09424888487039074
limit_up_down_breadth_bottom,bottom,limit_up_down_breadth_v1_20120705_20260814,onset,limit_up_down_breadth_bottom::bottom::limit_up_down_breadth_v1_20120705_20260814::000008,2018-06-08,all_a,全A,20,True,20,True,2018-07-09,4486.6298828125,-0.09634180025766659,0.0068447725218308,-0.13676632329257787
limit_up_down_breadth_bottom,bottom,limit_up_down_breadth_v1_20120705_20260814,onset,limit_up_down_breadth_bottom::bottom::limit_up_down_breadth_v1_20120705_20260814::000008,2018-06-08,cni2000,国证2000,5,True,5,True,2018-06-15,6721.36,-0.04551757382434507,-0.0021067164978516573,-0.050625171096325694
limit_up_down_breadth_bottom,bottom,limit_up_down_breadth_v1_20120705_20260814,onset,limit_up_down_breadth_bottom::bottom::limit_up_down_breadth_v1_20120705_20260814::000008,2018-06-08,cni2000,国证2000,10,True,10,True,2018-06-25,6721.36,-0.1134621564683338,-0.0021067164978516573,-0.1340710808526845
limit_up_down_breadth_bottom,bottom,limit_up_down_breadth_v1_20120705_20260814,onset,limit_up_down_breadth_bottom::bottom::limit_up_down_breadth_v1_20120705_20260814::000008,2018-06-08,cni2000,国证2000,20,True,20,True,2018-07-09,6721.36,-0.11640054988871296,-0.0021067164978516573,-0.1538632062558768
limit_up_down_breadth_bottom,bottom,limit_up_down_breadth_v1_20120705_20260814,onset,limit_up_down_breadth_bottom::bottom::limit_up_down_breadth_v1_20120705_20260814::000008,2018-06-08,csi1000,中证1000,5,True,5,True,2018-06-15,6205.96,-0.044777923157738764,-0.0010699392197178748,-0.049280046922635656
limit_up_down_breadth_bottom,bottom,limit_up_down_breadth_v1_20120705_20260814,onset,limit_up_down_breadth_bottom::bottom::limit_up_down_breadth_v1_20120705_20260814::000008,2018-06-08,csi1000,中证1000,10,True,10,True,2018-06-25,6205.96,-0.11175225106188236,-0.0010699392197178748,-0.13243881687925796
limit_up_down_breadth_bottom,bottom,limit_up_down_breadth_v1_20120705_20260814,onset,limit_up_down_breadth_bottom::bottom::limit_up_down_breadth_v1_20120705_20260814::000008,2018-06-08,csi1000,中证1000,20,True,20,True,2018-07-09,6205.96,-0.11576130042733113,-0.0010699392197178748,-0.15379731741745029
limit_up_down_breadth_bottom,bottom,limit_up_down_breadth_v1_20120705_20260814,onset,limit_up_down_breadth_bottom::bottom::limit_up_down_breadth_v1_20120705_20260814::000008,2018-06-08,csi300,沪深300,5,True,5,True,2018-06-15,3779.62,-0.006929268021652946,0.013453733444102722,-0.01116249781724088
limit_up_down_breadth_bottom,bottom,limit_up_down_breadth_v1_20120705_20260814,onset,limit_up_down_breadth_bottom::bottom::limit_up_down_breadth_v1_20120705_20260814::000008,2018-06-08,csi300,沪深300,10,True,10,True,2018-06-25,3779.62,-0.057979373587821015,0.013453733444102722,-0.06274704864510183
limit_up_down_breadth_bottom,bottom,limit_up_down_breadth_v1_20120705_20260814,onset,limit_up_down_breadth_bottom::bottom::limit_up_down_breadth_v1_20120705_20260814::000008,2018-06-08,csi300,沪深300,20,True,20,True,2018-07-09,3779.62,-0.084781009731137,0.013453733444102722,-0.12802609786168972
limit_up_down_breadth_bottom,bottom,limit_up_down_breadth_v1_20120705_20260814,onset,limit_up_down_breadth_bottom::bottom::limit_up_down_breadth_v1_20120705_20260814::000008,2018-06-08,csi500,中证500,5,True,5,True,2018-06-15,5669.3,-0.032693630606953294,0.004288007337766464,-0.0390206903850564
limit_up_down_breadth_bottom,bottom,limit_up_down_breadth_v1_20120705_20260814,onset,limit_up_down_breadth_bottom::bottom::limit_up_down_breadth_v1_20120705_20260814::000008,2018-06-08,csi500,中证500,10,True,10,True,2018-06-25,5669.3,-0.09600303388425391,0.004288007337766464,-0.1149683382428166
limit_up_down_breadth_bottom,bottom,limit_up_down_breadth_v1_20120705_20260814,onset,limit_up_down_breadth_bottom::bottom::limit_up_down_breadth_v1_20120705_20260814::000008,2018-06-08,csi500,中证500,20,True,20,True,2018-07-09,5669.3,-0.09908630695147547,0.004288007337766464,-0.13617906972642124
limit_up_down_breadth_bottom,bottom,limit_up_down_breadth_v1_20120705_20260814,onset,limit_up_down_breadth_bottom::bottom::limit_up_down_breadth_v1_20120705_20260814::000008,2018-06-08,microcap,微盘股,5,True,5,True,2018-06-15,834.94,-0.050243131242963646,0.002479220063717147,-0.05490214865738863
limit_up_down_breadth_bottom,bottom,limit_up_down_breadth_v1_20120705_20260814,onset,limit_up_down_breadth_bottom::bottom::limit_up_down_breadth_v1_20120705_20260814::000008,2018-06-08,microcap,微盘股,10,True,10,True,2018-06-25,834.94,-0.13561453517618038,0.002479220063717147,-0.16695810477399586
limit_up_down_breadth_bottom,bottom,limit_up_down_breadth_v1_20120705_20260814,onset,limit_up_down_breadth_bottom::bottom::limit_up_down_breadth_v1_20120705_20260814::000008,2018-06-08,microcap,微盘股,20,True,20,True,2018-07-09,834.94,-0.11218770211033136,0.002479220063717147,-0.16695810477399586
limit_up_down_breadth_bottom,bottom,limit_up_down_breadth_v1_20120705_20260814,onset,limit_up_down_breadth_bottom::bottom::limit_up_down_breadth_v1_20120705_20260814::000008,2018-06-08,sse_composite,上证指数,5,True,5,True,2018-06-15,3067.15,-0.014753109564253464,0.0046623086578745365,-0.019046998027484774
limit_up_down_breadth_bottom,bottom,limit_up_down_breadth_v1_20120705_20260814,onset,limit_up_down_breadth_bottom::bottom::limit_up_down_breadth_v1_20120705_20260814::000008,2018-06-08,sse_composite,上证指数,10,True,10,True,2018-06-25,3067.15,-0.06775345190160242,0.0046623086578745365,-0.07499144156627491
limit_up_down_breadth_bottom,bottom,limit_up_down_breadth_v1_20120705_20260814,onset,limit_up_down_breadth_bottom::bottom::limit_up_down_breadth_v1_20120705_20260814::000008,2018-06-08,sse_composite,上证指数,20,True,20,True,2018-07-09,3067.15,-0.08217400518396556,0.0046623086578745365,-0.12263175912492053
limit_up_down_breadth_bottom,bottom,limit_up_down_breadth_v1_20120705_20260814,onset,limit_up_down_breadth_bottom::bottom::limit_up_down_breadth_v1_20120705_20260814::000009,2019-06-14,all_a,全A,5,True,5,True,2019-06-21,4086.1298828125,0.04795245061358244,0.05150104070147754,-0.005403605518573773
limit_up_down_breadth_bottom,bottom,limit_up_down_breadth_v1_20120705_20260814,onset,limit_up_down_breadth_bottom::bottom::limit_up_down_breadth_v1_20120705_20260814::000009,2019-06-14,all_a,全A,10,True,10,True,2019-06-28,4086.1298828125,0.03865520672186329,0.051599028439626604,-0.005403605518573773
limit_up_down_breadth_bottom,bottom,limit_up_down_breadth_v1_20120705_20260814,onset,limit_up_down_breadth_bottom::bottom::limit_up_down_breadth_v1_20120705_20260814::000009,2019-06-14,all_a,全A,20,True,20,True,2019-07-12,4086.1298828125,0.027397610580955023,0.07026210763976937,-0.005403605518573773
limit_up_down_breadth_bottom,bottom,limit_up_down_breadth_v1_20120705_20260814,onset,limit_up_down_breadth_bottom::bottom::limit_up_down_breadth_v1_20120705_20260814::000009,2019-06-14,cni2000,国证2000,5,True,5,True,2019-06-21,5840.44,0.04583558772969165,0.04901856709426,-0.006497798111101183
limit_up_down_breadth_bottom,bottom,limit_up_down_breadth_v1_20120705_20260814,onset,limit_up_down_breadth_bottom::bottom::limit_up_down_breadth_v1_20120705_20260814::000009,2019-06-14,cni2000,国证2000,10,True,10,True,2019-06-28,5840.44,0.02426871948003928,0.04901856709426,-0.006497798111101183
limit_up_down_breadth_bottom,bottom,limit_up_down_breadth_v1_20120705_20260814,onset,limit_up_down_breadth_bottom::bottom::limit_up_down_breadth_v1_20120705_20260814::000009,2019-06-14,cni2000,国证2000,20,True,20,True,2019-07-12,5840.44,0.006340275732650502,0.057538473128736944,-0.006497798111101183
limit_up_down_breadth_bottom,bottom,limit_up_down_breadth_v1_20120705_20260814,onset,limit_up_down_breadth_bottom::bottom::limit_up_down_breadth_v1_20120705_20260814::000009,2019-06-14,csi1000,中证1000,5,True,5,True,2019-06-21,5173.07,0.04503515320689644,0.04835039927934481,-0.009273023562410554
limit_up_down_breadth_bottom,bottom,limit_up_down_breadth_v1_20120705_20260814,onset,limit_up_down_breadth_bottom::bottom::limit_up_down_breadth_v1_20120705_20260814::000009,2019-06-14,csi1000,中证1000,10,True,10,True,2019-06-28,5173.07,0.028679294886788886,0.049216422743167954,-0.009273023562410554
limit_up_down_breadth_bottom,bottom,limit_up_down_breadth_v1_20120705_20260814,onset,limit_up_down_breadth_bottom::bottom::limit_up_down_breadth_v1_20120705_20260814::000009,2019-06-14,csi1000,中证1000,20,True,20,True,2019-07-12,5173.07,0.008915402265965877,0.0634149547560734,-0.009273023562410554
limit_up_down_breadth_bottom,bottom,limit_up_down_breadth_v1_20120705_20260814,onset,limit_up_down_breadth_bottom::bottom::limit_up_down_breadth_v1_20120705_20260814::000009,2019-06-14,csi300,沪深300,5,True,5,True,2019-06-21,3654.88,0.04899203257015272,0.055052423061769495,-0.004405069386682947
limit_up_down_breadth_bottom,bottom,limit_up_down_breadth_v1_20120705_20260814,onset,limit_up_down_breadth_bottom::bottom::limit_up_down_breadth_v1_20120705_20260814::000009,2019-06-14,csi300,沪深300,10,True,10,True,2019-06-28,3654.88,0.04670741583855009,0.055052423061769495,-0.004405069386682947
limit_up_down_breadth_bottom,bottom,limit_up_down_breadth_v1_20120705_20260814,onset,limit_up_down_breadth_bottom::bottom::limit_up_down_breadth_v1_20120705_20260814::000009,2019-06-14,csi300,沪深300,20,True,20,True,2019-07-12,3654.88,0.04209440528827213,0.07867563367333541,-0.004405069386682947
limit_up_down_breadth_bottom,bottom,limit_up_down_breadth_v1_20120705_20260814,onset,limit_up_down_breadth_bottom::bottom::limit_up_down_breadth_v1_20120705_20260814::000009,2019-06-14,csi500,中证500,5,True,5,True,2019-06-21,4795.53,0.04708134450206769,0.052171501377324514,-0.0045834349905015115
limit_up_down_breadth_bottom,bottom,limit_up_down_breadth_v1_20120705_20260814,onset,limit_up_down_breadth_bottom::bottom::limit_up_down_breadth_v1_20120705_20260814::000009,2019-06-14,csi500,中证500,10,True,10,True,2019-06-28,4795.53,0.032311339935314765,0.052171501377324514,-0.0045834349905015115
limit_up_down_breadth_bottom,bottom,limit_up_down_breadth_v1_20120705_20260814,onset,limit_up_down_breadth_bottom::bottom::limit_up_down_breadth_v1_20120705_20260814::000009,2019-06-14,csi500,中证500,20,True,20,True,2019-07-12,4795.53,0.013771157723963867,0.06399292674636592,-0.0045834349905015115
limit_up_down_breadth_bottom,bottom,limit_up_down_breadth_v1_20120705_20260814,onset,limit_up_down_breadth_bottom::bottom::limit_up_down_breadth_v1_20120705_20260814::000009,2019-06-14,microcap,微盘股,5,True,5,True,2019-06-21,973.25,0.06455689699460554,0.06919085538145375,-0.0038325199075263106
limit_up_down_breadth_bottom,bottom,limit_up_down_breadth_v1_20120705_20260814,onset,limit_up_down_breadth_bottom::bottom::limit_up_down_breadth_v1_20120705_20260814::000009,2019-06-14,microcap,微盘股,10,True,10,True,2019-06-28,973.25,0.04602106344721291,0.06985872078088873,-0.0038325199075263106
limit_up_down_breadth_bottom,bottom,limit_up_down_breadth_v1_20120705_20260814,onset,limit_up_down_breadth_bottom::bottom::limit_up_down_breadth_v1_20120705_20260814::000009,2019-06-14,microcap,微盘股,20,True,20,True,2019-07-12,973.25,0.03315694836886718,0.07591060878499878,-0.0038325199075263106
limit_up_down_breadth_bottom,bottom,limit_up_down_breadth_v1_20120705_20260814,onset,limit_up_down_breadth_bottom::bottom::limit_up_down_breadth_v1_20120705_20260814::000009,2019-06-14,sse_composite,上证指数,5,True,5,True,2019-06-21,2881.97,0.04164165484026561,0.0445459182434238,-0.0026579041419584337
limit_up_down_breadth_bottom,bottom,limit_up_down_breadth_v1_20120705_20260814,onset,limit_up_down_breadth_bottom::bottom::limit_up_down_breadth_v1_20120705_20260814::000009,2019-06-14,sse_composite,上证指数,10,True,10,True,2019-06-28,2881.97,0.03362630422939872,0.0454064407332484,-0.0026579041419584337
limit_up_down_breadth_bottom,bottom,limit_up_down_breadth_v1_20120705_20260814,onset,limit_up_down_breadth_bottom::bottom::limit_up_down_breadth_v1_20120705_20260814::000009,2019-06-14,sse_composite,上证指数,20,True,20,True,2019-07-12,2881.97,0.016856525224065555,0.05777645152447808,-0.0026579041419584337
limit_up_down_breadth_bottom,bottom,limit_up_down_breadth_v1_20120705_20260814,onset,limit_up_down_breadth_bottom::bottom::limit_up_down_breadth_v1_20120705_20260814::000010,2019-11-06,all_a,全A,5,True,5,True,2019-11-13,4328.75,-0.021015354280970233,0.011111775375397093,-0.028895195639618843
limit_up_down_breadth_bottom,bottom,limit_up_down_breadth_v1_20120705_20260814,onset,limit_up_down_breadth_bottom::bottom::limit_up_down_breadth_v1_20120705_20260814::000010,2019-11-06,all_a,全A,10,True,10,True,2019-11-20,4328.75,-0.013664430226682067,0.011111775375397093,-0.028895195639618843
limit_up_down_breadth_bottom,bottom,limit_up_down_breadth_v1_20120705_20260814,onset,limit_up_down_breadth_bottom::bottom::limit_up_down_breadth_v1_20120705_20260814::000010,2019-11-06,all_a,全A,20,True,20,True,2019-12-04,4328.75,-0.026388675822985874,0.011111775375397093,-0.03992372491336993
limit_up_down_breadth_bottom,bottom,limit_up_down_breadth_v1_20120705_20260814,onset,limit_up_down_breadth_bottom::bottom::limit_up_down_breadth_v1_20120705_20260814::000010,2019-11-06,cni2000,国证2000,5,True,5,True,2019-11-13,5867.66,-0.022388822801593822,0.014034555512759894,-0.031842335786327114
limit_up_down_breadth_bottom,bottom,limit_up_down_breadth_v1_20120705_20260814,onset,limit_up_down_breadth_bottom::bottom::limit_up_down_breadth_v1_20120705_20260814::000010,2019-11-06,cni2000,国证2000,10,True,10,True,2019-11-20,5867.66,-0.010900427086777409,0.014034555512759894,-0.03236895116622307
limit_up_down_breadth_bottom,bottom,limit_up_down_breadth_v1_20120705_20260814,onset,limit_up_down_breadth_bottom::bottom::limit_up_down_breadth_v1_20120705_20260814::000010,2019-11-06,cni2000,国证2000,20,True,20,True,2019-12-04,5867.66,-0.02321879590842002,0.014034555512759894,-0.03939048956483504
limit_up_down_breadth_bottom,bottom,limit_up_down_breadth_v1_20120705_20260814,onset,limit_up_down_breadth_bottom::bottom::limit_up_down_breadth_v1_20120705_20260814::000010,2019-11-06,csi1000,中证1000,5,True,5,True,2019-11-13,5304.84,-0.023252350683526823,0.013236968504233948,-0.034221578784657036
limit_up_down_breadth_bottom,bottom,limit_up_down_breadth_v1_20120705_20260814,onset,limit_up_down_breadth_bottom::bottom::limit_up_down_breadth_v1_20120705_20260814::000010,2019-11-06,csi1000,中证1000,10,True,10,True,2019-11-20,5304.84,-0.008552567089676555,0.013236968504233948,-0.034221578784657036
limit_up_down_breadth_bottom,bottom,limit_up_down_breadth_v1_20120705_20260814,onset,limit_up_down_breadth_bottom::bottom::limit_up_down_breadth_v1_20120705_20260814::000010,2019-11-06,csi1000,中证1000,20,True,20,True,2019-12-04,5304.84,-0.02359166346204611,0.013236968504233948,-0.04186177151431514
limit_up_down_breadth_bottom,bottom,limit_up_down_breadth_v1_20120705_20260814,onset,limit_up_down_breadth_bottom::bottom::limit_up_down_breadth_v1_20120705_20260814::000010,2019-11-06,csi300,沪深300,5,True,5,True,2019-11-13,3984.88,-0.021305534922005154,0.009325249442894146,-0.026886631466945143
limit_up_down_breadth_bottom,bottom,limit_up_down_breadth_v1_20120705_20260814,onset,limit_up_down_breadth_bottom::bottom::limit_up_down_breadth_v1_20120705_20260814::000010,2019-11-06,csi300,沪深300,10,True,10,True,2019-11-20,3984.88,-0.019328060067053454,0.009325249442894146,-0.029250567143803585
limit_up_down_breadth_bottom,bottom,limit_up_down_breadth_v1_20120705_20260814,onset,limit_up_down_breadth_bottom::bottom::limit_up_down_breadth_v1_20120705_20260814::000010,2019-11-06,csi300,沪深300,20,True,20,True,2019-12-04,3984.88,-0.03389311597839828,0.009325249442894146,-0.04518329284696154
limit_up_down_breadth_bottom,bottom,limit_up_down_breadth_v1_20120705_20260814,onset,limit_up_down_breadth_bottom::bottom::limit_up_down_breadth_v1_20120705_20260814::000010,2019-11-06,csi500,中证500,5,True,5,True,2019-11-13,4974.73,-0.019938770546341078,0.015444054250180583,-0.030413710894862445
limit_up_down_breadth_bottom,bottom,limit_up_down_breadth_v1_20120705_20260814,onset,limit_up_down_breadth_bottom::bottom::limit_up_down_breadth_v1_20120705_20260814::000010,2019-11-06,csi500,中证500,10,True,10,True,2019-11-20,4974.73,-0.005718903337467496,0.015444054250180583,-0.030413710894862445
limit_up_down_breadth_bottom,bottom,limit_up_down_breadth_v1_20120705_20260814,onset,limit_up_down_breadth_bottom::bottom::limit_up_down_breadth_v1_20120705_20260814::000010,2019-11-06,csi500,中证500,20,True,20,True,2019-12-04,4974.73,-0.010866921420860876,0.015444054250180583,-0.030413710894862445
limit_up_down_breadth_bottom,bottom,limit_up_down_breadth_v1_20120705_20260814,onset,limit_up_down_breadth_bottom::bottom::limit_up_down_breadth_v1_20120705_20260814::000010,2019-11-06,microcap,微盘股,5,True,5,True,2019-11-13,1010.2,-0.022708374579291313,0.013235002969709031,-0.03283508216194819
limit_up_down_breadth_bottom,bottom,limit_up_down_breadth_v1_20120705_20260814,onset,limit_up_down_breadth_bottom::bottom::limit_up_down_breadth_v1_20120705_20260814::000010,2019-11-06,microcap,微盘股,10,True,10,True,2019-11-20,1010.2,-0.01603642843001385,0.013235002969709031,-0.0384082359928728
limit_up_down_breadth_bottom,bottom,limit_up_down_breadth_v1_20120705_20260814,onset,limit_up_down_breadth_bottom::bottom::limit_up_down_breadth_v1_20120705_20260814::000010,2019-11-06,microcap,微盘股,20,True,20,True,2019-12-04,1010.2,-0.001910512769748629,0.013235002969709031,-0.0384082359928728
limit_up_down_breadth_bottom,bottom,limit_up_down_breadth_v1_20120705_20260814,onset,limit_up_down_breadth_bottom::bottom::limit_up_down_breadth_v1_20120705_20260814::000010,2019-11-06,sse_composite,上证指数,5,True,5,True,2019-11-13,2978.6,-0.024629020345128594,0.006768280400188065,-0.02923856845497874
limit_up_down_breadth_bottom,bottom,limit_up_down_breadth_v1_20120705_20260814,onset,limit_up_down_breadth_bottom::bottom::limit_up_down_breadth_v1_20120705_20260814::000010,2019-11-06,sse_composite,上证指数,10,True,10,True,2019-11-20,2978.6,-0.02267843953535209,0.006768280400188065,-0.0317296716578257
limit_up_down_breadth_bottom,bottom,limit_up_down_breadth_v1_20120705_20260814,onset,limit_up_down_breadth_bottom::bottom::limit_up_down_breadth_v1_20120705_20260814::000010,2019-11-06,sse_composite,上证指数,20,True,20,True,2019-12-04,2978.6,-0.033733968978714834,0.006768280400188065,-0.04071711542335321
limit_up_down_breadth_bottom,bottom,limit_up_down_breadth_v1_20120705_20260814,onset,limit_up_down_breadth_bottom::bottom::limit_up_down_breadth_v1_20120705_20260814::000011,2020-09-17,all_a,全A,5,True,5,True,2020-09-24,5287.8701171875,-0.017995932982675766,0.022232024612638845,-0.01805262966411003
limit_up_down_breadth_bottom,bottom,limit_up_down_breadth_v1_20120705_20260814,onset,limit_up_down_breadth_bottom::bottom::limit_up_down_breadth_v1_20120705_20260814::000011,2020-09-17,all_a,全A,10,True,10,True,2020-10-09,5287.8701171875,0.0059721735642397356,0.022232024612638845,-0.02407586717758936
limit_up_down_breadth_bottom,bottom,limit_up_down_breadth_v1_20120705_20260814,onset,limit_up_down_breadth_bottom::bottom::limit_up_down_breadth_v1_20120705_20260814::000011,2020-09-17,all_a,全A,20,True,20,True,2020-10-23,5287.8701171875,0.0014656184490631219,0.041267981574132584,-0.02407586717758936
limit_up_down_breadth_bottom,bottom,limit_up_down_breadth_v1_20120705_20260814,onset,limit_up_down_breadth_bottom::bottom::limit_up_down_breadth_v1_20120705_20260814::000011,2020-09-17,cni2000,国证2000,5,True,5,True,2020-09-24,7546.3,-0.024521951154870658,0.019869339941428255,-0.024569656652929206
limit_up_down_breadth_bottom,bottom,limit_up_down_breadth_v1_20120705_20260814,onset,limit_up_down_breadth_bottom::bottom::limit_up_down_breadth_v1_20120705_20260814::000011,2020-09-17,cni2000,国证2000,10,True,10,True,2020-10-09,7546.3,-0.006495898652319698,0.019869339941428255,-0.04546466480261857
limit_up_down_breadth_bottom,bottom,limit_up_down_breadth_v1_20120705_20260814,onset,limit_up_down_breadth_bottom::bottom::limit_up_down_breadth_v1_20120705_20260814::000011,2020-09-17,cni2000,国证2000,20,True,20,True,2020-10-23,7546.3,-0.020997044909425777,0.03113313809416529,-0.04546466480261857
limit_up_down_breadth_bottom,bottom,limit_up_down_breadth_v1_20120705_20260814,onset,limit_up_down_breadth_bottom::bottom::limit_up_down_breadth_v1_20120705_20260814::000011,2020-09-17,csi1000,中证1000,5,True,5,True,2020-09-24,6825.15,-0.021977538955187836,0.021974608616660563,-0.021990725478560846
limit_up_down_breadth_bottom,bottom,limit_up_down_breadth_v1_20120705_20260814,onset,limit_up_down_breadth_bottom::bottom::limit_up_down_breadth_v1_20120705_20260814::000011,2020-09-17,csi1000,中证1000,10,True,10,True,2020-10-09,6825.15,-0.000407317055302725,0.021974608616660563,-0.04031413229013281
limit_up_down_breadth_bottom,bottom,limit_up_down_breadth_v1_20120705_20260814,onset,limit_up_down_breadth_bottom::bottom::limit_up_down_breadth_v1_20120705_20260814::000011,2020-09-17,csi1000,中证1000,20,True,20,True,2020-10-23,6825.15,-0.026932741404950722,0.03429814729346603,-0.04031413229013281
limit_up_down_breadth_bottom,bottom,limit_up_down_breadth_v1_20120705_20260814,onset,limit_up_down_breadth_bottom::bottom::limit_up_down_breadth_v1_20120705_20260814::000011,2020-09-17,csi300,沪深300,5,True,5,True,2020-09-24,4632.71,-0.015032238150024524,0.025961046558061973,-0.015217874634932849
limit_up_down_breadth_bottom,bottom,limit_up_down_breadth_v1_20120705_20260814,onset,limit_up_down_breadth_bottom::bottom::limit_up_down_breadth_v1_20120705_20260814::000011,2020-09-17,csi300,沪深300,10,True,10,True,2020-10-09,4632.71,0.010453924376876644,0.025961046558061973,-0.016834638904658306
limit_up_down_breadth_bottom,bottom,limit_up_down_breadth_v1_20120705_20260814,onset,limit_up_down_breadth_bottom::bottom::limit_up_down_breadth_v1_20120705_20260814::000011,2020-09-17,csi300,沪深300,20,True,20,True,2020-10-23,4632.71,0.018516160087723943,0.04681924834492124,-0.016834638904658306
limit_up_down_breadth_bottom,bottom,limit_up_down_breadth_v1_20120705_20260814,onset,limit_up_down_breadth_bottom::bottom::limit_up_down_breadth_v1_20120705_20260814::000011,2020-09-17,csi500,中证500,5,True,5,True,2020-09-24,6367.02,-0.019220922817896002,0.02329504226467005,-0.019434523529060832
limit_up_down_breadth_bottom,bottom,limit_up_down_breadth_v1_20120705_20260814,onset,limit_up_down_breadth_bottom::bottom::limit_up_down_breadth_v1_20120705_20260814::000011,2020-09-17,csi500,中证500,10,True,10,True,2020-10-09,6367.02,-0.0014213870853241328,0.02329504226467005,-0.03329658144626524
limit_up_down_breadth_bottom,bottom,limit_up_down_breadth_v1_20120705_20260814,onset,limit_up_down_breadth_bottom::bottom::limit_up_down_breadth_v1_20120705_20260814::000011,2020-09-17,csi500,中证500,20,True,20,True,2020-10-23,6367.02,-0.024149445109329037,0.02997320567549644,-0.03329658144626524
limit_up_down_breadth_bottom,bottom,limit_up_down_breadth_v1_20120705_20260814,onset,limit_up_down_breadth_bottom::bottom::limit_up_down_breadth_v1_20120705_20260814::000011,2020-09-17,microcap,微盘股,5,True,5,True,2020-09-24,1390.68,-0.026929272010814853,0.015100526361204514,-0.027238473264877716
limit_up_down_breadth_bottom,bottom,limit_up_down_breadth_v1_20120705_20260814,onset,limit_up_down_breadth_bottom::bottom::limit_up_down_breadth_v1_20120705_20260814::000011,2020-09-17,microcap,微盘股,10,True,10,True,2020-10-09,1390.68,-0.01938619955705123,0.015100526361204514,-0.05413179164149906
limit_up_down_breadth_bottom,bottom,limit_up_down_breadth_v1_20120705_20260814,onset,limit_up_down_breadth_bottom::bottom::limit_up_down_breadth_v1_20120705_20260814::000011,2020-09-17,microcap,微盘股,20,True,20,True,2020-10-23,1390.68,-0.004005234849138617,0.01907699830298837,-0.05413179164149906
limit_up_down_breadth_bottom,bottom,limit_up_down_breadth_v1_20120705_20260814,onset,limit_up_down_breadth_bottom::bottom::limit_up_down_breadth_v1_20120705_20260814::000011,2020-09-17,sse_composite,上证指数,5,True,5,True,2020-09-24,3270.44,-0.014450654957742781,0.024507405731339027,-0.015043847311065228
limit_up_down_breadth_bottom,bottom,limit_up_down_breadth_v1_20120705_20260814,onset,limit_up_down_breadth_bottom::bottom::limit_up_down_breadth_v1_20120705_20260814::000011,2020-09-17,sse_composite,上证指数,10,True,10,True,2020-10-09,3270.44,0.0005014615770355668,0.024507405731339027,-0.02082288621714512
limit_up_down_breadth_bottom,bottom,limit_up_down_breadth_v1_20120705_20260814,onset,limit_up_down_breadth_bottom::bottom::limit_up_down_breadth_v1_20120705_20260814::000011,2020-09-17,sse_composite,上证指数,20,True,20,True,2020-10-23,3270.44,0.002311615562431868,0.030775675444282724,-0.02082288621714512
limit_up_down_breadth_bottom,bottom,limit_up_down_breadth_v1_20120705_20260814,onset,limit_up_down_breadth_bottom::bottom::limit_up_down_breadth_v1_20120705_20260814::000012,2020-10-29,all_a,全A,5,True,5,True,2020-11-05,5346.89990234375,0.01908770698120099,0.01908770698120099,-0.02157883725519616
limit_up_down_breadth_bottom,bottom,limit_up_down_breadth_v1_20120705_20260814,onset,limit_up_down_breadth_bottom::bottom::limit_up_down_breadth_v1_20120705_20260814::000012,2020-10-29,all_a,全A,10,True,10,True,2020-11-12,5346.89990234375,0.016503064576975035,0.038642974613557035,-0.02157883725519616
limit_up_down_breadth_bottom,bottom,limit_up_down_breadth_v1_20120705_20260814,onset,limit_up_down_breadth_bottom::bottom::limit_up_down_breadth_v1_20120705_20260814::000012,2020-10-29,all_a,全A,20,True,20,True,2020-11-26,5346.89990234375,0.01601860964447943,0.04107428999956264,-0.02157883725519616
limit_up_down_breadth_bottom,bottom,limit_up_down_breadth_v1_20120705_20260814,onset,limit_up_down_breadth_bottom::bottom::limit_up_down_breadth_v1_20120705_20260814::000012,2020-10-29,cni2000,国证2000,5,True,5,True,2020-11-05,7406.09,0.007946163225129421,0.007946163225129421,-0.03560313201702925
limit_up_down_breadth_bottom,bottom,limit_up_down_breadth_v1_20120705_20260814,onset,limit_up_down_breadth_bottom::bottom::limit_up_down_breadth_v1_20120705_20260814::000012,2020-10-29,cni2000,国证2000,10,True,10,True,2020-11-12,7406.09,-0.005614298502988779,0.022027817647368497,-0.03560313201702925
limit_up_down_breadth_bottom,bottom,limit_up_down_breadth_v1_20120705_20260814,onset,limit_up_down_breadth_bottom::bottom::limit_up_down_breadth_v1_20120705_20260814::000012,2020-10-29,cni2000,国证2000,20,True,20,True,2020-11-26,7406.09,-0.0074884318175987286,0.022027817647368497,-0.03560313201702925
limit_up_down_breadth_bottom,bottom,limit_up_down_breadth_v1_20120705_20260814,onset,limit_up_down_breadth_bottom::bottom::limit_up_down_breadth_v1_20120705_20260814::000012,2020-10-29,csi1000,中证1000,5,True,5,True,2020-11-05,6674.74,0.012016947476605866,0.012309093687544292,-0.031915849905764127
limit_up_down_breadth_bottom,bottom,limit_up_down_breadth_v1_20120705_20260814,onset,limit_up_down_breadth_bottom::bottom::limit_up_down_breadth_v1_20120705_20260814::000012,2020-10-29,csi1000,中证1000,10,True,10,True,2020-11-12,6674.74,0.0002516951971163195,0.0297689498017899,-0.031915849905764127
limit_up_down_breadth_bottom,bottom,limit_up_down_breadth_v1_20120705_20260814,onset,limit_up_down_breadth_bottom::bottom::limit_up_down_breadth_v1_20120705_20260814::000012,2020-10-29,csi1000,中证1000,20,True,20,True,2020-11-26,6674.74,-0.0047282740601131135,0.0297689498017899,-0.031915849905764127
limit_up_down_breadth_bottom,bottom,limit_up_down_breadth_v1_20120705_20260814,onset,limit_up_down_breadth_bottom::bottom::limit_up_down_breadth_v1_20120705_20260814::000012,2020-10-29,csi300,沪深300,5,True,5,True,2020-11-05,4772.92,0.023505527014908933,0.023505527014908933,-0.018741147976500727
limit_up_down_breadth_bottom,bottom,limit_up_down_breadth_v1_20120705_20260814,onset,limit_up_down_breadth_bottom::bottom::limit_up_down_breadth_v1_20120705_20260814::000012,2020-10-29,csi300,沪深300,10,True,10,True,2020-11-12,4772.92,0.028397710416265154,0.04711581170436552,-0.018741147976500727
limit_up_down_breadth_bottom,bottom,limit_up_down_breadth_v1_20120705_20260814,onset,limit_up_down_breadth_bottom::bottom::limit_up_down_breadth_v1_20120705_20260814::000012,2020-10-29,csi300,沪深300,20,True,20,True,2020-11-26,4772.92,0.030729616251686576,0.053788875573024475,-0.018741147976500727
limit_up_down_breadth_bottom,bottom,limit_up_down_breadth_v1_20120705_20260814,onset,limit_up_down_breadth_bottom::bottom::limit_up_down_breadth_v1_20120705_20260814::000012,2020-10-29,csi500,中证500,5,True,5,True,2020-11-05,6255.19,0.015473550763446031,0.0165062931741482,-0.025481240377990044
limit_up_down_breadth_bottom,bottom,limit_up_down_breadth_v1_20120705_20260814,onset,limit_up_down_breadth_bottom::bottom::limit_up_down_breadth_v1_20120705_20260814::000012,2020-10-29,csi500,中证500,10,True,10,True,2020-11-12,6255.19,0.009639994948195119,0.03160895192632052,-0.025481240377990044
limit_up_down_breadth_bottom,bottom,limit_up_down_breadth_v1_20120705_20260814,onset,limit_up_down_breadth_bottom::bottom::limit_up_down_breadth_v1_20120705_20260814::000012,2020-10-29,csi500,中证500,20,True,20,True,2020-11-26,6255.19,0.012647097849945554,0.04173334463061873,-0.025481240377990044
limit_up_down_breadth_bottom,bottom,limit_up_down_breadth_v1_20120705_20260814,onset,limit_up_down_breadth_bottom::bottom::limit_up_down_breadth_v1_20120705_20260814::000012,2020-10-29,microcap,微盘股,5,True,5,True,2020-11-05,1386.68,0.005689849136065961,0.005689849136065961,-0.036006865318602754
limit_up_down_breadth_bottom,bottom,limit_up_down_breadth_v1_20120705_20260814,onset,limit_up_down_breadth_bottom::bottom::limit_up_down_breadth_v1_20120705_20260814::000012,2020-10-29,microcap,微盘股,10,True,10,True,2020-11-12,1386.68,0.00934606398015414,0.019175296391380714,-0.036006865318602754
limit_up_down_breadth_bottom,bottom,limit_up_down_breadth_v1_20120705_20260814,onset,limit_up_down_breadth_bottom::bottom::limit_up_down_breadth_v1_20120705_20260814::000012,2020-10-29,microcap,微盘股,20,True,20,True,2020-11-26,1386.68,0.01601667291660669,0.0322929587215508,-0.036006865318602754
limit_up_down_breadth_bottom,bottom,limit_up_down_breadth_v1_20120705_20260814,onset,limit_up_down_breadth_bottom::bottom::limit_up_down_breadth_v1_20120705_20260814::000012,2020-10-29,sse_composite,上证指数,5,True,5,True,2020-11-05,3272.73,0.014483321263899063,0.01456887674815821,-0.01919498400418007
limit_up_down_breadth_bottom,bottom,limit_up_down_breadth_v1_20120705_20260814,onset,limit_up_down_breadth_bottom::bottom::limit_up_down_breadth_v1_20120705_20260814::000012,2020-10-29,sse_composite,上证指数,10,True,10,True,2020-11-12,3272.73,0.020151372096078646,0.03510524852340402,-0.01919498400418007
limit_up_down_breadth_bottom,bottom,limit_up_down_breadth_v1_20120705_20260814,onset,limit_up_down_breadth_bottom::bottom::limit_up_down_breadth_v1_20120705_20260814::000012,2020-10-29,sse_composite,上证指数,20,True,20,True,2020-11-26,3272.73,0.0296388641898353,0.04855884842318181,-0.01919498400418007
limit_up_down_breadth_bottom,bottom,limit_up_down_breadth_v1_20120705_20260814,onset,limit_up_down_breadth_bottom::bottom::limit_up_down_breadth_v1_20120705_20260814::000013,2020-11-06,all_a,全A,5,True,5,True,2020-11-13,5423.9599609375,-0.003906728950592631,0.023886617808173582,-0.011017737235411107
limit_up_down_breadth_bottom,bottom,limit_up_down_breadth_v1_20120705_20260814,onset,limit_up_down_breadth_bottom::bottom::limit_up_down_breadth_v1_20120705_20260814::000013,2020-11-06,all_a,全A,10,True,10,True,2020-11-20,5423.9599609375,0.01194884531974827,0.023886617808173582,-0.011017737235411107
limit_up_down_breadth_bottom,bottom,limit_up_down_breadth_v1_20120705_20260814,onset,limit_up_down_breadth_bottom::bottom::limit_up_down_breadth_v1_20120705_20260814::000013,2020-11-06,all_a,全A,20,True,20,True,2020-12-04,5423.9599609375,0.02599027571349999,0.02720522637638445,-0.011017737235411107
limit_up_down_breadth_bottom,bottom,limit_up_down_breadth_v1_20120705_20260814,onset,limit_up_down_breadth_bottom::bottom::limit_up_down_breadth_v1_20120705_20260814::000013,2020-11-06,cni2000,国证2000,5,True,5,True,2020-11-13,7379.54,-0.0018226068291519182,0.025704854232106555,-0.010091414912040575
limit_up_down_breadth_bottom,bottom,limit_up_down_breadth_v1_20120705_20260814,onset,limit_up_down_breadth_bottom::bottom::limit_up_down_breadth_v1_20120705_20260814::000013,2020-11-06,cni2000,国证2000,10,True,10,True,2020-11-20,7379.54,0.013410049948912706,0.025704854232106555,-0.010091414912040575
limit_up_down_breadth_bottom,bottom,limit_up_down_breadth_v1_20120705_20260814,onset,limit_up_down_breadth_bottom::bottom::limit_up_down_breadth_v1_20120705_20260814::000013,2020-11-06,cni2000,国证2000,20,True,20,True,2020-12-04,7379.54,0.0070302484978739255,0.025704854232106555,-0.014588985221301032
limit_up_down_breadth_bottom,bottom,limit_up_down_breadth_v1_20120705_20260814,onset,limit_up_down_breadth_bottom::bottom::limit_up_down_breadth_v1_20120705_20260814::000013,2020-11-06,csi1000,中证1000,5,True,5,True,2020-11-13,6688.66,-0.00033938038411274185,0.027625862280337143,-0.010040875152870665
limit_up_down_breadth_bottom,bottom,limit_up_down_breadth_v1_20120705_20260814,onset,limit_up_down_breadth_bottom::bottom::limit_up_down_breadth_v1_20120705_20260814::000013,2020-11-06,csi1000,中证1000,10,True,10,True,2020-11-20,6688.66,0.011571824550806964,0.027625862280337143,-0.010040875152870665
limit_up_down_breadth_bottom,bottom,limit_up_down_breadth_v1_20120705_20260814,onset,limit_up_down_breadth_bottom::bottom::limit_up_down_breadth_v1_20120705_20260814::000013,2020-11-06,csi1000,中证1000,20,True,20,True,2020-12-04,6688.66,0.008666907870933827,0.027625862280337143,-0.01643677507901431
limit_up_down_breadth_bottom,bottom,limit_up_down_breadth_v1_20120705_20260814,onset,limit_up_down_breadth_bottom::bottom::limit_up_down_breadth_v1_20120705_20260814::000013,2020-11-06,csi300,沪深300,5,True,5,True,2020-11-13,4885.72,-0.005909057416307095,0.02294032404640456,-0.01227250026608162
limit_up_down_breadth_bottom,bottom,limit_up_down_breadth_v1_20120705_20260814,onset,limit_up_down_breadth_bottom::bottom::limit_up_down_breadth_v1_20120705_20260814::000013,2020-11-06,csi300,沪深300,10,True,10,True,2020-11-20,4885.72,0.011783319551673,0.02294032404640456,-0.01227250026608162
limit_up_down_breadth_bottom,bottom,limit_up_down_breadth_v1_20120705_20260814,onset,limit_up_down_breadth_bottom::bottom::limit_up_down_breadth_v1_20120705_20260814::000013,2020-11-06,csi300,沪深300,20,True,20,True,2020-12-04,4885.72,0.036882997797663464,0.041936500659063514,-0.01227250026608162
limit_up_down_breadth_bottom,bottom,limit_up_down_breadth_v1_20120705_20260814,onset,limit_up_down_breadth_bottom::bottom::limit_up_down_breadth_v1_20120705_20260814::000013,2020-11-06,csi500,中证500,5,True,5,True,2020-11-13,6301.25,0.0009077563975401493,0.02406824042848643,-0.008393572703828678
limit_up_down_breadth_bottom,bottom,limit_up_down_breadth_v1_20120705_20260814,onset,limit_up_down_breadth_bottom::bottom::limit_up_down_breadth_v1_20120705_20260814::000013,2020-11-06,csi500,中证500,10,True,10,True,2020-11-20,6301.25,0.01931997619519943,0.02406824042848643,-0.008393572703828678
limit_up_down_breadth_bottom,bottom,limit_up_down_breadth_v1_20120705_20260814,onset,limit_up_down_breadth_bottom::bottom::limit_up_down_breadth_v1_20120705_20260814::000013,2020-11-06,csi500,中证500,20,True,20,True,2020-12-04,6301.25,0.025944058718508245,0.034118627256496614,-0.008393572703828678
limit_up_down_breadth_bottom,bottom,limit_up_down_breadth_v1_20120705_20260814,onset,limit_up_down_breadth_bottom::bottom::limit_up_down_breadth_v1_20120705_20260814::000013,2020-11-06,microcap,微盘股,5,True,5,True,2020-11-13,1380.64,0.013450283926295103,0.023633966855950872,0.0036866960250319103
limit_up_down_breadth_bottom,bottom,limit_up_down_breadth_v1_20120705_20260814,onset,limit_up_down_breadth_bottom::bottom::limit_up_down_breadth_v1_20120705_20260814::000013,2020-11-06,microcap,微盘股,10,True,10,True,2020-11-20,1380.64,0.03344101286359935,0.034281202920384723,0.0036866960250319103
limit_up_down_breadth_bottom,bottom,limit_up_down_breadth_v1_20120705_20260814,onset,limit_up_down_breadth_bottom::bottom::limit_up_down_breadth_v1_20120705_20260814::000013,2020-11-06,microcap,微盘股,20,True,20,True,2020-12-04,1380.64,0.036041256228995344,0.036809016108471315,0.0036866960250319103
limit_up_down_breadth_bottom,bottom,limit_up_down_breadth_v1_20120705_20260814,onset,limit_up_down_breadth_bottom::bottom::limit_up_down_breadth_v1_20120705_20260814::000013,2020-11-06,sse_composite,上证指数,5,True,5,True,2020-11-13,3312.16,-0.0006219506304042666,0.022782715810830467,-0.006195352881503302
limit_up_down_breadth_bottom,bottom,limit_up_down_breadth_v1_20120705_20260814,onset,limit_up_down_breadth_bottom::bottom::limit_up_down_breadth_v1_20120705_20260814::000013,2020-11-06,sse_composite,上证指数,10,True,10,True,2020-11-20,3312.16,0.01979674894932626,0.022782715810830467,-0.006195352881503302
limit_up_down_breadth_bottom,bottom,limit_up_down_breadth_v1_20120705_20260814,onset,limit_up_down_breadth_bottom::bottom::limit_up_down_breadth_v1_20120705_20260814::000013,2020-11-06,sse_composite,上证指数,20,True,20,True,2020-12-04,3312.16,0.039979952659291884,0.04636551374329745,-0.006195352881503302
limit_up_down_breadth_bottom,bottom,limit_up_down_breadth_v1_20120705_20260814,onset,limit_up_down_breadth_bottom::bottom::limit_up_down_breadth_v1_20120705_20260814::000014,2022-01-28,all_a,全A,5,True,5,True,2022-02-11,5405.9072265625,0.012146272279907944,0.029593007071077038,-0.003983905048893122
limit_up_down_breadth_bottom,bottom,limit_up_down_breadth_v1_20120705_20260814,onset,limit_up_down_breadth_bottom::bottom::limit_up_down_breadth_v1_20120705_20260814::000014,2022-01-28,all_a,全A,10,True,10,True,2022-02-18,5405.9072265625,0.02931499088905376,0.029593007071077038,-0.003983905048893122
limit_up_down_breadth_bottom,bottom,limit_up_down_breadth_v1_20120705_20260814,onset,limit_up_down_breadth_bottom::bottom::limit_up_down_breadth_v1_20120705_20260814::000014,2022-01-28,all_a,全A,20,True,20,True,2022-03-04,5405.9072265625,0.010906218945601509,0.036437191014097925,-0.003983905048893122
limit_up_down_breadth_bottom,bottom,limit_up_down_breadth_v1_20120705_20260814,onset,limit_up_down_breadth_bottom::bottom::limit_up_down_breadth_v1_20120705_20260814::000014,2022-01-28,cni2000,国证2000,5,True,5,True,2022-02-11,8240.79,0.01572422061477119,0.04422027499790682,0.0011212517246526055
limit_up_down_breadth_bottom,bottom,limit_up_down_breadth_v1_20120705_20260814,onset,limit_up_down_breadth_bottom::bottom::limit_up_down_breadth_v1_20120705_20260814::000014,2022-01-28,cni2000,国证2000,10,True,10,True,2022-02-18,8240.79,0.0449289449191157,0.044945933581610475,0.0011212517246526055
limit_up_down_breadth_bottom,bottom,limit_up_down_breadth_v1_20120705_20260814,onset,limit_up_down_breadth_bottom::bottom::limit_up_down_breadth_v1_20120705_20260814::000014,2022-01-28,cni2000,国证2000,20,True,20,True,2022-03-04,8240.79,0.04561091837069009,0.07486054128305653,0.0011212517246526055
limit_up_down_breadth_bottom,bottom,limit_up_down_breadth_v1_20120705_20260814,onset,limit_up_down_breadth_bottom::bottom::limit_up_down_breadth_v1_20120705_20260814::000014,2022-01-28,csi1000,中证1000,5,True,5,True,2022-02-11,6973.01,0.008725069948271935,0.03573492652383958,-0.00632581912258845
limit_up_down_breadth_bottom,bottom,limit_up_down_breadth_v1_20120705_20260814,onset,limit_up_down_breadth_bottom::bottom::limit_up_down_breadth_v1_20120705_20260814::000014,2022-01-28,csi1000,中证1000,10,True,10,True,2022-02-18,6973.01,0.03997986522319619,0.04187861483061117,-0.00632581912258845
limit_up_down_breadth_bottom,bottom,limit_up_down_breadth_v1_20120705_20260814,onset,limit_up_down_breadth_bottom::bottom::limit_up_down_breadth_v1_20120705_20260814::000014,2022-01-28,csi1000,中证1000,20,True,20,True,2022-03-04,6973.01,0.03851277999027691,0.07287096963864959,-0.00632581912258845
limit_up_down_breadth_bottom,bottom,limit_up_down_breadth_v1_20120705_20260814,onset,limit_up_down_breadth_bottom::bottom::limit_up_down_breadth_v1_20120705_20260814::000014,2022-01-28,csi300,沪深300,5,True,5,True,2022-02-11,4563.77,0.008245376081616573,0.023857468715557273,-0.009049535800445763
limit_up_down_breadth_bottom,bottom,limit_up_down_breadth_v1_20120705_20260814,onset,limit_up_down_breadth_bottom::bottom::limit_up_down_breadth_v1_20120705_20260814::000014,2022-01-28,csi300,沪深300,10,True,10,True,2022-02-18,4563.77,0.01916617182723912,0.023857468715557273,-0.009049535800445763
limit_up_down_breadth_bottom,bottom,limit_up_down_breadth_v1_20120705_20260814,onset,limit_up_down_breadth_bottom::bottom::limit_up_down_breadth_v1_20120705_20260814::000014,2022-01-28,csi300,沪深300,20,True,20,True,2022-03-04,4563.77,-0.014755344813608073,0.023857468715557273,-0.01802895413221972
limit_up_down_breadth_bottom,bottom,limit_up_down_breadth_v1_20120705_20260814,onset,limit_up_down_breadth_bottom::bottom::limit_up_down_breadth_v1_20120705_20260814::000014,2022-01-28,csi500,中证500,5,True,5,True,2022-02-11,6580.53,0.02499646684993473,0.043181932154400915,0.002862991278818061
limit_up_down_breadth_bottom,bottom,limit_up_down_breadth_v1_20120705_20260814,onset,limit_up_down_breadth_bottom::bottom::limit_up_down_breadth_v1_20120705_20260814::000014,2022-01-28,csi500,中证500,10,True,10,True,2022-02-18,6580.53,0.03867317678059368,0.043181932154400915,0.002862991278818061
limit_up_down_breadth_bottom,bottom,limit_up_down_breadth_v1_20120705_20260814,onset,limit_up_down_breadth_bottom::bottom::limit_up_down_breadth_v1_20120705_20260814::000014,2022-01-28,csi500,中证500,20,True,20,True,2022-03-04,6580.53,0.03393343697240203,0.04967381046815378,0.002862991278818061
limit_up_down_breadth_bottom,bottom,limit_up_down_breadth_v1_20120705_20260814,onset,limit_up_down_breadth_bottom::bottom::limit_up_down_breadth_v1_20120705_20260814::000014,2022-01-28,microcap,微盘股,5,True,5,True,2022-02-11,1786.1,0.02544090476457095,0.05153126924584295,-0.006427411679077344
limit_up_down_breadth_bottom,bottom,limit_up_down_breadth_v1_20120705_20260814,onset,limit_up_down_breadth_bottom::bottom::limit_up_down_breadth_v1_20120705_20260814::000014,2022-01-28,microcap,微盘股,10,True,10,True,2022-02-18,1786.1,0.07073512121381786,0.07600358322602307,-0.006427411679077344
limit_up_down_breadth_bottom,bottom,limit_up_down_breadth_v1_20120705_20260814,onset,limit_up_down_breadth_bottom::bottom::limit_up_down_breadth_v1_20120705_20260814::000014,2022-01-28,microcap,微盘股,20,True,20,True,2022-03-04,1786.1,0.1071328593023908,0.12367728570628755,-0.006427411679077344
limit_up_down_breadth_bottom,bottom,limit_up_down_breadth_v1_20120705_20260814,onset,limit_up_down_breadth_bottom::bottom::limit_up_down_breadth_v1_20120705_20260814::000014,2022-01-28,sse_composite,上证指数,5,True,5,True,2022-02-11,3361.44,0.03019836736636683,0.04126505307249273,0.008633204816983264
limit_up_down_breadth_bottom,bottom,limit_up_down_breadth_v1_20120705_20260814,onset,limit_up_down_breadth_bottom::bottom::limit_up_down_breadth_v1_20120705_20260814::000014,2022-01-28,sse_composite,上证指数,10,True,10,True,2022-02-18,3361.44,0.038471607406349806,0.04126505307249273,0.008633204816983264
limit_up_down_breadth_bottom,bottom,limit_up_down_breadth_v1_20120705_20260814,onset,limit_up_down_breadth_bottom::bottom::limit_up_down_breadth_v1_20120705_20260814::000014,2022-01-28,sse_composite,上证指数,20,True,20,True,2022-03-04,3361.44,0.025646746632395745,0.04130670188966623,0.008633204816983264
limit_up_down_breadth_bottom,bottom,limit_up_down_breadth_v1_20120705_20260814,onset,limit_up_down_breadth_bottom::bottom::limit_up_down_breadth_v1_20120705_20260814::000015,2022-04-18,all_a,全A,5,True,5,True,2022-04-25,4957.22900390625,-0.10577208060553145,0.005385423453851512,-0.10577227760318864
limit_up_down_breadth_bottom,bottom,limit_up_down_breadth_v1_20120705_20260814,onset,limit_up_down_breadth_bottom::bottom::limit_up_down_breadth_v1_20120705_20260814::000015,2022-04-18,all_a,全A,10,True,10,True,2022-05-05,4957.22900390625,-0.056560292856717154,0.005385423453851512,-0.13216927417690683
limit_up_down_breadth_bottom,bottom,limit_up_down_breadth_v1_20120705_20260814,onset,limit_up_down_breadth_bottom::bottom::limit_up_down_breadth_v1_20120705_20260814::000015,2022-04-18,all_a,全A,20,True,20,True,2022-05-19,4957.22900390625,-0.03604544932949383,0.005385423453851512,-0.13216927417690683
limit_up_down_breadth_bottom,bottom,limit_up_down_breadth_v1_20120705_20260814,onset,limit_up_down_breadth_bottom::bottom::limit_up_down_breadth_v1_20120705_20260814::000015,2022-04-18,cni2000,国证2000,5,True,5,True,2022-04-25,7625.03,-0.13741978720083725,0.011147497124601502,-0.13741978720083725
limit_up_down_breadth_bottom,bottom,limit_up_down_breadth_v1_20120705_20260814,onset,limit_up_down_breadth_bottom::bottom::limit_up_down_breadth_v1_20120705_20260814::000015,2022-04-18,cni2000,国证2000,10,True,10,True,2022-05-05,7625.03,-0.08810194845135033,0.011147497124601502,-0.18677303564707282
limit_up_down_breadth_bottom,bottom,limit_up_down_breadth_v1_20120705_20260814,onset,limit_up_down_breadth_bottom::bottom::limit_up_down_breadth_v1_20120705_20260814::000015,2022-04-18,cni2000,国证2000,20,True,20,True,2022-05-19,7625.03,-0.03421757029152672,0.011147497124601502,-0.18677303564707282
limit_up_down_breadth_bottom,bottom,limit_up_down_breadth_v1_20120705_20260814,onset,limit_up_down_breadth_bottom::bottom::limit_up_down_breadth_v1_20120705_20260814::000015,2022-04-18,csi1000,中证1000,5,True,5,True,2022-04-25,6326.02,-0.14138589508095145,0.008442907230770569,-0.14138589508095145
limit_up_down_breadth_bottom,bottom,limit_up_down_breadth_v1_20120705_20260814,onset,limit_up_down_breadth_bottom::bottom::limit_up_down_breadth_v1_20120705_20260814::000015,2022-04-18,csi1000,中证1000,10,True,10,True,2022-05-05,6326.02,-0.07731401418269312,0.008442907230770569,-0.18357039655265084
limit_up_down_breadth_bottom,bottom,limit_up_down_breadth_v1_20120705_20260814,onset,limit_up_down_breadth_bottom::bottom::limit_up_down_breadth_v1_20120705_20260814::000015,2022-04-18,csi1000,中证1000,20,True,20,True,2022-05-19,6326.02,-0.023052408939586155,0.008442907230770569,-0.18357039655265084
limit_up_down_breadth_bottom,bottom,limit_up_down_breadth_v1_20120705_20260814,onset,limit_up_down_breadth_bottom::bottom::limit_up_down_breadth_v1_20120705_20260814::000015,2022-04-18,csi300,沪深300,5,True,5,True,2022-04-25,4166.38,-0.08435860387194649,0.004934739510078279,-0.08435860387194649
limit_up_down_breadth_bottom,bottom,limit_up_down_breadth_v1_20120705_20260814,onset,limit_up_down_breadth_bottom::bottom::limit_up_down_breadth_v1_20120705_20260814::000015,2022-04-18,csi300,沪深300,10,True,10,True,2022-05-05,4166.38,-0.037483378856465355,0.004934739510078279,-0.09823635866147595
limit_up_down_breadth_bottom,bottom,limit_up_down_breadth_v1_20120705_20260814,onset,limit_up_down_breadth_bottom::bottom::limit_up_down_breadth_v1_20120705_20260814::000015,2022-04-18,csi300,沪深300,20,True,20,True,2022-05-19,4166.38,-0.04002995406083942,0.004934739510078279,-0.09823635866147595
limit_up_down_breadth_bottom,bottom,limit_up_down_breadth_v1_20120705_20260814,onset,limit_up_down_breadth_bottom::bottom::limit_up_down_breadth_v1_20120705_20260814::000015,2022-04-18,csi500,中证500,5,True,5,True,2022-04-25,6074.01,-0.11595140607275922,0.005419813269981422,-0.11595140607275922
limit_up_down_breadth_bottom,bottom,limit_up_down_breadth_v1_20120705_20260814,onset,limit_up_down_breadth_bottom::bottom::limit_up_down_breadth_v1_20120705_20260814::000015,2022-04-18,csi500,中证500,10,True,10,True,2022-05-05,6074.01,-0.06376512386380673,0.005419813269981422,-0.15072909000808377
limit_up_down_breadth_bottom,bottom,limit_up_down_breadth_v1_20120705_20260814,onset,limit_up_down_breadth_bottom::bottom::limit_up_down_breadth_v1_20120705_20260814::000015,2022-04-18,csi500,中证500,20,True,20,True,2022-05-19,6074.01,-0.03878821404640431,0.005419813269981422,-0.15072909000808377
limit_up_down_breadth_bottom,bottom,limit_up_down_breadth_v1_20120705_20260814,onset,limit_up_down_breadth_bottom::bottom::limit_up_down_breadth_v1_20120705_20260814::000015,2022-04-18,microcap,微盘股,5,True,5,True,2022-04-25,1874.61,-0.11931014984450095,0.021892553651159607,-0.11968889529022031
limit_up_down_breadth_bottom,bottom,limit_up_down_breadth_v1_20120705_20260814,onset,limit_up_down_breadth_bottom::bottom::limit_up_down_breadth_v1_20120705_20260814::000015,2022-04-18,microcap,微盘股,10,True,10,True,2022-05-05,1874.61,-0.1157627453176927,0.021892553651159607,-0.19184256992121018
limit_up_down_breadth_bottom,bottom,limit_up_down_breadth_v1_20120705_20260814,onset,limit_up_down_breadth_bottom::bottom::limit_up_down_breadth_v1_20120705_20260814::000015,2022-04-18,microcap,微盘股,20,True,20,True,2022-05-19,1874.61,-0.03895743648012118,0.021892553651159607,-0.19184256992121018
limit_up_down_breadth_bottom,bottom,limit_up_down_breadth_v1_20120705_20260814,onset,limit_up_down_breadth_bottom::bottom::limit_up_down_breadth_v1_20120705_20260814::000015,2022-04-18,sse_composite,上证指数,5,True,5,True,2022-04-25,3195.52,-0.08355760564790704,0.0038522681754455945,-0.08355760564790704
limit_up_down_breadth_bottom,bottom,limit_up_down_breadth_v1_20120705_20260814,onset,limit_up_down_breadth_bottom::bottom::limit_up_down_breadth_v1_20120705_20260814::000015,2022-04-18,sse_composite,上证指数,10,True,10,True,2022-05-05,3195.52,-0.03998097336270767,0.0038522681754455945,-0.10385477168035251
limit_up_down_breadth_bottom,bottom,limit_up_down_breadth_v1_20120705_20260814,onset,limit_up_down_breadth_bottom::bottom::limit_up_down_breadth_v1_20120705_20260814::000015,2022-04-18,sse_composite,上证指数,20,True,20,True,2022-05-19,3195.52,-0.03084318045263368,0.0038522681754455945,-0.10385477168035251
limit_up_down_breadth_bottom,bottom,limit_up_down_breadth_v1_20120705_20260814,onset,limit_up_down_breadth_bottom::bottom::limit_up_down_breadth_v1_20120705_20260814::000016,2022-04-28,all_a,全A,5,True,5,True,2022-05-10,4501.36328125,0.03340220714384268,0.04639718522773917,0.0012739196198374714
limit_up_down_breadth_bottom,bottom,limit_up_down_breadth_v1_20120705_20260814,onset,limit_up_down_breadth_bottom::bottom::limit_up_down_breadth_v1_20120705_20260814::000016,2022-04-28,all_a,全A,10,True,10,True,2022-05-17,4501.36328125,0.057442992530908565,0.06405416241086681,0.0012739196198374714
limit_up_down_breadth_bottom,bottom,limit_up_down_breadth_v1_20120705_20260814,onset,limit_up_down_breadth_bottom::bottom::limit_up_down_breadth_v1_20120705_20260814::000016,2022-04-28,all_a,全A,20,True,20,True,2022-05-31,4501.36328125,0.08900222502037147,0.09000485096095012,0.0012739196198374714
limit_up_down_breadth_bottom,bottom,limit_up_down_breadth_v1_20120705_20260814,onset,limit_up_down_breadth_bottom::bottom::limit_up_down_breadth_v1_20120705_20260814::000016,2022-04-28,cni2000,国证2000,5,True,5,True,2022-05-10,6531.7,0.09079565809819812,0.09079565809819812,0.006195936739286978
limit_up_down_breadth_bottom,bottom,limit_up_down_breadth_v1_20120705_20260814,onset,limit_up_down_breadth_bottom::bottom::limit_up_down_breadth_v1_20120705_20260814::000016,2022-04-28,cni2000,国证2000,10,True,10,True,2022-05-17,6531.7,0.1142244744859684,0.12285775525514042,0.006195936739286978
limit_up_down_breadth_bottom,bottom,limit_up_down_breadth_v1_20120705_20260814,onset,limit_up_down_breadth_bottom::bottom::limit_up_down_breadth_v1_20120705_20260814::000016,2022-04-28,cni2000,国证2000,20,True,20,True,2022-05-31,6531.7,0.16144342208000984,0.16227934534654076,0.006195936739286978
limit_up_down_breadth_bottom,bottom,limit_up_down_breadth_v1_20120705_20260814,onset,limit_up_down_breadth_bottom::bottom::limit_up_down_breadth_v1_20120705_20260814::000016,2022-04-28,csi1000,中证1000,5,True,5,True,2022-05-10,5493.91,0.08313933064065493,0.08351247108161597,0.004333889706966465
limit_up_down_breadth_bottom,bottom,limit_up_down_breadth_v1_20120705_20260814,onset,limit_up_down_breadth_bottom::bottom::limit_up_down_breadth_v1_20120705_20260814::000016,2022-04-28,csi1000,中证1000,10,True,10,True,2022-05-17,5493.91,0.11368042068399387,0.12027681560127479,0.004333889706966465
limit_up_down_breadth_bottom,bottom,limit_up_down_breadth_v1_20120705_20260814,onset,limit_up_down_breadth_bottom::bottom::limit_up_down_breadth_v1_20120705_20260814::000016,2022-04-28,csi1000,中证1000,20,True,20,True,2022-05-31,5493.91,0.1564350344290315,0.15701749755638517,0.004333889706966465
limit_up_down_breadth_bottom,bottom,limit_up_down_breadth_v1_20120705_20260814,onset,limit_up_down_breadth_bottom::bottom::limit_up_down_breadth_v1_20120705_20260814::000016,2022-04-28,csi300,沪深300,5,True,5,True,2022-05-10,3921.11,-0.00031623698391536337,0.03024398703428366,-0.02870105658856803
limit_up_down_breadth_bottom,bottom,limit_up_down_breadth_v1_20120705_20260814,onset,limit_up_down_breadth_bottom::bottom::limit_up_down_breadth_v1_20120705_20260814::000016,2022-04-28,csi300,沪深300,10,True,10,True,2022-05-17,3921.11,0.021621428626077854,0.03024398703428366,-0.02870105658856803
limit_up_down_breadth_bottom,bottom,limit_up_down_breadth_v1_20120705_20260814,onset,limit_up_down_breadth_bottom::bottom::limit_up_down_breadth_v1_20120705_20260814::000016,2022-04-28,csi300,沪深300,20,True,20,True,2022-05-31,3921.11,0.04345963260403307,0.0446531721884873,-0.02870105658856803
limit_up_down_breadth_bottom,bottom,limit_up_down_breadth_v1_20120705_20260814,onset,limit_up_down_breadth_bottom::bottom::limit_up_down_breadth_v1_20120705_20260814::000016,2022-04-28,csi500,中证500,5,True,5,True,2022-05-10,5418.76,0.050072341273649235,0.05718282411474207,0.00459699266990965
limit_up_down_breadth_bottom,bottom,limit_up_down_breadth_v1_20120705_20260814,onset,limit_up_down_breadth_bottom::bottom::limit_up_down_breadth_v1_20120705_20260814::000016,2022-04-28,csi500,中证500,10,True,10,True,2022-05-17,5418.76,0.07337102953443231,0.08072511054189513,0.00459699266990965
limit_up_down_breadth_bottom,bottom,limit_up_down_breadth_v1_20120705_20260814,onset,limit_up_down_breadth_bottom::bottom::limit_up_down_breadth_v1_20120705_20260814::000016,2022-04-28,csi500,中证500,20,True,20,True,2022-05-31,5418.76,0.11210682886859713,0.11344108246167028,0.00459699266990965
limit_up_down_breadth_bottom,bottom,limit_up_down_breadth_v1_20120705_20260814,onset,limit_up_down_breadth_bottom::bottom::limit_up_down_breadth_v1_20120705_20260814::000016,2022-04-28,microcap,微盘股,5,True,5,True,2022-05-10,1559.56,0.09636051193926498,0.09641180845879616,0.0015837800405242852
limit_up_down_breadth_bottom,bottom,limit_up_down_breadth_v1_20120705_20260814,onset,limit_up_down_breadth_bottom::bottom::limit_up_down_breadth_v1_20120705_20260814::000016,2022-04-28,microcap,微盘股,10,True,10,True,2022-05-17,1559.56,0.12310523480981805,0.13210136192259347,0.0015837800405242852
limit_up_down_breadth_bottom,bottom,limit_up_down_breadth_v1_20120705_20260814,onset,limit_up_down_breadth_bottom::bottom::limit_up_down_breadth_v1_20120705_20260814::000016,2022-04-28,microcap,微盘股,20,True,20,True,2022-05-31,1559.56,0.19029085126574152,0.19129754546154043,0.0015837800405242852
limit_up_down_breadth_bottom,bottom,limit_up_down_breadth_v1_20120705_20260814,onset,limit_up_down_breadth_bottom::bottom::limit_up_down_breadth_v1_20120705_20260814::000016,2022-04-28,sse_composite,上证指数,5,True,5,True,2022-05-10,2975.48,0.02028580262680313,0.03587656445346643,-0.006076330541626818
limit_up_down_breadth_bottom,bottom,limit_up_down_breadth_v1_20120705_20260814,onset,limit_up_down_breadth_bottom::bottom::limit_up_down_breadth_v1_20120705_20260814::000016,2022-04-28,sse_composite,上证指数,10,True,10,True,2022-05-17,2975.48,0.0397314046809254,0.04271579711508733,-0.006076330541626818
limit_up_down_breadth_bottom,bottom,limit_up_down_breadth_v1_20120705_20260814,onset,limit_up_down_breadth_bottom::bottom::limit_up_down_breadth_v1_20120705_20260814::000016,2022-04-28,sse_composite,上证指数,20,True,20,True,2022-05-31,2975.48,0.07089612432279835,0.07162541841988523,-0.006076330541626818
limit_up_down_breadth_bottom,bottom,limit_up_down_breadth_v1_20120705_20260814,onset,limit_up_down_breadth_bottom::bottom::limit_up_down_breadth_v1_20120705_20260814::000017,2022-09-22,all_a,全A,5,True,5,True,2022-09-29,4803.1279296875,-0.02627356887997989,0.002915682183830759,-0.03130406353444404
limit_up_down_breadth_bottom,bottom,limit_up_down_breadth_v1_20120705_20260814,onset,limit_up_down_breadth_bottom::bottom::limit_up_down_breadth_v1_20120705_20260814::000017,2022-09-22,all_a,全A,10,True,10,True,2022-10-13,4803.1279296875,-0.031572341672693405,0.002915682183830759,-0.06630688863844625
limit_up_down_breadth_bottom,bottom,limit_up_down_breadth_v1_20120705_20260814,onset,limit_up_down_breadth_bottom::bottom::limit_up_down_breadth_v1_20120705_20260814::000017,2022-09-22,all_a,全A,20,True,20,True,2022-10-27,4803.1279296875,-0.033813617956885644,0.005389452633304037,-0.06630688863844625
limit_up_down_breadth_bottom,bottom,limit_up_down_breadth_v1_20120705_20260814,onset,limit_up_down_breadth_bottom::bottom::limit_up_down_breadth_v1_20120705_20260814::000017,2022-09-22,cni2000,国证2000,5,True,5,True,2022-09-29,7853.85,-0.04795227818203818,0.0014311452345028286,-0.053443852378133094
limit_up_down_breadth_bottom,bottom,limit_up_down_breadth_v1_20120705_20260814,onset,limit_up_down_breadth_bottom::bottom::limit_up_down_breadth_v1_20120705_20260814::000017,2022-09-22,cni2000,国证2000,10,True,10,True,2022-10-13,7853.85,-0.03357461627100089,0.0014311452345028286,-0.08638693125027852
limit_up_down_breadth_bottom,bottom,limit_up_down_breadth_v1_20120705_20260814,onset,limit_up_down_breadth_bottom::bottom::limit_up_down_breadth_v1_20120705_20260814::000017,2022-09-22,cni2000,国证2000,20,True,20,True,2022-10-27,7853.85,-0.0017290882815433894,0.014181579734779737,-0.08638693125027852
limit_up_down_breadth_bottom,bottom,limit_up_down_breadth_v1_20120705_20260814,onset,limit_up_down_breadth_bottom::bottom::limit_up_down_breadth_v1_20120705_20260814::000017,2022-09-22,csi1000,中证1000,5,True,5,True,2022-09-29,6487.27,-0.03984572863469549,0.00258352126549366,-0.0453965998023822
limit_up_down_breadth_bottom,bottom,limit_up_down_breadth_v1_20120705_20260814,onset,limit_up_down_breadth_bottom::bottom::limit_up_down_breadth_v1_20120705_20260814::000017,2022-09-22,csi1000,中证1000,10,True,10,True,2022-10-13,6487.27,-0.036232498416128855,0.00258352126549366,-0.08774877567913775
limit_up_down_breadth_bottom,bottom,limit_up_down_breadth_v1_20120705_20260814,onset,limit_up_down_breadth_bottom::bottom::limit_up_down_breadth_v1_20120705_20260814::000017,2022-09-22,csi1000,中证1000,20,True,20,True,2022-10-27,6487.27,-0.003955438882611739,0.010343333944787148,-0.08774877567913775
limit_up_down_breadth_bottom,bottom,limit_up_down_breadth_v1_20120705_20260814,onset,limit_up_down_breadth_bottom::bottom::limit_up_down_breadth_v1_20120705_20260814::000017,2022-09-22,csi300,沪深300,5,True,5,True,2022-09-29,3869.34,-0.010906252745946365,0.006197439356582679,-0.015684845477523357
limit_up_down_breadth_bottom,bottom,limit_up_down_breadth_v1_20120705_20260814,onset,limit_up_down_breadth_bottom::bottom::limit_up_down_breadth_v1_20120705_20260814::000017,2022-09-22,csi300,沪深300,10,True,10,True,2022-10-13,3869.34,-0.030152429096435118,0.006197439356582679,-0.05370683372358076
limit_up_down_breadth_bottom,bottom,limit_up_down_breadth_v1_20120705_20260814,onset,limit_up_down_breadth_bottom::bottom::limit_up_down_breadth_v1_20120705_20260814::000017,2022-09-22,csi300,沪深300,20,True,20,True,2022-10-27,3869.34,-0.0615608863527114,0.006197439356582679,-0.07097851313143855
limit_up_down_breadth_bottom,bottom,limit_up_down_breadth_v1_20120705_20260814,onset,limit_up_down_breadth_bottom::bottom::limit_up_down_breadth_v1_20120705_20260814::000017,2022-09-22,csi500,中证500,5,True,5,True,2022-09-29,5965.89,-0.032519875492173056,0.0035082778931558867,-0.03769261585446593
limit_up_down_breadth_bottom,bottom,limit_up_down_breadth_v1_20120705_20260814,onset,limit_up_down_breadth_bottom::bottom::limit_up_down_breadth_v1_20120705_20260814::000017,2022-09-22,csi500,中证500,10,True,10,True,2022-10-13,5965.89,-0.022720834611432705,0.0035082778931558867,-0.06228576121919782
limit_up_down_breadth_bottom,bottom,limit_up_down_breadth_v1_20120705_20260814,onset,limit_up_down_breadth_bottom::bottom::limit_up_down_breadth_v1_20120705_20260814::000017,2022-09-22,csi500,中证500,20,True,20,True,2022-10-27,5965.89,-0.0004844205977649896,0.018183372472506232,-0.06228576121919782
limit_up_down_breadth_bottom,bottom,limit_up_down_breadth_v1_20120705_20260814,onset,limit_up_down_breadth_bottom::bottom::limit_up_down_breadth_v1_20120705_20260814::000017,2022-09-22,microcap,微盘股,5,True,5,True,2022-09-29,2127.66,-0.051399189720162,0.0026930994613800774,-0.056334188733162205
limit_up_down_breadth_bottom,bottom,limit_up_down_breadth_v1_20120705_20260814,onset,limit_up_down_breadth_bottom::bottom::limit_up_down_breadth_v1_20120705_20260814::000017,2022-09-22,microcap,微盘股,10,True,10,True,2022-10-13,2127.66,-0.030531193893761244,0.0026930994613800774,-0.08969008206198359
limit_up_down_breadth_bottom,bottom,limit_up_down_breadth_v1_20120705_20260814,onset,limit_up_down_breadth_bottom::bottom::limit_up_down_breadth_v1_20120705_20260814::000017,2022-09-22,microcap,微盘股,20,True,20,True,2022-10-27,2127.66,0.019462696107460875,0.028430294313941173,-0.08969008206198359
limit_up_down_breadth_bottom,bottom,limit_up_down_breadth_v1_20120705_20260814,onset,limit_up_down_breadth_bottom::bottom::limit_up_down_breadth_v1_20120705_20260814::000017,2022-09-22,sse_composite,上证指数,5,True,5,True,2022-09-29,3108.91,-0.02177933745267635,0.0050660842546101925,-0.026642778337102047
limit_up_down_breadth_bottom,bottom,limit_up_down_breadth_v1_20120705_20260814,onset,limit_up_down_breadth_bottom::bottom::limit_up_down_breadth_v1_20120705_20260814::000017,2022-09-22,sse_composite,上证指数,10,True,10,True,2022-10-13,3108.91,-0.029769276048518534,0.0050660842546101925,-0.056231926945456645
limit_up_down_breadth_bottom,bottom,limit_up_down_breadth_v1_20120705_20260814,onset,limit_up_down_breadth_bottom::bottom::limit_up_down_breadth_v1_20120705_20260814::000017,2022-09-22,sse_composite,上证指数,20,True,20,True,2022-10-27,3108.91,-0.040531890598312525,0.0050660842546101925,-0.056231926945456645
limit_up_down_breadth_bottom,bottom,limit_up_down_breadth_v1_20120705_20260814,onset,limit_up_down_breadth_bottom::bottom::limit_up_down_breadth_v1_20120705_20260814::000018,2023-03-13,all_a,全A,5,True,5,True,2023-03-20,5031.02734375,-0.016419884265064577,0.0006766603801566795,-0.019488440094010406
limit_up_down_breadth_bottom,bottom,limit_up_down_breadth_v1_20120705_20260814,onset,limit_up_down_breadth_bottom::bottom::limit_up_down_breadth_v1_20120705_20260814::000018,2023-03-13,all_a,全A,10,True,10,True,2023-03-27,5031.02734375,0.0048876386610277045,0.0075368242228111,-0.019488440094010406
limit_up_down_breadth_bottom,bottom,limit_up_down_breadth_v1_20120705_20260814,onset,limit_up_down_breadth_bottom::bottom::limit_up_down_breadth_v1_20120705_20260814::000018,2023-03-13,all_a,全A,20,True,20,True,2023-04-11,5031.02734375,0.018632423950438737,0.027758216008006542,-0.019488440094010406
limit_up_down_breadth_bottom,bottom,limit_up_down_breadth_v1_20120705_20260814,onset,limit_up_down_breadth_bottom::bottom::limit_up_down_breadth_v1_20120705_20260814::000018,2023-03-13,cni2000,国证2000,5,True,5,True,2023-03-20,8396.39,-0.014962382643016747,0.0006669532977863213,-0.02291460973108672
limit_up_down_breadth_bottom,bottom,limit_up_down_breadth_v1_20120705_20260814,onset,limit_up_down_breadth_bottom::bottom::limit_up_down_breadth_v1_20120705_20260814::000018,2023-03-13,cni2000,国证2000,10,True,10,True,2023-03-27,8396.39,0.008975285807353073,0.009334964192944994,-0.02291460973108672
limit_up_down_breadth_bottom,bottom,limit_up_down_breadth_v1_20120705_20260814,onset,limit_up_down_breadth_bottom::bottom::limit_up_down_breadth_v1_20120705_20260814::000018,2023-03-13,cni2000,国证2000,20,True,20,True,2023-04-11,8396.39,0.011346542978589724,0.022730006586163753,-0.02291460973108672
limit_up_down_breadth_bottom,bottom,limit_up_down_breadth_v1_20120705_20260814,onset,limit_up_down_breadth_bottom::bottom::limit_up_down_breadth_v1_20120705_20260814::000018,2023-03-13,csi1000,中证1000,5,True,5,True,2023-03-20,6832.62,-0.016270478967072677,0.0018075057591377952,-0.022676513548243515
limit_up_down_breadth_bottom,bottom,limit_up_down_breadth_v1_20120705_20260814,onset,limit_up_down_breadth_bottom::bottom::limit_up_down_breadth_v1_20120705_20260814::000018,2023-03-13,csi1000,中证1000,10,True,10,True,2023-03-27,6832.62,0.007913509019966014,0.009953721998296361,-0.022676513548243515
limit_up_down_breadth_bottom,bottom,limit_up_down_breadth_v1_20120705_20260814,onset,limit_up_down_breadth_bottom::bottom::limit_up_down_breadth_v1_20120705_20260814::000018,2023-03-13,csi1000,中证1000,20,True,20,True,2023-04-11,6832.62,0.02217597349186695,0.032216045967725426,-0.022676513548243515
limit_up_down_breadth_bottom,bottom,limit_up_down_breadth_v1_20120705_20260814,onset,limit_up_down_breadth_bottom::bottom::limit_up_down_breadth_v1_20120705_20260814::000018,2023-03-13,csi300,沪深300,5,True,5,True,2023-03-20,4008.69,-0.01736477502625544,0.002509548006954798,-0.018377574718923206
limit_up_down_breadth_bottom,bottom,limit_up_down_breadth_v1_20120705_20260814,onset,limit_up_down_breadth_bottom::bottom::limit_up_down_breadth_v1_20120705_20260814::000018,2023-03-13,csi300,沪深300,10,True,10,True,2023-03-27,4008.69,0.0009454460185247537,0.007583524792388552,-0.018377574718923206
limit_up_down_breadth_bottom,bottom,limit_up_down_breadth_v1_20120705_20260814,onset,limit_up_down_breadth_bottom::bottom::limit_up_down_breadth_v1_20120705_20260814::000018,2023-03-13,csi300,沪深300,20,True,20,True,2023-04-11,4008.69,0.02281543347078463,0.030835509854840293,-0.018377574718923206
limit_up_down_breadth_bottom,bottom,limit_up_down_breadth_v1_20120705_20260814,onset,limit_up_down_breadth_bottom::bottom::limit_up_down_breadth_v1_20120705_20260814::000018,2023-03-13,csi500,中证500,5,True,5,True,2023-03-20,6245.0,-0.013554843875099976,0.0015196156925540993,-0.018784627702161827
limit_up_down_breadth_bottom,bottom,limit_up_down_breadth_v1_20120705_20260814,onset,limit_up_down_breadth_bottom::bottom::limit_up_down_breadth_v1_20120705_20260814::000018,2023-03-13,csi500,中证500,10,True,10,True,2023-03-27,6245.0,0.010664531625300233,0.012115292233787045,-0.018784627702161827
limit_up_down_breadth_bottom,bottom,limit_up_down_breadth_v1_20120705_20260814,onset,limit_up_down_breadth_bottom::bottom::limit_up_down_breadth_v1_20120705_20260814::000018,2023-03-13,csi500,中证500,20,True,20,True,2023-04-11,6245.0,0.028163330664531694,0.03702481985588468,-0.018784627702161827
limit_up_down_breadth_bottom,bottom,limit_up_down_breadth_v1_20120705_20260814,onset,limit_up_down_breadth_bottom::bottom::limit_up_down_breadth_v1_20120705_20260814::000018,2023-03-13,microcap,微盘股,5,True,5,True,2023-03-20,2627.01,-0.018127072222793306,0.00025123619628386606,-0.028233619209671823
limit_up_down_breadth_bottom,bottom,limit_up_down_breadth_v1_20120705_20260814,onset,limit_up_down_breadth_bottom::bottom::limit_up_down_breadth_v1_20120705_20260814::000018,2023-03-13,microcap,微盘股,10,True,10,True,2023-03-27,2627.01,0.010612825988481012,0.01592304559175628,-0.028233619209671823
limit_up_down_breadth_bottom,bottom,limit_up_down_breadth_v1_20120705_20260814,onset,limit_up_down_breadth_bottom::bottom::limit_up_down_breadth_v1_20120705_20260814::000018,2023-03-13,microcap,微盘股,20,True,20,True,2023-04-11,2627.01,-0.04007978652536548,0.01592304559175628,-0.04723240490138991
limit_up_down_breadth_bottom,bottom,limit_up_down_breadth_v1_20120705_20260814,onset,limit_up_down_breadth_bottom::bottom::limit_up_down_breadth_v1_20120705_20260814::000018,2023-03-13,sse_composite,上证指数,5,True,5,True,2023-03-20,3268.7,-0.01033744302016093,0.0034325572857711872,-0.015819744852693773
limit_up_down_breadth_bottom,bottom,limit_up_down_breadth_v1_20120705_20260814,onset,limit_up_down_breadth_bottom::bottom::limit_up_down_breadth_v1_20120705_20260814::000018,2023-03-13,sse_composite,上证指数,10,True,10,True,2023-03-27,3268.7,-0.005292623978951805,0.0054914797931899795,-0.015819744852693773
limit_up_down_breadth_bottom,bottom,limit_up_down_breadth_v1_20120705_20260814,onset,limit_up_down_breadth_bottom::bottom::limit_up_down_breadth_v1_20120705_20260814::000018,2023-03-13,sse_composite,上证指数,20,True,20,True,2023-04-11,3268.7,0.01372716982286537,0.019585768042341023,-0.015819744852693773
limit_up_down_breadth_bottom,bottom,limit_up_down_breadth_v1_20120705_20260814,onset,limit_up_down_breadth_bottom::bottom::limit_up_down_breadth_v1_20120705_20260814::000019,2023-03-31,all_a,全A,5,True,5,True,2023-04-10,5074.02587890625,0.009328972762147947,0.019048741748748155,0.0012955650258068552
limit_up_down_breadth_bottom,bottom,limit_up_down_breadth_v1_20120705_20260814,onset,limit_up_down_breadth_bottom::bottom::limit_up_down_breadth_v1_20120705_20260814::000019,2023-03-31,all_a,全A,10,True,10,True,2023-04-17,5074.02587890625,0.01856392732402745,0.019048741748748155,0.0012955650258068552
limit_up_down_breadth_bottom,bottom,limit_up_down_breadth_v1_20120705_20260814,onset,limit_up_down_breadth_bottom::bottom::limit_up_down_breadth_v1_20120705_20260814::000019,2023-03-31,all_a,全A,20,True,20,True,2023-05-04,5074.02587890625,-0.012515198566535157,0.0195941820344403,-0.04473370571725932
limit_up_down_breadth_bottom,bottom,limit_up_down_breadth_v1_20120705_20260814,onset,limit_up_down_breadth_bottom::bottom::limit_up_down_breadth_v1_20120705_20260814::000019,2023-03-31,cni2000,国证2000,5,True,5,True,2023-04-10,8437.32,0.002920358597279682,0.01776867536137061,-0.0010169105829813674
limit_up_down_breadth_bottom,bottom,limit_up_down_breadth_v1_20120705_20260814,onset,limit_up_down_breadth_bottom::bottom::limit_up_down_breadth_v1_20120705_20260814::000019,2023-03-31,cni2000,国证2000,10,True,10,True,2023-04-17,8437.32,0.009218567033133729,0.01776867536137061,-0.0012124703104776646
limit_up_down_breadth_bottom,bottom,limit_up_down_breadth_v1_20120705_20260814,onset,limit_up_down_breadth_bottom::bottom::limit_up_down_breadth_v1_20120705_20260814::000019,2023-03-31,cni2000,国证2000,20,True,20,True,2023-05-04,8437.32,-0.024041994377361542,0.01776867536137061,-0.06448611644455826
limit_up_down_breadth_bottom,bottom,limit_up_down_breadth_v1_20120705_20260814,onset,limit_up_down_breadth_bottom::bottom::limit_up_down_breadth_v1_20120705_20260814::000019,2023-03-31,csi1000,中证1000,5,True,5,True,2023-04-10,6875.81,0.013490774177878473,0.025732241001423795,0.00033159729544585126
limit_up_down_breadth_bottom,bottom,limit_up_down_breadth_v1_20120705_20260814,onset,limit_up_down_breadth_bottom::bottom::limit_up_down_breadth_v1_20120705_20260814::000019,2023-03-31,csi1000,中证1000,10,True,10,True,2023-04-17,6875.81,0.019919107712400352,0.025732241001423795,0.00033159729544585126
limit_up_down_breadth_bottom,bottom,limit_up_down_breadth_v1_20120705_20260814,onset,limit_up_down_breadth_bottom::bottom::limit_up_down_breadth_v1_20120705_20260814::000019,2023-03-31,csi1000,中证1000,20,True,20,True,2023-05-04,6875.81,-0.020628842274582948,0.025732241001423795,-0.05214512908297353
limit_up_down_breadth_bottom,bottom,limit_up_down_breadth_v1_20120705_20260814,onset,limit_up_down_breadth_bottom::bottom::limit_up_down_breadth_v1_20120705_20260814::000019,2023-03-31,csi300,沪深300,5,True,5,True,2023-04-10,4050.93,0.013300649480489701,0.020086745512758908,0.0020069465530137
limit_up_down_breadth_bottom,bottom,limit_up_down_breadth_v1_20120705_20260814,onset,limit_up_down_breadth_bottom::bottom::limit_up_down_breadth_v1_20120705_20260814::000019,2023-03-31,csi300,沪深300,10,True,10,True,2023-04-17,4050.93,0.024303061272349824,0.024303061272349824,0.0020069465530137
limit_up_down_breadth_bottom,bottom,limit_up_down_breadth_v1_20120705_20260814,onset,limit_up_down_breadth_bottom::bottom::limit_up_down_breadth_v1_20120705_20260814::000019,2023-03-31,csi300,沪深300,20,True,20,True,2023-05-04,4050.93,-0.00510500058011365,0.029311787663573563,-0.030978071702053578
limit_up_down_breadth_bottom,bottom,limit_up_down_breadth_v1_20120705_20260814,onset,limit_up_down_breadth_bottom::bottom::limit_up_down_breadth_v1_20120705_20260814::000019,2023-03-31,csi500,中证500,5,True,5,True,2023-04-10,6339.82,0.01115173616916576,0.021514806414062226,0.0010836269799456844
limit_up_down_breadth_bottom,bottom,limit_up_down_breadth_v1_20120705_20260814,onset,limit_up_down_breadth_bottom::bottom::limit_up_down_breadth_v1_20120705_20260814::000019,2023-03-31,csi500,中证500,10,True,10,True,2023-04-17,6339.82,0.01883649693524414,0.021514806414062226,0.0010836269799456844
limit_up_down_breadth_bottom,bottom,limit_up_down_breadth_v1_20120705_20260814,onset,limit_up_down_breadth_bottom::bottom::limit_up_down_breadth_v1_20120705_20260814::000019,2023-03-31,csi500,中证500,20,True,20,True,2023-05-04,6339.82,-0.012213280503231894,0.021514806414062226,-0.04687514787486069
limit_up_down_breadth_bottom,bottom,limit_up_down_breadth_v1_20120705_20260814,onset,limit_up_down_breadth_bottom::bottom::limit_up_down_breadth_v1_20120705_20260814::000019,2023-03-31,microcap,微盘股,5,True,5,True,2023-04-10,2601.52,-0.029997847412282064,0.007480242319874542,-0.03302300193732888
limit_up_down_breadth_bottom,bottom,limit_up_down_breadth_v1_20120705_20260814,onset,limit_up_down_breadth_bottom::bottom::limit_up_down_breadth_v1_20120705_20260814::000019,2023-03-31,microcap,微盘股,10,True,10,True,2023-04-17,2601.52,-0.019377133368184696,0.007480242319874542,-0.037897075555828996
limit_up_down_breadth_bottom,bottom,limit_up_down_breadth_v1_20120705_20260814,onset,limit_up_down_breadth_bottom::bottom::limit_up_down_breadth_v1_20120705_20260814::000019,2023-03-31,microcap,微盘股,20,True,20,True,2023-05-04,2601.52,-0.03624035179433571,0.007480242319874542,-0.10548832989944334
limit_up_down_breadth_bottom,bottom,limit_up_down_breadth_v1_20120705_20260814,onset,limit_up_down_breadth_bottom::bottom::limit_up_down_breadth_v1_20120705_20260814::000019,2023-03-31,sse_composite,上证指数,5,True,5,True,2023-04-10,3272.86,0.012985584473518497,0.01828981380199579,0.0010877336641346158
limit_up_down_breadth_bottom,bottom,limit_up_down_breadth_v1_20120705_20260814,onset,limit_up_down_breadth_bottom::bottom::limit_up_down_breadth_v1_20120705_20260814::000019,2023-03-31,sse_composite,上证指数,10,True,10,True,2023-04-17,3272.86,0.034449991750334474,0.034449991750334474,0.0010877336641346158
limit_up_down_breadth_bottom,bottom,limit_up_down_breadth_v1_20120705_20260814,onset,limit_up_down_breadth_bottom::bottom::limit_up_down_breadth_v1_20120705_20260814::000019,2023-03-31,sse_composite,上证指数,20,True,20,True,2023-05-04,3272.86,0.023710149532824465,0.037676527563048845,-0.013263628752834045
limit_up_down_breadth_bottom,bottom,limit_up_down_breadth_v1_20120705_20260814,onset,limit_up_down_breadth_bottom::bottom::limit_up_down_breadth_v1_20120705_20260814::000020,2023-05-09,all_a,全A,5,True,5,True,2023-05-16,4965.361328125,-0.010505297441454786,0.0015490123964261304,-0.022011572357720333
limit_up_down_breadth_bottom,bottom,limit_up_down_breadth_v1_20120705_20260814,onset,limit_up_down_breadth_bottom::bottom::limit_up_down_breadth_v1_20120705_20260814::000020,2023-05-09,all_a,全A,10,True,10,True,2023-05-23,4965.361328125,-0.018410944571081278,0.0015490123964261304,-0.022011572357720333
limit_up_down_breadth_bottom,bottom,limit_up_down_breadth_v1_20120705_20260814,onset,limit_up_down_breadth_bottom::bottom::limit_up_down_breadth_v1_20120705_20260814::000020,2023-05-09,all_a,全A,20,True,20,True,2023-06-06,4965.361328125,-0.03343485041881944,0.0015490123964261304,-0.03863228262985963
limit_up_down_breadth_bottom,bottom,limit_up_down_breadth_v1_20120705_20260814,onset,limit_up_down_breadth_bottom::bottom::limit_up_down_breadth_v1_20120705_20260814::000020,2023-05-09,cni2000,国证2000,5,True,5,True,2023-05-16,8069.27,-0.009463061714380716,0.009548571308185094,-0.017043673095583745
limit_up_down_breadth_bottom,bottom,limit_up_down_breadth_v1_20120705_20260814,onset,limit_up_down_breadth_bottom::bottom::limit_up_down_breadth_v1_20120705_20260814::000020,2023-05-09,cni2000,国证2000,10,True,10,True,2023-05-23,8069.27,-0.002788356319716634,0.010432170444166555,-0.017043673095583745
limit_up_down_breadth_bottom,bottom,limit_up_down_breadth_v1_20120705_20260814,onset,limit_up_down_breadth_bottom::bottom::limit_up_down_breadth_v1_20120705_20260814::000020,2023-05-09,cni2000,国证2000,20,True,20,True,2023-06-06,8069.27,-0.003172529857099926,0.020103429430419206,-0.01706969775456768
limit_up_down_breadth_bottom,bottom,limit_up_down_breadth_v1_20120705_20260814,onset,limit_up_down_breadth_bottom::bottom::limit_up_down_breadth_v1_20120705_20260814::000020,2023-05-09,csi1000,中证1000,5,True,5,True,2023-05-16,6611.64,-0.014421535352802106,0.006313108396706291,-0.0219597558245761
limit_up_down_breadth_bottom,bottom,limit_up_down_breadth_v1_20120705_20260814,onset,limit_up_down_breadth_bottom::bottom::limit_up_down_breadth_v1_20120705_20260814::000020,2023-05-09,csi1000,中证1000,10,True,10,True,2023-05-23,6611.64,-0.012582354756157432,0.006313108396706291,-0.0219597558245761
limit_up_down_breadth_bottom,bottom,limit_up_down_breadth_v1_20120705_20260814,onset,limit_up_down_breadth_bottom::bottom::limit_up_down_breadth_v1_20120705_20260814::000020,2023-05-09,csi1000,中证1000,20,True,20,True,2023-06-06,6611.64,-0.018426593099442834,0.006313108396706291,-0.02831218880640818
limit_up_down_breadth_bottom,bottom,limit_up_down_breadth_v1_20120705_20260814,onset,limit_up_down_breadth_bottom::bottom::limit_up_down_breadth_v1_20120705_20260814::000020,2023-05-09,csi300,沪深300,5,True,5,True,2023-05-16,4027.88,-0.012331549102753803,-0.0021897375294199772,-0.02603106348749218
limit_up_down_breadth_bottom,bottom,limit_up_down_breadth_v1_20120705_20260814,onset,limit_up_down_breadth_bottom::bottom::limit_up_down_breadth_v1_20120705_20260814::000020,2023-05-09,csi300,沪深300,10,True,10,True,2023-05-23,4027.88,-0.028474035969293987,-0.0021897375294199772,-0.028474035969293987
limit_up_down_breadth_bottom,bottom,limit_up_down_breadth_v1_20120705_20260814,onset,limit_up_down_breadth_bottom::bottom::limit_up_down_breadth_v1_20120705_20260814::000020,2023-05-09,csi300,沪深300,20,True,20,True,2023-06-06,4027.88,-0.05454978797779486,-0.0021897375294199772,-0.061193481434402175
limit_up_down_breadth_bottom,bottom,limit_up_down_breadth_v1_20120705_20260814,onset,limit_up_down_breadth_bottom::bottom::limit_up_down_breadth_v1_20120705_20260814::000020,2023-05-09,csi500,中证500,5,True,5,True,2023-05-16,6181.98,-0.011509257551787555,0.002779044901471739,-0.02348276765696411
limit_up_down_breadth_bottom,bottom,limit_up_down_breadth_v1_20120705_20260814,onset,limit_up_down_breadth_bottom::bottom::limit_up_down_breadth_v1_20120705_20260814::000020,2023-05-09,csi500,中证500,10,True,10,True,2023-05-23,6181.98,-0.020956069091132457,0.002779044901471739,-0.02348276765696411
limit_up_down_breadth_bottom,bottom,limit_up_down_breadth_v1_20120705_20260814,onset,limit_up_down_breadth_bottom::bottom::limit_up_down_breadth_v1_20120705_20260814::000020,2023-05-09,csi500,中证500,20,True,20,True,2023-06-06,6181.98,-0.032119159233772954,0.002779044901471739,-0.04137509341667234
limit_up_down_breadth_bottom,bottom,limit_up_down_breadth_v1_20120705_20260814,onset,limit_up_down_breadth_bottom::bottom::limit_up_down_breadth_v1_20120705_20260814::000020,2023-05-09,microcap,微盘股,5,True,5,True,2023-05-16,2463.89,0.019911603196571148,0.027484993242393285,-0.00039774502920175703
limit_up_down_breadth_bottom,bottom,limit_up_down_breadth_v1_20120705_20260814,onset,limit_up_down_breadth_bottom::bottom::limit_up_down_breadth_v1_20120705_20260814::000020,2023-05-09,microcap,微盘股,10,True,10,True,2023-05-23,2463.89,0.05262004391429809,0.060022971804747804,-0.00039774502920175703
limit_up_down_breadth_bottom,bottom,limit_up_down_breadth_v1_20120705_20260814,onset,limit_up_down_breadth_bottom::bottom::limit_up_down_breadth_v1_20120705_20260814::000020,2023-05-09,microcap,微盘股,20,True,20,True,2023-06-06,2463.89,0.050874836133106616,0.07156975351984074,-0.00039774502920175703
limit_up_down_breadth_bottom,bottom,limit_up_down_breadth_v1_20120705_20260814,onset,limit_up_down_breadth_bottom::bottom::limit_up_down_breadth_v1_20120705_20260814::000020,2023-05-09,sse_composite,上证指数,5,True,5,True,2023-05-16,3357.67,-0.0198590093725709,-0.0023677133250141758,-0.03627515509266843
limit_up_down_breadth_bottom,bottom,limit_up_down_breadth_v1_20120705_20260814,onset,limit_up_down_breadth_bottom::bottom::limit_up_down_breadth_v1_20120705_20260814::000020,2023-05-09,sse_composite,上证指数,10,True,10,True,2023-05-23,3357.67,-0.03318670387500866,-0.0023677133250141758,-0.03627515509266843
limit_up_down_breadth_bottom,bottom,limit_up_down_breadth_v1_20120705_20260814,onset,limit_up_down_breadth_bottom::bottom::limit_up_down_breadth_v1_20120705_20260814::000020,2023-05-09,sse_composite,上证指数,20,True,20,True,2023-06-06,3357.67,-0.04834602566660806,-0.0023677133250141758,-0.05631881632203284
limit_up_down_breadth_bottom,bottom,limit_up_down_breadth_v1_20120705_20260814,onset,limit_up_down_breadth_bottom::bottom::limit_up_down_breadth_v1_20120705_20260814::000021,2023-05-23,all_a,全A,5,True,5,True,2023-05-30,4873.9443359375,-0.006710788133407863,0.0007214102252510735,-0.02060061483666631
limit_up_down_breadth_bottom,bottom,limit_up_down_breadth_v1_20120705_20260814,onset,limit_up_down_breadth_bottom::bottom::limit_up_down_breadth_v1_20120705_20260814::000021,2023-05-23,all_a,全A,10,True,10,True,2023-06-06,4873.9443359375,-0.015305698209087337,0.0018994497806916755,-0.02060061483666631
limit_up_down_breadth_bottom,bottom,limit_up_down_breadth_v1_20120705_20260814,onset,limit_up_down_breadth_bottom::bottom::limit_up_down_breadth_v1_20120705_20260814::000021,2023-05-23,all_a,全A,20,True,20,True,2023-06-20,4873.9443359375,0.01384384318799814,0.0195752525737245,-0.02248353459553243
limit_up_down_breadth_bottom,bottom,limit_up_down_breadth_v1_20120705_20260814,onset,limit_up_down_breadth_bottom::bottom::limit_up_down_breadth_v1_20120705_20260814::000021,2023-05-23,cni2000,国证2000,5,True,5,True,2023-05-30,8046.77,0.009672203878077879,0.009672203878077879,-0.01432127425041363
limit_up_down_breadth_bottom,bottom,limit_up_down_breadth_v1_20120705_20260814,onset,limit_up_down_breadth_bottom::bottom::limit_up_down_breadth_v1_20120705_20260814::000021,2023-05-23,cni2000,国证2000,10,True,10,True,2023-06-06,8046.77,-0.00038524774536863315,0.02295579468532094,-0.01432127425041363
limit_up_down_breadth_bottom,bottom,limit_up_down_breadth_v1_20120705_20260814,onset,limit_up_down_breadth_bottom::bottom::limit_up_down_breadth_v1_20120705_20260814::000021,2023-05-23,cni2000,国证2000,20,True,20,True,2023-06-20,8046.77,0.03284423439466999,0.036761334050805505,-0.01432127425041363
limit_up_down_breadth_bottom,bottom,limit_up_down_breadth_v1_20120705_20260814,onset,limit_up_down_breadth_bottom::bottom::limit_up_down_breadth_v1_20120705_20260814::000021,2023-05-23,csi1000,中证1000,5,True,5,True,2023-05-30,6528.45,0.005517389273104634,0.007766008776968425,-0.0159302744142944
limit_up_down_breadth_bottom,bottom,limit_up_down_breadth_v1_20120705_20260814,onset,limit_up_down_breadth_bottom::bottom::limit_up_down_breadth_v1_20120705_20260814::000021,2023-05-23,csi1000,中证1000,10,True,10,True,2023-06-06,6528.45,-0.005918709647772302,0.018189616218244664,-0.0159302744142944
limit_up_down_breadth_bottom,bottom,limit_up_down_breadth_v1_20120705_20260814,onset,limit_up_down_breadth_bottom::bottom::limit_up_down_breadth_v1_20120705_20260814::000021,2023-05-23,csi1000,中证1000,20,True,20,True,2023-06-20,6528.45,0.025344453890280283,0.02899003591970528,-0.019709119316223656
limit_up_down_breadth_bottom,bottom,limit_up_down_breadth_v1_20120705_20260814,onset,limit_up_down_breadth_bottom::bottom::limit_up_down_breadth_v1_20120705_20260814::000021,2023-05-23,csi300,沪深300,5,True,5,True,2023-05-30,3913.19,-0.01927838924253611,-0.0024046877355814456,-0.03166725868153608
limit_up_down_breadth_bottom,bottom,limit_up_down_breadth_v1_20120705_20260814,onset,limit_up_down_breadth_bottom::bottom::limit_up_down_breadth_v1_20120705_20260814::000021,2023-05-23,csi300,沪深300,10,True,10,True,2023-06-06,3913.19,-0.026839994991298743,-0.0024046877355814456,-0.033678405597479255
limit_up_down_breadth_bottom,bottom,limit_up_down_breadth_v1_20120705_20260814,onset,limit_up_down_breadth_bottom::bottom::limit_up_down_breadth_v1_20120705_20260814::000021,2023-05-23,csi300,沪深300,20,True,20,True,2023-06-20,3913.19,0.002823783153897308,0.014009030995172811,-0.03460348206961583
limit_up_down_breadth_bottom,bottom,limit_up_down_breadth_v1_20120705_20260814,onset,limit_up_down_breadth_bottom::bottom::limit_up_down_breadth_v1_20120705_20260814::000021,2023-05-23,csi500,中证500,5,True,5,True,2023-05-30,6052.43,0.0014671792982323684,0.0014671792982323684,-0.02085608590268706
limit_up_down_breadth_bottom,bottom,limit_up_down_breadth_v1_20120705_20260814,onset,limit_up_down_breadth_bottom::bottom::limit_up_down_breadth_v1_20120705_20260814::000021,2023-05-23,csi500,中证500,10,True,10,True,2023-06-06,6052.43,-0.011402031911149746,0.010349562076719554,-0.02085608590268706
limit_up_down_breadth_bottom,bottom,limit_up_down_breadth_v1_20120705_20260814,onset,limit_up_down_breadth_bottom::bottom::limit_up_down_breadth_v1_20120705_20260814::000021,2023-05-23,csi500,中证500,20,True,20,True,2023-06-20,6052.43,0.012173622825873087,0.01693534662937024,-0.021485585128617757
limit_up_down_breadth_bottom,bottom,limit_up_down_breadth_v1_20120705_20260814,onset,limit_up_down_breadth_bottom::bottom::limit_up_down_breadth_v1_20120705_20260814::000021,2023-05-23,microcap,微盘股,5,True,5,True,2023-05-30,2593.54,0.0010140580056603454,0.009735728001110555,-0.009546797041880883
limit_up_down_breadth_bottom,bottom,limit_up_down_breadth_v1_20120705_20260814,onset,limit_up_down_breadth_bottom::bottom::limit_up_down_breadth_v1_20120705_20260814::000021,2023-05-23,microcap,微盘股,10,True,10,True,2023-06-06,2593.54,-0.0016579655605851729,0.018002421400865165,-0.011216329804051628
limit_up_down_breadth_bottom,bottom,limit_up_down_breadth_v1_20120705_20260814,onset,limit_up_down_breadth_bottom::bottom::limit_up_down_breadth_v1_20120705_20260814::000021,2023-05-23,microcap,微盘股,20,True,20,True,2023-06-20,2593.54,0.006038079227619342,0.027279317072418374,-0.011216329804051628
limit_up_down_breadth_bottom,bottom,limit_up_down_breadth_v1_20120705_20260814,onset,limit_up_down_breadth_bottom::bottom::limit_up_down_breadth_v1_20120705_20260814::000021,2023-05-23,sse_composite,上证指数,5,True,5,True,2023-05-30,3246.24,-0.006786312780324266,-0.0026307358667257974,-0.023926142244565907
limit_up_down_breadth_bottom,bottom,limit_up_down_breadth_v1_20120705_20260814,onset,limit_up_down_breadth_bottom::bottom::limit_up_down_breadth_v1_20120705_20260814::000021,2023-05-23,sse_composite,上证指数,10,True,10,True,2023-06-06,3246.24,-0.01567967864359987,0.00034193405293514445,-0.023926142244565907
limit_up_down_breadth_bottom,bottom,limit_up_down_breadth_v1_20120705_20260814,onset,limit_up_down_breadth_bottom::bottom::limit_up_down_breadth_v1_20120705_20260814::000021,2023-05-23,sse_composite,上证指数,20,True,20,True,2023-06-20,3246.24,-0.0018113263344669006,0.009336955986002371,-0.023926142244565907
limit_up_down_breadth_bottom,bottom,limit_up_down_breadth_v1_20120705_20260814,onset,limit_up_down_breadth_bottom::bottom::limit_up_down_breadth_v1_20120705_20260814::000022,2024-06-11,all_a,全A,5,True,5,True,2024-06-18,4184.7216796875,0.005477864861364479,0.006093361850388224,-0.007586890089156584
limit_up_down_breadth_bottom,bottom,limit_up_down_breadth_v1_20120705_20260814,onset,limit_up_down_breadth_bottom::bottom::limit_up_down_breadth_v1_20120705_20260814::000022,2024-06-11,all_a,全A,10,True,10,True,2024-06-25,4184.7216796875,-0.03873045432428934,0.006093361850388224,-0.044324709374573334
limit_up_down_breadth_bottom,bottom,limit_up_down_breadth_v1_20120705_20260814,onset,limit_up_down_breadth_bottom::bottom::limit_up_down_breadth_v1_20120705_20260814::000022,2024-06-11,all_a,全A,20,True,20,True,2024-07-09,4184.7216796875,-0.046752801240561914,0.006093361850388224,-0.06899423708127239
limit_up_down_breadth_bottom,bottom,limit_up_down_breadth_v1_20120705_20260814,onset,limit_up_down_breadth_bottom::bottom::limit_up_down_breadth_v1_20120705_20260814::000022,2024-06-11,cni2000,国证2000,5,True,5,True,2024-06-18,6397.48,0.014086796676191282,0.014086796676191282,-0.005819478919824594
limit_up_down_breadth_bottom,bottom,limit_up_down_breadth_v1_20120705_20260814,onset,limit_up_down_breadth_bottom::bottom::limit_up_down_breadth_v1_20120705_20260814::000022,2024-06-11,cni2000,国证2000,10,True,10,True,2024-06-25,6397.48,-0.05887474443061946,0.017148939895083704,-0.06566804429244011
limit_up_down_breadth_bottom,bottom,limit_up_down_breadth_v1_20120705_20260814,onset,limit_up_down_breadth_bottom::bottom::limit_up_down_breadth_v1_20120705_20260814::000022,2024-06-11,cni2000,国证2000,20,True,20,True,2024-07-09,6397.48,-0.07210182759461536,0.017148939895083704,-0.10371583811125629
limit_up_down_breadth_bottom,bottom,limit_up_down_breadth_v1_20120705_20260814,onset,limit_up_down_breadth_bottom::bottom::limit_up_down_breadth_v1_20120705_20260814::000022,2024-06-11,csi1000,中证1000,5,True,5,True,2024-06-18,5198.92,0.005449208681803208,0.007482323251752243,-0.011648573165195963
limit_up_down_breadth_bottom,bottom,limit_up_down_breadth_v1_20120705_20260814,onset,limit_up_down_breadth_bottom::bottom::limit_up_down_breadth_v1_20120705_20260814::000022,2024-06-11,csi1000,中证1000,10,True,10,True,2024-06-25,5198.92,-0.06757364991190484,0.008280565963700193,-0.07390765774430075
limit_up_down_breadth_bottom,bottom,limit_up_down_breadth_v1_20120705_20260814,onset,limit_up_down_breadth_bottom::bottom::limit_up_down_breadth_v1_20120705_20260814::000022,2024-06-11,csi1000,中证1000,20,True,20,True,2024-07-09,5198.92,-0.077296823186354,0.008280565963700193,-0.10650673601440308
limit_up_down_breadth_bottom,bottom,limit_up_down_breadth_v1_20120705_20260814,onset,limit_up_down_breadth_bottom::bottom::limit_up_down_breadth_v1_20120705_20260814::000022,2024-06-11,csi300,沪深300,5,True,5,True,2024-06-18,3542.88,0.0007649144199068925,0.0024923226301765133,-0.011109605744479056
limit_up_down_breadth_bottom,bottom,limit_up_down_breadth_v1_20120705_20260814,onset,limit_up_down_breadth_bottom::bottom::limit_up_down_breadth_v1_20120705_20260814::000022,2024-06-11,csi300,沪深300,10,True,10,True,2024-06-25,3542.88,-0.023986135573318856,0.0024923226301765133,-0.028855055773833738
limit_up_down_breadth_bottom,bottom,limit_up_down_breadth_v1_20120705_20260814,onset,limit_up_down_breadth_bottom::bottom::limit_up_down_breadth_v1_20120705_20260814::000022,2024-06-11,csi300,沪深300,20,True,20,True,2024-07-09,3542.88,-0.029092151018380585,0.0024923226301765133,-0.04461624441132639
limit_up_down_breadth_bottom,bottom,limit_up_down_breadth_v1_20120705_20260814,onset,limit_up_down_breadth_bottom::bottom::limit_up_down_breadth_v1_20120705_20260814::000022,2024-06-11,csi500,中证500,5,True,5,True,2024-06-18,5217.47,0.002572127870404728,0.005466250884049062,-0.010367093629671142
limit_up_down_breadth_bottom,bottom,limit_up_down_breadth_v1_20120705_20260814,onset,limit_up_down_breadth_bottom::bottom::limit_up_down_breadth_v1_20120705_20260814::000022,2024-06-11,csi500,中证500,10,True,10,True,2024-06-25,5217.47,-0.05152688946941719,0.005466250884049062,-0.05738988436924419
limit_up_down_breadth_bottom,bottom,limit_up_down_breadth_v1_20120705_20260814,onset,limit_up_down_breadth_bottom::bottom::limit_up_down_breadth_v1_20120705_20260814::000022,2024-06-11,csi500,中证500,20,True,20,True,2024-07-09,5217.47,-0.06527493210310753,0.005466250884049062,-0.09049405171472003
limit_up_down_breadth_bottom,bottom,limit_up_down_breadth_v1_20120705_20260814,onset,limit_up_down_breadth_bottom::bottom::limit_up_down_breadth_v1_20120705_20260814::000022,2024-06-11,microcap,微盘股,5,True,5,True,2024-06-18,2416.94,0.03536703434921851,0.03828394581578354,-0.001179176975845464
limit_up_down_breadth_bottom,bottom,limit_up_down_breadth_v1_20120705_20260814,onset,limit_up_down_breadth_bottom::bottom::limit_up_down_breadth_v1_20120705_20260814::000022,2024-06-11,microcap,微盘股,10,True,10,True,2024-06-25,2416.94,-0.013723965013612283,0.04754772563654863,-0.03229289928587398
limit_up_down_breadth_bottom,bottom,limit_up_down_breadth_v1_20120705_20260814,onset,limit_up_down_breadth_bottom::bottom::limit_up_down_breadth_v1_20120705_20260814::000022,2024-06-11,microcap,微盘股,20,True,20,True,2024-07-09,2416.94,-0.012689599245326755,0.04754772563654863,-0.050899070725793805
limit_up_down_breadth_bottom,bottom,limit_up_down_breadth_v1_20120705_20260814,onset,limit_up_down_breadth_bottom::bottom::limit_up_down_breadth_v1_20120705_20260814::000022,2024-06-11,sse_composite,上证指数,5,True,5,True,2024-06-18,3028.05,0.0007265401826257456,0.004620135070424691,-0.005439144003566709
limit_up_down_breadth_bottom,bottom,limit_up_down_breadth_v1_20120705_20260814,onset,limit_up_down_breadth_bottom::bottom::limit_up_down_breadth_v1_20120705_20260814::000022,2024-06-11,sse_composite,上证指数,10,True,10,True,2024-06-25,3028.05,-0.02577566420633748,0.004620135070424691,-0.030551014679414235
limit_up_down_breadth_bottom,bottom,limit_up_down_breadth_v1_20120705_20260814,onset,limit_up_down_breadth_bottom::bottom::limit_up_down_breadth_v1_20120705_20260814::000022,2024-06-11,sse_composite,上证指数,20,True,20,True,2024-07-09,3028.05,-0.022681263519426786,0.004620135070424691,-0.04095374911246519
limit_up_down_breadth_bottom,bottom,limit_up_down_breadth_v1_20120705_20260814,onset,limit_up_down_breadth_bottom::bottom::limit_up_down_breadth_v1_20120705_20260814::000023,2026-07-15,all_a,全A,5,True,5,True,2026-07-22,6075.65771484375,-0.046891303161542,-0.0006123951182946952,-0.0930364004604376
limit_up_down_breadth_bottom,bottom,limit_up_down_breadth_v1_20120705_20260814,onset,limit_up_down_breadth_bottom::bottom::limit_up_down_breadth_v1_20120705_20260814::000023,2026-07-15,all_a,全A,10,True,10,True,2026-07-29,6075.65771484375,-0.06309052027626572,-0.0006123951182946952,-0.0930364004604376
limit_up_down_breadth_bottom,bottom,limit_up_down_breadth_v1_20120705_20260814,onset,limit_up_down_breadth_bottom::bottom::limit_up_down_breadth_v1_20120705_20260814::000023,2026-07-15,all_a,全A,20,True,20,True,2026-08-12,6075.65771484375,-0.008494932912596953,-0.0006123951182946952,-0.0930364004604376
limit_up_down_breadth_bottom,bottom,limit_up_down_breadth_v1_20120705_20260814,onset,limit_up_down_breadth_bottom::bottom::limit_up_down_breadth_v1_20120705_20260814::000023,2026-07-15,cni2000,国证2000,5,True,5,True,2026-07-22,10090.29,-0.08945927223102601,0.004542981420751824,-0.15054968687718584
limit_up_down_breadth_bottom,bottom,limit_up_down_breadth_v1_20120705_20260814,onset,limit_up_down_breadth_bottom::bottom::limit_up_down_breadth_v1_20120705_20260814::000023,2026-07-15,cni2000,国证2000,10,True,10,True,2026-07-29,10090.29,-0.0937594459624056,0.004542981420751824,-0.15054968687718584
limit_up_down_breadth_bottom,bottom,limit_up_down_breadth_v1_20120705_20260814,onset,limit_up_down_breadth_bottom::bottom::limit_up_down_breadth_v1_20120705_20260814::000023,2026-07-15,cni2000,国证2000,20,True,20,True,2026-08-12,10090.29,0.005429972775807146,0.005878919238198277,-0.15054968687718584
limit_up_down_breadth_bottom,bottom,limit_up_down_breadth_v1_20120705_20260814,onset,limit_up_down_breadth_bottom::bottom::limit_up_down_breadth_v1_20120705_20260814::000023,2026-07-15,csi1000,中证1000,5,True,5,True,2026-07-22,7817.83,-0.0843034448178075,0.0023740603210866684,-0.14116960844633364
limit_up_down_breadth_bottom,bottom,limit_up_down_breadth_v1_20120705_20260814,onset,limit_up_down_breadth_bottom::bottom::limit_up_down_breadth_v1_20120705_20260814::000023,2026-07-15,csi1000,中证1000,10,True,10,True,2026-07-29,7817.83,-0.0924348572429946,0.0023740603210866684,-0.14116960844633364
limit_up_down_breadth_bottom,bottom,limit_up_down_breadth_v1_20120705_20260814,onset,limit_up_down_breadth_bottom::bottom::limit_up_down_breadth_v1_20120705_20260814::000023,2026-07-15,csi1000,中证1000,20,True,20,True,2026-08-12,7817.83,-0.0030839759882217432,0.0023740603210866684,-0.14116960844633364
limit_up_down_breadth_bottom,bottom,limit_up_down_breadth_v1_20120705_20260814,onset,limit_up_down_breadth_bottom::bottom::limit_up_down_breadth_v1_20120705_20260814::000023,2026-07-15,csi300,沪深300,5,True,5,True,2026-07-22,4786.78,-0.01452751118706097,-0.0030709579299653678,-0.06156330560418477
limit_up_down_breadth_bottom,bottom,limit_up_down_breadth_v1_20120705_20260814,onset,limit_up_down_breadth_bottom::bottom::limit_up_down_breadth_v1_20120705_20260814::000023,2026-07-15,csi300,沪深300,10,True,10,True,2026-07-29,4786.78,-0.03896565123109885,-0.0030709579299653678,-0.06156330560418477
limit_up_down_breadth_bottom,bottom,limit_up_down_breadth_v1_20120705_20260814,onset,limit_up_down_breadth_bottom::bottom::limit_up_down_breadth_v1_20120705_20260814::000023,2026-07-15,csi300,沪深300,20,True,20,True,2026-08-12,4786.78,-0.020025988242618142,-0.0030709579299653678,-0.06446295839792093
limit_up_down_breadth_bottom,bottom,limit_up_down_breadth_v1_20120705_20260814,onset,limit_up_down_breadth_bottom::bottom::limit_up_down_breadth_v1_20120705_20260814::000023,2026-07-15,csi500,中证500,5,True,5,True,2026-07-22,8147.58,-0.04859357011529808,5.645848215052318e-05,-0.10973319685108951
limit_up_down_breadth_bottom,bottom,limit_up_down_breadth_v1_20120705_20260814,onset,limit_up_down_breadth_bottom::bottom::limit_up_down_breadth_v1_20120705_20260814::000023,2026-07-15,csi500,中证500,10,True,10,True,2026-07-29,8147.58,-0.07647301407289031,5.645848215052318e-05,-0.10973319685108951
limit_up_down_breadth_bottom,bottom,limit_up_down_breadth_v1_20120705_20260814,onset,limit_up_down_breadth_bottom::bottom::limit_up_down_breadth_v1_20120705_20260814::000023,2026-07-15,csi500,中证500,20,True,20,True,2026-08-12,8147.58,-0.01255219341203151,5.645848215052318e-05,-0.11360796702824649
limit_up_down_breadth_bottom,bottom,limit_up_down_breadth_v1_20120705_20260814,onset,limit_up_down_breadth_bottom::bottom::limit_up_down_breadth_v1_20120705_20260814::000023,2026-07-15,microcap,微盘股,5,True,5,True,2026-07-22,6165.16,-0.09808504564358422,0.02378364876175154,-0.13435498835391124
limit_up_down_breadth_bottom,bottom,limit_up_down_breadth_v1_20120705_20260814,onset,limit_up_down_breadth_bottom::bottom::limit_up_down_breadth_v1_20120705_20260814::000023,2026-07-15,microcap,微盘股,10,True,10,True,2026-07-29,6165.16,-0.028813526331838868,0.02378364876175154,-0.13435498835391124
limit_up_down_breadth_bottom,bottom,limit_up_down_breadth_v1_20120705_20260814,onset,limit_up_down_breadth_bottom::bottom::limit_up_down_breadth_v1_20120705_20260814::000023,2026-07-15,microcap,微盘股,20,True,20,True,2026-08-12,6165.16,0.10408975598362424,0.10528031713694364,-0.13435498835391124
limit_up_down_breadth_bottom,bottom,limit_up_down_breadth_v1_20120705_20260814,onset,limit_up_down_breadth_bottom::bottom::limit_up_down_breadth_v1_20120705_20260814::000023,2026-07-15,sse_composite,上证指数,5,True,5,True,2026-07-22,3955.58,-0.022386097614003453,-0.003824976362505672,-0.05421960875522669
limit_up_down_breadth_bottom,bottom,limit_up_down_breadth_v1_20120705_20260814,onset,limit_up_down_breadth_bottom::bottom::limit_up_down_breadth_v1_20120705_20260814::000023,2026-07-15,sse_composite,上证指数,10,True,10,True,2026-07-29,3955.58,-0.03213435197872372,-0.003824976362505672,-0.05421960875522669
limit_up_down_breadth_bottom,bottom,limit_up_down_breadth_v1_20120705_20260814,onset,limit_up_down_breadth_bottom::bottom::limit_up_down_breadth_v1_20120705_20260814::000023,2026-07-15,sse_composite,上证指数,20,True,20,True,2026-08-12,3955.58,-0.002249986095591572,0.0030362171919162684,-0.05421960875522669
limit_up_down_breadth_top,top,limit_up_down_breadth_v1_20120705_20260814,capped_confirmation,limit_up_down_breadth_top::top::limit_up_down_breadth_v1_20120705_20260814::000001,2012-09-13,all_a,全A,5,True,5,True,2012-09-20,2630.39990234375,-0.048209329060624695,0.012853581146967219,-0.048870821722947544
limit_up_down_breadth_top,top,limit_up_down_breadth_v1_20120705_20260814,capped_confirmation,limit_up_down_breadth_top::top::limit_up_down_breadth_v1_20120705_20260814::000001,2012-09-13,all_a,全A,10,True,10,True,2012-09-27,2630.39990234375,-0.038803918798736015,0.012853581146967219,-0.06570858050747175
limit_up_down_breadth_top,top,limit_up_down_breadth_v1_20120705_20260814,capped_confirmation,limit_up_down_breadth_top::top::limit_up_down_breadth_v1_20120705_20260814::000001,2012-09-13,all_a,全A,20,True,20,True,2012-10-18,2630.39990234375,0.0029311912121252615,0.012853581146967219,-0.06570858050747175
limit_up_down_breadth_top,top,limit_up_down_breadth_v1_20120705_20260814,capped_confirmation,limit_up_down_breadth_top::top::limit_up_down_breadth_v1_20120705_20260814::000001,2012-09-13,cni2000,国证2000,5,True,5,True,2012-09-20,2975.63,-0.05497323255915554,0.0091476426840702,-0.05606543824332999
limit_up_down_breadth_top,top,limit_up_down_breadth_v1_20120705_20260814,capped_confirmation,limit_up_down_breadth_top::top::limit_up_down_breadth_v1_20120705_20260814::000001,2012-09-13,cni2000,国证2000,10,True,10,True,2012-09-27,2975.63,-0.0715176281997425,0.0091476426840702,-0.09227961809768015
limit_up_down_breadth_top,top,limit_up_down_breadth_v1_20120705_20260814,capped_confirmation,limit_up_down_breadth_top::top::limit_up_down_breadth_v1_20120705_20260814::000001,2012-09-13,cni2000,国证2000,20,True,20,True,2012-10-18,2975.63,-0.01908839472649493,0.0091476426840702,-0.09227961809768015
limit_up_down_breadth_top,top,limit_up_down_breadth_v1_20120705_20260814,capped_confirmation,limit_up_down_breadth_top::top::limit_up_down_breadth_v1_20120705_20260814::000001,2012-09-13,csi1000,中证1000,5,True,5,True,2012-09-20,3567.51,-0.056913645652009515,0.011248742119853716,-0.05774615908574898
limit_up_down_breadth_top,top,limit_up_down_breadth_v1_20120705_20260814,capped_confirmation,limit_up_down_breadth_top::top::limit_up_down_breadth_v1_20120705_20260814::000001,2012-09-13,csi1000,中证1000,10,True,10,True,2012-09-27,3567.51,-0.07461506765222803,0.011248742119853716,-0.09609783854845544
limit_up_down_breadth_top,top,limit_up_down_breadth_v1_20120705_20260814,capped_confirmation,limit_up_down_breadth_top::top::limit_up_down_breadth_v1_20120705_20260814::000001,2012-09-13,csi1000,中证1000,20,True,20,True,2012-10-18,3567.51,-0.022573167279138717,0.011248742119853716,-0.09609783854845544
limit_up_down_breadth_top,top,limit_up_down_breadth_v1_20120705_20260814,capped_confirmation,limit_up_down_breadth_top::top::limit_up_down_breadth_v1_20120705_20260814::000001,2012-09-13,csi300,沪深300,5,True,5,True,2012-09-20,2298.46,-0.044599427442722606,0.014775110291238569,-0.0453521053226944
limit_up_down_breadth_top,top,limit_up_down_breadth_v1_20120705_20260814,capped_confirmation,limit_up_down_breadth_top::top::limit_up_down_breadth_v1_20120705_20260814::000001,2012-09-13,csi300,沪深300,10,True,10,True,2012-09-27,2298.46,-0.020335354976810716,0.014775110291238569,-0.05463658275541006
limit_up_down_breadth_top,top,limit_up_down_breadth_v1_20120705_20260814,capped_confirmation,limit_up_down_breadth_top::top::limit_up_down_breadth_v1_20120705_20260814::000001,2012-09-13,csi300,沪深300,20,True,20,True,2012-10-18,2298.46,0.01636748083499384,0.018560253387050363,-0.05463658275541006
limit_up_down_breadth_top,top,limit_up_down_breadth_v1_20120705_20260814,capped_confirmation,limit_up_down_breadth_top::top::limit_up_down_breadth_v1_20120705_20260814::000001,2012-09-13,csi500,中证500,5,True,5,True,2012-09-20,3329.3,-0.050322890697744205,0.012155708407172616,-0.05064728321268741
limit_up_down_breadth_top,top,limit_up_down_breadth_v1_20120705_20260814,capped_confirmation,limit_up_down_breadth_top::top::limit_up_down_breadth_v1_20120705_20260814::000001,2012-09-13,csi500,中证500,10,True,10,True,2012-09-27,3329.3,-0.0565344066320248,0.012155708407172616,-0.08007689304057919
limit_up_down_breadth_top,top,limit_up_down_breadth_v1_20120705_20260814,capped_confirmation,limit_up_down_breadth_top::top::limit_up_down_breadth_v1_20120705_20260814::000001,2012-09-13,csi500,中证500,20,True,20,True,2012-10-18,3329.3,-0.010353527768600101,0.012155708407172616,-0.08007689304057919
limit_up_down_breadth_top,top,limit_up_down_breadth_v1_20120705_20260814,capped_confirmation,limit_up_down_breadth_top::top::limit_up_down_breadth_v1_20120705_20260814::000001,2012-09-13,microcap,微盘股,5,True,5,True,2012-09-20,642.42,-0.05357865570810372,0.012141589614271142,-0.0540456399240371
limit_up_down_breadth_top,top,limit_up_down_breadth_v1_20120705_20260814,capped_confirmation,limit_up_down_breadth_top::top::limit_up_down_breadth_v1_20120705_20260814::000001,2012-09-13,microcap,微盘股,10,True,10,True,2012-09-27,642.42,-0.06548675321440789,0.012141589614271142,-0.08791756171974707
limit_up_down_breadth_top,top,limit_up_down_breadth_v1_20120705_20260814,capped_confirmation,limit_up_down_breadth_top::top::limit_up_down_breadth_v1_20120705_20260814::000001,2012-09-13,microcap,微盘股,20,True,20,True,2012-10-18,642.42,-0.01659350580617036,0.012141589614271142,-0.08791756171974707
limit_up_down_breadth_top,top,limit_up_down_breadth_v1_20120705_20260814,capped_confirmation,limit_up_down_breadth_top::top::limit_up_down_breadth_v1_20120705_20260814::000001,2012-09-13,sse_composite,上证指数,5,True,5,True,2012-09-20,2110.38,-0.040532984580975984,0.012248978856888249,-0.04136695760953013
limit_up_down_breadth_top,top,limit_up_down_breadth_v1_20120705_20260814,capped_confirmation,limit_up_down_breadth_top::top::limit_up_down_breadth_v1_20120705_20260814::000001,2012-09-13,sse_composite,上证指数,10,True,10,True,2012-09-27,2110.38,-0.025616239729337797,0.012248978856888249,-0.052549777765141914
limit_up_down_breadth_top,top,limit_up_down_breadth_v1_20120705_20260814,capped_confirmation,limit_up_down_breadth_top::top::limit_up_down_breadth_v1_20120705_20260814::000001,2012-09-13,sse_composite,上证指数,20,True,20,True,2012-10-18,2110.38,0.010097707521868005,0.012940797391938874,-0.052549777765141914
limit_up_down_breadth_top,top,limit_up_down_breadth_v1_20120705_20260814,capped_confirmation,limit_up_down_breadth_top::top::limit_up_down_breadth_v1_20120705_20260814::000002,2012-12-18,all_a,全A,5,True,5,True,2012-12-25,2581.449951171875,0.03516629452981057,0.038873539892065434,-0.008212419986004749
limit_up_down_breadth_top,top,limit_up_down_breadth_v1_20120705_20260814,capped_confirmation,limit_up_down_breadth_top::top::limit_up_down_breadth_v1_20120705_20260814::000002,2012-12-18,all_a,全A,10,True,10,True,2013-01-04,2581.449951171875,0.0636502979727187,0.07758431621188544,-0.008212419986004749
limit_up_down_breadth_top,top,limit_up_down_breadth_v1_20120705_20260814,capped_confirmation,limit_up_down_breadth_top::top::limit_up_down_breadth_v1_20120705_20260814::000002,2012-12-18,all_a,全A,20,True,20,True,2013-01-18,2581.449951171875,0.11073238027585441,0.11361058120214085,-0.008212419986004749
limit_up_down_breadth_top,top,limit_up_down_breadth_v1_20120705_20260814,capped_confirmation,limit_up_down_breadth_top::top::limit_up_down_breadth_v1_20120705_20260814::000002,2012-12-18,cni2000,国证2000,5,True,5,True,2012-12-25,2685.94,0.04423032532372262,0.04651630341705326,-0.006649441163987357
limit_up_down_breadth_top,top,limit_up_down_breadth_v1_20120705_20260814,capped_confirmation,limit_up_down_breadth_top::top::limit_up_down_breadth_v1_20120705_20260814::000002,2012-12-18,cni2000,国证2000,10,True,10,True,2013-01-04,2685.94,0.06901122139735061,0.08120062250087479,-0.006649441163987357
limit_up_down_breadth_top,top,limit_up_down_breadth_v1_20120705_20260814,capped_confirmation,limit_up_down_breadth_top::top::limit_up_down_breadth_v1_20120705_20260814::000002,2012-12-18,cni2000,国证2000,20,True,20,True,2013-01-18,2685.94,0.1473227250050262,0.1473227250050262,-0.006649441163987357
limit_up_down_breadth_top,top,limit_up_down_breadth_v1_20120705_20260814,capped_confirmation,limit_up_down_breadth_top::top::limit_up_down_breadth_v1_20120705_20260814::000002,2012-12-18,csi1000,中证1000,5,True,5,True,2012-12-25,3192.98,0.03927678845467231,0.04190755970911186,-0.007817148870334356
limit_up_down_breadth_top,top,limit_up_down_breadth_v1_20120705_20260814,capped_confirmation,limit_up_down_breadth_top::top::limit_up_down_breadth_v1_20120705_20260814::000002,2012-12-18,csi1000,中证1000,10,True,10,True,2013-01-04,3192.98,0.06215823462721337,0.0757098384581174,-0.007817148870334356
limit_up_down_breadth_top,top,limit_up_down_breadth_v1_20120705_20260814,capped_confirmation,limit_up_down_breadth_top::top::limit_up_down_breadth_v1_20120705_20260814::000002,2012-12-18,csi1000,中证1000,20,True,20,True,2013-01-18,3192.98,0.1461299475724871,0.14622390368871718,-0.007817148870334356
limit_up_down_breadth_top,top,limit_up_down_breadth_v1_20120705_20260814,capped_confirmation,limit_up_down_breadth_top::top::limit_up_down_breadth_v1_20120705_20260814::000002,2012-12-18,csi300,沪深300,5,True,5,True,2012-12-25,2368.12,0.03390030910595754,0.03850311639612869,-0.009108491123760443
limit_up_down_breadth_top,top,limit_up_down_breadth_v1_20120705_20260814,capped_confirmation,limit_up_down_breadth_top::top::limit_up_down_breadth_v1_20120705_20260814::000002,2012-12-18,csi300,沪深300,10,True,10,True,2013-01-04,2368.12,0.06599750012668282,0.08040555377261294,-0.009108491123760443
limit_up_down_breadth_top,top,limit_up_down_breadth_v1_20120705_20260814,capped_confirmation,limit_up_down_breadth_top::top::limit_up_down_breadth_v1_20120705_20260814::000002,2012-12-18,csi300,沪深300,20,True,20,True,2013-01-18,2368.12,0.0959917571744675,0.10106329071161935,-0.009108491123760443
limit_up_down_breadth_top,top,limit_up_down_breadth_v1_20120705_20260814,capped_confirmation,limit_up_down_breadth_top::top::limit_up_down_breadth_v1_20120705_20260814::000002,2012-12-18,csi500,中证500,5,True,5,True,2012-12-25,3086.58,0.033211515658107205,0.03600749049109364,-0.007535848738733364
limit_up_down_breadth_top,top,limit_up_down_breadth_v1_20120705_20260814,capped_confirmation,limit_up_down_breadth_top::top::limit_up_down_breadth_v1_20120705_20260814::000002,2012-12-18,csi500,中证500,10,True,10,True,2013-01-04,3086.58,0.05561819230345555,0.07068664994913476,-0.007535848738733364
limit_up_down_breadth_top,top,limit_up_down_breadth_v1_20120705_20260814,capped_confirmation,limit_up_down_breadth_top::top::limit_up_down_breadth_v1_20120705_20260814::000002,2012-12-18,csi500,中证500,20,True,20,True,2013-01-18,3086.58,0.12248832040640445,0.12309740878253606,-0.007535848738733364
limit_up_down_breadth_top,top,limit_up_down_breadth_v1_20120705_20260814,capped_confirmation,limit_up_down_breadth_top::top::limit_up_down_breadth_v1_20120705_20260814::000002,2012-12-18,microcap,微盘股,5,True,5,True,2012-12-25,584.84,0.031974557143834126,0.03462485466110388,-0.010276314889542393
limit_up_down_breadth_top,top,limit_up_down_breadth_v1_20120705_20260814,capped_confirmation,limit_up_down_breadth_top::top::limit_up_down_breadth_v1_20120705_20260814::000002,2012-12-18,microcap,微盘股,10,True,10,True,2013-01-04,584.84,0.05367279939812586,0.07044661787839401,-0.010276314889542393
limit_up_down_breadth_top,top,limit_up_down_breadth_v1_20120705_20260814,capped_confirmation,limit_up_down_breadth_top::top::limit_up_down_breadth_v1_20120705_20260814::000002,2012-12-18,microcap,微盘股,20,True,20,True,2013-01-18,584.84,0.12389713425894255,0.1242904042131181,-0.010276314889542393
limit_up_down_breadth_top,top,limit_up_down_breadth_v1_20120705_20260814,capped_confirmation,limit_up_down_breadth_top::top::limit_up_down_breadth_v1_20120705_20260814::000002,2012-12-18,sse_composite,上证指数,5,True,5,True,2012-12-25,2162.46,0.023653616714297554,0.02672881810530603,-0.009022132201289335
limit_up_down_breadth_top,top,limit_up_down_breadth_v1_20120705_20260814,capped_confirmation,limit_up_down_breadth_top::top::limit_up_down_breadth_v1_20120705_20260814::000002,2012-12-18,sse_composite,上证指数,10,True,10,True,2013-01-04,2162.46,0.052962829370254205,0.061804611414777666,-0.009022132201289335
limit_up_down_breadth_top,top,limit_up_down_breadth_v1_20120705_20260814,capped_confirmation,limit_up_down_breadth_top::top::limit_up_down_breadth_v1_20120705_20260814::000002,2012-12-18,sse_composite,上证指数,20,True,20,True,2013-01-18,2162.46,0.07149727625019664,0.07876215051376678,-0.009022132201289335
limit_up_down_breadth_top,top,limit_up_down_breadth_v1_20120705_20260814,capped_confirmation,limit_up_down_breadth_top::top::limit_up_down_breadth_v1_20120705_20260814::000003,2013-01-22,all_a,全A,5,True,5,True,2013-01-29,2857.389892578125,0.0231889984414555,0.02608325503301523,-0.018716374901325383
limit_up_down_breadth_top,top,limit_up_down_breadth_v1_20120705_20260814,capped_confirmation,limit_up_down_breadth_top::top::limit_up_down_breadth_v1_20120705_20260814::000003,2013-01-22,all_a,全A,10,True,10,True,2013-02-05,2857.389892578125,0.04717944125997997,0.04853036205377892,-0.018716374901325383
limit_up_down_breadth_top,top,limit_up_down_breadth_v1_20120705_20260814,capped_confirmation,limit_up_down_breadth_top::top::limit_up_down_breadth_v1_20120705_20260814::000003,2013-01-22,all_a,全A,20,True,20,True,2013-02-26,2857.389892578125,0.005270564802118072,0.06369098970605358,-0.018716374901325383
limit_up_down_breadth_top,top,limit_up_down_breadth_v1_20120705_20260814,capped_confirmation,limit_up_down_breadth_top::top::limit_up_down_breadth_v1_20120705_20260814::000003,2013-01-22,cni2000,国证2000,5,True,5,True,2013-01-29,3052.89,0.01298441804323125,0.014451880021880914,-0.029804545856549014
limit_up_down_breadth_top,top,limit_up_down_breadth_v1_20120705_20260814,capped_confirmation,limit_up_down_breadth_top::top::limit_up_down_breadth_v1_20120705_20260814::000003,2013-01-22,cni2000,国证2000,10,True,10,True,2013-02-05,3052.89,0.010033116162062816,0.014609108091022005,-0.029804545856549014
limit_up_down_breadth_top,top,limit_up_down_breadth_v1_20120705_20260814,capped_confirmation,limit_up_down_breadth_top::top::limit_up_down_breadth_v1_20120705_20260814::000003,2013-01-22,cni2000,国证2000,20,True,20,True,2013-02-26,3052.89,0.03277877683113384,0.05246831690627585,-0.029804545856549014
limit_up_down_breadth_top,top,limit_up_down_breadth_v1_20120705_20260814,capped_confirmation,limit_up_down_breadth_top::top::limit_up_down_breadth_v1_20120705_20260814::000003,2013-01-22,csi1000,中证1000,5,True,5,True,2013-01-29,3617.13,0.012858260554638568,0.014973196982137837,-0.02924141515510914
limit_up_down_breadth_top,top,limit_up_down_breadth_v1_20120705_20260814,capped_confirmation,limit_up_down_breadth_top::top::limit_up_down_breadth_v1_20120705_20260814::000003,2013-01-22,csi1000,中证1000,10,True,10,True,2013-02-05,3617.13,0.011163546789858314,0.015255188505804318,-0.02924141515510914
limit_up_down_breadth_top,top,limit_up_down_breadth_v1_20120705_20260814,capped_confirmation,limit_up_down_breadth_top::top::limit_up_down_breadth_v1_20120705_20260814::000003,2013-01-22,csi1000,中证1000,20,True,20,True,2013-02-26,3617.13,0.035022241390273434,0.05565462120520959,-0.02924141515510914
limit_up_down_breadth_top,top,limit_up_down_breadth_v1_20120705_20260814,capped_confirmation,limit_up_down_breadth_top::top::limit_up_down_breadth_v1_20120705_20260814::000003,2013-01-22,csi300,沪深300,5,True,5,True,2013-01-29,2596.9,0.03040933420616887,0.034129153991297345,-0.012588085794601245
limit_up_down_breadth_top,top,limit_up_down_breadth_v1_20120705_20260814,capped_confirmation,limit_up_down_breadth_top::top::limit_up_down_breadth_v1_20120705_20260814::000003,2013-01-22,csi300,沪深300,10,True,10,True,2013-02-05,2596.9,0.06730332319303778,0.07048788940660011,-0.012588085794601245
limit_up_down_breadth_top,top,limit_up_down_breadth_v1_20120705_20260814,capped_confirmation,limit_up_down_breadth_top::top::limit_up_down_breadth_v1_20120705_20260814::000003,2013-01-22,csi300,沪深300,20,True,20,True,2013-02-26,2596.9,-0.011282683199199117,0.0748584851168701,-0.012588085794601245
limit_up_down_breadth_top,top,limit_up_down_breadth_v1_20120705_20260814,capped_confirmation,limit_up_down_breadth_top::top::limit_up_down_breadth_v1_20120705_20260814::000003,2013-01-22,csi500,中证500,5,True,5,True,2013-01-29,3435.43,0.01370716329542443,0.01584372261987599,-0.02632858186602549
limit_up_down_breadth_top,top,limit_up_down_breadth_v1_20120705_20260814,capped_confirmation,limit_up_down_breadth_top::top::limit_up_down_breadth_v1_20120705_20260814::000003,2013-01-22,csi500,中证500,10,True,10,True,2013-02-05,3435.43,0.02480621057625987,0.025792986613029534,-0.02632858186602549
limit_up_down_breadth_top,top,limit_up_down_breadth_v1_20120705_20260814,capped_confirmation,limit_up_down_breadth_top::top::limit_up_down_breadth_v1_20120705_20260814::000003,2013-01-22,csi500,中证500,20,True,20,True,2013-02-26,3435.43,0.028459319502944336,0.059360836925799854,-0.02632858186602549
limit_up_down_breadth_top,top,limit_up_down_breadth_v1_20120705_20260814,capped_confirmation,limit_up_down_breadth_top::top::limit_up_down_breadth_v1_20120705_20260814::000003,2013-01-22,microcap,微盘股,5,True,5,True,2013-01-29,650.06,0.010860535950527828,0.013214164846321985,-0.026628311232809176
limit_up_down_breadth_top,top,limit_up_down_breadth_v1_20120705_20260814,capped_confirmation,limit_up_down_breadth_top::top::limit_up_down_breadth_v1_20120705_20260814::000003,2013-01-22,microcap,微盘股,10,True,10,True,2013-02-05,650.06,0.019275143832877095,0.019321293419069185,-0.026628311232809176
limit_up_down_breadth_top,top,limit_up_down_breadth_v1_20120705_20260814,capped_confirmation,limit_up_down_breadth_top::top::limit_up_down_breadth_v1_20120705_20260814::000003,2013-01-22,microcap,微盘股,20,True,20,True,2013-02-26,650.06,0.022567147647909458,0.051749069316678664,-0.026628311232809176
limit_up_down_breadth_top,top,limit_up_down_breadth_v1_20120705_20260814,capped_confirmation,limit_up_down_breadth_top::top::limit_up_down_breadth_v1_20120705_20260814::000003,2013-01-22,sse_composite,上证指数,5,True,5,True,2013-01-29,2315.14,0.018936219839837065,0.02101816736784823,-0.012025190701210109
limit_up_down_breadth_top,top,limit_up_down_breadth_v1_20120705_20260814,capped_confirmation,limit_up_down_breadth_top::top::limit_up_down_breadth_v1_20120705_20260814::000003,2013-01-22,sse_composite,上证指数,10,True,10,True,2013-02-05,2315.14,0.05096452050415978,0.05409608058259985,-0.012025190701210109
limit_up_down_breadth_top,top,limit_up_down_breadth_v1_20120705_20260814,capped_confirmation,limit_up_down_breadth_top::top::limit_up_down_breadth_v1_20120705_20260814::000003,2013-01-22,sse_composite,上证指数,20,True,20,True,2013-02-26,2315.14,-0.009416277201378609,0.05600525238214549,-0.012025190701210109
limit_up_down_breadth_top,top,limit_up_down_breadth_v1_20120705_20260814,capped_confirmation,limit_up_down_breadth_top::top::limit_up_down_breadth_v1_20120705_20260814::000004,2013-01-24,all_a,全A,5,True,5,True,2013-01-31,2824.580078125,0.03624605427383076,0.040547630489875086,-0.005204382565162868
limit_up_down_breadth_top,top,limit_up_down_breadth_v1_20120705_20260814,capped_confirmation,limit_up_down_breadth_top::top::limit_up_down_breadth_v1_20120705_20260814::000004,2013-01-24,all_a,全A,10,True,10,True,2013-02-07,2824.580078125,0.060904638756452245,0.06653730331873176,-0.005204382565162868
limit_up_down_breadth_top,top,limit_up_down_breadth_v1_20120705_20260814,capped_confirmation,limit_up_down_breadth_top::top::limit_up_down_breadth_v1_20120705_20260814::000004,2013-01-24,all_a,全A,20,True,20,True,2013-02-28,2824.580078125,0.04977371498114014,0.07604663303795856,-0.005204382565162868
limit_up_down_breadth_top,top,limit_up_down_breadth_v1_20120705_20260814,capped_confirmation,limit_up_down_breadth_top::top::limit_up_down_breadth_v1_20120705_20260814::000004,2013-01-24,cni2000,国证2000,5,True,5,True,2013-01-31,2986.29,0.029534974834995786,0.03723683902099251,-0.004657953514226598
limit_up_down_breadth_top,top,limit_up_down_breadth_v1_20120705_20260814,capped_confirmation,limit_up_down_breadth_top::top::limit_up_down_breadth_v1_20120705_20260814::000004,2013-01-24,cni2000,国证2000,10,True,10,True,2013-02-07,2986.29,0.043579156746330616,0.04483154683570589,-0.004657953514226598
limit_up_down_breadth_top,top,limit_up_down_breadth_v1_20120705_20260814,capped_confirmation,limit_up_down_breadth_top::top::limit_up_down_breadth_v1_20120705_20260814::000004,2013-01-24,cni2000,国证2000,20,True,20,True,2013-02-28,2986.29,0.07481858761205373,0.07594038087392718,-0.004657953514226598
limit_up_down_breadth_top,top,limit_up_down_breadth_v1_20120705_20260814,capped_confirmation,limit_up_down_breadth_top::top::limit_up_down_breadth_v1_20120705_20260814::000004,2013-01-24,csi1000,中证1000,5,True,5,True,2013-01-31,3540.22,0.027955889746964946,0.037240623464078526,-0.006468524554971045
limit_up_down_breadth_top,top,limit_up_down_breadth_v1_20120705_20260814,capped_confirmation,limit_up_down_breadth_top::top::limit_up_down_breadth_v1_20120705_20260814::000004,2013-01-24,csi1000,中证1000,10,True,10,True,2013-02-07,3540.22,0.0452937953008572,0.04698860522792381,-0.006468524554971045
limit_up_down_breadth_top,top,limit_up_down_breadth_v1_20120705_20260814,capped_confirmation,limit_up_down_breadth_top::top::limit_up_down_breadth_v1_20120705_20260814::000004,2013-01-24,csi1000,中证1000,20,True,20,True,2013-02-28,3540.22,0.07782002248447828,0.07858833631808193,-0.006468524554971045
limit_up_down_breadth_top,top,limit_up_down_breadth_v1_20120705_20260814,capped_confirmation,limit_up_down_breadth_top::top::limit_up_down_breadth_v1_20120705_20260814::000004,2013-01-24,csi300,沪深300,5,True,5,True,2013-01-31,2582.75,0.040317491046365284,0.04418933307521056,-0.006055560933113879
limit_up_down_breadth_top,top,limit_up_down_breadth_v1_20120705_20260814,capped_confirmation,limit_up_down_breadth_top::top::limit_up_down_breadth_v1_20120705_20260814::000004,2013-01-24,csi300,沪深300,10,True,10,True,2013-02-07,2582.75,0.06857806601490646,0.0792604781724906,-0.006055560933113879
limit_up_down_breadth_top,top,limit_up_down_breadth_v1_20120705_20260814,capped_confirmation,limit_up_down_breadth_top::top::limit_up_down_breadth_v1_20120705_20260814::000004,2013-01-24,csi300,沪深300,20,True,20,True,2013-02-28,2582.75,0.03507114509728004,0.0807472655115673,-0.007000290388152086
limit_up_down_breadth_top,top,limit_up_down_breadth_v1_20120705_20260814,capped_confirmation,limit_up_down_breadth_top::top::limit_up_down_breadth_v1_20120705_20260814::000004,2013-01-24,csi500,中证500,5,True,5,True,2013-01-31,3369.73,0.03261685654340263,0.03946606998186786,-0.006970884907692931
limit_up_down_breadth_top,top,limit_up_down_breadth_v1_20120705_20260814,capped_confirmation,limit_up_down_breadth_top::top::limit_up_down_breadth_v1_20120705_20260814::000004,2013-01-24,csi500,中证500,10,True,10,True,2013-02-07,3369.73,0.05577301445516403,0.05806103159600329,-0.006970884907692931
limit_up_down_breadth_top,top,limit_up_down_breadth_v1_20120705_20260814,capped_confirmation,limit_up_down_breadth_top::top::limit_up_down_breadth_v1_20120705_20260814::000004,2013-01-24,csi500,中证500,20,True,20,True,2013-02-28,3369.73,0.07076828113825129,0.08001531279954177,-0.006970884907692931
limit_up_down_breadth_top,top,limit_up_down_breadth_v1_20120705_20260814,capped_confirmation,limit_up_down_breadth_top::top::limit_up_down_breadth_v1_20120705_20260814::000004,2013-01-24,microcap,微盘股,5,True,5,True,2013-01-31,637.76,0.026624435524335244,0.034385975915705025,-0.007855619668840963
limit_up_down_breadth_top,top,limit_up_down_breadth_v1_20120705_20260814,capped_confirmation,limit_up_down_breadth_top::top::limit_up_down_breadth_v1_20120705_20260814::000004,2013-01-24,microcap,微盘股,10,True,10,True,2013-02-07,637.76,0.04772955343702967,0.04959545910687413,-0.007855619668840963
limit_up_down_breadth_top,top,limit_up_down_breadth_v1_20120705_20260814,capped_confirmation,limit_up_down_breadth_top::top::limit_up_down_breadth_v1_20120705_20260814::000004,2013-01-24,microcap,微盘股,20,True,20,True,2013-02-28,637.76,0.06641996989463128,0.07203336678374317,-0.007855619668840963
limit_up_down_breadth_top,top,limit_up_down_breadth_v1_20120705_20260814,capped_confirmation,limit_up_down_breadth_top::top::limit_up_down_breadth_v1_20120705_20260814::000004,2013-01-24,sse_composite,上证指数,5,True,5,True,2013-01-31,2302.6,0.03596803613306698,0.038747502822896074,-0.00622774255189773
limit_up_down_breadth_top,top,limit_up_down_breadth_v1_20120705_20260814,capped_confirmation,limit_up_down_breadth_top::top::limit_up_down_breadth_v1_20120705_20260814::000004,2013-01-24,sse_composite,上证指数,10,True,10,True,2013-02-07,2302.6,0.05034743333622882,0.060423000086858414,-0.00622774255189773
limit_up_down_breadth_top,top,limit_up_down_breadth_v1_20120705_20260814,capped_confirmation,limit_up_down_breadth_top::top::limit_up_down_breadth_v1_20120705_20260814::000004,2013-01-24,sse_composite,上证指数,20,True,20,True,2013-02-28,2302.6,0.02735603231130046,0.061756275514635695,-0.00622774255189773
limit_up_down_breadth_top,top,limit_up_down_breadth_v1_20120705_20260814,capped_confirmation,limit_up_down_breadth_top::top::limit_up_down_breadth_v1_20120705_20260814::000005,2013-05-17,all_a,全A,5,True,5,True,2013-05-24,2956.85009765625,0.012821046335566466,0.021005414961847935,-0.00045998524678447783
limit_up_down_breadth_top,top,limit_up_down_breadth_v1_20120705_20260814,capped_confirmation,limit_up_down_breadth_top::top::limit_up_down_breadth_v1_20120705_20260814::000005,2013-05-17,all_a,全A,10,True,10,True,2013-05-31,2956.85009765625,0.02042033948909361,0.03337671445856416,-0.00045998524678447783
limit_up_down_breadth_top,top,limit_up_down_breadth_v1_20120705_20260814,capped_confirmation,limit_up_down_breadth_top::top::limit_up_down_breadth_v1_20120705_20260814::000005,2013-05-17,all_a,全A,20,True,20,True,2013-06-19,2956.85009765625,-0.05134520295084133,0.03337671445856416,-0.07429533744554029
limit_up_down_breadth_top,top,limit_up_down_breadth_v1_20120705_20260814,capped_confirmation,limit_up_down_breadth_top::top::limit_up_down_breadth_v1_20120705_20260814::000005,2013-05-17,cni2000,国证2000,5,True,5,True,2013-05-24,3367.46,0.032819988953098234,0.032819988953098234,0.0021856235857293793
limit_up_down_breadth_top,top,limit_up_down_breadth_v1_20120705_20260814,capped_confirmation,limit_up_down_breadth_top::top::limit_up_down_breadth_v1_20120705_20260814::000005,2013-05-17,cni2000,国证2000,10,True,10,True,2013-05-31,3367.46,0.044451901433127716,0.05429017716617279,0.0021856235857293793
limit_up_down_breadth_top,top,limit_up_down_breadth_v1_20120705_20260814,capped_confirmation,limit_up_down_breadth_top::top::limit_up_down_breadth_v1_20120705_20260814::000005,2013-05-17,cni2000,国证2000,20,True,20,True,2013-06-19,3367.46,-0.014265945252504797,0.05429017716617279,-0.05775569717234952
limit_up_down_breadth_top,top,limit_up_down_breadth_v1_20120705_20260814,capped_confirmation,limit_up_down_breadth_top::top::limit_up_down_breadth_v1_20120705_20260814::000005,2013-05-17,csi1000,中证1000,5,True,5,True,2013-05-24,4031.56,0.03209427616108895,0.03398436337298705,0.001145958388316215
limit_up_down_breadth_top,top,limit_up_down_breadth_v1_20120705_20260814,capped_confirmation,limit_up_down_breadth_top::top::limit_up_down_breadth_v1_20120705_20260814::000005,2013-05-17,csi1000,中证1000,10,True,10,True,2013-05-31,4031.56,0.044501384079612016,0.055802220480409614,0.001145958388316215
limit_up_down_breadth_top,top,limit_up_down_breadth_v1_20120705_20260814,capped_confirmation,limit_up_down_breadth_top::top::limit_up_down_breadth_v1_20120705_20260814::000005,2013-05-17,csi1000,中证1000,20,True,20,True,2013-06-19,4031.56,-0.010978380577245428,0.055802220480409614,-0.06033892587484735
limit_up_down_breadth_top,top,limit_up_down_breadth_v1_20120705_20260814,capped_confirmation,limit_up_down_breadth_top::top::limit_up_down_breadth_v1_20120705_20260814::000005,2013-05-17,csi300,沪深300,5,True,5,True,2013-05-24,2592.05,0.0019984182403887107,0.01466792693042196,-0.007395690669547261
limit_up_down_breadth_top,top,limit_up_down_breadth_v1_20120705_20260814,capped_confirmation,limit_up_down_breadth_top::top::limit_up_down_breadth_v1_20120705_20260814::000005,2013-05-17,csi300,沪深300,10,True,10,True,2013-05-31,2592.05,0.005547732489728174,0.02668929997492331,-0.007395690669547261
limit_up_down_breadth_top,top,limit_up_down_breadth_v1_20120705_20260814,capped_confirmation,limit_up_down_breadth_top::top::limit_up_down_breadth_v1_20120705_20260814::000005,2013-05-17,csi300,沪深300,20,True,20,True,2013-06-19,2592.05,-0.07379487278408992,0.02668929997492331,-0.08707393761694426
limit_up_down_breadth_top,top,limit_up_down_breadth_v1_20120705_20260814,capped_confirmation,limit_up_down_breadth_top::top::limit_up_down_breadth_v1_20120705_20260814::000005,2013-05-17,csi500,中证500,5,True,5,True,2013-05-24,3691.4,0.024562496613750984,0.02811128569106569,-0.001256975673186278
limit_up_down_breadth_top,top,limit_up_down_breadth_v1_20120705_20260814,capped_confirmation,limit_up_down_breadth_top::top::limit_up_down_breadth_v1_20120705_20260814::000005,2013-05-17,csi500,中证500,10,True,10,True,2013-05-31,3691.4,0.04058622744758078,0.052359538386519855,-0.001256975673186278
limit_up_down_breadth_top,top,limit_up_down_breadth_v1_20120705_20260814,capped_confirmation,limit_up_down_breadth_top::top::limit_up_down_breadth_v1_20120705_20260814::000005,2013-05-17,csi500,中证500,20,True,20,True,2013-06-19,3691.4,-0.029284282386086602,0.052359538386519855,-0.06641111773310937
limit_up_down_breadth_top,top,limit_up_down_breadth_v1_20120705_20260814,capped_confirmation,limit_up_down_breadth_top::top::limit_up_down_breadth_v1_20120705_20260814::000005,2013-05-17,microcap,微盘股,5,True,5,True,2013-05-24,696.97,0.021607816692253534,0.027002596955392644,-0.0011478255879020516
limit_up_down_breadth_top,top,limit_up_down_breadth_v1_20120705_20260814,capped_confirmation,limit_up_down_breadth_top::top::limit_up_down_breadth_v1_20120705_20260814::000005,2013-05-17,microcap,微盘股,10,True,10,True,2013-05-31,696.97,0.03875346141153857,0.05011693473176737,-0.0011478255879020516
limit_up_down_breadth_top,top,limit_up_down_breadth_v1_20120705_20260814,capped_confirmation,limit_up_down_breadth_top::top::limit_up_down_breadth_v1_20120705_20260814::000005,2013-05-17,microcap,微盘股,20,True,20,True,2013-06-19,696.97,-0.02456346758110106,0.05011693473176737,-0.061480408051996505
limit_up_down_breadth_top,top,limit_up_down_breadth_v1_20120705_20260814,capped_confirmation,limit_up_down_breadth_top::top::limit_up_down_breadth_v1_20120705_20260814::000005,2013-05-17,sse_composite,上证指数,5,True,5,True,2013-05-24,2282.87,0.0024793352227678866,0.013715191841848107,-0.005528129065605958
limit_up_down_breadth_top,top,limit_up_down_breadth_v1_20120705_20260814,capped_confirmation,limit_up_down_breadth_top::top::limit_up_down_breadth_v1_20120705_20260814::000005,2013-05-17,sse_composite,上证指数,10,True,10,True,2013-05-31,2282.87,0.007766539487574775,0.022541800452938743,-0.005528129065605958
limit_up_down_breadth_top,top,limit_up_down_breadth_v1_20120705_20260814,capped_confirmation,limit_up_down_breadth_top::top::limit_up_down_breadth_v1_20120705_20260814::000005,2013-05-17,sse_composite,上证指数,20,True,20,True,2013-06-19,2282.87,-0.06107224677708323,0.022541800452938743,-0.07318857403181078
limit_up_down_breadth_top,top,limit_up_down_breadth_v1_20120705_20260814,capped_confirmation,limit_up_down_breadth_top::top::limit_up_down_breadth_v1_20120705_20260814::000006,2013-07-04,all_a,全A,5,True,5,True,2013-07-11,2626.449951171875,0.031951938005969405,0.04113919961806811,-0.041032580682972775
limit_up_down_breadth_top,top,limit_up_down_breadth_v1_20120705_20260814,capped_confirmation,limit_up_down_breadth_top::top::limit_up_down_breadth_v1_20120705_20260814::000006,2013-07-04,all_a,全A,10,True,10,True,2013-07-18,2626.449951171875,0.018625965438175518,0.04722726165299873,-0.041032580682972775
limit_up_down_breadth_top,top,limit_up_down_breadth_v1_20120705_20260814,capped_confirmation,limit_up_down_breadth_top::top::limit_up_down_breadth_v1_20120705_20260814::000006,2013-07-04,all_a,全A,20,True,20,True,2013-08-01,2626.449951171875,0.02864702988183887,0.04722726165299873,-0.041032580682972775
limit_up_down_breadth_top,top,limit_up_down_breadth_v1_20120705_20260814,capped_confirmation,limit_up_down_breadth_top::top::limit_up_down_breadth_v1_20120705_20260814::000006,2013-07-04,cni2000,国证2000,5,True,5,True,2013-07-11,3157.67,0.008363761887721033,0.014618373674259777,-0.054081015432264956
limit_up_down_breadth_top,top,limit_up_down_breadth_v1_20120705_20260814,capped_confirmation,limit_up_down_breadth_top::top::limit_up_down_breadth_v1_20120705_20260814::000006,2013-07-04,cni2000,国证2000,10,True,10,True,2013-07-18,3157.67,0.032257962358321235,0.04858012395215461,-0.054081015432264956
limit_up_down_breadth_top,top,limit_up_down_breadth_v1_20120705_20260814,capped_confirmation,limit_up_down_breadth_top::top::limit_up_down_breadth_v1_20120705_20260814::000006,2013-07-04,cni2000,国证2000,20,True,20,True,2013-08-01,3157.67,0.06584918626708935,0.07237298387735258,-0.054081015432264956
limit_up_down_breadth_top,top,limit_up_down_breadth_v1_20120705_20260814,capped_confirmation,limit_up_down_breadth_top::top::limit_up_down_breadth_v1_20120705_20260814::000006,2013-07-04,csi1000,中证1000,5,True,5,True,2013-07-11,3795.61,0.009595295617832234,0.0158815052126009,-0.05264502938921545
limit_up_down_breadth_top,top,limit_up_down_breadth_v1_20120705_20260814,capped_confirmation,limit_up_down_breadth_top::top::limit_up_down_breadth_v1_20120705_20260814::000006,2013-07-04,csi1000,中证1000,10,True,10,True,2013-07-18,3795.61,0.03045360297817723,0.0485165757282755,-0.05264502938921545
limit_up_down_breadth_top,top,limit_up_down_breadth_v1_20120705_20260814,capped_confirmation,limit_up_down_breadth_top::top::limit_up_down_breadth_v1_20120705_20260814::000006,2013-07-04,csi1000,中证1000,20,True,20,True,2013-08-01,3795.61,0.06082289803220031,0.07124019591053887,-0.05264502938921545
limit_up_down_breadth_top,top,limit_up_down_breadth_v1_20120705_20260814,capped_confirmation,limit_up_down_breadth_top::top::limit_up_down_breadth_v1_20120705_20260814::000006,2013-07-04,csi300,沪深300,5,True,5,True,2013-07-11,2221.98,0.0471246365853879,0.05816433991305048,-0.03248904130550234
limit_up_down_breadth_top,top,limit_up_down_breadth_v1_20120705_20260814,capped_confirmation,limit_up_down_breadth_top::top::limit_up_down_breadth_v1_20120705_20260814::000006,2013-07-04,csi300,沪深300,10,True,10,True,2013-07-18,2221.98,0.010508645442353082,0.05816433991305048,-0.03248904130550234
limit_up_down_breadth_top,top,limit_up_down_breadth_v1_20120705_20260814,capped_confirmation,limit_up_down_breadth_top::top::limit_up_down_breadth_v1_20120705_20260814::000006,2013-07-04,csi300,沪深300,20,True,20,True,2013-08-01,2221.98,0.010522146914013764,0.05816433991305048,-0.03248904130550234
limit_up_down_breadth_top,top,limit_up_down_breadth_v1_20120705_20260814,capped_confirmation,limit_up_down_breadth_top::top::limit_up_down_breadth_v1_20120705_20260814::000006,2013-07-04,csi500,中证500,5,True,5,True,2013-07-11,3390.49,0.01928629785075331,0.027813088963542176,-0.05301888517588893
limit_up_down_breadth_top,top,limit_up_down_breadth_v1_20120705_20260814,capped_confirmation,limit_up_down_breadth_top::top::limit_up_down_breadth_v1_20120705_20260814::000006,2013-07-04,csi500,中证500,10,True,10,True,2013-07-18,3390.49,0.026754244961642693,0.04774531114971592,-0.05301888517588893
limit_up_down_breadth_top,top,limit_up_down_breadth_v1_20120705_20260814,capped_confirmation,limit_up_down_breadth_top::top::limit_up_down_breadth_v1_20120705_20260814::000006,2013-07-04,csi500,中证500,20,True,20,True,2013-08-01,3390.49,0.03853720258723681,0.054419862615728176,-0.05301888517588893
limit_up_down_breadth_top,top,limit_up_down_breadth_v1_20120705_20260814,capped_confirmation,limit_up_down_breadth_top::top::limit_up_down_breadth_v1_20120705_20260814::000006,2013-07-04,microcap,微盘股,5,True,5,True,2013-07-11,642.06,0.013456686291001052,0.021508893249852168,-0.05237828240351372
limit_up_down_breadth_top,top,limit_up_down_breadth_v1_20120705_20260814,capped_confirmation,limit_up_down_breadth_top::top::limit_up_down_breadth_v1_20120705_20260814::000006,2013-07-04,microcap,微盘股,10,True,10,True,2013-07-18,642.06,0.026835498240039835,0.04831324175310736,-0.05237828240351372
limit_up_down_breadth_top,top,limit_up_down_breadth_v1_20120705_20260814,capped_confirmation,limit_up_down_breadth_top::top::limit_up_down_breadth_v1_20120705_20260814::000006,2013-07-04,microcap,微盘股,20,True,20,True,2013-08-01,642.06,0.047674672149020436,0.05974519515310095,-0.05237828240351372
limit_up_down_breadth_top,top,limit_up_down_breadth_v1_20120705_20260814,capped_confirmation,limit_up_down_breadth_top::top::limit_up_down_breadth_v1_20120705_20260814::000006,2013-07-04,sse_composite,上证指数,5,True,5,True,2013-07-11,2006.1,0.03334330292607546,0.04325307811175905,-0.029774188724390638
limit_up_down_breadth_top,top,limit_up_down_breadth_v1_20120705_20260814,capped_confirmation,limit_up_down_breadth_top::top::limit_up_down_breadth_v1_20120705_20260814::000006,2013-07-04,sse_composite,上证指数,10,True,10,True,2013-07-18,2006.1,0.008623697721948043,0.04325307811175905,-0.029774188724390638
limit_up_down_breadth_top,top,limit_up_down_breadth_v1_20120705_20260814,capped_confirmation,limit_up_down_breadth_top::top::limit_up_down_breadth_v1_20120705_20260814::000006,2013-07-04,sse_composite,上证指数,20,True,20,True,2013-08-01,2006.1,0.011450077264343772,0.04325307811175905,-0.029774188724390638
limit_up_down_breadth_top,top,limit_up_down_breadth_v1_20120705_20260814,capped_confirmation,limit_up_down_breadth_top::top::limit_up_down_breadth_v1_20120705_20260814::000007,2013-07-18,all_a,全A,5,True,5,True,2013-07-25,2675.3701171875,0.0022538134508989227,0.02029244274393993,-0.035023264523490694
limit_up_down_breadth_top,top,limit_up_down_breadth_v1_20120705_20260814,capped_confirmation,limit_up_down_breadth_top::top::limit_up_down_breadth_v1_20120705_20260814::000007,2013-07-18,all_a,全A,10,True,10,True,2013-08-01,2675.3701171875,0.009837825446902704,0.02029244274393993,-0.035023264523490694
limit_up_down_breadth_top,top,limit_up_down_breadth_v1_20120705_20260814,capped_confirmation,limit_up_down_breadth_top::top::limit_up_down_breadth_v1_20120705_20260814::000007,2013-07-18,all_a,全A,20,True,20,True,2013-08-15,2675.3701171875,0.041646544961835286,0.06418175931411363,-0.035023264523490694
limit_up_down_breadth_top,top,limit_up_down_breadth_v1_20120705_20260814,capped_confirmation,limit_up_down_breadth_top::top::limit_up_down_breadth_v1_20120705_20260814::000007,2013-07-18,cni2000,国证2000,5,True,5,True,2013-07-25,3259.53,0.01329332756563062,0.03886143094249772,-0.03024975993471457
limit_up_down_breadth_top,top,limit_up_down_breadth_v1_20120705_20260814,capped_confirmation,limit_up_down_breadth_top::top::limit_up_down_breadth_v1_20120705_20260814::000007,2013-07-18,cni2000,国证2000,10,True,10,True,2013-08-01,3259.53,0.0325415013821011,0.03886143094249772,-0.03024975993471457
limit_up_down_breadth_top,top,limit_up_down_breadth_v1_20120705_20260814,capped_confirmation,limit_up_down_breadth_top::top::limit_up_down_breadth_v1_20120705_20260814::000007,2013-07-18,cni2000,国证2000,20,True,20,True,2013-08-15,3259.53,0.06685319662650735,0.08214067672333125,-0.03024975993471457
limit_up_down_breadth_top,top,limit_up_down_breadth_v1_20120705_20260814,capped_confirmation,limit_up_down_breadth_top::top::limit_up_down_breadth_v1_20120705_20260814::000007,2013-07-18,csi1000,中证1000,5,True,5,True,2013-07-25,3911.2,0.013323276743710366,0.0395812026999387,-0.029827163019022218
limit_up_down_breadth_top,top,limit_up_down_breadth_v1_20120705_20260814,capped_confirmation,limit_up_down_breadth_top::top::limit_up_down_breadth_v1_20120705_20260814::000007,2013-07-18,csi1000,中证1000,10,True,10,True,2013-08-01,3911.2,0.029471773368787035,0.0395812026999387,-0.029827163019022218
limit_up_down_breadth_top,top,limit_up_down_breadth_v1_20120705_20260814,capped_confirmation,limit_up_down_breadth_top::top::limit_up_down_breadth_v1_20120705_20260814::000007,2013-07-18,csi1000,中证1000,20,True,20,True,2013-08-15,3911.2,0.056256391900183944,0.07438893434240135,-0.029827163019022218
limit_up_down_breadth_top,top,limit_up_down_breadth_v1_20120705_20260814,capped_confirmation,limit_up_down_breadth_top::top::limit_up_down_breadth_v1_20120705_20260814::000007,2013-07-18,csi300,沪深300,5,True,5,True,2013-07-25,2245.33,-0.0034070715663176987,0.013989035019351226,-0.0380879425296059
limit_up_down_breadth_top,top,limit_up_down_breadth_v1_20120705_20260814,capped_confirmation,limit_up_down_breadth_top::top::limit_up_down_breadth_v1_20120705_20260814::000007,2013-07-18,csi300,沪深300,10,True,10,True,2013-08-01,2245.33,1.3361064965966563e-05,0.013989035019351226,-0.0380879425296059
limit_up_down_breadth_top,top,limit_up_down_breadth_v1_20120705_20260814,capped_confirmation,limit_up_down_breadth_top::top::limit_up_down_breadth_v1_20120705_20260814::000007,2013-07-18,csi300,沪深300,20,True,20,True,2013-08-15,2245.33,0.033959373455126896,0.06291725492466593,-0.0380879425296059
limit_up_down_breadth_top,top,limit_up_down_breadth_v1_20120705_20260814,capped_confirmation,limit_up_down_breadth_top::top::limit_up_down_breadth_v1_20120705_20260814::000007,2013-07-18,csi500,中证500,5,True,5,True,2013-07-25,3481.2,0.004894863840055219,0.026944731701712188,-0.03499080776743646
limit_up_down_breadth_top,top,limit_up_down_breadth_v1_20120705_20260814,capped_confirmation,limit_up_down_breadth_top::top::limit_up_down_breadth_v1_20120705_20260814::000007,2013-07-18,csi500,中证500,10,True,10,True,2013-08-01,3481.2,0.011475927840974398,0.026944731701712188,-0.0378174192807077
limit_up_down_breadth_top,top,limit_up_down_breadth_v1_20120705_20260814,capped_confirmation,limit_up_down_breadth_top::top::limit_up_down_breadth_v1_20120705_20260814::000007,2013-07-18,csi500,中证500,20,True,20,True,2013-08-15,3481.2,0.04312306101344365,0.06479662185453305,-0.0378174192807077
limit_up_down_breadth_top,top,limit_up_down_breadth_v1_20120705_20260814,capped_confirmation,limit_up_down_breadth_top::top::limit_up_down_breadth_v1_20120705_20260814::000007,2013-07-18,microcap,微盘股,5,True,5,True,2013-07-25,659.29,0.010359629298184458,0.032049629146506,-0.03209513264269137
limit_up_down_breadth_top,top,limit_up_down_breadth_v1_20120705_20260814,capped_confirmation,limit_up_down_breadth_top::top::limit_up_down_breadth_v1_20120705_20260814::000007,2013-07-18,microcap,微盘股,10,True,10,True,2013-08-01,659.29,0.020294559298639436,0.032049629146506,-0.03209513264269137
limit_up_down_breadth_top,top,limit_up_down_breadth_v1_20120705_20260814,capped_confirmation,limit_up_down_breadth_top::top::limit_up_down_breadth_v1_20120705_20260814::000007,2013-07-18,microcap,微盘股,20,True,20,True,2013-08-15,659.29,0.044517587101275735,0.06446328626249453,-0.03209513264269137
limit_up_down_breadth_top,top,limit_up_down_breadth_v1_20120705_20260814,capped_confirmation,limit_up_down_breadth_top::top::limit_up_down_breadth_v1_20120705_20260814::000007,2013-07-18,sse_composite,上证指数,5,True,5,True,2013-07-25,2023.4,-0.0011021053672036762,0.01390234259167733,-0.026074923396263716
limit_up_down_breadth_top,top,limit_up_down_breadth_v1_20120705_20260814,capped_confirmation,limit_up_down_breadth_top::top::limit_up_down_breadth_v1_20120705_20260814::000007,2013-07-18,sse_composite,上证指数,10,True,10,True,2013-08-01,2023.4,0.0028022140950874075,0.01390234259167733,-0.028684392606504017
limit_up_down_breadth_top,top,limit_up_down_breadth_v1_20120705_20260814,capped_confirmation,limit_up_down_breadth_top::top::limit_up_down_breadth_v1_20120705_20260814::000007,2013-07-18,sse_composite,上证指数,20,True,20,True,2013-08-15,2023.4,0.028901848374023986,0.04920925175447244,-0.028684392606504017
limit_up_down_breadth_top,top,limit_up_down_breadth_v1_20120705_20260814,capped_confirmation,limit_up_down_breadth_top::top::limit_up_down_breadth_v1_20120705_20260814::000008,2013-08-01,all_a,全A,5,True,5,True,2013-08-08,2701.68994140625,0.01751498853889366,0.03010711430797519,0.0009364617523646146
limit_up_down_breadth_top,top,limit_up_down_breadth_v1_20120705_20260814,capped_confirmation,limit_up_down_breadth_top::top::limit_up_down_breadth_v1_20120705_20260814::000008,2013-08-01,all_a,全A,10,True,10,True,2013-08-15,2701.68994140625,0.031498839430832204,0.053814516051784,0.0009364617523646146
limit_up_down_breadth_top,top,limit_up_down_breadth_v1_20120705_20260814,capped_confirmation,limit_up_down_breadth_top::top::limit_up_down_breadth_v1_20120705_20260814::000008,2013-08-01,all_a,全A,20,True,20,True,2013-08-29,2701.68994140625,0.043739351509047175,0.0581303007503442,0.0009364617523646146
limit_up_down_breadth_top,top,limit_up_down_breadth_v1_20120705_20260814,capped_confirmation,limit_up_down_breadth_top::top::limit_up_down_breadth_v1_20120705_20260814::000008,2013-08-01,cni2000,国证2000,5,True,5,True,2013-08-08,3365.6,0.02425421915854531,0.033405633468029494,0.0027751366769670494
limit_up_down_breadth_top,top,limit_up_down_breadth_v1_20120705_20260814,capped_confirmation,limit_up_down_breadth_top::top::limit_up_down_breadth_v1_20120705_20260814::000008,2013-08-01,cni2000,国证2000,10,True,10,True,2013-08-15,3365.6,0.033230330401711416,0.04803601140955549,0.0027751366769670494
limit_up_down_breadth_top,top,limit_up_down_breadth_v1_20120705_20260814,capped_confirmation,limit_up_down_breadth_top::top::limit_up_down_breadth_v1_20120705_20260814::000008,2013-08-01,cni2000,国证2000,20,True,20,True,2013-08-29,3365.6,0.06720941288328985,0.07871107677680067,0.0023977893986213417
limit_up_down_breadth_top,top,limit_up_down_breadth_v1_20120705_20260814,capped_confirmation,limit_up_down_breadth_top::top::limit_up_down_breadth_v1_20120705_20260814::000008,2013-08-01,csi1000,中证1000,5,True,5,True,2013-08-08,4026.47,0.02150767297409395,0.03206282426045637,0.0020688096521270793
limit_up_down_breadth_top,top,limit_up_down_breadth_v1_20120705_20260814,capped_confirmation,limit_up_down_breadth_top::top::limit_up_down_breadth_v1_20120705_20260814::000008,2013-08-01,csi1000,中证1000,10,True,10,True,2013-08-15,4026.47,0.026017827029631402,0.04363127007030965,0.0020688096521270793
limit_up_down_breadth_top,top,limit_up_down_breadth_v1_20120705_20260814,capped_confirmation,limit_up_down_breadth_top::top::limit_up_down_breadth_v1_20120705_20260814::000008,2013-08-01,csi1000,中证1000,20,True,20,True,2013-08-29,4026.47,0.058194895280481385,0.06951746815448767,-0.004760994121401518
limit_up_down_breadth_top,top,limit_up_down_breadth_v1_20120705_20260814,capped_confirmation,limit_up_down_breadth_top::top::limit_up_down_breadth_v1_20120705_20260814::000008,2013-08-01,csi300,沪深300,5,True,5,True,2013-08-08,2245.36,0.013993301742259545,0.03051626465243884,-0.0009530765667867813
limit_up_down_breadth_top,top,limit_up_down_breadth_v1_20120705_20260814,capped_confirmation,limit_up_down_breadth_top::top::limit_up_down_breadth_v1_20120705_20260814::000008,2013-08-01,csi300,沪深300,10,True,10,True,2013-08-15,2245.36,0.03394555884134376,0.06290305340791669,-0.0009530765667867813
limit_up_down_breadth_top,top,limit_up_down_breadth_v1_20120705_20260814,capped_confirmation,limit_up_down_breadth_top::top::limit_up_down_breadth_v1_20120705_20260814::000008,2013-08-01,csi300,沪深300,20,True,20,True,2013-08-29,2245.36,0.032489222218263336,0.07914989133145678,-0.0009530765667867813
limit_up_down_breadth_top,top,limit_up_down_breadth_v1_20120705_20260814,capped_confirmation,limit_up_down_breadth_top::top::limit_up_down_breadth_v1_20120705_20260814::000008,2013-08-01,csi500,中证500,5,True,5,True,2013-08-08,3521.15,0.024054641239367847,0.034948809337858266,0.0021271459608365184
limit_up_down_breadth_top,top,limit_up_down_breadth_v1_20120705_20260814,capped_confirmation,limit_up_down_breadth_top::top::limit_up_down_breadth_v1_20120705_20260814::000008,2013-08-01,csi500,中证500,10,True,10,True,2013-08-15,3521.15,0.031288073498714875,0.0527157320761682,0.0021271459608365184
limit_up_down_breadth_top,top,limit_up_down_breadth_v1_20120705_20260814,capped_confirmation,limit_up_down_breadth_top::top::limit_up_down_breadth_v1_20120705_20260814::000008,2013-08-01,csi500,中证500,20,True,20,True,2013-08-29,3521.15,0.0510997827414339,0.06218990954659698,0.0002839981256124169
limit_up_down_breadth_top,top,limit_up_down_breadth_v1_20120705_20260814,capped_confirmation,limit_up_down_breadth_top::top::limit_up_down_breadth_v1_20120705_20260814::000008,2013-08-01,microcap,微盘股,5,True,5,True,2013-08-08,672.67,0.02093151173681007,0.029598465815332986,-0.0002527242184131584
limit_up_down_breadth_top,top,limit_up_down_breadth_v1_20120705_20260814,capped_confirmation,limit_up_down_breadth_top::top::limit_up_down_breadth_v1_20120705_20260814::000008,2013-08-01,microcap,微盘股,10,True,10,True,2013-08-15,672.67,0.023741210400344936,0.043290172001129834,-0.0002527242184131584
limit_up_down_breadth_top,top,limit_up_down_breadth_v1_20120705_20260814,capped_confirmation,limit_up_down_breadth_top::top::limit_up_down_breadth_v1_20120705_20260814::000008,2013-08-01,microcap,微盘股,20,True,20,True,2013-08-29,672.67,0.03804242793643242,0.05018805655076042,-0.006555963548247945
limit_up_down_breadth_top,top,limit_up_down_breadth_v1_20120705_20260814,capped_confirmation,limit_up_down_breadth_top::top::limit_up_down_breadth_v1_20120705_20260814::000008,2013-08-01,sse_composite,上证指数,5,True,5,True,2013-08-08,2029.07,0.007801603690360759,0.019954954732956498,-0.0018924926197715353
limit_up_down_breadth_top,top,limit_up_down_breadth_v1_20120705_20260814,capped_confirmation,limit_up_down_breadth_top::top::limit_up_down_breadth_v1_20120705_20260814::000008,2013-08-01,sse_composite,上证指数,10,True,10,True,2013-08-15,2029.07,0.026026701888057113,0.04627735859285287,-0.0018924926197715353
limit_up_down_breadth_top,top,limit_up_down_breadth_v1_20120705_20260814,capped_confirmation,limit_up_down_breadth_top::top::limit_up_down_breadth_v1_20120705_20260814::000008,2013-08-01,sse_composite,上证指数,20,True,20,True,2013-08-29,2029.07,0.03359174400094633,0.08367380129813173,-0.0018924926197715353
limit_up_down_breadth_top,top,limit_up_down_breadth_v1_20120705_20260814,capped_confirmation,limit_up_down_breadth_top::top::limit_up_down_breadth_v1_20120705_20260814::000009,2013-09-17,all_a,全A,5,True,5,True,2013-09-26,2917.219970703125,-0.005083633827388634,0.024057127109173626,-0.005625188458249775
limit_up_down_breadth_top,top,limit_up_down_breadth_v1_20120705_20260814,capped_confirmation,limit_up_down_breadth_top::top::limit_up_down_breadth_v1_20120705_20260814::000009,2013-09-17,all_a,全A,10,True,10,True,2013-10-10,2917.219970703125,0.023923475008186923,0.03439579082082056,-0.006389608176730066
limit_up_down_breadth_top,top,limit_up_down_breadth_v1_20120705_20260814,capped_confirmation,limit_up_down_breadth_top::top::limit_up_down_breadth_v1_20120705_20260814::000009,2013-09-17,all_a,全A,20,True,20,True,2013-10-24,2917.219970703125,0.009275974683262467,0.04849822155668626,-0.006389608176730066
limit_up_down_breadth_top,top,limit_up_down_breadth_v1_20120705_20260814,capped_confirmation,limit_up_down_breadth_top::top::limit_up_down_breadth_v1_20120705_20260814::000009,2013-09-17,cni2000,国证2000,5,True,5,True,2013-09-26,3619.34,0.012002188244265577,0.037719584233589565,-0.002224162416352149
limit_up_down_breadth_top,top,limit_up_down_breadth_v1_20120705_20260814,capped_confirmation,limit_up_down_breadth_top::top::limit_up_down_breadth_v1_20120705_20260814::000009,2013-09-17,cni2000,国证2000,10,True,10,True,2013-10-10,3619.34,0.05507910281985118,0.06418573552084084,-0.002224162416352149
limit_up_down_breadth_top,top,limit_up_down_breadth_v1_20120705_20260814,capped_confirmation,limit_up_down_breadth_top::top::limit_up_down_breadth_v1_20120705_20260814::000009,2013-09-17,cni2000,国证2000,20,True,20,True,2013-10-24,3619.34,0.04063171738493754,0.08871783253300314,-0.002224162416352149
limit_up_down_breadth_top,top,limit_up_down_breadth_v1_20120705_20260814,capped_confirmation,limit_up_down_breadth_top::top::limit_up_down_breadth_v1_20120705_20260814::000009,2013-09-17,csi1000,中证1000,5,True,5,True,2013-09-26,4325.06,0.01228422264662199,0.0370584454319709,-0.0022843613730214596
limit_up_down_breadth_top,top,limit_up_down_breadth_v1_20120705_20260814,capped_confirmation,limit_up_down_breadth_top::top::limit_up_down_breadth_v1_20120705_20260814::000009,2013-09-17,csi1000,中证1000,10,True,10,True,2013-10-10,4325.06,0.05607089843840307,0.06836205740498369,-0.0022843613730214596
limit_up_down_breadth_top,top,limit_up_down_breadth_v1_20120705_20260814,capped_confirmation,limit_up_down_breadth_top::top::limit_up_down_breadth_v1_20120705_20260814::000009,2013-09-17,csi1000,中证1000,20,True,20,True,2013-10-24,4325.06,0.03342843798698736,0.08569129676813736,-0.0022843613730214596
limit_up_down_breadth_top,top,limit_up_down_breadth_v1_20120705_20260814,capped_confirmation,limit_up_down_breadth_top::top::limit_up_down_breadth_v1_20120705_20260814::000009,2013-09-17,csi300,沪深300,5,True,5,True,2013-09-26,2427.32,-0.017665573554372815,0.01888502546017823,-0.01844832984526157
limit_up_down_breadth_top,top,limit_up_down_breadth_v1_20120705_20260814,capped_confirmation,limit_up_down_breadth_top::top::limit_up_down_breadth_v1_20120705_20260814::000009,2013-09-17,csi300,沪深300,10,True,10,True,2013-10-10,2427.32,0.000823953990409132,0.01888502546017823,-0.019552428192409765
limit_up_down_breadth_top,top,limit_up_down_breadth_v1_20120705_20260814,capped_confirmation,limit_up_down_breadth_top::top::limit_up_down_breadth_v1_20120705_20260814::000009,2013-09-17,csi300,沪深300,20,True,20,True,2013-10-24,2427.32,-0.011045103241434928,0.02299243610236812,-0.019552428192409765
limit_up_down_breadth_top,top,limit_up_down_breadth_v1_20120705_20260814,capped_confirmation,limit_up_down_breadth_top::top::limit_up_down_breadth_v1_20120705_20260814::000009,2013-09-17,csi500,中证500,5,True,5,True,2013-09-26,3786.29,0.005791949375245853,0.0381138264633718,-0.0025328223670136873
limit_up_down_breadth_top,top,limit_up_down_breadth_v1_20120705_20260814,capped_confirmation,limit_up_down_breadth_top::top::limit_up_down_breadth_v1_20120705_20260814::000009,2013-09-17,csi500,中证500,10,True,10,True,2013-10-10,3786.29,0.04578096236685525,0.05657252878147201,-0.0025328223670136873
limit_up_down_breadth_top,top,limit_up_down_breadth_v1_20120705_20260814,capped_confirmation,limit_up_down_breadth_top::top::limit_up_down_breadth_v1_20120705_20260814::000009,2013-09-17,csi500,中证500,20,True,20,True,2013-10-24,3786.29,0.029546072804777168,0.0799753848754321,-0.0025328223670136873
limit_up_down_breadth_top,top,limit_up_down_breadth_v1_20120705_20260814,capped_confirmation,limit_up_down_breadth_top::top::limit_up_down_breadth_v1_20120705_20260814::000009,2013-09-17,microcap,微盘股,5,True,5,True,2013-09-26,716.41,0.008458843399729243,0.041107745564690656,-0.0022752334557026854
limit_up_down_breadth_top,top,limit_up_down_breadth_v1_20120705_20260814,capped_confirmation,limit_up_down_breadth_top::top::limit_up_down_breadth_v1_20120705_20260814::000009,2013-09-17,microcap,微盘股,10,True,10,True,2013-10-10,716.41,0.057243757066484324,0.06917826384333003,-0.0022752334557026854
limit_up_down_breadth_top,top,limit_up_down_breadth_v1_20120705_20260814,capped_confirmation,limit_up_down_breadth_top::top::limit_up_down_breadth_v1_20120705_20260814::000009,2013-09-17,microcap,微盘股,20,True,20,True,2013-10-24,716.41,0.034896218645747545,0.0936056168953534,-0.0022752334557026854
limit_up_down_breadth_top,top,limit_up_down_breadth_v1_20120705_20260814,capped_confirmation,limit_up_down_breadth_top::top::limit_up_down_breadth_v1_20120705_20260814::000009,2013-09-17,sse_composite,上证指数,5,True,5,True,2013-09-26,2185.56,-0.01361207196324965,0.01716264938963019,-0.014110799978037769
limit_up_down_breadth_top,top,limit_up_down_breadth_v1_20120705_20260814,capped_confirmation,limit_up_down_breadth_top::top::limit_up_down_breadth_v1_20120705_20260814::000009,2013-09-17,sse_composite,上证指数,10,True,10,True,2013-10-10,2185.56,0.0024570361829461262,0.01716264938963019,-0.01645802448800293
limit_up_down_breadth_top,top,limit_up_down_breadth_v1_20120705_20260814,capped_confirmation,limit_up_down_breadth_top::top::limit_up_down_breadth_v1_20120705_20260814::000009,2013-09-17,sse_composite,上证指数,20,True,20,True,2013-10-24,2185.56,-0.009718333058804096,0.026272442760665538,-0.01645802448800293
limit_up_down_breadth_top,top,limit_up_down_breadth_v1_20120705_20260814,capped_confirmation,limit_up_down_breadth_top::top::limit_up_down_breadth_v1_20120705_20260814::000010,2013-10-08,all_a,全A,5,True,5,True,2013-10-15,2987.5400390625,0.020331105002842298,0.023818898216910744,-0.0058677135930120805
limit_up_down_breadth_top,top,limit_up_down_breadth_v1_20120705_20260814,capped_confirmation,limit_up_down_breadth_top::top::limit_up_down_breadth_v1_20120705_20260814::000010,2013-10-08,all_a,全A,10,True,10,True,2013-10-22,2987.5400390625,0.010724555535180036,0.023818898216910744,-0.008615780842372356
limit_up_down_breadth_top,top,limit_up_down_breadth_v1_20120705_20260814,capped_confirmation,limit_up_down_breadth_top::top::limit_up_down_breadth_v1_20120705_20260814::000010,2013-10-08,all_a,全A,20,True,20,True,2013-11-05,2987.5400390625,-0.03131340420712192,0.023818898216910744,-0.06319247159671304
limit_up_down_breadth_top,top,limit_up_down_breadth_v1_20120705_20260814,capped_confirmation,limit_up_down_breadth_top::top::limit_up_down_breadth_v1_20120705_20260814::000010,2013-10-08,cni2000,国证2000,5,True,5,True,2013-10-15,3789.84,0.02995377113545694,0.032267852996432644,-0.003633398771452079
limit_up_down_breadth_top,top,limit_up_down_breadth_v1_20120705_20260814,capped_confirmation,limit_up_down_breadth_top::top::limit_up_down_breadth_v1_20120705_20260814::000010,2013-10-08,cni2000,国证2000,10,True,10,True,2013-10-22,3789.84,0.024913980537436986,0.03973782534355008,-0.0051849154581723456
limit_up_down_breadth_top,top,limit_up_down_breadth_v1_20120705_20260814,capped_confirmation,limit_up_down_breadth_top::top::limit_up_down_breadth_v1_20120705_20260814::000010,2013-10-08,cni2000,国证2000,20,True,20,True,2013-11-05,3789.84,-0.029444514808013023,0.03973782534355008,-0.07690298271167129
limit_up_down_breadth_top,top,limit_up_down_breadth_v1_20120705_20260814,capped_confirmation,limit_up_down_breadth_top::top::limit_up_down_breadth_v1_20120705_20260814::000010,2013-10-08,csi1000,中证1000,5,True,5,True,2013-10-15,4542.31,0.026519546222076418,0.02954003579676412,-0.003471801792480078
limit_up_down_breadth_top,top,limit_up_down_breadth_v1_20120705_20260814,capped_confirmation,limit_up_down_breadth_top::top::limit_up_down_breadth_v1_20120705_20260814::000010,2013-10-08,csi1000,中证1000,10,True,10,True,2013-10-22,4542.31,0.01740964399171352,0.033764758459902566,-0.010206260691146274
limit_up_down_breadth_top,top,limit_up_down_breadth_v1_20120705_20260814,capped_confirmation,limit_up_down_breadth_top::top::limit_up_down_breadth_v1_20120705_20260814::000010,2013-10-08,csi1000,中证1000,20,True,20,True,2013-11-05,4542.31,-0.04445315269103167,0.033764758459902566,-0.08797065810127447
limit_up_down_breadth_top,top,limit_up_down_breadth_v1_20120705_20260814,capped_confirmation,limit_up_down_breadth_top::top::limit_up_down_breadth_v1_20120705_20260814::000010,2013-10-08,csi300,沪深300,5,True,5,True,2013-10-15,2441.81,0.010529074743735212,0.01692187352824348,-0.0081046436864457
limit_up_down_breadth_top,top,limit_up_down_breadth_v1_20120705_20260814,capped_confirmation,limit_up_down_breadth_top::top::limit_up_down_breadth_v1_20120705_20260814::000010,2013-10-08,csi300,沪深300,10,True,10,True,2013-10-22,2441.81,0.0016708916746184244,0.01692187352824348,-0.01393638325668245
limit_up_down_breadth_top,top,limit_up_down_breadth_v1_20120705_20260814,capped_confirmation,limit_up_down_breadth_top::top::limit_up_down_breadth_v1_20120705_20260814::000010,2013-10-08,csi300,沪深300,20,True,20,True,2013-11-05,2441.81,-0.023769253135993318,0.01692187352824348,-0.046649821239162725
limit_up_down_breadth_top,top,limit_up_down_breadth_v1_20120705_20260814,capped_confirmation,limit_up_down_breadth_top::top::limit_up_down_breadth_v1_20120705_20260814::000010,2013-10-08,csi500,中证500,5,True,5,True,2013-10-15,3938.07,0.03453722254810088,0.03606842945910049,-0.005672829584034811
limit_up_down_breadth_top,top,limit_up_down_breadth_v1_20120705_20260814,capped_confirmation,limit_up_down_breadth_top::top::limit_up_down_breadth_v1_20120705_20260814::000010,2013-10-08,csi500,中证500,10,True,10,True,2013-10-22,3938.07,0.022460240676270393,0.03835127359340995,-0.005672829584034811
limit_up_down_breadth_top,top,limit_up_down_breadth_v1_20120705_20260814,capped_confirmation,limit_up_down_breadth_top::top::limit_up_down_breadth_v1_20120705_20260814::000010,2013-10-08,csi500,中证500,20,True,20,True,2013-11-05,3938.07,-0.04079917319905435,0.03835127359340995,-0.08573742975620047
limit_up_down_breadth_top,top,limit_up_down_breadth_v1_20120705_20260814,capped_confirmation,limit_up_down_breadth_top::top::limit_up_down_breadth_v1_20120705_20260814::000010,2013-10-08,microcap,微盘股,5,True,5,True,2013-10-15,749.65,0.03843126792503182,0.03993863803108133,-0.0045487894350696445
limit_up_down_breadth_top,top,limit_up_down_breadth_v1_20120705_20260814,capped_confirmation,limit_up_down_breadth_top::top::limit_up_down_breadth_v1_20120705_20260814::000010,2013-10-08,microcap,微盘股,10,True,10,True,2013-10-22,749.65,0.02952044287334088,0.04511438671379975,-0.0045487894350696445
limit_up_down_breadth_top,top,limit_up_down_breadth_v1_20120705_20260814,capped_confirmation,limit_up_down_breadth_top::top::limit_up_down_breadth_v1_20120705_20260814::000010,2013-10-08,microcap,微盘股,20,True,20,True,2013-11-05,749.65,-0.0391782831988261,0.04511438671379975,-0.08514640165410514
limit_up_down_breadth_top,top,limit_up_down_breadth_v1_20120705_20260814,capped_confirmation,limit_up_down_breadth_top::top::limit_up_down_breadth_v1_20120705_20260814::000010,2013-10-08,sse_composite,上证指数,5,True,5,True,2013-10-15,2198.2,0.016017650805204342,0.020371212810481376,-0.005923027931944325
limit_up_down_breadth_top,top,limit_up_down_breadth_v1_20120705_20260814,capped_confirmation,limit_up_down_breadth_top::top::limit_up_down_breadth_v1_20120705_20260814::000010,2013-10-08,sse_composite,上证指数,10,True,10,True,2013-10-22,2198.2,0.005663724865799358,0.020371212810481376,-0.006801019015558074
limit_up_down_breadth_top,top,limit_up_down_breadth_v1_20120705_20260814,capped_confirmation,limit_up_down_breadth_top::top::limit_up_down_breadth_v1_20120705_20260814::000010,2013-10-08,sse_composite,上证指数,20,True,20,True,2013-11-05,2198.2,-0.01863342734964968,0.020371212810481376,-0.047766354289873525
limit_up_down_breadth_top,top,limit_up_down_breadth_v1_20120705_20260814,capped_confirmation,limit_up_down_breadth_top::top::limit_up_down_breadth_v1_20120705_20260814::000011,2014-02-20,all_a,全A,5,True,5,True,2014-02-27,3005.35009765625,-0.05285910202134636,0.0008650750931322726,-0.06296437164386359
limit_up_down_breadth_top,top,limit_up_down_breadth_v1_20120705_20260814,capped_confirmation,limit_up_down_breadth_top::top::limit_up_down_breadth_v1_20120705_20260814::000011,2014-02-20,all_a,全A,10,True,10,True,2014-03-06,3005.35009765625,-0.03461494531968301,0.0008650750931322726,-0.06450499979122515
limit_up_down_breadth_top,top,limit_up_down_breadth_v1_20120705_20260814,capped_confirmation,limit_up_down_breadth_top::top::limit_up_down_breadth_v1_20120705_20260814::000011,2014-02-20,all_a,全A,20,True,20,True,2014-03-20,3005.35009765625,-0.06990536245825929,0.0008650750931322726,-0.08122851223818461
limit_up_down_breadth_top,top,limit_up_down_breadth_v1_20120705_20260814,capped_confirmation,limit_up_down_breadth_top::top::limit_up_down_breadth_v1_20120705_20260814::000011,2014-02-20,cni2000,国证2000,5,True,5,True,2014-02-27,4310.92,-0.04205366835849422,0.012795412580145271,-0.0596670780251084
limit_up_down_breadth_top,top,limit_up_down_breadth_v1_20120705_20260814,capped_confirmation,limit_up_down_breadth_top::top::limit_up_down_breadth_v1_20120705_20260814::000011,2014-02-20,cni2000,国证2000,10,True,10,True,2014-03-06,4310.92,-0.010127768550564631,0.012795412580145271,-0.0596670780251084
limit_up_down_breadth_top,top,limit_up_down_breadth_v1_20120705_20260814,capped_confirmation,limit_up_down_breadth_top::top::limit_up_down_breadth_v1_20120705_20260814::000011,2014-02-20,cni2000,国证2000,20,True,20,True,2014-03-20,4310.92,-0.03804756293320233,0.012795412580145271,-0.07012656231152514
limit_up_down_breadth_top,top,limit_up_down_breadth_v1_20120705_20260814,capped_confirmation,limit_up_down_breadth_top::top::limit_up_down_breadth_v1_20120705_20260814::000011,2014-02-20,csi1000,中证1000,5,True,5,True,2014-02-27,5035.17,-0.04758925716510065,0.014416593680054435,-0.06132067040437561
limit_up_down_breadth_top,top,limit_up_down_breadth_v1_20120705_20260814,capped_confirmation,limit_up_down_breadth_top::top::limit_up_down_breadth_v1_20120705_20260814::000011,2014-02-20,csi1000,中证1000,10,True,10,True,2014-03-06,5035.17,-0.01445234222479086,0.014416593680054435,-0.06329478448592596
limit_up_down_breadth_top,top,limit_up_down_breadth_v1_20120705_20260814,capped_confirmation,limit_up_down_breadth_top::top::limit_up_down_breadth_v1_20120705_20260814::000011,2014-02-20,csi1000,中证1000,20,True,20,True,2014-03-20,5035.17,-0.047023238540108925,0.014416593680054435,-0.07685738515283491
limit_up_down_breadth_top,top,limit_up_down_breadth_v1_20120705_20260814,capped_confirmation,limit_up_down_breadth_top::top::limit_up_down_breadth_v1_20120705_20260814::000011,2014-02-20,csi300,沪深300,5,True,5,True,2014-02-27,2287.44,-0.05828786765991678,0.00018798307278000692,-0.06573287168188024
limit_up_down_breadth_top,top,limit_up_down_breadth_v1_20120705_20260814,capped_confirmation,limit_up_down_breadth_top::top::limit_up_down_breadth_v1_20120705_20260814::000011,2014-02-20,csi300,沪深300,10,True,10,True,2014-03-06,2287.44,-0.04975431049557577,0.00018798307278000692,-0.06727608155842335
limit_up_down_breadth_top,top,limit_up_down_breadth_v1_20120705_20260814,capped_confirmation,limit_up_down_breadth_top::top::limit_up_down_breadth_v1_20120705_20260814::000011,2014-02-20,csi300,沪深300,20,True,20,True,2014-03-20,2287.44,-0.0876394572098067,0.00018798307278000692,-0.08784492708005454
limit_up_down_breadth_top,top,limit_up_down_breadth_v1_20120705_20260814,capped_confirmation,limit_up_down_breadth_top::top::limit_up_down_breadth_v1_20120705_20260814::000011,2014-02-20,csi500,中证500,5,True,5,True,2014-02-27,4149.07,-0.05165976953871587,0.0018606579305724402,-0.06389624662876248
limit_up_down_breadth_top,top,limit_up_down_breadth_v1_20120705_20260814,capped_confirmation,limit_up_down_breadth_top::top::limit_up_down_breadth_v1_20120705_20260814::000011,2014-02-20,csi500,中证500,10,True,10,True,2014-03-06,4149.07,-0.028032788070579517,0.0018606579305724402,-0.06612325171664979
limit_up_down_breadth_top,top,limit_up_down_breadth_v1_20120705_20260814,capped_confirmation,limit_up_down_breadth_top::top::limit_up_down_breadth_v1_20120705_20260814::000011,2014-02-20,csi500,中证500,20,True,20,True,2014-03-20,4149.07,-0.06567495848467242,0.0018606579305724402,-0.08323311007044942
limit_up_down_breadth_top,top,limit_up_down_breadth_v1_20120705_20260814,capped_confirmation,limit_up_down_breadth_top::top::limit_up_down_breadth_v1_20120705_20260814::000011,2014-02-20,microcap,微盘股,5,True,5,True,2014-02-27,793.32,-0.04658901830282869,0.006025311349770579,-0.06050521857510205
limit_up_down_breadth_top,top,limit_up_down_breadth_v1_20120705_20260814,capped_confirmation,limit_up_down_breadth_top::top::limit_up_down_breadth_v1_20120705_20260814::000011,2014-02-20,microcap,微盘股,10,True,10,True,2014-03-06,793.32,-0.0117985176221449,0.006025311349770579,-0.06281198003327793
limit_up_down_breadth_top,top,limit_up_down_breadth_v1_20120705_20260814,capped_confirmation,limit_up_down_breadth_top::top::limit_up_down_breadth_v1_20120705_20260814::000011,2014-02-20,microcap,微盘股,20,True,20,True,2014-03-20,793.32,-0.05115212020370097,0.006025311349770579,-0.07115665809509408
limit_up_down_breadth_top,top,limit_up_down_breadth_v1_20120705_20260814,capped_confirmation,limit_up_down_breadth_top::top::limit_up_down_breadth_v1_20120705_20260814::000011,2014-02-20,sse_composite,上证指数,5,True,5,True,2014-02-27,2138.78,-0.04274866980241088,-0.0028427421240148076,-0.05816400003740452
limit_up_down_breadth_top,top,limit_up_down_breadth_v1_20120705_20260814,capped_confirmation,limit_up_down_breadth_top::top::limit_up_down_breadth_v1_20120705_20260814::000011,2014-02-20,sse_composite,上证指数,10,True,10,True,2014-03-06,2138.78,-0.03703045661545379,-0.0028427421240148076,-0.05816400003740452
limit_up_down_breadth_top,top,limit_up_down_breadth_v1_20120705_20260814,capped_confirmation,limit_up_down_breadth_top::top::limit_up_down_breadth_v1_20120705_20260814::000011,2014-02-20,sse_composite,上证指数,20,True,20,True,2014-03-20,2138.78,-0.0679359260887048,-0.0028427421240148076,-0.07686625085329024
limit_up_down_breadth_top,top,limit_up_down_breadth_v1_20120705_20260814,capped_confirmation,limit_up_down_breadth_top::top::limit_up_down_breadth_v1_20120705_20260814::000012,2014-12-19,all_a,全A,5,True,5,True,2014-12-26,4217.02001953125,-0.001472594606793054,0.0013848271345529017,-0.05562935124901336
limit_up_down_breadth_top,top,limit_up_down_breadth_v1_20120705_20260814,capped_confirmation,limit_up_down_breadth_top::top::limit_up_down_breadth_v1_20120705_20260814::000012,2014-12-19,all_a,全A,10,True,10,True,2015-01-06,4217.02001953125,0.028909076951347146,0.03112387406085615,-0.05562935124901336
limit_up_down_breadth_top,top,limit_up_down_breadth_v1_20120705_20260814,capped_confirmation,limit_up_down_breadth_top::top::limit_up_down_breadth_v1_20120705_20260814::000012,2014-12-19,all_a,全A,20,True,20,True,2015-01-20,4217.02001953125,-0.004754495969817252,0.03769253989222654,-0.05562935124901336
limit_up_down_breadth_top,top,limit_up_down_breadth_v1_20120705_20260814,capped_confirmation,limit_up_down_breadth_top::top::limit_up_down_breadth_v1_20120705_20260814::000012,2014-12-19,cni2000,国证2000,5,True,5,True,2014-12-26,5806.92,-0.0294596791414381,-0.004341372018212719,-0.0665344106686504
limit_up_down_breadth_top,top,limit_up_down_breadth_v1_20120705_20260814,capped_confirmation,limit_up_down_breadth_top::top::limit_up_down_breadth_v1_20120705_20260814::000012,2014-12-19,cni2000,国证2000,10,True,10,True,2015-01-06,5806.92,-0.03761890985238303,-0.004341372018212719,-0.07071562893926564
limit_up_down_breadth_top,top,limit_up_down_breadth_v1_20120705_20260814,capped_confirmation,limit_up_down_breadth_top::top::limit_up_down_breadth_v1_20120705_20260814::000012,2014-12-19,cni2000,国证2000,20,True,20,True,2015-01-20,5806.92,-0.019304553877098396,-0.004341372018212719,-0.07071562893926564
limit_up_down_breadth_top,top,limit_up_down_breadth_v1_20120705_20260814,capped_confirmation,limit_up_down_breadth_top::top::limit_up_down_breadth_v1_20120705_20260814::000012,2014-12-19,csi1000,中证1000,5,True,5,True,2014-12-26,6438.04,-0.0317021950780052,-0.004891240191113977,-0.0660868835856876
limit_up_down_breadth_top,top,limit_up_down_breadth_v1_20120705_20260814,capped_confirmation,limit_up_down_breadth_top::top::limit_up_down_breadth_v1_20120705_20260814::000012,2014-12-19,csi1000,中证1000,10,True,10,True,2015-01-06,6438.04,-0.04126255816987778,-0.004891240191113977,-0.0764704785928636
limit_up_down_breadth_top,top,limit_up_down_breadth_v1_20120705_20260814,capped_confirmation,limit_up_down_breadth_top::top::limit_up_down_breadth_v1_20120705_20260814::000012,2014-12-19,csi1000,中证1000,20,True,20,True,2015-01-20,6438.04,-0.015751688402060204,-0.004891240191113977,-0.0764704785928636
limit_up_down_breadth_top,top,limit_up_down_breadth_v1_20120705_20260814,capped_confirmation,limit_up_down_breadth_top::top::limit_up_down_breadth_v1_20120705_20260814::000012,2014-12-19,csi300,沪深300,5,True,5,True,2014-12-26,3383.17,0.01852404697369625,0.02129363880620838,-0.057543664669525985
limit_up_down_breadth_top,top,limit_up_down_breadth_v1_20120705_20260814,capped_confirmation,limit_up_down_breadth_top::top::limit_up_down_breadth_v1_20120705_20260814::000012,2014-12-19,csi300,沪深300,10,True,10,True,2015-01-06,3383.17,0.07622732526003717,0.08869196641020105,-0.057543664669525985
limit_up_down_breadth_top,top,limit_up_down_breadth_v1_20120705_20260814,capped_confirmation,limit_up_down_breadth_top::top::limit_up_down_breadth_v1_20120705_20260814::000012,2014-12-19,csi300,沪深300,20,True,20,True,2015-01-20,3383.17,0.0038573290730290477,0.09061915304285617,-0.057543664669525985
limit_up_down_breadth_top,top,limit_up_down_breadth_v1_20120705_20260814,capped_confirmation,limit_up_down_breadth_top::top::limit_up_down_breadth_v1_20120705_20260814::000012,2014-12-19,csi500,中证500,5,True,5,True,2014-12-26,5524.12,-0.018350434096290447,-2.8963889270983145e-05,-0.06091286938010032
limit_up_down_breadth_top,top,limit_up_down_breadth_v1_20120705_20260814,capped_confirmation,limit_up_down_breadth_top::top::limit_up_down_breadth_v1_20120705_20260814::000012,2014-12-19,csi500,中证500,10,True,10,True,2015-01-06,5524.12,-0.008012135869604586,-2.8963889270983145e-05,-0.06091286938010032
limit_up_down_breadth_top,top,limit_up_down_breadth_v1_20120705_20260814,capped_confirmation,limit_up_down_breadth_top::top::limit_up_down_breadth_v1_20120705_20260814::000012,2014-12-19,csi500,中证500,20,True,20,True,2015-01-20,5524.12,-0.009342664532993483,-2.8963889270983145e-05,-0.06091286938010032
limit_up_down_breadth_top,top,limit_up_down_breadth_v1_20120705_20260814,capped_confirmation,limit_up_down_breadth_top::top::limit_up_down_breadth_v1_20120705_20260814::000012,2014-12-19,microcap,微盘股,5,True,5,True,2014-12-26,1009.52,-0.027072271970837503,-0.004209921546873718,-0.06542713368729691
limit_up_down_breadth_top,top,limit_up_down_breadth_v1_20120705_20260814,capped_confirmation,limit_up_down_breadth_top::top::limit_up_down_breadth_v1_20120705_20260814::000012,2014-12-19,microcap,微盘股,10,True,10,True,2015-01-06,1009.52,-0.02900388303352086,-0.004209921546873718,-0.06542713368729691
limit_up_down_breadth_top,top,limit_up_down_breadth_v1_20120705_20260814,capped_confirmation,limit_up_down_breadth_top::top::limit_up_down_breadth_v1_20120705_20260814::000012,2014-12-19,microcap,微盘股,20,True,20,True,2015-01-20,1009.52,-0.03936524288770904,-0.004209921546873718,-0.08598145653379818
limit_up_down_breadth_top,top,limit_up_down_breadth_v1_20120705_20260814,capped_confirmation,limit_up_down_breadth_top::top::limit_up_down_breadth_v1_20120705_20260814::000012,2014-12-19,sse_composite,上证指数,5,True,5,True,2014-12-26,3108.6,0.015762722769092186,0.026143601621308576,-0.05587402689313514
limit_up_down_breadth_top,top,limit_up_down_breadth_v1_20120705_20260814,capped_confirmation,limit_up_down_breadth_top::top::limit_up_down_breadth_v1_20120705_20260814::000012,2014-12-19,sse_composite,上证指数,10,True,10,True,2015-01-06,3108.6,0.07812198417293947,0.09188058933281851,-0.05587402689313514
limit_up_down_breadth_top,top,limit_up_down_breadth_v1_20120705_20260814,capped_confirmation,limit_up_down_breadth_top::top::limit_up_down_breadth_v1_20120705_20260814::000012,2014-12-19,sse_composite,上证指数,20,True,20,True,2015-01-20,3108.6,0.020732805764652973,0.09529370134465687,-0.05587402689313514
limit_up_down_breadth_top,top,limit_up_down_breadth_v1_20120705_20260814,capped_confirmation,limit_up_down_breadth_top::top::limit_up_down_breadth_v1_20120705_20260814::000013,2015-03-09,all_a,全A,5,True,5,True,2015-03-16,4605.0,0.05138107780266021,0.05138107780266021,-0.002590700495385456
limit_up_down_breadth_top,top,limit_up_down_breadth_v1_20120705_20260814,capped_confirmation,limit_up_down_breadth_top::top::limit_up_down_breadth_v1_20120705_20260814::000013,2015-03-09,all_a,全A,10,True,10,True,2015-03-23,4605.0,0.13113792328311624,0.13118786475298583,-0.002590700495385456
limit_up_down_breadth_top,top,limit_up_down_breadth_v1_20120705_20260814,capped_confirmation,limit_up_down_breadth_top::top::limit_up_down_breadth_v1_20120705_20260814::000013,2015-03-09,all_a,全A,20,True,20,True,2015-04-07,4605.0,0.2402866491924538,0.2403691427456569,-0.002590700495385456
limit_up_down_breadth_top,top,limit_up_down_breadth_v1_20120705_20260814,capped_confirmation,limit_up_down_breadth_top::top::limit_up_down_breadth_v1_20120705_20260814::000013,2015-03-09,cni2000,国证2000,5,True,5,True,2015-03-16,6706.69,0.05421452311050623,0.054260745613708306,-0.00025944243732745065
limit_up_down_breadth_top,top,limit_up_down_breadth_v1_20120705_20260814,capped_confirmation,limit_up_down_breadth_top::top::limit_up_down_breadth_v1_20120705_20260814::000013,2015-03-09,cni2000,国证2000,10,True,10,True,2015-03-23,6706.69,0.14183747869664476,0.14183747869664476,-0.00025944243732745065
limit_up_down_breadth_top,top,limit_up_down_breadth_v1_20120705_20260814,capped_confirmation,limit_up_down_breadth_top::top::limit_up_down_breadth_v1_20120705_20260814::000013,2015-03-09,cni2000,国证2000,20,True,20,True,2015-04-07,6706.69,0.29043238915172775,0.2904994863337951,-0.00025944243732745065
limit_up_down_breadth_top,top,limit_up_down_breadth_v1_20120705_20260814,capped_confirmation,limit_up_down_breadth_top::top::limit_up_down_breadth_v1_20120705_20260814::000013,2015-03-09,csi1000,中证1000,5,True,5,True,2015-03-16,7450.82,0.06073693902147692,0.06077183450949031,0.0005717491497581051
limit_up_down_breadth_top,top,limit_up_down_breadth_v1_20120705_20260814,capped_confirmation,limit_up_down_breadth_top::top::limit_up_down_breadth_v1_20120705_20260814::000013,2015-03-09,csi1000,中证1000,10,True,10,True,2015-03-23,7450.82,0.14892589003626466,0.14896883832920405,0.0005717491497581051
limit_up_down_breadth_top,top,limit_up_down_breadth_v1_20120705_20260814,capped_confirmation,limit_up_down_breadth_top::top::limit_up_down_breadth_v1_20120705_20260814::000013,2015-03-09,csi1000,中证1000,20,True,20,True,2015-04-07,7450.82,0.28854542184618603,0.288560185321884,0.0005717491497581051
limit_up_down_breadth_top,top,limit_up_down_breadth_v1_20120705_20260814,capped_confirmation,limit_up_down_breadth_top::top::limit_up_down_breadth_v1_20120705_20260814::000013,2015-03-09,csi300,沪深300,5,True,5,True,2015-03-16,3537.75,0.04746519680587946,0.04748498339339968,-0.007281464207476551
limit_up_down_breadth_top,top,limit_up_down_breadth_v1_20120705_20260814,capped_confirmation,limit_up_down_breadth_top::top::limit_up_down_breadth_v1_20120705_20260814::000013,2015-03-09,csi300,沪深300,10,True,10,True,2015-03-23,3537.75,0.12276446894212412,0.12283230867076544,-0.007281464207476551
limit_up_down_breadth_top,top,limit_up_down_breadth_v1_20120705_20260814,capped_confirmation,limit_up_down_breadth_top::top::limit_up_down_breadth_v1_20120705_20260814::000013,2015-03-09,csi300,沪深300,20,True,20,True,2015-04-07,3537.75,0.20416649000070675,0.20428803618118874,-0.007281464207476551
limit_up_down_breadth_top,top,limit_up_down_breadth_v1_20120705_20260814,capped_confirmation,limit_up_down_breadth_top::top::limit_up_down_breadth_v1_20120705_20260814::000013,2015-03-09,csi500,中证500,5,True,5,True,2015-03-16,6212.24,0.04902096506252174,0.04906281792074996,-0.0010173464000102772
limit_up_down_breadth_top,top,limit_up_down_breadth_v1_20120705_20260814,capped_confirmation,limit_up_down_breadth_top::top::limit_up_down_breadth_v1_20120705_20260814::000013,2015-03-09,csi500,中证500,10,True,10,True,2015-03-23,6212.24,0.12956840044814744,0.12962152138359118,-0.0010173464000102772
limit_up_down_breadth_top,top,limit_up_down_breadth_v1_20120705_20260814,capped_confirmation,limit_up_down_breadth_top::top::limit_up_down_breadth_v1_20120705_20260814::000013,2015-03-09,csi500,中证500,20,True,20,True,2015-04-07,6212.24,0.2657720886507926,0.26582359986091975,-0.0010173464000102772
limit_up_down_breadth_top,top,limit_up_down_breadth_v1_20120705_20260814,capped_confirmation,limit_up_down_breadth_top::top::limit_up_down_breadth_v1_20120705_20260814::000013,2015-03-09,microcap,微盘股,5,True,5,True,2015-03-16,1115.74,0.0528617778335454,0.052915553802857174,-0.00025991718500717464
limit_up_down_breadth_top,top,limit_up_down_breadth_v1_20120705_20260814,capped_confirmation,limit_up_down_breadth_top::top::limit_up_down_breadth_v1_20120705_20260814::000013,2015-03-09,microcap,微盘股,10,True,10,True,2015-03-23,1115.74,0.13258465233835848,0.13258465233835848,-0.00025991718500717464
limit_up_down_breadth_top,top,limit_up_down_breadth_v1_20120705_20260814,capped_confirmation,limit_up_down_breadth_top::top::limit_up_down_breadth_v1_20120705_20260814::000013,2015-03-09,microcap,微盘股,20,True,20,True,2015-04-07,1115.74,0.26110921899367234,0.26114506963988027,-0.00025991718500717464
limit_up_down_breadth_top,top,limit_up_down_breadth_v1_20120705_20260814,capped_confirmation,limit_up_down_breadth_top::top::limit_up_down_breadth_v1_20120705_20260814::000013,2015-03-09,sse_composite,上证指数,5,True,5,True,2015-03-16,3302.41,0.04447963759799678,0.04447963759799678,-0.007667127945954588
limit_up_down_breadth_top,top,limit_up_down_breadth_v1_20120705_20260814,capped_confirmation,limit_up_down_breadth_top::top::limit_up_down_breadth_v1_20120705_20260814::000013,2015-03-09,sse_composite,上证指数,10,True,10,True,2015-03-23,3302.41,0.11667842575573606,0.11683588651923893,-0.007667127945954588
limit_up_down_breadth_top,top,limit_up_down_breadth_v1_20120705_20260814,capped_confirmation,limit_up_down_breadth_top::top::limit_up_down_breadth_v1_20120705_20260814::000013,2015-03-09,sse_composite,上证指数,20,True,20,True,2015-04-07,3302.41,0.19954215254919894,0.19962996720576798,-0.007667127945954588
limit_up_down_breadth_top,top,limit_up_down_breadth_v1_20120705_20260814,capped_confirmation,limit_up_down_breadth_top::top::limit_up_down_breadth_v1_20120705_20260814::000014,2015-03-31,all_a,全A,5,True,5,True,2015-04-08,5335.490234375,0.06946125791656765,0.0764296311806516,0.00028479693210003987
limit_up_down_breadth_top,top,limit_up_down_breadth_v1_20120705_20260814,capped_confirmation,limit_up_down_breadth_top::top::limit_up_down_breadth_v1_20120705_20260814::000014,2015-03-31,all_a,全A,10,True,10,True,2015-04-15,5335.490234375,0.08048368622406499,0.11823648468337944,0.00028479693210003987
limit_up_down_breadth_top,top,limit_up_down_breadth_v1_20120705_20260814,capped_confirmation,limit_up_down_breadth_top::top::limit_up_down_breadth_v1_20120705_20260814::000014,2015-03-31,all_a,全A,20,True,20,True,2015-04-29,5335.490234375,0.17282378354554617,0.18557988572248552,0.00028479693210003987
limit_up_down_breadth_top,top,limit_up_down_breadth_v1_20120705_20260814,capped_confirmation,limit_up_down_breadth_top::top::limit_up_down_breadth_v1_20120705_20260814::000014,2015-03-31,cni2000,国证2000,5,True,5,True,2015-04-08,7879.33,0.08737418029197919,0.10220919799018446,-0.00031094014338783893
limit_up_down_breadth_top,top,limit_up_down_breadth_v1_20120705_20260814,capped_confirmation,limit_up_down_breadth_top::top::limit_up_down_breadth_v1_20120705_20260814::000014,2015-03-31,cni2000,国证2000,10,True,10,True,2015-04-15,7879.33,0.0951578370242141,0.14711910784292592,-0.00031094014338783893
limit_up_down_breadth_top,top,limit_up_down_breadth_v1_20120705_20260814,capped_confirmation,limit_up_down_breadth_top::top::limit_up_down_breadth_v1_20120705_20260814::000014,2015-03-31,cni2000,国证2000,20,True,20,True,2015-04-29,7879.33,0.17074421302318865,0.1929072649578072,-0.00031094014338783893
limit_up_down_breadth_top,top,limit_up_down_breadth_v1_20120705_20260814,capped_confirmation,limit_up_down_breadth_top::top::limit_up_down_breadth_v1_20120705_20260814::000014,2015-03-31,csi1000,中证1000,5,True,5,True,2015-04-08,8780.74,0.07685570919990803,0.09651692226395503,0.00015830100879865583
limit_up_down_breadth_top,top,limit_up_down_breadth_v1_20120705_20260814,capped_confirmation,limit_up_down_breadth_top::top::limit_up_down_breadth_v1_20120705_20260814::000014,2015-03-31,csi1000,中证1000,10,True,10,True,2015-04-15,8780.74,0.07521575630299959,0.13047305807938736,0.00015830100879865583
limit_up_down_breadth_top,top,limit_up_down_breadth_v1_20120705_20260814,capped_confirmation,limit_up_down_breadth_top::top::limit_up_down_breadth_v1_20120705_20260814::000014,2015-03-31,csi1000,中证1000,20,True,20,True,2015-04-29,8780.74,0.15108749376476238,0.17269159546917456,0.00015830100879865583
limit_up_down_breadth_top,top,limit_up_down_breadth_v1_20120705_20260814,capped_confirmation,limit_up_down_breadth_top::top::limit_up_down_breadth_v1_20120705_20260814::000014,2015-03-31,csi300,沪深300,5,True,5,True,2015-04-08,4051.2,0.06037717219589256,0.06259379936808851,-0.001051540284360164
limit_up_down_breadth_top,top,limit_up_down_breadth_v1_20120705_20260814,capped_confirmation,limit_up_down_breadth_top::top::limit_up_down_breadth_v1_20120705_20260814::000014,2015-03-31,csi300,沪深300,10,True,10,True,2015-04-15,4051.2,0.08128702606635074,0.10485781990521326,-0.001051540284360164
limit_up_down_breadth_top,top,limit_up_down_breadth_v1_20120705_20260814,capped_confirmation,limit_up_down_breadth_top::top::limit_up_down_breadth_v1_20120705_20260814::000014,2015-03-31,csi300,沪深300,20,True,20,True,2015-04-29,4051.2,0.1784977290679306,0.19448064770932083,-0.001051540284360164
limit_up_down_breadth_top,top,limit_up_down_breadth_v1_20120705_20260814,capped_confirmation,limit_up_down_breadth_top::top::limit_up_down_breadth_v1_20120705_20260814::000014,2015-03-31,csi500,中证500,5,True,5,True,2015-04-08,7253.1,0.07650521845831437,0.09208200631454133,0.0007775985440707789
limit_up_down_breadth_top,top,limit_up_down_breadth_v1_20120705_20260814,capped_confirmation,limit_up_down_breadth_top::top::limit_up_down_breadth_v1_20120705_20260814::000014,2015-03-31,csi500,中证500,10,True,10,True,2015-04-15,7253.1,0.07578139002633355,0.12948118735437242,0.0007775985440707789
limit_up_down_breadth_top,top,limit_up_down_breadth_v1_20120705_20260814,capped_confirmation,limit_up_down_breadth_top::top::limit_up_down_breadth_v1_20120705_20260814::000014,2015-03-31,csi500,中证500,20,True,20,True,2015-04-29,7253.1,0.1620203774937612,0.18245715625043069,0.0007775985440707789
limit_up_down_breadth_top,top,limit_up_down_breadth_v1_20120705_20260814,capped_confirmation,limit_up_down_breadth_top::top::limit_up_down_breadth_v1_20120705_20260814::000014,2015-03-31,microcap,微盘股,5,True,5,True,2015-04-08,1304.8,0.06669987737584293,0.08387492335990188,0.00020692826486823357
limit_up_down_breadth_top,top,limit_up_down_breadth_v1_20120705_20260814,capped_confirmation,limit_up_down_breadth_top::top::limit_up_down_breadth_v1_20120705_20260814::000014,2015-03-31,microcap,微盘股,10,True,10,True,2015-04-15,1304.8,0.07456315144083381,0.12466278356836313,0.00020692826486823357
limit_up_down_breadth_top,top,limit_up_down_breadth_v1_20120705_20260814,capped_confirmation,limit_up_down_breadth_top::top::limit_up_down_breadth_v1_20120705_20260814::000014,2015-03-31,microcap,微盘股,20,True,20,True,2015-04-29,1304.8,0.16768853464132438,0.17991263028816684,0.00020692826486823357
limit_up_down_breadth_top,top,limit_up_down_breadth_v1_20120705_20260814,capped_confirmation,limit_up_down_breadth_top::top::limit_up_down_breadth_v1_20120705_20260814::000014,2015-03-31,sse_composite,上证指数,5,True,5,True,2015-04-08,3747.9,0.0658795592198298,0.06732303423250352,-0.0015181835161023338
limit_up_down_breadth_top,top,limit_up_down_breadth_v1_20120705_20260814,capped_confirmation,limit_up_down_breadth_top::top::limit_up_down_breadth_v1_20120705_20260814::000014,2015-03-31,sse_composite,上证指数,10,True,10,True,2015-04-15,3747.9,0.08971957629605898,0.11408788921796198,-0.0015181835161023338
limit_up_down_breadth_top,top,limit_up_down_breadth_v1_20120705_20260814,capped_confirmation,limit_up_down_breadth_top::top::limit_up_down_breadth_v1_20120705_20260814::000014,2015-03-31,sse_composite,上证指数,20,True,20,True,2015-04-29,3747.9,0.19443421649457027,0.21998719282798374,-0.0015181835161023338
limit_up_down_breadth_top,top,limit_up_down_breadth_v1_20120705_20260814,capped_confirmation,limit_up_down_breadth_top::top::limit_up_down_breadth_v1_20120705_20260814::000015,2015-04-21,all_a,全A,5,True,5,True,2015-04-28,6023.419921875,0.023979723027726108,0.05017581114860592,0.006053033228696103
limit_up_down_breadth_top,top,limit_up_down_breadth_v1_20120705_20260814,capped_confirmation,limit_up_down_breadth_top::top::limit_up_down_breadth_v1_20120705_20260814::000015,2015-04-21,all_a,全A,10,True,10,True,2015-05-06,6023.419921875,0.0007969381233603468,0.05146577924514051,-0.007391153216724677
limit_up_down_breadth_top,top,limit_up_down_breadth_v1_20120705_20260814,capped_confirmation,limit_up_down_breadth_top::top::limit_up_down_breadth_v1_20120705_20260814::000015,2015-04-21,all_a,全A,20,True,20,True,2015-05-20,6023.419921875,0.11493305265806542,0.13314695146646027,-0.019434152045190833
limit_up_down_breadth_top,top,limit_up_down_breadth_v1_20120705_20260814,capped_confirmation,limit_up_down_breadth_top::top::limit_up_down_breadth_v1_20120705_20260814::000015,2015-04-21,cni2000,国证2000,5,True,5,True,2015-04-28,8851.99,0.018033233205188903,0.061830164742617155,0.008232047257170416
limit_up_down_breadth_top,top,limit_up_down_breadth_v1_20120705_20260814,capped_confirmation,limit_up_down_breadth_top::top::limit_up_down_breadth_v1_20120705_20260814::000015,2015-04-21,cni2000,国证2000,10,True,10,True,2015-05-06,8851.99,0.024763923140446398,0.061830164742617155,0.008232047257170416
limit_up_down_breadth_top,top,limit_up_down_breadth_v1_20120705_20260814,capped_confirmation,limit_up_down_breadth_top::top::limit_up_down_breadth_v1_20120705_20260814::000015,2015-04-21,cni2000,国证2000,20,True,20,True,2015-05-20,8851.99,0.24738166220251046,0.26522962633260994,0.005059879191006811
limit_up_down_breadth_top,top,limit_up_down_breadth_v1_20120705_20260814,capped_confirmation,limit_up_down_breadth_top::top::limit_up_down_breadth_v1_20120705_20260814::000015,2015-04-21,csi1000,中证1000,5,True,5,True,2015-04-28,9716.35,0.01353800552676665,0.0597703870280506,0.0028848281504885165
limit_up_down_breadth_top,top,limit_up_down_breadth_v1_20120705_20260814,capped_confirmation,limit_up_down_breadth_top::top::limit_up_down_breadth_v1_20120705_20260814::000015,2015-04-21,csi1000,中证1000,10,True,10,True,2015-05-06,9716.35,0.02651613002825126,0.059913444863554766,0.0028848281504885165
limit_up_down_breadth_top,top,limit_up_down_breadth_v1_20120705_20260814,capped_confirmation,limit_up_down_breadth_top::top::limit_up_down_breadth_v1_20120705_20260814::000015,2015-04-21,csi1000,中证1000,20,True,20,True,2015-05-20,9716.35,0.24865510196730267,0.2681109675958564,0.0028848281504885165
limit_up_down_breadth_top,top,limit_up_down_breadth_v1_20120705_20260814,capped_confirmation,limit_up_down_breadth_top::top::limit_up_down_breadth_v1_20120705_20260814::000015,2015-04-21,csi300,沪深300,5,True,5,True,2015-04-28,4619.16,0.026563271244122166,0.04761038803591999,-0.00018185124568104172
limit_up_down_breadth_top,top,limit_up_down_breadth_v1_20120705_20260814,capped_confirmation,limit_up_down_breadth_top::top::limit_up_down_breadth_v1_20120705_20260814::000015,2015-04-21,csi300,沪深300,10,True,10,True,2015-05-06,4619.16,-0.014251508932359935,0.04761038803591999,-0.02325098069778908
limit_up_down_breadth_top,top,limit_up_down_breadth_v1_20120705_20260814,capped_confirmation,limit_up_down_breadth_top::top::limit_up_down_breadth_v1_20120705_20260814::000015,2015-04-21,csi300,沪深300,20,True,20,True,2015-05-20,4619.16,0.029390625135305992,0.048480676140250756,-0.03757609608673429
limit_up_down_breadth_top,top,limit_up_down_breadth_v1_20120705_20260814,capped_confirmation,limit_up_down_breadth_top::top::limit_up_down_breadth_v1_20120705_20260814::000015,2015-04-21,csi500,中证500,5,True,5,True,2015-04-28,8112.69,0.01895672089035827,0.057168460769485785,0.008210593526931431
limit_up_down_breadth_top,top,limit_up_down_breadth_v1_20120705_20260814,capped_confirmation,limit_up_down_breadth_top::top::limit_up_down_breadth_v1_20120705_20260814::000015,2015-04-21,csi500,中证500,10,True,10,True,2015-05-06,8112.69,-0.003659698571004122,0.057168460769485785,-0.012352253075120556
limit_up_down_breadth_top,top,limit_up_down_breadth_v1_20120705_20260814,capped_confirmation,limit_up_down_breadth_top::top::limit_up_down_breadth_v1_20120705_20260814::000015,2015-04-21,csi500,中证500,20,True,20,True,2015-05-20,8112.69,0.14355780881557179,0.16228032871957399,-0.02789826802207407
limit_up_down_breadth_top,top,limit_up_down_breadth_v1_20120705_20260814,capped_confirmation,limit_up_down_breadth_top::top::limit_up_down_breadth_v1_20120705_20260814::000015,2015-04-21,microcap,微盘股,5,True,5,True,2015-04-28,1460.29,0.021577905758445315,0.05427689020673965,0.0066493641673914805
limit_up_down_breadth_top,top,limit_up_down_breadth_v1_20120705_20260814,capped_confirmation,limit_up_down_breadth_top::top::limit_up_down_breadth_v1_20120705_20260814::000015,2015-04-21,microcap,微盘股,10,True,10,True,2015-05-06,1460.29,0.003917030178937075,0.059467639989317256,-0.004752480671647463
limit_up_down_breadth_top,top,limit_up_down_breadth_v1_20120705_20260814,capped_confirmation,limit_up_down_breadth_top::top::limit_up_down_breadth_v1_20120705_20260814::000015,2015-04-21,microcap,微盘股,20,True,20,True,2015-05-20,1460.29,0.16025583959350542,0.18073122461976743,-0.017263694197727886
limit_up_down_breadth_top,top,limit_up_down_breadth_v1_20120705_20260814,capped_confirmation,limit_up_down_breadth_top::top::limit_up_down_breadth_v1_20120705_20260814::000015,2015-04-21,sse_composite,上证指数,5,True,5,True,2015-04-28,4293.62,0.042525887246658955,0.06492656546224418,0.0010084730367381223
limit_up_down_breadth_top,top,limit_up_down_breadth_v1_20120705_20260814,capped_confirmation,limit_up_down_breadth_top::top::limit_up_down_breadth_v1_20120705_20260814::000015,2015-04-21,sse_composite,上证指数,10,True,10,True,2015-05-06,4293.62,-0.014987353328892561,0.06492656546224418,-0.024746018511186407
limit_up_down_breadth_top,top,limit_up_down_breadth_v1_20120705_20260814,capped_confirmation,limit_up_down_breadth_top::top::limit_up_down_breadth_v1_20120705_20260814::000015,2015-04-21,sse_composite,上证指数,20,True,20,True,2015-05-20,4293.62,0.03555740843390898,0.06492656546224418,-0.04531840265323894
limit_up_down_breadth_top,top,limit_up_down_breadth_v1_20120705_20260814,capped_confirmation,limit_up_down_breadth_top::top::limit_up_down_breadth_v1_20120705_20260814::000016,2015-06-10,all_a,全A,5,True,5,True,2015-06-17,7813.58984375,-0.016228111178490545,0.026281146280094037,-0.061364877099644555
limit_up_down_breadth_top,top,limit_up_down_breadth_v1_20120705_20260814,capped_confirmation,limit_up_down_breadth_top::top::limit_up_down_breadth_v1_20120705_20260814::000016,2015-06-10,all_a,全A,10,True,10,True,2015-06-25,7813.58984375,-0.11277782999271602,0.026281146280094037,-0.1588514027293193
limit_up_down_breadth_top,top,limit_up_down_breadth_v1_20120705_20260814,capped_confirmation,limit_up_down_breadth_top::top::limit_up_down_breadth_v1_20120705_20260814::000016,2015-06-10,all_a,全A,20,True,20,True,2015-07-09,7813.58984375,-0.3416432157713999,0.026281146280094037,-0.38702057313004834
limit_up_down_breadth_top,top,limit_up_down_breadth_v1_20120705_20260814,capped_confirmation,limit_up_down_breadth_top::top::limit_up_down_breadth_v1_20120705_20260814::000016,2015-06-10,cni2000,国证2000,5,True,5,True,2015-06-17,13406.47,0.00035057699752427673,0.04542433616007813,-0.0561184264015806
limit_up_down_breadth_top,top,limit_up_down_breadth_v1_20120705_20260814,capped_confirmation,limit_up_down_breadth_top::top::limit_up_down_breadth_v1_20120705_20260814::000016,2015-06-10,cni2000,国证2000,10,True,10,True,2015-06-25,13406.47,-0.11027660525104666,0.04542433616007813,-0.1502386534262934
limit_up_down_breadth_top,top,limit_up_down_breadth_v1_20120705_20260814,capped_confirmation,limit_up_down_breadth_top::top::limit_up_down_breadth_v1_20120705_20260814::000016,2015-06-10,cni2000,国证2000,20,True,20,True,2015-07-09,13406.47,-0.41059055814095735,0.04542433616007813,-0.4386307506748607
limit_up_down_breadth_top,top,limit_up_down_breadth_v1_20120705_20260814,capped_confirmation,limit_up_down_breadth_top::top::limit_up_down_breadth_v1_20120705_20260814::000016,2015-06-10,csi1000,中证1000,5,True,5,True,2015-06-17,14461.81,-0.0037685462608069153,0.04319168900711601,-0.05932590733801646
limit_up_down_breadth_top,top,limit_up_down_breadth_v1_20120705_20260814,capped_confirmation,limit_up_down_breadth_top::top::limit_up_down_breadth_v1_20120705_20260814::000016,2015-06-10,csi1000,中证1000,10,True,10,True,2015-06-25,14461.81,-0.11764295064034169,0.04319168900711601,-0.15858734141853603
limit_up_down_breadth_top,top,limit_up_down_breadth_v1_20120705_20260814,capped_confirmation,limit_up_down_breadth_top::top::limit_up_down_breadth_v1_20120705_20260814::000016,2015-06-10,csi1000,中证1000,20,True,20,True,2015-07-09,14461.81,-0.42269466961604396,0.04319168900711601,-0.4501773982648092
limit_up_down_breadth_top,top,limit_up_down_breadth_v1_20120705_20260814,capped_confirmation,limit_up_down_breadth_top::top::limit_up_down_breadth_v1_20120705_20260814::000016,2015-06-10,csi300,沪深300,5,True,5,True,2015-06-17,5309.11,-0.032073172339619926,0.010046881680733755,-0.06777407136035973
limit_up_down_breadth_top,top,limit_up_down_breadth_v1_20120705_20260814,capped_confirmation,limit_up_down_breadth_top::top::limit_up_down_breadth_v1_20120705_20260814::000016,2015-06-10,csi300,沪深300,10,True,10,True,2015-06-25,5309.11,-0.11350113295825459,0.010046881680733755,-0.16081414775734537
limit_up_down_breadth_top,top,limit_up_down_breadth_v1_20120705_20260814,capped_confirmation,limit_up_down_breadth_top::top::limit_up_down_breadth_v1_20120705_20260814::000016,2015-06-10,csi300,沪深300,20,True,20,True,2015-07-09,5309.11,-0.26586000290067446,0.010046881680733755,-0.3336303071512927
limit_up_down_breadth_top,top,limit_up_down_breadth_v1_20120705_20260814,capped_confirmation,limit_up_down_breadth_top::top::limit_up_down_breadth_v1_20120705_20260814::000016,2015-06-10,csi500,中证500,5,True,5,True,2015-06-17,11208.06,-0.009592204181633646,0.03643092560175454,-0.06338028169014076
limit_up_down_breadth_top,top,limit_up_down_breadth_v1_20120705_20260814,capped_confirmation,limit_up_down_breadth_top::top::limit_up_down_breadth_v1_20120705_20260814::000016,2015-06-10,csi500,中证500,10,True,10,True,2015-06-25,11208.06,-0.11616283281852513,0.03643092560175454,-0.1672144867175943
limit_up_down_breadth_top,top,limit_up_down_breadth_v1_20120705_20260814,capped_confirmation,limit_up_down_breadth_top::top::limit_up_down_breadth_v1_20120705_20260814::000016,2015-06-10,csi500,中证500,20,True,20,True,2015-07-09,11208.06,-0.38469726250573244,0.03643092560175454,-0.425034305669313
limit_up_down_breadth_top,top,limit_up_down_breadth_v1_20120705_20260814,capped_confirmation,limit_up_down_breadth_top::top::limit_up_down_breadth_v1_20120705_20260814::000016,2015-06-10,microcap,微盘股,5,True,5,True,2015-06-17,2049.2,-0.0034842865508490917,0.04300214717938733,-0.06109701346867058
limit_up_down_breadth_top,top,limit_up_down_breadth_v1_20120705_20260814,capped_confirmation,limit_up_down_breadth_top::top::limit_up_down_breadth_v1_20120705_20260814::000016,2015-06-10,microcap,微盘股,10,True,10,True,2015-06-25,2049.2,-0.10761760687097388,0.04300214717938733,-0.1618729260199101
limit_up_down_breadth_top,top,limit_up_down_breadth_v1_20120705_20260814,capped_confirmation,limit_up_down_breadth_top::top::limit_up_down_breadth_v1_20120705_20260814::000016,2015-06-10,microcap,微盘股,20,True,20,True,2015-07-09,2049.2,-0.4046066757759126,0.04300214717938733,-0.4389127464376341
limit_up_down_breadth_top,top,limit_up_down_breadth_v1_20120705_20260814,capped_confirmation,limit_up_down_breadth_top::top::limit_up_down_breadth_v1_20120705_20260814::000016,2015-06-10,sse_composite,上证指数,5,True,5,True,2015-06-17,5106.04,-0.027054233809370887,0.014130324086767843,-0.06635670695881735
limit_up_down_breadth_top,top,limit_up_down_breadth_v1_20120705_20260814,capped_confirmation,limit_up_down_breadth_top::top::limit_up_down_breadth_v1_20120705_20260814::000016,2015-06-10,sse_composite,上证指数,10,True,10,True,2015-06-25,5106.04,-0.11325018997109315,0.014130324086767843,-0.16475977469820047
limit_up_down_breadth_top,top,limit_up_down_breadth_v1_20120705_20260814,capped_confirmation,limit_up_down_breadth_top::top::limit_up_down_breadth_v1_20120705_20260814::000016,2015-06-10,sse_composite,上证指数,20,True,20,True,2015-07-09,5106.04,-0.27354074782022864,0.014130324086767843,-0.33930403992134806
limit_up_down_breadth_top,top,limit_up_down_breadth_v1_20120705_20260814,capped_confirmation,limit_up_down_breadth_top::top::limit_up_down_breadth_v1_20120705_20260814::000017,2015-07-27,all_a,全A,5,True,5,True,2015-08-03,5478.8798828125,-0.03807162197593639,0.035220742007705974,-0.05992284291971317
limit_up_down_breadth_top,top,limit_up_down_breadth_v1_20120705_20260814,capped_confirmation,limit_up_down_breadth_top::top::limit_up_down_breadth_v1_20120705_20260814::000017,2015-07-27,all_a,全A,10,True,10,True,2015-08-10,5478.8798828125,0.06074605021805146,0.06572147698557651,-0.05992284291971317
limit_up_down_breadth_top,top,limit_up_down_breadth_v1_20120705_20260814,capped_confirmation,limit_up_down_breadth_top::top::limit_up_down_breadth_v1_20120705_20260814::000017,2015-07-27,all_a,全A,20,True,20,True,2015-08-24,5478.8798828125,-0.12609143812719759,0.09235286138729104,-0.12732896725404885
limit_up_down_breadth_top,top,limit_up_down_breadth_v1_20120705_20260814,capped_confirmation,limit_up_down_breadth_top::top::limit_up_down_breadth_v1_20120705_20260814::000017,2015-07-27,cni2000,国证2000,5,True,5,True,2015-08-03,9132.09,-0.0941208419978341,0.021074036721057343,-0.10174450755522557
limit_up_down_breadth_top,top,limit_up_down_breadth_v1_20120705_20260814,capped_confirmation,limit_up_down_breadth_top::top::limit_up_down_breadth_v1_20120705_20260814::000017,2015-07-27,cni2000,国证2000,10,True,10,True,2015-08-10,9132.09,0.037560952640633305,0.042745965052906953,-0.10174450755522557
limit_up_down_breadth_top,top,limit_up_down_breadth_v1_20120705_20260814,capped_confirmation,limit_up_down_breadth_top::top::limit_up_down_breadth_v1_20120705_20260814::000017,2015-07-27,cni2000,国证2000,20,True,20,True,2015-08-24,9132.09,-0.11680239682263316,0.09675222210906798,-0.11707068151978361
limit_up_down_breadth_top,top,limit_up_down_breadth_v1_20120705_20260814,capped_confirmation,limit_up_down_breadth_top::top::limit_up_down_breadth_v1_20120705_20260814::000017,2015-07-27,csi1000,中证1000,5,True,5,True,2015-08-03,9719.55,-0.10246976454671242,0.019650086680967904,-0.10937131863100646
limit_up_down_breadth_top,top,limit_up_down_breadth_v1_20120705_20260814,capped_confirmation,limit_up_down_breadth_top::top::limit_up_down_breadth_v1_20120705_20260814::000017,2015-07-27,csi1000,中证1000,10,True,10,True,2015-08-10,9719.55,0.0368731062652079,0.04261617050172095,-0.10937131863100646
limit_up_down_breadth_top,top,limit_up_down_breadth_v1_20120705_20260814,capped_confirmation,limit_up_down_breadth_top::top::limit_up_down_breadth_v1_20120705_20260814::000017,2015-07-27,csi1000,中证1000,20,True,20,True,2015-08-24,9719.55,-0.12478252593998695,0.09093116450864502,-0.12488335365320402
limit_up_down_breadth_top,top,limit_up_down_breadth_v1_20120705_20260814,capped_confirmation,limit_up_down_breadth_top::top::limit_up_down_breadth_v1_20120705_20260814::000017,2015-07-27,csi300,沪深300,5,True,5,True,2015-08-03,3818.73,0.002752223906900886,0.03922770135621012,-0.05009780738622527
limit_up_down_breadth_top,top,limit_up_down_breadth_v1_20120705_20260814,capped_confirmation,limit_up_down_breadth_top::top::limit_up_down_breadth_v1_20120705_20260814::000017,2015-07-27,csi300,沪深300,10,True,10,True,2015-08-10,3818.73,0.06955977510847844,0.07410840776907501,-0.05009780738622527
limit_up_down_breadth_top,top,limit_up_down_breadth_v1_20120705_20260814,capped_confirmation,limit_up_down_breadth_top::top::limit_up_down_breadth_v1_20120705_20260814::000017,2015-07-27,csi300,沪深300,20,True,20,True,2015-08-24,3818.73,-0.14224624417018217,0.07710154946801673,-0.14459781131423266
limit_up_down_breadth_top,top,limit_up_down_breadth_v1_20120705_20260814,capped_confirmation,limit_up_down_breadth_top::top::limit_up_down_breadth_v1_20120705_20260814::000017,2015-07-27,csi500,中证500,5,True,5,True,2015-08-03,7794.18,-0.032584569512123185,0.04882104339391691,-0.06832918921554298
limit_up_down_breadth_top,top,limit_up_down_breadth_v1_20120705_20260814,capped_confirmation,limit_up_down_breadth_top::top::limit_up_down_breadth_v1_20120705_20260814::000017,2015-07-27,csi500,中证500,10,True,10,True,2015-08-10,7794.18,0.07696896915390705,0.08259239586460665,-0.06832918921554298
limit_up_down_breadth_top,top,limit_up_down_breadth_v1_20120705_20260814,capped_confirmation,limit_up_down_breadth_top::top::limit_up_down_breadth_v1_20120705_20260814::000017,2015-07-27,csi500,中证500,20,True,20,True,2015-08-24,7794.18,-0.10109979497522514,0.13653136057930393,-0.1014243961520006
limit_up_down_breadth_top,top,limit_up_down_breadth_v1_20120705_20260814,capped_confirmation,limit_up_down_breadth_top::top::limit_up_down_breadth_v1_20120705_20260814::000017,2015-07-27,microcap,微盘股,5,True,5,True,2015-08-03,1412.22,-0.06139978190366946,0.04162949115576886,-0.07747376471088074
limit_up_down_breadth_top,top,limit_up_down_breadth_v1_20120705_20260814,capped_confirmation,limit_up_down_breadth_top::top::limit_up_down_breadth_v1_20120705_20260814::000017,2015-07-27,microcap,微盘股,10,True,10,True,2015-08-10,1412.22,0.06811261701434623,0.07381994306836037,-0.07747376471088074
limit_up_down_breadth_top,top,limit_up_down_breadth_v1_20120705_20260814,capped_confirmation,limit_up_down_breadth_top::top::limit_up_down_breadth_v1_20120705_20260814::000017,2015-07-27,microcap,微盘股,20,True,20,True,2015-08-24,1412.22,-0.0971024344648852,0.14510487034598007,-0.0971378397133591
limit_up_down_breadth_top,top,limit_up_down_breadth_v1_20120705_20260814,capped_confirmation,limit_up_down_breadth_top::top::limit_up_down_breadth_v1_20120705_20260814::000017,2015-07-27,sse_composite,上证指数,5,True,5,True,2015-08-03,3725.56,-0.027552904798204825,0.03189050773574986,-0.050515895596903504
limit_up_down_breadth_top,top,limit_up_down_breadth_v1_20120705_20260814,capped_confirmation,limit_up_down_breadth_top::top::limit_up_down_breadth_v1_20120705_20260814::000017,2015-07-27,sse_composite,上证指数,10,True,10,True,2015-08-10,3725.56,0.05445087449940411,0.05853079805452066,-0.050515895596903504
limit_up_down_breadth_top,top,limit_up_down_breadth_v1_20120705_20260814,capped_confirmation,limit_up_down_breadth_top::top::limit_up_down_breadth_v1_20120705_20260814::000017,2015-07-27,sse_composite,上证指数,20,True,20,True,2015-08-24,3725.56,-0.13840872244709523,0.07536585103984383,-0.14324826334832885
limit_up_down_breadth_top,top,limit_up_down_breadth_v1_20120705_20260814,capped_confirmation,limit_up_down_breadth_top::top::limit_up_down_breadth_v1_20120705_20260814::000018,2015-08-12,all_a,全A,5,True,5,True,2015-08-19,5748.5,-0.012911231598460415,0.04111857305166566,-0.08155167516526052
limit_up_down_breadth_top,top,limit_up_down_breadth_v1_20120705_20260814,capped_confirmation,limit_up_down_breadth_top::top::limit_up_down_breadth_v1_20120705_20260814::000018,2015-08-12,all_a,全A,10,True,10,True,2015-08-26,5748.5,-0.2460398126957032,0.04111857305166566,-0.2593094088403497
limit_up_down_breadth_top,top,limit_up_down_breadth_v1_20120705_20260814,capped_confirmation,limit_up_down_breadth_top::top::limit_up_down_breadth_v1_20120705_20260814::000018,2015-08-12,all_a,全A,20,True,20,True,2015-09-11,5748.5,-0.18975559860724533,0.04111857305166566,-0.2593094088403497
limit_up_down_breadth_top,top,limit_up_down_breadth_v1_20120705_20260814,capped_confirmation,limit_up_down_breadth_top::top::limit_up_down_breadth_v1_20120705_20260814::000018,2015-08-12,cni2000,国证2000,5,True,5,True,2015-08-19,9451.14,0.007494334016848736,0.05972824442342395,-0.07262510131052968
limit_up_down_breadth_top,top,limit_up_down_breadth_v1_20120705_20260814,capped_confirmation,limit_up_down_breadth_top::top::limit_up_down_breadth_v1_20120705_20260814::000018,2015-08-12,cni2000,国证2000,10,True,10,True,2015-08-26,9451.14,-0.2377194708786453,0.05972824442342395,-0.24685593483960666
limit_up_down_breadth_top,top,limit_up_down_breadth_v1_20120705_20260814,capped_confirmation,limit_up_down_breadth_top::top::limit_up_down_breadth_v1_20120705_20260814::000018,2015-08-12,cni2000,国证2000,20,True,20,True,2015-09-11,9451.14,-0.20333420095353572,0.05972824442342395,-0.2860988198249099
limit_up_down_breadth_top,top,limit_up_down_breadth_v1_20120705_20260814,capped_confirmation,limit_up_down_breadth_top::top::limit_up_down_breadth_v1_20120705_20260814::000018,2015-08-12,csi1000,中证1000,5,True,5,True,2015-08-19,10005.93,0.005187923561328134,0.05970759339711562,-0.07812966910621999
limit_up_down_breadth_top,top,limit_up_down_breadth_v1_20120705_20260814,capped_confirmation,limit_up_down_breadth_top::top::limit_up_down_breadth_v1_20120705_20260814::000018,2015-08-12,csi1000,中证1000,10,True,10,True,2015-08-26,10005.93,-0.2460690810349463,0.05970759339711562,-0.2546529907764695
limit_up_down_breadth_top,top,limit_up_down_breadth_v1_20120705_20260814,capped_confirmation,limit_up_down_breadth_top::top::limit_up_down_breadth_v1_20120705_20260814::000018,2015-08-12,csi1000,中证1000,20,True,20,True,2015-09-11,10005.93,-0.20525728243151808,0.05970759339711562,-0.29466326468404236
limit_up_down_breadth_top,top,limit_up_down_breadth_v1_20120705_20260814,capped_confirmation,limit_up_down_breadth_top::top::limit_up_down_breadth_v1_20120705_20260814::000018,2015-08-12,csi300,沪深300,5,True,5,True,2015-08-19,4016.13,-0.03236698015253492,0.024160074499580464,-0.08663564177454419
limit_up_down_breadth_top,top,limit_up_down_breadth_v1_20120705_20260814,capped_confirmation,limit_up_down_breadth_top::top::limit_up_down_breadth_v1_20120705_20260814::000018,2015-08-12,csi300,沪深300,10,True,10,True,2015-08-26,4016.13,-0.2466155229038901,0.024160074499580464,-0.26496154257954796
limit_up_down_breadth_top,top,limit_up_down_breadth_v1_20120705_20260814,capped_confirmation,limit_up_down_breadth_top::top::limit_up_down_breadth_v1_20120705_20260814::000018,2015-08-12,csi300,沪深300,20,True,20,True,2015-09-11,4016.13,-0.16656333335823292,0.024160074499580464,-0.26496154257954796
limit_up_down_breadth_top,top,limit_up_down_breadth_v1_20120705_20260814,capped_confirmation,limit_up_down_breadth_top::top::limit_up_down_breadth_v1_20120705_20260814::000018,2015-08-12,csi500,中证500,5,True,5,True,2015-08-19,8336.34,0.0005565991790161817,0.06261620807212753,-0.08025344455720385
limit_up_down_breadth_top,top,limit_up_down_breadth_v1_20120705_20260814,capped_confirmation,limit_up_down_breadth_top::top::limit_up_down_breadth_v1_20120705_20260814::000018,2015-08-12,csi500,中证500,10,True,10,True,2015-08-26,8336.34,-0.2516464059767236,0.06261620807212753,-0.26045362833089825
limit_up_down_breadth_top,top,limit_up_down_breadth_v1_20120705_20260814,capped_confirmation,limit_up_down_breadth_top::top::limit_up_down_breadth_v1_20120705_20260814::000018,2015-08-12,csi500,中证500,20,True,20,True,2015-09-11,8336.34,-0.22108263338587442,0.06261620807212753,-0.2962547113001629
limit_up_down_breadth_top,top,limit_up_down_breadth_v1_20120705_20260814,capped_confirmation,limit_up_down_breadth_top::top::limit_up_down_breadth_v1_20120705_20260814::000018,2015-08-12,microcap,微盘股,5,True,5,True,2015-08-19,1498.42,0.016804367266854303,0.07923012239559002,-0.06883917726672095
limit_up_down_breadth_top,top,limit_up_down_breadth_v1_20120705_20260814,capped_confirmation,limit_up_down_breadth_top::top::limit_up_down_breadth_v1_20120705_20260814::000018,2015-08-12,microcap,微盘股,10,True,10,True,2015-08-26,1498.42,-0.24671320457548618,0.07923012239559002,-0.25418107072783336
limit_up_down_breadth_top,top,limit_up_down_breadth_v1_20120705_20260814,capped_confirmation,limit_up_down_breadth_top::top::limit_up_down_breadth_v1_20120705_20260814::000018,2015-08-12,microcap,微盘股,20,True,20,True,2015-09-11,1498.42,-0.2122969527902725,0.07923012239559002,-0.29005218830501467
limit_up_down_breadth_top,top,limit_up_down_breadth_v1_20120705_20260814,capped_confirmation,limit_up_down_breadth_top::top::limit_up_down_breadth_v1_20120705_20260814::000018,2015-08-12,sse_composite,上证指数,5,True,5,True,2015-08-19,3886.32,-0.02372681611395866,0.030882685934251475,-0.08438316968237303
limit_up_down_breadth_top,top,limit_up_down_breadth_v1_20120705_20260814,capped_confirmation,limit_up_down_breadth_top::top::limit_up_down_breadth_v1_20120705_20260814::000018,2015-08-12,sse_composite,上证指数,10,True,10,True,2015-08-26,3886.32,-0.24677072397538036,0.030882685934251475,-0.2664757405463266
limit_up_down_breadth_top,top,limit_up_down_breadth_v1_20120705_20260814,capped_confirmation,limit_up_down_breadth_top::top::limit_up_down_breadth_v1_20120705_20260814::000018,2015-08-12,sse_composite,上证指数,20,True,20,True,2015-09-11,3886.32,-0.17653975997859161,0.030882685934251475,-0.2664757405463266
limit_up_down_breadth_top,top,limit_up_down_breadth_v1_20120705_20260814,capped_confirmation,limit_up_down_breadth_top::top::limit_up_down_breadth_v1_20120705_20260814::000019,2018-04-04,all_a,全A,5,True,5,True,2018-04-13,4676.60986328125,0.0025681539100683715,0.018718696154200742,-0.009320821070033847
limit_up_down_breadth_top,top,limit_up_down_breadth_v1_20120705_20260814,capped_confirmation,limit_up_down_breadth_top::top::limit_up_down_breadth_v1_20120705_20260814::000019,2018-04-04,all_a,全A,10,True,10,True,2018-04-20,4676.60986328125,-0.025638209268887935,0.018718696154200742,-0.03674881341516656
limit_up_down_breadth_top,top,limit_up_down_breadth_v1_20120705_20260814,capped_confirmation,limit_up_down_breadth_top::top::limit_up_down_breadth_v1_20120705_20260814::000019,2018-04-04,all_a,全A,20,True,20,True,2018-05-08,4676.60986328125,0.0018132751537243141,0.018718696154200742,-0.03828195859610095
limit_up_down_breadth_top,top,limit_up_down_breadth_v1_20120705_20260814,capped_confirmation,limit_up_down_breadth_top::top::limit_up_down_breadth_v1_20120705_20260814::000019,2018-04-04,cni2000,国证2000,5,True,5,True,2018-04-13,7125.78,0.0010539197112455767,0.010377811271187198,-0.013352924171108227
limit_up_down_breadth_top,top,limit_up_down_breadth_v1_20120705_20260814,capped_confirmation,limit_up_down_breadth_top::top::limit_up_down_breadth_v1_20120705_20260814::000019,2018-04-04,cni2000,国证2000,10,True,10,True,2018-04-20,7125.78,-0.03196000999188853,0.010377811271187198,-0.03811231893210287
limit_up_down_breadth_top,top,limit_up_down_breadth_v1_20120705_20260814,capped_confirmation,limit_up_down_breadth_top::top::limit_up_down_breadth_v1_20120705_20260814::000019,2018-04-04,cni2000,国证2000,20,True,20,True,2018-05-08,7125.78,-0.0020348649551347187,0.010377811271187198,-0.04971385588665378
limit_up_down_breadth_top,top,limit_up_down_breadth_v1_20120705_20260814,capped_confirmation,limit_up_down_breadth_top::top::limit_up_down_breadth_v1_20120705_20260814::000019,2018-04-04,csi1000,中证1000,5,True,5,True,2018-04-13,6708.92,0.0018989643638618325,0.010323569218294582,-0.012109251563589885
limit_up_down_breadth_top,top,limit_up_down_breadth_v1_20120705_20260814,capped_confirmation,limit_up_down_breadth_top::top::limit_up_down_breadth_v1_20120705_20260814::000019,2018-04-04,csi1000,中证1000,10,True,10,True,2018-04-20,6708.92,-0.0257806025410946,0.010323569218294582,-0.0336611555958336
limit_up_down_breadth_top,top,limit_up_down_breadth_v1_20120705_20260814,capped_confirmation,limit_up_down_breadth_top::top::limit_up_down_breadth_v1_20120705_20260814::000019,2018-04-04,csi1000,中证1000,20,True,20,True,2018-05-08,6708.92,-0.00458792175193623,0.010323569218294582,-0.04707165982006045
limit_up_down_breadth_top,top,limit_up_down_breadth_v1_20120705_20260814,capped_confirmation,limit_up_down_breadth_top::top::limit_up_down_breadth_v1_20120705_20260814::000019,2018-04-04,csi300,沪深300,5,True,5,True,2018-04-13,3854.86,0.00422324027331733,0.026940018573955893,-0.007120881173376059
limit_up_down_breadth_top,top,limit_up_down_breadth_v1_20120705_20260814,capped_confirmation,limit_up_down_breadth_top::top::limit_up_down_breadth_v1_20120705_20260814::000019,2018-04-04,csi300,沪深300,10,True,10,True,2018-04-20,3854.86,-0.024387396688855145,0.026940018573955893,-0.038068827402292116
limit_up_down_breadth_top,top,limit_up_down_breadth_v1_20120705_20260814,capped_confirmation,limit_up_down_breadth_top::top::limit_up_down_breadth_v1_20120705_20260814::000019,2018-04-04,csi300,沪深300,20,True,20,True,2018-05-08,3854.86,0.006179212734055195,0.026940018573955893,-0.038068827402292116
limit_up_down_breadth_top,top,limit_up_down_breadth_v1_20120705_20260814,capped_confirmation,limit_up_down_breadth_top::top::limit_up_down_breadth_v1_20120705_20260814::000019,2018-04-04,csi500,中证500,5,True,5,True,2018-04-13,6017.69,0.0015786788618223913,0.015369685045258263,-0.010494060013061413
limit_up_down_breadth_top,top,limit_up_down_breadth_v1_20120705_20260814,capped_confirmation,limit_up_down_breadth_top::top::limit_up_down_breadth_v1_20120705_20260814::000019,2018-04-04,csi500,中证500,10,True,10,True,2018-04-20,6017.69,-0.022741284446357257,0.015369685045258263,-0.03174640102763682
limit_up_down_breadth_top,top,limit_up_down_breadth_v1_20120705_20260814,capped_confirmation,limit_up_down_breadth_top::top::limit_up_down_breadth_v1_20120705_20260814::000019,2018-04-04,csi500,中证500,20,True,20,True,2018-05-08,6017.69,0.004008182541806127,0.015369685045258263,-0.04249471142581274
limit_up_down_breadth_top,top,limit_up_down_breadth_v1_20120705_20260814,capped_confirmation,limit_up_down_breadth_top::top::limit_up_down_breadth_v1_20120705_20260814::000019,2018-04-04,microcap,微盘股,5,True,5,True,2018-04-13,883.49,0.004629367621591607,0.017408233256743122,-0.015733058665066912
limit_up_down_breadth_top,top,limit_up_down_breadth_v1_20120705_20260814,capped_confirmation,limit_up_down_breadth_top::top::limit_up_down_breadth_v1_20120705_20260814::000019,2018-04-04,microcap,微盘股,10,True,10,True,2018-04-20,883.49,-0.05335657449433495,0.017408233256743122,-0.05740868600663285
limit_up_down_breadth_top,top,limit_up_down_breadth_v1_20120705_20260814,capped_confirmation,limit_up_down_breadth_top::top::limit_up_down_breadth_v1_20120705_20260814::000019,2018-04-04,microcap,微盘股,20,True,20,True,2018-05-08,883.49,-0.005738604851215134,0.017408233256743122,-0.07050447656453385
limit_up_down_breadth_top,top,limit_up_down_breadth_v1_20120705_20260814,capped_confirmation,limit_up_down_breadth_top::top::limit_up_down_breadth_v1_20120705_20260814::000019,2018-04-04,sse_composite,上证指数,5,True,5,True,2018-04-13,3131.11,0.00892335306009695,0.028660762477204393,-0.006646205339320588
limit_up_down_breadth_top,top,limit_up_down_breadth_v1_20120705_20260814,capped_confirmation,limit_up_down_breadth_top::top::limit_up_down_breadth_v1_20120705_20260814::000019,2018-04-04,sse_composite,上证指数,10,True,10,True,2018-04-20,3131.11,-0.019025201925195856,0.028660762477204393,-0.028577724832407725
limit_up_down_breadth_top,top,limit_up_down_breadth_v1_20120705_20260814,capped_confirmation,limit_up_down_breadth_top::top::limit_up_down_breadth_v1_20120705_20260814::000019,2018-04-04,sse_composite,上证指数,20,True,20,True,2018-05-08,3131.11,0.00970582317452906,0.028660762477204393,-0.028577724832407725
limit_up_down_breadth_top,top,limit_up_down_breadth_v1_20120705_20260814,capped_confirmation,limit_up_down_breadth_top::top::limit_up_down_breadth_v1_20120705_20260814::000020,2018-04-17,all_a,全A,5,True,5,True,2018-04-24,4558.22021484375,0.016273827064878343,0.021181469989775215,-0.013303467989825624
limit_up_down_breadth_top,top,limit_up_down_breadth_v1_20120705_20260814,capped_confirmation,limit_up_down_breadth_top::top::limit_up_down_breadth_v1_20120705_20260814::000020,2018-04-17,all_a,全A,10,True,10,True,2018-05-03,4558.22021484375,0.005787320833380294,0.021181469989775215,-0.013303467989825624
limit_up_down_breadth_top,top,limit_up_down_breadth_v1_20120705_20260814,capped_confirmation,limit_up_down_breadth_top::top::limit_up_down_breadth_v1_20120705_20260814::000020,2018-04-17,all_a,全A,20,True,20,True,2018-05-17,4558.22021484375,0.020962086117810586,0.034408132200207,-0.013303467989825624
limit_up_down_breadth_top,top,limit_up_down_breadth_v1_20120705_20260814,capped_confirmation,limit_up_down_breadth_top::top::limit_up_down_breadth_v1_20120705_20260814::000020,2018-04-17,cni2000,国证2000,5,True,5,True,2018-04-24,6948.97,0.0054123129039267415,0.018798469413452645,-0.025534719533974126
limit_up_down_breadth_top,top,limit_up_down_breadth_v1_20120705_20260814,capped_confirmation,limit_up_down_breadth_top::top::limit_up_down_breadth_v1_20120705_20260814::000020,2018-04-17,cni2000,国证2000,10,True,10,True,2018-05-03,6948.97,0.000617357680346764,0.018798469413452645,-0.025534719533974126
limit_up_down_breadth_top,top,limit_up_down_breadth_v1_20120705_20260814,capped_confirmation,limit_up_down_breadth_top::top::limit_up_down_breadth_v1_20120705_20260814::000020,2018-04-17,cni2000,国证2000,20,True,20,True,2018-05-17,6948.97,0.01564980133746441,0.03049804503401221,-0.025534719533974126
limit_up_down_breadth_top,top,limit_up_down_breadth_v1_20120705_20260814,capped_confirmation,limit_up_down_breadth_top::top::limit_up_down_breadth_v1_20120705_20260814::000020,2018-04-17,csi1000,中证1000,5,True,5,True,2018-04-24,6564.69,0.006381108628130239,0.02328213518079303,-0.025937249131337436
limit_up_down_breadth_top,top,limit_up_down_breadth_v1_20120705_20260814,capped_confirmation,limit_up_down_breadth_top::top::limit_up_down_breadth_v1_20120705_20260814::000020,2018-04-17,csi1000,中证1000,10,True,10,True,2018-05-03,6564.69,-0.0029582508846570654,0.02328213518079303,-0.02613527828427542
limit_up_down_breadth_top,top,limit_up_down_breadth_v1_20120705_20260814,capped_confirmation,limit_up_down_breadth_top::top::limit_up_down_breadth_v1_20120705_20260814::000020,2018-04-17,csi1000,中证1000,20,True,20,True,2018-05-17,6564.69,0.004047411225815756,0.02328213518079303,-0.02613527828427542
limit_up_down_breadth_top,top,limit_up_down_breadth_v1_20120705_20260814,capped_confirmation,limit_up_down_breadth_top::top::limit_up_down_breadth_v1_20120705_20260814::000020,2018-04-17,csi300,沪深300,5,True,5,True,2018-04-24,3748.64,0.025302509710188215,0.028220901446924795,-0.01081192112339402
limit_up_down_breadth_top,top,limit_up_down_breadth_v1_20120705_20260814,capped_confirmation,limit_up_down_breadth_top::top::limit_up_down_breadth_v1_20120705_20260814::000020,2018-04-17,csi300,沪深300,10,True,10,True,2018-05-03,3748.64,0.011833624994664671,0.028220901446924795,-0.01081192112339402
limit_up_down_breadth_top,top,limit_up_down_breadth_v1_20120705_20260814,capped_confirmation,limit_up_down_breadth_top::top::limit_up_down_breadth_v1_20120705_20260814::000020,2018-04-17,csi300,沪深300,20,True,20,True,2018-05-17,3748.64,0.030787165478680434,0.04687033164027499,-0.01081192112339402
limit_up_down_breadth_top,top,limit_up_down_breadth_v1_20120705_20260814,capped_confirmation,limit_up_down_breadth_top::top::limit_up_down_breadth_v1_20120705_20260814::000020,2018-04-17,csi500,中证500,5,True,5,True,2018-04-24,5890.86,0.011259816054022709,0.025654997742265095,-0.021879657639122252
limit_up_down_breadth_top,top,limit_up_down_breadth_v1_20120705_20260814,capped_confirmation,limit_up_down_breadth_top::top::limit_up_down_breadth_v1_20120705_20260814::000020,2018-04-17,csi500,中证500,10,True,10,True,2018-05-03,5890.86,0.0033526513955517423,0.025654997742265095,-0.021879657639122252
limit_up_down_breadth_top,top,limit_up_down_breadth_v1_20120705_20260814,capped_confirmation,limit_up_down_breadth_top::top::limit_up_down_breadth_v1_20120705_20260814::000020,2018-04-17,csi500,中证500,20,True,20,True,2018-05-17,5890.86,0.014076043226286084,0.02747476599342047,-0.021879657639122252
limit_up_down_breadth_top,top,limit_up_down_breadth_v1_20120705_20260814,capped_confirmation,limit_up_down_breadth_top::top::limit_up_down_breadth_v1_20120705_20260814::000020,2018-04-17,microcap,微盘股,5,True,5,True,2018-04-24,849.79,0.003047811812330048,0.015627390296426347,-0.03364360606738126
limit_up_down_breadth_top,top,limit_up_down_breadth_v1_20120705_20260814,capped_confirmation,limit_up_down_breadth_top::top::limit_up_down_breadth_v1_20120705_20260814::000020,2018-04-17,microcap,微盘股,10,True,10,True,2018-05-03,849.79,-0.0032831640758304026,0.015627390296426347,-0.03364360606738126
limit_up_down_breadth_top,top,limit_up_down_breadth_v1_20120705_20260814,capped_confirmation,limit_up_down_breadth_top::top::limit_up_down_breadth_v1_20120705_20260814::000020,2018-04-17,microcap,微盘股,20,True,20,True,2018-05-17,849.79,0.037067981501312186,0.05363678085173995,-0.03364360606738126
limit_up_down_breadth_top,top,limit_up_down_breadth_v1_20120705_20260814,capped_confirmation,limit_up_down_breadth_top::top::limit_up_down_breadth_v1_20120705_20260814::000020,2018-04-17,sse_composite,上证指数,5,True,5,True,2018-04-24,3066.8,0.020258901786878614,0.02257727924872821,-0.008207251858614817
limit_up_down_breadth_top,top,limit_up_down_breadth_v1_20120705_20260814,capped_confirmation,limit_up_down_breadth_top::top::limit_up_down_breadth_v1_20120705_20260814::000020,2018-04-17,sse_composite,上证指数,10,True,10,True,2018-05-03,3066.8,0.011106038867875201,0.02257727924872821,-0.008207251858614817
limit_up_down_breadth_top,top,limit_up_down_breadth_v1_20120705_20260814,capped_confirmation,limit_up_down_breadth_top::top::limit_up_down_breadth_v1_20120705_20260814::000020,2018-04-17,sse_composite,上证指数,20,True,20,True,2018-05-17,3066.8,0.028524846745793697,0.04108843093778525,-0.008207251858614817
limit_up_down_breadth_top,top,limit_up_down_breadth_v1_20120705_20260814,capped_confirmation,limit_up_down_breadth_top::top::limit_up_down_breadth_v1_20120705_20260814::000021,2018-05-04,all_a,全A,5,True,5,True,2018-05-11,4571.39990234375,0.020803276827190853,0.030130865231103643,0.0013912288176733956
limit_up_down_breadth_top,top,limit_up_down_breadth_v1_20120705_20260814,capped_confirmation,limit_up_down_breadth_top::top::limit_up_down_breadth_v1_20120705_20260814::000021,2018-05-04,all_a,全A,10,True,10,True,2018-05-18,4571.39990234375,0.02504703207901282,0.03142585626261796,0.0013912288176733956
limit_up_down_breadth_top,top,limit_up_down_breadth_v1_20120705_20260814,capped_confirmation,limit_up_down_breadth_top::top::limit_up_down_breadth_v1_20120705_20260814::000021,2018-05-04,all_a,全A,20,True,20,True,2018-06-01,4571.39990234375,-0.018042608879276223,0.035704645913840816,-0.026123271738657916
limit_up_down_breadth_top,top,limit_up_down_breadth_v1_20120705_20260814,capped_confirmation,limit_up_down_breadth_top::top::limit_up_down_breadth_v1_20120705_20260814::000021,2018-05-04,cni2000,国证2000,5,True,5,True,2018-05-11,6949.29,0.018491097651702537,0.030450592794371678,0.0006461091708649391
limit_up_down_breadth_top,top,limit_up_down_breadth_v1_20120705_20260814,capped_confirmation,limit_up_down_breadth_top::top::limit_up_down_breadth_v1_20120705_20260814::000021,2018-05-04,cni2000,国证2000,10,True,10,True,2018-05-18,6949.29,0.02011716304831146,0.030450592794371678,0.0006461091708649391
limit_up_down_breadth_top,top,limit_up_down_breadth_v1_20120705_20260814,capped_confirmation,limit_up_down_breadth_top::top::limit_up_down_breadth_v1_20120705_20260814::000021,2018-05-04,cni2000,国证2000,20,True,20,True,2018-06-01,6949.29,-0.027752475432741952,0.03723689758234294,-0.03480787245891315
limit_up_down_breadth_top,top,limit_up_down_breadth_v1_20120705_20260814,capped_confirmation,limit_up_down_breadth_top::top::limit_up_down_breadth_v1_20120705_20260814::000021,2018-05-04,csi1000,中证1000,5,True,5,True,2018-05-11,6531.29,0.016149948938111836,0.02702835121392555,0.0010472663133929139
limit_up_down_breadth_top,top,limit_up_down_breadth_v1_20120705_20260814,capped_confirmation,limit_up_down_breadth_top::top::limit_up_down_breadth_v1_20120705_20260814::000021,2018-05-04,csi1000,中证1000,10,True,10,True,2018-05-18,6531.29,0.013701734266890586,0.02702835121392555,0.0010472663133929139
limit_up_down_breadth_top,top,limit_up_down_breadth_v1_20120705_20260814,capped_confirmation,limit_up_down_breadth_top::top::limit_up_down_breadth_v1_20120705_20260814::000021,2018-05-04,csi1000,中证1000,20,True,20,True,2018-06-01,6531.29,-0.044028055713343006,0.0296189573575818,-0.04932869310656862
limit_up_down_breadth_top,top,limit_up_down_breadth_v1_20120705_20260814,capped_confirmation,limit_up_down_breadth_top::top::limit_up_down_breadth_v1_20120705_20260814::000021,2018-05-04,csi300,沪深300,5,True,5,True,2018-05-11,3774.6,0.026026598844910875,0.03410692523711134,0.0003788480898638813
limit_up_down_breadth_top,top,limit_up_down_breadth_v1_20120705_20260814,capped_confirmation,limit_up_down_breadth_top::top::limit_up_down_breadth_v1_20120705_20260814::000021,2018-05-04,csi300,沪深300,10,True,10,True,2018-05-18,3774.6,0.03403274519154342,0.03967042865469206,0.0003788480898638813
limit_up_down_breadth_top,top,limit_up_down_breadth_v1_20120705_20260814,capped_confirmation,limit_up_down_breadth_top::top::limit_up_down_breadth_v1_20120705_20260814::000021,2018-05-04,csi300,沪深300,20,True,20,True,2018-06-01,3774.6,-0.0010623642240237263,0.04314629364700906,-0.013916706405976753
limit_up_down_breadth_top,top,limit_up_down_breadth_v1_20120705_20260814,capped_confirmation,limit_up_down_breadth_top::top::limit_up_down_breadth_v1_20120705_20260814::000021,2018-05-04,csi500,中证500,5,True,5,True,2018-05-11,5909.29,0.013884916800495528,0.02427025920203607,0.001538255864917737
limit_up_down_breadth_top,top,limit_up_down_breadth_v1_20120705_20260814,capped_confirmation,limit_up_down_breadth_top::top::limit_up_down_breadth_v1_20120705_20260814::000021,2018-05-04,csi500,中证500,10,True,10,True,2018-05-18,5909.29,0.014529664308233325,0.02427025920203607,0.001538255864917737
limit_up_down_breadth_top,top,limit_up_down_breadth_v1_20120705_20260814,capped_confirmation,limit_up_down_breadth_top::top::limit_up_down_breadth_v1_20120705_20260814::000021,2018-05-04,csi500,中证500,20,True,20,True,2018-06-01,5909.29,-0.03793518341458957,0.03107310692147447,-0.043059318462962515
limit_up_down_breadth_top,top,limit_up_down_breadth_v1_20120705_20260814,capped_confirmation,limit_up_down_breadth_top::top::limit_up_down_breadth_v1_20120705_20260814::000021,2018-05-04,microcap,微盘股,5,True,5,True,2018-05-11,850.09,0.03373760425366723,0.05326494841722629,0.0006940441600300495
limit_up_down_breadth_top,top,limit_up_down_breadth_v1_20120705_20260814,capped_confirmation,limit_up_down_breadth_top::top::limit_up_down_breadth_v1_20120705_20260814::000021,2018-05-04,microcap,微盘股,10,True,10,True,2018-05-18,850.09,0.042936630239151174,0.05326494841722629,0.0006940441600300495
limit_up_down_breadth_top,top,limit_up_down_breadth_v1_20120705_20260814,capped_confirmation,limit_up_down_breadth_top::top::limit_up_down_breadth_v1_20120705_20260814::000021,2018-05-04,microcap,微盘股,20,True,20,True,2018-06-01,850.09,-0.007516851156936344,0.0646519780258561,-0.023079909186086156
limit_up_down_breadth_top,top,limit_up_down_breadth_v1_20120705_20260814,capped_confirmation,limit_up_down_breadth_top::top::limit_up_down_breadth_v1_20120705_20260814::000021,2018-05-04,sse_composite,上证指数,5,True,5,True,2018-05-11,3091.03,0.023367615325635693,0.029029158565268,0.00020381555662662976
limit_up_down_breadth_top,top,limit_up_down_breadth_v1_20120705_20260814,capped_confirmation,limit_up_down_breadth_top::top::limit_up_down_breadth_v1_20120705_20260814::000021,2018-05-04,sse_composite,上证指数,10,True,10,True,2018-05-18,3091.03,0.03308605869240999,0.03313458620589249,0.00020381555662662976
limit_up_down_breadth_top,top,limit_up_down_breadth_v1_20120705_20260814,capped_confirmation,limit_up_down_breadth_top::top::limit_up_down_breadth_v1_20120705_20260814::000021,2018-05-04,sse_composite,上证指数,20,True,20,True,2018-06-01,3091.03,-0.005140681261586066,0.041639841735602534,-0.016185543330216823
limit_up_down_breadth_top,top,limit_up_down_breadth_v1_20120705_20260814,capped_confirmation,limit_up_down_breadth_top::top::limit_up_down_breadth_v1_20120705_20260814::000022,2018-05-16,all_a,全A,5,True,5,True,2018-05-23,4681.08984375,-0.002364796359020982,0.011435429616667436,-0.010414241475217412
limit_up_down_breadth_top,top,limit_up_down_breadth_v1_20120705_20260814,capped_confirmation,limit_up_down_breadth_top::top::limit_up_down_breadth_v1_20120705_20260814::000022,2018-05-16,all_a,全A,10,True,10,True,2018-05-30,4681.08984375,-0.04841391436122233,0.011435429616667436,-0.04894370134492254
limit_up_down_breadth_top,top,limit_up_down_breadth_v1_20120705_20260814,capped_confirmation,limit_up_down_breadth_top::top::limit_up_down_breadth_v1_20120705_20260814::000022,2018-05-16,all_a,全A,20,True,20,True,2018-06-13,4681.08984375,-0.04779442137122514,0.011435429616667436,-0.051618296353596826
limit_up_down_breadth_top,top,limit_up_down_breadth_v1_20120705_20260814,capped_confirmation,limit_up_down_breadth_top::top::limit_up_down_breadth_v1_20120705_20260814::000022,2018-05-16,cni2000,国证2000,5,True,5,True,2018-05-23,7078.52,0.008573826167051823,0.018300435684295513,-0.008155659657668624
limit_up_down_breadth_top,top,limit_up_down_breadth_v1_20120705_20260814,capped_confirmation,limit_up_down_breadth_top::top::limit_up_down_breadth_v1_20120705_20260814::000022,2018-05-16,cni2000,国证2000,10,True,10,True,2018-05-30,7078.52,-0.05074083282946151,0.018300435684295513,-0.05242903883862737
limit_up_down_breadth_top,top,limit_up_down_breadth_v1_20120705_20260814,capped_confirmation,limit_up_down_breadth_top::top::limit_up_down_breadth_v1_20120705_20260814::000022,2018-05-16,cni2000,国证2000,20,True,20,True,2018-06-13,7078.52,-0.06839424060396804,0.018300435684295513,-0.0690469194125326
limit_up_down_breadth_top,top,limit_up_down_breadth_v1_20120705_20260814,capped_confirmation,limit_up_down_breadth_top::top::limit_up_down_breadth_v1_20120705_20260814::000022,2018-05-16,csi1000,中证1000,5,True,5,True,2018-05-23,6622.64,0.004477066547479591,0.015416812630612453,-0.010150030803425913
limit_up_down_breadth_top,top,limit_up_down_breadth_v1_20120705_20260814,capped_confirmation,limit_up_down_breadth_top::top::limit_up_down_breadth_v1_20120705_20260814::000022,2018-05-16,csi1000,中证1000,10,True,10,True,2018-05-30,6622.64,-0.058922121691651674,0.015416812630612453,-0.060480412645108284
limit_up_down_breadth_top,top,limit_up_down_breadth_v1_20120705_20260814,capped_confirmation,limit_up_down_breadth_top::top::limit_up_down_breadth_v1_20120705_20260814::000022,2018-05-16,csi1000,中证1000,20,True,20,True,2018-06-13,6622.64,-0.08007229745237543,0.015416812630612453,-0.0809405312684971
limit_up_down_breadth_top,top,limit_up_down_breadth_v1_20120705_20260814,capped_confirmation,limit_up_down_breadth_top::top::limit_up_down_breadth_v1_20120705_20260814::000022,2018-05-16,csi300,沪深300,5,True,5,True,2018-05-23,3892.84,-0.009828300161321857,0.011462068823789195,-0.013085562211650137
limit_up_down_breadth_top,top,limit_up_down_breadth_v1_20120705_20260814,capped_confirmation,limit_up_down_breadth_top::top::limit_up_down_breadth_v1_20120705_20260814::000022,2018-05-16,csi300,沪深300,10,True,10,True,2018-05-30,3892.84,-0.043533769689995006,0.011462068823789195,-0.043867716114713184
limit_up_down_breadth_top,top,limit_up_down_breadth_v1_20120705_20260814,capped_confirmation,limit_up_down_breadth_top::top::limit_up_down_breadth_v1_20120705_20260814::000022,2018-05-16,csi300,沪深300,20,True,20,True,2018-06-13,3892.84,-0.026844154910039997,0.011462068823789195,-0.043867716114713184
limit_up_down_breadth_top,top,limit_up_down_breadth_v1_20120705_20260814,capped_confirmation,limit_up_down_breadth_top::top::limit_up_down_breadth_v1_20120705_20260814::000022,2018-05-16,csi500,中证500,5,True,5,True,2018-05-23,6004.07,0.001628895066180247,0.01479662961957473,-0.011981872296625395
limit_up_down_breadth_top,top,limit_up_down_breadth_v1_20120705_20260814,capped_confirmation,limit_up_down_breadth_top::top::limit_up_down_breadth_v1_20120705_20260814::000022,2018-05-16,csi500,中证500,10,True,10,True,2018-05-30,6004.07,-0.05354367953738037,0.01479662961957473,-0.054656258171540295
limit_up_down_breadth_top,top,limit_up_down_breadth_v1_20120705_20260814,capped_confirmation,limit_up_down_breadth_top::top::limit_up_down_breadth_v1_20120705_20260814::000022,2018-05-16,csi500,中证500,20,True,20,True,2018-06-13,6004.07,-0.06613014172053278,0.01479662961957473,-0.06814544134228939
limit_up_down_breadth_top,top,limit_up_down_breadth_v1_20120705_20260814,capped_confirmation,limit_up_down_breadth_top::top::limit_up_down_breadth_v1_20120705_20260814::000022,2018-05-16,microcap,微盘股,5,True,5,True,2018-05-23,878.44,0.018043349574245138,0.030292336414552867,-0.0012863712945677674
limit_up_down_breadth_top,top,limit_up_down_breadth_v1_20120705_20260814,capped_confirmation,limit_up_down_breadth_top::top::limit_up_down_breadth_v1_20120705_20260814::000022,2018-05-16,microcap,微盘股,10,True,10,True,2018-05-30,878.44,-0.05266153635991089,0.030292336414552867,-0.054608169026911346
limit_up_down_breadth_top,top,limit_up_down_breadth_v1_20120705_20260814,capped_confirmation,limit_up_down_breadth_top::top::limit_up_down_breadth_v1_20120705_20260814::000022,2018-05-16,microcap,微盘股,20,True,20,True,2018-06-13,878.44,-0.06661809571513144,0.030292336414552867,-0.06718728655343575
limit_up_down_breadth_top,top,limit_up_down_breadth_v1_20120705_20260814,capped_confirmation,limit_up_down_breadth_top::top::limit_up_down_breadth_v1_20120705_20260814::000022,2018-05-16,sse_composite,上证指数,5,True,5,True,2018-05-23,3169.57,-0.0001924551279827158,0.015828645526049234,-0.007821250201131336
limit_up_down_breadth_top,top,limit_up_down_breadth_v1_20120705_20260814,capped_confirmation,limit_up_down_breadth_top::top::limit_up_down_breadth_v1_20120705_20260814::000022,2018-05-16,sse_composite,上证指数,10,True,10,True,2018-05-30,3169.57,-0.040425041882652835,0.015828645526049234,-0.04056386197496831
limit_up_down_breadth_top,top,limit_up_down_breadth_v1_20120705_20260814,capped_confirmation,limit_up_down_breadth_top::top::limit_up_down_breadth_v1_20120705_20260814::000022,2018-05-16,sse_composite,上证指数,20,True,20,True,2018-06-13,3169.57,-0.037787460128660966,0.015828645526049234,-0.04274081342264102
limit_up_down_breadth_top,top,limit_up_down_breadth_v1_20120705_20260814,capped_confirmation,limit_up_down_breadth_top::top::limit_up_down_breadth_v1_20120705_20260814::000023,2018-11-12,all_a,全A,5,True,5,True,2018-11-19,3654.320068359375,0.037380374723704035,0.037380374723704035,-0.012976467613280085
limit_up_down_breadth_top,top,limit_up_down_breadth_v1_20120705_20260814,capped_confirmation,limit_up_down_breadth_top::top::limit_up_down_breadth_v1_20120705_20260814::000023,2018-11-12,all_a,全A,10,True,10,True,2018-11-26,3654.320068359375,-0.019002217717084213,0.037380374723704035,-0.022515824492027825
limit_up_down_breadth_top,top,limit_up_down_breadth_v1_20120705_20260814,capped_confirmation,limit_up_down_breadth_top::top::limit_up_down_breadth_v1_20120705_20260814::000023,2018-11-12,all_a,全A,20,True,20,True,2018-12-10,3654.320068359375,-0.016873222677969424,0.037380374723704035,-0.029250348825284767
limit_up_down_breadth_top,top,limit_up_down_breadth_v1_20120705_20260814,capped_confirmation,limit_up_down_breadth_top::top::limit_up_down_breadth_v1_20120705_20260814::000023,2018-11-12,cni2000,国证2000,5,True,5,True,2018-11-19,5255.84,0.05614135894547778,0.05615658010898339,-0.011809720235014698
limit_up_down_breadth_top,top,limit_up_down_breadth_v1_20120705_20260814,capped_confirmation,limit_up_down_breadth_top::top::limit_up_down_breadth_v1_20120705_20260814::000023,2018-11-12,cni2000,国证2000,10,True,10,True,2018-11-26,5255.84,-0.00880163779719323,0.05615658010898339,-0.013758029163749352
limit_up_down_breadth_top,top,limit_up_down_breadth_v1_20120705_20260814,capped_confirmation,limit_up_down_breadth_top::top::limit_up_down_breadth_v1_20120705_20260814::000023,2018-11-12,cni2000,国证2000,20,True,20,True,2018-12-10,5255.84,-0.006712533106030594,0.05615658010898339,-0.03012077993241813
limit_up_down_breadth_top,top,limit_up_down_breadth_v1_20120705_20260814,capped_confirmation,limit_up_down_breadth_top::top::limit_up_down_breadth_v1_20120705_20260814::000023,2018-11-12,csi1000,中证1000,5,True,5,True,2018-11-19,4697.35,0.05218687132106381,0.053102281073371005,-0.01229842357925226
limit_up_down_breadth_top,top,limit_up_down_breadth_v1_20120705_20260814,capped_confirmation,limit_up_down_breadth_top::top::limit_up_down_breadth_v1_20120705_20260814::000023,2018-11-12,csi1000,中证1000,10,True,10,True,2018-11-26,4697.35,-0.013543806614367826,0.053102281073371005,-0.018472117257602783
limit_up_down_breadth_top,top,limit_up_down_breadth_v1_20120705_20260814,capped_confirmation,limit_up_down_breadth_top::top::limit_up_down_breadth_v1_20120705_20260814::000023,2018-11-12,csi1000,中证1000,20,True,20,True,2018-12-10,4697.35,-0.004413126550076196,0.053102281073371005,-0.03148796661947706
limit_up_down_breadth_top,top,limit_up_down_breadth_v1_20120705_20260814,capped_confirmation,limit_up_down_breadth_top::top::limit_up_down_breadth_v1_20120705_20260814::000023,2018-11-12,csi300,沪深300,5,True,5,True,2018-11-19,3205.14,0.027911417285984452,0.027911417285984452,-0.013740429435219692
limit_up_down_breadth_top,top,limit_up_down_breadth_v1_20120705_20260814,capped_confirmation,limit_up_down_breadth_top::top::limit_up_down_breadth_v1_20120705_20260814::000023,2018-11-12,csi300,沪深300,10,True,10,True,2018-11-26,3205.14,-0.01993672663284607,0.027911417285984452,-0.022931915610550524
limit_up_down_breadth_top,top,limit_up_down_breadth_v1_20120705_20260814,capped_confirmation,limit_up_down_breadth_top::top::limit_up_down_breadth_v1_20120705_20260814::000023,2018-11-12,csi300,沪深300,20,True,20,True,2018-12-10,3205.14,-0.01883849067435417,0.027911417285984452,-0.02460110946791716
limit_up_down_breadth_top,top,limit_up_down_breadth_v1_20120705_20260814,capped_confirmation,limit_up_down_breadth_top::top::limit_up_down_breadth_v1_20120705_20260814::000023,2018-11-12,csi500,中证500,5,True,5,True,2018-11-19,4481.69,0.04218274802585631,0.04682831699649026,-0.013106662888330067
limit_up_down_breadth_top,top,limit_up_down_breadth_v1_20120705_20260814,capped_confirmation,limit_up_down_breadth_top::top::limit_up_down_breadth_v1_20120705_20260814::000023,2018-11-12,csi500,中证500,10,True,10,True,2018-11-26,4481.69,-0.025488152906604333,0.04682831699649026,-0.029886047450849884
limit_up_down_breadth_top,top,limit_up_down_breadth_v1_20120705_20260814,capped_confirmation,limit_up_down_breadth_top::top::limit_up_down_breadth_v1_20120705_20260814::000023,2018-11-12,csi500,中证500,20,True,20,True,2018-12-10,4481.69,-0.027306663334590087,0.04682831699649026,-0.042367946020362646
limit_up_down_breadth_top,top,limit_up_down_breadth_v1_20120705_20260814,capped_confirmation,limit_up_down_breadth_top::top::limit_up_down_breadth_v1_20120705_20260814::000023,2018-11-12,microcap,微盘股,5,True,5,True,2018-11-19,763.04,0.06478035227511025,0.06478035227511025,-0.00891172153491293
limit_up_down_breadth_top,top,limit_up_down_breadth_v1_20120705_20260814,capped_confirmation,limit_up_down_breadth_top::top::limit_up_down_breadth_v1_20120705_20260814::000023,2018-11-12,microcap,微盘股,10,True,10,True,2018-11-26,763.04,-0.002083770182428113,0.06478035227511025,-0.00891172153491293
limit_up_down_breadth_top,top,limit_up_down_breadth_v1_20120705_20260814,capped_confirmation,limit_up_down_breadth_top::top::limit_up_down_breadth_v1_20120705_20260814::000023,2018-11-12,microcap,微盘股,20,True,20,True,2018-12-10,763.04,0.006369259802893712,0.06478035227511025,-0.02539840637450197
limit_up_down_breadth_top,top,limit_up_down_breadth_v1_20120705_20260814,capped_confirmation,limit_up_down_breadth_top::top::limit_up_down_breadth_v1_20120705_20260814::000023,2018-11-12,sse_composite,上证指数,5,True,5,True,2018-11-19,2630.52,0.02774736553989343,0.02774736553989343,-0.012609674132871063
limit_up_down_breadth_top,top,limit_up_down_breadth_v1_20120705_20260814,capped_confirmation,limit_up_down_breadth_top::top::limit_up_down_breadth_v1_20120705_20260814::000023,2018-11-12,sse_composite,上证指数,10,True,10,True,2018-11-26,2630.52,-0.02079816918327937,0.02774736553989343,-0.023751957787813804
limit_up_down_breadth_top,top,limit_up_down_breadth_v1_20120705_20260814,capped_confirmation,limit_up_down_breadth_top::top::limit_up_down_breadth_v1_20120705_20260814::000023,2018-11-12,sse_composite,上证指数,20,True,20,True,2018-12-10,2630.52,-0.017464227605188398,0.02774736553989343,-0.028587503611453124
limit_up_down_breadth_top,top,limit_up_down_breadth_v1_20120705_20260814,capped_confirmation,limit_up_down_breadth_top::top::limit_up_down_breadth_v1_20120705_20260814::000024,2018-11-22,all_a,全A,5,True,5,True,2018-11-29,3705.260009765625,-0.03537405418619077,-0.0010579343594426804,-0.038116078249980534
limit_up_down_breadth_top,top,limit_up_down_breadth_v1_20120705_20260814,capped_confirmation,limit_up_down_breadth_top::top::limit_up_down_breadth_v1_20120705_20260814::000024,2018-11-22,all_a,全A,10,True,10,True,2018-12-06,3705.260009765625,-0.01898654816958445,0.006809233468704878,-0.042596222048930765
limit_up_down_breadth_top,top,limit_up_down_breadth_v1_20120705_20260814,capped_confirmation,limit_up_down_breadth_top::top::limit_up_down_breadth_v1_20120705_20260814::000024,2018-11-22,all_a,全A,20,True,20,True,2018-12-20,3705.260009765625,-0.0534780020353508,0.006809233468704878,-0.06117787443882072
limit_up_down_breadth_top,top,limit_up_down_breadth_v1_20120705_20260814,capped_confirmation,limit_up_down_breadth_top::top::limit_up_down_breadth_v1_20120705_20260814::000024,2018-11-22,cni2000,国证2000,5,True,5,True,2018-11-29,5452.48,-0.04966547332589932,-0.0012783173895180022,-0.05111618933035955
limit_up_down_breadth_top,top,limit_up_down_breadth_v1_20120705_20260814,capped_confirmation,limit_up_down_breadth_top::top::limit_up_down_breadth_v1_20120705_20260814::000024,2018-11-22,cni2000,国证2000,10,True,10,True,2018-12-06,5452.48,-0.03099140207758666,-0.0012783173895180022,-0.06509881741886259
limit_up_down_breadth_top,top,limit_up_down_breadth_v1_20120705_20260814,capped_confirmation,limit_up_down_breadth_top::top::limit_up_down_breadth_v1_20120705_20260814::000024,2018-11-22,cni2000,国证2000,20,True,20,True,2018-12-20,5452.48,-0.06523820353307108,-0.0012783173895180022,-0.07382878983508412
limit_up_down_breadth_top,top,limit_up_down_breadth_v1_20120705_20260814,capped_confirmation,limit_up_down_breadth_top::top::limit_up_down_breadth_v1_20120705_20260814::000024,2018-11-22,csi1000,中证1000,5,True,5,True,2018-11-29,4850.13,-0.047994589835736345,-0.001799951753870599,-0.050002783430547315
limit_up_down_breadth_top,top,limit_up_down_breadth_v1_20120705_20260814,capped_confirmation,limit_up_down_breadth_top::top::limit_up_down_breadth_v1_20120705_20260814::000024,2018-11-22,csi1000,中证1000,10,True,10,True,2018-12-06,4850.13,-0.02458078443258227,-0.0006968885370083333,-0.06199627638846805
limit_up_down_breadth_top,top,limit_up_down_breadth_v1_20120705_20260814,capped_confirmation,limit_up_down_breadth_top::top::limit_up_down_breadth_v1_20120705_20260814::000024,2018-11-22,csi1000,中证1000,20,True,20,True,2018-12-20,4850.13,-0.061757107541447254,-0.0006968885370083333,-0.07021667460459835
limit_up_down_breadth_top,top,limit_up_down_breadth_v1_20120705_20260814,capped_confirmation,limit_up_down_breadth_top::top::limit_up_down_breadth_v1_20120705_20260814::000024,2018-11-22,csi300,沪深300,5,True,5,True,2018-11-29,3214.43,-0.023886038893365158,-0.0006937466362620937,-0.027420102475399943
limit_up_down_breadth_top,top,limit_up_down_breadth_v1_20120705_20260814,capped_confirmation,limit_up_down_breadth_top::top::limit_up_down_breadth_v1_20120705_20260814::000024,2018-11-22,csi300,沪深300,10,True,10,True,2018-12-06,3214.43,-0.01019154251298049,0.018420062032771023,-0.027420102475399943
limit_up_down_breadth_top,top,limit_up_down_breadth_v1_20120705_20260814,capped_confirmation,limit_up_down_breadth_top::top::limit_up_down_breadth_v1_20120705_20260814::000024,2018-11-22,csi300,沪深300,20,True,20,True,2018-12-20,3214.43,-0.04573439147842695,0.018420062032771023,-0.05293006847248183
limit_up_down_breadth_top,top,limit_up_down_breadth_v1_20120705_20260814,capped_confirmation,limit_up_down_breadth_top::top::limit_up_down_breadth_v1_20120705_20260814::000024,2018-11-22,csi500,中证500,5,True,5,True,2018-11-29,4551.33,-0.04518020007338519,-0.0008393151012999756,-0.04795741025150879
limit_up_down_breadth_top,top,limit_up_down_breadth_v1_20120705_20260814,capped_confirmation,limit_up_down_breadth_top::top::limit_up_down_breadth_v1_20120705_20260814::000024,2018-11-22,csi500,中证500,10,True,10,True,2018-12-06,4551.33,-0.030812971153486912,-0.0008393151012999756,-0.05702069504957885
limit_up_down_breadth_top,top,limit_up_down_breadth_v1_20120705_20260814,capped_confirmation,limit_up_down_breadth_top::top::limit_up_down_breadth_v1_20120705_20260814::000024,2018-11-22,csi500,中证500,20,True,20,True,2018-12-20,4551.33,-0.06406259269268533,-0.0008393151012999756,-0.07167135760316212
limit_up_down_breadth_top,top,limit_up_down_breadth_v1_20120705_20260814,capped_confirmation,limit_up_down_breadth_top::top::limit_up_down_breadth_v1_20120705_20260814::000024,2018-11-22,microcap,微盘股,5,True,5,True,2018-11-29,803.41,-0.0585504287972517,-0.00018670417346056123,-0.05897362492376246
limit_up_down_breadth_top,top,limit_up_down_breadth_v1_20120705_20260814,capped_confirmation,limit_up_down_breadth_top::top::limit_up_down_breadth_v1_20120705_20260814::000024,2018-11-22,microcap,微盘股,10,True,10,True,2018-12-06,803.41,-0.03095555195977151,-0.00018670417346056123,-0.07437049576181531
limit_up_down_breadth_top,top,limit_up_down_breadth_v1_20120705_20260814,capped_confirmation,limit_up_down_breadth_top::top::limit_up_down_breadth_v1_20120705_20260814::000024,2018-11-22,microcap,微盘股,20,True,20,True,2018-12-20,803.41,-0.048132335918148805,-0.00018670417346056123,-0.07437049576181531
limit_up_down_breadth_top,top,limit_up_down_breadth_v1_20120705_20260814,capped_confirmation,limit_up_down_breadth_top::top::limit_up_down_breadth_v1_20120705_20260814::000024,2018-11-22,sse_composite,上证指数,5,True,5,True,2018-11-29,2645.43,-0.02948102954907139,-0.0012814551887594394,-0.03170373058444176
limit_up_down_breadth_top,top,limit_up_down_breadth_v1_20120705_20260814,capped_confirmation,limit_up_down_breadth_top::top::limit_up_down_breadth_v1_20120705_20260814::000024,2018-11-22,sse_composite,上证指数,10,True,10,True,2018-12-06,2645.43,-0.015214917801642858,0.007805914350408116,-0.0340625153566716
limit_up_down_breadth_top,top,limit_up_down_breadth_v1_20120705_20260814,capped_confirmation,limit_up_down_breadth_top::top::limit_up_down_breadth_v1_20120705_20260814::000024,2018-11-22,sse_composite,上证指数,20,True,20,True,2018-12-20,2645.43,-0.041263613098815655,0.007805914350408116,-0.04891832329715773
limit_up_down_breadth_top,top,limit_up_down_breadth_v1_20120705_20260814,capped_confirmation,limit_up_down_breadth_top::top::limit_up_down_breadth_v1_20120705_20260814::000025,2019-01-14,all_a,全A,5,True,5,True,2019-01-21,3526.090087890625,0.026198957062882,0.03026864822180353,-0.002365250938785368
limit_up_down_breadth_top,top,limit_up_down_breadth_v1_20120705_20260814,capped_confirmation,limit_up_down_breadth_top::top::limit_up_down_breadth_v1_20120705_20260814::000025,2019-01-14,all_a,全A,10,True,10,True,2019-01-28,3526.090087890625,0.017401672036676974,0.03212901318401862,-0.002365250938785368
limit_up_down_breadth_top,top,limit_up_down_breadth_v1_20120705_20260814,capped_confirmation,limit_up_down_breadth_top::top::limit_up_down_breadth_v1_20120705_20260814::000025,2019-01-14,all_a,全A,20,True,20,True,2019-02-18,3526.090087890625,0.0995720032001961,0.0995720032001961,-0.006454744262997636
limit_up_down_breadth_top,top,limit_up_down_breadth_v1_20120705_20260814,capped_confirmation,limit_up_down_breadth_top::top::limit_up_down_breadth_v1_20120705_20260814::000025,2019-01-14,cni2000,国证2000,5,True,5,True,2019-01-21,5212.11,0.005978384953502669,0.012822062466064654,-0.009155601090537147
limit_up_down_breadth_top,top,limit_up_down_breadth_v1_20120705_20260814,capped_confirmation,limit_up_down_breadth_top::top::limit_up_down_breadth_v1_20120705_20260814::000025,2019-01-14,cni2000,国证2000,10,True,10,True,2019-01-28,5212.11,-0.011256477702888068,0.012822062466064654,-0.012177409916521165
limit_up_down_breadth_top,top,limit_up_down_breadth_v1_20120705_20260814,capped_confirmation,limit_up_down_breadth_top::top::limit_up_down_breadth_v1_20120705_20260814::000025,2019-01-14,cni2000,国证2000,20,True,20,True,2019-02-18,5212.11,0.05758320526619731,0.05758320526619731,-0.06978747570561628
limit_up_down_breadth_top,top,limit_up_down_breadth_v1_20120705_20260814,capped_confirmation,limit_up_down_breadth_top::top::limit_up_down_breadth_v1_20120705_20260814::000025,2019-01-14,csi1000,中证1000,5,True,5,True,2019-01-21,4594.19,0.013260226503475137,0.016420740108702647,-0.005452538967696041
limit_up_down_breadth_top,top,limit_up_down_breadth_v1_20120705_20260814,capped_confirmation,limit_up_down_breadth_top::top::limit_up_down_breadth_v1_20120705_20260814::000025,2019-01-14,csi1000,中证1000,10,True,10,True,2019-01-28,4594.19,-0.005178279522614404,0.016420740108702647,-0.006181720825651493
limit_up_down_breadth_top,top,limit_up_down_breadth_v1_20120705_20260814,capped_confirmation,limit_up_down_breadth_top::top::limit_up_down_breadth_v1_20120705_20260814::000025,2019-01-14,csi1000,中证1000,20,True,20,True,2019-02-18,4594.19,0.0758980364329731,0.0758980364329731,-0.05774031983875272
limit_up_down_breadth_top,top,limit_up_down_breadth_v1_20120705_20260814,capped_confirmation,limit_up_down_breadth_top::top::limit_up_down_breadth_v1_20120705_20260814::000025,2019-01-14,csi300,沪深300,5,True,5,True,2019-01-21,3067.78,0.038418661051313974,0.042842055166928406,-0.001013762394956652
limit_up_down_breadth_top,top,limit_up_down_breadth_v1_20120705_20260814,capped_confirmation,limit_up_down_breadth_top::top::limit_up_down_breadth_v1_20120705_20260814::000025,2019-01-14,csi300,沪深300,10,True,10,True,2019-01-28,3067.78,0.03781235942603445,0.05251028430982663,-0.001013762394956652
limit_up_down_breadth_top,top,limit_up_down_breadth_v1_20120705_20260814,capped_confirmation,limit_up_down_breadth_top::top::limit_up_down_breadth_v1_20120705_20260814::000025,2019-01-14,csi300,沪深300,20,True,20,True,2019-02-18,3067.78,0.12320635769188137,0.12320635769188137,-0.001013762394956652
limit_up_down_breadth_top,top,limit_up_down_breadth_v1_20120705_20260814,capped_confirmation,limit_up_down_breadth_top::top::limit_up_down_breadth_v1_20120705_20260814::000025,2019-01-14,csi500,中证500,5,True,5,True,2019-01-21,4286.55,0.020314705299133262,0.025314063757567284,-0.003478321727263145
limit_up_down_breadth_top,top,limit_up_down_breadth_v1_20120705_20260814,capped_confirmation,limit_up_down_breadth_top::top::limit_up_down_breadth_v1_20120705_20260814::000025,2019-01-14,csi500,中证500,10,True,10,True,2019-01-28,4286.55,0.004822059698358805,0.025314063757567284,-0.003478321727263145
limit_up_down_breadth_top,top,limit_up_down_breadth_v1_20120705_20260814,capped_confirmation,limit_up_down_breadth_top::top::limit_up_down_breadth_v1_20120705_20260814::000025,2019-01-14,csi500,中证500,20,True,20,True,2019-02-18,4286.55,0.08735463251332654,0.08735463251332654,-0.03152651899546266
limit_up_down_breadth_top,top,limit_up_down_breadth_v1_20120705_20260814,capped_confirmation,limit_up_down_breadth_top::top::limit_up_down_breadth_v1_20120705_20260814::000025,2019-01-14,microcap,微盘股,5,True,5,True,2019-01-21,788.96,0.005729061042384798,0.015425370107483127,-0.007997870614479874
limit_up_down_breadth_top,top,limit_up_down_breadth_v1_20120705_20260814,capped_confirmation,limit_up_down_breadth_top::top::limit_up_down_breadth_v1_20120705_20260814::000025,2019-01-14,microcap,微盘股,10,True,10,True,2019-01-28,788.96,-0.021610728047049332,0.015425370107483127,-0.02218109916852562
limit_up_down_breadth_top,top,limit_up_down_breadth_v1_20120705_20260814,capped_confirmation,limit_up_down_breadth_top::top::limit_up_down_breadth_v1_20120705_20260814::000025,2019-01-14,microcap,微盘股,20,True,20,True,2019-02-18,788.96,0.042258162644494,0.042258162644494,-0.09682366659906716
limit_up_down_breadth_top,top,limit_up_down_breadth_v1_20120705_20260814,capped_confirmation,limit_up_down_breadth_top::top::limit_up_down_breadth_v1_20120705_20260814::000025,2019-01-14,sse_composite,上证指数,5,True,5,True,2019-01-21,2535.77,0.029474281973522976,0.032814490273171515,-0.0013171541583030244
limit_up_down_breadth_top,top,limit_up_down_breadth_v1_20120705_20260814,capped_confirmation,limit_up_down_breadth_top::top::limit_up_down_breadth_v1_20120705_20260814::000025,2019-01-14,sse_composite,上证指数,10,True,10,True,2019-01-28,2535.77,0.024138624559798316,0.037286504690883016,-0.0013171541583030244
limit_up_down_breadth_top,top,limit_up_down_breadth_v1_20120705_20260814,capped_confirmation,limit_up_down_breadth_top::top::limit_up_down_breadth_v1_20120705_20260814::000025,2019-01-14,sse_composite,上证指数,20,True,20,True,2019-02-18,2535.77,0.08620261301301002,0.08620261301301002,-0.0013171541583030244
limit_up_down_breadth_top,top,limit_up_down_breadth_v1_20120705_20260814,capped_confirmation,limit_up_down_breadth_top::top::limit_up_down_breadth_v1_20120705_20260814::000026,2019-03-04,all_a,全A,5,True,5,True,2019-03-11,4283.16015625,0.022284879282874703,0.043540222473732015,-0.007884370021039921
limit_up_down_breadth_top,top,limit_up_down_breadth_v1_20120705_20260814,capped_confirmation,limit_up_down_breadth_top::top::limit_up_down_breadth_v1_20120705_20260814::000026,2019-03-04,all_a,全A,10,True,10,True,2019-03-18,4283.16015625,0.042816435002996034,0.046871879243658654,-0.007884370021039921
limit_up_down_breadth_top,top,limit_up_down_breadth_v1_20120705_20260814,capped_confirmation,limit_up_down_breadth_top::top::limit_up_down_breadth_v1_20120705_20260814::000026,2019-03-04,all_a,全A,20,True,20,True,2019-04-01,4283.16015625,0.08106396872198451,0.08228969921266871,-0.007884370021039921
limit_up_down_breadth_top,top,limit_up_down_breadth_v1_20120705_20260814,capped_confirmation,limit_up_down_breadth_top::top::limit_up_down_breadth_v1_20120705_20260814::000026,2019-03-04,cni2000,国证2000,5,True,5,True,2019-03-11,6078.61,0.07007029567614964,0.08013838690095265,-0.0048876305602760794
limit_up_down_breadth_top,top,limit_up_down_breadth_v1_20120705_20260814,capped_confirmation,limit_up_down_breadth_top::top::limit_up_down_breadth_v1_20120705_20260814::000026,2019-03-04,cni2000,国证2000,10,True,10,True,2019-03-18,6078.61,0.07912664243963685,0.10372930653554024,-0.0048876305602760794
limit_up_down_breadth_top,top,limit_up_down_breadth_v1_20120705_20260814,capped_confirmation,limit_up_down_breadth_top::top::limit_up_down_breadth_v1_20120705_20260814::000026,2019-03-04,cni2000,国证2000,20,True,20,True,2019-04-01,6078.61,0.12817403978870168,0.12817403978870168,-0.0048876305602760794
limit_up_down_breadth_top,top,limit_up_down_breadth_v1_20120705_20260814,capped_confirmation,limit_up_down_breadth_top::top::limit_up_down_breadth_v1_20120705_20260814::000026,2019-03-04,csi1000,中证1000,5,True,5,True,2019-03-11,5482.3,0.07187494299837649,0.08140926253579694,-0.005656385093847471
limit_up_down_breadth_top,top,limit_up_down_breadth_v1_20120705_20260814,capped_confirmation,limit_up_down_breadth_top::top::limit_up_down_breadth_v1_20120705_20260814::000026,2019-03-04,csi1000,中证1000,10,True,10,True,2019-03-18,5482.3,0.07917115079437465,0.10293489958594004,-0.005656385093847471
limit_up_down_breadth_top,top,limit_up_down_breadth_v1_20120705_20260814,capped_confirmation,limit_up_down_breadth_top::top::limit_up_down_breadth_v1_20120705_20260814::000026,2019-03-04,csi1000,中证1000,20,True,20,True,2019-04-01,5482.3,0.1195538368932747,0.1195538368932747,-0.005656385093847471
limit_up_down_breadth_top,top,limit_up_down_breadth_v1_20120705_20260814,capped_confirmation,limit_up_down_breadth_top::top::limit_up_down_breadth_v1_20120705_20260814::000026,2019-03-04,csi300,沪深300,5,True,5,True,2019-03-11,3794.1,-0.01690783057905698,0.016093408186394598,-0.03776653224743676
limit_up_down_breadth_top,top,limit_up_down_breadth_v1_20120705_20260814,capped_confirmation,limit_up_down_breadth_top::top::limit_up_down_breadth_v1_20120705_20260814::000026,2019-03-04,csi300,沪深300,10,True,10,True,2019-03-18,3794.1,0.015194644316175232,0.016093408186394598,-0.03776653224743676
limit_up_down_breadth_top,top,limit_up_down_breadth_v1_20120705_20260814,capped_confirmation,limit_up_down_breadth_top::top::limit_up_down_breadth_v1_20120705_20260814::000026,2019-03-04,csi300,沪深300,20,True,20,True,2019-04-01,3794.1,0.04739727471600652,0.04976410742995707,-0.03776653224743676
limit_up_down_breadth_top,top,limit_up_down_breadth_v1_20120705_20260814,capped_confirmation,limit_up_down_breadth_top::top::limit_up_down_breadth_v1_20120705_20260814::000026,2019-03-04,csi500,中证500,5,True,5,True,2019-03-11,5158.25,0.057796733388261634,0.06870353317501099,-0.006416904958076897
limit_up_down_breadth_top,top,limit_up_down_breadth_v1_20120705_20260814,capped_confirmation,limit_up_down_breadth_top::top::limit_up_down_breadth_v1_20120705_20260814::000026,2019-03-04,csi500,中证500,10,True,10,True,2019-03-18,5158.25,0.06648184946445013,0.08402849803712487,-0.006416904958076897
limit_up_down_breadth_top,top,limit_up_down_breadth_v1_20120705_20260814,capped_confirmation,limit_up_down_breadth_top::top::limit_up_down_breadth_v1_20120705_20260814::000026,2019-03-04,csi500,中证500,20,True,20,True,2019-04-01,5158.25,0.11623903455629336,0.11735181505355508,-0.006416904958076897
limit_up_down_breadth_top,top,limit_up_down_breadth_v1_20120705_20260814,capped_confirmation,limit_up_down_breadth_top::top::limit_up_down_breadth_v1_20120705_20260814::000026,2019-03-04,microcap,微盘股,5,True,5,True,2019-03-11,907.03,0.07014100966891945,0.08218030274632593,-0.0036492729016680547
limit_up_down_breadth_top,top,limit_up_down_breadth_v1_20120705_20260814,capped_confirmation,limit_up_down_breadth_top::top::limit_up_down_breadth_v1_20120705_20260814::000026,2019-03-04,microcap,微盘股,10,True,10,True,2019-03-18,907.03,0.08764869960199784,0.10320496565714476,-0.0036492729016680547
limit_up_down_breadth_top,top,limit_up_down_breadth_v1_20120705_20260814,capped_confirmation,limit_up_down_breadth_top::top::limit_up_down_breadth_v1_20120705_20260814::000026,2019-03-04,microcap,微盘股,20,True,20,True,2019-04-01,907.03,0.1490358643043781,0.1490358643043781,-0.0036492729016680547
limit_up_down_breadth_top,top,limit_up_down_breadth_v1_20120705_20260814,capped_confirmation,limit_up_down_breadth_top::top::limit_up_down_breadth_v1_20120705_20260814::000026,2019-03-04,sse_composite,上证指数,5,True,5,True,2019-03-11,3027.58,-0.00019487511477822572,0.03380918092998364,-0.02113899550135756
limit_up_down_breadth_top,top,limit_up_down_breadth_v1_20120705_20260814,capped_confirmation,limit_up_down_breadth_top::top::limit_up_down_breadth_v1_20120705_20260814::000026,2019-03-04,sse_composite,上证指数,10,True,10,True,2019-03-18,3027.58,0.022737632036147648,0.03380918092998364,-0.02113899550135756
limit_up_down_breadth_top,top,limit_up_down_breadth_v1_20120705_20260814,capped_confirmation,limit_up_down_breadth_top::top::limit_up_down_breadth_v1_20120705_20260814::000026,2019-03-04,sse_composite,上证指数,20,True,20,True,2019-04-01,3027.58,0.04715977777630975,0.0492274357737863,-0.02113899550135756
limit_up_down_breadth_top,top,limit_up_down_breadth_v1_20120705_20260814,capped_confirmation,limit_up_down_breadth_top::top::limit_up_down_breadth_v1_20120705_20260814::000027,2019-04-01,all_a,全A,5,True,5,True,2019-04-09,4630.3701171875,0.02197448528408419,0.03317874790229847,-0.006349363355343973
limit_up_down_breadth_top,top,limit_up_down_breadth_v1_20120705_20260814,capped_confirmation,limit_up_down_breadth_top::top::limit_up_down_breadth_v1_20120705_20260814::000027,2019-04-01,all_a,全A,10,True,10,True,2019-04-16,4630.3701171875,0.017877574159564258,0.03317874790229847,-0.015808713657853746
limit_up_down_breadth_top,top,limit_up_down_breadth_v1_20120705_20260814,capped_confirmation,limit_up_down_breadth_top::top::limit_up_down_breadth_v1_20120705_20260814::000027,2019-04-01,all_a,全A,20,True,20,True,2019-04-30,4630.3701171875,-0.04489487396285441,0.03317874790229847,-0.054876843799819386
limit_up_down_breadth_top,top,limit_up_down_breadth_v1_20120705_20260814,capped_confirmation,limit_up_down_breadth_top::top::limit_up_down_breadth_v1_20120705_20260814::000027,2019-04-01,cni2000,国证2000,5,True,5,True,2019-04-09,6857.73,0.023923368228262243,0.03151334333664346,-0.002548948412958718
limit_up_down_breadth_top,top,limit_up_down_breadth_v1_20120705_20260814,capped_confirmation,limit_up_down_breadth_top::top::limit_up_down_breadth_v1_20120705_20260814::000027,2019-04-01,cni2000,国证2000,10,True,10,True,2019-04-16,6857.73,0.018109491041496284,0.032709074285514284,-0.015137662171009869
limit_up_down_breadth_top,top,limit_up_down_breadth_v1_20120705_20260814,capped_confirmation,limit_up_down_breadth_top::top::limit_up_down_breadth_v1_20120705_20260814::000027,2019-04-01,cni2000,国证2000,20,True,20,True,2019-04-30,6857.73,-0.07257941038798543,0.034117703671623145,-0.08686839522699197
limit_up_down_breadth_top,top,limit_up_down_breadth_v1_20120705_20260814,capped_confirmation,limit_up_down_breadth_top::top::limit_up_down_breadth_v1_20120705_20260814::000027,2019-04-01,csi1000,中证1000,5,True,5,True,2019-04-09,6137.73,0.017547203933701905,0.03010070498376427,-0.0037684942152879097
limit_up_down_breadth_top,top,limit_up_down_breadth_v1_20120705_20260814,capped_confirmation,limit_up_down_breadth_top::top::limit_up_down_breadth_v1_20120705_20260814::000027,2019-04-01,csi1000,中证1000,10,True,10,True,2019-04-16,6137.73,0.006854325622013491,0.03010070498376427,-0.025905342854768754
limit_up_down_breadth_top,top,limit_up_down_breadth_v1_20120705_20260814,capped_confirmation,limit_up_down_breadth_top::top::limit_up_down_breadth_v1_20120705_20260814::000027,2019-04-01,csi1000,中证1000,20,True,20,True,2019-04-30,6137.73,-0.07421147557810459,0.03010070498376427,-0.08829322892991365
limit_up_down_breadth_top,top,limit_up_down_breadth_v1_20120705_20260814,capped_confirmation,limit_up_down_breadth_top::top::limit_up_down_breadth_v1_20120705_20260814::000027,2019-04-01,csi300,沪深300,5,True,5,True,2019-04-09,3973.93,0.025541466507965627,0.03741132833240668,-0.008593508189625787
limit_up_down_breadth_top,top,limit_up_down_breadth_v1_20120705_20260814,capped_confirmation,limit_up_down_breadth_top::top::limit_up_down_breadth_v1_20120705_20260814::000027,2019-04-01,csi300,沪深300,10,True,10,True,2019-04-16,3973.93,0.02814845757222706,0.03741132833240668,-0.008593508189625787
limit_up_down_breadth_top,top,limit_up_down_breadth_v1_20120705_20260814,capped_confirmation,limit_up_down_breadth_top::top::limit_up_down_breadth_v1_20120705_20260814::000027,2019-04-01,csi300,沪深300,20,True,20,True,2019-04-30,3973.93,-0.01527958469323809,0.03828955215617791,-0.024781513514329667
limit_up_down_breadth_top,top,limit_up_down_breadth_v1_20120705_20260814,capped_confirmation,limit_up_down_breadth_top::top::limit_up_down_breadth_v1_20120705_20260814::000027,2019-04-01,csi500,中证500,5,True,5,True,2019-04-09,5757.84,0.01740409598043713,0.031550025704083495,-0.005854626040320721
limit_up_down_breadth_top,top,limit_up_down_breadth_v1_20120705_20260814,capped_confirmation,limit_up_down_breadth_top::top::limit_up_down_breadth_v1_20120705_20260814::000027,2019-04-01,csi500,中证500,10,True,10,True,2019-04-16,5757.84,0.0033293735150681236,0.031550025704083495,-0.030259611243105167
limit_up_down_breadth_top,top,limit_up_down_breadth_v1_20120705_20260814,capped_confirmation,limit_up_down_breadth_top::top::limit_up_down_breadth_v1_20120705_20260814::000027,2019-04-01,csi500,中证500,20,True,20,True,2019-04-30,5757.84,-0.07820293721256577,0.031550025704083495,-0.08923311519597621
limit_up_down_breadth_top,top,limit_up_down_breadth_v1_20120705_20260814,capped_confirmation,limit_up_down_breadth_top::top::limit_up_down_breadth_v1_20120705_20260814::000027,2019-04-01,microcap,微盘股,5,True,5,True,2019-04-09,1042.21,0.039157175617198,0.039157175617198,-0.0007675996200381396
limit_up_down_breadth_top,top,limit_up_down_breadth_v1_20120705_20260814,capped_confirmation,limit_up_down_breadth_top::top::limit_up_down_breadth_v1_20120705_20260814::000027,2019-04-01,microcap,微盘股,10,True,10,True,2019-04-16,1042.21,0.037871446253634033,0.04869460089617261,-0.0007675996200381396
limit_up_down_breadth_top,top,limit_up_down_breadth_v1_20120705_20260814,capped_confirmation,limit_up_down_breadth_top::top::limit_up_down_breadth_v1_20120705_20260814::000027,2019-04-01,microcap,微盘股,20,True,20,True,2019-04-30,1042.21,-0.04668924688882292,0.05896124581418327,-0.06429606317344871
limit_up_down_breadth_top,top,limit_up_down_breadth_v1_20120705_20260814,capped_confirmation,limit_up_down_breadth_top::top::limit_up_down_breadth_v1_20120705_20260814::000027,2019-04-01,sse_composite,上证指数,5,True,5,True,2019-04-09,3170.36,0.021858716360287023,0.037248135858388265,-0.0056870513127846856
limit_up_down_breadth_top,top,limit_up_down_breadth_v1_20120705_20260814,capped_confirmation,limit_up_down_breadth_top::top::limit_up_down_breadth_v1_20120705_20260814::000027,2019-04-01,sse_composite,上证指数,10,True,10,True,2019-04-16,3170.36,0.026255693359744647,0.037248135858388265,-0.0056870513127846856
limit_up_down_breadth_top,top,limit_up_down_breadth_v1_20120705_20260814,capped_confirmation,limit_up_down_breadth_top::top::limit_up_down_breadth_v1_20120705_20260814::000027,2019-04-01,sse_composite,上证指数,20,True,20,True,2019-04-30,3170.36,-0.02902509494189931,0.037248135858388265,-0.037954680225589454
limit_up_down_breadth_top,top,limit_up_down_breadth_v1_20120705_20260814,capped_confirmation,limit_up_down_breadth_top::top::limit_up_down_breadth_v1_20120705_20260814::000028,2019-04-10,all_a,全A,5,True,5,True,2019-04-17,4735.919921875,-0.0004644730205614067,0.004465848809237505,-0.03774345912699284
limit_up_down_breadth_top,top,limit_up_down_breadth_v1_20120705_20260814,capped_confirmation,limit_up_down_breadth_top::top::limit_up_down_breadth_v1_20120705_20260814::000028,2019-04-10,all_a,全A,10,True,10,True,2019-04-24,4735.919921875,-0.015724448003972324,0.006355702408991082,-0.03774345912699284
limit_up_down_breadth_top,top,limit_up_down_breadth_v1_20120705_20260814,capped_confirmation,limit_up_down_breadth_top::top::limit_up_down_breadth_v1_20120705_20260814::000028,2019-04-10,all_a,全A,20,True,20,True,2019-05-13,4735.919921875,-0.11873507861089883,0.006355702408991082,-0.14397833668963633
limit_up_down_breadth_top,top,limit_up_down_breadth_v1_20120705_20260814,capped_confirmation,limit_up_down_breadth_top::top::limit_up_down_breadth_v1_20120705_20260814::000028,2019-04-10,cni2000,国证2000,5,True,5,True,2019-04-17,7022.74,0.005217336822949559,0.00981952912965589,-0.038278506679728985
limit_up_down_breadth_top,top,limit_up_down_breadth_v1_20120705_20260814,capped_confirmation,limit_up_down_breadth_top::top::limit_up_down_breadth_v1_20120705_20260814::000028,2019-04-10,cni2000,国证2000,10,True,10,True,2019-04-24,7022.74,-0.013121659067543368,0.00981952912965589,-0.038278506679728985
limit_up_down_breadth_top,top,limit_up_down_breadth_v1_20120705_20260814,capped_confirmation,limit_up_down_breadth_top::top::limit_up_down_breadth_v1_20120705_20260814::000028,2019-04-10,cni2000,国证2000,20,True,20,True,2019-05-13,7022.74,-0.13058151092023906,0.00981952912965589,-0.1734593620153957
limit_up_down_breadth_top,top,limit_up_down_breadth_v1_20120705_20260814,capped_confirmation,limit_up_down_breadth_top::top::limit_up_down_breadth_v1_20120705_20260814::000028,2019-04-10,csi1000,中证1000,5,True,5,True,2019-04-17,6235.71,-0.00025658665973893324,0.005112489195296055,-0.04121102488730244
limit_up_down_breadth_top,top,limit_up_down_breadth_v1_20120705_20260814,capped_confirmation,limit_up_down_breadth_top::top::limit_up_down_breadth_v1_20120705_20260814::000028,2019-04-10,csi1000,中证1000,10,True,10,True,2019-04-24,6235.71,-0.013201383643562603,0.006214208165549628,-0.04121102488730244
limit_up_down_breadth_top,top,limit_up_down_breadth_v1_20120705_20260814,capped_confirmation,limit_up_down_breadth_top::top::limit_up_down_breadth_v1_20120705_20260814::000028,2019-04-10,csi1000,中证1000,20,True,20,True,2019-05-13,6235.71,-0.13311876273912682,0.006214208165549628,-0.17148167570332817
limit_up_down_breadth_top,top,limit_up_down_breadth_v1_20120705_20260814,capped_confirmation,limit_up_down_breadth_top::top::limit_up_down_breadth_v1_20120705_20260814::000028,2019-04-10,csi300,沪深300,5,True,5,True,2019-04-17,4085.85,0.0003401984899102928,0.005083397579451088,-0.034842199297575815
limit_up_down_breadth_top,top,limit_up_down_breadth_v1_20120705_20260814,capped_confirmation,limit_up_down_breadth_top::top::limit_up_down_breadth_v1_20120705_20260814::000028,2019-04-10,csi300,沪深300,10,True,10,True,2019-04-24,4085.85,-0.013647099134818874,0.009848623909345822,-0.034842199297575815
limit_up_down_breadth_top,top,limit_up_down_breadth_v1_20120705_20260814,capped_confirmation,limit_up_down_breadth_top::top::limit_up_down_breadth_v1_20120705_20260814::000028,2019-04-10,csi300,沪深300,20,True,20,True,2019-05-13,4085.85,-0.10208891662689523,0.009848623909345822,-0.1226256470501853
limit_up_down_breadth_top,top,limit_up_down_breadth_v1_20120705_20260814,capped_confirmation,limit_up_down_breadth_top::top::limit_up_down_breadth_v1_20120705_20260814::000028,2019-04-10,csi500,中证500,5,True,5,True,2019-04-17,5850.76,-0.0073546000861427485,0.002762034334001129,-0.04566073467378606
limit_up_down_breadth_top,top,limit_up_down_breadth_v1_20120705_20260814,capped_confirmation,limit_up_down_breadth_top::top::limit_up_down_breadth_v1_20120705_20260814::000028,2019-04-10,csi500,中证500,10,True,10,True,2019-04-24,5850.76,-0.029232099761398622,0.002762034334001129,-0.048258687760222685
limit_up_down_breadth_top,top,limit_up_down_breadth_v1_20120705_20260814,capped_confirmation,limit_up_down_breadth_top::top::limit_up_down_breadth_v1_20120705_20260814::000028,2019-04-10,csi500,中证500,20,True,20,True,2019-05-13,5850.76,-0.14440175293466162,0.002762034334001129,-0.1723194935358825
limit_up_down_breadth_top,top,limit_up_down_breadth_v1_20120705_20260814,capped_confirmation,limit_up_down_breadth_top::top::limit_up_down_breadth_v1_20120705_20260814::000028,2019-04-10,microcap,微盘股,5,True,5,True,2019-04-17,1085.43,0.010696221773859094,0.013340335166708073,-0.03575541490469236
limit_up_down_breadth_top,top,limit_up_down_breadth_v1_20120705_20260814,capped_confirmation,limit_up_down_breadth_top::top::limit_up_down_breadth_v1_20120705_20260814::000028,2019-04-10,microcap,微盘股,10,True,10,True,2019-04-24,1085.43,-0.002432215803875093,0.016795187160848712,-0.03575541490469236
limit_up_down_breadth_top,top,limit_up_down_breadth_v1_20120705_20260814,capped_confirmation,limit_up_down_breadth_top::top::limit_up_down_breadth_v1_20120705_20260814::000028,2019-04-10,microcap,微盘股,20,True,20,True,2019-05-13,1085.43,-0.09755580737587877,0.016795187160848712,-0.15673051233151847
limit_up_down_breadth_top,top,limit_up_down_breadth_v1_20120705_20260814,capped_confirmation,limit_up_down_breadth_top::top::limit_up_down_breadth_v1_20120705_20260814::000028,2019-04-10,sse_composite,上证指数,5,True,5,True,2019-04-17,3241.93,0.006536229961781936,0.010302504989311956,-0.027366414450651244
limit_up_down_breadth_top,top,limit_up_down_breadth_v1_20120705_20260814,capped_confirmation,limit_up_down_breadth_top::top::limit_up_down_breadth_v1_20120705_20260814::000028,2019-04-10,sse_composite,上证指数,10,True,10,True,2019-04-24,3241.93,-0.012437035963145271,0.011585691239477613,-0.027366414450651244
limit_up_down_breadth_top,top,limit_up_down_breadth_v1_20120705_20260814,capped_confirmation,limit_up_down_breadth_top::top::limit_up_down_breadth_v1_20120705_20260814::000028,2019-04-10,sse_composite,上证指数,20,True,20,True,2019-05-13,3241.93,-0.10432674363727779,0.011585691239477613,-0.12447832001307857
limit_up_down_breadth_top,top,limit_up_down_breadth_v1_20120705_20260814,capped_confirmation,limit_up_down_breadth_top::top::limit_up_down_breadth_v1_20120705_20260814::000029,2019-04-25,all_a,全A,5,True,5,True,2019-05-07,4518.35986328125,-0.07590364010724038,0.0019365434061831,-0.09409385600265241
limit_up_down_breadth_top,top,limit_up_down_breadth_v1_20120705_20260814,capped_confirmation,limit_up_down_breadth_top::top::limit_up_down_breadth_v1_20120705_20260814::000029,2019-04-25,all_a,全A,10,True,10,True,2019-05-14,4518.35986328125,-0.08264058500036908,0.0019365434061831,-0.1027606982406093
limit_up_down_breadth_top,top,limit_up_down_breadth_v1_20120705_20260814,capped_confirmation,limit_up_down_breadth_top::top::limit_up_down_breadth_v1_20120705_20260814::000029,2019-04-25,all_a,全A,20,True,20,True,2019-05-28,4518.35986328125,-0.07936726470052036,0.0019365434061831,-0.1071273226498527
limit_up_down_breadth_top,top,limit_up_down_breadth_v1_20120705_20260814,capped_confirmation,limit_up_down_breadth_top::top::limit_up_down_breadth_v1_20120705_20260814::000029,2019-04-25,cni2000,国证2000,5,True,5,True,2019-05-07,6636.04,-0.1011597277894648,0.0031600171186429993,-0.12051313735299962
limit_up_down_breadth_top,top,limit_up_down_breadth_v1_20120705_20260814,capped_confirmation,limit_up_down_breadth_top::top::limit_up_down_breadth_v1_20120705_20260814::000029,2019-04-25,cni2000,国证2000,10,True,10,True,2019-05-14,6636.04,-0.08563540906926415,0.0031600171186429993,-0.12529460340805665
limit_up_down_breadth_top,top,limit_up_down_breadth_v1_20120705_20260814,capped_confirmation,limit_up_down_breadth_top::top::limit_up_down_breadth_v1_20120705_20260814::000029,2019-04-25,cni2000,国证2000,20,True,20,True,2019-05-28,6636.04,-0.08647024430232486,0.0031600171186429993,-0.12529460340805665
limit_up_down_breadth_top,top,limit_up_down_breadth_v1_20120705_20260814,capped_confirmation,limit_up_down_breadth_top::top::limit_up_down_breadth_v1_20120705_20260814::000029,2019-04-25,csi1000,中证1000,5,True,5,True,2019-05-07,5899.91,-0.09956253569969709,0.004428881118525574,-0.1164288946780544
limit_up_down_breadth_top,top,limit_up_down_breadth_v1_20120705_20260814,capped_confirmation,limit_up_down_breadth_top::top::limit_up_down_breadth_v1_20120705_20260814::000029,2019-04-25,csi1000,中证1000,10,True,10,True,2019-05-14,5899.91,-0.09011662889772898,0.004428881118525574,-0.12432562530614877
limit_up_down_breadth_top,top,limit_up_down_breadth_v1_20120705_20260814,capped_confirmation,limit_up_down_breadth_top::top::limit_up_down_breadth_v1_20120705_20260814::000029,2019-04-25,csi1000,中证1000,20,True,20,True,2019-05-28,5899.91,-0.09243869821743045,0.004428881118525574,-0.12432562530614877
limit_up_down_breadth_top,top,limit_up_down_breadth_v1_20120705_20260814,capped_confirmation,limit_up_down_breadth_top::top::limit_up_down_breadth_v1_20120705_20260814::000029,2019-04-25,csi300,沪深300,5,True,5,True,2019-05-07,3941.82,-0.05610352578250655,0.0028946019858846483,-0.07475734559163039
limit_up_down_breadth_top,top,limit_up_down_breadth_v1_20120705_20260814,capped_confirmation,limit_up_down_breadth_top::top::limit_up_down_breadth_v1_20120705_20260814::000029,2019-04-25,csi300,沪深300,10,True,10,True,2019-05-14,3941.82,-0.0752621885322009,0.0028946019858846483,-0.09056730139884617
limit_up_down_breadth_top,top,limit_up_down_breadth_v1_20120705_20260814,capped_confirmation,limit_up_down_breadth_top::top::limit_up_down_breadth_v1_20120705_20260814::000029,2019-04-25,csi300,沪深300,20,True,20,True,2019-05-28,3941.82,-0.06838465480412603,0.0028946019858846483,-0.09781268551075395
limit_up_down_breadth_top,top,limit_up_down_breadth_v1_20120705_20260814,capped_confirmation,limit_up_down_breadth_top::top::limit_up_down_breadth_v1_20120705_20260814::000029,2019-04-25,csi500,中证500,5,True,5,True,2019-05-07,5458.42,-0.08885721509154676,0.0068921043085727884,-0.10695036292553517
limit_up_down_breadth_top,top,limit_up_down_breadth_v1_20120705_20260814,capped_confirmation,limit_up_down_breadth_top::top::limit_up_down_breadth_v1_20120705_20260814::000029,2019-04-25,csi500,中证500,10,True,10,True,2019-05-14,5458.42,-0.09028436800392792,0.0068921043085727884,-0.11282752151721553
limit_up_down_breadth_top,top,limit_up_down_breadth_v1_20120705_20260814,capped_confirmation,limit_up_down_breadth_top::top::limit_up_down_breadth_v1_20120705_20260814::000029,2019-04-25,csi500,中证500,20,True,20,True,2019-05-28,5458.42,-0.09213838436763755,0.0068921043085727884,-0.1162021244242839
limit_up_down_breadth_top,top,limit_up_down_breadth_v1_20120705_20260814,capped_confirmation,limit_up_down_breadth_top::top::limit_up_down_breadth_v1_20120705_20260814::000029,2019-04-25,microcap,微盘股,5,True,5,True,2019-05-07,1035.76,-0.08868849926623934,0.002471615045956499,-0.1162914188615124
limit_up_down_breadth_top,top,limit_up_down_breadth_v1_20120705_20260814,capped_confirmation,limit_up_down_breadth_top::top::limit_up_down_breadth_v1_20120705_20260814::000029,2019-04-25,microcap,微盘股,10,True,10,True,2019-05-14,1035.76,-0.06033250946165136,0.002471615045956499,-0.1162914188615124
limit_up_down_breadth_top,top,limit_up_down_breadth_v1_20120705_20260814,capped_confirmation,limit_up_down_breadth_top::top::limit_up_down_breadth_v1_20120705_20260814::000029,2019-04-25,microcap,微盘股,20,True,20,True,2019-05-28,1035.76,-0.050098478411987335,0.002471615045956499,-0.1162914188615124
limit_up_down_breadth_top,top,limit_up_down_breadth_v1_20120705_20260814,capped_confirmation,limit_up_down_breadth_top::top::limit_up_down_breadth_v1_20120705_20260814::000029,2019-04-25,sse_composite,上证指数,5,True,5,True,2019-05-07,3123.83,-0.06320446375122846,0.0017222448084563968,-0.0791848468066445
limit_up_down_breadth_top,top,limit_up_down_breadth_v1_20120705_20260814,capped_confirmation,limit_up_down_breadth_top::top::limit_up_down_breadth_v1_20120705_20260814::000029,2019-04-25,sse_composite,上证指数,10,True,10,True,2019-05-14,3123.83,-0.07689919105713172,0.0017222448084563968,-0.09137821200257368
limit_up_down_breadth_top,top,limit_up_down_breadth_v1_20120705_20260814,capped_confirmation,limit_up_down_breadth_top::top::limit_up_down_breadth_v1_20120705_20260814::000029,2019-04-25,sse_composite,上证指数,20,True,20,True,2019-05-28,3123.83,-0.06848003892657417,0.0017222448084563968,-0.09308765201691516
limit_up_down_breadth_top,top,limit_up_down_breadth_v1_20120705_20260814,capped_confirmation,limit_up_down_breadth_top::top::limit_up_down_breadth_v1_20120705_20260814::000030,2020-04-15,all_a,全A,5,True,5,True,2020-04-22,4350.68994140625,0.017459290816055795,0.017725951108015003,-0.00639210308440441
limit_up_down_breadth_top,top,limit_up_down_breadth_v1_20120705_20260814,capped_confirmation,limit_up_down_breadth_top::top::limit_up_down_breadth_v1_20120705_20260814::000030,2020-04-15,all_a,全A,10,True,10,True,2020-04-29,4350.68994140625,0.00040459189920594163,0.020913978150690626,-0.025313199583444357
limit_up_down_breadth_top,top,limit_up_down_breadth_v1_20120705_20260814,capped_confirmation,limit_up_down_breadth_top::top::limit_up_down_breadth_v1_20120705_20260814::000030,2020-04-15,all_a,全A,20,True,20,True,2020-05-18,4350.68994140625,0.03129622153813827,0.04601573497737932,-0.025313199583444357
limit_up_down_breadth_top,top,limit_up_down_breadth_v1_20120705_20260814,capped_confirmation,limit_up_down_breadth_top::top::limit_up_down_breadth_v1_20120705_20260814::000030,2020-04-15,cni2000,国证2000,5,True,5,True,2020-04-22,6272.33,0.027085628466614553,0.027090411378227985,-0.008290380129872044
limit_up_down_breadth_top,top,limit_up_down_breadth_v1_20120705_20260814,capped_confirmation,limit_up_down_breadth_top::top::limit_up_down_breadth_v1_20120705_20260814::000030,2020-04-15,cni2000,国证2000,10,True,10,True,2020-04-29,6272.33,-0.029995233031425372,0.02996175265013168,-0.05585165321339913
limit_up_down_breadth_top,top,limit_up_down_breadth_v1_20120705_20260814,capped_confirmation,limit_up_down_breadth_top::top::limit_up_down_breadth_v1_20120705_20260814::000030,2020-04-15,cni2000,国证2000,20,True,20,True,2020-05-18,6272.33,0.017792431201802295,0.02996175265013168,-0.05585165321339913
limit_up_down_breadth_top,top,limit_up_down_breadth_v1_20120705_20260814,capped_confirmation,limit_up_down_breadth_top::top::limit_up_down_breadth_v1_20120705_20260814::000030,2020-04-15,csi1000,中证1000,5,True,5,True,2020-04-22,5657.95,0.02980054613420058,0.029804080983395043,-0.007228766602744741
limit_up_down_breadth_top,top,limit_up_down_breadth_v1_20120705_20260814,capped_confirmation,limit_up_down_breadth_top::top::limit_up_down_breadth_v1_20120705_20260814::000030,2020-04-15,csi1000,中证1000,10,True,10,True,2020-04-29,5657.95,-0.019498228156841213,0.03330358168594638,-0.04637368658259622
limit_up_down_breadth_top,top,limit_up_down_breadth_v1_20120705_20260814,capped_confirmation,limit_up_down_breadth_top::top::limit_up_down_breadth_v1_20120705_20260814::000030,2020-04-15,csi1000,中证1000,20,True,20,True,2020-05-18,5657.95,0.03571788368578721,0.047158423103774494,-0.04637368658259622
limit_up_down_breadth_top,top,limit_up_down_breadth_v1_20120705_20260814,capped_confirmation,limit_up_down_breadth_top::top::limit_up_down_breadth_v1_20120705_20260814::000030,2020-04-15,csi300,沪深300,5,True,5,True,2020-04-22,3797.36,0.011065582404617968,0.017404196599742905,-0.006004171319021645
limit_up_down_breadth_top,top,limit_up_down_breadth_v1_20120705_20260814,capped_confirmation,limit_up_down_breadth_top::top::limit_up_down_breadth_v1_20120705_20260814::000030,2020-04-15,csi300,沪深300,10,True,10,True,2020-04-29,3797.36,0.018346956833168226,0.021957359850000913,-0.007679019108011942
limit_up_down_breadth_top,top,limit_up_down_breadth_v1_20120705_20260814,capped_confirmation,limit_up_down_breadth_top::top::limit_up_down_breadth_v1_20120705_20260814::000030,2020-04-15,csi300,沪深300,20,True,20,True,2020-05-18,3797.36,0.03306244338171771,0.05286304169212297,-0.007679019108011942
limit_up_down_breadth_top,top,limit_up_down_breadth_v1_20120705_20260814,capped_confirmation,limit_up_down_breadth_top::top::limit_up_down_breadth_v1_20120705_20260814::000030,2020-04-15,csi500,中证500,5,True,5,True,2020-04-22,5268.75,0.022561328588374785,0.02267330960854097,-0.005754685646500501
limit_up_down_breadth_top,top,limit_up_down_breadth_v1_20120705_20260814,capped_confirmation,limit_up_down_breadth_top::top::limit_up_down_breadth_v1_20120705_20260814::000030,2020-04-15,csi500,中证500,10,True,10,True,2020-04-29,5268.75,-0.007960142348754418,0.026332621589560956,-0.03163748517200471
limit_up_down_breadth_top,top,limit_up_down_breadth_v1_20120705_20260814,capped_confirmation,limit_up_down_breadth_top::top::limit_up_down_breadth_v1_20120705_20260814::000030,2020-04-15,csi500,中证500,20,True,20,True,2020-05-18,5268.75,0.03987093712930001,0.05298979833926443,-0.03163748517200471
limit_up_down_breadth_top,top,limit_up_down_breadth_v1_20120705_20260814,capped_confirmation,limit_up_down_breadth_top::top::limit_up_down_breadth_v1_20120705_20260814::000030,2020-04-15,microcap,微盘股,5,True,5,True,2020-04-22,1073.24,0.011171778912451913,0.01121836681450561,-0.009215087026201108
limit_up_down_breadth_top,top,limit_up_down_breadth_v1_20120705_20260814,capped_confirmation,limit_up_down_breadth_top::top::limit_up_down_breadth_v1_20120705_20260814::000030,2020-04-15,microcap,微盘股,10,True,10,True,2020-04-29,1073.24,-0.05407923670381276,0.013827289329506831,-0.07343185121687601
limit_up_down_breadth_top,top,limit_up_down_breadth_v1_20120705_20260814,capped_confirmation,limit_up_down_breadth_top::top::limit_up_down_breadth_v1_20120705_20260814::000030,2020-04-15,microcap,微盘股,20,True,20,True,2020-05-18,1073.24,-0.018299727926652132,0.013827289329506831,-0.07343185121687601
limit_up_down_breadth_top,top,limit_up_down_breadth_v1_20120705_20260814,capped_confirmation,limit_up_down_breadth_top::top::limit_up_down_breadth_v1_20120705_20260814::000030,2020-04-15,sse_composite,上证指数,5,True,5,True,2020-04-22,2811.17,0.011671297004450132,0.015577144036112989,-0.005097521672470906
limit_up_down_breadth_top,top,limit_up_down_breadth_v1_20120705_20260814,capped_confirmation,limit_up_down_breadth_top::top::limit_up_down_breadth_v1_20120705_20260814::000030,2020-04-15,sse_composite,上证指数,10,True,10,True,2020-04-29,2811.17,0.004009006925941971,0.015577144036112989,-0.01882490208703136
limit_up_down_breadth_top,top,limit_up_down_breadth_v1_20120705_20260814,capped_confirmation,limit_up_down_breadth_top::top::limit_up_down_breadth_v1_20120705_20260814::000030,2020-04-15,sse_composite,上证指数,20,True,20,True,2020-05-18,2811.17,0.022855252439375695,0.03667867827274773,-0.01882490208703136
limit_up_down_breadth_top,top,limit_up_down_breadth_v1_20120705_20260814,capped_confirmation,limit_up_down_breadth_top::top::limit_up_down_breadth_v1_20120705_20260814::000031,2020-07-15,all_a,全A,5,True,5,True,2020-07-22,5445.830078125,-0.004724712321102942,0.007783962428248303,-0.056637819575972914
limit_up_down_breadth_top,top,limit_up_down_breadth_v1_20120705_20260814,capped_confirmation,limit_up_down_breadth_top::top::limit_up_down_breadth_v1_20120705_20260814::000031,2020-07-15,all_a,全A,10,True,10,True,2020-07-29,5445.830078125,-0.013924429708080166,0.007783962428248303,-0.05788832840493996
limit_up_down_breadth_top,top,limit_up_down_breadth_v1_20120705_20260814,capped_confirmation,limit_up_down_breadth_top::top::limit_up_down_breadth_v1_20120705_20260814::000031,2020-07-15,all_a,全A,20,True,20,True,2020-08-12,5445.830078125,-0.015129031853141628,0.020676388363372933,-0.05788832840493996
limit_up_down_breadth_top,top,limit_up_down_breadth_v1_20120705_20260814,capped_confirmation,limit_up_down_breadth_top::top::limit_up_down_breadth_v1_20120705_20260814::000031,2020-07-15,cni2000,国证2000,5,True,5,True,2020-07-22,7686.62,0.0006049472980322879,0.00767307347052415,-0.05853418017281986
limit_up_down_breadth_top,top,limit_up_down_breadth_v1_20120705_20260814,capped_confirmation,limit_up_down_breadth_top::top::limit_up_down_breadth_v1_20120705_20260814::000031,2020-07-15,cni2000,国证2000,10,True,10,True,2020-07-29,7686.62,-0.008756774759256958,0.00767307347052415,-0.05853418017281986
limit_up_down_breadth_top,top,limit_up_down_breadth_v1_20120705_20260814,capped_confirmation,limit_up_down_breadth_top::top::limit_up_down_breadth_v1_20120705_20260814::000031,2020-07-15,cni2000,国证2000,20,True,20,True,2020-08-12,7686.62,0.0024991478699349923,0.04389185363657888,-0.05853418017281986
limit_up_down_breadth_top,top,limit_up_down_breadth_v1_20120705_20260814,capped_confirmation,limit_up_down_breadth_top::top::limit_up_down_breadth_v1_20120705_20260814::000031,2020-07-15,csi1000,中证1000,5,True,5,True,2020-07-22,7131.46,-0.0008259178344968143,0.006973326639986732,-0.061840072018913395
limit_up_down_breadth_top,top,limit_up_down_breadth_v1_20120705_20260814,capped_confirmation,limit_up_down_breadth_top::top::limit_up_down_breadth_v1_20120705_20260814::000031,2020-07-15,csi1000,中证1000,10,True,10,True,2020-07-29,7131.46,-0.00994606994921099,0.006973326639986732,-0.061840072018913395
limit_up_down_breadth_top,top,limit_up_down_breadth_v1_20120705_20260814,capped_confirmation,limit_up_down_breadth_top::top::limit_up_down_breadth_v1_20120705_20260814::000031,2020-07-15,csi1000,中证1000,20,True,20,True,2020-08-12,7131.46,-0.005482748273144655,0.04567087244407175,-0.061840072018913395
limit_up_down_breadth_top,top,limit_up_down_breadth_v1_20120705_20260814,capped_confirmation,limit_up_down_breadth_top::top::limit_up_down_breadth_v1_20120705_20260814::000031,2020-07-15,csi300,沪深300,5,True,5,True,2020-07-22,4744.47,-0.006327366386551181,0.009691282693325087,-0.05451609979618388
limit_up_down_breadth_top,top,limit_up_down_breadth_v1_20120705_20260814,capped_confirmation,limit_up_down_breadth_top::top::limit_up_down_breadth_v1_20120705_20260814::000031,2020-07-15,csi300,沪深300,10,True,10,True,2020-07-29,4744.47,-0.013797115378535452,0.009691282693325087,-0.05587136181702068
limit_up_down_breadth_top,top,limit_up_down_breadth_v1_20120705_20260814,capped_confirmation,limit_up_down_breadth_top::top::limit_up_down_breadth_v1_20120705_20260814::000031,2020-07-15,csi300,沪深300,20,True,20,True,2020-08-12,4744.47,-0.02040902355795271,0.013196416038040004,-0.05587136181702068
limit_up_down_breadth_top,top,limit_up_down_breadth_v1_20120705_20260814,capped_confirmation,limit_up_down_breadth_top::top::limit_up_down_breadth_v1_20120705_20260814::000031,2020-07-15,csi500,中证500,5,True,5,True,2020-07-22,6638.84,-0.002733911345958129,0.010869368745142216,-0.05511505021961671
limit_up_down_breadth_top,top,limit_up_down_breadth_v1_20120705_20260814,capped_confirmation,limit_up_down_breadth_top::top::limit_up_down_breadth_v1_20120705_20260814::000031,2020-07-15,csi500,中证500,10,True,10,True,2020-07-29,6638.84,-0.01635376059673066,0.010869368745142216,-0.061662880864729375
limit_up_down_breadth_top,top,limit_up_down_breadth_v1_20120705_20260814,capped_confirmation,limit_up_down_breadth_top::top::limit_up_down_breadth_v1_20120705_20260814::000031,2020-07-15,csi500,中证500,20,True,20,True,2020-08-12,6638.84,-0.01663543631116282,0.023112471455856598,-0.061662880864729375
limit_up_down_breadth_top,top,limit_up_down_breadth_v1_20120705_20260814,capped_confirmation,limit_up_down_breadth_top::top::limit_up_down_breadth_v1_20120705_20260814::000031,2020-07-15,microcap,微盘股,5,True,5,True,2020-07-22,1252.95,0.007023424717666371,0.015084400814078691,-0.04323396783590727
limit_up_down_breadth_top,top,limit_up_down_breadth_v1_20120705_20260814,capped_confirmation,limit_up_down_breadth_top::top::limit_up_down_breadth_v1_20120705_20260814::000031,2020-07-15,microcap,微盘股,10,True,10,True,2020-07-29,1252.95,0.005171794564827081,0.015084400814078691,-0.04323396783590727
limit_up_down_breadth_top,top,limit_up_down_breadth_v1_20120705_20260814,capped_confirmation,limit_up_down_breadth_top::top::limit_up_down_breadth_v1_20120705_20260814::000031,2020-07-15,microcap,微盘股,20,True,20,True,2020-08-12,1252.95,0.033632627000279136,0.05693762719980833,-0.04323396783590727
limit_up_down_breadth_top,top,limit_up_down_breadth_v1_20120705_20260814,capped_confirmation,limit_up_down_breadth_top::top::limit_up_down_breadth_v1_20120705_20260814::000031,2020-07-15,sse_composite,上证指数,5,True,5,True,2020-07-22,3361.3,-0.008371760925832361,0.006152381519055172,-0.05355963466515934
limit_up_down_breadth_top,top,limit_up_down_breadth_v1_20120705_20260814,capped_confirmation,limit_up_down_breadth_top::top::limit_up_down_breadth_v1_20120705_20260814::000031,2020-07-15,sse_composite,上证指数,10,True,10,True,2020-07-29,3361.3,-0.0198583881236426,0.006152381519055172,-0.055526135721298386
limit_up_down_breadth_top,top,limit_up_down_breadth_v1_20120705_20260814,capped_confirmation,limit_up_down_breadth_top::top::limit_up_down_breadth_v1_20120705_20260814::000031,2020-07-15,sse_composite,上证指数,20,True,20,True,2020-08-12,3361.3,-0.012504090679201552,0.01420878826644456,-0.055526135721298386
limit_up_down_breadth_top,top,limit_up_down_breadth_v1_20120705_20260814,capped_confirmation,limit_up_down_breadth_top::top::limit_up_down_breadth_v1_20120705_20260814::000032,2020-08-11,all_a,全A,5,True,5,True,2020-08-18,5414.81982421875,0.028361112185696147,0.030979793501107578,-0.02906276367726701
limit_up_down_breadth_top,top,limit_up_down_breadth_v1_20120705_20260814,capped_confirmation,limit_up_down_breadth_top::top::limit_up_down_breadth_v1_20120705_20260814::000032,2020-08-11,all_a,全A,10,True,10,True,2020-08-25,5414.81982421875,0.012580310961192165,0.030979793501107578,-0.02906276367726701
limit_up_down_breadth_top,top,limit_up_down_breadth_v1_20120705_20260814,capped_confirmation,limit_up_down_breadth_top::top::limit_up_down_breadth_v1_20120705_20260814::000032,2020-08-11,all_a,全A,20,True,20,True,2020-09-08,5414.81982421875,-0.001106176435817785,0.03572606321031402,-0.02906276367726701
limit_up_down_breadth_top,top,limit_up_down_breadth_v1_20120705_20260814,capped_confirmation,limit_up_down_breadth_top::top::limit_up_down_breadth_v1_20120705_20260814::000032,2020-08-11,cni2000,国证2000,5,True,5,True,2020-08-18,7794.69,0.033239294955925036,0.03434774186016387,-0.03420790307247623
limit_up_down_breadth_top,top,limit_up_down_breadth_v1_20120705_20260814,capped_confirmation,limit_up_down_breadth_top::top::limit_up_down_breadth_v1_20120705_20260814::000032,2020-08-11,cni2000,国证2000,10,True,10,True,2020-08-25,7794.69,0.012691973638464082,0.03434774186016387,-0.03420790307247623
limit_up_down_breadth_top,top,limit_up_down_breadth_v1_20120705_20260814,capped_confirmation,limit_up_down_breadth_top::top::limit_up_down_breadth_v1_20120705_20260814::000032,2020-08-11,cni2000,国证2000,20,True,20,True,2020-09-08,7794.69,0.010614918617674496,0.03434774186016387,-0.03420790307247623
limit_up_down_breadth_top,top,limit_up_down_breadth_v1_20120705_20260814,capped_confirmation,limit_up_down_breadth_top::top::limit_up_down_breadth_v1_20120705_20260814::000032,2020-08-11,csi1000,中证1000,5,True,5,True,2020-08-18,7213.45,0.027280982054356695,0.028930678108256114,-0.03897580214737739
limit_up_down_breadth_top,top,limit_up_down_breadth_v1_20120705_20260814,capped_confirmation,limit_up_down_breadth_top::top::limit_up_down_breadth_v1_20120705_20260814::000032,2020-08-11,csi1000,中证1000,10,True,10,True,2020-08-25,7213.45,3.1884881714017155e-05,0.028930678108256114,-0.03897580214737739
limit_up_down_breadth_top,top,limit_up_down_breadth_v1_20120705_20260814,capped_confirmation,limit_up_down_breadth_top::top::limit_up_down_breadth_v1_20120705_20260814::000032,2020-08-11,csi1000,中证1000,20,True,20,True,2020-09-08,7213.45,-0.015299198025909844,0.028930678108256114,-0.03897580214737739
limit_up_down_breadth_top,top,limit_up_down_breadth_v1_20120705_20260814,capped_confirmation,limit_up_down_breadth_top::top::limit_up_down_breadth_v1_20120705_20260814::000032,2020-08-11,csi300,沪深300,5,True,5,True,2020-08-18,4681.78,0.02797653883779261,0.03338687422305209,-0.024672240045452654
limit_up_down_breadth_top,top,limit_up_down_breadth_v1_20120705_20260814,capped_confirmation,limit_up_down_breadth_top::top::limit_up_down_breadth_v1_20120705_20260814::000032,2020-08-11,csi300,沪深300,10,True,10,True,2020-08-25,4681.78,0.017123828971032484,0.03338687422305209,-0.024672240045452654
limit_up_down_breadth_top,top,limit_up_down_breadth_v1_20120705_20260814,capped_confirmation,limit_up_down_breadth_top::top::limit_up_down_breadth_v1_20120705_20260814::000032,2020-08-11,csi300,沪深300,20,True,20,True,2020-09-08,4681.78,0.0026934200240080752,0.046868925921337734,-0.024672240045452654
limit_up_down_breadth_top,top,limit_up_down_breadth_v1_20120705_20260814,capped_confirmation,limit_up_down_breadth_top::top::limit_up_down_breadth_v1_20120705_20260814::000032,2020-08-11,csi500,中证500,5,True,5,True,2020-08-18,6600.85,0.02856450305642455,0.031921646454623254,-0.03118386268435125
limit_up_down_breadth_top,top,limit_up_down_breadth_v1_20120705_20260814,capped_confirmation,limit_up_down_breadth_top::top::limit_up_down_breadth_v1_20120705_20260814::000032,2020-08-11,csi500,中证500,10,True,10,True,2020-08-25,6600.85,0.007832324624858833,0.031921646454623254,-0.03118386268435125
limit_up_down_breadth_top,top,limit_up_down_breadth_v1_20120705_20260814,capped_confirmation,limit_up_down_breadth_top::top::limit_up_down_breadth_v1_20120705_20260814::000032,2020-08-11,csi500,中证500,20,True,20,True,2020-09-08,6600.85,-0.011475794784005067,0.031921646454623254,-0.03118386268435125
limit_up_down_breadth_top,top,limit_up_down_breadth_v1_20120705_20260814,capped_confirmation,limit_up_down_breadth_top::top::limit_up_down_breadth_v1_20120705_20260814::000032,2020-08-11,microcap,微盘股,5,True,5,True,2020-08-18,1293.65,0.041618675839678376,0.041618675839678376,-0.021497313802033124
limit_up_down_breadth_top,top,limit_up_down_breadth_v1_20120705_20260814,capped_confirmation,limit_up_down_breadth_top::top::limit_up_down_breadth_v1_20120705_20260814::000032,2020-08-11,microcap,微盘股,10,True,10,True,2020-08-25,1293.65,0.05420322343756023,0.054489235882966724,-0.021497313802033124
limit_up_down_breadth_top,top,limit_up_down_breadth_v1_20120705_20260814,capped_confirmation,limit_up_down_breadth_top::top::limit_up_down_breadth_v1_20120705_20260814::000032,2020-08-11,microcap,微盘股,20,True,20,True,2020-09-08,1293.65,0.11372473234646141,0.11372473234646141,-0.021497313802033124
limit_up_down_breadth_top,top,limit_up_down_breadth_v1_20120705_20260814,capped_confirmation,limit_up_down_breadth_top::top::limit_up_down_breadth_v1_20120705_20260814::000032,2020-08-11,sse_composite,上证指数,5,True,5,True,2020-08-18,3340.29,0.03317077259758894,0.034856254995823566,-0.023057878208179505
limit_up_down_breadth_top,top,limit_up_down_breadth_v1_20120705_20260814,capped_confirmation,limit_up_down_breadth_top::top::limit_up_down_breadth_v1_20120705_20260814::000032,2020-08-11,sse_composite,上证指数,10,True,10,True,2020-08-25,3340.29,0.009966200539474057,0.034856254995823566,-0.023057878208179505
limit_up_down_breadth_top,top,limit_up_down_breadth_v1_20120705_20260814,capped_confirmation,limit_up_down_breadth_top::top::limit_up_down_breadth_v1_20120705_20260814::000032,2020-08-11,sse_composite,上证指数,20,True,20,True,2020-09-08,3340.29,-0.007146086118271167,0.034856254995823566,-0.023057878208179505
limit_up_down_breadth_top,top,limit_up_down_breadth_v1_20120705_20260814,capped_confirmation,limit_up_down_breadth_top::top::limit_up_down_breadth_v1_20120705_20260814::000033,2021-08-31,all_a,全A,5,True,5,True,2021-09-07,5759.25634765625,0.03206938355095312,0.03316315608441811,-0.015025997975236405
limit_up_down_breadth_top,top,limit_up_down_breadth_v1_20120705_20260814,capped_confirmation,limit_up_down_breadth_top::top::limit_up_down_breadth_v1_20120705_20260814::000033,2021-08-31,all_a,全A,10,True,10,True,2021-09-14,5759.25634765625,0.028010191135075857,0.04429604957440714,-0.015025997975236405
limit_up_down_breadth_top,top,limit_up_down_breadth_v1_20120705_20260814,capped_confirmation,limit_up_down_breadth_top::top::limit_up_down_breadth_v1_20120705_20260814::000033,2021-08-31,all_a,全A,20,True,20,True,2021-09-30,5759.25634765625,-0.006215707272184234,0.04429604957440714,-0.024262063863395134
limit_up_down_breadth_top,top,limit_up_down_breadth_v1_20120705_20260814,capped_confirmation,limit_up_down_breadth_top::top::limit_up_down_breadth_v1_20120705_20260814::000033,2021-08-31,cni2000,国证2000,5,True,5,True,2021-09-07,8644.6,0.0253684381000856,0.025369594891608616,-0.029306156444485643
limit_up_down_breadth_top,top,limit_up_down_breadth_v1_20120705_20260814,capped_confirmation,limit_up_down_breadth_top::top::limit_up_down_breadth_v1_20120705_20260814::000033,2021-08-31,cni2000,国证2000,10,True,10,True,2021-09-14,8644.6,0.035764523517571645,0.05216088656502316,-0.029306156444485643
limit_up_down_breadth_top,top,limit_up_down_breadth_v1_20120705_20260814,capped_confirmation,limit_up_down_breadth_top::top::limit_up_down_breadth_v1_20120705_20260814::000033,2021-08-31,cni2000,国证2000,20,True,20,True,2021-09-30,8644.6,-0.0370288966522454,0.05428128542674027,-0.06517132082456101
limit_up_down_breadth_top,top,limit_up_down_breadth_v1_20120705_20260814,capped_confirmation,limit_up_down_breadth_top::top::limit_up_down_breadth_v1_20120705_20260814::000033,2021-08-31,csi1000,中证1000,5,True,5,True,2021-09-07,7728.42,0.01939982557883768,0.019855287367922525,-0.030104471547871325
limit_up_down_breadth_top,top,limit_up_down_breadth_v1_20120705_20260814,capped_confirmation,limit_up_down_breadth_top::top::limit_up_down_breadth_v1_20120705_20260814::000033,2021-08-31,csi1000,中证1000,10,True,10,True,2021-09-14,7728.42,0.024387908524640123,0.040642201122609745,-0.030104471547871325
limit_up_down_breadth_top,top,limit_up_down_breadth_v1_20120705_20260814,capped_confirmation,limit_up_down_breadth_top::top::limit_up_down_breadth_v1_20120705_20260814::000033,2021-08-31,csi1000,中证1000,20,True,20,True,2021-09-30,7728.42,-0.04178861914854526,0.040642201122609745,-0.06848877260811403
limit_up_down_breadth_top,top,limit_up_down_breadth_v1_20120705_20260814,capped_confirmation,limit_up_down_breadth_top::top::limit_up_down_breadth_v1_20120705_20260814::000033,2021-08-31,csi300,沪深300,5,True,5,True,2021-09-07,4805.61,0.03895863376345576,0.04169085714404641,-0.008804293315520684
limit_up_down_breadth_top,top,limit_up_down_breadth_v1_20120705_20260814,capped_confirmation,limit_up_down_breadth_top::top::limit_up_down_breadth_v1_20120705_20260814::000033,2021-08-31,csi300,沪深300,10,True,10,True,2021-09-14,4805.61,0.023212453777980313,0.04935689745942784,-0.008804293315520684
limit_up_down_breadth_top,top,limit_up_down_breadth_v1_20120705_20260814,capped_confirmation,limit_up_down_breadth_top::top::limit_up_down_breadth_v1_20120705_20260814::000033,2021-08-31,csi300,沪深300,20,True,20,True,2021-09-30,4805.61,0.01264563707833144,0.04935689745942784,-0.008804293315520684
limit_up_down_breadth_top,top,limit_up_down_breadth_v1_20120705_20260814,capped_confirmation,limit_up_down_breadth_top::top::limit_up_down_breadth_v1_20120705_20260814::000033,2021-08-31,csi500,中证500,5,True,5,True,2021-09-07,7255.34,0.03357389178177739,0.03387711671679061,-0.021367709852329386
limit_up_down_breadth_top,top,limit_up_down_breadth_v1_20120705_20260814,capped_confirmation,limit_up_down_breadth_top::top::limit_up_down_breadth_v1_20120705_20260814::000033,2021-08-31,csi500,中证500,10,True,10,True,2021-09-14,7255.34,0.04152527655492366,0.05971601606540844,-0.021367709852329386
limit_up_down_breadth_top,top,limit_up_down_breadth_v1_20120705_20260814,capped_confirmation,limit_up_down_breadth_top::top::limit_up_down_breadth_v1_20120705_20260814::000033,2021-08-31,csi500,中证500,20,True,20,True,2021-09-30,7255.34,-0.02091287244980944,0.05971601606540844,-0.035666143833369635
limit_up_down_breadth_top,top,limit_up_down_breadth_v1_20120705_20260814,capped_confirmation,limit_up_down_breadth_top::top::limit_up_down_breadth_v1_20120705_20260814::000033,2021-08-31,microcap,微盘股,5,True,5,True,2021-09-07,1573.12,0.03348759153783565,0.03348759153783565,-0.014347284377542624
limit_up_down_breadth_top,top,limit_up_down_breadth_v1_20120705_20260814,capped_confirmation,limit_up_down_breadth_top::top::limit_up_down_breadth_v1_20120705_20260814::000033,2021-08-31,microcap,微盘股,10,True,10,True,2021-09-14,1573.12,0.03439661310008146,0.053683126525630565,-0.014347284377542624
limit_up_down_breadth_top,top,limit_up_down_breadth_v1_20120705_20260814,capped_confirmation,limit_up_down_breadth_top::top::limit_up_down_breadth_v1_20120705_20260814::000033,2021-08-31,microcap,微盘股,20,True,20,True,2021-09-30,1573.12,-0.00705604149715211,0.06047218266883658,-0.032578569975589944
limit_up_down_breadth_top,top,limit_up_down_breadth_v1_20120705_20260814,capped_confirmation,limit_up_down_breadth_top::top::limit_up_down_breadth_v1_20120705_20260814::000033,2021-08-31,sse_composite,上证指数,5,True,5,True,2021-09-07,3543.94,0.03743009193157909,0.038936889450724266,-0.008259169173292946
limit_up_down_breadth_top,top,limit_up_down_breadth_v1_20120705_20260814,capped_confirmation,limit_up_down_breadth_top::top::limit_up_down_breadth_v1_20120705_20260814::000033,2021-08-31,sse_composite,上证指数,10,True,10,True,2021-09-14,3543.94,0.0334825081688741,0.050765532147835524,-0.008259169173292946
limit_up_down_breadth_top,top,limit_up_down_breadth_v1_20120705_20260814,capped_confirmation,limit_up_down_breadth_top::top::limit_up_down_breadth_v1_20120705_20260814::000033,2021-08-31,sse_composite,上证指数,20,True,20,True,2021-09-30,3543.94,0.006837023200167103,0.050765532147835524,-0.008259169173292946
limit_up_down_breadth_top,top,limit_up_down_breadth_v1_20120705_20260814,capped_confirmation,limit_up_down_breadth_top::top::limit_up_down_breadth_v1_20120705_20260814::000034,2021-11-12,all_a,全A,5,True,5,True,2021-11-19,5821.33642578125,0.005537113143770034,0.005839660589911366,-0.00794801451456062
limit_up_down_breadth_top,top,limit_up_down_breadth_v1_20120705_20260814,capped_confirmation,limit_up_down_breadth_top::top::limit_up_down_breadth_v1_20120705_20260814::000034,2021-11-12,all_a,全A,10,True,10,True,2021-11-26,5821.33642578125,0.009393146188963142,0.018945995826069817,-0.00794801451456062
limit_up_down_breadth_top,top,limit_up_down_breadth_v1_20120705_20260814,capped_confirmation,limit_up_down_breadth_top::top::limit_up_down_breadth_v1_20120705_20260814::000034,2021-11-12,all_a,全A,20,True,20,True,2021-12-10,5821.33642578125,0.03217210864833597,0.03690994965063621,-0.00794801451456062
limit_up_down_breadth_top,top,limit_up_down_breadth_v1_20120705_20260814,capped_confirmation,limit_up_down_breadth_top::top::limit_up_down_breadth_v1_20120705_20260814::000034,2021-11-12,cni2000,国证2000,5,True,5,True,2021-11-19,8710.79,0.017756139225029832,0.017895047406721876,-0.011641883227583416
limit_up_down_breadth_top,top,limit_up_down_breadth_v1_20120705_20260814,capped_confirmation,limit_up_down_breadth_top::top::limit_up_down_breadth_v1_20120705_20260814::000034,2021-11-12,cni2000,国证2000,10,True,10,True,2021-11-26,8710.79,0.03441938102055042,0.03761312119796245,-0.011641883227583416
limit_up_down_breadth_top,top,limit_up_down_breadth_v1_20120705_20260814,capped_confirmation,limit_up_down_breadth_top::top::limit_up_down_breadth_v1_20120705_20260814::000034,2021-11-12,cni2000,国证2000,20,True,20,True,2021-12-10,8710.79,0.037482249026781655,0.05604198930292181,-0.011641883227583416
limit_up_down_breadth_top,top,limit_up_down_breadth_v1_20120705_20260814,capped_confirmation,limit_up_down_breadth_top::top::limit_up_down_breadth_v1_20120705_20260814::000034,2021-11-12,csi1000,中证1000,5,True,5,True,2021-11-19,7697.81,0.013763654857680274,0.014058543923531452,-0.015345923061234279
limit_up_down_breadth_top,top,limit_up_down_breadth_v1_20120705_20260814,capped_confirmation,limit_up_down_breadth_top::top::limit_up_down_breadth_v1_20120705_20260814::000034,2021-11-12,csi1000,中证1000,10,True,10,True,2021-11-26,7697.81,0.03156482168304997,0.03594528833525379,-0.015345923061234279
limit_up_down_breadth_top,top,limit_up_down_breadth_v1_20120705_20260814,capped_confirmation,limit_up_down_breadth_top::top::limit_up_down_breadth_v1_20120705_20260814::000034,2021-11-12,csi1000,中证1000,20,True,20,True,2021-12-10,7697.81,0.032646947638354185,0.050025916461954756,-0.015345923061234279
limit_up_down_breadth_top,top,limit_up_down_breadth_v1_20120705_20260814,capped_confirmation,limit_up_down_breadth_top::top::limit_up_down_breadth_v1_20120705_20260814::000034,2021-11-12,csi300,沪深300,5,True,5,True,2021-11-19,4888.38,0.0003436721367815476,0.005521256530793384,-0.0120305704548338
limit_up_down_breadth_top,top,limit_up_down_breadth_v1_20120705_20260814,capped_confirmation,limit_up_down_breadth_top::top::limit_up_down_breadth_v1_20120705_20260814::000034,2021-11-12,csi300,沪深300,10,True,10,True,2021-11-26,4888.38,-0.0057790106333796,0.009637139502248093,-0.0120305704548338
limit_up_down_breadth_top,top,limit_up_down_breadth_v1_20120705_20260814,capped_confirmation,limit_up_down_breadth_top::top::limit_up_down_breadth_v1_20120705_20260814::000034,2021-11-12,csi300,沪深300,20,True,20,True,2021-12-10,4888.38,0.03410945957556488,0.04625663307680661,-0.015988937030263606
limit_up_down_breadth_top,top,limit_up_down_breadth_v1_20120705_20260814,capped_confirmation,limit_up_down_breadth_top::top::limit_up_down_breadth_v1_20120705_20260814::000034,2021-11-12,csi500,中证500,5,True,5,True,2021-11-19,7156.61,0.0018542298658164036,0.0028169761940362026,-0.017139399799625754
limit_up_down_breadth_top,top,limit_up_down_breadth_v1_20120705_20260814,capped_confirmation,limit_up_down_breadth_top::top::limit_up_down_breadth_v1_20120705_20260814::000034,2021-11-12,csi500,中证500,10,True,10,True,2021-11-26,7156.61,0.00883798334686392,0.01904672743100444,-0.017139399799625754
limit_up_down_breadth_top,top,limit_up_down_breadth_v1_20120705_20260814,capped_confirmation,limit_up_down_breadth_top::top::limit_up_down_breadth_v1_20120705_20260814::000034,2021-11-12,csi500,中证500,20,True,20,True,2021-12-10,7156.61,0.02096523353934332,0.024448726422146905,-0.017139399799625754
limit_up_down_breadth_top,top,limit_up_down_breadth_v1_20120705_20260814,capped_confirmation,limit_up_down_breadth_top::top::limit_up_down_breadth_v1_20120705_20260814::000034,2021-11-12,microcap,微盘股,5,True,5,True,2021-11-19,1609.01,0.031777304056531674,0.03306380942318565,0.001634545465845516
limit_up_down_breadth_top,top,limit_up_down_breadth_v1_20120705_20260814,capped_confirmation,limit_up_down_breadth_top::top::limit_up_down_breadth_v1_20120705_20260814::000034,2021-11-12,microcap,微盘股,10,True,10,True,2021-11-26,1609.01,0.04057153156288651,0.0525229799690492,0.001634545465845516
limit_up_down_breadth_top,top,limit_up_down_breadth_v1_20120705_20260814,capped_confirmation,limit_up_down_breadth_top::top::limit_up_down_breadth_v1_20120705_20260814::000034,2021-11-12,microcap,微盘股,20,True,20,True,2021-12-10,1609.01,0.07830280731630013,0.07834631232869893,0.001634545465845516
limit_up_down_breadth_top,top,limit_up_down_breadth_v1_20120705_20260814,capped_confirmation,limit_up_down_breadth_top::top::limit_up_down_breadth_v1_20120705_20260814::000034,2021-11-12,sse_composite,上证指数,5,True,5,True,2021-11-19,3539.1,0.0060100025430194215,0.00644514142013497,-0.0073436749456076145
limit_up_down_breadth_top,top,limit_up_down_breadth_v1_20120705_20260814,capped_confirmation,limit_up_down_breadth_top::top::limit_up_down_breadth_v1_20120705_20260814::000034,2021-11-12,sse_composite,上证指数,10,True,10,True,2021-11-26,3539.1,0.0070611172331949135,0.017981972817948,-0.0073436749456076145
limit_up_down_breadth_top,top,limit_up_down_breadth_v1_20120705_20260814,capped_confirmation,limit_up_down_breadth_top::top::limit_up_down_breadth_v1_20120705_20260814::000034,2021-11-12,sse_composite,上证指数,20,True,20,True,2021-12-10,3539.1,0.035955468904523835,0.042185866463225086,-0.0073436749456076145
limit_up_down_breadth_top,top,limit_up_down_breadth_v1_20120705_20260814,capped_confirmation,limit_up_down_breadth_top::top::limit_up_down_breadth_v1_20120705_20260814::000035,2021-11-22,all_a,全A,5,True,5,True,2021-11-29,5914.58154296875,-0.004662899879246063,0.0028820125842654587,-0.017325180262003137
limit_up_down_breadth_top,top,limit_up_down_breadth_v1_20120705_20260814,capped_confirmation,limit_up_down_breadth_top::top::limit_up_down_breadth_v1_20120705_20260814::000035,2021-11-22,all_a,全A,10,True,10,True,2021-12-06,5914.58154296875,-0.004533122629676756,0.006410764973318495,-0.017325180262003137
limit_up_down_breadth_top,top,limit_up_down_breadth_v1_20120705_20260814,capped_confirmation,limit_up_down_breadth_top::top::limit_up_down_breadth_v1_20120705_20260814::000035,2021-11-22,all_a,全A,20,True,20,True,2021-12-20,5914.58154296875,-0.00918314385056862,0.026932907060749134,-0.017325180262003137
limit_up_down_breadth_top,top,limit_up_down_breadth_v1_20120705_20260814,capped_confirmation,limit_up_down_breadth_top::top::limit_up_down_breadth_v1_20120705_20260814::000035,2021-11-22,cni2000,国证2000,5,True,5,True,2021-11-29,9001.23,0.008409961749672012,0.008575494682393492,-0.014709100867325908
limit_up_down_breadth_top,top,limit_up_down_breadth_v1_20120705_20260814,capped_confirmation,limit_up_down_breadth_top::top::limit_up_down_breadth_v1_20120705_20260814::000035,2021-11-22,cni2000,国证2000,10,True,10,True,2021-12-06,9001.23,-0.001818640341375466,0.0219669978436281,-0.014709100867325908
limit_up_down_breadth_top,top,limit_up_down_breadth_v1_20120705_20260814,capped_confirmation,limit_up_down_breadth_top::top::limit_up_down_breadth_v1_20120705_20260814::000035,2021-11-22,cni2000,国证2000,20,True,20,True,2021-12-20,9001.23,-0.0015697854626532948,0.02359899702596202,-0.02706741189815165
limit_up_down_breadth_top,top,limit_up_down_breadth_v1_20120705_20260814,capped_confirmation,limit_up_down_breadth_top::top::limit_up_down_breadth_v1_20120705_20260814::000035,2021-11-22,csi1000,中证1000,5,True,5,True,2021-11-29,7947.37,0.006600925840875682,0.00661476689772833,-0.014904301674642073
limit_up_down_breadth_top,top,limit_up_down_breadth_v1_20120705_20260814,capped_confirmation,limit_up_down_breadth_top::top::limit_up_down_breadth_v1_20120705_20260814::000035,2021-11-22,csi1000,中证1000,10,True,10,True,2021-12-06,7947.37,-0.0051098665344635474,0.017053440320508484,-0.014904301674642073
limit_up_down_breadth_top,top,limit_up_down_breadth_v1_20120705_20260814,capped_confirmation,limit_up_down_breadth_top::top::limit_up_down_breadth_v1_20120705_20260814::000035,2021-11-22,csi1000,中证1000,20,True,20,True,2021-12-20,7947.37,-0.02458926663789407,0.017053440320508484,-0.029374497475265327
limit_up_down_breadth_top,top,limit_up_down_breadth_v1_20120705_20260814,capped_confirmation,limit_up_down_breadth_top::top::limit_up_down_breadth_v1_20120705_20260814::000035,2021-11-22,csi300,沪深300,5,True,5,True,2021-11-29,4912.4,-0.012413484243953943,0.004700350134353881,-0.019072143962218013
limit_up_down_breadth_top,top,limit_up_down_breadth_v1_20120705_20260814,capped_confirmation,limit_up_down_breadth_top::top::limit_up_down_breadth_v1_20120705_20260814::000035,2021-11-22,csi300,沪深300,10,True,10,True,2021-12-06,4912.4,-0.004026545069619636,0.006412344271639059,-0.02080042341828825
limit_up_down_breadth_top,top,limit_up_down_breadth_v1_20120705_20260814,capped_confirmation,limit_up_down_breadth_top::top::limit_up_down_breadth_v1_20120705_20260814::000035,2021-11-22,csi300,沪深300,20,True,20,True,2021-12-20,4912.4,-0.006510056184349744,0.0471134272453384,-0.02080042341828825
limit_up_down_breadth_top,top,limit_up_down_breadth_v1_20120705_20260814,capped_confirmation,limit_up_down_breadth_top::top::limit_up_down_breadth_v1_20120705_20260814::000035,2021-11-22,csi500,中证500,5,True,5,True,2021-11-29,7255.07,-0.004571975184250454,0.005217041324204974,-0.01786888341532189
limit_up_down_breadth_top,top,limit_up_down_breadth_v1_20120705_20260814,capped_confirmation,limit_up_down_breadth_top::top::limit_up_down_breadth_v1_20120705_20260814::000035,2021-11-22,csi500,中证500,10,True,10,True,2021-12-06,7255.07,-0.002013764167678511,0.010392732254823178,-0.01786888341532189
limit_up_down_breadth_top,top,limit_up_down_breadth_v1_20120705_20260814,capped_confirmation,limit_up_down_breadth_top::top::limit_up_down_breadth_v1_20120705_20260814::000035,2021-11-22,csi500,中证500,20,True,20,True,2021-12-20,7255.07,-0.008146027536605316,0.017773777510072364,-0.01786888341532189
limit_up_down_breadth_top,top,limit_up_down_breadth_v1_20120705_20260814,capped_confirmation,limit_up_down_breadth_top::top::limit_up_down_breadth_v1_20120705_20260814::000035,2021-11-22,microcap,微盘股,5,True,5,True,2021-11-29,1662.22,0.0006497334889483675,0.018830239077859634,-0.007201212835846071
limit_up_down_breadth_top,top,limit_up_down_breadth_v1_20120705_20260814,capped_confirmation,limit_up_down_breadth_top::top::limit_up_down_breadth_v1_20120705_20260814::000035,2021-11-22,microcap,微盘股,10,True,10,True,2021-12-06,1662.22,0.01759093260819866,0.04339377459060767,-0.007201212835846071
limit_up_down_breadth_top,top,limit_up_down_breadth_v1_20120705_20260814,capped_confirmation,limit_up_down_breadth_top::top::limit_up_down_breadth_v1_20120705_20260814::000035,2021-11-22,microcap,微盘股,20,True,20,True,2021-12-20,1662.22,0.082804923535994,0.0891037287483003,-0.007201212835846071
limit_up_down_breadth_top,top,limit_up_down_breadth_v1_20120705_20260814,capped_confirmation,limit_up_down_breadth_top::top::limit_up_down_breadth_v1_20120705_20260814::000035,2021-11-22,sse_composite,上证指数,5,True,5,True,2021-11-29,3582.08,-0.005410264427371803,0.005767598713596556,-0.015555208147221666
limit_up_down_breadth_top,top,limit_up_down_breadth_v1_20120705_20260814,capped_confirmation,limit_up_down_breadth_top::top::limit_up_down_breadth_v1_20120705_20260814::000035,2021-11-22,sse_composite,上证指数,10,True,10,True,2021-12-06,3582.08,0.0020183803823476953,0.012297324459531911,-0.015555208147221666
limit_up_down_breadth_top,top,limit_up_down_breadth_v1_20120705_20260814,capped_confirmation,limit_up_down_breadth_top::top::limit_up_down_breadth_v1_20120705_20260814::000035,2021-11-22,sse_composite,上证指数,20,True,20,True,2021-12-20,3582.08,0.0032160085760228885,0.03541517777380743,-0.015555208147221666
limit_up_down_breadth_top,top,limit_up_down_breadth_v1_20120705_20260814,capped_confirmation,limit_up_down_breadth_top::top::limit_up_down_breadth_v1_20120705_20260814::000036,2021-11-25,all_a,全A,5,True,5,True,2021-12-02,5897.33349609375,-0.0017520663428809424,0.003450728650453483,-0.014451131954416274
limit_up_down_breadth_top,top,limit_up_down_breadth_v1_20120705_20260814,capped_confirmation,limit_up_down_breadth_top::top::limit_up_down_breadth_v1_20120705_20260814::000036,2021-11-25,all_a,全A,10,True,10,True,2021-12-09,5897.33349609375,0.01996772740328301,0.02354761930192395,-0.014451131954416274
limit_up_down_breadth_top,top,limit_up_down_breadth_v1_20120705_20260814,capped_confirmation,limit_up_down_breadth_top::top::limit_up_down_breadth_v1_20120705_20260814::000036,2021-11-25,all_a,全A,20,True,20,True,2021-12-23,5897.33349609375,0.01048333632644316,0.02993639786387181,-0.014451131954416274
limit_up_down_breadth_top,top,limit_up_down_breadth_v1_20120705_20260814,capped_confirmation,limit_up_down_breadth_top::top::limit_up_down_breadth_v1_20120705_20260814::000036,2021-11-25,cni2000,国证2000,5,True,5,True,2021-12-02,8984.74,0.009772124735941246,0.023842648757782525,-0.01290076284900843
limit_up_down_breadth_top,top,limit_up_down_breadth_v1_20120705_20260814,capped_confirmation,limit_up_down_breadth_top::top::limit_up_down_breadth_v1_20120705_20260814::000036,2021-11-25,cni2000,国证2000,10,True,10,True,2021-12-09,8984.74,7.90228765663592e-05,0.023842648757782525,-0.025281755509897863
limit_up_down_breadth_top,top,limit_up_down_breadth_v1_20120705_20260814,capped_confirmation,limit_up_down_breadth_top::top::limit_up_down_breadth_v1_20120705_20260814::000036,2021-11-25,cni2000,国证2000,20,True,20,True,2021-12-23,8984.74,0.02296004113641592,0.0258048646928013,-0.025281755509897863
limit_up_down_breadth_top,top,limit_up_down_breadth_v1_20120705_20260814,capped_confirmation,limit_up_down_breadth_top::top::limit_up_down_breadth_v1_20120705_20260814::000036,2021-11-25,csi1000,中证1000,5,True,5,True,2021-12-02,7925.76,0.005359738372092915,0.019826489825581328,-0.012218386627906974
limit_up_down_breadth_top,top,limit_up_down_breadth_v1_20120705_20260814,capped_confirmation,limit_up_down_breadth_top::top::limit_up_down_breadth_v1_20120705_20260814::000036,2021-11-25,csi1000,中证1000,10,True,10,True,2021-12-09,7925.76,0.0007570251937984995,0.019826489825581328,-0.026728036175710623
limit_up_down_breadth_top,top,limit_up_down_breadth_v1_20120705_20260814,capped_confirmation,limit_up_down_breadth_top::top::limit_up_down_breadth_v1_20120705_20260814::000036,2021-11-25,csi1000,中证1000,20,True,20,True,2021-12-23,7925.76,0.0008705789728682412,0.019826489825581328,-0.026728036175710623
limit_up_down_breadth_top,top,limit_up_down_breadth_v1_20120705_20260814,capped_confirmation,limit_up_down_breadth_top::top::limit_up_down_breadth_v1_20120705_20260814::000036,2021-11-25,csi300,沪深300,5,True,5,True,2021-12-02,4896.44,-0.008226384883711413,-0.0019381428139627621,-0.017608711635392127
limit_up_down_breadth_top,top,limit_up_down_breadth_v1_20120705_20260814,capped_confirmation,limit_up_down_breadth_top::top::limit_up_down_breadth_v1_20120705_20260814::000036,2021-11-25,csi300,沪深300,10,True,10,True,2021-12-09,4896.44,0.03722091968858998,0.04453439641862267,-0.017608711635392127
limit_up_down_breadth_top,top,limit_up_down_breadth_v1_20120705_20260814,capped_confirmation,limit_up_down_breadth_top::top::limit_up_down_breadth_v1_20120705_20260814::000036,2021-11-25,csi300,沪深300,20,True,20,True,2021-12-23,4896.44,0.010681229628056288,0.050526504970958674,-0.017608711635392127
limit_up_down_breadth_top,top,limit_up_down_breadth_v1_20120705_20260814,capped_confirmation,limit_up_down_breadth_top::top::limit_up_down_breadth_v1_20120705_20260814::000036,2021-11-25,csi500,中证500,5,True,5,True,2021-12-02,7233.54,-0.0004907693881557318,0.006579074699248233,-0.014945655930567847
limit_up_down_breadth_top,top,limit_up_down_breadth_v1_20120705_20260814,capped_confirmation,limit_up_down_breadth_top::top::limit_up_down_breadth_v1_20120705_20260814::000036,2021-11-25,csi500,中证500,10,True,10,True,2021-12-09,7233.54,0.01199689225469136,0.013553529806982434,-0.014945655930567847
limit_up_down_breadth_top,top,limit_up_down_breadth_v1_20120705_20260814,capped_confirmation,limit_up_down_breadth_top::top::limit_up_down_breadth_v1_20120705_20260814::000036,2021-11-25,csi500,中证500,20,True,20,True,2021-12-23,7233.54,0.01432908368516661,0.02080309226188004,-0.014945655930567847
limit_up_down_breadth_top,top,limit_up_down_breadth_v1_20120705_20260814,capped_confirmation,limit_up_down_breadth_top::top::limit_up_down_breadth_v1_20120705_20260814::000036,2021-11-25,microcap,微盘股,5,True,5,True,2021-12-02,1685.21,0.019979705793343294,0.02915957061731178,-0.020745189026886823
limit_up_down_breadth_top,top,limit_up_down_breadth_v1_20120705_20260814,capped_confirmation,limit_up_down_breadth_top::top::limit_up_down_breadth_v1_20120705_20260814::000036,2021-11-25,microcap,微盘股,10,True,10,True,2021-12-09,1685.21,0.01801555889177009,0.02915957061731178,-0.020745189026886823
limit_up_down_breadth_top,top,limit_up_down_breadth_v1_20120705_20260814,capped_confirmation,limit_up_down_breadth_top::top::limit_up_down_breadth_v1_20120705_20260814::000036,2021-11-25,microcap,微盘股,20,True,20,True,2021-12-23,1685.21,0.0767560126037703,0.10144729736946734,-0.020745189026886823
limit_up_down_breadth_top,top,limit_up_down_breadth_v1_20120705_20260814,capped_confirmation,limit_up_down_breadth_top::top::limit_up_down_breadth_v1_20120705_20260814::000036,2021-11-25,sse_composite,上证指数,5,True,5,True,2021-12-02,3584.18,-0.0028848997539184795,0.0007505203421702689,-0.016132002298991588
limit_up_down_breadth_top,top,limit_up_down_breadth_v1_20120705_20260814,capped_confirmation,limit_up_down_breadth_top::top::limit_up_down_breadth_v1_20120705_20260814::000036,2021-11-25,sse_composite,上证指数,10,True,10,True,2021-12-09,3584.18,0.02479228163764091,0.0290777806918181,-0.016132002298991588
limit_up_down_breadth_top,top,limit_up_down_breadth_v1_20120705_20260814,capped_confirmation,limit_up_down_breadth_top::top::limit_up_down_breadth_v1_20120705_20260814::000036,2021-11-25,sse_composite,上证指数,20,True,20,True,2021-12-23,3584.18,0.016505867450853584,0.03480851966140097,-0.016132002298991588
limit_up_down_breadth_top,top,limit_up_down_breadth_v1_20120705_20260814,capped_confirmation,limit_up_down_breadth_top::top::limit_up_down_breadth_v1_20120705_20260814::000037,2022-02-17,all_a,全A,5,True,5,True,2022-02-24,5532.4853515625,-0.008881402723438403,0.01272447096472984,-0.01995149388422257
limit_up_down_breadth_top,top,limit_up_down_breadth_v1_20120705_20260814,capped_confirmation,limit_up_down_breadth_top::top::limit_up_down_breadth_v1_20120705_20260814::000037,2022-02-17,all_a,全A,10,True,10,True,2022-03-03,5532.4853515625,8.4726839786331e-06,0.01272447096472984,-0.01995149388422257
limit_up_down_breadth_top,top,limit_up_down_breadth_v1_20120705_20260814,capped_confirmation,limit_up_down_breadth_top::top::limit_up_down_breadth_v1_20120705_20260814::000037,2022-02-17,all_a,全A,20,True,20,True,2022-03-17,5532.4853515625,-0.07173124293391397,0.01272447096472984,-0.13579920798056222
limit_up_down_breadth_top,top,limit_up_down_breadth_v1_20120705_20260814,capped_confirmation,limit_up_down_breadth_top::top::limit_up_down_breadth_v1_20120705_20260814::000037,2022-02-17,cni2000,国证2000,5,True,5,True,2022-02-24,8550.31,0.005313257647968417,0.03595074330638326,-0.00932012991341824
limit_up_down_breadth_top,top,limit_up_down_breadth_v1_20120705_20260814,capped_confirmation,limit_up_down_breadth_top::top::limit_up_down_breadth_v1_20120705_20260814::000037,2022-02-17,cni2000,国证2000,10,True,10,True,2022-03-03,8550.31,0.022389831479794342,0.03595074330638326,-0.00932012991341824
limit_up_down_breadth_top,top,limit_up_down_breadth_v1_20120705_20260814,capped_confirmation,limit_up_down_breadth_top::top::limit_up_down_breadth_v1_20120705_20260814::000037,2022-02-17,cni2000,国证2000,20,True,20,True,2022-03-17,8550.31,-0.051858938447845726,0.03595074330638326,-0.11753959797948832
limit_up_down_breadth_top,top,limit_up_down_breadth_v1_20120705_20260814,capped_confirmation,limit_up_down_breadth_top::top::limit_up_down_breadth_v1_20120705_20260814::000037,2022-02-17,csi1000,中证1000,5,True,5,True,2022-02-24,7220.61,0.008934148222934146,0.0360814391027906,-0.007802664871804366
limit_up_down_breadth_top,top,limit_up_down_breadth_v1_20120705_20260814,capped_confirmation,limit_up_down_breadth_top::top::limit_up_down_breadth_v1_20120705_20260814::000037,2022-02-17,csi1000,中证1000,10,True,10,True,2022-03-03,7220.61,0.016896079417112908,0.0360814391027906,-0.007802664871804366
limit_up_down_breadth_top,top,limit_up_down_breadth_v1_20120705_20260814,capped_confirmation,limit_up_down_breadth_top::top::limit_up_down_breadth_v1_20120705_20260814::000037,2022-02-17,csi1000,中证1000,20,True,20,True,2022-03-17,7220.61,-0.0556836610757262,0.0360814391027906,-0.12328598276322911
limit_up_down_breadth_top,top,limit_up_down_breadth_v1_20120705_20260814,capped_confirmation,limit_up_down_breadth_top::top::limit_up_down_breadth_v1_20120705_20260814::000037,2022-02-17,csi300,沪深300,5,True,5,True,2022-02-24,4629.16,-0.02156762782016608,0.004791366036170697,-0.030389962757822242
limit_up_down_breadth_top,top,limit_up_down_breadth_v1_20120705_20260814,capped_confirmation,limit_up_down_breadth_top::top::limit_up_down_breadth_v1_20120705_20260814::000037,2022-02-17,csi300,沪深300,10,True,10,True,2022-03-03,4629.16,-0.01674817893527114,0.004791366036170697,-0.030389962757822242
limit_up_down_breadth_top,top,limit_up_down_breadth_v1_20120705_20260814,capped_confirmation,limit_up_down_breadth_top::top::limit_up_down_breadth_v1_20120705_20260814::000037,2022-02-17,csi300,沪深300,20,True,20,True,2022-03-17,4629.16,-0.08456393816588759,0.004791366036170697,-0.14825583907231543
limit_up_down_breadth_top,top,limit_up_down_breadth_v1_20120705_20260814,capped_confirmation,limit_up_down_breadth_top::top::limit_up_down_breadth_v1_20120705_20260814::000037,2022-02-17,csi500,中证500,5,True,5,True,2022-02-24,6768.79,-0.0005776512493370634,0.01914965599464602,-0.01182486086878154
limit_up_down_breadth_top,top,limit_up_down_breadth_v1_20120705_20260814,capped_confirmation,limit_up_down_breadth_top::top::limit_up_down_breadth_v1_20120705_20260814::000037,2022-02-17,csi500,中证500,10,True,10,True,2022-03-03,6768.79,0.013408600355454992,0.020479288026368003,-0.01182486086878154
limit_up_down_breadth_top,top,limit_up_down_breadth_v1_20120705_20260814,capped_confirmation,limit_up_down_breadth_top::top::limit_up_down_breadth_v1_20120705_20260814::000037,2022-02-17,csi500,中证500,20,True,20,True,2022-03-17,6768.79,-0.07405607206014653,0.020479288026368003,-0.13953158540891353
limit_up_down_breadth_top,top,limit_up_down_breadth_v1_20120705_20260814,capped_confirmation,limit_up_down_breadth_top::top::limit_up_down_breadth_v1_20120705_20260814::000037,2022-02-17,microcap,微盘股,5,True,5,True,2022-02-24,1892.79,0.013620105769789559,0.0418958257387243,-0.008807104855794945
limit_up_down_breadth_top,top,limit_up_down_breadth_v1_20120705_20260814,capped_confirmation,limit_up_down_breadth_top::top::limit_up_down_breadth_v1_20120705_20260814::000037,2022-02-17,microcap,微盘股,10,True,10,True,2022-03-03,1892.79,0.05808356975681406,0.06033949883505296,-0.008807104855794945
limit_up_down_breadth_top,top,limit_up_down_breadth_v1_20120705_20260814,capped_confirmation,limit_up_down_breadth_top::top::limit_up_down_breadth_v1_20120705_20260814::000037,2022-02-17,microcap,微盘股,20,True,20,True,2022-03-17,1892.79,0.0016483603569334981,0.06033949883505296,-0.048658329767169106
limit_up_down_breadth_top,top,limit_up_down_breadth_v1_20120705_20260814,capped_confirmation,limit_up_down_breadth_top::top::limit_up_down_breadth_v1_20120705_20260814::000037,2022-02-17,sse_composite,上证指数,5,True,5,True,2022-02-24,3468.04,-0.010980265510201703,0.0069664709749599485,-0.019558597940046774
limit_up_down_breadth_top,top,limit_up_down_breadth_v1_20120705_20260814,capped_confirmation,limit_up_down_breadth_top::top::limit_up_down_breadth_v1_20120705_20260814::000037,2022-02-17,sse_composite,上证指数,10,True,10,True,2022-03-03,3468.04,0.0037686993229606447,0.009299200701260668,-0.019558597940046774
limit_up_down_breadth_top,top,limit_up_down_breadth_v1_20120705_20260814,capped_confirmation,limit_up_down_breadth_top::top::limit_up_down_breadth_v1_20120705_20260814::000037,2022-02-17,sse_composite,上证指数,20,True,20,True,2022-03-17,3468.04,-0.07295186906725415,0.009299200701260668,-0.12823958201174146
limit_up_down_breadth_top,top,limit_up_down_breadth_v1_20120705_20260814,capped_confirmation,limit_up_down_breadth_top::top::limit_up_down_breadth_v1_20120705_20260814::000038,2022-05-13,all_a,全A,5,True,5,True,2022-05-20,4739.1923828125,0.024912769246968836,0.024912769246968836,-0.012374681455523895
limit_up_down_breadth_top,top,limit_up_down_breadth_v1_20120705_20260814,capped_confirmation,limit_up_down_breadth_top::top::limit_up_down_breadth_v1_20120705_20260814::000038,2022-05-13,all_a,全A,10,True,10,True,2022-05-27,4739.1923828125,0.011837480550421775,0.0278006104761801,-0.012374681455523895
limit_up_down_breadth_top,top,limit_up_down_breadth_v1_20120705_20260814,capped_confirmation,limit_up_down_breadth_top::top::limit_up_down_breadth_v1_20120705_20260814::000038,2022-05-13,all_a,全A,20,True,20,True,2022-06-13,4739.1923828125,0.06727962244687902,0.07243454628365975,-0.012374681455523895
limit_up_down_breadth_top,top,limit_up_down_breadth_v1_20120705_20260814,capped_confirmation,limit_up_down_breadth_top::top::limit_up_down_breadth_v1_20120705_20260814::000038,2022-05-13,cni2000,国证2000,5,True,5,True,2022-05-20,7251.37,0.027586511238566036,0.027586511238566036,-0.012949277171072415
limit_up_down_breadth_top,top,limit_up_down_breadth_v1_20120705_20260814,capped_confirmation,limit_up_down_breadth_top::top::limit_up_down_breadth_v1_20120705_20260814::000038,2022-05-13,cni2000,国证2000,10,True,10,True,2022-05-27,7251.37,0.02623366343187561,0.044448152555999876,-0.012949277171072415
limit_up_down_breadth_top,top,limit_up_down_breadth_v1_20120705_20260814,capped_confirmation,limit_up_down_breadth_top::top::limit_up_down_breadth_v1_20120705_20260814::000038,2022-05-13,cni2000,国证2000,20,True,20,True,2022-06-13,7251.37,0.08975545310748179,0.09024363671968194,-0.012949277171072415
limit_up_down_breadth_top,top,limit_up_down_breadth_v1_20120705_20260814,capped_confirmation,limit_up_down_breadth_top::top::limit_up_down_breadth_v1_20120705_20260814::000038,2022-05-13,csi1000,中证1000,5,True,5,True,2022-05-20,6071.67,0.03158439111480038,0.03158439111480038,-0.009547620341685326
limit_up_down_breadth_top,top,limit_up_down_breadth_v1_20120705_20260814,capped_confirmation,limit_up_down_breadth_top::top::limit_up_down_breadth_v1_20120705_20260814::000038,2022-05-13,csi1000,中证1000,10,True,10,True,2022-05-27,6071.67,0.022797681692186877,0.045037032645054875,-0.009547620341685326
limit_up_down_breadth_top,top,limit_up_down_breadth_v1_20120705_20260814,capped_confirmation,limit_up_down_breadth_top::top::limit_up_down_breadth_v1_20120705_20260814::000038,2022-05-13,csi1000,中证1000,20,True,20,True,2022-06-13,6071.67,0.09933510879214458,0.10083551971698057,-0.009547620341685326
limit_up_down_breadth_top,top,limit_up_down_breadth_v1_20120705_20260814,capped_confirmation,limit_up_down_breadth_top::top::limit_up_down_breadth_v1_20120705_20260814::000038,2022-05-13,csi300,沪深300,5,True,5,True,2022-05-20,3988.6,0.02231359374216524,0.02231359374216524,-0.013751692323120901
limit_up_down_breadth_top,top,limit_up_down_breadth_v1_20120705_20260814,capped_confirmation,limit_up_down_breadth_top::top::limit_up_down_breadth_v1_20120705_20260814::000038,2022-05-13,csi300,沪深300,10,True,10,True,2022-05-27,3988.6,0.0031840746126461372,0.02315850172993028,-0.013751692323120901
limit_up_down_breadth_top,top,limit_up_down_breadth_v1_20120705_20260814,capped_confirmation,limit_up_down_breadth_top::top::limit_up_down_breadth_v1_20120705_20260814::000038,2022-05-13,csi300,沪深300,20,True,20,True,2022-06-13,3988.6,0.050330943188086064,0.06336809908238483,-0.013751692323120901
limit_up_down_breadth_top,top,limit_up_down_breadth_v1_20120705_20260814,capped_confirmation,limit_up_down_breadth_top::top::limit_up_down_breadth_v1_20120705_20260814::000038,2022-05-13,csi500,中证500,5,True,5,True,2022-05-20,5796.8,0.02289021529119517,0.022898840739718374,-0.01667989235440248
limit_up_down_breadth_top,top,limit_up_down_breadth_v1_20120705_20260814,capped_confirmation,limit_up_down_breadth_top::top::limit_up_down_breadth_v1_20120705_20260814::000038,2022-05-13,csi500,中证500,10,True,10,True,2022-05-27,5796.8,0.017789125034501696,0.02968016836875531,-0.01667989235440248
limit_up_down_breadth_top,top,limit_up_down_breadth_v1_20120705_20260814,capped_confirmation,limit_up_down_breadth_top::top::limit_up_down_breadth_v1_20120705_20260814::000038,2022-05-13,csi500,中证500,20,True,20,True,2022-06-13,5796.8,0.0753553684791608,0.07829837151531871,-0.01667989235440248
limit_up_down_breadth_top,top,limit_up_down_breadth_v1_20120705_20260814,capped_confirmation,limit_up_down_breadth_top::top::limit_up_down_breadth_v1_20120705_20260814::000038,2022-05-13,microcap,微盘股,5,True,5,True,2022-05-20,1748.98,0.037061601619229556,0.03813079623552018,-0.011589612231128976
limit_up_down_breadth_top,top,limit_up_down_breadth_v1_20120705_20260814,capped_confirmation,limit_up_down_breadth_top::top::limit_up_down_breadth_v1_20120705_20260814::000038,2022-05-13,microcap,微盘股,10,True,10,True,2022-05-27,1748.98,0.04562659378609246,0.05667303228167264,-0.011589612231128976
limit_up_down_breadth_top,top,limit_up_down_breadth_v1_20120705_20260814,capped_confirmation,limit_up_down_breadth_top::top::limit_up_down_breadth_v1_20120705_20260814::000038,2022-05-13,microcap,微盘股,20,True,20,True,2022-06-13,1748.98,0.07446054271632607,0.10109892623128913,-0.011589612231128976
limit_up_down_breadth_top,top,limit_up_down_breadth_v1_20120705_20260814,capped_confirmation,limit_up_down_breadth_top::top::limit_up_down_breadth_v1_20120705_20260814::000038,2022-05-13,sse_composite,上证指数,5,True,5,True,2022-05-20,3084.28,0.020195961456158207,0.020195961456158207,-0.013490993035651822
limit_up_down_breadth_top,top,limit_up_down_breadth_v1_20120705_20260814,capped_confirmation,limit_up_down_breadth_top::top::limit_up_down_breadth_v1_20120705_20260814::000038,2022-05-13,sse_composite,上证指数,10,True,10,True,2022-05-27,3084.28,0.014901370822363535,0.02232287600347571,-0.013490993035651822
limit_up_down_breadth_top,top,limit_up_down_breadth_v1_20120705_20260814,capped_confirmation,limit_up_down_breadth_top::top::limit_up_down_breadth_v1_20120705_20260814::000038,2022-05-13,sse_composite,上证指数,20,True,20,True,2022-06-13,3084.28,0.055529977823025156,0.0656036416927126,-0.013490993035651822
limit_up_down_breadth_top,top,limit_up_down_breadth_v1_20120705_20260814,capped_confirmation,limit_up_down_breadth_top::top::limit_up_down_breadth_v1_20120705_20260814::000039,2022-05-17,all_a,全A,5,True,5,True,2022-05-24,4759.93505859375,-0.009622349307015887,0.02332169751446056,-0.016678519958306826
limit_up_down_breadth_top,top,limit_up_down_breadth_v1_20120705_20260814,capped_confirmation,limit_up_down_breadth_top::top::limit_up_down_breadth_v1_20120705_20260814::000039,2022-05-17,all_a,全A,10,True,10,True,2022-05-31,4759.93505859375,0.029844854722549385,0.030793015472264207,-0.016678519958306826
limit_up_down_breadth_top,top,limit_up_down_breadth_v1_20120705_20260814,capped_confirmation,limit_up_down_breadth_top::top::limit_up_down_breadth_v1_20120705_20260814::000039,2022-05-17,all_a,全A,20,True,20,True,2022-06-15,4759.93505859375,0.07395674364074245,0.09202021635052593,-0.016678519958306826
limit_up_down_breadth_top,top,limit_up_down_breadth_v1_20120705_20260814,capped_confirmation,limit_up_down_breadth_top::top::limit_up_down_breadth_v1_20120705_20260814::000039,2022-05-17,cni2000,国证2000,5,True,5,True,2022-05-24,7277.78,-0.0050674793687085495,0.040658002852518305,-0.01285694263910142
limit_up_down_breadth_top,top,limit_up_down_breadth_v1_20120705_20260814,capped_confirmation,limit_up_down_breadth_top::top::limit_up_down_breadth_v1_20120705_20260814::000039,2022-05-17,cni2000,国证2000,10,True,10,True,2022-05-31,7277.78,0.042378307670745796,0.043128536449301924,-0.01285694263910142
limit_up_down_breadth_top,top,limit_up_down_breadth_v1_20120705_20260814,capped_confirmation,limit_up_down_breadth_top::top::limit_up_down_breadth_v1_20120705_20260814::000039,2022-05-17,cni2000,国证2000,20,True,20,True,2022-06-15,7277.78,0.08025112053400907,0.09597157374913778,-0.01285694263910142
limit_up_down_breadth_top,top,limit_up_down_breadth_v1_20120705_20260814,capped_confirmation,limit_up_down_breadth_top::top::limit_up_down_breadth_v1_20120705_20260814::000039,2022-05-17,csi1000,中证1000,5,True,5,True,2022-05-24,6118.46,-0.006017854165917491,0.037045269561294836,-0.01602527433373757
limit_up_down_breadth_top,top,limit_up_down_breadth_v1_20120705_20260814,capped_confirmation,limit_up_down_breadth_top::top::limit_up_down_breadth_v1_20120705_20260814::000039,2022-05-17,csi1000,中证1000,10,True,10,True,2022-05-31,6118.46,0.03839037927844591,0.03891338670188249,-0.01602527433373757
limit_up_down_breadth_top,top,limit_up_down_breadth_v1_20120705_20260814,capped_confirmation,limit_up_down_breadth_top::top::limit_up_down_breadth_v1_20120705_20260814::000039,2022-05-17,csi1000,中证1000,20,True,20,True,2022-06-15,6118.46,0.08748933555175653,0.10475184932156134,-0.01602527433373757
limit_up_down_breadth_top,top,limit_up_down_breadth_v1_20120705_20260814,capped_confirmation,limit_up_down_breadth_top::top::limit_up_down_breadth_v1_20120705_20260814::000039,2022-05-17,csi300,沪深300,5,True,5,True,2022-05-24,4005.89,-0.011667819136321755,0.018742401813329757,-0.01800848250950471
limit_up_down_breadth_top,top,limit_up_down_breadth_v1_20120705_20260814,capped_confirmation,limit_up_down_breadth_top::top::limit_up_down_breadth_v1_20120705_20260814::000039,2022-05-17,csi300,沪深300,10,True,10,True,2022-05-31,4005.89,0.021376023804947186,0.022544303513077013,-0.01800848250950471
limit_up_down_breadth_top,top,limit_up_down_breadth_v1_20120705_20260814,capped_confirmation,limit_up_down_breadth_top::top::limit_up_down_breadth_v1_20120705_20260814::000039,2022-05-17,csi300,沪深300,20,True,20,True,2022-06-15,4005.89,0.06798239592200495,0.08550659154395168,-0.01800848250950471
limit_up_down_breadth_top,top,limit_up_down_breadth_v1_20120705_20260814,capped_confirmation,limit_up_down_breadth_top::top::limit_up_down_breadth_v1_20120705_20260814::000039,2022-05-17,csi500,中证500,5,True,5,True,2022-05-24,5816.34,-0.012148533270063266,0.026220956821643826,-0.01998335723152367
limit_up_down_breadth_top,top,limit_up_down_breadth_v1_20120705_20260814,capped_confirmation,limit_up_down_breadth_top::top::limit_up_down_breadth_v1_20120705_20260814::000039,2022-05-17,csi500,中证500,10,True,10,True,2022-05-31,5816.34,0.03608798660325907,0.0373310363561965,-0.01998335723152367
limit_up_down_breadth_top,top,limit_up_down_breadth_v1_20120705_20260814,capped_confirmation,limit_up_down_breadth_top::top::limit_up_down_breadth_v1_20120705_20260814::000039,2022-05-17,csi500,中证500,20,True,20,True,2022-06-15,5816.34,0.07646045451263173,0.10006636475859376,-0.01998335723152367
limit_up_down_breadth_top,top,limit_up_down_breadth_v1_20120705_20260814,capped_confirmation,limit_up_down_breadth_top::top::limit_up_down_breadth_v1_20120705_20260814::000039,2022-05-17,microcap,微盘股,5,True,5,True,2022-05-24,1751.55,0.006257314949616122,0.055122605692101256,-0.001330250349690254
limit_up_down_breadth_top,top,limit_up_down_breadth_v1_20120705_20260814,capped_confirmation,limit_up_down_breadth_top::top::limit_up_down_breadth_v1_20120705_20260814::000039,2022-05-17,microcap,微盘股,10,True,10,True,2022-05-31,1751.55,0.05982130113328199,0.060717650081356656,-0.001330250349690254
limit_up_down_breadth_top,top,limit_up_down_breadth_v1_20120705_20260814,capped_confirmation,limit_up_down_breadth_top::top::limit_up_down_breadth_v1_20120705_20260814::000039,2022-05-17,microcap,微盘股,20,True,20,True,2022-06-15,1751.55,0.07009220404784333,0.09948331477833916,-0.001330250349690254
limit_up_down_breadth_top,top,limit_up_down_breadth_v1_20120705_20260814,capped_confirmation,limit_up_down_breadth_top::top::limit_up_down_breadth_v1_20120705_20260814::000039,2022-05-17,sse_composite,上证指数,5,True,5,True,2022-05-24,3093.7,-0.007360118951417416,0.01921000743446366,-0.016494812037366136
limit_up_down_breadth_top,top,limit_up_down_breadth_v1_20120705_20260814,capped_confirmation,limit_up_down_breadth_top::top::limit_up_down_breadth_v1_20120705_20260814::000039,2022-05-17,sse_composite,上证指数,10,True,10,True,2022-05-31,3093.7,0.029973817758670807,0.030675243236254257,-0.016494812037366136
limit_up_down_breadth_top,top,limit_up_down_breadth_v1_20120705_20260814,capped_confirmation,limit_up_down_breadth_top::top::limit_up_down_breadth_v1_20120705_20260814::000039,2022-05-17,sse_composite,上证指数,20,True,20,True,2022-06-15,3093.7,0.06843262113327087,0.0856094643953842,-0.016494812037366136
limit_up_down_breadth_top,top,limit_up_down_breadth_v1_20120705_20260814,capped_confirmation,limit_up_down_breadth_top::top::limit_up_down_breadth_v1_20120705_20260814::000040,2024-03-06,all_a,全A,5,True,5,True,2024-03-13,4288.0361328125,0.01639679713884168,0.022897555858653718,-0.013320127380208713
limit_up_down_breadth_top,top,limit_up_down_breadth_v1_20120705_20260814,capped_confirmation,limit_up_down_breadth_top::top::limit_up_down_breadth_v1_20120705_20260814::000040,2024-03-06,all_a,全A,10,True,10,True,2024-03-20,4288.0361328125,0.03182717449007044,0.0359190006533896,-0.013320127380208713
limit_up_down_breadth_top,top,limit_up_down_breadth_v1_20120705_20260814,capped_confirmation,limit_up_down_breadth_top::top::limit_up_down_breadth_v1_20120705_20260814::000040,2024-03-06,all_a,全A,20,True,20,True,2024-04-03,4288.0361328125,0.015322314151223315,0.03613228028838411,-0.01666928948616797
limit_up_down_breadth_top,top,limit_up_down_breadth_v1_20120705_20260814,capped_confirmation,limit_up_down_breadth_top::top::limit_up_down_breadth_v1_20120705_20260814::000040,2024-03-06,cni2000,国证2000,5,True,5,True,2024-03-13,6752.04,0.03307592964496653,0.04052849212978593,-0.01650760362794057
limit_up_down_breadth_top,top,limit_up_down_breadth_v1_20120705_20260814,capped_confirmation,limit_up_down_breadth_top::top::limit_up_down_breadth_v1_20120705_20260814::000040,2024-03-06,cni2000,国证2000,10,True,10,True,2024-03-20,6752.04,0.06472562366336687,0.06506478042191688,-0.01650760362794057
limit_up_down_breadth_top,top,limit_up_down_breadth_v1_20120705_20260814,capped_confirmation,limit_up_down_breadth_top::top::limit_up_down_breadth_v1_20120705_20260814::000040,2024-03-06,cni2000,国证2000,20,True,20,True,2024-04-03,6752.04,0.031310537259850335,0.07054756784616201,-0.01650760362794057
limit_up_down_breadth_top,top,limit_up_down_breadth_v1_20120705_20260814,capped_confirmation,limit_up_down_breadth_top::top::limit_up_down_breadth_v1_20120705_20260814::000040,2024-03-06,csi1000,中证1000,5,True,5,True,2024-03-13,5381.46,0.026074708350521947,0.0333775592497203,-0.018268276638681802
limit_up_down_breadth_top,top,limit_up_down_breadth_v1_20120705_20260814,capped_confirmation,limit_up_down_breadth_top::top::limit_up_down_breadth_v1_20120705_20260814::000040,2024-03-06,csi1000,中证1000,10,True,10,True,2024-03-20,5381.46,0.05160123832565877,0.05245416671312242,-0.018268276638681802
limit_up_down_breadth_top,top,limit_up_down_breadth_v1_20120705_20260814,capped_confirmation,limit_up_down_breadth_top::top::limit_up_down_breadth_v1_20120705_20260814::000040,2024-03-06,csi1000,中证1000,20,True,20,True,2024-04-03,5381.46,0.02220029508720689,0.057417503800083924,-0.022157555756244562
limit_up_down_breadth_top,top,limit_up_down_breadth_v1_20120705_20260814,capped_confirmation,limit_up_down_breadth_top::top::limit_up_down_breadth_v1_20120705_20260814::000040,2024-03-06,csi300,沪深300,5,True,5,True,2024-03-13,3551.05,0.006001041945340013,0.015389814280283298,-0.011115022317342849
limit_up_down_breadth_top,top,limit_up_down_breadth_v1_20120705_20260814,capped_confirmation,limit_up_down_breadth_top::top::limit_up_down_breadth_v1_20120705_20260814::000040,2024-03-06,csi300,沪深300,10,True,10,True,2024-03-20,3551.05,0.009667563115134836,0.016809112797623094,-0.011115022317342849
limit_up_down_breadth_top,top,limit_up_down_breadth_v1_20120705_20260814,capped_confirmation,limit_up_down_breadth_top::top::limit_up_down_breadth_v1_20120705_20260814::000040,2024-03-06,csi300,沪深300,20,True,20,True,2024-04-03,3551.05,0.004716914715365839,0.016809112797623094,-0.01736387828952013
limit_up_down_breadth_top,top,limit_up_down_breadth_v1_20120705_20260814,capped_confirmation,limit_up_down_breadth_top::top::limit_up_down_breadth_v1_20120705_20260814::000040,2024-03-06,csi500,中证500,5,True,5,True,2024-03-13,5350.1,0.012151174744397197,0.02302573783667583,-0.015246443991701164
limit_up_down_breadth_top,top,limit_up_down_breadth_v1_20120705_20260814,capped_confirmation,limit_up_down_breadth_top::top::limit_up_down_breadth_v1_20120705_20260814::000040,2024-03-06,csi500,中证500,10,True,10,True,2024-03-20,5350.1,0.026786415207192382,0.03430590082428364,-0.015246443991701164
limit_up_down_breadth_top,top,limit_up_down_breadth_v1_20120705_20260814,capped_confirmation,limit_up_down_breadth_top::top::limit_up_down_breadth_v1_20120705_20260814::000040,2024-03-06,csi500,中证500,20,True,20,True,2024-04-03,5350.1,0.004579353656940954,0.03430590082428364,-0.03618997775742527
limit_up_down_breadth_top,top,limit_up_down_breadth_v1_20120705_20260814,capped_confirmation,limit_up_down_breadth_top::top::limit_up_down_breadth_v1_20120705_20260814::000040,2024-03-06,microcap,微盘股,5,True,5,True,2024-03-13,2513.34,0.06507675045954775,0.07192023363333244,-0.0033541025090120247
limit_up_down_breadth_top,top,limit_up_down_breadth_v1_20120705_20260814,capped_confirmation,limit_up_down_breadth_top::top::limit_up_down_breadth_v1_20120705_20260814::000040,2024-03-06,microcap,微盘股,10,True,10,True,2024-03-20,2513.34,0.14767600085941401,0.14767600085941401,-0.0033541025090120247
limit_up_down_breadth_top,top,limit_up_down_breadth_v1_20120705_20260814,capped_confirmation,limit_up_down_breadth_top::top::limit_up_down_breadth_v1_20120705_20260814::000040,2024-03-06,microcap,微盘股,20,True,20,True,2024-04-03,2513.34,0.16199559152362975,0.17466797170299286,-0.0033541025090120247
limit_up_down_breadth_top,top,limit_up_down_breadth_v1_20120705_20260814,capped_confirmation,limit_up_down_breadth_top::top::limit_up_down_breadth_v1_20120705_20260814::000040,2024-03-06,sse_composite,上证指数,5,True,5,True,2024-03-13,3039.93,0.0012829242778615857,0.011579213995059234,-0.007575832338244548
limit_up_down_breadth_top,top,limit_up_down_breadth_v1_20120705_20260814,capped_confirmation,limit_up_down_breadth_top::top::limit_up_down_breadth_v1_20120705_20260814::000040,2024-03-06,sse_composite,上证指数,10,True,10,True,2024-03-20,3039.93,0.013079248535328158,0.016487221745237646,-0.007575832338244548
limit_up_down_breadth_top,top,limit_up_down_breadth_v1_20120705_20260814,capped_confirmation,limit_up_down_breadth_top::top::limit_up_down_breadth_v1_20120705_20260814::000040,2024-03-06,sse_composite,上证指数,20,True,20,True,2024-04-03,3039.93,0.009661406677127449,0.016487221745237646,-0.018358975371143393
limit_up_down_breadth_top,top,limit_up_down_breadth_v1_20120705_20260814,capped_confirmation,limit_up_down_breadth_top::top::limit_up_down_breadth_v1_20120705_20260814::000041,2024-03-15,all_a,全A,5,True,5,True,2024-03-22,4372.02490234375,-0.0002693796127209991,0.01622766463846448,-0.007347407115128601
limit_up_down_breadth_top,top,limit_up_down_breadth_v1_20120705_20260814,capped_confirmation,limit_up_down_breadth_top::top::limit_up_down_breadth_v1_20120705_20260814::000041,2024-03-15,all_a,全A,10,True,10,True,2024-03-29,4372.02490234375,-0.014033538655248479,0.01622766463846448,-0.0355595607593423
limit_up_down_breadth_top,top,limit_up_down_breadth_v1_20120705_20260814,capped_confirmation,limit_up_down_breadth_top::top::limit_up_down_breadth_v1_20120705_20260814::000041,2024-03-15,all_a,全A,20,True,20,True,2024-04-16,4372.02490234375,-0.05617022825901585,0.01622766463846448,-0.05665493286896994
limit_up_down_breadth_top,top,limit_up_down_breadth_v1_20120705_20260814,capped_confirmation,limit_up_down_breadth_top::top::limit_up_down_breadth_v1_20120705_20260814::000041,2024-03-15,cni2000,国证2000,5,True,5,True,2024-03-22,7016.42,0.015093167170722399,0.03020913799344971,0.0011872151325034164
limit_up_down_breadth_top,top,limit_up_down_breadth_v1_20120705_20260814,capped_confirmation,limit_up_down_breadth_top::top::limit_up_down_breadth_v1_20120705_20260814::000041,2024-03-15,cni2000,国证2000,10,True,10,True,2024-03-29,7016.42,-0.01396153593998084,0.03020913799344971,-0.04959366742583826
limit_up_down_breadth_top,top,limit_up_down_breadth_v1_20120705_20260814,capped_confirmation,limit_up_down_breadth_top::top::limit_up_down_breadth_v1_20120705_20260814::000041,2024-03-15,cni2000,国证2000,20,True,20,True,2024-04-16,7016.42,-0.11188326810538718,0.03020913799344971,-0.11224385085271404
limit_up_down_breadth_top,top,limit_up_down_breadth_v1_20120705_20260814,capped_confirmation,limit_up_down_breadth_top::top::limit_up_down_breadth_v1_20120705_20260814::000041,2024-03-15,csi1000,中证1000,5,True,5,True,2024-03-22,5555.64,0.007243089905033306,0.024265431165446216,-0.0015947757594085843
limit_up_down_breadth_top,top,limit_up_down_breadth_v1_20120705_20260814,capped_confirmation,limit_up_down_breadth_top::top::limit_up_down_breadth_v1_20120705_20260814::000041,2024-03-15,csi1000,中证1000,10,True,10,True,2024-03-29,5555.64,-0.020588087061076732,0.024265431165446216,-0.05281479721508231
limit_up_down_breadth_top,top,limit_up_down_breadth_v1_20120705_20260814,capped_confirmation,limit_up_down_breadth_top::top::limit_up_down_breadth_v1_20120705_20260814::000041,2024-03-15,csi1000,中证1000,20,True,20,True,2024-04-16,5555.64,-0.08801506217105504,0.024265431165446216,-0.08850465472924829
limit_up_down_breadth_top,top,limit_up_down_breadth_v1_20120705_20260814,capped_confirmation,limit_up_down_breadth_top::top::limit_up_down_breadth_v1_20120705_20260814::000041,2024-03-15,csi300,沪深300,5,True,5,True,2024-03-22,3569.99,-0.007000019607897978,0.011414597799993764,-0.013207319908459025
limit_up_down_breadth_top,top,limit_up_down_breadth_v1_20120705_20260814,capped_confirmation,limit_up_down_breadth_top::top::limit_up_down_breadth_v1_20120705_20260814::000041,2024-03-15,csi300,沪深300,10,True,10,True,2024-03-29,3569.99,-0.009106468085344765,0.011414597799993764,-0.022577094053484736
limit_up_down_breadth_top,top,limit_up_down_breadth_v1_20120705_20260814,capped_confirmation,limit_up_down_breadth_top::top::limit_up_down_breadth_v1_20120705_20260814::000041,2024-03-15,csi300,沪深300,20,True,20,True,2024-04-16,3569.99,-0.016493043397880602,0.011414597799993764,-0.02799167504670874
limit_up_down_breadth_top,top,limit_up_down_breadth_v1_20120705_20260814,capped_confirmation,limit_up_down_breadth_top::top::limit_up_down_breadth_v1_20120705_20260814::000041,2024-03-15,csi500,中证500,5,True,5,True,2024-03-22,5454.15,-0.012757258234555313,0.014574223297855848,-0.017975303209482707
limit_up_down_breadth_top,top,limit_up_down_breadth_v1_20120705_20260814,capped_confirmation,limit_up_down_breadth_top::top::limit_up_down_breadth_v1_20120705_20260814::000041,2024-03-15,csi500,中证500,10,True,10,True,2024-03-29,5454.15,-0.03080039969564452,0.014574223297855848,-0.054576790150619225
limit_up_down_breadth_top,top,limit_up_down_breadth_v1_20120705_20260814,capped_confirmation,limit_up_down_breadth_top::top::limit_up_down_breadth_v1_20120705_20260814::000041,2024-03-15,csi500,中证500,20,True,20,True,2024-04-16,5454.15,-0.048146823978071684,0.014574223297855848,-0.054576790150619225
limit_up_down_breadth_top,top,limit_up_down_breadth_v1_20120705_20260814,capped_confirmation,limit_up_down_breadth_top::top::limit_up_down_breadth_v1_20120705_20260814::000041,2024-03-15,microcap,微盘股,5,True,5,True,2024-03-22,2732.87,0.04541745491003968,0.06571845715310265,0.006136406049318088
limit_up_down_breadth_top,top,limit_up_down_breadth_v1_20120705_20260814,capped_confirmation,limit_up_down_breadth_top::top::limit_up_down_breadth_v1_20120705_20260814::000041,2024-03-15,microcap,微盘股,10,True,10,True,2024-03-29,2732.87,0.04097157932869111,0.06571845715310265,-0.010267594140958014
limit_up_down_breadth_top,top,limit_up_down_breadth_v1_20120705_20260814,capped_confirmation,limit_up_down_breadth_top::top::limit_up_down_breadth_v1_20120705_20260814::000041,2024-03-15,microcap,微盘股,20,True,20,True,2024-04-16,2732.87,-0.17548218539484117,0.08030751554226878,-0.17548218539484117
limit_up_down_breadth_top,top,limit_up_down_breadth_v1_20120705_20260814,capped_confirmation,limit_up_down_breadth_top::top::limit_up_down_breadth_v1_20120705_20260814::000041,2024-03-15,sse_composite,上证指数,5,True,5,True,2024-03-22,3054.64,-0.002163921116727252,0.011592200717597034,-0.008799727627478049
limit_up_down_breadth_top,top,limit_up_down_breadth_v1_20120705_20260814,capped_confirmation,limit_up_down_breadth_top::top::limit_up_down_breadth_v1_20120705_20260814::000041,2024-03-15,sse_composite,上证指数,10,True,10,True,2024-03-29,3054.64,-0.004409684938323277,0.011592200717597034,-0.02308619018935132
limit_up_down_breadth_top,top,limit_up_down_breadth_v1_20120705_20260814,capped_confirmation,limit_up_down_breadth_top::top::limit_up_down_breadth_v1_20120705_20260814::000041,2024-03-15,sse_composite,上证指数,20,True,20,True,2024-04-16,3054.64,-0.015573029882408274,0.011592200717597034,-0.02308619018935132
limit_up_down_breadth_top,top,limit_up_down_breadth_v1_20120705_20260814,capped_confirmation,limit_up_down_breadth_top::top::limit_up_down_breadth_v1_20120705_20260814::000042,2024-03-27,all_a,全A,5,True,5,True,2024-04-03,4221.5908203125,0.03130287961185396,0.04053751767617597,-0.0011922527168626296
limit_up_down_breadth_top,top,limit_up_down_breadth_v1_20120705_20260814,capped_confirmation,limit_up_down_breadth_top::top::limit_up_down_breadth_v1_20120705_20260814::000042,2024-03-27,all_a,全A,10,True,10,True,2024-04-12,4221.5908203125,0.003265740731530631,0.04053751767617597,-0.0011922527168626296
limit_up_down_breadth_top,top,limit_up_down_breadth_v1_20120705_20260814,capped_confirmation,limit_up_down_breadth_top::top::limit_up_down_breadth_v1_20120705_20260814::000042,2024-03-27,all_a,全A,20,True,20,True,2024-04-26,4221.5908203125,0.01984034362046483,0.04053751767617597,-0.023039346884239253
limit_up_down_breadth_top,top,limit_up_down_breadth_v1_20120705_20260814,capped_confirmation,limit_up_down_breadth_top::top::limit_up_down_breadth_v1_20120705_20260814::000042,2024-03-27,cni2000,国证2000,5,True,5,True,2024-04-03,6678.66,0.04264178742442337,0.05773763000362364,-0.0015287497791472981
limit_up_down_breadth_top,top,limit_up_down_breadth_v1_20120705_20260814,capped_confirmation,limit_up_down_breadth_top::top::limit_up_down_breadth_v1_20120705_20260814::000042,2024-03-27,cni2000,国证2000,10,True,10,True,2024-04-12,6678.66,0.008739777140923444,0.05773763000362364,-0.0015287497791472981
limit_up_down_breadth_top,top,limit_up_down_breadth_v1_20120705_20260814,capped_confirmation,limit_up_down_breadth_top::top::limit_up_down_breadth_v1_20120705_20260814::000042,2024-03-27,cni2000,国证2000,20,True,20,True,2024-04-26,6678.66,0.010270024226416652,0.05773763000362364,-0.0673473421315054
limit_up_down_breadth_top,top,limit_up_down_breadth_v1_20120705_20260814,capped_confirmation,limit_up_down_breadth_top::top::limit_up_down_breadth_v1_20120705_20260814::000042,2024-03-27,csi1000,中证1000,5,True,5,True,2024-04-03,5266.23,0.044566986250125895,0.0557590534405068,-0.0007614555384021227
limit_up_down_breadth_top,top,limit_up_down_breadth_v1_20120705_20260814,capped_confirmation,limit_up_down_breadth_top::top::limit_up_down_breadth_v1_20120705_20260814::000042,2024-03-27,csi1000,中证1000,10,True,10,True,2024-04-12,5266.23,0.013774559789450969,0.0557590534405068,-0.0007614555384021227
limit_up_down_breadth_top,top,limit_up_down_breadth_v1_20120705_20260814,capped_confirmation,limit_up_down_breadth_top::top::limit_up_down_breadth_v1_20120705_20260814::000042,2024-03-27,csi1000,中证1000,20,True,20,True,2024-04-26,5266.23,0.02842830639755567,0.0557590534405068,-0.038412678519548105
limit_up_down_breadth_top,top,limit_up_down_breadth_v1_20120705_20260814,capped_confirmation,limit_up_down_breadth_top::top::limit_up_down_breadth_v1_20120705_20260814::000042,2024-03-27,csi300,沪深300,5,True,5,True,2024-04-03,3502.79,0.01855949114848454,0.02801481105061976,-0.0038255219410813224
limit_up_down_breadth_top,top,limit_up_down_breadth_v1_20120705_20260814,capped_confirmation,limit_up_down_breadth_top::top::limit_up_down_breadth_v1_20120705_20260814::000042,2024-03-27,csi300,沪深300,10,True,10,True,2024-04-12,3502.79,-0.0076938668889655615,0.02801481105061976,-0.009343980084446923
limit_up_down_breadth_top,top,limit_up_down_breadth_v1_20120705_20260814,capped_confirmation,limit_up_down_breadth_top::top::limit_up_down_breadth_v1_20120705_20260814::000042,2024-03-27,csi300,沪深300,20,True,20,True,2024-04-26,3502.79,0.023261457295470134,0.028548671202098808,-0.009343980084446923
limit_up_down_breadth_top,top,limit_up_down_breadth_v1_20120705_20260814,capped_confirmation,limit_up_down_breadth_top::top::limit_up_down_breadth_v1_20120705_20260814::000042,2024-03-27,csi500,中证500,5,True,5,True,2024-04-03,5156.68,0.042259748520365736,0.04760427251642518,-3.8784644383782485e-05
limit_up_down_breadth_top,top,limit_up_down_breadth_v1_20120705_20260814,capped_confirmation,limit_up_down_breadth_top::top::limit_up_down_breadth_v1_20120705_20260814::000042,2024-03-27,csi500,中证500,10,True,10,True,2024-04-12,5156.68,0.023375505169993094,0.04760427251642518,-3.8784644383782485e-05
limit_up_down_breadth_top,top,limit_up_down_breadth_v1_20120705_20260814,capped_confirmation,limit_up_down_breadth_top::top::limit_up_down_breadth_v1_20120705_20260814::000042,2024-03-27,csi500,中证500,20,True,20,True,2024-04-26,5156.68,0.04177881893000923,0.04926037683160467,-3.8784644383782485e-05
limit_up_down_breadth_top,top,limit_up_down_breadth_v1_20120705_20260814,capped_confirmation,limit_up_down_breadth_top::top::limit_up_down_breadth_v1_20120705_20260814::000042,2024-03-27,microcap,微盘股,5,True,5,True,2024-04-03,2709.96,0.07768749354233995,0.08944043454515938,-0.0019003970538310488
limit_up_down_breadth_top,top,limit_up_down_breadth_v1_20120705_20260814,capped_confirmation,limit_up_down_breadth_top::top::limit_up_down_breadth_v1_20120705_20260814::000042,2024-03-27,microcap,微盘股,10,True,10,True,2024-04-12,2709.96,0.017915393585145267,0.08944043454515938,-0.0019003970538310488
limit_up_down_breadth_top,top,limit_up_down_breadth_v1_20120705_20260814,capped_confirmation,limit_up_down_breadth_top::top::limit_up_down_breadth_v1_20120705_20260814::000042,2024-03-27,microcap,微盘股,20,True,20,True,2024-04-26,2709.96,-0.043587359223014266,0.08944043454515938,-0.17036782830742891
limit_up_down_breadth_top,top,limit_up_down_breadth_v1_20120705_20260814,capped_confirmation,limit_up_down_breadth_top::top::limit_up_down_breadth_v1_20120705_20260814::000042,2024-03-27,sse_composite,上证指数,5,True,5,True,2024-04-03,2993.14,0.02544485055827672,0.030870590750850413,-0.0030135576685353938
limit_up_down_breadth_top,top,limit_up_down_breadth_v1_20120705_20260814,capped_confirmation,limit_up_down_breadth_top::top::limit_up_down_breadth_v1_20120705_20260814::000042,2024-03-27,sse_composite,上证指数,10,True,10,True,2024-04-12,2993.14,0.008796781974782286,0.030870590750850413,-0.0030135576685353938
limit_up_down_breadth_top,top,limit_up_down_breadth_v1_20120705_20260814,capped_confirmation,limit_up_down_breadth_top::top::limit_up_down_breadth_v1_20120705_20260814::000042,2024-03-27,sse_composite,上证指数,20,True,20,True,2024-04-26,2993.14,0.031906292388595325,0.036553585866347715,-0.0030135576685353938
limit_up_down_breadth_top,top,limit_up_down_breadth_v1_20120705_20260814,capped_confirmation,limit_up_down_breadth_top::top::limit_up_down_breadth_v1_20120705_20260814::000043,2024-05-10,all_a,全A,5,True,5,True,2024-05-17,4425.05615234375,-5.49516331834754e-05,-5.49516331834754e-05,-0.013930239012018175
limit_up_down_breadth_top,top,limit_up_down_breadth_v1_20120705_20260814,capped_confirmation,limit_up_down_breadth_top::top::limit_up_down_breadth_v1_20120705_20260814::000043,2024-05-10,all_a,全A,10,True,10,True,2024-05-24,4425.05615234375,-0.027778933331420674,0.006264817216854235,-0.027995208835516427
limit_up_down_breadth_top,top,limit_up_down_breadth_v1_20120705_20260814,capped_confirmation,limit_up_down_breadth_top::top::limit_up_down_breadth_v1_20120705_20260814::000043,2024-05-10,all_a,全A,20,True,20,True,2024-06-07,4425.05615234375,-0.052481126927789945,0.006264817216854235,-0.06029617606150173
limit_up_down_breadth_top,top,limit_up_down_breadth_v1_20120705_20260814,capped_confirmation,limit_up_down_breadth_top::top::limit_up_down_breadth_v1_20120705_20260814::000043,2024-05-10,cni2000,国证2000,5,True,5,True,2024-05-17,6966.85,-0.004278834767506123,-0.0037362653135922796,-0.01950666370023768
limit_up_down_breadth_top,top,limit_up_down_breadth_v1_20120705_20260814,capped_confirmation,limit_up_down_breadth_top::top::limit_up_down_breadth_v1_20120705_20260814::000043,2024-05-10,cni2000,国证2000,10,True,10,True,2024-05-24,6966.85,-0.038954477274521504,0.0035123477611831433,-0.038964524857001415
limit_up_down_breadth_top,top,limit_up_down_breadth_v1_20120705_20260814,capped_confirmation,limit_up_down_breadth_top::top::limit_up_down_breadth_v1_20120705_20260814::000043,2024-05-10,cni2000,国证2000,20,True,20,True,2024-06-07,6966.85,-0.08955410264323194,0.0035123477611831433,-0.10198870364655477
limit_up_down_breadth_top,top,limit_up_down_breadth_v1_20120705_20260814,capped_confirmation,limit_up_down_breadth_top::top::limit_up_down_breadth_v1_20120705_20260814::000043,2024-05-10,csi1000,中证1000,5,True,5,True,2024-05-17,5574.23,-0.0019733667250902975,3.5879395001714443e-06,-0.017930727652070266
limit_up_down_breadth_top,top,limit_up_down_breadth_v1_20120705_20260814,capped_confirmation,limit_up_down_breadth_top::top::limit_up_down_breadth_v1_20120705_20260814::000043,2024-05-10,csi1000,中证1000,10,True,10,True,2024-05-24,5574.23,-0.04020645003883938,0.006838612687313006,-0.04020645003883938
limit_up_down_breadth_top,top,limit_up_down_breadth_v1_20120705_20260814,capped_confirmation,limit_up_down_breadth_top::top::limit_up_down_breadth_v1_20120705_20260814::000043,2024-05-10,csi1000,中证1000,20,True,20,True,2024-06-07,5574.23,-0.07546154356745227,0.006838612687313006,-0.08577866360017428
limit_up_down_breadth_top,top,limit_up_down_breadth_v1_20120705_20260814,capped_confirmation,limit_up_down_breadth_top::top::limit_up_down_breadth_v1_20120705_20260814::000043,2024-05-10,csi300,沪深300,5,True,5,True,2024-05-17,3666.28,0.003188518061904677,0.003188518061904677,-0.011532125205930832
limit_up_down_breadth_top,top,limit_up_down_breadth_v1_20120705_20260814,capped_confirmation,limit_up_down_breadth_top::top::limit_up_down_breadth_v1_20120705_20260814::000043,2024-05-10,csi300,沪深300,10,True,10,True,2024-05-24,3666.28,-0.017674591138701956,0.010023784326347096,-0.01816827956402678
limit_up_down_breadth_top,top,limit_up_down_breadth_v1_20120705_20260814,capped_confirmation,limit_up_down_breadth_top::top::limit_up_down_breadth_v1_20120705_20260814::000043,2024-05-10,csi300,沪深300,20,True,20,True,2024-06-07,3666.28,-0.025139923846514756,0.010023784326347096,-0.031146011761240322
limit_up_down_breadth_top,top,limit_up_down_breadth_v1_20120705_20260814,capped_confirmation,limit_up_down_breadth_top::top::limit_up_down_breadth_v1_20120705_20260814::000043,2024-05-10,csi500,中证500,5,True,5,True,2024-05-17,5535.4,-0.007860317230913627,0.0006033890956389509,-0.02299201503053072
limit_up_down_breadth_top,top,limit_up_down_breadth_v1_20120705_20260814,capped_confirmation,limit_up_down_breadth_top::top::limit_up_down_breadth_v1_20120705_20260814::000043,2024-05-10,csi500,中证500,10,True,10,True,2024-05-24,5535.4,-0.0400964699931351,0.0006033890956389509,-0.04045055461213276
limit_up_down_breadth_top,top,limit_up_down_breadth_v1_20120705_20260814,capped_confirmation,limit_up_down_breadth_top::top::limit_up_down_breadth_v1_20120705_20260814::000043,2024-05-10,csi500,中证500,20,True,20,True,2024-06-07,5535.4,-0.05896954149654954,0.0006033890956389509,-0.06564114607797078
limit_up_down_breadth_top,top,limit_up_down_breadth_v1_20120705_20260814,capped_confirmation,limit_up_down_breadth_top::top::limit_up_down_breadth_v1_20120705_20260814::000043,2024-05-10,microcap,微盘股,5,True,5,True,2024-05-17,2757.45,0.028040399644599256,0.028040399644599256,-0.030720411974831885
limit_up_down_breadth_top,top,limit_up_down_breadth_v1_20120705_20260814,capped_confirmation,limit_up_down_breadth_top::top::limit_up_down_breadth_v1_20120705_20260814::000043,2024-05-10,microcap,微盘股,10,True,10,True,2024-05-24,2757.45,-0.022132767593247338,0.031017788173856253,-0.030720411974831885
limit_up_down_breadth_top,top,limit_up_down_breadth_v1_20120705_20260814,capped_confirmation,limit_up_down_breadth_top::top::limit_up_down_breadth_v1_20120705_20260814::000043,2024-05-10,microcap,微盘股,20,True,20,True,2024-06-07,2757.45,-0.12226150972819083,0.031017788173856253,-0.17726160039166616
limit_up_down_breadth_top,top,limit_up_down_breadth_v1_20120705_20260814,capped_confirmation,limit_up_down_breadth_top::top::limit_up_down_breadth_v1_20120705_20260814::000043,2024-05-10,sse_composite,上证指数,5,True,5,True,2024-05-17,3154.55,-0.0001648412610356642,0.0008939468386932603,-0.012169723098381824
limit_up_down_breadth_top,top,limit_up_down_breadth_v1_20120705_20260814,capped_confirmation,limit_up_down_breadth_top::top::limit_up_down_breadth_v1_20120705_20260814::000043,2024-05-10,sse_composite,上证指数,10,True,10,True,2024-05-24,3154.55,-0.020820719278502597,0.0062512878223517365,-0.02116308189757654
limit_up_down_breadth_top,top,limit_up_down_breadth_v1_20120705_20260814,capped_confirmation,limit_up_down_breadth_top::top::limit_up_down_breadth_v1_20120705_20260814::000043,2024-05-10,sse_composite,上证指数,20,True,20,True,2024-06-07,3154.55,-0.03273684043682934,0.0062512878223517365,-0.03915296952021685
limit_up_down_breadth_top,top,limit_up_down_breadth_v1_20120705_20260814,capped_confirmation,limit_up_down_breadth_top::top::limit_up_down_breadth_v1_20120705_20260814::000044,2024-10-16,all_a,全A,5,True,5,True,2024-10-23,4515.43408203125,0.05079561646691588,0.06316043422683637,-0.0111216856162496
limit_up_down_breadth_top,top,limit_up_down_breadth_v1_20120705_20260814,capped_confirmation,limit_up_down_breadth_top::top::limit_up_down_breadth_v1_20120705_20260814::000044,2024-10-16,all_a,全A,10,True,10,True,2024-10-30,4515.43408203125,0.05326944510737852,0.07398658399160252,-0.0111216856162496
limit_up_down_breadth_top,top,limit_up_down_breadth_v1_20120705_20260814,capped_confirmation,limit_up_down_breadth_top::top::limit_up_down_breadth_v1_20120705_20260814::000044,2024-10-16,all_a,全A,20,True,20,True,2024-11-13,4515.43408203125,0.12333771897146595,0.1425789087752305,-0.0111216856162496
limit_up_down_breadth_top,top,limit_up_down_breadth_v1_20120705_20260814,capped_confirmation,limit_up_down_breadth_top::top::limit_up_down_breadth_v1_20120705_20260814::000044,2024-10-16,cni2000,国证2000,5,True,5,True,2024-10-23,6880.52,0.06848610279455603,0.08480899699441324,-0.00633963712045027
limit_up_down_breadth_top,top,limit_up_down_breadth_v1_20120705_20260814,capped_confirmation,limit_up_down_breadth_top::top::limit_up_down_breadth_v1_20120705_20260814::000044,2024-10-16,cni2000,国证2000,10,True,10,True,2024-10-30,6880.52,0.0942109026643334,0.1153822676193077,-0.00633963712045027
limit_up_down_breadth_top,top,limit_up_down_breadth_v1_20120705_20260814,capped_confirmation,limit_up_down_breadth_top::top::limit_up_down_breadth_v1_20120705_20260814::000044,2024-10-16,cni2000,国证2000,20,True,20,True,2024-11-13,6880.52,0.17767261776726162,0.19982501322574442,-0.00633963712045027
limit_up_down_breadth_top,top,limit_up_down_breadth_v1_20120705_20260814,capped_confirmation,limit_up_down_breadth_top::top::limit_up_down_breadth_v1_20120705_20260814::000044,2024-10-16,csi1000,中证1000,5,True,5,True,2024-10-23,5524.25,0.0686663347965788,0.0845979092184459,-0.007242612119292224
limit_up_down_breadth_top,top,limit_up_down_breadth_v1_20120705_20260814,capped_confirmation,limit_up_down_breadth_top::top::limit_up_down_breadth_v1_20120705_20260814::000044,2024-10-16,csi1000,中证1000,10,True,10,True,2024-10-30,5524.25,0.08962302575010184,0.1066914060732227,-0.007242612119292224
limit_up_down_breadth_top,top,limit_up_down_breadth_v1_20120705_20260814,capped_confirmation,limit_up_down_breadth_top::top::limit_up_down_breadth_v1_20120705_20260814::000044,2024-10-16,csi1000,中证1000,20,True,20,True,2024-11-13,5524.25,0.17199438837851289,0.19765760057926407,-0.007242612119292224
limit_up_down_breadth_top,top,limit_up_down_breadth_v1_20120705_20260814,capped_confirmation,limit_up_down_breadth_top::top::limit_up_down_breadth_v1_20120705_20260814::000044,2024-10-16,csi300,沪深300,5,True,5,True,2024-10-23,3831.59,0.03696115711754122,0.0471318695371894,-0.017337449988125142
limit_up_down_breadth_top,top,limit_up_down_breadth_v1_20120705_20260814,capped_confirmation,limit_up_down_breadth_top::top::limit_up_down_breadth_v1_20120705_20260814::000044,2024-10-16,csi300,沪深300,10,True,10,True,2024-10-30,3831.59,0.01510078061588005,0.0471318695371894,-0.017337449988125142
limit_up_down_breadth_top,top,limit_up_down_breadth_v1_20120705_20260814,capped_confirmation,limit_up_down_breadth_top::top::limit_up_down_breadth_v1_20120705_20260814::000044,2024-10-16,csi300,沪深300,20,True,20,True,2024-11-13,3831.59,0.07289402049801774,0.09638818349562439,-0.017337449988125142
limit_up_down_breadth_top,top,limit_up_down_breadth_v1_20120705_20260814,capped_confirmation,limit_up_down_breadth_top::top::limit_up_down_breadth_v1_20120705_20260814::000044,2024-10-16,csi500,中证500,5,True,5,True,2024-10-23,5461.09,0.05773389561424547,0.07184829402188941,-0.010417334268433609
limit_up_down_breadth_top,top,limit_up_down_breadth_v1_20120705_20260814,capped_confirmation,limit_up_down_breadth_top::top::limit_up_down_breadth_v1_20120705_20260814::000044,2024-10-16,csi500,中证500,10,True,10,True,2024-10-30,5461.09,0.06900453938682571,0.08352178777496788,-0.010417334268433609
limit_up_down_breadth_top,top,limit_up_down_breadth_v1_20120705_20260814,capped_confirmation,limit_up_down_breadth_top::top::limit_up_down_breadth_v1_20120705_20260814::000044,2024-10-16,csi500,中证500,20,True,20,True,2024-11-13,5461.09,0.14626200996504357,0.16881062205530384,-0.010417334268433609
limit_up_down_breadth_top,top,limit_up_down_breadth_v1_20120705_20260814,capped_confirmation,limit_up_down_breadth_top::top::limit_up_down_breadth_v1_20120705_20260814::000044,2024-10-16,microcap,微盘股,5,True,5,True,2024-10-23,3182.29,0.058278786659921034,0.06986478290790599,-0.01235273969374251
limit_up_down_breadth_top,top,limit_up_down_breadth_v1_20120705_20260814,capped_confirmation,limit_up_down_breadth_top::top::limit_up_down_breadth_v1_20120705_20260814::000044,2024-10-16,microcap,微盘股,10,True,10,True,2024-10-30,3182.29,0.10382774668556283,0.14419490366999854,-0.01235273969374251
limit_up_down_breadth_top,top,limit_up_down_breadth_v1_20120705_20260814,capped_confirmation,limit_up_down_breadth_top::top::limit_up_down_breadth_v1_20120705_20260814::000044,2024-10-16,microcap,微盘股,20,True,20,True,2024-11-13,3182.29,0.22238702318141956,0.23243324775554708,-0.01235273969374251
limit_up_down_breadth_top,top,limit_up_down_breadth_v1_20120705_20260814,capped_confirmation,limit_up_down_breadth_top::top::limit_up_down_breadth_v1_20120705_20260814::000044,2024-10-16,sse_composite,上证指数,5,True,5,True,2024-10-23,3202.95,0.031174386112802432,0.04000374654615291,-0.015651196553177482
limit_up_down_breadth_top,top,limit_up_down_breadth_v1_20120705_20260814,capped_confirmation,limit_up_down_breadth_top::top::limit_up_down_breadth_v1_20120705_20260814::000044,2024-10-16,sse_composite,上证指数,10,True,10,True,2024-10-30,3202.95,0.01975990883404366,0.04293229678889787,-0.015651196553177482
limit_up_down_breadth_top,top,limit_up_down_breadth_v1_20120705_20260814,capped_confirmation,limit_up_down_breadth_top::top::limit_up_down_breadth_v1_20120705_20260814::000044,2024-10-16,sse_composite,上证指数,20,True,20,True,2024-11-13,3202.95,0.0737851043569211,0.09580855149159384,-0.015651196553177482
limit_up_down_breadth_top,top,limit_up_down_breadth_v1_20120705_20260814,capped_confirmation,limit_up_down_breadth_top::top::limit_up_down_breadth_v1_20120705_20260814::000045,2024-11-05,all_a,全A,5,True,5,True,2024-11-12,4943.21435546875,0.02344507735953938,0.043701400564595705,-0.009167495332488507
limit_up_down_breadth_top,top,limit_up_down_breadth_v1_20120705_20260814,capped_confirmation,limit_up_down_breadth_top::top::limit_up_down_breadth_v1_20120705_20260814::000045,2024-11-05,all_a,全A,10,True,10,True,2024-11-19,4943.21435546875,-0.017967141074762827,0.043701400564595705,-0.04287897422514275
limit_up_down_breadth_top,top,limit_up_down_breadth_v1_20120705_20260814,capped_confirmation,limit_up_down_breadth_top::top::limit_up_down_breadth_v1_20120705_20260814::000045,2024-11-05,all_a,全A,20,True,20,True,2024-12-03,4943.21435546875,-0.004469115698080062,0.043701400564595705,-0.05845212962094992
limit_up_down_breadth_top,top,limit_up_down_breadth_v1_20120705_20260814,capped_confirmation,limit_up_down_breadth_top::top::limit_up_down_breadth_v1_20120705_20260814::000045,2024-11-05,cni2000,国证2000,5,True,5,True,2024-11-12,7777.74,0.042189633492505596,0.06141629830773465,-0.0018874377389832553
limit_up_down_breadth_top,top,limit_up_down_breadth_v1_20120705_20260814,capped_confirmation,limit_up_down_breadth_top::top::limit_up_down_breadth_v1_20120705_20260814::000045,2024-11-05,cni2000,国证2000,10,True,10,True,2024-11-19,7777.74,-0.010958196082666682,0.06141629830773465,-0.04471607433521818
limit_up_down_breadth_top,top,limit_up_down_breadth_v1_20120705_20260814,capped_confirmation,limit_up_down_breadth_top::top::limit_up_down_breadth_v1_20120705_20260814::000045,2024-11-05,cni2000,国证2000,20,True,20,True,2024-12-03,7777.74,0.031102865356774645,0.06141629830773465,-0.04976381313852096
limit_up_down_breadth_top,top,limit_up_down_breadth_v1_20120705_20260814,capped_confirmation,limit_up_down_breadth_top::top::limit_up_down_breadth_v1_20120705_20260814::000045,2024-11-05,csi1000,中证1000,5,True,5,True,2024-11-12,6266.54,0.03597359946637213,0.055791553233522695,-0.0059123535475716915
limit_up_down_breadth_top,top,limit_up_down_breadth_v1_20120705_20260814,capped_confirmation,limit_up_down_breadth_top::top::limit_up_down_breadth_v1_20120705_20260814::000045,2024-11-05,csi1000,中证1000,10,True,10,True,2024-11-19,6266.54,-0.02174405652880218,0.055791553233522695,-0.05257287115377862
limit_up_down_breadth_top,top,limit_up_down_breadth_v1_20120705_20260814,capped_confirmation,limit_up_down_breadth_top::top::limit_up_down_breadth_v1_20120705_20260814::000045,2024-11-05,csi1000,中证1000,20,True,20,True,2024-12-03,6266.54,0.005862884462558338,0.055791553233522695,-0.0653534486335362
limit_up_down_breadth_top,top,limit_up_down_breadth_v1_20120705_20260814,capped_confirmation,limit_up_down_breadth_top::top::limit_up_down_breadth_v1_20120705_20260814::000045,2024-11-05,csi300,沪深300,5,True,5,True,2024-11-12,4044.57,0.010179079605495689,0.0386542945232744,-0.0148099798000777
limit_up_down_breadth_top,top,limit_up_down_breadth_v1_20120705_20260814,capped_confirmation,limit_up_down_breadth_top::top::limit_up_down_breadth_v1_20120705_20260814::000045,2024-11-05,csi300,沪深300,10,True,10,True,2024-11-19,4044.57,-0.01673354645858527,0.0386542945232744,-0.03654776651164404
limit_up_down_breadth_top,top,limit_up_down_breadth_v1_20120705_20260814,capped_confirmation,limit_up_down_breadth_top::top::limit_up_down_breadth_v1_20120705_20260814::000045,2024-11-05,csi300,沪深300,20,True,20,True,2024-12-03,4044.57,-0.022914673253275453,0.0386542945232744,-0.05742266792267159
limit_up_down_breadth_top,top,limit_up_down_breadth_v1_20120705_20260814,capped_confirmation,limit_up_down_breadth_top::top::limit_up_down_breadth_v1_20120705_20260814::000045,2024-11-05,csi500,中证500,5,True,5,True,2024-11-12,6111.97,0.024854506812042487,0.044340859002907296,-0.010206201928347203
limit_up_down_breadth_top,top,limit_up_down_breadth_v1_20120705_20260814,capped_confirmation,limit_up_down_breadth_top::top::limit_up_down_breadth_v1_20120705_20260814::000045,2024-11-05,csi500,中证500,10,True,10,True,2024-11-19,6111.97,-0.02869287643754792,0.044340859002907296,-0.054936460748334914
limit_up_down_breadth_top,top,limit_up_down_breadth_v1_20120705_20260814,capped_confirmation,limit_up_down_breadth_top::top::limit_up_down_breadth_v1_20120705_20260814::000045,2024-11-05,csi500,中证500,20,True,20,True,2024-12-03,6111.97,-0.029425864328522566,0.044340859002907296,-0.08311068280767087
limit_up_down_breadth_top,top,limit_up_down_breadth_v1_20120705_20260814,capped_confirmation,limit_up_down_breadth_top::top::limit_up_down_breadth_v1_20120705_20260814::000045,2024-11-05,microcap,微盘股,5,True,5,True,2024-11-12,3609.24,0.06898682271059853,0.08664427968214916,-0.006735490020059576
limit_up_down_breadth_top,top,limit_up_down_breadth_v1_20120705_20260814,capped_confirmation,limit_up_down_breadth_top::top::limit_up_down_breadth_v1_20120705_20260814::000045,2024-11-05,microcap,微盘股,10,True,10,True,2024-11-19,3609.24,0.022899557801642434,0.08664427968214916,-0.008397889860469188
limit_up_down_breadth_top,top,limit_up_down_breadth_v1_20120705_20260814,capped_confirmation,limit_up_down_breadth_top::top::limit_up_down_breadth_v1_20120705_20260814::000045,2024-11-05,microcap,微盘股,20,True,20,True,2024-12-03,3609.24,0.12588522791501822,0.12793829171792415,-0.008397889860469188
limit_up_down_breadth_top,top,limit_up_down_breadth_v1_20120705_20260814,capped_confirmation,limit_up_down_breadth_top::top::limit_up_down_breadth_v1_20120705_20260814::000045,2024-11-05,sse_composite,上证指数,5,True,5,True,2024-11-12,3386.99,0.010327754141582934,0.03626523845656471,-0.009072952680698632
limit_up_down_breadth_top,top,limit_up_down_breadth_v1_20120705_20260814,capped_confirmation,limit_up_down_breadth_top::top::limit_up_down_breadth_v1_20120705_20260814::000045,2024-11-05,sse_composite,上证指数,10,True,10,True,2024-11-19,3386.99,-0.012099238556948722,0.03626523845656471,-0.03036914782742184
limit_up_down_breadth_top,top,limit_up_down_breadth_v1_20120705_20260814,capped_confirmation,limit_up_down_breadth_top::top::limit_up_down_breadth_v1_20120705_20260814::000045,2024-11-05,sse_composite,上证指数,20,True,20,True,2024-12-03,3386.99,-0.0024151237529487224,0.03626523845656471,-0.04713034287080853
limit_up_down_breadth_top,top,limit_up_down_breadth_v1_20120705_20260814,capped_confirmation,limit_up_down_breadth_top::top::limit_up_down_breadth_v1_20120705_20260814::000046,2024-11-13,all_a,全A,5,True,5,True,2024-11-20,5072.357421875,-0.03263822333596578,-0.0008763799808012562,-0.06724743526012433
limit_up_down_breadth_top,top,limit_up_down_breadth_v1_20120705_20260814,capped_confirmation,limit_up_down_breadth_top::top::limit_up_down_breadth_v1_20120705_20260814::000046,2024-11-13,all_a,全A,10,True,10,True,2024-11-27,5072.357421875,-0.05238671075263557,-0.0008763799808012562,-0.08242409552079732
limit_up_down_breadth_top,top,limit_up_down_breadth_v1_20120705_20260814,capped_confirmation,limit_up_down_breadth_top::top::limit_up_down_breadth_v1_20120705_20260814::000046,2024-11-13,all_a,全A,20,True,20,True,2024-12-11,5072.357421875,-0.012943450773128085,0.005180017920353386,-0.08242409552079732
limit_up_down_breadth_top,top,limit_up_down_breadth_v1_20120705_20260814,capped_confirmation,limit_up_down_breadth_top::top::limit_up_down_breadth_v1_20120705_20260814::000046,2024-11-13,cni2000,国证2000,5,True,5,True,2024-11-20,8103.0,-0.028403060594841323,-6.664198445016645e-05,-0.0830618289522399
limit_up_down_breadth_top,top,limit_up_down_breadth_v1_20120705_20260814,capped_confirmation,limit_up_down_breadth_top::top::limit_up_down_breadth_v1_20120705_20260814::000046,2024-11-13,cni2000,国证2000,10,True,10,True,2024-11-27,8103.0,-0.04651733925706536,-6.664198445016645e-05,-0.0879069480439344
limit_up_down_breadth_top,top,limit_up_down_breadth_v1_20120705_20260814,capped_confirmation,limit_up_down_breadth_top::top::limit_up_down_breadth_v1_20120705_20260814::000046,2024-11-13,cni2000,国证2000,20,True,20,True,2024-12-11,8103.0,0.018757250401086,0.02394792052326289,-0.0879069480439344
limit_up_down_breadth_top,top,limit_up_down_breadth_v1_20120705_20260814,capped_confirmation,limit_up_down_breadth_top::top::limit_up_down_breadth_v1_20120705_20260814::000046,2024-11-13,csi1000,中证1000,5,True,5,True,2024-11-20,6474.39,-0.03453452757711539,-0.0002224147757550199,-0.08298851320356049
limit_up_down_breadth_top,top,limit_up_down_breadth_v1_20120705_20260814,capped_confirmation,limit_up_down_breadth_top::top::limit_up_down_breadth_v1_20120705_20260814::000046,2024-11-13,csi1000,中证1000,10,True,10,True,2024-11-27,6474.39,-0.05494417234673854,-0.0002224147757550199,-0.095358790557875
limit_up_down_breadth_top,top,limit_up_down_breadth_v1_20120705_20260814,capped_confirmation,limit_up_down_breadth_top::top::limit_up_down_breadth_v1_20120705_20260814::000046,2024-11-13,csi1000,中证1000,20,True,20,True,2024-12-11,6474.39,-0.004173366139512802,0.0036296855765562963,-0.095358790557875
limit_up_down_breadth_top,top,limit_up_down_breadth_v1_20120705_20260814,capped_confirmation,limit_up_down_breadth_top::top::limit_up_down_breadth_v1_20120705_20260814::000046,2024-11-13,csi300,沪深300,5,True,5,True,2024-11-20,4110.89,-0.030436231570292627,0.001770906056839161,-0.0520909097543355
limit_up_down_breadth_top,top,limit_up_down_breadth_v1_20120705_20260814,capped_confirmation,limit_up_down_breadth_top::top::limit_up_down_breadth_v1_20120705_20260814::000046,2024-11-13,csi300,沪深300,10,True,10,True,2024-11-27,4110.89,-0.04958780215476466,0.001770906056839161,-0.0726290413997942
limit_up_down_breadth_top,top,limit_up_down_breadth_v1_20120705_20260814,capped_confirmation,limit_up_down_breadth_top::top::limit_up_down_breadth_v1_20120705_20260814::000046,2024-11-13,csi300,沪深300,20,True,20,True,2024-12-11,4110.89,-0.029691867211236622,0.001770906056839161,-0.0726290413997942
limit_up_down_breadth_top,top,limit_up_down_breadth_v1_20120705_20260814,capped_confirmation,limit_up_down_breadth_top::top::limit_up_down_breadth_v1_20120705_20260814::000046,2024-11-13,csi500,中证500,5,True,5,True,2024-11-20,6259.84,-0.042724734178509305,-0.0030719635006646318,-0.07726076065841947
limit_up_down_breadth_top,top,limit_up_down_breadth_v1_20120705_20260814,capped_confirmation,limit_up_down_breadth_top::top::limit_up_down_breadth_v1_20120705_20260814::000046,2024-11-13,csi500,中证500,10,True,10,True,2024-11-27,6259.84,-0.07266958899907994,-0.0030719635006646318,-0.1047694509763828
limit_up_down_breadth_top,top,limit_up_down_breadth_v1_20120705_20260814,capped_confirmation,limit_up_down_breadth_top::top::limit_up_down_breadth_v1_20120705_20260814::000046,2024-11-13,csi500,中证500,20,True,20,True,2024-12-11,6259.84,-0.0339832966976793,-0.0030719635006646318,-0.1047694509763828
limit_up_down_breadth_top,top,limit_up_down_breadth_v1_20120705_20260814,capped_confirmation,limit_up_down_breadth_top::top::limit_up_down_breadth_v1_20120705_20260814::000046,2024-11-13,microcap,微盘股,5,True,5,True,2024-11-20,3889.99,-0.02281496867601207,0.0011722395173252576,-0.07996421584631319
limit_up_down_breadth_top,top,limit_up_down_breadth_v1_20120705_20260814,capped_confirmation,limit_up_down_breadth_top::top::limit_up_down_breadth_v1_20120705_20260814::000046,2024-11-13,microcap,微盘股,10,True,10,True,2024-11-27,3889.99,-0.011586148036370147,0.0011722395173252576,-0.07996421584631319
limit_up_down_breadth_top,top,limit_up_down_breadth_v1_20120705_20260814,capped_confirmation,limit_up_down_breadth_top::top::limit_up_down_breadth_v1_20120705_20260814::000046,2024-11-13,microcap,微盘股,20,True,20,True,2024-12-11,3889.99,0.08739868225882352,0.09557093977105358,-0.07996421584631319
limit_up_down_breadth_top,top,limit_up_down_breadth_v1_20120705_20260814,capped_confirmation,limit_up_down_breadth_top::top::limit_up_down_breadth_v1_20120705_20260814::000046,2024-11-13,sse_composite,上证指数,5,True,5,True,2024-11-20,3439.28,-0.02072817566467411,0.000723988741829551,-0.045111186062199105
limit_up_down_breadth_top,top,limit_up_down_breadth_v1_20120705_20260814,capped_confirmation,limit_up_down_breadth_top::top::limit_up_down_breadth_v1_20120705_20260814::000046,2024-11-13,sse_composite,上证指数,10,True,10,True,2024-11-27,3439.28,-0.037653229745760686,0.000723988741829551,-0.061617547858854205
limit_up_down_breadth_top,top,limit_up_down_breadth_v1_20120705_20260814,capped_confirmation,limit_up_down_breadth_top::top::limit_up_down_breadth_v1_20120705_20260814::000046,2024-11-13,sse_composite,上证指数,20,True,20,True,2024-12-11,3439.28,-0.0019742504245076065,0.016163266730245818,-0.061617547858854205
limit_up_down_breadth_top,top,limit_up_down_breadth_v1_20120705_20260814,capped_confirmation,limit_up_down_breadth_top::top::limit_up_down_breadth_v1_20120705_20260814::000047,2024-12-10,all_a,全A,5,True,5,True,2024-12-17,4977.8271484375,-0.026595282399782594,0.015681945031629452,-0.027770219302590937
limit_up_down_breadth_top,top,limit_up_down_breadth_v1_20120705_20260814,capped_confirmation,limit_up_down_breadth_top::top::limit_up_down_breadth_v1_20120705_20260814::000047,2024-12-10,all_a,全A,10,True,10,True,2024-12-24,4977.8271484375,-0.02211810381780921,0.015681945031629452,-0.034256306531209146
limit_up_down_breadth_top,top,limit_up_down_breadth_v1_20120705_20260814,capped_confirmation,limit_up_down_breadth_top::top::limit_up_down_breadth_v1_20120705_20260814::000047,2024-12-10,all_a,全A,20,True,20,True,2025-01-08,4977.8271484375,-0.08413138733387027,0.015681945031629452,-0.10423969968385194
limit_up_down_breadth_top,top,limit_up_down_breadth_v1_20120705_20260814,capped_confirmation,limit_up_down_breadth_top::top::limit_up_down_breadth_v1_20120705_20260814::000047,2024-12-10,cni2000,国证2000,5,True,5,True,2024-12-17,8136.21,-0.03871950207774866,0.022483441307439067,-0.04036646055104287
limit_up_down_breadth_top,top,limit_up_down_breadth_v1_20120705_20260814,capped_confirmation,limit_up_down_breadth_top::top::limit_up_down_breadth_v1_20120705_20260814::000047,2024-12-10,cni2000,国证2000,10,True,10,True,2024-12-24,8136.21,-0.038806766295363504,0.022483441307439067,-0.05532920118826823
limit_up_down_breadth_top,top,limit_up_down_breadth_v1_20120705_20260814,capped_confirmation,limit_up_down_breadth_top::top::limit_up_down_breadth_v1_20120705_20260814::000047,2024-12-10,cni2000,国证2000,20,True,20,True,2025-01-08,8136.21,-0.1140518742756148,0.022483441307439067,-0.14148110729688634
limit_up_down_breadth_top,top,limit_up_down_breadth_v1_20120705_20260814,capped_confirmation,limit_up_down_breadth_top::top::limit_up_down_breadth_v1_20120705_20260814::000047,2024-12-10,csi1000,中证1000,5,True,5,True,2024-12-17,6362.02,-0.03427842100464962,0.02069940050487107,-0.03597756687341447
limit_up_down_breadth_top,top,limit_up_down_breadth_v1_20120705_20260814,capped_confirmation,limit_up_down_breadth_top::top::limit_up_down_breadth_v1_20120705_20260814::000047,2024-12-10,csi1000,中证1000,10,True,10,True,2024-12-24,6362.02,-0.03106874860500297,0.02069940050487107,-0.04649309496040577
limit_up_down_breadth_top,top,limit_up_down_breadth_v1_20120705_20260814,capped_confirmation,limit_up_down_breadth_top::top::limit_up_down_breadth_v1_20120705_20260814::000047,2024-12-10,csi1000,中证1000,20,True,20,True,2025-01-08,6362.02,-0.11006567096613984,0.02069940050487107,-0.13526049902389503
limit_up_down_breadth_top,top,limit_up_down_breadth_v1_20120705_20260814,capped_confirmation,limit_up_down_breadth_top::top::limit_up_down_breadth_v1_20120705_20260814::000047,2024-12-10,csi300,沪深300,5,True,5,True,2024-12-17,3995.64,-0.018422580612867945,0.009034847984302763,-0.023523140222842853
limit_up_down_breadth_top,top,limit_up_down_breadth_v1_20120705_20260814,capped_confirmation,limit_up_down_breadth_top::top::limit_up_down_breadth_v1_20120705_20260814::000047,2024-12-10,csi300,沪深300,10,True,10,True,2024-12-24,3995.64,-0.0029907599283218733,0.009034847984302763,-0.02399865853780614
limit_up_down_breadth_top,top,limit_up_down_breadth_v1_20120705_20260814,capped_confirmation,limit_up_down_breadth_top::top::limit_up_down_breadth_v1_20120705_20260814::000047,2024-12-10,csi300,沪深300,20,True,20,True,2025-01-08,3995.64,-0.05166131082880343,0.009034847984302763,-0.06618464125897228
limit_up_down_breadth_top,top,limit_up_down_breadth_v1_20120705_20260814,capped_confirmation,limit_up_down_breadth_top::top::limit_up_down_breadth_v1_20120705_20260814::000047,2024-12-10,csi500,中证500,5,True,5,True,2024-12-17,5992.09,-0.024019999699604,0.019295437818857897,-0.02584073336682191
limit_up_down_breadth_top,top,limit_up_down_breadth_v1_20120705_20260814,capped_confirmation,limit_up_down_breadth_top::top::limit_up_down_breadth_v1_20120705_20260814::000047,2024-12-10,csi500,中证500,10,True,10,True,2024-12-24,5992.09,-0.016159637121605286,0.019295437818857897,-0.029497220502362254
limit_up_down_breadth_top,top,limit_up_down_breadth_v1_20120705_20260814,capped_confirmation,limit_up_down_breadth_top::top::limit_up_down_breadth_v1_20120705_20260814::000047,2024-12-10,csi500,中证500,20,True,20,True,2025-01-08,5992.09,-0.08853338317682147,0.019295437818857897,-0.11100634336266646
limit_up_down_breadth_top,top,limit_up_down_breadth_v1_20120705_20260814,capped_confirmation,limit_up_down_breadth_top::top::limit_up_down_breadth_v1_20120705_20260814::000047,2024-12-10,microcap,微盘股,5,True,5,True,2024-12-17,4163.13,-0.03364055410232214,0.0373300857768073,-0.03610504596301334
limit_up_down_breadth_top,top,limit_up_down_breadth_v1_20120705_20260814,capped_confirmation,limit_up_down_breadth_top::top::limit_up_down_breadth_v1_20120705_20260814::000047,2024-12-10,microcap,微盘股,10,True,10,True,2024-12-24,4163.13,-0.09095800515477537,0.0373300857768073,-0.10960022867409858
limit_up_down_breadth_top,top,limit_up_down_breadth_v1_20120705_20260814,capped_confirmation,limit_up_down_breadth_top::top::limit_up_down_breadth_v1_20120705_20260814::000047,2024-12-10,microcap,微盘股,20,True,20,True,2025-01-08,4163.13,-0.15065587670814995,0.0373300857768073,-0.20799014203255728
limit_up_down_breadth_top,top,limit_up_down_breadth_v1_20120705_20260814,capped_confirmation,limit_up_down_breadth_top::top::limit_up_down_breadth_v1_20120705_20260814::000047,2024-12-10,sse_composite,上证指数,5,True,5,True,2024-12-17,3422.66,-0.01787206441773359,0.01211338549549179,-0.018958938369572187
limit_up_down_breadth_top,top,limit_up_down_breadth_v1_20120705_20260814,capped_confirmation,limit_up_down_breadth_top::top::limit_up_down_breadth_v1_20120705_20260814::000047,2024-12-10,sse_composite,上证指数,10,True,10,True,2024-12-24,3422.66,-0.00851092425189759,0.01211338549549179,-0.022260464083490583
limit_up_down_breadth_top,top,limit_up_down_breadth_v1_20120705_20260814,capped_confirmation,limit_up_down_breadth_top::top::limit_up_down_breadth_v1_20120705_20260814::000047,2024-12-10,sse_composite,上证指数,20,True,20,True,2025-01-08,3422.66,-0.05623988359930576,0.01211338549549179,-0.07214856281371795
limit_up_down_breadth_top,top,limit_up_down_breadth_v1_20120705_20260814,capped_confirmation,limit_up_down_breadth_top::top::limit_up_down_breadth_v1_20120705_20260814::000048,2025-04-18,all_a,全A,5,True,5,True,2025-04-25,4616.83740234375,0.010985921838616575,0.01789645005866025,-0.0038337297783683777
limit_up_down_breadth_top,top,limit_up_down_breadth_v1_20120705_20260814,capped_confirmation,limit_up_down_breadth_top::top::limit_up_down_breadth_v1_20120705_20260814::000048,2025-04-18,all_a,全A,10,True,10,True,2025-05-07,4616.83740234375,0.03442075715766513,0.04377140271740143,-0.0038337297783683777
limit_up_down_breadth_top,top,limit_up_down_breadth_v1_20120705_20260814,capped_confirmation,limit_up_down_breadth_top::top::limit_up_down_breadth_v1_20120705_20260814::000048,2025-04-18,all_a,全A,20,True,20,True,2025-05-21,4616.83740234375,0.0498034802342775,0.0589125677147897,-0.0038337297783683777
limit_up_down_breadth_top,top,limit_up_down_breadth_v1_20120705_20260814,capped_confirmation,limit_up_down_breadth_top::top::limit_up_down_breadth_v1_20120705_20260814::000048,2025-04-18,cni2000,国证2000,5,True,5,True,2025-04-25,7472.57,0.023828482034962573,0.035990295172878994,-0.005544277270069009
limit_up_down_breadth_top,top,limit_up_down_breadth_v1_20120705_20260814,capped_confirmation,limit_up_down_breadth_top::top::limit_up_down_breadth_v1_20120705_20260814::000048,2025-04-18,cni2000,国证2000,10,True,10,True,2025-05-07,7472.57,0.06096697655558936,0.0731716129792026,-0.005544277270069009
limit_up_down_breadth_top,top,limit_up_down_breadth_v1_20120705_20260814,capped_confirmation,limit_up_down_breadth_top::top::limit_up_down_breadth_v1_20120705_20260814::000048,2025-04-18,cni2000,国证2000,20,True,20,True,2025-05-21,7472.57,0.0677183351912396,0.08192496022118245,-0.005544277270069009
limit_up_down_breadth_top,top,limit_up_down_breadth_v1_20120705_20260814,capped_confirmation,limit_up_down_breadth_top::top::limit_up_down_breadth_v1_20120705_20260814::000048,2025-04-18,csi1000,中证1000,5,True,5,True,2025-04-25,5831.69,0.018486922315829712,0.031138486442180646,-0.0049488227254878
limit_up_down_breadth_top,top,limit_up_down_breadth_v1_20120705_20260814,capped_confirmation,limit_up_down_breadth_top::top::limit_up_down_breadth_v1_20120705_20260814::000048,2025-04-18,csi1000,中证1000,10,True,10,True,2025-05-07,5831.69,0.04797923072042587,0.0623232716416684,-0.0049488227254878
limit_up_down_breadth_top,top,limit_up_down_breadth_v1_20120705_20260814,capped_confirmation,limit_up_down_breadth_top::top::limit_up_down_breadth_v1_20120705_20260814::000048,2025-04-18,csi1000,中证1000,20,True,20,True,2025-05-21,5831.69,0.05152708734517786,0.06666163667821845,-0.0049488227254878
limit_up_down_breadth_top,top,limit_up_down_breadth_v1_20120705_20260814,capped_confirmation,limit_up_down_breadth_top::top::limit_up_down_breadth_v1_20120705_20260814::000048,2025-04-18,csi300,沪深300,5,True,5,True,2025-04-25,3772.52,0.0038356324154675825,0.009391600309607284,-0.002486401662549209
limit_up_down_breadth_top,top,limit_up_down_breadth_v1_20120705_20260814,capped_confirmation,limit_up_down_breadth_top::top::limit_up_down_breadth_v1_20120705_20260814::000048,2025-04-18,csi300,沪深300,10,True,10,True,2025-05-07,3772.52,0.015668571670925502,0.024164219142642107,-0.002486401662549209
limit_up_down_breadth_top,top,limit_up_down_breadth_v1_20120705_20260814,capped_confirmation,limit_up_down_breadth_top::top::limit_up_down_breadth_v1_20120705_20260814::000048,2025-04-18,csi300,沪深300,20,True,20,True,2025-05-21,3772.52,0.038133661319224244,0.049834063172627285,-0.002486401662549209
limit_up_down_breadth_top,top,limit_up_down_breadth_v1_20120705_20260814,capped_confirmation,limit_up_down_breadth_top::top::limit_up_down_breadth_v1_20120705_20260814::000048,2025-04-18,csi500,中证500,5,True,5,True,2025-04-25,5560.72,0.011951689709246205,0.01969888791379537,-0.004499417341639278
limit_up_down_breadth_top,top,limit_up_down_breadth_v1_20120705_20260814,capped_confirmation,limit_up_down_breadth_top::top::limit_up_down_breadth_v1_20120705_20260814::000048,2025-04-18,csi500,中证500,10,True,10,True,2025-05-07,5560.72,0.03409090909090895,0.046490382540390396,-0.004499417341639278
limit_up_down_breadth_top,top,limit_up_down_breadth_v1_20120705_20260814,capped_confirmation,limit_up_down_breadth_top::top::limit_up_down_breadth_v1_20120705_20260814::000048,2025-04-18,csi500,中证500,20,True,20,True,2025-05-21,5560.72,0.035463033563998936,0.04986944136730487,-0.004499417341639278
limit_up_down_breadth_top,top,limit_up_down_breadth_v1_20120705_20260814,capped_confirmation,limit_up_down_breadth_top::top::limit_up_down_breadth_v1_20120705_20260814::000048,2025-04-18,microcap,微盘股,5,True,5,True,2025-04-25,4097.47,0.017191095968975834,0.029362020954393664,-0.0109921488137803
limit_up_down_breadth_top,top,limit_up_down_breadth_v1_20120705_20260814,capped_confirmation,limit_up_down_breadth_top::top::limit_up_down_breadth_v1_20120705_20260814::000048,2025-04-18,microcap,微盘股,10,True,10,True,2025-05-07,4097.47,0.085006113528592,0.09070719248707126,-0.0109921488137803
limit_up_down_breadth_top,top,limit_up_down_breadth_v1_20120705_20260814,capped_confirmation,limit_up_down_breadth_top::top::limit_up_down_breadth_v1_20120705_20260814::000048,2025-04-18,microcap,微盘股,20,True,20,True,2025-05-21,4097.47,0.1431297849648685,0.15311887579408756,-0.0109921488137803
limit_up_down_breadth_top,top,limit_up_down_breadth_v1_20120705_20260814,capped_confirmation,limit_up_down_breadth_top::top::limit_up_down_breadth_v1_20120705_20260814::000048,2025-04-18,sse_composite,上证指数,5,True,5,True,2025-04-25,3276.73,0.005593991570864931,0.011224605017807532,-0.0020508250603497036
limit_up_down_breadth_top,top,limit_up_down_breadth_v1_20120705_20260814,capped_confirmation,limit_up_down_breadth_top::top::limit_up_down_breadth_v1_20120705_20260814::000048,2025-04-18,sse_composite,上证指数,10,True,10,True,2025-05-07,3276.73,0.020123720904682507,0.024402376759757427,-0.0020508250603497036
limit_up_down_breadth_top,top,limit_up_down_breadth_v1_20120705_20260814,capped_confirmation,limit_up_down_breadth_top::top::limit_up_down_breadth_v1_20120705_20260814::000048,2025-04-18,sse_composite,上证指数,20,True,20,True,2025-05-21,3276.73,0.033826406203745885,0.04290252782499615,-0.0020508250603497036
limit_up_down_breadth_top,top,limit_up_down_breadth_v1_20120705_20260814,capped_confirmation,limit_up_down_breadth_top::top::limit_up_down_breadth_v1_20120705_20260814::000049,2026-01-22,all_a,全A,5,True,5,True,2026-01-29,6298.060546875,0.0034474743743966307,0.014801105995242203,-0.011140039700962001
limit_up_down_breadth_top,top,limit_up_down_breadth_v1_20120705_20260814,capped_confirmation,limit_up_down_breadth_top::top::limit_up_down_breadth_v1_20120705_20260814::000049,2026-01-22,all_a,全A,10,True,10,True,2026-02-05,6298.060546875,-0.019359956112481314,0.014801105995242203,-0.033586728553277934
limit_up_down_breadth_top,top,limit_up_down_breadth_v1_20120705_20260814,capped_confirmation,limit_up_down_breadth_top::top::limit_up_down_breadth_v1_20120705_20260814::000049,2026-01-22,all_a,全A,20,True,20,True,2026-02-27,6298.060546875,0.0159410898754484,0.016250197310866188,-0.033586728553277934
limit_up_down_breadth_top,top,limit_up_down_breadth_v1_20120705_20260814,capped_confirmation,limit_up_down_breadth_top::top::limit_up_down_breadth_v1_20120705_20260814::000049,2026-01-22,cni2000,国证2000,5,True,5,True,2026-01-29,10955.56,-0.002355881397208326,0.025105973587840502,-0.016808816710419117
limit_up_down_breadth_top,top,limit_up_down_breadth_v1_20120705_20260814,capped_confirmation,limit_up_down_breadth_top::top::limit_up_down_breadth_v1_20120705_20260814::000049,2026-01-22,cni2000,国证2000,10,True,10,True,2026-02-05,10955.56,-0.02599684543738512,0.025105973587840502,-0.03865343259495624
limit_up_down_breadth_top,top,limit_up_down_breadth_v1_20120705_20260814,capped_confirmation,limit_up_down_breadth_top::top::limit_up_down_breadth_v1_20120705_20260814::000049,2026-01-22,cni2000,国证2000,20,True,20,True,2026-02-27,10955.56,0.032070473805081656,0.03209968271818142,-0.03865343259495624
limit_up_down_breadth_top,top,limit_up_down_breadth_v1_20120705_20260814,capped_confirmation,limit_up_down_breadth_top::top::limit_up_down_breadth_v1_20120705_20260814::000049,2026-01-22,csi1000,中证1000,5,True,5,True,2026-01-29,8309.35,0.002751117716788709,0.026604969101072795,-0.014815839987484036
limit_up_down_breadth_top,top,limit_up_down_breadth_v1_20120705_20260814,capped_confirmation,limit_up_down_breadth_top::top::limit_up_down_breadth_v1_20120705_20260814::000049,2026-01-22,csi1000,中证1000,10,True,10,True,2026-02-05,8309.35,-0.02903596550873422,0.026604969101072795,-0.040285942943792286
limit_up_down_breadth_top,top,limit_up_down_breadth_v1_20120705_20260814,capped_confirmation,limit_up_down_breadth_top::top::limit_up_down_breadth_v1_20120705_20260814::000049,2026-01-22,csi1000,中证1000,20,True,20,True,2026-02-27,8309.35,0.03026590527538242,0.030321264599517228,-0.04324525985787098
limit_up_down_breadth_top,top,limit_up_down_breadth_v1_20120705_20260814,capped_confirmation,limit_up_down_breadth_top::top::limit_up_down_breadth_v1_20120705_20260814::000049,2026-01-22,csi300,沪深300,5,True,5,True,2026-01-29,4723.71,0.006384811938074053,0.010002730904310475,-0.010176323271326893
limit_up_down_breadth_top,top,limit_up_down_breadth_v1_20120705_20260814,capped_confirmation,limit_up_down_breadth_top::top::limit_up_down_breadth_v1_20120705_20260814::000049,2026-01-22,csi300,沪深300,10,True,10,True,2026-02-05,4723.71,-0.01128138687599367,0.010002730904310475,-0.030802060245019303
limit_up_down_breadth_top,top,limit_up_down_breadth_v1_20120705_20260814,capped_confirmation,limit_up_down_breadth_top::top::limit_up_down_breadth_v1_20120705_20260814::000049,2026-01-22,csi300,沪深300,20,True,20,True,2026-02-27,4723.71,-0.0027647759917522885,0.010002730904310475,-0.030802060245019303
limit_up_down_breadth_top,top,limit_up_down_breadth_v1_20120705_20260814,capped_confirmation,limit_up_down_breadth_top::top::limit_up_down_breadth_v1_20120705_20260814::000049,2026-01-22,csi500,中证500,5,True,5,True,2026-01-29,8387.6,0.015527683723592034,0.03382970098717153,-0.0023153226191043874
limit_up_down_breadth_top,top,limit_up_down_breadth_v1_20120705_20260814,capped_confirmation,limit_up_down_breadth_top::top::limit_up_down_breadth_v1_20120705_20260814::000049,2026-01-22,csi500,中证500,10,True,10,True,2026-02-05,8387.6,-0.02879131098287957,0.03382970098717153,-0.04235418951785974
limit_up_down_breadth_top,top,limit_up_down_breadth_v1_20120705_20260814,capped_confirmation,limit_up_down_breadth_top::top::limit_up_down_breadth_v1_20120705_20260814::000049,2026-01-22,csi500,中证500,20,True,20,True,2026-02-27,8387.6,0.03229171634317329,0.03382970098717153,-0.04446325528160622
limit_up_down_breadth_top,top,limit_up_down_breadth_v1_20120705_20260814,capped_confirmation,limit_up_down_breadth_top::top::limit_up_down_breadth_v1_20120705_20260814::000049,2026-01-22,microcap,微盘股,5,True,5,True,2026-01-29,7276.9,-0.017261471230881287,0.010655636328656515,-0.02946584397202101
limit_up_down_breadth_top,top,limit_up_down_breadth_v1_20120705_20260814,capped_confirmation,limit_up_down_breadth_top::top::limit_up_down_breadth_v1_20120705_20260814::000049,2026-01-22,microcap,微盘股,10,True,10,True,2026-02-05,7276.9,0.011555744891368569,0.02273495581909879,-0.02946584397202101
limit_up_down_breadth_top,top,limit_up_down_breadth_v1_20120705_20260814,capped_confirmation,limit_up_down_breadth_top::top::limit_up_down_breadth_v1_20120705_20260814::000049,2026-01-22,microcap,微盘股,20,True,20,True,2026-02-27,7276.9,0.060940785224477434,0.06344872129615631,-0.02946584397202101
limit_up_down_breadth_top,top,limit_up_down_breadth_v1_20120705_20260814,capped_confirmation,limit_up_down_breadth_top::top::limit_up_down_breadth_v1_20120705_20260814::000049,2026-01-22,sse_composite,上证指数,5,True,5,True,2026-01-29,4122.58,0.008586855803889737,0.01155344468755004,-0.005033255873748921
limit_up_down_breadth_top,top,limit_up_down_breadth_v1_20120705_20260814,capped_confirmation,limit_up_down_breadth_top::top::limit_up_down_breadth_v1_20120705_20260814::000049,2026-01-22,sse_composite,上证指数,10,True,10,True,2026-02-05,4122.58,-0.01131815513586154,0.01155344468755004,-0.029059472466271052
limit_up_down_breadth_top,top,limit_up_down_breadth_v1_20120705_20260814,capped_confirmation,limit_up_down_breadth_top::top::limit_up_down_breadth_v1_20120705_20260814::000049,2026-01-22,sse_composite,上证指数,20,True,20,True,2026-02-27,4122.58,0.00977543188973895,0.01155344468755004,-0.029059472466271052
limit_up_down_breadth_top,top,limit_up_down_breadth_v1_20120705_20260814,capped_confirmation,limit_up_down_breadth_top::top::limit_up_down_breadth_v1_20120705_20260814::000050,2026-06-05,all_a,全A,5,True,5,True,2026-06-12,6292.19140625,-0.015246374319360378,-0.003131050949186198,-0.036680819045928126
limit_up_down_breadth_top,top,limit_up_down_breadth_v1_20120705_20260814,capped_confirmation,limit_up_down_breadth_top::top::limit_up_down_breadth_v1_20120705_20260814::000050,2026-06-05,all_a,全A,10,True,10,True,2026-06-22,6292.19140625,0.05273494367088172,0.05294718279911681,-0.036680819045928126
limit_up_down_breadth_top,top,limit_up_down_breadth_v1_20120705_20260814,capped_confirmation,limit_up_down_breadth_top::top::limit_up_down_breadth_v1_20120705_20260814::000050,2026-06-05,all_a,全A,20,True,20,True,2026-07-06,6292.19140625,0.009329519909659911,0.053112628437653076,-0.036680819045928126
limit_up_down_breadth_top,top,limit_up_down_breadth_v1_20120705_20260814,capped_confirmation,limit_up_down_breadth_top::top::limit_up_down_breadth_v1_20120705_20260814::000050,2026-06-05,cni2000,国证2000,5,True,5,True,2026-06-12,10904.0,-0.022280814380044034,-0.004529530447542118,-0.0439783565663977
limit_up_down_breadth_top,top,limit_up_down_breadth_v1_20120705_20260814,capped_confirmation,limit_up_down_breadth_top::top::limit_up_down_breadth_v1_20120705_20260814::000050,2026-06-05,cni2000,国证2000,10,True,10,True,2026-06-22,10904.0,0.050186170212765946,0.050192589875275084,-0.0439783565663977
limit_up_down_breadth_top,top,limit_up_down_breadth_v1_20120705_20260814,capped_confirmation,limit_up_down_breadth_top::top::limit_up_down_breadth_v1_20120705_20260814::000050,2026-06-05,cni2000,国证2000,20,True,20,True,2026-07-06,10904.0,0.007896184886280189,0.057557776962582574,-0.0439783565663977
limit_up_down_breadth_top,top,limit_up_down_breadth_v1_20120705_20260814,capped_confirmation,limit_up_down_breadth_top::top::limit_up_down_breadth_v1_20120705_20260814::000050,2026-06-05,csi1000,中证1000,5,True,5,True,2026-06-12,8340.96,-0.01656404059005201,0.0009387408643610762,-0.042388406130709155
limit_up_down_breadth_top,top,limit_up_down_breadth_v1_20120705_20260814,capped_confirmation,limit_up_down_breadth_top::top::limit_up_down_breadth_v1_20120705_20260814::000050,2026-06-05,csi1000,中证1000,10,True,10,True,2026-06-22,8340.96,0.06290882584258894,0.06292441157852346,-0.042388406130709155
limit_up_down_breadth_top,top,limit_up_down_breadth_v1_20120705_20260814,capped_confirmation,limit_up_down_breadth_top::top::limit_up_down_breadth_v1_20120705_20260814::000050,2026-06-05,csi1000,中证1000,20,True,20,True,2026-07-06,8340.96,0.01578235598780009,0.07232141144424631,-0.042388406130709155
limit_up_down_breadth_top,top,limit_up_down_breadth_v1_20120705_20260814,capped_confirmation,limit_up_down_breadth_top::top::limit_up_down_breadth_v1_20120705_20260814::000050,2026-06-05,csi300,沪深300,5,True,5,True,2026-06-12,4816.92,-0.008221020901322929,-0.0014656668576601417,-0.028929274308064135
limit_up_down_breadth_top,top,limit_up_down_breadth_v1_20120705_20260814,capped_confirmation,limit_up_down_breadth_top::top::limit_up_down_breadth_v1_20120705_20260814::000050,2026-06-05,csi300,沪深300,10,True,10,True,2026-06-22,4816.92,0.05039319731280556,0.05077726015794326,-0.028929274308064135
limit_up_down_breadth_top,top,limit_up_down_breadth_v1_20120705_20260814,capped_confirmation,limit_up_down_breadth_top::top::limit_up_down_breadth_v1_20120705_20260814::000050,2026-06-05,csi300,沪深300,20,True,20,True,2026-07-06,4816.92,0.005206646570837803,0.05135024040258096,-0.028929274308064135
limit_up_down_breadth_top,top,limit_up_down_breadth_v1_20120705_20260814,capped_confirmation,limit_up_down_breadth_top::top::limit_up_down_breadth_v1_20120705_20260814::000050,2026-06-05,csi500,中证500,5,True,5,True,2026-06-12,8251.14,-0.017566057538715762,0.0009416880576502695,-0.043841214668518536
limit_up_down_breadth_top,top,limit_up_down_breadth_v1_20120705_20260814,capped_confirmation,limit_up_down_breadth_top::top::limit_up_down_breadth_v1_20120705_20260814::000050,2026-06-05,csi500,中证500,10,True,10,True,2026-06-22,8251.14,0.07485511093012609,0.07506235502003356,-0.043841214668518536
limit_up_down_breadth_top,top,limit_up_down_breadth_v1_20120705_20260814,capped_confirmation,limit_up_down_breadth_top::top::limit_up_down_breadth_v1_20120705_20260814::000050,2026-06-05,csi500,中证500,20,True,20,True,2026-07-06,8251.14,0.04847693773224071,0.1086419573537718,-0.043841214668518536
limit_up_down_breadth_top,top,limit_up_down_breadth_v1_20120705_20260814,capped_confirmation,limit_up_down_breadth_top::top::limit_up_down_breadth_v1_20120705_20260814::000050,2026-06-05,microcap,微盘股,5,True,5,True,2026-06-12,6793.88,-0.03343744664315529,0.004146378799743333,-0.06183653523465227
limit_up_down_breadth_top,top,limit_up_down_breadth_v1_20120705_20260814,capped_confirmation,limit_up_down_breadth_top::top::limit_up_down_breadth_v1_20120705_20260814::000050,2026-06-05,microcap,微盘股,10,True,10,True,2026-06-22,6793.88,-0.05192320146955798,0.004146378799743333,-0.09429368784847536
limit_up_down_breadth_top,top,limit_up_down_breadth_v1_20120705_20260814,capped_confirmation,limit_up_down_breadth_top::top::limit_up_down_breadth_v1_20120705_20260814::000050,2026-06-05,microcap,微盘股,20,True,20,True,2026-07-06,6793.88,-0.07451412153290904,0.004146378799743333,-0.14176876836211416
limit_up_down_breadth_top,top,limit_up_down_breadth_v1_20120705_20260814,capped_confirmation,limit_up_down_breadth_top::top::limit_up_down_breadth_v1_20120705_20260814::000050,2026-06-05,sse_composite,上证指数,5,True,5,True,2026-06-12,4027.74,0.0009360087791170368,0.008076489545005394,-0.024800508473734606
limit_up_down_breadth_top,top,limit_up_down_breadth_v1_20120705_20260814,capped_confirmation,limit_up_down_breadth_top::top::limit_up_down_breadth_v1_20120705_20260814::000050,2026-06-05,sse_composite,上证指数,10,True,10,True,2026-06-22,4027.74,0.03360693589953678,0.03393466311132309,-0.024800508473734606
limit_up_down_breadth_top,top,limit_up_down_breadth_v1_20120705_20260814,capped_confirmation,limit_up_down_breadth_top::top::limit_up_down_breadth_v1_20120705_20260814::000050,2026-06-05,sse_composite,上证指数,20,True,20,True,2026-07-06,4027.74,0.0033517555750868233,0.03664834373618975,-0.024800508473734606
limit_up_down_breadth_top,top,limit_up_down_breadth_v1_20120705_20260814,capped_confirmation,limit_up_down_breadth_top::top::limit_up_down_breadth_v1_20120705_20260814::000051,2026-06-25,all_a,全A,5,True,5,True,2026-07-02,6586.23046875,-0.03186490814465548,0.005464985246800946,-0.04188195958068297
limit_up_down_breadth_top,top,limit_up_down_breadth_v1_20120705_20260814,capped_confirmation,limit_up_down_breadth_top::top::limit_up_down_breadth_v1_20120705_20260814::000051,2026-06-25,all_a,全A,10,True,10,True,2026-07-09,6586.23046875,-0.04278687187699237,0.005464985246800946,-0.0759354566078021
limit_up_down_breadth_top,top,limit_up_down_breadth_v1_20120705_20260814,capped_confirmation,limit_up_down_breadth_top::top::limit_up_down_breadth_v1_20120705_20260814::000051,2026-06-25,all_a,全A,20,True,20,True,2026-07-23,6586.23046875,-0.11693385525554911,0.005464985246800946,-0.1633453434752309
limit_up_down_breadth_top,top,limit_up_down_breadth_v1_20120705_20260814,capped_confirmation,limit_up_down_breadth_top::top::limit_up_down_breadth_v1_20120705_20260814::000051,2026-06-25,cni2000,国证2000,5,True,5,True,2026-07-02,11380.33,-0.016479311232626692,0.013293111886913733,-0.04862512774234151
limit_up_down_breadth_top,top,limit_up_down_breadth_v1_20120705_20260814,capped_confirmation,limit_up_down_breadth_top::top::limit_up_down_breadth_v1_20120705_20260814::000051,2026-06-25,cni2000,国证2000,10,True,10,True,2026-07-09,11380.33,-0.06059841849928771,0.013293111886913733,-0.09692952664817278
limit_up_down_breadth_top,top,limit_up_down_breadth_v1_20120705_20260814,capped_confirmation,limit_up_down_breadth_top::top::limit_up_down_breadth_v1_20120705_20260814::000051,2026-06-25,cni2000,国证2000,20,True,20,True,2026-07-23,11380.33,-0.18633818175747097,0.013293111886913733,-0.2468408209603763
limit_up_down_breadth_top,top,limit_up_down_breadth_v1_20120705_20260814,capped_confirmation,limit_up_down_breadth_top::top::limit_up_down_breadth_v1_20120705_20260814::000051,2026-06-25,csi1000,中证1000,5,True,5,True,2026-07-02,8825.92,-0.022727375729668986,0.013400302744643211,-0.04668748413763091
limit_up_down_breadth_top,top,limit_up_down_breadth_v1_20120705_20260814,capped_confirmation,limit_up_down_breadth_top::top::limit_up_down_breadth_v1_20120705_20260814::000051,2026-06-25,csi1000,中证1000,10,True,10,True,2026-07-09,8825.92,-0.059579058047206424,0.013400302744643211,-0.09597979587397121
limit_up_down_breadth_top,top,limit_up_down_breadth_v1_20120705_20260814,capped_confirmation,limit_up_down_breadth_top::top::limit_up_down_breadth_v1_20120705_20260814::000051,2026-06-25,csi1000,中证1000,20,True,20,True,2026-07-23,8825.92,-0.18473088357927558,0.013400302744643211,-0.2392645752510787
limit_up_down_breadth_top,top,limit_up_down_breadth_v1_20120705_20260814,capped_confirmation,limit_up_down_breadth_top::top::limit_up_down_breadth_v1_20120705_20260814::000051,2026-06-25,csi300,沪深300,5,True,5,True,2026-07-02,5020.1,-0.04139359773709694,-0.0005418218760583349,-0.04374813250732068
limit_up_down_breadth_top,top,limit_up_down_breadth_v1_20120705_20260814,capped_confirmation,limit_up_down_breadth_top::top::limit_up_down_breadth_v1_20120705_20260814::000051,2026-06-25,csi300,沪深300,10,True,10,True,2026-07-09,5020.1,-0.028642855720005578,-0.0005418218760583349,-0.05681759327503444
limit_up_down_breadth_top,top,limit_up_down_breadth_v1_20120705_20260814,capped_confirmation,limit_up_down_breadth_top::top::limit_up_down_breadth_v1_20120705_20260814::000051,2026-06-25,csi300,沪深300,20,True,20,True,2026-07-23,5020.1,-0.05818609191051982,-0.0005418218760583349,-0.10517917969761559
limit_up_down_breadth_top,top,limit_up_down_breadth_v1_20120705_20260814,capped_confirmation,limit_up_down_breadth_top::top::limit_up_down_breadth_v1_20120705_20260814::000051,2026-06-25,csi500,中证500,5,True,5,True,2026-07-02,8938.01,-0.027280121637814236,0.02344481601609294,-0.039173149280432806
limit_up_down_breadth_top,top,limit_up_down_breadth_v1_20120705_20260814,capped_confirmation,limit_up_down_breadth_top::top::limit_up_down_breadth_v1_20120705_20260814::000051,2026-06-25,csi500,中证500,10,True,10,True,2026-07-09,8938.01,-0.031910906342686896,0.02344481601609294,-0.07340112620146988
limit_up_down_breadth_top,top,limit_up_down_breadth_v1_20120705_20260814,capped_confirmation,limit_up_down_breadth_top::top::limit_up_down_breadth_v1_20120705_20260814::000051,2026-06-25,csi500,中证500,20,True,20,True,2026-07-23,8938.01,-0.13467203549783446,0.02344481601609294,-0.18846365130493248
limit_up_down_breadth_top,top,limit_up_down_breadth_v1_20120705_20260814,capped_confirmation,limit_up_down_breadth_top::top::limit_up_down_breadth_v1_20120705_20260814::000051,2026-06-25,microcap,微盘股,5,True,5,True,2026-07-02,6168.99,0.009147364479436648,0.03621824642283422,-0.05483393553888072
limit_up_down_breadth_top,top,limit_up_down_breadth_v1_20120705_20260814,capped_confirmation,limit_up_down_breadth_top::top::limit_up_down_breadth_v1_20120705_20260814::000051,2026-06-25,microcap,微盘股,10,True,10,True,2026-07-09,6168.99,-0.025263454795679596,0.047341623183049464,-0.05483393553888072
limit_up_down_breadth_top,top,limit_up_down_breadth_v1_20120705_20260814,capped_confirmation,limit_up_down_breadth_top::top::limit_up_down_breadth_v1_20120705_20260814::000051,2026-06-25,microcap,微盘股,20,True,20,True,2026-07-23,6168.99,-0.06569146651234647,0.047341623183049464,-0.13489242161196557
limit_up_down_breadth_top,top,limit_up_down_breadth_v1_20120705_20260814,capped_confirmation,limit_up_down_breadth_top::top::limit_up_down_breadth_v1_20120705_20260814::000051,2026-06-25,sse_composite,上证指数,5,True,5,True,2026-07-02,4120.28,-0.022178104400671694,0.005589425961342487,-0.03100032036657696
limit_up_down_breadth_top,top,limit_up_down_breadth_v1_20120705_20260814,capped_confirmation,limit_up_down_breadth_top::top::limit_up_down_breadth_v1_20120705_20260814::000051,2026-06-25,sse_composite,上证指数,10,True,10,True,2026-07-09,4120.28,-0.020311726387526985,0.005589425961342487,-0.04402613414622303
limit_up_down_breadth_top,top,limit_up_down_breadth_v1_20120705_20260814,capped_confirmation,limit_up_down_breadth_top::top::limit_up_down_breadth_v1_20120705_20260814::000051,2026-06-25,sse_composite,上证指数,20,True,20,True,2026-07-23,4120.28,-0.059097925383711725,0.005589425961342487,-0.09202529925150704
limit_up_down_breadth_top,top,limit_up_down_breadth_v1_20120705_20260814,capped_confirmation,limit_up_down_breadth_top::top::limit_up_down_breadth_v1_20120705_20260814::000052,2026-08-13,all_a,全A,5,True,1,False,,5973.265625,,,
limit_up_down_breadth_top,top,limit_up_down_breadth_v1_20120705_20260814,capped_confirmation,limit_up_down_breadth_top::top::limit_up_down_breadth_v1_20120705_20260814::000052,2026-08-13,all_a,全A,10,True,1,False,,5973.265625,,,
limit_up_down_breadth_top,top,limit_up_down_breadth_v1_20120705_20260814,capped_confirmation,limit_up_down_breadth_top::top::limit_up_down_breadth_v1_20120705_20260814::000052,2026-08-13,all_a,全A,20,True,1,False,,5973.265625,,,
limit_up_down_breadth_top,top,limit_up_down_breadth_v1_20120705_20260814,capped_confirmation,limit_up_down_breadth_top::top::limit_up_down_breadth_v1_20120705_20260814::000052,2026-08-13,cni2000,国证2000,5,True,1,False,,10036.35,,,
limit_up_down_breadth_top,top,limit_up_down_breadth_v1_20120705_20260814,capped_confirmation,limit_up_down_breadth_top::top::limit_up_down_breadth_v1_20120705_20260814::000052,2026-08-13,cni2000,国证2000,10,True,1,False,,10036.35,,,
limit_up_down_breadth_top,top,limit_up_down_breadth_v1_20120705_20260814,capped_confirmation,limit_up_down_breadth_top::top::limit_up_down_breadth_v1_20120705_20260814::000052,2026-08-13,cni2000,国证2000,20,True,1,False,,10036.35,,,
limit_up_down_breadth_top,top,limit_up_down_breadth_v1_20120705_20260814,capped_confirmation,limit_up_down_breadth_top::top::limit_up_down_breadth_v1_20120705_20260814::000052,2026-08-13,csi1000,中证1000,5,True,1,False,,7715.89,,,
limit_up_down_breadth_top,top,limit_up_down_breadth_v1_20120705_20260814,capped_confirmation,limit_up_down_breadth_top::top::limit_up_down_breadth_v1_20120705_20260814::000052,2026-08-13,csi1000,中证1000,10,True,1,False,,7715.89,,,
limit_up_down_breadth_top,top,limit_up_down_breadth_v1_20120705_20260814,capped_confirmation,limit_up_down_breadth_top::top::limit_up_down_breadth_v1_20120705_20260814::000052,2026-08-13,csi1000,中证1000,20,True,1,False,,7715.89,,,
limit_up_down_breadth_top,top,limit_up_down_breadth_v1_20120705_20260814,capped_confirmation,limit_up_down_breadth_top::top::limit_up_down_breadth_v1_20120705_20260814::000052,2026-08-13,csi300,沪深300,5,True,1,False,,4663.95,,,
limit_up_down_breadth_top,top,limit_up_down_breadth_v1_20120705_20260814,capped_confirmation,limit_up_down_breadth_top::top::limit_up_down_breadth_v1_20120705_20260814::000052,2026-08-13,csi300,沪深300,10,True,1,False,,4663.95,,,
limit_up_down_breadth_top,top,limit_up_down_breadth_v1_20120705_20260814,capped_confirmation,limit_up_down_breadth_top::top::limit_up_down_breadth_v1_20120705_20260814::000052,2026-08-13,csi300,沪深300,20,True,1,False,,4663.95,,,
limit_up_down_breadth_top,top,limit_up_down_breadth_v1_20120705_20260814,capped_confirmation,limit_up_down_breadth_top::top::limit_up_down_breadth_v1_20120705_20260814::000052,2026-08-13,csi500,中证500,5,True,1,False,,7968.38,,,
limit_up_down_breadth_top,top,limit_up_down_breadth_v1_20120705_20260814,capped_confirmation,limit_up_down_breadth_top::top::limit_up_down_breadth_v1_20120705_20260814::000052,2026-08-13,csi500,中证500,10,True,1,False,,7968.38,,,
limit_up_down_breadth_top,top,limit_up_down_breadth_v1_20120705_20260814,capped_confirmation,limit_up_down_breadth_top::top::limit_up_down_breadth_v1_20120705_20260814::000052,2026-08-13,csi500,中证500,20,True,1,False,,7968.38,,,
limit_up_down_breadth_top,top,limit_up_down_breadth_v1_20120705_20260814,capped_confirmation,limit_up_down_breadth_top::top::limit_up_down_breadth_v1_20120705_20260814::000052,2026-08-13,microcap,微盘股,5,True,1,False,,6721.34,,,
limit_up_down_breadth_top,top,limit_up_down_breadth_v1_20120705_20260814,capped_confirmation,limit_up_down_breadth_top::top::limit_up_down_breadth_v1_20120705_20260814::000052,2026-08-13,microcap,微盘股,10,True,1,False,,6721.34,,,
limit_up_down_breadth_top,top,limit_up_down_breadth_v1_20120705_20260814,capped_confirmation,limit_up_down_breadth_top::top::limit_up_down_breadth_v1_20120705_20260814::000052,2026-08-13,microcap,微盘股,20,True,1,False,,6721.34,,,
limit_up_down_breadth_top,top,limit_up_down_breadth_v1_20120705_20260814,capped_confirmation,limit_up_down_breadth_top::top::limit_up_down_breadth_v1_20120705_20260814::000052,2026-08-13,sse_composite,上证指数,5,True,1,False,,3926.96,,,
limit_up_down_breadth_top,top,limit_up_down_breadth_v1_20120705_20260814,capped_confirmation,limit_up_down_breadth_top::top::limit_up_down_breadth_v1_20120705_20260814::000052,2026-08-13,sse_composite,上证指数,10,True,1,False,,3926.96,,,
limit_up_down_breadth_top,top,limit_up_down_breadth_v1_20120705_20260814,capped_confirmation,limit_up_down_breadth_top::top::limit_up_down_breadth_v1_20120705_20260814::000052,2026-08-13,sse_composite,上证指数,20,True,1,False,,3926.96,,,
limit_up_down_breadth_top,top,limit_up_down_breadth_v1_20120705_20260814,onset,limit_up_down_breadth_top::top::limit_up_down_breadth_v1_20120705_20260814::000001,2012-09-12,all_a,全A,5,True,5,True,2012-09-19,2661.139892578125,-0.03410935879161425,0.002262195816176371,-0.04410135055603981
limit_up_down_breadth_top,top,limit_up_down_breadth_v1_20120705_20260814,onset,limit_up_down_breadth_top::top::limit_up_down_breadth_v1_20120705_20260814::000001,2012-09-12,all_a,全A,10,True,10,True,2012-09-26,2661.139892578125,-0.07489640623891913,0.002262195816176371,-0.07650098912580872
limit_up_down_breadth_top,top,limit_up_down_breadth_v1_20120705_20260814,onset,limit_up_down_breadth_top::top::limit_up_down_breadth_v1_20120705_20260814::000001,2012-09-12,all_a,全A,20,True,20,True,2012-10-17,2661.139892578125,-0.024147550433122666,0.002262195816176371,-0.07650098912580872
limit_up_down_breadth_top,top,limit_up_down_breadth_v1_20120705_20260814,onset,limit_up_down_breadth_top::top::limit_up_down_breadth_v1_20120705_20260814::000001,2012-09-12,cni2000,国证2000,5,True,5,True,2012-09-19,3017.74,-0.03732594590653926,0.002352754047731276,-0.05105144909766912
limit_up_down_breadth_top,top,limit_up_down_breadth_v1_20120705_20260814,onset,limit_up_down_breadth_top::top::limit_up_down_breadth_v1_20120705_20260814::000001,2012-09-12,cni2000,国证2000,10,True,10,True,2012-09-26,3017.74,-0.10356094295731244,0.002352754047731276,-0.10494608548118789
limit_up_down_breadth_top,top,limit_up_down_breadth_v1_20120705_20260814,onset,limit_up_down_breadth_top::top::limit_up_down_breadth_v1_20120705_20260814::000001,2012-09-12,cni2000,国证2000,20,True,20,True,2012-10-17,3017.74,-0.04905989250233611,0.002352754047731276,-0.10494608548118789
limit_up_down_breadth_top,top,limit_up_down_breadth_v1_20120705_20260814,onset,limit_up_down_breadth_top::top::limit_up_down_breadth_v1_20120705_20260814::000001,2012-09-12,csi1000,中证1000,5,True,5,True,2012-09-19,3628.53,-0.03913430507671145,0.0015102534635238474,-0.05291123402590037
limit_up_down_breadth_top,top,limit_up_down_breadth_v1_20120705_20260814,onset,limit_up_down_breadth_top::top::limit_up_down_breadth_v1_20120705_20260814::000001,2012-09-12,csi1000,中证1000,10,True,10,True,2012-09-26,3628.53,-0.10955125078199712,0.0015102534635238474,-0.11129851482556308
limit_up_down_breadth_top,top,limit_up_down_breadth_v1_20120705_20260814,onset,limit_up_down_breadth_top::top::limit_up_down_breadth_v1_20120705_20260814::000001,2012-09-12,csi1000,中证1000,20,True,20,True,2012-10-17,3628.53,-0.0541596734765869,0.0015102534635238474,-0.11129851482556308
limit_up_down_breadth_top,top,limit_up_down_breadth_v1_20120705_20260814,onset,limit_up_down_breadth_top::top::limit_up_down_breadth_v1_20120705_20260814::000001,2012-09-12,csi300,沪深300,5,True,5,True,2012-09-19,2320.07,-0.03182231570599181,0.005323115250832844,-0.03966690660195604
limit_up_down_breadth_top,top,limit_up_down_breadth_v1_20120705_20260814,onset,limit_up_down_breadth_top::top::limit_up_down_breadth_v1_20120705_20260814::000001,2012-09-12,csi300,沪深300,10,True,10,True,2012-09-26,2320.07,-0.058265483369036364,0.005323115250832844,-0.0634420513174172
limit_up_down_breadth_top,top,limit_up_down_breadth_v1_20120705_20260814,onset,limit_up_down_breadth_top::top::limit_up_down_breadth_v1_20120705_20260814::000001,2012-09-12,csi300,沪深300,20,True,20,True,2012-10-17,2320.07,-0.008305783877210593,0.005323115250832844,-0.0634420513174172
limit_up_down_breadth_top,top,limit_up_down_breadth_v1_20120705_20260814,onset,limit_up_down_breadth_top::top::limit_up_down_breadth_v1_20120705_20260814::000001,2012-09-12,csi500,中证500,5,True,5,True,2012-09-19,3376.12,-0.03561780979349072,0.0028435008234304338,-0.049177754345224645
limit_up_down_breadth_top,top,limit_up_down_breadth_v1_20120705_20260814,onset,limit_up_down_breadth_top::top::limit_up_down_breadth_v1_20120705_20260814::000001,2012-09-12,csi500,中证500,10,True,10,True,2012-09-26,3376.12,-0.09008269848228145,0.0028435008234304338,-0.09144817127353289
limit_up_down_breadth_top,top,limit_up_down_breadth_v1_20120705_20260814,onset,limit_up_down_breadth_top::top::limit_up_down_breadth_v1_20120705_20260814::000001,2012-09-12,csi500,中证500,20,True,20,True,2012-10-17,3376.12,-0.04008743765032041,0.0028435008234304338,-0.0928343779249553
limit_up_down_breadth_top,top,limit_up_down_breadth_v1_20120705_20260814,onset,limit_up_down_breadth_top::top::limit_up_down_breadth_v1_20120705_20260814::000001,2012-09-12,microcap,微盘股,5,True,5,True,2012-09-19,651.8,-0.03608468855477143,0.002163240257747834,-0.0490794722307456
limit_up_down_breadth_top,top,limit_up_down_breadth_v1_20120705_20260814,onset,limit_up_down_breadth_top::top::limit_up_down_breadth_v1_20120705_20260814::000001,2012-09-12,microcap,微盘股,10,True,10,True,2012-09-26,651.8,-0.0981589444614911,0.002163240257747834,-0.10047560601411476
limit_up_down_breadth_top,top,limit_up_down_breadth_v1_20120705_20260814,onset,limit_up_down_breadth_top::top::limit_up_down_breadth_v1_20120705_20260814::000001,2012-09-12,microcap,微盘股,20,True,20,True,2012-10-17,651.8,-0.04614912549861905,0.002163240257747834,-0.1010432648051548
limit_up_down_breadth_top,top,limit_up_down_breadth_v1_20120705_20260814,onset,limit_up_down_breadth_top::top::limit_up_down_breadth_v1_20120705_20260814::000001,2012-09-12,sse_composite,上证指数,5,True,5,True,2012-09-19,2126.55,-0.027612800075239363,0.004551973854364899,-0.0342761750252758
limit_up_down_breadth_top,top,limit_up_down_breadth_v1_20120705_20260814,onset,limit_up_down_breadth_top::top::limit_up_down_breadth_v1_20120705_20260814::000001,2012-09-12,sse_composite,上证指数,10,True,10,True,2012-09-26,2126.55,-0.05754861160094993,0.004551973854364899,-0.059754061743199194
limit_up_down_breadth_top,top,limit_up_down_breadth_v1_20120705_20260814,onset,limit_up_down_breadth_top::top::limit_up_down_breadth_v1_20120705_20260814::000001,2012-09-12,sse_composite,上证指数,20,True,20,True,2012-10-17,2126.55,-0.009842232724365907,0.004551973854364899,-0.059754061743199194
limit_up_down_breadth_top,top,limit_up_down_breadth_v1_20120705_20260814,onset,limit_up_down_breadth_top::top::limit_up_down_breadth_v1_20120705_20260814::000002,2012-12-17,all_a,全A,5,True,5,True,2012-12-24,2583.260009765625,0.008152512141300416,0.018600546846418542,-0.00890735337466575
limit_up_down_breadth_top,top,limit_up_down_breadth_v1_20120705_20260814,onset,limit_up_down_breadth_top::top::limit_up_down_breadth_v1_20120705_20260814::000002,2012-12-17,all_a,全A,10,True,10,True,2012-12-31,2583.260009765625,0.06448831602736704,0.06448831602736704,-0.00890735337466575
limit_up_down_breadth_top,top,limit_up_down_breadth_v1_20120705_20260814,onset,limit_up_down_breadth_top::top::limit_up_down_breadth_v1_20120705_20260814::000002,2012-12-17,all_a,全A,20,True,20,True,2013-01-17,2583.260009765625,0.09199999659768565,0.11204832269212273,-0.00890735337466575
limit_up_down_breadth_top,top,limit_up_down_breadth_v1_20120705_20260814,onset,limit_up_down_breadth_top::top::limit_up_down_breadth_v1_20120705_20260814::000002,2012-12-17,cni2000,国证2000,5,True,5,True,2012-12-24,2699.91,0.015285694708342179,0.015285694708342179,-0.011789281864950985
limit_up_down_breadth_top,top,limit_up_down_breadth_v1_20120705_20260814,onset,limit_up_down_breadth_top::top::limit_up_down_breadth_v1_20120705_20260814::000002,2012-12-17,cni2000,国证2000,10,True,10,True,2012-12-31,2699.91,0.0667911152593974,0.0667911152593974,-0.011789281864950985
limit_up_down_breadth_top,top,limit_up_down_breadth_v1_20120705_20260814,onset,limit_up_down_breadth_top::top::limit_up_down_breadth_v1_20120705_20260814::000002,2012-12-17,cni2000,国证2000,20,True,20,True,2013-01-17,2699.91,0.12480045631150682,0.14130100632984055,-0.011789281864950985
limit_up_down_breadth_top,top,limit_up_down_breadth_v1_20120705_20260814,onset,limit_up_down_breadth_top::top::limit_up_down_breadth_v1_20120705_20260814::000002,2012-12-17,csi1000,中证1000,5,True,5,True,2012-12-24,3201.26,0.013382230746643353,0.016893348244128914,-0.010383411531709408
limit_up_down_breadth_top,top,limit_up_down_breadth_v1_20120705_20260814,onset,limit_up_down_breadth_top::top::limit_up_down_breadth_v1_20120705_20260814::000002,2012-12-17,csi1000,中证1000,10,True,10,True,2012-12-31,3201.26,0.06420596889974561,0.06508374827411711,-0.010383411531709408
limit_up_down_breadth_top,top,limit_up_down_breadth_v1_20120705_20260814,onset,limit_up_down_breadth_top::top::limit_up_down_breadth_v1_20120705_20260814::000002,2012-12-17,csi1000,中证1000,20,True,20,True,2013-01-17,3201.26,0.12544748005472828,0.14325921668343078,-0.010383411531709408
limit_up_down_breadth_top,top,limit_up_down_breadth_v1_20120705_20260814,onset,limit_up_down_breadth_top::top::limit_up_down_breadth_v1_20120705_20260814::000002,2012-12-17,csi300,沪深300,5,True,5,True,2012-12-24,2366.7,0.0061351248573964234,0.020078590442388133,-0.008513964592047896
limit_up_down_breadth_top,top,limit_up_down_breadth_v1_20120705_20260814,onset,limit_up_down_breadth_top::top::limit_up_down_breadth_v1_20120705_20260814::000002,2012-12-17,csi300,沪深300,10,True,10,True,2012-12-31,2366.7,0.06602019689863514,0.06602019689863514,-0.008513964592047896
limit_up_down_breadth_top,top,limit_up_down_breadth_v1_20120705_20260814,onset,limit_up_down_breadth_top::top::limit_up_down_breadth_v1_20120705_20260814::000002,2012-12-17,csi300,沪深300,20,True,20,True,2013-01-17,2366.7,0.07861579414374464,0.10086195969070855,-0.008513964592047896
limit_up_down_breadth_top,top,limit_up_down_breadth_v1_20120705_20260814,onset,limit_up_down_breadth_top::top::limit_up_down_breadth_v1_20120705_20260814::000002,2012-12-17,csi500,中证500,5,True,5,True,2012-12-24,3091.87,0.00835416754261975,0.016944438155549912,-0.009233894051172808
limit_up_down_breadth_top,top,limit_up_down_breadth_v1_20120705_20260814,onset,limit_up_down_breadth_top::top::limit_up_down_breadth_v1_20120705_20260814::000002,2012-12-17,csi500,中证500,10,True,10,True,2012-12-31,3091.87,0.059507676584073854,0.059507676584073854,-0.009233894051172808
limit_up_down_breadth_top,top,limit_up_down_breadth_v1_20120705_20260814,onset,limit_up_down_breadth_top::top::limit_up_down_breadth_v1_20120705_20260814::000002,2012-12-17,csi500,中证500,20,True,20,True,2013-01-17,3091.87,0.10225203517612313,0.1201182455924732,-0.009233894051172808
limit_up_down_breadth_top,top,limit_up_down_breadth_v1_20120705_20260814,onset,limit_up_down_breadth_top::top::limit_up_down_breadth_v1_20120705_20260814::000002,2012-12-17,microcap,微盘股,5,True,5,True,2012-12-24,585.1,0.008733549820543418,0.016185267475645304,-0.010716116903093487
limit_up_down_breadth_top,top,limit_up_down_breadth_v1_20120705_20260814,onset,limit_up_down_breadth_top::top::limit_up_down_breadth_v1_20120705_20260814::000002,2012-12-17,microcap,微盘股,10,True,10,True,2012-12-31,585.1,0.060587933686549134,0.060587933686549134,-0.010716116903093487
limit_up_down_breadth_top,top,limit_up_down_breadth_v1_20120705_20260814,onset,limit_up_down_breadth_top::top::limit_up_down_breadth_v1_20120705_20260814::000002,2012-12-17,microcap,微盘股,20,True,20,True,2013-01-17,585.1,0.10519569304392395,0.1228166125448642,-0.010716116903093487
limit_up_down_breadth_top,top,limit_up_down_breadth_v1_20120705_20260814,onset,limit_up_down_breadth_top::top::limit_up_down_breadth_v1_20120705_20260814::000002,2012-12-17,sse_composite,上证指数,5,True,5,True,2012-12-24,2160.34,-0.0005971282298156133,0.013914476425007205,-0.008049658849995978
limit_up_down_breadth_top,top,limit_up_down_breadth_v1_20120705_20260814,onset,limit_up_down_breadth_top::top::limit_up_down_breadth_v1_20120705_20260814::000002,2012-12-17,sse_composite,上证指数,10,True,10,True,2012-12-31,2160.34,0.05035781404778872,0.05053371228602899,-0.008049658849995978
limit_up_down_breadth_top,top,limit_up_down_breadth_v1_20120705_20260814,onset,limit_up_down_breadth_top::top::limit_up_down_breadth_v1_20120705_20260814::000002,2012-12-17,sse_composite,上证指数,20,True,20,True,2013-01-17,2160.34,0.05766221983576636,0.07982076895303525,-0.008049658849995978
limit_up_down_breadth_top,top,limit_up_down_breadth_v1_20120705_20260814,onset,limit_up_down_breadth_top::top::limit_up_down_breadth_v1_20120705_20260814::000003,2013-01-21,all_a,全A,5,True,5,True,2013-01-28,2886.800048828125,0.0035194374177385246,0.009023849379072857,-0.02871350121820826
limit_up_down_breadth_top,top,limit_up_down_breadth_v1_20120705_20260814,onset,limit_up_down_breadth_top::top::limit_up_down_breadth_v1_20120705_20260814::000003,2013-01-21,all_a,全A,10,True,10,True,2013-02-04,2886.800048828125,0.027206608609551264,0.03625464539944878,-0.02871350121820826
limit_up_down_breadth_top,top,limit_up_down_breadth_v1_20120705_20260814,onset,limit_up_down_breadth_top::top::limit_up_down_breadth_v1_20120705_20260814::000003,2013-01-21,all_a,全A,20,True,20,True,2013-02-25,2886.800048828125,0.00914157272126892,0.05285431322003542,-0.02871350121820826
limit_up_down_breadth_top,top,limit_up_down_breadth_v1_20120705_20260814,onset,limit_up_down_breadth_top::top::limit_up_down_breadth_v1_20120705_20260814::000003,2013-01-21,cni2000,国证2000,5,True,5,True,2013-01-28,3107.86,-0.014823705057499414,-0.0014093298925949016,-0.04696479249387042
limit_up_down_breadth_top,top,limit_up_down_breadth_v1_20120705_20260814,onset,limit_up_down_breadth_top::top::limit_up_down_breadth_v1_20120705_20260814::000003,2013-01-21,cni2000,国证2000,10,True,10,True,2013-02-04,3107.86,-0.015499411170387334,-0.0014093298925949016,-0.04696479249387042
limit_up_down_breadth_top,top,limit_up_down_breadth_v1_20120705_20260814,onset,limit_up_down_breadth_top::top::limit_up_down_breadth_v1_20120705_20260814::000003,2013-01-21,cni2000,国证2000,20,True,20,True,2013-02-25,3107.86,0.027144079849156455,0.033852876255687114,-0.04696479249387042
limit_up_down_breadth_top,top,limit_up_down_breadth_v1_20120705_20260814,onset,limit_up_down_breadth_top::top::limit_up_down_breadth_v1_20120705_20260814::000003,2013-01-21,csi1000,中证1000,5,True,5,True,2013-01-28,3689.91,-0.016409614326636568,-0.001257483244848756,-0.04838871408787737
limit_up_down_breadth_top,top,limit_up_down_breadth_v1_20120705_20260814,onset,limit_up_down_breadth_top::top::limit_up_down_breadth_v1_20120705_20260814::000003,2013-01-21,csi1000,中证1000,10,True,10,True,2013-02-04,3689.91,-0.017639996639484345,-0.001257483244848756,-0.04838871408787737
limit_up_down_breadth_top,top,limit_up_down_breadth_v1_20120705_20260814,onset,limit_up_down_breadth_top::top::limit_up_down_breadth_v1_20120705_20260814::000003,2013-01-21,csi1000,中证1000,20,True,20,True,2013-02-25,3689.91,0.02738549178706262,0.034832827900951546,-0.04838871408787737
limit_up_down_breadth_top,top,limit_up_down_breadth_v1_20120705_20260814,onset,limit_up_down_breadth_top::top::limit_up_down_breadth_v1_20120705_20260814::000003,2013-01-21,csi300,沪深300,5,True,5,True,2013-01-28,2610.9,0.015688076908345838,0.020108008732620863,-0.017882722432877585
limit_up_down_breadth_top,top,limit_up_down_breadth_v1_20120705_20260814,onset,limit_up_down_breadth_top::top::limit_up_down_breadth_v1_20120705_20260814::000003,2013-01-21,csi300,沪深300,10,True,10,True,2013-02-04,2610.9,0.05252211880960589,0.060362327166877394,-0.017882722432877585
limit_up_down_breadth_top,top,limit_up_down_breadth_v1_20120705_20260814,onset,limit_up_down_breadth_top::top::limit_up_down_breadth_v1_20120705_20260814::000003,2013-01-21,csi300,沪深300,20,True,20,True,2013-02-25,2610.9,-0.002275077559462324,0.06909494810218697,-0.017882722432877585
limit_up_down_breadth_top,top,limit_up_down_breadth_v1_20120705_20260814,onset,limit_up_down_breadth_top::top::limit_up_down_breadth_v1_20120705_20260814::000003,2013-01-21,csi500,中证500,5,True,5,True,2013-01-28,3491.12,-0.011838607667453371,-0.0010168656477004268,-0.041860491761956053
limit_up_down_breadth_top,top,limit_up_down_breadth_v1_20120705_20260814,onset,limit_up_down_breadth_top::top::limit_up_down_breadth_v1_20120705_20260814::000003,2013-01-21,csi500,中证500,10,True,10,True,2013-02-04,3491.12,-0.0019363413460435908,0.00942963862599977,-0.041860491761956053
limit_up_down_breadth_top,top,limit_up_down_breadth_v1_20120705_20260814,onset,limit_up_down_breadth_top::top::limit_up_down_breadth_v1_20120705_20260814::000003,2013-01-21,csi500,中证500,20,True,20,True,2013-02-25,3491.12,0.02763296592497544,0.042462017919750794,-0.041860491761956053
limit_up_down_breadth_top,top,limit_up_down_breadth_v1_20120705_20260814,onset,limit_up_down_breadth_top::top::limit_up_down_breadth_v1_20120705_20260814::000003,2013-01-21,microcap,微盘股,5,True,5,True,2013-01-28,661.88,-0.01601498761104736,-0.0015410648455913556,-0.044010998972623394
limit_up_down_breadth_top,top,limit_up_down_breadth_v1_20120705_20260814,onset,limit_up_down_breadth_top::top::limit_up_down_breadth_v1_20120705_20260814::000003,2013-01-21,microcap,微盘股,10,True,10,True,2013-02-04,661.88,-0.008203904030942066,0.0011180274369977372,-0.044010998972623394
limit_up_down_breadth_top,top,limit_up_down_breadth_v1_20120705_20260814,onset,limit_up_down_breadth_top::top::limit_up_down_breadth_v1_20120705_20260814::000003,2013-01-21,microcap,微盘股,20,True,20,True,2013-02-25,661.88,0.019429503837553597,0.03296670091255227,-0.044010998972623394
limit_up_down_breadth_top,top,limit_up_down_breadth_v1_20120705_20260814,onset,limit_up_down_breadth_top::top::limit_up_down_breadth_v1_20120705_20260814::000003,2013-01-21,sse_composite,上证指数,5,True,5,True,2013-01-28,2328.22,0.007851491697520085,0.014912680073189133,-0.017575658657686843
limit_up_down_breadth_top,top,limit_up_down_breadth_v1_20120705_20260814,onset,limit_up_down_breadth_top::top::limit_up_down_breadth_v1_20120705_20260814::000003,2013-01-21,sse_composite,上证指数,10,True,10,True,2013-02-04,2328.22,0.0429212016046594,0.04817414161891942,-0.017575658657686843
limit_up_down_breadth_top,top,limit_up_down_breadth_v1_20120705_20260814,onset,limit_up_down_breadth_top::top::limit_up_down_breadth_v1_20120705_20260814::000003,2013-01-21,sse_composite,上证指数,20,True,20,True,2013-02-25,2328.22,-0.0010308304198055618,0.05007258764206157,-0.017575658657686843
limit_up_down_breadth_top,top,limit_up_down_breadth_v1_20120705_20260814,onset,limit_up_down_breadth_top::top::limit_up_down_breadth_v1_20120705_20260814::000004,2013-01-23,all_a,全A,5,True,5,True,2013-01-30,2866.97998046875,0.02373230351311184,0.024168302372021166,-0.021998782268812023
limit_up_down_breadth_top,top,limit_up_down_breadth_v1_20120705_20260814,onset,limit_up_down_breadth_top::top::limit_up_down_breadth_v1_20120705_20260814::000004,2013-01-23,all_a,全A,10,True,10,True,2013-02-06,2866.97998046875,0.047112316541984,0.050764232765484474,-0.021998782268812023
limit_up_down_breadth_top,top,limit_up_down_breadth_v1_20120705_20260814,onset,limit_up_down_breadth_top::top::limit_up_down_breadth_v1_20120705_20260814::000004,2013-01-23,all_a,全A,20,True,20,True,2013-02-27,2866.97998046875,0.008231692518617217,0.06013292855835095,-0.021998782268812023
limit_up_down_breadth_top,top,limit_up_down_breadth_v1_20120705_20260814,onset,limit_up_down_breadth_top::top::limit_up_down_breadth_v1_20120705_20260814::000004,2013-01-23,cni2000,国证2000,5,True,5,True,2013-01-30,3056.74,0.01169546641192909,0.013331195980031074,-0.031026518447757945
limit_up_down_breadth_top,top,limit_up_down_breadth_v1_20120705_20260814,onset,limit_up_down_breadth_top::top::limit_up_down_breadth_v1_20120705_20260814::000004,2013-01-23,cni2000,国证2000,10,True,10,True,2013-02-06,3056.74,0.015107598290989843,0.01716534608766218,-0.031026518447757945
limit_up_down_breadth_top,top,limit_up_down_breadth_v1_20120705_20260814,onset,limit_up_down_breadth_top::top::limit_up_down_breadth_v1_20120705_20260814::000004,2013-01-23,cni2000,国证2000,20,True,20,True,2013-02-27,3056.74,0.030853131113539378,0.05114272067627623,-0.031026518447757945
limit_up_down_breadth_top,top,limit_up_down_breadth_v1_20120705_20260814,onset,limit_up_down_breadth_top::top::limit_up_down_breadth_v1_20120705_20260814::000004,2013-01-23,csi1000,中证1000,5,True,5,True,2013-01-30,3630.04,0.008537096009961331,0.011575630020605798,-0.03269385461317231
limit_up_down_breadth_top,top,limit_up_down_breadth_v1_20120705_20260814,onset,limit_up_down_breadth_top::top::limit_up_down_breadth_v1_20120705_20260814::000004,2013-01-23,csi1000,中证1000,10,True,10,True,2013-02-06,3630.04,0.014123811307864331,0.017016341417725345,-0.03269385461317231
limit_up_down_breadth_top,top,limit_up_down_breadth_v1_20120705_20260814,onset,limit_up_down_breadth_top::top::limit_up_down_breadth_v1_20120705_20260814::000004,2013-01-23,csi1000,中证1000,20,True,20,True,2013-02-27,3630.04,0.03178201893092081,0.05190025454264968,-0.03269385461317231
limit_up_down_breadth_top,top,limit_up_down_breadth_v1_20120705_20260814,onset,limit_up_down_breadth_top::top::limit_up_down_breadth_v1_20120705_20260814::000004,2013-01-23,csi300,沪深300,5,True,5,True,2013-01-30,2607.46,0.03116059306758312,0.03153260260943602,-0.016587023386744226
limit_up_down_breadth_top,top,limit_up_down_breadth_v1_20120705_20260814,onset,limit_up_down_breadth_top::top::limit_up_down_breadth_v1_20120705_20260814::000004,2013-01-23,csi300,沪深300,10,True,10,True,2013-02-06,2607.46,0.06457625428578018,0.06903269848818394,-0.016587023386744226
limit_up_down_breadth_top,top,limit_up_down_breadth_v1_20120705_20260814,onset,limit_up_down_breadth_top::top::limit_up_down_breadth_v1_20120705_20260814::000004,2013-01-23,csi300,沪深300,20,True,20,True,2013-02-27,2607.46,-0.004901321592661101,0.07050539605593187,-0.016587023386744226
limit_up_down_breadth_top,top,limit_up_down_breadth_v1_20120705_20260814,onset,limit_up_down_breadth_top::top::limit_up_down_breadth_v1_20120705_20260814::000004,2013-01-23,csi500,中证500,5,True,5,True,2013-01-30,3441.75,0.01709304859446492,0.017714825306893278,-0.028116510496113856
limit_up_down_breadth_top,top,limit_up_down_breadth_v1_20120705_20260814,onset,limit_up_down_breadth_top::top::limit_up_down_breadth_v1_20120705_20260814::000004,2013-01-23,csi500,中证500,10,True,10,True,2013-02-06,3441.75,0.029822038207307333,0.03317788915522635,-0.028116510496113856
limit_up_down_breadth_top,top,limit_up_down_breadth_v1_20120705_20260814,onset,limit_up_down_breadth_top::top::limit_up_down_breadth_v1_20120705_20260814::000004,2013-01-23,csi500,中证500,20,True,20,True,2013-02-27,3441.75,0.027355269848187813,0.057415558945304035,-0.028116510496113856
limit_up_down_breadth_top,top,limit_up_down_breadth_v1_20120705_20260814,onset,limit_up_down_breadth_top::top::limit_up_down_breadth_v1_20120705_20260814::000004,2013-01-23,microcap,微盘股,5,True,5,True,2013-01-30,651.87,0.011045147038519998,0.01199625692239259,-0.029331001580069627
limit_up_down_breadth_top,top,limit_up_down_breadth_v1_20120705_20260814,onset,limit_up_down_breadth_top::top::limit_up_down_breadth_v1_20120705_20260814::000004,2013-01-23,microcap,微盘股,10,True,10,True,2013-02-06,651.87,0.022688572874959734,0.025925414576525974,-0.029331001580069627
limit_up_down_breadth_top,top,limit_up_down_breadth_v1_20120705_20260814,onset,limit_up_down_breadth_top::top::limit_up_down_breadth_v1_20120705_20260814::000004,2013-01-23,microcap,微盘股,20,True,20,True,2013-02-27,651.87,0.02219767745102552,0.04882875419945698,-0.029331001580069627
limit_up_down_breadth_top,top,limit_up_down_breadth_v1_20120705_20260814,onset,limit_up_down_breadth_top::top::limit_up_down_breadth_v1_20120705_20260814::000004,2013-01-23,sse_composite,上证指数,5,True,5,True,2013-01-30,2320.91,0.026528387572116285,0.027079895385861752,-0.014481388765613334
limit_up_down_breadth_top,top,limit_up_down_breadth_v1_20120705_20260814,onset,limit_up_down_breadth_top::top::limit_up_down_breadth_v1_20120705_20260814::000004,2013-01-23,sse_composite,上证指数,10,True,10,True,2013-02-06,2320.91,0.048933392505525974,0.052057167231818635,-0.014481388765613334
limit_up_down_breadth_top,top,limit_up_down_breadth_v1_20120705_20260814,onset,limit_up_down_breadth_top::top::limit_up_down_breadth_v1_20120705_20260814::000004,2013-01-23,sse_composite,上证指数,20,True,20,True,2013-02-27,2320.91,-0.003313355537267748,0.053379924253848854,-0.014481388765613334
limit_up_down_breadth_top,top,limit_up_down_breadth_v1_20120705_20260814,onset,limit_up_down_breadth_top::top::limit_up_down_breadth_v1_20120705_20260814::000005,2013-05-16,all_a,全A,5,True,5,True,2013-05-23,2913.580078125,0.0177376046838853,0.036168521196203285,-0.0015547982809486216
limit_up_down_breadth_top,top,limit_up_down_breadth_v1_20120705_20260814,onset,limit_up_down_breadth_top::top::limit_up_down_breadth_v1_20120705_20260814::000005,2013-05-16,all_a,全A,10,True,10,True,2013-05-30,2913.580078125,0.04423419962956343,0.04872354873762608,-0.0015547982809486216
limit_up_down_breadth_top,top,limit_up_down_breadth_v1_20120705_20260814,onset,limit_up_down_breadth_top::top::limit_up_down_breadth_v1_20120705_20260814::000005,2013-05-16,all_a,全A,20,True,20,True,2013-06-18,2913.580078125,-0.03101342849654065,0.04872354873762608,-0.06054755713579929
limit_up_down_breadth_top,top,limit_up_down_breadth_v1_20120705_20260814,onset,limit_up_down_breadth_top::top::limit_up_down_breadth_v1_20120705_20260814::000005,2013-05-16,cni2000,国证2000,5,True,5,True,2013-05-23,3317.51,0.031330726960883126,0.048364586693031786,-0.0016849986887756963
limit_up_down_breadth_top,top,limit_up_down_breadth_v1_20120705_20260814,onset,limit_up_down_breadth_top::top::limit_up_down_breadth_v1_20120705_20260814::000005,2013-05-16,cni2000,国证2000,10,True,10,True,2013-05-30,3317.51,0.0645936259423483,0.06577222073181388,-0.0016849986887756963
limit_up_down_breadth_top,top,limit_up_down_breadth_v1_20120705_20260814,onset,limit_up_down_breadth_top::top::limit_up_down_breadth_v1_20120705_20260814::000005,2013-05-16,cni2000,国证2000,20,True,20,True,2013-06-18,3317.51,0.0052750406178128095,0.07016406883475867,-0.04356882119420902
limit_up_down_breadth_top,top,limit_up_down_breadth_v1_20120705_20260814,onset,limit_up_down_breadth_top::top::limit_up_down_breadth_v1_20120705_20260814::000005,2013-05-16,csi1000,中证1000,5,True,5,True,2013-05-23,3977.96,0.027954026687045497,0.047916520025339526,-0.002016108759263502
limit_up_down_breadth_top,top,limit_up_down_breadth_v1_20120705_20260814,onset,limit_up_down_breadth_top::top::limit_up_down_breadth_v1_20120705_20260814::000005,2013-05-16,csi1000,中证1000,10,True,10,True,2013-05-30,3977.96,0.0636205492262365,0.06550091001417813,-0.002016108759263502
limit_up_down_breadth_top,top,limit_up_down_breadth_v1_20120705_20260814,onset,limit_up_down_breadth_top::top::limit_up_down_breadth_v1_20120705_20260814::000005,2013-05-16,csi1000,中证1000,20,True,20,True,2013-06-18,3977.96,0.006832647889873256,0.07002835624289827,-0.04767770414986572
limit_up_down_breadth_top,top,limit_up_down_breadth_v1_20120705_20260814,onset,limit_up_down_breadth_top::top::limit_up_down_breadth_v1_20120705_20260814::000005,2013-05-16,csi300,沪深300,5,True,5,True,2013-05-23,2552.71,0.011807059948055088,0.030305048360369957,-0.0019312808740514775
limit_up_down_breadth_top,top,limit_up_down_breadth_v1_20120705_20260814,onset,limit_up_down_breadth_top::top::limit_up_down_breadth_v1_20120705_20260814::000005,2013-05-16,csi300,沪深300,10,True,10,True,2013-05-30,2552.71,0.03196994566558686,0.042511683661677235,-0.0019312808740514775
limit_up_down_breadth_top,top,limit_up_down_breadth_v1_20120705_20260814,onset,limit_up_down_breadth_top::top::limit_up_down_breadth_v1_20120705_20260814::000005,2013-05-16,csi300,沪深300,20,True,20,True,2013-06-18,2552.71,-0.05247756306043383,0.042511683661677235,-0.06953786368212611
limit_up_down_breadth_top,top,limit_up_down_breadth_v1_20120705_20260814,onset,limit_up_down_breadth_top::top::limit_up_down_breadth_v1_20120705_20260814::000005,2013-05-16,csi500,中证500,5,True,5,True,2013-05-23,3635.76,0.024333289326027963,0.04384502827469361,-0.0012377054591061754
limit_up_down_breadth_top,top,limit_up_down_breadth_v1_20120705_20260814,onset,limit_up_down_breadth_top::top::limit_up_down_breadth_v1_20120705_20260814::000005,2013-05-16,csi500,中证500,10,True,10,True,2013-05-30,3635.76,0.06308722247893139,0.06504829801747092,-0.0012377054591061754
limit_up_down_breadth_top,top,limit_up_down_breadth_v1_20120705_20260814,onset,limit_up_down_breadth_top::top::limit_up_down_breadth_v1_20120705_20260814::000005,2013-05-16,csi500,中证500,20,True,20,True,2013-06-18,3635.76,-0.008251369727374724,0.06846436508460396,-0.052123902567826286
limit_up_down_breadth_top,top,limit_up_down_breadth_v1_20120705_20260814,onset,limit_up_down_breadth_top::top::limit_up_down_breadth_v1_20120705_20260814::000005,2013-05-16,microcap,微盘股,5,True,5,True,2013-05-23,688.08,0.021378328101383515,0.040271480060458,-0.0014533193814673107
limit_up_down_breadth_top,top,limit_up_down_breadth_v1_20120705_20260814,onset,limit_up_down_breadth_top::top::limit_up_down_breadth_v1_20120705_20260814::000005,2013-05-16,microcap,微盘股,10,True,10,True,2013-05-30,688.08,0.05676665504011158,0.05852517149168701,-0.0014533193814673107
limit_up_down_breadth_top,top,limit_up_down_breadth_v1_20120705_20260814,onset,limit_up_down_breadth_top::top::limit_up_down_breadth_v1_20120705_20260814::000005,2013-05-16,microcap,微盘股,20,True,20,True,2013-06-18,688.08,-0.006670735960934815,0.06368445529589573,-0.04935472619462855
limit_up_down_breadth_top,top,limit_up_down_breadth_v1_20120705_20260814,onset,limit_up_down_breadth_top::top::limit_up_down_breadth_v1_20120705_20260814::000005,2013-05-16,sse_composite,上证指数,5,True,5,True,2013-05-23,2251.81,0.010595920614971943,0.02769771872404858,-0.0015098964832734874
limit_up_down_breadth_top,top,limit_up_down_breadth_v1_20120705_20260814,onset,limit_up_down_breadth_top::top::limit_up_down_breadth_v1_20120705_20260814::000005,2013-05-16,sse_composite,上证指数,10,True,10,True,2013-05-30,2251.81,0.02928311003148587,0.03664607582344859,-0.0015098964832734874
limit_up_down_breadth_top,top,limit_up_down_breadth_v1_20120705_20260814,onset,limit_up_down_breadth_top::top::limit_up_down_breadth_v1_20120705_20260814::000005,2013-05-16,sse_composite,上证指数,20,True,20,True,2013-06-18,2251.81,-0.04108694783307654,0.03664607582344859,-0.05577291156891573
limit_up_down_breadth_top,top,limit_up_down_breadth_v1_20120705_20260814,onset,limit_up_down_breadth_top::top::limit_up_down_breadth_v1_20120705_20260814::000006,2013-07-03,all_a,全A,5,True,5,True,2013-07-10,2607.739990234375,0.0028606996730642376,0.01884770050994722,-0.03415220034484556
limit_up_down_breadth_top,top,limit_up_down_breadth_v1_20120705_20260814,onset,limit_up_down_breadth_top::top::limit_up_down_breadth_v1_20120705_20260814::000006,2013-07-03,all_a,全A,10,True,10,True,2013-07-17,2607.739990234375,0.03538313630836987,0.05474088694984114,-0.03415220034484556
limit_up_down_breadth_top,top,limit_up_down_breadth_v1_20120705_20260814,onset,limit_up_down_breadth_top::top::limit_up_down_breadth_v1_20120705_20260814::000006,2013-07-03,all_a,全A,20,True,20,True,2013-07-31,2607.739990234375,0.009490976896732617,0.05474088694984114,-0.03415220034484556
limit_up_down_breadth_top,top,limit_up_down_breadth_v1_20120705_20260814,onset,limit_up_down_breadth_top::top::limit_up_down_breadth_v1_20120705_20260814::000006,2013-07-03,cni2000,国证2000,5,True,5,True,2013-07-10,3137.09,-0.007841662177368258,0.016451552234714173,-0.04787557896011907
limit_up_down_breadth_top,top,limit_up_down_breadth_v1_20120705_20260814,onset,limit_up_down_breadth_top::top::limit_up_down_breadth_v1_20120705_20260814::000006,2013-07-03,cni2000,国证2000,10,True,10,True,2013-07-17,3137.09,0.037209643331877595,0.0554590400657935,-0.04787557896011907
limit_up_down_breadth_top,top,limit_up_down_breadth_v1_20120705_20260814,onset,limit_up_down_breadth_top::top::limit_up_down_breadth_v1_20120705_20260814::000006,2013-07-03,cni2000,国证2000,20,True,20,True,2013-07-31,3137.09,0.040591758604311634,0.07940798638228408,-0.04787557896011907
limit_up_down_breadth_top,top,limit_up_down_breadth_v1_20120705_20260814,onset,limit_up_down_breadth_top::top::limit_up_down_breadth_v1_20120705_20260814::000006,2013-07-03,csi1000,中证1000,5,True,5,True,2013-07-10,3780.6,-0.007816219647674871,0.015542506480452856,-0.04888377506215946
limit_up_down_breadth_top,top,limit_up_down_breadth_v1_20120705_20260814,onset,limit_up_down_breadth_top::top::limit_up_down_breadth_v1_20120705_20260814::000006,2013-07-03,csi1000,中证1000,10,True,10,True,2013-07-17,3780.6,0.033917896630164535,0.052679468867375734,-0.04888377506215946
limit_up_down_breadth_top,top,limit_up_down_breadth_v1_20120705_20260814,onset,limit_up_down_breadth_top::top::limit_up_down_breadth_v1_20120705_20260814::000006,2013-07-03,csi1000,中证1000,20,True,20,True,2013-07-31,3780.6,0.03171189758239423,0.07549330794053866,-0.04888377506215946
limit_up_down_breadth_top,top,limit_up_down_breadth_v1_20120705_20260814,onset,limit_up_down_breadth_top::top::limit_up_down_breadth_v1_20120705_20260814::000006,2013-07-03,csi300,沪深300,5,True,5,True,2013-07-10,2203.83,0.00918401147093939,0.02187101545945036,-0.02452094762300172
limit_up_down_breadth_top,top,limit_up_down_breadth_v1_20120705_20260814,onset,limit_up_down_breadth_top::top::limit_up_down_breadth_v1_20120705_20260814::000006,2013-07-03,csi300,沪深300,10,True,10,True,2013-07-17,2203.83,0.03585122264421492,0.06687902424415682,-0.02452094762300172
limit_up_down_breadth_top,top,limit_up_down_breadth_v1_20120705_20260814,onset,limit_up_down_breadth_top::top::limit_up_down_breadth_v1_20120705_20260814::000006,2013-07-03,csi300,沪深300,20,True,20,True,2013-07-31,2203.83,-0.004905097035615258,0.06687902424415682,-0.02452094762300172
limit_up_down_breadth_top,top,limit_up_down_breadth_v1_20120705_20260814,onset,limit_up_down_breadth_top::top::limit_up_down_breadth_v1_20120705_20260814::000006,2013-07-03,csi500,中证500,5,True,5,True,2013-07-10,3364.18,-0.0008263529299857852,0.018964502493921342,-0.045612898239689836
limit_up_down_breadth_top,top,limit_up_down_breadth_v1_20120705_20260814,onset,limit_up_down_breadth_top::top::limit_up_down_breadth_v1_20120705_20260814::000006,2013-07-03,csi500,中证500,10,True,10,True,2013-07-17,3364.18,0.03593446248417154,0.055939337371959885,-0.045612898239689836
limit_up_down_breadth_top,top,limit_up_down_breadth_v1_20120705_20260814,onset,limit_up_down_breadth_top::top::limit_up_down_breadth_v1_20120705_20260814::000006,2013-07-03,csi500,中证500,20,True,20,True,2013-07-31,3364.18,0.019784910438799264,0.06266608802144957,-0.045612898239689836
limit_up_down_breadth_top,top,limit_up_down_breadth_v1_20120705_20260814,onset,limit_up_down_breadth_top::top::limit_up_down_breadth_v1_20120705_20260814::000006,2013-07-03,microcap,微盘股,5,True,5,True,2013-07-10,638.52,-0.0052778299818330154,0.017462256468082415,-0.04712460063897772
limit_up_down_breadth_top,top,limit_up_down_breadth_v1_20120705_20260814,onset,limit_up_down_breadth_top::top::limit_up_down_breadth_v1_20120705_20260814::000006,2013-07-03,microcap,微盘股,10,True,10,True,2013-07-17,638.52,0.03457996617177228,0.05412516444277404,-0.04712460063897772
limit_up_down_breadth_top,top,limit_up_down_breadth_v1_20120705_20260814,onset,limit_up_down_breadth_top::top::limit_up_down_breadth_v1_20120705_20260814::000006,2013-07-03,microcap,微盘股,20,True,20,True,2013-07-31,638.52,0.026905970055754125,0.06562049740023812,-0.04712460063897772
limit_up_down_breadth_top,top,limit_up_down_breadth_v1_20120705_20260814,onset,limit_up_down_breadth_top::top::limit_up_down_breadth_v1_20120705_20260814::000006,2013-07-03,sse_composite,上证指数,5,True,5,True,2013-07-10,1994.27,0.006949911496437311,0.013975038485260383,-0.024018813901828806
limit_up_down_breadth_top,top,limit_up_down_breadth_v1_20120705_20260814,onset,limit_up_down_breadth_top::top::limit_up_down_breadth_v1_20120705_20260814::000006,2013-07-03,sse_composite,上证指数,10,True,10,True,2013-07-17,1994.27,0.025397764595566308,0.049441650328190256,-0.024018813901828806
limit_up_down_breadth_top,top,limit_up_down_breadth_v1_20120705_20260814,onset,limit_up_down_breadth_top::top::limit_up_down_breadth_v1_20120705_20260814::000006,2013-07-03,sse_composite,上证指数,20,True,20,True,2013-07-31,1994.27,-0.0002356752094752057,0.049441650328190256,-0.024018813901828806
limit_up_down_breadth_top,top,limit_up_down_breadth_v1_20120705_20260814,onset,limit_up_down_breadth_top::top::limit_up_down_breadth_v1_20120705_20260814::000007,2013-07-17,all_a,全A,5,True,5,True,2013-07-24,2700.010009765625,0.005603639526437609,0.008462967757009832,-0.0438294996917058
limit_up_down_breadth_top,top,limit_up_down_breadth_v1_20120705_20260814,onset,limit_up_down_breadth_top::top::limit_up_down_breadth_v1_20120705_20260814::000007,2013-07-17,all_a,全A,10,True,10,True,2013-07-31,2700.010009765625,-0.025007321931043935,0.010981404600912459,-0.0438294996917058
limit_up_down_breadth_top,top,limit_up_down_breadth_v1_20120705_20260814,onset,limit_up_down_breadth_top::top::limit_up_down_breadth_v1_20120705_20260814::000007,2013-07-17,all_a,全A,20,True,20,True,2013-08-14,2700.010009765625,0.04408503259853003,0.054470193750185913,-0.0438294996917058
limit_up_down_breadth_top,top,limit_up_down_breadth_v1_20120705_20260814,onset,limit_up_down_breadth_top::top::limit_up_down_breadth_v1_20120705_20260814::000007,2013-07-17,cni2000,国证2000,5,True,5,True,2013-07-24,3253.82,0.03903719320675392,0.04068448777129641,-0.028547983600813898
limit_up_down_breadth_top,top,limit_up_down_breadth_v1_20120705_20260814,onset,limit_up_down_breadth_top::top::limit_up_down_breadth_v1_20120705_20260814::000007,2013-07-17,cni2000,国证2000,10,True,10,True,2013-07-31,3253.82,0.0032607827107828946,0.04068448777129641,-0.028547983600813898
limit_up_down_breadth_top,top,limit_up_down_breadth_v1_20120705_20260814,onset,limit_up_down_breadth_top::top::limit_up_down_breadth_v1_20120705_20260814::000007,2013-07-17,cni2000,国证2000,20,True,20,True,2013-08-14,3253.82,0.07788691445746831,0.08403968258846528,-0.028547983600813898
limit_up_down_breadth_top,top,limit_up_down_breadth_v1_20120705_20260814,onset,limit_up_down_breadth_top::top::limit_up_down_breadth_v1_20120705_20260814::000007,2013-07-17,csi1000,中证1000,5,True,5,True,2013-07-24,3908.83,0.0381264982104621,0.03985335765433651,-0.029238928272654507
limit_up_down_breadth_top,top,limit_up_down_breadth_v1_20120705_20260814,onset,limit_up_down_breadth_top::top::limit_up_down_breadth_v1_20120705_20260814::000007,2013-07-17,csi1000,中证1000,10,True,10,True,2013-07-31,3908.83,-0.002133630779542761,0.04021152109454751,-0.029238928272654507
limit_up_down_breadth_top,top,limit_up_down_breadth_v1_20120705_20260814,onset,limit_up_down_breadth_top::top::limit_up_down_breadth_v1_20120705_20260814::000007,2013-07-17,csi1000,中证1000,20,True,20,True,2013-08-14,3908.83,0.06820966887789948,0.07504035734478087,-0.029238928272654507
limit_up_down_breadth_top,top,limit_up_down_breadth_v1_20120705_20260814,onset,limit_up_down_breadth_top::top::limit_up_down_breadth_v1_20120705_20260814::000007,2013-07-17,csi300,沪深300,5,True,5,True,2013-07-24,2282.84,-0.014757933100874365,-0.0001796008480665634,-0.053893395945401434
limit_up_down_breadth_top,top,limit_up_down_breadth_v1_20120705_20260814,onset,limit_up_down_breadth_top::top::limit_up_down_breadth_v1_20120705_20260814::000007,2013-07-17,csi300,沪深300,10,True,10,True,2013-07-31,2282.84,-0.03934572725201946,-0.0001796008480665634,-0.053893395945401434
limit_up_down_breadth_top,top,limit_up_down_breadth_v1_20120705_20260814,onset,limit_up_down_breadth_top::top::limit_up_down_breadth_v1_20120705_20260814::000007,2013-07-17,csi300,沪深300,20,True,20,True,2013-08-14,2282.84,0.029016488233954085,0.045452156086278395,-0.053893395945401434
limit_up_down_breadth_top,top,limit_up_down_breadth_v1_20120705_20260814,onset,limit_up_down_breadth_top::top::limit_up_down_breadth_v1_20120705_20260814::000007,2013-07-17,csi500,中证500,5,True,5,True,2013-07-24,3485.07,0.023302257917344527,0.025804359740263516,-0.03606240333766619
limit_up_down_breadth_top,top,limit_up_down_breadth_v1_20120705_20260814,onset,limit_up_down_breadth_top::top::limit_up_down_breadth_v1_20120705_20260814::000007,2013-07-17,csi500,中证500,10,True,10,True,2013-07-31,3485.07,-0.015589356885227668,0.025804359740263516,-0.03888587603692317
limit_up_down_breadth_top,top,limit_up_down_breadth_v1_20120705_20260814,onset,limit_up_down_breadth_top::top::limit_up_down_breadth_v1_20120705_20260814::000007,2013-07-17,csi500,中证500,20,True,20,True,2013-08-14,3485.07,0.05624277274201095,0.06361421721801852,-0.03888587603692317
limit_up_down_breadth_top,top,limit_up_down_breadth_v1_20120705_20260814,onset,limit_up_down_breadth_top::top::limit_up_down_breadth_v1_20120705_20260814::000007,2013-07-17,microcap,微盘股,5,True,5,True,2013-07-24,660.6,0.027808053284892553,0.03000302755071127,-0.03401453224341511
limit_up_down_breadth_top,top,limit_up_down_breadth_v1_20120705_20260814,onset,limit_up_down_breadth_top::top::limit_up_down_breadth_v1_20120705_20260814::000007,2013-07-17,microcap,微盘股,10,True,10,True,2013-07-31,660.6,-0.007417499243112302,0.03000302755071127,-0.03401453224341511
limit_up_down_breadth_top,top,limit_up_down_breadth_v1_20120705_20260814,onset,limit_up_down_breadth_top::top::limit_up_down_breadth_v1_20120705_20260814::000007,2013-07-17,microcap,微盘股,20,True,20,True,2013-08-14,660.6,0.055964274901604716,0.06235240690281563,-0.03401453224341511
limit_up_down_breadth_top,top,limit_up_down_breadth_v1_20120705_20260814,onset,limit_up_down_breadth_top::top::limit_up_down_breadth_v1_20120705_20260814::000007,2013-07-17,sse_composite,上证指数,5,True,5,True,2013-07-24,2044.92,-0.0056677033820394795,0.0032324002894978943,-0.03632415938031808
limit_up_down_breadth_top,top,limit_up_down_breadth_v1_20120705_20260814,onset,limit_up_down_breadth_top::top::limit_up_down_breadth_v1_20120705_20260814::000007,2013-07-17,sse_composite,上证指数,10,True,10,True,2013-07-31,2044.92,-0.024998532949944363,0.0032324002894978943,-0.03890616747843445
limit_up_down_breadth_top,top,limit_up_down_breadth_v1_20120705_20260814,onset,limit_up_down_breadth_top::top::limit_up_down_breadth_v1_20120705_20260814::000007,2013-07-17,sse_composite,上证指数,20,True,20,True,2013-08-14,2044.92,0.027003501359466275,0.038167752283707834,-0.03890616747843445
limit_up_down_breadth_top,top,limit_up_down_breadth_v1_20120705_20260814,onset,limit_up_down_breadth_top::top::limit_up_down_breadth_v1_20120705_20260814::000008,2013-07-31,all_a,全A,5,True,5,True,2013-08-07,2632.489990234375,0.043529163763476486,0.057185417464435284,0.002351363700987541
limit_up_down_breadth_top,top,limit_up_down_breadth_v1_20120705_20260814,onset,limit_up_down_breadth_top::top::limit_up_down_breadth_v1_20120705_20260814::000008,2013-07-31,all_a,全A,10,True,10,True,2013-08-14,2632.489990234375,0.0708644855327698,0.08151601285728716,0.002351363700987541
limit_up_down_breadth_top,top,limit_up_down_breadth_v1_20120705_20260814,onset,limit_up_down_breadth_top::top::limit_up_down_breadth_v1_20120705_20260814::000008,2013-07-31,all_a,全A,20,True,20,True,2013-08-28,2632.489990234375,0.07339057390097592,0.0859452460747463,0.002351363700987541
limit_up_down_breadth_top,top,limit_up_down_breadth_v1_20120705_20260814,onset,limit_up_down_breadth_top::top::limit_up_down_breadth_v1_20120705_20260814::000008,2013-07-31,cni2000,国证2000,5,True,5,True,2013-08-07,3264.43,0.04991070416581156,0.06543255637278178,0.0011211758254887627
limit_up_down_breadth_top,top,limit_up_down_breadth_v1_20120705_20260814,onset,limit_up_down_breadth_top::top::limit_up_down_breadth_v1_20120705_20260814::000008,2013-07-31,cni2000,国证2000,10,True,10,True,2013-08-14,3264.43,0.07438358304512582,0.08051635354411024,0.0011211758254887627
limit_up_down_breadth_top,top,limit_up_down_breadth_v1_20120705_20260814,onset,limit_up_down_breadth_top::top::limit_up_down_breadth_v1_20120705_20260814::000008,2013-07-31,cni2000,国证2000,20,True,20,True,2013-08-28,3264.43,0.09938335329598136,0.11214208912428836,0.0011211758254887627
limit_up_down_breadth_top,top,limit_up_down_breadth_v1_20120705_20260814,onset,limit_up_down_breadth_top::top::limit_up_down_breadth_v1_20120705_20260814::000008,2013-07-31,csi1000,中证1000,5,True,5,True,2013-08-07,3900.49,0.04969375642547491,0.06539691167007211,0.001115244494922507
limit_up_down_breadth_top,top,limit_up_down_breadth_v1_20120705_20260814,onset,limit_up_down_breadth_top::top::limit_up_down_breadth_v1_20120705_20260814::000008,2013-07-31,csi1000,中证1000,10,True,10,True,2013-08-14,3900.49,0.07049370720089021,0.0773390009973105,0.001115244494922507
limit_up_down_breadth_top,top,limit_up_down_breadth_v1_20120705_20260814,onset,limit_up_down_breadth_top::top::limit_up_down_breadth_v1_20120705_20260814::000008,2013-07-31,csi1000,中证1000,20,True,20,True,2013-08-28,3900.49,0.0916500234585913,0.10406128460783148,0.001115244494922507
limit_up_down_breadth_top,top,limit_up_down_breadth_v1_20120705_20260814,onset,limit_up_down_breadth_top::top::limit_up_down_breadth_v1_20120705_20260814::000008,2013-07-31,csi300,沪深300,5,True,5,True,2013-08-07,2193.02,0.039944916143035636,0.055111216495973725,0.0034701005918780226
limit_up_down_breadth_top,top,limit_up_down_breadth_v1_20120705_20260814,onset,limit_up_down_breadth_top::top::limit_up_down_breadth_v1_20120705_20260814::000008,2013-07-31,csi300,沪深300,10,True,10,True,2013-08-14,2193.02,0.07116214170413393,0.08827096880101415,0.0034701005918780226
limit_up_down_breadth_top,top,limit_up_down_breadth_v1_20120705_20260814,onset,limit_up_down_breadth_top::top::limit_up_down_breadth_v1_20120705_20260814::000008,2013-07-31,csi300,沪深300,20,True,20,True,2013-08-28,2193.02,0.06157718579857918,0.104905564016744,0.0034701005918780226
limit_up_down_breadth_top,top,limit_up_down_breadth_v1_20120705_20260814,onset,limit_up_down_breadth_top::top::limit_up_down_breadth_v1_20120705_20260814::000008,2013-07-31,csi500,中证500,5,True,5,True,2013-08-07,3430.74,0.04826363991442095,0.06222272745821611,-0.00029731195019144785
limit_up_down_breadth_top,top,limit_up_down_breadth_v1_20120705_20260814,onset,limit_up_down_breadth_top::top::limit_up_down_breadth_v1_20120705_20260814::000008,2013-07-31,csi500,中证500,10,True,10,True,2013-08-14,3430.74,0.07296968001072668,0.08045786040329506,-0.00029731195019144785
limit_up_down_breadth_top,top,limit_up_down_breadth_v1_20120705_20260814,onset,limit_up_down_breadth_top::top::limit_up_down_breadth_v1_20120705_20260814::000008,2013-07-31,csi500,中证500,20,True,20,True,2013-08-28,3430.74,0.07962713583658343,0.09018171006838194,-0.00029731195019144785
limit_up_down_breadth_top,top,limit_up_down_breadth_v1_20120705_20260814,onset,limit_up_down_breadth_top::top::limit_up_down_breadth_v1_20120705_20260814::000008,2013-07-31,microcap,微盘股,5,True,5,True,2013-08-07,655.7,0.04230593259112392,0.05624523410096072,-0.0010675613847797027
limit_up_down_breadth_top,top,limit_up_down_breadth_v1_20120705_20260814,onset,limit_up_down_breadth_top::top::limit_up_down_breadth_v1_20120705_20260814::000008,2013-07-31,microcap,微盘股,10,True,10,True,2013-08-14,655.7,0.06385542168674707,0.07029129174927551,-0.0010675613847797027
limit_up_down_breadth_top,top,limit_up_down_breadth_v1_20120705_20260814,onset,limit_up_down_breadth_top::top::limit_up_down_breadth_v1_20120705_20260814::000008,2013-07-31,microcap,微盘股,20,True,20,True,2013-08-28,655.7,0.06724111636419083,0.0773676986426719,-0.0010675613847797027
limit_up_down_breadth_top,top,limit_up_down_breadth_v1_20120705_20260814,onset,limit_up_down_breadth_top::top::limit_up_down_breadth_v1_20120705_20260814::000008,2013-07-31,sse_composite,上证指数,5,True,5,True,2013-08-07,1993.8,0.026572374360517514,0.03799779315879226,0.0016350687130102237
limit_up_down_breadth_top,top,limit_up_down_breadth_v1_20120705_20260814,onset,limit_up_down_breadth_top::top::limit_up_down_breadth_v1_20120705_20260814::000008,2013-07-31,sse_composite,上证指数,10,True,10,True,2013-08-14,1993.8,0.05333533955261305,0.06478583609188471,0.0016350687130102237
limit_up_down_breadth_top,top,limit_up_down_breadth_v1_20120705_20260814,onset,limit_up_down_breadth_top::top::limit_up_down_breadth_v1_20120705_20260814::000008,2013-07-31,sse_composite,上证指数,20,True,20,True,2013-08-28,1993.8,0.05391714314374574,0.1028438158290701,0.0016350687130102237
limit_up_down_breadth_top,top,limit_up_down_breadth_v1_20120705_20260814,onset,limit_up_down_breadth_top::top::limit_up_down_breadth_v1_20120705_20260814::000009,2013-09-16,all_a,全A,5,True,5,True,2013-09-25,2972.22998046875,-0.005137563254389188,0.005103885626174698,-0.023497538329658618
limit_up_down_breadth_top,top,limit_up_down_breadth_v1_20120705_20260814,onset,limit_up_down_breadth_top::top::limit_up_down_breadth_v1_20120705_20260814::000009,2013-09-16,all_a,全A,10,True,10,True,2013-10-09,2972.22998046875,0.01390204278635876,0.01396931590223116,-0.02477934171572238
limit_up_down_breadth_top,top,limit_up_down_breadth_v1_20120705_20260814,onset,limit_up_down_breadth_top::top::limit_up_down_breadth_v1_20120705_20260814::000009,2013-09-16,all_a,全A,20,True,20,True,2013-10-23,2972.22998046875,-0.0022710221094450755,0.02909262448442429,-0.02477934171572238
limit_up_down_breadth_top,top,limit_up_down_breadth_v1_20120705_20260814,onset,limit_up_down_breadth_top::top::limit_up_down_breadth_v1_20120705_20260814::000009,2013-09-16,cni2000,国证2000,5,True,5,True,2013-09-25,3673.91,0.013574094085048394,0.022305935638053276,-0.01704451116113348
limit_up_down_breadth_top,top,limit_up_down_breadth_v1_20120705_20260814,onset,limit_up_down_breadth_top::top::limit_up_down_breadth_v1_20120705_20260814::000009,2013-09-16,cni2000,国证2000,10,True,10,True,2013-10-09,3673.91,0.0465389734642383,0.0465389734642383,-0.01704451116113348
limit_up_down_breadth_top,top,limit_up_down_breadth_v1_20120705_20260814,onset,limit_up_down_breadth_top::top::limit_up_down_breadth_v1_20120705_20260814::000009,2013-09-16,cni2000,国证2000,20,True,20,True,2013-10-23,3673.91,0.03074381245049551,0.07254668731678238,-0.01704451116113348
limit_up_down_breadth_top,top,limit_up_down_breadth_v1_20120705_20260814,onset,limit_up_down_breadth_top::top::limit_up_down_breadth_v1_20120705_20260814::000009,2013-09-16,csi1000,中证1000,5,True,5,True,2013-09-25,4384.99,0.014166508931605204,0.022884886852649666,-0.015920218746222847
limit_up_down_breadth_top,top,limit_up_down_breadth_v1_20120705_20260814,onset,limit_up_down_breadth_top::top::limit_up_down_breadth_v1_20120705_20260814::000009,2013-09-16,csi1000,中证1000,10,True,10,True,2013-10-09,4384.99,0.05179943397818465,0.05179943397818465,-0.015920218746222847
limit_up_down_breadth_top,top,limit_up_down_breadth_v1_20120705_20260814,onset,limit_up_down_breadth_top::top::limit_up_down_breadth_v1_20120705_20260814::000009,2013-09-16,csi1000,中证1000,20,True,20,True,2013-10-23,4384.99,0.027140312748717754,0.0708530692202265,-0.015920218746222847
limit_up_down_breadth_top,top,limit_up_down_breadth_v1_20120705_20260814,onset,limit_up_down_breadth_top::top::limit_up_down_breadth_v1_20120705_20260814::000009,2013-09-16,csi300,沪深300,5,True,5,True,2013-09-25,2478.39,-0.01991615524594581,0.0013395793236739006,-0.028708153276925774
limit_up_down_breadth_top,top,limit_up_down_breadth_v1_20120705_20260814,onset,limit_up_down_breadth_top::top::limit_up_down_breadth_v1_20120705_20260814::000009,2013-09-16,csi300,沪深300,10,True,10,True,2013-10-09,2478.39,-0.0100105310302252,0.0013395793236739006,-0.039755647819753825
limit_up_down_breadth_top,top,limit_up_down_breadth_v1_20120705_20260814,onset,limit_up_down_breadth_top::top::limit_up_down_breadth_v1_20120705_20260814::000009,2013-09-16,csi300,沪深300,20,True,20,True,2013-10-23,2478.39,-0.02416891611086236,0.001912531925968075,-0.039755647819753825
limit_up_down_breadth_top,top,limit_up_down_breadth_v1_20120705_20260814,onset,limit_up_down_breadth_top::top::limit_up_down_breadth_v1_20120705_20260814::000009,2013-09-16,csi500,中证500,5,True,5,True,2013-09-25,3854.21,0.009083573546848633,0.019819885268316906,-0.020110476595722626
limit_up_down_breadth_top,top,limit_up_down_breadth_v1_20120705_20260814,onset,limit_up_down_breadth_top::top::limit_up_down_breadth_v1_20120705_20260814::000009,2013-09-16,csi500,中证500,10,True,10,True,2013-10-09,3854.21,0.032912062394109265,0.03301325044561665,-0.020110476595722626
limit_up_down_breadth_top,top,limit_up_down_breadth_v1_20120705_20260814,onset,limit_up_down_breadth_top::top::limit_up_down_breadth_v1_20120705_20260814::000009,2013-09-16,csi500,中证500,20,True,20,True,2013-10-23,3854.21,0.018164552528274314,0.0609437472270582,-0.020110476595722626
limit_up_down_breadth_top,top,limit_up_down_breadth_v1_20120705_20260814,onset,limit_up_down_breadth_top::top::limit_up_down_breadth_v1_20120705_20260814::000009,2013-09-16,microcap,微盘股,5,True,5,True,2013-09-25,727.2,0.014122662266226493,0.025660066006600646,-0.017079207920792205
limit_up_down_breadth_top,top,limit_up_down_breadth_v1_20120705_20260814,onset,limit_up_down_breadth_top::top::limit_up_down_breadth_v1_20120705_20260814::000009,2013-09-16,microcap,微盘股,10,True,10,True,2013-10-09,727.2,0.044856985698569884,0.044856985698569884,-0.017079207920792205
limit_up_down_breadth_top,top,limit_up_down_breadth_v1_20120705_20260814,onset,limit_up_down_breadth_top::top::limit_up_down_breadth_v1_20120705_20260814::000009,2013-09-16,microcap,微盘股,20,True,20,True,2013-10-23,727.2,0.028671617161716068,0.07737898789878983,-0.017079207920792205
limit_up_down_breadth_top,top,limit_up_down_breadth_v1_20120705_20260814,onset,limit_up_down_breadth_top::top::limit_up_down_breadth_v1_20120705_20260814::000009,2013-09-16,sse_composite,上证指数,5,True,5,True,2013-09-25,2231.4,-0.014739625347315544,-0.000210630097696618,-0.02660213318992566
limit_up_down_breadth_top,top,limit_up_down_breadth_v1_20120705_20260814,onset,limit_up_down_breadth_top::top::limit_up_down_breadth_v1_20120705_20260814::000009,2013-09-16,sse_composite,上证指数,10,True,10,True,2013-10-09,2231.4,-0.008797167697409791,-0.000210630097696618,-0.03666308147351438
limit_up_down_breadth_top,top,limit_up_down_breadth_v1_20120705_20260814,onset,limit_up_down_breadth_top::top::limit_up_down_breadth_v1_20120705_20260814::000009,2013-09-16,sse_composite,上证指数,20,True,20,True,2013-10-23,2231.4,-0.02164112216545666,0.0051895670879267275,-0.03666308147351438
limit_up_down_breadth_top,top,limit_up_down_breadth_v1_20120705_20260814,onset,limit_up_down_breadth_top::top::limit_up_down_breadth_v1_20120705_20260814::000010,2013-09-30,all_a,全A,5,True,5,True,2013-10-14,2942.85009765625,0.03695737334777727,0.039016538528481304,-0.004002932159628769
limit_up_down_breadth_top,top,limit_up_down_breadth_v1_20120705_20260814,onset,limit_up_down_breadth_top::top::limit_up_down_breadth_v1_20120705_20260814::000010,2013-09-30,all_a,全A,10,True,10,True,2013-10-21,2942.85009765625,0.037079657279784906,0.03936654932165595,-0.004002932159628769
limit_up_down_breadth_top,top,limit_up_down_breadth_v1_20120705_20260814,onset,limit_up_down_breadth_top::top::limit_up_down_breadth_v1_20120705_20260814::000010,2013-09-30,all_a,全A,20,True,20,True,2013-11-04,2942.85009765625,-0.02410594600226945,0.03936654932165595,-0.0489661698266638
limit_up_down_breadth_top,top,limit_up_down_breadth_v1_20120705_20260814,onset,limit_up_down_breadth_top::top::limit_up_down_breadth_v1_20120705_20260814::000010,2013-09-30,cni2000,国证2000,5,True,5,True,2013-10-14,3725.81,0.049224195544056215,0.049224195544056215,-0.002254543307361412
limit_up_down_breadth_top,top,limit_up_down_breadth_v1_20120705_20260814,onset,limit_up_down_breadth_top::top::limit_up_down_breadth_v1_20120705_20260814::000010,2013-09-30,cni2000,国证2000,10,True,10,True,2013-10-21,3725.81,0.05301665946465328,0.05301665946465328,-0.002254543307361412
limit_up_down_breadth_top,top,limit_up_down_breadth_v1_20120705_20260814,onset,limit_up_down_breadth_top::top::limit_up_down_breadth_v1_20120705_20260814::000010,2013-09-30,cni2000,国证2000,20,True,20,True,2013-11-04,3725.81,-0.027725514720288946,0.05760626548321035,-0.0610390760666808
limit_up_down_breadth_top,top,limit_up_down_breadth_v1_20120705_20260814,onset,limit_up_down_breadth_top::top::limit_up_down_breadth_v1_20120705_20260814::000010,2013-09-30,csi1000,中证1000,5,True,5,True,2013-10-14,4470.45,0.043722667740384136,0.043792011989844504,0.0002729031752957134
limit_up_down_breadth_top,top,limit_up_down_breadth_v1_20120705_20260814,onset,limit_up_down_breadth_top::top::limit_up_down_breadth_v1_20120705_20260814::000010,2013-09-30,csi1000,中证1000,10,True,10,True,2013-10-21,4470.45,0.045478643089621906,0.0460893198671275,0.0002729031752957134
limit_up_down_breadth_top,top,limit_up_down_breadth_v1_20120705_20260814,onset,limit_up_down_breadth_top::top::limit_up_down_breadth_v1_20120705_20260814::000010,2013-09-30,csi1000,中证1000,20,True,20,True,2013-11-04,4470.45,-0.045427194130344795,0.050381952599850344,-0.07331029314722226
limit_up_down_breadth_top,top,limit_up_down_breadth_v1_20120705_20260814,onset,limit_up_down_breadth_top::top::limit_up_down_breadth_v1_20120705_20260814::000010,2013-09-30,csi300,沪深300,5,True,5,True,2013-10-14,2409.04,0.026359047587420692,0.0307549895394017,-0.006836748248264746
limit_up_down_breadth_top,top,limit_up_down_breadth_v1_20120705_20260814,onset,limit_up_down_breadth_top::top::limit_up_down_breadth_v1_20120705_20260814::000010,2013-09-30,csi300,沪深300,10,True,10,True,2013-10-21,2409.04,0.02585262179125314,0.0307549895394017,-0.006836748248264746
limit_up_down_breadth_top,top,limit_up_down_breadth_v1_20120705_20260814,onset,limit_up_down_breadth_top::top::limit_up_down_breadth_v1_20120705_20260814::000010,2013-09-30,csi300,沪深300,20,True,20,True,2013-11-04,2409.04,-0.01186779796101356,0.0307549895394017,-0.03368146647627268
limit_up_down_breadth_top,top,limit_up_down_breadth_v1_20120705_20260814,onset,limit_up_down_breadth_top::top::limit_up_down_breadth_v1_20120705_20260814::000010,2013-09-30,csi500,中证500,5,True,5,True,2013-10-14,3872.89,0.05046102522922169,0.05083800469416899,-0.0016034537515912106
limit_up_down_breadth_top,top,limit_up_down_breadth_v1_20120705_20260814,onset,limit_up_down_breadth_top::top::limit_up_down_breadth_v1_20120705_20260814::000010,2013-09-30,csi500,中证500,10,True,10,True,2013-10-21,3872.89,0.05064435085943586,0.053505263511228085,-0.0016034537515912106
limit_up_down_breadth_top,top,limit_up_down_breadth_v1_20120705_20260814,onset,limit_up_down_breadth_top::top::limit_up_down_breadth_v1_20120705_20260814::000010,2013-09-30,csi500,中证500,20,True,20,True,2013-11-04,3872.89,-0.037362279847865554,0.0558265274768972,-0.07035056508188975
limit_up_down_breadth_top,top,limit_up_down_breadth_v1_20120705_20260814,onset,limit_up_down_breadth_top::top::limit_up_down_breadth_v1_20120705_20260814::000010,2013-09-30,microcap,微盘股,5,True,5,True,2013-10-14,737.12,0.05362763186455388,0.057168439331452214,-0.002157043629259836
limit_up_down_breadth_top,top,limit_up_down_breadth_v1_20120705_20260814,onset,limit_up_down_breadth_top::top::limit_up_down_breadth_v1_20120705_20260814::000010,2013-09-30,microcap,微盘股,10,True,10,True,2013-10-21,737.12,0.058755697851096134,0.058755697851096134,-0.002157043629259836
limit_up_down_breadth_top,top,limit_up_down_breadth_v1_20120705_20260814,onset,limit_up_down_breadth_top::top::limit_up_down_breadth_v1_20120705_20260814::000010,2013-09-30,microcap,微盘股,20,True,20,True,2013-11-04,737.12,-0.0363170175819405,0.06287985673974394,-0.06959518124593
limit_up_down_breadth_top,top,limit_up_down_breadth_v1_20120705_20260814,onset,limit_up_down_breadth_top::top::limit_up_down_breadth_v1_20120705_20260814::000010,2013-09-30,sse_composite,上证指数,5,True,5,True,2013-10-14,2174.67,0.029015896664781327,0.03141166245913163,-0.006060689667857777
limit_up_down_breadth_top,top,limit_up_down_breadth_v1_20120705_20260814,onset,limit_up_down_breadth_top::top::limit_up_down_breadth_v1_20120705_20260814::000010,2013-09-30,sse_composite,上证指数,10,True,10,True,2013-10-21,2174.67,0.02509346245637256,0.03141166245913163,-0.006060689667857777
limit_up_down_breadth_top,top,limit_up_down_breadth_v1_20120705_20260814,onset,limit_up_down_breadth_top::top::limit_up_down_breadth_v1_20120705_20260814::000010,2013-09-30,sse_composite,上证指数,20,True,20,True,2013-11-04,2174.67,-0.011514390689162046,0.03141166245913163,-0.037463155329314435
limit_up_down_breadth_top,top,limit_up_down_breadth_v1_20120705_20260814,onset,limit_up_down_breadth_top::top::limit_up_down_breadth_v1_20120705_20260814::000011,2014-02-19,all_a,全A,5,True,5,True,2014-02-26,3042.60009765625,-0.05550520000417247,0.004890515458788824,-0.07443632853466686
limit_up_down_breadth_top,top,limit_up_down_breadth_v1_20120705_20260814,onset,limit_up_down_breadth_top::top::limit_up_down_breadth_v1_20120705_20260814::000011,2014-02-19,all_a,全A,10,True,10,True,2014-03-05,3042.60009765625,-0.048376448045294285,0.004890515458788824,-0.07595809505163098
limit_up_down_breadth_top,top,limit_up_down_breadth_v1_20120705_20260814,onset,limit_up_down_breadth_top::top::limit_up_down_breadth_v1_20120705_20260814::000011,2014-02-19,all_a,全A,20,True,20,True,2014-03-19,3042.60009765625,-0.0610727872198894,0.004890515458788824,-0.09247686457521731
limit_up_down_breadth_top,top,limit_up_down_breadth_v1_20120705_20260814,onset,limit_up_down_breadth_top::top::limit_up_down_breadth_v1_20120705_20260814::000011,2014-02-19,cni2000,国证2000,5,True,5,True,2014-02-26,4380.72,-0.04455431983783498,0.001253218648989085,-0.07464982925181263
limit_up_down_breadth_top,top,limit_up_down_breadth_v1_20120705_20260814,onset,limit_up_down_breadth_top::top::limit_up_down_breadth_v1_20120705_20260814::000011,2014-02-19,cni2000,国证2000,10,True,10,True,2014-03-05,4380.72,-0.02653216822805393,0.001253218648989085,-0.07464982925181263
limit_up_down_breadth_top,top,limit_up_down_breadth_v1_20120705_20260814,onset,limit_up_down_breadth_top::top::limit_up_down_breadth_v1_20120705_20260814::000011,2014-02-19,cni2000,国证2000,20,True,20,True,2014-03-19,4380.72,-0.02702752059022273,0.001253218648989085,-0.08494265782793697
limit_up_down_breadth_top,top,limit_up_down_breadth_v1_20120705_20260814,onset,limit_up_down_breadth_top::top::limit_up_down_breadth_v1_20120705_20260814::000011,2014-02-19,csi1000,中证1000,5,True,5,True,2014-02-26,5120.14,-0.04656317991304937,0.0022030647599480258,-0.07689828793743925
limit_up_down_breadth_top,top,limit_up_down_breadth_v1_20120705_20260814,onset,limit_up_down_breadth_top::top::limit_up_down_breadth_v1_20120705_20260814::000011,2014-02-19,csi1000,中证1000,10,True,10,True,2014-03-05,5120.14,-0.030561664329491034,0.0022030647599480258,-0.07883964110356356
limit_up_down_breadth_top,top,limit_up_down_breadth_v1_20120705_20260814,onset,limit_up_down_breadth_top::top::limit_up_down_breadth_v1_20120705_20260814::000011,2014-02-19,csi1000,中证1000,20,True,20,True,2014-03-19,5120.14,-0.035625978977137485,0.0022030647599480258,-0.09217716703058898
limit_up_down_breadth_top,top,limit_up_down_breadth_v1_20120705_20260814,onset,limit_up_down_breadth_top::top::limit_up_down_breadth_v1_20120705_20260814::000011,2014-02-19,csi300,沪深300,5,True,5,True,2014-02-26,2308.66,-0.06291961570781313,0.009979815130855219,-0.07432016840938027
limit_up_down_breadth_top,top,limit_up_down_breadth_v1_20120705_20260814,onset,limit_up_down_breadth_top::top::limit_up_down_breadth_v1_20120705_20260814::000011,2014-02-19,csi300,沪深300,10,True,10,True,2014-03-05,2308.66,-0.06266838772274819,0.009979815130855219,-0.07584919390468914
limit_up_down_breadth_top,top,limit_up_down_breadth_v1_20120705_20260814,onset,limit_up_down_breadth_top::top::limit_up_down_breadth_v1_20120705_20260814::000011,2014-02-19,csi300,沪深300,20,True,20,True,2014-03-19,2308.66,-0.08134155744024674,0.009979815130855219,-0.0952630530264309
limit_up_down_breadth_top,top,limit_up_down_breadth_v1_20120705_20260814,onset,limit_up_down_breadth_top::top::limit_up_down_breadth_v1_20120705_20260814::000011,2014-02-19,csi500,中证500,5,True,5,True,2014-02-26,4207.99,-0.0524026910710339,0.003241452569991976,-0.07700350998932981
limit_up_down_breadth_top,top,limit_up_down_breadth_v1_20120705_20260814,onset,limit_up_down_breadth_top::top::limit_up_down_breadth_v1_20120705_20260814::000011,2014-02-19,csi500,中证500,10,True,10,True,2014-03-05,4207.99,-0.040449240611313164,0.003241452569991976,-0.07919933269803403
limit_up_down_breadth_top,top,limit_up_down_breadth_v1_20120705_20260814,onset,limit_up_down_breadth_top::top::limit_up_down_breadth_v1_20120705_20260814::000011,2014-02-19,csi500,中证500,20,True,20,True,2014-03-19,4207.99,-0.054021040924526864,0.003241452569991976,-0.09606961993730967
limit_up_down_breadth_top,top,limit_up_down_breadth_v1_20120705_20260814,onset,limit_up_down_breadth_top::top::limit_up_down_breadth_v1_20120705_20260814::000011,2014-02-19,microcap,微盘股,5,True,5,True,2014-02-26,805.74,-0.04762082061210815,0.003884627795566864,-0.07498696850100528
limit_up_down_breadth_top,top,limit_up_down_breadth_v1_20120705_20260814,onset,limit_up_down_breadth_top::top::limit_up_down_breadth_v1_20120705_20260814::000011,2014-02-19,microcap,微盘股,10,True,10,True,2014-03-05,805.74,-0.025814778960955076,0.003884627795566864,-0.07725817261151235
limit_up_down_breadth_top,top,limit_up_down_breadth_v1_20120705_20260814,onset,limit_up_down_breadth_top::top::limit_up_down_breadth_v1_20120705_20260814::000011,2014-02-19,microcap,微盘股,20,True,20,True,2014-03-19,805.74,-0.03939235981830369,0.003884627795566864,-0.08547422245389336
limit_up_down_breadth_top,top,limit_up_down_breadth_v1_20120705_20260814,onset,limit_up_down_breadth_top::top::limit_up_down_breadth_v1_20120705_20260814::000011,2014-02-19,sse_composite,上证指数,5,True,5,True,2014-02-26,2142.55,-0.04728011014912148,0.016536370213063867,-0.05982124104454978
limit_up_down_breadth_top,top,limit_up_down_breadth_v1_20120705_20260814,onset,limit_up_down_breadth_top::top::limit_up_down_breadth_v1_20120705_20260814::000011,2014-02-19,sse_composite,上证指数,10,True,10,True,2014-03-05,2142.55,-0.041758652073463964,0.016536370213063867,-0.05982124104454978
limit_up_down_breadth_top,top,limit_up_down_breadth_v1_20120705_20260814,onset,limit_up_down_breadth_top::top::limit_up_down_breadth_v1_20120705_20260814::000011,2014-02-19,sse_composite,上证指数,20,True,20,True,2014-03-19,2142.55,-0.056390749340738955,0.016536370213063867,-0.07849058365032324
limit_up_down_breadth_top,top,limit_up_down_breadth_v1_20120705_20260814,onset,limit_up_down_breadth_top::top::limit_up_down_breadth_v1_20120705_20260814::000012,2014-12-18,all_a,全A,5,True,5,True,2014-12-25,4212.8798828125,-0.020710298519537207,0.002368921200309071,-0.054701286906387536
limit_up_down_breadth_top,top,limit_up_down_breadth_v1_20120705_20260814,onset,limit_up_down_breadth_top::top::limit_up_down_breadth_v1_20120705_20260814::000012,2014-12-18,all_a,全A,10,True,10,True,2015-01-05,4212.8798828125,0.023216911308767907,0.027933427739384564,-0.054701286906387536
limit_up_down_breadth_top,top,limit_up_down_breadth_v1_20120705_20260814,onset,limit_up_down_breadth_top::top::limit_up_down_breadth_v1_20120705_20260814::000012,2014-12-18,all_a,全A,20,True,20,True,2015-01-19,4212.8798828125,-0.026295500521674953,0.03871231475091852,-0.054701286906387536
limit_up_down_breadth_top,top,limit_up_down_breadth_v1_20120705_20260814,onset,limit_up_down_breadth_top::top::limit_up_down_breadth_v1_20120705_20260814::000012,2014-12-18,cni2000,国证2000,5,True,5,True,2014-12-25,5890.8,-0.04638079717525634,-0.0017366062334488452,-0.07982616962042499
limit_up_down_breadth_top,top,limit_up_down_breadth_v1_20120705_20260814,onset,limit_up_down_breadth_top::top::limit_up_down_breadth_v1_20120705_20260814::000012,2014-12-18,cni2000,国证2000,10,True,10,True,2015-01-05,5890.8,-0.06609798329598693,-0.0017366062334488452,-0.08394785088612755
limit_up_down_breadth_top,top,limit_up_down_breadth_v1_20120705_20260814,onset,limit_up_down_breadth_top::top::limit_up_down_breadth_v1_20120705_20260814::000012,2014-12-18,cni2000,国证2000,20,True,20,True,2015-01-19,5890.8,-0.0663746859509744,-0.0017366062334488452,-0.08394785088612755
limit_up_down_breadth_top,top,limit_up_down_breadth_v1_20120705_20260814,onset,limit_up_down_breadth_top::top::limit_up_down_breadth_v1_20120705_20260814::000012,2014-12-18,csi1000,中证1000,5,True,5,True,2014-12-25,6540.88,-0.04867387874414453,-0.0024645001895768903,-0.08077047736695986
limit_up_down_breadth_top,top,limit_up_down_breadth_v1_20120705_20260814,onset,limit_up_down_breadth_top::top::limit_up_down_breadth_v1_20120705_20260814::000012,2014-12-18,csi1000,中证1000,10,True,10,True,2015-01-05,6540.88,-0.07508011154462402,-0.0024645001895768903,-0.09099081469160109
limit_up_down_breadth_top,top,limit_up_down_breadth_v1_20120705_20260814,onset,limit_up_down_breadth_top::top::limit_up_down_breadth_v1_20120705_20260814::000012,2014-12-18,csi1000,中证1000,20,True,20,True,2015-01-19,6540.88,-0.06598347622949818,-0.0024645001895768903,-0.09099081469160109
limit_up_down_breadth_top,top,limit_up_down_breadth_v1_20120705_20260814,onset,limit_up_down_breadth_top::top::limit_up_down_breadth_v1_20120705_20260814::000012,2014-12-18,csi300,沪深300,5,True,5,True,2014-12-25,3345.93,-0.0031411296709733527,0.032660575684488435,-0.047054182245295006
limit_up_down_breadth_top,top,limit_up_down_breadth_v1_20120705_20260814,onset,limit_up_down_breadth_top::top::limit_up_down_breadth_v1_20120705_20260814::000012,2014-12-18,csi300,沪深300,10,True,10,True,2015-01-05,3345.93,0.0883491286428586,0.09656806926624295,-0.047054182245295006
limit_up_down_breadth_top,top,limit_up_down_breadth_v1_20120705_20260814,onset,limit_up_down_breadth_top::top::limit_up_down_breadth_v1_20120705_20260814::000012,2014-12-18,csi300,沪深300,20,True,20,True,2015-01-19,3345.93,0.002758575343775771,0.10275767873207164,-0.047054182245295006
limit_up_down_breadth_top,top,limit_up_down_breadth_v1_20120705_20260814,onset,limit_up_down_breadth_top::top::limit_up_down_breadth_v1_20120705_20260814::000012,2014-12-18,csi500,中证500,5,True,5,True,2014-12-25,5558.04,-0.03481083259566309,2.518873559753665e-05,-0.06664399680462896
limit_up_down_breadth_top,top,limit_up_down_breadth_v1_20120705_20260814,onset,limit_up_down_breadth_top::top::limit_up_down_breadth_v1_20120705_20260814::000012,2014-12-18,csi500,中证500,10,True,10,True,2015-01-05,5558.04,-0.025372253528222144,2.518873559753665e-05,-0.06664399680462896
limit_up_down_breadth_top,top,limit_up_down_breadth_v1_20120705_20260814,onset,limit_up_down_breadth_top::top::limit_up_down_breadth_v1_20120705_20260814::000012,2014-12-18,csi500,中证500,20,True,20,True,2015-01-19,5558.04,-0.049682981770552304,2.518873559753665e-05,-0.06664399680462896
limit_up_down_breadth_top,top,limit_up_down_breadth_v1_20120705_20260814,onset,limit_up_down_breadth_top::top::limit_up_down_breadth_v1_20120705_20260814::000012,2014-12-18,microcap,微盘股,5,True,5,True,2014-12-25,1024.52,-0.04577753484558622,-0.002713465818139249,-0.07911021746769209
limit_up_down_breadth_top,top,limit_up_down_breadth_v1_20120705_20260814,onset,limit_up_down_breadth_top::top::limit_up_down_breadth_v1_20120705_20260814::000012,2014-12-18,microcap,微盘股,10,True,10,True,2015-01-05,1024.52,-0.057636746964432106,-0.002713465818139249,-0.07911021746769209
limit_up_down_breadth_top,top,limit_up_down_breadth_v1_20120705_20260814,onset,limit_up_down_breadth_top::top::limit_up_down_breadth_v1_20120705_20260814::000012,2014-12-18,microcap,微盘股,20,True,20,True,2015-01-19,1024.52,-0.08736774294303673,-0.002713465818139249,-0.09936360441963066
limit_up_down_breadth_top,top,limit_up_down_breadth_v1_20120705_20260814,onset,limit_up_down_breadth_top::top::limit_up_down_breadth_v1_20120705_20260814::000012,2014-12-18,sse_composite,上证指数,5,True,5,True,2014-12-25,3057.52,0.004912478086815497,0.043286716031293304,-0.04010112771134777
limit_up_down_breadth_top,top,limit_up_down_breadth_v1_20120705_20260814,onset,limit_up_down_breadth_top::top::limit_up_down_breadth_v1_20120705_20260814::000012,2014-12-18,sse_composite,上证指数,10,True,10,True,2015-01-05,3057.52,0.09582929956304453,0.10196499123472624,-0.04010112771134777
limit_up_down_breadth_top,top,limit_up_down_breadth_v1_20120705_20260814,onset,limit_up_down_breadth_top::top::limit_up_down_breadth_v1_20120705_20260814::000012,2014-12-18,sse_composite,上证指数,20,True,20,True,2015-01-19,3057.52,0.019241084277453524,0.11359206154007162,-0.04010112771134777
limit_up_down_breadth_top,top,limit_up_down_breadth_v1_20120705_20260814,onset,limit_up_down_breadth_top::top::limit_up_down_breadth_v1_20120705_20260814::000013,2015-03-06,all_a,全A,5,True,5,True,2015-03-13,4535.4599609375,0.038670859897194765,0.03873480910300797,-0.012051733830916955
limit_up_down_breadth_top,top,limit_up_down_breadth_v1_20120705_20260814,onset,limit_up_down_breadth_top::top::limit_up_down_breadth_v1_20120705_20260814::000013,2015-03-06,all_a,全A,10,True,10,True,2015-03-20,4535.4599609375,0.12225882375232833,0.12392344095819596,-0.012051733830916955
limit_up_down_breadth_top,top,limit_up_down_breadth_v1_20120705_20260814,onset,limit_up_down_breadth_top::top::limit_up_down_breadth_v1_20120705_20260814::000013,2015-03-06,all_a,全A,20,True,20,True,2015-04-03,4535.4599609375,0.23271729649457162,0.23271955732507998,-0.012051733830916955
limit_up_down_breadth_top,top,limit_up_down_breadth_v1_20120705_20260814,onset,limit_up_down_breadth_top::top::limit_up_down_breadth_v1_20120705_20260814::000013,2015-03-06,cni2000,国证2000,5,True,5,True,2015-03-13,6608.36,0.037181691070099054,0.037192283713357144,-0.007429982628064935
limit_up_down_breadth_top,top,limit_up_down_breadth_v1_20120705_20260814,onset,limit_up_down_breadth_top::top::limit_up_down_breadth_v1_20120705_20260814::000013,2015-03-06,cni2000,国证2000,10,True,10,True,2015-03-20,6608.36,0.1280196599458867,0.12922570804254008,-0.007429982628064935
limit_up_down_breadth_top,top,limit_up_down_breadth_v1_20120705_20260814,onset,limit_up_down_breadth_top::top::limit_up_down_breadth_v1_20120705_20260814::000013,2015-03-06,cni2000,国证2000,20,True,20,True,2015-04-03,6608.36,0.28199129587371163,0.2820245870382365,-0.007429982628064935
limit_up_down_breadth_top,top,limit_up_down_breadth_v1_20120705_20260814,onset,limit_up_down_breadth_top::top::limit_up_down_breadth_v1_20120705_20260814::000013,2015-03-06,csi1000,中证1000,5,True,5,True,2015-03-13,7338.4,0.042372996838548005,0.042428867328027975,-0.00731358334241794
limit_up_down_breadth_top,top,limit_up_down_breadth_v1_20120705_20260814,onset,limit_up_down_breadth_top::top::limit_up_down_breadth_v1_20120705_20260814::000013,2015-03-06,csi1000,中证1000,10,True,10,True,2015-03-20,7338.4,0.13360269268505398,0.13605554344271242,-0.00731358334241794
limit_up_down_breadth_top,top,limit_up_down_breadth_v1_20120705_20260814,onset,limit_up_down_breadth_top::top::limit_up_down_breadth_v1_20120705_20260814::000013,2015-03-06,csi1000,中证1000,20,True,20,True,2015-04-03,7338.4,0.28354954758530493,0.2840455685162979,-0.00731358334241794
limit_up_down_breadth_top,top,limit_up_down_breadth_v1_20120705_20260814,onset,limit_up_down_breadth_top::top::limit_up_down_breadth_v1_20120705_20260814::000013,2015-03-06,csi300,沪深300,5,True,5,True,2015-03-13,3478.52,0.03999977001713373,0.04682163678805917,-0.017544817911065658
limit_up_down_breadth_top,top,limit_up_down_breadth_v1_20120705_20260814,onset,limit_up_down_breadth_top::top::limit_up_down_breadth_v1_20120705_20260814::000013,2015-03-06,csi300,沪深300,10,True,10,True,2015-03-20,3478.52,0.11903050722721153,0.12601336200453073,-0.017544817911065658
limit_up_down_breadth_top,top,limit_up_down_breadth_v1_20120705_20260814,onset,limit_up_down_breadth_top::top::limit_up_down_breadth_v1_20120705_20260814::000013,2015-03-06,csi300,沪深300,20,True,20,True,2015-04-03,3478.52,0.19894092890079684,0.19894667847245384,-0.017544817911065658
limit_up_down_breadth_top,top,limit_up_down_breadth_v1_20120705_20260814,onset,limit_up_down_breadth_top::top::limit_up_down_breadth_v1_20120705_20260814::000013,2015-03-06,csi500,中证500,5,True,5,True,2015-03-13,6133.03,0.03204778062393299,0.03206734680899981,-0.00855857545128591
limit_up_down_breadth_top,top,limit_up_down_breadth_v1_20120705_20260814,onset,limit_up_down_breadth_top::top::limit_up_down_breadth_v1_20120705_20260814::000013,2015-03-06,csi500,中证500,10,True,10,True,2015-03-20,6133.03,0.11704981061563369,0.11892164232035385,-0.00855857545128591
limit_up_down_breadth_top,top,limit_up_down_breadth_v1_20120705_20260814,onset,limit_up_down_breadth_top::top::limit_up_down_breadth_v1_20120705_20260814::000013,2015-03-06,csi500,中证500,20,True,20,True,2015-04-03,6133.03,0.25207442324593243,0.25267934446757967,-0.00855857545128591
limit_up_down_breadth_top,top,limit_up_down_breadth_v1_20120705_20260814,onset,limit_up_down_breadth_top::top::limit_up_down_breadth_v1_20120705_20260814::000013,2015-03-06,microcap,微盘股,5,True,5,True,2015-03-13,1102.05,0.034381380155165564,0.034426750147452445,-0.006660314867746431
limit_up_down_breadth_top,top,limit_up_down_breadth_v1_20120705_20260814,onset,limit_up_down_breadth_top::top::limit_up_down_breadth_v1_20120705_20260814::000013,2015-03-06,microcap,微盘股,10,True,10,True,2015-03-20,1102.05,0.12099269543124191,0.12136472936799603,-0.006660314867746431
limit_up_down_breadth_top,top,limit_up_down_breadth_v1_20120705_20260814,onset,limit_up_down_breadth_top::top::limit_up_down_breadth_v1_20120705_20260814::000013,2015-03-06,microcap,微盘股,20,True,20,True,2015-04-03,1102.05,0.25033346944331036,0.25049680141554376,-0.006660314867746431
limit_up_down_breadth_top,top,limit_up_down_breadth_v1_20120705_20260814,onset,limit_up_down_breadth_top::top::limit_up_down_breadth_v1_20120705_20260814::000013,2015-03-06,sse_composite,上证指数,5,True,5,True,2015-03-13,3241.19,0.04063939479018508,0.04629781037211633,-0.013211197122044771
limit_up_down_breadth_top,top,limit_up_down_breadth_v1_20120705_20260814,onset,limit_up_down_breadth_top::top::limit_up_down_breadth_v1_20120705_20260814::000013,2015-03-06,sse_composite,上证指数,10,True,10,True,2015-03-20,3241.19,0.11604688401482166,0.12068098445324105,-0.013211197122044771
limit_up_down_breadth_top,top,limit_up_down_breadth_v1_20120705_20260814,onset,limit_up_down_breadth_top::top::limit_up_down_breadth_v1_20120705_20260814::000013,2015-03-06,sse_composite,上证指数,20,True,20,True,2015-04-03,3241.19,0.19213313628636386,0.19227814475547556,-0.013211197122044771
limit_up_down_breadth_top,top,limit_up_down_breadth_v1_20120705_20260814,onset,limit_up_down_breadth_top::top::limit_up_down_breadth_v1_20120705_20260814::000014,2015-03-30,all_a,全A,5,True,5,True,2015-04-07,5350.509765625,0.0674721231658344,0.06754312253395822,-0.005511576912392568
limit_up_down_breadth_top,top,limit_up_down_breadth_v1_20120705_20260814,onset,limit_up_down_breadth_top::top::limit_up_down_breadth_v1_20120705_20260814::000014,2015-03-30,all_a,全A,10,True,10,True,2015-04-14,5350.509765625,0.10567781399333676,0.11509745895269186,-0.005511576912392568
limit_up_down_breadth_top,top,limit_up_down_breadth_v1_20120705_20260814,onset,limit_up_down_breadth_top::top::limit_up_down_breadth_v1_20120705_20260814::000014,2015-03-30,all_a,全A,20,True,20,True,2015-04-28,5350.509765625,0.152761163601161,0.18225181887969932,-0.005511576912392568
limit_up_down_breadth_top,top,limit_up_down_breadth_v1_20120705_20260814,onset,limit_up_down_breadth_top::top::limit_up_down_breadth_v1_20120705_20260814::000014,2015-03-30,cni2000,国证2000,5,True,5,True,2015-04-07,7842.96,0.10347751359180735,0.10353488988851134,-0.0050159633607719245
limit_up_down_breadth_top,top,limit_up_down_breadth_v1_20120705_20260814,onset,limit_up_down_breadth_top::top::limit_up_down_breadth_v1_20120705_20260814::000014,2015-03-30,cni2000,国证2000,10,True,10,True,2015-04-14,7842.96,0.141535848710181,0.15243862011281473,-0.0050159633607719245
limit_up_down_breadth_top,top,limit_up_down_breadth_v1_20120705_20260814,onset,limit_up_down_breadth_top::top::limit_up_down_breadth_v1_20120705_20260814::000014,2015-03-30,cni2000,国证2000,20,True,20,True,2015-04-28,7842.96,0.14900751756989727,0.1984391097238798,-0.0050159633607719245
limit_up_down_breadth_top,top,limit_up_down_breadth_v1_20120705_20260814,onset,limit_up_down_breadth_top::top::limit_up_down_breadth_v1_20120705_20260814::000014,2015-03-30,csi1000,中证1000,5,True,5,True,2015-04-07,8719.22,0.10109849275508598,0.10111110856246319,-0.004884611238161196
limit_up_down_breadth_top,top,limit_up_down_breadth_v1_20120705_20260814,onset,limit_up_down_breadth_top::top::limit_up_down_breadth_v1_20120705_20260814::000014,2015-03-30,csi1000,中证1000,10,True,10,True,2015-04-14,8719.22,0.12740130424510454,0.13844931083284973,-0.004884611238161196
limit_up_down_breadth_top,top,limit_up_down_breadth_v1_20120705_20260814,onset,limit_up_down_breadth_top::top::limit_up_down_breadth_v1_20120705_20260814::000014,2015-03-30,csi1000,中证1000,20,True,20,True,2015-04-28,8719.22,0.12944621193180117,0.18096572858581395,-0.004884611238161196
limit_up_down_breadth_top,top,limit_up_down_breadth_v1_20120705_20260814,onset,limit_up_down_breadth_top::top::limit_up_down_breadth_v1_20120705_20260814::000014,2015-03-30,csi300,沪深300,5,True,5,True,2015-04-07,4088.18,0.04203826641684083,0.04214344769555156,-0.012330670371656804
limit_up_down_breadth_top,top,limit_up_down_breadth_v1_20120705_20260814,onset,limit_up_down_breadth_top::top::limit_up_down_breadth_v1_20120705_20260814::000014,2015-03-30,csi300,沪深300,10,True,10,True,2015-04-14,4088.18,0.08561266871810935,0.09446012651106384,-0.012330670371656804
limit_up_down_breadth_top,top,limit_up_down_breadth_v1_20120705_20260814,onset,limit_up_down_breadth_top::top::limit_up_down_breadth_v1_20120705_20260814::000014,2015-03-30,csi300,沪深300,20,True,20,True,2015-04-28,4088.18,0.15989511225043906,0.18367586554408066,-0.012330670371656804
limit_up_down_breadth_top,top,limit_up_down_breadth_v1_20120705_20260814,onset,limit_up_down_breadth_top::top::limit_up_down_breadth_v1_20120705_20260814::000014,2015-03-30,csi500,中证500,5,True,5,True,2015-04-07,7245.5,0.08526395693878963,0.08530812228279627,-0.0042812780346422885
limit_up_down_breadth_top,top,limit_up_down_breadth_v1_20120705_20260814,onset,limit_up_down_breadth_top::top::limit_up_down_breadth_v1_20120705_20260814::000014,2015-03-30,csi500,中证500,10,True,10,True,2015-04-14,7245.5,0.12069008350010346,0.1306659305775999,-0.0042812780346422885
limit_up_down_breadth_top,top,limit_up_down_breadth_v1_20120705_20260814,onset,limit_up_down_breadth_top::top::limit_up_down_breadth_v1_20120705_20260814::000014,2015-03-30,csi500,中证500,20,True,20,True,2015-04-28,7245.5,0.1409122903871367,0.18369746739355453,-0.0042812780346422885
limit_up_down_breadth_top,top,limit_up_down_breadth_v1_20120705_20260814,onset,limit_up_down_breadth_top::top::limit_up_down_breadth_v1_20120705_20260814::000014,2015-03-30,microcap,微盘股,5,True,5,True,2015-04-07,1301.58,0.08104764977949874,0.08107838165921422,-0.0033805067686963897
limit_up_down_breadth_top,top,limit_up_down_breadth_v1_20120705_20260814,onset,limit_up_down_breadth_top::top::limit_up_down_breadth_v1_20120705_20260814::000014,2015-03-30,microcap,微盘股,10,True,10,True,2015-04-14,1301.58,0.11548272100063017,0.1274451051798584,-0.0033805067686963897
limit_up_down_breadth_top,top,limit_up_down_breadth_v1_20120705_20260814,onset,limit_up_down_breadth_top::top::limit_up_down_breadth_v1_20120705_20260814::000014,2015-03-30,microcap,微盘股,20,True,20,True,2015-04-28,1301.58,0.1461454539866931,0.182831635396979,-0.0033805067686963897
limit_up_down_breadth_top,top,limit_up_down_breadth_v1_20120705_20260814,onset,limit_up_down_breadth_top::top::limit_up_down_breadth_v1_20120705_20260814::000014,2015-03-30,sse_composite,上证指数,5,True,5,True,2015-04-07,3786.57,0.046165791204176854,0.046242377666331214,-0.013080439553474599
limit_up_down_breadth_top,top,limit_up_down_breadth_v1_20120705_20260814,onset,limit_up_down_breadth_top::top::limit_up_down_breadth_v1_20120705_20260814::000014,2015-03-30,sse_composite,上证指数,10,True,10,True,2015-04-14,3786.57,0.09216784583409243,0.10082475697002824,-0.013080439553474599
limit_up_down_breadth_top,top,limit_up_down_breadth_v1_20120705_20260814,onset,limit_up_down_breadth_top::top::limit_up_down_breadth_v1_20120705_20260814::000014,2015-03-30,sse_composite,上证指数,20,True,20,True,2015-04-28,3786.57,0.1821278888281479,0.2075281851385291,-0.013080439553474599
limit_up_down_breadth_top,top,limit_up_down_breadth_v1_20120705_20260814,onset,limit_up_down_breadth_top::top::limit_up_down_breadth_v1_20120705_20260814::000015,2015-04-20,all_a,全A,5,True,5,True,2015-04-27,5852.9599609375,0.07653737900711621,0.08076083632230024,-0.00019137619170050968
limit_up_down_breadth_top,top,limit_up_down_breadth_v1_20120705_20260814,onset,limit_up_down_breadth_top::top::limit_up_down_breadth_v1_20120705_20260814::000015,2015-04-20,all_a,全A,10,True,10,True,2015-05-05,5852.9599609375,0.03982601952037146,0.0820883730871349,-0.00019137619170050968
limit_up_down_breadth_top,top,limit_up_down_breadth_v1_20120705_20260814,onset,limit_up_down_breadth_top::top::limit_up_down_breadth_v1_20120705_20260814::000015,2015-04-20,all_a,全A,20,True,20,True,2015-05-19,5852.9599609375,0.1316991886617198,0.13259099837805755,-0.00019137619170050968
limit_up_down_breadth_top,top,limit_up_down_breadth_v1_20120705_20260814,onset,limit_up_down_breadth_top::top::limit_up_down_breadth_v1_20120705_20260814::000015,2015-04-20,cni2000,国证2000,5,True,5,True,2015-04-27,8530.51,0.09126535224740362,0.10184619676900897,-5.626861699936647e-05
limit_up_down_breadth_top,top,limit_up_down_breadth_v1_20120705_20260814,onset,limit_up_down_breadth_top::top::limit_up_down_breadth_v1_20120705_20260814::000015,2015-04-20,cni2000,国证2000,10,True,10,True,2015-05-05,8530.51,0.07101099465330907,0.10184619676900897,-5.626861699936647e-05
limit_up_down_breadth_top,top,limit_up_down_breadth_v1_20120705_20260814,onset,limit_up_down_breadth_top::top::limit_up_down_breadth_v1_20120705_20260814::000015,2015-04-20,cni2000,国证2000,20,True,20,True,2015-05-19,8530.51,0.2616631362017041,0.26175926175574493,-5.626861699936647e-05
limit_up_down_breadth_top,top,limit_up_down_breadth_v1_20120705_20260814,onset,limit_up_down_breadth_top::top::limit_up_down_breadth_v1_20120705_20260814::000015,2015-04-20,csi1000,中证1000,5,True,5,True,2015-04-27,9353.61,0.08780460164578163,0.10086907621763141,0.0009899920993070577
limit_up_down_breadth_top,top,limit_up_down_breadth_v1_20120705_20260814,onset,limit_up_down_breadth_top::top::limit_up_down_breadth_v1_20120705_20260814::000015,2015-04-20,csi1000,中证1000,10,True,10,True,2015-05-05,9353.61,0.06988317879406991,0.10101768194312144,0.0009899920993070577
limit_up_down_breadth_top,top,limit_up_down_breadth_v1_20120705_20260814,onset,limit_up_down_breadth_top::top::limit_up_down_breadth_v1_20120705_20260814::000015,2015-04-20,csi1000,中证1000,20,True,20,True,2015-05-19,9353.61,0.26489772398036693,0.26557019161585727,0.0009899920993070577
limit_up_down_breadth_top,top,limit_up_down_breadth_v1_20120705_20260814,onset,limit_up_down_breadth_top::top::limit_up_down_breadth_v1_20120705_20260814::000015,2015-04-20,csi300,沪深300,5,True,5,True,2015-04-27,4521.92,0.0631744922510793,0.06381360130210156,-0.003839077206142405
limit_up_down_breadth_top,top,limit_up_down_breadth_v1_20120705_20260814,onset,limit_up_down_breadth_top::top::limit_up_down_breadth_v1_20120705_20260814::000015,2015-04-20,csi300,沪深300,10,True,10,True,2015-05-05,4521.92,0.01656818342650901,0.07013834831222132,-0.003839077206142405
limit_up_down_breadth_top,top,limit_up_down_breadth_v1_20120705_20260814,onset,limit_up_down_breadth_top::top::limit_up_down_breadth_v1_20120705_20260814::000015,2015-04-20,csi300,沪深300,20,True,20,True,2015-05-19,4521.92,0.04628564857405704,0.07013834831222132,-0.016879997877008
limit_up_down_breadth_top,top,limit_up_down_breadth_v1_20120705_20260814,onset,limit_up_down_breadth_top::top::limit_up_down_breadth_v1_20120705_20260814::000015,2015-04-20,csi500,中证500,5,True,5,True,2015-04-27,7839.9,0.08585823798772951,0.09395272898889018,0.0008558782637533291
limit_up_down_breadth_top,top,limit_up_down_breadth_v1_20120705_20260814,onset,limit_up_down_breadth_top::top::limit_up_down_breadth_v1_20120705_20260814::000015,2015-04-20,csi500,中证500,10,True,10,True,2015-05-05,7839.9,0.04584752356535171,0.09395272898889018,0.0008558782637533291
limit_up_down_breadth_top,top,limit_up_down_breadth_v1_20120705_20260814,onset,limit_up_down_breadth_top::top::limit_up_down_breadth_v1_20120705_20260814::000015,2015-04-20,csi500,中证500,20,True,20,True,2015-05-19,7839.9,0.16389622316611185,0.16398295896631332,0.0008558782637533291
limit_up_down_breadth_top,top,limit_up_down_breadth_v1_20120705_20260814,onset,limit_up_down_breadth_top::top::limit_up_down_breadth_v1_20120705_20260814::000015,2015-04-20,microcap,微盘股,5,True,5,True,2015-04-27,1412.56,0.08052755281191604,0.08990060599195782,0.0010265050688111899
limit_up_down_breadth_top,top,limit_up_down_breadth_v1_20120705_20260814,onset,limit_up_down_breadth_top::top::limit_up_down_breadth_v1_20120705_20260814::000015,2015-04-20,microcap,微盘股,10,True,10,True,2015-05-05,1412.56,0.052592456249646036,0.09526674973098492,0.0010265050688111899
limit_up_down_breadth_top,top,limit_up_down_breadth_v1_20120705_20260814,onset,limit_up_down_breadth_top::top::limit_up_down_breadth_v1_20120705_20260814::000015,2015-04-20,microcap,微盘股,20,True,20,True,2015-05-19,1412.56,0.17925610239565049,0.17960299031545568,0.0010265050688111899
limit_up_down_breadth_top,top,limit_up_down_breadth_v1_20120705_20260814,onset,limit_up_down_breadth_top::top::limit_up_down_breadth_v1_20120705_20260814::000015,2015-04-20,sse_composite,上证指数,5,True,5,True,2015-04-27,4217.08,0.07358646267085267,0.07414134899029667,-0.0067606021227959445
limit_up_down_breadth_top,top,limit_up_down_breadth_v1_20120705_20260814,onset,limit_up_down_breadth_top::top::limit_up_down_breadth_v1_20120705_20260814::000015,2015-04-20,sse_composite,上证指数,10,True,10,True,2015-05-05,4217.08,0.019356995835981383,0.08425498212032978,-0.0067606021227959445
limit_up_down_breadth_top,top,limit_up_down_breadth_v1_20120705_20260814,onset,limit_up_down_breadth_top::top::limit_up_down_breadth_v1_20120705_20260814::000015,2015-04-20,sse_composite,上证指数,20,True,20,True,2015-05-19,4217.08,0.04753763267474187,0.08425498212032978,-0.027990932114164258
limit_up_down_breadth_top,top,limit_up_down_breadth_v1_20120705_20260814,onset,limit_up_down_breadth_top::top::limit_up_down_breadth_v1_20120705_20260814::000016,2015-06-09,all_a,全A,5,True,5,True,2015-06-16,7731.52001953125,-0.02348051076682156,0.037175086030809545,-0.032481307967657025
limit_up_down_breadth_top,top,limit_up_down_breadth_v1_20120705_20260814,onset,limit_up_down_breadth_top::top::limit_up_down_breadth_v1_20120705_20260814::000016,2015-06-09,all_a,全A,10,True,10,True,2015-06-24,7731.52001953125,-0.06929426537687233,0.037175086030809545,-0.1499226387417123
limit_up_down_breadth_top,top,limit_up_down_breadth_v1_20120705_20260814,onset,limit_up_down_breadth_top::top::limit_up_down_breadth_v1_20120705_20260814::000016,2015-06-09,all_a,全A,20,True,20,True,2015-07-08,7731.52001953125,-0.36617639099483246,0.037175086030809545,-0.3749262748692652
limit_up_down_breadth_top,top,limit_up_down_breadth_v1_20120705_20260814,onset,limit_up_down_breadth_top::top::limit_up_down_breadth_v1_20120705_20260814::000016,2015-06-09,cni2000,国证2000,5,True,5,True,2015-06-16,13089.23,0.00398648354410458,0.07076199287505847,-0.01449435910286545
limit_up_down_breadth_top,top,limit_up_down_breadth_v1_20120705_20260814,onset,limit_up_down_breadth_top::top::limit_up_down_breadth_v1_20120705_20260814::000016,2015-06-09,cni2000,国证2000,10,True,10,True,2015-06-24,13089.23,-0.05297867025027436,0.07076199287505847,-0.1296432257665272
limit_up_down_breadth_top,top,limit_up_down_breadth_v1_20120705_20260814,onset,limit_up_down_breadth_top::top::limit_up_down_breadth_v1_20120705_20260814::000016,2015-06-09,cni2000,国证2000,20,True,20,True,2015-07-08,13089.23,-0.4137561949786198,0.07076199287505847,-0.4192530805861002
limit_up_down_breadth_top,top,limit_up_down_breadth_v1_20120705_20260814,onset,limit_up_down_breadth_top::top::limit_up_down_breadth_v1_20120705_20260814::000016,2015-06-09,csi1000,中证1000,5,True,5,True,2015-06-16,14106.23,-0.0002842715594457701,0.06948773697862576,-0.013301924043489954
limit_up_down_breadth_top,top,limit_up_down_breadth_v1_20120705_20260814,onset,limit_up_down_breadth_top::top::limit_up_down_breadth_v1_20120705_20260814::000016,2015-06-09,csi1000,中证1000,10,True,10,True,2015-06-24,14106.23,-0.056176597148919205,0.06948773697862576,-0.13737759840864638
limit_up_down_breadth_top,top,limit_up_down_breadth_v1_20120705_20260814,onset,limit_up_down_breadth_top::top::limit_up_down_breadth_v1_20120705_20260814::000016,2015-06-09,csi1000,中证1000,20,True,20,True,2015-07-08,14106.23,-0.42475062436951616,0.06948773697862576,-0.428872207528163
limit_up_down_breadth_top,top,limit_up_down_breadth_v1_20120705_20260814,onset,limit_up_down_breadth_top::top::limit_up_down_breadth_v1_20120705_20260814::000016,2015-06-09,csi300,沪深300,5,True,5,True,2015-06-16,5317.46,-0.047511405821576536,0.010788985718745314,-0.05683164518397876
limit_up_down_breadth_top,top,limit_up_down_breadth_v1_20120705_20260814,onset,limit_up_down_breadth_top::top::limit_up_down_breadth_v1_20120705_20260814::000016,2015-06-09,csi300,沪深300,10,True,10,True,2015-06-24,5317.46,-0.08224415416383013,0.010788985718745314,-0.16213192012727884
limit_up_down_breadth_top,top,limit_up_down_breadth_v1_20120705_20260814,onset,limit_up_down_breadth_top::top::limit_up_down_breadth_v1_20120705_20260814::000016,2015-06-09,csi300,沪深300,20,True,20,True,2015-07-08,5317.46,-0.3111297499181941,0.010788985718745314,-0.32068130272724193
limit_up_down_breadth_top,top,limit_up_down_breadth_v1_20120705_20260814,onset,limit_up_down_breadth_top::top::limit_up_down_breadth_v1_20120705_20260814::000016,2015-06-09,csi500,中证500,5,True,5,True,2015-06-16,11013.74,-0.012157541398289728,0.054717107903400564,-0.022255836800214923
limit_up_down_breadth_top,top,limit_up_down_breadth_v1_20120705_20260814,onset,limit_up_down_breadth_top::top::limit_up_down_breadth_v1_20120705_20260814::000016,2015-06-09,csi500,中证500,10,True,10,True,2015-06-24,11013.74,-0.06774356394830461,0.054717107903400564,-0.15252130520604268
limit_up_down_breadth_top,top,limit_up_down_breadth_v1_20120705_20260814,onset,limit_up_down_breadth_top::top::limit_up_down_breadth_v1_20120705_20260814::000016,2015-06-09,csi500,中证500,20,True,20,True,2015-07-08,11013.74,-0.40053333381757694,0.054717107903400564,-0.4148899465576634
limit_up_down_breadth_top,top,limit_up_down_breadth_v1_20120705_20260814,onset,limit_up_down_breadth_top::top::limit_up_down_breadth_v1_20120705_20260814::000016,2015-06-09,microcap,微盘股,5,True,5,True,2015-06-16,2011.09,-0.006444266542024346,0.06276695722220293,-0.017547698014509505
limit_up_down_breadth_top,top,limit_up_down_breadth_v1_20120705_20260814,onset,limit_up_down_breadth_top::top::limit_up_down_breadth_v1_20120705_20260814::000016,2015-06-09,microcap,微盘股,10,True,10,True,2015-06-24,2011.09,-0.05493041087171635,0.06276695722220293,-0.1459904827730235
limit_up_down_breadth_top,top,limit_up_down_breadth_v1_20120705_20260814,onset,limit_up_down_breadth_top::top::limit_up_down_breadth_v1_20120705_20260814::000016,2015-06-09,microcap,微盘股,20,True,20,True,2015-07-08,2011.09,-0.41721653431721106,0.06276695722220293,-0.42539617819192577
limit_up_down_breadth_top,top,limit_up_down_breadth_v1_20120705_20260814,onset,limit_up_down_breadth_top::top::limit_up_down_breadth_v1_20120705_20260814::000016,2015-06-09,sse_composite,上证指数,5,True,5,True,2015-06-16,5113.53,-0.04421603080455172,0.01264488523583518,-0.05308074852401368
limit_up_down_breadth_top,top,limit_up_down_breadth_v1_20120705_20260814,onset,limit_up_down_breadth_top::top::limit_up_down_breadth_v1_20120705_20260814::000016,2015-06-09,sse_composite,上证指数,10,True,10,True,2015-06-24,5113.53,-0.08279603326860308,0.01264488523583518,-0.1659831857835975
limit_up_down_breadth_top,top,limit_up_down_breadth_v1_20120705_20260814,onset,limit_up_down_breadth_top::top::limit_up_down_breadth_v1_20120705_20260814::000016,2015-06-09,sse_composite,上证指数,20,True,20,True,2015-07-08,5113.53,-0.31413524512420965,0.01264488523583518,-0.3308868824471548
limit_up_down_breadth_top,top,limit_up_down_breadth_v1_20120705_20260814,onset,limit_up_down_breadth_top::top::limit_up_down_breadth_v1_20120705_20260814::000017,2015-07-24,all_a,全A,5,True,5,True,2015-07-31,5940.259765625,-0.09431405731480724,0.0026749902101423917,-0.1329386209633483
limit_up_down_breadth_top,top,limit_up_down_breadth_v1_20120705_20260814,onset,limit_up_down_breadth_top::top::limit_up_down_breadth_v1_20120705_20260814::000017,2015-07-24,all_a,全A,10,True,10,True,2015-08-07,5940.259765625,-0.06618395791692877,0.0026749902101423917,-0.1329386209633483
limit_up_down_breadth_top,top,limit_up_down_breadth_v1_20120705_20260814,onset,limit_up_down_breadth_top::top::limit_up_down_breadth_v1_20120705_20260814::000017,2015-07-24,all_a,全A,20,True,20,True,2015-08-21,5940.259765625,-0.12208889420805391,0.007509831778847564,-0.1329386209633483
limit_up_down_breadth_top,top,limit_up_down_breadth_v1_20120705_20260814,onset,limit_up_down_breadth_top::top::limit_up_down_breadth_v1_20120705_20260814::000017,2015-07-24,cni2000,国证2000,5,True,5,True,2015-07-31,9779.19,-0.10947736980261147,0.009650083493622619,-0.12867630141146658
limit_up_down_breadth_top,top,limit_up_down_breadth_v1_20120705_20260814,onset,limit_up_down_breadth_top::top::limit_up_down_breadth_v1_20120705_20260814::000017,2015-07-24,cni2000,国证2000,10,True,10,True,2015-08-07,9779.19,-0.07633863336329494,0.009650083493622619,-0.16118308367052891
limit_up_down_breadth_top,top,limit_up_down_breadth_v1_20120705_20260814,onset,limit_up_down_breadth_top::top::limit_up_down_breadth_v1_20120705_20260814::000017,2015-07-24,cni2000,国证2000,20,True,20,True,2015-08-21,9779.19,-0.10866135129801147,0.024178894161990705,-0.16118308367052891
limit_up_down_breadth_top,top,limit_up_down_breadth_v1_20120705_20260814,onset,limit_up_down_breadth_top::top::limit_up_down_breadth_v1_20120705_20260814::000017,2015-07-24,csi1000,中证1000,5,True,5,True,2015-07-31,10449.75,-0.11733390750974915,0.010212684513983605,-0.13683006770496908
limit_up_down_breadth_top,top,limit_up_down_breadth_v1_20120705_20260814,onset,limit_up_down_breadth_top::top::limit_up_down_breadth_v1_20120705_20260814::000017,2015-07-24,csi1000,中证1000,10,True,10,True,2015-08-07,10449.75,-0.0827397784635997,0.010212684513983605,-0.17160601928275798
limit_up_down_breadth_top,top,limit_up_down_breadth_v1_20120705_20260814,onset,limit_up_down_breadth_top::top::limit_up_down_breadth_v1_20120705_20260814::000017,2015-07-24,csi1000,中证1000,20,True,20,True,2015-08-21,10449.75,-0.11881623962295751,0.014699873202708158,-0.17160601928275798
limit_up_down_breadth_top,top,limit_up_down_breadth_v1_20120705_20260814,onset,limit_up_down_breadth_top::top::limit_up_down_breadth_v1_20120705_20260814::000017,2015-07-24,csi300,沪深300,5,True,5,True,2015-07-31,4176.28,-0.08610054881377682,-0.004781767506010004,-0.1314231804380932
limit_up_down_breadth_top,top,limit_up_down_breadth_v1_20120705_20260814,onset,limit_up_down_breadth_top::top::limit_up_down_breadth_v1_20120705_20260814::000017,2015-07-24,csi300,沪深300,10,True,10,True,2015-08-07,4176.28,-0.06449280220674847,-0.004781767506010004,-0.1314231804380932
limit_up_down_breadth_top,top,limit_up_down_breadth_v1_20120705_20260814,onset,limit_up_down_breadth_top::top::limit_up_down_breadth_v1_20120705_20260814::000017,2015-07-24,csi300,沪深300,20,True,20,True,2015-08-21,4176.28,-0.14049345350407538,-0.004781767506010004,-0.14321597210914971
limit_up_down_breadth_top,top,limit_up_down_breadth_v1_20120705_20260814,onset,limit_up_down_breadth_top::top::limit_up_down_breadth_v1_20120705_20260814::000017,2015-07-24,csi500,中证500,5,True,5,True,2015-07-31,8425.07,-0.08284916327104697,0.008104383702449924,-0.13809499505642087
limit_up_down_breadth_top,top,limit_up_down_breadth_v1_20120705_20260814,onset,limit_up_down_breadth_top::top::limit_up_down_breadth_v1_20120705_20260814::000017,2015-07-24,csi500,中证500,10,True,10,True,2015-08-07,8425.07,-0.04887199750269133,0.008104383702449924,-0.13809499505642087
limit_up_down_breadth_top,top,limit_up_down_breadth_v1_20120705_20260814,onset,limit_up_down_breadth_top::top::limit_up_down_breadth_v1_20120705_20260814::000017,2015-07-24,csi500,中证500,20,True,20,True,2015-08-21,8425.07,-0.09639919905709982,0.0514250920170396,-0.13809499505642087
limit_up_down_breadth_top,top,limit_up_down_breadth_v1_20120705_20260814,onset,limit_up_down_breadth_top::top::limit_up_down_breadth_v1_20120705_20260814::000017,2015-07-24,microcap,微盘股,5,True,5,True,2015-07-31,1522.96,-0.0947628302778799,0.010558386300362432,-0.13829647528497147
limit_up_down_breadth_top,top,limit_up_down_breadth_v1_20120705_20260814,onset,limit_up_down_breadth_top::top::limit_up_down_breadth_v1_20120705_20260814::000017,2015-07-24,microcap,微盘股,10,True,10,True,2015-08-07,1522.96,-0.05845196196879754,0.010558386300362432,-0.14455402636970116
limit_up_down_breadth_top,top,limit_up_down_breadth_v1_20120705_20260814,onset,limit_up_down_breadth_top::top::limit_up_down_breadth_v1_20120705_20260814::000017,2015-07-24,microcap,微盘股,20,True,20,True,2015-08-21,1522.96,-0.09075090613016756,0.06184010085622749,-0.14455402636970116
limit_up_down_breadth_top,top,limit_up_down_breadth_v1_20120705_20260814,onset,limit_up_down_breadth_top::top::limit_up_down_breadth_v1_20120705_20260814::000017,2015-07-24,sse_composite,上证指数,5,True,5,True,2015-07-31,4070.91,-0.10002186243370648,-0.004851495120255622,-0.13106406184366637
limit_up_down_breadth_top,top,limit_up_down_breadth_v1_20120705_20260814,onset,limit_up_down_breadth_top::top::limit_up_down_breadth_v1_20120705_20260814::000017,2015-07-24,sse_composite,上证指数,10,True,10,True,2015-08-07,4070.91,-0.0802547833285433,-0.004851495120255622,-0.13106406184366637
limit_up_down_breadth_top,top,limit_up_down_breadth_v1_20120705_20260814,onset,limit_up_down_breadth_top::top::limit_up_down_breadth_v1_20120705_20260814::000017,2015-07-24,sse_composite,上证指数,20,True,20,True,2015-08-21,4070.91,-0.13834007629743716,-0.004851495120255622,-0.14256517584520412
limit_up_down_breadth_top,top,limit_up_down_breadth_v1_20120705_20260814,onset,limit_up_down_breadth_top::top::limit_up_down_breadth_v1_20120705_20260814::000018,2015-08-11,all_a,全A,5,True,5,True,2015-08-18,5822.52978515625,-0.04484130668006425,0.027881408600968438,-0.04723712216679865
limit_up_down_breadth_top,top,limit_up_down_breadth_v1_20120705_20260814,onset,limit_up_down_breadth_top::top::limit_up_down_breadth_v1_20120705_20260814::000018,2015-08-11,all_a,全A,10,True,10,True,2015-08-25,5822.52978515625,-0.23701893431369814,0.027881408600968438,-0.2402306302607371
limit_up_down_breadth_top,top,limit_up_down_breadth_v1_20120705_20260814,onset,limit_up_down_breadth_top::top::limit_up_down_breadth_v1_20120705_20260814::000018,2015-08-11,all_a,全A,20,True,20,True,2015-09-10,5822.52978515625,-0.2034905159032956,0.027881408600968438,-0.2687268214348879
limit_up_down_breadth_top,top,limit_up_down_breadth_v1_20120705_20260814,onset,limit_up_down_breadth_top::top::limit_up_down_breadth_v1_20120705_20260814::000018,2015-08-11,cni2000,国证2000,5,True,5,True,2015-08-18,9565.57,-0.02732194735912241,0.04705103825490786,-0.030267929668592597
limit_up_down_breadth_top,top,limit_up_down_breadth_v1_20120705_20260814,onset,limit_up_down_breadth_top::top::limit_up_down_breadth_v1_20120705_20260814::000018,2015-08-11,cni2000,国证2000,10,True,10,True,2015-08-25,9565.57,-0.21668860297922654,0.04705103825490786,-0.21758556991376365
limit_up_down_breadth_top,top,limit_up_down_breadth_v1_20120705_20260814,onset,limit_up_down_breadth_top::top::limit_up_down_breadth_v1_20120705_20260814::000018,2015-08-11,cni2000,国证2000,20,True,20,True,2015-09-10,9565.57,-0.2216940548237063,0.04705103825490786,-0.294639002171329
limit_up_down_breadth_top,top,limit_up_down_breadth_v1_20120705_20260814,onset,limit_up_down_breadth_top::top::limit_up_down_breadth_v1_20120705_20260814::000018,2015-08-11,csi1000,中证1000,5,True,5,True,2015-08-18,10153.71,-0.03417568553760142,0.044284305933496304,-0.03663291545651781
limit_up_down_breadth_top,top,limit_up_down_breadth_v1_20120705_20260814,onset,limit_up_down_breadth_top::top::limit_up_down_breadth_v1_20120705_20260814::000018,2015-08-11,csi1000,中证1000,10,True,10,True,2015-08-25,10153.71,-0.22372118171584565,0.044284305933496304,-0.22407868650966
limit_up_down_breadth_top,top,limit_up_down_breadth_v1_20120705_20260814,onset,limit_up_down_breadth_top::top::limit_up_down_breadth_v1_20120705_20260814::000018,2015-08-11,csi1000,中证1000,20,True,20,True,2015-09-10,10153.71,-0.22757297578914504,0.044284305933496304,-0.3049289373046895
limit_up_down_breadth_top,top,limit_up_down_breadth_v1_20120705_20260814,onset,limit_up_down_breadth_top::top::limit_up_down_breadth_v1_20120705_20260814::000018,2015-08-11,csi300,沪深300,5,True,5,True,2015-08-18,4066.67,-0.05932618088017971,0.011431957842657381,-0.0615048676189609
limit_up_down_breadth_top,top,limit_up_down_breadth_v1_20120705_20260814,onset,limit_up_down_breadth_top::top::limit_up_down_breadth_v1_20120705_20260814::000018,2015-08-11,csi300,沪深300,10,True,10,True,2015-08-25,4066.67,-0.2517391379187395,0.011431957842657381,-0.25748585451979145
limit_up_down_breadth_top,top,limit_up_down_breadth_v1_20120705_20260814,onset,limit_up_down_breadth_top::top::limit_up_down_breadth_v1_20120705_20260814::000018,2015-08-11,csi300,沪深300,20,True,20,True,2015-09-10,4066.67,-0.17437116854822254,0.011431957842657381,-0.2740964966422158
limit_up_down_breadth_top,top,limit_up_down_breadth_v1_20120705_20260814,onset,limit_up_down_breadth_top::top::limit_up_down_breadth_v1_20120705_20260814::000018,2015-08-11,csi500,中证500,5,True,5,True,2015-08-18,8435.33,-0.0324895410138073,0.050146230200833974,-0.03490319880787118
limit_up_down_breadth_top,top,limit_up_down_breadth_v1_20120705_20260814,onset,limit_up_down_breadth_top::top::limit_up_down_breadth_v1_20120705_20260814::000018,2015-08-11,csi500,中证500,10,True,10,True,2015-08-25,8435.33,-0.23163527686527974,0.050146230200833974,-0.23324754336819065
limit_up_down_breadth_top,top,limit_up_down_breadth_v1_20120705_20260814,onset,limit_up_down_breadth_top::top::limit_up_down_breadth_v1_20120705_20260814::000018,2015-08-11,csi500,中证500,20,True,20,True,2015-09-10,8435.33,-0.23650764107628264,0.050146230200833974,-0.3045132792670826
limit_up_down_breadth_top,top,limit_up_down_breadth_v1_20120705_20260814,onset,limit_up_down_breadth_top::top::limit_up_down_breadth_v1_20120705_20260814::000018,2015-08-11,microcap,微盘股,5,True,5,True,2015-08-18,1519.81,-0.022476493772247697,0.06404089984932337,-0.026720445318822672
limit_up_down_breadth_top,top,limit_up_down_breadth_v1_20120705_20260814,onset,limit_up_down_breadth_top::top::limit_up_down_breadth_v1_20120705_20260814::000018,2015-08-11,microcap,微盘股,10,True,10,True,2015-08-25,1519.81,-0.22355426007198265,0.06404089984932337,-0.2242517156749857
limit_up_down_breadth_top,top,limit_up_down_breadth_v1_20120705_20260814,onset,limit_up_down_breadth_top::top::limit_up_down_breadth_v1_20120705_20260814::000018,2015-08-11,microcap,微盘股,20,True,20,True,2015-09-10,1519.81,-0.23388449872023476,0.06404089984932337,-0.30004408445792563
limit_up_down_breadth_top,top,limit_up_down_breadth_v1_20120705_20260814,onset,limit_up_down_breadth_top::top::limit_up_down_breadth_v1_20120705_20260814::000018,2015-08-11,sse_composite,上证指数,5,True,5,True,2015-08-18,3927.91,-0.04576225015338942,0.01996736177763747,-0.04697663643006078
limit_up_down_breadth_top,top,limit_up_down_breadth_v1_20120705_20260814,onset,limit_up_down_breadth_top::top::limit_up_down_breadth_v1_20120705_20260814::000018,2015-08-11,sse_composite,上证指数,10,True,10,True,2015-08-25,3927.91,-0.24515327489682814,0.01996736177763747,-0.24948891395169437
limit_up_down_breadth_top,top,limit_up_down_breadth_v1_20120705_20260814,onset,limit_up_down_breadth_top::top::limit_up_down_breadth_v1_20120705_20260814::000018,2015-08-11,sse_composite,上证指数,20,True,20,True,2015-09-10,3927.91,-0.1858545638774819,0.01996736177763747,-0.2742425361069881
limit_up_down_breadth_top,top,limit_up_down_breadth_v1_20120705_20260814,onset,limit_up_down_breadth_top::top::limit_up_down_breadth_v1_20120705_20260814::000019,2018-04-03,all_a,全A,5,True,5,True,2018-04-12,4695.68994140625,0.0033626664578647603,0.014579318862990798,-0.013346264906117677
limit_up_down_breadth_top,top,limit_up_down_breadth_v1_20120705_20260814,onset,limit_up_down_breadth_top::top::limit_up_down_breadth_v1_20120705_20260814::000019,2018-04-03,all_a,全A,10,True,10,True,2018-04-19,4695.68994140625,-0.012996979340159087,0.014579318862990798,-0.040662808615738344
limit_up_down_breadth_top,top,limit_up_down_breadth_v1_20120705_20260814,onset,limit_up_down_breadth_top::top::limit_up_down_breadth_v1_20120705_20260814::000019,2018-04-03,all_a,全A,20,True,20,True,2018-05-07,4695.68994140625,-0.010356280635926418,0.014579318862990798,-0.0421897241413518
limit_up_down_breadth_top,top,limit_up_down_breadth_v1_20120705_20260814,onset,limit_up_down_breadth_top::top::limit_up_down_breadth_v1_20120705_20260814::000019,2018-04-03,cni2000,国证2000,5,True,5,True,2018-04-12,7165.08,-0.0021074433223355893,0.005875719461611029,-0.01876461951576258
limit_up_down_breadth_top,top,limit_up_down_breadth_v1_20120705_20260814,onset,limit_up_down_breadth_top::top::limit_up_down_breadth_v1_20120705_20260814::000019,2018-04-03,cni2000,国证2000,10,True,10,True,2018-04-19,7165.08,-0.016816281185974113,0.005875719461611029,-0.04338821059918385
limit_up_down_breadth_top,top,limit_up_down_breadth_v1_20120705_20260814,onset,limit_up_down_breadth_top::top::limit_up_down_breadth_v1_20120705_20260814::000019,2018-04-03,cni2000,国证2000,20,True,20,True,2018-05-07,7165.08,-0.013367610689622444,0.005875719461611029,-0.05492611387451363
limit_up_down_breadth_top,top,limit_up_down_breadth_v1_20120705_20260814,onset,limit_up_down_breadth_top::top::limit_up_down_breadth_v1_20120705_20260814::000019,2018-04-03,csi1000,中证1000,5,True,5,True,2018-04-12,6769.56,-0.006192426095639858,0.0050933886397341865,-0.02095852610804838
limit_up_down_breadth_top,top,limit_up_down_breadth_v1_20120705_20260814,onset,limit_up_down_breadth_top::top::limit_up_down_breadth_v1_20120705_20260814::000019,2018-04-03,csi1000,中证1000,10,True,10,True,2018-04-19,6769.56,-0.01365967655209499,0.0050933886397341865,-0.04231737365500865
limit_up_down_breadth_top,top,limit_up_down_breadth_v1_20120705_20260814,onset,limit_up_down_breadth_top::top::limit_up_down_breadth_v1_20120705_20260814::000019,2018-04-03,csi1000,中证1000,20,True,20,True,2018-05-07,6769.56,-0.018166616441836814,0.0050933886397341865,-0.05560774998670526
limit_up_down_breadth_top,top,limit_up_down_breadth_v1_20120705_20260814,onset,limit_up_down_breadth_top::top::limit_up_down_breadth_v1_20120705_20260814::000019,2018-04-03,csi300,沪深300,5,True,5,True,2018-04-12,3862.48,0.009361860773389186,0.024914044862368145,-0.009079658664899237
limit_up_down_breadth_top,top,limit_up_down_breadth_v1_20120705_20260814,onset,limit_up_down_breadth_top::top::limit_up_down_breadth_v1_20120705_20260814::000019,2018-04-03,csi300,沪深300,10,True,10,True,2018-04-19,3862.48,-0.013110747499016195,0.024914044862368145,-0.03996654998860838
limit_up_down_breadth_top,top,limit_up_down_breadth_v1_20120705_20260814,onset,limit_up_down_breadth_top::top::limit_up_down_breadth_v1_20120705_20260814::000019,2018-04-03,csi300,沪深300,20,True,20,True,2018-05-07,3862.48,-0.007324309769888737,0.024914044862368145,-0.03996654998860838
limit_up_down_breadth_top,top,limit_up_down_breadth_v1_20120705_20260814,onset,limit_up_down_breadth_top::top::limit_up_down_breadth_v1_20120705_20260814::000019,2018-04-03,csi500,中证500,5,True,5,True,2018-04-12,6059.71,-0.0013829044624248388,0.008328781410331665,-0.017355616027829757
limit_up_down_breadth_top,top,limit_up_down_breadth_v1_20120705_20260814,onset,limit_up_down_breadth_top::top::limit_up_down_breadth_v1_20120705_20260814::000019,2018-04-03,csi500,中证500,10,True,10,True,2018-04-19,6059.71,-0.00907304144917831,0.008328781410331665,-0.038460586397699004
limit_up_down_breadth_top,top,limit_up_down_breadth_v1_20120705_20260814,onset,limit_up_down_breadth_top::top::limit_up_down_breadth_v1_20120705_20260814::000019,2018-04-03,csi500,中证500,20,True,20,True,2018-05-07,6059.71,-0.006695039861643548,0.008328781410331665,-0.04913436451579367
limit_up_down_breadth_top,top,limit_up_down_breadth_v1_20120705_20260814,onset,limit_up_down_breadth_top::top::limit_up_down_breadth_v1_20120705_20260814::000019,2018-04-03,microcap,微盘股,5,True,5,True,2018-04-12,884.5,0.008965517241379173,0.01624646693046916,-0.01685698134539282
limit_up_down_breadth_top,top,limit_up_down_breadth_v1_20120705_20260814,onset,limit_up_down_breadth_top::top::limit_up_down_breadth_v1_20120705_20260814::000019,2018-04-03,microcap,微盘股,10,True,10,True,2018-04-19,884.5,-0.02812888637648392,0.01624646693046916,-0.058485019785189385
limit_up_down_breadth_top,top,limit_up_down_breadth_v1_20120705_20260814,onset,limit_up_down_breadth_top::top::limit_up_down_breadth_v1_20120705_20260814::000019,2018-04-03,microcap,微盘股,20,True,20,True,2018-05-07,884.5,-0.01949123798756358,0.01624646693046916,-0.07156585641605417
limit_up_down_breadth_top,top,limit_up_down_breadth_v1_20120705_20260814,onset,limit_up_down_breadth_top::top::limit_up_down_breadth_v1_20120705_20260814::000019,2018-04-03,sse_composite,上证指数,5,True,5,True,2018-04-12,3136.63,0.01387795181452689,0.026850473278646092,-0.008394359551493147
limit_up_down_breadth_top,top,limit_up_down_breadth_v1_20120705_20260814,onset,limit_up_down_breadth_top::top::limit_up_down_breadth_v1_20120705_20260814::000019,2018-04-03,sse_composite,上证指数,10,True,10,True,2018-04-19,3136.63,-0.006137159945546644,0.026850473278646092,-0.030287282848152297
limit_up_down_breadth_top,top,limit_up_down_breadth_v1_20120705_20260814,onset,limit_up_down_breadth_top::top::limit_up_down_breadth_v1_20120705_20260814::000019,2018-04-03,sse_composite,上证指数,20,True,20,True,2018-05-07,3136.63,3.188135036635842e-06,0.026850473278646092,-0.030287282848152297
limit_up_down_breadth_top,top,limit_up_down_breadth_v1_20120705_20260814,onset,limit_up_down_breadth_top::top::limit_up_down_breadth_v1_20120705_20260814::000020,2018-04-16,all_a,全A,5,True,5,True,2018-04-23,4643.919921875,-0.02298052687338581,0.003544411017934568,-0.03151213763628269
limit_up_down_breadth_top,top,limit_up_down_breadth_v1_20120705_20260814,onset,limit_up_down_breadth_top::top::limit_up_down_breadth_v1_20120705_20260814::000020,2018-04-16,all_a,全A,10,True,10,True,2018-05-02,4643.919921875,-0.021059752608312166,0.003544411017934568,-0.03151213763628269
limit_up_down_breadth_top,top,limit_up_down_breadth_v1_20120705_20260814,onset,limit_up_down_breadth_top::top::limit_up_down_breadth_v1_20120705_20260814::000020,2018-04-16,all_a,全A,20,True,20,True,2018-05-16,4643.919921875,0.008003997161947662,0.015318984374310007,-0.03151213763628269
limit_up_down_breadth_top,top,limit_up_down_breadth_v1_20120705_20260814,onset,limit_up_down_breadth_top::top::limit_up_down_breadth_v1_20120705_20260814::000020,2018-04-16,cni2000,国证2000,5,True,5,True,2018-04-23,7106.37,-0.03725390037388987,0.003270305373910931,-0.04711828964717568
limit_up_down_breadth_top,top,limit_up_down_breadth_v1_20120705_20260814,onset,limit_up_down_breadth_top::top::limit_up_down_breadth_v1_20120705_20260814::000020,2018-04-16,cni2000,国证2000,10,True,10,True,2018-05-02,7106.37,-0.030849786881347208,0.003270305373910931,-0.04711828964717568
limit_up_down_breadth_top,top,limit_up_down_breadth_v1_20120705_20260814,onset,limit_up_down_breadth_top::top::limit_up_down_breadth_v1_20120705_20260814::000020,2018-04-16,cni2000,国证2000,20,True,20,True,2018-05-16,7106.37,-0.003919019133537871,0.007673397247821345,-0.04711828964717568
limit_up_down_breadth_top,top,limit_up_down_breadth_v1_20120705_20260814,onset,limit_up_down_breadth_top::top::limit_up_down_breadth_v1_20120705_20260814::000020,2018-04-16,csi1000,中证1000,5,True,5,True,2018-04-23,6717.93,-0.03742373022642387,0.003161688198596746,-0.048156202877969845
limit_up_down_breadth_top,top,limit_up_down_breadth_v1_20120705_20260814,onset,limit_up_down_breadth_top::top::limit_up_down_breadth_v1_20120705_20260814::000020,2018-04-16,csi1000,中证1000,10,True,10,True,2018-05-02,6717.93,-0.0344034546355797,0.003161688198596746,-0.048156202877969845
limit_up_down_breadth_top,top,limit_up_down_breadth_v1_20120705_20260814,onset,limit_up_down_breadth_top::top::limit_up_down_breadth_v1_20120705_20260814::000020,2018-04-16,csi1000,中证1000,20,True,20,True,2018-05-16,6717.93,-0.014184428834477236,0.003161688198596746,-0.04834971486752626
limit_up_down_breadth_top,top,limit_up_down_breadth_v1_20120705_20260814,onset,limit_up_down_breadth_top::top::limit_up_down_breadth_v1_20120705_20260814::000020,2018-04-16,csi300,沪深300,5,True,5,True,2018-04-23,3808.86,-0.011166070687817387,0.003982819006211891,-0.026451484171116868
limit_up_down_breadth_top,top,limit_up_down_breadth_v1_20120705_20260814,onset,limit_up_down_breadth_top::top::limit_up_down_breadth_v1_20120705_20260814::000020,2018-04-16,csi300,沪深300,10,True,10,True,2018-05-02,3808.86,-0.011869693294056516,0.011964209763551281,-0.026451484171116868
limit_up_down_breadth_top,top,limit_up_down_breadth_v1_20120705_20260814,onset,limit_up_down_breadth_top::top::limit_up_down_breadth_v1_20120705_20260814::000020,2018-04-16,csi300,沪深300,20,True,20,True,2018-05-16,3808.86,0.022048591967150255,0.030318783047946107,-0.026451484171116868
limit_up_down_breadth_top,top,limit_up_down_breadth_v1_20120705_20260814,onset,limit_up_down_breadth_top::top::limit_up_down_breadth_v1_20120705_20260814::000020,2018-04-16,csi500,中证500,5,True,5,True,2018-04-23,6012.41,-0.03135015742439384,0.00491982416368808,-0.04165384596193533
limit_up_down_breadth_top,top,limit_up_down_breadth_v1_20120705_20260814,onset,limit_up_down_breadth_top::top::limit_up_down_breadth_v1_20120705_20260814::000020,2018-04-16,csi500,中证500,10,True,10,True,2018-05-02,6012.41,-0.026127626026834494,0.00491982416368808,-0.04165384596193533
limit_up_down_breadth_top,top,limit_up_down_breadth_v1_20120705_20260814,onset,limit_up_down_breadth_top::top::limit_up_down_breadth_v1_20120705_20260814::000020,2018-04-16,csi500,中证500,20,True,20,True,2018-05-16,6012.41,-0.0013871309508167728,0.006702803035721239,-0.04165384596193533
limit_up_down_breadth_top,top,limit_up_down_breadth_v1_20120705_20260814,onset,limit_up_down_breadth_top::top::limit_up_down_breadth_v1_20120705_20260814::000020,2018-04-16,microcap,微盘股,5,True,5,True,2018-04-23,872.54,-0.04747060306690809,0.0025442959635089135,-0.05883970935429883
limit_up_down_breadth_top,top,limit_up_down_breadth_v1_20120705_20260814,onset,limit_up_down_breadth_top::top::limit_up_down_breadth_v1_20120705_20260814::000020,2018-04-16,microcap,微盘股,10,True,10,True,2018-05-02,872.54,-0.04290920760079764,0.0025442959635089135,-0.05883970935429883
limit_up_down_breadth_top,top,limit_up_down_breadth_v1_20120705_20260814,onset,limit_up_down_breadth_top::top::limit_up_down_breadth_v1_20120705_20260814::000020,2018-04-16,microcap,微盘股,20,True,20,True,2018-05-16,872.54,0.006761867650766806,0.02616498957067881,-0.05883970935429883
limit_up_down_breadth_top,top,limit_up_down_breadth_v1_20120705_20260814,onset,limit_up_down_breadth_top::top::limit_up_down_breadth_v1_20120705_20260814::000020,2018-04-16,sse_composite,上证指数,5,True,5,True,2018-04-23,3110.65,-0.013707745969491869,0.005397585713596831,-0.02218828862134925
limit_up_down_breadth_top,top,limit_up_down_breadth_v1_20120705_20260814,onset,limit_up_down_breadth_top::top::limit_up_down_breadth_v1_20120705_20260814::000020,2018-04-16,sse_composite,上证指数,10,True,10,True,2018-05-02,3110.65,-0.009473904167939251,0.008162281195248644,-0.02218828862134925
limit_up_down_breadth_top,top,limit_up_down_breadth_v1_20120705_20260814,onset,limit_up_down_breadth_top::top::limit_up_down_breadth_v1_20120705_20260814::000020,2018-04-16,sse_composite,上证指数,20,True,20,True,2018-05-16,3110.65,0.018941378811502485,0.026412486136337954,-0.02218828862134925
limit_up_down_breadth_top,top,limit_up_down_breadth_v1_20120705_20260814,onset,limit_up_down_breadth_top::top::limit_up_down_breadth_v1_20120705_20260814::000021,2018-05-03,all_a,全A,5,True,5,True,2018-05-10,4584.60009765625,0.025461322248896856,0.025570383015234066,-0.0039196908042070655
limit_up_down_breadth_top,top,limit_up_down_breadth_v1_20120705_20260814,onset,limit_up_down_breadth_top::top::limit_up_down_breadth_v1_20120705_20260814::000021,2018-05-03,all_a,全A,10,True,10,True,2018-05-17,4584.60009765625,0.015087449374343809,0.028456126632330214,-0.0039196908042070655
limit_up_down_breadth_top,top,limit_up_down_breadth_v1_20120705_20260814,onset,limit_up_down_breadth_top::top::limit_up_down_breadth_v1_20120705_20260814::000021,2018-05-03,all_a,全A,20,True,20,True,2018-05-31,4584.60009765625,-0.011108968000782982,0.032722596592000164,-0.028927303224396517
limit_up_down_breadth_top,top,limit_up_down_breadth_v1_20120705_20260814,onset,limit_up_down_breadth_top::top::limit_up_down_breadth_v1_20120705_20260814::000021,2018-05-03,cni2000,国证2000,5,True,5,True,2018-05-10,6953.26,0.02940922675119295,0.02945237198091255,-0.004353353678706151
limit_up_down_breadth_top,top,limit_up_down_breadth_v1_20120705_20260814,onset,limit_up_down_breadth_top::top::limit_up_down_breadth_v1_20120705_20260814::000021,2018-05-03,cni2000,国证2000,10,True,10,True,2018-05-17,6953.26,0.015023168988359314,0.029862251663248518,-0.004353353678706151
limit_up_down_breadth_top,top,limit_up_down_breadth_v1_20120705_20260814,onset,limit_up_down_breadth_top::top::limit_up_down_breadth_v1_20120705_20260814::000021,2018-05-03,cni2000,国证2000,20,True,20,True,2018-05-31,6953.26,-0.017808912653920594,0.03664468177516733,-0.03535895392952382
limit_up_down_breadth_top,top,limit_up_down_breadth_v1_20120705_20260814,onset,limit_up_down_breadth_top::top::limit_up_down_breadth_v1_20120705_20260814::000021,2018-05-03,csi1000,中证1000,5,True,5,True,2018-05-10,6545.27,0.024130402565516684,0.024200682324793332,-0.005154867560849374
limit_up_down_breadth_top,top,limit_up_down_breadth_v1_20120705_20260814,onset,limit_up_down_breadth_top::top::limit_up_down_breadth_v1_20120705_20260814::000021,2018-05-03,csi1000,中证1000,10,True,10,True,2018-05-17,6545.27,0.007026448106800753,0.024834727979135884,-0.005154867560849374
limit_up_down_breadth_top,top,limit_up_down_breadth_v1_20120705_20260814,onset,limit_up_down_breadth_top::top::limit_up_down_breadth_v1_20120705_20260814::000021,2018-05-03,csi1000,中证1000,20,True,20,True,2018-05-31,6545.27,-0.03515515784681156,0.02741980086382978,-0.04937458653348148
limit_up_down_breadth_top,top,limit_up_down_breadth_v1_20120705_20260814,onset,limit_up_down_breadth_top::top::limit_up_down_breadth_v1_20120705_20260814::000021,2018-05-03,csi300,沪深300,5,True,5,True,2018-05-10,3793.0,0.02638017400474557,0.02675718428684415,-0.005815976799367295
limit_up_down_breadth_top,top,limit_up_down_breadth_v1_20120705_20260814,onset,limit_up_down_breadth_top::top::limit_up_down_breadth_v1_20120705_20260814::000021,2018-05-03,csi300,沪深300,10,True,10,True,2018-05-17,3793.0,0.018731874505668378,0.03462694437121017,-0.005815976799367295
limit_up_down_breadth_top,top,limit_up_down_breadth_v1_20120705_20260814,onset,limit_up_down_breadth_top::top::limit_up_down_breadth_v1_20120705_20260814::000021,2018-05-03,csi300,沪深300,20,True,20,True,2018-05-31,3793.0,0.0024729765357236477,0.038085947798576436,-0.01870023727919845
limit_up_down_breadth_top,top,limit_up_down_breadth_v1_20120705_20260814,onset,limit_up_down_breadth_top::top::limit_up_down_breadth_v1_20120705_20260814::000021,2018-05-03,csi500,中证500,5,True,5,True,2018-05-10,5910.61,0.02198757827026321,0.024041511789815395,-0.004552829572582184
limit_up_down_breadth_top,top,limit_up_down_breadth_v1_20120705_20260814,onset,limit_up_down_breadth_top::top::limit_up_down_breadth_v1_20120705_20260814::000021,2018-05-03,csi500,中证500,10,True,10,True,2018-05-17,5910.61,0.010687560167224719,0.024041511789815395,-0.004552829572582184
limit_up_down_breadth_top,top,limit_up_down_breadth_v1_20120705_20260814,onset,limit_up_down_breadth_top::top::limit_up_down_breadth_v1_20120705_20260814::000021,2018-05-03,csi500,中证500,20,True,20,True,2018-05-31,5910.61,-0.02641690113203199,0.030842840248299197,-0.04033932199891377
limit_up_down_breadth_top,top,limit_up_down_breadth_v1_20120705_20260814,onset,limit_up_down_breadth_top::top::limit_up_down_breadth_v1_20120705_20260814::000021,2018-05-03,microcap,微盘股,5,True,5,True,2018-05-10,847.0,0.057107438016528844,0.057107438016528844,-0.0034120425029515733
limit_up_down_breadth_top,top,limit_up_down_breadth_v1_20120705_20260814,onset,limit_up_down_breadth_top::top::limit_up_down_breadth_v1_20120705_20260814::000021,2018-05-03,microcap,微盘股,10,True,10,True,2018-05-17,847.0,0.040484061393152304,0.057107438016528844,-0.0034120425029515733
limit_up_down_breadth_top,top,limit_up_down_breadth_v1_20120705_20260814,onset,limit_up_down_breadth_top::top::limit_up_down_breadth_v1_20120705_20260814::000021,2018-05-03,microcap,微盘股,20,True,20,True,2018-05-31,847.0,0.0031995277449823334,0.06853600944510041,-0.019515938606847638
limit_up_down_breadth_top,top,limit_up_down_breadth_v1_20120705_20260814,onset,limit_up_down_breadth_top::top::limit_up_down_breadth_v1_20120705_20260814::000021,2018-05-03,sse_composite,上证指数,5,True,5,True,2018-05-10,3100.86,0.023719226279161232,0.02427713602032977,-0.0045406758125164925
limit_up_down_breadth_top,top,limit_up_down_breadth_v1_20120705_20260814,onset,limit_up_down_breadth_top::top::limit_up_down_breadth_v1_20120705_20260814::000021,2018-05-03,sse_composite,上证指数,10,True,10,True,2018-05-17,3100.86,0.0172274788284541,0.029653063988699824,-0.0045406758125164925
limit_up_down_breadth_top,top,limit_up_down_breadth_v1_20120705_20260814,onset,limit_up_down_breadth_top::top::limit_up_down_breadth_v1_20120705_20260814::000021,2018-05-03,sse_composite,上证指数,20,True,20,True,2018-05-31,3100.86,-0.001738227459479047,0.038337751462497405,-0.019304322026792553
limit_up_down_breadth_top,top,limit_up_down_breadth_v1_20120705_20260814,onset,limit_up_down_breadth_top::top::limit_up_down_breadth_v1_20120705_20260814::000022,2018-05-15,all_a,全A,5,True,5,True,2018-05-22,4707.89013671875,0.004110142143150419,0.005677698436561185,-0.016047590486341745
limit_up_down_breadth_top,top,limit_up_down_breadth_v1_20120705_20260814,onset,limit_up_down_breadth_top::top::limit_up_down_breadth_v1_20120705_20260814::000022,2018-05-15,all_a,全A,10,True,10,True,2018-05-29,4707.89013671875,-0.028832498302436282,0.005677698436561185,-0.02911076702912818
limit_up_down_breadth_top,top,limit_up_down_breadth_v1_20120705_20260814,onset,limit_up_down_breadth_top::top::limit_up_down_breadth_v1_20120705_20260814::000022,2018-05-15,all_a,全A,20,True,20,True,2018-06-12,4707.89013671875,-0.04094615930557899,0.005677698436561185,-0.0570170857827913
limit_up_down_breadth_top,top,limit_up_down_breadth_v1_20120705_20260814,onset,limit_up_down_breadth_top::top::limit_up_down_breadth_v1_20120705_20260814::000022,2018-05-15,cni2000,国证2000,5,True,5,True,2018-05-22,7105.28,0.014425891731219664,0.014465299045217206,-0.011891156998738883
limit_up_down_breadth_top,top,limit_up_down_breadth_v1_20120705_20260814,onset,limit_up_down_breadth_top::top::limit_up_down_breadth_v1_20120705_20260814::000022,2018-05-15,cni2000,国证2000,10,True,10,True,2018-05-29,7105.28,-0.021170172041073743,0.014465299045217206,-0.021386912268059777
limit_up_down_breadth_top,top,limit_up_down_breadth_v1_20120705_20260814,onset,limit_up_down_breadth_top::top::limit_up_down_breadth_v1_20120705_20260814::000022,2018-05-15,cni2000,国证2000,20,True,20,True,2018-06-12,7105.28,-0.05625957034768503,0.014465299045217206,-0.07255308728157084
limit_up_down_breadth_top,top,limit_up_down_breadth_v1_20120705_20260814,onset,limit_up_down_breadth_top::top::limit_up_down_breadth_v1_20120705_20260814::000022,2018-05-15,csi1000,中证1000,5,True,5,True,2018-05-22,6661.13,0.009498388411575798,0.009549430802281211,-0.015869679769048184
limit_up_down_breadth_top,top,limit_up_down_breadth_v1_20120705_20260814,onset,limit_up_down_breadth_top::top::limit_up_down_breadth_v1_20120705_20260814::000022,2018-05-15,csi1000,中证1000,10,True,10,True,2018-05-29,6661.13,-0.03368197287847552,0.009549430802281211,-0.03375103023060644
limit_up_down_breadth_top,top,limit_up_down_breadth_v1_20120705_20260814,onset,limit_up_down_breadth_top::top::limit_up_down_breadth_v1_20120705_20260814::000022,2018-05-15,csi1000,中证1000,20,True,20,True,2018-06-12,6661.13,-0.06935459899446494,0.009549430802281211,-0.0862511315647645
limit_up_down_breadth_top,top,limit_up_down_breadth_v1_20120705_20260814,onset,limit_up_down_breadth_top::top::limit_up_down_breadth_v1_20120705_20260814::000022,2018-05-15,csi300,沪深300,5,True,5,True,2018-05-22,3924.1,-0.004559007160877648,0.003404602329196482,-0.020947478402691067
limit_up_down_breadth_top,top,limit_up_down_breadth_v1_20120705_20260814,onset,limit_up_down_breadth_top::top::limit_up_down_breadth_v1_20120705_20260814::000022,2018-05-15,csi300,沪深300,10,True,10,True,2018-05-29,3924.1,-0.03060319563721614,0.003404602329196482,-0.0317983741494865
limit_up_down_breadth_top,top,limit_up_down_breadth_v1_20120705_20260814,onset,limit_up_down_breadth_top::top::limit_up_down_breadth_v1_20120705_20260814::000022,2018-05-15,csi300,沪深300,20,True,20,True,2018-06-12,3924.1,-0.025012104686424896,0.003404602329196482,-0.05148441680894977
limit_up_down_breadth_top,top,limit_up_down_breadth_v1_20120705_20260814,onset,limit_up_down_breadth_top::top::limit_up_down_breadth_v1_20120705_20260814::000022,2018-05-15,csi500,中证500,5,True,5,True,2018-05-22,6020.57,0.012015473617946526,0.012015473617946526,-0.014689639020889933
limit_up_down_breadth_top,top,limit_up_down_breadth_v1_20120705_20260814,onset,limit_up_down_breadth_top::top::limit_up_down_breadth_v1_20120705_20260814::000022,2018-05-15,csi500,中证500,10,True,10,True,2018-05-29,6020.57,-0.03074791921695119,0.012015473617946526,-0.031229601183941025
limit_up_down_breadth_top,top,limit_up_down_breadth_v1_20120705_20260814,onset,limit_up_down_breadth_top::top::limit_up_down_breadth_v1_20120705_20260814::000022,2018-05-15,csi500,中证500,20,True,20,True,2018-06-12,6020.57,-0.054350335599453126,0.012015473617946526,-0.07069928594800823
limit_up_down_breadth_top,top,limit_up_down_breadth_v1_20120705_20260814,onset,limit_up_down_breadth_top::top::limit_up_down_breadth_v1_20120705_20260814::000022,2018-05-15,microcap,微盘股,5,True,5,True,2018-05-22,883.02,0.02494847228828334,0.02494847228828334,-0.0065570428755860055
limit_up_down_breadth_top,top,limit_up_down_breadth_v1_20120705_20260814,onset,limit_up_down_breadth_top::top::limit_up_down_breadth_v1_20120705_20260814::000022,2018-05-15,microcap,微盘股,10,True,10,True,2018-05-29,883.02,-0.007700844827976616,0.02494847228828334,-0.007893365948676179
limit_up_down_breadth_top,top,limit_up_down_breadth_v1_20120705_20260814,onset,limit_up_down_breadth_top::top::limit_up_down_breadth_v1_20120705_20260814::000022,2018-05-15,microcap,微盘股,20,True,20,True,2018-06-12,883.02,-0.0521052750787071,0.02494847228828334,-0.07029285859889911
limit_up_down_breadth_top,top,limit_up_down_breadth_v1_20120705_20260814,onset,limit_up_down_breadth_top::top::limit_up_down_breadth_v1_20120705_20260814::000022,2018-05-15,sse_composite,上证指数,5,True,5,True,2018-05-22,3192.12,0.006964023908875516,0.008652556921418864,-0.014830269538739005
limit_up_down_breadth_top,top,limit_up_down_breadth_v1_20120705_20260814,onset,limit_up_down_breadth_top::top::limit_up_down_breadth_v1_20120705_20260814::000022,2018-05-15,sse_composite,上证指数,10,True,10,True,2018-05-29,3192.12,-0.02244903073819271,0.008652556921418864,-0.02505231632895999
limit_up_down_breadth_top,top,limit_up_down_breadth_v1_20120705_20260814,onset,limit_up_down_breadth_top::top::limit_up_down_breadth_v1_20120705_20260814::000022,2018-05-15,sse_composite,上证指数,20,True,20,True,2018-06-12,3192.12,-0.03518664711852926,0.008652556921418864,-0.04950315151059481
limit_up_down_breadth_top,top,limit_up_down_breadth_v1_20120705_20260814,onset,limit_up_down_breadth_top::top::limit_up_down_breadth_v1_20120705_20260814::000023,2018-11-09,all_a,全A,5,True,5,True,2018-11-16,3584.8798828125,0.04976181700648641,0.05628920512231694,-0.002471453318067418
limit_up_down_breadth_top,top,limit_up_down_breadth_v1_20120705_20260814,onset,limit_up_down_breadth_top::top::limit_up_down_breadth_v1_20120705_20260814::000023,2018-11-09,all_a,全A,10,True,10,True,2018-11-23,3584.8798828125,0.0013361783990213372,0.05747473996279395,-0.002471453318067418
limit_up_down_breadth_top,top,limit_up_down_breadth_v1_20120705_20260814,onset,limit_up_down_breadth_top::top::limit_up_down_breadth_v1_20120705_20260814::000023,2018-11-09,all_a,全A,20,True,20,True,2018-12-07,3584.8798828125,0.013861046163669677,0.05747473996279395,-0.010446640444335853
limit_up_down_breadth_top,top,limit_up_down_breadth_v1_20120705_20260814,onset,limit_up_down_breadth_top::top::limit_up_down_breadth_v1_20120705_20260814::000023,2018-11-09,cni2000,国证2000,5,True,5,True,2018-11-16,5107.88,0.08205361128295885,0.08675027604407304,-0.000906442594579393
limit_up_down_breadth_top,top,limit_up_down_breadth_v1_20120705_20260814,onset,limit_up_down_breadth_top::top::limit_up_down_breadth_v1_20120705_20260814::000023,2018-11-09,cni2000,国证2000,10,True,10,True,2018-11-23,5107.88,0.02112618150778789,0.08675027604407304,-0.000906442594579393
limit_up_down_breadth_top,top,limit_up_down_breadth_v1_20120705_20260814,onset,limit_up_down_breadth_top::top::limit_up_down_breadth_v1_20120705_20260814::000023,2018-11-09,cni2000,国证2000,20,True,20,True,2018-12-07,5107.88,0.034922511883599405,0.08675027604407304,-0.002026280961964777
limit_up_down_breadth_top,top,limit_up_down_breadth_v1_20120705_20260814,onset,limit_up_down_breadth_top::top::limit_up_down_breadth_v1_20120705_20260814::000023,2018-11-09,csi1000,中证1000,5,True,5,True,2018-11-16,4561.21,0.07953591261967752,0.08453458621725374,-0.0010764687440393272
limit_up_down_breadth_top,top,limit_up_down_breadth_v1_20120705_20260814,onset,limit_up_down_breadth_top::top::limit_up_down_breadth_v1_20120705_20260814::000023,2018-11-09,csi1000,中证1000,10,True,10,True,2018-11-23,4561.21,0.01773871406929306,0.08453458621725374,-0.0010764687440393272
limit_up_down_breadth_top,top,limit_up_down_breadth_v1_20120705_20260814,onset,limit_up_down_breadth_top::top::limit_up_down_breadth_v1_20120705_20260814::000023,2018-11-09,csi1000,中证1000,20,True,20,True,2018-12-07,4561.21,0.037422087560099015,0.08453458621725374,-0.0025804556247137622
limit_up_down_breadth_top,top,limit_up_down_breadth_v1_20120705_20260814,onset,limit_up_down_breadth_top::top::limit_up_down_breadth_v1_20120705_20260814::000023,2018-11-09,csi300,沪深300,5,True,5,True,2018-11-16,3167.44,0.028486727451822347,0.036291137322253864,-0.004735685600990025
limit_up_down_breadth_top,top,limit_up_down_breadth_v1_20120705_20260814,onset,limit_up_down_breadth_top::top::limit_up_down_breadth_v1_20120705_20260814::000023,2018-11-09,csi300,沪深300,10,True,10,True,2018-11-23,3167.44,-0.007564468466648155,0.04014598540145986,-0.008855732073851486
limit_up_down_breadth_top,top,limit_up_down_breadth_v1_20120705_20260814,onset,limit_up_down_breadth_top::top::limit_up_down_breadth_v1_20120705_20260814::000023,2018-11-09,csi300,沪深300,20,True,20,True,2018-12-07,3167.44,0.004457858712398677,0.04014598540145986,-0.01299156416538283
limit_up_down_breadth_top,top,limit_up_down_breadth_v1_20120705_20260814,onset,limit_up_down_breadth_top::top::limit_up_down_breadth_v1_20120705_20260814::000023,2018-11-09,csi500,中证500,5,True,5,True,2018-11-16,4368.61,0.06649483474148554,0.07392511576908922,-0.0032367274716670336
limit_up_down_breadth_top,top,limit_up_down_breadth_v1_20120705_20260814,onset,limit_up_down_breadth_top::top::limit_up_down_breadth_v1_20120705_20260814::000023,2018-11-09,csi500,中证500,10,True,10,True,2018-11-23,4368.61,0.0014077704349897413,0.07392511576908922,-0.0032367274716670336
limit_up_down_breadth_top,top,limit_up_down_breadth_v1_20120705_20260814,onset,limit_up_down_breadth_top::top::limit_up_down_breadth_v1_20120705_20260814::000023,2018-11-09,csi500,中证500,20,True,20,True,2018-12-07,4368.61,0.009694159011676584,0.07392511576908922,-0.01757996250523608
limit_up_down_breadth_top,top,limit_up_down_breadth_v1_20120705_20260814,onset,limit_up_down_breadth_top::top::limit_up_down_breadth_v1_20120705_20260814::000023,2018-11-09,microcap,微盘股,5,True,5,True,2018-11-16,735.77,0.09754406947823369,0.10125446810824035,0.001685309267841939
limit_up_down_breadth_top,top,limit_up_down_breadth_v1_20120705_20260814,onset,limit_up_down_breadth_top::top::limit_up_down_breadth_v1_20120705_20260814::000023,2018-11-09,microcap,微盘股,10,True,10,True,2018-11-23,735.77,0.03488862008508109,0.1042445329382824,0.001685309267841939
limit_up_down_breadth_top,top,limit_up_down_breadth_v1_20120705_20260814,onset,limit_up_down_breadth_top::top::limit_up_down_breadth_v1_20120705_20260814::000023,2018-11-09,microcap,微盘股,20,True,20,True,2018-12-07,735.77,0.06143224105359013,0.1042445329382824,0.001685309267841939
limit_up_down_breadth_top,top,limit_up_down_breadth_v1_20120705_20260814,onset,limit_up_down_breadth_top::top::limit_up_down_breadth_v1_20120705_20260814::000023,2018-11-09,sse_composite,上证指数,5,True,5,True,2018-11-16,2598.87,0.030874957192933872,0.037208479069749556,-0.003332217463743792
limit_up_down_breadth_top,top,limit_up_down_breadth_v1_20120705_20260814,onset,limit_up_down_breadth_top::top::limit_up_down_breadth_v1_20120705_20260814::000023,2018-11-09,sse_composite,上证指数,10,True,10,True,2018-11-23,2598.87,-0.007460934944802933,0.04026365304920998,-0.008280521919141748
limit_up_down_breadth_top,top,limit_up_down_breadth_v1_20120705_20260814,onset,limit_up_down_breadth_top::top::limit_up_down_breadth_v1_20120705_20260814::000023,2018-11-09,sse_composite,上证指数,20,True,20,True,2018-12-07,2598.87,0.0027011739717646144,0.04026365304920998,-0.01675728297298429
limit_up_down_breadth_top,top,limit_up_down_breadth_v1_20120705_20260814,onset,limit_up_down_breadth_top::top::limit_up_down_breadth_v1_20120705_20260814::000024,2018-11-21,all_a,全A,5,True,5,True,2018-11-28,3712.110107421875,-0.019810845296713175,0.0038387869938203423,-0.03989107915439616
limit_up_down_breadth_top,top,limit_up_down_breadth_v1_20120705_20260814,onset,limit_up_down_breadth_top::top::limit_up_down_breadth_v1_20120705_20260814::000024,2018-11-21,all_a,全A,10,True,10,True,2018-12-05,3712.110107421875,-0.0007704802225980689,0.004951330181653724,-0.044362955573972296
limit_up_down_breadth_top,top,limit_up_down_breadth_v1_20120705_20260814,onset,limit_up_down_breadth_top::top::limit_up_down_breadth_v1_20120705_20260814::000024,2018-11-21,all_a,全A,20,True,20,True,2018-12-19,3712.110107421875,-0.053425157826773595,0.004951330181653724,-0.05469127090959347
limit_up_down_breadth_top,top,limit_up_down_breadth_v1_20120705_20260814,onset,limit_up_down_breadth_top::top::limit_up_down_breadth_v1_20120705_20260814::000024,2018-11-21,cni2000,国证2000,5,True,5,True,2018-11-28,5443.29,-0.024413544014741162,0.006404215097854271,-0.049514172494943276
limit_up_down_breadth_top,top,limit_up_down_breadth_v1_20120705_20260814,onset,limit_up_down_breadth_top::top::limit_up_down_breadth_v1_20120705_20260814::000024,2018-11-21,cni2000,国证2000,10,True,10,True,2018-12-05,5443.29,-0.0125806267900479,0.006404215097854271,-0.0635204076946112
limit_up_down_breadth_top,top,limit_up_down_breadth_v1_20120705_20260814,onset,limit_up_down_breadth_top::top::limit_up_down_breadth_v1_20120705_20260814::000024,2018-11-21,cni2000,国证2000,20,True,20,True,2018-12-19,5443.29,-0.0676447516116172,0.006404215097854271,-0.06911445100297797
limit_up_down_breadth_top,top,limit_up_down_breadth_v1_20120705_20260814,onset,limit_up_down_breadth_top::top::limit_up_down_breadth_v1_20120705_20260814::000024,2018-11-21,csi1000,中证1000,5,True,5,True,2018-11-28,4847.04,-0.02443965801808945,0.006408034594309164,-0.04939715785304022
limit_up_down_breadth_top,top,limit_up_down_breadth_v1_20120705_20260814,onset,limit_up_down_breadth_top::top::limit_up_down_breadth_v1_20120705_20260814::000024,2018-11-21,csi1000,中证1000,10,True,10,True,2018-12-05,4847.04,-0.006199659998679663,0.006408034594309164,-0.06139829669241437
limit_up_down_breadth_top,top,limit_up_down_breadth_v1_20120705_20260814,onset,limit_up_down_breadth_top::top::limit_up_down_breadth_v1_20120705_20260814::000024,2018-11-21,csi1000,中证1000,20,True,20,True,2018-12-19,4847.04,-0.06470753284478781,0.006408034594309164,-0.06642817059483719
limit_up_down_breadth_top,top,limit_up_down_breadth_v1_20120705_20260814,onset,limit_up_down_breadth_top::top::limit_up_down_breadth_v1_20120705_20260814::000024,2018-11-21,csi300,沪深300,5,True,5,True,2018-11-28,3226.49,-0.014740476493031118,0.0027770115512522064,-0.031055419356638247
limit_up_down_breadth_top,top,limit_up_down_breadth_v1_20120705_20260814,onset,limit_up_down_breadth_top::top::limit_up_down_breadth_v1_20120705_20260814::000024,2018-11-21,csi300,沪深300,10,True,10,True,2018-12-05,3226.49,0.007906424628621345,0.014613403419815318,-0.031055419356638247
limit_up_down_breadth_top,top,limit_up_down_breadth_v1_20120705_20260814,onset,limit_up_down_breadth_top::top::limit_up_down_breadth_v1_20120705_20260814::000024,2018-11-21,csi300,沪深300,20,True,20,True,2018-12-19,3226.49,-0.041952710220704126,0.014613403419815318,-0.04330712322058938
limit_up_down_breadth_top,top,limit_up_down_breadth_v1_20120705_20260814,onset,limit_up_down_breadth_top::top::limit_up_down_breadth_v1_20120705_20260814::000024,2018-11-21,csi500,中证500,5,True,5,True,2018-11-28,4554.67,-0.02476798538642766,0.0063012248966445306,-0.04865555572632041
limit_up_down_breadth_top,top,limit_up_down_breadth_v1_20120705_20260814,onset,limit_up_down_breadth_top::top::limit_up_down_breadth_v1_20120705_20260814::000024,2018-11-21,csi500,中证500,10,True,10,True,2018-12-05,4554.67,-0.011410266825038984,0.0063012248966445306,-0.05771219429728158
limit_up_down_breadth_top,top,limit_up_down_breadth_v1_20120705_20260814,onset,limit_up_down_breadth_top::top::limit_up_down_breadth_v1_20120705_20260814::000024,2018-11-21,csi500,中证500,20,True,20,True,2018-12-19,4554.67,-0.0673528488342735,0.0063012248966445306,-0.06795662473900421
limit_up_down_breadth_top,top,limit_up_down_breadth_v1_20120705_20260814,onset,limit_up_down_breadth_top::top::limit_up_down_breadth_v1_20120705_20260814::000024,2018-11-21,microcap,微盘股,5,True,5,True,2018-11-28,800.9,-0.026744911974029173,0.009239605443875698,-0.056024472468472974
limit_up_down_breadth_top,top,limit_up_down_breadth_v1_20120705_20260814,onset,limit_up_down_breadth_top::top::limit_up_down_breadth_v1_20120705_20260814::000024,2018-11-21,microcap,微盘股,10,True,10,True,2018-12-05,800.9,-0.012361093769509224,0.009239605443875698,-0.07146959670370834
limit_up_down_breadth_top,top,limit_up_down_breadth_v1_20120705_20260814,onset,limit_up_down_breadth_top::top::limit_up_down_breadth_v1_20120705_20260814::000024,2018-11-21,microcap,微盘股,20,True,20,True,2018-12-19,800.9,-0.05513796978399299,0.009239605443875698,-0.07146959670370834
limit_up_down_breadth_top,top,limit_up_down_breadth_v1_20120705_20260814,onset,limit_up_down_breadth_top::top::limit_up_down_breadth_v1_20120705_20260814::000024,2018-11-21,sse_composite,上证指数,5,True,5,True,2018-11-28,2651.51,-0.018770436468276697,0.0024476618983144682,-0.03392406590961383
limit_up_down_breadth_top,top,limit_up_down_breadth_v1_20120705_20260814,onset,limit_up_down_breadth_top::top::limit_up_down_breadth_v1_20120705_20260814::000024,2018-11-21,sse_composite,上证指数,10,True,10,True,2018-12-05,2651.51,-0.0006411441027943665,0.005494982104536472,-0.03627744191045856
limit_up_down_breadth_top,top,limit_up_down_breadth_v1_20120705_20260814,onset,limit_up_down_breadth_top::top::limit_up_down_breadth_v1_20120705_20260814::000024,2018-11-21,sse_composite,上证指数,20,True,20,True,2018-12-19,2651.51,-0.03844978898816154,0.005494982104536472,-0.03938510509106141
limit_up_down_breadth_top,top,limit_up_down_breadth_v1_20120705_20260814,onset,limit_up_down_breadth_top::top::limit_up_down_breadth_v1_20120705_20260814::000025,2019-01-11,all_a,全A,5,True,5,True,2019-01-18,3551.330078125,0.013262595275427724,0.013837038939525925,-0.009455634195154605
limit_up_down_breadth_top,top,limit_up_down_breadth_v1_20120705_20260814,onset,limit_up_down_breadth_top::top::limit_up_down_breadth_v1_20120705_20260814::000025,2019-01-11,all_a,全A,10,True,10,True,2019-01-25,3551.330078125,0.013310511411602555,0.022946329527724352,-0.009455634195154605
limit_up_down_breadth_top,top,limit_up_down_breadth_v1_20120705_20260814,onset,limit_up_down_breadth_top::top::limit_up_down_breadth_v1_20120705_20260814::000025,2019-01-11,all_a,全A,20,True,20,True,2019-02-15,3551.330078125,0.05663790415232839,0.07260373946601217,-0.013516062698779807
limit_up_down_breadth_top,top,limit_up_down_breadth_v1_20120705_20260814,onset,limit_up_down_breadth_top::top::limit_up_down_breadth_v1_20120705_20260814::000025,2019-01-11,cni2000,国证2000,5,True,5,True,2019-01-18,5233.33,-0.004094907066819808,0.00871529217534528,-0.013173256798252653
limit_up_down_breadth_top,top,limit_up_down_breadth_v1_20120705_20260814,onset,limit_up_down_breadth_top::top::limit_up_down_breadth_v1_20120705_20260814::000025,2019-01-11,cni2000,国证2000,10,True,10,True,2019-01-25,5233.33,-0.007415928290400053,0.00871529217534528,-0.013173256798252653
limit_up_down_breadth_top,top,limit_up_down_breadth_v1_20120705_20260814,onset,limit_up_down_breadth_top::top::limit_up_down_breadth_v1_20120705_20260814::000025,2019-01-11,cni2000,国证2000,20,True,20,True,2019-02-15,5233.33,0.019144598181272787,0.025595557704176874,-0.07355928252183597
limit_up_down_breadth_top,top,limit_up_down_breadth_v1_20120705_20260814,onset,limit_up_down_breadth_top::top::limit_up_down_breadth_v1_20120705_20260814::000025,2019-01-11,csi1000,中证1000,5,True,5,True,2019-01-18,4621.61,0.0010385991029100428,0.01039031852536243,-0.011353186443685104
limit_up_down_breadth_top,top,limit_up_down_breadth_v1_20120705_20260814,onset,limit_up_down_breadth_top::top::limit_up_down_breadth_v1_20120705_20260814::000025,2019-01-11,csi1000,中证1000,10,True,10,True,2019-01-25,4621.61,-0.0029578436951624987,0.01039031852536243,-0.011353186443685104
limit_up_down_breadth_top,top,limit_up_down_breadth_v1_20120705_20260814,onset,limit_up_down_breadth_top::top::limit_up_down_breadth_v1_20120705_20260814::000025,2019-01-11,csi1000,中证1000,20,True,20,True,2019-02-15,4621.61,0.03286733411084031,0.03985407682604136,-0.06333074404806971
limit_up_down_breadth_top,top,limit_up_down_breadth_v1_20120705_20260814,onset,limit_up_down_breadth_top::top::limit_up_down_breadth_v1_20120705_20260814::000025,2019-01-11,csi300,沪深300,5,True,5,True,2019-01-18,3094.78,0.02371412507512649,0.02485152417942471,-0.009822992264393648
limit_up_down_breadth_top,top,limit_up_down_breadth_v1_20120705_20260814,onset,limit_up_down_breadth_top::top::limit_up_down_breadth_v1_20120705_20260814::000025,2019-01-11,csi300,沪深300,10,True,10,True,2019-01-25,3094.78,0.028981058427416384,0.03502349116900061,-0.009822992264393648
limit_up_down_breadth_top,top,limit_up_down_breadth_v1_20120705_20260814,onset,limit_up_down_breadth_top::top::limit_up_down_breadth_v1_20120705_20260814::000025,2019-01-11,csi300,沪深300,20,True,20,True,2019-02-15,3094.78,0.07881658793193691,0.10360025591479838,-0.009822992264393648
limit_up_down_breadth_top,top,limit_up_down_breadth_v1_20120705_20260814,onset,limit_up_down_breadth_top::top::limit_up_down_breadth_v1_20120705_20260814::000025,2019-01-11,csi500,中证500,5,True,5,True,2019-01-18,4314.88,0.007631730198754072,0.011407037970928569,-0.010021136161376343
limit_up_down_breadth_top,top,limit_up_down_breadth_v1_20120705_20260814,onset,limit_up_down_breadth_top::top::limit_up_down_breadth_v1_20120705_20260814::000025,2019-01-11,csi500,中证500,10,True,10,True,2019-01-25,4314.88,0.0008250519133787826,0.018582208543459044,-0.010021136161376343
limit_up_down_breadth_top,top,limit_up_down_breadth_v1_20120705_20260814,onset,limit_up_down_breadth_top::top::limit_up_down_breadth_v1_20120705_20260814::000025,2019-01-11,csi500,中证500,20,True,20,True,2019-02-15,4314.88,0.04353771136161377,0.05570259196084226,-0.037885178730347135
limit_up_down_breadth_top,top,limit_up_down_breadth_v1_20120705_20260814,onset,limit_up_down_breadth_top::top::limit_up_down_breadth_v1_20120705_20260814::000025,2019-01-11,microcap,微盘股,5,True,5,True,2019-01-18,793.0,-0.0058385876418662885,0.01025220680958383,-0.01305170239596476
limit_up_down_breadth_top,top,limit_up_down_breadth_v1_20120705_20260814,onset,limit_up_down_breadth_top::top::limit_up_down_breadth_v1_20120705_20260814::000025,2019-01-11,microcap,微盘股,10,True,10,True,2019-01-25,793.0,-0.015006305170239598,0.01025220680958383,-0.015006305170239598
limit_up_down_breadth_top,top,limit_up_down_breadth_v1_20120705_20260814,onset,limit_up_down_breadth_top::top::limit_up_down_breadth_v1_20120705_20260814::000025,2019-01-11,microcap,微盘股,20,True,20,True,2019-02-15,793.0,0.0038587641866330014,0.01025220680958383,-0.10142496847414872
limit_up_down_breadth_top,top,limit_up_down_breadth_v1_20120705_20260814,onset,limit_up_down_breadth_top::top::limit_up_down_breadth_v1_20120705_20260814::000025,2019-01-11,sse_composite,上证指数,5,True,5,True,2019-01-18,2553.83,0.016516369531253128,0.017640171820364037,-0.008379571075600167
limit_up_down_breadth_top,top,limit_up_down_breadth_v1_20120705_20260814,onset,limit_up_down_breadth_top::top::limit_up_down_breadth_v1_20120705_20260814::000025,2019-01-11,sse_composite,上证指数,10,True,10,True,2019-01-25,2553.83,0.018752227047219128,0.025510703531558487,-0.008379571075600167
limit_up_down_breadth_top,top,limit_up_down_breadth_v1_20120705_20260814,onset,limit_up_down_breadth_top::top::limit_up_down_breadth_v1_20120705_20260814::000025,2019-01-11,sse_composite,上证指数,20,True,20,True,2019-02-15,2553.83,0.05034007745229707,0.06877121813119902,-0.008379571075600167
limit_up_down_breadth_top,top,limit_up_down_breadth_v1_20120705_20260814,onset,limit_up_down_breadth_top::top::limit_up_down_breadth_v1_20120705_20260814::000026,2019-03-01,all_a,全A,5,True,5,True,2019-03-08,4215.7001953125,0.008072154939786413,0.06023903391271057,0.0064567510262627525
limit_up_down_breadth_top,top,limit_up_down_breadth_v1_20120705_20260814,onset,limit_up_down_breadth_top::top::limit_up_down_breadth_v1_20120705_20260814::000026,2019-03-01,all_a,全A,10,True,10,True,2019-03-15,4215.7001953125,0.03219630765481618,0.06362400411223201,0.0064567510262627525
limit_up_down_breadth_top,top,limit_up_down_breadth_v1_20120705_20260814,onset,limit_up_down_breadth_top::top::limit_up_down_breadth_v1_20120705_20260814::000026,2019-03-01,all_a,全A,20,True,20,True,2019-03-29,4215.7001953125,0.06452546597922515,0.0730174846306717,0.0064567510262627525
limit_up_down_breadth_top,top,limit_up_down_breadth_v1_20120705_20260814,onset,limit_up_down_breadth_top::top::limit_up_down_breadth_v1_20120705_20260814::000026,2019-03-01,cni2000,国证2000,5,True,5,True,2019-03-08,5966.2,0.043912373034762364,0.1004894237538132,0.007911233280815333
limit_up_down_breadth_top,top,limit_up_down_breadth_v1_20120705_20260814,onset,limit_up_down_breadth_top::top::limit_up_down_breadth_v1_20120705_20260814::000026,2019-03-01,cni2000,国证2000,10,True,10,True,2019-03-15,5966.2,0.07656129529683886,0.12452482317052738,0.007911233280815333
limit_up_down_breadth_top,top,limit_up_down_breadth_v1_20120705_20260814,onset,limit_up_down_breadth_top::top::limit_up_down_breadth_v1_20120705_20260814::000026,2019-03-01,cni2000,国证2000,20,True,20,True,2019-03-29,5966.2,0.10789614830210192,0.13353390767993045,0.007911233280815333
limit_up_down_breadth_top,top,limit_up_down_breadth_v1_20120705_20260814,onset,limit_up_down_breadth_top::top::limit_up_down_breadth_v1_20120705_20260814::000026,2019-03-01,csi1000,中证1000,5,True,5,True,2019-03-08,5364.37,0.050136362704287674,0.10518290125401486,0.010047778210675373
limit_up_down_breadth_top,top,limit_up_down_breadth_v1_20120705_20260814,onset,limit_up_down_breadth_top::top::limit_up_down_breadth_v1_20120705_20260814::000026,2019-03-01,csi1000,中证1000,10,True,10,True,2019-03-15,5364.37,0.07694100145963079,0.1271817566648088,0.010047778210675373
limit_up_down_breadth_top,top,limit_up_down_breadth_v1_20120705_20260814,onset,limit_up_down_breadth_top::top::limit_up_down_breadth_v1_20120705_20260814::000026,2019-03-01,csi1000,中证1000,20,True,20,True,2019-03-29,5364.37,0.10193927711921447,0.1271817566648088,0.010047778210675373
limit_up_down_breadth_top,top,limit_up_down_breadth_v1_20120705_20260814,onset,limit_up_down_breadth_top::top::limit_up_down_breadth_v1_20120705_20260814::000026,2019-03-01,csi300,沪深300,5,True,5,True,2019-03-08,3749.71,-0.024569900072272333,0.03650148944851739,-0.024940595406044763
limit_up_down_breadth_top,top,limit_up_down_breadth_v1_20120705_20260814,onset,limit_up_down_breadth_top::top::limit_up_down_breadth_v1_20120705_20260814::000026,2019-03-01,csi300,沪深300,10,True,10,True,2019-03-15,3749.71,-0.0012534302652738027,0.03650148944851739,-0.026375373028847626
limit_up_down_breadth_top,top,limit_up_down_breadth_v1_20120705_20260814,onset,limit_up_down_breadth_top::top::limit_up_down_breadth_v1_20120705_20260814::000026,2019-03-01,csi300,沪深300,20,True,20,True,2019-03-29,3749.71,0.03270386243202816,0.03650148944851739,-0.026375373028847626
limit_up_down_breadth_top,top,limit_up_down_breadth_v1_20120705_20260814,onset,limit_up_down_breadth_top::top::limit_up_down_breadth_v1_20120705_20260814::000026,2019-03-01,csi500,中证500,5,True,5,True,2019-03-08,5067.23,0.03522042614998733,0.08790009531834952,0.00810107297280771
limit_up_down_breadth_top,top,limit_up_down_breadth_v1_20120705_20260814,onset,limit_up_down_breadth_top::top::limit_up_down_breadth_v1_20120705_20260814::000026,2019-03-01,csi500,中证500,10,True,10,True,2019-03-15,5067.23,0.05758175571268742,0.10350033450228224,0.00810107297280771
limit_up_down_breadth_top,top,limit_up_down_breadth_v1_20120705_20260814,onset,limit_up_down_breadth_top::top::limit_up_down_breadth_v1_20120705_20260814::000026,2019-03-01,csi500,中证500,20,True,20,True,2019-03-29,5067.23,0.09481116902133913,0.11198031271523101,0.00810107297280771
limit_up_down_breadth_top,top,limit_up_down_breadth_v1_20120705_20260814,onset,limit_up_down_breadth_top::top::limit_up_down_breadth_v1_20120705_20260814::000026,2019-03-01,microcap,微盘股,5,True,5,True,2019-03-08,894.19,0.03434393137923708,0.0977197239960188,0.0034109081962445664
limit_up_down_breadth_top,top,limit_up_down_breadth_v1_20120705_20260814,onset,limit_up_down_breadth_top::top::limit_up_down_breadth_v1_20120705_20260814::000026,2019-03-01,microcap,微盘股,10,True,10,True,2019-03-15,894.19,0.07949093593084244,0.11904628770171888,0.0034109081962445664
limit_up_down_breadth_top,top,limit_up_down_breadth_v1_20120705_20260814,onset,limit_up_down_breadth_top::top::limit_up_down_breadth_v1_20120705_20260814::000026,2019-03-01,microcap,微盘股,20,True,20,True,2019-03-29,894.19,0.12593520392757673,0.14562900502130427,0.0034109081962445664
limit_up_down_breadth_top,top,limit_up_down_breadth_v1_20120705_20260814,onset,limit_up_down_breadth_top::top::limit_up_down_breadth_v1_20120705_20260814::000026,2019-03-01,sse_composite,上证指数,5,True,5,True,2019-03-08,2994.0,-0.008062792251169015,0.045404141616566474,-0.008156312625250517
limit_up_down_breadth_top,top,limit_up_down_breadth_v1_20120705_20260814,onset,limit_up_down_breadth_top::top::limit_up_down_breadth_v1_20120705_20260814::000026,2019-03-01,sse_composite,上证指数,10,True,10,True,2019-03-15,2994.0,0.00926853707414832,0.045404141616566474,-0.010160320641282583
limit_up_down_breadth_top,top,limit_up_down_breadth_v1_20120705_20260814,onset,limit_up_down_breadth_top::top::limit_up_down_breadth_v1_20120705_20260814::000026,2019-03-01,sse_composite,上证指数,20,True,20,True,2019-03-29,2994.0,0.032317969271877134,0.045404141616566474,-0.010160320641282583
limit_up_down_breadth_top,top,limit_up_down_breadth_v1_20120705_20260814,onset,limit_up_down_breadth_top::top::limit_up_down_breadth_v1_20120705_20260814::000027,2019-03-29,all_a,全A,5,True,5,True,2019-04-08,4487.72021484375,0.05066266442574241,0.06602011065134228,0.007491471682002038
limit_up_down_breadth_top,top,limit_up_down_breadth_v1_20120705_20260814,onset,limit_up_down_breadth_top::top::limit_up_down_breadth_v1_20120705_20260814::000027,2019-03-29,all_a,全A,10,True,10,True,2019-04-15,4487.72021484375,0.025759094560449336,0.06602011065134228,0.007491471682002038
limit_up_down_breadth_top,top,limit_up_down_breadth_v1_20120705_20260814,onset,limit_up_down_breadth_top::top::limit_up_down_breadth_v1_20120705_20260814::000027,2019-03-29,all_a,全A,20,True,20,True,2019-04-29,4487.72021484375,-0.0209215664577741,0.06602011065134228,-0.024480214073756557
limit_up_down_breadth_top,top,limit_up_down_breadth_v1_20120705_20260814,onset,limit_up_down_breadth_top::top::limit_up_down_breadth_v1_20120705_20260814::000027,2019-03-29,cni2000,国证2000,5,True,5,True,2019-04-08,6609.93,0.057598189390810406,0.07018379922328988,0.007363164209000628
limit_up_down_breadth_top,top,limit_up_down_breadth_v1_20120705_20260814,onset,limit_up_down_breadth_top::top::limit_up_down_breadth_v1_20120705_20260814::000027,2019-03-29,cni2000,国证2000,10,True,10,True,2019-04-15,6609.93,0.03544818175079012,0.0714243569901647,0.007363164209000628
limit_up_down_breadth_top,top,limit_up_down_breadth_v1_20120705_20260814,onset,limit_up_down_breadth_top::top::limit_up_down_breadth_v1_20120705_20260814::000027,2019-03-29,cni2000,国证2000,20,True,20,True,2019-04-29,6609.93,-0.047557235855750446,0.07288579455455646,-0.04908070130848585
limit_up_down_breadth_top,top,limit_up_down_breadth_v1_20120705_20260814,onset,limit_up_down_breadth_top::top::limit_up_down_breadth_v1_20120705_20260814::000027,2019-03-29,csi1000,中证1000,5,True,5,True,2019-04-08,5911.21,0.053965262611208153,0.06957458794392335,0.008556623770767713
limit_up_down_breadth_top,top,limit_up_down_breadth_v1_20120705_20260814,onset,limit_up_down_breadth_top::top::limit_up_down_breadth_v1_20120705_20260814::000027,2019-03-29,csi1000,中证1000,10,True,10,True,2019-04-15,5911.21,0.023825917198001756,0.06957458794392335,0.008556623770767713
limit_up_down_breadth_top,top,limit_up_down_breadth_v1_20120705_20260814,onset,limit_up_down_breadth_top::top::limit_up_down_breadth_v1_20120705_20260814::000027,2019-03-29,csi1000,中证1000,20,True,20,True,2019-04-29,5911.21,-0.04884448361672156,0.06957458794392335,-0.05030780500100662
limit_up_down_breadth_top,top,limit_up_down_breadth_v1_20120705_20260814,onset,limit_up_down_breadth_top::top::limit_up_down_breadth_v1_20120705_20260814::000027,2019-03-29,csi300,沪深300,5,True,5,True,2019-04-08,3872.34,0.04774632392816747,0.06462758951951542,0.0074451107082538215
limit_up_down_breadth_top,top,limit_up_down_breadth_v1_20120705_20260814,onset,limit_up_down_breadth_top::top::limit_up_down_breadth_v1_20120705_20260814::000027,2019-03-29,csi300,沪深300,10,True,10,True,2019-04-15,3872.34,0.02664538754344914,0.06462758951951542,0.0074451107082538215
limit_up_down_breadth_top,top,limit_up_down_breadth_v1_20120705_20260814,onset,limit_up_down_breadth_top::top::limit_up_down_breadth_v1_20120705_20260814::000027,2019-03-29,csi300,沪深300,20,True,20,True,2019-04-29,3872.34,0.007228187607493108,0.06552885335481906,0.0008031319563881478
limit_up_down_breadth_top,top,limit_up_down_breadth_v1_20120705_20260814,onset,limit_up_down_breadth_top::top::limit_up_down_breadth_v1_20120705_20260814::000027,2019-03-29,csi500,中证500,5,True,5,True,2019-04-08,5547.66,0.054071446339537754,0.07063158160377525,0.00793307448545888
limit_up_down_breadth_top,top,limit_up_down_breadth_v1_20120705_20260814,onset,limit_up_down_breadth_top::top::limit_up_down_breadth_v1_20120705_20260814::000027,2019-03-29,csi500,中证500,10,True,10,True,2019-04-15,5547.66,0.019525349426605,0.07063158160377525,0.00793307448545888
limit_up_down_breadth_top,top,limit_up_down_breadth_v1_20120705_20260814,onset,limit_up_down_breadth_top::top::limit_up_down_breadth_v1_20120705_20260814::000027,2019-03-29,csi500,中证500,20,True,20,True,2019-04-29,5547.66,-0.05084305815424872,0.07063158160377525,-0.05328552939437525
limit_up_down_breadth_top,top,limit_up_down_breadth_v1_20120705_20260814,onset,limit_up_down_breadth_top::top::limit_up_down_breadth_v1_20120705_20260814::000027,2019-03-29,microcap,微盘股,5,True,5,True,2019-04-08,1006.8,0.061799761620977334,0.07139451728247925,0.003903456495828461
limit_up_down_breadth_top,top,limit_up_down_breadth_v1_20120705_20260814,onset,limit_up_down_breadth_top::top::limit_up_down_breadth_v1_20120705_20260814::000027,2019-03-29,microcap,微盘股,10,True,10,True,2019-04-15,1006.8,0.055492649980135145,0.08557806912991661,0.003903456495828461
limit_up_down_breadth_top,top,limit_up_down_breadth_v1_20120705_20260814,onset,limit_up_down_breadth_top::top::limit_up_down_breadth_v1_20120705_20260814::000027,2019-03-29,microcap,微盘股,20,True,20,True,2019-04-29,1006.8,-0.029400079459674155,0.09620580055621786,-0.03065156932856561
limit_up_down_breadth_top,top,limit_up_down_breadth_v1_20120705_20260814,onset,limit_up_down_breadth_top::top::limit_up_down_breadth_v1_20120705_20260814::000027,2019-03-29,sse_composite,上证指数,5,True,5,True,2019-04-08,3090.76,0.04984211003118966,0.06396161461905803,0.006762090877324489
limit_up_down_breadth_top,top,limit_up_down_breadth_v1_20120705_20260814,onset,limit_up_down_breadth_top::top::limit_up_down_breadth_v1_20120705_20260814::000027,2019-03-29,sse_composite,上证指数,10,True,10,True,2019-04-15,3090.76,0.028158122921223105,0.06396161461905803,0.006762090877324489
limit_up_down_breadth_top,top,limit_up_down_breadth_v1_20120705_20260814,onset,limit_up_down_breadth_top::top::limit_up_down_breadth_v1_20120705_20260814::000027,2019-03-29,sse_composite,上证指数,20,True,20,True,2019-04-29,3090.76,-0.009143382210200834,0.06396161461905803,-0.013177988585331812
limit_up_down_breadth_top,top,limit_up_down_breadth_v1_20120705_20260814,onset,limit_up_down_breadth_top::top::limit_up_down_breadth_v1_20120705_20260814::000028,2019-04-09,all_a,全A,5,True,5,True,2019-04-16,4732.1201171875,-0.004008819382003481,0.00876345602722095,-0.03697078497163764
limit_up_down_breadth_top,top,limit_up_down_breadth_v1_20120705_20260814,onset,limit_up_down_breadth_top::top::limit_up_down_breadth_v1_20120705_20260814::000028,2019-04-09,all_a,全A,10,True,10,True,2019-04-23,4732.1201171875,-0.021457620801656585,0.00876345602722095,-0.03697078497163764
limit_up_down_breadth_top,top,limit_up_down_breadth_v1_20120705_20260814,onset,limit_up_down_breadth_top::top::limit_up_down_breadth_v1_20120705_20260814::000028,2019-04-09,all_a,全A,20,True,20,True,2019-05-10,4732.1201171875,-0.10694996853905869,0.00876345602722095,-0.1432909671706264
limit_up_down_breadth_top,top,limit_up_down_breadth_v1_20120705_20260814,onset,limit_up_down_breadth_top::top::limit_up_down_breadth_v1_20120705_20260814::000028,2019-04-09,cni2000,国证2000,5,True,5,True,2019-04-16,7021.79,-0.005678039360334064,0.00858043319438484,-0.03814839236149181
limit_up_down_breadth_top,top,limit_up_down_breadth_v1_20120705_20260814,onset,limit_up_down_breadth_top::top::limit_up_down_breadth_v1_20120705_20260814::000028,2019-04-09,cni2000,国证2000,10,True,10,True,2019-04-23,7021.79,-0.02333877828872699,0.009956150782065576,-0.03814839236149181
limit_up_down_breadth_top,top,limit_up_down_breadth_v1_20120705_20260814,onset,limit_up_down_breadth_top::top::limit_up_down_breadth_v1_20120705_20260814::000028,2019-04-09,cni2000,国证2000,20,True,20,True,2019-05-10,7021.79,-0.12704595267018814,0.009956150782065576,-0.17334753673920755
limit_up_down_breadth_top,top,limit_up_down_breadth_v1_20120705_20260814,onset,limit_up_down_breadth_top::top::limit_up_down_breadth_v1_20120705_20260814::000028,2019-04-09,csi1000,中证1000,5,True,5,True,2019-04-16,6245.43,-0.010508483803357005,0.0071252099535179525,-0.04270322459782605
limit_up_down_breadth_top,top,limit_up_down_breadth_v1_20120705_20260814,onset,limit_up_down_breadth_top::top::limit_up_down_breadth_v1_20120705_20260814::000028,2019-04-09,csi1000,中证1000,10,True,10,True,2019-04-23,6245.43,-0.02676517069281059,0.0071252099535179525,-0.04270322459782605
limit_up_down_breadth_top,top,limit_up_down_breadth_v1_20120705_20260814,onset,limit_up_down_breadth_top::top::limit_up_down_breadth_v1_20120705_20260814::000028,2019-04-09,csi1000,中证1000,20,True,20,True,2019-05-10,6245.43,-0.1280776503779565,0.0071252099535179525,-0.17277113025043922
limit_up_down_breadth_top,top,limit_up_down_breadth_v1_20120705_20260814,onset,limit_up_down_breadth_top::top::limit_up_down_breadth_v1_20120705_20260814::000028,2019-04-09,csi300,沪深300,5,True,5,True,2019-04-16,4075.43,0.002542063046108156,0.009802646591893449,-0.03237449790574243
limit_up_down_breadth_top,top,limit_up_down_breadth_v1_20120705_20260814,onset,limit_up_down_breadth_top::top::limit_up_down_breadth_v1_20120705_20260814::000028,2019-04-09,csi300,沪深300,10,True,10,True,2019-04-23,4075.43,-0.013843937940290818,0.012430590146315978,-0.03237449790574243
limit_up_down_breadth_top,top,limit_up_down_breadth_v1_20120705_20260814,onset,limit_up_down_breadth_top::top::limit_up_down_breadth_v1_20120705_20260814::000028,2019-04-09,csi300,沪深300,20,True,20,True,2019-05-10,4075.43,-0.08464873645234983,0.012430590146315978,-0.12038238909759214
limit_up_down_breadth_top,top,limit_up_down_breadth_v1_20120705_20260814,onset,limit_up_down_breadth_top::top::limit_up_down_breadth_v1_20120705_20260814::000028,2019-04-09,csi500,中证500,5,True,5,True,2019-04-16,5858.05,-0.013833954985020602,0.008258720905420791,-0.046848353974445534
limit_up_down_breadth_top,top,limit_up_down_breadth_v1_20120705_20260814,onset,limit_up_down_breadth_top::top::limit_up_down_breadth_v1_20120705_20260814::000028,2019-04-09,csi500,中证500,10,True,10,True,2019-04-23,5858.05,-0.03926050477547982,0.008258720905420791,-0.046848353974445534
limit_up_down_breadth_top,top,limit_up_down_breadth_v1_20120705_20260814,onset,limit_up_down_breadth_top::top::limit_up_down_breadth_v1_20120705_20260814::000028,2019-04-09,csi500,中证500,20,True,20,True,2019-05-10,5858.05,-0.13549389301900816,0.008258720905420791,-0.1733494934321147
limit_up_down_breadth_top,top,limit_up_down_breadth_v1_20120705_20260814,onset,limit_up_down_breadth_top::top::limit_up_down_breadth_v1_20120705_20260814::000028,2019-04-09,microcap,微盘股,5,True,5,True,2019-04-16,1083.02,-0.001237280936640106,0.009178039186718667,-0.033609720965448564
limit_up_down_breadth_top,top,limit_up_down_breadth_v1_20120705_20260814,onset,limit_up_down_breadth_top::top::limit_up_down_breadth_v1_20120705_20260814::000028,2019-04-09,microcap,微盘股,10,True,10,True,2019-04-23,1083.02,-0.013693191261472504,0.019057819800188502,-0.033609720965448564
limit_up_down_breadth_top,top,limit_up_down_breadth_v1_20120705_20260814,onset,limit_up_down_breadth_top::top::limit_up_down_breadth_v1_20120705_20260814::000028,2019-04-09,microcap,微盘股,20,True,20,True,2019-05-10,1083.02,-0.09634171114106849,0.019057819800188502,-0.15485401931635612
limit_up_down_breadth_top,top,limit_up_down_breadth_v1_20120705_20260814,onset,limit_up_down_breadth_top::top::limit_up_down_breadth_v1_20120705_20260814::000028,2019-04-09,sse_composite,上证指数,5,True,5,True,2019-04-16,3239.66,0.004302920676861222,0.007753900100627931,-0.026684899032614506
limit_up_down_breadth_top,top,limit_up_down_breadth_v1_20120705_20260814,onset,limit_up_down_breadth_top::top::limit_up_down_breadth_v1_20120705_20260814::000028,2019-04-09,sse_composite,上证指数,10,True,10,True,2019-04-23,3239.66,-0.01267725625528593,0.012294500040127554,-0.026684899032614506
limit_up_down_breadth_top,top,limit_up_down_breadth_v1_20120705_20260814,onset,limit_up_down_breadth_top::top::limit_up_down_breadth_v1_20120705_20260814::000028,2019-04-09,sse_composite,上证指数,20,True,20,True,2019-05-10,3239.66,-0.09274121358414145,0.012294500040127554,-0.12386485001512493
limit_up_down_breadth_top,top,limit_up_down_breadth_v1_20120705_20260814,onset,limit_up_down_breadth_top::top::limit_up_down_breadth_v1_20120705_20260814::000029,2019-04-24,all_a,全A,5,True,5,True,2019-05-06,4661.4501953125,-0.1145137823215473,-0.002497106314780617,-0.12190202846024523
limit_up_down_breadth_top,top,limit_up_down_breadth_v1_20120705_20260814,onset,limit_up_down_breadth_top::top::limit_up_down_breadth_v1_20120705_20260814::000029,2019-04-24,all_a,全A,10,True,10,True,2019-05-13,4661.4501953125,-0.1046562930452043,-0.002497106314780617,-0.130302828740972
limit_up_down_breadth_top,top,limit_up_down_breadth_v1_20120705_20260814,onset,limit_up_down_breadth_top::top::limit_up_down_breadth_v1_20120705_20260814::000029,2019-04-24,all_a,全A,20,True,20,True,2019-05-27,4661.4501953125,-0.11258305269387692,-0.002497106314780617,-0.13453541294590254
limit_up_down_breadth_top,top,limit_up_down_breadth_v1_20120705_20260814,onset,limit_up_down_breadth_top::top::limit_up_down_breadth_v1_20120705_20260814::000029,2019-04-24,cni2000,国证2000,5,True,5,True,2019-05-06,6930.59,-0.15220204917618851,-0.0019868438329204707,-0.15789131949805135
limit_up_down_breadth_top,top,limit_up_down_breadth_v1_20120705_20260814,onset,limit_up_down_breadth_top::top::limit_up_down_breadth_v1_20120705_20260814::000029,2019-04-24,cni2000,国证2000,10,True,10,True,2019-05-13,6930.59,-0.11902161287855728,-0.0019868438329204707,-0.16246957329751155
limit_up_down_breadth_top,top,limit_up_down_breadth_v1_20120705_20260814,onset,limit_up_down_breadth_top::top::limit_up_down_breadth_v1_20120705_20260814::000029,2019-04-24,cni2000,国证2000,20,True,20,True,2019-05-27,6930.59,-0.12682325747158607,-0.0019868438329204707,-0.16246957329751155
limit_up_down_breadth_top,top,limit_up_down_breadth_v1_20120705_20260814,onset,limit_up_down_breadth_top::top::limit_up_down_breadth_v1_20120705_20260814::000029,2019-04-24,csi1000,中证1000,5,True,5,True,2019-05-06,6153.39,-0.14732692060799013,-0.0021272826848290904,-0.1528263282515817
limit_up_down_breadth_top,top,limit_up_down_breadth_v1_20120705_20260814,onset,limit_up_down_breadth_top::top::limit_up_down_breadth_v1_20120705_20260814::000029,2019-04-24,csi1000,中证1000,10,True,10,True,2019-05-13,6153.39,-0.12152163279103068,-0.0021272826848290904,-0.16039776448429255
limit_up_down_breadth_top,top,limit_up_down_breadth_v1_20120705_20260814,onset,limit_up_down_breadth_top::top::limit_up_down_breadth_v1_20120705_20260814::000029,2019-04-24,csi1000,中证1000,20,True,20,True,2019-05-27,6153.39,-0.12980812202704528,-0.0021272826848290904,-0.16039776448429255
limit_up_down_breadth_top,top,limit_up_down_breadth_v1_20120705_20260814,onset,limit_up_down_breadth_top::top::limit_up_down_breadth_v1_20120705_20260814::000029,2019-04-24,csi300,沪深300,5,True,5,True,2019-05-06,4030.09,-0.08572265135518076,-0.0018684446253062204,-0.0950226918009276
limit_up_down_breadth_top,top,limit_up_down_breadth_v1_20120705_20260814,onset,limit_up_down_breadth_top::top::limit_up_down_breadth_v1_20120705_20260814::000029,2019-04-24,csi300,沪深300,10,True,10,True,2019-05-13,4030.09,-0.08966549134138446,-0.0018684446253062204,-0.1104863663094372
limit_up_down_breadth_top,top,limit_up_down_breadth_v1_20120705_20260814,onset,limit_up_down_breadth_top::top::limit_up_down_breadth_v1_20120705_20260814::000029,2019-04-24,csi300,沪深300,20,True,20,True,2019-05-27,4030.09,-0.09748913795969827,-0.0018684446253062204,-0.11757305668111628
limit_up_down_breadth_top,top,limit_up_down_breadth_v1_20120705_20260814,onset,limit_up_down_breadth_top::top::limit_up_down_breadth_v1_20120705_20260814::000029,2019-04-24,csi500,中证500,5,True,5,True,2019-05-06,5679.73,-0.13573356479973508,-0.0029825361416827567,-0.14174793520114504
limit_up_down_breadth_top,top,limit_up_down_breadth_v1_20120705_20260814,onset,limit_up_down_breadth_top::top::limit_up_down_breadth_v1_20120705_20260814::000029,2019-04-24,csi500,中证500,10,True,10,True,2019-05-13,5679.73,-0.11863768172078604,-0.0029825361416827567,-0.1473960910113684
limit_up_down_breadth_top,top,limit_up_down_breadth_v1_20120705_20260814,onset,limit_up_down_breadth_top::top::limit_up_down_breadth_v1_20120705_20260814::000029,2019-04-24,csi500,中证500,20,True,20,True,2019-05-27,5679.73,-0.12619966089937373,-0.0029825361416827567,-0.150639202919857
limit_up_down_breadth_top,top,limit_up_down_breadth_v1_20120705_20260814,onset,limit_up_down_breadth_top::top::limit_up_down_breadth_v1_20120705_20260814::000029,2019-04-24,microcap,微盘股,5,True,5,True,2019-05-06,1082.79,-0.14913325760304397,0.00022164962735149452,-0.1546744982868331
limit_up_down_breadth_top,top,limit_up_down_breadth_v1_20120705_20260814,onset,limit_up_down_breadth_top::top::limit_up_down_breadth_v1_20120705_20260814::000029,2019-04-24,microcap,微盘股,10,True,10,True,2019-05-13,1082.79,-0.09535551676687082,0.00022164962735149452,-0.1546744982868331
limit_up_down_breadth_top,top,limit_up_down_breadth_v1_20120705_20260814,onset,limit_up_down_breadth_top::top::limit_up_down_breadth_v1_20120705_20260814::000029,2019-04-24,microcap,微盘股,20,True,20,True,2019-05-27,1082.79,-0.09356384894577896,0.00022164962735149452,-0.1546744982868331
limit_up_down_breadth_top,top,limit_up_down_breadth_v1_20120705_20260814,onset,limit_up_down_breadth_top::top::limit_up_down_breadth_v1_20120705_20260814::000029,2019-04-24,sse_composite,上证指数,5,True,5,True,2019-05-06,3201.61,-0.09218799291606417,-0.002455014820668344,-0.10155515506260926
limit_up_down_breadth_top,top,limit_up_down_breadth_v1_20120705_20260814,onset,limit_up_down_breadth_top::top::limit_up_down_breadth_v1_20120705_20260814::000029,2019-04-24,sse_composite,上证指数,10,True,10,True,2019-05-13,3201.61,-0.09304693576044554,-0.002455014820668344,-0.11345229431442305
limit_up_down_breadth_top,top,limit_up_down_breadth_v1_20120705_20260814,onset,limit_up_down_breadth_top::top::limit_up_down_breadth_v1_20120705_20260814::000029,2019-04-24,sse_composite,上证指数,20,True,20,True,2019-05-27,3201.61,-0.09658578027929698,-0.002455014820668344,-0.11512020514678556
limit_up_down_breadth_top,top,limit_up_down_breadth_v1_20120705_20260814,onset,limit_up_down_breadth_top::top::limit_up_down_breadth_v1_20120705_20260814::000030,2020-04-14,all_a,全A,5,True,5,True,2020-04-21,4378.06982421875,0.0023389837956335757,0.011361224551478255,-0.01260599844729482
limit_up_down_breadth_top,top,limit_up_down_breadth_v1_20120705_20260814,onset,limit_up_down_breadth_top::top::limit_up_down_breadth_v1_20120705_20260814::000030,2020-04-14,all_a,全A,10,True,10,True,2020-04-28,4378.06982421875,-0.007306814961421604,0.01452931408508329,-0.03140876485439292
limit_up_down_breadth_top,top,limit_up_down_breadth_v1_20120705_20260814,onset,limit_up_down_breadth_top::top::limit_up_down_breadth_v1_20120705_20260814::000030,2020-04-14,all_a,全A,20,True,20,True,2020-05-15,4378.06982421875,0.025892769214280076,0.03947408776899519,-0.03140876485439292
limit_up_down_breadth_top,top,limit_up_down_breadth_v1_20120705_20260814,onset,limit_up_down_breadth_top::top::limit_up_down_breadth_v1_20120705_20260814::000030,2020-04-14,cni2000,国证2000,5,True,5,True,2020-04-21,6311.16,0.010898155014292144,0.01435076911376032,-0.014391965977728294
limit_up_down_breadth_top,top,limit_up_down_breadth_v1_20120705_20260814,onset,limit_up_down_breadth_top::top::limit_up_down_breadth_v1_20120705_20260814::000030,2020-04-14,cni2000,国证2000,10,True,10,True,2020-04-28,6311.16,-0.03397156782588295,0.02362481699085439,-0.061660613896652894
limit_up_down_breadth_top,top,limit_up_down_breadth_v1_20120705_20260814,onset,limit_up_down_breadth_top::top::limit_up_down_breadth_v1_20120705_20260814::000030,2020-04-14,cni2000,国证2000,20,True,20,True,2020-05-15,6311.16,0.01608579088471851,0.02362481699085439,-0.061660613896652894
limit_up_down_breadth_top,top,limit_up_down_breadth_v1_20120705_20260814,onset,limit_up_down_breadth_top::top::limit_up_down_breadth_v1_20120705_20260814::000030,2020-04-14,csi1000,中证1000,5,True,5,True,2020-04-21,5692.0,0.014232255797610671,0.01957132817990148,-0.013167603654251514
limit_up_down_breadth_top,top,limit_up_down_breadth_v1_20120705_20260814,onset,limit_up_down_breadth_top::top::limit_up_down_breadth_v1_20120705_20260814::000030,2020-04-14,csi1000,中证1000,10,True,10,True,2020-04-28,5692.0,-0.02297962052002811,0.027122276879831375,-0.05207835558678853
limit_up_down_breadth_top,top,limit_up_down_breadth_v1_20120705_20260814,onset,limit_up_down_breadth_top::top::limit_up_down_breadth_v1_20120705_20260814::000030,2020-04-14,csi1000,中证1000,20,True,20,True,2020-05-15,5692.0,0.03478215038650734,0.040894237526352795,-0.05207835558678853
limit_up_down_breadth_top,top,limit_up_down_breadth_v1_20120705_20260814,onset,limit_up_down_breadth_top::top::limit_up_down_breadth_v1_20120705_20260814::000030,2020-04-14,csi300,沪深300,5,True,5,True,2020-04-21,3825.7,-0.004613534777949013,0.009867475233290568,-0.013367488302794217
limit_up_down_breadth_top,top,limit_up_down_breadth_v1_20120705_20260814,onset,limit_up_down_breadth_top::top::limit_up_down_breadth_v1_20120705_20260814::000030,2020-04-14,csi300,沪深300,10,True,10,True,2020-04-28,3825.7,0.0061295971978985175,0.009867475233290568,-0.015029929163290379
limit_up_down_breadth_top,top,limit_up_down_breadth_v1_20120705_20260814,onset,limit_up_down_breadth_top::top::limit_up_down_breadth_v1_20120705_20260814::000030,2020-04-14,csi300,沪深300,20,True,20,True,2020-05-15,3825.7,0.022772303107928105,0.04506364848263056,-0.015029929163290379
limit_up_down_breadth_top,top,limit_up_down_breadth_v1_20120705_20260814,onset,limit_up_down_breadth_top::top::limit_up_down_breadth_v1_20120705_20260814::000030,2020-04-14,csi500,中证500,5,True,5,True,2020-04-21,5288.59,0.010454582412325442,0.01762284465235542,-0.009484569611181826
limit_up_down_breadth_top,top,limit_up_down_breadth_v1_20120705_20260814,onset,limit_up_down_breadth_top::top::limit_up_down_breadth_v1_20120705_20260814::000030,2020-04-14,csi500,中证500,10,True,10,True,2020-04-28,5288.59,-0.01148510283459292,0.02248236297387396,-0.035270270525792236
limit_up_down_breadth_top,top,limit_up_down_breadth_v1_20120705_20260814,onset,limit_up_down_breadth_top::top::limit_up_down_breadth_v1_20120705_20260814::000030,2020-04-14,csi500,中证500,20,True,20,True,2020-05-15,5288.59,0.04147419255415907,0.04903953605781486,-0.035270270525792236
limit_up_down_breadth_top,top,limit_up_down_breadth_v1_20120705_20260814,onset,limit_up_down_breadth_top::top::limit_up_down_breadth_v1_20120705_20260814::000030,2020-04-14,microcap,微盘股,5,True,5,True,2020-04-21,1086.35,-0.010733189119528586,-0.0013807704699222434,-0.02117181387214062
limit_up_down_breadth_top,top,limit_up_down_breadth_v1_20120705_20260814,onset,limit_up_down_breadth_top::top::limit_up_down_breadth_v1_20120705_20260814::000030,2020-04-14,microcap,微盘股,10,True,10,True,2020-04-28,1086.35,-0.062042619781838115,0.001592488608643583,-0.08461361439683335
limit_up_down_breadth_top,top,limit_up_down_breadth_v1_20120705_20260814,onset,limit_up_down_breadth_top::top::limit_up_down_breadth_v1_20120705_20260814::000030,2020-04-14,microcap,微盘股,20,True,20,True,2020-05-15,1086.35,-0.028839692548441986,0.001592488608643583,-0.08461361439683335
limit_up_down_breadth_top,top,limit_up_down_breadth_v1_20120705_20260814,onset,limit_up_down_breadth_top::top::limit_up_down_breadth_v1_20120705_20260814::000030,2020-04-14,sse_composite,上证指数,5,True,5,True,2020-04-21,2827.28,-9.549814662856981e-05,0.009790328513624269,-0.010766531790271983
limit_up_down_breadth_top,top,limit_up_down_breadth_v1_20120705_20260814,onset,limit_up_down_breadth_top::top::limit_up_down_breadth_v1_20120705_20260814::000030,2020-04-14,sse_composite,上证指数,10,True,10,True,2020-04-28,2827.28,-0.0061048074474406855,0.009790328513624269,-0.024415692821369017
limit_up_down_breadth_top,top,limit_up_down_breadth_v1_20120705_20260814,onset,limit_up_down_breadth_top::top::limit_up_down_breadth_v1_20120705_20260814::000030,2020-04-14,sse_composite,上证指数,20,True,20,True,2020-05-15,2827.28,0.014565235845052538,0.03077162502475872,-0.024415692821369017
limit_up_down_breadth_top,top,limit_up_down_breadth_v1_20120705_20260814,onset,limit_up_down_breadth_top::top::limit_up_down_breadth_v1_20120705_20260814::000031,2020-07-14,all_a,全A,5,True,5,True,2020-07-21,5550.2001953125,-0.029589920127106928,0.005156503891593056,-0.07437750784960773
limit_up_down_breadth_top,top,limit_up_down_breadth_v1_20120705_20260814,onset,limit_up_down_breadth_top::top::limit_up_down_breadth_v1_20120705_20260814::000031,2020-07-14,all_a,全A,10,True,10,True,2020-07-28,5550.2001953125,-0.05666822969681029,0.005156503891593056,-0.07560450117491191
limit_up_down_breadth_top,top,limit_up_down_breadth_v1_20120705_20260814,onset,limit_up_down_breadth_top::top::limit_up_down_breadth_v1_20120705_20260814::000031,2020-07-14,all_a,全A,20,True,20,True,2020-08-11,5550.2001953125,-0.024391979807879216,0.005156503891593056,-0.07560450117491191
limit_up_down_breadth_top,top,limit_up_down_breadth_v1_20120705_20260814,onset,limit_up_down_breadth_top::top::limit_up_down_breadth_v1_20120705_20260814::000031,2020-07-14,cni2000,国证2000,5,True,5,True,2020-07-21,7909.14,-0.03416174198458999,0.0033454964762287265,-0.0850218860710521
limit_up_down_breadth_top,top,limit_up_down_breadth_v1_20120705_20260814,onset,limit_up_down_breadth_top::top::limit_up_down_breadth_v1_20120705_20260814::000031,2020-07-14,cni2000,国证2000,10,True,10,True,2020-07-28,7909.14,-0.06215214296371041,0.0033454964762287265,-0.0850218860710521
limit_up_down_breadth_top,top,limit_up_down_breadth_v1_20120705_20260814,onset,limit_up_down_breadth_top::top::limit_up_down_breadth_v1_20120705_20260814::000031,2020-07-14,cni2000,国证2000,20,True,20,True,2020-08-11,7909.14,-0.014470599837656306,0.014522438596358045,-0.0850218860710521
limit_up_down_breadth_top,top,limit_up_down_breadth_v1_20120705_20260814,onset,limit_up_down_breadth_top::top::limit_up_down_breadth_v1_20120705_20260814::000031,2020-07-14,csi1000,中证1000,5,True,5,True,2020-07-21,7344.99,-0.03896533555525605,0.0031327476279749966,-0.08911380410320502
limit_up_down_breadth_top,top,limit_up_down_breadth_v1_20120705_20260814,onset,limit_up_down_breadth_top::top::limit_up_down_breadth_v1_20120705_20260814::000031,2020-07-14,csi1000,中证1000,10,True,10,True,2020-07-28,7344.99,-0.06631050552825801,0.0031327476279749966,-0.08911380410320502
limit_up_down_breadth_top,top,limit_up_down_breadth_v1_20120705_20260814,onset,limit_up_down_breadth_top::top::limit_up_down_breadth_v1_20120705_20260814::000031,2020-07-14,csi1000,中证1000,20,True,20,True,2020-08-11,7344.99,-0.017908805866311606,0.01527163413428756,-0.08911380410320502
limit_up_down_breadth_top,top,limit_up_down_breadth_v1_20120705_20260814,onset,limit_up_down_breadth_top::top::limit_up_down_breadth_v1_20120705_20260814::000031,2020-07-14,csi300,沪深300,5,True,5,True,2020-07-21,4806.69,-0.024060216073847007,0.00640565545104832,-0.06675487705676875
limit_up_down_breadth_top,top,limit_up_down_breadth_v1_20120705_20260814,onset,limit_up_down_breadth_top::top::limit_up_down_breadth_v1_20120705_20260814::000031,2020-07-14,csi300,沪深300,10,True,10,True,2020-07-28,4806.69,-0.04960378139634536,0.00640565545104832,-0.06809259594440231
limit_up_down_breadth_top,top,limit_up_down_breadth_v1_20120705_20260814,onset,limit_up_down_breadth_top::top::limit_up_down_breadth_v1_20120705_20260814::000031,2020-07-14,csi300,沪深300,20,True,20,True,2020-08-11,4806.69,-0.025986697706737893,0.00640565545104832,-0.06809259594440231
limit_up_down_breadth_top,top,limit_up_down_breadth_v1_20120705_20260814,onset,limit_up_down_breadth_top::top::limit_up_down_breadth_v1_20120705_20260814::000031,2020-07-14,csi500,中证500,5,True,5,True,2020-07-21,6807.73,-0.035901835119782954,0.0044684498357014935,-0.07855628821942118
limit_up_down_breadth_top,top,limit_up_down_breadth_v1_20120705_20260814,onset,limit_up_down_breadth_top::top::limit_up_down_breadth_v1_20120705_20260814::000031,2020-07-14,csi500,中证500,10,True,10,True,2020-07-28,6807.73,-0.06581782767530431,0.0044684498357014935,-0.0849416765941069
limit_up_down_breadth_top,top,limit_up_down_breadth_v1_20120705_20260814,onset,limit_up_down_breadth_top::top::limit_up_down_breadth_v1_20120705_20260814::000031,2020-07-14,csi500,中证500,20,True,20,True,2020-08-11,6807.73,-0.03038898428697956,0.0044684498357014935,-0.0849416765941069
limit_up_down_breadth_top,top,limit_up_down_breadth_v1_20120705_20260814,onset,limit_up_down_breadth_top::top::limit_up_down_breadth_v1_20120705_20260814::000031,2020-07-14,microcap,微盘股,5,True,5,True,2020-07-21,1280.0,-0.013960937499999937,0.006460937499999986,-0.063453125
limit_up_down_breadth_top,top,limit_up_down_breadth_v1_20120705_20260814,onset,limit_up_down_breadth_top::top::limit_up_down_breadth_v1_20120705_20260814::000031,2020-07-14,microcap,微盘股,10,True,10,True,2020-07-28,1280.0,-0.03225781249999993,0.006460937499999986,-0.063453125
limit_up_down_breadth_top,top,limit_up_down_breadth_v1_20120705_20260814,onset,limit_up_down_breadth_top::top::limit_up_down_breadth_v1_20120705_20260814::000031,2020-07-14,microcap,微盘股,20,True,20,True,2020-08-11,1280.0,0.010664062500000071,0.034601562500000016,-0.063453125
limit_up_down_breadth_top,top,limit_up_down_breadth_v1_20120705_20260814,onset,limit_up_down_breadth_top::top::limit_up_down_breadth_v1_20120705_20260814::000031,2020-07-14,sse_composite,上证指数,5,True,5,True,2020-07-21,3414.62,-0.027449613719828236,0.00522166448975292,-0.06833849740234632
limit_up_down_breadth_top,top,limit_up_down_breadth_v1_20120705_20260814,onset,limit_up_down_breadth_top::top::limit_up_down_breadth_v1_20120705_20260814::000031,2020-07-14,sse_composite,上证指数,10,True,10,True,2020-07-28,3414.62,-0.054664940754754476,0.00522166448975292,-0.07027429113634898
limit_up_down_breadth_top,top,limit_up_down_breadth_v1_20120705_20260814,onset,limit_up_down_breadth_top::top::limit_up_down_breadth_v1_20120705_20260814::000031,2020-07-14,sse_composite,上证指数,20,True,20,True,2020-08-11,3414.62,-0.021768161610955183,0.00522166448975292,-0.07027429113634898
limit_up_down_breadth_top,top,limit_up_down_breadth_v1_20120705_20260814,onset,limit_up_down_breadth_top::top::limit_up_down_breadth_v1_20120705_20260814::000032,2020-08-10,all_a,全A,5,True,5,True,2020-08-17,5491.6298828125,0.01017004037927749,0.012595517788168031,-0.04264302083301841
limit_up_down_breadth_top,top,limit_up_down_breadth_v1_20120705_20260814,onset,limit_up_down_breadth_top::top::limit_up_down_breadth_v1_20120705_20260814::000032,2020-08-10,all_a,全A,10,True,10,True,2020-08-24,5491.6298828125,-0.00015657706356742018,0.016559736061396046,-0.04264302083301841
limit_up_down_breadth_top,top,limit_up_down_breadth_v1_20120705_20260814,onset,limit_up_down_breadth_top::top::limit_up_down_breadth_v1_20120705_20260814::000032,2020-08-10,all_a,全A,20,True,20,True,2020-09-07,5491.6298828125,-0.021079309439134053,0.02123962087900466,-0.04264302083301841
limit_up_down_breadth_top,top,limit_up_down_breadth_v1_20120705_20260814,onset,limit_up_down_breadth_top::top::limit_up_down_breadth_v1_20120705_20260814::000032,2020-08-10,cni2000,国证2000,5,True,5,True,2020-08-17,7950.17,0.002949622460903356,0.002949622460903356,-0.05309571996573659
limit_up_down_breadth_top,top,limit_up_down_breadth_v1_20120705_20260814,onset,limit_up_down_breadth_top::top::limit_up_down_breadth_v1_20120705_20260814::000032,2020-08-10,cni2000,国证2000,10,True,10,True,2020-08-24,7950.17,-0.002778556936518406,0.014119194935454216,-0.05309571996573659
limit_up_down_breadth_top,top,limit_up_down_breadth_v1_20120705_20260814,onset,limit_up_down_breadth_top::top::limit_up_down_breadth_v1_20120705_20260814::000032,2020-08-10,cni2000,国证2000,20,True,20,True,2020-09-07,7950.17,-0.017807166387636908,0.014119194935454216,-0.05309571996573659
limit_up_down_breadth_top,top,limit_up_down_breadth_v1_20120705_20260814,onset,limit_up_down_breadth_top::top::limit_up_down_breadth_v1_20120705_20260814::000032,2020-08-10,csi1000,中证1000,5,True,5,True,2020-08-17,7358.86,-0.002605023060637146,0.0025764860318038263,-0.05796550009104662
limit_up_down_breadth_top,top,limit_up_down_breadth_v1_20120705_20260814,onset,limit_up_down_breadth_top::top::limit_up_down_breadth_v1_20120705_20260814::000032,2020-08-10,csi1000,中证1000,10,True,10,True,2020-08-24,7358.86,-0.014298410351603286,0.008599158021758813,-0.05796550009104662
limit_up_down_breadth_top,top,limit_up_down_breadth_v1_20120705_20260814,onset,limit_up_down_breadth_top::top::limit_up_down_breadth_v1_20120705_20260814::000032,2020-08-10,csi1000,中证1000,20,True,20,True,2020-09-07,7358.86,-0.04099412137206038,0.008599158021758813,-0.05796550009104662
limit_up_down_breadth_top,top,limit_up_down_breadth_v1_20120705_20260814,onset,limit_up_down_breadth_top::top::limit_up_down_breadth_v1_20120705_20260814::000032,2020-08-10,csi300,沪深300,5,True,5,True,2020-08-17,4724.87,0.019124335696008465,0.02396256404938124,-0.03356706110432661
limit_up_down_breadth_top,top,limit_up_down_breadth_v1_20120705_20260814,onset,limit_up_down_breadth_top::top::limit_up_down_breadth_v1_20120705_20260814::000032,2020-08-10,csi300,沪深300,10,True,10,True,2020-08-24,4724.87,0.0065567941551831765,0.02396256404938124,-0.03356706110432661
limit_up_down_breadth_top,top,limit_up_down_breadth_v1_20120705_20260814,onset,limit_up_down_breadth_top::top::limit_up_down_breadth_v1_20120705_20260814::000032,2020-08-10,csi300,沪深300,20,True,20,True,2020-09-07,4724.87,-0.011746354926167268,0.037321661760006064,-0.03356706110432661
limit_up_down_breadth_top,top,limit_up_down_breadth_v1_20120705_20260814,onset,limit_up_down_breadth_top::top::limit_up_down_breadth_v1_20120705_20260814::000032,2020-08-10,csi500,中证500,5,True,5,True,2020-08-17,6725.3,0.0028623258442002086,0.004691240539455466,-0.04911156379641057
limit_up_down_breadth_top,top,limit_up_down_breadth_v1_20120705_20260814,onset,limit_up_down_breadth_top::top::limit_up_down_breadth_v1_20120705_20260814::000032,2020-08-10,csi500,中证500,10,True,10,True,2020-08-24,6725.3,-0.005401989502327065,0.012826193627050175,-0.04911156379641057
limit_up_down_breadth_top,top,limit_up_down_breadth_v1_20120705_20260814,onset,limit_up_down_breadth_top::top::limit_up_down_breadth_v1_20120705_20260814::000032,2020-08-10,csi500,中证500,20,True,20,True,2020-09-07,6725.3,-0.036651153108411494,0.012826193627050175,-0.04911156379641057
limit_up_down_breadth_top,top,limit_up_down_breadth_v1_20120705_20260814,onset,limit_up_down_breadth_top::top::limit_up_down_breadth_v1_20120705_20260814::000032,2020-08-10,microcap,微盘股,5,True,5,True,2020-08-17,1319.49,0.013346065525316586,0.013346065525316586,-0.04065964880370454
limit_up_down_breadth_top,top,limit_up_down_breadth_v1_20120705_20260814,onset,limit_up_down_breadth_top::top::limit_up_down_breadth_v1_20120705_20260814::000032,2020-08-10,microcap,微盘股,10,True,10,True,2020-08-24,1319.49,0.01943932883159416,0.024736830138917476,-0.04065964880370454
limit_up_down_breadth_top,top,limit_up_down_breadth_v1_20120705_20260814,onset,limit_up_down_breadth_top::top::limit_up_down_breadth_v1_20120705_20260814::000032,2020-08-10,microcap,微盘股,20,True,20,True,2020-09-07,1319.49,0.07241434190482687,0.08890556199743838,-0.04065964880370454
limit_up_down_breadth_top,top,limit_up_down_breadth_v1_20120705_20260814,onset,limit_up_down_breadth_top::top::limit_up_down_breadth_v1_20120705_20260814::000032,2020-08-10,sse_composite,上证指数,5,True,5,True,2020-08-17,3379.25,0.017622253458607684,0.021202929644151824,-0.034321225123918
limit_up_down_breadth_top,top,limit_up_down_breadth_v1_20120705_20260814,onset,limit_up_down_breadth_top::top::limit_up_down_breadth_v1_20120705_20260814::000032,2020-08-10,sse_composite,上证指数,10,True,10,True,2020-08-24,3379.25,0.0018909521343493108,0.022925205297033235,-0.034321225123918
limit_up_down_breadth_top,top,limit_up_down_breadth_v1_20120705_20260814,onset,limit_up_down_breadth_top::top::limit_up_down_breadth_v1_20120705_20260814::000032,2020-08-10,sse_composite,上证指数,20,True,20,True,2020-09-07,3379.25,-0.02564474365613667,0.022925205297033235,-0.034321225123918
limit_up_down_breadth_top,top,limit_up_down_breadth_v1_20120705_20260814,onset,limit_up_down_breadth_top::top::limit_up_down_breadth_v1_20120705_20260814::000033,2021-08-30,all_a,全A,5,True,5,True,2021-09-06,5762.8427734375,0.01717393776231102,0.018228477800347864,-0.015638982971288184
limit_up_down_breadth_top,top,limit_up_down_breadth_v1_20120705_20260814,onset,limit_up_down_breadth_top::top::limit_up_down_breadth_v1_20120705_20260814::000033,2021-08-30,all_a,全A,10,True,10,True,2021-09-13,5762.8427734375,0.03798809757621857,0.041348289511656366,-0.015638982971288184
limit_up_down_breadth_top,top,limit_up_down_breadth_v1_20120705_20260814,onset,limit_up_down_breadth_top::top::limit_up_down_breadth_v1_20120705_20260814::000033,2021-08-30,all_a,全A,20,True,20,True,2021-09-29,5762.8427734375,-0.021408789573423848,0.04364614631959096,-0.02486930092112538
limit_up_down_breadth_top,top,limit_up_down_breadth_v1_20120705_20260814,onset,limit_up_down_breadth_top::top::limit_up_down_breadth_v1_20120705_20260814::000033,2021-08-30,cni2000,国证2000,5,True,5,True,2021-09-06,8634.49,0.008112812684941462,0.017953579192285796,-0.028169585001546094
limit_up_down_breadth_top,top,limit_up_down_breadth_v1_20120705_20260814,onset,limit_up_down_breadth_top::top::limit_up_down_breadth_v1_20120705_20260814::000033,2021-08-30,cni2000,国证2000,10,True,10,True,2021-09-13,8634.49,0.04313746382241446,0.04313746382241446,-0.028169585001546094
limit_up_down_breadth_top,top,limit_up_down_breadth_v1_20120705_20260814,onset,limit_up_down_breadth_top::top::limit_up_down_breadth_v1_20120705_20260814::000033,2021-08-30,cni2000,国证2000,20,True,20,True,2021-09-29,8634.49,-0.06407442709413058,0.055515728201665615,-0.06407674338611768
limit_up_down_breadth_top,top,limit_up_down_breadth_v1_20120705_20260814,onset,limit_up_down_breadth_top::top::limit_up_down_breadth_v1_20120705_20260814::000033,2021-08-30,csi1000,中证1000,5,True,5,True,2021-09-06,7727.75,0.0009511177250818292,0.005009220018763472,-0.030020381094108872
limit_up_down_breadth_top,top,limit_up_down_breadth_v1_20120705_20260814,onset,limit_up_down_breadth_top::top::limit_up_down_breadth_v1_20120705_20260814::000033,2021-08-30,csi1000,中证1000,10,True,10,True,2021-09-13,7727.75,0.028433890847918253,0.029533822910937868,-0.030020381094108872
limit_up_down_breadth_top,top,limit_up_down_breadth_v1_20120705_20260814,onset,limit_up_down_breadth_top::top::limit_up_down_breadth_v1_20120705_20260814::000033,2021-08-30,csi1000,中证1000,20,True,20,True,2021-09-29,7727.75,-0.06839895182944578,0.04073242535019905,-0.06840801009349429
limit_up_down_breadth_top,top,limit_up_down_breadth_v1_20120705_20260814,onset,limit_up_down_breadth_top::top::limit_up_down_breadth_v1_20120705_20260814::000033,2021-08-30,csi300,沪深300,5,True,5,True,2021-09-06,4813.27,0.02502664508743524,0.027253821206788542,-0.015066680240252595
limit_up_down_breadth_top,top,limit_up_down_breadth_v1_20120705_20260814,onset,limit_up_down_breadth_top::top::limit_up_down_breadth_v1_20120705_20260814::000033,2021-08-30,csi300,沪深300,10,True,10,True,2021-09-13,4813.27,0.03706212200853054,0.04768691554805771,-0.015066680240252595
limit_up_down_breadth_top,top,limit_up_down_breadth_v1_20120705_20260814,onset,limit_up_down_breadth_top::top::limit_up_down_breadth_v1_20120705_20260814::000033,2021-08-30,csi300,沪深300,20,True,20,True,2021-09-29,4813.27,0.004292300244947755,0.04768691554805771,-0.015066680240252595
limit_up_down_breadth_top,top,limit_up_down_breadth_v1_20120705_20260814,onset,limit_up_down_breadth_top::top::limit_up_down_breadth_v1_20120705_20260814::000033,2021-08-30,csi500,中证500,5,True,5,True,2021-09-06,7226.88,0.01778360786397437,0.021912637265320445,-0.01751378188097763
limit_up_down_breadth_top,top,limit_up_down_breadth_v1_20120705_20260814,onset,limit_up_down_breadth_top::top::limit_up_down_breadth_v1_20120705_20260814::000033,2021-08-30,csi500,中证500,10,True,10,True,2021-09-13,7226.88,0.05837512176762316,0.060129682518597294,-0.01751378188097763
limit_up_down_breadth_top,top,limit_up_down_breadth_v1_20120705_20260814,onset,limit_up_down_breadth_top::top::limit_up_down_breadth_v1_20120705_20260814::000033,2021-08-30,csi500,中证500,20,True,20,True,2021-09-29,7226.88,-0.029979742295430323,0.06388925788168609,-0.031868524176408175
limit_up_down_breadth_top,top,limit_up_down_breadth_v1_20120705_20260814,onset,limit_up_down_breadth_top::top::limit_up_down_breadth_v1_20120705_20260814::000033,2021-08-30,microcap,微盘股,5,True,5,True,2021-09-06,1574.3,0.022918122340087832,0.023013402782188885,-0.015086069999364793
limit_up_down_breadth_top,top,limit_up_down_breadth_v1_20120705_20260814,onset,limit_up_down_breadth_top::top::limit_up_down_breadth_v1_20120705_20260814::000033,2021-08-30,microcap,微盘股,10,True,10,True,2021-09-13,1574.3,0.046852569395922083,0.052893349425141345,-0.015086069999364793
limit_up_down_breadth_top,top,limit_up_down_breadth_v1_20120705_20260814,onset,limit_up_down_breadth_top::top::limit_up_down_breadth_v1_20120705_20260814::000033,2021-08-30,microcap,微盘股,20,True,20,True,2021-09-29,1574.3,-0.03327193038175691,0.059677316902750466,-0.033303690529124075
limit_up_down_breadth_top,top,limit_up_down_breadth_v1_20120705_20260814,onset,limit_up_down_breadth_top::top::limit_up_down_breadth_v1_20120705_20260814::000033,2021-08-30,sse_composite,上证指数,5,True,5,True,2021-09-06,3528.15,0.026560662103368715,0.02781627765259409,-0.009001884840497243
limit_up_down_breadth_top,top,limit_up_down_breadth_v1_20120705_20260814,onset,limit_up_down_breadth_top::top::limit_up_down_breadth_v1_20120705_20260814::000033,2021-08-30,sse_composite,上证指数,10,True,10,True,2021-09-13,3528.15,0.05306463727449229,0.05519039723367758,-0.009001884840497243
limit_up_down_breadth_top,top,limit_up_down_breadth_v1_20120705_20260814,onset,limit_up_down_breadth_top::top::limit_up_down_breadth_v1_20120705_20260814::000033,2021-08-30,sse_composite,上证指数,20,True,20,True,2021-09-29,3528.15,0.002307158142369259,0.0554681632016778,-0.009001884840497243
limit_up_down_breadth_top,top,limit_up_down_breadth_v1_20120705_20260814,onset,limit_up_down_breadth_top::top::limit_up_down_breadth_v1_20120705_20260814::000034,2021-11-11,all_a,全A,5,True,5,True,2021-11-18,5806.4873046875,-0.0032009758750777273,0.005451960302349068,-0.005411007320576755
limit_up_down_breadth_top,top,limit_up_down_breadth_v1_20120705_20260814,onset,limit_up_down_breadth_top::top::limit_up_down_breadth_v1_20120705_20260814::000034,2021-11-11,all_a,全A,10,True,10,True,2021-11-25,5806.4873046875,0.015645636791957074,0.02155177995786306,-0.005411007320576755
limit_up_down_breadth_top,top,limit_up_down_breadth_v1_20120705_20260814,onset,limit_up_down_breadth_top::top::limit_up_down_breadth_v1_20120705_20260814::000034,2021-11-11,all_a,全A,20,True,20,True,2021-12-09,5806.4873046875,0.03592577200575264,0.039561673592794167,-0.005411007320576755
limit_up_down_breadth_top,top,limit_up_down_breadth_v1_20120705_20260814,onset,limit_up_down_breadth_top::top::limit_up_down_breadth_v1_20120705_20260814::000034,2021-11-11,cni2000,国证2000,5,True,5,True,2021-11-18,8594.02,0.02152892360036396,0.028410452849772172,-0.0005957631003885577
limit_up_down_breadth_top,top,limit_up_down_breadth_v1_20120705_20260814,onset,limit_up_down_breadth_top::top::limit_up_down_breadth_v1_20120705_20260814::000034,2021-11-11,cni2000,国证2000,10,True,10,True,2021-11-25,8594.02,0.045464171598390335,0.05171153895383074,-0.0005957631003885577
limit_up_down_breadth_top,top,limit_up_down_breadth_v1_20120705_20260814,onset,limit_up_down_breadth_top::top::limit_up_down_breadth_v1_20120705_20260814::000034,2021-11-11,cni2000,国证2000,20,True,20,True,2021-12-09,8594.02,0.045546787184577164,0.07039080663065689,-0.0005957631003885577
limit_up_down_breadth_top,top,limit_up_down_breadth_v1_20120705_20260814,onset,limit_up_down_breadth_top::top::limit_up_down_breadth_v1_20120705_20260814::000034,2021-11-11,csi1000,中证1000,5,True,5,True,2021-11-18,7593.73,0.015943416476488004,0.022651582292233297,-0.001850210634299465
limit_up_down_breadth_top,top,limit_up_down_breadth_v1_20120705_20260814,onset,limit_up_down_breadth_top::top::limit_up_down_breadth_v1_20120705_20260814::000034,2021-11-11,csi1000,中证1000,10,True,10,True,2021-11-25,7593.73,0.04372423038480444,0.05014400037926037,-0.001850210634299465
limit_up_down_breadth_top,top,limit_up_down_breadth_v1_20120705_20260814,onset,limit_up_down_breadth_top::top::limit_up_down_breadth_v1_20120705_20260814::000034,2021-11-11,csi1000,中证1000,20,True,20,True,2021-12-09,7593.73,0.04451435592258357,0.06441761821924152,-0.001850210634299465
limit_up_down_breadth_top,top,limit_up_down_breadth_v1_20120705_20260814,onset,limit_up_down_breadth_top::top::limit_up_down_breadth_v1_20120705_20260814::000034,2021-11-11,csi300,沪深300,5,True,5,True,2021-11-18,4898.65,-0.012458534494197315,0.0034131852653283,-0.013930368570932772
limit_up_down_breadth_top,top,limit_up_down_breadth_v1_20120705_20260814,onset,limit_up_down_breadth_top::top::limit_up_down_breadth_v1_20120705_20260814::000034,2021-11-11,csi300,沪深300,10,True,10,True,2021-11-25,4898.65,-0.0004511447031324556,0.007520439304706361,-0.014101844385698059
limit_up_down_breadth_top,top,limit_up_down_breadth_v1_20120705_20260814,onset,limit_up_down_breadth_top::top::limit_up_down_breadth_v1_20120705_20260814::000034,2021-11-11,csi300,沪深300,20,True,20,True,2021-12-09,4898.65,0.036752982964694425,0.044063160258438705,-0.018051912261541347
limit_up_down_breadth_top,top,limit_up_down_breadth_v1_20120705_20260814,onset,limit_up_down_breadth_top::top::limit_up_down_breadth_v1_20120705_20260814::000034,2021-11-11,csi500,中证500,5,True,5,True,2021-11-18,7119.86,-0.004941108392580662,0.007993134696468784,-0.012066248493650122
limit_up_down_breadth_top,top,limit_up_down_breadth_v1_20120705_20260814,onset,limit_up_down_breadth_top::top::limit_up_down_breadth_v1_20120705_20260814::000034,2021-11-11,csi500,中证500,10,True,10,True,2021-11-25,7119.86,0.01596660608495104,0.024306657715179814,-0.012066248493650122
limit_up_down_breadth_top,top,limit_up_down_breadth_v1_20120705_20260814,onset,limit_up_down_breadth_top::top::limit_up_down_breadth_v1_20120705_20260814::000034,2021-11-11,csi500,中证500,20,True,20,True,2021-12-09,7119.86,0.02815504799251678,0.029736539763422387,-0.012066248493650122
limit_up_down_breadth_top,top,limit_up_down_breadth_v1_20120705_20260814,onset,limit_up_down_breadth_top::top::limit_up_down_breadth_v1_20120705_20260814::000034,2021-11-11,microcap,微盘股,5,True,5,True,2021-11-18,1596.1,0.024660109015725906,0.039302048743813156,-0.0033581855773446856
limit_up_down_breadth_top,top,limit_up_down_breadth_v1_20120705_20260814,onset,limit_up_down_breadth_top::top::limit_up_down_breadth_v1_20120705_20260814::000034,2021-11-11,microcap,微盘股,10,True,10,True,2021-11-25,1596.1,0.05582983522335705,0.061036275922561334,-0.0033581855773446856
limit_up_down_breadth_top,top,limit_up_down_breadth_v1_20120705_20260814,onset,limit_up_down_breadth_top::top::limit_up_down_breadth_v1_20120705_20260814::000034,2021-11-11,microcap,微盘股,20,True,20,True,2021-12-09,1596.1,0.07485119979951138,0.08661737986341711,-0.0033581855773446856
limit_up_down_breadth_top,top,limit_up_down_breadth_v1_20120705_20260814,onset,limit_up_down_breadth_top::top::limit_up_down_breadth_v1_20120705_20260814::000034,2021-11-11,sse_composite,上证指数,5,True,5,True,2021-11-18,3532.79,-0.003419393736961429,0.004996051279583691,-0.005570667942334517
limit_up_down_breadth_top,top,limit_up_down_breadth_v1_20120705_20260814,onset,limit_up_down_breadth_top::top::limit_up_down_breadth_v1_20120705_20260814::000034,2021-11-11,sse_composite,上证指数,10,True,10,True,2021-11-25,3532.79,0.0145465765018582,0.01980021456129566,-0.005570667942334517
limit_up_down_breadth_top,top,limit_up_down_breadth_v1_20120705_20260814,onset,limit_up_down_breadth_top::top::limit_up_down_breadth_v1_20120705_20260814::000034,2021-11-11,sse_composite,上证指数,20,True,20,True,2021-12-09,3532.79,0.039699500960996836,0.04404733935501404,-0.005570667942334517
limit_up_down_breadth_top,top,limit_up_down_breadth_v1_20120705_20260814,onset,limit_up_down_breadth_top::top::limit_up_down_breadth_v1_20120705_20260814::000035,2021-11-19,all_a,全A,5,True,5,True,2021-11-26,5853.56982421875,0.003834799327433691,0.013335045029196024,0.001265754045820966
limit_up_down_breadth_top,top,limit_up_down_breadth_v1_20120705_20260814,onset,limit_up_down_breadth_top::top::limit_up_down_breadth_v1_20120705_20260814::000035,2021-11-19,all_a,全A,10,True,10,True,2021-12-03,5853.56982421875,0.013979767120941844,0.01422292469597597,-0.007082767251654576
limit_up_down_breadth_top,top,limit_up_down_breadth_v1_20120705_20260814,onset,limit_up_down_breadth_top::top::limit_up_down_breadth_v1_20120705_20260814::000035,2021-11-19,all_a,全A,20,True,20,True,2021-12-17,5853.56982421875,0.016693455707909255,0.03763662181639793,-0.007082767251654576
limit_up_down_breadth_top,top,limit_up_down_breadth_v1_20120705_20260814,onset,limit_up_down_breadth_top::top::limit_up_down_breadth_v1_20120705_20260814::000035,2021-11-19,cni2000,国证2000,5,True,5,True,2021-11-26,8865.46,0.01637252889302987,0.019510549931983423,0.0017167749896791484
limit_up_down_breadth_top,top,limit_up_down_breadth_v1_20120705_20260814,onset,limit_up_down_breadth_top::top::limit_up_down_breadth_v1_20120705_20260814::000035,2021-11-19,cni2000,国证2000,10,True,10,True,2021-12-03,8865.46,0.029372418351670593,0.037617901383571795,0.0003801269195282675
limit_up_down_breadth_top,top,limit_up_down_breadth_v1_20120705_20260814,onset,limit_up_down_breadth_top::top::limit_up_down_breadth_v1_20120705_20260814::000035,2021-11-19,cni2000,国证2000,20,True,20,True,2021-12-17,8865.46,0.029304739968371685,0.039274893801336974,-0.012167445344065553
limit_up_down_breadth_top,top,limit_up_down_breadth_v1_20120705_20260814,onset,limit_up_down_breadth_top::top::limit_up_down_breadth_v1_20120705_20260814::000035,2021-11-19,csi1000,中证1000,5,True,5,True,2021-11-26,7803.76,0.017559484146103976,0.02188047812849181,0.0024603524454878123
limit_up_down_breadth_top,top,limit_up_down_breadth_v1_20120705_20260814,onset,limit_up_down_breadth_top::top::limit_up_down_breadth_v1_20120705_20260814::000035,2021-11-19,csi1000,中证1000,10,True,10,True,2021-12-03,7803.76,0.028217167109188424,0.035769936543409875,0.0024603524454878123
limit_up_down_breadth_top,top,limit_up_down_breadth_v1_20120705_20260814,onset,limit_up_down_breadth_top::top::limit_up_down_breadth_v1_20120705_20260814::000035,2021-11-19,csi1000,中证1000,20,True,20,True,2021-12-17,7803.76,0.01157647082944635,0.035769936543409875,-0.01151239915117841
limit_up_down_breadth_top,top,limit_up_down_breadth_v1_20120705_20260814,onset,limit_up_down_breadth_top::top::limit_up_down_breadth_v1_20120705_20260814::000035,2021-11-19,csi300,沪深300,5,True,5,True,2021-11-26,4890.06,-0.006120579297595574,0.0092902745569583,-0.008026486382580189
limit_up_down_breadth_top,top,limit_up_down_breadth_v1_20120705_20260814,onset,limit_up_down_breadth_top::top::limit_up_down_breadth_v1_20120705_20260814::000035,2021-11-19,csi300,沪深300,10,True,10,True,2021-12-03,4890.06,0.002241281293072106,0.0092902745569583,-0.016326998032743956
limit_up_down_breadth_top,top,limit_up_down_breadth_v1_20120705_20260814,onset,limit_up_down_breadth_top::top::limit_up_down_breadth_v1_20120705_20260814::000035,2021-11-19,csi300,沪深300,20,True,20,True,2021-12-17,4890.06,0.013230921501985682,0.0518971137368458,-0.016326998032743956
limit_up_down_breadth_top,top,limit_up_down_breadth_v1_20120705_20260814,onset,limit_up_down_breadth_top::top::limit_up_down_breadth_v1_20120705_20260814::000035,2021-11-19,csi500,中证500,5,True,5,True,2021-11-26,7169.88,0.0069708279636477855,0.017160677724034512,0.001048832058555993
limit_up_down_breadth_top,top,limit_up_down_breadth_v1_20120705_20260814,onset,limit_up_down_breadth_top::top::limit_up_down_breadth_v1_20120705_20260814::000035,2021-11-19,csi500,中证500,10,True,10,True,2021-12-03,7169.88,0.01841592885794463,0.019581917688998862,-0.006199545878034174
limit_up_down_breadth_top,top,limit_up_down_breadth_v1_20120705_20260814,onset,limit_up_down_breadth_top::top::limit_up_down_breadth_v1_20120705_20260814::000035,2021-11-19,csi500,中证500,20,True,20,True,2021-12-17,7169.88,0.020178859339347488,0.029866608646169857,-0.006199545878034174
limit_up_down_breadth_top,top,limit_up_down_breadth_v1_20120705_20260814,onset,limit_up_down_breadth_top::top::limit_up_down_breadth_v1_20120705_20260814::000035,2021-11-19,microcap,微盘股,5,True,5,True,2021-11-26,1660.14,0.008523377546471922,0.02010673798595297,-0.006716301034852545
limit_up_down_breadth_top,top,limit_up_down_breadth_v1_20120705_20260814,onset,limit_up_down_breadth_top::top::limit_up_down_breadth_v1_20120705_20260814::000035,2021-11-19,microcap,微盘股,10,True,10,True,2021-12-03,1660.14,0.03853289481609967,0.04470104930909424,-0.006716301034852545
limit_up_down_breadth_top,top,limit_up_down_breadth_v1_20120705_20260814,onset,limit_up_down_breadth_top::top::limit_up_down_breadth_v1_20120705_20260814::000035,2021-11-19,microcap,微盘股,20,True,20,True,2021-12-17,1660.14,0.08145698555543501,0.08287252882287022,-0.006716301034852545
limit_up_down_breadth_top,top,limit_up_down_breadth_v1_20120705_20260814,onset,limit_up_down_breadth_top::top::limit_up_down_breadth_v1_20120705_20260814::000035,2021-11-19,sse_composite,上证指数,5,True,5,True,2021-11-26,3560.37,0.0010448352277994122,0.011900448548886722,-0.0015419745700586684
limit_up_down_breadth_top,top,limit_up_down_breadth_v1_20120705_20260814,onset,limit_up_down_breadth_top::top::limit_up_down_breadth_v1_20120705_20260814::000035,2021-11-19,sse_composite,上证指数,10,True,10,True,2021-12-03,3560.37,0.013217727371031662,0.013509831843319553,-0.009552377983187088
limit_up_down_breadth_top,top,limit_up_down_breadth_v1_20120705_20260814,onset,limit_up_down_breadth_top::top::limit_up_down_breadth_v1_20120705_20260814::000035,2021-11-19,sse_composite,上证指数,20,True,20,True,2021-12-17,3560.37,0.02021980861539685,0.0417288090844492,-0.009552377983187088
limit_up_down_breadth_top,top,limit_up_down_breadth_v1_20120705_20260814,onset,limit_up_down_breadth_top::top::limit_up_down_breadth_v1_20120705_20260814::000036,2021-11-24,all_a,全A,5,True,5,True,2021-12-01,5911.97802734375,-0.0009182562777452219,0.0009650858612566537,-0.01689243013410191
limit_up_down_breadth_top,top,limit_up_down_breadth_v1_20120705_20260814,onset,limit_up_down_breadth_top::top::limit_up_down_breadth_v1_20120705_20260814::000036,2021-11-24,all_a,全A,10,True,10,True,2021-12-08,5911.97802734375,0.00819963707485738,0.0081997196667154,-0.01689243013410191
limit_up_down_breadth_top,top,limit_up_down_breadth_v1_20120705_20260814,onset,limit_up_down_breadth_top::top::limit_up_down_breadth_v1_20120705_20260814::000036,2021-11-24,all_a,全A,20,True,20,True,2021-12-22,5911.97802734375,0.004389674663237919,0.027385147555722966,-0.01689243013410191
limit_up_down_breadth_top,top,limit_up_down_breadth_v1_20120705_20260814,onset,limit_up_down_breadth_top::top::limit_up_down_breadth_v1_20120705_20260814::000036,2021-11-24,cni2000,国证2000,5,True,5,True,2021-12-01,8998.39,0.022086173193204495,0.02228954290711993,-0.014398131221251775
limit_up_down_breadth_top,top,limit_up_down_breadth_v1_20120705_20260814,onset,limit_up_down_breadth_top::top::limit_up_down_breadth_v1_20120705_20260814::000036,2021-11-24,cni2000,国证2000,10,True,10,True,2021-12-08,8998.39,-0.0008412616034645382,0.02228954290711993,-0.026760342683524452
limit_up_down_breadth_top,top,limit_up_down_breadth_v1_20120705_20260814,onset,limit_up_down_breadth_top::top::limit_up_down_breadth_v1_20120705_20260814::000036,2021-11-24,cni2000,国证2000,20,True,20,True,2021-12-22,8998.39,0.021642760538274075,0.02392205716800455,-0.026760342683524452
limit_up_down_breadth_top,top,limit_up_down_breadth_v1_20120705_20260814,onset,limit_up_down_breadth_top::top::limit_up_down_breadth_v1_20120705_20260814::000036,2021-11-24,csi1000,中证1000,5,True,5,True,2021-12-01,7938.77,0.014744097637291231,0.0181552054033558,-0.013837156133758799
limit_up_down_breadth_top,top,limit_up_down_breadth_v1_20120705_20260814,onset,limit_up_down_breadth_top::top::limit_up_down_breadth_v1_20120705_20260814::000036,2021-11-24,csi1000,中证1000,10,True,10,True,2021-12-08,7938.77,-0.0020431376649028277,0.0181552054033558,-0.028323027370738885
limit_up_down_breadth_top,top,limit_up_down_breadth_v1_20120705_20260814,onset,limit_up_down_breadth_top::top::limit_up_down_breadth_v1_20120705_20260814::000036,2021-11-24,csi1000,中证1000,20,True,20,True,2021-12-22,7938.77,-0.0010026742177944303,0.0181552054033558,-0.028323027370738885
limit_up_down_breadth_top,top,limit_up_down_breadth_v1_20120705_20260814,onset,limit_up_down_breadth_top::top::limit_up_down_breadth_v1_20120705_20260814::000036,2021-11-24,csi300,沪深300,5,True,5,True,2021-12-01,4916.66,-0.014808833639096353,0.0009498317963820835,-0.021648842913685185
limit_up_down_breadth_top,top,limit_up_down_breadth_v1_20120705_20260814,onset,limit_up_down_breadth_top::top::limit_up_down_breadth_v1_20120705_20260814::000036,2021-11-24,csi300,沪深300,10,True,10,True,2021-12-08,4916.66,0.0161227337257408,0.0161227337257408,-0.021648842913685185
limit_up_down_breadth_top,top,limit_up_down_breadth_v1_20120705_20260814,onset,limit_up_down_breadth_top::top::limit_up_down_breadth_v1_20120705_20260814::000036,2021-11-24,csi300,沪深300,20,True,20,True,2021-12-22,4916.66,-0.0004494921349046388,0.04620616434734148,-0.021648842913685185
limit_up_down_breadth_top,top,limit_up_down_breadth_v1_20120705_20260814,onset,limit_up_down_breadth_top::top::limit_up_down_breadth_v1_20120705_20260814::000036,2021-11-24,csi500,中证500,5,True,5,True,2021-12-01,7256.11,0.0023056431062926652,0.003448128542704154,-0.018009649798583438
limit_up_down_breadth_top,top,limit_up_down_breadth_v1_20120705_20260814,onset,limit_up_down_breadth_top::top::limit_up_down_breadth_v1_20120705_20260814::000036,2021-11-24,csi500,中证500,10,True,10,True,2021-12-08,7256.11,0.006460762033651646,0.010247915205254587,-0.018009649798583438
limit_up_down_breadth_top,top,limit_up_down_breadth_v1_20120705_20260814,onset,limit_up_down_breadth_top::top::limit_up_down_breadth_v1_20120705_20260814::000036,2021-11-24,csi500,中证500,20,True,20,True,2021-12-22,7256.11,0.006387720142059683,0.01762790255384772,-0.018009649798583438
limit_up_down_breadth_top,top,limit_up_down_breadth_v1_20120705_20260814,onset,limit_up_down_breadth_top::top::limit_up_down_breadth_v1_20120705_20260814::000036,2021-11-24,microcap,微盘股,5,True,5,True,2021-12-01,1679.94,0.030054644808743092,0.030054644808743092,-0.017673250235127447
limit_up_down_breadth_top,top,limit_up_down_breadth_v1_20120705_20260814,onset,limit_up_down_breadth_top::top::limit_up_down_breadth_v1_20120705_20260814::000036,2021-11-24,microcap,微盘股,10,True,10,True,2021-12-08,1679.94,0.01239329976070569,0.03238806147838602,-0.017673250235127447
limit_up_down_breadth_top,top,limit_up_down_breadth_v1_20120705_20260814,onset,limit_up_down_breadth_top::top::limit_up_down_breadth_v1_20120705_20260814::000036,2021-11-24,microcap,微盘股,20,True,20,True,2021-12-22,1679.94,0.09687250735145314,0.10490255604366827,-0.017673250235127447
limit_up_down_breadth_top,top,limit_up_down_breadth_v1_20120705_20260814,onset,limit_up_down_breadth_top::top::limit_up_down_breadth_v1_20120705_20260814::000036,2021-11-24,sse_composite,上证指数,5,True,5,True,2021-12-01,3592.7,-0.004400590085451017,0.0012386227628247148,-0.018465221142872967
limit_up_down_breadth_top,top,limit_up_down_breadth_v1_20120705_20260814,onset,limit_up_down_breadth_top::top::limit_up_down_breadth_v1_20120705_20260814::000036,2021-11-24,sse_composite,上证指数,10,True,10,True,2021-12-08,3592.7,0.012489214239986834,0.012530965569070629,-0.018465221142872967
limit_up_down_breadth_top,top,limit_up_down_breadth_v1_20120705_20260814,onset,limit_up_down_breadth_top::top::limit_up_down_breadth_v1_20120705_20260814::000036,2021-11-24,sse_composite,上证指数,20,True,20,True,2021-12-22,3592.7,0.008327998441283624,0.03235449661814238,-0.018465221142872967
limit_up_down_breadth_top,top,limit_up_down_breadth_v1_20120705_20260814,onset,limit_up_down_breadth_top::top::limit_up_down_breadth_v1_20120705_20260814::000037,2022-02-16,all_a,全A,5,True,5,True,2022-02-23,5522.11083984375,0.014344145424603827,0.014627098817847184,-0.005984994804710486
limit_up_down_breadth_top,top,limit_up_down_breadth_v1_20120705_20260814,onset,limit_up_down_breadth_top::top::limit_up_down_breadth_v1_20120705_20260814::000037,2022-02-16,all_a,全A,10,True,10,True,2022-03-02,5522.11083984375,0.007694740683383827,0.014627098817847184,-0.018110255088673588
limit_up_down_breadth_top,top,limit_up_down_breadth_v1_20120705_20260814,onset,limit_up_down_breadth_top::top::limit_up_down_breadth_v1_20120705_20260814::000037,2022-02-16,all_a,全A,20,True,20,True,2022-03-16,5522.11083984375,-0.08712718569338129,0.014627098817847184,-0.13417561484667062
limit_up_down_breadth_top,top,limit_up_down_breadth_v1_20120705_20260814,onset,limit_up_down_breadth_top::top::limit_up_down_breadth_v1_20120705_20260814::000037,2022-02-16,cni2000,国证2000,5,True,5,True,2022-02-23,8551.08,0.03133522315309878,0.03133522315309878,-0.007313696047750562
limit_up_down_breadth_top,top,limit_up_down_breadth_v1_20120705_20260814,onset,limit_up_down_breadth_top::top::limit_up_down_breadth_v1_20120705_20260814::000037,2022-02-16,cni2000,国证2000,10,True,10,True,2022-03-02,8551.08,0.028174218929071015,0.03585745894085912,-0.009409337767860793
limit_up_down_breadth_top,top,limit_up_down_breadth_v1_20120705_20260814,onset,limit_up_down_breadth_top::top::limit_up_down_breadth_v1_20120705_20260814::000037,2022-02-16,cni2000,国证2000,20,True,20,True,2022-03-16,8551.08,-0.07062616651931686,0.03585745894085912,-0.11761906098410957
limit_up_down_breadth_top,top,limit_up_down_breadth_v1_20120705_20260814,onset,limit_up_down_breadth_top::top::limit_up_down_breadth_v1_20120705_20260814::000037,2022-02-16,csi1000,中证1000,5,True,5,True,2022-02-23,7183.11,0.03721090168464625,0.03721090168464625,-0.005084148787920517
limit_up_down_breadth_top,top,limit_up_down_breadth_v1_20120705_20260814,onset,limit_up_down_breadth_top::top::limit_up_down_breadth_v1_20120705_20260814::000037,2022-02-16,csi1000,中证1000,10,True,10,True,2022-03-02,7183.11,0.032186615546748065,0.04149038508389835,-0.005084148787920517
limit_up_down_breadth_top,top,limit_up_down_breadth_v1_20120705_20260814,onset,limit_up_down_breadth_top::top::limit_up_down_breadth_v1_20120705_20260814::000037,2022-02-16,csi1000,中证1000,20,True,20,True,2022-03-16,7183.11,-0.06823506809724467,0.04149038508389835,-0.11870902714840781
limit_up_down_breadth_top,top,limit_up_down_breadth_v1_20120705_20260814,onset,limit_up_down_breadth_top::top::limit_up_down_breadth_v1_20120705_20260814::000037,2022-02-16,csi300,沪深300,5,True,5,True,2022-02-23,4617.99,0.0010957148023273966,0.007221756651703437,-0.014549620072802139
limit_up_down_breadth_top,top,limit_up_down_breadth_v1_20120705_20260814,onset,limit_up_down_breadth_top::top::limit_up_down_breadth_v1_20120705_20260814::000037,2022-02-16,csi300,沪深300,10,True,10,True,2022-03-02,4617.99,-0.008529684992821474,0.007221756651703437,-0.028044668784471205
limit_up_down_breadth_top,top,limit_up_down_breadth_v1_20120705_20260814,onset,limit_up_down_breadth_top::top::limit_up_down_breadth_v1_20120705_20260814::000037,2022-02-16,csi300,沪深300,20,True,20,True,2022-03-16,4617.99,-0.10002403643143443,0.007221756651703437,-0.14619563922832224
limit_up_down_breadth_top,top,limit_up_down_breadth_v1_20120705_20260814,onset,limit_up_down_breadth_top::top::limit_up_down_breadth_v1_20120705_20260814::000037,2022-02-16,csi500,中证500,5,True,5,True,2022-02-23,6772.03,0.017039203901932032,0.017375882859349323,-0.006528323117292789
limit_up_down_breadth_top,top,limit_up_down_breadth_v1_20120705_20260814,onset,limit_up_down_breadth_top::top::limit_up_down_breadth_v1_20120705_20260814::000037,2022-02-16,csi500,中证500,10,True,10,True,2022-03-02,6772.03,0.015240629471517497,0.01866205554316802,-0.012297641918302182
limit_up_down_breadth_top,top,limit_up_down_breadth_v1_20120705_20260814,onset,limit_up_down_breadth_top::top::limit_up_down_breadth_v1_20120705_20260814::000037,2022-02-16,csi500,中证500,20,True,20,True,2022-03-16,6772.03,-0.09092694509622656,0.01999105142771085,-0.1399432666423509
limit_up_down_breadth_top,top,limit_up_down_breadth_v1_20120705_20260814,onset,limit_up_down_breadth_top::top::limit_up_down_breadth_v1_20120705_20260814::000037,2022-02-16,microcap,微盘股,5,True,5,True,2022-02-23,1899.86,0.03041803080226968,0.030539092354173514,-0.01249565757476867
limit_up_down_breadth_top,top,limit_up_down_breadth_v1_20120705_20260814,onset,limit_up_down_breadth_top::top::limit_up_down_breadth_v1_20120705_20260814::000037,2022-02-16,microcap,微盘股,10,True,10,True,2022-03-02,1899.86,0.0506826818818229,0.05069320897329277,-0.01249565757476867
limit_up_down_breadth_top,top,limit_up_down_breadth_v1_20120705_20260814,onset,limit_up_down_breadth_top::top::limit_up_down_breadth_v1_20120705_20260814::000037,2022-02-16,microcap,微盘股,20,True,20,True,2022-03-16,1899.86,-0.014406324676555005,0.056393629004242385,-0.05219858305348812
limit_up_down_breadth_top,top,limit_up_down_breadth_v1_20120705_20260814,onset,limit_up_down_breadth_top::top::limit_up_down_breadth_v1_20120705_20260814::000037,2022-02-16,sse_composite,上证指数,5,True,5,True,2022-02-23,3465.83,0.0067285469858591185,0.007608567067628691,-0.008125037869716634
limit_up_down_breadth_top,top,limit_up_down_breadth_v1_20120705_20260814,onset,limit_up_down_breadth_top::top::limit_up_down_breadth_v1_20120705_20260814::000037,2022-02-16,sse_composite,上证指数,10,True,10,True,2022-03-02,3465.83,0.0052974323610794904,0.007608567067628691,-0.018933415660895014
limit_up_down_breadth_top,top,limit_up_down_breadth_v1_20120705_20260814,onset,limit_up_down_breadth_top::top::limit_up_down_breadth_v1_20120705_20260814::000037,2022-02-16,sse_composite,上证指数,20,True,20,True,2022-03-16,3465.83,-0.0851513201743882,0.009942784268126337,-0.12768370058542966
limit_up_down_breadth_top,top,limit_up_down_breadth_v1_20120705_20260814,onset,limit_up_down_breadth_top::top::limit_up_down_breadth_v1_20120705_20260814::000038,2022-05-12,all_a,全A,5,True,5,True,2022-05-19,4704.515625,0.015735484358445406,0.018355453038802372,-0.005094942857427509
limit_up_down_breadth_top,top,limit_up_down_breadth_v1_20120705_20260814,onset,limit_up_down_breadth_top::top::limit_up_down_breadth_v1_20120705_20260814::000038,2022-05-12,all_a,全A,10,True,10,True,2022-05-26,4704.515625,0.01862935460943449,0.03537647921378739,-0.005094942857427509
limit_up_down_breadth_top,top,limit_up_down_breadth_v1_20120705_20260814,onset,limit_up_down_breadth_top::top::limit_up_down_breadth_v1_20120705_20260814::000038,2022-05-12,all_a,全A,20,True,20,True,2022-06-10,4704.515625,0.07974863744607075,0.08033940960978314,-0.005094942857427509
limit_up_down_breadth_top,top,limit_up_down_breadth_v1_20120705_20260814,onset,limit_up_down_breadth_top::top::limit_up_down_breadth_v1_20120705_20260814::000038,2022-05-12,cni2000,国证2000,5,True,5,True,2022-05-19,7212.84,0.020973707998513724,0.022724751970097712,-0.007676587862755824
limit_up_down_breadth_top,top,limit_up_down_breadth_v1_20120705_20260814,onset,limit_up_down_breadth_top::top::limit_up_down_breadth_v1_20120705_20260814::000038,2022-05-12,cni2000,国证2000,10,True,10,True,2022-05-26,7212.84,0.03160197647528573,0.05002745104563533,-0.007676587862755824
limit_up_down_breadth_top,top,limit_up_down_breadth_v1_20120705_20260814,onset,limit_up_down_breadth_top::top::limit_up_down_breadth_v1_20120705_20260814::000038,2022-05-12,cni2000,国证2000,20,True,20,True,2022-06-10,7212.84,0.08601050349099659,0.08890950028005618,-0.007676587862755824
limit_up_down_breadth_top,top,limit_up_down_breadth_v1_20120705_20260814,onset,limit_up_down_breadth_top::top::limit_up_down_breadth_v1_20120705_20260814::000038,2022-05-12,csi1000,中证1000,5,True,5,True,2022-05-19,6034.57,0.024130965420899875,0.024672843301179803,-0.005412150327198106
limit_up_down_breadth_top,top,limit_up_down_breadth_v1_20120705_20260814,onset,limit_up_down_breadth_top::top::limit_up_down_breadth_v1_20120705_20260814::000038,2022-05-12,csi1000,中证1000,10,True,10,True,2022-05-26,6034.57,0.03190451018050999,0.05146182743758043,-0.005412150327198106
limit_up_down_breadth_top,top,limit_up_down_breadth_v1_20120705_20260814,onset,limit_up_down_breadth_top::top::limit_up_down_breadth_v1_20120705_20260814::000038,2022-05-12,csi1000,中证1000,20,True,20,True,2022-06-10,6034.57,0.09829697890653355,0.10365610142893367,-0.005412150327198106
limit_up_down_breadth_top,top,limit_up_down_breadth_v1_20120705_20260814,onset,limit_up_down_breadth_top::top::limit_up_down_breadth_v1_20120705_20260814::000038,2022-05-12,csi300,沪深300,5,True,5,True,2022-05-19,3958.74,0.010321465920974937,0.014976987627376426,-0.0063126146198032584
limit_up_down_breadth_top,top,limit_up_down_breadth_v1_20120705_20260814,onset,limit_up_down_breadth_top::top::limit_up_down_breadth_v1_20120705_20260814::000038,2022-05-12,csi300,沪深300,10,True,10,True,2022-05-26,3958.74,0.008664373007573056,0.030875985793459515,-0.0063126146198032584
limit_up_down_breadth_top,top,limit_up_down_breadth_v1_20120705_20260814,onset,limit_up_down_breadth_top::top::limit_up_down_breadth_v1_20120705_20260814::000038,2022-05-12,csi300,沪深300,20,True,20,True,2022-06-10,3958.74,0.07079272697878625,0.07138887625860768,-0.0063126146198032584
limit_up_down_breadth_top,top,limit_up_down_breadth_v1_20120705_20260814,onset,limit_up_down_breadth_top::top::limit_up_down_breadth_v1_20120705_20260814::000038,2022-05-12,csi500,中证500,5,True,5,True,2022-05-19,5743.1,0.01659556685413799,0.019609618498720227,-0.007485504344343807
limit_up_down_breadth_top,top,limit_up_down_breadth_v1_20120705_20260814,onset,limit_up_down_breadth_top::top::limit_up_down_breadth_v1_20120705_20260814::000038,2022-05-12,csi500,中证500,10,True,10,True,2022-05-26,5743.1,0.029332590412843196,0.03930803921227222,-0.007485504344343807
limit_up_down_breadth_top,top,limit_up_down_breadth_v1_20120705_20260814,onset,limit_up_down_breadth_top::top::limit_up_down_breadth_v1_20120705_20260814::000038,2022-05-12,csi500,中证500,20,True,20,True,2022-06-10,5743.1,0.08653862896345177,0.08832512057947794,-0.007485504344343807
limit_up_down_breadth_top,top,limit_up_down_breadth_v1_20120705_20260814,onset,limit_up_down_breadth_top::top::limit_up_down_breadth_v1_20120705_20260814::000038,2022-05-12,microcap,微盘股,5,True,5,True,2022-05-19,1731.25,0.04062382671480136,0.04093574007220213,-0.0020505415162455076
limit_up_down_breadth_top,top,limit_up_down_breadth_v1_20120705_20260814,onset,limit_up_down_breadth_top::top::limit_up_down_breadth_v1_20120705_20260814::000038,2022-05-12,microcap,微盘股,10,True,10,True,2022-05-26,1731.25,0.051344404332130056,0.067494584837545,-0.0020505415162455076
limit_up_down_breadth_top,top,limit_up_down_breadth_v1_20120705_20260814,onset,limit_up_down_breadth_top::top::limit_up_down_breadth_v1_20120705_20260814::000038,2022-05-12,microcap,微盘股,20,True,20,True,2022-06-10,1731.25,0.0829111913357401,0.11237545126353798,-0.0020505415162455076
limit_up_down_breadth_top,top,limit_up_down_breadth_v1_20120705_20260814,onset,limit_up_down_breadth_top::top::limit_up_down_breadth_v1_20120705_20260814::000038,2022-05-12,sse_composite,上证指数,5,True,5,True,2022-05-19,3054.99,0.013738179175709408,0.016644899001306168,-0.00403274642470175
limit_up_down_breadth_top,top,limit_up_down_breadth_v1_20120705_20260814,onset,limit_up_down_breadth_top::top::limit_up_down_breadth_v1_20120705_20260814::000038,2022-05-12,sse_composite,上证指数,10,True,10,True,2022-05-26,3054.99,0.022297945328790147,0.03212449140586404,-0.00403274642470175
limit_up_down_breadth_top,top,limit_up_down_breadth_v1_20120705_20260814,onset,limit_up_down_breadth_top::top::limit_up_down_breadth_v1_20120705_20260814::000038,2022-05-12,sse_composite,上证指数,20,True,20,True,2022-06-10,3054.99,0.07523428881927607,0.07582021545078721,-0.00403274642470175
limit_up_down_breadth_top,top,limit_up_down_breadth_v1_20120705_20260814,onset,limit_up_down_breadth_top::top::limit_up_down_breadth_v1_20120705_20260814::000039,2022-05-16,all_a,全A,5,True,5,True,2022-05-23,4721.80126953125,0.031073450125224333,0.03158615667497289,-0.008737106976252629
limit_up_down_breadth_top,top,limit_up_down_breadth_v1_20120705_20260814,onset,limit_up_down_breadth_top::top::limit_up_down_breadth_v1_20120705_20260814::000039,2022-05-16,all_a,全A,10,True,10,True,2022-05-30,4721.80126953125,0.023903417585214193,0.03158615667497289,-0.008737106976252629
limit_up_down_breadth_top,top,limit_up_down_breadth_v1_20120705_20260814,onset,limit_up_down_breadth_top::top::limit_up_down_breadth_v1_20120705_20260814::000039,2022-05-16,all_a,全A,20,True,20,True,2022-06-14,4721.80126953125,0.07672677301277342,0.07684062737164266,-0.008737106976252629
limit_up_down_breadth_top,top,limit_up_down_breadth_v1_20120705_20260814,onset,limit_up_down_breadth_top::top::limit_up_down_breadth_v1_20120705_20260814::000039,2022-05-16,cni2000,国证2000,5,True,5,True,2022-05-23,7273.1,0.04054392212399094,0.04054392212399094,-0.015898310211601707
limit_up_down_breadth_top,top,limit_up_down_breadth_v1_20120705_20260814,onset,limit_up_down_breadth_top::top::limit_up_down_breadth_v1_20120705_20260814::000039,2022-05-16,cni2000,国证2000,10,True,10,True,2022-05-30,7273.1,0.033247171082481985,0.04132763195886202,-0.015898310211601707
limit_up_down_breadth_top,top,limit_up_down_breadth_v1_20120705_20260814,onset,limit_up_down_breadth_top::top::limit_up_down_breadth_v1_20120705_20260814::000039,2022-05-16,cni2000,国证2000,20,True,20,True,2022-06-14,7273.1,0.08652156576975423,0.08698629195253749,-0.015898310211601707
limit_up_down_breadth_top,top,limit_up_down_breadth_v1_20120705_20260814,onset,limit_up_down_breadth_top::top::limit_up_down_breadth_v1_20120705_20260814::000039,2022-05-16,csi1000,中证1000,5,True,5,True,2022-05-23,6082.88,0.04283990478194544,0.04309143037508556,-0.011372902309432442
limit_up_down_breadth_top,top,limit_up_down_breadth_v1_20120705_20260814,onset,limit_up_down_breadth_top::top::limit_up_down_breadth_v1_20120705_20260814::000039,2022-05-16,csi1000,中证1000,10,True,10,True,2022-05-30,6082.88,0.03279367667946764,0.04311115787258668,-0.011372902309432442
limit_up_down_breadth_top,top,limit_up_down_breadth_v1_20120705_20260814,onset,limit_up_down_breadth_top::top::limit_up_down_breadth_v1_20120705_20260814::000039,2022-05-16,csi1000,中证1000,20,True,20,True,2022-06-14,6082.88,0.09573918933136927,0.09880681519280343,-0.011372902309432442
limit_up_down_breadth_top,top,limit_up_down_breadth_v1_20120705_20260814,onset,limit_up_down_breadth_top::top::limit_up_down_breadth_v1_20120705_20260814::000039,2022-05-16,csi300,沪深300,5,True,5,True,2022-05-23,3956.54,0.02462757864194476,0.03144919550920755,-0.00576008330511002
limit_up_down_breadth_top,top,limit_up_down_breadth_v1_20120705_20260814,onset,limit_up_down_breadth_top::top::limit_up_down_breadth_v1_20120705_20260814::000039,2022-05-16,csi300,沪深300,10,True,10,True,2022-05-30,3956.54,0.018319036329722538,0.03144919550920755,-0.00576008330511002
limit_up_down_breadth_top,top,limit_up_down_breadth_v1_20120705_20260814,onset,limit_up_down_breadth_top::top::limit_up_down_breadth_v1_20120705_20260814::000039,2022-05-16,csi300,沪深300,20,True,20,True,2022-06-14,3956.54,0.06717232733651124,0.07198461281827062,-0.00576008330511002
limit_up_down_breadth_top,top,limit_up_down_breadth_v1_20120705_20260814,onset,limit_up_down_breadth_top::top::limit_up_down_breadth_v1_20120705_20260814::000039,2022-05-16,csi500,中证500,5,True,5,True,2022-05-23,5791.08,0.03015845058262001,0.03069721019222671,-0.015708641565994608
limit_up_down_breadth_top,top,limit_up_down_breadth_v1_20120705_20260814,onset,limit_up_down_breadth_top::top::limit_up_down_breadth_v1_20120705_20260814::000039,2022-05-16,csi500,中证500,10,True,10,True,2022-05-30,5791.08,0.02620409319159811,0.03069721019222671,-0.015708641565994608
limit_up_down_breadth_top,top,limit_up_down_breadth_v1_20120705_20260814,onset,limit_up_down_breadth_top::top::limit_up_down_breadth_v1_20120705_20260814::000039,2022-05-16,csi500,中证500,20,True,20,True,2022-06-14,5791.08,0.08366142412123478,0.08424853395221632,-0.015708641565994608
limit_up_down_breadth_top,top,limit_up_down_breadth_v1_20120705_20260814,onset,limit_up_down_breadth_top::top::limit_up_down_breadth_v1_20120705_20260814::000039,2022-05-16,microcap,微盘股,5,True,5,True,2022-05-23,1758.82,0.04807200282007251,0.04807200282007251,-0.01711943234668689
limit_up_down_breadth_top,top,limit_up_down_breadth_v1_20120705_20260814,onset,limit_up_down_breadth_top::top::limit_up_down_breadth_v1_20120705_20260814::000039,2022-05-16,microcap,微盘股,10,True,10,True,2022-05-30,1758.82,0.046627852764921984,0.05076130587553007,-0.01711943234668689
limit_up_down_breadth_top,top,limit_up_down_breadth_v1_20120705_20260814,onset,limit_up_down_breadth_top::top::limit_up_down_breadth_v1_20120705_20260814::000039,2022-05-16,microcap,微盘股,20,True,20,True,2022-06-14,1758.82,0.06568039935866099,0.09493865205080687,-0.01711943234668689
limit_up_down_breadth_top,top,limit_up_down_breadth_v1_20120705_20260814,onset,limit_up_down_breadth_top::top::limit_up_down_breadth_v1_20120705_20260814::000039,2022-05-16,sse_composite,上证指数,5,True,5,True,2022-05-23,3073.75,0.02378527856852375,0.024972753151687677,-0.010111427409516094
limit_up_down_breadth_top,top,limit_up_down_breadth_v1_20120705_20260814,onset,limit_up_down_breadth_top::top::limit_up_down_breadth_v1_20120705_20260814::000039,2022-05-16,sse_composite,上证指数,10,True,10,True,2022-05-30,3073.75,0.02450101667344451,0.025825132167547782,-0.010111427409516094
limit_up_down_breadth_top,top,limit_up_down_breadth_v1_20120705_20260814,onset,limit_up_down_breadth_top::top::limit_up_down_breadth_v1_20120705_20260814::000039,2022-05-16,sse_composite,上证指数,20,True,20,True,2022-06-14,3073.75,0.06999918666124438,0.07007076047173655,-0.010111427409516094
limit_up_down_breadth_top,top,limit_up_down_breadth_v1_20120705_20260814,onset,limit_up_down_breadth_top::top::limit_up_down_breadth_v1_20120705_20260814::000040,2024-03-05,all_a,全A,5,True,5,True,2024-03-12,4286.67431640625,0.019062185012169275,0.021846522238190724,-0.013006673000642732
limit_up_down_breadth_top,top,limit_up_down_breadth_v1_20120705_20260814,onset,limit_up_down_breadth_top::top::limit_up_down_breadth_v1_20120705_20260814::000040,2024-03-05,all_a,全A,10,True,10,True,2024-03-19,4286.67431640625,0.026739843416911713,0.03624809761446168,-0.013006673000642732
limit_up_down_breadth_top,top,limit_up_down_breadth_v1_20120705_20260814,onset,limit_up_down_breadth_top::top::limit_up_down_breadth_v1_20120705_20260814::000040,2024-03-05,all_a,全A,20,True,20,True,2024-04-02,4286.67431640625,0.02055288298618918,0.03646144500540993,-0.01635689908850657
limit_up_down_breadth_top,top,limit_up_down_breadth_v1_20120705_20260814,onset,limit_up_down_breadth_top::top::limit_up_down_breadth_v1_20120705_20260814::000040,2024-03-05,cni2000,国证2000,5,True,5,True,2024-03-12,6715.42,0.03358241182234312,0.035658231354107395,-0.011144500269528956
limit_up_down_breadth_top,top,limit_up_down_breadth_v1_20120705_20260814,onset,limit_up_down_breadth_top::top::limit_up_down_breadth_v1_20120705_20260814::000040,2024-03-05,cni2000,国证2000,10,True,10,True,2024-03-19,6715.42,0.059072999157163686,0.0678944876120926,-0.011144500269528956
limit_up_down_breadth_top,top,limit_up_down_breadth_v1_20120705_20260814,onset,limit_up_down_breadth_top::top::limit_up_down_breadth_v1_20120705_20260814::000040,2024-03-05,cni2000,国证2000,20,True,20,True,2024-04-02,6715.42,0.04582289715311938,0.07638539361648267,-0.011144500269528956
limit_up_down_breadth_top,top,limit_up_down_breadth_v1_20120705_20260814,onset,limit_up_down_breadth_top::top::limit_up_down_breadth_v1_20120705_20260814::000040,2024-03-05,csi1000,中证1000,5,True,5,True,2024-03-12,5375.13,0.022553873115626955,0.027789095333508262,-0.017112144264417872
limit_up_down_breadth_top,top,limit_up_down_breadth_v1_20120705_20260814,onset,limit_up_down_breadth_top::top::limit_up_down_breadth_v1_20120705_20260814::000040,2024-03-05,csi1000,中证1000,10,True,10,True,2024-03-19,5375.13,0.043226861489861435,0.053090808966480774,-0.017112144264417872
limit_up_down_breadth_top,top,limit_up_down_breadth_v1_20120705_20260814,onset,limit_up_down_breadth_top::top::limit_up_down_breadth_v1_20120705_20260814::000040,2024-03-05,csi1000,中证1000,20,True,20,True,2024-04-02,5375.13,0.029007670512155137,0.05866276722609487,-0.02100600357572746
limit_up_down_breadth_top,top,limit_up_down_breadth_v1_20120705_20260814,onset,limit_up_down_breadth_top::top::limit_up_down_breadth_v1_20120705_20260814::000040,2024-03-05,csi300,沪深300,5,True,5,True,2024-03-12,3565.51,0.008969263864075483,0.011271879759136683,-0.015125465922126269
limit_up_down_breadth_top,top,limit_up_down_breadth_v1_20120705_20260814,onset,limit_up_down_breadth_top::top::limit_up_down_breadth_v1_20120705_20260814::000040,2024-03-05,csi300,沪深300,10,True,10,True,2024-03-19,3565.51,0.003399233209274488,0.012685422281805359,-0.015125465922126269
limit_up_down_breadth_top,top,limit_up_down_breadth_v1_20120705_20260814,onset,limit_up_down_breadth_top::top::limit_up_down_breadth_v1_20120705_20260814::000040,2024-03-05,csi300,沪深300,20,True,20,True,2024-04-02,3565.51,0.004254650807317795,0.012685422281805359,-0.021348979528875378
limit_up_down_breadth_top,top,limit_up_down_breadth_v1_20120705_20260814,onset,limit_up_down_breadth_top::top::limit_up_down_breadth_v1_20120705_20260814::000040,2024-03-05,csi500,中证500,5,True,5,True,2024-03-12,5351.83,0.013432788410693286,0.0226950407617581,-0.015564769434006753
limit_up_down_breadth_top,top,limit_up_down_breadth_v1_20120705_20260814,onset,limit_up_down_breadth_top::top::limit_up_down_breadth_v1_20120705_20260814::000040,2024-03-05,csi500,中证500,10,True,10,True,2024-03-19,5351.83,0.02361622099356664,0.033971557392518115,-0.015564769434006753
limit_up_down_breadth_top,top,limit_up_down_breadth_v1_20120705_20260814,onset,limit_up_down_breadth_top::top::limit_up_down_breadth_v1_20120705_20260814::000040,2024-03-05,csi500,中证500,20,True,20,True,2024-04-02,5351.83,0.005493448035531756,0.033971557392518115,-0.03650153312044668
limit_up_down_breadth_top,top,limit_up_down_breadth_v1_20120705_20260814,onset,limit_up_down_breadth_top::top::limit_up_down_breadth_v1_20120705_20260814::000040,2024-03-05,microcap,微盘股,5,True,5,True,2024-03-12,2451.41,0.0913351907677622,0.0913351907677622,-0.0031451287218376978
limit_up_down_breadth_top,top,limit_up_down_breadth_v1_20120705_20260814,onset,limit_up_down_breadth_top::top::limit_up_down_breadth_v1_20120705_20260814::000040,2024-03-05,microcap,微盘股,10,True,10,True,2024-03-19,2451.41,0.1511007950526433,0.16307349647753755,-0.0031451287218376978
limit_up_down_breadth_top,top,limit_up_down_breadth_v1_20120705_20260814,onset,limit_up_down_breadth_top::top::limit_up_down_breadth_v1_20120705_20260814::000040,2024-03-05,microcap,微盘股,20,True,20,True,2024-04-02,2451.41,0.20032552694163774,0.2043436226498221,-0.0031451287218376978
limit_up_down_breadth_top,top,limit_up_down_breadth_v1_20120705_20260814,onset,limit_up_down_breadth_top::top::limit_up_down_breadth_v1_20120705_20260814::000040,2024-03-05,sse_composite,上证指数,5,True,5,True,2024-03-12,3047.79,0.002674068751455927,0.008970434314700126,-0.010135212727910958
limit_up_down_breadth_top,top,limit_up_down_breadth_v1_20120705_20260814,onset,limit_up_down_breadth_top::top::limit_up_down_breadth_v1_20120705_20260814::000040,2024-03-05,sse_composite,上证指数,10,True,10,True,2024-03-19,3047.79,0.00491175573120195,0.013865784716138752,-0.010135212727910958
limit_up_down_breadth_top,top,limit_up_down_breadth_v1_20120705_20260814,onset,limit_up_down_breadth_top::top::limit_up_down_breadth_v1_20120705_20260814::000040,2024-03-05,sse_composite,上证指数,20,True,20,True,2024-04-02,3047.79,0.008914656193504067,0.013865784716138752,-0.020890546920883657
limit_up_down_breadth_top,top,limit_up_down_breadth_v1_20120705_20260814,onset,limit_up_down_breadth_top::top::limit_up_down_breadth_v1_20120705_20260814::000041,2024-03-14,all_a,全A,5,True,5,True,2024-03-21,4339.60498046875,0.018677220202596656,0.0238196048364947,-0.006026096620302401
limit_up_down_breadth_top,top,limit_up_down_breadth_v1_20120705_20260814,onset,limit_up_down_breadth_top::top::limit_up_down_breadth_v1_20120705_20260814::000041,2024-03-14,all_a,全A,10,True,10,True,2024-03-28,4339.60498046875,-0.014744398066005249,0.0238196048364947,-0.02835450780314086
limit_up_down_breadth_top,top,limit_up_down_breadth_v1_20120705_20260814,onset,limit_up_down_breadth_top::top::limit_up_down_breadth_v1_20120705_20260814::000041,2024-03-14,all_a,全A,20,True,20,True,2024-04-15,4339.60498046875,-0.02078500943627526,0.0238196048364947,-0.03807477706637996
limit_up_down_breadth_top,top,limit_up_down_breadth_v1_20120705_20260814,onset,limit_up_down_breadth_top::top::limit_up_down_breadth_v1_20120705_20260814::000041,2024-03-14,cni2000,国证2000,5,True,5,True,2024-03-21,6927.7,0.038803643344833105,0.043402572282287055,-0.00501609480780052
limit_up_down_breadth_top,top,limit_up_down_breadth_v1_20120705_20260814,onset,limit_up_down_breadth_top::top::limit_up_down_breadth_v1_20120705_20260814::000041,2024-03-14,cni2000,国证2000,10,True,10,True,2024-03-28,6927.7,-0.012855637513171647,0.043402572282287055,-0.03742223248697263
limit_up_down_breadth_top,top,limit_up_down_breadth_v1_20120705_20260814,onset,limit_up_down_breadth_top::top::limit_up_down_breadth_v1_20120705_20260814::000041,2024-03-14,cni2000,国证2000,20,True,20,True,2024-04-15,6927.7,-0.050003608701300606,0.043402572282287055,-0.0634467427862061
limit_up_down_breadth_top,top,limit_up_down_breadth_v1_20120705_20260814,onset,limit_up_down_breadth_top::top::limit_up_down_breadth_v1_20120705_20260814::000041,2024-03-14,csi1000,中证1000,5,True,5,True,2024-03-21,5486.65,0.03128138299326544,0.03714470578586204,-0.004981181595326789
limit_up_down_breadth_top,top,limit_up_down_breadth_v1_20120705_20260814,onset,limit_up_down_breadth_top::top::limit_up_down_breadth_v1_20120705_20260814::000041,2024-03-14,csi1000,中证1000,10,True,10,True,2024-03-28,5486.65,-0.01902982694358124,0.03714470578586204,-0.040904741508935194
limit_up_down_breadth_top,top,limit_up_down_breadth_v1_20120705_20260814,onset,limit_up_down_breadth_top::top::limit_up_down_breadth_v1_20120705_20260814::000041,2024-03-14,csi1000,中证1000,20,True,20,True,2024-04-15,5486.65,-0.03629537149262285,0.03714470578586204,-0.051204286768793295
limit_up_down_breadth_top,top,limit_up_down_breadth_v1_20120705_20260814,onset,limit_up_down_breadth_top::top::limit_up_down_breadth_v1_20120705_20260814::000041,2024-03-14,csi300,沪深300,5,True,5,True,2024-03-21,3562.22,0.005297258451190556,0.013620719663580472,-0.00801185777408464
limit_up_down_breadth_top,top,limit_up_down_breadth_v1_20120705_20260814,onset,limit_up_down_breadth_top::top::limit_up_down_breadth_v1_20120705_20260814::000041,2024-03-14,csi300,沪深300,10,True,10,True,2024-03-28,3562.22,-0.011582664742772697,0.013620719663580472,-0.020445115686285487
limit_up_down_breadth_top,top,limit_up_down_breadth_v1_20120705_20260814,onset,limit_up_down_breadth_top::top::limit_up_down_breadth_v1_20120705_20260814::000041,2024-03-14,csi300,沪深300,20,True,20,True,2024-04-15,3562.22,-0.003688710972371112,0.013620719663580472,-0.025871507093890855
limit_up_down_breadth_top,top,limit_up_down_breadth_v1_20120705_20260814,onset,limit_up_down_breadth_top::top::limit_up_down_breadth_v1_20120705_20260814::000041,2024-03-14,csi500,中证500,5,True,5,True,2024-03-21,5392.93,0.01351769817149484,0.026091568034445123,-0.0066290495148277895
limit_up_down_breadth_top,top,limit_up_down_breadth_v1_20120705_20260814,onset,limit_up_down_breadth_top::top::limit_up_down_breadth_v1_20120705_20260814::000041,2024-03-14,csi500,中证500,10,True,10,True,2024-03-28,5392.93,-0.0313595763342005,0.026091568034445123,-0.0438444407770916
limit_up_down_breadth_top,top,limit_up_down_breadth_v1_20120705_20260814,onset,limit_up_down_breadth_top::top::limit_up_down_breadth_v1_20120705_20260814::000041,2024-03-14,csi500,中证500,20,True,20,True,2024-04-15,5392.93,-0.009866621669482045,0.026091568034445123,-0.0438444407770916
limit_up_down_breadth_top,top,limit_up_down_breadth_v1_20120705_20260814,onset,limit_up_down_breadth_top::top::limit_up_down_breadth_v1_20120705_20260814::000041,2024-03-14,microcap,微盘股,5,True,5,True,2024-03-21,2668.63,0.08895950356549998,0.0909155634164347,-0.0057107954268670325
limit_up_down_breadth_top,top,limit_up_down_breadth_v1_20120705_20260814,onset,limit_up_down_breadth_top::top::limit_up_down_breadth_v1_20120705_20260814::000041,2024-03-14,microcap,微盘股,10,True,10,True,2024-03-28,2668.63,0.04669437126915299,0.09137272682987141,-0.0057107954268670325
limit_up_down_breadth_top,top,limit_up_down_breadth_v1_20120705_20260814,onset,limit_up_down_breadth_top::top::limit_up_down_breadth_v1_20120705_20260814::000041,2024-03-14,microcap,微盘股,20,True,20,True,2024-04-15,2668.63,-0.0569917897947636,0.1063129770706317,-0.06763770174209238
limit_up_down_breadth_top,top,limit_up_down_breadth_v1_20120705_20260814,onset,limit_up_down_breadth_top::top::limit_up_down_breadth_v1_20120705_20260814::000041,2024-03-14,sse_composite,上证指数,5,True,5,True,2024-03-21,3038.23,0.0127969245251347,0.017055983253407403,-0.004940376469194319
limit_up_down_breadth_top,top,limit_up_down_breadth_v1_20120705_20260814,onset,limit_up_down_breadth_top::top::limit_up_down_breadth_v1_20120705_20260814::000041,2024-03-14,sse_composite,上证指数,10,True,10,True,2024-03-28,3038.23,-0.009074362375462108,0.017055983253407403,-0.017809711575489717
limit_up_down_breadth_top,top,limit_up_down_breadth_v1_20120705_20260814,onset,limit_up_down_breadth_top::top::limit_up_down_breadth_v1_20120705_20260814::000041,2024-03-14,sse_composite,上证指数,20,True,20,True,2024-04-15,3038.23,0.0063030119510372185,0.017055983253407403,-0.017809711575489717
limit_up_down_breadth_top,top,limit_up_down_breadth_v1_20120705_20260814,onset,limit_up_down_breadth_top::top::limit_up_down_breadth_v1_20120705_20260814::000042,2024-03-26,all_a,全A,5,True,5,True,2024-04-02,4313.99658203125,0.014089313434592743,0.018249214918056644,-0.02258670422911435
limit_up_down_breadth_top,top,limit_up_down_breadth_v1_20120705_20260814,onset,limit_up_down_breadth_top::top::limit_up_down_breadth_v1_20120705_20260814::000042,2024-03-26,all_a,全A,10,True,10,True,2024-04-11,4313.99658203125,-0.011269639781937069,0.018249214918056644,-0.02258670422911435
limit_up_down_breadth_top,top,limit_up_down_breadth_v1_20120705_20260814,onset,limit_up_down_breadth_top::top::limit_up_down_breadth_v1_20120705_20260814::000042,2024-03-26,all_a,全A,20,True,20,True,2024-04-25,4313.99658203125,-0.01839035706019143,0.018249214918056644,-0.04396583386766251
limit_up_down_breadth_top,top,limit_up_down_breadth_v1_20120705_20260814,onset,limit_up_down_breadth_top::top::limit_up_down_breadth_v1_20120705_20260814::000042,2024-03-26,cni2000,国证2000,5,True,5,True,2024-04-02,6916.8,0.01537416146194781,0.021320552856812336,-0.03590533194540835
limit_up_down_breadth_top,top,limit_up_down_breadth_v1_20120705_20260814,onset,limit_up_down_breadth_top::top::limit_up_down_breadth_v1_20120705_20260814::000042,2024-03-26,cni2000,国证2000,10,True,10,True,2024-04-11,6916.8,-0.019124450613000166,0.021320552856812336,-0.03590533194540835
limit_up_down_breadth_top,top,limit_up_down_breadth_v1_20120705_20260814,onset,limit_up_down_breadth_top::top::limit_up_down_breadth_v1_20120705_20260814::000042,2024-03-26,cni2000,国证2000,20,True,20,True,2024-04-25,6916.8,-0.041679678464029646,0.021320552856812336,-0.09945784177654415
limit_up_down_breadth_top,top,limit_up_down_breadth_v1_20120705_20260814,onset,limit_up_down_breadth_top::top::limit_up_down_breadth_v1_20120705_20260814::000042,2024-03-26,csi1000,中证1000,5,True,5,True,2024-04-02,5447.75,0.015290716350787159,0.020580973796521462,-0.034056261759441875
limit_up_down_breadth_top,top,limit_up_down_breadth_v1_20120705_20260814,onset,limit_up_down_breadth_top::top::limit_up_down_breadth_v1_20120705_20260814::000042,2024-03-26,csi1000,中证1000,10,True,10,True,2024-04-11,5447.75,-0.012451011885640795,0.020580973796521462,-0.034056261759441875
limit_up_down_breadth_top,top,limit_up_down_breadth_v1_20120705_20260814,onset,limit_up_down_breadth_top::top::limit_up_down_breadth_v1_20120705_20260814::000042,2024-03-26,csi1000,中证1000,20,True,20,True,2024-04-25,5447.75,-0.024553255931347828,0.020580973796521462,-0.07045293928686158
limit_up_down_breadth_top,top,limit_up_down_breadth_v1_20120705_20260814,onset,limit_up_down_breadth_top::top::limit_up_down_breadth_v1_20120705_20260814::000042,2024-03-26,csi300,沪深300,5,True,5,True,2024-04-02,3543.75,0.010421164021163998,0.016132627865961258,-0.015339682539682542
limit_up_down_breadth_top,top,limit_up_down_breadth_v1_20120705_20260814,onset,limit_up_down_breadth_top::top::limit_up_down_breadth_v1_20120705_20260814::000042,2024-03-26,csi300,沪深300,10,True,10,True,2024-04-11,3543.75,-0.011149206349206464,0.016132627865961258,-0.01659823633156976
limit_up_down_breadth_top,top,limit_up_down_breadth_v1_20120705_20260814,onset,limit_up_down_breadth_top::top::limit_up_down_breadth_v1_20120705_20260814::000042,2024-03-26,csi300,沪深300,20,True,20,True,2024-04-25,3543.75,-0.0038010582010581384,0.016660317460317486,-0.020794356261022995
limit_up_down_breadth_top,top,limit_up_down_breadth_v1_20120705_20260814,onset,limit_up_down_breadth_top::top::limit_up_down_breadth_v1_20120705_20260814::000042,2024-03-26,csi500,中证500,5,True,5,True,2024-04-02,5284.42,0.01831989130311351,0.022280590869007355,-0.024210793237479322
limit_up_down_breadth_top,top,limit_up_down_breadth_v1_20120705_20260814,onset,limit_up_down_breadth_top::top::limit_up_down_breadth_v1_20120705_20260814::000042,2024-03-26,csi500,中证500,10,True,10,True,2024-04-11,5284.42,0.003290805802718344,0.022280590869007355,-0.024210793237479322
limit_up_down_breadth_top,top,limit_up_down_breadth_v1_20120705_20260814,onset,limit_up_down_breadth_top::top::limit_up_down_breadth_v1_20120705_20260814::000042,2024-03-26,csi500,中证500,20,True,20,True,2024-04-25,5284.42,-0.004746027000124831,0.023896662263786617,-0.024210793237479322
limit_up_down_breadth_top,top,limit_up_down_breadth_v1_20120705_20260814,onset,limit_up_down_breadth_top::top::limit_up_down_breadth_v1_20120705_20260814::000042,2024-03-26,microcap,微盘股,5,True,5,True,2024-04-02,2790.08,0.05462567381580441,0.0581560385365294,-0.0305618476889552
limit_up_down_breadth_top,top,limit_up_down_breadth_v1_20120705_20260814,onset,limit_up_down_breadth_top::top::limit_up_down_breadth_v1_20120705_20260814::000042,2024-03-26,microcap,微盘股,10,True,10,True,2024-04-11,2790.08,-0.0051432216997361335,0.0581560385365294,-0.0305618476889552
limit_up_down_breadth_top,top,limit_up_down_breadth_v1_20120705_20260814,onset,limit_up_down_breadth_top::top::limit_up_down_breadth_v1_20120705_20260814::000042,2024-03-26,microcap,微盘股,20,True,20,True,2024-04-25,2790.08,-0.07752824291776583,0.0581560385365294,-0.19419156439958707
limit_up_down_breadth_top,top,limit_up_down_breadth_v1_20120705_20260814,onset,limit_up_down_breadth_top::top::limit_up_down_breadth_v1_20120705_20260814::000042,2024-03-26,sse_composite,上证指数,5,True,5,True,2024-04-02,3031.48,0.014342829245121091,0.017832873711850272,-0.015622732130840422
limit_up_down_breadth_top,top,limit_up_down_breadth_v1_20120705_20260814,onset,limit_up_down_breadth_top::top::limit_up_down_breadth_v1_20120705_20260814::000042,2024-03-26,sse_composite,上证指数,10,True,10,True,2024-04-11,3031.48,0.0009137451014025189,0.017832873711850272,-0.015622732130840422
limit_up_down_breadth_top,top,limit_up_down_breadth_v1_20120705_20260814,onset,limit_up_down_breadth_top::top::limit_up_down_breadth_v1_20120705_20260814::000042,2024-03-26,sse_composite,上证指数,20,True,20,True,2024-04-25,3031.48,0.007065855621676498,0.023443994352593478,-0.015622732130840422
limit_up_down_breadth_top,top,limit_up_down_breadth_v1_20120705_20260814,onset,limit_up_down_breadth_top::top::limit_up_down_breadth_v1_20120705_20260814::000043,2024-05-09,all_a,全A,5,True,5,True,2024-05-16,4441.63330078125,-0.014968342097727017,0.002478325371449319,-0.017610467362871196
limit_up_down_breadth_top,top,limit_up_down_breadth_v1_20120705_20260814,onset,limit_up_down_breadth_top::top::limit_up_down_breadth_v1_20120705_20260814::000043,2024-05-09,all_a,全A,10,True,10,True,2024-05-23,4441.63330078125,-0.02102465078467297,0.0025092164923408156,-0.02307632690281336
limit_up_down_breadth_top,top,limit_up_down_breadth_v1_20120705_20260814,onset,limit_up_down_breadth_top::top::limit_up_down_breadth_v1_20120705_20260814::000043,2024-05-09,all_a,全A,20,True,20,True,2024-06-06,4441.63330078125,-0.05660726447031894,0.0025092164923408156,-0.05925642543559506
limit_up_down_breadth_top,top,limit_up_down_breadth_v1_20120705_20260814,onset,limit_up_down_breadth_top::top::limit_up_down_breadth_v1_20120705_20260814::000043,2024-05-09,cni2000,国证2000,5,True,5,True,2024-05-16,7040.4,-0.026630589171069752,0.002562354411681067,-0.02941878302369183
limit_up_down_breadth_top,top,limit_up_down_breadth_v1_20120705_20260814,onset,limit_up_down_breadth_top::top::limit_up_down_breadth_v1_20120705_20260814::000043,2024-05-09,cni2000,国证2000,10,True,10,True,2024-05-23,7040.4,-0.03820805636043412,0.002562354411681067,-0.040189477870575474
limit_up_down_breadth_top,top,limit_up_down_breadth_v1_20120705_20260814,onset,limit_up_down_breadth_top::top::limit_up_down_breadth_v1_20120705_20260814::000043,2024-05-09,cni2000,国证2000,20,True,20,True,2024-06-06,7040.4,-0.10768280211351622,0.002562354411681067,-0.11137009260837438
limit_up_down_breadth_top,top,limit_up_down_breadth_v1_20120705_20260814,onset,limit_up_down_breadth_top::top::limit_up_down_breadth_v1_20120705_20260814::000043,2024-05-09,csi1000,中证1000,5,True,5,True,2024-05-16,5626.83,-0.024504028022883206,0.0026817941896237762,-0.027111179829495513
limit_up_down_breadth_top,top,limit_up_down_breadth_v1_20120705_20260814,onset,limit_up_down_breadth_top::top::limit_up_down_breadth_v1_20120705_20260814::000043,2024-05-09,csi1000,中证1000,10,True,10,True,2024-05-23,5626.83,-0.03803384854349612,0.0026817941896237762,-0.03995677850583723
limit_up_down_breadth_top,top,limit_up_down_breadth_v1_20120705_20260814,onset,limit_up_down_breadth_top::top::limit_up_down_breadth_v1_20120705_20260814::000043,2024-05-09,csi1000,中证1000,20,True,20,True,2024-06-06,5626.83,-0.08814199113888277,0.0026817941896237762,-0.09128052562455236
limit_up_down_breadth_top,top,limit_up_down_breadth_v1_20120705_20260814,onset,limit_up_down_breadth_top::top::limit_up_down_breadth_v1_20120705_20260814::000043,2024-05-09,csi300,沪深300,5,True,5,True,2024-05-16,3664.56,-0.006603794179928735,0.0030617591197852345,-0.011068177352806297
limit_up_down_breadth_top,top,limit_up_down_breadth_v1_20120705_20260814,onset,limit_up_down_breadth_top::top::limit_up_down_breadth_v1_20120705_20260814::000043,2024-05-09,csi300,沪深300,10,True,10,True,2024-05-23,3664.56,-0.006213569978387623,0.010497849673630766,-0.011068177352806297
limit_up_down_breadth_top,top,limit_up_down_breadth_v1_20120705_20260814,onset,limit_up_down_breadth_top::top::limit_up_down_breadth_v1_20120705_20260814::000043,2024-05-09,csi300,沪深300,20,True,20,True,2024-06-06,3664.56,-0.01973224616325009,0.010497849673630766,-0.026385159473442887
limit_up_down_breadth_top,top,limit_up_down_breadth_v1_20120705_20260814,onset,limit_up_down_breadth_top::top::limit_up_down_breadth_v1_20120705_20260814::000043,2024-05-09,csi500,中证500,5,True,5,True,2024-05-16,5556.77,-0.023772803265206255,0.002483457116274179,-0.026749352591523556
limit_up_down_breadth_top,top,limit_up_down_breadth_v1_20120705_20260814,onset,limit_up_down_breadth_top::top::limit_up_down_breadth_v1_20120705_20260814::000043,2024-05-09,csi500,中证500,10,True,10,True,2024-05-23,5556.77,-0.03499515006019682,0.002483457116274179,-0.03678035981334482
limit_up_down_breadth_top,top,limit_up_down_breadth_v1_20120705_20260814,onset,limit_up_down_breadth_top::top::limit_up_down_breadth_v1_20120705_20260814::000043,2024-05-09,csi500,中证500,20,True,20,True,2024-06-06,5556.77,-0.05902169785684852,0.002483457116274179,-0.061746302258326446
limit_up_down_breadth_top,top,limit_up_down_breadth_v1_20120705_20260814,onset,limit_up_down_breadth_top::top::limit_up_down_breadth_v1_20120705_20260814::000043,2024-05-09,microcap,微盘股,5,True,5,True,2024-05-16,2799.62,-0.004304155563969347,0.004986391010208591,-0.045320436344932546
limit_up_down_breadth_top,top,limit_up_down_breadth_v1_20120705_20260814,onset,limit_up_down_breadth_top::top::limit_up_down_breadth_v1_20120705_20260814::000043,2024-05-09,microcap,微盘股,10,True,10,True,2024-05-23,2799.62,-0.02804666347575746,0.015487816203627602,-0.045320436344932546
limit_up_down_breadth_top,top,limit_up_down_breadth_v1_20120705_20260814,onset,limit_up_down_breadth_top::top::limit_up_down_breadth_v1_20120705_20260814::000043,2024-05-09,microcap,微盘股,20,True,20,True,2024-06-06,2799.62,-0.1807495302933969,0.015487816203627602,-0.18965431022781665
limit_up_down_breadth_top,top,limit_up_down_breadth_v1_20120705_20260814,onset,limit_up_down_breadth_top::top::limit_up_down_breadth_v1_20120705_20260814::000043,2024-05-09,sse_composite,上证指数,5,True,5,True,2024-05-16,3154.32,-0.010119455223312812,0.0027961652590731134,-0.01209769459027632
limit_up_down_breadth_top,top,limit_up_down_breadth_v1_20120705_20260814,onset,limit_up_down_breadth_top::top::limit_up_down_breadth_v1_20120705_20260814::000043,2024-05-09,sse_composite,上证指数,10,True,10,True,2024-05-23,3154.32,-0.012024778716173468,0.006324659514570508,-0.013961804762991692
limit_up_down_breadth_top,top,limit_up_down_breadth_v1_20120705_20260814,onset,limit_up_down_breadth_top::top::limit_up_down_breadth_v1_20120705_20260814::000043,2024-05-09,sse_composite,上证指数,20,True,20,True,2024-06-06,3154.32,-0.03345570519161034,0.006324659514570508,-0.03597922848664692
limit_up_down_breadth_top,top,limit_up_down_breadth_v1_20120705_20260814,onset,limit_up_down_breadth_top::top::limit_up_down_breadth_v1_20120705_20260814::000044,2024-10-15,all_a,全A,5,True,5,True,2024-10-22,4524.67431640625,0.04503377908436734,0.050813826487209335,-0.013833652780387173
limit_up_down_breadth_top,top,limit_up_down_breadth_v1_20120705_20260814,onset,limit_up_down_breadth_top::top::limit_up_down_breadth_v1_20120705_20260814::000044,2024-10-15,all_a,全A,10,True,10,True,2024-10-29,4524.67431640625,0.05285148177856813,0.07179330176669096,-0.013833652780387173
limit_up_down_breadth_top,top,limit_up_down_breadth_v1_20120705_20260814,onset,limit_up_down_breadth_top::top::limit_up_down_breadth_v1_20120705_20260814::000044,2024-10-15,all_a,全A,20,True,20,True,2024-11-12,4524.67431640625,0.11811548073049538,0.14024554814621615,-0.013833652780387173
limit_up_down_breadth_top,top,limit_up_down_breadth_v1_20120705_20260814,onset,limit_up_down_breadth_top::top::limit_up_down_breadth_v1_20120705_20260814::000044,2024-10-15,cni2000,国证2000,5,True,5,True,2024-10-22,6857.79,0.07155949657251104,0.08167937484233256,-0.01492025856726431
limit_up_down_breadth_top,top,limit_up_down_breadth_v1_20120705_20260814,onset,limit_up_down_breadth_top::top::limit_up_down_breadth_v1_20120705_20260814::000044,2024-10-15,cni2000,国证2000,10,True,10,True,2024-10-29,6857.79,0.09388884757334348,0.11907917856918915,-0.01492025856726431
limit_up_down_breadth_top,top,limit_up_down_breadth_v1_20120705_20260814,onset,limit_up_down_breadth_top::top::limit_up_down_breadth_v1_20120705_20260814::000044,2024-10-15,cni2000,国证2000,20,True,20,True,2024-11-12,6857.79,0.18199594913230066,0.20380180787104885,-0.01492025856726431
limit_up_down_breadth_top,top,limit_up_down_breadth_v1_20120705_20260814,onset,limit_up_down_breadth_top::top::limit_up_down_breadth_v1_20120705_20260814::000044,2024-10-15,csi1000,中证1000,5,True,5,True,2024-10-22,5507.18,0.06929680889311762,0.08121397884216597,-0.015033102241074348
limit_up_down_breadth_top,top,limit_up_down_breadth_v1_20120705_20260814,onset,limit_up_down_breadth_top::top::limit_up_down_breadth_v1_20120705_20260814::000044,2024-10-15,csi1000,中证1000,10,True,10,True,2024-10-29,5507.18,0.08655246423759522,0.11012169567727947,-0.015033102241074348
limit_up_down_breadth_top,top,limit_up_down_breadth_v1_20120705_20260814,onset,limit_up_down_breadth_top::top::limit_up_down_breadth_v1_20120705_20260814::000044,2024-10-15,csi1000,中证1000,20,True,20,True,2024-11-12,5507.18,0.1788192868219307,0.20136984808922165,-0.015033102241074348
limit_up_down_breadth_top,top,limit_up_down_breadth_v1_20120705_20260814,onset,limit_up_down_breadth_top::top::limit_up_down_breadth_v1_20120705_20260814::000044,2024-10-15,csi300,沪深300,5,True,5,True,2024-10-22,3855.99,0.026397890036021998,0.03688287573359905,-0.023555559013379135
limit_up_down_breadth_top,top,limit_up_down_breadth_v1_20120705_20260814,onset,limit_up_down_breadth_top::top::limit_up_down_breadth_v1_20120705_20260814::000044,2024-10-15,csi300,沪深300,10,True,10,True,2024-10-29,3855.99,0.01780606277505914,0.04050581044037971,-0.023555559013379135
limit_up_down_breadth_top,top,limit_up_down_breadth_v1_20120705_20260814,onset,limit_up_down_breadth_top::top::limit_up_down_breadth_v1_20120705_20260814::000044,2024-10-15,csi300,沪深300,20,True,20,True,2024-11-12,3855.99,0.05958262339891962,0.08945043944616038,-0.023555559013379135
limit_up_down_breadth_top,top,limit_up_down_breadth_v1_20120705_20260814,onset,limit_up_down_breadth_top::top::limit_up_down_breadth_v1_20120705_20260814::000044,2024-10-15,csi500,中证500,5,True,5,True,2024-10-22,5472.56,0.05140007601561236,0.059445670764687764,-0.014415556887453107
limit_up_down_breadth_top,top,limit_up_down_breadth_v1_20120705_20260814,onset,limit_up_down_breadth_top::top::limit_up_down_breadth_v1_20120705_20260814::000044,2024-10-15,csi500,中证500,10,True,10,True,2024-10-29,5472.56,0.062122662885377045,0.08125082228426916,-0.014415556887453107
limit_up_down_breadth_top,top,limit_up_down_breadth_v1_20120705_20260814,onset,limit_up_down_breadth_top::top::limit_up_down_breadth_v1_20120705_20260814::000044,2024-10-15,csi500,中证500,20,True,20,True,2024-11-12,5472.56,0.14459777508149751,0.16636089873843307,-0.014415556887453107
limit_up_down_breadth_top,top,limit_up_down_breadth_v1_20120705_20260814,onset,limit_up_down_breadth_top::top::limit_up_down_breadth_v1_20120705_20260814::000044,2024-10-15,microcap,微盘股,5,True,5,True,2024-10-22,3143.33,0.06554831977552467,0.06793114308710835,-0.011780500297455143
limit_up_down_breadth_top,top,limit_up_down_breadth_v1_20120705_20260814,onset,limit_up_down_breadth_top::top::limit_up_down_breadth_v1_20120705_20260814::000044,2024-10-15,microcap,微盘股,10,True,10,True,2024-10-29,3143.33,0.11953883302103185,0.15837662606216973,-0.011780500297455143
limit_up_down_breadth_top,top,limit_up_down_breadth_v1_20120705_20260814,onset,limit_up_down_breadth_top::top::limit_up_down_breadth_v1_20120705_20260814::000044,2024-10-15,microcap,微盘股,20,True,20,True,2024-11-12,3143.33,0.22743396334460586,0.24770864020004257,-0.011780500297455143
limit_up_down_breadth_top,top,limit_up_down_breadth_v1_20120705_20260814,onset,limit_up_down_breadth_top::top::limit_up_down_breadth_v1_20120705_20260814::000044,2024-10-15,sse_composite,上证指数,5,True,5,True,2024-10-22,3201.29,0.02642059919594919,0.035201434421748834,-0.015140771376538797
limit_up_down_breadth_top,top,limit_up_down_breadth_v1_20120705_20260814,onset,limit_up_down_breadth_top::top::limit_up_down_breadth_v1_20120705_20260814::000044,2024-10-15,sse_composite,上证指数,10,True,10,True,2024-10-29,3201.29,0.026589281196017778,0.0434730999066002,-0.015140771376538797
limit_up_down_breadth_top,top,limit_up_down_breadth_v1_20120705_20260814,onset,limit_up_down_breadth_top::top::limit_up_down_breadth_v1_20120705_20260814::000044,2024-10-15,sse_composite,上证指数,20,True,20,True,2024-11-12,3201.29,0.0689347106947511,0.0963767731133387,-0.015140771376538797
limit_up_down_breadth_top,top,limit_up_down_breadth_v1_20120705_20260814,onset,limit_up_down_breadth_top::top::limit_up_down_breadth_v1_20120705_20260814::000045,2024-11-04,all_a,全A,5,True,5,True,2024-11-11,4803.00830078125,0.06564113209891143,0.07046395584798382,-0.0024096836282517797
limit_up_down_breadth_top,top,limit_up_down_breadth_v1_20120705_20260814,onset,limit_up_down_breadth_top::top::limit_up_down_breadth_v1_20120705_20260814::000045,2024-11-04,all_a,全A,10,True,10,True,2024-11-18,4803.00830078125,-0.004652337336188972,0.07416840092792598,-0.010086350300679281
limit_up_down_breadth_top,top,limit_up_down_breadth_v1_20120705_20260814,onset,limit_up_down_breadth_top::top::limit_up_down_breadth_v1_20120705_20260814::000045,2024-11-04,all_a,全A,20,True,20,True,2024-12-02,4803.00830078125,0.023797239706031315,0.07416840092792598,-0.0309671235709309
limit_up_down_breadth_top,top,limit_up_down_breadth_v1_20120705_20260814,onset,limit_up_down_breadth_top::top::limit_up_down_breadth_v1_20120705_20260814::000045,2024-11-04,cni2000,国证2000,5,True,5,True,2024-11-11,7516.89,0.0930517807231448,0.09311164590675114,0.0004536450579959439
limit_up_down_breadth_top,top,limit_up_down_breadth_v1_20120705_20260814,onset,limit_up_down_breadth_top::top::limit_up_down_breadth_v1_20120705_20260814::000045,2024-11-04,cni2000,国证2000,10,True,10,True,2024-11-18,7516.89,-0.005427776646991012,0.09824940899760404,-0.011565953472779333
limit_up_down_breadth_top,top,limit_up_down_breadth_v1_20120705_20260814,onset,limit_up_down_breadth_top::top::limit_up_down_breadth_v1_20120705_20260814::000045,2024-11-04,cni2000,国证2000,20,True,20,True,2024-12-02,7516.89,0.0672006641044367,0.09824940899760404,-0.01678885815809472
limit_up_down_breadth_top,top,limit_up_down_breadth_v1_20120705_20260814,onset,limit_up_down_breadth_top::top::limit_up_down_breadth_v1_20120705_20260814::000045,2024-11-04,csi1000,中证1000,5,True,5,True,2024-11-11,6053.11,0.08688095871378532,0.08713867747323278,-0.00027258714941569284
limit_up_down_breadth_top,top,limit_up_down_breadth_v1_20120705_20260814,onset,limit_up_down_breadth_top::top::limit_up_down_breadth_v1_20120705_20260814::000045,2024-11-04,csi1000,中证1000,10,True,10,True,2024-11-18,6053.11,-0.012976800355519624,0.09301829968396413,-0.01916700671225202
limit_up_down_breadth_top,top,limit_up_down_breadth_v1_20120705_20260814,onset,limit_up_down_breadth_top::top::limit_up_down_breadth_v1_20120705_20260814::000045,2024-11-04,csi1000,中证1000,20,True,20,True,2024-12-02,6053.11,0.043035728741093404,0.09301829968396413,-0.03239822174055973
limit_up_down_breadth_top,top,limit_up_down_breadth_v1_20120705_20260814,onset,limit_up_down_breadth_top::top::limit_up_down_breadth_v1_20120705_20260814::000045,2024-11-04,csi300,沪深300,5,True,5,True,2024-11-11,3944.76,0.047244952798142226,0.06493424188036778,-0.004905241383506342
limit_up_down_breadth_top,top,limit_up_down_breadth_v1_20120705_20260814,onset,limit_up_down_breadth_top::top::limit_up_down_breadth_v1_20120705_20260814::000045,2024-11-04,csi300,沪深300,10,True,10,True,2024-11-18,3944.76,0.0014246747584136799,0.06493424188036778,-0.004905241383506342
limit_up_down_breadth_top,top,limit_up_down_breadth_v1_20120705_20260814,onset,limit_up_down_breadth_top::top::limit_up_down_breadth_v1_20120705_20260814::000045,2024-11-04,csi300,沪深300,20,True,20,True,2024-12-02,3944.76,0.0007275474300083573,0.06493424188036778,-0.03357365213599817
limit_up_down_breadth_top,top,limit_up_down_breadth_v1_20120705_20260814,onset,limit_up_down_breadth_top::top::limit_up_down_breadth_v1_20120705_20260814::000045,2024-11-04,csi500,中证500,5,True,5,True,2024-11-11,5928.91,0.06775444390284213,0.06827055900663037,-0.0030393445000851393
limit_up_down_breadth_top,top,limit_up_down_breadth_v1_20120705_20260814,onset,limit_up_down_breadth_top::top::limit_up_down_breadth_v1_20120705_20260814::000045,2024-11-04,csi500,中证500,10,True,10,True,2024-11-18,5928.91,-0.016169919934692856,0.07658574678988206,-0.021757793591064778
limit_up_down_breadth_top,top,limit_up_down_breadth_v1_20120705_20260814,onset,limit_up_down_breadth_top::top::limit_up_down_breadth_v1_20120705_20260814::000045,2024-11-04,csi500,中证500,20,True,20,True,2024-12-02,5928.91,0.002481063129647687,0.07658574678988206,-0.05480096678816171
limit_up_down_breadth_top,top,limit_up_down_breadth_v1_20120705_20260814,onset,limit_up_down_breadth_top::top::limit_up_down_breadth_v1_20120705_20260814::000045,2024-11-04,microcap,微盘股,5,True,5,True,2024-11-11,3524.79,0.09539007997639581,0.09539007997639581,0.0013192275284485966
limit_up_down_breadth_top,top,limit_up_down_breadth_v1_20120705_20260814,onset,limit_up_down_breadth_top::top::limit_up_down_breadth_v1_20120705_20260814::000045,2024-11-04,microcap,微盘股,10,True,10,True,2024-11-18,3524.79,0.025056811895176834,0.11267905322019178,0.0013192275284485966
limit_up_down_breadth_top,top,limit_up_down_breadth_v1_20120705_20260814,onset,limit_up_down_breadth_top::top::limit_up_down_breadth_v1_20120705_20260814::000045,2024-11-04,microcap,微盘股,20,True,20,True,2024-12-02,3524.79,0.14487671605968022,0.14487671605968022,0.0013192275284485966
limit_up_down_breadth_top,top,limit_up_down_breadth_v1_20120705_20260814,onset,limit_up_down_breadth_top::top::limit_up_down_breadth_v1_20120705_20260814::000045,2024-11-04,sse_composite,上证指数,5,True,5,True,2024-11-11,3310.21,0.04829300860066277,0.06030131018877971,-0.0024651004014850653
limit_up_down_breadth_top,top,limit_up_down_breadth_v1_20120705_20260814,onset,limit_up_down_breadth_top::top::limit_up_down_breadth_v1_20120705_20260814::000045,2024-11-04,sse_composite,上证指数,10,True,10,True,2024-11-18,3310.21,0.004120584494639257,0.06030131018877971,-0.0024651004014850653
limit_up_down_breadth_top,top,limit_up_down_breadth_v1_20120705_20260814,onset,limit_up_down_breadth_top::top::limit_up_down_breadth_v1_20120705_20260814::000045,2024-11-04,sse_composite,上证指数,20,True,20,True,2024-12-02,3310.21,0.016243682424982087,0.06030131018877971,-0.025028623561647145
limit_up_down_breadth_top,top,limit_up_down_breadth_v1_20120705_20260814,onset,limit_up_down_breadth_top::top::limit_up_down_breadth_v1_20120705_20260814::000046,2024-11-12,all_a,全A,5,True,5,True,2024-11-19,5059.1083984375,-0.0404635474344599,0.0033744636404751116,-0.0648047003712171
limit_up_down_breadth_top,top,limit_up_down_breadth_v1_20120705_20260814,onset,limit_up_down_breadth_top::top::limit_up_down_breadth_v1_20120705_20260814::000046,2024-11-12,all_a,全A,10,True,10,True,2024-11-26,5059.1083984375,-0.0672558988689761,0.0033744636404751116,-0.07363690991283323
limit_up_down_breadth_top,top,limit_up_down_breadth_v1_20120705_20260814,onset,limit_up_down_breadth_top::top::limit_up_down_breadth_v1_20120705_20260814::000046,2024-11-12,all_a,全A,20,True,20,True,2024-12-10,5059.1083984375,-0.016066319121587402,0.007812429121593301,-0.08002110596084144
limit_up_down_breadth_top,top,limit_up_down_breadth_v1_20120705_20260814,onset,limit_up_down_breadth_top::top::limit_up_down_breadth_v1_20120705_20260814::000046,2024-11-12,cni2000,国证2000,5,True,5,True,2024-11-19,8105.88,-0.050996313787028624,0.00393788213000934,-0.08338761491657909
limit_up_down_breadth_top,top,limit_up_down_breadth_v1_20120705_20260814,onset,limit_up_down_breadth_top::top::limit_up_down_breadth_v1_20120705_20260814::000046,2024-11-12,cni2000,国证2000,10,True,10,True,2024-11-26,8105.88,-0.06589044002625255,0.00393788213000934,-0.08338761491657909
limit_up_down_breadth_top,top,limit_up_down_breadth_v1_20120705_20260814,onset,limit_up_down_breadth_top::top::limit_up_down_breadth_v1_20120705_20260814::000046,2024-11-12,cni2000,国证2000,20,True,20,True,2024-12-10,8105.88,0.003741728226916763,0.0235841142479285,-0.08823101254891519
limit_up_down_breadth_top,top,limit_up_down_breadth_v1_20120705_20260814,onset,limit_up_down_breadth_top::top::limit_up_down_breadth_v1_20120705_20260814::000046,2024-11-12,csi1000,中证1000,5,True,5,True,2024-11-19,6491.97,-0.055713442914862576,0.003177771924392836,-0.08547174432414195
limit_up_down_breadth_top,top,limit_up_down_breadth_v1_20120705_20260814,onset,limit_up_down_breadth_top::top::limit_up_down_breadth_v1_20120705_20260814::000046,2024-11-12,csi1000,中证1000,10,True,10,True,2024-11-26,6491.97,-0.07862020311246054,0.003177771924392836,-0.08547174432414195
limit_up_down_breadth_top,top,limit_up_down_breadth_v1_20120705_20260814,onset,limit_up_down_breadth_top::top::limit_up_down_breadth_v1_20120705_20260814::000046,2024-11-12,csi1000,中证1000,20,True,20,True,2024-12-10,6491.97,-0.020017036431160262,0.003177771924392836,-0.09780852345281943
limit_up_down_breadth_top,top,limit_up_down_breadth_v1_20120705_20260814,onset,limit_up_down_breadth_top::top::limit_up_down_breadth_v1_20120705_20260814::000046,2024-11-12,csi300,沪深300,5,True,5,True,2024-11-19,4085.74,-0.02664144071820529,0.008647148374590685,-0.046256002584599054
limit_up_down_breadth_top,top,limit_up_down_breadth_v1_20120705_20260814,onset,limit_up_down_breadth_top::top::limit_up_down_breadth_v1_20120705_20260814::000046,2024-11-12,csi300,沪深300,10,True,10,True,2024-11-26,4085.74,-0.06010171963952671,0.008647148374590685,-0.06692055784264284
limit_up_down_breadth_top,top,limit_up_down_breadth_v1_20120705_20260814,onset,limit_up_down_breadth_top::top::limit_up_down_breadth_v1_20120705_20260814::000046,2024-11-12,csi300,沪深300,20,True,20,True,2024-12-10,4085.74,-0.022052308761693062,0.008647148374590685,-0.06692055784264284
limit_up_down_breadth_top,top,limit_up_down_breadth_v1_20120705_20260814,onset,limit_up_down_breadth_top::top::limit_up_down_breadth_v1_20120705_20260814::000046,2024-11-12,csi500,中证500,5,True,5,True,2024-11-19,6263.88,-0.05224876594059913,0.002937476452294696,-0.07785589762255984
limit_up_down_breadth_top,top,limit_up_down_breadth_v1_20120705_20260814,onset,limit_up_down_breadth_top::top::limit_up_down_breadth_v1_20120705_20260814::000046,2024-11-12,csi500,中证500,10,True,10,True,2024-11-26,6263.88,-0.09154070639922873,0.002937476452294696,-0.09607304099056813
limit_up_down_breadth_top,top,limit_up_down_breadth_v1_20120705_20260814,onset,limit_up_down_breadth_top::top::limit_up_down_breadth_v1_20120705_20260814::000046,2024-11-12,csi500,中证500,20,True,20,True,2024-12-10,6263.88,-0.04339003940049935,0.002937476452294696,-0.10534684572501396
limit_up_down_breadth_top,top,limit_up_down_breadth_v1_20120705_20260814,onset,limit_up_down_breadth_top::top::limit_up_down_breadth_v1_20120705_20260814::000046,2024-11-12,microcap,微盘股,5,True,5,True,2024-11-19,3858.23,-0.043113033696798864,0.012497958908618712,-0.07239070765610145
limit_up_down_breadth_top,top,limit_up_down_breadth_v1_20120705_20260814,onset,limit_up_down_breadth_top::top::limit_up_down_breadth_v1_20120705_20260814::000046,2024-11-12,microcap,微盘股,10,True,10,True,2024-11-26,3858.23,-0.011660787459534583,0.012497958908618712,-0.07239070765610145
limit_up_down_breadth_top,top,limit_up_down_breadth_v1_20120705_20260814,onset,limit_up_down_breadth_top::top::limit_up_down_breadth_v1_20120705_20260814::000046,2024-11-12,microcap,微盘股,20,True,20,True,2024-12-10,3858.23,0.07902587455905952,0.1045894101699485,-0.07239070765610145
limit_up_down_breadth_top,top,limit_up_down_breadth_v1_20120705_20260814,onset,limit_up_down_breadth_top::top::limit_up_down_breadth_v1_20120705_20260814::000046,2024-11-12,sse_composite,上证指数,5,True,5,True,2024-11-19,3421.97,-0.02219773989836249,0.005941022276641839,-0.04028089083188913
limit_up_down_breadth_top,top,limit_up_down_breadth_v1_20120705_20260814,onset,limit_up_down_breadth_top::top::limit_up_down_breadth_v1_20120705_20260814::000046,2024-11-12,sse_composite,上证指数,10,True,10,True,2024-11-26,3421.97,-0.04740251960128217,0.005941022276641839,-0.055245954815500986
limit_up_down_breadth_top,top,limit_up_down_breadth_v1_20120705_20260814,onset,limit_up_down_breadth_top::top::limit_up_down_breadth_v1_20120705_20260814::000046,2024-11-12,sse_composite,上证指数,20,True,20,True,2024-12-10,3421.97,0.0002016382376233139,0.021303518148902523,-0.056870749889683325
limit_up_down_breadth_top,top,limit_up_down_breadth_v1_20120705_20260814,onset,limit_up_down_breadth_top::top::limit_up_down_breadth_v1_20120705_20260814::000047,2024-12-09,all_a,全A,5,True,5,True,2024-12-16,4940.2431640625,-0.006402495132747599,0.03206100487288599,-0.01001431364576133
limit_up_down_breadth_top,top,limit_up_down_breadth_v1_20120705_20260814,onset,limit_up_down_breadth_top::top::limit_up_down_breadth_v1_20120705_20260814::000047,2024-12-09,all_a,全A,10,True,10,True,2024-12-23,4940.2431640625,-0.025857469613895234,0.03206100487288599,-0.02690919937874703
limit_up_down_breadth_top,top,limit_up_down_breadth_v1_20120705_20260814,onset,limit_up_down_breadth_top::top::limit_up_down_breadth_v1_20120705_20260814::000047,2024-12-09,all_a,全A,20,True,20,True,2025-01-07,4940.2431640625,-0.07542822826479512,0.03206100487288599,-0.09341862877210827
limit_up_down_breadth_top,top,limit_up_down_breadth_v1_20120705_20260814,onset,limit_up_down_breadth_top::top::limit_up_down_breadth_v1_20120705_20260814::000047,2024-12-09,cni2000,国证2000,5,True,5,True,2024-12-16,8055.2,0.0015319296851723507,0.032766411758863745,-0.0035716059191577276
limit_up_down_breadth_top,top,limit_up_down_breadth_v1_20120705_20260814,onset,limit_up_down_breadth_top::top::limit_up_down_breadth_v1_20120705_20260814::000047,2024-12-09,cni2000,国证2000,10,True,10,True,2024-12-23,8055.2,-0.040131840301916744,0.032766411758863745,-0.04188474525772168
limit_up_down_breadth_top,top,limit_up_down_breadth_v1_20120705_20260814,onset,limit_up_down_breadth_top::top::limit_up_down_breadth_v1_20120705_20260814::000047,2024-12-09,cni2000,国证2000,20,True,20,True,2025-01-07,8055.2,-0.10349587843877239,0.032766411758863745,-0.13234680703148272
limit_up_down_breadth_top,top,limit_up_down_breadth_v1_20120705_20260814,onset,limit_up_down_breadth_top::top::limit_up_down_breadth_v1_20120705_20260814::000047,2024-12-09,csi1000,中证1000,5,True,5,True,2024-12-16,6303.27,-0.0040851811837347984,0.030876037358386954,-0.0087430809722574
limit_up_down_breadth_top,top,limit_up_down_breadth_v1_20120705_20260814,onset,limit_up_down_breadth_top::top::limit_up_down_breadth_v1_20120705_20260814::000047,2024-12-09,csi1000,中证1000,10,True,10,True,2024-12-23,6303.27,-0.03282264602341334,0.030876037358386954,-0.03432504081214993
limit_up_down_breadth_top,top,limit_up_down_breadth_v1_20120705_20260814,onset,limit_up_down_breadth_top::top::limit_up_down_breadth_v1_20120705_20260814::000047,2024-12-09,csi1000,中证1000,20,True,20,True,2025-01-07,6303.27,-0.09697030271589202,0.030876037358386954,-0.11761672909458121
limit_up_down_breadth_top,top,limit_up_down_breadth_v1_20120705_20260814,onset,limit_up_down_breadth_top::top::limit_up_down_breadth_v1_20120705_20260814::000047,2024-12-09,csi300,沪深300,5,True,5,True,2024-12-16,3966.57,-0.013797815240875644,0.03323022157682831,-0.016366785409056228
limit_up_down_breadth_top,top,limit_up_down_breadth_v1_20120705_20260814,onset,limit_up_down_breadth_top::top::limit_up_down_breadth_v1_20120705_20260814::000047,2024-12-09,csi300,沪深300,10,True,10,True,2024-12-23,3966.57,-0.008319530475952797,0.03323022157682831,-0.016845788678883866
limit_up_down_breadth_top,top,limit_up_down_breadth_v1_20120705_20260814,onset,limit_up_down_breadth_top::top::limit_up_down_breadth_v1_20120705_20260814::000047,2024-12-09,csi300,沪深300,20,True,20,True,2025-01-07,3966.57,-0.042974156513057915,0.03323022157682831,-0.056345910950771017
limit_up_down_breadth_top,top,limit_up_down_breadth_v1_20120705_20260814,onset,limit_up_down_breadth_top::top::limit_up_down_breadth_v1_20120705_20260814::000047,2024-12-09,csi500,中证500,5,True,5,True,2024-12-16,5947.11,-0.005802818511848495,0.032614160491398314,-0.009932555476525495
limit_up_down_breadth_top,top,limit_up_down_breadth_v1_20120705_20260814,onset,limit_up_down_breadth_top::top::limit_up_down_breadth_v1_20120705_20260814::000047,2024-12-09,csi500,中证500,10,True,10,True,2024-12-23,5947.11,-0.021617222482852916,0.032614160491398314,-0.022156980449327457
limit_up_down_breadth_top,top,limit_up_down_breadth_v1_20120705_20260814,onset,limit_up_down_breadth_top::top::limit_up_down_breadth_v1_20120705_20260814::000047,2024-12-09,csi500,中证500,20,True,20,True,2025-01-07,5947.11,-0.07775709546317444,0.032614160491398314,-0.0946308374992223
limit_up_down_breadth_top,top,limit_up_down_breadth_v1_20120705_20260814,onset,limit_up_down_breadth_top::top::limit_up_down_breadth_v1_20120705_20260814::000047,2024-12-09,microcap,微盘股,5,True,5,True,2024-12-16,4147.33,0.030694446788656737,0.041281981419371006,0.0023075086863113548
limit_up_down_breadth_top,top,limit_up_down_breadth_v1_20120705_20260814,onset,limit_up_down_breadth_top::top::limit_up_down_breadth_v1_20120705_20260814::000047,2024-12-09,microcap,微盘股,10,True,10,True,2024-12-23,4147.33,-0.0847026882355636,0.041281981419371006,-0.08761781676403857
limit_up_down_breadth_top,top,limit_up_down_breadth_v1_20120705_20260814,onset,limit_up_down_breadth_top::top::limit_up_down_breadth_v1_20120705_20260814::000047,2024-12-09,microcap,微盘股,20,True,20,True,2025-01-07,4147.33,-0.1454092150853682,0.041281981419371006,-0.20497283794634147
limit_up_down_breadth_top,top,limit_up_down_breadth_v1_20120705_20260814,onset,limit_up_down_breadth_top::top::limit_up_down_breadth_v1_20120705_20260814::000047,2024-12-09,sse_composite,上证指数,5,True,5,True,2024-12-16,3402.53,-0.0047611630169316355,0.027138629196509667,-0.007638433753706875
limit_up_down_breadth_top,top,limit_up_down_breadth_v1_20120705_20260814,onset,limit_up_down_breadth_top::top::limit_up_down_breadth_v1_20120705_20260814::000047,2024-12-09,sse_composite,上证指数,10,True,10,True,2024-12-23,3402.53,-0.015068199251733305,0.027138629196509667,-0.016475975230196505
limit_up_down_breadth_top,top,limit_up_down_breadth_v1_20120705_20260814,onset,limit_up_down_breadth_top::top::limit_up_down_breadth_v1_20120705_20260814::000047,2024-12-09,sse_composite,上证指数,20,True,20,True,2025-01-07,3402.53,-0.050812189752919235,0.027138629196509667,-0.06379664543736574
limit_up_down_breadth_top,top,limit_up_down_breadth_v1_20120705_20260814,onset,limit_up_down_breadth_top::top::limit_up_down_breadth_v1_20120705_20260814::000048,2025-04-17,all_a,全A,5,True,5,True,2025-04-24,4617.8818359375,0.008813078236331151,0.01766623081850427,-0.006010728928031339
limit_up_down_breadth_top,top,limit_up_down_breadth_v1_20120705_20260814,onset,limit_up_down_breadth_top::top::limit_up_down_breadth_v1_20120705_20260814::000048,2025-04-17,all_a,全A,10,True,10,True,2025-05-06,4617.8818359375,0.02900039778282082,0.029022179617236077,-0.006010728928031339
limit_up_down_breadth_top,top,limit_up_down_breadth_v1_20120705_20260814,onset,limit_up_down_breadth_top::top::limit_up_down_breadth_v1_20120705_20260814::000048,2025-04-17,all_a,全A,20,True,20,True,2025-05-20,4617.8818359375,0.048872303678528795,0.05867307179482939,-0.006010728928031339
limit_up_down_breadth_top,top,limit_up_down_breadth_v1_20120705_20260814,onset,limit_up_down_breadth_top::top::limit_up_down_breadth_v1_20120705_20260814::000048,2025-04-17,cni2000,国证2000,5,True,5,True,2025-04-24,7478.2,0.0196972533497366,0.03521034473536422,-0.007608782862186025
limit_up_down_breadth_top,top,limit_up_down_breadth_v1_20120705_20260814,onset,limit_up_down_breadth_top::top::limit_up_down_breadth_v1_20120705_20260814::000048,2025-04-17,cni2000,国证2000,10,True,10,True,2025-05-06,7478.2,0.0574911074857587,0.0574911074857587,-0.007608782862186025
limit_up_down_breadth_top,top,limit_up_down_breadth_v1_20120705_20260814,onset,limit_up_down_breadth_top::top::limit_up_down_breadth_v1_20120705_20260814::000048,2025-04-17,cni2000,国证2000,20,True,20,True,2025-05-20,7478.2,0.07174721189591082,0.08111042764301568,-0.007608782862186025
limit_up_down_breadth_top,top,limit_up_down_breadth_v1_20120705_20260814,onset,limit_up_down_breadth_top::top::limit_up_down_breadth_v1_20120705_20260814::000048,2025-04-17,csi1000,中证1000,5,True,5,True,2025-04-24,5839.56,0.013857208419812306,0.0297488166916684,-0.00783791929528943
limit_up_down_breadth_top,top,limit_up_down_breadth_v1_20120705_20260814,onset,limit_up_down_breadth_top::top::limit_up_down_breadth_v1_20120705_20260814::000048,2025-04-17,csi1000,中证1000,10,True,10,True,2025-05-06,5839.56,0.04509928830254317,0.04509928830254317,-0.00783791929528943
limit_up_down_breadth_top,top,limit_up_down_breadth_v1_20120705_20260814,onset,limit_up_down_breadth_top::top::limit_up_down_breadth_v1_20120705_20260814::000048,2025-04-17,csi1000,中证1000,20,True,20,True,2025-05-20,5839.56,0.05247998136845933,0.06522409222612646,-0.00783791929528943
limit_up_down_breadth_top,top,limit_up_down_breadth_v1_20120705_20260814,onset,limit_up_down_breadth_top::top::limit_up_down_breadth_v1_20120705_20260814::000048,2025-04-17,csi300,沪深300,5,True,5,True,2025-04-24,3772.22,0.00321826404610559,0.009471875977541178,-0.004721357715085528
limit_up_down_breadth_top,top,limit_up_down_breadth_v1_20120705_20260814,onset,limit_up_down_breadth_top::top::limit_up_down_breadth_v1_20120705_20260814::000048,2025-04-17,csi300,沪深300,10,True,10,True,2025-05-06,3772.22,0.009628282549798195,0.00977408528664836,-0.004721357715085528
limit_up_down_breadth_top,top,limit_up_down_breadth_v1_20120705_20260814,onset,limit_up_down_breadth_top::top::limit_up_down_breadth_v1_20120705_20260814::000048,2025-04-17,csi300,沪深300,20,True,20,True,2025-05-20,3772.22,0.03338882673863153,0.04991755517970864,-0.004721357715085528
limit_up_down_breadth_top,top,limit_up_down_breadth_v1_20120705_20260814,onset,limit_up_down_breadth_top::top::limit_up_down_breadth_v1_20120705_20260814::000048,2025-04-17,csi500,中证500,5,True,5,True,2025-04-24,5557.01,0.008794297652874539,0.020379664603806802,-0.005688310800232577
limit_up_down_breadth_top,top,limit_up_down_breadth_v1_20120705_20260814,onset,limit_up_down_breadth_top::top::limit_up_down_breadth_v1_20120705_20260814::000048,2025-04-17,csi500,中证500,10,True,10,True,2025-05-06,5557.01,0.032988963489358536,0.032988963489358536,-0.005688310800232577
limit_up_down_breadth_top,top,limit_up_down_breadth_v1_20120705_20260814,onset,limit_up_down_breadth_top::top::limit_up_down_breadth_v1_20120705_20260814::000048,2025-04-17,csi500,中证500,20,True,20,True,2025-05-20,5557.01,0.034255831823228666,0.05057036067957399,-0.005688310800232577
limit_up_down_breadth_top,top,limit_up_down_breadth_v1_20120705_20260814,onset,limit_up_down_breadth_top::top::limit_up_down_breadth_v1_20120705_20260814::000048,2025-04-17,microcap,微盘股,5,True,5,True,2025-04-24,4101.91,0.01687994129564019,0.028247816261205205,-0.016643466092625125
limit_up_down_breadth_top,top,limit_up_down_breadth_v1_20120705_20260814,onset,limit_up_down_breadth_top::top::limit_up_down_breadth_v1_20120705_20260814::000048,2025-04-17,microcap,微盘股,10,True,10,True,2025-05-06,4101.91,0.07089136524204576,0.07089136524204576,-0.016643466092625125
limit_up_down_breadth_top,top,limit_up_down_breadth_v1_20120705_20260814,onset,limit_up_down_breadth_top::top::limit_up_down_breadth_v1_20120705_20260814::000048,2025-04-17,microcap,微盘股,20,True,20,True,2025-05-20,4101.91,0.15071027887008737,0.15071027887008737,-0.016643466092625125
limit_up_down_breadth_top,top,limit_up_down_breadth_v1_20120705_20260814,onset,limit_up_down_breadth_top::top::limit_up_down_breadth_v1_20120705_20260814::000048,2025-04-17,sse_composite,上证指数,5,True,5,True,2025-04-24,3280.34,0.00516714730790091,0.010111756708146125,-0.005471993756744786
limit_up_down_breadth_top,top,limit_up_down_breadth_v1_20120705_20260814,onset,limit_up_down_breadth_top::top::limit_up_down_breadth_v1_20120705_20260814::000048,2025-04-17,sse_composite,上证指数,10,True,10,True,2025-05-06,3280.34,0.010904357475139737,0.01100800526774659,-0.005471993756744786
limit_up_down_breadth_top,top,limit_up_down_breadth_v1_20120705_20260814,onset,limit_up_down_breadth_top::top::limit_up_down_breadth_v1_20120705_20260814::000048,2025-04-17,sse_composite,上证指数,20,True,20,True,2025-05-20,3280.34,0.03052732338720987,0.04175481809812398,-0.005471993756744786
limit_up_down_breadth_top,top,limit_up_down_breadth_v1_20120705_20260814,onset,limit_up_down_breadth_top::top::limit_up_down_breadth_v1_20120705_20260814::000049,2026-01-21,all_a,全A,5,True,5,True,2026-01-28,6270.2607421875,0.009764284436063253,0.01930032440150664,-0.006755833861698646
limit_up_down_breadth_top,top,limit_up_down_breadth_v1_20120705_20260814,onset,limit_up_down_breadth_top::top::limit_up_down_breadth_v1_20120705_20260814::000049,2026-01-21,all_a,全A,10,True,10,True,2026-02-04,6270.2607421875,-0.003959274520550338,0.01930032440150664,-0.029302042270159534
limit_up_down_breadth_top,top,limit_up_down_breadth_v1_20120705_20260814,onset,limit_up_down_breadth_top::top::limit_up_down_breadth_v1_20120705_20260814::000049,2026-01-21,all_a,全A,20,True,20,True,2026-02-26,6270.2607421875,0.01649823610866452,0.01930032440150664,-0.029302042270159534
limit_up_down_breadth_top,top,limit_up_down_breadth_v1_20120705_20260814,onset,limit_up_down_breadth_top::top::limit_up_down_breadth_v1_20120705_20260814::000049,2026-01-21,cni2000,国证2000,5,True,5,True,2026-01-28,10859.29,0.017499302440582953,0.03419376404903085,-0.008092610106185671
limit_up_down_breadth_top,top,limit_up_down_breadth_v1_20120705_20260814,onset,limit_up_down_breadth_top::top::limit_up_down_breadth_v1_20120705_20260814::000049,2026-01-21,cni2000,国证2000,10,True,10,True,2026-02-04,10859.29,-0.0006814441828150164,0.03419376404903085,-0.03013088332662639
limit_up_down_breadth_top,top,limit_up_down_breadth_v1_20120705_20260814,onset,limit_up_down_breadth_top::top::limit_up_down_breadth_v1_20120705_20260814::000049,2026-01-21,cni2000,国证2000,20,True,20,True,2026-02-26,10859.29,0.03232992212198038,0.03419376404903085,-0.03013088332662639
limit_up_down_breadth_top,top,limit_up_down_breadth_v1_20120705_20260814,onset,limit_up_down_breadth_top::top::limit_up_down_breadth_v1_20120705_20260814::000049,2026-01-21,csi1000,中证1000,5,True,5,True,2026-01-28,8247.68,0.01844276208582296,0.034281155427950516,-0.007449367579731581
limit_up_down_breadth_top,top,limit_up_down_breadth_v1_20120705_20260814,onset,limit_up_down_breadth_top::top::limit_up_down_breadth_v1_20120705_20260814::000049,2026-01-21,csi1000,中证1000,10,True,10,True,2026-02-04,8247.68,-0.004917746566307057,0.034281155427950516,-0.033109916970590514
limit_up_down_breadth_top,top,limit_up_down_breadth_v1_20120705_20260814,onset,limit_up_down_breadth_top::top::limit_up_down_breadth_v1_20120705_20260814::000049,2026-01-21,csi1000,中证1000,20,True,20,True,2026-02-26,8247.68,0.02945555598665317,0.034281155427950516,-0.03609136144952274
limit_up_down_breadth_top,top,limit_up_down_breadth_v1_20120705_20260814,onset,limit_up_down_breadth_top::top::limit_up_down_breadth_v1_20120705_20260814::000049,2026-01-21,csi300,沪深300,5,True,5,True,2026-01-28,4723.07,-0.001075571609144066,0.00734479903960783,-0.010042197130256225
limit_up_down_breadth_top,top,limit_up_down_breadth_v1_20120705_20260814,onset,limit_up_down_breadth_top::top::limit_up_down_breadth_v1_20120705_20260814::000049,2026-01-21,csi300,沪深300,10,True,10,True,2026-02-04,4723.07,-0.005164014084059643,0.010139591409824567,-0.030670728996182506
limit_up_down_breadth_top,top,limit_up_down_breadth_v1_20120705_20260814,onset,limit_up_down_breadth_top::top::limit_up_down_breadth_v1_20120705_20260814::000049,2026-01-21,csi300,沪深300,20,True,20,True,2026-02-26,4723.07,0.0008045614399110335,0.010139591409824567,-0.030670728996182506
limit_up_down_breadth_top,top,limit_up_down_breadth_v1_20120705_20260814,onset,limit_up_down_breadth_top::top::limit_up_down_breadth_v1_20120705_20260814::000049,2026-01-21,csi500,中证500,5,True,5,True,2026-01-28,8340.11,0.031300546395671036,0.03971650254013426,-0.00034891626129629483
limit_up_down_breadth_top,top,limit_up_down_breadth_v1_20120705_20260814,onset,limit_up_down_breadth_top::top::limit_up_down_breadth_v1_20120705_20260814::000049,2026-01-21,csi500,中证500,10,True,10,True,2026-02-04,8340.11,-0.004921997431688641,0.03971650254013426,-0.036901191950705736
limit_up_down_breadth_top,top,limit_up_down_breadth_v1_20120705_20260814,onset,limit_up_down_breadth_top::top::limit_up_down_breadth_v1_20120705_20260814::000049,2026-01-21,csi500,中证500,20,True,20,True,2026-02-26,8340.11,0.02603203075259186,0.03971650254013426,-0.03902226709240053
limit_up_down_breadth_top,top,limit_up_down_breadth_v1_20120705_20260814,onset,limit_up_down_breadth_top::top::limit_up_down_breadth_v1_20120705_20260814::000049,2026-01-21,microcap,微盘股,5,True,5,True,2026-01-28,7189.53,-0.0008762742488035435,0.022937521646060333,-0.01767153068420335
limit_up_down_breadth_top,top,limit_up_down_breadth_v1_20120705_20260814,onset,limit_up_down_breadth_top::top::limit_up_down_breadth_v1_20120705_20260814::000049,2026-01-21,microcap,微盘股,10,True,10,True,2026-02-04,7189.53,0.0223491660790065,0.02475544298445098,-0.01767153068420335
limit_up_down_breadth_top,top,limit_up_down_breadth_v1_20120705_20260814,onset,limit_up_down_breadth_top::top::limit_up_down_breadth_v1_20120705_20260814::000049,2026-01-21,microcap,微盘股,20,True,20,True,2026-02-26,7189.53,0.06622268771393958,0.0763721689734933,-0.01767153068420335
limit_up_down_breadth_top,top,limit_up_down_breadth_v1_20120705_20260814,onset,limit_up_down_breadth_top::top::limit_up_down_breadth_v1_20120705_20260814::000049,2026-01-21,sse_composite,上证指数,5,True,5,True,2026-01-28,4116.94,0.008331430625658998,0.012924647918113985,-0.003670201654626948
limit_up_down_breadth_top,top,limit_up_down_breadth_v1_20120705_20260814,onset,limit_up_down_breadth_top::top::limit_up_down_breadth_v1_20120705_20260814::000049,2026-01-21,sse_composite,上证指数,10,True,10,True,2026-02-04,4116.94,-0.0035803290793646747,0.012939221849237681,-0.027729332951172303
limit_up_down_breadth_top,top,limit_up_down_breadth_v1_20120705_20260814,onset,limit_up_down_breadth_top::top::limit_up_down_breadth_v1_20120705_20260814::000049,2026-01-21,sse_composite,上证指数,20,True,20,True,2026-02-26,4116.94,0.007211666917662285,0.012939221849237681,-0.027729332951172303
limit_up_down_breadth_top,top,limit_up_down_breadth_v1_20120705_20260814,onset,limit_up_down_breadth_top::top::limit_up_down_breadth_v1_20120705_20260814::000050,2026-06-04,all_a,全A,5,True,5,True,2026-06-11,6368.3359375,-0.03573711244720279,0.006135856477420543,-0.048198975154174595
limit_up_down_breadth_top,top,limit_up_down_breadth_v1_20120705_20260814,onset,limit_up_down_breadth_top::top::limit_up_down_breadth_v1_20120705_20260814::000050,2026-06-04,all_a,全A,10,True,10,True,2026-06-18,6368.3359375,0.020570292842885918,0.024807258690763723,-0.048198975154174595
limit_up_down_breadth_top,top,limit_up_down_breadth_v1_20120705_20260814,onset,limit_up_down_breadth_top::top::limit_up_down_breadth_v1_20120705_20260814::000050,2026-06-04,all_a,全A,20,True,20,True,2026-07-03,6368.3359375,0.0056624756025600576,0.04052083550574315,-0.048198975154174595
limit_up_down_breadth_top,top,limit_up_down_breadth_v1_20120705_20260814,onset,limit_up_down_breadth_top::top::limit_up_down_breadth_v1_20120705_20260814::000050,2026-06-04,cni2000,国证2000,5,True,5,True,2026-06-11,10943.01,-0.031170582865226337,0.013297072743239768,-0.04738641379291453
limit_up_down_breadth_top,top,limit_up_down_breadth_v1_20120705_20260814,onset,limit_up_down_breadth_top::top::limit_up_down_breadth_v1_20120705_20260814::000050,2026-06-04,cni2000,国证2000,10,True,10,True,2026-06-18,10943.01,0.035982787185609766,0.03899658320699695,-0.04738641379291453
limit_up_down_breadth_top,top,limit_up_down_breadth_v1_20120705_20260814,onset,limit_up_down_breadth_top::top::limit_up_down_breadth_v1_20120705_20260814::000050,2026-06-04,cni2000,国证2000,20,True,20,True,2026-07-03,10943.01,0.022537674734830704,0.053787760405957785,-0.04738641379291453
limit_up_down_breadth_top,top,limit_up_down_breadth_v1_20120705_20260814,onset,limit_up_down_breadth_top::top::limit_up_down_breadth_v1_20120705_20260814::000050,2026-06-04,csi1000,中证1000,5,True,5,True,2026-06-11,8420.09,-0.030954538490681305,0.009502273728665633,-0.051387811769232905
limit_up_down_breadth_top,top,limit_up_down_breadth_v1_20120705_20260814,onset,limit_up_down_breadth_top::top::limit_up_down_breadth_v1_20120705_20260814::000050,2026-06-04,csi1000,中证1000,10,True,10,True,2026-06-18,8420.09,0.041677701782284915,0.044701422431351556,-0.051387811769232905
limit_up_down_breadth_top,top,limit_up_down_breadth_v1_20120705_20260814,onset,limit_up_down_breadth_top::top::limit_up_down_breadth_v1_20120705_20260814::000050,2026-06-04,csi1000,中证1000,20,True,20,True,2026-07-03,8420.09,0.023835849735573067,0.06224399026613736,-0.051387811769232905
limit_up_down_breadth_top,top,limit_up_down_breadth_v1_20120705_20260814,onset,limit_up_down_breadth_top::top::limit_up_down_breadth_v1_20120705_20260814::000050,2026-06-04,csi300,沪深300,5,True,5,True,2026-06-11,4904.75,-0.03717620673836586,0.0039940873642898556,-0.046318364850400195
limit_up_down_breadth_top,top,limit_up_down_breadth_v1_20120705_20260814,onset,limit_up_down_breadth_top::top::limit_up_down_breadth_v1_20120705_20260814::000050,2026-06-04,csi300,沪深300,10,True,10,True,2026-06-18,4904.75,0.007513125031856971,0.014708191039298768,-0.046318364850400195
limit_up_down_breadth_top,top,limit_up_down_breadth_v1_20120705_20260814,onset,limit_up_down_breadth_top::top::limit_up_down_breadth_v1_20120705_20260814::000050,2026-06-04,csi300,沪深300,20,True,20,True,2026-07-03,4904.75,-0.012759060094805985,0.032523574086344986,-0.046318364850400195
limit_up_down_breadth_top,top,limit_up_down_breadth_v1_20120705_20260814,onset,limit_up_down_breadth_top::top::limit_up_down_breadth_v1_20120705_20260814::000050,2026-06-04,csi500,中证500,5,True,5,True,2026-06-11,8356.74,-0.038407321515327775,0.005106058103997446,-0.05592372145118796
limit_up_down_breadth_top,top,limit_up_down_breadth_v1_20120705_20260814,onset,limit_up_down_breadth_top::top::limit_up_down_breadth_v1_20120705_20260814::000050,2026-06-04,csi500,中证500,10,True,10,True,2026-06-18,8356.74,0.03785567099131959,0.04303113415039839,-0.05592372145118796
limit_up_down_breadth_top,top,limit_up_down_breadth_v1_20120705_20260814,onset,limit_up_down_breadth_top::top::limit_up_down_breadth_v1_20120705_20260814::000050,2026-06-04,csi500,中证500,20,True,20,True,2026-07-03,8356.74,0.04649181379341716,0.09463259596445495,-0.05592372145118796
limit_up_down_breadth_top,top,limit_up_down_breadth_v1_20120705_20260814,onset,limit_up_down_breadth_top::top::limit_up_down_breadth_v1_20120705_20260814::000050,2026-06-04,microcap,微盘股,5,True,5,True,2026-06-11,6679.85,-0.029837496350965997,0.03005756117278069,-0.04582138820482495
limit_up_down_breadth_top,top,limit_up_down_breadth_v1_20120705_20260814,onset,limit_up_down_breadth_top::top::limit_up_down_breadth_v1_20120705_20260814::000050,2026-06-04,microcap,微盘股,10,True,10,True,2026-06-18,6679.85,-0.044541419343248845,0.03005756117278069,-0.061862167563642934
limit_up_down_breadth_top,top,limit_up_down_breadth_v1_20120705_20260814,onset,limit_up_down_breadth_top::top::limit_up_down_breadth_v1_20120705_20260814::000050,2026-06-04,microcap,微盘股,20,True,20,True,2026-07-03,6679.85,-0.04745465841298846,0.03005756117278069,-0.12711812390996802
limit_up_down_breadth_top,top,limit_up_down_breadth_v1_20120705_20260814,onset,limit_up_down_breadth_top::top::limit_up_down_breadth_v1_20120705_20260814::000050,2026-06-04,sse_composite,上证指数,5,True,5,True,2026-06-11,4057.78,-0.017440570952589884,0.005212209631867637,-0.032019971511516254
limit_up_down_breadth_top,top,limit_up_down_breadth_v1_20120705_20260814,onset,limit_up_down_breadth_top::top::limit_up_down_breadth_v1_20120705_20260814::000050,2026-06-04,sse_composite,上证指数,10,True,10,True,2026-06-18,4057.78,0.008058593615227982,0.014705085046503141,-0.032019971511516254
limit_up_down_breadth_top,top,limit_up_down_breadth_v1_20120705_20260814,onset,limit_up_down_breadth_top::top::limit_up_down_breadth_v1_20120705_20260814::000050,2026-06-04,sse_composite,上证指数,20,True,20,True,2026-07-03,4057.78,-0.003484664028113982,0.02897397098906307,-0.032019971511516254
limit_up_down_breadth_top,top,limit_up_down_breadth_v1_20120705_20260814,onset,limit_up_down_breadth_top::top::limit_up_down_breadth_v1_20120705_20260814::000051,2026-06-24,all_a,全A,5,True,5,True,2026-07-01,6531.25146484375,0.004886213018941543,0.013928824627207348,-0.03381667901838836
limit_up_down_breadth_top,top,limit_up_down_breadth_v1_20120705_20260814,onset,limit_up_down_breadth_top::top::limit_up_down_breadth_v1_20120705_20260814::000051,2026-06-24,all_a,全A,10,True,10,True,2026-07-08,6531.25146484375,-0.05729050748568165,0.013928824627207348,-0.05867806698308908
limit_up_down_breadth_top,top,limit_up_down_breadth_v1_20120705_20260814,onset,limit_up_down_breadth_top::top::limit_up_down_breadth_v1_20120705_20260814::000051,2026-06-24,all_a,全A,20,True,20,True,2026-07-22,6531.25146484375,-0.11337632026547839,0.013928824627207348,-0.1563025217622933
limit_up_down_breadth_top,top,limit_up_down_breadth_v1_20120705_20260814,onset,limit_up_down_breadth_top::top::limit_up_down_breadth_v1_20120705_20260814::000051,2026-06-24,cni2000,国证2000,5,True,5,True,2026-07-01,11394.36,0.00601613429802117,0.012045433003696537,-0.04979656602038218
limit_up_down_breadth_top,top,limit_up_down_breadth_v1_20120705_20260814,onset,limit_up_down_breadth_top::top::limit_up_down_breadth_v1_20120705_20260814::000051,2026-06-24,cni2000,国证2000,10,True,10,True,2026-07-08,11394.36,-0.07973593953499813,0.012045433003696537,-0.08047577924517046
limit_up_down_breadth_top,top,limit_up_down_breadth_v1_20120705_20260814,onset,limit_up_down_breadth_top::top::limit_up_down_breadth_v1_20120705_20260814::000051,2026-06-24,cni2000,国证2000,20,True,20,True,2026-07-22,11394.36,-0.19366949964719382,0.012045433003696537,-0.2477681940890054
limit_up_down_breadth_top,top,limit_up_down_breadth_v1_20120705_20260814,onset,limit_up_down_breadth_top::top::limit_up_down_breadth_v1_20120705_20260814::000051,2026-06-24,csi1000,中证1000,5,True,5,True,2026-07-01,8793.49,0.009454721617924156,0.01713767798678356,-0.04317170998090625
limit_up_down_breadth_top,top,limit_up_down_breadth_v1_20120705_20260814,onset,limit_up_down_breadth_top::top::limit_up_down_breadth_v1_20120705_20260814::000051,2026-06-24,csi1000,中证1000,10,True,10,True,2026-07-08,8793.49,-0.076832975303321,0.01713767798678356,-0.076832975303321
limit_up_down_breadth_top,top,limit_up_down_breadth_v1_20120705_20260814,onset,limit_up_down_breadth_top::top::limit_up_down_breadth_v1_20120705_20260814::000051,2026-06-24,csi1000,中证1000,20,True,20,True,2026-07-22,8793.49,-0.18590229817740167,0.01713767798678356,-0.23645901684086756
limit_up_down_breadth_top,top,limit_up_down_breadth_v1_20120705_20260814,onset,limit_up_down_breadth_top::top::limit_up_down_breadth_v1_20120705_20260814::000051,2026-06-24,csi300,沪深300,5,True,5,True,2026-07-01,4943.02,0.0032287953518292944,0.018001141002868648,-0.023441135176471173
limit_up_down_breadth_top,top,limit_up_down_breadth_v1_20120705_20260814,onset,limit_up_down_breadth_top::top::limit_up_down_breadth_v1_20120705_20260814::000051,2026-06-24,csi300,沪深300,10,True,10,True,2026-07-08,4943.02,-0.03793025316506926,0.018001141002868648,-0.03876577476927079
limit_up_down_breadth_top,top,limit_up_down_breadth_v1_20120705_20260814,onset,limit_up_down_breadth_top::top::limit_up_down_breadth_v1_20120705_20260814::000051,2026-06-24,csi300,沪深300,20,True,20,True,2026-07-22,4943.02,-0.045676529732835536,0.018001141002868648,-0.09122560701757232
limit_up_down_breadth_top,top,limit_up_down_breadth_v1_20120705_20260814,onset,limit_up_down_breadth_top::top::limit_up_down_breadth_v1_20120705_20260814::000051,2026-06-24,csi500,中证500,5,True,5,True,2026-07-01,8842.94,0.02103259775595001,0.03444781939038366,-0.02884334847912584
limit_up_down_breadth_top,top,limit_up_down_breadth_v1_20120705_20260814,onset,limit_up_down_breadth_top::top::limit_up_down_breadth_v1_20120705_20260814::000051,2026-06-24,csi500,中证500,10,True,10,True,2026-07-08,8842.94,-0.051218259990455706,0.03444781939038366,-0.05643145831589946
limit_up_down_breadth_top,top,limit_up_down_breadth_v1_20120705_20260814,onset,limit_up_down_breadth_top::top::limit_up_down_breadth_v1_20120705_20260814::000051,2026-06-24,csi500,中证500,20,True,20,True,2026-07-22,8842.94,-0.12340692122755559,0.03444781939038366,-0.17973886512856585
limit_up_down_breadth_top,top,limit_up_down_breadth_v1_20120705_20260814,onset,limit_up_down_breadth_top::top::limit_up_down_breadth_v1_20120705_20260814::000051,2026-06-24,microcap,微盘股,5,True,5,True,2026-07-01,6312.64,-0.015297878542099741,-0.0015571931870025368,-0.07634206924519693
limit_up_down_breadth_top,top,limit_up_down_breadth_v1_20120705_20260814,onset,limit_up_down_breadth_top::top::limit_up_down_breadth_v1_20120705_20260814::000051,2026-06-24,microcap,微盘股,10,True,10,True,2026-07-08,6312.64,-0.043984767070512576,0.023508389516905703,-0.07634206924519693
limit_up_down_breadth_top,top,limit_up_down_breadth_v1_20120705_20260814,onset,limit_up_down_breadth_top::top::limit_up_down_breadth_v1_20120705_20260814::000051,2026-06-24,microcap,微盘股,20,True,20,True,2026-07-22,6312.64,-0.11915616920971261,0.023508389516905703,-0.15457874993663512
limit_up_down_breadth_top,top,limit_up_down_breadth_v1_20120705_20260814,onset,limit_up_down_breadth_top::top::limit_up_down_breadth_v1_20120705_20260814::000051,2026-06-24,sse_composite,上证指数,5,True,5,True,2026-07-01,4110.81,0.0003989481391744043,0.007905984465348626,-0.028768053011450356
limit_up_down_breadth_top,top,limit_up_down_breadth_v1_20120705_20260814,onset,limit_up_down_breadth_top::top::limit_up_down_breadth_v1_20120705_20260814::000051,2026-06-24,sse_composite,上证指数,10,True,10,True,2026-07-08,4110.81,-0.03403952019188439,0.007905984465348626,-0.03476200554148712
limit_up_down_breadth_top,top,limit_up_down_breadth_v1_20120705_20260814,onset,limit_up_down_breadth_top::top::limit_up_down_breadth_v1_20120705_20260814::000051,2026-06-24,sse_composite,上证指数,20,True,20,True,2026-07-22,4110.81,-0.059302181321929326,0.007905984465348626,-0.08993361405659717
limit_up_down_breadth_top,top,limit_up_down_breadth_v1_20120705_20260814,onset,limit_up_down_breadth_top::top::limit_up_down_breadth_v1_20120705_20260814::000052,2026-08-12,all_a,全A,5,True,2,False,,6024.04541015625,,,
limit_up_down_breadth_top,top,limit_up_down_breadth_v1_20120705_20260814,onset,limit_up_down_breadth_top::top::limit_up_down_breadth_v1_20120705_20260814::000052,2026-08-12,all_a,全A,10,True,2,False,,6024.04541015625,,,
limit_up_down_breadth_top,top,limit_up_down_breadth_v1_20120705_20260814,onset,limit_up_down_breadth_top::top::limit_up_down_breadth_v1_20120705_20260814::000052,2026-08-12,all_a,全A,20,True,2,False,,6024.04541015625,,,
limit_up_down_breadth_top,top,limit_up_down_breadth_v1_20120705_20260814,onset,limit_up_down_breadth_top::top::limit_up_down_breadth_v1_20120705_20260814::000052,2026-08-12,cni2000,国证2000,5,True,2,False,,10145.08,,,
limit_up_down_breadth_top,top,limit_up_down_breadth_v1_20120705_20260814,onset,limit_up_down_breadth_top::top::limit_up_down_breadth_v1_20120705_20260814::000052,2026-08-12,cni2000,国证2000,10,True,2,False,,10145.08,,,
limit_up_down_breadth_top,top,limit_up_down_breadth_v1_20120705_20260814,onset,limit_up_down_breadth_top::top::limit_up_down_breadth_v1_20120705_20260814::000052,2026-08-12,cni2000,国证2000,20,True,2,False,,10145.08,,,
limit_up_down_breadth_top,top,limit_up_down_breadth_v1_20120705_20260814,onset,limit_up_down_breadth_top::top::limit_up_down_breadth_v1_20120705_20260814::000052,2026-08-12,csi1000,中证1000,5,True,2,False,,7793.72,,,
limit_up_down_breadth_top,top,limit_up_down_breadth_v1_20120705_20260814,onset,limit_up_down_breadth_top::top::limit_up_down_breadth_v1_20120705_20260814::000052,2026-08-12,csi1000,中证1000,10,True,2,False,,7793.72,,,
limit_up_down_breadth_top,top,limit_up_down_breadth_v1_20120705_20260814,onset,limit_up_down_breadth_top::top::limit_up_down_breadth_v1_20120705_20260814::000052,2026-08-12,csi1000,中证1000,20,True,2,False,,7793.72,,,
limit_up_down_breadth_top,top,limit_up_down_breadth_v1_20120705_20260814,onset,limit_up_down_breadth_top::top::limit_up_down_breadth_v1_20120705_20260814::000052,2026-08-12,csi300,沪深300,5,True,2,False,,4690.92,,,
limit_up_down_breadth_top,top,limit_up_down_breadth_v1_20120705_20260814,onset,limit_up_down_breadth_top::top::limit_up_down_breadth_v1_20120705_20260814::000052,2026-08-12,csi300,沪深300,10,True,2,False,,4690.92,,,
limit_up_down_breadth_top,top,limit_up_down_breadth_v1_20120705_20260814,onset,limit_up_down_breadth_top::top::limit_up_down_breadth_v1_20120705_20260814::000052,2026-08-12,csi300,沪深300,20,True,2,False,,4690.92,,,
limit_up_down_breadth_top,top,limit_up_down_breadth_v1_20120705_20260814,onset,limit_up_down_breadth_top::top::limit_up_down_breadth_v1_20120705_20260814::000052,2026-08-12,csi500,中证500,5,True,2,False,,8045.31,,,
limit_up_down_breadth_top,top,limit_up_down_breadth_v1_20120705_20260814,onset,limit_up_down_breadth_top::top::limit_up_down_breadth_v1_20120705_20260814::000052,2026-08-12,csi500,中证500,10,True,2,False,,8045.31,,,
limit_up_down_breadth_top,top,limit_up_down_breadth_v1_20120705_20260814,onset,limit_up_down_breadth_top::top::limit_up_down_breadth_v1_20120705_20260814::000052,2026-08-12,csi500,中证500,20,True,2,False,,8045.31,,,
limit_up_down_breadth_top,top,limit_up_down_breadth_v1_20120705_20260814,onset,limit_up_down_breadth_top::top::limit_up_down_breadth_v1_20120705_20260814::000052,2026-08-12,microcap,微盘股,5,True,2,False,,6806.89,,,
limit_up_down_breadth_top,top,limit_up_down_breadth_v1_20120705_20260814,onset,limit_up_down_breadth_top::top::limit_up_down_breadth_v1_20120705_20260814::000052,2026-08-12,microcap,微盘股,10,True,2,False,,6806.89,,,
limit_up_down_breadth_top,top,limit_up_down_breadth_v1_20120705_20260814,onset,limit_up_down_breadth_top::top::limit_up_down_breadth_v1_20120705_20260814::000052,2026-08-12,microcap,微盘股,20,True,2,False,,6806.89,,,
limit_up_down_breadth_top,top,limit_up_down_breadth_v1_20120705_20260814,onset,limit_up_down_breadth_top::top::limit_up_down_breadth_v1_20120705_20260814::000052,2026-08-12,sse_composite,上证指数,5,True,2,False,,3946.68,,,
limit_up_down_breadth_top,top,limit_up_down_breadth_v1_20120705_20260814,onset,limit_up_down_breadth_top::top::limit_up_down_breadth_v1_20120705_20260814::000052,2026-08-12,sse_composite,上证指数,10,True,2,False,,3946.68,,,
limit_up_down_breadth_top,top,limit_up_down_breadth_v1_20120705_20260814,onset,limit_up_down_breadth_top::top::limit_up_down_breadth_v1_20120705_20260814::000052,2026-08-12,sse_composite,上证指数,20,True,2,False,,3946.68,,,
