record_id,signal_id,direction,version,event_kind,index_id,index_name,match_status,primary_match,episode_id,event_date,region_id,anchor_date,region_start,region_end,region_form,lobe_count,matched_lobe_id,match_level,strict_matched,loose_matched,timing,lead_lag_days,absolute_distance_days,window_days,primary_episode_id_for_region,coverage_start_date,coverage_end_date,prediction_window_complete,confirmation_window_complete,label_version,diagnostic_region_id,diagnostic_timing,diagnostic_region_form,diagnostic_assignment
limit_up_down_breadth_bottom::bottom::limit_up_down_breadth_v1_20120705_20260814::onset::all_a::missed_region::all_a_medium_bottom_20121204,limit_up_down_breadth_bottom,bottom,limit_up_down_breadth_v1_20120705_20260814,onset,all_a,全A,missed_region,False,,,all_a_medium_bottom_20121204,2012-12-04,2012-11-29,2012-12-05,single_lobe,1,,,False,False,,,,,,2012-07-05,2026-08-14,True,True,top_bottom_regions_v2,,,,
limit_up_down_breadth_bottom::bottom::limit_up_down_breadth_v1_20120705_20260814::onset::all_a::missed_region::all_a_medium_bottom_20130416,limit_up_down_breadth_bottom,bottom,limit_up_down_breadth_v1_20120705_20260814,onset,all_a,全A,missed_region,False,,,all_a_medium_bottom_20130416,2013-04-16,2013-04-08,2013-05-02,multi_lobe,3,,,False,False,,,,,,2012-07-05,2026-08-14,True,True,top_bottom_regions_v2,,,,
limit_up_down_breadth_bottom::bottom::limit_up_down_breadth_v1_20120705_20260814::onset::all_a::matched::limit_up_down_breadth_bottom::bottom::limit_up_down_breadth_v1_20120705_20260814::000001,limit_up_down_breadth_bottom,bottom,limit_up_down_breadth_v1_20120705_20260814,onset,all_a,全A,matched,True,limit_up_down_breadth_bottom::bottom::limit_up_down_breadth_v1_20120705_20260814::000001,2013-06-27,all_a_medium_bottom_20130625,2013-06-25,2013-06-25,2013-06-25,single_lobe,1,,confirmation_window,False,False,confirmation,2,2,5,limit_up_down_breadth_bottom::bottom::limit_up_down_breadth_v1_20120705_20260814::000001,2012-07-05,2026-08-14,True,True,top_bottom_regions_v2,all_a_medium_bottom_20130625,confirmation,single_lobe,primary_match
limit_up_down_breadth_bottom::bottom::limit_up_down_breadth_v1_20120705_20260814::onset::all_a::matched::limit_up_down_breadth_bottom::bottom::limit_up_down_breadth_v1_20120705_20260814::000002,limit_up_down_breadth_bottom,bottom,limit_up_down_breadth_v1_20120705_20260814,onset,all_a,全A,matched,True,limit_up_down_breadth_bottom::bottom::limit_up_down_breadth_v1_20120705_20260814::000002,2014-01-13,all_a_medium_bottom_20140120,2014-01-20,2014-01-07,2014-01-22,multi_lobe,3,all_a_medium_bottom_20140120_lobe_02,core_lobe,True,True,prediction,-5,5,5,limit_up_down_breadth_bottom::bottom::limit_up_down_breadth_v1_20120705_20260814::000002,2012-07-05,2026-08-14,True,True,top_bottom_regions_v2,all_a_medium_bottom_20140120,prediction,multi_lobe,primary_match
limit_up_down_breadth_bottom::bottom::limit_up_down_breadth_v1_20120705_20260814::onset::all_a::matched::limit_up_down_breadth_bottom::bottom::limit_up_down_breadth_v1_20120705_20260814::000003,limit_up_down_breadth_bottom,bottom,limit_up_down_breadth_v1_20120705_20260814,onset,all_a,全A,matched,True,limit_up_down_breadth_bottom::bottom::limit_up_down_breadth_v1_20120705_20260814::000003,2014-05-07,all_a_medium_bottom_20140521,2014-05-21,2014-04-28,2014-06-19,multi_lobe,5,all_a_medium_bottom_20140521_lobe_02,core_lobe,True,True,prediction,-10,10,10,limit_up_down_breadth_bottom::bottom::limit_up_down_breadth_v1_20120705_20260814::000003,2012-07-05,2026-08-14,True,True,top_bottom_regions_v2,all_a_medium_bottom_20140521,prediction,multi_lobe,primary_match
limit_up_down_breadth_bottom::bottom::limit_up_down_breadth_v1_20120705_20260814::onset::all_a::missed_region::all_a_medium_bottom_20150529,limit_up_down_breadth_bottom,bottom,limit_up_down_breadth_v1_20120705_20260814,onset,all_a,全A,missed_region,False,,,all_a_medium_bottom_20150529,2015-05-29,2015-05-29,2015-05-29,single_lobe,1,,,False,False,,,,,,2012-07-05,2026-08-14,True,True,top_bottom_regions_v2,,,,
limit_up_down_breadth_bottom::bottom::limit_up_down_breadth_v1_20120705_20260814::onset::all_a::missed_region::all_a_medium_bottom_20150623,limit_up_down_breadth_bottom,bottom,limit_up_down_breadth_v1_20120705_20260814,onset,all_a,全A,missed_region,False,,,all_a_medium_bottom_20150623,2015-06-23,2015-06-23,2015-06-23,single_lobe,1,,,False,False,,,,,,2012-07-05,2026-08-14,True,True,top_bottom_regions_v2,,,,
limit_up_down_breadth_bottom::bottom::limit_up_down_breadth_v1_20120705_20260814::onset::all_a::missed_region::all_a_medium_bottom_20150630,limit_up_down_breadth_bottom,bottom,limit_up_down_breadth_v1_20120705_20260814,onset,all_a,全A,missed_region,False,,,all_a_medium_bottom_20150630,2015-06-30,2015-06-30,2015-06-30,single_lobe,1,,,False,False,,,,,,2012-07-05,2026-08-14,True,True,top_bottom_regions_v2,,,,
limit_up_down_breadth_bottom::bottom::limit_up_down_breadth_v1_20120705_20260814::onset::all_a::missed_region::all_a_medium_bottom_20150709,limit_up_down_breadth_bottom,bottom,limit_up_down_breadth_v1_20120705_20260814,onset,all_a,全A,missed_region,False,,,all_a_medium_bottom_20150709,2015-07-09,2015-07-08,2015-07-09,single_lobe,1,,,False,False,,,,,,2012-07-05,2026-08-14,True,True,top_bottom_regions_v2,,,,
limit_up_down_breadth_bottom::bottom::limit_up_down_breadth_v1_20120705_20260814::onset::all_a::missed_region::all_a_medium_bottom_20150716,limit_up_down_breadth_bottom,bottom,limit_up_down_breadth_v1_20120705_20260814,onset,all_a,全A,missed_region,False,,,all_a_medium_bottom_20150716,2015-07-16,2015-07-16,2015-07-16,single_lobe,1,,,False,False,,,,,,2012-07-05,2026-08-14,True,True,top_bottom_regions_v2,,,,
limit_up_down_breadth_bottom::bottom::limit_up_down_breadth_v1_20120705_20260814::onset::all_a::missed_region::all_a_medium_bottom_20150728,limit_up_down_breadth_bottom,bottom,limit_up_down_breadth_v1_20120705_20260814,onset,all_a,全A,missed_region,False,,,all_a_medium_bottom_20150728,2015-07-28,2015-07-28,2015-08-04,multi_lobe,2,,,False,False,,,,,,2012-07-05,2026-08-14,True,True,top_bottom_regions_v2,,,,
limit_up_down_breadth_bottom::bottom::limit_up_down_breadth_v1_20120705_20260814::onset::all_a::missed_region::all_a_medium_bottom_20150826,limit_up_down_breadth_bottom,bottom,limit_up_down_breadth_v1_20120705_20260814,onset,all_a,全A,missed_region,False,,,all_a_medium_bottom_20150826,2015-08-26,2015-08-26,2015-08-27,single_lobe,1,,,False,False,,,,,,2012-07-05,2026-08-14,True,True,top_bottom_regions_v2,,,,
limit_up_down_breadth_bottom::bottom::limit_up_down_breadth_v1_20120705_20260814::onset::all_a::missed_region::all_a_medium_bottom_20150915,limit_up_down_breadth_bottom,bottom,limit_up_down_breadth_v1_20120705_20260814,onset,all_a,全A,missed_region,False,,,all_a_medium_bottom_20150915,2015-09-15,2015-09-15,2015-09-16,single_lobe,1,,,False,False,,,,,,2012-07-05,2026-08-14,True,True,top_bottom_regions_v2,,,,
limit_up_down_breadth_bottom::bottom::limit_up_down_breadth_v1_20120705_20260814::onset::all_a::missed_region::all_a_medium_bottom_20151130,limit_up_down_breadth_bottom,bottom,limit_up_down_breadth_v1_20120705_20260814,onset,all_a,全A,missed_region,False,,,all_a_medium_bottom_20151130,2015-11-30,2015-11-30,2015-11-30,single_lobe,1,,,False,False,,,,,,2012-07-05,2026-08-14,True,True,top_bottom_regions_v2,,,,
limit_up_down_breadth_bottom::bottom::limit_up_down_breadth_v1_20120705_20260814::onset::all_a::missed_region::all_a_medium_bottom_20160127,limit_up_down_breadth_bottom,bottom,limit_up_down_breadth_v1_20120705_20260814,onset,all_a,全A,missed_region,False,,,all_a_medium_bottom_20160127,2016-01-27,2016-01-27,2016-02-01,single_lobe,1,,,False,False,,,,,,2012-07-05,2026-08-14,True,True,top_bottom_regions_v2,,,,
limit_up_down_breadth_bottom::bottom::limit_up_down_breadth_v1_20120705_20260814::onset::all_a::missed_region::all_a_medium_bottom_20160229,limit_up_down_breadth_bottom,bottom,limit_up_down_breadth_v1_20120705_20260814,onset,all_a,全A,missed_region,False,,,all_a_medium_bottom_20160229,2016-02-29,2016-02-29,2016-03-01,single_lobe,1,,,False,False,,,,,,2012-07-05,2026-08-14,True,True,top_bottom_regions_v2,,,,
limit_up_down_breadth_bottom::bottom::limit_up_down_breadth_v1_20120705_20260814::onset::all_a::missed_region::all_a_medium_bottom_20160512,limit_up_down_breadth_bottom,bottom,limit_up_down_breadth_v1_20120705_20260814,onset,all_a,全A,missed_region,False,,,all_a_medium_bottom_20160512,2016-05-12,2016-05-12,2016-05-30,multi_lobe,4,,,False,False,,,,,,2012-07-05,2026-08-14,True,True,top_bottom_regions_v2,,,,
limit_up_down_breadth_bottom::bottom::limit_up_down_breadth_v1_20120705_20260814::onset::all_a::false_alarm::limit_up_down_breadth_bottom::bottom::limit_up_down_breadth_v1_20120705_20260814::000004,limit_up_down_breadth_bottom,bottom,limit_up_down_breadth_v1_20120705_20260814,onset,all_a,全A,false_alarm,False,limit_up_down_breadth_bottom::bottom::limit_up_down_breadth_v1_20120705_20260814::000004,2017-03-03,,,,,,,,,False,False,,,,,,2012-07-05,2026-08-14,,,,all_a_medium_bottom_20170524,prediction,multi_lobe,nearest_region_for_slice_only
limit_up_down_breadth_bottom::bottom::limit_up_down_breadth_v1_20120705_20260814::onset::all_a::matched::limit_up_down_breadth_bottom::bottom::limit_up_down_breadth_v1_20120705_20260814::000005,limit_up_down_breadth_bottom,bottom,limit_up_down_breadth_v1_20120705_20260814,onset,all_a,全A,matched,True,limit_up_down_breadth_bottom::bottom::limit_up_down_breadth_v1_20120705_20260814::000005,2017-04-25,all_a_medium_bottom_20170524,2017-05-24,2017-05-11,2017-06-02,multi_lobe,4,,prediction_window,False,False,prediction,-20,20,20,limit_up_down_breadth_bottom::bottom::limit_up_down_breadth_v1_20120705_20260814::000005,2012-07-05,2026-08-14,True,True,top_bottom_regions_v2,all_a_medium_bottom_20170524,prediction,multi_lobe,primary_match
limit_up_down_breadth_bottom::bottom::limit_up_down_breadth_v1_20120705_20260814::onset::all_a::false_alarm::limit_up_down_breadth_bottom::bottom::limit_up_down_breadth_v1_20120705_20260814::000006,limit_up_down_breadth_bottom,bottom,limit_up_down_breadth_v1_20120705_20260814,onset,all_a,全A,false_alarm,False,limit_up_down_breadth_bottom::bottom::limit_up_down_breadth_v1_20120705_20260814::000006,2017-06-29,,,,,,,,,False,False,,,,,,2012-07-05,2026-08-14,,,,all_a_medium_bottom_20170524,confirmation,multi_lobe,nearest_region_for_slice_only
limit_up_down_breadth_bottom::bottom::limit_up_down_breadth_v1_20120705_20260814::onset::all_a::false_alarm::limit_up_down_breadth_bottom::bottom::limit_up_down_breadth_v1_20120705_20260814::000007,limit_up_down_breadth_bottom,bottom,limit_up_down_breadth_v1_20120705_20260814,onset,all_a,全A,false_alarm,False,limit_up_down_breadth_bottom::bottom::limit_up_down_breadth_v1_20120705_20260814::000007,2017-11-06,,,,,,,,,False,False,,,,,,2012-07-05,2026-08-14,,,,all_a_medium_bottom_20180209,prediction,single_lobe,nearest_region_for_slice_only
limit_up_down_breadth_bottom::bottom::limit_up_down_breadth_v1_20120705_20260814::onset::all_a::missed_region::all_a_medium_bottom_20180209,limit_up_down_breadth_bottom,bottom,limit_up_down_breadth_v1_20120705_20260814,onset,all_a,全A,missed_region,False,,,all_a_medium_bottom_20180209,2018-02-09,2018-02-09,2018-02-12,single_lobe,1,,,False,False,,,,,,2012-07-05,2026-08-14,True,True,top_bottom_regions_v2,,,,
limit_up_down_breadth_bottom::bottom::limit_up_down_breadth_v1_20120705_20260814::onset::all_a::false_alarm::limit_up_down_breadth_bottom::bottom::limit_up_down_breadth_v1_20120705_20260814::000008,limit_up_down_breadth_bottom,bottom,limit_up_down_breadth_v1_20120705_20260814,onset,all_a,全A,false_alarm,False,limit_up_down_breadth_bottom::bottom::limit_up_down_breadth_v1_20120705_20260814::000008,2018-06-08,,,,,,,,,False,False,,,,,,2012-07-05,2026-08-14,,,,all_a_medium_bottom_20180209,confirmation,single_lobe,nearest_region_for_slice_only
limit_up_down_breadth_bottom::bottom::limit_up_down_breadth_v1_20120705_20260814::onset::all_a::missed_region::all_a_medium_bottom_20181019,limit_up_down_breadth_bottom,bottom,limit_up_down_breadth_v1_20120705_20260814,onset,all_a,全A,missed_region,False,,,all_a_medium_bottom_20181019,2018-10-19,2018-10-18,2018-10-19,single_lobe,1,,,False,False,,,,,,2012-07-05,2026-08-14,True,True,top_bottom_regions_v2,,,,
limit_up_down_breadth_bottom::bottom::limit_up_down_breadth_v1_20120705_20260814::onset::all_a::missed_region::all_a_medium_bottom_20190104,limit_up_down_breadth_bottom,bottom,limit_up_down_breadth_v1_20120705_20260814,onset,all_a,全A,missed_region,False,,,all_a_medium_bottom_20190104,2019-01-04,2018-12-25,2019-01-04,multi_lobe,2,,,False,False,,,,,,2012-07-05,2026-08-14,True,True,top_bottom_regions_v2,,,,
limit_up_down_breadth_bottom::bottom::limit_up_down_breadth_v1_20120705_20260814::onset::all_a::matched::limit_up_down_breadth_bottom::bottom::limit_up_down_breadth_v1_20120705_20260814::000009,limit_up_down_breadth_bottom,bottom,limit_up_down_breadth_v1_20120705_20260814,onset,all_a,全A,matched,True,limit_up_down_breadth_bottom::bottom::limit_up_down_breadth_v1_20120705_20260814::000009,2019-06-14,all_a_medium_bottom_20190606,2019-06-06,2019-05-24,2019-06-11,multi_lobe,2,,confirmation_window,False,False,confirmation,5,5,5,limit_up_down_breadth_bottom::bottom::limit_up_down_breadth_v1_20120705_20260814::000009,2012-07-05,2026-08-14,True,True,top_bottom_regions_v2,all_a_medium_bottom_20190606,confirmation,multi_lobe,primary_match
limit_up_down_breadth_bottom::bottom::limit_up_down_breadth_v1_20120705_20260814::onset::all_a::missed_region::all_a_medium_bottom_20190806,limit_up_down_breadth_bottom,bottom,limit_up_down_breadth_v1_20120705_20260814,onset,all_a,全A,missed_region,False,,,all_a_medium_bottom_20190806,2019-08-06,2019-08-06,2019-08-15,multi_lobe,3,,,False,False,,,,,,2012-07-05,2026-08-14,True,True,top_bottom_regions_v2,,,,
limit_up_down_breadth_bottom::bottom::limit_up_down_breadth_v1_20120705_20260814::onset::all_a::false_alarm::limit_up_down_breadth_bottom::bottom::limit_up_down_breadth_v1_20120705_20260814::000010,limit_up_down_breadth_bottom,bottom,limit_up_down_breadth_v1_20120705_20260814,onset,all_a,全A,false_alarm,False,limit_up_down_breadth_bottom::bottom::limit_up_down_breadth_v1_20120705_20260814::000010,2019-11-06,,,,,,,,,False,False,,,,,,2012-07-05,2026-08-14,,,,all_a_medium_bottom_20200204,prediction,single_lobe,nearest_region_for_slice_only
limit_up_down_breadth_bottom::bottom::limit_up_down_breadth_v1_20120705_20260814::onset::all_a::missed_region::all_a_medium_bottom_20200204,limit_up_down_breadth_bottom,bottom,limit_up_down_breadth_v1_20120705_20260814,onset,all_a,全A,missed_region,False,,,all_a_medium_bottom_20200204,2020-02-04,2020-02-03,2020-02-04,single_lobe,1,,,False,False,,,,,,2012-07-05,2026-08-14,True,True,top_bottom_regions_v2,,,,
limit_up_down_breadth_bottom::bottom::limit_up_down_breadth_v1_20120705_20260814::onset::all_a::missed_region::all_a_medium_bottom_20200324,limit_up_down_breadth_bottom,bottom,limit_up_down_breadth_v1_20120705_20260814,onset,all_a,全A,missed_region,False,,,all_a_medium_bottom_20200324,2020-03-24,2020-03-17,2020-04-02,multi_lobe,5,,,False,False,,,,,,2012-07-05,2026-08-14,True,True,top_bottom_regions_v2,,,,
limit_up_down_breadth_bottom::bottom::limit_up_down_breadth_v1_20120705_20260814::onset::all_a::false_alarm::limit_up_down_breadth_bottom::bottom::limit_up_down_breadth_v1_20120705_20260814::000011,limit_up_down_breadth_bottom,bottom,limit_up_down_breadth_v1_20120705_20260814,onset,all_a,全A,false_alarm,False,limit_up_down_breadth_bottom::bottom::limit_up_down_breadth_v1_20120705_20260814::000011,2020-09-17,,,,,,,,,False,False,,,,,,2012-07-05,2026-08-14,,,,all_a_medium_bottom_20210309,prediction,multi_lobe,nearest_region_for_slice_only
limit_up_down_breadth_bottom::bottom::limit_up_down_breadth_v1_20120705_20260814::onset::all_a::false_alarm::limit_up_down_breadth_bottom::bottom::limit_up_down_breadth_v1_20120705_20260814::000012,limit_up_down_breadth_bottom,bottom,limit_up_down_breadth_v1_20120705_20260814,onset,all_a,全A,false_alarm,False,limit_up_down_breadth_bottom::bottom::limit_up_down_breadth_v1_20120705_20260814::000012,2020-10-29,,,,,,,,,False,False,,,,,,2012-07-05,2026-08-14,,,,all_a_medium_bottom_20210309,prediction,multi_lobe,nearest_region_for_slice_only
limit_up_down_breadth_bottom::bottom::limit_up_down_breadth_v1_20120705_20260814::onset::all_a::false_alarm::limit_up_down_breadth_bottom::bottom::limit_up_down_breadth_v1_20120705_20260814::000013,limit_up_down_breadth_bottom,bottom,limit_up_down_breadth_v1_20120705_20260814,onset,all_a,全A,false_alarm,False,limit_up_down_breadth_bottom::bottom::limit_up_down_breadth_v1_20120705_20260814::000013,2020-11-06,,,,,,,,,False,False,,,,,,2012-07-05,2026-08-14,,,,all_a_medium_bottom_20210309,prediction,multi_lobe,nearest_region_for_slice_only
limit_up_down_breadth_bottom::bottom::limit_up_down_breadth_v1_20120705_20260814::onset::all_a::missed_region::all_a_medium_bottom_20210309,limit_up_down_breadth_bottom,bottom,limit_up_down_breadth_v1_20120705_20260814,onset,all_a,全A,missed_region,False,,,all_a_medium_bottom_20210309,2021-03-09,2021-03-09,2021-03-26,multi_lobe,3,,,False,False,,,,,,2012-07-05,2026-08-14,True,True,top_bottom_regions_v2,,,,
limit_up_down_breadth_bottom::bottom::limit_up_down_breadth_v1_20120705_20260814::onset::all_a::false_alarm::limit_up_down_breadth_bottom::bottom::limit_up_down_breadth_v1_20120705_20260814::000014,limit_up_down_breadth_bottom,bottom,limit_up_down_breadth_v1_20120705_20260814,onset,all_a,全A,false_alarm,False,limit_up_down_breadth_bottom::bottom::limit_up_down_breadth_v1_20120705_20260814::000014,2022-01-28,,,,,,,,,False,False,,,,,,2012-07-05,2026-08-14,,,,all_a_medium_bottom_20220427,prediction,single_lobe,nearest_region_for_slice_only
limit_up_down_breadth_bottom::bottom::limit_up_down_breadth_v1_20120705_20260814::onset::all_a::duplicate_alarm::limit_up_down_breadth_bottom::bottom::limit_up_down_breadth_v1_20120705_20260814::000015,limit_up_down_breadth_bottom,bottom,limit_up_down_breadth_v1_20120705_20260814,onset,all_a,全A,duplicate_alarm,False,limit_up_down_breadth_bottom::bottom::limit_up_down_breadth_v1_20120705_20260814::000015,2022-04-18,all_a_medium_bottom_20220427,2022-04-27,2022-04-26,2022-04-27,single_lobe,1,,prediction_window,False,False,prediction,-7,7,10,limit_up_down_breadth_bottom::bottom::limit_up_down_breadth_v1_20120705_20260814::000016,2012-07-05,2026-08-14,True,True,top_bottom_regions_v2,all_a_medium_bottom_20220427,prediction,single_lobe,duplicate_candidate
limit_up_down_breadth_bottom::bottom::limit_up_down_breadth_v1_20120705_20260814::onset::all_a::matched::limit_up_down_breadth_bottom::bottom::limit_up_down_breadth_v1_20120705_20260814::000016,limit_up_down_breadth_bottom,bottom,limit_up_down_breadth_v1_20120705_20260814,onset,all_a,全A,matched,True,limit_up_down_breadth_bottom::bottom::limit_up_down_breadth_v1_20120705_20260814::000016,2022-04-28,all_a_medium_bottom_20220427,2022-04-27,2022-04-26,2022-04-27,single_lobe,1,,confirmation_window,False,False,confirmation,1,1,5,limit_up_down_breadth_bottom::bottom::limit_up_down_breadth_v1_20120705_20260814::000016,2012-07-05,2026-08-14,True,True,top_bottom_regions_v2,all_a_medium_bottom_20220427,confirmation,single_lobe,primary_match
limit_up_down_breadth_bottom::bottom::limit_up_down_breadth_v1_20120705_20260814::onset::all_a::false_alarm::limit_up_down_breadth_bottom::bottom::limit_up_down_breadth_v1_20120705_20260814::000017,limit_up_down_breadth_bottom,bottom,limit_up_down_breadth_v1_20120705_20260814,onset,all_a,全A,false_alarm,False,limit_up_down_breadth_bottom::bottom::limit_up_down_breadth_v1_20120705_20260814::000017,2022-09-22,,,,,,,,,False,False,,,,,,2012-07-05,2026-08-14,,,,all_a_medium_bottom_20221031,prediction,multi_lobe,nearest_region_for_slice_only
limit_up_down_breadth_bottom::bottom::limit_up_down_breadth_v1_20120705_20260814::onset::all_a::missed_region::all_a_medium_bottom_20221031,limit_up_down_breadth_bottom,bottom,limit_up_down_breadth_v1_20120705_20260814,onset,all_a,全A,missed_region,False,,,all_a_medium_bottom_20221031,2022-10-31,2022-10-10,2022-11-01,multi_lobe,3,,,False,False,,,,,,2012-07-05,2026-08-14,True,True,top_bottom_regions_v2,,,,
limit_up_down_breadth_bottom::bottom::limit_up_down_breadth_v1_20120705_20260814::onset::all_a::false_alarm::limit_up_down_breadth_bottom::bottom::limit_up_down_breadth_v1_20120705_20260814::000018,limit_up_down_breadth_bottom,bottom,limit_up_down_breadth_v1_20120705_20260814,onset,all_a,全A,false_alarm,False,limit_up_down_breadth_bottom::bottom::limit_up_down_breadth_v1_20120705_20260814::000018,2023-03-13,,,,,,,,,False,False,,,,,,2012-07-05,2026-08-14,,,,all_a_medium_bottom_20221031,confirmation,multi_lobe,nearest_region_for_slice_only
limit_up_down_breadth_bottom::bottom::limit_up_down_breadth_v1_20120705_20260814::onset::all_a::false_alarm::limit_up_down_breadth_bottom::bottom::limit_up_down_breadth_v1_20120705_20260814::000019,limit_up_down_breadth_bottom,bottom,limit_up_down_breadth_v1_20120705_20260814,onset,all_a,全A,false_alarm,False,limit_up_down_breadth_bottom::bottom::limit_up_down_breadth_v1_20120705_20260814::000019,2023-03-31,,,,,,,,,False,False,,,,,,2012-07-05,2026-08-14,,,,all_a_medium_bottom_20221031,confirmation,multi_lobe,nearest_region_for_slice_only
limit_up_down_breadth_bottom::bottom::limit_up_down_breadth_v1_20120705_20260814::onset::all_a::false_alarm::limit_up_down_breadth_bottom::bottom::limit_up_down_breadth_v1_20120705_20260814::000020,limit_up_down_breadth_bottom,bottom,limit_up_down_breadth_v1_20120705_20260814,onset,all_a,全A,false_alarm,False,limit_up_down_breadth_bottom::bottom::limit_up_down_breadth_v1_20120705_20260814::000020,2023-05-09,,,,,,,,,False,False,,,,,,2012-07-05,2026-08-14,,,,all_a_medium_bottom_20221031,confirmation,multi_lobe,nearest_region_for_slice_only
limit_up_down_breadth_bottom::bottom::limit_up_down_breadth_v1_20120705_20260814::onset::all_a::false_alarm::limit_up_down_breadth_bottom::bottom::limit_up_down_breadth_v1_20120705_20260814::000021,limit_up_down_breadth_bottom,bottom,limit_up_down_breadth_v1_20120705_20260814,onset,all_a,全A,false_alarm,False,limit_up_down_breadth_bottom::bottom::limit_up_down_breadth_v1_20120705_20260814::000021,2023-05-23,,,,,,,,,False,False,,,,,,2012-07-05,2026-08-14,,,,all_a_medium_bottom_20221031,confirmation,multi_lobe,nearest_region_for_slice_only
limit_up_down_breadth_bottom::bottom::limit_up_down_breadth_v1_20120705_20260814::onset::all_a::missed_region::all_a_medium_bottom_20240205,limit_up_down_breadth_bottom,bottom,limit_up_down_breadth_v1_20120705_20260814,onset,all_a,全A,missed_region,False,,,all_a_medium_bottom_20240205,2024-02-05,2024-02-05,2024-02-06,single_lobe,1,,,False,False,,,,,,2012-07-05,2026-08-14,True,True,top_bottom_regions_v2,,,,
limit_up_down_breadth_bottom::bottom::limit_up_down_breadth_v1_20120705_20260814::onset::all_a::false_alarm::limit_up_down_breadth_bottom::bottom::limit_up_down_breadth_v1_20120705_20260814::000022,limit_up_down_breadth_bottom,bottom,limit_up_down_breadth_v1_20120705_20260814,onset,all_a,全A,false_alarm,False,limit_up_down_breadth_bottom::bottom::limit_up_down_breadth_v1_20120705_20260814::000022,2024-06-11,,,,,,,,,False,False,,,,,,2012-07-05,2026-08-14,,,,all_a_medium_bottom_20240918,prediction,single_lobe,nearest_region_for_slice_only
limit_up_down_breadth_bottom::bottom::limit_up_down_breadth_v1_20120705_20260814::onset::all_a::missed_region::all_a_medium_bottom_20240918,limit_up_down_breadth_bottom,bottom,limit_up_down_breadth_v1_20120705_20260814,onset,all_a,全A,missed_region,False,,,all_a_medium_bottom_20240918,2024-09-18,2024-09-09,2024-09-23,single_lobe,1,,,False,False,,,,,,2012-07-05,2026-08-14,True,True,top_bottom_regions_v2,,,,
limit_up_down_breadth_bottom::bottom::limit_up_down_breadth_v1_20120705_20260814::onset::all_a::missed_region::all_a_medium_bottom_20241016,limit_up_down_breadth_bottom,bottom,limit_up_down_breadth_v1_20120705_20260814,onset,all_a,全A,missed_region,False,,,all_a_medium_bottom_20241016,2024-10-16,2024-10-14,2024-10-18,single_lobe,1,,,False,False,,,,,,2012-07-05,2026-08-14,True,True,top_bottom_regions_v2,,,,
limit_up_down_breadth_bottom::bottom::limit_up_down_breadth_v1_20120705_20260814::onset::all_a::missed_region::all_a_medium_bottom_20250113,limit_up_down_breadth_bottom,bottom,limit_up_down_breadth_v1_20120705_20260814,onset,all_a,全A,missed_region,False,,,all_a_medium_bottom_20250113,2025-01-13,2025-01-03,2025-01-14,multi_lobe,2,,,False,False,,,,,,2012-07-05,2026-08-14,True,True,top_bottom_regions_v2,,,,
limit_up_down_breadth_bottom::bottom::limit_up_down_breadth_v1_20120705_20260814::onset::all_a::missed_region::all_a_medium_bottom_20250409,limit_up_down_breadth_bottom,bottom,limit_up_down_breadth_v1_20120705_20260814,onset,all_a,全A,missed_region,False,,,all_a_medium_bottom_20250409,2025-04-09,2025-04-07,2025-04-09,multi_lobe,2,,,False,False,,,,,,2012-07-05,2026-08-14,True,True,top_bottom_regions_v2,,,,
limit_up_down_breadth_bottom::bottom::limit_up_down_breadth_v1_20120705_20260814::onset::all_a::missed_region::all_a_medium_bottom_20260323,limit_up_down_breadth_bottom,bottom,limit_up_down_breadth_v1_20120705_20260814,onset,all_a,全A,missed_region,False,,,all_a_medium_bottom_20260323,2026-03-23,2026-03-23,2026-04-07,multi_lobe,3,,,False,False,,,,,,2012-07-05,2026-08-14,True,True,top_bottom_regions_v2,,,,
limit_up_down_breadth_bottom::bottom::limit_up_down_breadth_v1_20120705_20260814::onset::all_a::matched::limit_up_down_breadth_bottom::bottom::limit_up_down_breadth_v1_20120705_20260814::000023,limit_up_down_breadth_bottom,bottom,limit_up_down_breadth_v1_20120705_20260814,onset,all_a,全A,matched,True,limit_up_down_breadth_bottom::bottom::limit_up_down_breadth_v1_20120705_20260814::000023,2026-07-15,all_a_medium_bottom_20260721,2026-07-21,2026-07-20,2026-07-30,multi_lobe,2,,prediction_window,False,False,prediction,-4,4,5,limit_up_down_breadth_bottom::bottom::limit_up_down_breadth_v1_20120705_20260814::000023,2012-07-05,2026-08-14,True,False,top_bottom_regions_v2,all_a_medium_bottom_20260721,prediction,multi_lobe,primary_match
limit_up_down_breadth_bottom::bottom::limit_up_down_breadth_v1_20120705_20260814::onset::cni2000::missed_region::cni2000_medium_bottom_20121204,limit_up_down_breadth_bottom,bottom,limit_up_down_breadth_v1_20120705_20260814,onset,cni2000,国证2000,missed_region,False,,,cni2000_medium_bottom_20121204,2012-12-04,2012-12-03,2012-12-04,single_lobe,1,,,False,False,,,,,,2012-07-05,2026-08-14,True,True,top_bottom_regions_v2,,,,
limit_up_down_breadth_bottom::bottom::limit_up_down_breadth_v1_20120705_20260814::onset::cni2000::matched::limit_up_down_breadth_bottom::bottom::limit_up_down_breadth_v1_20120705_20260814::000001,limit_up_down_breadth_bottom,bottom,limit_up_down_breadth_v1_20120705_20260814,onset,cni2000,国证2000,matched,True,limit_up_down_breadth_bottom::bottom::limit_up_down_breadth_v1_20120705_20260814::000001,2013-06-27,cni2000_medium_bottom_20130625,2013-06-25,2013-06-25,2013-06-25,single_lobe,1,,confirmation_window,False,False,confirmation,2,2,5,limit_up_down_breadth_bottom::bottom::limit_up_down_breadth_v1_20120705_20260814::000001,2012-07-05,2026-08-14,True,True,top_bottom_regions_v2,cni2000_medium_bottom_20130625,confirmation,single_lobe,primary_match
limit_up_down_breadth_bottom::bottom::limit_up_down_breadth_v1_20120705_20260814::onset::cni2000::false_alarm::limit_up_down_breadth_bottom::bottom::limit_up_down_breadth_v1_20120705_20260814::000002,limit_up_down_breadth_bottom,bottom,limit_up_down_breadth_v1_20120705_20260814,onset,cni2000,国证2000,false_alarm,False,limit_up_down_breadth_bottom::bottom::limit_up_down_breadth_v1_20120705_20260814::000002,2014-01-13,,,,,,,,,False,False,,,,,,2012-07-05,2026-08-14,,,,cni2000_medium_bottom_20140429,prediction,multi_lobe,nearest_region_for_slice_only
limit_up_down_breadth_bottom::bottom::limit_up_down_breadth_v1_20120705_20260814::onset::cni2000::matched::limit_up_down_breadth_bottom::bottom::limit_up_down_breadth_v1_20120705_20260814::000003,limit_up_down_breadth_bottom,bottom,limit_up_down_breadth_v1_20120705_20260814,onset,cni2000,国证2000,matched,True,limit_up_down_breadth_bottom::bottom::limit_up_down_breadth_v1_20120705_20260814::000003,2014-05-07,cni2000_medium_bottom_20140429,2014-04-29,2014-04-28,2014-05-21,multi_lobe,3,,envelope,False,True,confirmation,4,4,5,limit_up_down_breadth_bottom::bottom::limit_up_down_breadth_v1_20120705_20260814::000003,2012-07-05,2026-08-14,True,True,top_bottom_regions_v2,cni2000_medium_bottom_20140429,confirmation,multi_lobe,primary_match
limit_up_down_breadth_bottom::bottom::limit_up_down_breadth_v1_20120705_20260814::onset::cni2000::missed_region::cni2000_medium_bottom_20150630,limit_up_down_breadth_bottom,bottom,limit_up_down_breadth_v1_20120705_20260814,onset,cni2000,国证2000,missed_region,False,,,cni2000_medium_bottom_20150630,2015-06-30,2015-06-30,2015-06-30,single_lobe,1,,,False,False,,,,,,2012-07-05,2026-08-14,True,True,top_bottom_regions_v2,,,,
limit_up_down_breadth_bottom::bottom::limit_up_down_breadth_v1_20120705_20260814::onset::cni2000::missed_region::cni2000_medium_bottom_20150709,limit_up_down_breadth_bottom,bottom,limit_up_down_breadth_v1_20120705_20260814,onset,cni2000,国证2000,missed_region,False,,,cni2000_medium_bottom_20150709,2015-07-09,2015-07-08,2015-07-09,single_lobe,1,,,False,False,,,,,,2012-07-05,2026-08-14,True,True,top_bottom_regions_v2,,,,
limit_up_down_breadth_bottom::bottom::limit_up_down_breadth_v1_20120705_20260814::onset::cni2000::missed_region::cni2000_medium_bottom_20150803,limit_up_down_breadth_bottom,bottom,limit_up_down_breadth_v1_20120705_20260814,onset,cni2000,国证2000,missed_region,False,,,cni2000_medium_bottom_20150803,2015-08-03,2015-08-03,2015-08-04,single_lobe,1,,,False,False,,,,,,2012-07-05,2026-08-14,True,True,top_bottom_regions_v2,,,,
limit_up_down_breadth_bottom::bottom::limit_up_down_breadth_v1_20120705_20260814::onset::cni2000::missed_region::cni2000_medium_bottom_20150902,limit_up_down_breadth_bottom,bottom,limit_up_down_breadth_v1_20120705_20260814,onset,cni2000,国证2000,missed_region,False,,,cni2000_medium_bottom_20150902,2015-09-02,2015-09-02,2015-09-08,multi_lobe,2,,,False,False,,,,,,2012-07-05,2026-08-14,True,True,top_bottom_regions_v2,,,,
limit_up_down_breadth_bottom::bottom::limit_up_down_breadth_v1_20120705_20260814::onset::cni2000::missed_region::cni2000_medium_bottom_20150915,limit_up_down_breadth_bottom,bottom,limit_up_down_breadth_v1_20120705_20260814,onset,cni2000,国证2000,missed_region,False,,,cni2000_medium_bottom_20150915,2015-09-15,2015-09-15,2015-09-16,single_lobe,1,,,False,False,,,,,,2012-07-05,2026-08-14,True,True,top_bottom_regions_v2,,,,
limit_up_down_breadth_bottom::bottom::limit_up_down_breadth_v1_20120705_20260814::onset::cni2000::missed_region::cni2000_medium_bottom_20160129,limit_up_down_breadth_bottom,bottom,limit_up_down_breadth_v1_20120705_20260814,onset,cni2000,国证2000,missed_region,False,,,cni2000_medium_bottom_20160129,2016-01-29,2016-01-27,2016-02-01,single_lobe,1,,,False,False,,,,,,2012-07-05,2026-08-14,True,True,top_bottom_regions_v2,,,,
limit_up_down_breadth_bottom::bottom::limit_up_down_breadth_v1_20120705_20260814::onset::cni2000::missed_region::cni2000_medium_bottom_20160301,limit_up_down_breadth_bottom,bottom,limit_up_down_breadth_v1_20120705_20260814,onset,cni2000,国证2000,missed_region,False,,,cni2000_medium_bottom_20160301,2016-03-01,2016-02-29,2016-03-01,single_lobe,1,,,False,False,,,,,,2012-07-05,2026-08-14,True,True,top_bottom_regions_v2,,,,
limit_up_down_breadth_bottom::bottom::limit_up_down_breadth_v1_20120705_20260814::onset::cni2000::missed_region::cni2000_medium_bottom_20160512,limit_up_down_breadth_bottom,bottom,limit_up_down_breadth_v1_20120705_20260814,onset,cni2000,国证2000,missed_region,False,,,cni2000_medium_bottom_20160512,2016-05-12,2016-05-12,2016-05-26,multi_lobe,3,,,False,False,,,,,,2012-07-05,2026-08-14,True,True,top_bottom_regions_v2,,,,
limit_up_down_breadth_bottom::bottom::limit_up_down_breadth_v1_20120705_20260814::onset::cni2000::missed_region::cni2000_medium_bottom_20170116,limit_up_down_breadth_bottom,bottom,limit_up_down_breadth_v1_20120705_20260814,onset,cni2000,国证2000,missed_region,False,,,cni2000_medium_bottom_20170116,2017-01-16,2017-01-16,2017-01-17,single_lobe,1,,,False,False,,,,,,2012-07-05,2026-08-14,True,True,top_bottom_regions_v2,,,,
limit_up_down_breadth_bottom::bottom::limit_up_down_breadth_v1_20120705_20260814::onset::cni2000::false_alarm::limit_up_down_breadth_bottom::bottom::limit_up_down_breadth_v1_20120705_20260814::000004,limit_up_down_breadth_bottom,bottom,limit_up_down_breadth_v1_20120705_20260814,onset,cni2000,国证2000,false_alarm,False,limit_up_down_breadth_bottom::bottom::limit_up_down_breadth_v1_20120705_20260814::000004,2017-03-03,,,,,,,,,False,False,,,,,,2012-07-05,2026-08-14,,,,cni2000_medium_bottom_20170116,confirmation,single_lobe,nearest_region_for_slice_only
limit_up_down_breadth_bottom::bottom::limit_up_down_breadth_v1_20120705_20260814::onset::cni2000::false_alarm::limit_up_down_breadth_bottom::bottom::limit_up_down_breadth_v1_20120705_20260814::000005,limit_up_down_breadth_bottom,bottom,limit_up_down_breadth_v1_20120705_20260814,onset,cni2000,国证2000,false_alarm,False,limit_up_down_breadth_bottom::bottom::limit_up_down_breadth_v1_20120705_20260814::000005,2017-04-25,,,,,,,,,False,False,,,,,,2012-07-05,2026-08-14,,,,cni2000_medium_bottom_20170602,prediction,multi_lobe,nearest_region_for_slice_only
limit_up_down_breadth_bottom::bottom::limit_up_down_breadth_v1_20120705_20260814::onset::cni2000::matched::limit_up_down_breadth_bottom::bottom::limit_up_down_breadth_v1_20120705_20260814::000006,limit_up_down_breadth_bottom,bottom,limit_up_down_breadth_v1_20120705_20260814,onset,cni2000,国证2000,matched,True,limit_up_down_breadth_bottom::bottom::limit_up_down_breadth_v1_20120705_20260814::000006,2017-06-29,cni2000_medium_bottom_20170602,2017-06-02,2017-05-24,2017-06-02,multi_lobe,2,,confirmation_window,False,False,confirmation,19,19,20,limit_up_down_breadth_bottom::bottom::limit_up_down_breadth_v1_20120705_20260814::000006,2012-07-05,2026-08-14,True,True,top_bottom_regions_v2,cni2000_medium_bottom_20170602,confirmation,multi_lobe,primary_match
limit_up_down_breadth_bottom::bottom::limit_up_down_breadth_v1_20120705_20260814::onset::cni2000::false_alarm::limit_up_down_breadth_bottom::bottom::limit_up_down_breadth_v1_20120705_20260814::000007,limit_up_down_breadth_bottom,bottom,limit_up_down_breadth_v1_20120705_20260814,onset,cni2000,国证2000,false_alarm,False,limit_up_down_breadth_bottom::bottom::limit_up_down_breadth_v1_20120705_20260814::000007,2017-11-06,,,,,,,,,False,False,,,,,,2012-07-05,2026-08-14,,,,cni2000_medium_bottom_20180209,prediction,multi_lobe,nearest_region_for_slice_only
limit_up_down_breadth_bottom::bottom::limit_up_down_breadth_v1_20120705_20260814::onset::cni2000::missed_region::cni2000_medium_bottom_20180209,limit_up_down_breadth_bottom,bottom,limit_up_down_breadth_v1_20120705_20260814,onset,cni2000,国证2000,missed_region,False,,,cni2000_medium_bottom_20180209,2018-02-09,2018-02-07,2018-02-12,multi_lobe,2,,,False,False,,,,,,2012-07-05,2026-08-14,True,True,top_bottom_regions_v2,,,,
limit_up_down_breadth_bottom::bottom::limit_up_down_breadth_v1_20120705_20260814::onset::cni2000::false_alarm::limit_up_down_breadth_bottom::bottom::limit_up_down_breadth_v1_20120705_20260814::000008,limit_up_down_breadth_bottom,bottom,limit_up_down_breadth_v1_20120705_20260814,onset,cni2000,国证2000,false_alarm,False,limit_up_down_breadth_bottom::bottom::limit_up_down_breadth_v1_20120705_20260814::000008,2018-06-08,,,,,,,,,False,False,,,,,,2012-07-05,2026-08-14,,,,cni2000_medium_bottom_20180209,confirmation,multi_lobe,nearest_region_for_slice_only
limit_up_down_breadth_bottom::bottom::limit_up_down_breadth_v1_20120705_20260814::onset::cni2000::missed_region::cni2000_medium_bottom_20181019,limit_up_down_breadth_bottom,bottom,limit_up_down_breadth_v1_20120705_20260814,onset,cni2000,国证2000,missed_region,False,,,cni2000_medium_bottom_20181019,2018-10-19,2018-10-18,2018-10-19,single_lobe,1,,,False,False,,,,,,2012-07-05,2026-08-14,True,True,top_bottom_regions_v2,,,,
limit_up_down_breadth_bottom::bottom::limit_up_down_breadth_v1_20120705_20260814::onset::cni2000::missed_region::cni2000_medium_bottom_20190131,limit_up_down_breadth_bottom,bottom,limit_up_down_breadth_v1_20120705_20260814,onset,cni2000,国证2000,missed_region,False,,,cni2000_medium_bottom_20190131,2019-01-31,2019-01-31,2019-02-01,single_lobe,1,,,False,False,,,,,,2012-07-05,2026-08-14,True,True,top_bottom_regions_v2,,,,
limit_up_down_breadth_bottom::bottom::limit_up_down_breadth_v1_20120705_20260814::onset::cni2000::false_alarm::limit_up_down_breadth_bottom::bottom::limit_up_down_breadth_v1_20120705_20260814::000009,limit_up_down_breadth_bottom,bottom,limit_up_down_breadth_v1_20120705_20260814,onset,cni2000,国证2000,false_alarm,False,limit_up_down_breadth_bottom::bottom::limit_up_down_breadth_v1_20120705_20260814::000009,2019-06-14,,,,,,,,,False,False,,,,,,2012-07-05,2026-08-14,,,,cni2000_medium_bottom_20190806,prediction,multi_lobe,nearest_region_for_slice_only
limit_up_down_breadth_bottom::bottom::limit_up_down_breadth_v1_20120705_20260814::onset::cni2000::missed_region::cni2000_medium_bottom_20190806,limit_up_down_breadth_bottom,bottom,limit_up_down_breadth_v1_20120705_20260814,onset,cni2000,国证2000,missed_region,False,,,cni2000_medium_bottom_20190806,2019-08-06,2019-08-06,2019-08-15,multi_lobe,3,,,False,False,,,,,,2012-07-05,2026-08-14,True,True,top_bottom_regions_v2,,,,
limit_up_down_breadth_bottom::bottom::limit_up_down_breadth_v1_20120705_20260814::onset::cni2000::false_alarm::limit_up_down_breadth_bottom::bottom::limit_up_down_breadth_v1_20120705_20260814::000010,limit_up_down_breadth_bottom,bottom,limit_up_down_breadth_v1_20120705_20260814,onset,cni2000,国证2000,false_alarm,False,limit_up_down_breadth_bottom::bottom::limit_up_down_breadth_v1_20120705_20260814::000010,2019-11-06,,,,,,,,,False,False,,,,,,2012-07-05,2026-08-14,,,,cni2000_medium_bottom_20200204,prediction,single_lobe,nearest_region_for_slice_only
limit_up_down_breadth_bottom::bottom::limit_up_down_breadth_v1_20120705_20260814::onset::cni2000::missed_region::cni2000_medium_bottom_20200204,limit_up_down_breadth_bottom,bottom,limit_up_down_breadth_v1_20120705_20260814,onset,cni2000,国证2000,missed_region,False,,,cni2000_medium_bottom_20200204,2020-02-04,2020-02-04,2020-02-04,single_lobe,1,,,False,False,,,,,,2012-07-05,2026-08-14,True,True,top_bottom_regions_v2,,,,
limit_up_down_breadth_bottom::bottom::limit_up_down_breadth_v1_20120705_20260814::onset::cni2000::missed_region::cni2000_medium_bottom_20200428,limit_up_down_breadth_bottom,bottom,limit_up_down_breadth_v1_20120705_20260814,onset,cni2000,国证2000,missed_region,False,,,cni2000_medium_bottom_20200428,2020-04-28,2020-04-28,2020-04-28,single_lobe,1,,,False,False,,,,,,2012-07-05,2026-08-14,True,True,top_bottom_regions_v2,,,,
limit_up_down_breadth_bottom::bottom::limit_up_down_breadth_v1_20120705_20260814::onset::cni2000::false_alarm::limit_up_down_breadth_bottom::bottom::limit_up_down_breadth_v1_20120705_20260814::000011,limit_up_down_breadth_bottom,bottom,limit_up_down_breadth_v1_20120705_20260814,onset,cni2000,国证2000,false_alarm,False,limit_up_down_breadth_bottom::bottom::limit_up_down_breadth_v1_20120705_20260814::000011,2020-09-17,,,,,,,,,False,False,,,,,,2012-07-05,2026-08-14,,,,cni2000_medium_bottom_20200428,confirmation,single_lobe,nearest_region_for_slice_only
limit_up_down_breadth_bottom::bottom::limit_up_down_breadth_v1_20120705_20260814::onset::cni2000::false_alarm::limit_up_down_breadth_bottom::bottom::limit_up_down_breadth_v1_20120705_20260814::000012,limit_up_down_breadth_bottom,bottom,limit_up_down_breadth_v1_20120705_20260814,onset,cni2000,国证2000,false_alarm,False,limit_up_down_breadth_bottom::bottom::limit_up_down_breadth_v1_20120705_20260814::000012,2020-10-29,,,,,,,,,False,False,,,,,,2012-07-05,2026-08-14,,,,cni2000_medium_bottom_20210208,prediction,single_lobe,nearest_region_for_slice_only
limit_up_down_breadth_bottom::bottom::limit_up_down_breadth_v1_20120705_20260814::onset::cni2000::false_alarm::limit_up_down_breadth_bottom::bottom::limit_up_down_breadth_v1_20120705_20260814::000013,limit_up_down_breadth_bottom,bottom,limit_up_down_breadth_v1_20120705_20260814,onset,cni2000,国证2000,false_alarm,False,limit_up_down_breadth_bottom::bottom::limit_up_down_breadth_v1_20120705_20260814::000013,2020-11-06,,,,,,,,,False,False,,,,,,2012-07-05,2026-08-14,,,,cni2000_medium_bottom_20210208,prediction,single_lobe,nearest_region_for_slice_only
limit_up_down_breadth_bottom::bottom::limit_up_down_breadth_v1_20120705_20260814::onset::cni2000::missed_region::cni2000_medium_bottom_20210208,limit_up_down_breadth_bottom,bottom,limit_up_down_breadth_v1_20120705_20260814,onset,cni2000,国证2000,missed_region,False,,,cni2000_medium_bottom_20210208,2021-02-08,2021-02-04,2021-02-09,single_lobe,1,,,False,False,,,,,,2012-07-05,2026-08-14,True,True,top_bottom_regions_v2,,,,
limit_up_down_breadth_bottom::bottom::limit_up_down_breadth_v1_20120705_20260814::onset::cni2000::false_alarm::limit_up_down_breadth_bottom::bottom::limit_up_down_breadth_v1_20120705_20260814::000014,limit_up_down_breadth_bottom,bottom,limit_up_down_breadth_v1_20120705_20260814,onset,cni2000,国证2000,false_alarm,False,limit_up_down_breadth_bottom::bottom::limit_up_down_breadth_v1_20120705_20260814::000014,2022-01-28,,,,,,,,,False,False,,,,,,2012-07-05,2026-08-14,,,,cni2000_medium_bottom_20220427,prediction,single_lobe,nearest_region_for_slice_only
limit_up_down_breadth_bottom::bottom::limit_up_down_breadth_v1_20120705_20260814::onset::cni2000::duplicate_alarm::limit_up_down_breadth_bottom::bottom::limit_up_down_breadth_v1_20120705_20260814::000015,limit_up_down_breadth_bottom,bottom,limit_up_down_breadth_v1_20120705_20260814,onset,cni2000,国证2000,duplicate_alarm,False,limit_up_down_breadth_bottom::bottom::limit_up_down_breadth_v1_20120705_20260814::000015,2022-04-18,cni2000_medium_bottom_20220427,2022-04-27,2022-04-27,2022-04-27,single_lobe,1,,prediction_window,False,False,prediction,-7,7,10,limit_up_down_breadth_bottom::bottom::limit_up_down_breadth_v1_20120705_20260814::000016,2012-07-05,2026-08-14,True,True,top_bottom_regions_v2,cni2000_medium_bottom_20220427,prediction,single_lobe,duplicate_candidate
limit_up_down_breadth_bottom::bottom::limit_up_down_breadth_v1_20120705_20260814::onset::cni2000::matched::limit_up_down_breadth_bottom::bottom::limit_up_down_breadth_v1_20120705_20260814::000016,limit_up_down_breadth_bottom,bottom,limit_up_down_breadth_v1_20120705_20260814,onset,cni2000,国证2000,matched,True,limit_up_down_breadth_bottom::bottom::limit_up_down_breadth_v1_20120705_20260814::000016,2022-04-28,cni2000_medium_bottom_20220427,2022-04-27,2022-04-27,2022-04-27,single_lobe,1,,confirmation_window,False,False,confirmation,1,1,5,limit_up_down_breadth_bottom::bottom::limit_up_down_breadth_v1_20120705_20260814::000016,2012-07-05,2026-08-14,True,True,top_bottom_regions_v2,cni2000_medium_bottom_20220427,confirmation,single_lobe,primary_match
limit_up_down_breadth_bottom::bottom::limit_up_down_breadth_v1_20120705_20260814::onset::cni2000::matched::limit_up_down_breadth_bottom::bottom::limit_up_down_breadth_v1_20120705_20260814::000017,limit_up_down_breadth_bottom,bottom,limit_up_down_breadth_v1_20120705_20260814,onset,cni2000,国证2000,matched,True,limit_up_down_breadth_bottom::bottom::limit_up_down_breadth_v1_20120705_20260814::000017,2022-09-22,cni2000_medium_bottom_20221011,2022-10-11,2022-10-10,2022-10-12,single_lobe,1,,prediction_window,False,False,prediction,-8,8,10,limit_up_down_breadth_bottom::bottom::limit_up_down_breadth_v1_20120705_20260814::000017,2012-07-05,2026-08-14,True,True,top_bottom_regions_v2,cni2000_medium_bottom_20221011,prediction,single_lobe,primary_match
limit_up_down_breadth_bottom::bottom::limit_up_down_breadth_v1_20120705_20260814::onset::cni2000::false_alarm::limit_up_down_breadth_bottom::bottom::limit_up_down_breadth_v1_20120705_20260814::000018,limit_up_down_breadth_bottom,bottom,limit_up_down_breadth_v1_20120705_20260814,onset,cni2000,国证2000,false_alarm,False,limit_up_down_breadth_bottom::bottom::limit_up_down_breadth_v1_20120705_20260814::000018,2023-03-13,,,,,,,,,False,False,,,,,,2012-07-05,2026-08-14,,,,cni2000_medium_bottom_20221011,confirmation,single_lobe,nearest_region_for_slice_only
limit_up_down_breadth_bottom::bottom::limit_up_down_breadth_v1_20120705_20260814::onset::cni2000::false_alarm::limit_up_down_breadth_bottom::bottom::limit_up_down_breadth_v1_20120705_20260814::000019,limit_up_down_breadth_bottom,bottom,limit_up_down_breadth_v1_20120705_20260814,onset,cni2000,国证2000,false_alarm,False,limit_up_down_breadth_bottom::bottom::limit_up_down_breadth_v1_20120705_20260814::000019,2023-03-31,,,,,,,,,False,False,,,,,,2012-07-05,2026-08-14,,,,cni2000_medium_bottom_20221011,confirmation,single_lobe,nearest_region_for_slice_only
limit_up_down_breadth_bottom::bottom::limit_up_down_breadth_v1_20120705_20260814::onset::cni2000::false_alarm::limit_up_down_breadth_bottom::bottom::limit_up_down_breadth_v1_20120705_20260814::000020,limit_up_down_breadth_bottom,bottom,limit_up_down_breadth_v1_20120705_20260814,onset,cni2000,国证2000,false_alarm,False,limit_up_down_breadth_bottom::bottom::limit_up_down_breadth_v1_20120705_20260814::000020,2023-05-09,,,,,,,,,False,False,,,,,,2012-07-05,2026-08-14,,,,cni2000_medium_bottom_20231023,prediction,single_lobe,nearest_region_for_slice_only
limit_up_down_breadth_bottom::bottom::limit_up_down_breadth_v1_20120705_20260814::onset::cni2000::false_alarm::limit_up_down_breadth_bottom::bottom::limit_up_down_breadth_v1_20120705_20260814::000021,limit_up_down_breadth_bottom,bottom,limit_up_down_breadth_v1_20120705_20260814,onset,cni2000,国证2000,false_alarm,False,limit_up_down_breadth_bottom::bottom::limit_up_down_breadth_v1_20120705_20260814::000021,2023-05-23,,,,,,,,,False,False,,,,,,2012-07-05,2026-08-14,,,,cni2000_medium_bottom_20231023,prediction,single_lobe,nearest_region_for_slice_only
limit_up_down_breadth_bottom::bottom::limit_up_down_breadth_v1_20120705_20260814::onset::cni2000::missed_region::cni2000_medium_bottom_20231023,limit_up_down_breadth_bottom,bottom,limit_up_down_breadth_v1_20120705_20260814,onset,cni2000,国证2000,missed_region,False,,,cni2000_medium_bottom_20231023,2023-10-23,2023-10-23,2023-10-24,single_lobe,1,,,False,False,,,,,,2012-07-05,2026-08-14,True,True,top_bottom_regions_v2,,,,
limit_up_down_breadth_bottom::bottom::limit_up_down_breadth_v1_20120705_20260814::onset::cni2000::missed_region::cni2000_medium_bottom_20240206,limit_up_down_breadth_bottom,bottom,limit_up_down_breadth_v1_20120705_20260814,onset,cni2000,国证2000,missed_region,False,,,cni2000_medium_bottom_20240206,2024-02-06,2024-02-05,2024-02-06,single_lobe,1,,,False,False,,,,,,2012-07-05,2026-08-14,True,True,top_bottom_regions_v2,,,,
limit_up_down_breadth_bottom::bottom::limit_up_down_breadth_v1_20120705_20260814::onset::cni2000::missed_region::cni2000_medium_bottom_20240416,limit_up_down_breadth_bottom,bottom,limit_up_down_breadth_v1_20120705_20260814,onset,cni2000,国证2000,missed_region,False,,,cni2000_medium_bottom_20240416,2024-04-16,2024-04-16,2024-04-17,single_lobe,1,,,False,False,,,,,,2012-07-05,2026-08-14,True,True,top_bottom_regions_v2,,,,
limit_up_down_breadth_bottom::bottom::limit_up_down_breadth_v1_20120705_20260814::onset::cni2000::false_alarm::limit_up_down_breadth_bottom::bottom::limit_up_down_breadth_v1_20120705_20260814::000022,limit_up_down_breadth_bottom,bottom,limit_up_down_breadth_v1_20120705_20260814,onset,cni2000,国证2000,false_alarm,False,limit_up_down_breadth_bottom::bottom::limit_up_down_breadth_v1_20120705_20260814::000022,2024-06-11,,,,,,,,,False,False,,,,,,2012-07-05,2026-08-14,,,,cni2000_medium_bottom_20240416,confirmation,single_lobe,nearest_region_for_slice_only
limit_up_down_breadth_bottom::bottom::limit_up_down_breadth_v1_20120705_20260814::onset::cni2000::missed_region::cni2000_medium_bottom_20240918,limit_up_down_breadth_bottom,bottom,limit_up_down_breadth_v1_20120705_20260814,onset,cni2000,国证2000,missed_region,False,,,cni2000_medium_bottom_20240918,2024-09-18,2024-09-10,2024-09-19,multi_lobe,2,,,False,False,,,,,,2012-07-05,2026-08-14,True,True,top_bottom_regions_v2,,,,
limit_up_down_breadth_bottom::bottom::limit_up_down_breadth_v1_20120705_20260814::onset::cni2000::missed_region::cni2000_medium_bottom_20241014,limit_up_down_breadth_bottom,bottom,limit_up_down_breadth_v1_20120705_20260814,onset,cni2000,国证2000,missed_region,False,,,cni2000_medium_bottom_20241014,2024-10-14,2024-10-11,2024-10-16,multi_lobe,2,,,False,False,,,,,,2012-07-05,2026-08-14,True,True,top_bottom_regions_v2,,,,
limit_up_down_breadth_bottom::bottom::limit_up_down_breadth_v1_20120705_20260814::onset::cni2000::missed_region::cni2000_medium_bottom_20250113,limit_up_down_breadth_bottom,bottom,limit_up_down_breadth_v1_20120705_20260814,onset,cni2000,国证2000,missed_region,False,,,cni2000_medium_bottom_20250113,2025-01-13,2025-01-06,2025-01-13,multi_lobe,3,,,False,False,,,,,,2012-07-05,2026-08-14,True,True,top_bottom_regions_v2,,,,
limit_up_down_breadth_bottom::bottom::limit_up_down_breadth_v1_20120705_20260814::onset::cni2000::missed_region::cni2000_medium_bottom_20250409,limit_up_down_breadth_bottom,bottom,limit_up_down_breadth_v1_20120705_20260814,onset,cni2000,国证2000,missed_region,False,,,cni2000_medium_bottom_20250409,2025-04-09,2025-04-09,2025-04-09,single_lobe,1,,,False,False,,,,,,2012-07-05,2026-08-14,True,True,top_bottom_regions_v2,,,,
limit_up_down_breadth_bottom::bottom::limit_up_down_breadth_v1_20120705_20260814::onset::cni2000::missed_region::cni2000_medium_bottom_20260323,limit_up_down_breadth_bottom,bottom,limit_up_down_breadth_v1_20120705_20260814,onset,cni2000,国证2000,missed_region,False,,,cni2000_medium_bottom_20260323,2026-03-23,2026-03-23,2026-03-24,single_lobe,1,,,False,False,,,,,,2012-07-05,2026-08-14,True,True,top_bottom_regions_v2,,,,
limit_up_down_breadth_bottom::bottom::limit_up_down_breadth_v1_20120705_20260814::onset::cni2000::matched::limit_up_down_breadth_bottom::bottom::limit_up_down_breadth_v1_20120705_20260814::000023,limit_up_down_breadth_bottom,bottom,limit_up_down_breadth_v1_20120705_20260814,onset,cni2000,国证2000,matched,True,limit_up_down_breadth_bottom::bottom::limit_up_down_breadth_v1_20120705_20260814::000023,2026-07-15,cni2000_medium_bottom_20260721,2026-07-21,2026-07-21,2026-07-21,single_lobe,1,,prediction_window,False,False,prediction,-4,4,5,limit_up_down_breadth_bottom::bottom::limit_up_down_breadth_v1_20120705_20260814::000023,2012-07-05,2026-08-14,True,False,top_bottom_regions_v2,cni2000_medium_bottom_20260721,prediction,single_lobe,primary_match
limit_up_down_breadth_bottom::bottom::limit_up_down_breadth_v1_20120705_20260814::onset::csi1000::missed_region::csi1000_medium_bottom_20121204,limit_up_down_breadth_bottom,bottom,limit_up_down_breadth_v1_20120705_20260814,onset,csi1000,中证1000,missed_region,False,,,csi1000_medium_bottom_20121204,2012-12-04,2012-12-03,2012-12-04,single_lobe,1,,,False,False,,,,,,2012-07-05,2026-08-14,True,True,top_bottom_regions_v2,,,,
limit_up_down_breadth_bottom::bottom::limit_up_down_breadth_v1_20120705_20260814::onset::csi1000::matched::limit_up_down_breadth_bottom::bottom::limit_up_down_breadth_v1_20120705_20260814::000001,limit_up_down_breadth_bottom,bottom,limit_up_down_breadth_v1_20120705_20260814,onset,csi1000,中证1000,matched,True,limit_up_down_breadth_bottom::bottom::limit_up_down_breadth_v1_20120705_20260814::000001,2013-06-27,csi1000_medium_bottom_20130625,2013-06-25,2013-06-25,2013-06-25,single_lobe,1,,confirmation_window,False,False,confirmation,2,2,5,limit_up_down_breadth_bottom::bottom::limit_up_down_breadth_v1_20120705_20260814::000001,2012-07-05,2026-08-14,True,True,top_bottom_regions_v2,csi1000_medium_bottom_20130625,confirmation,single_lobe,primary_match
limit_up_down_breadth_bottom::bottom::limit_up_down_breadth_v1_20120705_20260814::onset::csi1000::false_alarm::limit_up_down_breadth_bottom::bottom::limit_up_down_breadth_v1_20120705_20260814::000002,limit_up_down_breadth_bottom,bottom,limit_up_down_breadth_v1_20120705_20260814,onset,csi1000,中证1000,false_alarm,False,limit_up_down_breadth_bottom::bottom::limit_up_down_breadth_v1_20120705_20260814::000002,2014-01-13,,,,,,,,,False,False,,,,,,2012-07-05,2026-08-14,,,,csi1000_medium_bottom_20140429,prediction,multi_lobe,nearest_region_for_slice_only
limit_up_down_breadth_bottom::bottom::limit_up_down_breadth_v1_20120705_20260814::onset::csi1000::matched::limit_up_down_breadth_bottom::bottom::limit_up_down_breadth_v1_20120705_20260814::000003,limit_up_down_breadth_bottom,bottom,limit_up_down_breadth_v1_20120705_20260814,onset,csi1000,中证1000,matched,True,limit_up_down_breadth_bottom::bottom::limit_up_down_breadth_v1_20120705_20260814::000003,2014-05-07,csi1000_medium_bottom_20140429,2014-04-29,2014-04-28,2014-05-21,multi_lobe,3,,envelope,False,True,confirmation,4,4,5,limit_up_down_breadth_bottom::bottom::limit_up_down_breadth_v1_20120705_20260814::000003,2012-07-05,2026-08-14,True,True,top_bottom_regions_v2,csi1000_medium_bottom_20140429,confirmation,multi_lobe,primary_match
limit_up_down_breadth_bottom::bottom::limit_up_down_breadth_v1_20120705_20260814::onset::csi1000::missed_region::csi1000_medium_bottom_20150630,limit_up_down_breadth_bottom,bottom,limit_up_down_breadth_v1_20120705_20260814,onset,csi1000,中证1000,missed_region,False,,,csi1000_medium_bottom_20150630,2015-06-30,2015-06-30,2015-06-30,single_lobe,1,,,False,False,,,,,,2012-07-05,2026-08-14,True,True,top_bottom_regions_v2,,,,
limit_up_down_breadth_bottom::bottom::limit_up_down_breadth_v1_20120705_20260814::onset::csi1000::missed_region::csi1000_medium_bottom_20150709,limit_up_down_breadth_bottom,bottom,limit_up_down_breadth_v1_20120705_20260814,onset,csi1000,中证1000,missed_region,False,,,csi1000_medium_bottom_20150709,2015-07-09,2015-07-08,2015-07-09,single_lobe,1,,,False,False,,,,,,2012-07-05,2026-08-14,True,True,top_bottom_regions_v2,,,,
limit_up_down_breadth_bottom::bottom::limit_up_down_breadth_v1_20120705_20260814::onset::csi1000::missed_region::csi1000_medium_bottom_20150803,limit_up_down_breadth_bottom,bottom,limit_up_down_breadth_v1_20120705_20260814,onset,csi1000,中证1000,missed_region,False,,,csi1000_medium_bottom_20150803,2015-08-03,2015-08-03,2015-08-04,single_lobe,1,,,False,False,,,,,,2012-07-05,2026-08-14,True,True,top_bottom_regions_v2,,,,
limit_up_down_breadth_bottom::bottom::limit_up_down_breadth_v1_20120705_20260814::onset::csi1000::missed_region::csi1000_medium_bottom_20150827,limit_up_down_breadth_bottom,bottom,limit_up_down_breadth_v1_20120705_20260814,onset,csi1000,中证1000,missed_region,False,,,csi1000_medium_bottom_20150827,2015-08-27,2015-08-26,2015-08-27,single_lobe,1,,,False,False,,,,,,2012-07-05,2026-08-14,True,True,top_bottom_regions_v2,,,,
limit_up_down_breadth_bottom::bottom::limit_up_down_breadth_v1_20120705_20260814::onset::csi1000::missed_region::csi1000_medium_bottom_20150902,limit_up_down_breadth_bottom,bottom,limit_up_down_breadth_v1_20120705_20260814,onset,csi1000,中证1000,missed_region,False,,,csi1000_medium_bottom_20150902,2015-09-02,2015-09-02,2015-09-02,single_lobe,1,,,False,False,,,,,,2012-07-05,2026-08-14,True,True,top_bottom_regions_v2,,,,
limit_up_down_breadth_bottom::bottom::limit_up_down_breadth_v1_20120705_20260814::onset::csi1000::missed_region::csi1000_medium_bottom_20150915,limit_up_down_breadth_bottom,bottom,limit_up_down_breadth_v1_20120705_20260814,onset,csi1000,中证1000,missed_region,False,,,csi1000_medium_bottom_20150915,2015-09-15,2015-09-15,2015-09-16,single_lobe,1,,,False,False,,,,,,2012-07-05,2026-08-14,True,True,top_bottom_regions_v2,,,,
limit_up_down_breadth_bottom::bottom::limit_up_down_breadth_v1_20120705_20260814::onset::csi1000::missed_region::csi1000_medium_bottom_20151130,limit_up_down_breadth_bottom,bottom,limit_up_down_breadth_v1_20120705_20260814,onset,csi1000,中证1000,missed_region,False,,,csi1000_medium_bottom_20151130,2015-11-30,2015-11-30,2015-12-02,multi_lobe,2,,,False,False,,,,,,2012-07-05,2026-08-14,True,True,top_bottom_regions_v2,,,,
limit_up_down_breadth_bottom::bottom::limit_up_down_breadth_v1_20120705_20260814::onset::csi1000::missed_region::csi1000_medium_bottom_20160114,limit_up_down_breadth_bottom,bottom,limit_up_down_breadth_v1_20120705_20260814,onset,csi1000,中证1000,missed_region,False,,,csi1000_medium_bottom_20160114,2016-01-14,2016-01-14,2016-01-14,single_lobe,1,,,False,False,,,,,,2012-07-05,2026-08-14,True,True,top_bottom_regions_v2,,,,
limit_up_down_breadth_bottom::bottom::limit_up_down_breadth_v1_20120705_20260814::onset::csi1000::missed_region::csi1000_medium_bottom_20160129,limit_up_down_breadth_bottom,bottom,limit_up_down_breadth_v1_20120705_20260814,onset,csi1000,中证1000,missed_region,False,,,csi1000_medium_bottom_20160129,2016-01-29,2016-01-27,2016-02-01,single_lobe,1,,,False,False,,,,,,2012-07-05,2026-08-14,True,True,top_bottom_regions_v2,,,,
limit_up_down_breadth_bottom::bottom::limit_up_down_breadth_v1_20120705_20260814::onset::csi1000::missed_region::csi1000_medium_bottom_20160301,limit_up_down_breadth_bottom,bottom,limit_up_down_breadth_v1_20120705_20260814,onset,csi1000,中证1000,missed_region,False,,,csi1000_medium_bottom_20160301,2016-03-01,2016-02-29,2016-03-01,single_lobe,1,,,False,False,,,,,,2012-07-05,2026-08-14,True,True,top_bottom_regions_v2,,,,
limit_up_down_breadth_bottom::bottom::limit_up_down_breadth_v1_20120705_20260814::onset::csi1000::missed_region::csi1000_medium_bottom_20160512,limit_up_down_breadth_bottom,bottom,limit_up_down_breadth_v1_20120705_20260814,onset,csi1000,中证1000,missed_region,False,,,csi1000_medium_bottom_20160512,2016-05-12,2016-05-12,2016-05-26,multi_lobe,3,,,False,False,,,,,,2012-07-05,2026-08-14,True,True,top_bottom_regions_v2,,,,
limit_up_down_breadth_bottom::bottom::limit_up_down_breadth_v1_20120705_20260814::onset::csi1000::missed_region::csi1000_medium_bottom_20170116,limit_up_down_breadth_bottom,bottom,limit_up_down_breadth_v1_20120705_20260814,onset,csi1000,中证1000,missed_region,False,,,csi1000_medium_bottom_20170116,2017-01-16,2017-01-16,2017-01-17,single_lobe,1,,,False,False,,,,,,2012-07-05,2026-08-14,True,True,top_bottom_regions_v2,,,,
limit_up_down_breadth_bottom::bottom::limit_up_down_breadth_v1_20120705_20260814::onset::csi1000::false_alarm::limit_up_down_breadth_bottom::bottom::limit_up_down_breadth_v1_20120705_20260814::000004,limit_up_down_breadth_bottom,bottom,limit_up_down_breadth_v1_20120705_20260814,onset,csi1000,中证1000,false_alarm,False,limit_up_down_breadth_bottom::bottom::limit_up_down_breadth_v1_20120705_20260814::000004,2017-03-03,,,,,,,,,False,False,,,,,,2012-07-05,2026-08-14,,,,csi1000_medium_bottom_20170116,confirmation,single_lobe,nearest_region_for_slice_only
limit_up_down_breadth_bottom::bottom::limit_up_down_breadth_v1_20120705_20260814::onset::csi1000::false_alarm::limit_up_down_breadth_bottom::bottom::limit_up_down_breadth_v1_20120705_20260814::000005,limit_up_down_breadth_bottom,bottom,limit_up_down_breadth_v1_20120705_20260814,onset,csi1000,中证1000,false_alarm,False,limit_up_down_breadth_bottom::bottom::limit_up_down_breadth_v1_20120705_20260814::000005,2017-04-25,,,,,,,,,False,False,,,,,,2012-07-05,2026-08-14,,,,csi1000_medium_bottom_20170602,prediction,multi_lobe,nearest_region_for_slice_only
limit_up_down_breadth_bottom::bottom::limit_up_down_breadth_v1_20120705_20260814::onset::csi1000::matched::limit_up_down_breadth_bottom::bottom::limit_up_down_breadth_v1_20120705_20260814::000006,limit_up_down_breadth_bottom,bottom,limit_up_down_breadth_v1_20120705_20260814,onset,csi1000,中证1000,matched,True,limit_up_down_breadth_bottom::bottom::limit_up_down_breadth_v1_20120705_20260814::000006,2017-06-29,csi1000_medium_bottom_20170602,2017-06-02,2017-05-24,2017-06-02,multi_lobe,2,,confirmation_window,False,False,confirmation,19,19,20,limit_up_down_breadth_bottom::bottom::limit_up_down_breadth_v1_20120705_20260814::000006,2012-07-05,2026-08-14,True,True,top_bottom_regions_v2,csi1000_medium_bottom_20170602,confirmation,multi_lobe,primary_match
limit_up_down_breadth_bottom::bottom::limit_up_down_breadth_v1_20120705_20260814::onset::csi1000::false_alarm::limit_up_down_breadth_bottom::bottom::limit_up_down_breadth_v1_20120705_20260814::000007,limit_up_down_breadth_bottom,bottom,limit_up_down_breadth_v1_20120705_20260814,onset,csi1000,中证1000,false_alarm,False,limit_up_down_breadth_bottom::bottom::limit_up_down_breadth_v1_20120705_20260814::000007,2017-11-06,,,,,,,,,False,False,,,,,,2012-07-05,2026-08-14,,,,csi1000_medium_bottom_20180209,prediction,multi_lobe,nearest_region_for_slice_only
limit_up_down_breadth_bottom::bottom::limit_up_down_breadth_v1_20120705_20260814::onset::csi1000::missed_region::csi1000_medium_bottom_20180209,limit_up_down_breadth_bottom,bottom,limit_up_down_breadth_v1_20120705_20260814,onset,csi1000,中证1000,missed_region,False,,,csi1000_medium_bottom_20180209,2018-02-09,2018-02-07,2018-02-12,multi_lobe,2,,,False,False,,,,,,2012-07-05,2026-08-14,True,True,top_bottom_regions_v2,,,,
limit_up_down_breadth_bottom::bottom::limit_up_down_breadth_v1_20120705_20260814::onset::csi1000::false_alarm::limit_up_down_breadth_bottom::bottom::limit_up_down_breadth_v1_20120705_20260814::000008,limit_up_down_breadth_bottom,bottom,limit_up_down_breadth_v1_20120705_20260814,onset,csi1000,中证1000,false_alarm,False,limit_up_down_breadth_bottom::bottom::limit_up_down_breadth_v1_20120705_20260814::000008,2018-06-08,,,,,,,,,False,False,,,,,,2012-07-05,2026-08-14,,,,csi1000_medium_bottom_20180209,confirmation,multi_lobe,nearest_region_for_slice_only
limit_up_down_breadth_bottom::bottom::limit_up_down_breadth_v1_20120705_20260814::onset::csi1000::missed_region::csi1000_medium_bottom_20181019,limit_up_down_breadth_bottom,bottom,limit_up_down_breadth_v1_20120705_20260814,onset,csi1000,中证1000,missed_region,False,,,csi1000_medium_bottom_20181019,2018-10-19,2018-10-18,2018-10-19,single_lobe,1,,,False,False,,,,,,2012-07-05,2026-08-14,True,True,top_bottom_regions_v2,,,,
limit_up_down_breadth_bottom::bottom::limit_up_down_breadth_v1_20120705_20260814::onset::csi1000::missed_region::csi1000_medium_bottom_20190104,limit_up_down_breadth_bottom,bottom,limit_up_down_breadth_v1_20120705_20260814,onset,csi1000,中证1000,missed_region,False,,,csi1000_medium_bottom_20190104,2019-01-04,2018-12-25,2019-01-04,multi_lobe,2,,,False,False,,,,,,2012-07-05,2026-08-14,True,True,top_bottom_regions_v2,,,,
limit_up_down_breadth_bottom::bottom::limit_up_down_breadth_v1_20120705_20260814::onset::csi1000::false_alarm::limit_up_down_breadth_bottom::bottom::limit_up_down_breadth_v1_20120705_20260814::000009,limit_up_down_breadth_bottom,bottom,limit_up_down_breadth_v1_20120705_20260814,onset,csi1000,中证1000,false_alarm,False,limit_up_down_breadth_bottom::bottom::limit_up_down_breadth_v1_20120705_20260814::000009,2019-06-14,,,,,,,,,False,False,,,,,,2012-07-05,2026-08-14,,,,csi1000_medium_bottom_20190806,prediction,multi_lobe,nearest_region_for_slice_only
limit_up_down_breadth_bottom::bottom::limit_up_down_breadth_v1_20120705_20260814::onset::csi1000::missed_region::csi1000_medium_bottom_20190806,limit_up_down_breadth_bottom,bottom,limit_up_down_breadth_v1_20120705_20260814,onset,csi1000,中证1000,missed_region,False,,,csi1000_medium_bottom_20190806,2019-08-06,2019-08-06,2019-08-15,multi_lobe,3,,,False,False,,,,,,2012-07-05,2026-08-14,True,True,top_bottom_regions_v2,,,,
limit_up_down_breadth_bottom::bottom::limit_up_down_breadth_v1_20120705_20260814::onset::csi1000::false_alarm::limit_up_down_breadth_bottom::bottom::limit_up_down_breadth_v1_20120705_20260814::000010,limit_up_down_breadth_bottom,bottom,limit_up_down_breadth_v1_20120705_20260814,onset,csi1000,中证1000,false_alarm,False,limit_up_down_breadth_bottom::bottom::limit_up_down_breadth_v1_20120705_20260814::000010,2019-11-06,,,,,,,,,False,False,,,,,,2012-07-05,2026-08-14,,,,csi1000_medium_bottom_20200204,prediction,single_lobe,nearest_region_for_slice_only
limit_up_down_breadth_bottom::bottom::limit_up_down_breadth_v1_20120705_20260814::onset::csi1000::missed_region::csi1000_medium_bottom_20200204,limit_up_down_breadth_bottom,bottom,limit_up_down_breadth_v1_20120705_20260814,onset,csi1000,中证1000,missed_region,False,,,csi1000_medium_bottom_20200204,2020-02-04,2020-02-04,2020-02-04,single_lobe,1,,,False,False,,,,,,2012-07-05,2026-08-14,True,True,top_bottom_regions_v2,,,,
limit_up_down_breadth_bottom::bottom::limit_up_down_breadth_v1_20120705_20260814::onset::csi1000::missed_region::csi1000_medium_bottom_20200324,limit_up_down_breadth_bottom,bottom,limit_up_down_breadth_v1_20120705_20260814,onset,csi1000,中证1000,missed_region,False,,,csi1000_medium_bottom_20200324,2020-03-24,2020-03-17,2020-04-02,multi_lobe,3,,,False,False,,,,,,2012-07-05,2026-08-14,True,True,top_bottom_regions_v2,,,,
limit_up_down_breadth_bottom::bottom::limit_up_down_breadth_v1_20120705_20260814::onset::csi1000::false_alarm::limit_up_down_breadth_bottom::bottom::limit_up_down_breadth_v1_20120705_20260814::000011,limit_up_down_breadth_bottom,bottom,limit_up_down_breadth_v1_20120705_20260814,onset,csi1000,中证1000,false_alarm,False,limit_up_down_breadth_bottom::bottom::limit_up_down_breadth_v1_20120705_20260814::000011,2020-09-17,,,,,,,,,False,False,,,,,,2012-07-05,2026-08-14,,,,csi1000_medium_bottom_20210208,prediction,single_lobe,nearest_region_for_slice_only
limit_up_down_breadth_bottom::bottom::limit_up_down_breadth_v1_20120705_20260814::onset::csi1000::false_alarm::limit_up_down_breadth_bottom::bottom::limit_up_down_breadth_v1_20120705_20260814::000012,limit_up_down_breadth_bottom,bottom,limit_up_down_breadth_v1_20120705_20260814,onset,csi1000,中证1000,false_alarm,False,limit_up_down_breadth_bottom::bottom::limit_up_down_breadth_v1_20120705_20260814::000012,2020-10-29,,,,,,,,,False,False,,,,,,2012-07-05,2026-08-14,,,,csi1000_medium_bottom_20210208,prediction,single_lobe,nearest_region_for_slice_only
limit_up_down_breadth_bottom::bottom::limit_up_down_breadth_v1_20120705_20260814::onset::csi1000::false_alarm::limit_up_down_breadth_bottom::bottom::limit_up_down_breadth_v1_20120705_20260814::000013,limit_up_down_breadth_bottom,bottom,limit_up_down_breadth_v1_20120705_20260814,onset,csi1000,中证1000,false_alarm,False,limit_up_down_breadth_bottom::bottom::limit_up_down_breadth_v1_20120705_20260814::000013,2020-11-06,,,,,,,,,False,False,,,,,,2012-07-05,2026-08-14,,,,csi1000_medium_bottom_20210208,prediction,single_lobe,nearest_region_for_slice_only
limit_up_down_breadth_bottom::bottom::limit_up_down_breadth_v1_20120705_20260814::onset::csi1000::missed_region::csi1000_medium_bottom_20210208,limit_up_down_breadth_bottom,bottom,limit_up_down_breadth_v1_20120705_20260814,onset,csi1000,中证1000,missed_region,False,,,csi1000_medium_bottom_20210208,2021-02-08,2021-02-04,2021-02-09,single_lobe,1,,,False,False,,,,,,2012-07-05,2026-08-14,True,True,top_bottom_regions_v2,,,,
limit_up_down_breadth_bottom::bottom::limit_up_down_breadth_v1_20120705_20260814::onset::csi1000::false_alarm::limit_up_down_breadth_bottom::bottom::limit_up_down_breadth_v1_20120705_20260814::000014,limit_up_down_breadth_bottom,bottom,limit_up_down_breadth_v1_20120705_20260814,onset,csi1000,中证1000,false_alarm,False,limit_up_down_breadth_bottom::bottom::limit_up_down_breadth_v1_20120705_20260814::000014,2022-01-28,,,,,,,,,False,False,,,,,,2012-07-05,2026-08-14,,,,csi1000_medium_bottom_20220427,prediction,single_lobe,nearest_region_for_slice_only
limit_up_down_breadth_bottom::bottom::limit_up_down_breadth_v1_20120705_20260814::onset::csi1000::duplicate_alarm::limit_up_down_breadth_bottom::bottom::limit_up_down_breadth_v1_20120705_20260814::000015,limit_up_down_breadth_bottom,bottom,limit_up_down_breadth_v1_20120705_20260814,onset,csi1000,中证1000,duplicate_alarm,False,limit_up_down_breadth_bottom::bottom::limit_up_down_breadth_v1_20120705_20260814::000015,2022-04-18,csi1000_medium_bottom_20220427,2022-04-27,2022-04-26,2022-04-27,single_lobe,1,,prediction_window,False,False,prediction,-7,7,10,limit_up_down_breadth_bottom::bottom::limit_up_down_breadth_v1_20120705_20260814::000016,2012-07-05,2026-08-14,True,True,top_bottom_regions_v2,csi1000_medium_bottom_20220427,prediction,single_lobe,duplicate_candidate
limit_up_down_breadth_bottom::bottom::limit_up_down_breadth_v1_20120705_20260814::onset::csi1000::matched::limit_up_down_breadth_bottom::bottom::limit_up_down_breadth_v1_20120705_20260814::000016,limit_up_down_breadth_bottom,bottom,limit_up_down_breadth_v1_20120705_20260814,onset,csi1000,中证1000,matched,True,limit_up_down_breadth_bottom::bottom::limit_up_down_breadth_v1_20120705_20260814::000016,2022-04-28,csi1000_medium_bottom_20220427,2022-04-27,2022-04-26,2022-04-27,single_lobe,1,,confirmation_window,False,False,confirmation,1,1,5,limit_up_down_breadth_bottom::bottom::limit_up_down_breadth_v1_20120705_20260814::000016,2012-07-05,2026-08-14,True,True,top_bottom_regions_v2,csi1000_medium_bottom_20220427,confirmation,single_lobe,primary_match
limit_up_down_breadth_bottom::bottom::limit_up_down_breadth_v1_20120705_20260814::onset::csi1000::matched::limit_up_down_breadth_bottom::bottom::limit_up_down_breadth_v1_20120705_20260814::000017,limit_up_down_breadth_bottom,bottom,limit_up_down_breadth_v1_20120705_20260814,onset,csi1000,中证1000,matched,True,limit_up_down_breadth_bottom::bottom::limit_up_down_breadth_v1_20120705_20260814::000017,2022-09-22,csi1000_medium_bottom_20221012,2022-10-12,2022-10-10,2022-10-12,single_lobe,1,,prediction_window,False,False,prediction,-9,9,10,limit_up_down_breadth_bottom::bottom::limit_up_down_breadth_v1_20120705_20260814::000017,2012-07-05,2026-08-14,True,True,top_bottom_regions_v2,csi1000_medium_bottom_20221012,prediction,single_lobe,primary_match
limit_up_down_breadth_bottom::bottom::limit_up_down_breadth_v1_20120705_20260814::onset::csi1000::false_alarm::limit_up_down_breadth_bottom::bottom::limit_up_down_breadth_v1_20120705_20260814::000018,limit_up_down_breadth_bottom,bottom,limit_up_down_breadth_v1_20120705_20260814,onset,csi1000,中证1000,false_alarm,False,limit_up_down_breadth_bottom::bottom::limit_up_down_breadth_v1_20120705_20260814::000018,2023-03-13,,,,,,,,,False,False,,,,,,2012-07-05,2026-08-14,,,,csi1000_medium_bottom_20221012,confirmation,single_lobe,nearest_region_for_slice_only
limit_up_down_breadth_bottom::bottom::limit_up_down_breadth_v1_20120705_20260814::onset::csi1000::false_alarm::limit_up_down_breadth_bottom::bottom::limit_up_down_breadth_v1_20120705_20260814::000019,limit_up_down_breadth_bottom,bottom,limit_up_down_breadth_v1_20120705_20260814,onset,csi1000,中证1000,false_alarm,False,limit_up_down_breadth_bottom::bottom::limit_up_down_breadth_v1_20120705_20260814::000019,2023-03-31,,,,,,,,,False,False,,,,,,2012-07-05,2026-08-14,,,,csi1000_medium_bottom_20221012,confirmation,single_lobe,nearest_region_for_slice_only
limit_up_down_breadth_bottom::bottom::limit_up_down_breadth_v1_20120705_20260814::onset::csi1000::false_alarm::limit_up_down_breadth_bottom::bottom::limit_up_down_breadth_v1_20120705_20260814::000020,limit_up_down_breadth_bottom,bottom,limit_up_down_breadth_v1_20120705_20260814,onset,csi1000,中证1000,false_alarm,False,limit_up_down_breadth_bottom::bottom::limit_up_down_breadth_v1_20120705_20260814::000020,2023-05-09,,,,,,,,,False,False,,,,,,2012-07-05,2026-08-14,,,,csi1000_medium_bottom_20221012,confirmation,single_lobe,nearest_region_for_slice_only
limit_up_down_breadth_bottom::bottom::limit_up_down_breadth_v1_20120705_20260814::onset::csi1000::false_alarm::limit_up_down_breadth_bottom::bottom::limit_up_down_breadth_v1_20120705_20260814::000021,limit_up_down_breadth_bottom,bottom,limit_up_down_breadth_v1_20120705_20260814,onset,csi1000,中证1000,false_alarm,False,limit_up_down_breadth_bottom::bottom::limit_up_down_breadth_v1_20120705_20260814::000021,2023-05-23,,,,,,,,,False,False,,,,,,2012-07-05,2026-08-14,,,,csi1000_medium_bottom_20221012,confirmation,single_lobe,nearest_region_for_slice_only
limit_up_down_breadth_bottom::bottom::limit_up_down_breadth_v1_20120705_20260814::onset::csi1000::missed_region::csi1000_medium_bottom_20240205,limit_up_down_breadth_bottom,bottom,limit_up_down_breadth_v1_20120705_20260814,onset,csi1000,中证1000,missed_region,False,,,csi1000_medium_bottom_20240205,2024-02-05,2024-02-05,2024-02-06,single_lobe,1,,,False,False,,,,,,2012-07-05,2026-08-14,True,True,top_bottom_regions_v2,,,,
limit_up_down_breadth_bottom::bottom::limit_up_down_breadth_v1_20120705_20260814::onset::csi1000::false_alarm::limit_up_down_breadth_bottom::bottom::limit_up_down_breadth_v1_20120705_20260814::000022,limit_up_down_breadth_bottom,bottom,limit_up_down_breadth_v1_20120705_20260814,onset,csi1000,中证1000,false_alarm,False,limit_up_down_breadth_bottom::bottom::limit_up_down_breadth_v1_20120705_20260814::000022,2024-06-11,,,,,,,,,False,False,,,,,,2012-07-05,2026-08-14,,,,csi1000_medium_bottom_20240918,prediction,multi_lobe,nearest_region_for_slice_only
limit_up_down_breadth_bottom::bottom::limit_up_down_breadth_v1_20120705_20260814::onset::csi1000::missed_region::csi1000_medium_bottom_20240918,limit_up_down_breadth_bottom,bottom,limit_up_down_breadth_v1_20120705_20260814,onset,csi1000,中证1000,missed_region,False,,,csi1000_medium_bottom_20240918,2024-09-18,2024-09-10,2024-09-20,multi_lobe,2,,,False,False,,,,,,2012-07-05,2026-08-14,True,True,top_bottom_regions_v2,,,,
limit_up_down_breadth_bottom::bottom::limit_up_down_breadth_v1_20120705_20260814::onset::csi1000::missed_region::csi1000_medium_bottom_20241014,limit_up_down_breadth_bottom,bottom,limit_up_down_breadth_v1_20120705_20260814,onset,csi1000,中证1000,missed_region,False,,,csi1000_medium_bottom_20241014,2024-10-14,2024-10-11,2024-10-16,multi_lobe,2,,,False,False,,,,,,2012-07-05,2026-08-14,True,True,top_bottom_regions_v2,,,,
limit_up_down_breadth_bottom::bottom::limit_up_down_breadth_v1_20120705_20260814::onset::csi1000::missed_region::csi1000_medium_bottom_20250113,limit_up_down_breadth_bottom,bottom,limit_up_down_breadth_v1_20120705_20260814,onset,csi1000,中证1000,missed_region,False,,,csi1000_medium_bottom_20250113,2025-01-13,2025-01-06,2025-01-14,multi_lobe,3,,,False,False,,,,,,2012-07-05,2026-08-14,True,True,top_bottom_regions_v2,,,,
limit_up_down_breadth_bottom::bottom::limit_up_down_breadth_v1_20120705_20260814::onset::csi1000::missed_region::csi1000_medium_bottom_20250409,limit_up_down_breadth_bottom,bottom,limit_up_down_breadth_v1_20120705_20260814,onset,csi1000,中证1000,missed_region,False,,,csi1000_medium_bottom_20250409,2025-04-09,2025-04-09,2025-04-09,single_lobe,1,,,False,False,,,,,,2012-07-05,2026-08-14,True,True,top_bottom_regions_v2,,,,
limit_up_down_breadth_bottom::bottom::limit_up_down_breadth_v1_20120705_20260814::onset::csi1000::missed_region::csi1000_medium_bottom_20260323,limit_up_down_breadth_bottom,bottom,limit_up_down_breadth_v1_20120705_20260814,onset,csi1000,中证1000,missed_region,False,,,csi1000_medium_bottom_20260323,2026-03-23,2026-03-23,2026-03-24,single_lobe,1,,,False,False,,,,,,2012-07-05,2026-08-14,True,True,top_bottom_regions_v2,,,,
limit_up_down_breadth_bottom::bottom::limit_up_down_breadth_v1_20120705_20260814::onset::csi1000::matched::limit_up_down_breadth_bottom::bottom::limit_up_down_breadth_v1_20120705_20260814::000023,limit_up_down_breadth_bottom,bottom,limit_up_down_breadth_v1_20120705_20260814,onset,csi1000,中证1000,matched,True,limit_up_down_breadth_bottom::bottom::limit_up_down_breadth_v1_20120705_20260814::000023,2026-07-15,csi1000_medium_bottom_20260721,2026-07-21,2026-07-20,2026-07-30,multi_lobe,2,,prediction_window,False,False,prediction,-4,4,5,limit_up_down_breadth_bottom::bottom::limit_up_down_breadth_v1_20120705_20260814::000023,2012-07-05,2026-08-14,True,False,top_bottom_regions_v2,csi1000_medium_bottom_20260721,prediction,multi_lobe,primary_match
limit_up_down_breadth_bottom::bottom::limit_up_down_breadth_v1_20120705_20260814::onset::csi300::missed_region::csi300_medium_bottom_20121204,limit_up_down_breadth_bottom,bottom,limit_up_down_breadth_v1_20120705_20260814,onset,csi300,沪深300,missed_region,False,,,csi300_medium_bottom_20121204,2012-12-04,2012-11-28,2012-12-05,single_lobe,1,,,False,False,,,,,,2012-07-05,2026-08-14,True,True,top_bottom_regions_v2,,,,
limit_up_down_breadth_bottom::bottom::limit_up_down_breadth_v1_20120705_20260814::onset::csi300::missed_region::csi300_medium_bottom_20130416,limit_up_down_breadth_bottom,bottom,limit_up_down_breadth_v1_20120705_20260814,onset,csi300,沪深300,missed_region,False,,,csi300_medium_bottom_20130416,2013-04-16,2013-04-08,2013-05-03,multi_lobe,3,,,False,False,,,,,,2012-07-05,2026-08-14,True,True,top_bottom_regions_v2,,,,
limit_up_down_breadth_bottom::bottom::limit_up_down_breadth_v1_20120705_20260814::onset::csi300::matched::limit_up_down_breadth_bottom::bottom::limit_up_down_breadth_v1_20120705_20260814::000001,limit_up_down_breadth_bottom,bottom,limit_up_down_breadth_v1_20120705_20260814,onset,csi300,沪深300,matched,True,limit_up_down_breadth_bottom::bottom::limit_up_down_breadth_v1_20120705_20260814::000001,2013-06-27,csi300_medium_bottom_20130625,2013-06-25,2013-06-25,2013-06-25,single_lobe,1,,confirmation_window,False,False,confirmation,2,2,5,limit_up_down_breadth_bottom::bottom::limit_up_down_breadth_v1_20120705_20260814::000001,2012-07-05,2026-08-14,True,True,top_bottom_regions_v2,csi300_medium_bottom_20130625,confirmation,single_lobe,primary_match
limit_up_down_breadth_bottom::bottom::limit_up_down_breadth_v1_20120705_20260814::onset::csi300::missed_region::csi300_medium_bottom_20131114,limit_up_down_breadth_bottom,bottom,limit_up_down_breadth_v1_20120705_20260814,onset,csi300,沪深300,missed_region,False,,,csi300_medium_bottom_20131114,2013-11-14,2013-11-08,2013-11-15,single_lobe,1,,,False,False,,,,,,2012-07-05,2026-08-14,True,True,top_bottom_regions_v2,,,,
limit_up_down_breadth_bottom::bottom::limit_up_down_breadth_v1_20120705_20260814::onset::csi300::false_alarm::limit_up_down_breadth_bottom::bottom::limit_up_down_breadth_v1_20120705_20260814::000002,limit_up_down_breadth_bottom,bottom,limit_up_down_breadth_v1_20120705_20260814,onset,csi300,沪深300,false_alarm,False,limit_up_down_breadth_bottom::bottom::limit_up_down_breadth_v1_20120705_20260814::000002,2014-01-13,,,,,,,,,False,False,,,,,,2012-07-05,2026-08-14,,,,csi300_medium_bottom_20131114,confirmation,single_lobe,nearest_region_for_slice_only
limit_up_down_breadth_bottom::bottom::limit_up_down_breadth_v1_20120705_20260814::onset::csi300::missed_region::csi300_medium_bottom_20140321,limit_up_down_breadth_bottom,bottom,limit_up_down_breadth_v1_20120705_20260814,onset,csi300,沪深300,missed_region,False,,,csi300_medium_bottom_20140321,2014-03-21,2014-03-10,2014-03-21,multi_lobe,3,,,False,False,,,,,,2012-07-05,2026-08-14,True,True,top_bottom_regions_v2,,,,
limit_up_down_breadth_bottom::bottom::limit_up_down_breadth_v1_20120705_20260814::onset::csi300::false_alarm::limit_up_down_breadth_bottom::bottom::limit_up_down_breadth_v1_20120705_20260814::000003,limit_up_down_breadth_bottom,bottom,limit_up_down_breadth_v1_20120705_20260814,onset,csi300,沪深300,false_alarm,False,limit_up_down_breadth_bottom::bottom::limit_up_down_breadth_v1_20120705_20260814::000003,2014-05-07,,,,,,,,,False,False,,,,,,2012-07-05,2026-08-14,,,,csi300_medium_bottom_20140321,confirmation,multi_lobe,nearest_region_for_slice_only
limit_up_down_breadth_bottom::bottom::limit_up_down_breadth_v1_20120705_20260814::onset::csi300::missed_region::csi300_medium_bottom_20141210,limit_up_down_breadth_bottom,bottom,limit_up_down_breadth_v1_20120705_20260814,onset,csi300,沪深300,missed_region,False,,,csi300_medium_bottom_20141210,2014-12-10,2014-12-10,2014-12-10,single_lobe,1,,,False,False,,,,,,2012-07-05,2026-08-14,True,True,top_bottom_regions_v2,,,,
limit_up_down_breadth_bottom::bottom::limit_up_down_breadth_v1_20120705_20260814::onset::csi300::missed_region::csi300_medium_bottom_20150120,limit_up_down_breadth_bottom,bottom,limit_up_down_breadth_v1_20120705_20260814,onset,csi300,沪深300,missed_region,False,,,csi300_medium_bottom_20150120,2015-01-20,2015-01-19,2015-01-20,single_lobe,1,,,False,False,,,,,,2012-07-05,2026-08-14,True,True,top_bottom_regions_v2,,,,
limit_up_down_breadth_bottom::bottom::limit_up_down_breadth_v1_20120705_20260814::onset::csi300::missed_region::csi300_medium_bottom_20150206,limit_up_down_breadth_bottom,bottom,limit_up_down_breadth_v1_20120705_20260814,onset,csi300,沪深300,missed_region,False,,,csi300_medium_bottom_20150206,2015-02-06,2015-02-06,2015-02-10,single_lobe,1,,,False,False,,,,,,2012-07-05,2026-08-14,True,True,top_bottom_regions_v2,,,,
limit_up_down_breadth_bottom::bottom::limit_up_down_breadth_v1_20120705_20260814::onset::csi300::missed_region::csi300_medium_bottom_20150529,limit_up_down_breadth_bottom,bottom,limit_up_down_breadth_v1_20120705_20260814,onset,csi300,沪深300,missed_region,False,,,csi300_medium_bottom_20150529,2015-05-29,2015-05-29,2015-05-29,single_lobe,1,,,False,False,,,,,,2012-07-05,2026-08-14,True,True,top_bottom_regions_v2,,,,
limit_up_down_breadth_bottom::bottom::limit_up_down_breadth_v1_20120705_20260814::onset::csi300::missed_region::csi300_medium_bottom_20150623,limit_up_down_breadth_bottom,bottom,limit_up_down_breadth_v1_20120705_20260814,onset,csi300,沪深300,missed_region,False,,,csi300_medium_bottom_20150623,2015-06-23,2015-06-23,2015-06-23,single_lobe,1,,,False,False,,,,,,2012-07-05,2026-08-14,True,True,top_bottom_regions_v2,,,,
limit_up_down_breadth_bottom::bottom::limit_up_down_breadth_v1_20120705_20260814::onset::csi300::missed_region::csi300_medium_bottom_20150629,limit_up_down_breadth_bottom,bottom,limit_up_down_breadth_v1_20120705_20260814,onset,csi300,沪深300,missed_region,False,,,csi300_medium_bottom_20150629,2015-06-29,2015-06-29,2015-06-30,single_lobe,1,,,False,False,,,,,,2012-07-05,2026-08-14,True,True,top_bottom_regions_v2,,,,
limit_up_down_breadth_bottom::bottom::limit_up_down_breadth_v1_20120705_20260814::onset::csi300::missed_region::csi300_medium_bottom_20150703,limit_up_down_breadth_bottom,bottom,limit_up_down_breadth_v1_20120705_20260814,onset,csi300,沪深300,missed_region,False,,,csi300_medium_bottom_20150703,2015-07-03,2015-07-03,2015-07-03,single_lobe,1,,,False,False,,,,,,2012-07-05,2026-08-14,True,True,top_bottom_regions_v2,,,,
limit_up_down_breadth_bottom::bottom::limit_up_down_breadth_v1_20120705_20260814::onset::csi300::missed_region::csi300_medium_bottom_20150709,limit_up_down_breadth_bottom,bottom,limit_up_down_breadth_v1_20120705_20260814,onset,csi300,沪深300,missed_region,False,,,csi300_medium_bottom_20150709,2015-07-09,2015-07-09,2015-07-09,single_lobe,1,,,False,False,,,,,,2012-07-05,2026-08-14,True,True,top_bottom_regions_v2,,,,
limit_up_down_breadth_bottom::bottom::limit_up_down_breadth_v1_20120705_20260814::onset::csi300::missed_region::csi300_medium_bottom_20150716,limit_up_down_breadth_bottom,bottom,limit_up_down_breadth_v1_20120705_20260814,onset,csi300,沪深300,missed_region,False,,,csi300_medium_bottom_20150716,2015-07-16,2015-07-15,2015-07-16,single_lobe,1,,,False,False,,,,,,2012-07-05,2026-08-14,True,True,top_bottom_regions_v2,,,,
limit_up_down_breadth_bottom::bottom::limit_up_down_breadth_v1_20120705_20260814::onset::csi300::missed_region::csi300_medium_bottom_20150728,limit_up_down_breadth_bottom,bottom,limit_up_down_breadth_v1_20120705_20260814,onset,csi300,沪深300,missed_region,False,,,csi300_medium_bottom_20150728,2015-07-28,2015-07-28,2015-07-28,single_lobe,1,,,False,False,,,,,,2012-07-05,2026-08-14,True,True,top_bottom_regions_v2,,,,
limit_up_down_breadth_bottom::bottom::limit_up_down_breadth_v1_20120705_20260814::onset::csi300::missed_region::csi300_medium_bottom_20150826,limit_up_down_breadth_bottom,bottom,limit_up_down_breadth_v1_20120705_20260814,onset,csi300,沪深300,missed_region,False,,,csi300_medium_bottom_20150826,2015-08-26,2015-08-26,2015-08-26,single_lobe,1,,,False,False,,,,,,2012-07-05,2026-08-14,True,True,top_bottom_regions_v2,,,,
limit_up_down_breadth_bottom::bottom::limit_up_down_breadth_v1_20120705_20260814::onset::csi300::missed_region::csi300_medium_bottom_20151130,limit_up_down_breadth_bottom,bottom,limit_up_down_breadth_v1_20120705_20260814,onset,csi300,沪深300,missed_region,False,,,csi300_medium_bottom_20151130,2015-11-30,2015-11-30,2015-11-30,single_lobe,1,,,False,False,,,,,,2012-07-05,2026-08-14,True,True,top_bottom_regions_v2,,,,
limit_up_down_breadth_bottom::bottom::limit_up_down_breadth_v1_20120705_20260814::onset::csi300::missed_region::csi300_medium_bottom_20160127,limit_up_down_breadth_bottom,bottom,limit_up_down_breadth_v1_20120705_20260814,onset,csi300,沪深300,missed_region,False,,,csi300_medium_bottom_20160127,2016-01-27,2016-01-27,2016-02-01,single_lobe,1,,,False,False,,,,,,2012-07-05,2026-08-14,True,True,top_bottom_regions_v2,,,,
limit_up_down_breadth_bottom::bottom::limit_up_down_breadth_v1_20120705_20260814::onset::csi300::missed_region::csi300_medium_bottom_20160229,limit_up_down_breadth_bottom,bottom,limit_up_down_breadth_v1_20120705_20260814,onset,csi300,沪深300,missed_region,False,,,csi300_medium_bottom_20160229,2016-02-29,2016-02-29,2016-03-01,single_lobe,1,,,False,False,,,,,,2012-07-05,2026-08-14,True,True,top_bottom_regions_v2,,,,
limit_up_down_breadth_bottom::bottom::limit_up_down_breadth_v1_20120705_20260814::onset::csi300::false_alarm::limit_up_down_breadth_bottom::bottom::limit_up_down_breadth_v1_20120705_20260814::000004,limit_up_down_breadth_bottom,bottom,limit_up_down_breadth_v1_20120705_20260814,onset,csi300,沪深300,false_alarm,False,limit_up_down_breadth_bottom::bottom::limit_up_down_breadth_v1_20120705_20260814::000004,2017-03-03,,,,,,,,,False,False,,,,,,2012-07-05,2026-08-14,,,,csi300_medium_bottom_20180209,prediction,single_lobe,nearest_region_for_slice_only
limit_up_down_breadth_bottom::bottom::limit_up_down_breadth_v1_20120705_20260814::onset::csi300::false_alarm::limit_up_down_breadth_bottom::bottom::limit_up_down_breadth_v1_20120705_20260814::000005,limit_up_down_breadth_bottom,bottom,limit_up_down_breadth_v1_20120705_20260814,onset,csi300,沪深300,false_alarm,False,limit_up_down_breadth_bottom::bottom::limit_up_down_breadth_v1_20120705_20260814::000005,2017-04-25,,,,,,,,,False,False,,,,,,2012-07-05,2026-08-14,,,,csi300_medium_bottom_20180209,prediction,single_lobe,nearest_region_for_slice_only
limit_up_down_breadth_bottom::bottom::limit_up_down_breadth_v1_20120705_20260814::onset::csi300::false_alarm::limit_up_down_breadth_bottom::bottom::limit_up_down_breadth_v1_20120705_20260814::000006,limit_up_down_breadth_bottom,bottom,limit_up_down_breadth_v1_20120705_20260814,onset,csi300,沪深300,false_alarm,False,limit_up_down_breadth_bottom::bottom::limit_up_down_breadth_v1_20120705_20260814::000006,2017-06-29,,,,,,,,,False,False,,,,,,2012-07-05,2026-08-14,,,,csi300_medium_bottom_20180209,prediction,single_lobe,nearest_region_for_slice_only
limit_up_down_breadth_bottom::bottom::limit_up_down_breadth_v1_20120705_20260814::onset::csi300::false_alarm::limit_up_down_breadth_bottom::bottom::limit_up_down_breadth_v1_20120705_20260814::000007,limit_up_down_breadth_bottom,bottom,limit_up_down_breadth_v1_20120705_20260814,onset,csi300,沪深300,false_alarm,False,limit_up_down_breadth_bottom::bottom::limit_up_down_breadth_v1_20120705_20260814::000007,2017-11-06,,,,,,,,,False,False,,,,,,2012-07-05,2026-08-14,,,,csi300_medium_bottom_20180209,prediction,single_lobe,nearest_region_for_slice_only
limit_up_down_breadth_bottom::bottom::limit_up_down_breadth_v1_20120705_20260814::onset::csi300::missed_region::csi300_medium_bottom_20180209,limit_up_down_breadth_bottom,bottom,limit_up_down_breadth_v1_20120705_20260814,onset,csi300,沪深300,missed_region,False,,,csi300_medium_bottom_20180209,2018-02-09,2018-02-09,2018-02-09,single_lobe,1,,,False,False,,,,,,2012-07-05,2026-08-14,True,True,top_bottom_regions_v2,,,,
limit_up_down_breadth_bottom::bottom::limit_up_down_breadth_v1_20120705_20260814::onset::csi300::matched::limit_up_down_breadth_bottom::bottom::limit_up_down_breadth_v1_20120705_20260814::000008,limit_up_down_breadth_bottom,bottom,limit_up_down_breadth_v1_20120705_20260814,onset,csi300,沪深300,matched,True,limit_up_down_breadth_bottom::bottom::limit_up_down_breadth_v1_20120705_20260814::000008,2018-06-08,csi300_medium_bottom_20180706,2018-07-06,2018-07-03,2018-07-06,multi_lobe,2,,prediction_window,False,False,prediction,-19,19,20,limit_up_down_breadth_bottom::bottom::limit_up_down_breadth_v1_20120705_20260814::000008,2012-07-05,2026-08-14,True,True,top_bottom_regions_v2,csi300_medium_bottom_20180706,prediction,multi_lobe,primary_match
limit_up_down_breadth_bottom::bottom::limit_up_down_breadth_v1_20120705_20260814::onset::csi300::missed_region::csi300_medium_bottom_20181019,limit_up_down_breadth_bottom,bottom,limit_up_down_breadth_v1_20120705_20260814,onset,csi300,沪深300,missed_region,False,,,csi300_medium_bottom_20181019,2018-10-19,2018-10-17,2018-10-19,single_lobe,1,,,False,False,,,,,,2012-07-05,2026-08-14,True,True,top_bottom_regions_v2,,,,
limit_up_down_breadth_bottom::bottom::limit_up_down_breadth_v1_20120705_20260814::onset::csi300::missed_region::csi300_medium_bottom_20190104,limit_up_down_breadth_bottom,bottom,limit_up_down_breadth_v1_20120705_20260814,onset,csi300,沪深300,missed_region,False,,,csi300_medium_bottom_20190104,2019-01-04,2018-12-25,2019-01-04,multi_lobe,2,,,False,False,,,,,,2012-07-05,2026-08-14,True,True,top_bottom_regions_v2,,,,
limit_up_down_breadth_bottom::bottom::limit_up_down_breadth_v1_20120705_20260814::onset::csi300::matched::limit_up_down_breadth_bottom::bottom::limit_up_down_breadth_v1_20120705_20260814::000009,limit_up_down_breadth_bottom,bottom,limit_up_down_breadth_v1_20120705_20260814,onset,csi300,沪深300,matched,True,limit_up_down_breadth_bottom::bottom::limit_up_down_breadth_v1_20120705_20260814::000009,2019-06-14,csi300_medium_bottom_20190527,2019-05-27,2019-05-20,2019-06-11,multi_lobe,4,,confirmation_window,False,False,confirmation,13,13,20,limit_up_down_breadth_bottom::bottom::limit_up_down_breadth_v1_20120705_20260814::000009,2012-07-05,2026-08-14,True,True,top_bottom_regions_v2,csi300_medium_bottom_20190527,confirmation,multi_lobe,primary_match
limit_up_down_breadth_bottom::bottom::limit_up_down_breadth_v1_20120705_20260814::onset::csi300::missed_region::csi300_medium_bottom_20190806,limit_up_down_breadth_bottom,bottom,limit_up_down_breadth_v1_20120705_20260814,onset,csi300,沪深300,missed_region,False,,,csi300_medium_bottom_20190806,2019-08-06,2019-08-06,2019-08-15,multi_lobe,3,,,False,False,,,,,,2012-07-05,2026-08-14,True,True,top_bottom_regions_v2,,,,
limit_up_down_breadth_bottom::bottom::limit_up_down_breadth_v1_20120705_20260814::onset::csi300::false_alarm::limit_up_down_breadth_bottom::bottom::limit_up_down_breadth_v1_20120705_20260814::000010,limit_up_down_breadth_bottom,bottom,limit_up_down_breadth_v1_20120705_20260814,onset,csi300,沪深300,false_alarm,False,limit_up_down_breadth_bottom::bottom::limit_up_down_breadth_v1_20120705_20260814::000010,2019-11-06,,,,,,,,,False,False,,,,,,2012-07-05,2026-08-14,,,,csi300_medium_bottom_20200203,prediction,single_lobe,nearest_region_for_slice_only
limit_up_down_breadth_bottom::bottom::limit_up_down_breadth_v1_20120705_20260814::onset::csi300::missed_region::csi300_medium_bottom_20200203,limit_up_down_breadth_bottom,bottom,limit_up_down_breadth_v1_20120705_20260814,onset,csi300,沪深300,missed_region,False,,,csi300_medium_bottom_20200203,2020-02-03,2020-02-03,2020-02-04,single_lobe,1,,,False,False,,,,,,2012-07-05,2026-08-14,True,True,top_bottom_regions_v2,,,,
limit_up_down_breadth_bottom::bottom::limit_up_down_breadth_v1_20120705_20260814::onset::csi300::missed_region::csi300_medium_bottom_20200319,limit_up_down_breadth_bottom,bottom,limit_up_down_breadth_v1_20120705_20260814,onset,csi300,沪深300,missed_region,False,,,csi300_medium_bottom_20200319,2020-03-19,2020-03-19,2020-03-24,multi_lobe,2,,,False,False,,,,,,2012-07-05,2026-08-14,True,True,top_bottom_regions_v2,,,,
limit_up_down_breadth_bottom::bottom::limit_up_down_breadth_v1_20120705_20260814::onset::csi300::false_alarm::limit_up_down_breadth_bottom::bottom::limit_up_down_breadth_v1_20120705_20260814::000011,limit_up_down_breadth_bottom,bottom,limit_up_down_breadth_v1_20120705_20260814,onset,csi300,沪深300,false_alarm,False,limit_up_down_breadth_bottom::bottom::limit_up_down_breadth_v1_20120705_20260814::000011,2020-09-17,,,,,,,,,False,False,,,,,,2012-07-05,2026-08-14,,,,csi300_medium_bottom_20200319,confirmation,multi_lobe,nearest_region_for_slice_only
limit_up_down_breadth_bottom::bottom::limit_up_down_breadth_v1_20120705_20260814::onset::csi300::false_alarm::limit_up_down_breadth_bottom::bottom::limit_up_down_breadth_v1_20120705_20260814::000012,limit_up_down_breadth_bottom,bottom,limit_up_down_breadth_v1_20120705_20260814,onset,csi300,沪深300,false_alarm,False,limit_up_down_breadth_bottom::bottom::limit_up_down_breadth_v1_20120705_20260814::000012,2020-10-29,,,,,,,,,False,False,,,,,,2012-07-05,2026-08-14,,,,csi300_medium_bottom_20210325,prediction,multi_lobe,nearest_region_for_slice_only
limit_up_down_breadth_bottom::bottom::limit_up_down_breadth_v1_20120705_20260814::onset::csi300::false_alarm::limit_up_down_breadth_bottom::bottom::limit_up_down_breadth_v1_20120705_20260814::000013,limit_up_down_breadth_bottom,bottom,limit_up_down_breadth_v1_20120705_20260814,onset,csi300,沪深300,false_alarm,False,limit_up_down_breadth_bottom::bottom::limit_up_down_breadth_v1_20120705_20260814::000013,2020-11-06,,,,,,,,,False,False,,,,,,2012-07-05,2026-08-14,,,,csi300_medium_bottom_20210325,prediction,multi_lobe,nearest_region_for_slice_only
limit_up_down_breadth_bottom::bottom::limit_up_down_breadth_v1_20120705_20260814::onset::csi300::missed_region::csi300_medium_bottom_20210325,limit_up_down_breadth_bottom,bottom,limit_up_down_breadth_v1_20120705_20260814,onset,csi300,沪深300,missed_region,False,,,csi300_medium_bottom_20210325,2021-03-25,2021-03-09,2021-04-19,multi_lobe,3,,,False,False,,,,,,2012-07-05,2026-08-14,True,True,top_bottom_regions_v2,,,,
limit_up_down_breadth_bottom::bottom::limit_up_down_breadth_v1_20120705_20260814::onset::csi300::missed_region::csi300_medium_bottom_20210728,limit_up_down_breadth_bottom,bottom,limit_up_down_breadth_v1_20120705_20260814,onset,csi300,沪深300,missed_region,False,,,csi300_medium_bottom_20210728,2021-07-28,2021-07-28,2021-07-28,single_lobe,1,,,False,False,,,,,,2012-07-05,2026-08-14,True,True,top_bottom_regions_v2,,,,
limit_up_down_breadth_bottom::bottom::limit_up_down_breadth_v1_20120705_20260814::onset::csi300::false_alarm::limit_up_down_breadth_bottom::bottom::limit_up_down_breadth_v1_20120705_20260814::000014,limit_up_down_breadth_bottom,bottom,limit_up_down_breadth_v1_20120705_20260814,onset,csi300,沪深300,false_alarm,False,limit_up_down_breadth_bottom::bottom::limit_up_down_breadth_v1_20120705_20260814::000014,2022-01-28,,,,,,,,,False,False,,,,,,2012-07-05,2026-08-14,,,,csi300_medium_bottom_20220316,prediction,single_lobe,nearest_region_for_slice_only
limit_up_down_breadth_bottom::bottom::limit_up_down_breadth_v1_20120705_20260814::onset::csi300::missed_region::csi300_medium_bottom_20220316,limit_up_down_breadth_bottom,bottom,limit_up_down_breadth_v1_20120705_20260814,onset,csi300,沪深300,missed_region,False,,,csi300_medium_bottom_20220316,2022-03-16,2022-03-15,2022-03-16,single_lobe,1,,,False,False,,,,,,2012-07-05,2026-08-14,True,True,top_bottom_regions_v2,,,,
limit_up_down_breadth_bottom::bottom::limit_up_down_breadth_v1_20120705_20260814::onset::csi300::duplicate_alarm::limit_up_down_breadth_bottom::bottom::limit_up_down_breadth_v1_20120705_20260814::000015,limit_up_down_breadth_bottom,bottom,limit_up_down_breadth_v1_20120705_20260814,onset,csi300,沪深300,duplicate_alarm,False,limit_up_down_breadth_bottom::bottom::limit_up_down_breadth_v1_20120705_20260814::000015,2022-04-18,csi300_medium_bottom_20220427,2022-04-27,2022-04-25,2022-05-10,multi_lobe,2,,prediction_window,False,False,prediction,-7,7,10,limit_up_down_breadth_bottom::bottom::limit_up_down_breadth_v1_20120705_20260814::000016,2012-07-05,2026-08-14,True,True,top_bottom_regions_v2,csi300_medium_bottom_20220427,prediction,multi_lobe,duplicate_candidate
limit_up_down_breadth_bottom::bottom::limit_up_down_breadth_v1_20120705_20260814::onset::csi300::matched::limit_up_down_breadth_bottom::bottom::limit_up_down_breadth_v1_20120705_20260814::000016,limit_up_down_breadth_bottom,bottom,limit_up_down_breadth_v1_20120705_20260814,onset,csi300,沪深300,matched,True,limit_up_down_breadth_bottom::bottom::limit_up_down_breadth_v1_20120705_20260814::000016,2022-04-28,csi300_medium_bottom_20220427,2022-04-27,2022-04-25,2022-05-10,multi_lobe,2,,envelope,False,True,confirmation,1,1,5,limit_up_down_breadth_bottom::bottom::limit_up_down_breadth_v1_20120705_20260814::000016,2012-07-05,2026-08-14,True,True,top_bottom_regions_v2,csi300_medium_bottom_20220427,confirmation,multi_lobe,primary_match
limit_up_down_breadth_bottom::bottom::limit_up_down_breadth_v1_20120705_20260814::onset::csi300::false_alarm::limit_up_down_breadth_bottom::bottom::limit_up_down_breadth_v1_20120705_20260814::000017,limit_up_down_breadth_bottom,bottom,limit_up_down_breadth_v1_20120705_20260814,onset,csi300,沪深300,false_alarm,False,limit_up_down_breadth_bottom::bottom::limit_up_down_breadth_v1_20120705_20260814::000017,2022-09-22,,,,,,,,,False,False,,,,,,2012-07-05,2026-08-14,,,,csi300_medium_bottom_20221031,prediction,single_lobe,nearest_region_for_slice_only
limit_up_down_breadth_bottom::bottom::limit_up_down_breadth_v1_20120705_20260814::onset::csi300::missed_region::csi300_medium_bottom_20221031,limit_up_down_breadth_bottom,bottom,limit_up_down_breadth_v1_20120705_20260814,onset,csi300,沪深300,missed_region,False,,,csi300_medium_bottom_20221031,2022-10-31,2022-10-28,2022-11-01,single_lobe,1,,,False,False,,,,,,2012-07-05,2026-08-14,True,True,top_bottom_regions_v2,,,,
limit_up_down_breadth_bottom::bottom::limit_up_down_breadth_v1_20120705_20260814::onset::csi300::false_alarm::limit_up_down_breadth_bottom::bottom::limit_up_down_breadth_v1_20120705_20260814::000018,limit_up_down_breadth_bottom,bottom,limit_up_down_breadth_v1_20120705_20260814,onset,csi300,沪深300,false_alarm,False,limit_up_down_breadth_bottom::bottom::limit_up_down_breadth_v1_20120705_20260814::000018,2023-03-13,,,,,,,,,False,False,,,,,,2012-07-05,2026-08-14,,,,csi300_medium_bottom_20221031,confirmation,single_lobe,nearest_region_for_slice_only
limit_up_down_breadth_bottom::bottom::limit_up_down_breadth_v1_20120705_20260814::onset::csi300::false_alarm::limit_up_down_breadth_bottom::bottom::limit_up_down_breadth_v1_20120705_20260814::000019,limit_up_down_breadth_bottom,bottom,limit_up_down_breadth_v1_20120705_20260814,onset,csi300,沪深300,false_alarm,False,limit_up_down_breadth_bottom::bottom::limit_up_down_breadth_v1_20120705_20260814::000019,2023-03-31,,,,,,,,,False,False,,,,,,2012-07-05,2026-08-14,,,,csi300_medium_bottom_20221031,confirmation,single_lobe,nearest_region_for_slice_only
limit_up_down_breadth_bottom::bottom::limit_up_down_breadth_v1_20120705_20260814::onset::csi300::false_alarm::limit_up_down_breadth_bottom::bottom::limit_up_down_breadth_v1_20120705_20260814::000020,limit_up_down_breadth_bottom,bottom,limit_up_down_breadth_v1_20120705_20260814,onset,csi300,沪深300,false_alarm,False,limit_up_down_breadth_bottom::bottom::limit_up_down_breadth_v1_20120705_20260814::000020,2023-05-09,,,,,,,,,False,False,,,,,,2012-07-05,2026-08-14,,,,csi300_medium_bottom_20221031,confirmation,single_lobe,nearest_region_for_slice_only
limit_up_down_breadth_bottom::bottom::limit_up_down_breadth_v1_20120705_20260814::onset::csi300::false_alarm::limit_up_down_breadth_bottom::bottom::limit_up_down_breadth_v1_20120705_20260814::000021,limit_up_down_breadth_bottom,bottom,limit_up_down_breadth_v1_20120705_20260814,onset,csi300,沪深300,false_alarm,False,limit_up_down_breadth_bottom::bottom::limit_up_down_breadth_v1_20120705_20260814::000021,2023-05-23,,,,,,,,,False,False,,,,,,2012-07-05,2026-08-14,,,,csi300_medium_bottom_20221031,confirmation,single_lobe,nearest_region_for_slice_only
limit_up_down_breadth_bottom::bottom::limit_up_down_breadth_v1_20120705_20260814::onset::csi300::missed_region::csi300_medium_bottom_20240202,limit_up_down_breadth_bottom,bottom,limit_up_down_breadth_v1_20120705_20260814,onset,csi300,沪深300,missed_region,False,,,csi300_medium_bottom_20240202,2024-02-02,2024-02-02,2024-02-05,single_lobe,1,,,False,False,,,,,,2012-07-05,2026-08-14,True,True,top_bottom_regions_v2,,,,
limit_up_down_breadth_bottom::bottom::limit_up_down_breadth_v1_20120705_20260814::onset::csi300::false_alarm::limit_up_down_breadth_bottom::bottom::limit_up_down_breadth_v1_20120705_20260814::000022,limit_up_down_breadth_bottom,bottom,limit_up_down_breadth_v1_20120705_20260814,onset,csi300,沪深300,false_alarm,False,limit_up_down_breadth_bottom::bottom::limit_up_down_breadth_v1_20120705_20260814::000022,2024-06-11,,,,,,,,,False,False,,,,,,2012-07-05,2026-08-14,,,,csi300_medium_bottom_20240918,prediction,single_lobe,nearest_region_for_slice_only
limit_up_down_breadth_bottom::bottom::limit_up_down_breadth_v1_20120705_20260814::onset::csi300::missed_region::csi300_medium_bottom_20240918,limit_up_down_breadth_bottom,bottom,limit_up_down_breadth_v1_20120705_20260814,onset,csi300,沪深300,missed_region,False,,,csi300_medium_bottom_20240918,2024-09-18,2024-09-09,2024-09-23,single_lobe,1,,,False,False,,,,,,2012-07-05,2026-08-14,True,True,top_bottom_regions_v2,,,,
limit_up_down_breadth_bottom::bottom::limit_up_down_breadth_v1_20120705_20260814::onset::csi300::missed_region::csi300_medium_bottom_20241018,limit_up_down_breadth_bottom,bottom,limit_up_down_breadth_v1_20120705_20260814,onset,csi300,沪深300,missed_region,False,,,csi300_medium_bottom_20241018,2024-10-18,2024-10-16,2024-10-18,single_lobe,1,,,False,False,,,,,,2012-07-05,2026-08-14,True,True,top_bottom_regions_v2,,,,
limit_up_down_breadth_bottom::bottom::limit_up_down_breadth_v1_20120705_20260814::onset::csi300::missed_region::csi300_medium_bottom_20250407,limit_up_down_breadth_bottom,bottom,limit_up_down_breadth_v1_20120705_20260814,onset,csi300,沪深300,missed_region,False,,,csi300_medium_bottom_20250407,2025-04-07,2025-04-07,2025-04-07,single_lobe,1,,,False,False,,,,,,2012-07-05,2026-08-14,True,True,top_bottom_regions_v2,,,,
limit_up_down_breadth_bottom::bottom::limit_up_down_breadth_v1_20120705_20260814::onset::csi300::missed_region::csi300_medium_bottom_20260324,limit_up_down_breadth_bottom,bottom,limit_up_down_breadth_v1_20120705_20260814,onset,csi300,沪深300,missed_region,False,,,csi300_medium_bottom_20260324,2026-03-24,2026-03-23,2026-04-07,multi_lobe,3,,,False,False,,,,,,2012-07-05,2026-08-14,True,True,top_bottom_regions_v2,,,,
limit_up_down_breadth_bottom::bottom::limit_up_down_breadth_v1_20120705_20260814::onset::csi300::false_alarm::limit_up_down_breadth_bottom::bottom::limit_up_down_breadth_v1_20120705_20260814::000023,limit_up_down_breadth_bottom,bottom,limit_up_down_breadth_v1_20120705_20260814,onset,csi300,沪深300,false_alarm,False,limit_up_down_breadth_bottom::bottom::limit_up_down_breadth_v1_20120705_20260814::000023,2026-07-15,,,,,,,,,False,False,,,,,,2012-07-05,2026-08-14,,,,csi300_medium_bottom_20260324,confirmation,multi_lobe,nearest_region_for_slice_only
limit_up_down_breadth_bottom::bottom::limit_up_down_breadth_v1_20120705_20260814::onset::csi500::missed_region::csi500_medium_bottom_20121204,limit_up_down_breadth_bottom,bottom,limit_up_down_breadth_v1_20120705_20260814,onset,csi500,中证500,missed_region,False,,,csi500_medium_bottom_20121204,2012-12-04,2012-12-03,2012-12-04,single_lobe,1,,,False,False,,,,,,2012-07-05,2026-08-14,True,True,top_bottom_regions_v2,,,,
limit_up_down_breadth_bottom::bottom::limit_up_down_breadth_v1_20120705_20260814::onset::csi500::matched::limit_up_down_breadth_bottom::bottom::limit_up_down_breadth_v1_20120705_20260814::000001,limit_up_down_breadth_bottom,bottom,limit_up_down_breadth_v1_20120705_20260814,onset,csi500,中证500,matched,True,limit_up_down_breadth_bottom::bottom::limit_up_down_breadth_v1_20120705_20260814::000001,2013-06-27,csi500_medium_bottom_20130625,2013-06-25,2013-06-25,2013-06-25,single_lobe,1,,confirmation_window,False,False,confirmation,2,2,5,limit_up_down_breadth_bottom::bottom::limit_up_down_breadth_v1_20120705_20260814::000001,2012-07-05,2026-08-14,True,True,top_bottom_regions_v2,csi500_medium_bottom_20130625,confirmation,single_lobe,primary_match
limit_up_down_breadth_bottom::bottom::limit_up_down_breadth_v1_20120705_20260814::onset::csi500::missed_region::csi500_medium_bottom_20131114,limit_up_down_breadth_bottom,bottom,limit_up_down_breadth_v1_20120705_20260814,onset,csi500,中证500,missed_region,False,,,csi500_medium_bottom_20131114,2013-11-14,2013-11-08,2013-11-14,single_lobe,1,,,False,False,,,,,,2012-07-05,2026-08-14,True,True,top_bottom_regions_v2,,,,
limit_up_down_breadth_bottom::bottom::limit_up_down_breadth_v1_20120705_20260814::onset::csi500::false_alarm::limit_up_down_breadth_bottom::bottom::limit_up_down_breadth_v1_20120705_20260814::000002,limit_up_down_breadth_bottom,bottom,limit_up_down_breadth_v1_20120705_20260814,onset,csi500,中证500,false_alarm,False,limit_up_down_breadth_bottom::bottom::limit_up_down_breadth_v1_20120705_20260814::000002,2014-01-13,,,,,,,,,False,False,,,,,,2012-07-05,2026-08-14,,,,csi500_medium_bottom_20131114,confirmation,single_lobe,nearest_region_for_slice_only
limit_up_down_breadth_bottom::bottom::limit_up_down_breadth_v1_20120705_20260814::onset::csi500::matched::limit_up_down_breadth_bottom::bottom::limit_up_down_breadth_v1_20120705_20260814::000003,limit_up_down_breadth_bottom,bottom,limit_up_down_breadth_v1_20120705_20260814,onset,csi500,中证500,matched,True,limit_up_down_breadth_bottom::bottom::limit_up_down_breadth_v1_20120705_20260814::000003,2014-05-07,csi500_medium_bottom_20140429,2014-04-29,2014-04-28,2014-05-23,multi_lobe,3,csi500_medium_bottom_20140429_lobe_02,core_lobe,True,True,confirmation,4,4,5,limit_up_down_breadth_bottom::bottom::limit_up_down_breadth_v1_20120705_20260814::000003,2012-07-05,2026-08-14,True,True,top_bottom_regions_v2,csi500_medium_bottom_20140429,confirmation,multi_lobe,primary_match
limit_up_down_breadth_bottom::bottom::limit_up_down_breadth_v1_20120705_20260814::onset::csi500::missed_region::csi500_medium_bottom_20150529,limit_up_down_breadth_bottom,bottom,limit_up_down_breadth_v1_20120705_20260814,onset,csi500,中证500,missed_region,False,,,csi500_medium_bottom_20150529,2015-05-29,2015-05-29,2015-05-29,single_lobe,1,,,False,False,,,,,,2012-07-05,2026-08-14,True,True,top_bottom_regions_v2,,,,
limit_up_down_breadth_bottom::bottom::limit_up_down_breadth_v1_20120705_20260814::onset::csi500::missed_region::csi500_medium_bottom_20150630,limit_up_down_breadth_bottom,bottom,limit_up_down_breadth_v1_20120705_20260814,onset,csi500,中证500,missed_region,False,,,csi500_medium_bottom_20150630,2015-06-30,2015-06-30,2015-06-30,single_lobe,1,,,False,False,,,,,,2012-07-05,2026-08-14,True,True,top_bottom_regions_v2,,,,
limit_up_down_breadth_bottom::bottom::limit_up_down_breadth_v1_20120705_20260814::onset::csi500::missed_region::csi500_medium_bottom_20150708,limit_up_down_breadth_bottom,bottom,limit_up_down_breadth_v1_20120705_20260814,onset,csi500,中证500,missed_region,False,,,csi500_medium_bottom_20150708,2015-07-08,2015-07-08,2015-07-09,single_lobe,1,,,False,False,,,,,,2012-07-05,2026-08-14,True,True,top_bottom_regions_v2,,,,
limit_up_down_breadth_bottom::bottom::limit_up_down_breadth_v1_20120705_20260814::onset::csi500::missed_region::csi500_medium_bottom_20150716,limit_up_down_breadth_bottom,bottom,limit_up_down_breadth_v1_20120705_20260814,onset,csi500,中证500,missed_region,False,,,csi500_medium_bottom_20150716,2015-07-16,2015-07-16,2015-07-16,single_lobe,1,,,False,False,,,,,,2012-07-05,2026-08-14,True,True,top_bottom_regions_v2,,,,
limit_up_down_breadth_bottom::bottom::limit_up_down_breadth_v1_20120705_20260814::onset::csi500::missed_region::csi500_medium_bottom_20150728,limit_up_down_breadth_bottom,bottom,limit_up_down_breadth_v1_20120705_20260814,onset,csi500,中证500,missed_region,False,,,csi500_medium_bottom_20150728,2015-07-28,2015-07-28,2015-08-03,multi_lobe,2,,,False,False,,,,,,2012-07-05,2026-08-14,True,True,top_bottom_regions_v2,,,,
limit_up_down_breadth_bottom::bottom::limit_up_down_breadth_v1_20120705_20260814::onset::csi500::missed_region::csi500_medium_bottom_20150827,limit_up_down_breadth_bottom,bottom,limit_up_down_breadth_v1_20120705_20260814,onset,csi500,中证500,missed_region,False,,,csi500_medium_bottom_20150827,2015-08-27,2015-08-26,2015-08-27,single_lobe,1,,,False,False,,,,,,2012-07-05,2026-08-14,True,True,top_bottom_regions_v2,,,,
limit_up_down_breadth_bottom::bottom::limit_up_down_breadth_v1_20120705_20260814::onset::csi500::missed_region::csi500_medium_bottom_20150902,limit_up_down_breadth_bottom,bottom,limit_up_down_breadth_v1_20120705_20260814,onset,csi500,中证500,missed_region,False,,,csi500_medium_bottom_20150902,2015-09-02,2015-09-02,2015-09-02,single_lobe,1,,,False,False,,,,,,2012-07-05,2026-08-14,True,True,top_bottom_regions_v2,,,,
limit_up_down_breadth_bottom::bottom::limit_up_down_breadth_v1_20120705_20260814::onset::csi500::missed_region::csi500_medium_bottom_20150915,limit_up_down_breadth_bottom,bottom,limit_up_down_breadth_v1_20120705_20260814,onset,csi500,中证500,missed_region,False,,,csi500_medium_bottom_20150915,2015-09-15,2015-09-15,2015-09-16,single_lobe,1,,,False,False,,,,,,2012-07-05,2026-08-14,True,True,top_bottom_regions_v2,,,,
limit_up_down_breadth_bottom::bottom::limit_up_down_breadth_v1_20120705_20260814::onset::csi500::missed_region::csi500_medium_bottom_20151130,limit_up_down_breadth_bottom,bottom,limit_up_down_breadth_v1_20120705_20260814,onset,csi500,中证500,missed_region,False,,,csi500_medium_bottom_20151130,2015-11-30,2015-11-30,2015-11-30,single_lobe,1,,,False,False,,,,,,2012-07-05,2026-08-14,True,True,top_bottom_regions_v2,,,,
limit_up_down_breadth_bottom::bottom::limit_up_down_breadth_v1_20120705_20260814::onset::csi500::missed_region::csi500_medium_bottom_20160127,limit_up_down_breadth_bottom,bottom,limit_up_down_breadth_v1_20120705_20260814,onset,csi500,中证500,missed_region,False,,,csi500_medium_bottom_20160127,2016-01-27,2016-01-27,2016-02-01,single_lobe,1,,,False,False,,,,,,2012-07-05,2026-08-14,True,True,top_bottom_regions_v2,,,,
limit_up_down_breadth_bottom::bottom::limit_up_down_breadth_v1_20120705_20260814::onset::csi500::missed_region::csi500_medium_bottom_20160229,limit_up_down_breadth_bottom,bottom,limit_up_down_breadth_v1_20120705_20260814,onset,csi500,中证500,missed_region,False,,,csi500_medium_bottom_20160229,2016-02-29,2016-02-29,2016-03-01,single_lobe,1,,,False,False,,,,,,2012-07-05,2026-08-14,True,True,top_bottom_regions_v2,,,,
limit_up_down_breadth_bottom::bottom::limit_up_down_breadth_v1_20120705_20260814::onset::csi500::missed_region::csi500_medium_bottom_20160512,limit_up_down_breadth_bottom,bottom,limit_up_down_breadth_v1_20120705_20260814,onset,csi500,中证500,missed_region,False,,,csi500_medium_bottom_20160512,2016-05-12,2016-05-12,2016-05-30,multi_lobe,5,,,False,False,,,,,,2012-07-05,2026-08-14,True,True,top_bottom_regions_v2,,,,
limit_up_down_breadth_bottom::bottom::limit_up_down_breadth_v1_20120705_20260814::onset::csi500::missed_region::csi500_medium_bottom_20170116,limit_up_down_breadth_bottom,bottom,limit_up_down_breadth_v1_20120705_20260814,onset,csi500,中证500,missed_region,False,,,csi500_medium_bottom_20170116,2017-01-16,2017-01-16,2017-01-17,single_lobe,1,,,False,False,,,,,,2012-07-05,2026-08-14,True,True,top_bottom_regions_v2,,,,
limit_up_down_breadth_bottom::bottom::limit_up_down_breadth_v1_20120705_20260814::onset::csi500::false_alarm::limit_up_down_breadth_bottom::bottom::limit_up_down_breadth_v1_20120705_20260814::000004,limit_up_down_breadth_bottom,bottom,limit_up_down_breadth_v1_20120705_20260814,onset,csi500,中证500,false_alarm,False,limit_up_down_breadth_bottom::bottom::limit_up_down_breadth_v1_20120705_20260814::000004,2017-03-03,,,,,,,,,False,False,,,,,,2012-07-05,2026-08-14,,,,csi500_medium_bottom_20170116,confirmation,single_lobe,nearest_region_for_slice_only
limit_up_down_breadth_bottom::bottom::limit_up_down_breadth_v1_20120705_20260814::onset::csi500::false_alarm::limit_up_down_breadth_bottom::bottom::limit_up_down_breadth_v1_20120705_20260814::000005,limit_up_down_breadth_bottom,bottom,limit_up_down_breadth_v1_20120705_20260814,onset,csi500,中证500,false_alarm,False,limit_up_down_breadth_bottom::bottom::limit_up_down_breadth_v1_20120705_20260814::000005,2017-04-25,,,,,,,,,False,False,,,,,,2012-07-05,2026-08-14,,,,csi500_medium_bottom_20170602,prediction,multi_lobe,nearest_region_for_slice_only
limit_up_down_breadth_bottom::bottom::limit_up_down_breadth_v1_20120705_20260814::onset::csi500::matched::limit_up_down_breadth_bottom::bottom::limit_up_down_breadth_v1_20120705_20260814::000006,limit_up_down_breadth_bottom,bottom,limit_up_down_breadth_v1_20120705_20260814,onset,csi500,中证500,matched,True,limit_up_down_breadth_bottom::bottom::limit_up_down_breadth_v1_20120705_20260814::000006,2017-06-29,csi500_medium_bottom_20170602,2017-06-02,2017-05-11,2017-06-02,multi_lobe,3,,confirmation_window,False,False,confirmation,19,19,20,limit_up_down_breadth_bottom::bottom::limit_up_down_breadth_v1_20120705_20260814::000006,2012-07-05,2026-08-14,True,True,top_bottom_regions_v2,csi500_medium_bottom_20170602,confirmation,multi_lobe,primary_match
limit_up_down_breadth_bottom::bottom::limit_up_down_breadth_v1_20120705_20260814::onset::csi500::false_alarm::limit_up_down_breadth_bottom::bottom::limit_up_down_breadth_v1_20120705_20260814::000007,limit_up_down_breadth_bottom,bottom,limit_up_down_breadth_v1_20120705_20260814,onset,csi500,中证500,false_alarm,False,limit_up_down_breadth_bottom::bottom::limit_up_down_breadth_v1_20120705_20260814::000007,2017-11-06,,,,,,,,,False,False,,,,,,2012-07-05,2026-08-14,,,,csi500_medium_bottom_20180209,prediction,single_lobe,nearest_region_for_slice_only
limit_up_down_breadth_bottom::bottom::limit_up_down_breadth_v1_20120705_20260814::onset::csi500::missed_region::csi500_medium_bottom_20180209,limit_up_down_breadth_bottom,bottom,limit_up_down_breadth_v1_20120705_20260814,onset,csi500,中证500,missed_region,False,,,csi500_medium_bottom_20180209,2018-02-09,2018-02-09,2018-02-12,single_lobe,1,,,False,False,,,,,,2012-07-05,2026-08-14,True,True,top_bottom_regions_v2,,,,
limit_up_down_breadth_bottom::bottom::limit_up_down_breadth_v1_20120705_20260814::onset::csi500::false_alarm::limit_up_down_breadth_bottom::bottom::limit_up_down_breadth_v1_20120705_20260814::000008,limit_up_down_breadth_bottom,bottom,limit_up_down_breadth_v1_20120705_20260814,onset,csi500,中证500,false_alarm,False,limit_up_down_breadth_bottom::bottom::limit_up_down_breadth_v1_20120705_20260814::000008,2018-06-08,,,,,,,,,False,False,,,,,,2012-07-05,2026-08-14,,,,csi500_medium_bottom_20180209,confirmation,single_lobe,nearest_region_for_slice_only
limit_up_down_breadth_bottom::bottom::limit_up_down_breadth_v1_20120705_20260814::onset::csi500::missed_region::csi500_medium_bottom_20181019,limit_up_down_breadth_bottom,bottom,limit_up_down_breadth_v1_20120705_20260814,onset,csi500,中证500,missed_region,False,,,csi500_medium_bottom_20181019,2018-10-19,2018-10-18,2018-10-19,single_lobe,1,,,False,False,,,,,,2012-07-05,2026-08-14,True,True,top_bottom_regions_v2,,,,
limit_up_down_breadth_bottom::bottom::limit_up_down_breadth_v1_20120705_20260814::onset::csi500::missed_region::csi500_medium_bottom_20190104,limit_up_down_breadth_bottom,bottom,limit_up_down_breadth_v1_20120705_20260814,onset,csi500,中证500,missed_region,False,,,csi500_medium_bottom_20190104,2019-01-04,2018-12-25,2019-01-04,multi_lobe,2,,,False,False,,,,,,2012-07-05,2026-08-14,True,True,top_bottom_regions_v2,,,,
limit_up_down_breadth_bottom::bottom::limit_up_down_breadth_v1_20120705_20260814::onset::csi500::false_alarm::limit_up_down_breadth_bottom::bottom::limit_up_down_breadth_v1_20120705_20260814::000009,limit_up_down_breadth_bottom,bottom,limit_up_down_breadth_v1_20120705_20260814,onset,csi500,中证500,false_alarm,False,limit_up_down_breadth_bottom::bottom::limit_up_down_breadth_v1_20120705_20260814::000009,2019-06-14,,,,,,,,,False,False,,,,,,2012-07-05,2026-08-14,,,,csi500_medium_bottom_20190806,prediction,multi_lobe,nearest_region_for_slice_only
limit_up_down_breadth_bottom::bottom::limit_up_down_breadth_v1_20120705_20260814::onset::csi500::missed_region::csi500_medium_bottom_20190806,limit_up_down_breadth_bottom,bottom,limit_up_down_breadth_v1_20120705_20260814,onset,csi500,中证500,missed_region,False,,,csi500_medium_bottom_20190806,2019-08-06,2019-08-06,2019-08-15,multi_lobe,2,,,False,False,,,,,,2012-07-05,2026-08-14,True,True,top_bottom_regions_v2,,,,
limit_up_down_breadth_bottom::bottom::limit_up_down_breadth_v1_20120705_20260814::onset::csi500::false_alarm::limit_up_down_breadth_bottom::bottom::limit_up_down_breadth_v1_20120705_20260814::000010,limit_up_down_breadth_bottom,bottom,limit_up_down_breadth_v1_20120705_20260814,onset,csi500,中证500,false_alarm,False,limit_up_down_breadth_bottom::bottom::limit_up_down_breadth_v1_20120705_20260814::000010,2019-11-06,,,,,,,,,False,False,,,,,,2012-07-05,2026-08-14,,,,csi500_medium_bottom_20200204,prediction,single_lobe,nearest_region_for_slice_only
limit_up_down_breadth_bottom::bottom::limit_up_down_breadth_v1_20120705_20260814::onset::csi500::missed_region::csi500_medium_bottom_20200204,limit_up_down_breadth_bottom,bottom,limit_up_down_breadth_v1_20120705_20260814,onset,csi500,中证500,missed_region,False,,,csi500_medium_bottom_20200204,2020-02-04,2020-02-04,2020-02-04,single_lobe,1,,,False,False,,,,,,2012-07-05,2026-08-14,True,True,top_bottom_regions_v2,,,,
limit_up_down_breadth_bottom::bottom::limit_up_down_breadth_v1_20120705_20260814::onset::csi500::missed_region::csi500_medium_bottom_20200324,limit_up_down_breadth_bottom,bottom,limit_up_down_breadth_v1_20120705_20260814,onset,csi500,中证500,missed_region,False,,,csi500_medium_bottom_20200324,2020-03-24,2020-03-17,2020-04-02,multi_lobe,4,,,False,False,,,,,,2012-07-05,2026-08-14,True,True,top_bottom_regions_v2,,,,
limit_up_down_breadth_bottom::bottom::limit_up_down_breadth_v1_20120705_20260814::onset::csi500::false_alarm::limit_up_down_breadth_bottom::bottom::limit_up_down_breadth_v1_20120705_20260814::000011,limit_up_down_breadth_bottom,bottom,limit_up_down_breadth_v1_20120705_20260814,onset,csi500,中证500,false_alarm,False,limit_up_down_breadth_bottom::bottom::limit_up_down_breadth_v1_20120705_20260814::000011,2020-09-17,,,,,,,,,False,False,,,,,,2012-07-05,2026-08-14,,,,csi500_medium_bottom_20201102,prediction,multi_lobe,nearest_region_for_slice_only
limit_up_down_breadth_bottom::bottom::limit_up_down_breadth_v1_20120705_20260814::onset::csi500::matched::limit_up_down_breadth_bottom::bottom::limit_up_down_breadth_v1_20120705_20260814::000012,limit_up_down_breadth_bottom,bottom,limit_up_down_breadth_v1_20120705_20260814,onset,csi500,中证500,matched,True,limit_up_down_breadth_bottom::bottom::limit_up_down_breadth_v1_20120705_20260814::000012,2020-10-29,csi500_medium_bottom_20201102,2020-11-02,2020-09-25,2020-11-04,multi_lobe,2,csi500_medium_bottom_20201102_lobe_02,core_lobe,True,True,prediction,-2,2,5,limit_up_down_breadth_bottom::bottom::limit_up_down_breadth_v1_20120705_20260814::000012,2012-07-05,2026-08-14,True,True,top_bottom_regions_v2,csi500_medium_bottom_20201102,prediction,multi_lobe,primary_match
limit_up_down_breadth_bottom::bottom::limit_up_down_breadth_v1_20120705_20260814::onset::csi500::duplicate_alarm::limit_up_down_breadth_bottom::bottom::limit_up_down_breadth_v1_20120705_20260814::000013,limit_up_down_breadth_bottom,bottom,limit_up_down_breadth_v1_20120705_20260814,onset,csi500,中证500,duplicate_alarm,False,limit_up_down_breadth_bottom::bottom::limit_up_down_breadth_v1_20120705_20260814::000013,2020-11-06,csi500_medium_bottom_20201102,2020-11-02,2020-09-25,2020-11-04,multi_lobe,2,,confirmation_window,False,False,confirmation,4,4,5,limit_up_down_breadth_bottom::bottom::limit_up_down_breadth_v1_20120705_20260814::000012,2012-07-05,2026-08-14,True,True,top_bottom_regions_v2,csi500_medium_bottom_20201102,confirmation,multi_lobe,duplicate_candidate
limit_up_down_breadth_bottom::bottom::limit_up_down_breadth_v1_20120705_20260814::onset::csi500::missed_region::csi500_medium_bottom_20210309,limit_up_down_breadth_bottom,bottom,limit_up_down_breadth_v1_20120705_20260814,onset,csi500,中证500,missed_region,False,,,csi500_medium_bottom_20210309,2021-03-09,2021-03-09,2021-03-25,multi_lobe,2,,,False,False,,,,,,2012-07-05,2026-08-14,True,True,top_bottom_regions_v2,,,,
limit_up_down_breadth_bottom::bottom::limit_up_down_breadth_v1_20120705_20260814::onset::csi500::false_alarm::limit_up_down_breadth_bottom::bottom::limit_up_down_breadth_v1_20120705_20260814::000014,limit_up_down_breadth_bottom,bottom,limit_up_down_breadth_v1_20120705_20260814,onset,csi500,中证500,false_alarm,False,limit_up_down_breadth_bottom::bottom::limit_up_down_breadth_v1_20120705_20260814::000014,2022-01-28,,,,,,,,,False,False,,,,,,2012-07-05,2026-08-14,,,,csi500_medium_bottom_20220427,prediction,single_lobe,nearest_region_for_slice_only
limit_up_down_breadth_bottom::bottom::limit_up_down_breadth_v1_20120705_20260814::onset::csi500::duplicate_alarm::limit_up_down_breadth_bottom::bottom::limit_up_down_breadth_v1_20120705_20260814::000015,limit_up_down_breadth_bottom,bottom,limit_up_down_breadth_v1_20120705_20260814,onset,csi500,中证500,duplicate_alarm,False,limit_up_down_breadth_bottom::bottom::limit_up_down_breadth_v1_20120705_20260814::000015,2022-04-18,csi500_medium_bottom_20220427,2022-04-27,2022-04-26,2022-04-27,single_lobe,1,,prediction_window,False,False,prediction,-7,7,10,limit_up_down_breadth_bottom::bottom::limit_up_down_breadth_v1_20120705_20260814::000016,2012-07-05,2026-08-14,True,True,top_bottom_regions_v2,csi500_medium_bottom_20220427,prediction,single_lobe,duplicate_candidate
limit_up_down_breadth_bottom::bottom::limit_up_down_breadth_v1_20120705_20260814::onset::csi500::matched::limit_up_down_breadth_bottom::bottom::limit_up_down_breadth_v1_20120705_20260814::000016,limit_up_down_breadth_bottom,bottom,limit_up_down_breadth_v1_20120705_20260814,onset,csi500,中证500,matched,True,limit_up_down_breadth_bottom::bottom::limit_up_down_breadth_v1_20120705_20260814::000016,2022-04-28,csi500_medium_bottom_20220427,2022-04-27,2022-04-26,2022-04-27,single_lobe,1,,confirmation_window,False,False,confirmation,1,1,5,limit_up_down_breadth_bottom::bottom::limit_up_down_breadth_v1_20120705_20260814::000016,2012-07-05,2026-08-14,True,True,top_bottom_regions_v2,csi500_medium_bottom_20220427,confirmation,single_lobe,primary_match
limit_up_down_breadth_bottom::bottom::limit_up_down_breadth_v1_20120705_20260814::onset::csi500::matched::limit_up_down_breadth_bottom::bottom::limit_up_down_breadth_v1_20120705_20260814::000017,limit_up_down_breadth_bottom,bottom,limit_up_down_breadth_v1_20120705_20260814,onset,csi500,中证500,matched,True,limit_up_down_breadth_bottom::bottom::limit_up_down_breadth_v1_20120705_20260814::000017,2022-09-22,csi500_medium_bottom_20221012,2022-10-12,2022-10-10,2022-10-12,single_lobe,1,,prediction_window,False,False,prediction,-9,9,10,limit_up_down_breadth_bottom::bottom::limit_up_down_breadth_v1_20120705_20260814::000017,2012-07-05,2026-08-14,True,True,top_bottom_regions_v2,csi500_medium_bottom_20221012,prediction,single_lobe,primary_match
limit_up_down_breadth_bottom::bottom::limit_up_down_breadth_v1_20120705_20260814::onset::csi500::false_alarm::limit_up_down_breadth_bottom::bottom::limit_up_down_breadth_v1_20120705_20260814::000018,limit_up_down_breadth_bottom,bottom,limit_up_down_breadth_v1_20120705_20260814,onset,csi500,中证500,false_alarm,False,limit_up_down_breadth_bottom::bottom::limit_up_down_breadth_v1_20120705_20260814::000018,2023-03-13,,,,,,,,,False,False,,,,,,2012-07-05,2026-08-14,,,,csi500_medium_bottom_20221012,confirmation,single_lobe,nearest_region_for_slice_only
limit_up_down_breadth_bottom::bottom::limit_up_down_breadth_v1_20120705_20260814::onset::csi500::false_alarm::limit_up_down_breadth_bottom::bottom::limit_up_down_breadth_v1_20120705_20260814::000019,limit_up_down_breadth_bottom,bottom,limit_up_down_breadth_v1_20120705_20260814,onset,csi500,中证500,false_alarm,False,limit_up_down_breadth_bottom::bottom::limit_up_down_breadth_v1_20120705_20260814::000019,2023-03-31,,,,,,,,,False,False,,,,,,2012-07-05,2026-08-14,,,,csi500_medium_bottom_20221012,confirmation,single_lobe,nearest_region_for_slice_only
limit_up_down_breadth_bottom::bottom::limit_up_down_breadth_v1_20120705_20260814::onset::csi500::false_alarm::limit_up_down_breadth_bottom::bottom::limit_up_down_breadth_v1_20120705_20260814::000020,limit_up_down_breadth_bottom,bottom,limit_up_down_breadth_v1_20120705_20260814,onset,csi500,中证500,false_alarm,False,limit_up_down_breadth_bottom::bottom::limit_up_down_breadth_v1_20120705_20260814::000020,2023-05-09,,,,,,,,,False,False,,,,,,2012-07-05,2026-08-14,,,,csi500_medium_bottom_20221012,confirmation,single_lobe,nearest_region_for_slice_only
limit_up_down_breadth_bottom::bottom::limit_up_down_breadth_v1_20120705_20260814::onset::csi500::false_alarm::limit_up_down_breadth_bottom::bottom::limit_up_down_breadth_v1_20120705_20260814::000021,limit_up_down_breadth_bottom,bottom,limit_up_down_breadth_v1_20120705_20260814,onset,csi500,中证500,false_alarm,False,limit_up_down_breadth_bottom::bottom::limit_up_down_breadth_v1_20120705_20260814::000021,2023-05-23,,,,,,,,,False,False,,,,,,2012-07-05,2026-08-14,,,,csi500_medium_bottom_20221012,confirmation,single_lobe,nearest_region_for_slice_only
limit_up_down_breadth_bottom::bottom::limit_up_down_breadth_v1_20120705_20260814::onset::csi500::missed_region::csi500_medium_bottom_20240205,limit_up_down_breadth_bottom,bottom,limit_up_down_breadth_v1_20120705_20260814,onset,csi500,中证500,missed_region,False,,,csi500_medium_bottom_20240205,2024-02-05,2024-02-05,2024-02-05,single_lobe,1,,,False,False,,,,,,2012-07-05,2026-08-14,True,True,top_bottom_regions_v2,,,,
limit_up_down_breadth_bottom::bottom::limit_up_down_breadth_v1_20120705_20260814::onset::csi500::false_alarm::limit_up_down_breadth_bottom::bottom::limit_up_down_breadth_v1_20120705_20260814::000022,limit_up_down_breadth_bottom,bottom,limit_up_down_breadth_v1_20120705_20260814,onset,csi500,中证500,false_alarm,False,limit_up_down_breadth_bottom::bottom::limit_up_down_breadth_v1_20120705_20260814::000022,2024-06-11,,,,,,,,,False,False,,,,,,2012-07-05,2026-08-14,,,,csi500_medium_bottom_20240918,prediction,multi_lobe,nearest_region_for_slice_only
limit_up_down_breadth_bottom::bottom::limit_up_down_breadth_v1_20120705_20260814::onset::csi500::missed_region::csi500_medium_bottom_20240918,limit_up_down_breadth_bottom,bottom,limit_up_down_breadth_v1_20120705_20260814,onset,csi500,中证500,missed_region,False,,,csi500_medium_bottom_20240918,2024-09-18,2024-08-28,2024-09-23,multi_lobe,3,,,False,False,,,,,,2012-07-05,2026-08-14,True,True,top_bottom_regions_v2,,,,
limit_up_down_breadth_bottom::bottom::limit_up_down_breadth_v1_20120705_20260814::onset::csi500::missed_region::csi500_medium_bottom_20241016,limit_up_down_breadth_bottom,bottom,limit_up_down_breadth_v1_20120705_20260814,onset,csi500,中证500,missed_region,False,,,csi500_medium_bottom_20241016,2024-10-16,2024-10-14,2024-10-18,single_lobe,1,,,False,False,,,,,,2012-07-05,2026-08-14,True,True,top_bottom_regions_v2,,,,
limit_up_down_breadth_bottom::bottom::limit_up_down_breadth_v1_20120705_20260814::onset::csi500::missed_region::csi500_medium_bottom_20250113,limit_up_down_breadth_bottom,bottom,limit_up_down_breadth_v1_20120705_20260814,onset,csi500,中证500,missed_region,False,,,csi500_medium_bottom_20250113,2025-01-13,2025-01-03,2025-01-14,multi_lobe,2,,,False,False,,,,,,2012-07-05,2026-08-14,True,True,top_bottom_regions_v2,,,,
limit_up_down_breadth_bottom::bottom::limit_up_down_breadth_v1_20120705_20260814::onset::csi500::missed_region::csi500_medium_bottom_20250409,limit_up_down_breadth_bottom,bottom,limit_up_down_breadth_v1_20120705_20260814,onset,csi500,中证500,missed_region,False,,,csi500_medium_bottom_20250409,2025-04-09,2025-04-07,2025-04-09,multi_lobe,2,,,False,False,,,,,,2012-07-05,2026-08-14,True,True,top_bottom_regions_v2,,,,
limit_up_down_breadth_bottom::bottom::limit_up_down_breadth_v1_20120705_20260814::onset::csi500::missed_region::csi500_medium_bottom_20260324,limit_up_down_breadth_bottom,bottom,limit_up_down_breadth_v1_20120705_20260814,onset,csi500,中证500,missed_region,False,,,csi500_medium_bottom_20260324,2026-03-24,2026-03-23,2026-04-03,multi_lobe,2,,,False,False,,,,,,2012-07-05,2026-08-14,True,True,top_bottom_regions_v2,,,,
limit_up_down_breadth_bottom::bottom::limit_up_down_breadth_v1_20120705_20260814::onset::csi500::missed_region::csi500_medium_bottom_20260608,limit_up_down_breadth_bottom,bottom,limit_up_down_breadth_v1_20120705_20260814,onset,csi500,中证500,missed_region,False,,,csi500_medium_bottom_20260608,2026-06-08,2026-06-08,2026-06-11,single_lobe,1,,,False,False,,,,,,2012-07-05,2026-08-14,True,True,top_bottom_regions_v2,,,,
limit_up_down_breadth_bottom::bottom::limit_up_down_breadth_v1_20120705_20260814::onset::csi500::matched::limit_up_down_breadth_bottom::bottom::limit_up_down_breadth_v1_20120705_20260814::000023,limit_up_down_breadth_bottom,bottom,limit_up_down_breadth_v1_20120705_20260814,onset,csi500,中证500,matched,True,limit_up_down_breadth_bottom::bottom::limit_up_down_breadth_v1_20120705_20260814::000023,2026-07-15,csi500_medium_bottom_20260730,2026-07-30,2026-07-20,2026-07-30,multi_lobe,2,,prediction_window,False,False,prediction,-11,11,20,limit_up_down_breadth_bottom::bottom::limit_up_down_breadth_v1_20120705_20260814::000023,2012-07-05,2026-08-14,True,False,top_bottom_regions_v2,csi500_medium_bottom_20260730,prediction,multi_lobe,primary_match
limit_up_down_breadth_bottom::bottom::limit_up_down_breadth_v1_20120705_20260814::onset::microcap::missed_region::microcap_medium_bottom_20121204,limit_up_down_breadth_bottom,bottom,limit_up_down_breadth_v1_20120705_20260814,onset,microcap,微盘股,missed_region,False,,,microcap_medium_bottom_20121204,2012-12-04,2012-12-03,2012-12-04,single_lobe,1,,,False,False,,,,,,2012-07-05,2026-08-14,True,True,top_bottom_regions_v2,,,,
limit_up_down_breadth_bottom::bottom::limit_up_down_breadth_v1_20120705_20260814::onset::microcap::matched::limit_up_down_breadth_bottom::bottom::limit_up_down_breadth_v1_20120705_20260814::000001,limit_up_down_breadth_bottom,bottom,limit_up_down_breadth_v1_20120705_20260814,onset,microcap,微盘股,matched,True,limit_up_down_breadth_bottom::bottom::limit_up_down_breadth_v1_20120705_20260814::000001,2013-06-27,microcap_medium_bottom_20130625,2013-06-25,2013-06-25,2013-06-25,single_lobe,1,,confirmation_window,False,False,confirmation,2,2,5,limit_up_down_breadth_bottom::bottom::limit_up_down_breadth_v1_20120705_20260814::000001,2012-07-05,2026-08-14,True,True,top_bottom_regions_v2,microcap_medium_bottom_20130625,confirmation,single_lobe,primary_match
limit_up_down_breadth_bottom::bottom::limit_up_down_breadth_v1_20120705_20260814::onset::microcap::matched::limit_up_down_breadth_bottom::bottom::limit_up_down_breadth_v1_20120705_20260814::000002,limit_up_down_breadth_bottom,bottom,limit_up_down_breadth_v1_20120705_20260814,onset,microcap,微盘股,matched,True,limit_up_down_breadth_bottom::bottom::limit_up_down_breadth_v1_20120705_20260814::000002,2014-01-13,microcap_medium_bottom_20140113,2014-01-13,2014-01-10,2014-01-21,multi_lobe,2,microcap_medium_bottom_20140113_lobe_01,core_lobe,True,True,prediction,0,0,5,limit_up_down_breadth_bottom::bottom::limit_up_down_breadth_v1_20120705_20260814::000002,2012-07-05,2026-08-14,True,True,top_bottom_regions_v2,microcap_medium_bottom_20140113,prediction,multi_lobe,primary_match
limit_up_down_breadth_bottom::bottom::limit_up_down_breadth_v1_20120705_20260814::onset::microcap::matched::limit_up_down_breadth_bottom::bottom::limit_up_down_breadth_v1_20120705_20260814::000003,limit_up_down_breadth_bottom,bottom,limit_up_down_breadth_v1_20120705_20260814,onset,microcap,微盘股,matched,True,limit_up_down_breadth_bottom::bottom::limit_up_down_breadth_v1_20120705_20260814::000003,2014-05-07,microcap_medium_bottom_20140519,2014-05-19,2014-04-28,2014-05-23,multi_lobe,4,,envelope,False,True,prediction,-8,8,10,limit_up_down_breadth_bottom::bottom::limit_up_down_breadth_v1_20120705_20260814::000003,2012-07-05,2026-08-14,True,True,top_bottom_regions_v2,microcap_medium_bottom_20140519,prediction,multi_lobe,primary_match
limit_up_down_breadth_bottom::bottom::limit_up_down_breadth_v1_20120705_20260814::onset::microcap::missed_region::microcap_medium_bottom_20150630,limit_up_down_breadth_bottom,bottom,limit_up_down_breadth_v1_20120705_20260814,onset,microcap,微盘股,missed_region,False,,,microcap_medium_bottom_20150630,2015-06-30,2015-06-30,2015-06-30,single_lobe,1,,,False,False,,,,,,2012-07-05,2026-08-14,True,True,top_bottom_regions_v2,,,,
limit_up_down_breadth_bottom::bottom::limit_up_down_breadth_v1_20120705_20260814::onset::microcap::missed_region::microcap_medium_bottom_20150709,limit_up_down_breadth_bottom,bottom,limit_up_down_breadth_v1_20120705_20260814,onset,microcap,微盘股,missed_region,False,,,microcap_medium_bottom_20150709,2015-07-09,2015-07-08,2015-07-09,single_lobe,1,,,False,False,,,,,,2012-07-05,2026-08-14,True,True,top_bottom_regions_v2,,,,
limit_up_down_breadth_bottom::bottom::limit_up_down_breadth_v1_20120705_20260814::onset::microcap::missed_region::microcap_medium_bottom_20150803,limit_up_down_breadth_bottom,bottom,limit_up_down_breadth_v1_20120705_20260814,onset,microcap,微盘股,missed_region,False,,,microcap_medium_bottom_20150803,2015-08-03,2015-08-03,2015-08-04,single_lobe,1,,,False,False,,,,,,2012-07-05,2026-08-14,True,True,top_bottom_regions_v2,,,,
limit_up_down_breadth_bottom::bottom::limit_up_down_breadth_v1_20120705_20260814::onset::microcap::missed_region::microcap_medium_bottom_20150827,limit_up_down_breadth_bottom,bottom,limit_up_down_breadth_v1_20120705_20260814,onset,microcap,微盘股,missed_region,False,,,microcap_medium_bottom_20150827,2015-08-27,2015-08-26,2015-08-27,single_lobe,1,,,False,False,,,,,,2012-07-05,2026-08-14,True,True,top_bottom_regions_v2,,,,
limit_up_down_breadth_bottom::bottom::limit_up_down_breadth_v1_20120705_20260814::onset::microcap::missed_region::microcap_medium_bottom_20150915,limit_up_down_breadth_bottom,bottom,limit_up_down_breadth_v1_20120705_20260814,onset,microcap,微盘股,missed_region,False,,,microcap_medium_bottom_20150915,2015-09-15,2015-09-15,2015-09-16,single_lobe,1,,,False,False,,,,,,2012-07-05,2026-08-14,True,True,top_bottom_regions_v2,,,,
limit_up_down_breadth_bottom::bottom::limit_up_down_breadth_v1_20120705_20260814::onset::microcap::missed_region::microcap_medium_bottom_20160129,limit_up_down_breadth_bottom,bottom,limit_up_down_breadth_v1_20120705_20260814,onset,microcap,微盘股,missed_region,False,,,microcap_medium_bottom_20160129,2016-01-29,2016-01-27,2016-02-01,single_lobe,1,,,False,False,,,,,,2012-07-05,2026-08-14,True,True,top_bottom_regions_v2,,,,
limit_up_down_breadth_bottom::bottom::limit_up_down_breadth_v1_20120705_20260814::onset::microcap::missed_region::microcap_medium_bottom_20160301,limit_up_down_breadth_bottom,bottom,limit_up_down_breadth_v1_20120705_20260814,onset,microcap,微盘股,missed_region,False,,,microcap_medium_bottom_20160301,2016-03-01,2016-02-29,2016-03-01,single_lobe,1,,,False,False,,,,,,2012-07-05,2026-08-14,True,True,top_bottom_regions_v2,,,,
limit_up_down_breadth_bottom::bottom::limit_up_down_breadth_v1_20120705_20260814::onset::microcap::missed_region::microcap_medium_bottom_20160512,limit_up_down_breadth_bottom,bottom,limit_up_down_breadth_v1_20120705_20260814,onset,microcap,微盘股,missed_region,False,,,microcap_medium_bottom_20160512,2016-05-12,2016-05-12,2016-05-26,multi_lobe,3,,,False,False,,,,,,2012-07-05,2026-08-14,True,True,top_bottom_regions_v2,,,,
limit_up_down_breadth_bottom::bottom::limit_up_down_breadth_v1_20120705_20260814::onset::microcap::false_alarm::limit_up_down_breadth_bottom::bottom::limit_up_down_breadth_v1_20120705_20260814::000004,limit_up_down_breadth_bottom,bottom,limit_up_down_breadth_v1_20120705_20260814,onset,microcap,微盘股,false_alarm,False,limit_up_down_breadth_bottom::bottom::limit_up_down_breadth_v1_20120705_20260814::000004,2017-03-03,,,,,,,,,False,False,,,,,,2012-07-05,2026-08-14,,,,microcap_medium_bottom_20170718,prediction,single_lobe,nearest_region_for_slice_only
limit_up_down_breadth_bottom::bottom::limit_up_down_breadth_v1_20120705_20260814::onset::microcap::false_alarm::limit_up_down_breadth_bottom::bottom::limit_up_down_breadth_v1_20120705_20260814::000005,limit_up_down_breadth_bottom,bottom,limit_up_down_breadth_v1_20120705_20260814,onset,microcap,微盘股,false_alarm,False,limit_up_down_breadth_bottom::bottom::limit_up_down_breadth_v1_20120705_20260814::000005,2017-04-25,,,,,,,,,False,False,,,,,,2012-07-05,2026-08-14,,,,microcap_medium_bottom_20170718,prediction,single_lobe,nearest_region_for_slice_only
limit_up_down_breadth_bottom::bottom::limit_up_down_breadth_v1_20120705_20260814::onset::microcap::matched::limit_up_down_breadth_bottom::bottom::limit_up_down_breadth_v1_20120705_20260814::000006,limit_up_down_breadth_bottom,bottom,limit_up_down_breadth_v1_20120705_20260814,onset,microcap,微盘股,matched,True,limit_up_down_breadth_bottom::bottom::limit_up_down_breadth_v1_20120705_20260814::000006,2017-06-29,microcap_medium_bottom_20170718,2017-07-18,2017-07-17,2017-07-19,single_lobe,1,,prediction_window,False,False,prediction,-13,13,20,limit_up_down_breadth_bottom::bottom::limit_up_down_breadth_v1_20120705_20260814::000006,2012-07-05,2026-08-14,True,True,top_bottom_regions_v2,microcap_medium_bottom_20170718,prediction,single_lobe,primary_match
limit_up_down_breadth_bottom::bottom::limit_up_down_breadth_v1_20120705_20260814::onset::microcap::false_alarm::limit_up_down_breadth_bottom::bottom::limit_up_down_breadth_v1_20120705_20260814::000007,limit_up_down_breadth_bottom,bottom,limit_up_down_breadth_v1_20120705_20260814,onset,microcap,微盘股,false_alarm,False,limit_up_down_breadth_bottom::bottom::limit_up_down_breadth_v1_20120705_20260814::000007,2017-11-06,,,,,,,,,False,False,,,,,,2012-07-05,2026-08-14,,,,microcap_medium_bottom_20180207,prediction,multi_lobe,nearest_region_for_slice_only
limit_up_down_breadth_bottom::bottom::limit_up_down_breadth_v1_20120705_20260814::onset::microcap::missed_region::microcap_medium_bottom_20180207,limit_up_down_breadth_bottom,bottom,limit_up_down_breadth_v1_20120705_20260814,onset,microcap,微盘股,missed_region,False,,,microcap_medium_bottom_20180207,2018-02-07,2018-02-06,2018-02-09,multi_lobe,2,,,False,False,,,,,,2012-07-05,2026-08-14,True,True,top_bottom_regions_v2,,,,
limit_up_down_breadth_bottom::bottom::limit_up_down_breadth_v1_20120705_20260814::onset::microcap::matched::limit_up_down_breadth_bottom::bottom::limit_up_down_breadth_v1_20120705_20260814::000008,limit_up_down_breadth_bottom,bottom,limit_up_down_breadth_v1_20120705_20260814,onset,microcap,微盘股,matched,True,limit_up_down_breadth_bottom::bottom::limit_up_down_breadth_v1_20120705_20260814::000008,2018-06-08,microcap_medium_bottom_20180622,2018-06-22,2018-06-21,2018-07-06,multi_lobe,3,,prediction_window,False,False,prediction,-9,9,10,limit_up_down_breadth_bottom::bottom::limit_up_down_breadth_v1_20120705_20260814::000008,2012-07-05,2026-08-14,True,True,top_bottom_regions_v2,microcap_medium_bottom_20180622,prediction,multi_lobe,primary_match
limit_up_down_breadth_bottom::bottom::limit_up_down_breadth_v1_20120705_20260814::onset::microcap::missed_region::microcap_medium_bottom_20181019,limit_up_down_breadth_bottom,bottom,limit_up_down_breadth_v1_20120705_20260814,onset,microcap,微盘股,missed_region,False,,,microcap_medium_bottom_20181019,2018-10-19,2018-10-19,2018-10-19,single_lobe,1,,,False,False,,,,,,2012-07-05,2026-08-14,True,True,top_bottom_regions_v2,,,,
limit_up_down_breadth_bottom::bottom::limit_up_down_breadth_v1_20120705_20260814::onset::microcap::missed_region::microcap_medium_bottom_20190506,limit_up_down_breadth_bottom,bottom,limit_up_down_breadth_v1_20120705_20260814,onset,microcap,微盘股,missed_region,False,,,microcap_medium_bottom_20190506,2019-05-06,2019-05-06,2019-05-08,single_lobe,1,,,False,False,,,,,,2012-07-05,2026-08-14,True,True,top_bottom_regions_v2,,,,
limit_up_down_breadth_bottom::bottom::limit_up_down_breadth_v1_20120705_20260814::onset::microcap::false_alarm::limit_up_down_breadth_bottom::bottom::limit_up_down_breadth_v1_20120705_20260814::000009,limit_up_down_breadth_bottom,bottom,limit_up_down_breadth_v1_20120705_20260814,onset,microcap,微盘股,false_alarm,False,limit_up_down_breadth_bottom::bottom::limit_up_down_breadth_v1_20120705_20260814::000009,2019-06-14,,,,,,,,,False,False,,,,,,2012-07-05,2026-08-14,,,,microcap_medium_bottom_20190506,confirmation,single_lobe,nearest_region_for_slice_only
limit_up_down_breadth_bottom::bottom::limit_up_down_breadth_v1_20120705_20260814::onset::microcap::false_alarm::limit_up_down_breadth_bottom::bottom::limit_up_down_breadth_v1_20120705_20260814::000010,limit_up_down_breadth_bottom,bottom,limit_up_down_breadth_v1_20120705_20260814,onset,microcap,微盘股,false_alarm,False,limit_up_down_breadth_bottom::bottom::limit_up_down_breadth_v1_20120705_20260814::000010,2019-11-06,,,,,,,,,False,False,,,,,,2012-07-05,2026-08-14,,,,microcap_medium_bottom_20200204,prediction,single_lobe,nearest_region_for_slice_only
limit_up_down_breadth_bottom::bottom::limit_up_down_breadth_v1_20120705_20260814::onset::microcap::missed_region::microcap_medium_bottom_20200204,limit_up_down_breadth_bottom,bottom,limit_up_down_breadth_v1_20120705_20260814,onset,microcap,微盘股,missed_region,False,,,microcap_medium_bottom_20200204,2020-02-04,2020-02-04,2020-02-04,single_lobe,1,,,False,False,,,,,,2012-07-05,2026-08-14,True,True,top_bottom_regions_v2,,,,
limit_up_down_breadth_bottom::bottom::limit_up_down_breadth_v1_20120705_20260814::onset::microcap::false_alarm::limit_up_down_breadth_bottom::bottom::limit_up_down_breadth_v1_20120705_20260814::000011,limit_up_down_breadth_bottom,bottom,limit_up_down_breadth_v1_20120705_20260814,onset,microcap,微盘股,false_alarm,False,limit_up_down_breadth_bottom::bottom::limit_up_down_breadth_v1_20120705_20260814::000011,2020-09-17,,,,,,,,,False,False,,,,,,2012-07-05,2026-08-14,,,,microcap_medium_bottom_20210208,prediction,single_lobe,nearest_region_for_slice_only
limit_up_down_breadth_bottom::bottom::limit_up_down_breadth_v1_20120705_20260814::onset::microcap::false_alarm::limit_up_down_breadth_bottom::bottom::limit_up_down_breadth_v1_20120705_20260814::000012,limit_up_down_breadth_bottom,bottom,limit_up_down_breadth_v1_20120705_20260814,onset,microcap,微盘股,false_alarm,False,limit_up_down_breadth_bottom::bottom::limit_up_down_breadth_v1_20120705_20260814::000012,2020-10-29,,,,,,,,,False,False,,,,,,2012-07-05,2026-08-14,,,,microcap_medium_bottom_20210208,prediction,single_lobe,nearest_region_for_slice_only
limit_up_down_breadth_bottom::bottom::limit_up_down_breadth_v1_20120705_20260814::onset::microcap::false_alarm::limit_up_down_breadth_bottom::bottom::limit_up_down_breadth_v1_20120705_20260814::000013,limit_up_down_breadth_bottom,bottom,limit_up_down_breadth_v1_20120705_20260814,onset,microcap,微盘股,false_alarm,False,limit_up_down_breadth_bottom::bottom::limit_up_down_breadth_v1_20120705_20260814::000013,2020-11-06,,,,,,,,,False,False,,,,,,2012-07-05,2026-08-14,,,,microcap_medium_bottom_20210208,prediction,single_lobe,nearest_region_for_slice_only
limit_up_down_breadth_bottom::bottom::limit_up_down_breadth_v1_20120705_20260814::onset::microcap::missed_region::microcap_medium_bottom_20210208,limit_up_down_breadth_bottom,bottom,limit_up_down_breadth_v1_20120705_20260814,onset,microcap,微盘股,missed_region,False,,,microcap_medium_bottom_20210208,2021-02-08,2021-02-04,2021-02-09,single_lobe,1,,,False,False,,,,,,2012-07-05,2026-08-14,True,True,top_bottom_regions_v2,,,,
limit_up_down_breadth_bottom::bottom::limit_up_down_breadth_v1_20120705_20260814::onset::microcap::false_alarm::limit_up_down_breadth_bottom::bottom::limit_up_down_breadth_v1_20120705_20260814::000014,limit_up_down_breadth_bottom,bottom,limit_up_down_breadth_v1_20120705_20260814,onset,microcap,微盘股,false_alarm,False,limit_up_down_breadth_bottom::bottom::limit_up_down_breadth_v1_20120705_20260814::000014,2022-01-28,,,,,,,,,False,False,,,,,,2012-07-05,2026-08-14,,,,microcap_medium_bottom_20220427,prediction,single_lobe,nearest_region_for_slice_only
limit_up_down_breadth_bottom::bottom::limit_up_down_breadth_v1_20120705_20260814::onset::microcap::duplicate_alarm::limit_up_down_breadth_bottom::bottom::limit_up_down_breadth_v1_20120705_20260814::000015,limit_up_down_breadth_bottom,bottom,limit_up_down_breadth_v1_20120705_20260814,onset,microcap,微盘股,duplicate_alarm,False,limit_up_down_breadth_bottom::bottom::limit_up_down_breadth_v1_20120705_20260814::000015,2022-04-18,microcap_medium_bottom_20220427,2022-04-27,2022-04-27,2022-04-28,single_lobe,1,,prediction_window,False,False,prediction,-7,7,10,limit_up_down_breadth_bottom::bottom::limit_up_down_breadth_v1_20120705_20260814::000016,2012-07-05,2026-08-14,True,True,top_bottom_regions_v2,microcap_medium_bottom_20220427,prediction,single_lobe,duplicate_candidate
limit_up_down_breadth_bottom::bottom::limit_up_down_breadth_v1_20120705_20260814::onset::microcap::matched::limit_up_down_breadth_bottom::bottom::limit_up_down_breadth_v1_20120705_20260814::000016,limit_up_down_breadth_bottom,bottom,limit_up_down_breadth_v1_20120705_20260814,onset,microcap,微盘股,matched,True,limit_up_down_breadth_bottom::bottom::limit_up_down_breadth_v1_20120705_20260814::000016,2022-04-28,microcap_medium_bottom_20220427,2022-04-27,2022-04-27,2022-04-28,single_lobe,1,microcap_medium_bottom_20220427_lobe_01,core_lobe,True,True,confirmation,1,1,5,limit_up_down_breadth_bottom::bottom::limit_up_down_breadth_v1_20120705_20260814::000016,2012-07-05,2026-08-14,True,True,top_bottom_regions_v2,microcap_medium_bottom_20220427,confirmation,single_lobe,primary_match
limit_up_down_breadth_bottom::bottom::limit_up_down_breadth_v1_20120705_20260814::onset::microcap::matched::limit_up_down_breadth_bottom::bottom::limit_up_down_breadth_v1_20120705_20260814::000017,limit_up_down_breadth_bottom,bottom,limit_up_down_breadth_v1_20120705_20260814,onset,microcap,微盘股,matched,True,limit_up_down_breadth_bottom::bottom::limit_up_down_breadth_v1_20120705_20260814::000017,2022-09-22,microcap_medium_bottom_20221011,2022-10-11,2022-10-10,2022-10-12,single_lobe,1,,prediction_window,False,False,prediction,-8,8,10,limit_up_down_breadth_bottom::bottom::limit_up_down_breadth_v1_20120705_20260814::000017,2012-07-05,2026-08-14,True,True,top_bottom_regions_v2,microcap_medium_bottom_20221011,prediction,single_lobe,primary_match
limit_up_down_breadth_bottom::bottom::limit_up_down_breadth_v1_20120705_20260814::onset::microcap::false_alarm::limit_up_down_breadth_bottom::bottom::limit_up_down_breadth_v1_20120705_20260814::000018,limit_up_down_breadth_bottom,bottom,limit_up_down_breadth_v1_20120705_20260814,onset,microcap,微盘股,false_alarm,False,limit_up_down_breadth_bottom::bottom::limit_up_down_breadth_v1_20120705_20260814::000018,2023-03-13,,,,,,,,,False,False,,,,,,2012-07-05,2026-08-14,,,,microcap_medium_bottom_20230425,prediction,single_lobe,nearest_region_for_slice_only
limit_up_down_breadth_bottom::bottom::limit_up_down_breadth_v1_20120705_20260814::onset::microcap::duplicate_alarm::limit_up_down_breadth_bottom::bottom::limit_up_down_breadth_v1_20120705_20260814::000019,limit_up_down_breadth_bottom,bottom,limit_up_down_breadth_v1_20120705_20260814,onset,microcap,微盘股,duplicate_alarm,False,limit_up_down_breadth_bottom::bottom::limit_up_down_breadth_v1_20120705_20260814::000019,2023-03-31,microcap_medium_bottom_20230425,2023-04-25,2023-04-24,2023-04-26,single_lobe,1,,prediction_window,False,False,prediction,-16,16,20,limit_up_down_breadth_bottom::bottom::limit_up_down_breadth_v1_20120705_20260814::000020,2012-07-05,2026-08-14,True,True,top_bottom_regions_v2,microcap_medium_bottom_20230425,prediction,single_lobe,duplicate_candidate
limit_up_down_breadth_bottom::bottom::limit_up_down_breadth_v1_20120705_20260814::onset::microcap::matched::limit_up_down_breadth_bottom::bottom::limit_up_down_breadth_v1_20120705_20260814::000020,limit_up_down_breadth_bottom,bottom,limit_up_down_breadth_v1_20120705_20260814,onset,microcap,微盘股,matched,True,limit_up_down_breadth_bottom::bottom::limit_up_down_breadth_v1_20120705_20260814::000020,2023-05-09,microcap_medium_bottom_20230425,2023-04-25,2023-04-24,2023-04-26,single_lobe,1,,confirmation_window,False,False,confirmation,7,7,10,limit_up_down_breadth_bottom::bottom::limit_up_down_breadth_v1_20120705_20260814::000020,2012-07-05,2026-08-14,True,True,top_bottom_regions_v2,microcap_medium_bottom_20230425,confirmation,single_lobe,primary_match
limit_up_down_breadth_bottom::bottom::limit_up_down_breadth_v1_20120705_20260814::onset::microcap::duplicate_alarm::limit_up_down_breadth_bottom::bottom::limit_up_down_breadth_v1_20120705_20260814::000021,limit_up_down_breadth_bottom,bottom,limit_up_down_breadth_v1_20120705_20260814,onset,microcap,微盘股,duplicate_alarm,False,limit_up_down_breadth_bottom::bottom::limit_up_down_breadth_v1_20120705_20260814::000021,2023-05-23,microcap_medium_bottom_20230425,2023-04-25,2023-04-24,2023-04-26,single_lobe,1,,confirmation_window,False,False,confirmation,17,17,20,limit_up_down_breadth_bottom::bottom::limit_up_down_breadth_v1_20120705_20260814::000020,2012-07-05,2026-08-14,True,True,top_bottom_regions_v2,microcap_medium_bottom_20230425,confirmation,single_lobe,duplicate_candidate
limit_up_down_breadth_bottom::bottom::limit_up_down_breadth_v1_20120705_20260814::onset::microcap::missed_region::microcap_medium_bottom_20240208,limit_up_down_breadth_bottom,bottom,limit_up_down_breadth_v1_20120705_20260814,onset,microcap,微盘股,missed_region,False,,,microcap_medium_bottom_20240208,2024-02-08,2024-02-08,2024-02-08,single_lobe,1,,,False,False,,,,,,2012-07-05,2026-08-14,True,True,top_bottom_regions_v2,,,,
limit_up_down_breadth_bottom::bottom::limit_up_down_breadth_v1_20120705_20260814::onset::microcap::missed_region::microcap_medium_bottom_20240229,limit_up_down_breadth_bottom,bottom,limit_up_down_breadth_v1_20120705_20260814,onset,microcap,微盘股,missed_region,False,,,microcap_medium_bottom_20240229,2024-02-29,2024-02-29,2024-02-29,single_lobe,1,,,False,False,,,,,,2012-07-05,2026-08-14,True,True,top_bottom_regions_v2,,,,
limit_up_down_breadth_bottom::bottom::limit_up_down_breadth_v1_20120705_20260814::onset::microcap::missed_region::microcap_medium_bottom_20240417,limit_up_down_breadth_bottom,bottom,limit_up_down_breadth_v1_20120705_20260814,onset,microcap,微盘股,missed_region,False,,,microcap_medium_bottom_20240417,2024-04-17,2024-04-16,2024-04-17,single_lobe,1,,,False,False,,,,,,2012-07-05,2026-08-14,True,True,top_bottom_regions_v2,,,,
limit_up_down_breadth_bottom::bottom::limit_up_down_breadth_v1_20120705_20260814::onset::microcap::matched::limit_up_down_breadth_bottom::bottom::limit_up_down_breadth_v1_20120705_20260814::000022,limit_up_down_breadth_bottom,bottom,limit_up_down_breadth_v1_20120705_20260814,onset,microcap,微盘股,matched,True,limit_up_down_breadth_bottom::bottom::limit_up_down_breadth_v1_20120705_20260814::000022,2024-06-11,microcap_medium_bottom_20240606,2024-06-06,2024-06-06,2024-06-06,single_lobe,1,,confirmation_window,False,False,confirmation,2,2,5,limit_up_down_breadth_bottom::bottom::limit_up_down_breadth_v1_20120705_20260814::000022,2012-07-05,2026-08-14,True,True,top_bottom_regions_v2,microcap_medium_bottom_20240606,confirmation,single_lobe,primary_match
limit_up_down_breadth_bottom::bottom::limit_up_down_breadth_v1_20120705_20260814::onset::microcap::missed_region::microcap_medium_bottom_20241011,limit_up_down_breadth_bottom,bottom,limit_up_down_breadth_v1_20120705_20260814,onset,microcap,微盘股,missed_region,False,,,microcap_medium_bottom_20241011,2024-10-11,2024-10-11,2024-10-14,single_lobe,1,,,False,False,,,,,,2012-07-05,2026-08-14,True,True,top_bottom_regions_v2,,,,
limit_up_down_breadth_bottom::bottom::limit_up_down_breadth_v1_20120705_20260814::onset::microcap::missed_region::microcap_medium_bottom_20250106,limit_up_down_breadth_bottom,bottom,limit_up_down_breadth_v1_20120705_20260814,onset,microcap,微盘股,missed_region,False,,,microcap_medium_bottom_20250106,2025-01-06,2025-01-06,2025-01-13,multi_lobe,2,,,False,False,,,,,,2012-07-05,2026-08-14,True,True,top_bottom_regions_v2,,,,
limit_up_down_breadth_bottom::bottom::limit_up_down_breadth_v1_20120705_20260814::onset::microcap::missed_region::microcap_medium_bottom_20250409,limit_up_down_breadth_bottom,bottom,limit_up_down_breadth_v1_20120705_20260814,onset,microcap,微盘股,missed_region,False,,,microcap_medium_bottom_20250409,2025-04-09,2025-04-09,2025-04-09,single_lobe,1,,,False,False,,,,,,2012-07-05,2026-08-14,True,True,top_bottom_regions_v2,,,,
limit_up_down_breadth_bottom::bottom::limit_up_down_breadth_v1_20120705_20260814::onset::microcap::missed_region::microcap_medium_bottom_20260323,limit_up_down_breadth_bottom,bottom,limit_up_down_breadth_v1_20120705_20260814,onset,microcap,微盘股,missed_region,False,,,microcap_medium_bottom_20260323,2026-03-23,2026-03-23,2026-03-24,single_lobe,1,,,False,False,,,,,,2012-07-05,2026-08-14,True,True,top_bottom_regions_v2,,,,
limit_up_down_breadth_bottom::bottom::limit_up_down_breadth_v1_20120705_20260814::onset::microcap::matched::limit_up_down_breadth_bottom::bottom::limit_up_down_breadth_v1_20120705_20260814::000023,limit_up_down_breadth_bottom,bottom,limit_up_down_breadth_v1_20120705_20260814,onset,microcap,微盘股,matched,True,limit_up_down_breadth_bottom::bottom::limit_up_down_breadth_v1_20120705_20260814::000023,2026-07-15,microcap_medium_bottom_20260721,2026-07-21,2026-07-21,2026-07-21,single_lobe,1,,prediction_window,False,False,prediction,-4,4,5,limit_up_down_breadth_bottom::bottom::limit_up_down_breadth_v1_20120705_20260814::000023,2012-07-05,2026-08-14,True,False,top_bottom_regions_v2,microcap_medium_bottom_20260721,prediction,single_lobe,primary_match
limit_up_down_breadth_bottom::bottom::limit_up_down_breadth_v1_20120705_20260814::onset::sse_composite::missed_region::sse_composite_medium_bottom_20121204,limit_up_down_breadth_bottom,bottom,limit_up_down_breadth_v1_20120705_20260814,onset,sse_composite,上证指数,missed_region,False,,,sse_composite_medium_bottom_20121204,2012-12-04,2012-11-28,2012-12-05,single_lobe,1,,,False,False,,,,,,2012-07-05,2026-08-14,True,True,top_bottom_regions_v2,,,,
limit_up_down_breadth_bottom::bottom::limit_up_down_breadth_v1_20120705_20260814::onset::sse_composite::missed_region::sse_composite_medium_bottom_20130502,limit_up_down_breadth_bottom,bottom,limit_up_down_breadth_v1_20120705_20260814,onset,sse_composite,上证指数,missed_region,False,,,sse_composite_medium_bottom_20130502,2013-05-02,2013-04-08,2013-05-03,multi_lobe,3,,,False,False,,,,,,2012-07-05,2026-08-14,True,True,top_bottom_regions_v2,,,,
limit_up_down_breadth_bottom::bottom::limit_up_down_breadth_v1_20120705_20260814::onset::sse_composite::matched::limit_up_down_breadth_bottom::bottom::limit_up_down_breadth_v1_20120705_20260814::000001,limit_up_down_breadth_bottom,bottom,limit_up_down_breadth_v1_20120705_20260814,onset,sse_composite,上证指数,matched,True,limit_up_down_breadth_bottom::bottom::limit_up_down_breadth_v1_20120705_20260814::000001,2013-06-27,sse_composite_medium_bottom_20130625,2013-06-25,2013-06-25,2013-06-25,single_lobe,1,,confirmation_window,False,False,confirmation,2,2,5,limit_up_down_breadth_bottom::bottom::limit_up_down_breadth_v1_20120705_20260814::000001,2012-07-05,2026-08-14,True,True,top_bottom_regions_v2,sse_composite_medium_bottom_20130625,confirmation,single_lobe,primary_match
limit_up_down_breadth_bottom::bottom::limit_up_down_breadth_v1_20120705_20260814::onset::sse_composite::missed_region::sse_composite_medium_bottom_20131114,limit_up_down_breadth_bottom,bottom,limit_up_down_breadth_v1_20120705_20260814,onset,sse_composite,上证指数,missed_region,False,,,sse_composite_medium_bottom_20131114,2013-11-14,2013-10-29,2013-11-15,multi_lobe,2,,,False,False,,,,,,2012-07-05,2026-08-14,True,True,top_bottom_regions_v2,,,,
limit_up_down_breadth_bottom::bottom::limit_up_down_breadth_v1_20120705_20260814::onset::sse_composite::matched::limit_up_down_breadth_bottom::bottom::limit_up_down_breadth_v1_20120705_20260814::000002,limit_up_down_breadth_bottom,bottom,limit_up_down_breadth_v1_20120705_20260814,onset,sse_composite,上证指数,matched,True,limit_up_down_breadth_bottom::bottom::limit_up_down_breadth_v1_20120705_20260814::000002,2014-01-13,sse_composite_medium_bottom_20140120,2014-01-20,2014-01-10,2014-02-07,multi_lobe,2,sse_composite_medium_bottom_20140120_lobe_01,core_lobe,True,True,prediction,-5,5,5,limit_up_down_breadth_bottom::bottom::limit_up_down_breadth_v1_20120705_20260814::000002,2012-07-05,2026-08-14,True,True,top_bottom_regions_v2,sse_composite_medium_bottom_20140120,prediction,multi_lobe,primary_match
limit_up_down_breadth_bottom::bottom::limit_up_down_breadth_v1_20120705_20260814::onset::sse_composite::missed_region::sse_composite_medium_bottom_20140312,limit_up_down_breadth_bottom,bottom,limit_up_down_breadth_v1_20120705_20260814,onset,sse_composite,上证指数,missed_region,False,,,sse_composite_medium_bottom_20140312,2014-03-12,2014-03-10,2014-03-21,multi_lobe,2,,,False,False,,,,,,2012-07-05,2026-08-14,True,True,top_bottom_regions_v2,,,,
limit_up_down_breadth_bottom::bottom::limit_up_down_breadth_v1_20120705_20260814::onset::sse_composite::false_alarm::limit_up_down_breadth_bottom::bottom::limit_up_down_breadth_v1_20120705_20260814::000003,limit_up_down_breadth_bottom,bottom,limit_up_down_breadth_v1_20120705_20260814,onset,sse_composite,上证指数,false_alarm,False,limit_up_down_breadth_bottom::bottom::limit_up_down_breadth_v1_20120705_20260814::000003,2014-05-07,,,,,,,,,False,False,,,,,,2012-07-05,2026-08-14,,,,sse_composite_medium_bottom_20140312,confirmation,multi_lobe,nearest_region_for_slice_only
limit_up_down_breadth_bottom::bottom::limit_up_down_breadth_v1_20120705_20260814::onset::sse_composite::missed_region::sse_composite_medium_bottom_20141210,limit_up_down_breadth_bottom,bottom,limit_up_down_breadth_v1_20120705_20260814,onset,sse_composite,上证指数,missed_region,False,,,sse_composite_medium_bottom_20141210,2014-12-10,2014-12-10,2014-12-10,single_lobe,1,,,False,False,,,,,,2012-07-05,2026-08-14,True,True,top_bottom_regions_v2,,,,
limit_up_down_breadth_bottom::bottom::limit_up_down_breadth_v1_20120705_20260814::onset::sse_composite::missed_region::sse_composite_medium_bottom_20150119,limit_up_down_breadth_bottom,bottom,limit_up_down_breadth_v1_20120705_20260814,onset,sse_composite,上证指数,missed_region,False,,,sse_composite_medium_bottom_20150119,2015-01-19,2015-01-19,2015-01-20,single_lobe,1,,,False,False,,,,,,2012-07-05,2026-08-14,True,True,top_bottom_regions_v2,,,,
limit_up_down_breadth_bottom::bottom::limit_up_down_breadth_v1_20120705_20260814::onset::sse_composite::missed_region::sse_composite_medium_bottom_20150209,limit_up_down_breadth_bottom,bottom,limit_up_down_breadth_v1_20120705_20260814,onset,sse_composite,上证指数,missed_region,False,,,sse_composite_medium_bottom_20150209,2015-02-09,2015-02-06,2015-02-10,single_lobe,1,,,False,False,,,,,,2012-07-05,2026-08-14,True,True,top_bottom_regions_v2,,,,
limit_up_down_breadth_bottom::bottom::limit_up_down_breadth_v1_20120705_20260814::onset::sse_composite::missed_region::sse_composite_medium_bottom_20150508,limit_up_down_breadth_bottom,bottom,limit_up_down_breadth_v1_20120705_20260814,onset,sse_composite,上证指数,missed_region,False,,,sse_composite_medium_bottom_20150508,2015-05-08,2015-05-07,2015-05-08,single_lobe,1,,,False,False,,,,,,2012-07-05,2026-08-14,True,True,top_bottom_regions_v2,,,,
limit_up_down_breadth_bottom::bottom::limit_up_down_breadth_v1_20120705_20260814::onset::sse_composite::missed_region::sse_composite_medium_bottom_20150529,limit_up_down_breadth_bottom,bottom,limit_up_down_breadth_v1_20120705_20260814,onset,sse_composite,上证指数,missed_region,False,,,sse_composite_medium_bottom_20150529,2015-05-29,2015-05-29,2015-05-29,single_lobe,1,,,False,False,,,,,,2012-07-05,2026-08-14,True,True,top_bottom_regions_v2,,,,
limit_up_down_breadth_bottom::bottom::limit_up_down_breadth_v1_20120705_20260814::onset::sse_composite::missed_region::sse_composite_medium_bottom_20150623,limit_up_down_breadth_bottom,bottom,limit_up_down_breadth_v1_20120705_20260814,onset,sse_composite,上证指数,missed_region,False,,,sse_composite_medium_bottom_20150623,2015-06-23,2015-06-23,2015-06-23,single_lobe,1,,,False,False,,,,,,2012-07-05,2026-08-14,True,True,top_bottom_regions_v2,,,,
limit_up_down_breadth_bottom::bottom::limit_up_down_breadth_v1_20120705_20260814::onset::sse_composite::missed_region::sse_composite_medium_bottom_20150630,limit_up_down_breadth_bottom,bottom,limit_up_down_breadth_v1_20120705_20260814,onset,sse_composite,上证指数,missed_region,False,,,sse_composite_medium_bottom_20150630,2015-06-30,2015-06-29,2015-06-30,single_lobe,1,,,False,False,,,,,,2012-07-05,2026-08-14,True,True,top_bottom_regions_v2,,,,
limit_up_down_breadth_bottom::bottom::limit_up_down_breadth_v1_20120705_20260814::onset::sse_composite::missed_region::sse_composite_medium_bottom_20150703,limit_up_down_breadth_bottom,bottom,limit_up_down_breadth_v1_20120705_20260814,onset,sse_composite,上证指数,missed_region,False,,,sse_composite_medium_bottom_20150703,2015-07-03,2015-07-03,2015-07-03,single_lobe,1,,,False,False,,,,,,2012-07-05,2026-08-14,True,True,top_bottom_regions_v2,,,,
limit_up_down_breadth_bottom::bottom::limit_up_down_breadth_v1_20120705_20260814::onset::sse_composite::missed_region::sse_composite_medium_bottom_20150709,limit_up_down_breadth_bottom,bottom,limit_up_down_breadth_v1_20120705_20260814,onset,sse_composite,上证指数,missed_region,False,,,sse_composite_medium_bottom_20150709,2015-07-09,2015-07-08,2015-07-09,single_lobe,1,,,False,False,,,,,,2012-07-05,2026-08-14,True,True,top_bottom_regions_v2,,,,
limit_up_down_breadth_bottom::bottom::limit_up_down_breadth_v1_20120705_20260814::onset::sse_composite::missed_region::sse_composite_medium_bottom_20150716,limit_up_down_breadth_bottom,bottom,limit_up_down_breadth_v1_20120705_20260814,onset,sse_composite,上证指数,missed_region,False,,,sse_composite_medium_bottom_20150716,2015-07-16,2015-07-16,2015-07-16,single_lobe,1,,,False,False,,,,,,2012-07-05,2026-08-14,True,True,top_bottom_regions_v2,,,,
limit_up_down_breadth_bottom::bottom::limit_up_down_breadth_v1_20120705_20260814::onset::sse_composite::missed_region::sse_composite_medium_bottom_20150728,limit_up_down_breadth_bottom,bottom,limit_up_down_breadth_v1_20120705_20260814,onset,sse_composite,上证指数,missed_region,False,,,sse_composite_medium_bottom_20150728,2015-07-28,2015-07-28,2015-08-03,multi_lobe,2,,,False,False,,,,,,2012-07-05,2026-08-14,True,True,top_bottom_regions_v2,,,,
limit_up_down_breadth_bottom::bottom::limit_up_down_breadth_v1_20120705_20260814::onset::sse_composite::missed_region::sse_composite_medium_bottom_20150826,limit_up_down_breadth_bottom,bottom,limit_up_down_breadth_v1_20120705_20260814,onset,sse_composite,上证指数,missed_region,False,,,sse_composite_medium_bottom_20150826,2015-08-26,2015-08-26,2015-08-26,single_lobe,1,,,False,False,,,,,,2012-07-05,2026-08-14,True,True,top_bottom_regions_v2,,,,
limit_up_down_breadth_bottom::bottom::limit_up_down_breadth_v1_20120705_20260814::onset::sse_composite::missed_region::sse_composite_medium_bottom_20150916,limit_up_down_breadth_bottom,bottom,limit_up_down_breadth_v1_20120705_20260814,onset,sse_composite,上证指数,missed_region,False,,,sse_composite_medium_bottom_20150916,2015-09-16,2015-09-15,2015-09-29,multi_lobe,2,,,False,False,,,,,,2012-07-05,2026-08-14,True,True,top_bottom_regions_v2,,,,
limit_up_down_breadth_bottom::bottom::limit_up_down_breadth_v1_20120705_20260814::onset::sse_composite::missed_region::sse_composite_medium_bottom_20151130,limit_up_down_breadth_bottom,bottom,limit_up_down_breadth_v1_20120705_20260814,onset,sse_composite,上证指数,missed_region,False,,,sse_composite_medium_bottom_20151130,2015-11-30,2015-11-30,2015-11-30,single_lobe,1,,,False,False,,,,,,2012-07-05,2026-08-14,True,True,top_bottom_regions_v2,,,,
limit_up_down_breadth_bottom::bottom::limit_up_down_breadth_v1_20120705_20260814::onset::sse_composite::missed_region::sse_composite_medium_bottom_20160127,limit_up_down_breadth_bottom,bottom,limit_up_down_breadth_v1_20120705_20260814,onset,sse_composite,上证指数,missed_region,False,,,sse_composite_medium_bottom_20160127,2016-01-27,2016-01-27,2016-02-01,single_lobe,1,,,False,False,,,,,,2012-07-05,2026-08-14,True,True,top_bottom_regions_v2,,,,
limit_up_down_breadth_bottom::bottom::limit_up_down_breadth_v1_20120705_20260814::onset::sse_composite::missed_region::sse_composite_medium_bottom_20160229,limit_up_down_breadth_bottom,bottom,limit_up_down_breadth_v1_20120705_20260814,onset,sse_composite,上证指数,missed_region,False,,,sse_composite_medium_bottom_20160229,2016-02-29,2016-02-29,2016-03-01,single_lobe,1,,,False,False,,,,,,2012-07-05,2026-08-14,True,True,top_bottom_regions_v2,,,,
limit_up_down_breadth_bottom::bottom::limit_up_down_breadth_v1_20120705_20260814::onset::sse_composite::missed_region::sse_composite_medium_bottom_20160526,limit_up_down_breadth_bottom,bottom,limit_up_down_breadth_v1_20120705_20260814,onset,sse_composite,上证指数,missed_region,False,,,sse_composite_medium_bottom_20160526,2016-05-26,2016-05-09,2016-06-24,multi_lobe,5,,,False,False,,,,,,2012-07-05,2026-08-14,True,True,top_bottom_regions_v2,,,,
limit_up_down_breadth_bottom::bottom::limit_up_down_breadth_v1_20120705_20260814::onset::sse_composite::false_alarm::limit_up_down_breadth_bottom::bottom::limit_up_down_breadth_v1_20120705_20260814::000004,limit_up_down_breadth_bottom,bottom,limit_up_down_breadth_v1_20120705_20260814,onset,sse_composite,上证指数,false_alarm,False,limit_up_down_breadth_bottom::bottom::limit_up_down_breadth_v1_20120705_20260814::000004,2017-03-03,,,,,,,,,False,False,,,,,,2012-07-05,2026-08-14,,,,sse_composite_medium_bottom_20170511,prediction,multi_lobe,nearest_region_for_slice_only
limit_up_down_breadth_bottom::bottom::limit_up_down_breadth_v1_20120705_20260814::onset::sse_composite::matched::limit_up_down_breadth_bottom::bottom::limit_up_down_breadth_v1_20120705_20260814::000005,limit_up_down_breadth_bottom,bottom,limit_up_down_breadth_v1_20120705_20260814,onset,sse_composite,上证指数,matched,True,limit_up_down_breadth_bottom::bottom::limit_up_down_breadth_v1_20120705_20260814::000005,2017-04-25,sse_composite_medium_bottom_20170511,2017-05-11,2017-05-09,2017-05-25,multi_lobe,3,,prediction_window,False,False,prediction,-11,11,20,limit_up_down_breadth_bottom::bottom::limit_up_down_breadth_v1_20120705_20260814::000005,2012-07-05,2026-08-14,True,True,top_bottom_regions_v2,sse_composite_medium_bottom_20170511,prediction,multi_lobe,primary_match
limit_up_down_breadth_bottom::bottom::limit_up_down_breadth_v1_20120705_20260814::onset::sse_composite::false_alarm::limit_up_down_breadth_bottom::bottom::limit_up_down_breadth_v1_20120705_20260814::000006,limit_up_down_breadth_bottom,bottom,limit_up_down_breadth_v1_20120705_20260814,onset,sse_composite,上证指数,false_alarm,False,limit_up_down_breadth_bottom::bottom::limit_up_down_breadth_v1_20120705_20260814::000006,2017-06-29,,,,,,,,,False,False,,,,,,2012-07-05,2026-08-14,,,,sse_composite_medium_bottom_20170511,confirmation,multi_lobe,nearest_region_for_slice_only
limit_up_down_breadth_bottom::bottom::limit_up_down_breadth_v1_20120705_20260814::onset::sse_composite::false_alarm::limit_up_down_breadth_bottom::bottom::limit_up_down_breadth_v1_20120705_20260814::000007,limit_up_down_breadth_bottom,bottom,limit_up_down_breadth_v1_20120705_20260814,onset,sse_composite,上证指数,false_alarm,False,limit_up_down_breadth_bottom::bottom::limit_up_down_breadth_v1_20120705_20260814::000007,2017-11-06,,,,,,,,,False,False,,,,,,2012-07-05,2026-08-14,,,,sse_composite_medium_bottom_20180209,prediction,single_lobe,nearest_region_for_slice_only
limit_up_down_breadth_bottom::bottom::limit_up_down_breadth_v1_20120705_20260814::onset::sse_composite::missed_region::sse_composite_medium_bottom_20180209,limit_up_down_breadth_bottom,bottom,limit_up_down_breadth_v1_20120705_20260814,onset,sse_composite,上证指数,missed_region,False,,,sse_composite_medium_bottom_20180209,2018-02-09,2018-02-09,2018-02-09,single_lobe,1,,,False,False,,,,,,2012-07-05,2026-08-14,True,True,top_bottom_regions_v2,,,,
limit_up_down_breadth_bottom::bottom::limit_up_down_breadth_v1_20120705_20260814::onset::sse_composite::matched::limit_up_down_breadth_bottom::bottom::limit_up_down_breadth_v1_20120705_20260814::000008,limit_up_down_breadth_bottom,bottom,limit_up_down_breadth_v1_20120705_20260814,onset,sse_composite,上证指数,matched,True,limit_up_down_breadth_bottom::bottom::limit_up_down_breadth_v1_20120705_20260814::000008,2018-06-08,sse_composite_medium_bottom_20180706,2018-07-06,2018-07-03,2018-07-06,multi_lobe,2,,prediction_window,False,False,prediction,-19,19,20,limit_up_down_breadth_bottom::bottom::limit_up_down_breadth_v1_20120705_20260814::000008,2012-07-05,2026-08-14,True,True,top_bottom_regions_v2,sse_composite_medium_bottom_20180706,prediction,multi_lobe,primary_match
limit_up_down_breadth_bottom::bottom::limit_up_down_breadth_v1_20120705_20260814::onset::sse_composite::missed_region::sse_composite_medium_bottom_20181019,limit_up_down_breadth_bottom,bottom,limit_up_down_breadth_v1_20120705_20260814,onset,sse_composite,上证指数,missed_region,False,,,sse_composite_medium_bottom_20181019,2018-10-19,2018-10-18,2018-10-19,single_lobe,1,,,False,False,,,,,,2012-07-05,2026-08-14,True,True,top_bottom_regions_v2,,,,
limit_up_down_breadth_bottom::bottom::limit_up_down_breadth_v1_20120705_20260814::onset::sse_composite::missed_region::sse_composite_medium_bottom_20190104,limit_up_down_breadth_bottom,bottom,limit_up_down_breadth_v1_20120705_20260814,onset,sse_composite,上证指数,missed_region,False,,,sse_composite_medium_bottom_20190104,2019-01-04,2018-12-25,2019-01-04,multi_lobe,2,,,False,False,,,,,,2012-07-05,2026-08-14,True,True,top_bottom_regions_v2,,,,
limit_up_down_breadth_bottom::bottom::limit_up_down_breadth_v1_20120705_20260814::onset::sse_composite::matched::limit_up_down_breadth_bottom::bottom::limit_up_down_breadth_v1_20120705_20260814::000009,limit_up_down_breadth_bottom,bottom,limit_up_down_breadth_v1_20120705_20260814,onset,sse_composite,上证指数,matched,True,limit_up_down_breadth_bottom::bottom::limit_up_down_breadth_v1_20120705_20260814::000009,2019-06-14,sse_composite_medium_bottom_20190606,2019-06-06,2019-05-10,2019-06-11,multi_lobe,4,,confirmation_window,False,False,confirmation,5,5,5,limit_up_down_breadth_bottom::bottom::limit_up_down_breadth_v1_20120705_20260814::000009,2012-07-05,2026-08-14,True,True,top_bottom_regions_v2,sse_composite_medium_bottom_20190606,confirmation,multi_lobe,primary_match
limit_up_down_breadth_bottom::bottom::limit_up_down_breadth_v1_20120705_20260814::onset::sse_composite::missed_region::sse_composite_medium_bottom_20190806,limit_up_down_breadth_bottom,bottom,limit_up_down_breadth_v1_20120705_20260814,onset,sse_composite,上证指数,missed_region,False,,,sse_composite_medium_bottom_20190806,2019-08-06,2019-08-06,2019-08-15,multi_lobe,3,,,False,False,,,,,,2012-07-05,2026-08-14,True,True,top_bottom_regions_v2,,,,
limit_up_down_breadth_bottom::bottom::limit_up_down_breadth_v1_20120705_20260814::onset::sse_composite::false_alarm::limit_up_down_breadth_bottom::bottom::limit_up_down_breadth_v1_20120705_20260814::000010,limit_up_down_breadth_bottom,bottom,limit_up_down_breadth_v1_20120705_20260814,onset,sse_composite,上证指数,false_alarm,False,limit_up_down_breadth_bottom::bottom::limit_up_down_breadth_v1_20120705_20260814::000010,2019-11-06,,,,,,,,,False,False,,,,,,2012-07-05,2026-08-14,,,,sse_composite_medium_bottom_20200204,prediction,single_lobe,nearest_region_for_slice_only
limit_up_down_breadth_bottom::bottom::limit_up_down_breadth_v1_20120705_20260814::onset::sse_composite::missed_region::sse_composite_medium_bottom_20200204,limit_up_down_breadth_bottom,bottom,limit_up_down_breadth_v1_20120705_20260814,onset,sse_composite,上证指数,missed_region,False,,,sse_composite_medium_bottom_20200204,2020-02-04,2020-02-03,2020-02-04,single_lobe,1,,,False,False,,,,,,2012-07-05,2026-08-14,True,True,top_bottom_regions_v2,,,,
limit_up_down_breadth_bottom::bottom::limit_up_down_breadth_v1_20120705_20260814::onset::sse_composite::missed_region::sse_composite_medium_bottom_20200319,limit_up_down_breadth_bottom,bottom,limit_up_down_breadth_v1_20120705_20260814,onset,sse_composite,上证指数,missed_region,False,,,sse_composite_medium_bottom_20200319,2020-03-19,2020-03-19,2020-03-24,multi_lobe,2,,,False,False,,,,,,2012-07-05,2026-08-14,True,True,top_bottom_regions_v2,,,,
limit_up_down_breadth_bottom::bottom::limit_up_down_breadth_v1_20120705_20260814::onset::sse_composite::missed_region::sse_composite_medium_bottom_20200727,limit_up_down_breadth_bottom,bottom,limit_up_down_breadth_v1_20120705_20260814,onset,sse_composite,上证指数,missed_region,False,,,sse_composite_medium_bottom_20200727,2020-07-27,2020-07-24,2020-07-29,single_lobe,1,,,False,False,,,,,,2012-07-05,2026-08-14,True,True,top_bottom_regions_v2,,,,
limit_up_down_breadth_bottom::bottom::limit_up_down_breadth_v1_20120705_20260814::onset::sse_composite::false_alarm::limit_up_down_breadth_bottom::bottom::limit_up_down_breadth_v1_20120705_20260814::000011,limit_up_down_breadth_bottom,bottom,limit_up_down_breadth_v1_20120705_20260814,onset,sse_composite,上证指数,false_alarm,False,limit_up_down_breadth_bottom::bottom::limit_up_down_breadth_v1_20120705_20260814::000011,2020-09-17,,,,,,,,,False,False,,,,,,2012-07-05,2026-08-14,,,,sse_composite_medium_bottom_20200727,confirmation,single_lobe,nearest_region_for_slice_only
limit_up_down_breadth_bottom::bottom::limit_up_down_breadth_v1_20120705_20260814::onset::sse_composite::false_alarm::limit_up_down_breadth_bottom::bottom::limit_up_down_breadth_v1_20120705_20260814::000012,limit_up_down_breadth_bottom,bottom,limit_up_down_breadth_v1_20120705_20260814,onset,sse_composite,上证指数,false_alarm,False,limit_up_down_breadth_bottom::bottom::limit_up_down_breadth_v1_20120705_20260814::000012,2020-10-29,,,,,,,,,False,False,,,,,,2012-07-05,2026-08-14,,,,sse_composite_medium_bottom_20200727,confirmation,single_lobe,nearest_region_for_slice_only
limit_up_down_breadth_bottom::bottom::limit_up_down_breadth_v1_20120705_20260814::onset::sse_composite::false_alarm::limit_up_down_breadth_bottom::bottom::limit_up_down_breadth_v1_20120705_20260814::000013,limit_up_down_breadth_bottom,bottom,limit_up_down_breadth_v1_20120705_20260814,onset,sse_composite,上证指数,false_alarm,False,limit_up_down_breadth_bottom::bottom::limit_up_down_breadth_v1_20120705_20260814::000013,2020-11-06,,,,,,,,,False,False,,,,,,2012-07-05,2026-08-14,,,,sse_composite_medium_bottom_20200727,confirmation,single_lobe,nearest_region_for_slice_only
limit_up_down_breadth_bottom::bottom::limit_up_down_breadth_v1_20120705_20260814::onset::sse_composite::missed_region::sse_composite_medium_bottom_20210309,limit_up_down_breadth_bottom,bottom,limit_up_down_breadth_v1_20120705_20260814,onset,sse_composite,上证指数,missed_region,False,,,sse_composite_medium_bottom_20210309,2021-03-09,2021-03-09,2021-03-26,multi_lobe,2,,,False,False,,,,,,2012-07-05,2026-08-14,True,True,top_bottom_regions_v2,,,,
limit_up_down_breadth_bottom::bottom::limit_up_down_breadth_v1_20120705_20260814::onset::sse_composite::missed_region::sse_composite_medium_bottom_20210728,limit_up_down_breadth_bottom,bottom,limit_up_down_breadth_v1_20120705_20260814,onset,sse_composite,上证指数,missed_region,False,,,sse_composite_medium_bottom_20210728,2021-07-28,2021-07-28,2021-07-28,single_lobe,1,,,False,False,,,,,,2012-07-05,2026-08-14,True,True,top_bottom_regions_v2,,,,
limit_up_down_breadth_bottom::bottom::limit_up_down_breadth_v1_20120705_20260814::onset::sse_composite::false_alarm::limit_up_down_breadth_bottom::bottom::limit_up_down_breadth_v1_20120705_20260814::000014,limit_up_down_breadth_bottom,bottom,limit_up_down_breadth_v1_20120705_20260814,onset,sse_composite,上证指数,false_alarm,False,limit_up_down_breadth_bottom::bottom::limit_up_down_breadth_v1_20120705_20260814::000014,2022-01-28,,,,,,,,,False,False,,,,,,2012-07-05,2026-08-14,,,,sse_composite_medium_bottom_20220316,prediction,single_lobe,nearest_region_for_slice_only
limit_up_down_breadth_bottom::bottom::limit_up_down_breadth_v1_20120705_20260814::onset::sse_composite::missed_region::sse_composite_medium_bottom_20220316,limit_up_down_breadth_bottom,bottom,limit_up_down_breadth_v1_20120705_20260814,onset,sse_composite,上证指数,missed_region,False,,,sse_composite_medium_bottom_20220316,2022-03-16,2022-03-15,2022-03-16,single_lobe,1,,,False,False,,,,,,2012-07-05,2026-08-14,True,True,top_bottom_regions_v2,,,,
limit_up_down_breadth_bottom::bottom::limit_up_down_breadth_v1_20120705_20260814::onset::sse_composite::duplicate_alarm::limit_up_down_breadth_bottom::bottom::limit_up_down_breadth_v1_20120705_20260814::000015,limit_up_down_breadth_bottom,bottom,limit_up_down_breadth_v1_20120705_20260814,onset,sse_composite,上证指数,duplicate_alarm,False,limit_up_down_breadth_bottom::bottom::limit_up_down_breadth_v1_20120705_20260814::000015,2022-04-18,sse_composite_medium_bottom_20220427,2022-04-27,2022-04-26,2022-04-27,single_lobe,1,,prediction_window,False,False,prediction,-7,7,10,limit_up_down_breadth_bottom::bottom::limit_up_down_breadth_v1_20120705_20260814::000016,2012-07-05,2026-08-14,True,True,top_bottom_regions_v2,sse_composite_medium_bottom_20220427,prediction,single_lobe,duplicate_candidate
limit_up_down_breadth_bottom::bottom::limit_up_down_breadth_v1_20120705_20260814::onset::sse_composite::matched::limit_up_down_breadth_bottom::bottom::limit_up_down_breadth_v1_20120705_20260814::000016,limit_up_down_breadth_bottom,bottom,limit_up_down_breadth_v1_20120705_20260814,onset,sse_composite,上证指数,matched,True,limit_up_down_breadth_bottom::bottom::limit_up_down_breadth_v1_20120705_20260814::000016,2022-04-28,sse_composite_medium_bottom_20220427,2022-04-27,2022-04-26,2022-04-27,single_lobe,1,,confirmation_window,False,False,confirmation,1,1,5,limit_up_down_breadth_bottom::bottom::limit_up_down_breadth_v1_20120705_20260814::000016,2012-07-05,2026-08-14,True,True,top_bottom_regions_v2,sse_composite_medium_bottom_20220427,confirmation,single_lobe,primary_match
limit_up_down_breadth_bottom::bottom::limit_up_down_breadth_v1_20120705_20260814::onset::sse_composite::false_alarm::limit_up_down_breadth_bottom::bottom::limit_up_down_breadth_v1_20120705_20260814::000017,limit_up_down_breadth_bottom,bottom,limit_up_down_breadth_v1_20120705_20260814,onset,sse_composite,上证指数,false_alarm,False,limit_up_down_breadth_bottom::bottom::limit_up_down_breadth_v1_20120705_20260814::000017,2022-09-22,,,,,,,,,False,False,,,,,,2012-07-05,2026-08-14,,,,sse_composite_medium_bottom_20221031,prediction,single_lobe,nearest_region_for_slice_only
limit_up_down_breadth_bottom::bottom::limit_up_down_breadth_v1_20120705_20260814::onset::sse_composite::missed_region::sse_composite_medium_bottom_20221031,limit_up_down_breadth_bottom,bottom,limit_up_down_breadth_v1_20120705_20260814,onset,sse_composite,上证指数,missed_region,False,,,sse_composite_medium_bottom_20221031,2022-10-31,2022-10-28,2022-11-01,single_lobe,1,,,False,False,,,,,,2012-07-05,2026-08-14,True,True,top_bottom_regions_v2,,,,
limit_up_down_breadth_bottom::bottom::limit_up_down_breadth_v1_20120705_20260814::onset::sse_composite::false_alarm::limit_up_down_breadth_bottom::bottom::limit_up_down_breadth_v1_20120705_20260814::000018,limit_up_down_breadth_bottom,bottom,limit_up_down_breadth_v1_20120705_20260814,onset,sse_composite,上证指数,false_alarm,False,limit_up_down_breadth_bottom::bottom::limit_up_down_breadth_v1_20120705_20260814::000018,2023-03-13,,,,,,,,,False,False,,,,,,2012-07-05,2026-08-14,,,,sse_composite_medium_bottom_20221031,confirmation,single_lobe,nearest_region_for_slice_only
limit_up_down_breadth_bottom::bottom::limit_up_down_breadth_v1_20120705_20260814::onset::sse_composite::false_alarm::limit_up_down_breadth_bottom::bottom::limit_up_down_breadth_v1_20120705_20260814::000019,limit_up_down_breadth_bottom,bottom,limit_up_down_breadth_v1_20120705_20260814,onset,sse_composite,上证指数,false_alarm,False,limit_up_down_breadth_bottom::bottom::limit_up_down_breadth_v1_20120705_20260814::000019,2023-03-31,,,,,,,,,False,False,,,,,,2012-07-05,2026-08-14,,,,sse_composite_medium_bottom_20221031,confirmation,single_lobe,nearest_region_for_slice_only
limit_up_down_breadth_bottom::bottom::limit_up_down_breadth_v1_20120705_20260814::onset::sse_composite::false_alarm::limit_up_down_breadth_bottom::bottom::limit_up_down_breadth_v1_20120705_20260814::000020,limit_up_down_breadth_bottom,bottom,limit_up_down_breadth_v1_20120705_20260814,onset,sse_composite,上证指数,false_alarm,False,limit_up_down_breadth_bottom::bottom::limit_up_down_breadth_v1_20120705_20260814::000020,2023-05-09,,,,,,,,,False,False,,,,,,2012-07-05,2026-08-14,,,,sse_composite_medium_bottom_20221031,confirmation,single_lobe,nearest_region_for_slice_only
limit_up_down_breadth_bottom::bottom::limit_up_down_breadth_v1_20120705_20260814::onset::sse_composite::false_alarm::limit_up_down_breadth_bottom::bottom::limit_up_down_breadth_v1_20120705_20260814::000021,limit_up_down_breadth_bottom,bottom,limit_up_down_breadth_v1_20120705_20260814,onset,sse_composite,上证指数,false_alarm,False,limit_up_down_breadth_bottom::bottom::limit_up_down_breadth_v1_20120705_20260814::000021,2023-05-23,,,,,,,,,False,False,,,,,,2012-07-05,2026-08-14,,,,sse_composite_medium_bottom_20221031,confirmation,single_lobe,nearest_region_for_slice_only
limit_up_down_breadth_bottom::bottom::limit_up_down_breadth_v1_20120705_20260814::onset::sse_composite::missed_region::sse_composite_medium_bottom_20240205,limit_up_down_breadth_bottom,bottom,limit_up_down_breadth_v1_20120705_20260814,onset,sse_composite,上证指数,missed_region,False,,,sse_composite_medium_bottom_20240205,2024-02-05,2024-02-02,2024-02-06,single_lobe,1,,,False,False,,,,,,2012-07-05,2026-08-14,True,True,top_bottom_regions_v2,,,,
limit_up_down_breadth_bottom::bottom::limit_up_down_breadth_v1_20120705_20260814::onset::sse_composite::false_alarm::limit_up_down_breadth_bottom::bottom::limit_up_down_breadth_v1_20120705_20260814::000022,limit_up_down_breadth_bottom,bottom,limit_up_down_breadth_v1_20120705_20260814,onset,sse_composite,上证指数,false_alarm,False,limit_up_down_breadth_bottom::bottom::limit_up_down_breadth_v1_20120705_20260814::000022,2024-06-11,,,,,,,,,False,False,,,,,,2012-07-05,2026-08-14,,,,sse_composite_medium_bottom_20240918,prediction,single_lobe,nearest_region_for_slice_only
limit_up_down_breadth_bottom::bottom::limit_up_down_breadth_v1_20120705_20260814::onset::sse_composite::missed_region::sse_composite_medium_bottom_20240918,limit_up_down_breadth_bottom,bottom,limit_up_down_breadth_v1_20120705_20260814,onset,sse_composite,上证指数,missed_region,False,,,sse_composite_medium_bottom_20240918,2024-09-18,2024-09-09,2024-09-23,single_lobe,1,,,False,False,,,,,,2012-07-05,2026-08-14,True,True,top_bottom_regions_v2,,,,
limit_up_down_breadth_bottom::bottom::limit_up_down_breadth_v1_20120705_20260814::onset::sse_composite::missed_region::sse_composite_medium_bottom_20241018,limit_up_down_breadth_bottom,bottom,limit_up_down_breadth_v1_20120705_20260814,onset,sse_composite,上证指数,missed_region,False,,,sse_composite_medium_bottom_20241018,2024-10-18,2024-10-15,2024-10-18,single_lobe,1,,,False,False,,,,,,2012-07-05,2026-08-14,True,True,top_bottom_regions_v2,,,,
limit_up_down_breadth_bottom::bottom::limit_up_down_breadth_v1_20120705_20260814::onset::sse_composite::missed_region::sse_composite_medium_bottom_20241127,limit_up_down_breadth_bottom,bottom,limit_up_down_breadth_v1_20120705_20260814,onset,sse_composite,上证指数,missed_region,False,,,sse_composite_medium_bottom_20241127,2024-11-27,2024-11-22,2024-11-27,single_lobe,1,,,False,False,,,,,,2012-07-05,2026-08-14,True,True,top_bottom_regions_v2,,,,
limit_up_down_breadth_bottom::bottom::limit_up_down_breadth_v1_20120705_20260814::onset::sse_composite::missed_region::sse_composite_medium_bottom_20250113,limit_up_down_breadth_bottom,bottom,limit_up_down_breadth_v1_20120705_20260814,onset,sse_composite,上证指数,missed_region,False,,,sse_composite_medium_bottom_20250113,2025-01-13,2025-01-06,2025-01-14,multi_lobe,2,,,False,False,,,,,,2012-07-05,2026-08-14,True,True,top_bottom_regions_v2,,,,
limit_up_down_breadth_bottom::bottom::limit_up_down_breadth_v1_20120705_20260814::onset::sse_composite::missed_region::sse_composite_medium_bottom_20250407,limit_up_down_breadth_bottom,bottom,limit_up_down_breadth_v1_20120705_20260814,onset,sse_composite,上证指数,missed_region,False,,,sse_composite_medium_bottom_20250407,2025-04-07,2025-04-07,2025-04-09,single_lobe,1,,,False,False,,,,,,2012-07-05,2026-08-14,True,True,top_bottom_regions_v2,,,,
limit_up_down_breadth_bottom::bottom::limit_up_down_breadth_v1_20120705_20260814::onset::sse_composite::missed_region::sse_composite_medium_bottom_20260323,limit_up_down_breadth_bottom,bottom,limit_up_down_breadth_v1_20120705_20260814,onset,sse_composite,上证指数,missed_region,False,,,sse_composite_medium_bottom_20260323,2026-03-23,2026-03-23,2026-03-27,multi_lobe,2,,,False,False,,,,,,2012-07-05,2026-08-14,True,True,top_bottom_regions_v2,,,,
limit_up_down_breadth_bottom::bottom::limit_up_down_breadth_v1_20120705_20260814::onset::sse_composite::false_alarm::limit_up_down_breadth_bottom::bottom::limit_up_down_breadth_v1_20120705_20260814::000023,limit_up_down_breadth_bottom,bottom,limit_up_down_breadth_v1_20120705_20260814,onset,sse_composite,上证指数,false_alarm,False,limit_up_down_breadth_bottom::bottom::limit_up_down_breadth_v1_20120705_20260814::000023,2026-07-15,,,,,,,,,False,False,,,,,,2012-07-05,2026-08-14,,,,sse_composite_medium_bottom_20260323,confirmation,multi_lobe,nearest_region_for_slice_only
limit_up_down_breadth_top::top::limit_up_down_breadth_v1_20120705_20260814::onset::all_a::false_alarm::limit_up_down_breadth_top::top::limit_up_down_breadth_v1_20120705_20260814::000001,limit_up_down_breadth_top,top,limit_up_down_breadth_v1_20120705_20260814,onset,all_a,全A,false_alarm,False,limit_up_down_breadth_top::top::limit_up_down_breadth_v1_20120705_20260814::000001,2012-09-12,,,,,,,,,False,False,,,,,,2012-07-05,2026-08-14,,,,all_a_medium_top_20130218,prediction,multi_lobe,nearest_region_for_slice_only
limit_up_down_breadth_top::top::limit_up_down_breadth_v1_20120705_20260814::onset::all_a::false_alarm::limit_up_down_breadth_top::top::limit_up_down_breadth_v1_20120705_20260814::000002,limit_up_down_breadth_top,top,limit_up_down_breadth_v1_20120705_20260814,onset,all_a,全A,false_alarm,False,limit_up_down_breadth_top::top::limit_up_down_breadth_v1_20120705_20260814::000002,2012-12-17,,,,,,,,,False,False,,,,,,2012-07-05,2026-08-14,,,,all_a_medium_top_20130218,prediction,multi_lobe,nearest_region_for_slice_only
limit_up_down_breadth_top::top::limit_up_down_breadth_v1_20120705_20260814::onset::all_a::duplicate_alarm::limit_up_down_breadth_top::top::limit_up_down_breadth_v1_20120705_20260814::000003,limit_up_down_breadth_top,top,limit_up_down_breadth_v1_20120705_20260814,onset,all_a,全A,duplicate_alarm,False,limit_up_down_breadth_top::top::limit_up_down_breadth_v1_20120705_20260814::000003,2013-01-21,all_a_medium_top_20130218,2013-02-18,2013-02-04,2013-03-01,multi_lobe,2,,prediction_window,False,False,prediction,-15,15,20,limit_up_down_breadth_top::top::limit_up_down_breadth_v1_20120705_20260814::000004,2012-07-05,2026-08-14,True,True,top_bottom_regions_v2,all_a_medium_top_20130218,prediction,multi_lobe,duplicate_candidate
limit_up_down_breadth_top::top::limit_up_down_breadth_v1_20120705_20260814::onset::all_a::matched::limit_up_down_breadth_top::top::limit_up_down_breadth_v1_20120705_20260814::000004,limit_up_down_breadth_top,top,limit_up_down_breadth_v1_20120705_20260814,onset,all_a,全A,matched,True,limit_up_down_breadth_top::top::limit_up_down_breadth_v1_20120705_20260814::000004,2013-01-23,all_a_medium_top_20130218,2013-02-18,2013-02-04,2013-03-01,multi_lobe,2,,prediction_window,False,False,prediction,-13,13,20,limit_up_down_breadth_top::top::limit_up_down_breadth_v1_20120705_20260814::000004,2012-07-05,2026-08-14,True,True,top_bottom_regions_v2,all_a_medium_top_20130218,prediction,multi_lobe,primary_match
limit_up_down_breadth_top::top::limit_up_down_breadth_v1_20120705_20260814::onset::all_a::matched::limit_up_down_breadth_top::top::limit_up_down_breadth_v1_20120705_20260814::000005,limit_up_down_breadth_top,top,limit_up_down_breadth_v1_20120705_20260814,onset,all_a,全A,matched,True,limit_up_down_breadth_top::top::limit_up_down_breadth_v1_20120705_20260814::000005,2013-05-16,all_a_medium_top_20130529,2013-05-29,2013-05-20,2013-06-04,single_lobe,1,,prediction_window,False,False,prediction,-9,9,10,limit_up_down_breadth_top::top::limit_up_down_breadth_v1_20120705_20260814::000005,2012-07-05,2026-08-14,True,True,top_bottom_regions_v2,all_a_medium_top_20130529,prediction,single_lobe,primary_match
limit_up_down_breadth_top::top::limit_up_down_breadth_v1_20120705_20260814::onset::all_a::false_alarm::limit_up_down_breadth_top::top::limit_up_down_breadth_v1_20120705_20260814::000006,limit_up_down_breadth_top,top,limit_up_down_breadth_v1_20120705_20260814,onset,all_a,全A,false_alarm,False,limit_up_down_breadth_top::top::limit_up_down_breadth_v1_20120705_20260814::000006,2013-07-03,,,,,,,,,False,False,,,,,,2012-07-05,2026-08-14,,,,all_a_medium_top_20130529,confirmation,single_lobe,nearest_region_for_slice_only
limit_up_down_breadth_top::top::limit_up_down_breadth_v1_20120705_20260814::onset::all_a::false_alarm::limit_up_down_breadth_top::top::limit_up_down_breadth_v1_20120705_20260814::000007,limit_up_down_breadth_top,top,limit_up_down_breadth_v1_20120705_20260814,onset,all_a,全A,false_alarm,False,limit_up_down_breadth_top::top::limit_up_down_breadth_v1_20120705_20260814::000007,2013-07-17,,,,,,,,,False,False,,,,,,2012-07-05,2026-08-14,,,,all_a_medium_top_20130529,confirmation,single_lobe,nearest_region_for_slice_only
limit_up_down_breadth_top::top::limit_up_down_breadth_v1_20120705_20260814::onset::all_a::false_alarm::limit_up_down_breadth_top::top::limit_up_down_breadth_v1_20120705_20260814::000008,limit_up_down_breadth_top,top,limit_up_down_breadth_v1_20120705_20260814,onset,all_a,全A,false_alarm,False,limit_up_down_breadth_top::top::limit_up_down_breadth_v1_20120705_20260814::000008,2013-07-31,,,,,,,,,False,False,,,,,,2012-07-05,2026-08-14,,,,all_a_medium_top_20130529,confirmation,single_lobe,nearest_region_for_slice_only
limit_up_down_breadth_top::top::limit_up_down_breadth_v1_20120705_20260814::onset::all_a::duplicate_alarm::limit_up_down_breadth_top::top::limit_up_down_breadth_v1_20120705_20260814::000009,limit_up_down_breadth_top,top,limit_up_down_breadth_v1_20120705_20260814,onset,all_a,全A,duplicate_alarm,False,limit_up_down_breadth_top::top::limit_up_down_breadth_v1_20120705_20260814::000009,2013-09-16,all_a_medium_top_20131015,2013-10-15,2013-10-09,2013-10-23,multi_lobe,2,,prediction_window,False,False,prediction,-14,14,20,limit_up_down_breadth_top::top::limit_up_down_breadth_v1_20120705_20260814::000010,2012-07-05,2026-08-14,True,True,top_bottom_regions_v2,all_a_medium_top_20131015,prediction,multi_lobe,duplicate_candidate
limit_up_down_breadth_top::top::limit_up_down_breadth_v1_20120705_20260814::onset::all_a::matched::limit_up_down_breadth_top::top::limit_up_down_breadth_v1_20120705_20260814::000010,limit_up_down_breadth_top,top,limit_up_down_breadth_v1_20120705_20260814,onset,all_a,全A,matched,True,limit_up_down_breadth_top::top::limit_up_down_breadth_v1_20120705_20260814::000010,2013-09-30,all_a_medium_top_20131015,2013-10-15,2013-10-09,2013-10-23,multi_lobe,2,,prediction_window,False,False,prediction,-6,6,10,limit_up_down_breadth_top::top::limit_up_down_breadth_v1_20120705_20260814::000010,2012-07-05,2026-08-14,True,True,top_bottom_regions_v2,all_a_medium_top_20131015,prediction,multi_lobe,primary_match
limit_up_down_breadth_top::top::limit_up_down_breadth_v1_20120705_20260814::onset::all_a::matched::limit_up_down_breadth_top::top::limit_up_down_breadth_v1_20120705_20260814::000011,limit_up_down_breadth_top,top,limit_up_down_breadth_v1_20120705_20260814,onset,all_a,全A,matched,True,limit_up_down_breadth_top::top::limit_up_down_breadth_v1_20120705_20260814::000011,2014-02-19,all_a_medium_top_20140220,2014-02-20,2014-02-12,2014-02-21,single_lobe,1,all_a_medium_top_20140220_lobe_01,core_lobe,True,True,prediction,-1,1,5,limit_up_down_breadth_top::top::limit_up_down_breadth_v1_20120705_20260814::000011,2012-07-05,2026-08-14,True,True,top_bottom_regions_v2,all_a_medium_top_20140220,prediction,single_lobe,primary_match
limit_up_down_breadth_top::top::limit_up_down_breadth_v1_20120705_20260814::onset::all_a::false_alarm::limit_up_down_breadth_top::top::limit_up_down_breadth_v1_20120705_20260814::000012,limit_up_down_breadth_top,top,limit_up_down_breadth_v1_20120705_20260814,onset,all_a,全A,false_alarm,False,limit_up_down_breadth_top::top::limit_up_down_breadth_v1_20120705_20260814::000012,2014-12-18,,,,,,,,,False,False,,,,,,2012-07-05,2026-08-14,,,,all_a_medium_top_20150528,prediction,single_lobe,nearest_region_for_slice_only
limit_up_down_breadth_top::top::limit_up_down_breadth_v1_20120705_20260814::onset::all_a::false_alarm::limit_up_down_breadth_top::top::limit_up_down_breadth_v1_20120705_20260814::000013,limit_up_down_breadth_top,top,limit_up_down_breadth_v1_20120705_20260814,onset,all_a,全A,false_alarm,False,limit_up_down_breadth_top::top::limit_up_down_breadth_v1_20120705_20260814::000013,2015-03-06,,,,,,,,,False,False,,,,,,2012-07-05,2026-08-14,,,,all_a_medium_top_20150528,prediction,single_lobe,nearest_region_for_slice_only
limit_up_down_breadth_top::top::limit_up_down_breadth_v1_20120705_20260814::onset::all_a::false_alarm::limit_up_down_breadth_top::top::limit_up_down_breadth_v1_20120705_20260814::000014,limit_up_down_breadth_top,top,limit_up_down_breadth_v1_20120705_20260814,onset,all_a,全A,false_alarm,False,limit_up_down_breadth_top::top::limit_up_down_breadth_v1_20120705_20260814::000014,2015-03-30,,,,,,,,,False,False,,,,,,2012-07-05,2026-08-14,,,,all_a_medium_top_20150528,prediction,single_lobe,nearest_region_for_slice_only
limit_up_down_breadth_top::top::limit_up_down_breadth_v1_20120705_20260814::onset::all_a::false_alarm::limit_up_down_breadth_top::top::limit_up_down_breadth_v1_20120705_20260814::000015,limit_up_down_breadth_top,top,limit_up_down_breadth_v1_20120705_20260814,onset,all_a,全A,false_alarm,False,limit_up_down_breadth_top::top::limit_up_down_breadth_v1_20120705_20260814::000015,2015-04-20,,,,,,,,,False,False,,,,,,2012-07-05,2026-08-14,,,,all_a_medium_top_20150528,prediction,single_lobe,nearest_region_for_slice_only
limit_up_down_breadth_top::top::limit_up_down_breadth_v1_20120705_20260814::onset::all_a::missed_region::all_a_medium_top_20150528,limit_up_down_breadth_top,top,limit_up_down_breadth_v1_20120705_20260814,onset,all_a,全A,missed_region,False,,,all_a_medium_top_20150528,2015-05-28,2015-05-26,2015-05-28,single_lobe,1,,,False,False,,,,,,2012-07-05,2026-08-14,True,True,top_bottom_regions_v2,,,,
limit_up_down_breadth_top::top::limit_up_down_breadth_v1_20120705_20260814::onset::all_a::matched::limit_up_down_breadth_top::top::limit_up_down_breadth_v1_20120705_20260814::000016,limit_up_down_breadth_top,top,limit_up_down_breadth_v1_20120705_20260814,onset,all_a,全A,matched,True,limit_up_down_breadth_top::top::limit_up_down_breadth_v1_20120705_20260814::000016,2015-06-09,all_a_medium_top_20150615,2015-06-15,2015-06-10,2015-06-15,single_lobe,1,,prediction_window,False,False,prediction,-4,4,5,limit_up_down_breadth_top::top::limit_up_down_breadth_v1_20120705_20260814::000016,2012-07-05,2026-08-14,True,True,top_bottom_regions_v2,all_a_medium_top_20150615,prediction,single_lobe,primary_match
limit_up_down_breadth_top::top::limit_up_down_breadth_v1_20120705_20260814::onset::all_a::missed_region::all_a_medium_top_20150625,limit_up_down_breadth_top,top,limit_up_down_breadth_v1_20120705_20260814,onset,all_a,全A,missed_region,False,,,all_a_medium_top_20150625,2015-06-25,2015-06-25,2015-06-25,single_lobe,1,,,False,False,,,,,,2012-07-05,2026-08-14,True,True,top_bottom_regions_v2,,,,
limit_up_down_breadth_top::top::limit_up_down_breadth_v1_20120705_20260814::onset::all_a::missed_region::all_a_medium_top_20150701,limit_up_down_breadth_top,top,limit_up_down_breadth_v1_20120705_20260814,onset,all_a,全A,missed_region,False,,,all_a_medium_top_20150701,2015-07-01,2015-07-01,2015-07-01,single_lobe,1,,,False,False,,,,,,2012-07-05,2026-08-14,True,True,top_bottom_regions_v2,,,,
limit_up_down_breadth_top::top::limit_up_down_breadth_v1_20120705_20260814::onset::all_a::missed_region::all_a_medium_top_20150714,limit_up_down_breadth_top,top,limit_up_down_breadth_v1_20120705_20260814,onset,all_a,全A,missed_region,False,,,all_a_medium_top_20150714,2015-07-14,2015-07-14,2015-07-14,single_lobe,1,,,False,False,,,,,,2012-07-05,2026-08-14,True,True,top_bottom_regions_v2,,,,
limit_up_down_breadth_top::top::limit_up_down_breadth_v1_20120705_20260814::onset::all_a::matched::limit_up_down_breadth_top::top::limit_up_down_breadth_v1_20120705_20260814::000017,limit_up_down_breadth_top,top,limit_up_down_breadth_v1_20120705_20260814,onset,all_a,全A,matched,True,limit_up_down_breadth_top::top::limit_up_down_breadth_v1_20120705_20260814::000017,2015-07-24,all_a_medium_top_20150724,2015-07-24,2015-07-23,2015-07-24,single_lobe,1,all_a_medium_top_20150724_lobe_01,core_lobe,True,True,prediction,0,0,5,limit_up_down_breadth_top::top::limit_up_down_breadth_v1_20120705_20260814::000017,2012-07-05,2026-08-14,True,True,top_bottom_regions_v2,all_a_medium_top_20150724,prediction,single_lobe,primary_match
limit_up_down_breadth_top::top::limit_up_down_breadth_v1_20120705_20260814::onset::all_a::matched::limit_up_down_breadth_top::top::limit_up_down_breadth_v1_20120705_20260814::000018,limit_up_down_breadth_top,top,limit_up_down_breadth_v1_20120705_20260814,onset,all_a,全A,matched,True,limit_up_down_breadth_top::top::limit_up_down_breadth_v1_20120705_20260814::000018,2015-08-11,all_a_medium_top_20150818,2015-08-18,2015-08-11,2015-08-18,multi_lobe,2,all_a_medium_top_20150818_lobe_01,core_lobe,True,True,prediction,-5,5,5,limit_up_down_breadth_top::top::limit_up_down_breadth_v1_20120705_20260814::000018,2012-07-05,2026-08-14,True,True,top_bottom_regions_v2,all_a_medium_top_20150818,prediction,multi_lobe,primary_match
limit_up_down_breadth_top::top::limit_up_down_breadth_v1_20120705_20260814::onset::all_a::missed_region::all_a_medium_top_20150828,limit_up_down_breadth_top,top,limit_up_down_breadth_v1_20120705_20260814,onset,all_a,全A,missed_region,False,,,all_a_medium_top_20150828,2015-08-28,2015-08-28,2015-08-31,single_lobe,1,,,False,False,,,,,,2012-07-05,2026-08-14,True,True,top_bottom_regions_v2,,,,
limit_up_down_breadth_top::top::limit_up_down_breadth_v1_20120705_20260814::onset::all_a::missed_region::all_a_medium_top_20151126,limit_up_down_breadth_top,top,limit_up_down_breadth_v1_20120705_20260814,onset,all_a,全A,missed_region,False,,,all_a_medium_top_20151126,2015-11-26,2015-11-17,2015-11-27,multi_lobe,3,,,False,False,,,,,,2012-07-05,2026-08-14,True,True,top_bottom_regions_v2,,,,
limit_up_down_breadth_top::top::limit_up_down_breadth_v1_20120705_20260814::onset::all_a::missed_region::all_a_medium_top_20151223,limit_up_down_breadth_top,top,limit_up_down_breadth_v1_20120705_20260814,onset,all_a,全A,missed_region,False,,,all_a_medium_top_20151223,2015-12-23,2015-12-21,2015-12-31,multi_lobe,2,,,False,False,,,,,,2012-07-05,2026-08-14,True,True,top_bottom_regions_v2,,,,
limit_up_down_breadth_top::top::limit_up_down_breadth_v1_20120705_20260814::onset::all_a::missed_region::all_a_medium_top_20160223,limit_up_down_breadth_top,top,limit_up_down_breadth_v1_20120705_20260814,onset,all_a,全A,missed_region,False,,,all_a_medium_top_20160223,2016-02-23,2016-02-18,2016-02-25,single_lobe,1,,,False,False,,,,,,2012-07-05,2026-08-14,True,True,top_bottom_regions_v2,,,,
limit_up_down_breadth_top::top::limit_up_down_breadth_v1_20120705_20260814::onset::all_a::missed_region::all_a_medium_top_20160413,limit_up_down_breadth_top,top,limit_up_down_breadth_v1_20120705_20260814,onset,all_a,全A,missed_region,False,,,all_a_medium_top_20160413,2016-04-13,2016-04-05,2016-04-20,multi_lobe,2,,,False,False,,,,,,2012-07-05,2026-08-14,True,True,top_bottom_regions_v2,,,,
limit_up_down_breadth_top::top::limit_up_down_breadth_v1_20120705_20260814::onset::all_a::missed_region::all_a_medium_top_20161129,limit_up_down_breadth_top,top,limit_up_down_breadth_v1_20120705_20260814,onset,all_a,全A,missed_region,False,,,all_a_medium_top_20161129,2016-11-29,2016-11-14,2016-12-02,single_lobe,1,,,False,False,,,,,,2012-07-05,2026-08-14,True,True,top_bottom_regions_v2,,,,
limit_up_down_breadth_top::top::limit_up_down_breadth_v1_20120705_20260814::onset::all_a::missed_region::all_a_medium_top_20171113,limit_up_down_breadth_top,top,limit_up_down_breadth_v1_20120705_20260814,onset,all_a,全A,missed_region,False,,,all_a_medium_top_20171113,2017-11-13,2017-10-16,2017-11-23,multi_lobe,4,,,False,False,,,,,,2012-07-05,2026-08-14,True,True,top_bottom_regions_v2,,,,
limit_up_down_breadth_top::top::limit_up_down_breadth_v1_20120705_20260814::onset::all_a::matched::limit_up_down_breadth_top::top::limit_up_down_breadth_v1_20120705_20260814::000019,limit_up_down_breadth_top,top,limit_up_down_breadth_v1_20120705_20260814,onset,all_a,全A,matched,True,limit_up_down_breadth_top::top::limit_up_down_breadth_v1_20120705_20260814::000019,2018-04-03,all_a_medium_top_20180312,2018-03-12,2018-03-07,2018-03-22,multi_lobe,2,,confirmation_window,False,False,confirmation,16,16,20,limit_up_down_breadth_top::top::limit_up_down_breadth_v1_20120705_20260814::000019,2012-07-05,2026-08-14,True,True,top_bottom_regions_v2,all_a_medium_top_20180312,confirmation,multi_lobe,primary_match
limit_up_down_breadth_top::top::limit_up_down_breadth_v1_20120705_20260814::onset::all_a::false_alarm::limit_up_down_breadth_top::top::limit_up_down_breadth_v1_20120705_20260814::000020,limit_up_down_breadth_top,top,limit_up_down_breadth_v1_20120705_20260814,onset,all_a,全A,false_alarm,False,limit_up_down_breadth_top::top::limit_up_down_breadth_v1_20120705_20260814::000020,2018-04-16,,,,,,,,,False,False,,,,,,2012-07-05,2026-08-14,,,,all_a_medium_top_20180312,confirmation,multi_lobe,nearest_region_for_slice_only
limit_up_down_breadth_top::top::limit_up_down_breadth_v1_20120705_20260814::onset::all_a::false_alarm::limit_up_down_breadth_top::top::limit_up_down_breadth_v1_20120705_20260814::000021,limit_up_down_breadth_top,top,limit_up_down_breadth_v1_20120705_20260814,onset,all_a,全A,false_alarm,False,limit_up_down_breadth_top::top::limit_up_down_breadth_v1_20120705_20260814::000021,2018-05-03,,,,,,,,,False,False,,,,,,2012-07-05,2026-08-14,,,,all_a_medium_top_20180312,confirmation,multi_lobe,nearest_region_for_slice_only
limit_up_down_breadth_top::top::limit_up_down_breadth_v1_20120705_20260814::onset::all_a::false_alarm::limit_up_down_breadth_top::top::limit_up_down_breadth_v1_20120705_20260814::000022,limit_up_down_breadth_top,top,limit_up_down_breadth_v1_20120705_20260814,onset,all_a,全A,false_alarm,False,limit_up_down_breadth_top::top::limit_up_down_breadth_v1_20120705_20260814::000022,2018-05-15,,,,,,,,,False,False,,,,,,2012-07-05,2026-08-14,,,,all_a_medium_top_20180312,confirmation,multi_lobe,nearest_region_for_slice_only
limit_up_down_breadth_top::top::limit_up_down_breadth_v1_20120705_20260814::onset::all_a::duplicate_alarm::limit_up_down_breadth_top::top::limit_up_down_breadth_v1_20120705_20260814::000023,limit_up_down_breadth_top,top,limit_up_down_breadth_v1_20120705_20260814,onset,all_a,全A,duplicate_alarm,False,limit_up_down_breadth_top::top::limit_up_down_breadth_v1_20120705_20260814::000023,2018-11-09,all_a_medium_top_20181119,2018-11-19,2018-11-13,2018-12-05,multi_lobe,2,,prediction_window,False,False,prediction,-6,6,10,limit_up_down_breadth_top::top::limit_up_down_breadth_v1_20120705_20260814::000024,2012-07-05,2026-08-14,True,True,top_bottom_regions_v2,all_a_medium_top_20181119,prediction,multi_lobe,duplicate_candidate
limit_up_down_breadth_top::top::limit_up_down_breadth_v1_20120705_20260814::onset::all_a::matched::limit_up_down_breadth_top::top::limit_up_down_breadth_v1_20120705_20260814::000024,limit_up_down_breadth_top,top,limit_up_down_breadth_v1_20120705_20260814,onset,all_a,全A,matched,True,limit_up_down_breadth_top::top::limit_up_down_breadth_v1_20120705_20260814::000024,2018-11-21,all_a_medium_top_20181119,2018-11-19,2018-11-13,2018-12-05,multi_lobe,2,all_a_medium_top_20181119_lobe_01,core_lobe,True,True,confirmation,2,2,5,limit_up_down_breadth_top::top::limit_up_down_breadth_v1_20120705_20260814::000024,2012-07-05,2026-08-14,True,True,top_bottom_regions_v2,all_a_medium_top_20181119,confirmation,multi_lobe,primary_match
limit_up_down_breadth_top::top::limit_up_down_breadth_v1_20120705_20260814::onset::all_a::false_alarm::limit_up_down_breadth_top::top::limit_up_down_breadth_v1_20120705_20260814::000025,limit_up_down_breadth_top,top,limit_up_down_breadth_v1_20120705_20260814,onset,all_a,全A,false_alarm,False,limit_up_down_breadth_top::top::limit_up_down_breadth_v1_20120705_20260814::000025,2019-01-11,,,,,,,,,False,False,,,,,,2012-07-05,2026-08-14,,,,all_a_medium_top_20181119,confirmation,multi_lobe,nearest_region_for_slice_only
limit_up_down_breadth_top::top::limit_up_down_breadth_v1_20120705_20260814::onset::all_a::false_alarm::limit_up_down_breadth_top::top::limit_up_down_breadth_v1_20120705_20260814::000026,limit_up_down_breadth_top,top,limit_up_down_breadth_v1_20120705_20260814,onset,all_a,全A,false_alarm,False,limit_up_down_breadth_top::top::limit_up_down_breadth_v1_20120705_20260814::000026,2019-03-01,,,,,,,,,False,False,,,,,,2012-07-05,2026-08-14,,,,all_a_medium_top_20190408,prediction,multi_lobe,nearest_region_for_slice_only
limit_up_down_breadth_top::top::limit_up_down_breadth_v1_20120705_20260814::onset::all_a::duplicate_alarm::limit_up_down_breadth_top::top::limit_up_down_breadth_v1_20120705_20260814::000027,limit_up_down_breadth_top,top,limit_up_down_breadth_v1_20120705_20260814,onset,all_a,全A,duplicate_alarm,False,limit_up_down_breadth_top::top::limit_up_down_breadth_v1_20120705_20260814::000027,2019-03-29,all_a_medium_top_20190408,2019-04-08,2019-04-03,2019-04-23,multi_lobe,2,,prediction_window,False,False,prediction,-5,5,5,limit_up_down_breadth_top::top::limit_up_down_breadth_v1_20120705_20260814::000028,2012-07-05,2026-08-14,True,True,top_bottom_regions_v2,all_a_medium_top_20190408,prediction,multi_lobe,duplicate_candidate
limit_up_down_breadth_top::top::limit_up_down_breadth_v1_20120705_20260814::onset::all_a::matched::limit_up_down_breadth_top::top::limit_up_down_breadth_v1_20120705_20260814::000028,limit_up_down_breadth_top,top,limit_up_down_breadth_v1_20120705_20260814,onset,all_a,全A,matched,True,limit_up_down_breadth_top::top::limit_up_down_breadth_v1_20120705_20260814::000028,2019-04-09,all_a_medium_top_20190408,2019-04-08,2019-04-03,2019-04-23,multi_lobe,2,all_a_medium_top_20190408_lobe_01,core_lobe,True,True,confirmation,1,1,5,limit_up_down_breadth_top::top::limit_up_down_breadth_v1_20120705_20260814::000028,2012-07-05,2026-08-14,True,True,top_bottom_regions_v2,all_a_medium_top_20190408,confirmation,multi_lobe,primary_match
limit_up_down_breadth_top::top::limit_up_down_breadth_v1_20120705_20260814::onset::all_a::duplicate_alarm::limit_up_down_breadth_top::top::limit_up_down_breadth_v1_20120705_20260814::000029,limit_up_down_breadth_top,top,limit_up_down_breadth_v1_20120705_20260814,onset,all_a,全A,duplicate_alarm,False,limit_up_down_breadth_top::top::limit_up_down_breadth_v1_20120705_20260814::000029,2019-04-24,all_a_medium_top_20190408,2019-04-08,2019-04-03,2019-04-23,multi_lobe,2,,confirmation_window,False,False,confirmation,12,12,20,limit_up_down_breadth_top::top::limit_up_down_breadth_v1_20120705_20260814::000028,2012-07-05,2026-08-14,True,True,top_bottom_regions_v2,all_a_medium_top_20190408,confirmation,multi_lobe,duplicate_candidate
limit_up_down_breadth_top::top::limit_up_down_breadth_v1_20120705_20260814::onset::all_a::missed_region::all_a_medium_top_20190702,limit_up_down_breadth_top,top,limit_up_down_breadth_v1_20120705_20260814,onset,all_a,全A,missed_region,False,,,all_a_medium_top_20190702,2019-07-02,2019-06-21,2019-07-08,multi_lobe,3,,,False,False,,,,,,2012-07-05,2026-08-14,True,True,top_bottom_regions_v2,,,,
limit_up_down_breadth_top::top::limit_up_down_breadth_v1_20120705_20260814::onset::all_a::missed_region::all_a_medium_top_20200114,limit_up_down_breadth_top,top,limit_up_down_breadth_v1_20120705_20260814,onset,all_a,全A,missed_region,False,,,all_a_medium_top_20200114,2020-01-14,2020-01-06,2020-01-20,single_lobe,1,,,False,False,,,,,,2012-07-05,2026-08-14,True,True,top_bottom_regions_v2,,,,
limit_up_down_breadth_top::top::limit_up_down_breadth_v1_20120705_20260814::onset::all_a::missed_region::all_a_medium_top_20200305,limit_up_down_breadth_top,top,limit_up_down_breadth_v1_20120705_20260814,onset,all_a,全A,missed_region,False,,,all_a_medium_top_20200305,2020-03-05,2020-02-21,2020-03-06,multi_lobe,3,,,False,False,,,,,,2012-07-05,2026-08-14,True,True,top_bottom_regions_v2,,,,
limit_up_down_breadth_top::top::limit_up_down_breadth_v1_20120705_20260814::onset::all_a::false_alarm::limit_up_down_breadth_top::top::limit_up_down_breadth_v1_20120705_20260814::000030,limit_up_down_breadth_top,top,limit_up_down_breadth_v1_20120705_20260814,onset,all_a,全A,false_alarm,False,limit_up_down_breadth_top::top::limit_up_down_breadth_v1_20120705_20260814::000030,2020-04-14,,,,,,,,,False,False,,,,,,2012-07-05,2026-08-14,,,,all_a_medium_top_20200305,confirmation,multi_lobe,nearest_region_for_slice_only
limit_up_down_breadth_top::top::limit_up_down_breadth_v1_20120705_20260814::onset::all_a::false_alarm::limit_up_down_breadth_top::top::limit_up_down_breadth_v1_20120705_20260814::000031,limit_up_down_breadth_top,top,limit_up_down_breadth_v1_20120705_20260814,onset,all_a,全A,false_alarm,False,limit_up_down_breadth_top::top::limit_up_down_breadth_v1_20120705_20260814::000031,2020-07-14,,,,,,,,,False,False,,,,,,2012-07-05,2026-08-14,,,,all_a_medium_top_20200305,confirmation,multi_lobe,nearest_region_for_slice_only
limit_up_down_breadth_top::top::limit_up_down_breadth_v1_20120705_20260814::onset::all_a::false_alarm::limit_up_down_breadth_top::top::limit_up_down_breadth_v1_20120705_20260814::000032,limit_up_down_breadth_top,top,limit_up_down_breadth_v1_20120705_20260814,onset,all_a,全A,false_alarm,False,limit_up_down_breadth_top::top::limit_up_down_breadth_v1_20120705_20260814::000032,2020-08-10,,,,,,,,,False,False,,,,,,2012-07-05,2026-08-14,,,,all_a_medium_top_20200305,confirmation,multi_lobe,nearest_region_for_slice_only
limit_up_down_breadth_top::top::limit_up_down_breadth_v1_20120705_20260814::onset::all_a::missed_region::all_a_medium_top_20210218,limit_up_down_breadth_top,top,limit_up_down_breadth_v1_20120705_20260814,onset,all_a,全A,missed_region,False,,,all_a_medium_top_20210218,2021-02-18,2021-02-10,2021-02-22,single_lobe,1,,,False,False,,,,,,2012-07-05,2026-08-14,True,True,top_bottom_regions_v2,,,,
limit_up_down_breadth_top::top::limit_up_down_breadth_v1_20120705_20260814::onset::all_a::false_alarm::limit_up_down_breadth_top::top::limit_up_down_breadth_v1_20120705_20260814::000033,limit_up_down_breadth_top,top,limit_up_down_breadth_v1_20120705_20260814,onset,all_a,全A,false_alarm,False,limit_up_down_breadth_top::top::limit_up_down_breadth_v1_20120705_20260814::000033,2021-08-30,,,,,,,,,False,False,,,,,,2012-07-05,2026-08-14,,,,all_a_medium_top_20211213,prediction,multi_lobe,nearest_region_for_slice_only
limit_up_down_breadth_top::top::limit_up_down_breadth_v1_20120705_20260814::onset::all_a::false_alarm::limit_up_down_breadth_top::top::limit_up_down_breadth_v1_20120705_20260814::000034,limit_up_down_breadth_top,top,limit_up_down_breadth_v1_20120705_20260814,onset,all_a,全A,false_alarm,False,limit_up_down_breadth_top::top::limit_up_down_breadth_v1_20120705_20260814::000034,2021-11-11,,,,,,,,,False,False,,,,,,2012-07-05,2026-08-14,,,,all_a_medium_top_20211213,prediction,multi_lobe,nearest_region_for_slice_only
limit_up_down_breadth_top::top::limit_up_down_breadth_v1_20120705_20260814::onset::all_a::duplicate_alarm::limit_up_down_breadth_top::top::limit_up_down_breadth_v1_20120705_20260814::000035,limit_up_down_breadth_top,top,limit_up_down_breadth_v1_20120705_20260814,onset,all_a,全A,duplicate_alarm,False,limit_up_down_breadth_top::top::limit_up_down_breadth_v1_20120705_20260814::000035,2021-11-19,all_a_medium_top_20211213,2021-12-13,2021-12-06,2022-01-04,multi_lobe,4,,prediction_window,False,False,prediction,-16,16,20,limit_up_down_breadth_top::top::limit_up_down_breadth_v1_20120705_20260814::000036,2012-07-05,2026-08-14,True,True,top_bottom_regions_v2,all_a_medium_top_20211213,prediction,multi_lobe,duplicate_candidate
limit_up_down_breadth_top::top::limit_up_down_breadth_v1_20120705_20260814::onset::all_a::matched::limit_up_down_breadth_top::top::limit_up_down_breadth_v1_20120705_20260814::000036,limit_up_down_breadth_top,top,limit_up_down_breadth_v1_20120705_20260814,onset,all_a,全A,matched,True,limit_up_down_breadth_top::top::limit_up_down_breadth_v1_20120705_20260814::000036,2021-11-24,all_a_medium_top_20211213,2021-12-13,2021-12-06,2022-01-04,multi_lobe,4,,prediction_window,False,False,prediction,-13,13,20,limit_up_down_breadth_top::top::limit_up_down_breadth_v1_20120705_20260814::000036,2012-07-05,2026-08-14,True,True,top_bottom_regions_v2,all_a_medium_top_20211213,prediction,multi_lobe,primary_match
limit_up_down_breadth_top::top::limit_up_down_breadth_v1_20120705_20260814::onset::all_a::false_alarm::limit_up_down_breadth_top::top::limit_up_down_breadth_v1_20120705_20260814::000037,limit_up_down_breadth_top,top,limit_up_down_breadth_v1_20120705_20260814,onset,all_a,全A,false_alarm,False,limit_up_down_breadth_top::top::limit_up_down_breadth_v1_20120705_20260814::000037,2022-02-16,,,,,,,,,False,False,,,,,,2012-07-05,2026-08-14,,,,all_a_medium_top_20211213,confirmation,multi_lobe,nearest_region_for_slice_only
limit_up_down_breadth_top::top::limit_up_down_breadth_v1_20120705_20260814::onset::all_a::false_alarm::limit_up_down_breadth_top::top::limit_up_down_breadth_v1_20120705_20260814::000038,limit_up_down_breadth_top,top,limit_up_down_breadth_v1_20120705_20260814,onset,all_a,全A,false_alarm,False,limit_up_down_breadth_top::top::limit_up_down_breadth_v1_20120705_20260814::000038,2022-05-12,,,,,,,,,False,False,,,,,,2012-07-05,2026-08-14,,,,all_a_medium_top_20220705,prediction,single_lobe,nearest_region_for_slice_only
limit_up_down_breadth_top::top::limit_up_down_breadth_v1_20120705_20260814::onset::all_a::false_alarm::limit_up_down_breadth_top::top::limit_up_down_breadth_v1_20120705_20260814::000039,limit_up_down_breadth_top,top,limit_up_down_breadth_v1_20120705_20260814,onset,all_a,全A,false_alarm,False,limit_up_down_breadth_top::top::limit_up_down_breadth_v1_20120705_20260814::000039,2022-05-16,,,,,,,,,False,False,,,,,,2012-07-05,2026-08-14,,,,all_a_medium_top_20220705,prediction,single_lobe,nearest_region_for_slice_only
limit_up_down_breadth_top::top::limit_up_down_breadth_v1_20120705_20260814::onset::all_a::missed_region::all_a_medium_top_20220705,limit_up_down_breadth_top,top,limit_up_down_breadth_v1_20120705_20260814,onset,all_a,全A,missed_region,False,,,all_a_medium_top_20220705,2022-07-05,2022-06-27,2022-07-08,single_lobe,1,,,False,False,,,,,,2012-07-05,2026-08-14,True,True,top_bottom_regions_v2,,,,
limit_up_down_breadth_top::top::limit_up_down_breadth_v1_20120705_20260814::onset::all_a::missed_region::all_a_medium_top_20230216,limit_up_down_breadth_top,top,limit_up_down_breadth_v1_20120705_20260814,onset,all_a,全A,missed_region,False,,,all_a_medium_top_20230216,2023-02-16,2023-01-30,2023-03-07,multi_lobe,2,,,False,False,,,,,,2012-07-05,2026-08-14,True,True,top_bottom_regions_v2,,,,
limit_up_down_breadth_top::top::limit_up_down_breadth_v1_20120705_20260814::onset::all_a::false_alarm::limit_up_down_breadth_top::top::limit_up_down_breadth_v1_20120705_20260814::000040,limit_up_down_breadth_top,top,limit_up_down_breadth_v1_20120705_20260814,onset,all_a,全A,false_alarm,False,limit_up_down_breadth_top::top::limit_up_down_breadth_v1_20120705_20260814::000040,2024-03-05,,,,,,,,,False,False,,,,,,2012-07-05,2026-08-14,,,,all_a_medium_top_20240520,prediction,single_lobe,nearest_region_for_slice_only
limit_up_down_breadth_top::top::limit_up_down_breadth_v1_20120705_20260814::onset::all_a::false_alarm::limit_up_down_breadth_top::top::limit_up_down_breadth_v1_20120705_20260814::000041,limit_up_down_breadth_top,top,limit_up_down_breadth_v1_20120705_20260814,onset,all_a,全A,false_alarm,False,limit_up_down_breadth_top::top::limit_up_down_breadth_v1_20120705_20260814::000041,2024-03-14,,,,,,,,,False,False,,,,,,2012-07-05,2026-08-14,,,,all_a_medium_top_20240520,prediction,single_lobe,nearest_region_for_slice_only
limit_up_down_breadth_top::top::limit_up_down_breadth_v1_20120705_20260814::onset::all_a::false_alarm::limit_up_down_breadth_top::top::limit_up_down_breadth_v1_20120705_20260814::000042,limit_up_down_breadth_top,top,limit_up_down_breadth_v1_20120705_20260814,onset,all_a,全A,false_alarm,False,limit_up_down_breadth_top::top::limit_up_down_breadth_v1_20120705_20260814::000042,2024-03-26,,,,,,,,,False,False,,,,,,2012-07-05,2026-08-14,,,,all_a_medium_top_20240520,prediction,single_lobe,nearest_region_for_slice_only
limit_up_down_breadth_top::top::limit_up_down_breadth_v1_20120705_20260814::onset::all_a::matched::limit_up_down_breadth_top::top::limit_up_down_breadth_v1_20120705_20260814::000043,limit_up_down_breadth_top,top,limit_up_down_breadth_v1_20120705_20260814,onset,all_a,全A,matched,True,limit_up_down_breadth_top::top::limit_up_down_breadth_v1_20120705_20260814::000043,2024-05-09,all_a_medium_top_20240520,2024-05-20,2024-04-29,2024-05-24,single_lobe,1,all_a_medium_top_20240520_lobe_01,core_lobe,True,True,prediction,-7,7,10,limit_up_down_breadth_top::top::limit_up_down_breadth_v1_20120705_20260814::000043,2012-07-05,2026-08-14,True,True,top_bottom_regions_v2,all_a_medium_top_20240520,prediction,single_lobe,primary_match
limit_up_down_breadth_top::top::limit_up_down_breadth_v1_20120705_20260814::onset::all_a::matched::limit_up_down_breadth_top::top::limit_up_down_breadth_v1_20120705_20260814::000044,limit_up_down_breadth_top,top,limit_up_down_breadth_v1_20120705_20260814,onset,all_a,全A,matched,True,limit_up_down_breadth_top::top::limit_up_down_breadth_v1_20120705_20260814::000044,2024-10-15,all_a_medium_top_20241008,2024-10-08,2024-10-08,2024-10-08,single_lobe,1,,confirmation_window,False,False,confirmation,5,5,5,limit_up_down_breadth_top::top::limit_up_down_breadth_v1_20120705_20260814::000044,2012-07-05,2026-08-14,True,True,top_bottom_regions_v2,all_a_medium_top_20241008,confirmation,single_lobe,primary_match
limit_up_down_breadth_top::top::limit_up_down_breadth_v1_20120705_20260814::onset::all_a::duplicate_alarm::limit_up_down_breadth_top::top::limit_up_down_breadth_v1_20120705_20260814::000045,limit_up_down_breadth_top,top,limit_up_down_breadth_v1_20120705_20260814,onset,all_a,全A,duplicate_alarm,False,limit_up_down_breadth_top::top::limit_up_down_breadth_v1_20120705_20260814::000045,2024-11-04,all_a_medium_top_20241112,2024-11-12,2024-11-07,2024-11-14,single_lobe,1,,prediction_window,False,False,prediction,-6,6,10,limit_up_down_breadth_top::top::limit_up_down_breadth_v1_20120705_20260814::000046,2012-07-05,2026-08-14,True,True,top_bottom_regions_v2,all_a_medium_top_20241112,prediction,single_lobe,duplicate_candidate
limit_up_down_breadth_top::top::limit_up_down_breadth_v1_20120705_20260814::onset::all_a::matched::limit_up_down_breadth_top::top::limit_up_down_breadth_v1_20120705_20260814::000046,limit_up_down_breadth_top,top,limit_up_down_breadth_v1_20120705_20260814,onset,all_a,全A,matched,True,limit_up_down_breadth_top::top::limit_up_down_breadth_v1_20120705_20260814::000046,2024-11-12,all_a_medium_top_20241112,2024-11-12,2024-11-07,2024-11-14,single_lobe,1,all_a_medium_top_20241112_lobe_01,core_lobe,True,True,prediction,0,0,5,limit_up_down_breadth_top::top::limit_up_down_breadth_v1_20120705_20260814::000046,2012-07-05,2026-08-14,True,True,top_bottom_regions_v2,all_a_medium_top_20241112,prediction,single_lobe,primary_match
limit_up_down_breadth_top::top::limit_up_down_breadth_v1_20120705_20260814::onset::all_a::duplicate_alarm::limit_up_down_breadth_top::top::limit_up_down_breadth_v1_20120705_20260814::000047,limit_up_down_breadth_top,top,limit_up_down_breadth_v1_20120705_20260814,onset,all_a,全A,duplicate_alarm,False,limit_up_down_breadth_top::top::limit_up_down_breadth_v1_20120705_20260814::000047,2024-12-09,all_a_medium_top_20241112,2024-11-12,2024-11-07,2024-11-14,single_lobe,1,,confirmation_window,False,False,confirmation,19,19,20,limit_up_down_breadth_top::top::limit_up_down_breadth_v1_20120705_20260814::000046,2012-07-05,2026-08-14,True,True,top_bottom_regions_v2,all_a_medium_top_20241112,confirmation,single_lobe,duplicate_candidate
limit_up_down_breadth_top::top::limit_up_down_breadth_v1_20120705_20260814::onset::all_a::missed_region::all_a_medium_top_20250318,limit_up_down_breadth_top,top,limit_up_down_breadth_v1_20120705_20260814,onset,all_a,全A,missed_region,False,,,all_a_medium_top_20250318,2025-03-18,2025-02-21,2025-03-21,multi_lobe,2,,,False,False,,,,,,2012-07-05,2026-08-14,True,True,top_bottom_regions_v2,,,,
limit_up_down_breadth_top::top::limit_up_down_breadth_v1_20120705_20260814::onset::all_a::false_alarm::limit_up_down_breadth_top::top::limit_up_down_breadth_v1_20120705_20260814::000048,limit_up_down_breadth_top,top,limit_up_down_breadth_v1_20120705_20260814,onset,all_a,全A,false_alarm,False,limit_up_down_breadth_top::top::limit_up_down_breadth_v1_20120705_20260814::000048,2025-04-17,,,,,,,,,False,False,,,,,,2012-07-05,2026-08-14,,,,all_a_medium_top_20250318,confirmation,multi_lobe,nearest_region_for_slice_only
limit_up_down_breadth_top::top::limit_up_down_breadth_v1_20120705_20260814::onset::all_a::false_alarm::limit_up_down_breadth_top::top::limit_up_down_breadth_v1_20120705_20260814::000049,limit_up_down_breadth_top,top,limit_up_down_breadth_v1_20120705_20260814,onset,all_a,全A,false_alarm,False,limit_up_down_breadth_top::top::limit_up_down_breadth_v1_20120705_20260814::000049,2026-01-21,,,,,,,,,False,False,,,,,,2012-07-05,2026-08-14,,,,all_a_medium_top_20260227,prediction,multi_lobe,nearest_region_for_slice_only
limit_up_down_breadth_top::top::limit_up_down_breadth_v1_20120705_20260814::onset::all_a::missed_region::all_a_medium_top_20260227,limit_up_down_breadth_top,top,limit_up_down_breadth_v1_20120705_20260814,onset,all_a,全A,missed_region,False,,,all_a_medium_top_20260227,2026-02-27,2026-01-22,2026-03-11,multi_lobe,3,,,False,False,,,,,,2012-07-05,2026-08-14,True,True,top_bottom_regions_v2,,,,
limit_up_down_breadth_top::top::limit_up_down_breadth_v1_20120705_20260814::onset::all_a::matched::limit_up_down_breadth_top::top::limit_up_down_breadth_v1_20120705_20260814::000050,limit_up_down_breadth_top,top,limit_up_down_breadth_v1_20120705_20260814,onset,all_a,全A,matched,True,limit_up_down_breadth_top::top::limit_up_down_breadth_v1_20120705_20260814::000050,2026-06-04,all_a_medium_top_20260514,2026-05-14,2026-05-11,2026-05-21,multi_lobe,2,,confirmation_window,False,False,confirmation,15,15,20,limit_up_down_breadth_top::top::limit_up_down_breadth_v1_20120705_20260814::000050,2012-07-05,2026-08-14,True,True,top_bottom_regions_v2,all_a_medium_top_20260514,confirmation,multi_lobe,primary_match
limit_up_down_breadth_top::top::limit_up_down_breadth_v1_20120705_20260814::onset::all_a::false_alarm::limit_up_down_breadth_top::top::limit_up_down_breadth_v1_20120705_20260814::000051,limit_up_down_breadth_top,top,limit_up_down_breadth_v1_20120705_20260814,onset,all_a,全A,false_alarm,False,limit_up_down_breadth_top::top::limit_up_down_breadth_v1_20120705_20260814::000051,2026-06-24,,,,,,,,,False,False,,,,,,2012-07-05,2026-08-14,,,,all_a_medium_top_20260514,confirmation,multi_lobe,nearest_region_for_slice_only
limit_up_down_breadth_top::top::limit_up_down_breadth_v1_20120705_20260814::onset::all_a::false_alarm::limit_up_down_breadth_top::top::limit_up_down_breadth_v1_20120705_20260814::000052,limit_up_down_breadth_top,top,limit_up_down_breadth_v1_20120705_20260814,onset,all_a,全A,false_alarm,False,limit_up_down_breadth_top::top::limit_up_down_breadth_v1_20120705_20260814::000052,2026-08-12,,,,,,,,,False,False,,,,,,2012-07-05,2026-08-14,,,,all_a_medium_top_20260514,confirmation,multi_lobe,nearest_region_for_slice_only
limit_up_down_breadth_top::top::limit_up_down_breadth_v1_20120705_20260814::onset::cni2000::false_alarm::limit_up_down_breadth_top::top::limit_up_down_breadth_v1_20120705_20260814::000001,limit_up_down_breadth_top,top,limit_up_down_breadth_v1_20120705_20260814,onset,cni2000,国证2000,false_alarm,False,limit_up_down_breadth_top::top::limit_up_down_breadth_v1_20120705_20260814::000001,2012-09-12,,,,,,,,,False,False,,,,,,2012-07-05,2026-08-14,,,,cni2000_medium_top_20130531,prediction,single_lobe,nearest_region_for_slice_only
limit_up_down_breadth_top::top::limit_up_down_breadth_v1_20120705_20260814::onset::cni2000::false_alarm::limit_up_down_breadth_top::top::limit_up_down_breadth_v1_20120705_20260814::000002,limit_up_down_breadth_top,top,limit_up_down_breadth_v1_20120705_20260814,onset,cni2000,国证2000,false_alarm,False,limit_up_down_breadth_top::top::limit_up_down_breadth_v1_20120705_20260814::000002,2012-12-17,,,,,,,,,False,False,,,,,,2012-07-05,2026-08-14,,,,cni2000_medium_top_20130531,prediction,single_lobe,nearest_region_for_slice_only
limit_up_down_breadth_top::top::limit_up_down_breadth_v1_20120705_20260814::onset::cni2000::false_alarm::limit_up_down_breadth_top::top::limit_up_down_breadth_v1_20120705_20260814::000003,limit_up_down_breadth_top,top,limit_up_down_breadth_v1_20120705_20260814,onset,cni2000,国证2000,false_alarm,False,limit_up_down_breadth_top::top::limit_up_down_breadth_v1_20120705_20260814::000003,2013-01-21,,,,,,,,,False,False,,,,,,2012-07-05,2026-08-14,,,,cni2000_medium_top_20130531,prediction,single_lobe,nearest_region_for_slice_only
limit_up_down_breadth_top::top::limit_up_down_breadth_v1_20120705_20260814::onset::cni2000::false_alarm::limit_up_down_breadth_top::top::limit_up_down_breadth_v1_20120705_20260814::000004,limit_up_down_breadth_top,top,limit_up_down_breadth_v1_20120705_20260814,onset,cni2000,国证2000,false_alarm,False,limit_up_down_breadth_top::top::limit_up_down_breadth_v1_20120705_20260814::000004,2013-01-23,,,,,,,,,False,False,,,,,,2012-07-05,2026-08-14,,,,cni2000_medium_top_20130531,prediction,single_lobe,nearest_region_for_slice_only
limit_up_down_breadth_top::top::limit_up_down_breadth_v1_20120705_20260814::onset::cni2000::matched::limit_up_down_breadth_top::top::limit_up_down_breadth_v1_20120705_20260814::000005,limit_up_down_breadth_top,top,limit_up_down_breadth_v1_20120705_20260814,onset,cni2000,国证2000,matched,True,limit_up_down_breadth_top::top::limit_up_down_breadth_v1_20120705_20260814::000005,2013-05-16,cni2000_medium_top_20130531,2013-05-31,2013-05-27,2013-06-04,single_lobe,1,,prediction_window,False,False,prediction,-11,11,20,limit_up_down_breadth_top::top::limit_up_down_breadth_v1_20120705_20260814::000005,2012-07-05,2026-08-14,True,True,top_bottom_regions_v2,cni2000_medium_top_20130531,prediction,single_lobe,primary_match
limit_up_down_breadth_top::top::limit_up_down_breadth_v1_20120705_20260814::onset::cni2000::duplicate_alarm::limit_up_down_breadth_top::top::limit_up_down_breadth_v1_20120705_20260814::000006,limit_up_down_breadth_top,top,limit_up_down_breadth_v1_20120705_20260814,onset,cni2000,国证2000,duplicate_alarm,False,limit_up_down_breadth_top::top::limit_up_down_breadth_v1_20120705_20260814::000006,2013-07-03,cni2000_medium_top_20130531,2013-05-31,2013-05-27,2013-06-04,single_lobe,1,,confirmation_window,False,False,confirmation,20,20,20,limit_up_down_breadth_top::top::limit_up_down_breadth_v1_20120705_20260814::000005,2012-07-05,2026-08-14,True,True,top_bottom_regions_v2,cni2000_medium_top_20130531,confirmation,single_lobe,duplicate_candidate
limit_up_down_breadth_top::top::limit_up_down_breadth_v1_20120705_20260814::onset::cni2000::false_alarm::limit_up_down_breadth_top::top::limit_up_down_breadth_v1_20120705_20260814::000007,limit_up_down_breadth_top,top,limit_up_down_breadth_v1_20120705_20260814,onset,cni2000,国证2000,false_alarm,False,limit_up_down_breadth_top::top::limit_up_down_breadth_v1_20120705_20260814::000007,2013-07-17,,,,,,,,,False,False,,,,,,2012-07-05,2026-08-14,,,,cni2000_medium_top_20130531,confirmation,single_lobe,nearest_region_for_slice_only
limit_up_down_breadth_top::top::limit_up_down_breadth_v1_20120705_20260814::onset::cni2000::false_alarm::limit_up_down_breadth_top::top::limit_up_down_breadth_v1_20120705_20260814::000008,limit_up_down_breadth_top,top,limit_up_down_breadth_v1_20120705_20260814,onset,cni2000,国证2000,false_alarm,False,limit_up_down_breadth_top::top::limit_up_down_breadth_v1_20120705_20260814::000008,2013-07-31,,,,,,,,,False,False,,,,,,2012-07-05,2026-08-14,,,,cni2000_medium_top_20130531,confirmation,single_lobe,nearest_region_for_slice_only
limit_up_down_breadth_top::top::limit_up_down_breadth_v1_20120705_20260814::onset::cni2000::false_alarm::limit_up_down_breadth_top::top::limit_up_down_breadth_v1_20120705_20260814::000009,limit_up_down_breadth_top,top,limit_up_down_breadth_v1_20120705_20260814,onset,cni2000,国证2000,false_alarm,False,limit_up_down_breadth_top::top::limit_up_down_breadth_v1_20120705_20260814::000009,2013-09-16,,,,,,,,,False,False,,,,,,2012-07-05,2026-08-14,,,,cni2000_medium_top_20130531,confirmation,single_lobe,nearest_region_for_slice_only
limit_up_down_breadth_top::top::limit_up_down_breadth_v1_20120705_20260814::onset::cni2000::false_alarm::limit_up_down_breadth_top::top::limit_up_down_breadth_v1_20120705_20260814::000010,limit_up_down_breadth_top,top,limit_up_down_breadth_v1_20120705_20260814,onset,cni2000,国证2000,false_alarm,False,limit_up_down_breadth_top::top::limit_up_down_breadth_v1_20120705_20260814::000010,2013-09-30,,,,,,,,,False,False,,,,,,2012-07-05,2026-08-14,,,,cni2000_medium_top_20130531,confirmation,single_lobe,nearest_region_for_slice_only
limit_up_down_breadth_top::top::limit_up_down_breadth_v1_20120705_20260814::onset::cni2000::matched::limit_up_down_breadth_top::top::limit_up_down_breadth_v1_20120705_20260814::000011,limit_up_down_breadth_top,top,limit_up_down_breadth_v1_20120705_20260814,onset,cni2000,国证2000,matched,True,limit_up_down_breadth_top::top::limit_up_down_breadth_v1_20120705_20260814::000011,2014-02-19,cni2000_medium_top_20140219,2014-02-19,2014-02-17,2014-02-25,single_lobe,1,cni2000_medium_top_20140219_lobe_01,core_lobe,True,True,prediction,0,0,5,limit_up_down_breadth_top::top::limit_up_down_breadth_v1_20120705_20260814::000011,2012-07-05,2026-08-14,True,True,top_bottom_regions_v2,cni2000_medium_top_20140219,prediction,single_lobe,primary_match
limit_up_down_breadth_top::top::limit_up_down_breadth_v1_20120705_20260814::onset::cni2000::false_alarm::limit_up_down_breadth_top::top::limit_up_down_breadth_v1_20120705_20260814::000012,limit_up_down_breadth_top,top,limit_up_down_breadth_v1_20120705_20260814,onset,cni2000,国证2000,false_alarm,False,limit_up_down_breadth_top::top::limit_up_down_breadth_v1_20120705_20260814::000012,2014-12-18,,,,,,,,,False,False,,,,,,2012-07-05,2026-08-14,,,,cni2000_medium_top_20150615,prediction,single_lobe,nearest_region_for_slice_only
limit_up_down_breadth_top::top::limit_up_down_breadth_v1_20120705_20260814::onset::cni2000::false_alarm::limit_up_down_breadth_top::top::limit_up_down_breadth_v1_20120705_20260814::000013,limit_up_down_breadth_top,top,limit_up_down_breadth_v1_20120705_20260814,onset,cni2000,国证2000,false_alarm,False,limit_up_down_breadth_top::top::limit_up_down_breadth_v1_20120705_20260814::000013,2015-03-06,,,,,,,,,False,False,,,,,,2012-07-05,2026-08-14,,,,cni2000_medium_top_20150615,prediction,single_lobe,nearest_region_for_slice_only
limit_up_down_breadth_top::top::limit_up_down_breadth_v1_20120705_20260814::onset::cni2000::false_alarm::limit_up_down_breadth_top::top::limit_up_down_breadth_v1_20120705_20260814::000014,limit_up_down_breadth_top,top,limit_up_down_breadth_v1_20120705_20260814,onset,cni2000,国证2000,false_alarm,False,limit_up_down_breadth_top::top::limit_up_down_breadth_v1_20120705_20260814::000014,2015-03-30,,,,,,,,,False,False,,,,,,2012-07-05,2026-08-14,,,,cni2000_medium_top_20150615,prediction,single_lobe,nearest_region_for_slice_only
limit_up_down_breadth_top::top::limit_up_down_breadth_v1_20120705_20260814::onset::cni2000::false_alarm::limit_up_down_breadth_top::top::limit_up_down_breadth_v1_20120705_20260814::000015,limit_up_down_breadth_top,top,limit_up_down_breadth_v1_20120705_20260814,onset,cni2000,国证2000,false_alarm,False,limit_up_down_breadth_top::top::limit_up_down_breadth_v1_20120705_20260814::000015,2015-04-20,,,,,,,,,False,False,,,,,,2012-07-05,2026-08-14,,,,cni2000_medium_top_20150615,prediction,single_lobe,nearest_region_for_slice_only
limit_up_down_breadth_top::top::limit_up_down_breadth_v1_20120705_20260814::onset::cni2000::matched::limit_up_down_breadth_top::top::limit_up_down_breadth_v1_20120705_20260814::000016,limit_up_down_breadth_top,top,limit_up_down_breadth_v1_20120705_20260814,onset,cni2000,国证2000,matched,True,limit_up_down_breadth_top::top::limit_up_down_breadth_v1_20120705_20260814::000016,2015-06-09,cni2000_medium_top_20150615,2015-06-15,2015-06-12,2015-06-15,single_lobe,1,,prediction_window,False,False,prediction,-4,4,5,limit_up_down_breadth_top::top::limit_up_down_breadth_v1_20120705_20260814::000016,2012-07-05,2026-08-14,True,True,top_bottom_regions_v2,cni2000_medium_top_20150615,prediction,single_lobe,primary_match
limit_up_down_breadth_top::top::limit_up_down_breadth_v1_20120705_20260814::onset::cni2000::missed_region::cni2000_medium_top_20150701,limit_up_down_breadth_top,top,limit_up_down_breadth_v1_20120705_20260814,onset,cni2000,国证2000,missed_region,False,,,cni2000_medium_top_20150701,2015-07-01,2015-07-01,2015-07-01,single_lobe,1,,,False,False,,,,,,2012-07-05,2026-08-14,True,True,top_bottom_regions_v2,,,,
limit_up_down_breadth_top::top::limit_up_down_breadth_v1_20120705_20260814::onset::cni2000::matched::limit_up_down_breadth_top::top::limit_up_down_breadth_v1_20120705_20260814::000017,limit_up_down_breadth_top,top,limit_up_down_breadth_v1_20120705_20260814,onset,cni2000,国证2000,matched,True,limit_up_down_breadth_top::top::limit_up_down_breadth_v1_20120705_20260814::000017,2015-07-24,cni2000_medium_top_20150724,2015-07-24,2015-07-23,2015-07-27,single_lobe,1,cni2000_medium_top_20150724_lobe_01,core_lobe,True,True,prediction,0,0,5,limit_up_down_breadth_top::top::limit_up_down_breadth_v1_20120705_20260814::000017,2012-07-05,2026-08-14,True,True,top_bottom_regions_v2,cni2000_medium_top_20150724,prediction,single_lobe,primary_match
limit_up_down_breadth_top::top::limit_up_down_breadth_v1_20120705_20260814::onset::cni2000::matched::limit_up_down_breadth_top::top::limit_up_down_breadth_v1_20120705_20260814::000018,limit_up_down_breadth_top,top,limit_up_down_breadth_v1_20120705_20260814,onset,cni2000,国证2000,matched,True,limit_up_down_breadth_top::top::limit_up_down_breadth_v1_20120705_20260814::000018,2015-08-11,cni2000_medium_top_20150818,2015-08-18,2015-08-14,2015-08-18,single_lobe,1,,prediction_window,False,False,prediction,-5,5,5,limit_up_down_breadth_top::top::limit_up_down_breadth_v1_20120705_20260814::000018,2012-07-05,2026-08-14,True,True,top_bottom_regions_v2,cni2000_medium_top_20150818,prediction,single_lobe,primary_match
limit_up_down_breadth_top::top::limit_up_down_breadth_v1_20120705_20260814::onset::cni2000::missed_region::cni2000_medium_top_20150914,limit_up_down_breadth_top,top,limit_up_down_breadth_v1_20120705_20260814,onset,cni2000,国证2000,missed_region,False,,,cni2000_medium_top_20150914,2015-09-14,2015-09-10,2015-09-14,single_lobe,1,,,False,False,,,,,,2012-07-05,2026-08-14,True,True,top_bottom_regions_v2,,,,
limit_up_down_breadth_top::top::limit_up_down_breadth_v1_20120705_20260814::onset::cni2000::missed_region::cni2000_medium_top_20151228,limit_up_down_breadth_top,top,limit_up_down_breadth_v1_20120705_20260814,onset,cni2000,国证2000,missed_region,False,,,cni2000_medium_top_20151228,2015-12-28,2015-12-18,2015-12-31,single_lobe,1,,,False,False,,,,,,2012-07-05,2026-08-14,True,True,top_bottom_regions_v2,,,,
limit_up_down_breadth_top::top::limit_up_down_breadth_v1_20120705_20260814::onset::cni2000::missed_region::cni2000_medium_top_20160223,limit_up_down_breadth_top,top,limit_up_down_breadth_v1_20120705_20260814,onset,cni2000,国证2000,missed_region,False,,,cni2000_medium_top_20160223,2016-02-23,2016-02-18,2016-02-25,single_lobe,1,,,False,False,,,,,,2012-07-05,2026-08-14,True,True,top_bottom_regions_v2,,,,
limit_up_down_breadth_top::top::limit_up_down_breadth_v1_20120705_20260814::onset::cni2000::missed_region::cni2000_medium_top_20160415,limit_up_down_breadth_top,top,limit_up_down_breadth_v1_20120705_20260814,onset,cni2000,国证2000,missed_region,False,,,cni2000_medium_top_20160415,2016-04-15,2016-04-07,2016-04-20,multi_lobe,3,,,False,False,,,,,,2012-07-05,2026-08-14,True,True,top_bottom_regions_v2,,,,
limit_up_down_breadth_top::top::limit_up_down_breadth_v1_20120705_20260814::onset::cni2000::missed_region::cni2000_medium_top_20161123,limit_up_down_breadth_top,top,limit_up_down_breadth_v1_20120705_20260814,onset,cni2000,国证2000,missed_region,False,,,cni2000_medium_top_20161123,2016-11-23,2016-11-11,2016-11-29,single_lobe,1,,,False,False,,,,,,2012-07-05,2026-08-14,True,True,top_bottom_regions_v2,,,,
limit_up_down_breadth_top::top::limit_up_down_breadth_v1_20120705_20260814::onset::cni2000::missed_region::cni2000_medium_top_20170317,limit_up_down_breadth_top,top,limit_up_down_breadth_v1_20120705_20260814,onset,cni2000,国证2000,missed_region,False,,,cni2000_medium_top_20170317,2017-03-17,2017-02-22,2017-04-11,multi_lobe,3,,,False,False,,,,,,2012-07-05,2026-08-14,True,True,top_bottom_regions_v2,,,,
limit_up_down_breadth_top::top::limit_up_down_breadth_v1_20120705_20260814::onset::cni2000::missed_region::cni2000_medium_top_20171011,limit_up_down_breadth_top,top,limit_up_down_breadth_v1_20120705_20260814,onset,cni2000,国证2000,missed_region,False,,,cni2000_medium_top_20171011,2017-10-11,2017-09-07,2017-10-27,multi_lobe,3,,,False,False,,,,,,2012-07-05,2026-08-14,True,True,top_bottom_regions_v2,,,,
limit_up_down_breadth_top::top::limit_up_down_breadth_v1_20120705_20260814::onset::cni2000::matched::limit_up_down_breadth_top::top::limit_up_down_breadth_v1_20120705_20260814::000019,limit_up_down_breadth_top,top,limit_up_down_breadth_v1_20120705_20260814,onset,cni2000,国证2000,matched,True,limit_up_down_breadth_top::top::limit_up_down_breadth_v1_20120705_20260814::000019,2018-04-03,cni2000_medium_top_20180313,2018-03-13,2018-03-09,2018-04-12,multi_lobe,4,,envelope,False,True,confirmation,15,15,20,limit_up_down_breadth_top::top::limit_up_down_breadth_v1_20120705_20260814::000019,2012-07-05,2026-08-14,True,True,top_bottom_regions_v2,cni2000_medium_top_20180313,confirmation,multi_lobe,primary_match
limit_up_down_breadth_top::top::limit_up_down_breadth_v1_20120705_20260814::onset::cni2000::false_alarm::limit_up_down_breadth_top::top::limit_up_down_breadth_v1_20120705_20260814::000020,limit_up_down_breadth_top,top,limit_up_down_breadth_v1_20120705_20260814,onset,cni2000,国证2000,false_alarm,False,limit_up_down_breadth_top::top::limit_up_down_breadth_v1_20120705_20260814::000020,2018-04-16,,,,,,,,,False,False,,,,,,2012-07-05,2026-08-14,,,,cni2000_medium_top_20180313,confirmation,multi_lobe,nearest_region_for_slice_only
limit_up_down_breadth_top::top::limit_up_down_breadth_v1_20120705_20260814::onset::cni2000::false_alarm::limit_up_down_breadth_top::top::limit_up_down_breadth_v1_20120705_20260814::000021,limit_up_down_breadth_top,top,limit_up_down_breadth_v1_20120705_20260814,onset,cni2000,国证2000,false_alarm,False,limit_up_down_breadth_top::top::limit_up_down_breadth_v1_20120705_20260814::000021,2018-05-03,,,,,,,,,False,False,,,,,,2012-07-05,2026-08-14,,,,cni2000_medium_top_20180313,confirmation,multi_lobe,nearest_region_for_slice_only
limit_up_down_breadth_top::top::limit_up_down_breadth_v1_20120705_20260814::onset::cni2000::false_alarm::limit_up_down_breadth_top::top::limit_up_down_breadth_v1_20120705_20260814::000022,limit_up_down_breadth_top,top,limit_up_down_breadth_v1_20120705_20260814,onset,cni2000,国证2000,false_alarm,False,limit_up_down_breadth_top::top::limit_up_down_breadth_v1_20120705_20260814::000022,2018-05-15,,,,,,,,,False,False,,,,,,2012-07-05,2026-08-14,,,,cni2000_medium_top_20180313,confirmation,multi_lobe,nearest_region_for_slice_only
limit_up_down_breadth_top::top::limit_up_down_breadth_v1_20120705_20260814::onset::cni2000::duplicate_alarm::limit_up_down_breadth_top::top::limit_up_down_breadth_v1_20120705_20260814::000023,limit_up_down_breadth_top,top,limit_up_down_breadth_v1_20120705_20260814,onset,cni2000,国证2000,duplicate_alarm,False,limit_up_down_breadth_top::top::limit_up_down_breadth_v1_20120705_20260814::000023,2018-11-09,cni2000_medium_top_20181116,2018-11-16,2018-11-15,2018-11-23,single_lobe,1,,prediction_window,False,False,prediction,-5,5,5,limit_up_down_breadth_top::top::limit_up_down_breadth_v1_20120705_20260814::000024,2012-07-05,2026-08-14,True,True,top_bottom_regions_v2,cni2000_medium_top_20181116,prediction,single_lobe,duplicate_candidate
limit_up_down_breadth_top::top::limit_up_down_breadth_v1_20120705_20260814::onset::cni2000::matched::limit_up_down_breadth_top::top::limit_up_down_breadth_v1_20120705_20260814::000024,limit_up_down_breadth_top,top,limit_up_down_breadth_v1_20120705_20260814,onset,cni2000,国证2000,matched,True,limit_up_down_breadth_top::top::limit_up_down_breadth_v1_20120705_20260814::000024,2018-11-21,cni2000_medium_top_20181116,2018-11-16,2018-11-15,2018-11-23,single_lobe,1,cni2000_medium_top_20181116_lobe_01,core_lobe,True,True,confirmation,3,3,5,limit_up_down_breadth_top::top::limit_up_down_breadth_v1_20120705_20260814::000024,2012-07-05,2026-08-14,True,True,top_bottom_regions_v2,cni2000_medium_top_20181116,confirmation,single_lobe,primary_match
limit_up_down_breadth_top::top::limit_up_down_breadth_v1_20120705_20260814::onset::cni2000::false_alarm::limit_up_down_breadth_top::top::limit_up_down_breadth_v1_20120705_20260814::000025,limit_up_down_breadth_top,top,limit_up_down_breadth_v1_20120705_20260814,onset,cni2000,国证2000,false_alarm,False,limit_up_down_breadth_top::top::limit_up_down_breadth_v1_20120705_20260814::000025,2019-01-11,,,,,,,,,False,False,,,,,,2012-07-05,2026-08-14,,,,cni2000_medium_top_20181116,confirmation,single_lobe,nearest_region_for_slice_only
limit_up_down_breadth_top::top::limit_up_down_breadth_v1_20120705_20260814::onset::cni2000::false_alarm::limit_up_down_breadth_top::top::limit_up_down_breadth_v1_20120705_20260814::000026,limit_up_down_breadth_top,top,limit_up_down_breadth_v1_20120705_20260814,onset,cni2000,国证2000,false_alarm,False,limit_up_down_breadth_top::top::limit_up_down_breadth_v1_20120705_20260814::000026,2019-03-01,,,,,,,,,False,False,,,,,,2012-07-05,2026-08-14,,,,cni2000_medium_top_20190417,prediction,multi_lobe,nearest_region_for_slice_only
limit_up_down_breadth_top::top::limit_up_down_breadth_v1_20120705_20260814::onset::cni2000::duplicate_alarm::limit_up_down_breadth_top::top::limit_up_down_breadth_v1_20120705_20260814::000027,limit_up_down_breadth_top,top,limit_up_down_breadth_v1_20120705_20260814,onset,cni2000,国证2000,duplicate_alarm,False,limit_up_down_breadth_top::top::limit_up_down_breadth_v1_20120705_20260814::000027,2019-03-29,cni2000_medium_top_20190417,2019-04-17,2019-04-02,2019-04-23,multi_lobe,2,,prediction_window,False,False,prediction,-12,12,20,limit_up_down_breadth_top::top::limit_up_down_breadth_v1_20120705_20260814::000028,2012-07-05,2026-08-14,True,True,top_bottom_regions_v2,cni2000_medium_top_20190417,prediction,multi_lobe,duplicate_candidate
limit_up_down_breadth_top::top::limit_up_down_breadth_v1_20120705_20260814::onset::cni2000::matched::limit_up_down_breadth_top::top::limit_up_down_breadth_v1_20120705_20260814::000028,limit_up_down_breadth_top,top,limit_up_down_breadth_v1_20120705_20260814,onset,cni2000,国证2000,matched,True,limit_up_down_breadth_top::top::limit_up_down_breadth_v1_20120705_20260814::000028,2019-04-09,cni2000_medium_top_20190417,2019-04-17,2019-04-02,2019-04-23,multi_lobe,2,cni2000_medium_top_20190417_lobe_01,core_lobe,True,True,prediction,-6,6,10,limit_up_down_breadth_top::top::limit_up_down_breadth_v1_20120705_20260814::000028,2012-07-05,2026-08-14,True,True,top_bottom_regions_v2,cni2000_medium_top_20190417,prediction,multi_lobe,primary_match
limit_up_down_breadth_top::top::limit_up_down_breadth_v1_20120705_20260814::onset::cni2000::duplicate_alarm::limit_up_down_breadth_top::top::limit_up_down_breadth_v1_20120705_20260814::000029,limit_up_down_breadth_top,top,limit_up_down_breadth_v1_20120705_20260814,onset,cni2000,国证2000,duplicate_alarm,False,limit_up_down_breadth_top::top::limit_up_down_breadth_v1_20120705_20260814::000029,2019-04-24,cni2000_medium_top_20190417,2019-04-17,2019-04-02,2019-04-23,multi_lobe,2,,confirmation_window,False,False,confirmation,5,5,5,limit_up_down_breadth_top::top::limit_up_down_breadth_v1_20120705_20260814::000028,2012-07-05,2026-08-14,True,True,top_bottom_regions_v2,cni2000_medium_top_20190417,confirmation,multi_lobe,duplicate_candidate
limit_up_down_breadth_top::top::limit_up_down_breadth_v1_20120705_20260814::onset::cni2000::missed_region::cni2000_medium_top_20200114,limit_up_down_breadth_top,top,limit_up_down_breadth_v1_20120705_20260814,onset,cni2000,国证2000,missed_region,False,,,cni2000_medium_top_20200114,2020-01-14,2020-01-07,2020-01-20,single_lobe,1,,,False,False,,,,,,2012-07-05,2026-08-14,True,True,top_bottom_regions_v2,,,,
limit_up_down_breadth_top::top::limit_up_down_breadth_v1_20120705_20260814::onset::cni2000::missed_region::cni2000_medium_top_20200306,limit_up_down_breadth_top,top,limit_up_down_breadth_v1_20120705_20260814,onset,cni2000,国证2000,missed_region,False,,,cni2000_medium_top_20200306,2020-03-06,2020-02-24,2020-03-11,multi_lobe,4,,,False,False,,,,,,2012-07-05,2026-08-14,True,True,top_bottom_regions_v2,,,,
limit_up_down_breadth_top::top::limit_up_down_breadth_v1_20120705_20260814::onset::cni2000::false_alarm::limit_up_down_breadth_top::top::limit_up_down_breadth_v1_20120705_20260814::000030,limit_up_down_breadth_top,top,limit_up_down_breadth_v1_20120705_20260814,onset,cni2000,国证2000,false_alarm,False,limit_up_down_breadth_top::top::limit_up_down_breadth_v1_20120705_20260814::000030,2020-04-14,,,,,,,,,False,False,,,,,,2012-07-05,2026-08-14,,,,cni2000_medium_top_20200306,confirmation,multi_lobe,nearest_region_for_slice_only
limit_up_down_breadth_top::top::limit_up_down_breadth_v1_20120705_20260814::onset::cni2000::false_alarm::limit_up_down_breadth_top::top::limit_up_down_breadth_v1_20120705_20260814::000031,limit_up_down_breadth_top,top,limit_up_down_breadth_v1_20120705_20260814,onset,cni2000,国证2000,false_alarm,False,limit_up_down_breadth_top::top::limit_up_down_breadth_v1_20120705_20260814::000031,2020-07-14,,,,,,,,,False,False,,,,,,2012-07-05,2026-08-14,,,,cni2000_medium_top_20200818,prediction,multi_lobe,nearest_region_for_slice_only
limit_up_down_breadth_top::top::limit_up_down_breadth_v1_20120705_20260814::onset::cni2000::matched::limit_up_down_breadth_top::top::limit_up_down_breadth_v1_20120705_20260814::000032,limit_up_down_breadth_top,top,limit_up_down_breadth_v1_20120705_20260814,onset,cni2000,国证2000,matched,True,limit_up_down_breadth_top::top::limit_up_down_breadth_v1_20120705_20260814::000032,2020-08-10,cni2000_medium_top_20200818,2020-08-18,2020-08-03,2020-09-07,multi_lobe,3,cni2000_medium_top_20200818_lobe_01,core_lobe,True,True,prediction,-6,6,10,limit_up_down_breadth_top::top::limit_up_down_breadth_v1_20120705_20260814::000032,2012-07-05,2026-08-14,True,True,top_bottom_regions_v2,cni2000_medium_top_20200818,prediction,multi_lobe,primary_match
limit_up_down_breadth_top::top::limit_up_down_breadth_v1_20120705_20260814::onset::cni2000::false_alarm::limit_up_down_breadth_top::top::limit_up_down_breadth_v1_20120705_20260814::000033,limit_up_down_breadth_top,top,limit_up_down_breadth_v1_20120705_20260814,onset,cni2000,国证2000,false_alarm,False,limit_up_down_breadth_top::top::limit_up_down_breadth_v1_20120705_20260814::000033,2021-08-30,,,,,,,,,False,False,,,,,,2012-07-05,2026-08-14,,,,cni2000_medium_top_20220104,prediction,multi_lobe,nearest_region_for_slice_only
limit_up_down_breadth_top::top::limit_up_down_breadth_v1_20120705_20260814::onset::cni2000::false_alarm::limit_up_down_breadth_top::top::limit_up_down_breadth_v1_20120705_20260814::000034,limit_up_down_breadth_top,top,limit_up_down_breadth_v1_20120705_20260814,onset,cni2000,国证2000,false_alarm,False,limit_up_down_breadth_top::top::limit_up_down_breadth_v1_20120705_20260814::000034,2021-11-11,,,,,,,,,False,False,,,,,,2012-07-05,2026-08-14,,,,cni2000_medium_top_20220104,prediction,multi_lobe,nearest_region_for_slice_only
limit_up_down_breadth_top::top::limit_up_down_breadth_v1_20120705_20260814::onset::cni2000::false_alarm::limit_up_down_breadth_top::top::limit_up_down_breadth_v1_20120705_20260814::000035,limit_up_down_breadth_top,top,limit_up_down_breadth_v1_20120705_20260814,onset,cni2000,国证2000,false_alarm,False,limit_up_down_breadth_top::top::limit_up_down_breadth_v1_20120705_20260814::000035,2021-11-19,,,,,,,,,False,False,,,,,,2012-07-05,2026-08-14,,,,cni2000_medium_top_20220104,prediction,multi_lobe,nearest_region_for_slice_only
limit_up_down_breadth_top::top::limit_up_down_breadth_v1_20120705_20260814::onset::cni2000::false_alarm::limit_up_down_breadth_top::top::limit_up_down_breadth_v1_20120705_20260814::000036,limit_up_down_breadth_top,top,limit_up_down_breadth_v1_20120705_20260814,onset,cni2000,国证2000,false_alarm,False,limit_up_down_breadth_top::top::limit_up_down_breadth_v1_20120705_20260814::000036,2021-11-24,,,,,,,,,False,False,,,,,,2012-07-05,2026-08-14,,,,cni2000_medium_top_20220104,prediction,multi_lobe,nearest_region_for_slice_only
limit_up_down_breadth_top::top::limit_up_down_breadth_v1_20120705_20260814::onset::cni2000::missed_region::cni2000_medium_top_20220104,limit_up_down_breadth_top,top,limit_up_down_breadth_v1_20120705_20260814,onset,cni2000,国证2000,missed_region,False,,,cni2000_medium_top_20220104,2022-01-04,2021-12-15,2022-01-19,multi_lobe,5,,,False,False,,,,,,2012-07-05,2026-08-14,True,True,top_bottom_regions_v2,,,,
limit_up_down_breadth_top::top::limit_up_down_breadth_v1_20120705_20260814::onset::cni2000::false_alarm::limit_up_down_breadth_top::top::limit_up_down_breadth_v1_20120705_20260814::000037,limit_up_down_breadth_top,top,limit_up_down_breadth_v1_20120705_20260814,onset,cni2000,国证2000,false_alarm,False,limit_up_down_breadth_top::top::limit_up_down_breadth_v1_20120705_20260814::000037,2022-02-16,,,,,,,,,False,False,,,,,,2012-07-05,2026-08-14,,,,cni2000_medium_top_20220104,confirmation,multi_lobe,nearest_region_for_slice_only
limit_up_down_breadth_top::top::limit_up_down_breadth_v1_20120705_20260814::onset::cni2000::false_alarm::limit_up_down_breadth_top::top::limit_up_down_breadth_v1_20120705_20260814::000038,limit_up_down_breadth_top,top,limit_up_down_breadth_v1_20120705_20260814,onset,cni2000,国证2000,false_alarm,False,limit_up_down_breadth_top::top::limit_up_down_breadth_v1_20120705_20260814::000038,2022-05-12,,,,,,,,,False,False,,,,,,2012-07-05,2026-08-14,,,,cni2000_medium_top_20220819,prediction,single_lobe,nearest_region_for_slice_only
limit_up_down_breadth_top::top::limit_up_down_breadth_v1_20120705_20260814::onset::cni2000::false_alarm::limit_up_down_breadth_top::top::limit_up_down_breadth_v1_20120705_20260814::000039,limit_up_down_breadth_top,top,limit_up_down_breadth_v1_20120705_20260814,onset,cni2000,国证2000,false_alarm,False,limit_up_down_breadth_top::top::limit_up_down_breadth_v1_20120705_20260814::000039,2022-05-16,,,,,,,,,False,False,,,,,,2012-07-05,2026-08-14,,,,cni2000_medium_top_20220819,prediction,single_lobe,nearest_region_for_slice_only
limit_up_down_breadth_top::top::limit_up_down_breadth_v1_20120705_20260814::onset::cni2000::missed_region::cni2000_medium_top_20220819,limit_up_down_breadth_top,top,limit_up_down_breadth_v1_20120705_20260814,onset,cni2000,国证2000,missed_region,False,,,cni2000_medium_top_20220819,2022-08-19,2022-08-12,2022-08-24,single_lobe,1,,,False,False,,,,,,2012-07-05,2026-08-14,True,True,top_bottom_regions_v2,,,,
limit_up_down_breadth_top::top::limit_up_down_breadth_v1_20120705_20260814::onset::cni2000::missed_region::cni2000_medium_top_20230216,limit_up_down_breadth_top,top,limit_up_down_breadth_v1_20120705_20260814,onset,cni2000,国证2000,missed_region,False,,,cni2000_medium_top_20230216,2023-02-16,2023-02-09,2023-03-07,multi_lobe,3,,,False,False,,,,,,2012-07-05,2026-08-14,True,True,top_bottom_regions_v2,,,,
limit_up_down_breadth_top::top::limit_up_down_breadth_v1_20120705_20260814::onset::cni2000::missed_region::cni2000_medium_top_20231121,limit_up_down_breadth_top,top,limit_up_down_breadth_v1_20120705_20260814,onset,cni2000,国证2000,missed_region,False,,,cni2000_medium_top_20231121,2023-11-21,2023-11-14,2023-12-04,multi_lobe,2,,,False,False,,,,,,2012-07-05,2026-08-14,True,True,top_bottom_regions_v2,,,,
limit_up_down_breadth_top::top::limit_up_down_breadth_v1_20120705_20260814::onset::cni2000::duplicate_alarm::limit_up_down_breadth_top::top::limit_up_down_breadth_v1_20120705_20260814::000040,limit_up_down_breadth_top,top,limit_up_down_breadth_v1_20120705_20260814,onset,cni2000,国证2000,duplicate_alarm,False,limit_up_down_breadth_top::top::limit_up_down_breadth_v1_20120705_20260814::000040,2024-03-05,cni2000_medium_top_20240321,2024-03-21,2024-03-18,2024-03-25,single_lobe,1,,prediction_window,False,False,prediction,-12,12,20,limit_up_down_breadth_top::top::limit_up_down_breadth_v1_20120705_20260814::000042,2012-07-05,2026-08-14,True,True,top_bottom_regions_v2,cni2000_medium_top_20240321,prediction,single_lobe,duplicate_candidate
limit_up_down_breadth_top::top::limit_up_down_breadth_v1_20120705_20260814::onset::cni2000::duplicate_alarm::limit_up_down_breadth_top::top::limit_up_down_breadth_v1_20120705_20260814::000041,limit_up_down_breadth_top,top,limit_up_down_breadth_v1_20120705_20260814,onset,cni2000,国证2000,duplicate_alarm,False,limit_up_down_breadth_top::top::limit_up_down_breadth_v1_20120705_20260814::000041,2024-03-14,cni2000_medium_top_20240321,2024-03-21,2024-03-18,2024-03-25,single_lobe,1,,prediction_window,False,False,prediction,-5,5,5,limit_up_down_breadth_top::top::limit_up_down_breadth_v1_20120705_20260814::000042,2012-07-05,2026-08-14,True,True,top_bottom_regions_v2,cni2000_medium_top_20240321,prediction,single_lobe,duplicate_candidate
limit_up_down_breadth_top::top::limit_up_down_breadth_v1_20120705_20260814::onset::cni2000::matched::limit_up_down_breadth_top::top::limit_up_down_breadth_v1_20120705_20260814::000042,limit_up_down_breadth_top,top,limit_up_down_breadth_v1_20120705_20260814,onset,cni2000,国证2000,matched,True,limit_up_down_breadth_top::top::limit_up_down_breadth_v1_20120705_20260814::000042,2024-03-26,cni2000_medium_top_20240321,2024-03-21,2024-03-18,2024-03-25,single_lobe,1,,confirmation_window,False,False,confirmation,3,3,5,limit_up_down_breadth_top::top::limit_up_down_breadth_v1_20120705_20260814::000042,2012-07-05,2026-08-14,True,True,top_bottom_regions_v2,cni2000_medium_top_20240321,confirmation,single_lobe,primary_match
limit_up_down_breadth_top::top::limit_up_down_breadth_v1_20120705_20260814::onset::cni2000::matched::limit_up_down_breadth_top::top::limit_up_down_breadth_v1_20120705_20260814::000043,limit_up_down_breadth_top,top,limit_up_down_breadth_v1_20120705_20260814,onset,cni2000,国证2000,matched,True,limit_up_down_breadth_top::top::limit_up_down_breadth_v1_20120705_20260814::000043,2024-05-09,cni2000_medium_top_20240510,2024-05-10,2024-04-30,2024-05-22,multi_lobe,2,cni2000_medium_top_20240510_lobe_01,core_lobe,True,True,prediction,-1,1,5,limit_up_down_breadth_top::top::limit_up_down_breadth_v1_20120705_20260814::000043,2012-07-05,2026-08-14,True,True,top_bottom_regions_v2,cni2000_medium_top_20240510,prediction,multi_lobe,primary_match
limit_up_down_breadth_top::top::limit_up_down_breadth_v1_20120705_20260814::onset::cni2000::matched::limit_up_down_breadth_top::top::limit_up_down_breadth_v1_20120705_20260814::000044,limit_up_down_breadth_top,top,limit_up_down_breadth_v1_20120705_20260814,onset,cni2000,国证2000,matched,True,limit_up_down_breadth_top::top::limit_up_down_breadth_v1_20120705_20260814::000044,2024-10-15,cni2000_medium_top_20241008,2024-10-08,2024-10-08,2024-10-08,single_lobe,1,,confirmation_window,False,False,confirmation,5,5,5,limit_up_down_breadth_top::top::limit_up_down_breadth_v1_20120705_20260814::000044,2012-07-05,2026-08-14,True,True,top_bottom_regions_v2,cni2000_medium_top_20241008,confirmation,single_lobe,primary_match
limit_up_down_breadth_top::top::limit_up_down_breadth_v1_20120705_20260814::onset::cni2000::duplicate_alarm::limit_up_down_breadth_top::top::limit_up_down_breadth_v1_20120705_20260814::000045,limit_up_down_breadth_top,top,limit_up_down_breadth_v1_20120705_20260814,onset,cni2000,国证2000,duplicate_alarm,False,limit_up_down_breadth_top::top::limit_up_down_breadth_v1_20120705_20260814::000045,2024-11-04,cni2000_medium_top_20241008,2024-10-08,2024-10-08,2024-10-08,single_lobe,1,,confirmation_window,False,False,confirmation,19,19,20,limit_up_down_breadth_top::top::limit_up_down_breadth_v1_20120705_20260814::000044,2012-07-05,2026-08-14,True,True,top_bottom_regions_v2,cni2000_medium_top_20241008,confirmation,single_lobe,duplicate_candidate
limit_up_down_breadth_top::top::limit_up_down_breadth_v1_20120705_20260814::onset::cni2000::false_alarm::limit_up_down_breadth_top::top::limit_up_down_breadth_v1_20120705_20260814::000046,limit_up_down_breadth_top,top,limit_up_down_breadth_v1_20120705_20260814,onset,cni2000,国证2000,false_alarm,False,limit_up_down_breadth_top::top::limit_up_down_breadth_v1_20120705_20260814::000046,2024-11-12,,,,,,,,,False,False,,,,,,2012-07-05,2026-08-14,,,,cni2000_medium_top_20241212,prediction,single_lobe,nearest_region_for_slice_only
limit_up_down_breadth_top::top::limit_up_down_breadth_v1_20120705_20260814::onset::cni2000::matched::limit_up_down_breadth_top::top::limit_up_down_breadth_v1_20120705_20260814::000047,limit_up_down_breadth_top,top,limit_up_down_breadth_v1_20120705_20260814,onset,cni2000,国证2000,matched,True,limit_up_down_breadth_top::top::limit_up_down_breadth_v1_20120705_20260814::000047,2024-12-09,cni2000_medium_top_20241212,2024-12-12,2024-12-10,2024-12-16,single_lobe,1,,prediction_window,False,False,prediction,-3,3,5,limit_up_down_breadth_top::top::limit_up_down_breadth_v1_20120705_20260814::000047,2012-07-05,2026-08-14,True,True,top_bottom_regions_v2,cni2000_medium_top_20241212,prediction,single_lobe,primary_match
limit_up_down_breadth_top::top::limit_up_down_breadth_v1_20120705_20260814::onset::cni2000::missed_region::cni2000_medium_top_20250318,limit_up_down_breadth_top,top,limit_up_down_breadth_v1_20120705_20260814,onset,cni2000,国证2000,missed_region,False,,,cni2000_medium_top_20250318,2025-03-18,2025-02-26,2025-03-21,multi_lobe,2,,,False,False,,,,,,2012-07-05,2026-08-14,True,True,top_bottom_regions_v2,,,,
limit_up_down_breadth_top::top::limit_up_down_breadth_v1_20120705_20260814::onset::cni2000::false_alarm::limit_up_down_breadth_top::top::limit_up_down_breadth_v1_20120705_20260814::000048,limit_up_down_breadth_top,top,limit_up_down_breadth_v1_20120705_20260814,onset,cni2000,国证2000,false_alarm,False,limit_up_down_breadth_top::top::limit_up_down_breadth_v1_20120705_20260814::000048,2025-04-17,,,,,,,,,False,False,,,,,,2012-07-05,2026-08-14,,,,cni2000_medium_top_20250318,confirmation,multi_lobe,nearest_region_for_slice_only
limit_up_down_breadth_top::top::limit_up_down_breadth_v1_20120705_20260814::onset::cni2000::false_alarm::limit_up_down_breadth_top::top::limit_up_down_breadth_v1_20120705_20260814::000049,limit_up_down_breadth_top,top,limit_up_down_breadth_v1_20120705_20260814,onset,cni2000,国证2000,false_alarm,False,limit_up_down_breadth_top::top::limit_up_down_breadth_v1_20120705_20260814::000049,2026-01-21,,,,,,,,,False,False,,,,,,2012-07-05,2026-08-14,,,,cni2000_medium_top_20260227,prediction,multi_lobe,nearest_region_for_slice_only
limit_up_down_breadth_top::top::limit_up_down_breadth_v1_20120705_20260814::onset::cni2000::missed_region::cni2000_medium_top_20260227,limit_up_down_breadth_top,top,limit_up_down_breadth_v1_20120705_20260814,onset,cni2000,国证2000,missed_region,False,,,cni2000_medium_top_20260227,2026-02-27,2026-02-25,2026-03-11,multi_lobe,2,,,False,False,,,,,,2012-07-05,2026-08-14,True,True,top_bottom_regions_v2,,,,
limit_up_down_breadth_top::top::limit_up_down_breadth_v1_20120705_20260814::onset::cni2000::matched::limit_up_down_breadth_top::top::limit_up_down_breadth_v1_20120705_20260814::000050,limit_up_down_breadth_top,top,limit_up_down_breadth_v1_20120705_20260814,onset,cni2000,国证2000,matched,True,limit_up_down_breadth_top::top::limit_up_down_breadth_v1_20120705_20260814::000050,2026-06-04,cni2000_medium_top_20260514,2026-05-14,2026-05-11,2026-05-21,multi_lobe,2,,confirmation_window,False,False,confirmation,15,15,20,limit_up_down_breadth_top::top::limit_up_down_breadth_v1_20120705_20260814::000050,2012-07-05,2026-08-14,True,True,top_bottom_regions_v2,cni2000_medium_top_20260514,confirmation,multi_lobe,primary_match
limit_up_down_breadth_top::top::limit_up_down_breadth_v1_20120705_20260814::onset::cni2000::false_alarm::limit_up_down_breadth_top::top::limit_up_down_breadth_v1_20120705_20260814::000051,limit_up_down_breadth_top,top,limit_up_down_breadth_v1_20120705_20260814,onset,cni2000,国证2000,false_alarm,False,limit_up_down_breadth_top::top::limit_up_down_breadth_v1_20120705_20260814::000051,2026-06-24,,,,,,,,,False,False,,,,,,2012-07-05,2026-08-14,,,,cni2000_medium_top_20260514,confirmation,multi_lobe,nearest_region_for_slice_only
limit_up_down_breadth_top::top::limit_up_down_breadth_v1_20120705_20260814::onset::cni2000::false_alarm::limit_up_down_breadth_top::top::limit_up_down_breadth_v1_20120705_20260814::000052,limit_up_down_breadth_top,top,limit_up_down_breadth_v1_20120705_20260814,onset,cni2000,国证2000,false_alarm,False,limit_up_down_breadth_top::top::limit_up_down_breadth_v1_20120705_20260814::000052,2026-08-12,,,,,,,,,False,False,,,,,,2012-07-05,2026-08-14,,,,cni2000_medium_top_20260514,confirmation,multi_lobe,nearest_region_for_slice_only
limit_up_down_breadth_top::top::limit_up_down_breadth_v1_20120705_20260814::onset::csi1000::false_alarm::limit_up_down_breadth_top::top::limit_up_down_breadth_v1_20120705_20260814::000001,limit_up_down_breadth_top,top,limit_up_down_breadth_v1_20120705_20260814,onset,csi1000,中证1000,false_alarm,False,limit_up_down_breadth_top::top::limit_up_down_breadth_v1_20120705_20260814::000001,2012-09-12,,,,,,,,,False,False,,,,,,2012-07-05,2026-08-14,,,,csi1000_medium_top_20130531,prediction,single_lobe,nearest_region_for_slice_only
limit_up_down_breadth_top::top::limit_up_down_breadth_v1_20120705_20260814::onset::csi1000::false_alarm::limit_up_down_breadth_top::top::limit_up_down_breadth_v1_20120705_20260814::000002,limit_up_down_breadth_top,top,limit_up_down_breadth_v1_20120705_20260814,onset,csi1000,中证1000,false_alarm,False,limit_up_down_breadth_top::top::limit_up_down_breadth_v1_20120705_20260814::000002,2012-12-17,,,,,,,,,False,False,,,,,,2012-07-05,2026-08-14,,,,csi1000_medium_top_20130531,prediction,single_lobe,nearest_region_for_slice_only
limit_up_down_breadth_top::top::limit_up_down_breadth_v1_20120705_20260814::onset::csi1000::false_alarm::limit_up_down_breadth_top::top::limit_up_down_breadth_v1_20120705_20260814::000003,limit_up_down_breadth_top,top,limit_up_down_breadth_v1_20120705_20260814,onset,csi1000,中证1000,false_alarm,False,limit_up_down_breadth_top::top::limit_up_down_breadth_v1_20120705_20260814::000003,2013-01-21,,,,,,,,,False,False,,,,,,2012-07-05,2026-08-14,,,,csi1000_medium_top_20130531,prediction,single_lobe,nearest_region_for_slice_only
limit_up_down_breadth_top::top::limit_up_down_breadth_v1_20120705_20260814::onset::csi1000::false_alarm::limit_up_down_breadth_top::top::limit_up_down_breadth_v1_20120705_20260814::000004,limit_up_down_breadth_top,top,limit_up_down_breadth_v1_20120705_20260814,onset,csi1000,中证1000,false_alarm,False,limit_up_down_breadth_top::top::limit_up_down_breadth_v1_20120705_20260814::000004,2013-01-23,,,,,,,,,False,False,,,,,,2012-07-05,2026-08-14,,,,csi1000_medium_top_20130531,prediction,single_lobe,nearest_region_for_slice_only
limit_up_down_breadth_top::top::limit_up_down_breadth_v1_20120705_20260814::onset::csi1000::matched::limit_up_down_breadth_top::top::limit_up_down_breadth_v1_20120705_20260814::000005,limit_up_down_breadth_top,top,limit_up_down_breadth_v1_20120705_20260814,onset,csi1000,中证1000,matched,True,limit_up_down_breadth_top::top::limit_up_down_breadth_v1_20120705_20260814::000005,2013-05-16,csi1000_medium_top_20130531,2013-05-31,2013-05-27,2013-06-03,single_lobe,1,,prediction_window,False,False,prediction,-11,11,20,limit_up_down_breadth_top::top::limit_up_down_breadth_v1_20120705_20260814::000005,2012-07-05,2026-08-14,True,True,top_bottom_regions_v2,csi1000_medium_top_20130531,prediction,single_lobe,primary_match
limit_up_down_breadth_top::top::limit_up_down_breadth_v1_20120705_20260814::onset::csi1000::duplicate_alarm::limit_up_down_breadth_top::top::limit_up_down_breadth_v1_20120705_20260814::000006,limit_up_down_breadth_top,top,limit_up_down_breadth_v1_20120705_20260814,onset,csi1000,中证1000,duplicate_alarm,False,limit_up_down_breadth_top::top::limit_up_down_breadth_v1_20120705_20260814::000006,2013-07-03,csi1000_medium_top_20130531,2013-05-31,2013-05-27,2013-06-03,single_lobe,1,,confirmation_window,False,False,confirmation,20,20,20,limit_up_down_breadth_top::top::limit_up_down_breadth_v1_20120705_20260814::000005,2012-07-05,2026-08-14,True,True,top_bottom_regions_v2,csi1000_medium_top_20130531,confirmation,single_lobe,duplicate_candidate
limit_up_down_breadth_top::top::limit_up_down_breadth_v1_20120705_20260814::onset::csi1000::false_alarm::limit_up_down_breadth_top::top::limit_up_down_breadth_v1_20120705_20260814::000007,limit_up_down_breadth_top,top,limit_up_down_breadth_v1_20120705_20260814,onset,csi1000,中证1000,false_alarm,False,limit_up_down_breadth_top::top::limit_up_down_breadth_v1_20120705_20260814::000007,2013-07-17,,,,,,,,,False,False,,,,,,2012-07-05,2026-08-14,,,,csi1000_medium_top_20130531,confirmation,single_lobe,nearest_region_for_slice_only
limit_up_down_breadth_top::top::limit_up_down_breadth_v1_20120705_20260814::onset::csi1000::false_alarm::limit_up_down_breadth_top::top::limit_up_down_breadth_v1_20120705_20260814::000008,limit_up_down_breadth_top,top,limit_up_down_breadth_v1_20120705_20260814,onset,csi1000,中证1000,false_alarm,False,limit_up_down_breadth_top::top::limit_up_down_breadth_v1_20120705_20260814::000008,2013-07-31,,,,,,,,,False,False,,,,,,2012-07-05,2026-08-14,,,,csi1000_medium_top_20130531,confirmation,single_lobe,nearest_region_for_slice_only
limit_up_down_breadth_top::top::limit_up_down_breadth_v1_20120705_20260814::onset::csi1000::false_alarm::limit_up_down_breadth_top::top::limit_up_down_breadth_v1_20120705_20260814::000009,limit_up_down_breadth_top,top,limit_up_down_breadth_v1_20120705_20260814,onset,csi1000,中证1000,false_alarm,False,limit_up_down_breadth_top::top::limit_up_down_breadth_v1_20120705_20260814::000009,2013-09-16,,,,,,,,,False,False,,,,,,2012-07-05,2026-08-14,,,,csi1000_medium_top_20130531,confirmation,single_lobe,nearest_region_for_slice_only
limit_up_down_breadth_top::top::limit_up_down_breadth_v1_20120705_20260814::onset::csi1000::false_alarm::limit_up_down_breadth_top::top::limit_up_down_breadth_v1_20120705_20260814::000010,limit_up_down_breadth_top,top,limit_up_down_breadth_v1_20120705_20260814,onset,csi1000,中证1000,false_alarm,False,limit_up_down_breadth_top::top::limit_up_down_breadth_v1_20120705_20260814::000010,2013-09-30,,,,,,,,,False,False,,,,,,2012-07-05,2026-08-14,,,,csi1000_medium_top_20130531,confirmation,single_lobe,nearest_region_for_slice_only
limit_up_down_breadth_top::top::limit_up_down_breadth_v1_20120705_20260814::onset::csi1000::matched::limit_up_down_breadth_top::top::limit_up_down_breadth_v1_20120705_20260814::000011,limit_up_down_breadth_top,top,limit_up_down_breadth_v1_20120705_20260814,onset,csi1000,中证1000,matched,True,limit_up_down_breadth_top::top::limit_up_down_breadth_v1_20120705_20260814::000011,2014-02-19,csi1000_medium_top_20140219,2014-02-19,2014-02-17,2014-02-25,single_lobe,1,csi1000_medium_top_20140219_lobe_01,core_lobe,True,True,prediction,0,0,5,limit_up_down_breadth_top::top::limit_up_down_breadth_v1_20120705_20260814::000011,2012-07-05,2026-08-14,True,True,top_bottom_regions_v2,csi1000_medium_top_20140219,prediction,single_lobe,primary_match
limit_up_down_breadth_top::top::limit_up_down_breadth_v1_20120705_20260814::onset::csi1000::false_alarm::limit_up_down_breadth_top::top::limit_up_down_breadth_v1_20120705_20260814::000012,limit_up_down_breadth_top,top,limit_up_down_breadth_v1_20120705_20260814,onset,csi1000,中证1000,false_alarm,False,limit_up_down_breadth_top::top::limit_up_down_breadth_v1_20120705_20260814::000012,2014-12-18,,,,,,,,,False,False,,,,,,2012-07-05,2026-08-14,,,,csi1000_medium_top_20150612,prediction,single_lobe,nearest_region_for_slice_only
limit_up_down_breadth_top::top::limit_up_down_breadth_v1_20120705_20260814::onset::csi1000::false_alarm::limit_up_down_breadth_top::top::limit_up_down_breadth_v1_20120705_20260814::000013,limit_up_down_breadth_top,top,limit_up_down_breadth_v1_20120705_20260814,onset,csi1000,中证1000,false_alarm,False,limit_up_down_breadth_top::top::limit_up_down_breadth_v1_20120705_20260814::000013,2015-03-06,,,,,,,,,False,False,,,,,,2012-07-05,2026-08-14,,,,csi1000_medium_top_20150612,prediction,single_lobe,nearest_region_for_slice_only
limit_up_down_breadth_top::top::limit_up_down_breadth_v1_20120705_20260814::onset::csi1000::false_alarm::limit_up_down_breadth_top::top::limit_up_down_breadth_v1_20120705_20260814::000014,limit_up_down_breadth_top,top,limit_up_down_breadth_v1_20120705_20260814,onset,csi1000,中证1000,false_alarm,False,limit_up_down_breadth_top::top::limit_up_down_breadth_v1_20120705_20260814::000014,2015-03-30,,,,,,,,,False,False,,,,,,2012-07-05,2026-08-14,,,,csi1000_medium_top_20150612,prediction,single_lobe,nearest_region_for_slice_only
limit_up_down_breadth_top::top::limit_up_down_breadth_v1_20120705_20260814::onset::csi1000::false_alarm::limit_up_down_breadth_top::top::limit_up_down_breadth_v1_20120705_20260814::000015,limit_up_down_breadth_top,top,limit_up_down_breadth_v1_20120705_20260814,onset,csi1000,中证1000,false_alarm,False,limit_up_down_breadth_top::top::limit_up_down_breadth_v1_20120705_20260814::000015,2015-04-20,,,,,,,,,False,False,,,,,,2012-07-05,2026-08-14,,,,csi1000_medium_top_20150612,prediction,single_lobe,nearest_region_for_slice_only
limit_up_down_breadth_top::top::limit_up_down_breadth_v1_20120705_20260814::onset::csi1000::matched::limit_up_down_breadth_top::top::limit_up_down_breadth_v1_20120705_20260814::000016,limit_up_down_breadth_top,top,limit_up_down_breadth_v1_20120705_20260814,onset,csi1000,中证1000,matched,True,limit_up_down_breadth_top::top::limit_up_down_breadth_v1_20120705_20260814::000016,2015-06-09,csi1000_medium_top_20150612,2015-06-12,2015-06-12,2015-06-15,single_lobe,1,,prediction_window,False,False,prediction,-3,3,5,limit_up_down_breadth_top::top::limit_up_down_breadth_v1_20120705_20260814::000016,2012-07-05,2026-08-14,True,True,top_bottom_regions_v2,csi1000_medium_top_20150612,prediction,single_lobe,primary_match
limit_up_down_breadth_top::top::limit_up_down_breadth_v1_20120705_20260814::onset::csi1000::missed_region::csi1000_medium_top_20150701,limit_up_down_breadth_top,top,limit_up_down_breadth_v1_20120705_20260814,onset,csi1000,中证1000,missed_region,False,,,csi1000_medium_top_20150701,2015-07-01,2015-07-01,2015-07-01,single_lobe,1,,,False,False,,,,,,2012-07-05,2026-08-14,True,True,top_bottom_regions_v2,,,,
limit_up_down_breadth_top::top::limit_up_down_breadth_v1_20120705_20260814::onset::csi1000::matched::limit_up_down_breadth_top::top::limit_up_down_breadth_v1_20120705_20260814::000017,limit_up_down_breadth_top,top,limit_up_down_breadth_v1_20120705_20260814,onset,csi1000,中证1000,matched,True,limit_up_down_breadth_top::top::limit_up_down_breadth_v1_20120705_20260814::000017,2015-07-24,csi1000_medium_top_20150724,2015-07-24,2015-07-23,2015-07-24,single_lobe,1,csi1000_medium_top_20150724_lobe_01,core_lobe,True,True,prediction,0,0,5,limit_up_down_breadth_top::top::limit_up_down_breadth_v1_20120705_20260814::000017,2012-07-05,2026-08-14,True,True,top_bottom_regions_v2,csi1000_medium_top_20150724,prediction,single_lobe,primary_match
limit_up_down_breadth_top::top::limit_up_down_breadth_v1_20120705_20260814::onset::csi1000::matched::limit_up_down_breadth_top::top::limit_up_down_breadth_v1_20120705_20260814::000018,limit_up_down_breadth_top,top,limit_up_down_breadth_v1_20120705_20260814,onset,csi1000,中证1000,matched,True,limit_up_down_breadth_top::top::limit_up_down_breadth_v1_20120705_20260814::000018,2015-08-11,csi1000_medium_top_20150818,2015-08-18,2015-08-14,2015-08-18,single_lobe,1,,prediction_window,False,False,prediction,-5,5,5,limit_up_down_breadth_top::top::limit_up_down_breadth_v1_20120705_20260814::000018,2012-07-05,2026-08-14,True,True,top_bottom_regions_v2,csi1000_medium_top_20150818,prediction,single_lobe,primary_match
limit_up_down_breadth_top::top::limit_up_down_breadth_v1_20120705_20260814::onset::csi1000::missed_region::csi1000_medium_top_20150828,limit_up_down_breadth_top,top,limit_up_down_breadth_v1_20120705_20260814,onset,csi1000,中证1000,missed_region,False,,,csi1000_medium_top_20150828,2015-08-28,2015-08-28,2015-08-31,single_lobe,1,,,False,False,,,,,,2012-07-05,2026-08-14,True,True,top_bottom_regions_v2,,,,
limit_up_down_breadth_top::top::limit_up_down_breadth_v1_20120705_20260814::onset::csi1000::missed_region::csi1000_medium_top_20150914,limit_up_down_breadth_top,top,limit_up_down_breadth_v1_20120705_20260814,onset,csi1000,中证1000,missed_region,False,,,csi1000_medium_top_20150914,2015-09-14,2015-09-10,2015-09-14,single_lobe,1,,,False,False,,,,,,2012-07-05,2026-08-14,True,True,top_bottom_regions_v2,,,,
limit_up_down_breadth_top::top::limit_up_down_breadth_v1_20120705_20260814::onset::csi1000::missed_region::csi1000_medium_top_20151126,limit_up_down_breadth_top,top,limit_up_down_breadth_v1_20120705_20260814,onset,csi1000,中证1000,missed_region,False,,,csi1000_medium_top_20151126,2015-11-26,2015-11-25,2015-11-27,single_lobe,1,,,False,False,,,,,,2012-07-05,2026-08-14,True,True,top_bottom_regions_v2,,,,
limit_up_down_breadth_top::top::limit_up_down_breadth_v1_20120705_20260814::onset::csi1000::missed_region::csi1000_medium_top_20151228,limit_up_down_breadth_top,top,limit_up_down_breadth_v1_20120705_20260814,onset,csi1000,中证1000,missed_region,False,,,csi1000_medium_top_20151228,2015-12-28,2015-12-17,2015-12-31,single_lobe,1,,,False,False,,,,,,2012-07-05,2026-08-14,True,True,top_bottom_regions_v2,,,,
limit_up_down_breadth_top::top::limit_up_down_breadth_v1_20120705_20260814::onset::csi1000::missed_region::csi1000_medium_top_20160120,limit_up_down_breadth_top,top,limit_up_down_breadth_v1_20120705_20260814,onset,csi1000,中证1000,missed_region,False,,,csi1000_medium_top_20160120,2016-01-20,2016-01-19,2016-01-21,single_lobe,1,,,False,False,,,,,,2012-07-05,2026-08-14,True,True,top_bottom_regions_v2,,,,
limit_up_down_breadth_top::top::limit_up_down_breadth_v1_20120705_20260814::onset::csi1000::missed_region::csi1000_medium_top_20160223,limit_up_down_breadth_top,top,limit_up_down_breadth_v1_20120705_20260814,onset,csi1000,中证1000,missed_region,False,,,csi1000_medium_top_20160223,2016-02-23,2016-02-18,2016-02-25,single_lobe,1,,,False,False,,,,,,2012-07-05,2026-08-14,True,True,top_bottom_regions_v2,,,,
limit_up_down_breadth_top::top::limit_up_down_breadth_v1_20120705_20260814::onset::csi1000::missed_region::csi1000_medium_top_20160415,limit_up_down_breadth_top,top,limit_up_down_breadth_v1_20120705_20260814,onset,csi1000,中证1000,missed_region,False,,,csi1000_medium_top_20160415,2016-04-15,2016-04-06,2016-04-20,multi_lobe,2,,,False,False,,,,,,2012-07-05,2026-08-14,True,True,top_bottom_regions_v2,,,,
limit_up_down_breadth_top::top::limit_up_down_breadth_v1_20120705_20260814::onset::csi1000::missed_region::csi1000_medium_top_20161123,limit_up_down_breadth_top,top,limit_up_down_breadth_v1_20120705_20260814,onset,csi1000,中证1000,missed_region,False,,,csi1000_medium_top_20161123,2016-11-23,2016-11-10,2016-11-29,single_lobe,1,,,False,False,,,,,,2012-07-05,2026-08-14,True,True,top_bottom_regions_v2,,,,
limit_up_down_breadth_top::top::limit_up_down_breadth_v1_20120705_20260814::onset::csi1000::missed_region::csi1000_medium_top_20170317,limit_up_down_breadth_top,top,limit_up_down_breadth_v1_20120705_20260814,onset,csi1000,中证1000,missed_region,False,,,csi1000_medium_top_20170317,2017-03-17,2017-02-24,2017-04-07,multi_lobe,4,,,False,False,,,,,,2012-07-05,2026-08-14,True,True,top_bottom_regions_v2,,,,
limit_up_down_breadth_top::top::limit_up_down_breadth_v1_20120705_20260814::onset::csi1000::missed_region::csi1000_medium_top_20171011,limit_up_down_breadth_top,top,limit_up_down_breadth_v1_20120705_20260814,onset,csi1000,中证1000,missed_region,False,,,csi1000_medium_top_20171011,2017-10-11,2017-09-06,2017-10-16,multi_lobe,2,,,False,False,,,,,,2012-07-05,2026-08-14,True,True,top_bottom_regions_v2,,,,
limit_up_down_breadth_top::top::limit_up_down_breadth_v1_20120705_20260814::onset::csi1000::matched::limit_up_down_breadth_top::top::limit_up_down_breadth_v1_20120705_20260814::000019,limit_up_down_breadth_top,top,limit_up_down_breadth_v1_20120705_20260814,onset,csi1000,中证1000,matched,True,limit_up_down_breadth_top::top::limit_up_down_breadth_v1_20120705_20260814::000019,2018-04-03,csi1000_medium_top_20180313,2018-03-13,2018-03-09,2018-04-02,multi_lobe,2,,confirmation_window,False,False,confirmation,15,15,20,limit_up_down_breadth_top::top::limit_up_down_breadth_v1_20120705_20260814::000019,2012-07-05,2026-08-14,True,True,top_bottom_regions_v2,csi1000_medium_top_20180313,confirmation,multi_lobe,primary_match
limit_up_down_breadth_top::top::limit_up_down_breadth_v1_20120705_20260814::onset::csi1000::false_alarm::limit_up_down_breadth_top::top::limit_up_down_breadth_v1_20120705_20260814::000020,limit_up_down_breadth_top,top,limit_up_down_breadth_v1_20120705_20260814,onset,csi1000,中证1000,false_alarm,False,limit_up_down_breadth_top::top::limit_up_down_breadth_v1_20120705_20260814::000020,2018-04-16,,,,,,,,,False,False,,,,,,2012-07-05,2026-08-14,,,,csi1000_medium_top_20180313,confirmation,multi_lobe,nearest_region_for_slice_only
limit_up_down_breadth_top::top::limit_up_down_breadth_v1_20120705_20260814::onset::csi1000::false_alarm::limit_up_down_breadth_top::top::limit_up_down_breadth_v1_20120705_20260814::000021,limit_up_down_breadth_top,top,limit_up_down_breadth_v1_20120705_20260814,onset,csi1000,中证1000,false_alarm,False,limit_up_down_breadth_top::top::limit_up_down_breadth_v1_20120705_20260814::000021,2018-05-03,,,,,,,,,False,False,,,,,,2012-07-05,2026-08-14,,,,csi1000_medium_top_20180313,confirmation,multi_lobe,nearest_region_for_slice_only
limit_up_down_breadth_top::top::limit_up_down_breadth_v1_20120705_20260814::onset::csi1000::false_alarm::limit_up_down_breadth_top::top::limit_up_down_breadth_v1_20120705_20260814::000022,limit_up_down_breadth_top,top,limit_up_down_breadth_v1_20120705_20260814,onset,csi1000,中证1000,false_alarm,False,limit_up_down_breadth_top::top::limit_up_down_breadth_v1_20120705_20260814::000022,2018-05-15,,,,,,,,,False,False,,,,,,2012-07-05,2026-08-14,,,,csi1000_medium_top_20180313,confirmation,multi_lobe,nearest_region_for_slice_only
limit_up_down_breadth_top::top::limit_up_down_breadth_v1_20120705_20260814::onset::csi1000::duplicate_alarm::limit_up_down_breadth_top::top::limit_up_down_breadth_v1_20120705_20260814::000023,limit_up_down_breadth_top,top,limit_up_down_breadth_v1_20120705_20260814,onset,csi1000,中证1000,duplicate_alarm,False,limit_up_down_breadth_top::top::limit_up_down_breadth_v1_20120705_20260814::000023,2018-11-09,csi1000_medium_top_20181116,2018-11-16,2018-11-14,2018-11-22,single_lobe,1,,prediction_window,False,False,prediction,-5,5,5,limit_up_down_breadth_top::top::limit_up_down_breadth_v1_20120705_20260814::000024,2012-07-05,2026-08-14,True,True,top_bottom_regions_v2,csi1000_medium_top_20181116,prediction,single_lobe,duplicate_candidate
limit_up_down_breadth_top::top::limit_up_down_breadth_v1_20120705_20260814::onset::csi1000::matched::limit_up_down_breadth_top::top::limit_up_down_breadth_v1_20120705_20260814::000024,limit_up_down_breadth_top,top,limit_up_down_breadth_v1_20120705_20260814,onset,csi1000,中证1000,matched,True,limit_up_down_breadth_top::top::limit_up_down_breadth_v1_20120705_20260814::000024,2018-11-21,csi1000_medium_top_20181116,2018-11-16,2018-11-14,2018-11-22,single_lobe,1,csi1000_medium_top_20181116_lobe_01,core_lobe,True,True,confirmation,3,3,5,limit_up_down_breadth_top::top::limit_up_down_breadth_v1_20120705_20260814::000024,2012-07-05,2026-08-14,True,True,top_bottom_regions_v2,csi1000_medium_top_20181116,confirmation,single_lobe,primary_match
limit_up_down_breadth_top::top::limit_up_down_breadth_v1_20120705_20260814::onset::csi1000::false_alarm::limit_up_down_breadth_top::top::limit_up_down_breadth_v1_20120705_20260814::000025,limit_up_down_breadth_top,top,limit_up_down_breadth_v1_20120705_20260814,onset,csi1000,中证1000,false_alarm,False,limit_up_down_breadth_top::top::limit_up_down_breadth_v1_20120705_20260814::000025,2019-01-11,,,,,,,,,False,False,,,,,,2012-07-05,2026-08-14,,,,csi1000_medium_top_20181116,confirmation,single_lobe,nearest_region_for_slice_only
limit_up_down_breadth_top::top::limit_up_down_breadth_v1_20120705_20260814::onset::csi1000::false_alarm::limit_up_down_breadth_top::top::limit_up_down_breadth_v1_20120705_20260814::000026,limit_up_down_breadth_top,top,limit_up_down_breadth_v1_20120705_20260814,onset,csi1000,中证1000,false_alarm,False,limit_up_down_breadth_top::top::limit_up_down_breadth_v1_20120705_20260814::000026,2019-03-01,,,,,,,,,False,False,,,,,,2012-07-05,2026-08-14,,,,csi1000_medium_top_20190408,prediction,multi_lobe,nearest_region_for_slice_only
limit_up_down_breadth_top::top::limit_up_down_breadth_v1_20120705_20260814::onset::csi1000::duplicate_alarm::limit_up_down_breadth_top::top::limit_up_down_breadth_v1_20120705_20260814::000027,limit_up_down_breadth_top,top,limit_up_down_breadth_v1_20120705_20260814,onset,csi1000,中证1000,duplicate_alarm,False,limit_up_down_breadth_top::top::limit_up_down_breadth_v1_20120705_20260814::000027,2019-03-29,csi1000_medium_top_20190408,2019-04-08,2019-04-02,2019-04-22,multi_lobe,3,,prediction_window,False,False,prediction,-5,5,5,limit_up_down_breadth_top::top::limit_up_down_breadth_v1_20120705_20260814::000028,2012-07-05,2026-08-14,True,True,top_bottom_regions_v2,csi1000_medium_top_20190408,prediction,multi_lobe,duplicate_candidate
limit_up_down_breadth_top::top::limit_up_down_breadth_v1_20120705_20260814::onset::csi1000::matched::limit_up_down_breadth_top::top::limit_up_down_breadth_v1_20120705_20260814::000028,limit_up_down_breadth_top,top,limit_up_down_breadth_v1_20120705_20260814,onset,csi1000,中证1000,matched,True,limit_up_down_breadth_top::top::limit_up_down_breadth_v1_20120705_20260814::000028,2019-04-09,csi1000_medium_top_20190408,2019-04-08,2019-04-02,2019-04-22,multi_lobe,3,csi1000_medium_top_20190408_lobe_01,core_lobe,True,True,confirmation,1,1,5,limit_up_down_breadth_top::top::limit_up_down_breadth_v1_20120705_20260814::000028,2012-07-05,2026-08-14,True,True,top_bottom_regions_v2,csi1000_medium_top_20190408,confirmation,multi_lobe,primary_match
limit_up_down_breadth_top::top::limit_up_down_breadth_v1_20120705_20260814::onset::csi1000::duplicate_alarm::limit_up_down_breadth_top::top::limit_up_down_breadth_v1_20120705_20260814::000029,limit_up_down_breadth_top,top,limit_up_down_breadth_v1_20120705_20260814,onset,csi1000,中证1000,duplicate_alarm,False,limit_up_down_breadth_top::top::limit_up_down_breadth_v1_20120705_20260814::000029,2019-04-24,csi1000_medium_top_20190408,2019-04-08,2019-04-02,2019-04-22,multi_lobe,3,,confirmation_window,False,False,confirmation,12,12,20,limit_up_down_breadth_top::top::limit_up_down_breadth_v1_20120705_20260814::000028,2012-07-05,2026-08-14,True,True,top_bottom_regions_v2,csi1000_medium_top_20190408,confirmation,multi_lobe,duplicate_candidate
limit_up_down_breadth_top::top::limit_up_down_breadth_v1_20120705_20260814::onset::csi1000::missed_region::csi1000_medium_top_20200120,limit_up_down_breadth_top,top,limit_up_down_breadth_v1_20120705_20260814,onset,csi1000,中证1000,missed_region,False,,,csi1000_medium_top_20200120,2020-01-20,2020-01-07,2020-01-22,single_lobe,1,,,False,False,,,,,,2012-07-05,2026-08-14,True,True,top_bottom_regions_v2,,,,
limit_up_down_breadth_top::top::limit_up_down_breadth_v1_20120705_20260814::onset::csi1000::missed_region::csi1000_medium_top_20200225,limit_up_down_breadth_top,top,limit_up_down_breadth_v1_20120705_20260814,onset,csi1000,中证1000,missed_region,False,,,csi1000_medium_top_20200225,2020-02-25,2020-02-24,2020-03-06,multi_lobe,3,,,False,False,,,,,,2012-07-05,2026-08-14,True,True,top_bottom_regions_v2,,,,
limit_up_down_breadth_top::top::limit_up_down_breadth_v1_20120705_20260814::onset::csi1000::false_alarm::limit_up_down_breadth_top::top::limit_up_down_breadth_v1_20120705_20260814::000030,limit_up_down_breadth_top,top,limit_up_down_breadth_v1_20120705_20260814,onset,csi1000,中证1000,false_alarm,False,limit_up_down_breadth_top::top::limit_up_down_breadth_v1_20120705_20260814::000030,2020-04-14,,,,,,,,,False,False,,,,,,2012-07-05,2026-08-14,,,,csi1000_medium_top_20200225,confirmation,multi_lobe,nearest_region_for_slice_only
limit_up_down_breadth_top::top::limit_up_down_breadth_v1_20120705_20260814::onset::csi1000::duplicate_alarm::limit_up_down_breadth_top::top::limit_up_down_breadth_v1_20120705_20260814::000031,limit_up_down_breadth_top,top,limit_up_down_breadth_v1_20120705_20260814,onset,csi1000,中证1000,duplicate_alarm,False,limit_up_down_breadth_top::top::limit_up_down_breadth_v1_20120705_20260814::000031,2020-07-14,csi1000_medium_top_20200806,2020-08-06,2020-08-03,2020-08-31,multi_lobe,3,,prediction_window,False,False,prediction,-17,17,20,limit_up_down_breadth_top::top::limit_up_down_breadth_v1_20120705_20260814::000032,2012-07-05,2026-08-14,True,True,top_bottom_regions_v2,csi1000_medium_top_20200806,prediction,multi_lobe,duplicate_candidate
limit_up_down_breadth_top::top::limit_up_down_breadth_v1_20120705_20260814::onset::csi1000::matched::limit_up_down_breadth_top::top::limit_up_down_breadth_v1_20120705_20260814::000032,limit_up_down_breadth_top,top,limit_up_down_breadth_v1_20120705_20260814,onset,csi1000,中证1000,matched,True,limit_up_down_breadth_top::top::limit_up_down_breadth_v1_20120705_20260814::000032,2020-08-10,csi1000_medium_top_20200806,2020-08-06,2020-08-03,2020-08-31,multi_lobe,3,csi1000_medium_top_20200806_lobe_01,core_lobe,True,True,confirmation,2,2,5,limit_up_down_breadth_top::top::limit_up_down_breadth_v1_20120705_20260814::000032,2012-07-05,2026-08-14,True,True,top_bottom_regions_v2,csi1000_medium_top_20200806,confirmation,multi_lobe,primary_match
limit_up_down_breadth_top::top::limit_up_down_breadth_v1_20120705_20260814::onset::csi1000::false_alarm::limit_up_down_breadth_top::top::limit_up_down_breadth_v1_20120705_20260814::000033,limit_up_down_breadth_top,top,limit_up_down_breadth_v1_20120705_20260814,onset,csi1000,中证1000,false_alarm,False,limit_up_down_breadth_top::top::limit_up_down_breadth_v1_20120705_20260814::000033,2021-08-30,,,,,,,,,False,False,,,,,,2012-07-05,2026-08-14,,,,csi1000_medium_top_20211130,prediction,multi_lobe,nearest_region_for_slice_only
limit_up_down_breadth_top::top::limit_up_down_breadth_v1_20120705_20260814::onset::csi1000::duplicate_alarm::limit_up_down_breadth_top::top::limit_up_down_breadth_v1_20120705_20260814::000034,limit_up_down_breadth_top,top,limit_up_down_breadth_v1_20120705_20260814,onset,csi1000,中证1000,duplicate_alarm,False,limit_up_down_breadth_top::top::limit_up_down_breadth_v1_20120705_20260814::000034,2021-11-11,csi1000_medium_top_20211130,2021-11-30,2021-11-22,2021-12-24,multi_lobe,2,,prediction_window,False,False,prediction,-13,13,20,limit_up_down_breadth_top::top::limit_up_down_breadth_v1_20120705_20260814::000036,2012-07-05,2026-08-14,True,True,top_bottom_regions_v2,csi1000_medium_top_20211130,prediction,multi_lobe,duplicate_candidate
limit_up_down_breadth_top::top::limit_up_down_breadth_v1_20120705_20260814::onset::csi1000::duplicate_alarm::limit_up_down_breadth_top::top::limit_up_down_breadth_v1_20120705_20260814::000035,limit_up_down_breadth_top,top,limit_up_down_breadth_v1_20120705_20260814,onset,csi1000,中证1000,duplicate_alarm,False,limit_up_down_breadth_top::top::limit_up_down_breadth_v1_20120705_20260814::000035,2021-11-19,csi1000_medium_top_20211130,2021-11-30,2021-11-22,2021-12-24,multi_lobe,2,,prediction_window,False,False,prediction,-7,7,10,limit_up_down_breadth_top::top::limit_up_down_breadth_v1_20120705_20260814::000036,2012-07-05,2026-08-14,True,True,top_bottom_regions_v2,csi1000_medium_top_20211130,prediction,multi_lobe,duplicate_candidate
limit_up_down_breadth_top::top::limit_up_down_breadth_v1_20120705_20260814::onset::csi1000::matched::limit_up_down_breadth_top::top::limit_up_down_breadth_v1_20120705_20260814::000036,limit_up_down_breadth_top,top,limit_up_down_breadth_v1_20120705_20260814,onset,csi1000,中证1000,matched,True,limit_up_down_breadth_top::top::limit_up_down_breadth_v1_20120705_20260814::000036,2021-11-24,csi1000_medium_top_20211130,2021-11-30,2021-11-22,2021-12-24,multi_lobe,2,csi1000_medium_top_20211130_lobe_01,core_lobe,True,True,prediction,-4,4,5,limit_up_down_breadth_top::top::limit_up_down_breadth_v1_20120705_20260814::000036,2012-07-05,2026-08-14,True,True,top_bottom_regions_v2,csi1000_medium_top_20211130,prediction,multi_lobe,primary_match
limit_up_down_breadth_top::top::limit_up_down_breadth_v1_20120705_20260814::onset::csi1000::false_alarm::limit_up_down_breadth_top::top::limit_up_down_breadth_v1_20120705_20260814::000037,limit_up_down_breadth_top,top,limit_up_down_breadth_v1_20120705_20260814,onset,csi1000,中证1000,false_alarm,False,limit_up_down_breadth_top::top::limit_up_down_breadth_v1_20120705_20260814::000037,2022-02-16,,,,,,,,,False,False,,,,,,2012-07-05,2026-08-14,,,,csi1000_medium_top_20211130,confirmation,multi_lobe,nearest_region_for_slice_only
limit_up_down_breadth_top::top::limit_up_down_breadth_v1_20120705_20260814::onset::csi1000::false_alarm::limit_up_down_breadth_top::top::limit_up_down_breadth_v1_20120705_20260814::000038,limit_up_down_breadth_top,top,limit_up_down_breadth_v1_20120705_20260814,onset,csi1000,中证1000,false_alarm,False,limit_up_down_breadth_top::top::limit_up_down_breadth_v1_20120705_20260814::000038,2022-05-12,,,,,,,,,False,False,,,,,,2012-07-05,2026-08-14,,,,csi1000_medium_top_20220819,prediction,single_lobe,nearest_region_for_slice_only
limit_up_down_breadth_top::top::limit_up_down_breadth_v1_20120705_20260814::onset::csi1000::false_alarm::limit_up_down_breadth_top::top::limit_up_down_breadth_v1_20120705_20260814::000039,limit_up_down_breadth_top,top,limit_up_down_breadth_v1_20120705_20260814,onset,csi1000,中证1000,false_alarm,False,limit_up_down_breadth_top::top::limit_up_down_breadth_v1_20120705_20260814::000039,2022-05-16,,,,,,,,,False,False,,,,,,2012-07-05,2026-08-14,,,,csi1000_medium_top_20220819,prediction,single_lobe,nearest_region_for_slice_only
limit_up_down_breadth_top::top::limit_up_down_breadth_v1_20120705_20260814::onset::csi1000::missed_region::csi1000_medium_top_20220819,limit_up_down_breadth_top,top,limit_up_down_breadth_v1_20120705_20260814,onset,csi1000,中证1000,missed_region,False,,,csi1000_medium_top_20220819,2022-08-19,2022-08-10,2022-08-24,single_lobe,1,,,False,False,,,,,,2012-07-05,2026-08-14,True,True,top_bottom_regions_v2,,,,
limit_up_down_breadth_top::top::limit_up_down_breadth_v1_20120705_20260814::onset::csi1000::missed_region::csi1000_medium_top_20230216,limit_up_down_breadth_top,top,limit_up_down_breadth_v1_20120705_20260814,onset,csi1000,中证1000,missed_region,False,,,csi1000_medium_top_20230216,2023-02-16,2023-02-02,2023-03-07,multi_lobe,4,,,False,False,,,,,,2012-07-05,2026-08-14,True,True,top_bottom_regions_v2,,,,
limit_up_down_breadth_top::top::limit_up_down_breadth_v1_20120705_20260814::onset::csi1000::duplicate_alarm::limit_up_down_breadth_top::top::limit_up_down_breadth_v1_20120705_20260814::000040,limit_up_down_breadth_top,top,limit_up_down_breadth_v1_20120705_20260814,onset,csi1000,中证1000,duplicate_alarm,False,limit_up_down_breadth_top::top::limit_up_down_breadth_v1_20120705_20260814::000040,2024-03-05,csi1000_medium_top_20240321,2024-03-21,2024-03-18,2024-03-25,single_lobe,1,,prediction_window,False,False,prediction,-12,12,20,limit_up_down_breadth_top::top::limit_up_down_breadth_v1_20120705_20260814::000042,2012-07-05,2026-08-14,True,True,top_bottom_regions_v2,csi1000_medium_top_20240321,prediction,single_lobe,duplicate_candidate
limit_up_down_breadth_top::top::limit_up_down_breadth_v1_20120705_20260814::onset::csi1000::duplicate_alarm::limit_up_down_breadth_top::top::limit_up_down_breadth_v1_20120705_20260814::000041,limit_up_down_breadth_top,top,limit_up_down_breadth_v1_20120705_20260814,onset,csi1000,中证1000,duplicate_alarm,False,limit_up_down_breadth_top::top::limit_up_down_breadth_v1_20120705_20260814::000041,2024-03-14,csi1000_medium_top_20240321,2024-03-21,2024-03-18,2024-03-25,single_lobe,1,,prediction_window,False,False,prediction,-5,5,5,limit_up_down_breadth_top::top::limit_up_down_breadth_v1_20120705_20260814::000042,2012-07-05,2026-08-14,True,True,top_bottom_regions_v2,csi1000_medium_top_20240321,prediction,single_lobe,duplicate_candidate
limit_up_down_breadth_top::top::limit_up_down_breadth_v1_20120705_20260814::onset::csi1000::matched::limit_up_down_breadth_top::top::limit_up_down_breadth_v1_20120705_20260814::000042,limit_up_down_breadth_top,top,limit_up_down_breadth_v1_20120705_20260814,onset,csi1000,中证1000,matched,True,limit_up_down_breadth_top::top::limit_up_down_breadth_v1_20120705_20260814::000042,2024-03-26,csi1000_medium_top_20240321,2024-03-21,2024-03-18,2024-03-25,single_lobe,1,,confirmation_window,False,False,confirmation,3,3,5,limit_up_down_breadth_top::top::limit_up_down_breadth_v1_20120705_20260814::000042,2012-07-05,2026-08-14,True,True,top_bottom_regions_v2,csi1000_medium_top_20240321,confirmation,single_lobe,primary_match
limit_up_down_breadth_top::top::limit_up_down_breadth_v1_20120705_20260814::onset::csi1000::false_alarm::limit_up_down_breadth_top::top::limit_up_down_breadth_v1_20120705_20260814::000043,limit_up_down_breadth_top,top,limit_up_down_breadth_v1_20120705_20260814,onset,csi1000,中证1000,false_alarm,False,limit_up_down_breadth_top::top::limit_up_down_breadth_v1_20120705_20260814::000043,2024-05-09,,,,,,,,,False,False,,,,,,2012-07-05,2026-08-14,,,,csi1000_medium_top_20240321,confirmation,single_lobe,nearest_region_for_slice_only
limit_up_down_breadth_top::top::limit_up_down_breadth_v1_20120705_20260814::onset::csi1000::matched::limit_up_down_breadth_top::top::limit_up_down_breadth_v1_20120705_20260814::000044,limit_up_down_breadth_top,top,limit_up_down_breadth_v1_20120705_20260814,onset,csi1000,中证1000,matched,True,limit_up_down_breadth_top::top::limit_up_down_breadth_v1_20120705_20260814::000044,2024-10-15,csi1000_medium_top_20241008,2024-10-08,2024-10-08,2024-10-08,single_lobe,1,,confirmation_window,False,False,confirmation,5,5,5,limit_up_down_breadth_top::top::limit_up_down_breadth_v1_20120705_20260814::000044,2012-07-05,2026-08-14,True,True,top_bottom_regions_v2,csi1000_medium_top_20241008,confirmation,single_lobe,primary_match
limit_up_down_breadth_top::top::limit_up_down_breadth_v1_20120705_20260814::onset::csi1000::duplicate_alarm::limit_up_down_breadth_top::top::limit_up_down_breadth_v1_20120705_20260814::000045,limit_up_down_breadth_top,top,limit_up_down_breadth_v1_20120705_20260814,onset,csi1000,中证1000,duplicate_alarm,False,limit_up_down_breadth_top::top::limit_up_down_breadth_v1_20120705_20260814::000045,2024-11-04,csi1000_medium_top_20241112,2024-11-12,2024-11-08,2024-11-13,single_lobe,1,,prediction_window,False,False,prediction,-6,6,10,limit_up_down_breadth_top::top::limit_up_down_breadth_v1_20120705_20260814::000046,2012-07-05,2026-08-14,True,True,top_bottom_regions_v2,csi1000_medium_top_20241112,prediction,single_lobe,duplicate_candidate
limit_up_down_breadth_top::top::limit_up_down_breadth_v1_20120705_20260814::onset::csi1000::matched::limit_up_down_breadth_top::top::limit_up_down_breadth_v1_20120705_20260814::000046,limit_up_down_breadth_top,top,limit_up_down_breadth_v1_20120705_20260814,onset,csi1000,中证1000,matched,True,limit_up_down_breadth_top::top::limit_up_down_breadth_v1_20120705_20260814::000046,2024-11-12,csi1000_medium_top_20241112,2024-11-12,2024-11-08,2024-11-13,single_lobe,1,csi1000_medium_top_20241112_lobe_01,core_lobe,True,True,prediction,0,0,5,limit_up_down_breadth_top::top::limit_up_down_breadth_v1_20120705_20260814::000046,2012-07-05,2026-08-14,True,True,top_bottom_regions_v2,csi1000_medium_top_20241112,prediction,single_lobe,primary_match
limit_up_down_breadth_top::top::limit_up_down_breadth_v1_20120705_20260814::onset::csi1000::duplicate_alarm::limit_up_down_breadth_top::top::limit_up_down_breadth_v1_20120705_20260814::000047,limit_up_down_breadth_top,top,limit_up_down_breadth_v1_20120705_20260814,onset,csi1000,中证1000,duplicate_alarm,False,limit_up_down_breadth_top::top::limit_up_down_breadth_v1_20120705_20260814::000047,2024-12-09,csi1000_medium_top_20241112,2024-11-12,2024-11-08,2024-11-13,single_lobe,1,,confirmation_window,False,False,confirmation,19,19,20,limit_up_down_breadth_top::top::limit_up_down_breadth_v1_20120705_20260814::000046,2012-07-05,2026-08-14,True,True,top_bottom_regions_v2,csi1000_medium_top_20241112,confirmation,single_lobe,duplicate_candidate
limit_up_down_breadth_top::top::limit_up_down_breadth_v1_20120705_20260814::onset::csi1000::missed_region::csi1000_medium_top_20250318,limit_up_down_breadth_top,top,limit_up_down_breadth_v1_20120705_20260814,onset,csi1000,中证1000,missed_region,False,,,csi1000_medium_top_20250318,2025-03-18,2025-02-26,2025-03-21,multi_lobe,2,,,False,False,,,,,,2012-07-05,2026-08-14,True,True,top_bottom_regions_v2,,,,
limit_up_down_breadth_top::top::limit_up_down_breadth_v1_20120705_20260814::onset::csi1000::false_alarm::limit_up_down_breadth_top::top::limit_up_down_breadth_v1_20120705_20260814::000048,limit_up_down_breadth_top,top,limit_up_down_breadth_v1_20120705_20260814,onset,csi1000,中证1000,false_alarm,False,limit_up_down_breadth_top::top::limit_up_down_breadth_v1_20120705_20260814::000048,2025-04-17,,,,,,,,,False,False,,,,,,2012-07-05,2026-08-14,,,,csi1000_medium_top_20250318,confirmation,multi_lobe,nearest_region_for_slice_only
limit_up_down_breadth_top::top::limit_up_down_breadth_v1_20120705_20260814::onset::csi1000::false_alarm::limit_up_down_breadth_top::top::limit_up_down_breadth_v1_20120705_20260814::000049,limit_up_down_breadth_top,top,limit_up_down_breadth_v1_20120705_20260814,onset,csi1000,中证1000,false_alarm,False,limit_up_down_breadth_top::top::limit_up_down_breadth_v1_20120705_20260814::000049,2026-01-21,,,,,,,,,False,False,,,,,,2012-07-05,2026-08-14,,,,csi1000_medium_top_20260227,prediction,multi_lobe,nearest_region_for_slice_only
limit_up_down_breadth_top::top::limit_up_down_breadth_v1_20120705_20260814::onset::csi1000::missed_region::csi1000_medium_top_20260227,limit_up_down_breadth_top,top,limit_up_down_breadth_v1_20120705_20260814,onset,csi1000,中证1000,missed_region,False,,,csi1000_medium_top_20260227,2026-02-27,2026-02-25,2026-03-11,multi_lobe,2,,,False,False,,,,,,2012-07-05,2026-08-14,True,True,top_bottom_regions_v2,,,,
limit_up_down_breadth_top::top::limit_up_down_breadth_v1_20120705_20260814::onset::csi1000::matched::limit_up_down_breadth_top::top::limit_up_down_breadth_v1_20120705_20260814::000050,limit_up_down_breadth_top,top,limit_up_down_breadth_v1_20120705_20260814,onset,csi1000,中证1000,matched,True,limit_up_down_breadth_top::top::limit_up_down_breadth_v1_20120705_20260814::000050,2026-06-04,csi1000_medium_top_20260514,2026-05-14,2026-05-11,2026-05-21,multi_lobe,2,,confirmation_window,False,False,confirmation,15,15,20,limit_up_down_breadth_top::top::limit_up_down_breadth_v1_20120705_20260814::000050,2012-07-05,2026-08-14,True,True,top_bottom_regions_v2,csi1000_medium_top_20260514,confirmation,multi_lobe,primary_match
limit_up_down_breadth_top::top::limit_up_down_breadth_v1_20120705_20260814::onset::csi1000::false_alarm::limit_up_down_breadth_top::top::limit_up_down_breadth_v1_20120705_20260814::000051,limit_up_down_breadth_top,top,limit_up_down_breadth_v1_20120705_20260814,onset,csi1000,中证1000,false_alarm,False,limit_up_down_breadth_top::top::limit_up_down_breadth_v1_20120705_20260814::000051,2026-06-24,,,,,,,,,False,False,,,,,,2012-07-05,2026-08-14,,,,csi1000_medium_top_20260514,confirmation,multi_lobe,nearest_region_for_slice_only
limit_up_down_breadth_top::top::limit_up_down_breadth_v1_20120705_20260814::onset::csi1000::false_alarm::limit_up_down_breadth_top::top::limit_up_down_breadth_v1_20120705_20260814::000052,limit_up_down_breadth_top,top,limit_up_down_breadth_v1_20120705_20260814,onset,csi1000,中证1000,false_alarm,False,limit_up_down_breadth_top::top::limit_up_down_breadth_v1_20120705_20260814::000052,2026-08-12,,,,,,,,,False,False,,,,,,2012-07-05,2026-08-14,,,,csi1000_medium_top_20260514,confirmation,multi_lobe,nearest_region_for_slice_only
limit_up_down_breadth_top::top::limit_up_down_breadth_v1_20120705_20260814::onset::csi300::false_alarm::limit_up_down_breadth_top::top::limit_up_down_breadth_v1_20120705_20260814::000001,limit_up_down_breadth_top,top,limit_up_down_breadth_v1_20120705_20260814,onset,csi300,沪深300,false_alarm,False,limit_up_down_breadth_top::top::limit_up_down_breadth_v1_20120705_20260814::000001,2012-09-12,,,,,,,,,False,False,,,,,,2012-07-05,2026-08-14,,,,csi300_medium_top_20130208,prediction,single_lobe,nearest_region_for_slice_only
limit_up_down_breadth_top::top::limit_up_down_breadth_v1_20120705_20260814::onset::csi300::false_alarm::limit_up_down_breadth_top::top::limit_up_down_breadth_v1_20120705_20260814::000002,limit_up_down_breadth_top,top,limit_up_down_breadth_v1_20120705_20260814,onset,csi300,沪深300,false_alarm,False,limit_up_down_breadth_top::top::limit_up_down_breadth_v1_20120705_20260814::000002,2012-12-17,,,,,,,,,False,False,,,,,,2012-07-05,2026-08-14,,,,csi300_medium_top_20130208,prediction,single_lobe,nearest_region_for_slice_only
limit_up_down_breadth_top::top::limit_up_down_breadth_v1_20120705_20260814::onset::csi300::duplicate_alarm::limit_up_down_breadth_top::top::limit_up_down_breadth_v1_20120705_20260814::000003,limit_up_down_breadth_top,top,limit_up_down_breadth_v1_20120705_20260814,onset,csi300,沪深300,duplicate_alarm,False,limit_up_down_breadth_top::top::limit_up_down_breadth_v1_20120705_20260814::000003,2013-01-21,csi300_medium_top_20130208,2013-02-08,2013-02-01,2013-02-18,single_lobe,1,,prediction_window,False,False,prediction,-14,14,20,limit_up_down_breadth_top::top::limit_up_down_breadth_v1_20120705_20260814::000004,2012-07-05,2026-08-14,True,True,top_bottom_regions_v2,csi300_medium_top_20130208,prediction,single_lobe,duplicate_candidate
limit_up_down_breadth_top::top::limit_up_down_breadth_v1_20120705_20260814::onset::csi300::matched::limit_up_down_breadth_top::top::limit_up_down_breadth_v1_20120705_20260814::000004,limit_up_down_breadth_top,top,limit_up_down_breadth_v1_20120705_20260814,onset,csi300,沪深300,matched,True,limit_up_down_breadth_top::top::limit_up_down_breadth_v1_20120705_20260814::000004,2013-01-23,csi300_medium_top_20130208,2013-02-08,2013-02-01,2013-02-18,single_lobe,1,,prediction_window,False,False,prediction,-12,12,20,limit_up_down_breadth_top::top::limit_up_down_breadth_v1_20120705_20260814::000004,2012-07-05,2026-08-14,True,True,top_bottom_regions_v2,csi300_medium_top_20130208,prediction,single_lobe,primary_match
limit_up_down_breadth_top::top::limit_up_down_breadth_v1_20120705_20260814::onset::csi300::matched::limit_up_down_breadth_top::top::limit_up_down_breadth_v1_20120705_20260814::000005,limit_up_down_breadth_top,top,limit_up_down_breadth_v1_20120705_20260814,onset,csi300,沪深300,matched,True,limit_up_down_breadth_top::top::limit_up_down_breadth_v1_20120705_20260814::000005,2013-05-16,csi300_medium_top_20130529,2013-05-29,2013-05-20,2013-06-03,multi_lobe,2,,prediction_window,False,False,prediction,-9,9,10,limit_up_down_breadth_top::top::limit_up_down_breadth_v1_20120705_20260814::000005,2012-07-05,2026-08-14,True,True,top_bottom_regions_v2,csi300_medium_top_20130529,prediction,multi_lobe,primary_match
limit_up_down_breadth_top::top::limit_up_down_breadth_v1_20120705_20260814::onset::csi300::false_alarm::limit_up_down_breadth_top::top::limit_up_down_breadth_v1_20120705_20260814::000006,limit_up_down_breadth_top,top,limit_up_down_breadth_v1_20120705_20260814,onset,csi300,沪深300,false_alarm,False,limit_up_down_breadth_top::top::limit_up_down_breadth_v1_20120705_20260814::000006,2013-07-03,,,,,,,,,False,False,,,,,,2012-07-05,2026-08-14,,,,csi300_medium_top_20130529,confirmation,multi_lobe,nearest_region_for_slice_only
limit_up_down_breadth_top::top::limit_up_down_breadth_v1_20120705_20260814::onset::csi300::false_alarm::limit_up_down_breadth_top::top::limit_up_down_breadth_v1_20120705_20260814::000007,limit_up_down_breadth_top,top,limit_up_down_breadth_v1_20120705_20260814,onset,csi300,沪深300,false_alarm,False,limit_up_down_breadth_top::top::limit_up_down_breadth_v1_20120705_20260814::000007,2013-07-17,,,,,,,,,False,False,,,,,,2012-07-05,2026-08-14,,,,csi300_medium_top_20130529,confirmation,multi_lobe,nearest_region_for_slice_only
limit_up_down_breadth_top::top::limit_up_down_breadth_v1_20120705_20260814::onset::csi300::false_alarm::limit_up_down_breadth_top::top::limit_up_down_breadth_v1_20120705_20260814::000008,limit_up_down_breadth_top,top,limit_up_down_breadth_v1_20120705_20260814,onset,csi300,沪深300,false_alarm,False,limit_up_down_breadth_top::top::limit_up_down_breadth_v1_20120705_20260814::000008,2013-07-31,,,,,,,,,False,False,,,,,,2012-07-05,2026-08-14,,,,csi300_medium_top_20130912,prediction,single_lobe,nearest_region_for_slice_only
limit_up_down_breadth_top::top::limit_up_down_breadth_v1_20120705_20260814::onset::csi300::matched::limit_up_down_breadth_top::top::limit_up_down_breadth_v1_20120705_20260814::000009,limit_up_down_breadth_top,top,limit_up_down_breadth_v1_20120705_20260814,onset,csi300,沪深300,matched,True,limit_up_down_breadth_top::top::limit_up_down_breadth_v1_20120705_20260814::000009,2013-09-16,csi300_medium_top_20130912,2013-09-12,2013-09-11,2013-09-16,single_lobe,1,csi300_medium_top_20130912_lobe_01,core_lobe,True,True,confirmation,2,2,5,limit_up_down_breadth_top::top::limit_up_down_breadth_v1_20120705_20260814::000009,2012-07-05,2026-08-14,True,True,top_bottom_regions_v2,csi300_medium_top_20130912,confirmation,single_lobe,primary_match
limit_up_down_breadth_top::top::limit_up_down_breadth_v1_20120705_20260814::onset::csi300::duplicate_alarm::limit_up_down_breadth_top::top::limit_up_down_breadth_v1_20120705_20260814::000010,limit_up_down_breadth_top,top,limit_up_down_breadth_v1_20120705_20260814,onset,csi300,沪深300,duplicate_alarm,False,limit_up_down_breadth_top::top::limit_up_down_breadth_v1_20120705_20260814::000010,2013-09-30,csi300_medium_top_20130912,2013-09-12,2013-09-11,2013-09-16,single_lobe,1,,confirmation_window,False,False,confirmation,10,10,10,limit_up_down_breadth_top::top::limit_up_down_breadth_v1_20120705_20260814::000009,2012-07-05,2026-08-14,True,True,top_bottom_regions_v2,csi300_medium_top_20130912,confirmation,single_lobe,duplicate_candidate
limit_up_down_breadth_top::top::limit_up_down_breadth_v1_20120705_20260814::onset::csi300::missed_region::csi300_medium_top_20131204,limit_up_down_breadth_top,top,limit_up_down_breadth_v1_20120705_20260814,onset,csi300,沪深300,missed_region,False,,,csi300_medium_top_20131204,2013-12-04,2013-11-28,2013-12-10,single_lobe,1,,,False,False,,,,,,2012-07-05,2026-08-14,True,True,top_bottom_regions_v2,,,,
limit_up_down_breadth_top::top::limit_up_down_breadth_v1_20120705_20260814::onset::csi300::false_alarm::limit_up_down_breadth_top::top::limit_up_down_breadth_v1_20120705_20260814::000011,limit_up_down_breadth_top,top,limit_up_down_breadth_v1_20120705_20260814,onset,csi300,沪深300,false_alarm,False,limit_up_down_breadth_top::top::limit_up_down_breadth_v1_20120705_20260814::000011,2014-02-19,,,,,,,,,False,False,,,,,,2012-07-05,2026-08-14,,,,csi300_medium_top_20131204,confirmation,single_lobe,nearest_region_for_slice_only
limit_up_down_breadth_top::top::limit_up_down_breadth_v1_20120705_20260814::onset::csi300::matched::limit_up_down_breadth_top::top::limit_up_down_breadth_v1_20120705_20260814::000012,limit_up_down_breadth_top,top,limit_up_down_breadth_v1_20120705_20260814,onset,csi300,沪深300,matched,True,limit_up_down_breadth_top::top::limit_up_down_breadth_v1_20120705_20260814::000012,2014-12-18,csi300_medium_top_20141209,2014-12-09,2014-12-09,2014-12-09,single_lobe,1,,confirmation_window,False,False,confirmation,7,7,10,limit_up_down_breadth_top::top::limit_up_down_breadth_v1_20120705_20260814::000012,2012-07-05,2026-08-14,True,True,top_bottom_regions_v2,csi300_medium_top_20141209,confirmation,single_lobe,primary_match
limit_up_down_breadth_top::top::limit_up_down_breadth_v1_20120705_20260814::onset::csi300::missed_region::csi300_medium_top_20150109,limit_up_down_breadth_top,top,limit_up_down_breadth_v1_20120705_20260814,onset,csi300,沪深300,missed_region,False,,,csi300_medium_top_20150109,2015-01-09,2015-01-05,2015-01-09,single_lobe,1,,,False,False,,,,,,2012-07-05,2026-08-14,True,True,top_bottom_regions_v2,,,,
limit_up_down_breadth_top::top::limit_up_down_breadth_v1_20120705_20260814::onset::csi300::missed_region::csi300_medium_top_20150123,limit_up_down_breadth_top,top,limit_up_down_breadth_v1_20120705_20260814,onset,csi300,沪深300,missed_region,False,,,csi300_medium_top_20150123,2015-01-23,2015-01-22,2015-01-28,single_lobe,1,,,False,False,,,,,,2012-07-05,2026-08-14,True,True,top_bottom_regions_v2,,,,
limit_up_down_breadth_top::top::limit_up_down_breadth_v1_20120705_20260814::onset::csi300::false_alarm::limit_up_down_breadth_top::top::limit_up_down_breadth_v1_20120705_20260814::000013,limit_up_down_breadth_top,top,limit_up_down_breadth_v1_20120705_20260814,onset,csi300,沪深300,false_alarm,False,limit_up_down_breadth_top::top::limit_up_down_breadth_v1_20120705_20260814::000013,2015-03-06,,,,,,,,,False,False,,,,,,2012-07-05,2026-08-14,,,,csi300_medium_top_20150123,confirmation,single_lobe,nearest_region_for_slice_only
limit_up_down_breadth_top::top::limit_up_down_breadth_v1_20120705_20260814::onset::csi300::false_alarm::limit_up_down_breadth_top::top::limit_up_down_breadth_v1_20120705_20260814::000014,limit_up_down_breadth_top,top,limit_up_down_breadth_v1_20120705_20260814,onset,csi300,沪深300,false_alarm,False,limit_up_down_breadth_top::top::limit_up_down_breadth_v1_20120705_20260814::000014,2015-03-30,,,,,,,,,False,False,,,,,,2012-07-05,2026-08-14,,,,csi300_medium_top_20150527,prediction,single_lobe,nearest_region_for_slice_only
limit_up_down_breadth_top::top::limit_up_down_breadth_v1_20120705_20260814::onset::csi300::false_alarm::limit_up_down_breadth_top::top::limit_up_down_breadth_v1_20120705_20260814::000015,limit_up_down_breadth_top,top,limit_up_down_breadth_v1_20120705_20260814,onset,csi300,沪深300,false_alarm,False,limit_up_down_breadth_top::top::limit_up_down_breadth_v1_20120705_20260814::000015,2015-04-20,,,,,,,,,False,False,,,,,,2012-07-05,2026-08-14,,,,csi300_medium_top_20150527,prediction,single_lobe,nearest_region_for_slice_only
limit_up_down_breadth_top::top::limit_up_down_breadth_v1_20120705_20260814::onset::csi300::missed_region::csi300_medium_top_20150527,limit_up_down_breadth_top,top,limit_up_down_breadth_v1_20120705_20260814,onset,csi300,沪深300,missed_region,False,,,csi300_medium_top_20150527,2015-05-27,2015-05-26,2015-05-28,single_lobe,1,,,False,False,,,,,,2012-07-05,2026-08-14,True,True,top_bottom_regions_v2,,,,
limit_up_down_breadth_top::top::limit_up_down_breadth_v1_20120705_20260814::onset::csi300::matched::limit_up_down_breadth_top::top::limit_up_down_breadth_v1_20120705_20260814::000016,limit_up_down_breadth_top,top,limit_up_down_breadth_v1_20120705_20260814,onset,csi300,沪深300,matched,True,limit_up_down_breadth_top::top::limit_up_down_breadth_v1_20120705_20260814::000016,2015-06-09,csi300_medium_top_20150609,2015-06-09,2015-06-05,2015-06-15,single_lobe,1,csi300_medium_top_20150609_lobe_01,core_lobe,True,True,prediction,0,0,5,limit_up_down_breadth_top::top::limit_up_down_breadth_v1_20120705_20260814::000016,2012-07-05,2026-08-14,True,True,top_bottom_regions_v2,csi300_medium_top_20150609,prediction,single_lobe,primary_match
limit_up_down_breadth_top::top::limit_up_down_breadth_v1_20120705_20260814::onset::csi300::missed_region::csi300_medium_top_20150625,limit_up_down_breadth_top,top,limit_up_down_breadth_v1_20120705_20260814,onset,csi300,沪深300,missed_region,False,,,csi300_medium_top_20150625,2015-06-25,2015-06-25,2015-06-25,single_lobe,1,,,False,False,,,,,,2012-07-05,2026-08-14,True,True,top_bottom_regions_v2,,,,
limit_up_down_breadth_top::top::limit_up_down_breadth_v1_20120705_20260814::onset::csi300::missed_region::csi300_medium_top_20150701,limit_up_down_breadth_top,top,limit_up_down_breadth_v1_20120705_20260814,onset,csi300,沪深300,missed_region,False,,,csi300_medium_top_20150701,2015-07-01,2015-07-01,2015-07-01,single_lobe,1,,,False,False,,,,,,2012-07-05,2026-08-14,True,True,top_bottom_regions_v2,,,,
limit_up_down_breadth_top::top::limit_up_down_breadth_v1_20120705_20260814::onset::csi300::missed_region::csi300_medium_top_20150706,limit_up_down_breadth_top,top,limit_up_down_breadth_v1_20120705_20260814,onset,csi300,沪深300,missed_region,False,,,csi300_medium_top_20150706,2015-07-06,2015-07-06,2015-07-06,single_lobe,1,,,False,False,,,,,,2012-07-05,2026-08-14,True,True,top_bottom_regions_v2,,,,
limit_up_down_breadth_top::top::limit_up_down_breadth_v1_20120705_20260814::onset::csi300::missed_region::csi300_medium_top_20150713,limit_up_down_breadth_top,top,limit_up_down_breadth_v1_20120705_20260814,onset,csi300,沪深300,missed_region,False,,,csi300_medium_top_20150713,2015-07-13,2015-07-13,2015-07-14,single_lobe,1,,,False,False,,,,,,2012-07-05,2026-08-14,True,True,top_bottom_regions_v2,,,,
limit_up_down_breadth_top::top::limit_up_down_breadth_v1_20120705_20260814::onset::csi300::matched::limit_up_down_breadth_top::top::limit_up_down_breadth_v1_20120705_20260814::000017,limit_up_down_breadth_top,top,limit_up_down_breadth_v1_20120705_20260814,onset,csi300,沪深300,matched,True,limit_up_down_breadth_top::top::limit_up_down_breadth_v1_20120705_20260814::000017,2015-07-24,csi300_medium_top_20150724,2015-07-24,2015-07-23,2015-07-24,single_lobe,1,csi300_medium_top_20150724_lobe_01,core_lobe,True,True,prediction,0,0,5,limit_up_down_breadth_top::top::limit_up_down_breadth_v1_20120705_20260814::000017,2012-07-05,2026-08-14,True,True,top_bottom_regions_v2,csi300_medium_top_20150724,prediction,single_lobe,primary_match
limit_up_down_breadth_top::top::limit_up_down_breadth_v1_20120705_20260814::onset::csi300::matched::limit_up_down_breadth_top::top::limit_up_down_breadth_v1_20120705_20260814::000018,limit_up_down_breadth_top,top,limit_up_down_breadth_v1_20120705_20260814,onset,csi300,沪深300,matched,True,limit_up_down_breadth_top::top::limit_up_down_breadth_v1_20120705_20260814::000018,2015-08-11,csi300_medium_top_20150814,2015-08-14,2015-08-10,2015-08-18,single_lobe,1,csi300_medium_top_20150814_lobe_01,core_lobe,True,True,prediction,-3,3,5,limit_up_down_breadth_top::top::limit_up_down_breadth_v1_20120705_20260814::000018,2012-07-05,2026-08-14,True,True,top_bottom_regions_v2,csi300_medium_top_20150814,prediction,single_lobe,primary_match
limit_up_down_breadth_top::top::limit_up_down_breadth_v1_20120705_20260814::onset::csi300::missed_region::csi300_medium_top_20151109,limit_up_down_breadth_top,top,limit_up_down_breadth_v1_20120705_20260814,onset,csi300,沪深300,missed_region,False,,,csi300_medium_top_20151109,2015-11-09,2015-11-09,2015-11-17,multi_lobe,2,,,False,False,,,,,,2012-07-05,2026-08-14,True,True,top_bottom_regions_v2,,,,
limit_up_down_breadth_top::top::limit_up_down_breadth_v1_20120705_20260814::onset::csi300::missed_region::csi300_medium_top_20151223,limit_up_down_breadth_top,top,limit_up_down_breadth_v1_20120705_20260814,onset,csi300,沪深300,missed_region,False,,,csi300_medium_top_20151223,2015-12-23,2015-12-21,2015-12-24,single_lobe,1,,,False,False,,,,,,2012-07-05,2026-08-14,True,True,top_bottom_regions_v2,,,,
limit_up_down_breadth_top::top::limit_up_down_breadth_v1_20120705_20260814::onset::csi300::missed_region::csi300_medium_top_20160222,limit_up_down_breadth_top,top,limit_up_down_breadth_v1_20120705_20260814,onset,csi300,沪深300,missed_region,False,,,csi300_medium_top_20160222,2016-02-22,2016-02-18,2016-02-24,multi_lobe,2,,,False,False,,,,,,2012-07-05,2026-08-14,True,True,top_bottom_regions_v2,,,,
limit_up_down_breadth_top::top::limit_up_down_breadth_v1_20120705_20260814::onset::csi300::missed_region::csi300_medium_top_20180126,limit_up_down_breadth_top,top,limit_up_down_breadth_v1_20120705_20260814,onset,csi300,沪深300,missed_region,False,,,csi300_medium_top_20180126,2018-01-26,2018-01-22,2018-01-29,single_lobe,1,,,False,False,,,,,,2012-07-05,2026-08-14,True,True,top_bottom_regions_v2,,,,
limit_up_down_breadth_top::top::limit_up_down_breadth_v1_20120705_20260814::onset::csi300::matched::limit_up_down_breadth_top::top::limit_up_down_breadth_v1_20120705_20260814::000019,limit_up_down_breadth_top,top,limit_up_down_breadth_v1_20120705_20260814,onset,csi300,沪深300,matched,True,limit_up_down_breadth_top::top::limit_up_down_breadth_v1_20120705_20260814::000019,2018-04-03,csi300_medium_top_20180312,2018-03-12,2018-03-06,2018-03-22,single_lobe,1,,confirmation_window,False,False,confirmation,16,16,20,limit_up_down_breadth_top::top::limit_up_down_breadth_v1_20120705_20260814::000019,2012-07-05,2026-08-14,True,True,top_bottom_regions_v2,csi300_medium_top_20180312,confirmation,single_lobe,primary_match
limit_up_down_breadth_top::top::limit_up_down_breadth_v1_20120705_20260814::onset::csi300::false_alarm::limit_up_down_breadth_top::top::limit_up_down_breadth_v1_20120705_20260814::000020,limit_up_down_breadth_top,top,limit_up_down_breadth_v1_20120705_20260814,onset,csi300,沪深300,false_alarm,False,limit_up_down_breadth_top::top::limit_up_down_breadth_v1_20120705_20260814::000020,2018-04-16,,,,,,,,,False,False,,,,,,2012-07-05,2026-08-14,,,,csi300_medium_top_20180312,confirmation,single_lobe,nearest_region_for_slice_only
limit_up_down_breadth_top::top::limit_up_down_breadth_v1_20120705_20260814::onset::csi300::false_alarm::limit_up_down_breadth_top::top::limit_up_down_breadth_v1_20120705_20260814::000021,limit_up_down_breadth_top,top,limit_up_down_breadth_v1_20120705_20260814,onset,csi300,沪深300,false_alarm,False,limit_up_down_breadth_top::top::limit_up_down_breadth_v1_20120705_20260814::000021,2018-05-03,,,,,,,,,False,False,,,,,,2012-07-05,2026-08-14,,,,csi300_medium_top_20180312,confirmation,single_lobe,nearest_region_for_slice_only
limit_up_down_breadth_top::top::limit_up_down_breadth_v1_20120705_20260814::onset::csi300::false_alarm::limit_up_down_breadth_top::top::limit_up_down_breadth_v1_20120705_20260814::000022,limit_up_down_breadth_top,top,limit_up_down_breadth_v1_20120705_20260814,onset,csi300,沪深300,false_alarm,False,limit_up_down_breadth_top::top::limit_up_down_breadth_v1_20120705_20260814::000022,2018-05-15,,,,,,,,,False,False,,,,,,2012-07-05,2026-08-14,,,,csi300_medium_top_20180312,confirmation,single_lobe,nearest_region_for_slice_only
limit_up_down_breadth_top::top::limit_up_down_breadth_v1_20120705_20260814::onset::csi300::missed_region::csi300_medium_top_20180724,limit_up_down_breadth_top,top,limit_up_down_breadth_v1_20120705_20260814,onset,csi300,沪深300,missed_region,False,,,csi300_medium_top_20180724,2018-07-24,2018-07-24,2018-08-01,multi_lobe,2,,,False,False,,,,,,2012-07-05,2026-08-14,True,True,top_bottom_regions_v2,,,,
limit_up_down_breadth_top::top::limit_up_down_breadth_v1_20120705_20260814::onset::csi300::matched::limit_up_down_breadth_top::top::limit_up_down_breadth_v1_20120705_20260814::000023,limit_up_down_breadth_top,top,limit_up_down_breadth_v1_20120705_20260814,onset,csi300,沪深300,matched,True,limit_up_down_breadth_top::top::limit_up_down_breadth_v1_20120705_20260814::000023,2018-11-09,csi300_medium_top_20181022,2018-10-22,2018-10-22,2018-11-19,multi_lobe,3,,envelope,False,True,confirmation,14,14,20,limit_up_down_breadth_top::top::limit_up_down_breadth_v1_20120705_20260814::000023,2012-07-05,2026-08-14,True,True,top_bottom_regions_v2,csi300_medium_top_20181022,confirmation,multi_lobe,primary_match
limit_up_down_breadth_top::top::limit_up_down_breadth_v1_20120705_20260814::onset::csi300::false_alarm::limit_up_down_breadth_top::top::limit_up_down_breadth_v1_20120705_20260814::000024,limit_up_down_breadth_top,top,limit_up_down_breadth_v1_20120705_20260814,onset,csi300,沪深300,false_alarm,False,limit_up_down_breadth_top::top::limit_up_down_breadth_v1_20120705_20260814::000024,2018-11-21,,,,,,,,,False,False,,,,,,2012-07-05,2026-08-14,,,,csi300_medium_top_20181022,confirmation,multi_lobe,nearest_region_for_slice_only
limit_up_down_breadth_top::top::limit_up_down_breadth_v1_20120705_20260814::onset::csi300::false_alarm::limit_up_down_breadth_top::top::limit_up_down_breadth_v1_20120705_20260814::000025,limit_up_down_breadth_top,top,limit_up_down_breadth_v1_20120705_20260814,onset,csi300,沪深300,false_alarm,False,limit_up_down_breadth_top::top::limit_up_down_breadth_v1_20120705_20260814::000025,2019-01-11,,,,,,,,,False,False,,,,,,2012-07-05,2026-08-14,,,,csi300_medium_top_20181022,confirmation,multi_lobe,nearest_region_for_slice_only
limit_up_down_breadth_top::top::limit_up_down_breadth_v1_20120705_20260814::onset::csi300::false_alarm::limit_up_down_breadth_top::top::limit_up_down_breadth_v1_20120705_20260814::000026,limit_up_down_breadth_top,top,limit_up_down_breadth_v1_20120705_20260814,onset,csi300,沪深300,false_alarm,False,limit_up_down_breadth_top::top::limit_up_down_breadth_v1_20120705_20260814::000026,2019-03-01,,,,,,,,,False,False,,,,,,2012-07-05,2026-08-14,,,,csi300_medium_top_20190422,prediction,multi_lobe,nearest_region_for_slice_only
limit_up_down_breadth_top::top::limit_up_down_breadth_v1_20120705_20260814::onset::csi300::duplicate_alarm::limit_up_down_breadth_top::top::limit_up_down_breadth_v1_20120705_20260814::000027,limit_up_down_breadth_top,top,limit_up_down_breadth_v1_20120705_20260814,onset,csi300,沪深300,duplicate_alarm,False,limit_up_down_breadth_top::top::limit_up_down_breadth_v1_20120705_20260814::000027,2019-03-29,csi300_medium_top_20190422,2019-04-22,2019-04-04,2019-04-23,multi_lobe,2,,prediction_window,False,False,prediction,-15,15,20,limit_up_down_breadth_top::top::limit_up_down_breadth_v1_20120705_20260814::000028,2012-07-05,2026-08-14,True,True,top_bottom_regions_v2,csi300_medium_top_20190422,prediction,multi_lobe,duplicate_candidate
limit_up_down_breadth_top::top::limit_up_down_breadth_v1_20120705_20260814::onset::csi300::matched::limit_up_down_breadth_top::top::limit_up_down_breadth_v1_20120705_20260814::000028,limit_up_down_breadth_top,top,limit_up_down_breadth_v1_20120705_20260814,onset,csi300,沪深300,matched,True,limit_up_down_breadth_top::top::limit_up_down_breadth_v1_20120705_20260814::000028,2019-04-09,csi300_medium_top_20190422,2019-04-22,2019-04-04,2019-04-23,multi_lobe,2,csi300_medium_top_20190422_lobe_01,core_lobe,True,True,prediction,-9,9,10,limit_up_down_breadth_top::top::limit_up_down_breadth_v1_20120705_20260814::000028,2012-07-05,2026-08-14,True,True,top_bottom_regions_v2,csi300_medium_top_20190422,prediction,multi_lobe,primary_match
limit_up_down_breadth_top::top::limit_up_down_breadth_v1_20120705_20260814::onset::csi300::duplicate_alarm::limit_up_down_breadth_top::top::limit_up_down_breadth_v1_20120705_20260814::000029,limit_up_down_breadth_top,top,limit_up_down_breadth_v1_20120705_20260814,onset,csi300,沪深300,duplicate_alarm,False,limit_up_down_breadth_top::top::limit_up_down_breadth_v1_20120705_20260814::000029,2019-04-24,csi300_medium_top_20190422,2019-04-22,2019-04-04,2019-04-23,multi_lobe,2,,confirmation_window,False,False,confirmation,2,2,5,limit_up_down_breadth_top::top::limit_up_down_breadth_v1_20120705_20260814::000028,2012-07-05,2026-08-14,True,True,top_bottom_regions_v2,csi300_medium_top_20190422,confirmation,multi_lobe,duplicate_candidate
limit_up_down_breadth_top::top::limit_up_down_breadth_v1_20120705_20260814::onset::csi300::missed_region::csi300_medium_top_20190702,limit_up_down_breadth_top,top,limit_up_down_breadth_v1_20120705_20260814,onset,csi300,沪深300,missed_region,False,,,csi300_medium_top_20190702,2019-07-02,2019-07-01,2019-07-08,single_lobe,1,,,False,False,,,,,,2012-07-05,2026-08-14,True,True,top_bottom_regions_v2,,,,
limit_up_down_breadth_top::top::limit_up_down_breadth_v1_20120705_20260814::onset::csi300::missed_region::csi300_medium_top_20200114,limit_up_down_breadth_top,top,limit_up_down_breadth_v1_20120705_20260814,onset,csi300,沪深300,missed_region,False,,,csi300_medium_top_20200114,2020-01-14,2020-01-02,2020-01-20,single_lobe,1,,,False,False,,,,,,2012-07-05,2026-08-14,True,True,top_bottom_regions_v2,,,,
limit_up_down_breadth_top::top::limit_up_down_breadth_v1_20120705_20260814::onset::csi300::missed_region::csi300_medium_top_20200305,limit_up_down_breadth_top,top,limit_up_down_breadth_v1_20120705_20260814,onset,csi300,沪深300,missed_region,False,,,csi300_medium_top_20200305,2020-03-05,2020-02-20,2020-03-06,multi_lobe,3,,,False,False,,,,,,2012-07-05,2026-08-14,True,True,top_bottom_regions_v2,,,,
limit_up_down_breadth_top::top::limit_up_down_breadth_v1_20120705_20260814::onset::csi300::false_alarm::limit_up_down_breadth_top::top::limit_up_down_breadth_v1_20120705_20260814::000030,limit_up_down_breadth_top,top,limit_up_down_breadth_v1_20120705_20260814,onset,csi300,沪深300,false_alarm,False,limit_up_down_breadth_top::top::limit_up_down_breadth_v1_20120705_20260814::000030,2020-04-14,,,,,,,,,False,False,,,,,,2012-07-05,2026-08-14,,,,csi300_medium_top_20200305,confirmation,multi_lobe,nearest_region_for_slice_only
limit_up_down_breadth_top::top::limit_up_down_breadth_v1_20120705_20260814::onset::csi300::false_alarm::limit_up_down_breadth_top::top::limit_up_down_breadth_v1_20120705_20260814::000031,limit_up_down_breadth_top,top,limit_up_down_breadth_v1_20120705_20260814,onset,csi300,沪深300,false_alarm,False,limit_up_down_breadth_top::top::limit_up_down_breadth_v1_20120705_20260814::000031,2020-07-14,,,,,,,,,False,False,,,,,,2012-07-05,2026-08-14,,,,csi300_medium_top_20200305,confirmation,multi_lobe,nearest_region_for_slice_only
limit_up_down_breadth_top::top::limit_up_down_breadth_v1_20120705_20260814::onset::csi300::false_alarm::limit_up_down_breadth_top::top::limit_up_down_breadth_v1_20120705_20260814::000032,limit_up_down_breadth_top,top,limit_up_down_breadth_v1_20120705_20260814,onset,csi300,沪深300,false_alarm,False,limit_up_down_breadth_top::top::limit_up_down_breadth_v1_20120705_20260814::000032,2020-08-10,,,,,,,,,False,False,,,,,,2012-07-05,2026-08-14,,,,csi300_medium_top_20200305,confirmation,multi_lobe,nearest_region_for_slice_only
limit_up_down_breadth_top::top::limit_up_down_breadth_v1_20120705_20260814::onset::csi300::missed_region::csi300_medium_top_20210218,limit_up_down_breadth_top,top,limit_up_down_breadth_v1_20120705_20260814,onset,csi300,沪深300,missed_region,False,,,csi300_medium_top_20210218,2021-02-18,2021-02-18,2021-02-18,single_lobe,1,,,False,False,,,,,,2012-07-05,2026-08-14,True,True,top_bottom_regions_v2,,,,
limit_up_down_breadth_top::top::limit_up_down_breadth_v1_20120705_20260814::onset::csi300::missed_region::csi300_medium_top_20210527,limit_up_down_breadth_top,top,limit_up_down_breadth_v1_20120705_20260814,onset,csi300,沪深300,missed_region,False,,,csi300_medium_top_20210527,2021-05-27,2021-05-25,2021-06-10,multi_lobe,2,,,False,False,,,,,,2012-07-05,2026-08-14,True,True,top_bottom_regions_v2,,,,
limit_up_down_breadth_top::top::limit_up_down_breadth_v1_20120705_20260814::onset::csi300::false_alarm::limit_up_down_breadth_top::top::limit_up_down_breadth_v1_20120705_20260814::000033,limit_up_down_breadth_top,top,limit_up_down_breadth_v1_20120705_20260814,onset,csi300,沪深300,false_alarm,False,limit_up_down_breadth_top::top::limit_up_down_breadth_v1_20120705_20260814::000033,2021-08-30,,,,,,,,,False,False,,,,,,2012-07-05,2026-08-14,,,,csi300_medium_top_20210527,confirmation,multi_lobe,nearest_region_for_slice_only
limit_up_down_breadth_top::top::limit_up_down_breadth_v1_20120705_20260814::onset::csi300::false_alarm::limit_up_down_breadth_top::top::limit_up_down_breadth_v1_20120705_20260814::000034,limit_up_down_breadth_top,top,limit_up_down_breadth_v1_20120705_20260814,onset,csi300,沪深300,false_alarm,False,limit_up_down_breadth_top::top::limit_up_down_breadth_v1_20120705_20260814::000034,2021-11-11,,,,,,,,,False,False,,,,,,2012-07-05,2026-08-14,,,,csi300_medium_top_20211213,prediction,single_lobe,nearest_region_for_slice_only
limit_up_down_breadth_top::top::limit_up_down_breadth_v1_20120705_20260814::onset::csi300::duplicate_alarm::limit_up_down_breadth_top::top::limit_up_down_breadth_v1_20120705_20260814::000035,limit_up_down_breadth_top,top,limit_up_down_breadth_v1_20120705_20260814,onset,csi300,沪深300,duplicate_alarm,False,limit_up_down_breadth_top::top::limit_up_down_breadth_v1_20120705_20260814::000035,2021-11-19,csi300_medium_top_20211213,2021-12-13,2021-12-09,2021-12-15,single_lobe,1,,prediction_window,False,False,prediction,-16,16,20,limit_up_down_breadth_top::top::limit_up_down_breadth_v1_20120705_20260814::000036,2012-07-05,2026-08-14,True,True,top_bottom_regions_v2,csi300_medium_top_20211213,prediction,single_lobe,duplicate_candidate
limit_up_down_breadth_top::top::limit_up_down_breadth_v1_20120705_20260814::onset::csi300::matched::limit_up_down_breadth_top::top::limit_up_down_breadth_v1_20120705_20260814::000036,limit_up_down_breadth_top,top,limit_up_down_breadth_v1_20120705_20260814,onset,csi300,沪深300,matched,True,limit_up_down_breadth_top::top::limit_up_down_breadth_v1_20120705_20260814::000036,2021-11-24,csi300_medium_top_20211213,2021-12-13,2021-12-09,2021-12-15,single_lobe,1,,prediction_window,False,False,prediction,-13,13,20,limit_up_down_breadth_top::top::limit_up_down_breadth_v1_20120705_20260814::000036,2012-07-05,2026-08-14,True,True,top_bottom_regions_v2,csi300_medium_top_20211213,prediction,single_lobe,primary_match
limit_up_down_breadth_top::top::limit_up_down_breadth_v1_20120705_20260814::onset::csi300::false_alarm::limit_up_down_breadth_top::top::limit_up_down_breadth_v1_20120705_20260814::000037,limit_up_down_breadth_top,top,limit_up_down_breadth_v1_20120705_20260814,onset,csi300,沪深300,false_alarm,False,limit_up_down_breadth_top::top::limit_up_down_breadth_v1_20120705_20260814::000037,2022-02-16,,,,,,,,,False,False,,,,,,2012-07-05,2026-08-14,,,,csi300_medium_top_20220317,prediction,multi_lobe,nearest_region_for_slice_only
limit_up_down_breadth_top::top::limit_up_down_breadth_v1_20120705_20260814::onset::csi300::missed_region::csi300_medium_top_20220317,limit_up_down_breadth_top,top,limit_up_down_breadth_v1_20120705_20260814,onset,csi300,沪深300,missed_region,False,,,csi300_medium_top_20220317,2022-03-17,2022-03-17,2022-04-07,multi_lobe,2,,,False,False,,,,,,2012-07-05,2026-08-14,True,True,top_bottom_regions_v2,,,,
limit_up_down_breadth_top::top::limit_up_down_breadth_v1_20120705_20260814::onset::csi300::false_alarm::limit_up_down_breadth_top::top::limit_up_down_breadth_v1_20120705_20260814::000038,limit_up_down_breadth_top,top,limit_up_down_breadth_v1_20120705_20260814,onset,csi300,沪深300,false_alarm,False,limit_up_down_breadth_top::top::limit_up_down_breadth_v1_20120705_20260814::000038,2022-05-12,,,,,,,,,False,False,,,,,,2012-07-05,2026-08-14,,,,csi300_medium_top_20220705,prediction,single_lobe,nearest_region_for_slice_only
limit_up_down_breadth_top::top::limit_up_down_breadth_v1_20120705_20260814::onset::csi300::false_alarm::limit_up_down_breadth_top::top::limit_up_down_breadth_v1_20120705_20260814::000039,limit_up_down_breadth_top,top,limit_up_down_breadth_v1_20120705_20260814,onset,csi300,沪深300,false_alarm,False,limit_up_down_breadth_top::top::limit_up_down_breadth_v1_20120705_20260814::000039,2022-05-16,,,,,,,,,False,False,,,,,,2012-07-05,2026-08-14,,,,csi300_medium_top_20220705,prediction,single_lobe,nearest_region_for_slice_only
limit_up_down_breadth_top::top::limit_up_down_breadth_v1_20120705_20260814::onset::csi300::missed_region::csi300_medium_top_20220705,limit_up_down_breadth_top,top,limit_up_down_breadth_v1_20120705_20260814,onset,csi300,沪深300,missed_region,False,,,csi300_medium_top_20220705,2022-07-05,2022-06-27,2022-07-08,single_lobe,1,,,False,False,,,,,,2012-07-05,2026-08-14,True,True,top_bottom_regions_v2,,,,
limit_up_down_breadth_top::top::limit_up_down_breadth_v1_20120705_20260814::onset::csi300::missed_region::csi300_medium_top_20230130,limit_up_down_breadth_top,top,limit_up_down_breadth_v1_20120705_20260814,onset,csi300,沪深300,missed_region,False,,,csi300_medium_top_20230130,2023-01-30,2023-01-30,2023-02-02,single_lobe,1,,,False,False,,,,,,2012-07-05,2026-08-14,True,True,top_bottom_regions_v2,,,,
limit_up_down_breadth_top::top::limit_up_down_breadth_v1_20120705_20260814::onset::csi300::false_alarm::limit_up_down_breadth_top::top::limit_up_down_breadth_v1_20120705_20260814::000040,limit_up_down_breadth_top,top,limit_up_down_breadth_v1_20120705_20260814,onset,csi300,沪深300,false_alarm,False,limit_up_down_breadth_top::top::limit_up_down_breadth_v1_20120705_20260814::000040,2024-03-05,,,,,,,,,False,False,,,,,,2012-07-05,2026-08-14,,,,csi300_medium_top_20240520,prediction,multi_lobe,nearest_region_for_slice_only
limit_up_down_breadth_top::top::limit_up_down_breadth_v1_20120705_20260814::onset::csi300::false_alarm::limit_up_down_breadth_top::top::limit_up_down_breadth_v1_20120705_20260814::000041,limit_up_down_breadth_top,top,limit_up_down_breadth_v1_20120705_20260814,onset,csi300,沪深300,false_alarm,False,limit_up_down_breadth_top::top::limit_up_down_breadth_v1_20120705_20260814::000041,2024-03-14,,,,,,,,,False,False,,,,,,2012-07-05,2026-08-14,,,,csi300_medium_top_20240520,prediction,multi_lobe,nearest_region_for_slice_only
limit_up_down_breadth_top::top::limit_up_down_breadth_v1_20120705_20260814::onset::csi300::false_alarm::limit_up_down_breadth_top::top::limit_up_down_breadth_v1_20120705_20260814::000042,limit_up_down_breadth_top,top,limit_up_down_breadth_v1_20120705_20260814,onset,csi300,沪深300,false_alarm,False,limit_up_down_breadth_top::top::limit_up_down_breadth_v1_20120705_20260814::000042,2024-03-26,,,,,,,,,False,False,,,,,,2012-07-05,2026-08-14,,,,csi300_medium_top_20240520,prediction,multi_lobe,nearest_region_for_slice_only
limit_up_down_breadth_top::top::limit_up_down_breadth_v1_20120705_20260814::onset::csi300::matched::limit_up_down_breadth_top::top::limit_up_down_breadth_v1_20120705_20260814::000043,limit_up_down_breadth_top,top,limit_up_down_breadth_v1_20120705_20260814,onset,csi300,沪深300,matched,True,limit_up_down_breadth_top::top::limit_up_down_breadth_v1_20120705_20260814::000043,2024-05-09,csi300_medium_top_20240520,2024-05-20,2024-04-29,2024-05-28,multi_lobe,2,csi300_medium_top_20240520_lobe_02,core_lobe,True,True,prediction,-7,7,10,limit_up_down_breadth_top::top::limit_up_down_breadth_v1_20120705_20260814::000043,2012-07-05,2026-08-14,True,True,top_bottom_regions_v2,csi300_medium_top_20240520,prediction,multi_lobe,primary_match
limit_up_down_breadth_top::top::limit_up_down_breadth_v1_20120705_20260814::onset::csi300::matched::limit_up_down_breadth_top::top::limit_up_down_breadth_v1_20120705_20260814::000044,limit_up_down_breadth_top,top,limit_up_down_breadth_v1_20120705_20260814,onset,csi300,沪深300,matched,True,limit_up_down_breadth_top::top::limit_up_down_breadth_v1_20120705_20260814::000044,2024-10-15,csi300_medium_top_20241008,2024-10-08,2024-10-08,2024-10-08,single_lobe,1,,confirmation_window,False,False,confirmation,5,5,5,limit_up_down_breadth_top::top::limit_up_down_breadth_v1_20120705_20260814::000044,2012-07-05,2026-08-14,True,True,top_bottom_regions_v2,csi300_medium_top_20241008,confirmation,single_lobe,primary_match
limit_up_down_breadth_top::top::limit_up_down_breadth_v1_20120705_20260814::onset::csi300::duplicate_alarm::limit_up_down_breadth_top::top::limit_up_down_breadth_v1_20120705_20260814::000045,limit_up_down_breadth_top,top,limit_up_down_breadth_v1_20120705_20260814,onset,csi300,沪深300,duplicate_alarm,False,limit_up_down_breadth_top::top::limit_up_down_breadth_v1_20120705_20260814::000045,2024-11-04,csi300_medium_top_20241108,2024-11-08,2024-11-07,2024-11-12,single_lobe,1,,prediction_window,False,False,prediction,-4,4,5,limit_up_down_breadth_top::top::limit_up_down_breadth_v1_20120705_20260814::000046,2012-07-05,2026-08-14,True,True,top_bottom_regions_v2,csi300_medium_top_20241108,prediction,single_lobe,duplicate_candidate
limit_up_down_breadth_top::top::limit_up_down_breadth_v1_20120705_20260814::onset::csi300::matched::limit_up_down_breadth_top::top::limit_up_down_breadth_v1_20120705_20260814::000046,limit_up_down_breadth_top,top,limit_up_down_breadth_v1_20120705_20260814,onset,csi300,沪深300,matched,True,limit_up_down_breadth_top::top::limit_up_down_breadth_v1_20120705_20260814::000046,2024-11-12,csi300_medium_top_20241108,2024-11-08,2024-11-07,2024-11-12,single_lobe,1,csi300_medium_top_20241108_lobe_01,core_lobe,True,True,confirmation,2,2,5,limit_up_down_breadth_top::top::limit_up_down_breadth_v1_20120705_20260814::000046,2012-07-05,2026-08-14,True,True,top_bottom_regions_v2,csi300_medium_top_20241108,confirmation,single_lobe,primary_match
limit_up_down_breadth_top::top::limit_up_down_breadth_v1_20120705_20260814::onset::csi300::false_alarm::limit_up_down_breadth_top::top::limit_up_down_breadth_v1_20120705_20260814::000047,limit_up_down_breadth_top,top,limit_up_down_breadth_v1_20120705_20260814,onset,csi300,沪深300,false_alarm,False,limit_up_down_breadth_top::top::limit_up_down_breadth_v1_20120705_20260814::000047,2024-12-09,,,,,,,,,False,False,,,,,,2012-07-05,2026-08-14,,,,csi300_medium_top_20241108,confirmation,single_lobe,nearest_region_for_slice_only
limit_up_down_breadth_top::top::limit_up_down_breadth_v1_20120705_20260814::onset::csi300::false_alarm::limit_up_down_breadth_top::top::limit_up_down_breadth_v1_20120705_20260814::000048,limit_up_down_breadth_top,top,limit_up_down_breadth_v1_20120705_20260814,onset,csi300,沪深300,false_alarm,False,limit_up_down_breadth_top::top::limit_up_down_breadth_v1_20120705_20260814::000048,2025-04-17,,,,,,,,,False,False,,,,,,2012-07-05,2026-08-14,,,,csi300_medium_top_20241108,confirmation,single_lobe,nearest_region_for_slice_only
limit_up_down_breadth_top::top::limit_up_down_breadth_v1_20120705_20260814::onset::csi300::matched::limit_up_down_breadth_top::top::limit_up_down_breadth_v1_20120705_20260814::000049,limit_up_down_breadth_top,top,limit_up_down_breadth_v1_20120705_20260814,onset,csi300,沪深300,matched,True,limit_up_down_breadth_top::top::limit_up_down_breadth_v1_20120705_20260814::000049,2026-01-21,csi300_medium_top_20260113,2026-01-13,2026-01-06,2026-01-29,multi_lobe,4,csi300_medium_top_20260113_lobe_02,core_lobe,True,True,confirmation,6,6,10,limit_up_down_breadth_top::top::limit_up_down_breadth_v1_20120705_20260814::000049,2012-07-05,2026-08-14,True,True,top_bottom_regions_v2,csi300_medium_top_20260113,confirmation,multi_lobe,primary_match
limit_up_down_breadth_top::top::limit_up_down_breadth_v1_20120705_20260814::onset::csi300::duplicate_alarm::limit_up_down_breadth_top::top::limit_up_down_breadth_v1_20120705_20260814::000050,limit_up_down_breadth_top,top,limit_up_down_breadth_v1_20120705_20260814,onset,csi300,沪深300,duplicate_alarm,False,limit_up_down_breadth_top::top::limit_up_down_breadth_v1_20120705_20260814::000050,2026-06-04,csi300_medium_top_20260623,2026-06-23,2026-05-27,2026-07-01,multi_lobe,5,,envelope,False,False,prediction,-12,12,20,limit_up_down_breadth_top::top::limit_up_down_breadth_v1_20120705_20260814::000051,2012-07-05,2026-08-14,True,True,top_bottom_regions_v2,csi300_medium_top_20260623,prediction,multi_lobe,duplicate_candidate
limit_up_down_breadth_top::top::limit_up_down_breadth_v1_20120705_20260814::onset::csi300::matched::limit_up_down_breadth_top::top::limit_up_down_breadth_v1_20120705_20260814::000051,limit_up_down_breadth_top,top,limit_up_down_breadth_v1_20120705_20260814,onset,csi300,沪深300,matched,True,limit_up_down_breadth_top::top::limit_up_down_breadth_v1_20120705_20260814::000051,2026-06-24,csi300_medium_top_20260623,2026-06-23,2026-05-27,2026-07-01,multi_lobe,5,,envelope,False,True,confirmation,1,1,5,limit_up_down_breadth_top::top::limit_up_down_breadth_v1_20120705_20260814::000051,2012-07-05,2026-08-14,True,True,top_bottom_regions_v2,csi300_medium_top_20260623,confirmation,multi_lobe,primary_match
limit_up_down_breadth_top::top::limit_up_down_breadth_v1_20120705_20260814::onset::csi300::false_alarm::limit_up_down_breadth_top::top::limit_up_down_breadth_v1_20120705_20260814::000052,limit_up_down_breadth_top,top,limit_up_down_breadth_v1_20120705_20260814,onset,csi300,沪深300,false_alarm,False,limit_up_down_breadth_top::top::limit_up_down_breadth_v1_20120705_20260814::000052,2026-08-12,,,,,,,,,False,False,,,,,,2012-07-05,2026-08-14,,,,csi300_medium_top_20260623,confirmation,multi_lobe,nearest_region_for_slice_only
limit_up_down_breadth_top::top::limit_up_down_breadth_v1_20120705_20260814::onset::csi500::false_alarm::limit_up_down_breadth_top::top::limit_up_down_breadth_v1_20120705_20260814::000001,limit_up_down_breadth_top,top,limit_up_down_breadth_v1_20120705_20260814,onset,csi500,中证500,false_alarm,False,limit_up_down_breadth_top::top::limit_up_down_breadth_v1_20120705_20260814::000001,2012-09-12,,,,,,,,,False,False,,,,,,2012-07-05,2026-08-14,,,,csi500_medium_top_20130531,prediction,single_lobe,nearest_region_for_slice_only
limit_up_down_breadth_top::top::limit_up_down_breadth_v1_20120705_20260814::onset::csi500::false_alarm::limit_up_down_breadth_top::top::limit_up_down_breadth_v1_20120705_20260814::000002,limit_up_down_breadth_top,top,limit_up_down_breadth_v1_20120705_20260814,onset,csi500,中证500,false_alarm,False,limit_up_down_breadth_top::top::limit_up_down_breadth_v1_20120705_20260814::000002,2012-12-17,,,,,,,,,False,False,,,,,,2012-07-05,2026-08-14,,,,csi500_medium_top_20130531,prediction,single_lobe,nearest_region_for_slice_only
limit_up_down_breadth_top::top::limit_up_down_breadth_v1_20120705_20260814::onset::csi500::false_alarm::limit_up_down_breadth_top::top::limit_up_down_breadth_v1_20120705_20260814::000003,limit_up_down_breadth_top,top,limit_up_down_breadth_v1_20120705_20260814,onset,csi500,中证500,false_alarm,False,limit_up_down_breadth_top::top::limit_up_down_breadth_v1_20120705_20260814::000003,2013-01-21,,,,,,,,,False,False,,,,,,2012-07-05,2026-08-14,,,,csi500_medium_top_20130531,prediction,single_lobe,nearest_region_for_slice_only
limit_up_down_breadth_top::top::limit_up_down_breadth_v1_20120705_20260814::onset::csi500::false_alarm::limit_up_down_breadth_top::top::limit_up_down_breadth_v1_20120705_20260814::000004,limit_up_down_breadth_top,top,limit_up_down_breadth_v1_20120705_20260814,onset,csi500,中证500,false_alarm,False,limit_up_down_breadth_top::top::limit_up_down_breadth_v1_20120705_20260814::000004,2013-01-23,,,,,,,,,False,False,,,,,,2012-07-05,2026-08-14,,,,csi500_medium_top_20130531,prediction,single_lobe,nearest_region_for_slice_only
limit_up_down_breadth_top::top::limit_up_down_breadth_v1_20120705_20260814::onset::csi500::matched::limit_up_down_breadth_top::top::limit_up_down_breadth_v1_20120705_20260814::000005,limit_up_down_breadth_top,top,limit_up_down_breadth_v1_20120705_20260814,onset,csi500,中证500,matched,True,limit_up_down_breadth_top::top::limit_up_down_breadth_v1_20120705_20260814::000005,2013-05-16,csi500_medium_top_20130531,2013-05-31,2013-05-27,2013-06-04,single_lobe,1,,prediction_window,False,False,prediction,-11,11,20,limit_up_down_breadth_top::top::limit_up_down_breadth_v1_20120705_20260814::000005,2012-07-05,2026-08-14,True,True,top_bottom_regions_v2,csi500_medium_top_20130531,prediction,single_lobe,primary_match
limit_up_down_breadth_top::top::limit_up_down_breadth_v1_20120705_20260814::onset::csi500::duplicate_alarm::limit_up_down_breadth_top::top::limit_up_down_breadth_v1_20120705_20260814::000006,limit_up_down_breadth_top,top,limit_up_down_breadth_v1_20120705_20260814,onset,csi500,中证500,duplicate_alarm,False,limit_up_down_breadth_top::top::limit_up_down_breadth_v1_20120705_20260814::000006,2013-07-03,csi500_medium_top_20130531,2013-05-31,2013-05-27,2013-06-04,single_lobe,1,,confirmation_window,False,False,confirmation,20,20,20,limit_up_down_breadth_top::top::limit_up_down_breadth_v1_20120705_20260814::000005,2012-07-05,2026-08-14,True,True,top_bottom_regions_v2,csi500_medium_top_20130531,confirmation,single_lobe,duplicate_candidate
limit_up_down_breadth_top::top::limit_up_down_breadth_v1_20120705_20260814::onset::csi500::false_alarm::limit_up_down_breadth_top::top::limit_up_down_breadth_v1_20120705_20260814::000007,limit_up_down_breadth_top,top,limit_up_down_breadth_v1_20120705_20260814,onset,csi500,中证500,false_alarm,False,limit_up_down_breadth_top::top::limit_up_down_breadth_v1_20120705_20260814::000007,2013-07-17,,,,,,,,,False,False,,,,,,2012-07-05,2026-08-14,,,,csi500_medium_top_20130531,confirmation,single_lobe,nearest_region_for_slice_only
limit_up_down_breadth_top::top::limit_up_down_breadth_v1_20120705_20260814::onset::csi500::false_alarm::limit_up_down_breadth_top::top::limit_up_down_breadth_v1_20120705_20260814::000008,limit_up_down_breadth_top,top,limit_up_down_breadth_v1_20120705_20260814,onset,csi500,中证500,false_alarm,False,limit_up_down_breadth_top::top::limit_up_down_breadth_v1_20120705_20260814::000008,2013-07-31,,,,,,,,,False,False,,,,,,2012-07-05,2026-08-14,,,,csi500_medium_top_20130531,confirmation,single_lobe,nearest_region_for_slice_only
limit_up_down_breadth_top::top::limit_up_down_breadth_v1_20120705_20260814::onset::csi500::duplicate_alarm::limit_up_down_breadth_top::top::limit_up_down_breadth_v1_20120705_20260814::000009,limit_up_down_breadth_top,top,limit_up_down_breadth_v1_20120705_20260814,onset,csi500,中证500,duplicate_alarm,False,limit_up_down_breadth_top::top::limit_up_down_breadth_v1_20120705_20260814::000009,2013-09-16,csi500_medium_top_20131022,2013-10-22,2013-10-11,2013-10-23,multi_lobe,2,,prediction_window,False,False,prediction,-19,19,20,limit_up_down_breadth_top::top::limit_up_down_breadth_v1_20120705_20260814::000010,2012-07-05,2026-08-14,True,True,top_bottom_regions_v2,csi500_medium_top_20131022,prediction,multi_lobe,duplicate_candidate
limit_up_down_breadth_top::top::limit_up_down_breadth_v1_20120705_20260814::onset::csi500::matched::limit_up_down_breadth_top::top::limit_up_down_breadth_v1_20120705_20260814::000010,limit_up_down_breadth_top,top,limit_up_down_breadth_v1_20120705_20260814,onset,csi500,中证500,matched,True,limit_up_down_breadth_top::top::limit_up_down_breadth_v1_20120705_20260814::000010,2013-09-30,csi500_medium_top_20131022,2013-10-22,2013-10-11,2013-10-23,multi_lobe,2,,prediction_window,False,False,prediction,-11,11,20,limit_up_down_breadth_top::top::limit_up_down_breadth_v1_20120705_20260814::000010,2012-07-05,2026-08-14,True,True,top_bottom_regions_v2,csi500_medium_top_20131022,prediction,multi_lobe,primary_match
limit_up_down_breadth_top::top::limit_up_down_breadth_v1_20120705_20260814::onset::csi500::matched::limit_up_down_breadth_top::top::limit_up_down_breadth_v1_20120705_20260814::000011,limit_up_down_breadth_top,top,limit_up_down_breadth_v1_20120705_20260814,onset,csi500,中证500,matched,True,limit_up_down_breadth_top::top::limit_up_down_breadth_v1_20120705_20260814::000011,2014-02-19,csi500_medium_top_20140219,2014-02-19,2014-02-17,2014-02-21,single_lobe,1,csi500_medium_top_20140219_lobe_01,core_lobe,True,True,prediction,0,0,5,limit_up_down_breadth_top::top::limit_up_down_breadth_v1_20120705_20260814::000011,2012-07-05,2026-08-14,True,True,top_bottom_regions_v2,csi500_medium_top_20140219,prediction,single_lobe,primary_match
limit_up_down_breadth_top::top::limit_up_down_breadth_v1_20120705_20260814::onset::csi500::false_alarm::limit_up_down_breadth_top::top::limit_up_down_breadth_v1_20120705_20260814::000012,limit_up_down_breadth_top,top,limit_up_down_breadth_v1_20120705_20260814,onset,csi500,中证500,false_alarm,False,limit_up_down_breadth_top::top::limit_up_down_breadth_v1_20120705_20260814::000012,2014-12-18,,,,,,,,,False,False,,,,,,2012-07-05,2026-08-14,,,,csi500_medium_top_20150528,prediction,single_lobe,nearest_region_for_slice_only
limit_up_down_breadth_top::top::limit_up_down_breadth_v1_20120705_20260814::onset::csi500::false_alarm::limit_up_down_breadth_top::top::limit_up_down_breadth_v1_20120705_20260814::000013,limit_up_down_breadth_top,top,limit_up_down_breadth_v1_20120705_20260814,onset,csi500,中证500,false_alarm,False,limit_up_down_breadth_top::top::limit_up_down_breadth_v1_20120705_20260814::000013,2015-03-06,,,,,,,,,False,False,,,,,,2012-07-05,2026-08-14,,,,csi500_medium_top_20150528,prediction,single_lobe,nearest_region_for_slice_only
limit_up_down_breadth_top::top::limit_up_down_breadth_v1_20120705_20260814::onset::csi500::false_alarm::limit_up_down_breadth_top::top::limit_up_down_breadth_v1_20120705_20260814::000014,limit_up_down_breadth_top,top,limit_up_down_breadth_v1_20120705_20260814,onset,csi500,中证500,false_alarm,False,limit_up_down_breadth_top::top::limit_up_down_breadth_v1_20120705_20260814::000014,2015-03-30,,,,,,,,,False,False,,,,,,2012-07-05,2026-08-14,,,,csi500_medium_top_20150528,prediction,single_lobe,nearest_region_for_slice_only
limit_up_down_breadth_top::top::limit_up_down_breadth_v1_20120705_20260814::onset::csi500::false_alarm::limit_up_down_breadth_top::top::limit_up_down_breadth_v1_20120705_20260814::000015,limit_up_down_breadth_top,top,limit_up_down_breadth_v1_20120705_20260814,onset,csi500,中证500,false_alarm,False,limit_up_down_breadth_top::top::limit_up_down_breadth_v1_20120705_20260814::000015,2015-04-20,,,,,,,,,False,False,,,,,,2012-07-05,2026-08-14,,,,csi500_medium_top_20150528,prediction,single_lobe,nearest_region_for_slice_only
limit_up_down_breadth_top::top::limit_up_down_breadth_v1_20120705_20260814::onset::csi500::missed_region::csi500_medium_top_20150528,limit_up_down_breadth_top,top,limit_up_down_breadth_v1_20120705_20260814,onset,csi500,中证500,missed_region,False,,,csi500_medium_top_20150528,2015-05-28,2015-05-27,2015-05-28,single_lobe,1,,,False,False,,,,,,2012-07-05,2026-08-14,True,True,top_bottom_regions_v2,,,,
limit_up_down_breadth_top::top::limit_up_down_breadth_v1_20120705_20260814::onset::csi500::matched::limit_up_down_breadth_top::top::limit_up_down_breadth_v1_20120705_20260814::000016,limit_up_down_breadth_top,top,limit_up_down_breadth_v1_20120705_20260814,onset,csi500,中证500,matched,True,limit_up_down_breadth_top::top::limit_up_down_breadth_v1_20120705_20260814::000016,2015-06-09,csi500_medium_top_20150612,2015-06-12,2015-06-12,2015-06-15,single_lobe,1,,prediction_window,False,False,prediction,-3,3,5,limit_up_down_breadth_top::top::limit_up_down_breadth_v1_20120705_20260814::000016,2012-07-05,2026-08-14,True,True,top_bottom_regions_v2,csi500_medium_top_20150612,prediction,single_lobe,primary_match
limit_up_down_breadth_top::top::limit_up_down_breadth_v1_20120705_20260814::onset::csi500::missed_region::csi500_medium_top_20150701,limit_up_down_breadth_top,top,limit_up_down_breadth_v1_20120705_20260814,onset,csi500,中证500,missed_region,False,,,csi500_medium_top_20150701,2015-07-01,2015-07-01,2015-07-01,single_lobe,1,,,False,False,,,,,,2012-07-05,2026-08-14,True,True,top_bottom_regions_v2,,,,
limit_up_down_breadth_top::top::limit_up_down_breadth_v1_20120705_20260814::onset::csi500::missed_region::csi500_medium_top_20150714,limit_up_down_breadth_top,top,limit_up_down_breadth_v1_20120705_20260814,onset,csi500,中证500,missed_region,False,,,csi500_medium_top_20150714,2015-07-14,2015-07-14,2015-07-14,single_lobe,1,,,False,False,,,,,,2012-07-05,2026-08-14,True,True,top_bottom_regions_v2,,,,
limit_up_down_breadth_top::top::limit_up_down_breadth_v1_20120705_20260814::onset::csi500::matched::limit_up_down_breadth_top::top::limit_up_down_breadth_v1_20120705_20260814::000017,limit_up_down_breadth_top,top,limit_up_down_breadth_v1_20120705_20260814,onset,csi500,中证500,matched,True,limit_up_down_breadth_top::top::limit_up_down_breadth_v1_20120705_20260814::000017,2015-07-24,csi500_medium_top_20150724,2015-07-24,2015-07-23,2015-07-24,single_lobe,1,csi500_medium_top_20150724_lobe_01,core_lobe,True,True,prediction,0,0,5,limit_up_down_breadth_top::top::limit_up_down_breadth_v1_20120705_20260814::000017,2012-07-05,2026-08-14,True,True,top_bottom_regions_v2,csi500_medium_top_20150724,prediction,single_lobe,primary_match
limit_up_down_breadth_top::top::limit_up_down_breadth_v1_20120705_20260814::onset::csi500::matched::limit_up_down_breadth_top::top::limit_up_down_breadth_v1_20120705_20260814::000018,limit_up_down_breadth_top,top,limit_up_down_breadth_v1_20120705_20260814,onset,csi500,中证500,matched,True,limit_up_down_breadth_top::top::limit_up_down_breadth_v1_20120705_20260814::000018,2015-08-11,csi500_medium_top_20150818,2015-08-18,2015-08-14,2015-08-18,single_lobe,1,,prediction_window,False,False,prediction,-5,5,5,limit_up_down_breadth_top::top::limit_up_down_breadth_v1_20120705_20260814::000018,2012-07-05,2026-08-14,True,True,top_bottom_regions_v2,csi500_medium_top_20150818,prediction,single_lobe,primary_match
limit_up_down_breadth_top::top::limit_up_down_breadth_v1_20120705_20260814::onset::csi500::missed_region::csi500_medium_top_20150828,limit_up_down_breadth_top,top,limit_up_down_breadth_v1_20120705_20260814,onset,csi500,中证500,missed_region,False,,,csi500_medium_top_20150828,2015-08-28,2015-08-28,2015-08-31,single_lobe,1,,,False,False,,,,,,2012-07-05,2026-08-14,True,True,top_bottom_regions_v2,,,,
limit_up_down_breadth_top::top::limit_up_down_breadth_v1_20120705_20260814::onset::csi500::missed_region::csi500_medium_top_20150909,limit_up_down_breadth_top,top,limit_up_down_breadth_v1_20120705_20260814,onset,csi500,中证500,missed_region,False,,,csi500_medium_top_20150909,2015-09-09,2015-09-09,2015-09-11,single_lobe,1,,,False,False,,,,,,2012-07-05,2026-08-14,True,True,top_bottom_regions_v2,,,,
limit_up_down_breadth_top::top::limit_up_down_breadth_v1_20120705_20260814::onset::csi500::missed_region::csi500_medium_top_20151126,limit_up_down_breadth_top,top,limit_up_down_breadth_v1_20120705_20260814,onset,csi500,中证500,missed_region,False,,,csi500_medium_top_20151126,2015-11-26,2015-11-17,2015-11-27,multi_lobe,3,,,False,False,,,,,,2012-07-05,2026-08-14,True,True,top_bottom_regions_v2,,,,
limit_up_down_breadth_top::top::limit_up_down_breadth_v1_20120705_20260814::onset::csi500::missed_region::csi500_medium_top_20151223,limit_up_down_breadth_top,top,limit_up_down_breadth_v1_20120705_20260814,onset,csi500,中证500,missed_region,False,,,csi500_medium_top_20151223,2015-12-23,2015-12-18,2015-12-31,multi_lobe,2,,,False,False,,,,,,2012-07-05,2026-08-14,True,True,top_bottom_regions_v2,,,,
limit_up_down_breadth_top::top::limit_up_down_breadth_v1_20120705_20260814::onset::csi500::missed_region::csi500_medium_top_20160223,limit_up_down_breadth_top,top,limit_up_down_breadth_v1_20120705_20260814,onset,csi500,中证500,missed_region,False,,,csi500_medium_top_20160223,2016-02-23,2016-02-18,2016-02-25,single_lobe,1,,,False,False,,,,,,2012-07-05,2026-08-14,True,True,top_bottom_regions_v2,,,,
limit_up_down_breadth_top::top::limit_up_down_breadth_v1_20120705_20260814::onset::csi500::missed_region::csi500_medium_top_20160413,limit_up_down_breadth_top,top,limit_up_down_breadth_v1_20120705_20260814,onset,csi500,中证500,missed_region,False,,,csi500_medium_top_20160413,2016-04-13,2016-04-05,2016-04-20,multi_lobe,2,,,False,False,,,,,,2012-07-05,2026-08-14,True,True,top_bottom_regions_v2,,,,
limit_up_down_breadth_top::top::limit_up_down_breadth_v1_20120705_20260814::onset::csi500::missed_region::csi500_medium_top_20161128,limit_up_down_breadth_top,top,limit_up_down_breadth_v1_20120705_20260814,onset,csi500,中证500,missed_region,False,,,csi500_medium_top_20161128,2016-11-28,2016-11-11,2016-12-08,multi_lobe,2,,,False,False,,,,,,2012-07-05,2026-08-14,True,True,top_bottom_regions_v2,,,,
limit_up_down_breadth_top::top::limit_up_down_breadth_v1_20120705_20260814::onset::csi500::missed_region::csi500_medium_top_20170411,limit_up_down_breadth_top,top,limit_up_down_breadth_v1_20120705_20260814,onset,csi500,中证500,missed_region,False,,,csi500_medium_top_20170411,2017-04-11,2017-03-13,2017-04-17,multi_lobe,3,,,False,False,,,,,,2012-07-05,2026-08-14,True,True,top_bottom_regions_v2,,,,
limit_up_down_breadth_top::top::limit_up_down_breadth_v1_20120705_20260814::onset::csi500::missed_region::csi500_medium_top_20170912,limit_up_down_breadth_top,top,limit_up_down_breadth_v1_20120705_20260814,onset,csi500,中证500,missed_region,False,,,csi500_medium_top_20170912,2017-09-12,2017-09-06,2017-10-17,multi_lobe,2,,,False,False,,,,,,2012-07-05,2026-08-14,True,True,top_bottom_regions_v2,,,,
limit_up_down_breadth_top::top::limit_up_down_breadth_v1_20120705_20260814::onset::csi500::matched::limit_up_down_breadth_top::top::limit_up_down_breadth_v1_20120705_20260814::000019,limit_up_down_breadth_top,top,limit_up_down_breadth_v1_20120705_20260814,onset,csi500,中证500,matched,True,limit_up_down_breadth_top::top::limit_up_down_breadth_v1_20120705_20260814::000019,2018-04-03,csi500_medium_top_20180313,2018-03-13,2018-03-09,2018-03-21,single_lobe,1,,confirmation_window,False,False,confirmation,15,15,20,limit_up_down_breadth_top::top::limit_up_down_breadth_v1_20120705_20260814::000019,2012-07-05,2026-08-14,True,True,top_bottom_regions_v2,csi500_medium_top_20180313,confirmation,single_lobe,primary_match
limit_up_down_breadth_top::top::limit_up_down_breadth_v1_20120705_20260814::onset::csi500::false_alarm::limit_up_down_breadth_top::top::limit_up_down_breadth_v1_20120705_20260814::000020,limit_up_down_breadth_top,top,limit_up_down_breadth_v1_20120705_20260814,onset,csi500,中证500,false_alarm,False,limit_up_down_breadth_top::top::limit_up_down_breadth_v1_20120705_20260814::000020,2018-04-16,,,,,,,,,False,False,,,,,,2012-07-05,2026-08-14,,,,csi500_medium_top_20180313,confirmation,single_lobe,nearest_region_for_slice_only
limit_up_down_breadth_top::top::limit_up_down_breadth_v1_20120705_20260814::onset::csi500::false_alarm::limit_up_down_breadth_top::top::limit_up_down_breadth_v1_20120705_20260814::000021,limit_up_down_breadth_top,top,limit_up_down_breadth_v1_20120705_20260814,onset,csi500,中证500,false_alarm,False,limit_up_down_breadth_top::top::limit_up_down_breadth_v1_20120705_20260814::000021,2018-05-03,,,,,,,,,False,False,,,,,,2012-07-05,2026-08-14,,,,csi500_medium_top_20180313,confirmation,single_lobe,nearest_region_for_slice_only
limit_up_down_breadth_top::top::limit_up_down_breadth_v1_20120705_20260814::onset::csi500::false_alarm::limit_up_down_breadth_top::top::limit_up_down_breadth_v1_20120705_20260814::000022,limit_up_down_breadth_top,top,limit_up_down_breadth_v1_20120705_20260814,onset,csi500,中证500,false_alarm,False,limit_up_down_breadth_top::top::limit_up_down_breadth_v1_20120705_20260814::000022,2018-05-15,,,,,,,,,False,False,,,,,,2012-07-05,2026-08-14,,,,csi500_medium_top_20180313,confirmation,single_lobe,nearest_region_for_slice_only
limit_up_down_breadth_top::top::limit_up_down_breadth_v1_20120705_20260814::onset::csi500::duplicate_alarm::limit_up_down_breadth_top::top::limit_up_down_breadth_v1_20120705_20260814::000023,limit_up_down_breadth_top,top,limit_up_down_breadth_v1_20120705_20260814,onset,csi500,中证500,duplicate_alarm,False,limit_up_down_breadth_top::top::limit_up_down_breadth_v1_20120705_20260814::000023,2018-11-09,csi500_medium_top_20181116,2018-11-16,2018-11-14,2018-11-20,single_lobe,1,,prediction_window,False,False,prediction,-5,5,5,limit_up_down_breadth_top::top::limit_up_down_breadth_v1_20120705_20260814::000024,2012-07-05,2026-08-14,True,True,top_bottom_regions_v2,csi500_medium_top_20181116,prediction,single_lobe,duplicate_candidate
limit_up_down_breadth_top::top::limit_up_down_breadth_v1_20120705_20260814::onset::csi500::matched::limit_up_down_breadth_top::top::limit_up_down_breadth_v1_20120705_20260814::000024,limit_up_down_breadth_top,top,limit_up_down_breadth_v1_20120705_20260814,onset,csi500,中证500,matched,True,limit_up_down_breadth_top::top::limit_up_down_breadth_v1_20120705_20260814::000024,2018-11-21,csi500_medium_top_20181116,2018-11-16,2018-11-14,2018-11-20,single_lobe,1,,confirmation_window,False,False,confirmation,3,3,5,limit_up_down_breadth_top::top::limit_up_down_breadth_v1_20120705_20260814::000024,2012-07-05,2026-08-14,True,True,top_bottom_regions_v2,csi500_medium_top_20181116,confirmation,single_lobe,primary_match
limit_up_down_breadth_top::top::limit_up_down_breadth_v1_20120705_20260814::onset::csi500::false_alarm::limit_up_down_breadth_top::top::limit_up_down_breadth_v1_20120705_20260814::000025,limit_up_down_breadth_top,top,limit_up_down_breadth_v1_20120705_20260814,onset,csi500,中证500,false_alarm,False,limit_up_down_breadth_top::top::limit_up_down_breadth_v1_20120705_20260814::000025,2019-01-11,,,,,,,,,False,False,,,,,,2012-07-05,2026-08-14,,,,csi500_medium_top_20181116,confirmation,single_lobe,nearest_region_for_slice_only
limit_up_down_breadth_top::top::limit_up_down_breadth_v1_20120705_20260814::onset::csi500::false_alarm::limit_up_down_breadth_top::top::limit_up_down_breadth_v1_20120705_20260814::000026,limit_up_down_breadth_top,top,limit_up_down_breadth_v1_20120705_20260814,onset,csi500,中证500,false_alarm,False,limit_up_down_breadth_top::top::limit_up_down_breadth_v1_20120705_20260814::000026,2019-03-01,,,,,,,,,False,False,,,,,,2012-07-05,2026-08-14,,,,csi500_medium_top_20190408,prediction,multi_lobe,nearest_region_for_slice_only
limit_up_down_breadth_top::top::limit_up_down_breadth_v1_20120705_20260814::onset::csi500::duplicate_alarm::limit_up_down_breadth_top::top::limit_up_down_breadth_v1_20120705_20260814::000027,limit_up_down_breadth_top,top,limit_up_down_breadth_v1_20120705_20260814,onset,csi500,中证500,duplicate_alarm,False,limit_up_down_breadth_top::top::limit_up_down_breadth_v1_20120705_20260814::000027,2019-03-29,csi500_medium_top_20190408,2019-04-08,2019-04-02,2019-04-22,multi_lobe,3,,prediction_window,False,False,prediction,-5,5,5,limit_up_down_breadth_top::top::limit_up_down_breadth_v1_20120705_20260814::000028,2012-07-05,2026-08-14,True,True,top_bottom_regions_v2,csi500_medium_top_20190408,prediction,multi_lobe,duplicate_candidate
limit_up_down_breadth_top::top::limit_up_down_breadth_v1_20120705_20260814::onset::csi500::matched::limit_up_down_breadth_top::top::limit_up_down_breadth_v1_20120705_20260814::000028,limit_up_down_breadth_top,top,limit_up_down_breadth_v1_20120705_20260814,onset,csi500,中证500,matched,True,limit_up_down_breadth_top::top::limit_up_down_breadth_v1_20120705_20260814::000028,2019-04-09,csi500_medium_top_20190408,2019-04-08,2019-04-02,2019-04-22,multi_lobe,3,csi500_medium_top_20190408_lobe_01,core_lobe,True,True,confirmation,1,1,5,limit_up_down_breadth_top::top::limit_up_down_breadth_v1_20120705_20260814::000028,2012-07-05,2026-08-14,True,True,top_bottom_regions_v2,csi500_medium_top_20190408,confirmation,multi_lobe,primary_match
limit_up_down_breadth_top::top::limit_up_down_breadth_v1_20120705_20260814::onset::csi500::duplicate_alarm::limit_up_down_breadth_top::top::limit_up_down_breadth_v1_20120705_20260814::000029,limit_up_down_breadth_top,top,limit_up_down_breadth_v1_20120705_20260814,onset,csi500,中证500,duplicate_alarm,False,limit_up_down_breadth_top::top::limit_up_down_breadth_v1_20120705_20260814::000029,2019-04-24,csi500_medium_top_20190408,2019-04-08,2019-04-02,2019-04-22,multi_lobe,3,,confirmation_window,False,False,confirmation,12,12,20,limit_up_down_breadth_top::top::limit_up_down_breadth_v1_20120705_20260814::000028,2012-07-05,2026-08-14,True,True,top_bottom_regions_v2,csi500_medium_top_20190408,confirmation,multi_lobe,duplicate_candidate
limit_up_down_breadth_top::top::limit_up_down_breadth_v1_20120705_20260814::onset::csi500::missed_region::csi500_medium_top_20200122,limit_up_down_breadth_top,top,limit_up_down_breadth_v1_20120705_20260814,onset,csi500,中证500,missed_region,False,,,csi500_medium_top_20200122,2020-01-22,2020-01-07,2020-01-23,single_lobe,1,,,False,False,,,,,,2012-07-05,2026-08-14,True,True,top_bottom_regions_v2,,,,
limit_up_down_breadth_top::top::limit_up_down_breadth_v1_20120705_20260814::onset::csi500::missed_region::csi500_medium_top_20200225,limit_up_down_breadth_top,top,limit_up_down_breadth_v1_20120705_20260814,onset,csi500,中证500,missed_region,False,,,csi500_medium_top_20200225,2020-02-25,2020-02-21,2020-03-06,multi_lobe,3,,,False,False,,,,,,2012-07-05,2026-08-14,True,True,top_bottom_regions_v2,,,,
limit_up_down_breadth_top::top::limit_up_down_breadth_v1_20120705_20260814::onset::csi500::false_alarm::limit_up_down_breadth_top::top::limit_up_down_breadth_v1_20120705_20260814::000030,limit_up_down_breadth_top,top,limit_up_down_breadth_v1_20120705_20260814,onset,csi500,中证500,false_alarm,False,limit_up_down_breadth_top::top::limit_up_down_breadth_v1_20120705_20260814::000030,2020-04-14,,,,,,,,,False,False,,,,,,2012-07-05,2026-08-14,,,,csi500_medium_top_20200225,confirmation,multi_lobe,nearest_region_for_slice_only
limit_up_down_breadth_top::top::limit_up_down_breadth_v1_20120705_20260814::onset::csi500::matched::limit_up_down_breadth_top::top::limit_up_down_breadth_v1_20120705_20260814::000031,limit_up_down_breadth_top,top,limit_up_down_breadth_v1_20120705_20260814,onset,csi500,中证500,matched,True,limit_up_down_breadth_top::top::limit_up_down_breadth_v1_20120705_20260814::000031,2020-07-14,csi500_medium_top_20200713,2020-07-13,2020-07-10,2020-07-15,single_lobe,1,csi500_medium_top_20200713_lobe_01,core_lobe,True,True,confirmation,1,1,5,limit_up_down_breadth_top::top::limit_up_down_breadth_v1_20120705_20260814::000031,2012-07-05,2026-08-14,True,True,top_bottom_regions_v2,csi500_medium_top_20200713,confirmation,single_lobe,primary_match
limit_up_down_breadth_top::top::limit_up_down_breadth_v1_20120705_20260814::onset::csi500::duplicate_alarm::limit_up_down_breadth_top::top::limit_up_down_breadth_v1_20120705_20260814::000032,limit_up_down_breadth_top,top,limit_up_down_breadth_v1_20120705_20260814,onset,csi500,中证500,duplicate_alarm,False,limit_up_down_breadth_top::top::limit_up_down_breadth_v1_20120705_20260814::000032,2020-08-10,csi500_medium_top_20200713,2020-07-13,2020-07-10,2020-07-15,single_lobe,1,,confirmation_window,False,False,confirmation,20,20,20,limit_up_down_breadth_top::top::limit_up_down_breadth_v1_20120705_20260814::000031,2012-07-05,2026-08-14,True,True,top_bottom_regions_v2,csi500_medium_top_20200713,confirmation,single_lobe,duplicate_candidate
limit_up_down_breadth_top::top::limit_up_down_breadth_v1_20120705_20260814::onset::csi500::missed_region::csi500_medium_top_20210222,limit_up_down_breadth_top,top,limit_up_down_breadth_v1_20120705_20260814,onset,csi500,中证500,missed_region,False,,,csi500_medium_top_20210222,2021-02-22,2021-02-18,2021-02-23,single_lobe,1,,,False,False,,,,,,2012-07-05,2026-08-14,True,True,top_bottom_regions_v2,,,,
limit_up_down_breadth_top::top::limit_up_down_breadth_v1_20120705_20260814::onset::csi500::matched::limit_up_down_breadth_top::top::limit_up_down_breadth_v1_20120705_20260814::000033,limit_up_down_breadth_top,top,limit_up_down_breadth_v1_20120705_20260814,onset,csi500,中证500,matched,True,limit_up_down_breadth_top::top::limit_up_down_breadth_v1_20120705_20260814::000033,2021-08-30,csi500_medium_top_20210914,2021-09-14,2021-09-08,2021-09-23,multi_lobe,2,,prediction_window,False,False,prediction,-11,11,20,limit_up_down_breadth_top::top::limit_up_down_breadth_v1_20120705_20260814::000033,2012-07-05,2026-08-14,True,True,top_bottom_regions_v2,csi500_medium_top_20210914,prediction,multi_lobe,primary_match
limit_up_down_breadth_top::top::limit_up_down_breadth_v1_20120705_20260814::onset::csi500::false_alarm::limit_up_down_breadth_top::top::limit_up_down_breadth_v1_20120705_20260814::000034,limit_up_down_breadth_top,top,limit_up_down_breadth_v1_20120705_20260814,onset,csi500,中证500,false_alarm,False,limit_up_down_breadth_top::top::limit_up_down_breadth_v1_20120705_20260814::000034,2021-11-11,,,,,,,,,False,False,,,,,,2012-07-05,2026-08-14,,,,csi500_medium_top_20210914,confirmation,multi_lobe,nearest_region_for_slice_only
limit_up_down_breadth_top::top::limit_up_down_breadth_v1_20120705_20260814::onset::csi500::false_alarm::limit_up_down_breadth_top::top::limit_up_down_breadth_v1_20120705_20260814::000035,limit_up_down_breadth_top,top,limit_up_down_breadth_v1_20120705_20260814,onset,csi500,中证500,false_alarm,False,limit_up_down_breadth_top::top::limit_up_down_breadth_v1_20120705_20260814::000035,2021-11-19,,,,,,,,,False,False,,,,,,2012-07-05,2026-08-14,,,,csi500_medium_top_20210914,confirmation,multi_lobe,nearest_region_for_slice_only
limit_up_down_breadth_top::top::limit_up_down_breadth_v1_20120705_20260814::onset::csi500::false_alarm::limit_up_down_breadth_top::top::limit_up_down_breadth_v1_20120705_20260814::000036,limit_up_down_breadth_top,top,limit_up_down_breadth_v1_20120705_20260814,onset,csi500,中证500,false_alarm,False,limit_up_down_breadth_top::top::limit_up_down_breadth_v1_20120705_20260814::000036,2021-11-24,,,,,,,,,False,False,,,,,,2012-07-05,2026-08-14,,,,csi500_medium_top_20210914,confirmation,multi_lobe,nearest_region_for_slice_only
limit_up_down_breadth_top::top::limit_up_down_breadth_v1_20120705_20260814::onset::csi500::false_alarm::limit_up_down_breadth_top::top::limit_up_down_breadth_v1_20120705_20260814::000037,limit_up_down_breadth_top,top,limit_up_down_breadth_v1_20120705_20260814,onset,csi500,中证500,false_alarm,False,limit_up_down_breadth_top::top::limit_up_down_breadth_v1_20120705_20260814::000037,2022-02-16,,,,,,,,,False,False,,,,,,2012-07-05,2026-08-14,,,,csi500_medium_top_20220705,prediction,single_lobe,nearest_region_for_slice_only
limit_up_down_breadth_top::top::limit_up_down_breadth_v1_20120705_20260814::onset::csi500::false_alarm::limit_up_down_breadth_top::top::limit_up_down_breadth_v1_20120705_20260814::000038,limit_up_down_breadth_top,top,limit_up_down_breadth_v1_20120705_20260814,onset,csi500,中证500,false_alarm,False,limit_up_down_breadth_top::top::limit_up_down_breadth_v1_20120705_20260814::000038,2022-05-12,,,,,,,,,False,False,,,,,,2012-07-05,2026-08-14,,,,csi500_medium_top_20220705,prediction,single_lobe,nearest_region_for_slice_only
limit_up_down_breadth_top::top::limit_up_down_breadth_v1_20120705_20260814::onset::csi500::false_alarm::limit_up_down_breadth_top::top::limit_up_down_breadth_v1_20120705_20260814::000039,limit_up_down_breadth_top,top,limit_up_down_breadth_v1_20120705_20260814,onset,csi500,中证500,false_alarm,False,limit_up_down_breadth_top::top::limit_up_down_breadth_v1_20120705_20260814::000039,2022-05-16,,,,,,,,,False,False,,,,,,2012-07-05,2026-08-14,,,,csi500_medium_top_20220705,prediction,single_lobe,nearest_region_for_slice_only
limit_up_down_breadth_top::top::limit_up_down_breadth_v1_20120705_20260814::onset::csi500::missed_region::csi500_medium_top_20220705,limit_up_down_breadth_top,top,limit_up_down_breadth_v1_20120705_20260814,onset,csi500,中证500,missed_region,False,,,csi500_medium_top_20220705,2022-07-05,2022-06-27,2022-07-08,single_lobe,1,,,False,False,,,,,,2012-07-05,2026-08-14,True,True,top_bottom_regions_v2,,,,
limit_up_down_breadth_top::top::limit_up_down_breadth_v1_20120705_20260814::onset::csi500::missed_region::csi500_medium_top_20230410,limit_up_down_breadth_top,top,limit_up_down_breadth_v1_20120705_20260814,onset,csi500,中证500,missed_region,False,,,csi500_medium_top_20230410,2023-04-10,2023-04-03,2023-04-21,single_lobe,1,,,False,False,,,,,,2012-07-05,2026-08-14,True,True,top_bottom_regions_v2,,,,
limit_up_down_breadth_top::top::limit_up_down_breadth_v1_20120705_20260814::onset::csi500::false_alarm::limit_up_down_breadth_top::top::limit_up_down_breadth_v1_20120705_20260814::000040,limit_up_down_breadth_top,top,limit_up_down_breadth_v1_20120705_20260814,onset,csi500,中证500,false_alarm,False,limit_up_down_breadth_top::top::limit_up_down_breadth_v1_20120705_20260814::000040,2024-03-05,,,,,,,,,False,False,,,,,,2012-07-05,2026-08-14,,,,csi500_medium_top_20240510,prediction,single_lobe,nearest_region_for_slice_only
limit_up_down_breadth_top::top::limit_up_down_breadth_v1_20120705_20260814::onset::csi500::false_alarm::limit_up_down_breadth_top::top::limit_up_down_breadth_v1_20120705_20260814::000041,limit_up_down_breadth_top,top,limit_up_down_breadth_v1_20120705_20260814,onset,csi500,中证500,false_alarm,False,limit_up_down_breadth_top::top::limit_up_down_breadth_v1_20120705_20260814::000041,2024-03-14,,,,,,,,,False,False,,,,,,2012-07-05,2026-08-14,,,,csi500_medium_top_20240510,prediction,single_lobe,nearest_region_for_slice_only
limit_up_down_breadth_top::top::limit_up_down_breadth_v1_20120705_20260814::onset::csi500::false_alarm::limit_up_down_breadth_top::top::limit_up_down_breadth_v1_20120705_20260814::000042,limit_up_down_breadth_top,top,limit_up_down_breadth_v1_20120705_20260814,onset,csi500,中证500,false_alarm,False,limit_up_down_breadth_top::top::limit_up_down_breadth_v1_20120705_20260814::000042,2024-03-26,,,,,,,,,False,False,,,,,,2012-07-05,2026-08-14,,,,csi500_medium_top_20240510,prediction,single_lobe,nearest_region_for_slice_only
limit_up_down_breadth_top::top::limit_up_down_breadth_v1_20120705_20260814::onset::csi500::matched::limit_up_down_breadth_top::top::limit_up_down_breadth_v1_20120705_20260814::000043,limit_up_down_breadth_top,top,limit_up_down_breadth_v1_20120705_20260814,onset,csi500,中证500,matched,True,limit_up_down_breadth_top::top::limit_up_down_breadth_v1_20120705_20260814::000043,2024-05-09,csi500_medium_top_20240510,2024-05-10,2024-04-29,2024-05-22,single_lobe,1,csi500_medium_top_20240510_lobe_01,core_lobe,True,True,prediction,-1,1,5,limit_up_down_breadth_top::top::limit_up_down_breadth_v1_20120705_20260814::000043,2012-07-05,2026-08-14,True,True,top_bottom_regions_v2,csi500_medium_top_20240510,prediction,single_lobe,primary_match
limit_up_down_breadth_top::top::limit_up_down_breadth_v1_20120705_20260814::onset::csi500::matched::limit_up_down_breadth_top::top::limit_up_down_breadth_v1_20120705_20260814::000044,limit_up_down_breadth_top,top,limit_up_down_breadth_v1_20120705_20260814,onset,csi500,中证500,matched,True,limit_up_down_breadth_top::top::limit_up_down_breadth_v1_20120705_20260814::000044,2024-10-15,csi500_medium_top_20241008,2024-10-08,2024-10-08,2024-10-08,single_lobe,1,,confirmation_window,False,False,confirmation,5,5,5,limit_up_down_breadth_top::top::limit_up_down_breadth_v1_20120705_20260814::000044,2012-07-05,2026-08-14,True,True,top_bottom_regions_v2,csi500_medium_top_20241008,confirmation,single_lobe,primary_match
limit_up_down_breadth_top::top::limit_up_down_breadth_v1_20120705_20260814::onset::csi500::duplicate_alarm::limit_up_down_breadth_top::top::limit_up_down_breadth_v1_20120705_20260814::000045,limit_up_down_breadth_top,top,limit_up_down_breadth_v1_20120705_20260814,onset,csi500,中证500,duplicate_alarm,False,limit_up_down_breadth_top::top::limit_up_down_breadth_v1_20120705_20260814::000045,2024-11-04,csi500_medium_top_20241112,2024-11-12,2024-11-08,2024-11-13,single_lobe,1,,prediction_window,False,False,prediction,-6,6,10,limit_up_down_breadth_top::top::limit_up_down_breadth_v1_20120705_20260814::000046,2012-07-05,2026-08-14,True,True,top_bottom_regions_v2,csi500_medium_top_20241112,prediction,single_lobe,duplicate_candidate
limit_up_down_breadth_top::top::limit_up_down_breadth_v1_20120705_20260814::onset::csi500::matched::limit_up_down_breadth_top::top::limit_up_down_breadth_v1_20120705_20260814::000046,limit_up_down_breadth_top,top,limit_up_down_breadth_v1_20120705_20260814,onset,csi500,中证500,matched,True,limit_up_down_breadth_top::top::limit_up_down_breadth_v1_20120705_20260814::000046,2024-11-12,csi500_medium_top_20241112,2024-11-12,2024-11-08,2024-11-13,single_lobe,1,csi500_medium_top_20241112_lobe_01,core_lobe,True,True,prediction,0,0,5,limit_up_down_breadth_top::top::limit_up_down_breadth_v1_20120705_20260814::000046,2012-07-05,2026-08-14,True,True,top_bottom_regions_v2,csi500_medium_top_20241112,prediction,single_lobe,primary_match
limit_up_down_breadth_top::top::limit_up_down_breadth_v1_20120705_20260814::onset::csi500::duplicate_alarm::limit_up_down_breadth_top::top::limit_up_down_breadth_v1_20120705_20260814::000047,limit_up_down_breadth_top,top,limit_up_down_breadth_v1_20120705_20260814,onset,csi500,中证500,duplicate_alarm,False,limit_up_down_breadth_top::top::limit_up_down_breadth_v1_20120705_20260814::000047,2024-12-09,csi500_medium_top_20241112,2024-11-12,2024-11-08,2024-11-13,single_lobe,1,,confirmation_window,False,False,confirmation,19,19,20,limit_up_down_breadth_top::top::limit_up_down_breadth_v1_20120705_20260814::000046,2012-07-05,2026-08-14,True,True,top_bottom_regions_v2,csi500_medium_top_20241112,confirmation,single_lobe,duplicate_candidate
limit_up_down_breadth_top::top::limit_up_down_breadth_v1_20120705_20260814::onset::csi500::missed_region::csi500_medium_top_20250318,limit_up_down_breadth_top,top,limit_up_down_breadth_v1_20120705_20260814,onset,csi500,中证500,missed_region,False,,,csi500_medium_top_20250318,2025-03-18,2025-02-21,2025-03-21,multi_lobe,2,,,False,False,,,,,,2012-07-05,2026-08-14,True,True,top_bottom_regions_v2,,,,
limit_up_down_breadth_top::top::limit_up_down_breadth_v1_20120705_20260814::onset::csi500::false_alarm::limit_up_down_breadth_top::top::limit_up_down_breadth_v1_20120705_20260814::000048,limit_up_down_breadth_top,top,limit_up_down_breadth_v1_20120705_20260814,onset,csi500,中证500,false_alarm,False,limit_up_down_breadth_top::top::limit_up_down_breadth_v1_20120705_20260814::000048,2025-04-17,,,,,,,,,False,False,,,,,,2012-07-05,2026-08-14,,,,csi500_medium_top_20250318,confirmation,multi_lobe,nearest_region_for_slice_only
limit_up_down_breadth_top::top::limit_up_down_breadth_v1_20120705_20260814::onset::csi500::false_alarm::limit_up_down_breadth_top::top::limit_up_down_breadth_v1_20120705_20260814::000049,limit_up_down_breadth_top,top,limit_up_down_breadth_v1_20120705_20260814,onset,csi500,中证500,false_alarm,False,limit_up_down_breadth_top::top::limit_up_down_breadth_v1_20120705_20260814::000049,2026-01-21,,,,,,,,,False,False,,,,,,2012-07-05,2026-08-14,,,,csi500_medium_top_20260302,prediction,single_lobe,nearest_region_for_slice_only
limit_up_down_breadth_top::top::limit_up_down_breadth_v1_20120705_20260814::onset::csi500::missed_region::csi500_medium_top_20260302,limit_up_down_breadth_top,top,limit_up_down_breadth_v1_20120705_20260814,onset,csi500,中证500,missed_region,False,,,csi500_medium_top_20260302,2026-03-02,2026-02-25,2026-03-03,single_lobe,1,,,False,False,,,,,,2012-07-05,2026-08-14,True,True,top_bottom_regions_v2,,,,
limit_up_down_breadth_top::top::limit_up_down_breadth_v1_20120705_20260814::onset::csi500::matched::limit_up_down_breadth_top::top::limit_up_down_breadth_v1_20120705_20260814::000050,limit_up_down_breadth_top,top,limit_up_down_breadth_v1_20120705_20260814,onset,csi500,中证500,matched,True,limit_up_down_breadth_top::top::limit_up_down_breadth_v1_20120705_20260814::000050,2026-06-04,csi500_medium_top_20260514,2026-05-14,2026-05-11,2026-05-21,multi_lobe,2,,confirmation_window,False,False,confirmation,15,15,20,limit_up_down_breadth_top::top::limit_up_down_breadth_v1_20120705_20260814::000050,2012-07-05,2026-08-14,True,True,top_bottom_regions_v2,csi500_medium_top_20260514,confirmation,multi_lobe,primary_match
limit_up_down_breadth_top::top::limit_up_down_breadth_v1_20120705_20260814::onset::csi500::matched::limit_up_down_breadth_top::top::limit_up_down_breadth_v1_20120705_20260814::000051,limit_up_down_breadth_top,top,limit_up_down_breadth_v1_20120705_20260814,onset,csi500,中证500,matched,True,limit_up_down_breadth_top::top::limit_up_down_breadth_v1_20120705_20260814::000051,2026-06-24,csi500_medium_top_20260701,2026-07-01,2026-06-30,2026-07-01,single_lobe,1,,prediction_window,False,False,prediction,-5,5,5,limit_up_down_breadth_top::top::limit_up_down_breadth_v1_20120705_20260814::000051,2012-07-05,2026-08-14,True,True,top_bottom_regions_v2,csi500_medium_top_20260701,prediction,single_lobe,primary_match
limit_up_down_breadth_top::top::limit_up_down_breadth_v1_20120705_20260814::onset::csi500::false_alarm::limit_up_down_breadth_top::top::limit_up_down_breadth_v1_20120705_20260814::000052,limit_up_down_breadth_top,top,limit_up_down_breadth_v1_20120705_20260814,onset,csi500,中证500,false_alarm,False,limit_up_down_breadth_top::top::limit_up_down_breadth_v1_20120705_20260814::000052,2026-08-12,,,,,,,,,False,False,,,,,,2012-07-05,2026-08-14,,,,csi500_medium_top_20260701,confirmation,single_lobe,nearest_region_for_slice_only
limit_up_down_breadth_top::top::limit_up_down_breadth_v1_20120705_20260814::onset::microcap::false_alarm::limit_up_down_breadth_top::top::limit_up_down_breadth_v1_20120705_20260814::000001,limit_up_down_breadth_top,top,limit_up_down_breadth_v1_20120705_20260814,onset,microcap,微盘股,false_alarm,False,limit_up_down_breadth_top::top::limit_up_down_breadth_v1_20120705_20260814::000001,2012-09-12,,,,,,,,,False,False,,,,,,2012-07-05,2026-08-14,,,,microcap_medium_top_20130531,prediction,single_lobe,nearest_region_for_slice_only
limit_up_down_breadth_top::top::limit_up_down_breadth_v1_20120705_20260814::onset::microcap::false_alarm::limit_up_down_breadth_top::top::limit_up_down_breadth_v1_20120705_20260814::000002,limit_up_down_breadth_top,top,limit_up_down_breadth_v1_20120705_20260814,onset,microcap,微盘股,false_alarm,False,limit_up_down_breadth_top::top::limit_up_down_breadth_v1_20120705_20260814::000002,2012-12-17,,,,,,,,,False,False,,,,,,2012-07-05,2026-08-14,,,,microcap_medium_top_20130531,prediction,single_lobe,nearest_region_for_slice_only
limit_up_down_breadth_top::top::limit_up_down_breadth_v1_20120705_20260814::onset::microcap::false_alarm::limit_up_down_breadth_top::top::limit_up_down_breadth_v1_20120705_20260814::000003,limit_up_down_breadth_top,top,limit_up_down_breadth_v1_20120705_20260814,onset,microcap,微盘股,false_alarm,False,limit_up_down_breadth_top::top::limit_up_down_breadth_v1_20120705_20260814::000003,2013-01-21,,,,,,,,,False,False,,,,,,2012-07-05,2026-08-14,,,,microcap_medium_top_20130531,prediction,single_lobe,nearest_region_for_slice_only
limit_up_down_breadth_top::top::limit_up_down_breadth_v1_20120705_20260814::onset::microcap::false_alarm::limit_up_down_breadth_top::top::limit_up_down_breadth_v1_20120705_20260814::000004,limit_up_down_breadth_top,top,limit_up_down_breadth_v1_20120705_20260814,onset,microcap,微盘股,false_alarm,False,limit_up_down_breadth_top::top::limit_up_down_breadth_v1_20120705_20260814::000004,2013-01-23,,,,,,,,,False,False,,,,,,2012-07-05,2026-08-14,,,,microcap_medium_top_20130531,prediction,single_lobe,nearest_region_for_slice_only
limit_up_down_breadth_top::top::limit_up_down_breadth_v1_20120705_20260814::onset::microcap::matched::limit_up_down_breadth_top::top::limit_up_down_breadth_v1_20120705_20260814::000005,limit_up_down_breadth_top,top,limit_up_down_breadth_v1_20120705_20260814,onset,microcap,微盘股,matched,True,limit_up_down_breadth_top::top::limit_up_down_breadth_v1_20120705_20260814::000005,2013-05-16,microcap_medium_top_20130531,2013-05-31,2013-05-27,2013-06-04,single_lobe,1,,prediction_window,False,False,prediction,-11,11,20,limit_up_down_breadth_top::top::limit_up_down_breadth_v1_20120705_20260814::000005,2012-07-05,2026-08-14,True,True,top_bottom_regions_v2,microcap_medium_top_20130531,prediction,single_lobe,primary_match
limit_up_down_breadth_top::top::limit_up_down_breadth_v1_20120705_20260814::onset::microcap::duplicate_alarm::limit_up_down_breadth_top::top::limit_up_down_breadth_v1_20120705_20260814::000006,limit_up_down_breadth_top,top,limit_up_down_breadth_v1_20120705_20260814,onset,microcap,微盘股,duplicate_alarm,False,limit_up_down_breadth_top::top::limit_up_down_breadth_v1_20120705_20260814::000006,2013-07-03,microcap_medium_top_20130531,2013-05-31,2013-05-27,2013-06-04,single_lobe,1,,confirmation_window,False,False,confirmation,20,20,20,limit_up_down_breadth_top::top::limit_up_down_breadth_v1_20120705_20260814::000005,2012-07-05,2026-08-14,True,True,top_bottom_regions_v2,microcap_medium_top_20130531,confirmation,single_lobe,duplicate_candidate
limit_up_down_breadth_top::top::limit_up_down_breadth_v1_20120705_20260814::onset::microcap::false_alarm::limit_up_down_breadth_top::top::limit_up_down_breadth_v1_20120705_20260814::000007,limit_up_down_breadth_top,top,limit_up_down_breadth_v1_20120705_20260814,onset,microcap,微盘股,false_alarm,False,limit_up_down_breadth_top::top::limit_up_down_breadth_v1_20120705_20260814::000007,2013-07-17,,,,,,,,,False,False,,,,,,2012-07-05,2026-08-14,,,,microcap_medium_top_20130531,confirmation,single_lobe,nearest_region_for_slice_only
limit_up_down_breadth_top::top::limit_up_down_breadth_v1_20120705_20260814::onset::microcap::false_alarm::limit_up_down_breadth_top::top::limit_up_down_breadth_v1_20120705_20260814::000008,limit_up_down_breadth_top,top,limit_up_down_breadth_v1_20120705_20260814,onset,microcap,微盘股,false_alarm,False,limit_up_down_breadth_top::top::limit_up_down_breadth_v1_20120705_20260814::000008,2013-07-31,,,,,,,,,False,False,,,,,,2012-07-05,2026-08-14,,,,microcap_medium_top_20130531,confirmation,single_lobe,nearest_region_for_slice_only
limit_up_down_breadth_top::top::limit_up_down_breadth_v1_20120705_20260814::onset::microcap::duplicate_alarm::limit_up_down_breadth_top::top::limit_up_down_breadth_v1_20120705_20260814::000009,limit_up_down_breadth_top,top,limit_up_down_breadth_v1_20120705_20260814,onset,microcap,微盘股,duplicate_alarm,False,limit_up_down_breadth_top::top::limit_up_down_breadth_v1_20120705_20260814::000009,2013-09-16,microcap_medium_top_20131022,2013-10-22,2013-10-11,2013-10-23,multi_lobe,2,,prediction_window,False,False,prediction,-19,19,20,limit_up_down_breadth_top::top::limit_up_down_breadth_v1_20120705_20260814::000010,2012-07-05,2026-08-14,True,True,top_bottom_regions_v2,microcap_medium_top_20131022,prediction,multi_lobe,duplicate_candidate
limit_up_down_breadth_top::top::limit_up_down_breadth_v1_20120705_20260814::onset::microcap::matched::limit_up_down_breadth_top::top::limit_up_down_breadth_v1_20120705_20260814::000010,limit_up_down_breadth_top,top,limit_up_down_breadth_v1_20120705_20260814,onset,microcap,微盘股,matched,True,limit_up_down_breadth_top::top::limit_up_down_breadth_v1_20120705_20260814::000010,2013-09-30,microcap_medium_top_20131022,2013-10-22,2013-10-11,2013-10-23,multi_lobe,2,,prediction_window,False,False,prediction,-11,11,20,limit_up_down_breadth_top::top::limit_up_down_breadth_v1_20120705_20260814::000010,2012-07-05,2026-08-14,True,True,top_bottom_regions_v2,microcap_medium_top_20131022,prediction,multi_lobe,primary_match
limit_up_down_breadth_top::top::limit_up_down_breadth_v1_20120705_20260814::onset::microcap::matched::limit_up_down_breadth_top::top::limit_up_down_breadth_v1_20120705_20260814::000011,limit_up_down_breadth_top,top,limit_up_down_breadth_v1_20120705_20260814,onset,microcap,微盘股,matched,True,limit_up_down_breadth_top::top::limit_up_down_breadth_v1_20120705_20260814::000011,2014-02-19,microcap_medium_top_20140219,2014-02-19,2014-02-17,2014-02-25,multi_lobe,2,microcap_medium_top_20140219_lobe_01,core_lobe,True,True,prediction,0,0,5,limit_up_down_breadth_top::top::limit_up_down_breadth_v1_20120705_20260814::000011,2012-07-05,2026-08-14,True,True,top_bottom_regions_v2,microcap_medium_top_20140219,prediction,multi_lobe,primary_match
limit_up_down_breadth_top::top::limit_up_down_breadth_v1_20120705_20260814::onset::microcap::false_alarm::limit_up_down_breadth_top::top::limit_up_down_breadth_v1_20120705_20260814::000012,limit_up_down_breadth_top,top,limit_up_down_breadth_v1_20120705_20260814,onset,microcap,微盘股,false_alarm,False,limit_up_down_breadth_top::top::limit_up_down_breadth_v1_20120705_20260814::000012,2014-12-18,,,,,,,,,False,False,,,,,,2012-07-05,2026-08-14,,,,microcap_medium_top_20150612,prediction,single_lobe,nearest_region_for_slice_only
limit_up_down_breadth_top::top::limit_up_down_breadth_v1_20120705_20260814::onset::microcap::false_alarm::limit_up_down_breadth_top::top::limit_up_down_breadth_v1_20120705_20260814::000013,limit_up_down_breadth_top,top,limit_up_down_breadth_v1_20120705_20260814,onset,microcap,微盘股,false_alarm,False,limit_up_down_breadth_top::top::limit_up_down_breadth_v1_20120705_20260814::000013,2015-03-06,,,,,,,,,False,False,,,,,,2012-07-05,2026-08-14,,,,microcap_medium_top_20150612,prediction,single_lobe,nearest_region_for_slice_only
limit_up_down_breadth_top::top::limit_up_down_breadth_v1_20120705_20260814::onset::microcap::false_alarm::limit_up_down_breadth_top::top::limit_up_down_breadth_v1_20120705_20260814::000014,limit_up_down_breadth_top,top,limit_up_down_breadth_v1_20120705_20260814,onset,microcap,微盘股,false_alarm,False,limit_up_down_breadth_top::top::limit_up_down_breadth_v1_20120705_20260814::000014,2015-03-30,,,,,,,,,False,False,,,,,,2012-07-05,2026-08-14,,,,microcap_medium_top_20150612,prediction,single_lobe,nearest_region_for_slice_only
limit_up_down_breadth_top::top::limit_up_down_breadth_v1_20120705_20260814::onset::microcap::false_alarm::limit_up_down_breadth_top::top::limit_up_down_breadth_v1_20120705_20260814::000015,limit_up_down_breadth_top,top,limit_up_down_breadth_v1_20120705_20260814,onset,microcap,微盘股,false_alarm,False,limit_up_down_breadth_top::top::limit_up_down_breadth_v1_20120705_20260814::000015,2015-04-20,,,,,,,,,False,False,,,,,,2012-07-05,2026-08-14,,,,microcap_medium_top_20150612,prediction,single_lobe,nearest_region_for_slice_only
limit_up_down_breadth_top::top::limit_up_down_breadth_v1_20120705_20260814::onset::microcap::matched::limit_up_down_breadth_top::top::limit_up_down_breadth_v1_20120705_20260814::000016,limit_up_down_breadth_top,top,limit_up_down_breadth_v1_20120705_20260814,onset,microcap,微盘股,matched,True,limit_up_down_breadth_top::top::limit_up_down_breadth_v1_20120705_20260814::000016,2015-06-09,microcap_medium_top_20150612,2015-06-12,2015-06-12,2015-06-15,single_lobe,1,,prediction_window,False,False,prediction,-3,3,5,limit_up_down_breadth_top::top::limit_up_down_breadth_v1_20120705_20260814::000016,2012-07-05,2026-08-14,True,True,top_bottom_regions_v2,microcap_medium_top_20150612,prediction,single_lobe,primary_match
limit_up_down_breadth_top::top::limit_up_down_breadth_v1_20120705_20260814::onset::microcap::missed_region::microcap_medium_top_20150701,limit_up_down_breadth_top,top,limit_up_down_breadth_v1_20120705_20260814,onset,microcap,微盘股,missed_region,False,,,microcap_medium_top_20150701,2015-07-01,2015-07-01,2015-07-01,single_lobe,1,,,False,False,,,,,,2012-07-05,2026-08-14,True,True,top_bottom_regions_v2,,,,
limit_up_down_breadth_top::top::limit_up_down_breadth_v1_20120705_20260814::onset::microcap::matched::limit_up_down_breadth_top::top::limit_up_down_breadth_v1_20120705_20260814::000017,limit_up_down_breadth_top,top,limit_up_down_breadth_v1_20120705_20260814,onset,microcap,微盘股,matched,True,limit_up_down_breadth_top::top::limit_up_down_breadth_v1_20120705_20260814::000017,2015-07-24,microcap_medium_top_20150724,2015-07-24,2015-07-23,2015-07-24,single_lobe,1,microcap_medium_top_20150724_lobe_01,core_lobe,True,True,prediction,0,0,5,limit_up_down_breadth_top::top::limit_up_down_breadth_v1_20120705_20260814::000017,2012-07-05,2026-08-14,True,True,top_bottom_regions_v2,microcap_medium_top_20150724,prediction,single_lobe,primary_match
limit_up_down_breadth_top::top::limit_up_down_breadth_v1_20120705_20260814::onset::microcap::matched::limit_up_down_breadth_top::top::limit_up_down_breadth_v1_20120705_20260814::000018,limit_up_down_breadth_top,top,limit_up_down_breadth_v1_20120705_20260814,onset,microcap,微盘股,matched,True,limit_up_down_breadth_top::top::limit_up_down_breadth_v1_20120705_20260814::000018,2015-08-11,microcap_medium_top_20150818,2015-08-18,2015-08-17,2015-08-18,single_lobe,1,,prediction_window,False,False,prediction,-5,5,5,limit_up_down_breadth_top::top::limit_up_down_breadth_v1_20120705_20260814::000018,2012-07-05,2026-08-14,True,True,top_bottom_regions_v2,microcap_medium_top_20150818,prediction,single_lobe,primary_match
limit_up_down_breadth_top::top::limit_up_down_breadth_v1_20120705_20260814::onset::microcap::missed_region::microcap_medium_top_20150828,limit_up_down_breadth_top,top,limit_up_down_breadth_v1_20120705_20260814,onset,microcap,微盘股,missed_region,False,,,microcap_medium_top_20150828,2015-08-28,2015-08-28,2015-08-31,single_lobe,1,,,False,False,,,,,,2012-07-05,2026-08-14,True,True,top_bottom_regions_v2,,,,
limit_up_down_breadth_top::top::limit_up_down_breadth_v1_20120705_20260814::onset::microcap::missed_region::microcap_medium_top_20151126,limit_up_down_breadth_top,top,limit_up_down_breadth_v1_20120705_20260814,onset,microcap,微盘股,missed_region,False,,,microcap_medium_top_20151126,2015-11-26,2015-11-20,2015-11-27,multi_lobe,2,,,False,False,,,,,,2012-07-05,2026-08-14,True,True,top_bottom_regions_v2,,,,
limit_up_down_breadth_top::top::limit_up_down_breadth_v1_20120705_20260814::onset::microcap::missed_region::microcap_medium_top_20160223,limit_up_down_breadth_top,top,limit_up_down_breadth_v1_20120705_20260814,onset,microcap,微盘股,missed_region,False,,,microcap_medium_top_20160223,2016-02-23,2016-02-17,2016-02-25,single_lobe,1,,,False,False,,,,,,2012-07-05,2026-08-14,True,True,top_bottom_regions_v2,,,,
limit_up_down_breadth_top::top::limit_up_down_breadth_v1_20120705_20260814::onset::microcap::missed_region::microcap_medium_top_20160415,limit_up_down_breadth_top,top,limit_up_down_breadth_v1_20120705_20260814,onset,microcap,微盘股,missed_region,False,,,microcap_medium_top_20160415,2016-04-15,2016-04-06,2016-04-20,multi_lobe,2,,,False,False,,,,,,2012-07-05,2026-08-14,True,True,top_bottom_regions_v2,,,,
limit_up_down_breadth_top::top::limit_up_down_breadth_v1_20120705_20260814::onset::microcap::missed_region::microcap_medium_top_20160713,limit_up_down_breadth_top,top,limit_up_down_breadth_v1_20120705_20260814,onset,microcap,微盘股,missed_region,False,,,microcap_medium_top_20160713,2016-07-13,2016-07-04,2016-07-27,single_lobe,1,,,False,False,,,,,,2012-07-05,2026-08-14,True,True,top_bottom_regions_v2,,,,
limit_up_down_breadth_top::top::limit_up_down_breadth_v1_20120705_20260814::onset::microcap::missed_region::microcap_medium_top_20171013,limit_up_down_breadth_top,top,limit_up_down_breadth_v1_20120705_20260814,onset,microcap,微盘股,missed_region,False,,,microcap_medium_top_20171013,2017-10-13,2017-09-20,2017-10-16,multi_lobe,2,,,False,False,,,,,,2012-07-05,2026-08-14,True,True,top_bottom_regions_v2,,,,
limit_up_down_breadth_top::top::limit_up_down_breadth_v1_20120705_20260814::onset::microcap::false_alarm::limit_up_down_breadth_top::top::limit_up_down_breadth_v1_20120705_20260814::000019,limit_up_down_breadth_top,top,limit_up_down_breadth_v1_20120705_20260814,onset,microcap,微盘股,false_alarm,False,limit_up_down_breadth_top::top::limit_up_down_breadth_v1_20120705_20260814::000019,2018-04-03,,,,,,,,,False,False,,,,,,2012-07-05,2026-08-14,,,,microcap_medium_top_20180522,prediction,multi_lobe,nearest_region_for_slice_only
limit_up_down_breadth_top::top::limit_up_down_breadth_v1_20120705_20260814::onset::microcap::false_alarm::limit_up_down_breadth_top::top::limit_up_down_breadth_v1_20120705_20260814::000020,limit_up_down_breadth_top,top,limit_up_down_breadth_v1_20120705_20260814,onset,microcap,微盘股,false_alarm,False,limit_up_down_breadth_top::top::limit_up_down_breadth_v1_20120705_20260814::000020,2018-04-16,,,,,,,,,False,False,,,,,,2012-07-05,2026-08-14,,,,microcap_medium_top_20180522,prediction,multi_lobe,nearest_region_for_slice_only
limit_up_down_breadth_top::top::limit_up_down_breadth_v1_20120705_20260814::onset::microcap::duplicate_alarm::limit_up_down_breadth_top::top::limit_up_down_breadth_v1_20120705_20260814::000021,limit_up_down_breadth_top,top,limit_up_down_breadth_v1_20120705_20260814,onset,microcap,微盘股,duplicate_alarm,False,limit_up_down_breadth_top::top::limit_up_down_breadth_v1_20120705_20260814::000021,2018-05-03,microcap_medium_top_20180522,2018-05-22,2018-05-10,2018-05-28,multi_lobe,2,,prediction_window,False,False,prediction,-13,13,20,limit_up_down_breadth_top::top::limit_up_down_breadth_v1_20120705_20260814::000022,2012-07-05,2026-08-14,True,True,top_bottom_regions_v2,microcap_medium_top_20180522,prediction,multi_lobe,duplicate_candidate
limit_up_down_breadth_top::top::limit_up_down_breadth_v1_20120705_20260814::onset::microcap::matched::limit_up_down_breadth_top::top::limit_up_down_breadth_v1_20120705_20260814::000022,limit_up_down_breadth_top,top,limit_up_down_breadth_v1_20120705_20260814,onset,microcap,微盘股,matched,True,limit_up_down_breadth_top::top::limit_up_down_breadth_v1_20120705_20260814::000022,2018-05-15,microcap_medium_top_20180522,2018-05-22,2018-05-10,2018-05-28,multi_lobe,2,,envelope,False,True,prediction,-5,5,5,limit_up_down_breadth_top::top::limit_up_down_breadth_v1_20120705_20260814::000022,2012-07-05,2026-08-14,True,True,top_bottom_regions_v2,microcap_medium_top_20180522,prediction,multi_lobe,primary_match
limit_up_down_breadth_top::top::limit_up_down_breadth_v1_20120705_20260814::onset::microcap::missed_region::microcap_medium_top_20180727,limit_up_down_breadth_top,top,limit_up_down_breadth_v1_20120705_20260814,onset,microcap,微盘股,missed_region,False,,,microcap_medium_top_20180727,2018-07-27,2018-07-25,2018-08-01,single_lobe,1,,,False,False,,,,,,2012-07-05,2026-08-14,True,True,top_bottom_regions_v2,,,,
limit_up_down_breadth_top::top::limit_up_down_breadth_v1_20120705_20260814::onset::microcap::false_alarm::limit_up_down_breadth_top::top::limit_up_down_breadth_v1_20120705_20260814::000023,limit_up_down_breadth_top,top,limit_up_down_breadth_v1_20120705_20260814,onset,microcap,微盘股,false_alarm,False,limit_up_down_breadth_top::top::limit_up_down_breadth_v1_20120705_20260814::000023,2018-11-09,,,,,,,,,False,False,,,,,,2012-07-05,2026-08-14,,,,microcap_medium_top_20180727,confirmation,single_lobe,nearest_region_for_slice_only
limit_up_down_breadth_top::top::limit_up_down_breadth_v1_20120705_20260814::onset::microcap::false_alarm::limit_up_down_breadth_top::top::limit_up_down_breadth_v1_20120705_20260814::000024,limit_up_down_breadth_top,top,limit_up_down_breadth_v1_20120705_20260814,onset,microcap,微盘股,false_alarm,False,limit_up_down_breadth_top::top::limit_up_down_breadth_v1_20120705_20260814::000024,2018-11-21,,,,,,,,,False,False,,,,,,2012-07-05,2026-08-14,,,,microcap_medium_top_20180727,confirmation,single_lobe,nearest_region_for_slice_only
limit_up_down_breadth_top::top::limit_up_down_breadth_v1_20120705_20260814::onset::microcap::false_alarm::limit_up_down_breadth_top::top::limit_up_down_breadth_v1_20120705_20260814::000025,limit_up_down_breadth_top,top,limit_up_down_breadth_v1_20120705_20260814,onset,microcap,微盘股,false_alarm,False,limit_up_down_breadth_top::top::limit_up_down_breadth_v1_20120705_20260814::000025,2019-01-11,,,,,,,,,False,False,,,,,,2012-07-05,2026-08-14,,,,microcap_medium_top_20190422,prediction,multi_lobe,nearest_region_for_slice_only
limit_up_down_breadth_top::top::limit_up_down_breadth_v1_20120705_20260814::onset::microcap::false_alarm::limit_up_down_breadth_top::top::limit_up_down_breadth_v1_20120705_20260814::000026,limit_up_down_breadth_top,top,limit_up_down_breadth_v1_20120705_20260814,onset,microcap,微盘股,false_alarm,False,limit_up_down_breadth_top::top::limit_up_down_breadth_v1_20120705_20260814::000026,2019-03-01,,,,,,,,,False,False,,,,,,2012-07-05,2026-08-14,,,,microcap_medium_top_20190422,prediction,multi_lobe,nearest_region_for_slice_only
limit_up_down_breadth_top::top::limit_up_down_breadth_v1_20120705_20260814::onset::microcap::duplicate_alarm::limit_up_down_breadth_top::top::limit_up_down_breadth_v1_20120705_20260814::000027,limit_up_down_breadth_top,top,limit_up_down_breadth_v1_20120705_20260814,onset,microcap,微盘股,duplicate_alarm,False,limit_up_down_breadth_top::top::limit_up_down_breadth_v1_20120705_20260814::000027,2019-03-29,microcap_medium_top_20190422,2019-04-22,2019-04-09,2019-04-25,multi_lobe,2,,prediction_window,False,False,prediction,-15,15,20,limit_up_down_breadth_top::top::limit_up_down_breadth_v1_20120705_20260814::000029,2012-07-05,2026-08-14,True,True,top_bottom_regions_v2,microcap_medium_top_20190422,prediction,multi_lobe,duplicate_candidate
limit_up_down_breadth_top::top::limit_up_down_breadth_v1_20120705_20260814::onset::microcap::duplicate_alarm::limit_up_down_breadth_top::top::limit_up_down_breadth_v1_20120705_20260814::000028,limit_up_down_breadth_top,top,limit_up_down_breadth_v1_20120705_20260814,onset,microcap,微盘股,duplicate_alarm,False,limit_up_down_breadth_top::top::limit_up_down_breadth_v1_20120705_20260814::000028,2019-04-09,microcap_medium_top_20190422,2019-04-22,2019-04-09,2019-04-25,multi_lobe,2,microcap_medium_top_20190422_lobe_01,core_lobe,False,False,prediction,-9,9,10,limit_up_down_breadth_top::top::limit_up_down_breadth_v1_20120705_20260814::000029,2012-07-05,2026-08-14,True,True,top_bottom_regions_v2,microcap_medium_top_20190422,prediction,multi_lobe,duplicate_candidate
limit_up_down_breadth_top::top::limit_up_down_breadth_v1_20120705_20260814::onset::microcap::matched::limit_up_down_breadth_top::top::limit_up_down_breadth_v1_20120705_20260814::000029,limit_up_down_breadth_top,top,limit_up_down_breadth_v1_20120705_20260814,onset,microcap,微盘股,matched,True,limit_up_down_breadth_top::top::limit_up_down_breadth_v1_20120705_20260814::000029,2019-04-24,microcap_medium_top_20190422,2019-04-22,2019-04-09,2019-04-25,multi_lobe,2,microcap_medium_top_20190422_lobe_02,core_lobe,True,True,confirmation,2,2,5,limit_up_down_breadth_top::top::limit_up_down_breadth_v1_20120705_20260814::000029,2012-07-05,2026-08-14,True,True,top_bottom_regions_v2,microcap_medium_top_20190422,confirmation,multi_lobe,primary_match
limit_up_down_breadth_top::top::limit_up_down_breadth_v1_20120705_20260814::onset::microcap::missed_region::microcap_medium_top_20200114,limit_up_down_breadth_top,top,limit_up_down_breadth_v1_20120705_20260814,onset,microcap,微盘股,missed_region,False,,,microcap_medium_top_20200114,2020-01-14,2020-01-06,2020-01-17,single_lobe,1,,,False,False,,,,,,2012-07-05,2026-08-14,True,True,top_bottom_regions_v2,,,,
limit_up_down_breadth_top::top::limit_up_down_breadth_v1_20120705_20260814::onset::microcap::false_alarm::limit_up_down_breadth_top::top::limit_up_down_breadth_v1_20120705_20260814::000030,limit_up_down_breadth_top,top,limit_up_down_breadth_v1_20120705_20260814,onset,microcap,微盘股,false_alarm,False,limit_up_down_breadth_top::top::limit_up_down_breadth_v1_20120705_20260814::000030,2020-04-14,,,,,,,,,False,False,,,,,,2012-07-05,2026-08-14,,,,microcap_medium_top_20200114,confirmation,single_lobe,nearest_region_for_slice_only
limit_up_down_breadth_top::top::limit_up_down_breadth_v1_20120705_20260814::onset::microcap::false_alarm::limit_up_down_breadth_top::top::limit_up_down_breadth_v1_20120705_20260814::000031,limit_up_down_breadth_top,top,limit_up_down_breadth_v1_20120705_20260814,onset,microcap,微盘股,false_alarm,False,limit_up_down_breadth_top::top::limit_up_down_breadth_v1_20120705_20260814::000031,2020-07-14,,,,,,,,,False,False,,,,,,2012-07-05,2026-08-14,,,,microcap_medium_top_20200909,prediction,single_lobe,nearest_region_for_slice_only
limit_up_down_breadth_top::top::limit_up_down_breadth_v1_20120705_20260814::onset::microcap::false_alarm::limit_up_down_breadth_top::top::limit_up_down_breadth_v1_20120705_20260814::000032,limit_up_down_breadth_top,top,limit_up_down_breadth_v1_20120705_20260814,onset,microcap,微盘股,false_alarm,False,limit_up_down_breadth_top::top::limit_up_down_breadth_v1_20120705_20260814::000032,2020-08-10,,,,,,,,,False,False,,,,,,2012-07-05,2026-08-14,,,,microcap_medium_top_20200909,prediction,single_lobe,nearest_region_for_slice_only
limit_up_down_breadth_top::top::limit_up_down_breadth_v1_20120705_20260814::onset::microcap::missed_region::microcap_medium_top_20200909,limit_up_down_breadth_top,top,limit_up_down_breadth_v1_20120705_20260814,onset,microcap,微盘股,missed_region,False,,,microcap_medium_top_20200909,2020-09-09,2020-09-04,2020-09-10,single_lobe,1,,,False,False,,,,,,2012-07-05,2026-08-14,True,True,top_bottom_regions_v2,,,,
limit_up_down_breadth_top::top::limit_up_down_breadth_v1_20120705_20260814::onset::microcap::false_alarm::limit_up_down_breadth_top::top::limit_up_down_breadth_v1_20120705_20260814::000033,limit_up_down_breadth_top,top,limit_up_down_breadth_v1_20120705_20260814,onset,microcap,微盘股,false_alarm,False,limit_up_down_breadth_top::top::limit_up_down_breadth_v1_20120705_20260814::000033,2021-08-30,,,,,,,,,False,False,,,,,,2012-07-05,2026-08-14,,,,microcap_medium_top_20220406,prediction,multi_lobe,nearest_region_for_slice_only
limit_up_down_breadth_top::top::limit_up_down_breadth_v1_20120705_20260814::onset::microcap::false_alarm::limit_up_down_breadth_top::top::limit_up_down_breadth_v1_20120705_20260814::000034,limit_up_down_breadth_top,top,limit_up_down_breadth_v1_20120705_20260814,onset,microcap,微盘股,false_alarm,False,limit_up_down_breadth_top::top::limit_up_down_breadth_v1_20120705_20260814::000034,2021-11-11,,,,,,,,,False,False,,,,,,2012-07-05,2026-08-14,,,,microcap_medium_top_20220406,prediction,multi_lobe,nearest_region_for_slice_only
limit_up_down_breadth_top::top::limit_up_down_breadth_v1_20120705_20260814::onset::microcap::false_alarm::limit_up_down_breadth_top::top::limit_up_down_breadth_v1_20120705_20260814::000035,limit_up_down_breadth_top,top,limit_up_down_breadth_v1_20120705_20260814,onset,microcap,微盘股,false_alarm,False,limit_up_down_breadth_top::top::limit_up_down_breadth_v1_20120705_20260814::000035,2021-11-19,,,,,,,,,False,False,,,,,,2012-07-05,2026-08-14,,,,microcap_medium_top_20220406,prediction,multi_lobe,nearest_region_for_slice_only
limit_up_down_breadth_top::top::limit_up_down_breadth_v1_20120705_20260814::onset::microcap::false_alarm::limit_up_down_breadth_top::top::limit_up_down_breadth_v1_20120705_20260814::000036,limit_up_down_breadth_top,top,limit_up_down_breadth_v1_20120705_20260814,onset,microcap,微盘股,false_alarm,False,limit_up_down_breadth_top::top::limit_up_down_breadth_v1_20120705_20260814::000036,2021-11-24,,,,,,,,,False,False,,,,,,2012-07-05,2026-08-14,,,,microcap_medium_top_20220406,prediction,multi_lobe,nearest_region_for_slice_only
limit_up_down_breadth_top::top::limit_up_down_breadth_v1_20120705_20260814::onset::microcap::false_alarm::limit_up_down_breadth_top::top::limit_up_down_breadth_v1_20120705_20260814::000037,limit_up_down_breadth_top,top,limit_up_down_breadth_v1_20120705_20260814,onset,microcap,微盘股,false_alarm,False,limit_up_down_breadth_top::top::limit_up_down_breadth_v1_20120705_20260814::000037,2022-02-16,,,,,,,,,False,False,,,,,,2012-07-05,2026-08-14,,,,microcap_medium_top_20220406,prediction,multi_lobe,nearest_region_for_slice_only
limit_up_down_breadth_top::top::limit_up_down_breadth_v1_20120705_20260814::onset::microcap::missed_region::microcap_medium_top_20220406,limit_up_down_breadth_top,top,limit_up_down_breadth_v1_20120705_20260814,onset,microcap,微盘股,missed_region,False,,,microcap_medium_top_20220406,2022-04-06,2022-03-07,2022-04-07,multi_lobe,3,,,False,False,,,,,,2012-07-05,2026-08-14,True,True,top_bottom_regions_v2,,,,
limit_up_down_breadth_top::top::limit_up_down_breadth_v1_20120705_20260814::onset::microcap::false_alarm::limit_up_down_breadth_top::top::limit_up_down_breadth_v1_20120705_20260814::000038,limit_up_down_breadth_top,top,limit_up_down_breadth_v1_20120705_20260814,onset,microcap,微盘股,false_alarm,False,limit_up_down_breadth_top::top::limit_up_down_breadth_v1_20120705_20260814::000038,2022-05-12,,,,,,,,,False,False,,,,,,2012-07-05,2026-08-14,,,,microcap_medium_top_20220406,confirmation,multi_lobe,nearest_region_for_slice_only
limit_up_down_breadth_top::top::limit_up_down_breadth_v1_20120705_20260814::onset::microcap::false_alarm::limit_up_down_breadth_top::top::limit_up_down_breadth_v1_20120705_20260814::000039,limit_up_down_breadth_top,top,limit_up_down_breadth_v1_20120705_20260814,onset,microcap,微盘股,false_alarm,False,limit_up_down_breadth_top::top::limit_up_down_breadth_v1_20120705_20260814::000039,2022-05-16,,,,,,,,,False,False,,,,,,2012-07-05,2026-08-14,,,,microcap_medium_top_20220406,confirmation,multi_lobe,nearest_region_for_slice_only
limit_up_down_breadth_top::top::limit_up_down_breadth_v1_20120705_20260814::onset::microcap::missed_region::microcap_medium_top_20220819,limit_up_down_breadth_top,top,limit_up_down_breadth_v1_20120705_20260814,onset,microcap,微盘股,missed_region,False,,,microcap_medium_top_20220819,2022-08-19,2022-08-12,2022-09-08,multi_lobe,3,,,False,False,,,,,,2012-07-05,2026-08-14,True,True,top_bottom_regions_v2,,,,
limit_up_down_breadth_top::top::limit_up_down_breadth_v1_20120705_20260814::onset::microcap::missed_region::microcap_medium_top_20230302,limit_up_down_breadth_top,top,limit_up_down_breadth_v1_20120705_20260814,onset,microcap,微盘股,missed_region,False,,,microcap_medium_top_20230302,2023-03-02,2023-02-13,2023-03-28,multi_lobe,4,,,False,False,,,,,,2012-07-05,2026-08-14,True,True,top_bottom_regions_v2,,,,
limit_up_down_breadth_top::top::limit_up_down_breadth_v1_20120705_20260814::onset::microcap::missed_region::microcap_medium_top_20240105,limit_up_down_breadth_top,top,limit_up_down_breadth_v1_20120705_20260814,onset,microcap,微盘股,missed_region,False,,,microcap_medium_top_20240105,2024-01-05,2024-01-02,2024-01-12,single_lobe,1,,,False,False,,,,,,2012-07-05,2026-08-14,True,True,top_bottom_regions_v2,,,,
limit_up_down_breadth_top::top::limit_up_down_breadth_v1_20120705_20260814::onset::microcap::matched::limit_up_down_breadth_top::top::limit_up_down_breadth_v1_20120705_20260814::000040,limit_up_down_breadth_top,top,limit_up_down_breadth_v1_20120705_20260814,onset,microcap,微盘股,matched,True,limit_up_down_breadth_top::top::limit_up_down_breadth_v1_20120705_20260814::000040,2024-03-05,microcap_medium_top_20240228,2024-02-28,2024-02-28,2024-02-28,single_lobe,1,,confirmation_window,False,False,confirmation,4,4,5,limit_up_down_breadth_top::top::limit_up_down_breadth_v1_20120705_20260814::000040,2012-07-05,2026-08-14,True,True,top_bottom_regions_v2,microcap_medium_top_20240228,confirmation,single_lobe,primary_match
limit_up_down_breadth_top::top::limit_up_down_breadth_v1_20120705_20260814::onset::microcap::duplicate_alarm::limit_up_down_breadth_top::top::limit_up_down_breadth_v1_20120705_20260814::000041,limit_up_down_breadth_top,top,limit_up_down_breadth_v1_20120705_20260814,onset,microcap,微盘股,duplicate_alarm,False,limit_up_down_breadth_top::top::limit_up_down_breadth_v1_20120705_20260814::000041,2024-03-14,microcap_medium_top_20240228,2024-02-28,2024-02-28,2024-02-28,single_lobe,1,,confirmation_window,False,False,confirmation,11,11,20,limit_up_down_breadth_top::top::limit_up_down_breadth_v1_20120705_20260814::000040,2012-07-05,2026-08-14,True,True,top_bottom_regions_v2,microcap_medium_top_20240228,confirmation,single_lobe,duplicate_candidate
limit_up_down_breadth_top::top::limit_up_down_breadth_v1_20120705_20260814::onset::microcap::matched::limit_up_down_breadth_top::top::limit_up_down_breadth_v1_20120705_20260814::000042,limit_up_down_breadth_top,top,limit_up_down_breadth_v1_20120705_20260814,onset,microcap,微盘股,matched,True,limit_up_down_breadth_top::top::limit_up_down_breadth_v1_20120705_20260814::000042,2024-03-26,microcap_medium_top_20240402,2024-04-02,2024-03-21,2024-04-08,multi_lobe,2,,envelope,False,True,prediction,-5,5,5,limit_up_down_breadth_top::top::limit_up_down_breadth_v1_20120705_20260814::000042,2012-07-05,2026-08-14,True,True,top_bottom_regions_v2,microcap_medium_top_20240402,prediction,multi_lobe,primary_match
limit_up_down_breadth_top::top::limit_up_down_breadth_v1_20120705_20260814::onset::microcap::matched::limit_up_down_breadth_top::top::limit_up_down_breadth_v1_20120705_20260814::000043,limit_up_down_breadth_top,top,limit_up_down_breadth_v1_20120705_20260814,onset,microcap,微盘股,matched,True,limit_up_down_breadth_top::top::limit_up_down_breadth_v1_20120705_20260814::000043,2024-05-09,microcap_medium_top_20240520,2024-05-20,2024-05-07,2024-05-23,multi_lobe,2,microcap_medium_top_20240520_lobe_01,core_lobe,True,True,prediction,-7,7,10,limit_up_down_breadth_top::top::limit_up_down_breadth_v1_20120705_20260814::000043,2012-07-05,2026-08-14,True,True,top_bottom_regions_v2,microcap_medium_top_20240520,prediction,multi_lobe,primary_match
limit_up_down_breadth_top::top::limit_up_down_breadth_v1_20120705_20260814::onset::microcap::matched::limit_up_down_breadth_top::top::limit_up_down_breadth_v1_20120705_20260814::000044,limit_up_down_breadth_top,top,limit_up_down_breadth_v1_20120705_20260814,onset,microcap,微盘股,matched,True,limit_up_down_breadth_top::top::limit_up_down_breadth_v1_20120705_20260814::000044,2024-10-15,microcap_medium_top_20241008,2024-10-08,2024-10-08,2024-10-08,single_lobe,1,,confirmation_window,False,False,confirmation,5,5,5,limit_up_down_breadth_top::top::limit_up_down_breadth_v1_20120705_20260814::000044,2012-07-05,2026-08-14,True,True,top_bottom_regions_v2,microcap_medium_top_20241008,confirmation,single_lobe,primary_match
limit_up_down_breadth_top::top::limit_up_down_breadth_v1_20120705_20260814::onset::microcap::duplicate_alarm::limit_up_down_breadth_top::top::limit_up_down_breadth_v1_20120705_20260814::000045,limit_up_down_breadth_top,top,limit_up_down_breadth_v1_20120705_20260814,onset,microcap,微盘股,duplicate_alarm,False,limit_up_down_breadth_top::top::limit_up_down_breadth_v1_20120705_20260814::000045,2024-11-04,microcap_medium_top_20241008,2024-10-08,2024-10-08,2024-10-08,single_lobe,1,,confirmation_window,False,False,confirmation,19,19,20,limit_up_down_breadth_top::top::limit_up_down_breadth_v1_20120705_20260814::000044,2012-07-05,2026-08-14,True,True,top_bottom_regions_v2,microcap_medium_top_20241008,confirmation,single_lobe,duplicate_candidate
limit_up_down_breadth_top::top::limit_up_down_breadth_v1_20120705_20260814::onset::microcap::false_alarm::limit_up_down_breadth_top::top::limit_up_down_breadth_v1_20120705_20260814::000046,limit_up_down_breadth_top,top,limit_up_down_breadth_v1_20120705_20260814,onset,microcap,微盘股,false_alarm,False,limit_up_down_breadth_top::top::limit_up_down_breadth_v1_20120705_20260814::000046,2024-11-12,,,,,,,,,False,False,,,,,,2012-07-05,2026-08-14,,,,microcap_medium_top_20241212,prediction,multi_lobe,nearest_region_for_slice_only
limit_up_down_breadth_top::top::limit_up_down_breadth_v1_20120705_20260814::onset::microcap::matched::limit_up_down_breadth_top::top::limit_up_down_breadth_v1_20120705_20260814::000047,limit_up_down_breadth_top,top,limit_up_down_breadth_v1_20120705_20260814,onset,microcap,微盘股,matched,True,limit_up_down_breadth_top::top::limit_up_down_breadth_v1_20120705_20260814::000047,2024-12-09,microcap_medium_top_20241212,2024-12-12,2024-12-10,2024-12-17,multi_lobe,2,,prediction_window,False,False,prediction,-3,3,5,limit_up_down_breadth_top::top::limit_up_down_breadth_v1_20120705_20260814::000047,2012-07-05,2026-08-14,True,True,top_bottom_regions_v2,microcap_medium_top_20241212,prediction,multi_lobe,primary_match
limit_up_down_breadth_top::top::limit_up_down_breadth_v1_20120705_20260814::onset::microcap::matched::limit_up_down_breadth_top::top::limit_up_down_breadth_v1_20120705_20260814::000048,limit_up_down_breadth_top,top,limit_up_down_breadth_v1_20120705_20260814,onset,microcap,微盘股,matched,True,limit_up_down_breadth_top::top::limit_up_down_breadth_v1_20120705_20260814::000048,2025-04-17,microcap_medium_top_20250320,2025-03-20,2025-03-17,2025-03-24,single_lobe,1,,confirmation_window,False,False,confirmation,19,19,20,limit_up_down_breadth_top::top::limit_up_down_breadth_v1_20120705_20260814::000048,2012-07-05,2026-08-14,True,True,top_bottom_regions_v2,microcap_medium_top_20250320,confirmation,single_lobe,primary_match
limit_up_down_breadth_top::top::limit_up_down_breadth_v1_20120705_20260814::onset::microcap::matched::limit_up_down_breadth_top::top::limit_up_down_breadth_v1_20120705_20260814::000049,limit_up_down_breadth_top,top,limit_up_down_breadth_v1_20120705_20260814,onset,microcap,微盘股,matched,True,limit_up_down_breadth_top::top::limit_up_down_breadth_v1_20120705_20260814::000049,2026-01-21,microcap_medium_top_20260225,2026-02-25,2026-02-10,2026-03-10,multi_lobe,3,,prediction_window,False,False,prediction,-19,19,20,limit_up_down_breadth_top::top::limit_up_down_breadth_v1_20120705_20260814::000049,2012-07-05,2026-08-14,True,True,top_bottom_regions_v2,microcap_medium_top_20260225,prediction,multi_lobe,primary_match
limit_up_down_breadth_top::top::limit_up_down_breadth_v1_20120705_20260814::onset::microcap::matched::limit_up_down_breadth_top::top::limit_up_down_breadth_v1_20120705_20260814::000050,limit_up_down_breadth_top,top,limit_up_down_breadth_v1_20120705_20260814,onset,microcap,微盘股,matched,True,limit_up_down_breadth_top::top::limit_up_down_breadth_v1_20120705_20260814::000050,2026-06-04,microcap_medium_top_20260512,2026-05-12,2026-05-07,2026-05-21,multi_lobe,2,,confirmation_window,False,False,confirmation,17,17,20,limit_up_down_breadth_top::top::limit_up_down_breadth_v1_20120705_20260814::000050,2012-07-05,2026-08-14,True,True,top_bottom_regions_v2,microcap_medium_top_20260512,confirmation,multi_lobe,primary_match
limit_up_down_breadth_top::top::limit_up_down_breadth_v1_20120705_20260814::onset::microcap::false_alarm::limit_up_down_breadth_top::top::limit_up_down_breadth_v1_20120705_20260814::000051,limit_up_down_breadth_top,top,limit_up_down_breadth_v1_20120705_20260814,onset,microcap,微盘股,false_alarm,False,limit_up_down_breadth_top::top::limit_up_down_breadth_v1_20120705_20260814::000051,2026-06-24,,,,,,,,,False,False,,,,,,2012-07-05,2026-08-14,,,,microcap_medium_top_20260512,confirmation,multi_lobe,nearest_region_for_slice_only
limit_up_down_breadth_top::top::limit_up_down_breadth_v1_20120705_20260814::onset::microcap::false_alarm::limit_up_down_breadth_top::top::limit_up_down_breadth_v1_20120705_20260814::000052,limit_up_down_breadth_top,top,limit_up_down_breadth_v1_20120705_20260814,onset,microcap,微盘股,false_alarm,False,limit_up_down_breadth_top::top::limit_up_down_breadth_v1_20120705_20260814::000052,2026-08-12,,,,,,,,,False,False,,,,,,2012-07-05,2026-08-14,,,,microcap_medium_top_20260512,confirmation,multi_lobe,nearest_region_for_slice_only
limit_up_down_breadth_top::top::limit_up_down_breadth_v1_20120705_20260814::onset::sse_composite::false_alarm::limit_up_down_breadth_top::top::limit_up_down_breadth_v1_20120705_20260814::000001,limit_up_down_breadth_top,top,limit_up_down_breadth_v1_20120705_20260814,onset,sse_composite,上证指数,false_alarm,False,limit_up_down_breadth_top::top::limit_up_down_breadth_v1_20120705_20260814::000001,2012-09-12,,,,,,,,,False,False,,,,,,2012-07-05,2026-08-14,,,,sse_composite_medium_top_20130218,prediction,single_lobe,nearest_region_for_slice_only
limit_up_down_breadth_top::top::limit_up_down_breadth_v1_20120705_20260814::onset::sse_composite::false_alarm::limit_up_down_breadth_top::top::limit_up_down_breadth_v1_20120705_20260814::000002,limit_up_down_breadth_top,top,limit_up_down_breadth_v1_20120705_20260814,onset,sse_composite,上证指数,false_alarm,False,limit_up_down_breadth_top::top::limit_up_down_breadth_v1_20120705_20260814::000002,2012-12-17,,,,,,,,,False,False,,,,,,2012-07-05,2026-08-14,,,,sse_composite_medium_top_20130218,prediction,single_lobe,nearest_region_for_slice_only
limit_up_down_breadth_top::top::limit_up_down_breadth_v1_20120705_20260814::onset::sse_composite::duplicate_alarm::limit_up_down_breadth_top::top::limit_up_down_breadth_v1_20120705_20260814::000003,limit_up_down_breadth_top,top,limit_up_down_breadth_v1_20120705_20260814,onset,sse_composite,上证指数,duplicate_alarm,False,limit_up_down_breadth_top::top::limit_up_down_breadth_v1_20120705_20260814::000003,2013-01-21,sse_composite_medium_top_20130218,2013-02-18,2013-02-01,2013-02-19,single_lobe,1,,prediction_window,False,False,prediction,-15,15,20,limit_up_down_breadth_top::top::limit_up_down_breadth_v1_20120705_20260814::000004,2012-07-05,2026-08-14,True,True,top_bottom_regions_v2,sse_composite_medium_top_20130218,prediction,single_lobe,duplicate_candidate
limit_up_down_breadth_top::top::limit_up_down_breadth_v1_20120705_20260814::onset::sse_composite::matched::limit_up_down_breadth_top::top::limit_up_down_breadth_v1_20120705_20260814::000004,limit_up_down_breadth_top,top,limit_up_down_breadth_v1_20120705_20260814,onset,sse_composite,上证指数,matched,True,limit_up_down_breadth_top::top::limit_up_down_breadth_v1_20120705_20260814::000004,2013-01-23,sse_composite_medium_top_20130218,2013-02-18,2013-02-01,2013-02-19,single_lobe,1,,prediction_window,False,False,prediction,-13,13,20,limit_up_down_breadth_top::top::limit_up_down_breadth_v1_20120705_20260814::000004,2012-07-05,2026-08-14,True,True,top_bottom_regions_v2,sse_composite_medium_top_20130218,prediction,single_lobe,primary_match
limit_up_down_breadth_top::top::limit_up_down_breadth_v1_20120705_20260814::onset::sse_composite::matched::limit_up_down_breadth_top::top::limit_up_down_breadth_v1_20120705_20260814::000005,limit_up_down_breadth_top,top,limit_up_down_breadth_v1_20120705_20260814,onset,sse_composite,上证指数,matched,True,limit_up_down_breadth_top::top::limit_up_down_breadth_v1_20120705_20260814::000005,2013-05-16,sse_composite_medium_top_20130529,2013-05-29,2013-05-20,2013-06-04,multi_lobe,2,,prediction_window,False,False,prediction,-9,9,10,limit_up_down_breadth_top::top::limit_up_down_breadth_v1_20120705_20260814::000005,2012-07-05,2026-08-14,True,True,top_bottom_regions_v2,sse_composite_medium_top_20130529,prediction,multi_lobe,primary_match
limit_up_down_breadth_top::top::limit_up_down_breadth_v1_20120705_20260814::onset::sse_composite::false_alarm::limit_up_down_breadth_top::top::limit_up_down_breadth_v1_20120705_20260814::000006,limit_up_down_breadth_top,top,limit_up_down_breadth_v1_20120705_20260814,onset,sse_composite,上证指数,false_alarm,False,limit_up_down_breadth_top::top::limit_up_down_breadth_v1_20120705_20260814::000006,2013-07-03,,,,,,,,,False,False,,,,,,2012-07-05,2026-08-14,,,,sse_composite_medium_top_20130529,confirmation,multi_lobe,nearest_region_for_slice_only
limit_up_down_breadth_top::top::limit_up_down_breadth_v1_20120705_20260814::onset::sse_composite::false_alarm::limit_up_down_breadth_top::top::limit_up_down_breadth_v1_20120705_20260814::000007,limit_up_down_breadth_top,top,limit_up_down_breadth_v1_20120705_20260814,onset,sse_composite,上证指数,false_alarm,False,limit_up_down_breadth_top::top::limit_up_down_breadth_v1_20120705_20260814::000007,2013-07-17,,,,,,,,,False,False,,,,,,2012-07-05,2026-08-14,,,,sse_composite_medium_top_20130529,confirmation,multi_lobe,nearest_region_for_slice_only
limit_up_down_breadth_top::top::limit_up_down_breadth_v1_20120705_20260814::onset::sse_composite::false_alarm::limit_up_down_breadth_top::top::limit_up_down_breadth_v1_20120705_20260814::000008,limit_up_down_breadth_top,top,limit_up_down_breadth_v1_20120705_20260814,onset,sse_composite,上证指数,false_alarm,False,limit_up_down_breadth_top::top::limit_up_down_breadth_v1_20120705_20260814::000008,2013-07-31,,,,,,,,,False,False,,,,,,2012-07-05,2026-08-14,,,,sse_composite_medium_top_20130912,prediction,single_lobe,nearest_region_for_slice_only
limit_up_down_breadth_top::top::limit_up_down_breadth_v1_20120705_20260814::onset::sse_composite::matched::limit_up_down_breadth_top::top::limit_up_down_breadth_v1_20120705_20260814::000009,limit_up_down_breadth_top,top,limit_up_down_breadth_v1_20120705_20260814,onset,sse_composite,上证指数,matched,True,limit_up_down_breadth_top::top::limit_up_down_breadth_v1_20120705_20260814::000009,2013-09-16,sse_composite_medium_top_20130912,2013-09-12,2013-09-10,2013-09-16,single_lobe,1,sse_composite_medium_top_20130912_lobe_01,core_lobe,True,True,confirmation,2,2,5,limit_up_down_breadth_top::top::limit_up_down_breadth_v1_20120705_20260814::000009,2012-07-05,2026-08-14,True,True,top_bottom_regions_v2,sse_composite_medium_top_20130912,confirmation,single_lobe,primary_match
limit_up_down_breadth_top::top::limit_up_down_breadth_v1_20120705_20260814::onset::sse_composite::duplicate_alarm::limit_up_down_breadth_top::top::limit_up_down_breadth_v1_20120705_20260814::000010,limit_up_down_breadth_top,top,limit_up_down_breadth_v1_20120705_20260814,onset,sse_composite,上证指数,duplicate_alarm,False,limit_up_down_breadth_top::top::limit_up_down_breadth_v1_20120705_20260814::000010,2013-09-30,sse_composite_medium_top_20130912,2013-09-12,2013-09-10,2013-09-16,single_lobe,1,,confirmation_window,False,False,confirmation,10,10,10,limit_up_down_breadth_top::top::limit_up_down_breadth_v1_20120705_20260814::000009,2012-07-05,2026-08-14,True,True,top_bottom_regions_v2,sse_composite_medium_top_20130912,confirmation,single_lobe,duplicate_candidate
limit_up_down_breadth_top::top::limit_up_down_breadth_v1_20120705_20260814::onset::sse_composite::missed_region::sse_composite_medium_top_20131204,limit_up_down_breadth_top,top,limit_up_down_breadth_v1_20120705_20260814,onset,sse_composite,上证指数,missed_region,False,,,sse_composite_medium_top_20131204,2013-12-04,2013-11-28,2013-12-11,single_lobe,1,,,False,False,,,,,,2012-07-05,2026-08-14,True,True,top_bottom_regions_v2,,,,
limit_up_down_breadth_top::top::limit_up_down_breadth_v1_20120705_20260814::onset::sse_composite::matched::limit_up_down_breadth_top::top::limit_up_down_breadth_v1_20120705_20260814::000011,limit_up_down_breadth_top,top,limit_up_down_breadth_v1_20120705_20260814,onset,sse_composite,上证指数,matched,True,limit_up_down_breadth_top::top::limit_up_down_breadth_v1_20120705_20260814::000011,2014-02-19,sse_composite_medium_top_20140220,2014-02-20,2014-02-19,2014-02-20,single_lobe,1,sse_composite_medium_top_20140220_lobe_01,core_lobe,True,True,prediction,-1,1,5,limit_up_down_breadth_top::top::limit_up_down_breadth_v1_20120705_20260814::000011,2012-07-05,2026-08-14,True,True,top_bottom_regions_v2,sse_composite_medium_top_20140220,prediction,single_lobe,primary_match
limit_up_down_breadth_top::top::limit_up_down_breadth_v1_20120705_20260814::onset::sse_composite::matched::limit_up_down_breadth_top::top::limit_up_down_breadth_v1_20120705_20260814::000012,limit_up_down_breadth_top,top,limit_up_down_breadth_v1_20120705_20260814,onset,sse_composite,上证指数,matched,True,limit_up_down_breadth_top::top::limit_up_down_breadth_v1_20120705_20260814::000012,2014-12-18,sse_composite_medium_top_20141209,2014-12-09,2014-12-09,2014-12-09,single_lobe,1,,confirmation_window,False,False,confirmation,7,7,10,limit_up_down_breadth_top::top::limit_up_down_breadth_v1_20120705_20260814::000012,2012-07-05,2026-08-14,True,True,top_bottom_regions_v2,sse_composite_medium_top_20141209,confirmation,single_lobe,primary_match
limit_up_down_breadth_top::top::limit_up_down_breadth_v1_20120705_20260814::onset::sse_composite::missed_region::sse_composite_medium_top_20150109,limit_up_down_breadth_top,top,limit_up_down_breadth_v1_20120705_20260814,onset,sse_composite,上证指数,missed_region,False,,,sse_composite_medium_top_20150109,2015-01-09,2015-01-05,2015-01-09,single_lobe,1,,,False,False,,,,,,2012-07-05,2026-08-14,True,True,top_bottom_regions_v2,,,,
limit_up_down_breadth_top::top::limit_up_down_breadth_v1_20120705_20260814::onset::sse_composite::missed_region::sse_composite_medium_top_20150123,limit_up_down_breadth_top,top,limit_up_down_breadth_v1_20120705_20260814,onset,sse_composite,上证指数,missed_region,False,,,sse_composite_medium_top_20150123,2015-01-23,2015-01-22,2015-01-28,single_lobe,1,,,False,False,,,,,,2012-07-05,2026-08-14,True,True,top_bottom_regions_v2,,,,
limit_up_down_breadth_top::top::limit_up_down_breadth_v1_20120705_20260814::onset::sse_composite::false_alarm::limit_up_down_breadth_top::top::limit_up_down_breadth_v1_20120705_20260814::000013,limit_up_down_breadth_top,top,limit_up_down_breadth_v1_20120705_20260814,onset,sse_composite,上证指数,false_alarm,False,limit_up_down_breadth_top::top::limit_up_down_breadth_v1_20120705_20260814::000013,2015-03-06,,,,,,,,,False,False,,,,,,2012-07-05,2026-08-14,,,,sse_composite_medium_top_20150123,confirmation,single_lobe,nearest_region_for_slice_only
limit_up_down_breadth_top::top::limit_up_down_breadth_v1_20120705_20260814::onset::sse_composite::duplicate_alarm::limit_up_down_breadth_top::top::limit_up_down_breadth_v1_20120705_20260814::000014,limit_up_down_breadth_top,top,limit_up_down_breadth_v1_20120705_20260814,onset,sse_composite,上证指数,duplicate_alarm,False,limit_up_down_breadth_top::top::limit_up_down_breadth_v1_20120705_20260814::000014,2015-03-30,sse_composite_medium_top_20150428,2015-04-28,2015-04-27,2015-04-30,single_lobe,1,,prediction_window,False,False,prediction,-20,20,20,limit_up_down_breadth_top::top::limit_up_down_breadth_v1_20120705_20260814::000015,2012-07-05,2026-08-14,True,True,top_bottom_regions_v2,sse_composite_medium_top_20150428,prediction,single_lobe,duplicate_candidate
limit_up_down_breadth_top::top::limit_up_down_breadth_v1_20120705_20260814::onset::sse_composite::matched::limit_up_down_breadth_top::top::limit_up_down_breadth_v1_20120705_20260814::000015,limit_up_down_breadth_top,top,limit_up_down_breadth_v1_20120705_20260814,onset,sse_composite,上证指数,matched,True,limit_up_down_breadth_top::top::limit_up_down_breadth_v1_20120705_20260814::000015,2015-04-20,sse_composite_medium_top_20150428,2015-04-28,2015-04-27,2015-04-30,single_lobe,1,,prediction_window,False,False,prediction,-6,6,10,limit_up_down_breadth_top::top::limit_up_down_breadth_v1_20120705_20260814::000015,2012-07-05,2026-08-14,True,True,top_bottom_regions_v2,sse_composite_medium_top_20150428,prediction,single_lobe,primary_match
limit_up_down_breadth_top::top::limit_up_down_breadth_v1_20120705_20260814::onset::sse_composite::missed_region::sse_composite_medium_top_20150528,limit_up_down_breadth_top,top,limit_up_down_breadth_v1_20120705_20260814,onset,sse_composite,上证指数,missed_region,False,,,sse_composite_medium_top_20150528,2015-05-28,2015-05-26,2015-05-28,single_lobe,1,,,False,False,,,,,,2012-07-05,2026-08-14,True,True,top_bottom_regions_v2,,,,
limit_up_down_breadth_top::top::limit_up_down_breadth_v1_20120705_20260814::onset::sse_composite::matched::limit_up_down_breadth_top::top::limit_up_down_breadth_v1_20120705_20260814::000016,limit_up_down_breadth_top,top,limit_up_down_breadth_v1_20120705_20260814,onset,sse_composite,上证指数,matched,True,limit_up_down_breadth_top::top::limit_up_down_breadth_v1_20120705_20260814::000016,2015-06-09,sse_composite_medium_top_20150612,2015-06-12,2015-06-08,2015-06-15,single_lobe,1,sse_composite_medium_top_20150612_lobe_01,core_lobe,True,True,prediction,-3,3,5,limit_up_down_breadth_top::top::limit_up_down_breadth_v1_20120705_20260814::000016,2012-07-05,2026-08-14,True,True,top_bottom_regions_v2,sse_composite_medium_top_20150612,prediction,single_lobe,primary_match
limit_up_down_breadth_top::top::limit_up_down_breadth_v1_20120705_20260814::onset::sse_composite::missed_region::sse_composite_medium_top_20150625,limit_up_down_breadth_top,top,limit_up_down_breadth_v1_20120705_20260814,onset,sse_composite,上证指数,missed_region,False,,,sse_composite_medium_top_20150625,2015-06-25,2015-06-25,2015-06-25,single_lobe,1,,,False,False,,,,,,2012-07-05,2026-08-14,True,True,top_bottom_regions_v2,,,,
limit_up_down_breadth_top::top::limit_up_down_breadth_v1_20120705_20260814::onset::sse_composite::missed_region::sse_composite_medium_top_20150701,limit_up_down_breadth_top,top,limit_up_down_breadth_v1_20120705_20260814,onset,sse_composite,上证指数,missed_region,False,,,sse_composite_medium_top_20150701,2015-07-01,2015-07-01,2015-07-01,single_lobe,1,,,False,False,,,,,,2012-07-05,2026-08-14,True,True,top_bottom_regions_v2,,,,
limit_up_down_breadth_top::top::limit_up_down_breadth_v1_20120705_20260814::onset::sse_composite::missed_region::sse_composite_medium_top_20150706,limit_up_down_breadth_top,top,limit_up_down_breadth_v1_20120705_20260814,onset,sse_composite,上证指数,missed_region,False,,,sse_composite_medium_top_20150706,2015-07-06,2015-07-06,2015-07-06,single_lobe,1,,,False,False,,,,,,2012-07-05,2026-08-14,True,True,top_bottom_regions_v2,,,,
limit_up_down_breadth_top::top::limit_up_down_breadth_v1_20120705_20260814::onset::sse_composite::missed_region::sse_composite_medium_top_20150714,limit_up_down_breadth_top,top,limit_up_down_breadth_v1_20120705_20260814,onset,sse_composite,上证指数,missed_region,False,,,sse_composite_medium_top_20150714,2015-07-14,2015-07-13,2015-07-14,single_lobe,1,,,False,False,,,,,,2012-07-05,2026-08-14,True,True,top_bottom_regions_v2,,,,
limit_up_down_breadth_top::top::limit_up_down_breadth_v1_20120705_20260814::onset::sse_composite::matched::limit_up_down_breadth_top::top::limit_up_down_breadth_v1_20120705_20260814::000017,limit_up_down_breadth_top,top,limit_up_down_breadth_v1_20120705_20260814,onset,sse_composite,上证指数,matched,True,limit_up_down_breadth_top::top::limit_up_down_breadth_v1_20120705_20260814::000017,2015-07-24,sse_composite_medium_top_20150724,2015-07-24,2015-07-23,2015-07-24,single_lobe,1,sse_composite_medium_top_20150724_lobe_01,core_lobe,True,True,prediction,0,0,5,limit_up_down_breadth_top::top::limit_up_down_breadth_v1_20120705_20260814::000017,2012-07-05,2026-08-14,True,True,top_bottom_regions_v2,sse_composite_medium_top_20150724,prediction,single_lobe,primary_match
limit_up_down_breadth_top::top::limit_up_down_breadth_v1_20120705_20260814::onset::sse_composite::matched::limit_up_down_breadth_top::top::limit_up_down_breadth_v1_20120705_20260814::000018,limit_up_down_breadth_top,top,limit_up_down_breadth_v1_20120705_20260814,onset,sse_composite,上证指数,matched,True,limit_up_down_breadth_top::top::limit_up_down_breadth_v1_20120705_20260814::000018,2015-08-11,sse_composite_medium_top_20150818,2015-08-18,2015-08-10,2015-08-18,multi_lobe,2,sse_composite_medium_top_20150818_lobe_01,core_lobe,True,True,prediction,-5,5,5,limit_up_down_breadth_top::top::limit_up_down_breadth_v1_20120705_20260814::000018,2012-07-05,2026-08-14,True,True,top_bottom_regions_v2,sse_composite_medium_top_20150818,prediction,multi_lobe,primary_match
limit_up_down_breadth_top::top::limit_up_down_breadth_v1_20120705_20260814::onset::sse_composite::missed_region::sse_composite_medium_top_20150909,limit_up_down_breadth_top,top,limit_up_down_breadth_v1_20120705_20260814,onset,sse_composite,上证指数,missed_region,False,,,sse_composite_medium_top_20150909,2015-09-09,2015-09-07,2015-09-11,multi_lobe,2,,,False,False,,,,,,2012-07-05,2026-08-14,True,True,top_bottom_regions_v2,,,,
limit_up_down_breadth_top::top::limit_up_down_breadth_v1_20120705_20260814::onset::sse_composite::missed_region::sse_composite_medium_top_20151117,limit_up_down_breadth_top,top,limit_up_down_breadth_v1_20120705_20260814,onset,sse_composite,上证指数,missed_region,False,,,sse_composite_medium_top_20151117,2015-11-17,2015-11-09,2015-11-23,multi_lobe,3,,,False,False,,,,,,2012-07-05,2026-08-14,True,True,top_bottom_regions_v2,,,,
limit_up_down_breadth_top::top::limit_up_down_breadth_v1_20120705_20260814::onset::sse_composite::missed_region::sse_composite_medium_top_20151223,limit_up_down_breadth_top,top,limit_up_down_breadth_v1_20120705_20260814,onset,sse_composite,上证指数,missed_region,False,,,sse_composite_medium_top_20151223,2015-12-23,2015-12-21,2015-12-28,single_lobe,1,,,False,False,,,,,,2012-07-05,2026-08-14,True,True,top_bottom_regions_v2,,,,
limit_up_down_breadth_top::top::limit_up_down_breadth_v1_20120705_20260814::onset::sse_composite::missed_region::sse_composite_medium_top_20160222,limit_up_down_breadth_top,top,limit_up_down_breadth_v1_20120705_20260814,onset,sse_composite,上证指数,missed_region,False,,,sse_composite_medium_top_20160222,2016-02-22,2016-02-18,2016-02-24,multi_lobe,2,,,False,False,,,,,,2012-07-05,2026-08-14,True,True,top_bottom_regions_v2,,,,
limit_up_down_breadth_top::top::limit_up_down_breadth_v1_20120705_20260814::onset::sse_composite::missed_region::sse_composite_medium_top_20160413,limit_up_down_breadth_top,top,limit_up_down_breadth_v1_20120705_20260814,onset,sse_composite,上证指数,missed_region,False,,,sse_composite_medium_top_20160413,2016-04-13,2016-04-05,2016-04-20,multi_lobe,3,,,False,False,,,,,,2012-07-05,2026-08-14,True,True,top_bottom_regions_v2,,,,
limit_up_down_breadth_top::top::limit_up_down_breadth_v1_20120705_20260814::onset::sse_composite::missed_region::sse_composite_medium_top_20161129,limit_up_down_breadth_top,top,limit_up_down_breadth_v1_20120705_20260814,onset,sse_composite,上证指数,missed_region,False,,,sse_composite_medium_top_20161129,2016-11-29,2016-11-22,2016-12-02,single_lobe,1,,,False,False,,,,,,2012-07-05,2026-08-14,True,True,top_bottom_regions_v2,,,,
limit_up_down_breadth_top::top::limit_up_down_breadth_v1_20120705_20260814::onset::sse_composite::missed_region::sse_composite_medium_top_20180129,limit_up_down_breadth_top,top,limit_up_down_breadth_v1_20120705_20260814,onset,sse_composite,上证指数,missed_region,False,,,sse_composite_medium_top_20180129,2018-01-29,2018-01-23,2018-01-29,single_lobe,1,,,False,False,,,,,,2012-07-05,2026-08-14,True,True,top_bottom_regions_v2,,,,
limit_up_down_breadth_top::top::limit_up_down_breadth_v1_20120705_20260814::onset::sse_composite::missed_region::sse_composite_medium_top_20180226,limit_up_down_breadth_top,top,limit_up_down_breadth_v1_20120705_20260814,onset,sse_composite,上证指数,missed_region,False,,,sse_composite_medium_top_20180226,2018-02-26,2018-02-23,2018-03-22,multi_lobe,3,,,False,False,,,,,,2012-07-05,2026-08-14,True,True,top_bottom_regions_v2,,,,
limit_up_down_breadth_top::top::limit_up_down_breadth_v1_20120705_20260814::onset::sse_composite::false_alarm::limit_up_down_breadth_top::top::limit_up_down_breadth_v1_20120705_20260814::000019,limit_up_down_breadth_top,top,limit_up_down_breadth_v1_20120705_20260814,onset,sse_composite,上证指数,false_alarm,False,limit_up_down_breadth_top::top::limit_up_down_breadth_v1_20120705_20260814::000019,2018-04-03,,,,,,,,,False,False,,,,,,2012-07-05,2026-08-14,,,,sse_composite_medium_top_20180226,confirmation,multi_lobe,nearest_region_for_slice_only
limit_up_down_breadth_top::top::limit_up_down_breadth_v1_20120705_20260814::onset::sse_composite::false_alarm::limit_up_down_breadth_top::top::limit_up_down_breadth_v1_20120705_20260814::000020,limit_up_down_breadth_top,top,limit_up_down_breadth_v1_20120705_20260814,onset,sse_composite,上证指数,false_alarm,False,limit_up_down_breadth_top::top::limit_up_down_breadth_v1_20120705_20260814::000020,2018-04-16,,,,,,,,,False,False,,,,,,2012-07-05,2026-08-14,,,,sse_composite_medium_top_20180226,confirmation,multi_lobe,nearest_region_for_slice_only
limit_up_down_breadth_top::top::limit_up_down_breadth_v1_20120705_20260814::onset::sse_composite::false_alarm::limit_up_down_breadth_top::top::limit_up_down_breadth_v1_20120705_20260814::000021,limit_up_down_breadth_top,top,limit_up_down_breadth_v1_20120705_20260814,onset,sse_composite,上证指数,false_alarm,False,limit_up_down_breadth_top::top::limit_up_down_breadth_v1_20120705_20260814::000021,2018-05-03,,,,,,,,,False,False,,,,,,2012-07-05,2026-08-14,,,,sse_composite_medium_top_20180226,confirmation,multi_lobe,nearest_region_for_slice_only
limit_up_down_breadth_top::top::limit_up_down_breadth_v1_20120705_20260814::onset::sse_composite::false_alarm::limit_up_down_breadth_top::top::limit_up_down_breadth_v1_20120705_20260814::000022,limit_up_down_breadth_top,top,limit_up_down_breadth_v1_20120705_20260814,onset,sse_composite,上证指数,false_alarm,False,limit_up_down_breadth_top::top::limit_up_down_breadth_v1_20120705_20260814::000022,2018-05-15,,,,,,,,,False,False,,,,,,2012-07-05,2026-08-14,,,,sse_composite_medium_top_20180726,prediction,single_lobe,nearest_region_for_slice_only
limit_up_down_breadth_top::top::limit_up_down_breadth_v1_20120705_20260814::onset::sse_composite::missed_region::sse_composite_medium_top_20180726,limit_up_down_breadth_top,top,limit_up_down_breadth_v1_20120705_20260814,onset,sse_composite,上证指数,missed_region,False,,,sse_composite_medium_top_20180726,2018-07-26,2018-07-24,2018-08-01,single_lobe,1,,,False,False,,,,,,2012-07-05,2026-08-14,True,True,top_bottom_regions_v2,,,,
limit_up_down_breadth_top::top::limit_up_down_breadth_v1_20120705_20260814::onset::sse_composite::duplicate_alarm::limit_up_down_breadth_top::top::limit_up_down_breadth_v1_20120705_20260814::000023,limit_up_down_breadth_top,top,limit_up_down_breadth_v1_20120705_20260814,onset,sse_composite,上证指数,duplicate_alarm,False,limit_up_down_breadth_top::top::limit_up_down_breadth_v1_20120705_20260814::000023,2018-11-09,sse_composite_medium_top_20181119,2018-11-19,2018-11-05,2018-12-05,multi_lobe,4,,envelope,False,False,prediction,-6,6,10,limit_up_down_breadth_top::top::limit_up_down_breadth_v1_20120705_20260814::000024,2012-07-05,2026-08-14,True,True,top_bottom_regions_v2,sse_composite_medium_top_20181119,prediction,multi_lobe,duplicate_candidate
limit_up_down_breadth_top::top::limit_up_down_breadth_v1_20120705_20260814::onset::sse_composite::matched::limit_up_down_breadth_top::top::limit_up_down_breadth_v1_20120705_20260814::000024,limit_up_down_breadth_top,top,limit_up_down_breadth_v1_20120705_20260814,onset,sse_composite,上证指数,matched,True,limit_up_down_breadth_top::top::limit_up_down_breadth_v1_20120705_20260814::000024,2018-11-21,sse_composite_medium_top_20181119,2018-11-19,2018-11-05,2018-12-05,multi_lobe,4,,envelope,False,True,confirmation,2,2,5,limit_up_down_breadth_top::top::limit_up_down_breadth_v1_20120705_20260814::000024,2012-07-05,2026-08-14,True,True,top_bottom_regions_v2,sse_composite_medium_top_20181119,confirmation,multi_lobe,primary_match
limit_up_down_breadth_top::top::limit_up_down_breadth_v1_20120705_20260814::onset::sse_composite::false_alarm::limit_up_down_breadth_top::top::limit_up_down_breadth_v1_20120705_20260814::000025,limit_up_down_breadth_top,top,limit_up_down_breadth_v1_20120705_20260814,onset,sse_composite,上证指数,false_alarm,False,limit_up_down_breadth_top::top::limit_up_down_breadth_v1_20120705_20260814::000025,2019-01-11,,,,,,,,,False,False,,,,,,2012-07-05,2026-08-14,,,,sse_composite_medium_top_20181119,confirmation,multi_lobe,nearest_region_for_slice_only
limit_up_down_breadth_top::top::limit_up_down_breadth_v1_20120705_20260814::onset::sse_composite::false_alarm::limit_up_down_breadth_top::top::limit_up_down_breadth_v1_20120705_20260814::000026,limit_up_down_breadth_top,top,limit_up_down_breadth_v1_20120705_20260814,onset,sse_composite,上证指数,false_alarm,False,limit_up_down_breadth_top::top::limit_up_down_breadth_v1_20120705_20260814::000026,2019-03-01,,,,,,,,,False,False,,,,,,2012-07-05,2026-08-14,,,,sse_composite_medium_top_20190408,prediction,multi_lobe,nearest_region_for_slice_only
limit_up_down_breadth_top::top::limit_up_down_breadth_v1_20120705_20260814::onset::sse_composite::duplicate_alarm::limit_up_down_breadth_top::top::limit_up_down_breadth_v1_20120705_20260814::000027,limit_up_down_breadth_top,top,limit_up_down_breadth_v1_20120705_20260814,onset,sse_composite,上证指数,duplicate_alarm,False,limit_up_down_breadth_top::top::limit_up_down_breadth_v1_20120705_20260814::000027,2019-03-29,sse_composite_medium_top_20190408,2019-04-08,2019-04-04,2019-04-22,multi_lobe,2,,prediction_window,False,False,prediction,-5,5,5,limit_up_down_breadth_top::top::limit_up_down_breadth_v1_20120705_20260814::000028,2012-07-05,2026-08-14,True,True,top_bottom_regions_v2,sse_composite_medium_top_20190408,prediction,multi_lobe,duplicate_candidate
limit_up_down_breadth_top::top::limit_up_down_breadth_v1_20120705_20260814::onset::sse_composite::matched::limit_up_down_breadth_top::top::limit_up_down_breadth_v1_20120705_20260814::000028,limit_up_down_breadth_top,top,limit_up_down_breadth_v1_20120705_20260814,onset,sse_composite,上证指数,matched,True,limit_up_down_breadth_top::top::limit_up_down_breadth_v1_20120705_20260814::000028,2019-04-09,sse_composite_medium_top_20190408,2019-04-08,2019-04-04,2019-04-22,multi_lobe,2,sse_composite_medium_top_20190408_lobe_01,core_lobe,True,True,confirmation,1,1,5,limit_up_down_breadth_top::top::limit_up_down_breadth_v1_20120705_20260814::000028,2012-07-05,2026-08-14,True,True,top_bottom_regions_v2,sse_composite_medium_top_20190408,confirmation,multi_lobe,primary_match
limit_up_down_breadth_top::top::limit_up_down_breadth_v1_20120705_20260814::onset::sse_composite::duplicate_alarm::limit_up_down_breadth_top::top::limit_up_down_breadth_v1_20120705_20260814::000029,limit_up_down_breadth_top,top,limit_up_down_breadth_v1_20120705_20260814,onset,sse_composite,上证指数,duplicate_alarm,False,limit_up_down_breadth_top::top::limit_up_down_breadth_v1_20120705_20260814::000029,2019-04-24,sse_composite_medium_top_20190408,2019-04-08,2019-04-04,2019-04-22,multi_lobe,2,,confirmation_window,False,False,confirmation,12,12,20,limit_up_down_breadth_top::top::limit_up_down_breadth_v1_20120705_20260814::000028,2012-07-05,2026-08-14,True,True,top_bottom_regions_v2,sse_composite_medium_top_20190408,confirmation,multi_lobe,duplicate_candidate
limit_up_down_breadth_top::top::limit_up_down_breadth_v1_20120705_20260814::onset::sse_composite::missed_region::sse_composite_medium_top_20190702,limit_up_down_breadth_top,top,limit_up_down_breadth_v1_20120705_20260814,onset,sse_composite,上证指数,missed_region,False,,,sse_composite_medium_top_20190702,2019-07-02,2019-06-21,2019-07-05,multi_lobe,3,,,False,False,,,,,,2012-07-05,2026-08-14,True,True,top_bottom_regions_v2,,,,
limit_up_down_breadth_top::top::limit_up_down_breadth_v1_20120705_20260814::onset::sse_composite::missed_region::sse_composite_medium_top_20200114,limit_up_down_breadth_top,top,limit_up_down_breadth_v1_20120705_20260814,onset,sse_composite,上证指数,missed_region,False,,,sse_composite_medium_top_20200114,2020-01-14,2020-01-02,2020-01-20,single_lobe,1,,,False,False,,,,,,2012-07-05,2026-08-14,True,True,top_bottom_regions_v2,,,,
limit_up_down_breadth_top::top::limit_up_down_breadth_v1_20120705_20260814::onset::sse_composite::missed_region::sse_composite_medium_top_20200305,limit_up_down_breadth_top,top,limit_up_down_breadth_v1_20120705_20260814,onset,sse_composite,上证指数,missed_region,False,,,sse_composite_medium_top_20200305,2020-03-05,2020-02-20,2020-03-06,multi_lobe,4,,,False,False,,,,,,2012-07-05,2026-08-14,True,True,top_bottom_regions_v2,,,,
limit_up_down_breadth_top::top::limit_up_down_breadth_v1_20120705_20260814::onset::sse_composite::false_alarm::limit_up_down_breadth_top::top::limit_up_down_breadth_v1_20120705_20260814::000030,limit_up_down_breadth_top,top,limit_up_down_breadth_v1_20120705_20260814,onset,sse_composite,上证指数,false_alarm,False,limit_up_down_breadth_top::top::limit_up_down_breadth_v1_20120705_20260814::000030,2020-04-14,,,,,,,,,False,False,,,,,,2012-07-05,2026-08-14,,,,sse_composite_medium_top_20200305,confirmation,multi_lobe,nearest_region_for_slice_only
limit_up_down_breadth_top::top::limit_up_down_breadth_v1_20120705_20260814::onset::sse_composite::matched::limit_up_down_breadth_top::top::limit_up_down_breadth_v1_20120705_20260814::000031,limit_up_down_breadth_top,top,limit_up_down_breadth_v1_20120705_20260814,onset,sse_composite,上证指数,matched,True,limit_up_down_breadth_top::top::limit_up_down_breadth_v1_20120705_20260814::000031,2020-07-14,sse_composite_medium_top_20200713,2020-07-13,2020-07-07,2020-07-15,single_lobe,1,sse_composite_medium_top_20200713_lobe_01,core_lobe,True,True,confirmation,1,1,5,limit_up_down_breadth_top::top::limit_up_down_breadth_v1_20120705_20260814::000031,2012-07-05,2026-08-14,True,True,top_bottom_regions_v2,sse_composite_medium_top_20200713,confirmation,single_lobe,primary_match
limit_up_down_breadth_top::top::limit_up_down_breadth_v1_20120705_20260814::onset::sse_composite::duplicate_alarm::limit_up_down_breadth_top::top::limit_up_down_breadth_v1_20120705_20260814::000032,limit_up_down_breadth_top,top,limit_up_down_breadth_v1_20120705_20260814,onset,sse_composite,上证指数,duplicate_alarm,False,limit_up_down_breadth_top::top::limit_up_down_breadth_v1_20120705_20260814::000032,2020-08-10,sse_composite_medium_top_20200713,2020-07-13,2020-07-07,2020-07-15,single_lobe,1,,confirmation_window,False,False,confirmation,20,20,20,limit_up_down_breadth_top::top::limit_up_down_breadth_v1_20120705_20260814::000031,2012-07-05,2026-08-14,True,True,top_bottom_regions_v2,sse_composite_medium_top_20200713,confirmation,single_lobe,duplicate_candidate
limit_up_down_breadth_top::top::limit_up_down_breadth_v1_20120705_20260814::onset::sse_composite::missed_region::sse_composite_medium_top_20210218,limit_up_down_breadth_top,top,limit_up_down_breadth_v1_20120705_20260814,onset,sse_composite,上证指数,missed_region,False,,,sse_composite_medium_top_20210218,2021-02-18,2021-02-18,2021-02-23,single_lobe,1,,,False,False,,,,,,2012-07-05,2026-08-14,True,True,top_bottom_regions_v2,,,,
limit_up_down_breadth_top::top::limit_up_down_breadth_v1_20120705_20260814::onset::sse_composite::missed_region::sse_composite_medium_top_20210602,limit_up_down_breadth_top,top,limit_up_down_breadth_v1_20120705_20260814,onset,sse_composite,上证指数,missed_region,False,,,sse_composite_medium_top_20210602,2021-06-02,2021-05-25,2021-06-30,multi_lobe,3,,,False,False,,,,,,2012-07-05,2026-08-14,True,True,top_bottom_regions_v2,,,,
limit_up_down_breadth_top::top::limit_up_down_breadth_v1_20120705_20260814::onset::sse_composite::matched::limit_up_down_breadth_top::top::limit_up_down_breadth_v1_20120705_20260814::000033,limit_up_down_breadth_top,top,limit_up_down_breadth_v1_20120705_20260814,onset,sse_composite,上证指数,matched,True,limit_up_down_breadth_top::top::limit_up_down_breadth_v1_20120705_20260814::000033,2021-08-30,sse_composite_medium_top_20210914,2021-09-14,2021-09-07,2021-09-23,multi_lobe,2,,prediction_window,False,False,prediction,-11,11,20,limit_up_down_breadth_top::top::limit_up_down_breadth_v1_20120705_20260814::000033,2012-07-05,2026-08-14,True,True,top_bottom_regions_v2,sse_composite_medium_top_20210914,prediction,multi_lobe,primary_match
limit_up_down_breadth_top::top::limit_up_down_breadth_v1_20120705_20260814::onset::sse_composite::false_alarm::limit_up_down_breadth_top::top::limit_up_down_breadth_v1_20120705_20260814::000034,limit_up_down_breadth_top,top,limit_up_down_breadth_v1_20120705_20260814,onset,sse_composite,上证指数,false_alarm,False,limit_up_down_breadth_top::top::limit_up_down_breadth_v1_20120705_20260814::000034,2021-11-11,,,,,,,,,False,False,,,,,,2012-07-05,2026-08-14,,,,sse_composite_medium_top_20210914,confirmation,multi_lobe,nearest_region_for_slice_only
limit_up_down_breadth_top::top::limit_up_down_breadth_v1_20120705_20260814::onset::sse_composite::false_alarm::limit_up_down_breadth_top::top::limit_up_down_breadth_v1_20120705_20260814::000035,limit_up_down_breadth_top,top,limit_up_down_breadth_v1_20120705_20260814,onset,sse_composite,上证指数,false_alarm,False,limit_up_down_breadth_top::top::limit_up_down_breadth_v1_20120705_20260814::000035,2021-11-19,,,,,,,,,False,False,,,,,,2012-07-05,2026-08-14,,,,sse_composite_medium_top_20210914,confirmation,multi_lobe,nearest_region_for_slice_only
limit_up_down_breadth_top::top::limit_up_down_breadth_v1_20120705_20260814::onset::sse_composite::false_alarm::limit_up_down_breadth_top::top::limit_up_down_breadth_v1_20120705_20260814::000036,limit_up_down_breadth_top,top,limit_up_down_breadth_v1_20120705_20260814,onset,sse_composite,上证指数,false_alarm,False,limit_up_down_breadth_top::top::limit_up_down_breadth_v1_20120705_20260814::000036,2021-11-24,,,,,,,,,False,False,,,,,,2012-07-05,2026-08-14,,,,sse_composite_medium_top_20210914,confirmation,multi_lobe,nearest_region_for_slice_only
limit_up_down_breadth_top::top::limit_up_down_breadth_v1_20120705_20260814::onset::sse_composite::false_alarm::limit_up_down_breadth_top::top::limit_up_down_breadth_v1_20120705_20260814::000037,limit_up_down_breadth_top,top,limit_up_down_breadth_v1_20120705_20260814,onset,sse_composite,上证指数,false_alarm,False,limit_up_down_breadth_top::top::limit_up_down_breadth_v1_20120705_20260814::000037,2022-02-16,,,,,,,,,False,False,,,,,,2012-07-05,2026-08-14,,,,sse_composite_medium_top_20220407,prediction,multi_lobe,nearest_region_for_slice_only
limit_up_down_breadth_top::top::limit_up_down_breadth_v1_20120705_20260814::onset::sse_composite::missed_region::sse_composite_medium_top_20220407,limit_up_down_breadth_top,top,limit_up_down_breadth_v1_20120705_20260814,onset,sse_composite,上证指数,missed_region,False,,,sse_composite_medium_top_20220407,2022-04-07,2022-03-30,2022-04-14,multi_lobe,2,,,False,False,,,,,,2012-07-05,2026-08-14,True,True,top_bottom_regions_v2,,,,
limit_up_down_breadth_top::top::limit_up_down_breadth_v1_20120705_20260814::onset::sse_composite::false_alarm::limit_up_down_breadth_top::top::limit_up_down_breadth_v1_20120705_20260814::000038,limit_up_down_breadth_top,top,limit_up_down_breadth_v1_20120705_20260814,onset,sse_composite,上证指数,false_alarm,False,limit_up_down_breadth_top::top::limit_up_down_breadth_v1_20120705_20260814::000038,2022-05-12,,,,,,,,,False,False,,,,,,2012-07-05,2026-08-14,,,,sse_composite_medium_top_20220407,confirmation,multi_lobe,nearest_region_for_slice_only
limit_up_down_breadth_top::top::limit_up_down_breadth_v1_20120705_20260814::onset::sse_composite::false_alarm::limit_up_down_breadth_top::top::limit_up_down_breadth_v1_20120705_20260814::000039,limit_up_down_breadth_top,top,limit_up_down_breadth_v1_20120705_20260814,onset,sse_composite,上证指数,false_alarm,False,limit_up_down_breadth_top::top::limit_up_down_breadth_v1_20120705_20260814::000039,2022-05-16,,,,,,,,,False,False,,,,,,2012-07-05,2026-08-14,,,,sse_composite_medium_top_20220407,confirmation,multi_lobe,nearest_region_for_slice_only
limit_up_down_breadth_top::top::limit_up_down_breadth_v1_20120705_20260814::onset::sse_composite::missed_region::sse_composite_medium_top_20220705,limit_up_down_breadth_top,top,limit_up_down_breadth_v1_20120705_20260814,onset,sse_composite,上证指数,missed_region,False,,,sse_composite_medium_top_20220705,2022-07-05,2022-06-27,2022-07-08,single_lobe,1,,,False,False,,,,,,2012-07-05,2026-08-14,True,True,top_bottom_regions_v2,,,,
limit_up_down_breadth_top::top::limit_up_down_breadth_v1_20120705_20260814::onset::sse_composite::missed_region::sse_composite_medium_top_20230509,limit_up_down_breadth_top,top,limit_up_down_breadth_v1_20120705_20260814,onset,sse_composite,上证指数,missed_region,False,,,sse_composite_medium_top_20230509,2023-05-09,2023-04-17,2023-05-09,multi_lobe,2,,,False,False,,,,,,2012-07-05,2026-08-14,True,True,top_bottom_regions_v2,,,,
limit_up_down_breadth_top::top::limit_up_down_breadth_v1_20120705_20260814::onset::sse_composite::false_alarm::limit_up_down_breadth_top::top::limit_up_down_breadth_v1_20120705_20260814::000040,limit_up_down_breadth_top,top,limit_up_down_breadth_v1_20120705_20260814,onset,sse_composite,上证指数,false_alarm,False,limit_up_down_breadth_top::top::limit_up_down_breadth_v1_20120705_20260814::000040,2024-03-05,,,,,,,,,False,False,,,,,,2012-07-05,2026-08-14,,,,sse_composite_medium_top_20240520,prediction,single_lobe,nearest_region_for_slice_only
limit_up_down_breadth_top::top::limit_up_down_breadth_v1_20120705_20260814::onset::sse_composite::false_alarm::limit_up_down_breadth_top::top::limit_up_down_breadth_v1_20120705_20260814::000041,limit_up_down_breadth_top,top,limit_up_down_breadth_v1_20120705_20260814,onset,sse_composite,上证指数,false_alarm,False,limit_up_down_breadth_top::top::limit_up_down_breadth_v1_20120705_20260814::000041,2024-03-14,,,,,,,,,False,False,,,,,,2012-07-05,2026-08-14,,,,sse_composite_medium_top_20240520,prediction,single_lobe,nearest_region_for_slice_only
limit_up_down_breadth_top::top::limit_up_down_breadth_v1_20120705_20260814::onset::sse_composite::false_alarm::limit_up_down_breadth_top::top::limit_up_down_breadth_v1_20120705_20260814::000042,limit_up_down_breadth_top,top,limit_up_down_breadth_v1_20120705_20260814,onset,sse_composite,上证指数,false_alarm,False,limit_up_down_breadth_top::top::limit_up_down_breadth_v1_20120705_20260814::000042,2024-03-26,,,,,,,,,False,False,,,,,,2012-07-05,2026-08-14,,,,sse_composite_medium_top_20240520,prediction,single_lobe,nearest_region_for_slice_only
limit_up_down_breadth_top::top::limit_up_down_breadth_v1_20120705_20260814::onset::sse_composite::matched::limit_up_down_breadth_top::top::limit_up_down_breadth_v1_20120705_20260814::000043,limit_up_down_breadth_top,top,limit_up_down_breadth_v1_20120705_20260814,onset,sse_composite,上证指数,matched,True,limit_up_down_breadth_top::top::limit_up_down_breadth_v1_20120705_20260814::000043,2024-05-09,sse_composite_medium_top_20240520,2024-05-20,2024-05-06,2024-05-29,single_lobe,1,sse_composite_medium_top_20240520_lobe_01,core_lobe,True,True,prediction,-7,7,10,limit_up_down_breadth_top::top::limit_up_down_breadth_v1_20120705_20260814::000043,2012-07-05,2026-08-14,True,True,top_bottom_regions_v2,sse_composite_medium_top_20240520,prediction,single_lobe,primary_match
limit_up_down_breadth_top::top::limit_up_down_breadth_v1_20120705_20260814::onset::sse_composite::matched::limit_up_down_breadth_top::top::limit_up_down_breadth_v1_20120705_20260814::000044,limit_up_down_breadth_top,top,limit_up_down_breadth_v1_20120705_20260814,onset,sse_composite,上证指数,matched,True,limit_up_down_breadth_top::top::limit_up_down_breadth_v1_20120705_20260814::000044,2024-10-15,sse_composite_medium_top_20241008,2024-10-08,2024-10-08,2024-10-08,single_lobe,1,,confirmation_window,False,False,confirmation,5,5,5,limit_up_down_breadth_top::top::limit_up_down_breadth_v1_20120705_20260814::000044,2012-07-05,2026-08-14,True,True,top_bottom_regions_v2,sse_composite_medium_top_20241008,confirmation,single_lobe,primary_match
limit_up_down_breadth_top::top::limit_up_down_breadth_v1_20120705_20260814::onset::sse_composite::duplicate_alarm::limit_up_down_breadth_top::top::limit_up_down_breadth_v1_20120705_20260814::000045,limit_up_down_breadth_top,top,limit_up_down_breadth_v1_20120705_20260814,onset,sse_composite,上证指数,duplicate_alarm,False,limit_up_down_breadth_top::top::limit_up_down_breadth_v1_20120705_20260814::000045,2024-11-04,sse_composite_medium_top_20241108,2024-11-08,2024-11-07,2024-11-12,single_lobe,1,,prediction_window,False,False,prediction,-4,4,5,limit_up_down_breadth_top::top::limit_up_down_breadth_v1_20120705_20260814::000046,2012-07-05,2026-08-14,True,True,top_bottom_regions_v2,sse_composite_medium_top_20241108,prediction,single_lobe,duplicate_candidate
limit_up_down_breadth_top::top::limit_up_down_breadth_v1_20120705_20260814::onset::sse_composite::matched::limit_up_down_breadth_top::top::limit_up_down_breadth_v1_20120705_20260814::000046,limit_up_down_breadth_top,top,limit_up_down_breadth_v1_20120705_20260814,onset,sse_composite,上证指数,matched,True,limit_up_down_breadth_top::top::limit_up_down_breadth_v1_20120705_20260814::000046,2024-11-12,sse_composite_medium_top_20241108,2024-11-08,2024-11-07,2024-11-12,single_lobe,1,sse_composite_medium_top_20241108_lobe_01,core_lobe,True,True,confirmation,2,2,5,limit_up_down_breadth_top::top::limit_up_down_breadth_v1_20120705_20260814::000046,2012-07-05,2026-08-14,True,True,top_bottom_regions_v2,sse_composite_medium_top_20241108,confirmation,single_lobe,primary_match
limit_up_down_breadth_top::top::limit_up_down_breadth_v1_20120705_20260814::onset::sse_composite::matched::limit_up_down_breadth_top::top::limit_up_down_breadth_v1_20120705_20260814::000047,limit_up_down_breadth_top,top,limit_up_down_breadth_v1_20120705_20260814,onset,sse_composite,上证指数,matched,True,limit_up_down_breadth_top::top::limit_up_down_breadth_v1_20120705_20260814::000047,2024-12-09,sse_composite_medium_top_20241210,2024-12-10,2024-12-10,2024-12-13,multi_lobe,2,,prediction_window,False,False,prediction,-1,1,5,limit_up_down_breadth_top::top::limit_up_down_breadth_v1_20120705_20260814::000047,2012-07-05,2026-08-14,True,True,top_bottom_regions_v2,sse_composite_medium_top_20241210,prediction,multi_lobe,primary_match
limit_up_down_breadth_top::top::limit_up_down_breadth_v1_20120705_20260814::onset::sse_composite::matched::limit_up_down_breadth_top::top::limit_up_down_breadth_v1_20120705_20260814::000048,limit_up_down_breadth_top,top,limit_up_down_breadth_v1_20120705_20260814,onset,sse_composite,上证指数,matched,True,limit_up_down_breadth_top::top::limit_up_down_breadth_v1_20120705_20260814::000048,2025-04-17,sse_composite_medium_top_20250319,2025-03-19,2025-02-24,2025-03-27,multi_lobe,6,,confirmation_window,False,False,confirmation,20,20,20,limit_up_down_breadth_top::top::limit_up_down_breadth_v1_20120705_20260814::000048,2012-07-05,2026-08-14,True,True,top_bottom_regions_v2,sse_composite_medium_top_20250319,confirmation,multi_lobe,primary_match
limit_up_down_breadth_top::top::limit_up_down_breadth_v1_20120705_20260814::onset::sse_composite::false_alarm::limit_up_down_breadth_top::top::limit_up_down_breadth_v1_20120705_20260814::000049,limit_up_down_breadth_top,top,limit_up_down_breadth_v1_20120705_20260814,onset,sse_composite,上证指数,false_alarm,False,limit_up_down_breadth_top::top::limit_up_down_breadth_v1_20120705_20260814::000049,2026-01-21,,,,,,,,,False,False,,,,,,2012-07-05,2026-08-14,,,,sse_composite_medium_top_20260303,prediction,multi_lobe,nearest_region_for_slice_only
limit_up_down_breadth_top::top::limit_up_down_breadth_v1_20120705_20260814::onset::sse_composite::missed_region::sse_composite_medium_top_20260303,limit_up_down_breadth_top,top,limit_up_down_breadth_v1_20120705_20260814,onset,sse_composite,上证指数,missed_region,False,,,sse_composite_medium_top_20260303,2026-03-03,2026-01-26,2026-03-12,multi_lobe,4,,,False,False,,,,,,2012-07-05,2026-08-14,True,True,top_bottom_regions_v2,,,,
limit_up_down_breadth_top::top::limit_up_down_breadth_v1_20120705_20260814::onset::sse_composite::matched::limit_up_down_breadth_top::top::limit_up_down_breadth_v1_20120705_20260814::000050,limit_up_down_breadth_top,top,limit_up_down_breadth_v1_20120705_20260814,onset,sse_composite,上证指数,matched,True,limit_up_down_breadth_top::top::limit_up_down_breadth_v1_20120705_20260814::000050,2026-06-04,sse_composite_medium_top_20260514,2026-05-14,2026-05-11,2026-05-21,multi_lobe,2,,confirmation_window,False,False,confirmation,15,15,20,limit_up_down_breadth_top::top::limit_up_down_breadth_v1_20120705_20260814::000050,2012-07-05,2026-08-14,True,True,top_bottom_regions_v2,sse_composite_medium_top_20260514,confirmation,multi_lobe,primary_match
limit_up_down_breadth_top::top::limit_up_down_breadth_v1_20120705_20260814::onset::sse_composite::false_alarm::limit_up_down_breadth_top::top::limit_up_down_breadth_v1_20120705_20260814::000051,limit_up_down_breadth_top,top,limit_up_down_breadth_v1_20120705_20260814,onset,sse_composite,上证指数,false_alarm,False,limit_up_down_breadth_top::top::limit_up_down_breadth_v1_20120705_20260814::000051,2026-06-24,,,,,,,,,False,False,,,,,,2012-07-05,2026-08-14,,,,sse_composite_medium_top_20260514,confirmation,multi_lobe,nearest_region_for_slice_only
limit_up_down_breadth_top::top::limit_up_down_breadth_v1_20120705_20260814::onset::sse_composite::false_alarm::limit_up_down_breadth_top::top::limit_up_down_breadth_v1_20120705_20260814::000052,limit_up_down_breadth_top,top,limit_up_down_breadth_v1_20120705_20260814,onset,sse_composite,上证指数,false_alarm,False,limit_up_down_breadth_top::top::limit_up_down_breadth_v1_20120705_20260814::000052,2026-08-12,,,,,,,,,False,False,,,,,,2012-07-05,2026-08-14,,,,sse_composite_medium_top_20260514,confirmation,multi_lobe,nearest_region_for_slice_only
limit_up_down_breadth_bottom::bottom::limit_up_down_breadth_v1_20120705_20260814::capped_confirmation::all_a::missed_region::all_a_medium_bottom_20121204,limit_up_down_breadth_bottom,bottom,limit_up_down_breadth_v1_20120705_20260814,capped_confirmation,all_a,全A,missed_region,False,,,all_a_medium_bottom_20121204,2012-12-04,2012-11-29,2012-12-05,single_lobe,1,,,False,False,,,,,,2012-07-05,2026-08-14,True,True,top_bottom_regions_v2,,,,
limit_up_down_breadth_bottom::bottom::limit_up_down_breadth_v1_20120705_20260814::capped_confirmation::all_a::missed_region::all_a_medium_bottom_20130416,limit_up_down_breadth_bottom,bottom,limit_up_down_breadth_v1_20120705_20260814,capped_confirmation,all_a,全A,missed_region,False,,,all_a_medium_bottom_20130416,2013-04-16,2013-04-08,2013-05-02,multi_lobe,3,,,False,False,,,,,,2012-07-05,2026-08-14,True,True,top_bottom_regions_v2,,,,
limit_up_down_breadth_bottom::bottom::limit_up_down_breadth_v1_20120705_20260814::capped_confirmation::all_a::matched::limit_up_down_breadth_bottom::bottom::limit_up_down_breadth_v1_20120705_20260814::000001,limit_up_down_breadth_bottom,bottom,limit_up_down_breadth_v1_20120705_20260814,capped_confirmation,all_a,全A,matched,True,limit_up_down_breadth_bottom::bottom::limit_up_down_breadth_v1_20120705_20260814::000001,2013-06-28,all_a_medium_bottom_20130625,2013-06-25,2013-06-25,2013-06-25,single_lobe,1,,confirmation_window,False,False,confirmation,3,3,5,limit_up_down_breadth_bottom::bottom::limit_up_down_breadth_v1_20120705_20260814::000001,2012-07-05,2026-08-14,True,True,top_bottom_regions_v2,all_a_medium_bottom_20130625,confirmation,single_lobe,primary_match
limit_up_down_breadth_bottom::bottom::limit_up_down_breadth_v1_20120705_20260814::capped_confirmation::all_a::matched::limit_up_down_breadth_bottom::bottom::limit_up_down_breadth_v1_20120705_20260814::000002,limit_up_down_breadth_bottom,bottom,limit_up_down_breadth_v1_20120705_20260814,capped_confirmation,all_a,全A,matched,True,limit_up_down_breadth_bottom::bottom::limit_up_down_breadth_v1_20120705_20260814::000002,2014-01-14,all_a_medium_bottom_20140120,2014-01-20,2014-01-07,2014-01-22,multi_lobe,3,all_a_medium_bottom_20140120_lobe_02,core_lobe,True,True,prediction,-4,4,5,limit_up_down_breadth_bottom::bottom::limit_up_down_breadth_v1_20120705_20260814::000002,2012-07-05,2026-08-14,True,True,top_bottom_regions_v2,all_a_medium_bottom_20140120,prediction,multi_lobe,primary_match
limit_up_down_breadth_bottom::bottom::limit_up_down_breadth_v1_20120705_20260814::capped_confirmation::all_a::matched::limit_up_down_breadth_bottom::bottom::limit_up_down_breadth_v1_20120705_20260814::000003,limit_up_down_breadth_bottom,bottom,limit_up_down_breadth_v1_20120705_20260814,capped_confirmation,all_a,全A,matched,True,limit_up_down_breadth_bottom::bottom::limit_up_down_breadth_v1_20120705_20260814::000003,2014-05-08,all_a_medium_bottom_20140521,2014-05-21,2014-04-28,2014-06-19,multi_lobe,5,all_a_medium_bottom_20140521_lobe_02,core_lobe,True,True,prediction,-9,9,10,limit_up_down_breadth_bottom::bottom::limit_up_down_breadth_v1_20120705_20260814::000003,2012-07-05,2026-08-14,True,True,top_bottom_regions_v2,all_a_medium_bottom_20140521,prediction,multi_lobe,primary_match
limit_up_down_breadth_bottom::bottom::limit_up_down_breadth_v1_20120705_20260814::capped_confirmation::all_a::missed_region::all_a_medium_bottom_20150529,limit_up_down_breadth_bottom,bottom,limit_up_down_breadth_v1_20120705_20260814,capped_confirmation,all_a,全A,missed_region,False,,,all_a_medium_bottom_20150529,2015-05-29,2015-05-29,2015-05-29,single_lobe,1,,,False,False,,,,,,2012-07-05,2026-08-14,True,True,top_bottom_regions_v2,,,,
limit_up_down_breadth_bottom::bottom::limit_up_down_breadth_v1_20120705_20260814::capped_confirmation::all_a::missed_region::all_a_medium_bottom_20150623,limit_up_down_breadth_bottom,bottom,limit_up_down_breadth_v1_20120705_20260814,capped_confirmation,all_a,全A,missed_region,False,,,all_a_medium_bottom_20150623,2015-06-23,2015-06-23,2015-06-23,single_lobe,1,,,False,False,,,,,,2012-07-05,2026-08-14,True,True,top_bottom_regions_v2,,,,
limit_up_down_breadth_bottom::bottom::limit_up_down_breadth_v1_20120705_20260814::capped_confirmation::all_a::missed_region::all_a_medium_bottom_20150630,limit_up_down_breadth_bottom,bottom,limit_up_down_breadth_v1_20120705_20260814,capped_confirmation,all_a,全A,missed_region,False,,,all_a_medium_bottom_20150630,2015-06-30,2015-06-30,2015-06-30,single_lobe,1,,,False,False,,,,,,2012-07-05,2026-08-14,True,True,top_bottom_regions_v2,,,,
limit_up_down_breadth_bottom::bottom::limit_up_down_breadth_v1_20120705_20260814::capped_confirmation::all_a::missed_region::all_a_medium_bottom_20150709,limit_up_down_breadth_bottom,bottom,limit_up_down_breadth_v1_20120705_20260814,capped_confirmation,all_a,全A,missed_region,False,,,all_a_medium_bottom_20150709,2015-07-09,2015-07-08,2015-07-09,single_lobe,1,,,False,False,,,,,,2012-07-05,2026-08-14,True,True,top_bottom_regions_v2,,,,
limit_up_down_breadth_bottom::bottom::limit_up_down_breadth_v1_20120705_20260814::capped_confirmation::all_a::missed_region::all_a_medium_bottom_20150716,limit_up_down_breadth_bottom,bottom,limit_up_down_breadth_v1_20120705_20260814,capped_confirmation,all_a,全A,missed_region,False,,,all_a_medium_bottom_20150716,2015-07-16,2015-07-16,2015-07-16,single_lobe,1,,,False,False,,,,,,2012-07-05,2026-08-14,True,True,top_bottom_regions_v2,,,,
limit_up_down_breadth_bottom::bottom::limit_up_down_breadth_v1_20120705_20260814::capped_confirmation::all_a::missed_region::all_a_medium_bottom_20150728,limit_up_down_breadth_bottom,bottom,limit_up_down_breadth_v1_20120705_20260814,capped_confirmation,all_a,全A,missed_region,False,,,all_a_medium_bottom_20150728,2015-07-28,2015-07-28,2015-08-04,multi_lobe,2,,,False,False,,,,,,2012-07-05,2026-08-14,True,True,top_bottom_regions_v2,,,,
limit_up_down_breadth_bottom::bottom::limit_up_down_breadth_v1_20120705_20260814::capped_confirmation::all_a::missed_region::all_a_medium_bottom_20150826,limit_up_down_breadth_bottom,bottom,limit_up_down_breadth_v1_20120705_20260814,capped_confirmation,all_a,全A,missed_region,False,,,all_a_medium_bottom_20150826,2015-08-26,2015-08-26,2015-08-27,single_lobe,1,,,False,False,,,,,,2012-07-05,2026-08-14,True,True,top_bottom_regions_v2,,,,
limit_up_down_breadth_bottom::bottom::limit_up_down_breadth_v1_20120705_20260814::capped_confirmation::all_a::missed_region::all_a_medium_bottom_20150915,limit_up_down_breadth_bottom,bottom,limit_up_down_breadth_v1_20120705_20260814,capped_confirmation,all_a,全A,missed_region,False,,,all_a_medium_bottom_20150915,2015-09-15,2015-09-15,2015-09-16,single_lobe,1,,,False,False,,,,,,2012-07-05,2026-08-14,True,True,top_bottom_regions_v2,,,,
limit_up_down_breadth_bottom::bottom::limit_up_down_breadth_v1_20120705_20260814::capped_confirmation::all_a::missed_region::all_a_medium_bottom_20151130,limit_up_down_breadth_bottom,bottom,limit_up_down_breadth_v1_20120705_20260814,capped_confirmation,all_a,全A,missed_region,False,,,all_a_medium_bottom_20151130,2015-11-30,2015-11-30,2015-11-30,single_lobe,1,,,False,False,,,,,,2012-07-05,2026-08-14,True,True,top_bottom_regions_v2,,,,
limit_up_down_breadth_bottom::bottom::limit_up_down_breadth_v1_20120705_20260814::capped_confirmation::all_a::missed_region::all_a_medium_bottom_20160127,limit_up_down_breadth_bottom,bottom,limit_up_down_breadth_v1_20120705_20260814,capped_confirmation,all_a,全A,missed_region,False,,,all_a_medium_bottom_20160127,2016-01-27,2016-01-27,2016-02-01,single_lobe,1,,,False,False,,,,,,2012-07-05,2026-08-14,True,True,top_bottom_regions_v2,,,,
limit_up_down_breadth_bottom::bottom::limit_up_down_breadth_v1_20120705_20260814::capped_confirmation::all_a::missed_region::all_a_medium_bottom_20160229,limit_up_down_breadth_bottom,bottom,limit_up_down_breadth_v1_20120705_20260814,capped_confirmation,all_a,全A,missed_region,False,,,all_a_medium_bottom_20160229,2016-02-29,2016-02-29,2016-03-01,single_lobe,1,,,False,False,,,,,,2012-07-05,2026-08-14,True,True,top_bottom_regions_v2,,,,
limit_up_down_breadth_bottom::bottom::limit_up_down_breadth_v1_20120705_20260814::capped_confirmation::all_a::missed_region::all_a_medium_bottom_20160512,limit_up_down_breadth_bottom,bottom,limit_up_down_breadth_v1_20120705_20260814,capped_confirmation,all_a,全A,missed_region,False,,,all_a_medium_bottom_20160512,2016-05-12,2016-05-12,2016-05-30,multi_lobe,4,,,False,False,,,,,,2012-07-05,2026-08-14,True,True,top_bottom_regions_v2,,,,
limit_up_down_breadth_bottom::bottom::limit_up_down_breadth_v1_20120705_20260814::capped_confirmation::all_a::false_alarm::limit_up_down_breadth_bottom::bottom::limit_up_down_breadth_v1_20120705_20260814::000004,limit_up_down_breadth_bottom,bottom,limit_up_down_breadth_v1_20120705_20260814,capped_confirmation,all_a,全A,false_alarm,False,limit_up_down_breadth_bottom::bottom::limit_up_down_breadth_v1_20120705_20260814::000004,2017-03-06,,,,,,,,,False,False,,,,,,2012-07-05,2026-08-14,,,,all_a_medium_bottom_20170524,prediction,multi_lobe,nearest_region_for_slice_only
limit_up_down_breadth_bottom::bottom::limit_up_down_breadth_v1_20120705_20260814::capped_confirmation::all_a::matched::limit_up_down_breadth_bottom::bottom::limit_up_down_breadth_v1_20120705_20260814::000005,limit_up_down_breadth_bottom,bottom,limit_up_down_breadth_v1_20120705_20260814,capped_confirmation,all_a,全A,matched,True,limit_up_down_breadth_bottom::bottom::limit_up_down_breadth_v1_20120705_20260814::000005,2017-04-26,all_a_medium_bottom_20170524,2017-05-24,2017-05-11,2017-06-02,multi_lobe,4,,prediction_window,False,False,prediction,-19,19,20,limit_up_down_breadth_bottom::bottom::limit_up_down_breadth_v1_20120705_20260814::000005,2012-07-05,2026-08-14,True,True,top_bottom_regions_v2,all_a_medium_bottom_20170524,prediction,multi_lobe,primary_match
limit_up_down_breadth_bottom::bottom::limit_up_down_breadth_v1_20120705_20260814::capped_confirmation::all_a::false_alarm::limit_up_down_breadth_bottom::bottom::limit_up_down_breadth_v1_20120705_20260814::000006,limit_up_down_breadth_bottom,bottom,limit_up_down_breadth_v1_20120705_20260814,capped_confirmation,all_a,全A,false_alarm,False,limit_up_down_breadth_bottom::bottom::limit_up_down_breadth_v1_20120705_20260814::000006,2017-06-30,,,,,,,,,False,False,,,,,,2012-07-05,2026-08-14,,,,all_a_medium_bottom_20170524,confirmation,multi_lobe,nearest_region_for_slice_only
limit_up_down_breadth_bottom::bottom::limit_up_down_breadth_v1_20120705_20260814::capped_confirmation::all_a::false_alarm::limit_up_down_breadth_bottom::bottom::limit_up_down_breadth_v1_20120705_20260814::000007,limit_up_down_breadth_bottom,bottom,limit_up_down_breadth_v1_20120705_20260814,capped_confirmation,all_a,全A,false_alarm,False,limit_up_down_breadth_bottom::bottom::limit_up_down_breadth_v1_20120705_20260814::000007,2017-11-07,,,,,,,,,False,False,,,,,,2012-07-05,2026-08-14,,,,all_a_medium_bottom_20180209,prediction,single_lobe,nearest_region_for_slice_only
limit_up_down_breadth_bottom::bottom::limit_up_down_breadth_v1_20120705_20260814::capped_confirmation::all_a::missed_region::all_a_medium_bottom_20180209,limit_up_down_breadth_bottom,bottom,limit_up_down_breadth_v1_20120705_20260814,capped_confirmation,all_a,全A,missed_region,False,,,all_a_medium_bottom_20180209,2018-02-09,2018-02-09,2018-02-12,single_lobe,1,,,False,False,,,,,,2012-07-05,2026-08-14,True,True,top_bottom_regions_v2,,,,
limit_up_down_breadth_bottom::bottom::limit_up_down_breadth_v1_20120705_20260814::capped_confirmation::all_a::false_alarm::limit_up_down_breadth_bottom::bottom::limit_up_down_breadth_v1_20120705_20260814::000008,limit_up_down_breadth_bottom,bottom,limit_up_down_breadth_v1_20120705_20260814,capped_confirmation,all_a,全A,false_alarm,False,limit_up_down_breadth_bottom::bottom::limit_up_down_breadth_v1_20120705_20260814::000008,2018-06-11,,,,,,,,,False,False,,,,,,2012-07-05,2026-08-14,,,,all_a_medium_bottom_20180209,confirmation,single_lobe,nearest_region_for_slice_only
limit_up_down_breadth_bottom::bottom::limit_up_down_breadth_v1_20120705_20260814::capped_confirmation::all_a::missed_region::all_a_medium_bottom_20181019,limit_up_down_breadth_bottom,bottom,limit_up_down_breadth_v1_20120705_20260814,capped_confirmation,all_a,全A,missed_region,False,,,all_a_medium_bottom_20181019,2018-10-19,2018-10-18,2018-10-19,single_lobe,1,,,False,False,,,,,,2012-07-05,2026-08-14,True,True,top_bottom_regions_v2,,,,
limit_up_down_breadth_bottom::bottom::limit_up_down_breadth_v1_20120705_20260814::capped_confirmation::all_a::missed_region::all_a_medium_bottom_20190104,limit_up_down_breadth_bottom,bottom,limit_up_down_breadth_v1_20120705_20260814,capped_confirmation,all_a,全A,missed_region,False,,,all_a_medium_bottom_20190104,2019-01-04,2018-12-25,2019-01-04,multi_lobe,2,,,False,False,,,,,,2012-07-05,2026-08-14,True,True,top_bottom_regions_v2,,,,
limit_up_down_breadth_bottom::bottom::limit_up_down_breadth_v1_20120705_20260814::capped_confirmation::all_a::matched::limit_up_down_breadth_bottom::bottom::limit_up_down_breadth_v1_20120705_20260814::000009,limit_up_down_breadth_bottom,bottom,limit_up_down_breadth_v1_20120705_20260814,capped_confirmation,all_a,全A,matched,True,limit_up_down_breadth_bottom::bottom::limit_up_down_breadth_v1_20120705_20260814::000009,2019-06-17,all_a_medium_bottom_20190606,2019-06-06,2019-05-24,2019-06-11,multi_lobe,2,,confirmation_window,False,False,confirmation,6,6,10,limit_up_down_breadth_bottom::bottom::limit_up_down_breadth_v1_20120705_20260814::000009,2012-07-05,2026-08-14,True,True,top_bottom_regions_v2,all_a_medium_bottom_20190606,confirmation,multi_lobe,primary_match
limit_up_down_breadth_bottom::bottom::limit_up_down_breadth_v1_20120705_20260814::capped_confirmation::all_a::missed_region::all_a_medium_bottom_20190806,limit_up_down_breadth_bottom,bottom,limit_up_down_breadth_v1_20120705_20260814,capped_confirmation,all_a,全A,missed_region,False,,,all_a_medium_bottom_20190806,2019-08-06,2019-08-06,2019-08-15,multi_lobe,3,,,False,False,,,,,,2012-07-05,2026-08-14,True,True,top_bottom_regions_v2,,,,
limit_up_down_breadth_bottom::bottom::limit_up_down_breadth_v1_20120705_20260814::capped_confirmation::all_a::false_alarm::limit_up_down_breadth_bottom::bottom::limit_up_down_breadth_v1_20120705_20260814::000010,limit_up_down_breadth_bottom,bottom,limit_up_down_breadth_v1_20120705_20260814,capped_confirmation,all_a,全A,false_alarm,False,limit_up_down_breadth_bottom::bottom::limit_up_down_breadth_v1_20120705_20260814::000010,2019-11-07,,,,,,,,,False,False,,,,,,2012-07-05,2026-08-14,,,,all_a_medium_bottom_20200204,prediction,single_lobe,nearest_region_for_slice_only
limit_up_down_breadth_bottom::bottom::limit_up_down_breadth_v1_20120705_20260814::capped_confirmation::all_a::missed_region::all_a_medium_bottom_20200204,limit_up_down_breadth_bottom,bottom,limit_up_down_breadth_v1_20120705_20260814,capped_confirmation,all_a,全A,missed_region,False,,,all_a_medium_bottom_20200204,2020-02-04,2020-02-03,2020-02-04,single_lobe,1,,,False,False,,,,,,2012-07-05,2026-08-14,True,True,top_bottom_regions_v2,,,,
limit_up_down_breadth_bottom::bottom::limit_up_down_breadth_v1_20120705_20260814::capped_confirmation::all_a::missed_region::all_a_medium_bottom_20200324,limit_up_down_breadth_bottom,bottom,limit_up_down_breadth_v1_20120705_20260814,capped_confirmation,all_a,全A,missed_region,False,,,all_a_medium_bottom_20200324,2020-03-24,2020-03-17,2020-04-02,multi_lobe,5,,,False,False,,,,,,2012-07-05,2026-08-14,True,True,top_bottom_regions_v2,,,,
limit_up_down_breadth_bottom::bottom::limit_up_down_breadth_v1_20120705_20260814::capped_confirmation::all_a::false_alarm::limit_up_down_breadth_bottom::bottom::limit_up_down_breadth_v1_20120705_20260814::000011,limit_up_down_breadth_bottom,bottom,limit_up_down_breadth_v1_20120705_20260814,capped_confirmation,all_a,全A,false_alarm,False,limit_up_down_breadth_bottom::bottom::limit_up_down_breadth_v1_20120705_20260814::000011,2020-09-18,,,,,,,,,False,False,,,,,,2012-07-05,2026-08-14,,,,all_a_medium_bottom_20210309,prediction,multi_lobe,nearest_region_for_slice_only
limit_up_down_breadth_bottom::bottom::limit_up_down_breadth_v1_20120705_20260814::capped_confirmation::all_a::false_alarm::limit_up_down_breadth_bottom::bottom::limit_up_down_breadth_v1_20120705_20260814::000012,limit_up_down_breadth_bottom,bottom,limit_up_down_breadth_v1_20120705_20260814,capped_confirmation,all_a,全A,false_alarm,False,limit_up_down_breadth_bottom::bottom::limit_up_down_breadth_v1_20120705_20260814::000012,2020-10-30,,,,,,,,,False,False,,,,,,2012-07-05,2026-08-14,,,,all_a_medium_bottom_20210309,prediction,multi_lobe,nearest_region_for_slice_only
limit_up_down_breadth_bottom::bottom::limit_up_down_breadth_v1_20120705_20260814::capped_confirmation::all_a::false_alarm::limit_up_down_breadth_bottom::bottom::limit_up_down_breadth_v1_20120705_20260814::000013,limit_up_down_breadth_bottom,bottom,limit_up_down_breadth_v1_20120705_20260814,capped_confirmation,all_a,全A,false_alarm,False,limit_up_down_breadth_bottom::bottom::limit_up_down_breadth_v1_20120705_20260814::000013,2020-11-09,,,,,,,,,False,False,,,,,,2012-07-05,2026-08-14,,,,all_a_medium_bottom_20210309,prediction,multi_lobe,nearest_region_for_slice_only
limit_up_down_breadth_bottom::bottom::limit_up_down_breadth_v1_20120705_20260814::capped_confirmation::all_a::missed_region::all_a_medium_bottom_20210309,limit_up_down_breadth_bottom,bottom,limit_up_down_breadth_v1_20120705_20260814,capped_confirmation,all_a,全A,missed_region,False,,,all_a_medium_bottom_20210309,2021-03-09,2021-03-09,2021-03-26,multi_lobe,3,,,False,False,,,,,,2012-07-05,2026-08-14,True,True,top_bottom_regions_v2,,,,
limit_up_down_breadth_bottom::bottom::limit_up_down_breadth_v1_20120705_20260814::capped_confirmation::all_a::false_alarm::limit_up_down_breadth_bottom::bottom::limit_up_down_breadth_v1_20120705_20260814::000014,limit_up_down_breadth_bottom,bottom,limit_up_down_breadth_v1_20120705_20260814,capped_confirmation,all_a,全A,false_alarm,False,limit_up_down_breadth_bottom::bottom::limit_up_down_breadth_v1_20120705_20260814::000014,2022-02-07,,,,,,,,,False,False,,,,,,2012-07-05,2026-08-14,,,,all_a_medium_bottom_20220427,prediction,single_lobe,nearest_region_for_slice_only
limit_up_down_breadth_bottom::bottom::limit_up_down_breadth_v1_20120705_20260814::capped_confirmation::all_a::duplicate_alarm::limit_up_down_breadth_bottom::bottom::limit_up_down_breadth_v1_20120705_20260814::000015,limit_up_down_breadth_bottom,bottom,limit_up_down_breadth_v1_20120705_20260814,capped_confirmation,all_a,全A,duplicate_alarm,False,limit_up_down_breadth_bottom::bottom::limit_up_down_breadth_v1_20120705_20260814::000015,2022-04-19,all_a_medium_bottom_20220427,2022-04-27,2022-04-26,2022-04-27,single_lobe,1,,prediction_window,False,False,prediction,-6,6,10,limit_up_down_breadth_bottom::bottom::limit_up_down_breadth_v1_20120705_20260814::000016,2012-07-05,2026-08-14,True,True,top_bottom_regions_v2,all_a_medium_bottom_20220427,prediction,single_lobe,duplicate_candidate
limit_up_down_breadth_bottom::bottom::limit_up_down_breadth_v1_20120705_20260814::capped_confirmation::all_a::matched::limit_up_down_breadth_bottom::bottom::limit_up_down_breadth_v1_20120705_20260814::000016,limit_up_down_breadth_bottom,bottom,limit_up_down_breadth_v1_20120705_20260814,capped_confirmation,all_a,全A,matched,True,limit_up_down_breadth_bottom::bottom::limit_up_down_breadth_v1_20120705_20260814::000016,2022-04-29,all_a_medium_bottom_20220427,2022-04-27,2022-04-26,2022-04-27,single_lobe,1,,confirmation_window,False,False,confirmation,2,2,5,limit_up_down_breadth_bottom::bottom::limit_up_down_breadth_v1_20120705_20260814::000016,2012-07-05,2026-08-14,True,True,top_bottom_regions_v2,all_a_medium_bottom_20220427,confirmation,single_lobe,primary_match
limit_up_down_breadth_bottom::bottom::limit_up_down_breadth_v1_20120705_20260814::capped_confirmation::all_a::false_alarm::limit_up_down_breadth_bottom::bottom::limit_up_down_breadth_v1_20120705_20260814::000017,limit_up_down_breadth_bottom,bottom,limit_up_down_breadth_v1_20120705_20260814,capped_confirmation,all_a,全A,false_alarm,False,limit_up_down_breadth_bottom::bottom::limit_up_down_breadth_v1_20120705_20260814::000017,2022-09-23,,,,,,,,,False,False,,,,,,2012-07-05,2026-08-14,,,,all_a_medium_bottom_20221031,prediction,multi_lobe,nearest_region_for_slice_only
limit_up_down_breadth_bottom::bottom::limit_up_down_breadth_v1_20120705_20260814::capped_confirmation::all_a::missed_region::all_a_medium_bottom_20221031,limit_up_down_breadth_bottom,bottom,limit_up_down_breadth_v1_20120705_20260814,capped_confirmation,all_a,全A,missed_region,False,,,all_a_medium_bottom_20221031,2022-10-31,2022-10-10,2022-11-01,multi_lobe,3,,,False,False,,,,,,2012-07-05,2026-08-14,True,True,top_bottom_regions_v2,,,,
limit_up_down_breadth_bottom::bottom::limit_up_down_breadth_v1_20120705_20260814::capped_confirmation::all_a::false_alarm::limit_up_down_breadth_bottom::bottom::limit_up_down_breadth_v1_20120705_20260814::000018,limit_up_down_breadth_bottom,bottom,limit_up_down_breadth_v1_20120705_20260814,capped_confirmation,all_a,全A,false_alarm,False,limit_up_down_breadth_bottom::bottom::limit_up_down_breadth_v1_20120705_20260814::000018,2023-03-14,,,,,,,,,False,False,,,,,,2012-07-05,2026-08-14,,,,all_a_medium_bottom_20221031,confirmation,multi_lobe,nearest_region_for_slice_only
limit_up_down_breadth_bottom::bottom::limit_up_down_breadth_v1_20120705_20260814::capped_confirmation::all_a::false_alarm::limit_up_down_breadth_bottom::bottom::limit_up_down_breadth_v1_20120705_20260814::000019,limit_up_down_breadth_bottom,bottom,limit_up_down_breadth_v1_20120705_20260814,capped_confirmation,all_a,全A,false_alarm,False,limit_up_down_breadth_bottom::bottom::limit_up_down_breadth_v1_20120705_20260814::000019,2023-04-03,,,,,,,,,False,False,,,,,,2012-07-05,2026-08-14,,,,all_a_medium_bottom_20221031,confirmation,multi_lobe,nearest_region_for_slice_only
limit_up_down_breadth_bottom::bottom::limit_up_down_breadth_v1_20120705_20260814::capped_confirmation::all_a::false_alarm::limit_up_down_breadth_bottom::bottom::limit_up_down_breadth_v1_20120705_20260814::000020,limit_up_down_breadth_bottom,bottom,limit_up_down_breadth_v1_20120705_20260814,capped_confirmation,all_a,全A,false_alarm,False,limit_up_down_breadth_bottom::bottom::limit_up_down_breadth_v1_20120705_20260814::000020,2023-05-10,,,,,,,,,False,False,,,,,,2012-07-05,2026-08-14,,,,all_a_medium_bottom_20221031,confirmation,multi_lobe,nearest_region_for_slice_only
limit_up_down_breadth_bottom::bottom::limit_up_down_breadth_v1_20120705_20260814::capped_confirmation::all_a::false_alarm::limit_up_down_breadth_bottom::bottom::limit_up_down_breadth_v1_20120705_20260814::000021,limit_up_down_breadth_bottom,bottom,limit_up_down_breadth_v1_20120705_20260814,capped_confirmation,all_a,全A,false_alarm,False,limit_up_down_breadth_bottom::bottom::limit_up_down_breadth_v1_20120705_20260814::000021,2023-05-24,,,,,,,,,False,False,,,,,,2012-07-05,2026-08-14,,,,all_a_medium_bottom_20221031,confirmation,multi_lobe,nearest_region_for_slice_only
limit_up_down_breadth_bottom::bottom::limit_up_down_breadth_v1_20120705_20260814::capped_confirmation::all_a::missed_region::all_a_medium_bottom_20240205,limit_up_down_breadth_bottom,bottom,limit_up_down_breadth_v1_20120705_20260814,capped_confirmation,all_a,全A,missed_region,False,,,all_a_medium_bottom_20240205,2024-02-05,2024-02-05,2024-02-06,single_lobe,1,,,False,False,,,,,,2012-07-05,2026-08-14,True,True,top_bottom_regions_v2,,,,
limit_up_down_breadth_bottom::bottom::limit_up_down_breadth_v1_20120705_20260814::capped_confirmation::all_a::false_alarm::limit_up_down_breadth_bottom::bottom::limit_up_down_breadth_v1_20120705_20260814::000022,limit_up_down_breadth_bottom,bottom,limit_up_down_breadth_v1_20120705_20260814,capped_confirmation,all_a,全A,false_alarm,False,limit_up_down_breadth_bottom::bottom::limit_up_down_breadth_v1_20120705_20260814::000022,2024-06-12,,,,,,,,,False,False,,,,,,2012-07-05,2026-08-14,,,,all_a_medium_bottom_20240918,prediction,single_lobe,nearest_region_for_slice_only
limit_up_down_breadth_bottom::bottom::limit_up_down_breadth_v1_20120705_20260814::capped_confirmation::all_a::missed_region::all_a_medium_bottom_20240918,limit_up_down_breadth_bottom,bottom,limit_up_down_breadth_v1_20120705_20260814,capped_confirmation,all_a,全A,missed_region,False,,,all_a_medium_bottom_20240918,2024-09-18,2024-09-09,2024-09-23,single_lobe,1,,,False,False,,,,,,2012-07-05,2026-08-14,True,True,top_bottom_regions_v2,,,,
limit_up_down_breadth_bottom::bottom::limit_up_down_breadth_v1_20120705_20260814::capped_confirmation::all_a::missed_region::all_a_medium_bottom_20241016,limit_up_down_breadth_bottom,bottom,limit_up_down_breadth_v1_20120705_20260814,capped_confirmation,all_a,全A,missed_region,False,,,all_a_medium_bottom_20241016,2024-10-16,2024-10-14,2024-10-18,single_lobe,1,,,False,False,,,,,,2012-07-05,2026-08-14,True,True,top_bottom_regions_v2,,,,
limit_up_down_breadth_bottom::bottom::limit_up_down_breadth_v1_20120705_20260814::capped_confirmation::all_a::missed_region::all_a_medium_bottom_20250113,limit_up_down_breadth_bottom,bottom,limit_up_down_breadth_v1_20120705_20260814,capped_confirmation,all_a,全A,missed_region,False,,,all_a_medium_bottom_20250113,2025-01-13,2025-01-03,2025-01-14,multi_lobe,2,,,False,False,,,,,,2012-07-05,2026-08-14,True,True,top_bottom_regions_v2,,,,
limit_up_down_breadth_bottom::bottom::limit_up_down_breadth_v1_20120705_20260814::capped_confirmation::all_a::missed_region::all_a_medium_bottom_20250409,limit_up_down_breadth_bottom,bottom,limit_up_down_breadth_v1_20120705_20260814,capped_confirmation,all_a,全A,missed_region,False,,,all_a_medium_bottom_20250409,2025-04-09,2025-04-07,2025-04-09,multi_lobe,2,,,False,False,,,,,,2012-07-05,2026-08-14,True,True,top_bottom_regions_v2,,,,
limit_up_down_breadth_bottom::bottom::limit_up_down_breadth_v1_20120705_20260814::capped_confirmation::all_a::missed_region::all_a_medium_bottom_20260323,limit_up_down_breadth_bottom,bottom,limit_up_down_breadth_v1_20120705_20260814,capped_confirmation,all_a,全A,missed_region,False,,,all_a_medium_bottom_20260323,2026-03-23,2026-03-23,2026-04-07,multi_lobe,3,,,False,False,,,,,,2012-07-05,2026-08-14,True,True,top_bottom_regions_v2,,,,
limit_up_down_breadth_bottom::bottom::limit_up_down_breadth_v1_20120705_20260814::capped_confirmation::all_a::matched::limit_up_down_breadth_bottom::bottom::limit_up_down_breadth_v1_20120705_20260814::000023,limit_up_down_breadth_bottom,bottom,limit_up_down_breadth_v1_20120705_20260814,capped_confirmation,all_a,全A,matched,True,limit_up_down_breadth_bottom::bottom::limit_up_down_breadth_v1_20120705_20260814::000023,2026-07-16,all_a_medium_bottom_20260721,2026-07-21,2026-07-20,2026-07-30,multi_lobe,2,,prediction_window,False,False,prediction,-3,3,5,limit_up_down_breadth_bottom::bottom::limit_up_down_breadth_v1_20120705_20260814::000023,2012-07-05,2026-08-14,True,False,top_bottom_regions_v2,all_a_medium_bottom_20260721,prediction,multi_lobe,primary_match
limit_up_down_breadth_bottom::bottom::limit_up_down_breadth_v1_20120705_20260814::capped_confirmation::cni2000::missed_region::cni2000_medium_bottom_20121204,limit_up_down_breadth_bottom,bottom,limit_up_down_breadth_v1_20120705_20260814,capped_confirmation,cni2000,国证2000,missed_region,False,,,cni2000_medium_bottom_20121204,2012-12-04,2012-12-03,2012-12-04,single_lobe,1,,,False,False,,,,,,2012-07-05,2026-08-14,True,True,top_bottom_regions_v2,,,,
limit_up_down_breadth_bottom::bottom::limit_up_down_breadth_v1_20120705_20260814::capped_confirmation::cni2000::matched::limit_up_down_breadth_bottom::bottom::limit_up_down_breadth_v1_20120705_20260814::000001,limit_up_down_breadth_bottom,bottom,limit_up_down_breadth_v1_20120705_20260814,capped_confirmation,cni2000,国证2000,matched,True,limit_up_down_breadth_bottom::bottom::limit_up_down_breadth_v1_20120705_20260814::000001,2013-06-28,cni2000_medium_bottom_20130625,2013-06-25,2013-06-25,2013-06-25,single_lobe,1,,confirmation_window,False,False,confirmation,3,3,5,limit_up_down_breadth_bottom::bottom::limit_up_down_breadth_v1_20120705_20260814::000001,2012-07-05,2026-08-14,True,True,top_bottom_regions_v2,cni2000_medium_bottom_20130625,confirmation,single_lobe,primary_match
limit_up_down_breadth_bottom::bottom::limit_up_down_breadth_v1_20120705_20260814::capped_confirmation::cni2000::false_alarm::limit_up_down_breadth_bottom::bottom::limit_up_down_breadth_v1_20120705_20260814::000002,limit_up_down_breadth_bottom,bottom,limit_up_down_breadth_v1_20120705_20260814,capped_confirmation,cni2000,国证2000,false_alarm,False,limit_up_down_breadth_bottom::bottom::limit_up_down_breadth_v1_20120705_20260814::000002,2014-01-14,,,,,,,,,False,False,,,,,,2012-07-05,2026-08-14,,,,cni2000_medium_bottom_20140429,prediction,multi_lobe,nearest_region_for_slice_only
limit_up_down_breadth_bottom::bottom::limit_up_down_breadth_v1_20120705_20260814::capped_confirmation::cni2000::matched::limit_up_down_breadth_bottom::bottom::limit_up_down_breadth_v1_20120705_20260814::000003,limit_up_down_breadth_bottom,bottom,limit_up_down_breadth_v1_20120705_20260814,capped_confirmation,cni2000,国证2000,matched,True,limit_up_down_breadth_bottom::bottom::limit_up_down_breadth_v1_20120705_20260814::000003,2014-05-08,cni2000_medium_bottom_20140429,2014-04-29,2014-04-28,2014-05-21,multi_lobe,3,,envelope,False,True,confirmation,5,5,5,limit_up_down_breadth_bottom::bottom::limit_up_down_breadth_v1_20120705_20260814::000003,2012-07-05,2026-08-14,True,True,top_bottom_regions_v2,cni2000_medium_bottom_20140429,confirmation,multi_lobe,primary_match
limit_up_down_breadth_bottom::bottom::limit_up_down_breadth_v1_20120705_20260814::capped_confirmation::cni2000::missed_region::cni2000_medium_bottom_20150630,limit_up_down_breadth_bottom,bottom,limit_up_down_breadth_v1_20120705_20260814,capped_confirmation,cni2000,国证2000,missed_region,False,,,cni2000_medium_bottom_20150630,2015-06-30,2015-06-30,2015-06-30,single_lobe,1,,,False,False,,,,,,2012-07-05,2026-08-14,True,True,top_bottom_regions_v2,,,,
limit_up_down_breadth_bottom::bottom::limit_up_down_breadth_v1_20120705_20260814::capped_confirmation::cni2000::missed_region::cni2000_medium_bottom_20150709,limit_up_down_breadth_bottom,bottom,limit_up_down_breadth_v1_20120705_20260814,capped_confirmation,cni2000,国证2000,missed_region,False,,,cni2000_medium_bottom_20150709,2015-07-09,2015-07-08,2015-07-09,single_lobe,1,,,False,False,,,,,,2012-07-05,2026-08-14,True,True,top_bottom_regions_v2,,,,
limit_up_down_breadth_bottom::bottom::limit_up_down_breadth_v1_20120705_20260814::capped_confirmation::cni2000::missed_region::cni2000_medium_bottom_20150803,limit_up_down_breadth_bottom,bottom,limit_up_down_breadth_v1_20120705_20260814,capped_confirmation,cni2000,国证2000,missed_region,False,,,cni2000_medium_bottom_20150803,2015-08-03,2015-08-03,2015-08-04,single_lobe,1,,,False,False,,,,,,2012-07-05,2026-08-14,True,True,top_bottom_regions_v2,,,,
limit_up_down_breadth_bottom::bottom::limit_up_down_breadth_v1_20120705_20260814::capped_confirmation::cni2000::missed_region::cni2000_medium_bottom_20150902,limit_up_down_breadth_bottom,bottom,limit_up_down_breadth_v1_20120705_20260814,capped_confirmation,cni2000,国证2000,missed_region,False,,,cni2000_medium_bottom_20150902,2015-09-02,2015-09-02,2015-09-08,multi_lobe,2,,,False,False,,,,,,2012-07-05,2026-08-14,True,True,top_bottom_regions_v2,,,,
limit_up_down_breadth_bottom::bottom::limit_up_down_breadth_v1_20120705_20260814::capped_confirmation::cni2000::missed_region::cni2000_medium_bottom_20150915,limit_up_down_breadth_bottom,bottom,limit_up_down_breadth_v1_20120705_20260814,capped_confirmation,cni2000,国证2000,missed_region,False,,,cni2000_medium_bottom_20150915,2015-09-15,2015-09-15,2015-09-16,single_lobe,1,,,False,False,,,,,,2012-07-05,2026-08-14,True,True,top_bottom_regions_v2,,,,
limit_up_down_breadth_bottom::bottom::limit_up_down_breadth_v1_20120705_20260814::capped_confirmation::cni2000::missed_region::cni2000_medium_bottom_20160129,limit_up_down_breadth_bottom,bottom,limit_up_down_breadth_v1_20120705_20260814,capped_confirmation,cni2000,国证2000,missed_region,False,,,cni2000_medium_bottom_20160129,2016-01-29,2016-01-27,2016-02-01,single_lobe,1,,,False,False,,,,,,2012-07-05,2026-08-14,True,True,top_bottom_regions_v2,,,,
limit_up_down_breadth_bottom::bottom::limit_up_down_breadth_v1_20120705_20260814::capped_confirmation::cni2000::missed_region::cni2000_medium_bottom_20160301,limit_up_down_breadth_bottom,bottom,limit_up_down_breadth_v1_20120705_20260814,capped_confirmation,cni2000,国证2000,missed_region,False,,,cni2000_medium_bottom_20160301,2016-03-01,2016-02-29,2016-03-01,single_lobe,1,,,False,False,,,,,,2012-07-05,2026-08-14,True,True,top_bottom_regions_v2,,,,
limit_up_down_breadth_bottom::bottom::limit_up_down_breadth_v1_20120705_20260814::capped_confirmation::cni2000::missed_region::cni2000_medium_bottom_20160512,limit_up_down_breadth_bottom,bottom,limit_up_down_breadth_v1_20120705_20260814,capped_confirmation,cni2000,国证2000,missed_region,False,,,cni2000_medium_bottom_20160512,2016-05-12,2016-05-12,2016-05-26,multi_lobe,3,,,False,False,,,,,,2012-07-05,2026-08-14,True,True,top_bottom_regions_v2,,,,
limit_up_down_breadth_bottom::bottom::limit_up_down_breadth_v1_20120705_20260814::capped_confirmation::cni2000::missed_region::cni2000_medium_bottom_20170116,limit_up_down_breadth_bottom,bottom,limit_up_down_breadth_v1_20120705_20260814,capped_confirmation,cni2000,国证2000,missed_region,False,,,cni2000_medium_bottom_20170116,2017-01-16,2017-01-16,2017-01-17,single_lobe,1,,,False,False,,,,,,2012-07-05,2026-08-14,True,True,top_bottom_regions_v2,,,,
limit_up_down_breadth_bottom::bottom::limit_up_down_breadth_v1_20120705_20260814::capped_confirmation::cni2000::false_alarm::limit_up_down_breadth_bottom::bottom::limit_up_down_breadth_v1_20120705_20260814::000004,limit_up_down_breadth_bottom,bottom,limit_up_down_breadth_v1_20120705_20260814,capped_confirmation,cni2000,国证2000,false_alarm,False,limit_up_down_breadth_bottom::bottom::limit_up_down_breadth_v1_20120705_20260814::000004,2017-03-06,,,,,,,,,False,False,,,,,,2012-07-05,2026-08-14,,,,cni2000_medium_bottom_20170116,confirmation,single_lobe,nearest_region_for_slice_only
limit_up_down_breadth_bottom::bottom::limit_up_down_breadth_v1_20120705_20260814::capped_confirmation::cni2000::false_alarm::limit_up_down_breadth_bottom::bottom::limit_up_down_breadth_v1_20120705_20260814::000005,limit_up_down_breadth_bottom,bottom,limit_up_down_breadth_v1_20120705_20260814,capped_confirmation,cni2000,国证2000,false_alarm,False,limit_up_down_breadth_bottom::bottom::limit_up_down_breadth_v1_20120705_20260814::000005,2017-04-26,,,,,,,,,False,False,,,,,,2012-07-05,2026-08-14,,,,cni2000_medium_bottom_20170602,prediction,multi_lobe,nearest_region_for_slice_only
limit_up_down_breadth_bottom::bottom::limit_up_down_breadth_v1_20120705_20260814::capped_confirmation::cni2000::matched::limit_up_down_breadth_bottom::bottom::limit_up_down_breadth_v1_20120705_20260814::000006,limit_up_down_breadth_bottom,bottom,limit_up_down_breadth_v1_20120705_20260814,capped_confirmation,cni2000,国证2000,matched,True,limit_up_down_breadth_bottom::bottom::limit_up_down_breadth_v1_20120705_20260814::000006,2017-06-30,cni2000_medium_bottom_20170602,2017-06-02,2017-05-24,2017-06-02,multi_lobe,2,,confirmation_window,False,False,confirmation,20,20,20,limit_up_down_breadth_bottom::bottom::limit_up_down_breadth_v1_20120705_20260814::000006,2012-07-05,2026-08-14,True,True,top_bottom_regions_v2,cni2000_medium_bottom_20170602,confirmation,multi_lobe,primary_match
limit_up_down_breadth_bottom::bottom::limit_up_down_breadth_v1_20120705_20260814::capped_confirmation::cni2000::false_alarm::limit_up_down_breadth_bottom::bottom::limit_up_down_breadth_v1_20120705_20260814::000007,limit_up_down_breadth_bottom,bottom,limit_up_down_breadth_v1_20120705_20260814,capped_confirmation,cni2000,国证2000,false_alarm,False,limit_up_down_breadth_bottom::bottom::limit_up_down_breadth_v1_20120705_20260814::000007,2017-11-07,,,,,,,,,False,False,,,,,,2012-07-05,2026-08-14,,,,cni2000_medium_bottom_20180209,prediction,multi_lobe,nearest_region_for_slice_only
limit_up_down_breadth_bottom::bottom::limit_up_down_breadth_v1_20120705_20260814::capped_confirmation::cni2000::missed_region::cni2000_medium_bottom_20180209,limit_up_down_breadth_bottom,bottom,limit_up_down_breadth_v1_20120705_20260814,capped_confirmation,cni2000,国证2000,missed_region,False,,,cni2000_medium_bottom_20180209,2018-02-09,2018-02-07,2018-02-12,multi_lobe,2,,,False,False,,,,,,2012-07-05,2026-08-14,True,True,top_bottom_regions_v2,,,,
limit_up_down_breadth_bottom::bottom::limit_up_down_breadth_v1_20120705_20260814::capped_confirmation::cni2000::false_alarm::limit_up_down_breadth_bottom::bottom::limit_up_down_breadth_v1_20120705_20260814::000008,limit_up_down_breadth_bottom,bottom,limit_up_down_breadth_v1_20120705_20260814,capped_confirmation,cni2000,国证2000,false_alarm,False,limit_up_down_breadth_bottom::bottom::limit_up_down_breadth_v1_20120705_20260814::000008,2018-06-11,,,,,,,,,False,False,,,,,,2012-07-05,2026-08-14,,,,cni2000_medium_bottom_20180209,confirmation,multi_lobe,nearest_region_for_slice_only
limit_up_down_breadth_bottom::bottom::limit_up_down_breadth_v1_20120705_20260814::capped_confirmation::cni2000::missed_region::cni2000_medium_bottom_20181019,limit_up_down_breadth_bottom,bottom,limit_up_down_breadth_v1_20120705_20260814,capped_confirmation,cni2000,国证2000,missed_region,False,,,cni2000_medium_bottom_20181019,2018-10-19,2018-10-18,2018-10-19,single_lobe,1,,,False,False,,,,,,2012-07-05,2026-08-14,True,True,top_bottom_regions_v2,,,,
limit_up_down_breadth_bottom::bottom::limit_up_down_breadth_v1_20120705_20260814::capped_confirmation::cni2000::missed_region::cni2000_medium_bottom_20190131,limit_up_down_breadth_bottom,bottom,limit_up_down_breadth_v1_20120705_20260814,capped_confirmation,cni2000,国证2000,missed_region,False,,,cni2000_medium_bottom_20190131,2019-01-31,2019-01-31,2019-02-01,single_lobe,1,,,False,False,,,,,,2012-07-05,2026-08-14,True,True,top_bottom_regions_v2,,,,
limit_up_down_breadth_bottom::bottom::limit_up_down_breadth_v1_20120705_20260814::capped_confirmation::cni2000::false_alarm::limit_up_down_breadth_bottom::bottom::limit_up_down_breadth_v1_20120705_20260814::000009,limit_up_down_breadth_bottom,bottom,limit_up_down_breadth_v1_20120705_20260814,capped_confirmation,cni2000,国证2000,false_alarm,False,limit_up_down_breadth_bottom::bottom::limit_up_down_breadth_v1_20120705_20260814::000009,2019-06-17,,,,,,,,,False,False,,,,,,2012-07-05,2026-08-14,,,,cni2000_medium_bottom_20190806,prediction,multi_lobe,nearest_region_for_slice_only
limit_up_down_breadth_bottom::bottom::limit_up_down_breadth_v1_20120705_20260814::capped_confirmation::cni2000::missed_region::cni2000_medium_bottom_20190806,limit_up_down_breadth_bottom,bottom,limit_up_down_breadth_v1_20120705_20260814,capped_confirmation,cni2000,国证2000,missed_region,False,,,cni2000_medium_bottom_20190806,2019-08-06,2019-08-06,2019-08-15,multi_lobe,3,,,False,False,,,,,,2012-07-05,2026-08-14,True,True,top_bottom_regions_v2,,,,
limit_up_down_breadth_bottom::bottom::limit_up_down_breadth_v1_20120705_20260814::capped_confirmation::cni2000::false_alarm::limit_up_down_breadth_bottom::bottom::limit_up_down_breadth_v1_20120705_20260814::000010,limit_up_down_breadth_bottom,bottom,limit_up_down_breadth_v1_20120705_20260814,capped_confirmation,cni2000,国证2000,false_alarm,False,limit_up_down_breadth_bottom::bottom::limit_up_down_breadth_v1_20120705_20260814::000010,2019-11-07,,,,,,,,,False,False,,,,,,2012-07-05,2026-08-14,,,,cni2000_medium_bottom_20200204,prediction,single_lobe,nearest_region_for_slice_only
limit_up_down_breadth_bottom::bottom::limit_up_down_breadth_v1_20120705_20260814::capped_confirmation::cni2000::missed_region::cni2000_medium_bottom_20200204,limit_up_down_breadth_bottom,bottom,limit_up_down_breadth_v1_20120705_20260814,capped_confirmation,cni2000,国证2000,missed_region,False,,,cni2000_medium_bottom_20200204,2020-02-04,2020-02-04,2020-02-04,single_lobe,1,,,False,False,,,,,,2012-07-05,2026-08-14,True,True,top_bottom_regions_v2,,,,
limit_up_down_breadth_bottom::bottom::limit_up_down_breadth_v1_20120705_20260814::capped_confirmation::cni2000::missed_region::cni2000_medium_bottom_20200428,limit_up_down_breadth_bottom,bottom,limit_up_down_breadth_v1_20120705_20260814,capped_confirmation,cni2000,国证2000,missed_region,False,,,cni2000_medium_bottom_20200428,2020-04-28,2020-04-28,2020-04-28,single_lobe,1,,,False,False,,,,,,2012-07-05,2026-08-14,True,True,top_bottom_regions_v2,,,,
limit_up_down_breadth_bottom::bottom::limit_up_down_breadth_v1_20120705_20260814::capped_confirmation::cni2000::false_alarm::limit_up_down_breadth_bottom::bottom::limit_up_down_breadth_v1_20120705_20260814::000011,limit_up_down_breadth_bottom,bottom,limit_up_down_breadth_v1_20120705_20260814,capped_confirmation,cni2000,国证2000,false_alarm,False,limit_up_down_breadth_bottom::bottom::limit_up_down_breadth_v1_20120705_20260814::000011,2020-09-18,,,,,,,,,False,False,,,,,,2012-07-05,2026-08-14,,,,cni2000_medium_bottom_20200428,confirmation,single_lobe,nearest_region_for_slice_only
limit_up_down_breadth_bottom::bottom::limit_up_down_breadth_v1_20120705_20260814::capped_confirmation::cni2000::false_alarm::limit_up_down_breadth_bottom::bottom::limit_up_down_breadth_v1_20120705_20260814::000012,limit_up_down_breadth_bottom,bottom,limit_up_down_breadth_v1_20120705_20260814,capped_confirmation,cni2000,国证2000,false_alarm,False,limit_up_down_breadth_bottom::bottom::limit_up_down_breadth_v1_20120705_20260814::000012,2020-10-30,,,,,,,,,False,False,,,,,,2012-07-05,2026-08-14,,,,cni2000_medium_bottom_20210208,prediction,single_lobe,nearest_region_for_slice_only
limit_up_down_breadth_bottom::bottom::limit_up_down_breadth_v1_20120705_20260814::capped_confirmation::cni2000::false_alarm::limit_up_down_breadth_bottom::bottom::limit_up_down_breadth_v1_20120705_20260814::000013,limit_up_down_breadth_bottom,bottom,limit_up_down_breadth_v1_20120705_20260814,capped_confirmation,cni2000,国证2000,false_alarm,False,limit_up_down_breadth_bottom::bottom::limit_up_down_breadth_v1_20120705_20260814::000013,2020-11-09,,,,,,,,,False,False,,,,,,2012-07-05,2026-08-14,,,,cni2000_medium_bottom_20210208,prediction,single_lobe,nearest_region_for_slice_only
limit_up_down_breadth_bottom::bottom::limit_up_down_breadth_v1_20120705_20260814::capped_confirmation::cni2000::missed_region::cni2000_medium_bottom_20210208,limit_up_down_breadth_bottom,bottom,limit_up_down_breadth_v1_20120705_20260814,capped_confirmation,cni2000,国证2000,missed_region,False,,,cni2000_medium_bottom_20210208,2021-02-08,2021-02-04,2021-02-09,single_lobe,1,,,False,False,,,,,,2012-07-05,2026-08-14,True,True,top_bottom_regions_v2,,,,
limit_up_down_breadth_bottom::bottom::limit_up_down_breadth_v1_20120705_20260814::capped_confirmation::cni2000::false_alarm::limit_up_down_breadth_bottom::bottom::limit_up_down_breadth_v1_20120705_20260814::000014,limit_up_down_breadth_bottom,bottom,limit_up_down_breadth_v1_20120705_20260814,capped_confirmation,cni2000,国证2000,false_alarm,False,limit_up_down_breadth_bottom::bottom::limit_up_down_breadth_v1_20120705_20260814::000014,2022-02-07,,,,,,,,,False,False,,,,,,2012-07-05,2026-08-14,,,,cni2000_medium_bottom_20220427,prediction,single_lobe,nearest_region_for_slice_only
limit_up_down_breadth_bottom::bottom::limit_up_down_breadth_v1_20120705_20260814::capped_confirmation::cni2000::duplicate_alarm::limit_up_down_breadth_bottom::bottom::limit_up_down_breadth_v1_20120705_20260814::000015,limit_up_down_breadth_bottom,bottom,limit_up_down_breadth_v1_20120705_20260814,capped_confirmation,cni2000,国证2000,duplicate_alarm,False,limit_up_down_breadth_bottom::bottom::limit_up_down_breadth_v1_20120705_20260814::000015,2022-04-19,cni2000_medium_bottom_20220427,2022-04-27,2022-04-27,2022-04-27,single_lobe,1,,prediction_window,False,False,prediction,-6,6,10,limit_up_down_breadth_bottom::bottom::limit_up_down_breadth_v1_20120705_20260814::000016,2012-07-05,2026-08-14,True,True,top_bottom_regions_v2,cni2000_medium_bottom_20220427,prediction,single_lobe,duplicate_candidate
limit_up_down_breadth_bottom::bottom::limit_up_down_breadth_v1_20120705_20260814::capped_confirmation::cni2000::matched::limit_up_down_breadth_bottom::bottom::limit_up_down_breadth_v1_20120705_20260814::000016,limit_up_down_breadth_bottom,bottom,limit_up_down_breadth_v1_20120705_20260814,capped_confirmation,cni2000,国证2000,matched,True,limit_up_down_breadth_bottom::bottom::limit_up_down_breadth_v1_20120705_20260814::000016,2022-04-29,cni2000_medium_bottom_20220427,2022-04-27,2022-04-27,2022-04-27,single_lobe,1,,confirmation_window,False,False,confirmation,2,2,5,limit_up_down_breadth_bottom::bottom::limit_up_down_breadth_v1_20120705_20260814::000016,2012-07-05,2026-08-14,True,True,top_bottom_regions_v2,cni2000_medium_bottom_20220427,confirmation,single_lobe,primary_match
limit_up_down_breadth_bottom::bottom::limit_up_down_breadth_v1_20120705_20260814::capped_confirmation::cni2000::matched::limit_up_down_breadth_bottom::bottom::limit_up_down_breadth_v1_20120705_20260814::000017,limit_up_down_breadth_bottom,bottom,limit_up_down_breadth_v1_20120705_20260814,capped_confirmation,cni2000,国证2000,matched,True,limit_up_down_breadth_bottom::bottom::limit_up_down_breadth_v1_20120705_20260814::000017,2022-09-23,cni2000_medium_bottom_20221011,2022-10-11,2022-10-10,2022-10-12,single_lobe,1,,prediction_window,False,False,prediction,-7,7,10,limit_up_down_breadth_bottom::bottom::limit_up_down_breadth_v1_20120705_20260814::000017,2012-07-05,2026-08-14,True,True,top_bottom_regions_v2,cni2000_medium_bottom_20221011,prediction,single_lobe,primary_match
limit_up_down_breadth_bottom::bottom::limit_up_down_breadth_v1_20120705_20260814::capped_confirmation::cni2000::false_alarm::limit_up_down_breadth_bottom::bottom::limit_up_down_breadth_v1_20120705_20260814::000018,limit_up_down_breadth_bottom,bottom,limit_up_down_breadth_v1_20120705_20260814,capped_confirmation,cni2000,国证2000,false_alarm,False,limit_up_down_breadth_bottom::bottom::limit_up_down_breadth_v1_20120705_20260814::000018,2023-03-14,,,,,,,,,False,False,,,,,,2012-07-05,2026-08-14,,,,cni2000_medium_bottom_20221011,confirmation,single_lobe,nearest_region_for_slice_only
limit_up_down_breadth_bottom::bottom::limit_up_down_breadth_v1_20120705_20260814::capped_confirmation::cni2000::false_alarm::limit_up_down_breadth_bottom::bottom::limit_up_down_breadth_v1_20120705_20260814::000019,limit_up_down_breadth_bottom,bottom,limit_up_down_breadth_v1_20120705_20260814,capped_confirmation,cni2000,国证2000,false_alarm,False,limit_up_down_breadth_bottom::bottom::limit_up_down_breadth_v1_20120705_20260814::000019,2023-04-03,,,,,,,,,False,False,,,,,,2012-07-05,2026-08-14,,,,cni2000_medium_bottom_20221011,confirmation,single_lobe,nearest_region_for_slice_only
limit_up_down_breadth_bottom::bottom::limit_up_down_breadth_v1_20120705_20260814::capped_confirmation::cni2000::false_alarm::limit_up_down_breadth_bottom::bottom::limit_up_down_breadth_v1_20120705_20260814::000020,limit_up_down_breadth_bottom,bottom,limit_up_down_breadth_v1_20120705_20260814,capped_confirmation,cni2000,国证2000,false_alarm,False,limit_up_down_breadth_bottom::bottom::limit_up_down_breadth_v1_20120705_20260814::000020,2023-05-10,,,,,,,,,False,False,,,,,,2012-07-05,2026-08-14,,,,cni2000_medium_bottom_20231023,prediction,single_lobe,nearest_region_for_slice_only
limit_up_down_breadth_bottom::bottom::limit_up_down_breadth_v1_20120705_20260814::capped_confirmation::cni2000::false_alarm::limit_up_down_breadth_bottom::bottom::limit_up_down_breadth_v1_20120705_20260814::000021,limit_up_down_breadth_bottom,bottom,limit_up_down_breadth_v1_20120705_20260814,capped_confirmation,cni2000,国证2000,false_alarm,False,limit_up_down_breadth_bottom::bottom::limit_up_down_breadth_v1_20120705_20260814::000021,2023-05-24,,,,,,,,,False,False,,,,,,2012-07-05,2026-08-14,,,,cni2000_medium_bottom_20231023,prediction,single_lobe,nearest_region_for_slice_only
limit_up_down_breadth_bottom::bottom::limit_up_down_breadth_v1_20120705_20260814::capped_confirmation::cni2000::missed_region::cni2000_medium_bottom_20231023,limit_up_down_breadth_bottom,bottom,limit_up_down_breadth_v1_20120705_20260814,capped_confirmation,cni2000,国证2000,missed_region,False,,,cni2000_medium_bottom_20231023,2023-10-23,2023-10-23,2023-10-24,single_lobe,1,,,False,False,,,,,,2012-07-05,2026-08-14,True,True,top_bottom_regions_v2,,,,
limit_up_down_breadth_bottom::bottom::limit_up_down_breadth_v1_20120705_20260814::capped_confirmation::cni2000::missed_region::cni2000_medium_bottom_20240206,limit_up_down_breadth_bottom,bottom,limit_up_down_breadth_v1_20120705_20260814,capped_confirmation,cni2000,国证2000,missed_region,False,,,cni2000_medium_bottom_20240206,2024-02-06,2024-02-05,2024-02-06,single_lobe,1,,,False,False,,,,,,2012-07-05,2026-08-14,True,True,top_bottom_regions_v2,,,,
limit_up_down_breadth_bottom::bottom::limit_up_down_breadth_v1_20120705_20260814::capped_confirmation::cni2000::missed_region::cni2000_medium_bottom_20240416,limit_up_down_breadth_bottom,bottom,limit_up_down_breadth_v1_20120705_20260814,capped_confirmation,cni2000,国证2000,missed_region,False,,,cni2000_medium_bottom_20240416,2024-04-16,2024-04-16,2024-04-17,single_lobe,1,,,False,False,,,,,,2012-07-05,2026-08-14,True,True,top_bottom_regions_v2,,,,
limit_up_down_breadth_bottom::bottom::limit_up_down_breadth_v1_20120705_20260814::capped_confirmation::cni2000::false_alarm::limit_up_down_breadth_bottom::bottom::limit_up_down_breadth_v1_20120705_20260814::000022,limit_up_down_breadth_bottom,bottom,limit_up_down_breadth_v1_20120705_20260814,capped_confirmation,cni2000,国证2000,false_alarm,False,limit_up_down_breadth_bottom::bottom::limit_up_down_breadth_v1_20120705_20260814::000022,2024-06-12,,,,,,,,,False,False,,,,,,2012-07-05,2026-08-14,,,,cni2000_medium_bottom_20240416,confirmation,single_lobe,nearest_region_for_slice_only
limit_up_down_breadth_bottom::bottom::limit_up_down_breadth_v1_20120705_20260814::capped_confirmation::cni2000::missed_region::cni2000_medium_bottom_20240918,limit_up_down_breadth_bottom,bottom,limit_up_down_breadth_v1_20120705_20260814,capped_confirmation,cni2000,国证2000,missed_region,False,,,cni2000_medium_bottom_20240918,2024-09-18,2024-09-10,2024-09-19,multi_lobe,2,,,False,False,,,,,,2012-07-05,2026-08-14,True,True,top_bottom_regions_v2,,,,
limit_up_down_breadth_bottom::bottom::limit_up_down_breadth_v1_20120705_20260814::capped_confirmation::cni2000::missed_region::cni2000_medium_bottom_20241014,limit_up_down_breadth_bottom,bottom,limit_up_down_breadth_v1_20120705_20260814,capped_confirmation,cni2000,国证2000,missed_region,False,,,cni2000_medium_bottom_20241014,2024-10-14,2024-10-11,2024-10-16,multi_lobe,2,,,False,False,,,,,,2012-07-05,2026-08-14,True,True,top_bottom_regions_v2,,,,
limit_up_down_breadth_bottom::bottom::limit_up_down_breadth_v1_20120705_20260814::capped_confirmation::cni2000::missed_region::cni2000_medium_bottom_20250113,limit_up_down_breadth_bottom,bottom,limit_up_down_breadth_v1_20120705_20260814,capped_confirmation,cni2000,国证2000,missed_region,False,,,cni2000_medium_bottom_20250113,2025-01-13,2025-01-06,2025-01-13,multi_lobe,3,,,False,False,,,,,,2012-07-05,2026-08-14,True,True,top_bottom_regions_v2,,,,
limit_up_down_breadth_bottom::bottom::limit_up_down_breadth_v1_20120705_20260814::capped_confirmation::cni2000::missed_region::cni2000_medium_bottom_20250409,limit_up_down_breadth_bottom,bottom,limit_up_down_breadth_v1_20120705_20260814,capped_confirmation,cni2000,国证2000,missed_region,False,,,cni2000_medium_bottom_20250409,2025-04-09,2025-04-09,2025-04-09,single_lobe,1,,,False,False,,,,,,2012-07-05,2026-08-14,True,True,top_bottom_regions_v2,,,,
limit_up_down_breadth_bottom::bottom::limit_up_down_breadth_v1_20120705_20260814::capped_confirmation::cni2000::missed_region::cni2000_medium_bottom_20260323,limit_up_down_breadth_bottom,bottom,limit_up_down_breadth_v1_20120705_20260814,capped_confirmation,cni2000,国证2000,missed_region,False,,,cni2000_medium_bottom_20260323,2026-03-23,2026-03-23,2026-03-24,single_lobe,1,,,False,False,,,,,,2012-07-05,2026-08-14,True,True,top_bottom_regions_v2,,,,
limit_up_down_breadth_bottom::bottom::limit_up_down_breadth_v1_20120705_20260814::capped_confirmation::cni2000::matched::limit_up_down_breadth_bottom::bottom::limit_up_down_breadth_v1_20120705_20260814::000023,limit_up_down_breadth_bottom,bottom,limit_up_down_breadth_v1_20120705_20260814,capped_confirmation,cni2000,国证2000,matched,True,limit_up_down_breadth_bottom::bottom::limit_up_down_breadth_v1_20120705_20260814::000023,2026-07-16,cni2000_medium_bottom_20260721,2026-07-21,2026-07-21,2026-07-21,single_lobe,1,,prediction_window,False,False,prediction,-3,3,5,limit_up_down_breadth_bottom::bottom::limit_up_down_breadth_v1_20120705_20260814::000023,2012-07-05,2026-08-14,True,False,top_bottom_regions_v2,cni2000_medium_bottom_20260721,prediction,single_lobe,primary_match
limit_up_down_breadth_bottom::bottom::limit_up_down_breadth_v1_20120705_20260814::capped_confirmation::csi1000::missed_region::csi1000_medium_bottom_20121204,limit_up_down_breadth_bottom,bottom,limit_up_down_breadth_v1_20120705_20260814,capped_confirmation,csi1000,中证1000,missed_region,False,,,csi1000_medium_bottom_20121204,2012-12-04,2012-12-03,2012-12-04,single_lobe,1,,,False,False,,,,,,2012-07-05,2026-08-14,True,True,top_bottom_regions_v2,,,,
limit_up_down_breadth_bottom::bottom::limit_up_down_breadth_v1_20120705_20260814::capped_confirmation::csi1000::matched::limit_up_down_breadth_bottom::bottom::limit_up_down_breadth_v1_20120705_20260814::000001,limit_up_down_breadth_bottom,bottom,limit_up_down_breadth_v1_20120705_20260814,capped_confirmation,csi1000,中证1000,matched,True,limit_up_down_breadth_bottom::bottom::limit_up_down_breadth_v1_20120705_20260814::000001,2013-06-28,csi1000_medium_bottom_20130625,2013-06-25,2013-06-25,2013-06-25,single_lobe,1,,confirmation_window,False,False,confirmation,3,3,5,limit_up_down_breadth_bottom::bottom::limit_up_down_breadth_v1_20120705_20260814::000001,2012-07-05,2026-08-14,True,True,top_bottom_regions_v2,csi1000_medium_bottom_20130625,confirmation,single_lobe,primary_match
limit_up_down_breadth_bottom::bottom::limit_up_down_breadth_v1_20120705_20260814::capped_confirmation::csi1000::false_alarm::limit_up_down_breadth_bottom::bottom::limit_up_down_breadth_v1_20120705_20260814::000002,limit_up_down_breadth_bottom,bottom,limit_up_down_breadth_v1_20120705_20260814,capped_confirmation,csi1000,中证1000,false_alarm,False,limit_up_down_breadth_bottom::bottom::limit_up_down_breadth_v1_20120705_20260814::000002,2014-01-14,,,,,,,,,False,False,,,,,,2012-07-05,2026-08-14,,,,csi1000_medium_bottom_20140429,prediction,multi_lobe,nearest_region_for_slice_only
limit_up_down_breadth_bottom::bottom::limit_up_down_breadth_v1_20120705_20260814::capped_confirmation::csi1000::matched::limit_up_down_breadth_bottom::bottom::limit_up_down_breadth_v1_20120705_20260814::000003,limit_up_down_breadth_bottom,bottom,limit_up_down_breadth_v1_20120705_20260814,capped_confirmation,csi1000,中证1000,matched,True,limit_up_down_breadth_bottom::bottom::limit_up_down_breadth_v1_20120705_20260814::000003,2014-05-08,csi1000_medium_bottom_20140429,2014-04-29,2014-04-28,2014-05-21,multi_lobe,3,,envelope,False,True,confirmation,5,5,5,limit_up_down_breadth_bottom::bottom::limit_up_down_breadth_v1_20120705_20260814::000003,2012-07-05,2026-08-14,True,True,top_bottom_regions_v2,csi1000_medium_bottom_20140429,confirmation,multi_lobe,primary_match
limit_up_down_breadth_bottom::bottom::limit_up_down_breadth_v1_20120705_20260814::capped_confirmation::csi1000::missed_region::csi1000_medium_bottom_20150630,limit_up_down_breadth_bottom,bottom,limit_up_down_breadth_v1_20120705_20260814,capped_confirmation,csi1000,中证1000,missed_region,False,,,csi1000_medium_bottom_20150630,2015-06-30,2015-06-30,2015-06-30,single_lobe,1,,,False,False,,,,,,2012-07-05,2026-08-14,True,True,top_bottom_regions_v2,,,,
limit_up_down_breadth_bottom::bottom::limit_up_down_breadth_v1_20120705_20260814::capped_confirmation::csi1000::missed_region::csi1000_medium_bottom_20150709,limit_up_down_breadth_bottom,bottom,limit_up_down_breadth_v1_20120705_20260814,capped_confirmation,csi1000,中证1000,missed_region,False,,,csi1000_medium_bottom_20150709,2015-07-09,2015-07-08,2015-07-09,single_lobe,1,,,False,False,,,,,,2012-07-05,2026-08-14,True,True,top_bottom_regions_v2,,,,
limit_up_down_breadth_bottom::bottom::limit_up_down_breadth_v1_20120705_20260814::capped_confirmation::csi1000::missed_region::csi1000_medium_bottom_20150803,limit_up_down_breadth_bottom,bottom,limit_up_down_breadth_v1_20120705_20260814,capped_confirmation,csi1000,中证1000,missed_region,False,,,csi1000_medium_bottom_20150803,2015-08-03,2015-08-03,2015-08-04,single_lobe,1,,,False,False,,,,,,2012-07-05,2026-08-14,True,True,top_bottom_regions_v2,,,,
limit_up_down_breadth_bottom::bottom::limit_up_down_breadth_v1_20120705_20260814::capped_confirmation::csi1000::missed_region::csi1000_medium_bottom_20150827,limit_up_down_breadth_bottom,bottom,limit_up_down_breadth_v1_20120705_20260814,capped_confirmation,csi1000,中证1000,missed_region,False,,,csi1000_medium_bottom_20150827,2015-08-27,2015-08-26,2015-08-27,single_lobe,1,,,False,False,,,,,,2012-07-05,2026-08-14,True,True,top_bottom_regions_v2,,,,
limit_up_down_breadth_bottom::bottom::limit_up_down_breadth_v1_20120705_20260814::capped_confirmation::csi1000::missed_region::csi1000_medium_bottom_20150902,limit_up_down_breadth_bottom,bottom,limit_up_down_breadth_v1_20120705_20260814,capped_confirmation,csi1000,中证1000,missed_region,False,,,csi1000_medium_bottom_20150902,2015-09-02,2015-09-02,2015-09-02,single_lobe,1,,,False,False,,,,,,2012-07-05,2026-08-14,True,True,top_bottom_regions_v2,,,,
limit_up_down_breadth_bottom::bottom::limit_up_down_breadth_v1_20120705_20260814::capped_confirmation::csi1000::missed_region::csi1000_medium_bottom_20150915,limit_up_down_breadth_bottom,bottom,limit_up_down_breadth_v1_20120705_20260814,capped_confirmation,csi1000,中证1000,missed_region,False,,,csi1000_medium_bottom_20150915,2015-09-15,2015-09-15,2015-09-16,single_lobe,1,,,False,False,,,,,,2012-07-05,2026-08-14,True,True,top_bottom_regions_v2,,,,
limit_up_down_breadth_bottom::bottom::limit_up_down_breadth_v1_20120705_20260814::capped_confirmation::csi1000::missed_region::csi1000_medium_bottom_20151130,limit_up_down_breadth_bottom,bottom,limit_up_down_breadth_v1_20120705_20260814,capped_confirmation,csi1000,中证1000,missed_region,False,,,csi1000_medium_bottom_20151130,2015-11-30,2015-11-30,2015-12-02,multi_lobe,2,,,False,False,,,,,,2012-07-05,2026-08-14,True,True,top_bottom_regions_v2,,,,
limit_up_down_breadth_bottom::bottom::limit_up_down_breadth_v1_20120705_20260814::capped_confirmation::csi1000::missed_region::csi1000_medium_bottom_20160114,limit_up_down_breadth_bottom,bottom,limit_up_down_breadth_v1_20120705_20260814,capped_confirmation,csi1000,中证1000,missed_region,False,,,csi1000_medium_bottom_20160114,2016-01-14,2016-01-14,2016-01-14,single_lobe,1,,,False,False,,,,,,2012-07-05,2026-08-14,True,True,top_bottom_regions_v2,,,,
limit_up_down_breadth_bottom::bottom::limit_up_down_breadth_v1_20120705_20260814::capped_confirmation::csi1000::missed_region::csi1000_medium_bottom_20160129,limit_up_down_breadth_bottom,bottom,limit_up_down_breadth_v1_20120705_20260814,capped_confirmation,csi1000,中证1000,missed_region,False,,,csi1000_medium_bottom_20160129,2016-01-29,2016-01-27,2016-02-01,single_lobe,1,,,False,False,,,,,,2012-07-05,2026-08-14,True,True,top_bottom_regions_v2,,,,
limit_up_down_breadth_bottom::bottom::limit_up_down_breadth_v1_20120705_20260814::capped_confirmation::csi1000::missed_region::csi1000_medium_bottom_20160301,limit_up_down_breadth_bottom,bottom,limit_up_down_breadth_v1_20120705_20260814,capped_confirmation,csi1000,中证1000,missed_region,False,,,csi1000_medium_bottom_20160301,2016-03-01,2016-02-29,2016-03-01,single_lobe,1,,,False,False,,,,,,2012-07-05,2026-08-14,True,True,top_bottom_regions_v2,,,,
limit_up_down_breadth_bottom::bottom::limit_up_down_breadth_v1_20120705_20260814::capped_confirmation::csi1000::missed_region::csi1000_medium_bottom_20160512,limit_up_down_breadth_bottom,bottom,limit_up_down_breadth_v1_20120705_20260814,capped_confirmation,csi1000,中证1000,missed_region,False,,,csi1000_medium_bottom_20160512,2016-05-12,2016-05-12,2016-05-26,multi_lobe,3,,,False,False,,,,,,2012-07-05,2026-08-14,True,True,top_bottom_regions_v2,,,,
limit_up_down_breadth_bottom::bottom::limit_up_down_breadth_v1_20120705_20260814::capped_confirmation::csi1000::missed_region::csi1000_medium_bottom_20170116,limit_up_down_breadth_bottom,bottom,limit_up_down_breadth_v1_20120705_20260814,capped_confirmation,csi1000,中证1000,missed_region,False,,,csi1000_medium_bottom_20170116,2017-01-16,2017-01-16,2017-01-17,single_lobe,1,,,False,False,,,,,,2012-07-05,2026-08-14,True,True,top_bottom_regions_v2,,,,
limit_up_down_breadth_bottom::bottom::limit_up_down_breadth_v1_20120705_20260814::capped_confirmation::csi1000::false_alarm::limit_up_down_breadth_bottom::bottom::limit_up_down_breadth_v1_20120705_20260814::000004,limit_up_down_breadth_bottom,bottom,limit_up_down_breadth_v1_20120705_20260814,capped_confirmation,csi1000,中证1000,false_alarm,False,limit_up_down_breadth_bottom::bottom::limit_up_down_breadth_v1_20120705_20260814::000004,2017-03-06,,,,,,,,,False,False,,,,,,2012-07-05,2026-08-14,,,,csi1000_medium_bottom_20170116,confirmation,single_lobe,nearest_region_for_slice_only
limit_up_down_breadth_bottom::bottom::limit_up_down_breadth_v1_20120705_20260814::capped_confirmation::csi1000::false_alarm::limit_up_down_breadth_bottom::bottom::limit_up_down_breadth_v1_20120705_20260814::000005,limit_up_down_breadth_bottom,bottom,limit_up_down_breadth_v1_20120705_20260814,capped_confirmation,csi1000,中证1000,false_alarm,False,limit_up_down_breadth_bottom::bottom::limit_up_down_breadth_v1_20120705_20260814::000005,2017-04-26,,,,,,,,,False,False,,,,,,2012-07-05,2026-08-14,,,,csi1000_medium_bottom_20170602,prediction,multi_lobe,nearest_region_for_slice_only
limit_up_down_breadth_bottom::bottom::limit_up_down_breadth_v1_20120705_20260814::capped_confirmation::csi1000::matched::limit_up_down_breadth_bottom::bottom::limit_up_down_breadth_v1_20120705_20260814::000006,limit_up_down_breadth_bottom,bottom,limit_up_down_breadth_v1_20120705_20260814,capped_confirmation,csi1000,中证1000,matched,True,limit_up_down_breadth_bottom::bottom::limit_up_down_breadth_v1_20120705_20260814::000006,2017-06-30,csi1000_medium_bottom_20170602,2017-06-02,2017-05-24,2017-06-02,multi_lobe,2,,confirmation_window,False,False,confirmation,20,20,20,limit_up_down_breadth_bottom::bottom::limit_up_down_breadth_v1_20120705_20260814::000006,2012-07-05,2026-08-14,True,True,top_bottom_regions_v2,csi1000_medium_bottom_20170602,confirmation,multi_lobe,primary_match
limit_up_down_breadth_bottom::bottom::limit_up_down_breadth_v1_20120705_20260814::capped_confirmation::csi1000::false_alarm::limit_up_down_breadth_bottom::bottom::limit_up_down_breadth_v1_20120705_20260814::000007,limit_up_down_breadth_bottom,bottom,limit_up_down_breadth_v1_20120705_20260814,capped_confirmation,csi1000,中证1000,false_alarm,False,limit_up_down_breadth_bottom::bottom::limit_up_down_breadth_v1_20120705_20260814::000007,2017-11-07,,,,,,,,,False,False,,,,,,2012-07-05,2026-08-14,,,,csi1000_medium_bottom_20180209,prediction,multi_lobe,nearest_region_for_slice_only
limit_up_down_breadth_bottom::bottom::limit_up_down_breadth_v1_20120705_20260814::capped_confirmation::csi1000::missed_region::csi1000_medium_bottom_20180209,limit_up_down_breadth_bottom,bottom,limit_up_down_breadth_v1_20120705_20260814,capped_confirmation,csi1000,中证1000,missed_region,False,,,csi1000_medium_bottom_20180209,2018-02-09,2018-02-07,2018-02-12,multi_lobe,2,,,False,False,,,,,,2012-07-05,2026-08-14,True,True,top_bottom_regions_v2,,,,
limit_up_down_breadth_bottom::bottom::limit_up_down_breadth_v1_20120705_20260814::capped_confirmation::csi1000::false_alarm::limit_up_down_breadth_bottom::bottom::limit_up_down_breadth_v1_20120705_20260814::000008,limit_up_down_breadth_bottom,bottom,limit_up_down_breadth_v1_20120705_20260814,capped_confirmation,csi1000,中证1000,false_alarm,False,limit_up_down_breadth_bottom::bottom::limit_up_down_breadth_v1_20120705_20260814::000008,2018-06-11,,,,,,,,,False,False,,,,,,2012-07-05,2026-08-14,,,,csi1000_medium_bottom_20180209,confirmation,multi_lobe,nearest_region_for_slice_only
limit_up_down_breadth_bottom::bottom::limit_up_down_breadth_v1_20120705_20260814::capped_confirmation::csi1000::missed_region::csi1000_medium_bottom_20181019,limit_up_down_breadth_bottom,bottom,limit_up_down_breadth_v1_20120705_20260814,capped_confirmation,csi1000,中证1000,missed_region,False,,,csi1000_medium_bottom_20181019,2018-10-19,2018-10-18,2018-10-19,single_lobe,1,,,False,False,,,,,,2012-07-05,2026-08-14,True,True,top_bottom_regions_v2,,,,
limit_up_down_breadth_bottom::bottom::limit_up_down_breadth_v1_20120705_20260814::capped_confirmation::csi1000::missed_region::csi1000_medium_bottom_20190104,limit_up_down_breadth_bottom,bottom,limit_up_down_breadth_v1_20120705_20260814,capped_confirmation,csi1000,中证1000,missed_region,False,,,csi1000_medium_bottom_20190104,2019-01-04,2018-12-25,2019-01-04,multi_lobe,2,,,False,False,,,,,,2012-07-05,2026-08-14,True,True,top_bottom_regions_v2,,,,
limit_up_down_breadth_bottom::bottom::limit_up_down_breadth_v1_20120705_20260814::capped_confirmation::csi1000::false_alarm::limit_up_down_breadth_bottom::bottom::limit_up_down_breadth_v1_20120705_20260814::000009,limit_up_down_breadth_bottom,bottom,limit_up_down_breadth_v1_20120705_20260814,capped_confirmation,csi1000,中证1000,false_alarm,False,limit_up_down_breadth_bottom::bottom::limit_up_down_breadth_v1_20120705_20260814::000009,2019-06-17,,,,,,,,,False,False,,,,,,2012-07-05,2026-08-14,,,,csi1000_medium_bottom_20190806,prediction,multi_lobe,nearest_region_for_slice_only
limit_up_down_breadth_bottom::bottom::limit_up_down_breadth_v1_20120705_20260814::capped_confirmation::csi1000::missed_region::csi1000_medium_bottom_20190806,limit_up_down_breadth_bottom,bottom,limit_up_down_breadth_v1_20120705_20260814,capped_confirmation,csi1000,中证1000,missed_region,False,,,csi1000_medium_bottom_20190806,2019-08-06,2019-08-06,2019-08-15,multi_lobe,3,,,False,False,,,,,,2012-07-05,2026-08-14,True,True,top_bottom_regions_v2,,,,
limit_up_down_breadth_bottom::bottom::limit_up_down_breadth_v1_20120705_20260814::capped_confirmation::csi1000::false_alarm::limit_up_down_breadth_bottom::bottom::limit_up_down_breadth_v1_20120705_20260814::000010,limit_up_down_breadth_bottom,bottom,limit_up_down_breadth_v1_20120705_20260814,capped_confirmation,csi1000,中证1000,false_alarm,False,limit_up_down_breadth_bottom::bottom::limit_up_down_breadth_v1_20120705_20260814::000010,2019-11-07,,,,,,,,,False,False,,,,,,2012-07-05,2026-08-14,,,,csi1000_medium_bottom_20200204,prediction,single_lobe,nearest_region_for_slice_only
limit_up_down_breadth_bottom::bottom::limit_up_down_breadth_v1_20120705_20260814::capped_confirmation::csi1000::missed_region::csi1000_medium_bottom_20200204,limit_up_down_breadth_bottom,bottom,limit_up_down_breadth_v1_20120705_20260814,capped_confirmation,csi1000,中证1000,missed_region,False,,,csi1000_medium_bottom_20200204,2020-02-04,2020-02-04,2020-02-04,single_lobe,1,,,False,False,,,,,,2012-07-05,2026-08-14,True,True,top_bottom_regions_v2,,,,
limit_up_down_breadth_bottom::bottom::limit_up_down_breadth_v1_20120705_20260814::capped_confirmation::csi1000::missed_region::csi1000_medium_bottom_20200324,limit_up_down_breadth_bottom,bottom,limit_up_down_breadth_v1_20120705_20260814,capped_confirmation,csi1000,中证1000,missed_region,False,,,csi1000_medium_bottom_20200324,2020-03-24,2020-03-17,2020-04-02,multi_lobe,3,,,False,False,,,,,,2012-07-05,2026-08-14,True,True,top_bottom_regions_v2,,,,
limit_up_down_breadth_bottom::bottom::limit_up_down_breadth_v1_20120705_20260814::capped_confirmation::csi1000::false_alarm::limit_up_down_breadth_bottom::bottom::limit_up_down_breadth_v1_20120705_20260814::000011,limit_up_down_breadth_bottom,bottom,limit_up_down_breadth_v1_20120705_20260814,capped_confirmation,csi1000,中证1000,false_alarm,False,limit_up_down_breadth_bottom::bottom::limit_up_down_breadth_v1_20120705_20260814::000011,2020-09-18,,,,,,,,,False,False,,,,,,2012-07-05,2026-08-14,,,,csi1000_medium_bottom_20210208,prediction,single_lobe,nearest_region_for_slice_only
limit_up_down_breadth_bottom::bottom::limit_up_down_breadth_v1_20120705_20260814::capped_confirmation::csi1000::false_alarm::limit_up_down_breadth_bottom::bottom::limit_up_down_breadth_v1_20120705_20260814::000012,limit_up_down_breadth_bottom,bottom,limit_up_down_breadth_v1_20120705_20260814,capped_confirmation,csi1000,中证1000,false_alarm,False,limit_up_down_breadth_bottom::bottom::limit_up_down_breadth_v1_20120705_20260814::000012,2020-10-30,,,,,,,,,False,False,,,,,,2012-07-05,2026-08-14,,,,csi1000_medium_bottom_20210208,prediction,single_lobe,nearest_region_for_slice_only
limit_up_down_breadth_bottom::bottom::limit_up_down_breadth_v1_20120705_20260814::capped_confirmation::csi1000::false_alarm::limit_up_down_breadth_bottom::bottom::limit_up_down_breadth_v1_20120705_20260814::000013,limit_up_down_breadth_bottom,bottom,limit_up_down_breadth_v1_20120705_20260814,capped_confirmation,csi1000,中证1000,false_alarm,False,limit_up_down_breadth_bottom::bottom::limit_up_down_breadth_v1_20120705_20260814::000013,2020-11-09,,,,,,,,,False,False,,,,,,2012-07-05,2026-08-14,,,,csi1000_medium_bottom_20210208,prediction,single_lobe,nearest_region_for_slice_only
limit_up_down_breadth_bottom::bottom::limit_up_down_breadth_v1_20120705_20260814::capped_confirmation::csi1000::missed_region::csi1000_medium_bottom_20210208,limit_up_down_breadth_bottom,bottom,limit_up_down_breadth_v1_20120705_20260814,capped_confirmation,csi1000,中证1000,missed_region,False,,,csi1000_medium_bottom_20210208,2021-02-08,2021-02-04,2021-02-09,single_lobe,1,,,False,False,,,,,,2012-07-05,2026-08-14,True,True,top_bottom_regions_v2,,,,
limit_up_down_breadth_bottom::bottom::limit_up_down_breadth_v1_20120705_20260814::capped_confirmation::csi1000::false_alarm::limit_up_down_breadth_bottom::bottom::limit_up_down_breadth_v1_20120705_20260814::000014,limit_up_down_breadth_bottom,bottom,limit_up_down_breadth_v1_20120705_20260814,capped_confirmation,csi1000,中证1000,false_alarm,False,limit_up_down_breadth_bottom::bottom::limit_up_down_breadth_v1_20120705_20260814::000014,2022-02-07,,,,,,,,,False,False,,,,,,2012-07-05,2026-08-14,,,,csi1000_medium_bottom_20220427,prediction,single_lobe,nearest_region_for_slice_only
limit_up_down_breadth_bottom::bottom::limit_up_down_breadth_v1_20120705_20260814::capped_confirmation::csi1000::duplicate_alarm::limit_up_down_breadth_bottom::bottom::limit_up_down_breadth_v1_20120705_20260814::000015,limit_up_down_breadth_bottom,bottom,limit_up_down_breadth_v1_20120705_20260814,capped_confirmation,csi1000,中证1000,duplicate_alarm,False,limit_up_down_breadth_bottom::bottom::limit_up_down_breadth_v1_20120705_20260814::000015,2022-04-19,csi1000_medium_bottom_20220427,2022-04-27,2022-04-26,2022-04-27,single_lobe,1,,prediction_window,False,False,prediction,-6,6,10,limit_up_down_breadth_bottom::bottom::limit_up_down_breadth_v1_20120705_20260814::000016,2012-07-05,2026-08-14,True,True,top_bottom_regions_v2,csi1000_medium_bottom_20220427,prediction,single_lobe,duplicate_candidate
limit_up_down_breadth_bottom::bottom::limit_up_down_breadth_v1_20120705_20260814::capped_confirmation::csi1000::matched::limit_up_down_breadth_bottom::bottom::limit_up_down_breadth_v1_20120705_20260814::000016,limit_up_down_breadth_bottom,bottom,limit_up_down_breadth_v1_20120705_20260814,capped_confirmation,csi1000,中证1000,matched,True,limit_up_down_breadth_bottom::bottom::limit_up_down_breadth_v1_20120705_20260814::000016,2022-04-29,csi1000_medium_bottom_20220427,2022-04-27,2022-04-26,2022-04-27,single_lobe,1,,confirmation_window,False,False,confirmation,2,2,5,limit_up_down_breadth_bottom::bottom::limit_up_down_breadth_v1_20120705_20260814::000016,2012-07-05,2026-08-14,True,True,top_bottom_regions_v2,csi1000_medium_bottom_20220427,confirmation,single_lobe,primary_match
limit_up_down_breadth_bottom::bottom::limit_up_down_breadth_v1_20120705_20260814::capped_confirmation::csi1000::matched::limit_up_down_breadth_bottom::bottom::limit_up_down_breadth_v1_20120705_20260814::000017,limit_up_down_breadth_bottom,bottom,limit_up_down_breadth_v1_20120705_20260814,capped_confirmation,csi1000,中证1000,matched,True,limit_up_down_breadth_bottom::bottom::limit_up_down_breadth_v1_20120705_20260814::000017,2022-09-23,csi1000_medium_bottom_20221012,2022-10-12,2022-10-10,2022-10-12,single_lobe,1,,prediction_window,False,False,prediction,-8,8,10,limit_up_down_breadth_bottom::bottom::limit_up_down_breadth_v1_20120705_20260814::000017,2012-07-05,2026-08-14,True,True,top_bottom_regions_v2,csi1000_medium_bottom_20221012,prediction,single_lobe,primary_match
limit_up_down_breadth_bottom::bottom::limit_up_down_breadth_v1_20120705_20260814::capped_confirmation::csi1000::false_alarm::limit_up_down_breadth_bottom::bottom::limit_up_down_breadth_v1_20120705_20260814::000018,limit_up_down_breadth_bottom,bottom,limit_up_down_breadth_v1_20120705_20260814,capped_confirmation,csi1000,中证1000,false_alarm,False,limit_up_down_breadth_bottom::bottom::limit_up_down_breadth_v1_20120705_20260814::000018,2023-03-14,,,,,,,,,False,False,,,,,,2012-07-05,2026-08-14,,,,csi1000_medium_bottom_20221012,confirmation,single_lobe,nearest_region_for_slice_only
limit_up_down_breadth_bottom::bottom::limit_up_down_breadth_v1_20120705_20260814::capped_confirmation::csi1000::false_alarm::limit_up_down_breadth_bottom::bottom::limit_up_down_breadth_v1_20120705_20260814::000019,limit_up_down_breadth_bottom,bottom,limit_up_down_breadth_v1_20120705_20260814,capped_confirmation,csi1000,中证1000,false_alarm,False,limit_up_down_breadth_bottom::bottom::limit_up_down_breadth_v1_20120705_20260814::000019,2023-04-03,,,,,,,,,False,False,,,,,,2012-07-05,2026-08-14,,,,csi1000_medium_bottom_20221012,confirmation,single_lobe,nearest_region_for_slice_only
limit_up_down_breadth_bottom::bottom::limit_up_down_breadth_v1_20120705_20260814::capped_confirmation::csi1000::false_alarm::limit_up_down_breadth_bottom::bottom::limit_up_down_breadth_v1_20120705_20260814::000020,limit_up_down_breadth_bottom,bottom,limit_up_down_breadth_v1_20120705_20260814,capped_confirmation,csi1000,中证1000,false_alarm,False,limit_up_down_breadth_bottom::bottom::limit_up_down_breadth_v1_20120705_20260814::000020,2023-05-10,,,,,,,,,False,False,,,,,,2012-07-05,2026-08-14,,,,csi1000_medium_bottom_20221012,confirmation,single_lobe,nearest_region_for_slice_only
limit_up_down_breadth_bottom::bottom::limit_up_down_breadth_v1_20120705_20260814::capped_confirmation::csi1000::false_alarm::limit_up_down_breadth_bottom::bottom::limit_up_down_breadth_v1_20120705_20260814::000021,limit_up_down_breadth_bottom,bottom,limit_up_down_breadth_v1_20120705_20260814,capped_confirmation,csi1000,中证1000,false_alarm,False,limit_up_down_breadth_bottom::bottom::limit_up_down_breadth_v1_20120705_20260814::000021,2023-05-24,,,,,,,,,False,False,,,,,,2012-07-05,2026-08-14,,,,csi1000_medium_bottom_20221012,confirmation,single_lobe,nearest_region_for_slice_only
limit_up_down_breadth_bottom::bottom::limit_up_down_breadth_v1_20120705_20260814::capped_confirmation::csi1000::missed_region::csi1000_medium_bottom_20240205,limit_up_down_breadth_bottom,bottom,limit_up_down_breadth_v1_20120705_20260814,capped_confirmation,csi1000,中证1000,missed_region,False,,,csi1000_medium_bottom_20240205,2024-02-05,2024-02-05,2024-02-06,single_lobe,1,,,False,False,,,,,,2012-07-05,2026-08-14,True,True,top_bottom_regions_v2,,,,
limit_up_down_breadth_bottom::bottom::limit_up_down_breadth_v1_20120705_20260814::capped_confirmation::csi1000::false_alarm::limit_up_down_breadth_bottom::bottom::limit_up_down_breadth_v1_20120705_20260814::000022,limit_up_down_breadth_bottom,bottom,limit_up_down_breadth_v1_20120705_20260814,capped_confirmation,csi1000,中证1000,false_alarm,False,limit_up_down_breadth_bottom::bottom::limit_up_down_breadth_v1_20120705_20260814::000022,2024-06-12,,,,,,,,,False,False,,,,,,2012-07-05,2026-08-14,,,,csi1000_medium_bottom_20240918,prediction,multi_lobe,nearest_region_for_slice_only
limit_up_down_breadth_bottom::bottom::limit_up_down_breadth_v1_20120705_20260814::capped_confirmation::csi1000::missed_region::csi1000_medium_bottom_20240918,limit_up_down_breadth_bottom,bottom,limit_up_down_breadth_v1_20120705_20260814,capped_confirmation,csi1000,中证1000,missed_region,False,,,csi1000_medium_bottom_20240918,2024-09-18,2024-09-10,2024-09-20,multi_lobe,2,,,False,False,,,,,,2012-07-05,2026-08-14,True,True,top_bottom_regions_v2,,,,
limit_up_down_breadth_bottom::bottom::limit_up_down_breadth_v1_20120705_20260814::capped_confirmation::csi1000::missed_region::csi1000_medium_bottom_20241014,limit_up_down_breadth_bottom,bottom,limit_up_down_breadth_v1_20120705_20260814,capped_confirmation,csi1000,中证1000,missed_region,False,,,csi1000_medium_bottom_20241014,2024-10-14,2024-10-11,2024-10-16,multi_lobe,2,,,False,False,,,,,,2012-07-05,2026-08-14,True,True,top_bottom_regions_v2,,,,
limit_up_down_breadth_bottom::bottom::limit_up_down_breadth_v1_20120705_20260814::capped_confirmation::csi1000::missed_region::csi1000_medium_bottom_20250113,limit_up_down_breadth_bottom,bottom,limit_up_down_breadth_v1_20120705_20260814,capped_confirmation,csi1000,中证1000,missed_region,False,,,csi1000_medium_bottom_20250113,2025-01-13,2025-01-06,2025-01-14,multi_lobe,3,,,False,False,,,,,,2012-07-05,2026-08-14,True,True,top_bottom_regions_v2,,,,
limit_up_down_breadth_bottom::bottom::limit_up_down_breadth_v1_20120705_20260814::capped_confirmation::csi1000::missed_region::csi1000_medium_bottom_20250409,limit_up_down_breadth_bottom,bottom,limit_up_down_breadth_v1_20120705_20260814,capped_confirmation,csi1000,中证1000,missed_region,False,,,csi1000_medium_bottom_20250409,2025-04-09,2025-04-09,2025-04-09,single_lobe,1,,,False,False,,,,,,2012-07-05,2026-08-14,True,True,top_bottom_regions_v2,,,,
limit_up_down_breadth_bottom::bottom::limit_up_down_breadth_v1_20120705_20260814::capped_confirmation::csi1000::missed_region::csi1000_medium_bottom_20260323,limit_up_down_breadth_bottom,bottom,limit_up_down_breadth_v1_20120705_20260814,capped_confirmation,csi1000,中证1000,missed_region,False,,,csi1000_medium_bottom_20260323,2026-03-23,2026-03-23,2026-03-24,single_lobe,1,,,False,False,,,,,,2012-07-05,2026-08-14,True,True,top_bottom_regions_v2,,,,
limit_up_down_breadth_bottom::bottom::limit_up_down_breadth_v1_20120705_20260814::capped_confirmation::csi1000::matched::limit_up_down_breadth_bottom::bottom::limit_up_down_breadth_v1_20120705_20260814::000023,limit_up_down_breadth_bottom,bottom,limit_up_down_breadth_v1_20120705_20260814,capped_confirmation,csi1000,中证1000,matched,True,limit_up_down_breadth_bottom::bottom::limit_up_down_breadth_v1_20120705_20260814::000023,2026-07-16,csi1000_medium_bottom_20260721,2026-07-21,2026-07-20,2026-07-30,multi_lobe,2,,prediction_window,False,False,prediction,-3,3,5,limit_up_down_breadth_bottom::bottom::limit_up_down_breadth_v1_20120705_20260814::000023,2012-07-05,2026-08-14,True,False,top_bottom_regions_v2,csi1000_medium_bottom_20260721,prediction,multi_lobe,primary_match
limit_up_down_breadth_bottom::bottom::limit_up_down_breadth_v1_20120705_20260814::capped_confirmation::csi300::missed_region::csi300_medium_bottom_20121204,limit_up_down_breadth_bottom,bottom,limit_up_down_breadth_v1_20120705_20260814,capped_confirmation,csi300,沪深300,missed_region,False,,,csi300_medium_bottom_20121204,2012-12-04,2012-11-28,2012-12-05,single_lobe,1,,,False,False,,,,,,2012-07-05,2026-08-14,True,True,top_bottom_regions_v2,,,,
limit_up_down_breadth_bottom::bottom::limit_up_down_breadth_v1_20120705_20260814::capped_confirmation::csi300::missed_region::csi300_medium_bottom_20130416,limit_up_down_breadth_bottom,bottom,limit_up_down_breadth_v1_20120705_20260814,capped_confirmation,csi300,沪深300,missed_region,False,,,csi300_medium_bottom_20130416,2013-04-16,2013-04-08,2013-05-03,multi_lobe,3,,,False,False,,,,,,2012-07-05,2026-08-14,True,True,top_bottom_regions_v2,,,,
limit_up_down_breadth_bottom::bottom::limit_up_down_breadth_v1_20120705_20260814::capped_confirmation::csi300::matched::limit_up_down_breadth_bottom::bottom::limit_up_down_breadth_v1_20120705_20260814::000001,limit_up_down_breadth_bottom,bottom,limit_up_down_breadth_v1_20120705_20260814,capped_confirmation,csi300,沪深300,matched,True,limit_up_down_breadth_bottom::bottom::limit_up_down_breadth_v1_20120705_20260814::000001,2013-06-28,csi300_medium_bottom_20130625,2013-06-25,2013-06-25,2013-06-25,single_lobe,1,,confirmation_window,False,False,confirmation,3,3,5,limit_up_down_breadth_bottom::bottom::limit_up_down_breadth_v1_20120705_20260814::000001,2012-07-05,2026-08-14,True,True,top_bottom_regions_v2,csi300_medium_bottom_20130625,confirmation,single_lobe,primary_match
limit_up_down_breadth_bottom::bottom::limit_up_down_breadth_v1_20120705_20260814::capped_confirmation::csi300::missed_region::csi300_medium_bottom_20131114,limit_up_down_breadth_bottom,bottom,limit_up_down_breadth_v1_20120705_20260814,capped_confirmation,csi300,沪深300,missed_region,False,,,csi300_medium_bottom_20131114,2013-11-14,2013-11-08,2013-11-15,single_lobe,1,,,False,False,,,,,,2012-07-05,2026-08-14,True,True,top_bottom_regions_v2,,,,
limit_up_down_breadth_bottom::bottom::limit_up_down_breadth_v1_20120705_20260814::capped_confirmation::csi300::false_alarm::limit_up_down_breadth_bottom::bottom::limit_up_down_breadth_v1_20120705_20260814::000002,limit_up_down_breadth_bottom,bottom,limit_up_down_breadth_v1_20120705_20260814,capped_confirmation,csi300,沪深300,false_alarm,False,limit_up_down_breadth_bottom::bottom::limit_up_down_breadth_v1_20120705_20260814::000002,2014-01-14,,,,,,,,,False,False,,,,,,2012-07-05,2026-08-14,,,,csi300_medium_bottom_20131114,confirmation,single_lobe,nearest_region_for_slice_only
limit_up_down_breadth_bottom::bottom::limit_up_down_breadth_v1_20120705_20260814::capped_confirmation::csi300::missed_region::csi300_medium_bottom_20140321,limit_up_down_breadth_bottom,bottom,limit_up_down_breadth_v1_20120705_20260814,capped_confirmation,csi300,沪深300,missed_region,False,,,csi300_medium_bottom_20140321,2014-03-21,2014-03-10,2014-03-21,multi_lobe,3,,,False,False,,,,,,2012-07-05,2026-08-14,True,True,top_bottom_regions_v2,,,,
limit_up_down_breadth_bottom::bottom::limit_up_down_breadth_v1_20120705_20260814::capped_confirmation::csi300::false_alarm::limit_up_down_breadth_bottom::bottom::limit_up_down_breadth_v1_20120705_20260814::000003,limit_up_down_breadth_bottom,bottom,limit_up_down_breadth_v1_20120705_20260814,capped_confirmation,csi300,沪深300,false_alarm,False,limit_up_down_breadth_bottom::bottom::limit_up_down_breadth_v1_20120705_20260814::000003,2014-05-08,,,,,,,,,False,False,,,,,,2012-07-05,2026-08-14,,,,csi300_medium_bottom_20140321,confirmation,multi_lobe,nearest_region_for_slice_only
limit_up_down_breadth_bottom::bottom::limit_up_down_breadth_v1_20120705_20260814::capped_confirmation::csi300::missed_region::csi300_medium_bottom_20141210,limit_up_down_breadth_bottom,bottom,limit_up_down_breadth_v1_20120705_20260814,capped_confirmation,csi300,沪深300,missed_region,False,,,csi300_medium_bottom_20141210,2014-12-10,2014-12-10,2014-12-10,single_lobe,1,,,False,False,,,,,,2012-07-05,2026-08-14,True,True,top_bottom_regions_v2,,,,
limit_up_down_breadth_bottom::bottom::limit_up_down_breadth_v1_20120705_20260814::capped_confirmation::csi300::missed_region::csi300_medium_bottom_20150120,limit_up_down_breadth_bottom,bottom,limit_up_down_breadth_v1_20120705_20260814,capped_confirmation,csi300,沪深300,missed_region,False,,,csi300_medium_bottom_20150120,2015-01-20,2015-01-19,2015-01-20,single_lobe,1,,,False,False,,,,,,2012-07-05,2026-08-14,True,True,top_bottom_regions_v2,,,,
limit_up_down_breadth_bottom::bottom::limit_up_down_breadth_v1_20120705_20260814::capped_confirmation::csi300::missed_region::csi300_medium_bottom_20150206,limit_up_down_breadth_bottom,bottom,limit_up_down_breadth_v1_20120705_20260814,capped_confirmation,csi300,沪深300,missed_region,False,,,csi300_medium_bottom_20150206,2015-02-06,2015-02-06,2015-02-10,single_lobe,1,,,False,False,,,,,,2012-07-05,2026-08-14,True,True,top_bottom_regions_v2,,,,
limit_up_down_breadth_bottom::bottom::limit_up_down_breadth_v1_20120705_20260814::capped_confirmation::csi300::missed_region::csi300_medium_bottom_20150529,limit_up_down_breadth_bottom,bottom,limit_up_down_breadth_v1_20120705_20260814,capped_confirmation,csi300,沪深300,missed_region,False,,,csi300_medium_bottom_20150529,2015-05-29,2015-05-29,2015-05-29,single_lobe,1,,,False,False,,,,,,2012-07-05,2026-08-14,True,True,top_bottom_regions_v2,,,,
limit_up_down_breadth_bottom::bottom::limit_up_down_breadth_v1_20120705_20260814::capped_confirmation::csi300::missed_region::csi300_medium_bottom_20150623,limit_up_down_breadth_bottom,bottom,limit_up_down_breadth_v1_20120705_20260814,capped_confirmation,csi300,沪深300,missed_region,False,,,csi300_medium_bottom_20150623,2015-06-23,2015-06-23,2015-06-23,single_lobe,1,,,False,False,,,,,,2012-07-05,2026-08-14,True,True,top_bottom_regions_v2,,,,
limit_up_down_breadth_bottom::bottom::limit_up_down_breadth_v1_20120705_20260814::capped_confirmation::csi300::missed_region::csi300_medium_bottom_20150629,limit_up_down_breadth_bottom,bottom,limit_up_down_breadth_v1_20120705_20260814,capped_confirmation,csi300,沪深300,missed_region,False,,,csi300_medium_bottom_20150629,2015-06-29,2015-06-29,2015-06-30,single_lobe,1,,,False,False,,,,,,2012-07-05,2026-08-14,True,True,top_bottom_regions_v2,,,,
limit_up_down_breadth_bottom::bottom::limit_up_down_breadth_v1_20120705_20260814::capped_confirmation::csi300::missed_region::csi300_medium_bottom_20150703,limit_up_down_breadth_bottom,bottom,limit_up_down_breadth_v1_20120705_20260814,capped_confirmation,csi300,沪深300,missed_region,False,,,csi300_medium_bottom_20150703,2015-07-03,2015-07-03,2015-07-03,single_lobe,1,,,False,False,,,,,,2012-07-05,2026-08-14,True,True,top_bottom_regions_v2,,,,
limit_up_down_breadth_bottom::bottom::limit_up_down_breadth_v1_20120705_20260814::capped_confirmation::csi300::missed_region::csi300_medium_bottom_20150709,limit_up_down_breadth_bottom,bottom,limit_up_down_breadth_v1_20120705_20260814,capped_confirmation,csi300,沪深300,missed_region,False,,,csi300_medium_bottom_20150709,2015-07-09,2015-07-09,2015-07-09,single_lobe,1,,,False,False,,,,,,2012-07-05,2026-08-14,True,True,top_bottom_regions_v2,,,,
limit_up_down_breadth_bottom::bottom::limit_up_down_breadth_v1_20120705_20260814::capped_confirmation::csi300::missed_region::csi300_medium_bottom_20150716,limit_up_down_breadth_bottom,bottom,limit_up_down_breadth_v1_20120705_20260814,capped_confirmation,csi300,沪深300,missed_region,False,,,csi300_medium_bottom_20150716,2015-07-16,2015-07-15,2015-07-16,single_lobe,1,,,False,False,,,,,,2012-07-05,2026-08-14,True,True,top_bottom_regions_v2,,,,
limit_up_down_breadth_bottom::bottom::limit_up_down_breadth_v1_20120705_20260814::capped_confirmation::csi300::missed_region::csi300_medium_bottom_20150728,limit_up_down_breadth_bottom,bottom,limit_up_down_breadth_v1_20120705_20260814,capped_confirmation,csi300,沪深300,missed_region,False,,,csi300_medium_bottom_20150728,2015-07-28,2015-07-28,2015-07-28,single_lobe,1,,,False,False,,,,,,2012-07-05,2026-08-14,True,True,top_bottom_regions_v2,,,,
limit_up_down_breadth_bottom::bottom::limit_up_down_breadth_v1_20120705_20260814::capped_confirmation::csi300::missed_region::csi300_medium_bottom_20150826,limit_up_down_breadth_bottom,bottom,limit_up_down_breadth_v1_20120705_20260814,capped_confirmation,csi300,沪深300,missed_region,False,,,csi300_medium_bottom_20150826,2015-08-26,2015-08-26,2015-08-26,single_lobe,1,,,False,False,,,,,,2012-07-05,2026-08-14,True,True,top_bottom_regions_v2,,,,
limit_up_down_breadth_bottom::bottom::limit_up_down_breadth_v1_20120705_20260814::capped_confirmation::csi300::missed_region::csi300_medium_bottom_20151130,limit_up_down_breadth_bottom,bottom,limit_up_down_breadth_v1_20120705_20260814,capped_confirmation,csi300,沪深300,missed_region,False,,,csi300_medium_bottom_20151130,2015-11-30,2015-11-30,2015-11-30,single_lobe,1,,,False,False,,,,,,2012-07-05,2026-08-14,True,True,top_bottom_regions_v2,,,,
limit_up_down_breadth_bottom::bottom::limit_up_down_breadth_v1_20120705_20260814::capped_confirmation::csi300::missed_region::csi300_medium_bottom_20160127,limit_up_down_breadth_bottom,bottom,limit_up_down_breadth_v1_20120705_20260814,capped_confirmation,csi300,沪深300,missed_region,False,,,csi300_medium_bottom_20160127,2016-01-27,2016-01-27,2016-02-01,single_lobe,1,,,False,False,,,,,,2012-07-05,2026-08-14,True,True,top_bottom_regions_v2,,,,
limit_up_down_breadth_bottom::bottom::limit_up_down_breadth_v1_20120705_20260814::capped_confirmation::csi300::missed_region::csi300_medium_bottom_20160229,limit_up_down_breadth_bottom,bottom,limit_up_down_breadth_v1_20120705_20260814,capped_confirmation,csi300,沪深300,missed_region,False,,,csi300_medium_bottom_20160229,2016-02-29,2016-02-29,2016-03-01,single_lobe,1,,,False,False,,,,,,2012-07-05,2026-08-14,True,True,top_bottom_regions_v2,,,,
limit_up_down_breadth_bottom::bottom::limit_up_down_breadth_v1_20120705_20260814::capped_confirmation::csi300::false_alarm::limit_up_down_breadth_bottom::bottom::limit_up_down_breadth_v1_20120705_20260814::000004,limit_up_down_breadth_bottom,bottom,limit_up_down_breadth_v1_20120705_20260814,capped_confirmation,csi300,沪深300,false_alarm,False,limit_up_down_breadth_bottom::bottom::limit_up_down_breadth_v1_20120705_20260814::000004,2017-03-06,,,,,,,,,False,False,,,,,,2012-07-05,2026-08-14,,,,csi300_medium_bottom_20180209,prediction,single_lobe,nearest_region_for_slice_only
limit_up_down_breadth_bottom::bottom::limit_up_down_breadth_v1_20120705_20260814::capped_confirmation::csi300::false_alarm::limit_up_down_breadth_bottom::bottom::limit_up_down_breadth_v1_20120705_20260814::000005,limit_up_down_breadth_bottom,bottom,limit_up_down_breadth_v1_20120705_20260814,capped_confirmation,csi300,沪深300,false_alarm,False,limit_up_down_breadth_bottom::bottom::limit_up_down_breadth_v1_20120705_20260814::000005,2017-04-26,,,,,,,,,False,False,,,,,,2012-07-05,2026-08-14,,,,csi300_medium_bottom_20180209,prediction,single_lobe,nearest_region_for_slice_only
limit_up_down_breadth_bottom::bottom::limit_up_down_breadth_v1_20120705_20260814::capped_confirmation::csi300::false_alarm::limit_up_down_breadth_bottom::bottom::limit_up_down_breadth_v1_20120705_20260814::000006,limit_up_down_breadth_bottom,bottom,limit_up_down_breadth_v1_20120705_20260814,capped_confirmation,csi300,沪深300,false_alarm,False,limit_up_down_breadth_bottom::bottom::limit_up_down_breadth_v1_20120705_20260814::000006,2017-06-30,,,,,,,,,False,False,,,,,,2012-07-05,2026-08-14,,,,csi300_medium_bottom_20180209,prediction,single_lobe,nearest_region_for_slice_only
limit_up_down_breadth_bottom::bottom::limit_up_down_breadth_v1_20120705_20260814::capped_confirmation::csi300::false_alarm::limit_up_down_breadth_bottom::bottom::limit_up_down_breadth_v1_20120705_20260814::000007,limit_up_down_breadth_bottom,bottom,limit_up_down_breadth_v1_20120705_20260814,capped_confirmation,csi300,沪深300,false_alarm,False,limit_up_down_breadth_bottom::bottom::limit_up_down_breadth_v1_20120705_20260814::000007,2017-11-07,,,,,,,,,False,False,,,,,,2012-07-05,2026-08-14,,,,csi300_medium_bottom_20180209,prediction,single_lobe,nearest_region_for_slice_only
limit_up_down_breadth_bottom::bottom::limit_up_down_breadth_v1_20120705_20260814::capped_confirmation::csi300::missed_region::csi300_medium_bottom_20180209,limit_up_down_breadth_bottom,bottom,limit_up_down_breadth_v1_20120705_20260814,capped_confirmation,csi300,沪深300,missed_region,False,,,csi300_medium_bottom_20180209,2018-02-09,2018-02-09,2018-02-09,single_lobe,1,,,False,False,,,,,,2012-07-05,2026-08-14,True,True,top_bottom_regions_v2,,,,
limit_up_down_breadth_bottom::bottom::limit_up_down_breadth_v1_20120705_20260814::capped_confirmation::csi300::matched::limit_up_down_breadth_bottom::bottom::limit_up_down_breadth_v1_20120705_20260814::000008,limit_up_down_breadth_bottom,bottom,limit_up_down_breadth_v1_20120705_20260814,capped_confirmation,csi300,沪深300,matched,True,limit_up_down_breadth_bottom::bottom::limit_up_down_breadth_v1_20120705_20260814::000008,2018-06-11,csi300_medium_bottom_20180706,2018-07-06,2018-07-03,2018-07-06,multi_lobe,2,,prediction_window,False,False,prediction,-18,18,20,limit_up_down_breadth_bottom::bottom::limit_up_down_breadth_v1_20120705_20260814::000008,2012-07-05,2026-08-14,True,True,top_bottom_regions_v2,csi300_medium_bottom_20180706,prediction,multi_lobe,primary_match
limit_up_down_breadth_bottom::bottom::limit_up_down_breadth_v1_20120705_20260814::capped_confirmation::csi300::missed_region::csi300_medium_bottom_20181019,limit_up_down_breadth_bottom,bottom,limit_up_down_breadth_v1_20120705_20260814,capped_confirmation,csi300,沪深300,missed_region,False,,,csi300_medium_bottom_20181019,2018-10-19,2018-10-17,2018-10-19,single_lobe,1,,,False,False,,,,,,2012-07-05,2026-08-14,True,True,top_bottom_regions_v2,,,,
limit_up_down_breadth_bottom::bottom::limit_up_down_breadth_v1_20120705_20260814::capped_confirmation::csi300::missed_region::csi300_medium_bottom_20190104,limit_up_down_breadth_bottom,bottom,limit_up_down_breadth_v1_20120705_20260814,capped_confirmation,csi300,沪深300,missed_region,False,,,csi300_medium_bottom_20190104,2019-01-04,2018-12-25,2019-01-04,multi_lobe,2,,,False,False,,,,,,2012-07-05,2026-08-14,True,True,top_bottom_regions_v2,,,,
limit_up_down_breadth_bottom::bottom::limit_up_down_breadth_v1_20120705_20260814::capped_confirmation::csi300::matched::limit_up_down_breadth_bottom::bottom::limit_up_down_breadth_v1_20120705_20260814::000009,limit_up_down_breadth_bottom,bottom,limit_up_down_breadth_v1_20120705_20260814,capped_confirmation,csi300,沪深300,matched,True,limit_up_down_breadth_bottom::bottom::limit_up_down_breadth_v1_20120705_20260814::000009,2019-06-17,csi300_medium_bottom_20190527,2019-05-27,2019-05-20,2019-06-11,multi_lobe,4,,confirmation_window,False,False,confirmation,14,14,20,limit_up_down_breadth_bottom::bottom::limit_up_down_breadth_v1_20120705_20260814::000009,2012-07-05,2026-08-14,True,True,top_bottom_regions_v2,csi300_medium_bottom_20190527,confirmation,multi_lobe,primary_match
limit_up_down_breadth_bottom::bottom::limit_up_down_breadth_v1_20120705_20260814::capped_confirmation::csi300::missed_region::csi300_medium_bottom_20190806,limit_up_down_breadth_bottom,bottom,limit_up_down_breadth_v1_20120705_20260814,capped_confirmation,csi300,沪深300,missed_region,False,,,csi300_medium_bottom_20190806,2019-08-06,2019-08-06,2019-08-15,multi_lobe,3,,,False,False,,,,,,2012-07-05,2026-08-14,True,True,top_bottom_regions_v2,,,,
limit_up_down_breadth_bottom::bottom::limit_up_down_breadth_v1_20120705_20260814::capped_confirmation::csi300::false_alarm::limit_up_down_breadth_bottom::bottom::limit_up_down_breadth_v1_20120705_20260814::000010,limit_up_down_breadth_bottom,bottom,limit_up_down_breadth_v1_20120705_20260814,capped_confirmation,csi300,沪深300,false_alarm,False,limit_up_down_breadth_bottom::bottom::limit_up_down_breadth_v1_20120705_20260814::000010,2019-11-07,,,,,,,,,False,False,,,,,,2012-07-05,2026-08-14,,,,csi300_medium_bottom_20200203,prediction,single_lobe,nearest_region_for_slice_only
limit_up_down_breadth_bottom::bottom::limit_up_down_breadth_v1_20120705_20260814::capped_confirmation::csi300::missed_region::csi300_medium_bottom_20200203,limit_up_down_breadth_bottom,bottom,limit_up_down_breadth_v1_20120705_20260814,capped_confirmation,csi300,沪深300,missed_region,False,,,csi300_medium_bottom_20200203,2020-02-03,2020-02-03,2020-02-04,single_lobe,1,,,False,False,,,,,,2012-07-05,2026-08-14,True,True,top_bottom_regions_v2,,,,
limit_up_down_breadth_bottom::bottom::limit_up_down_breadth_v1_20120705_20260814::capped_confirmation::csi300::missed_region::csi300_medium_bottom_20200319,limit_up_down_breadth_bottom,bottom,limit_up_down_breadth_v1_20120705_20260814,capped_confirmation,csi300,沪深300,missed_region,False,,,csi300_medium_bottom_20200319,2020-03-19,2020-03-19,2020-03-24,multi_lobe,2,,,False,False,,,,,,2012-07-05,2026-08-14,True,True,top_bottom_regions_v2,,,,
limit_up_down_breadth_bottom::bottom::limit_up_down_breadth_v1_20120705_20260814::capped_confirmation::csi300::false_alarm::limit_up_down_breadth_bottom::bottom::limit_up_down_breadth_v1_20120705_20260814::000011,limit_up_down_breadth_bottom,bottom,limit_up_down_breadth_v1_20120705_20260814,capped_confirmation,csi300,沪深300,false_alarm,False,limit_up_down_breadth_bottom::bottom::limit_up_down_breadth_v1_20120705_20260814::000011,2020-09-18,,,,,,,,,False,False,,,,,,2012-07-05,2026-08-14,,,,csi300_medium_bottom_20200319,confirmation,multi_lobe,nearest_region_for_slice_only
limit_up_down_breadth_bottom::bottom::limit_up_down_breadth_v1_20120705_20260814::capped_confirmation::csi300::false_alarm::limit_up_down_breadth_bottom::bottom::limit_up_down_breadth_v1_20120705_20260814::000012,limit_up_down_breadth_bottom,bottom,limit_up_down_breadth_v1_20120705_20260814,capped_confirmation,csi300,沪深300,false_alarm,False,limit_up_down_breadth_bottom::bottom::limit_up_down_breadth_v1_20120705_20260814::000012,2020-10-30,,,,,,,,,False,False,,,,,,2012-07-05,2026-08-14,,,,csi300_medium_bottom_20210325,prediction,multi_lobe,nearest_region_for_slice_only
limit_up_down_breadth_bottom::bottom::limit_up_down_breadth_v1_20120705_20260814::capped_confirmation::csi300::false_alarm::limit_up_down_breadth_bottom::bottom::limit_up_down_breadth_v1_20120705_20260814::000013,limit_up_down_breadth_bottom,bottom,limit_up_down_breadth_v1_20120705_20260814,capped_confirmation,csi300,沪深300,false_alarm,False,limit_up_down_breadth_bottom::bottom::limit_up_down_breadth_v1_20120705_20260814::000013,2020-11-09,,,,,,,,,False,False,,,,,,2012-07-05,2026-08-14,,,,csi300_medium_bottom_20210325,prediction,multi_lobe,nearest_region_for_slice_only
limit_up_down_breadth_bottom::bottom::limit_up_down_breadth_v1_20120705_20260814::capped_confirmation::csi300::missed_region::csi300_medium_bottom_20210325,limit_up_down_breadth_bottom,bottom,limit_up_down_breadth_v1_20120705_20260814,capped_confirmation,csi300,沪深300,missed_region,False,,,csi300_medium_bottom_20210325,2021-03-25,2021-03-09,2021-04-19,multi_lobe,3,,,False,False,,,,,,2012-07-05,2026-08-14,True,True,top_bottom_regions_v2,,,,
limit_up_down_breadth_bottom::bottom::limit_up_down_breadth_v1_20120705_20260814::capped_confirmation::csi300::missed_region::csi300_medium_bottom_20210728,limit_up_down_breadth_bottom,bottom,limit_up_down_breadth_v1_20120705_20260814,capped_confirmation,csi300,沪深300,missed_region,False,,,csi300_medium_bottom_20210728,2021-07-28,2021-07-28,2021-07-28,single_lobe,1,,,False,False,,,,,,2012-07-05,2026-08-14,True,True,top_bottom_regions_v2,,,,
limit_up_down_breadth_bottom::bottom::limit_up_down_breadth_v1_20120705_20260814::capped_confirmation::csi300::false_alarm::limit_up_down_breadth_bottom::bottom::limit_up_down_breadth_v1_20120705_20260814::000014,limit_up_down_breadth_bottom,bottom,limit_up_down_breadth_v1_20120705_20260814,capped_confirmation,csi300,沪深300,false_alarm,False,limit_up_down_breadth_bottom::bottom::limit_up_down_breadth_v1_20120705_20260814::000014,2022-02-07,,,,,,,,,False,False,,,,,,2012-07-05,2026-08-14,,,,csi300_medium_bottom_20220316,prediction,single_lobe,nearest_region_for_slice_only
limit_up_down_breadth_bottom::bottom::limit_up_down_breadth_v1_20120705_20260814::capped_confirmation::csi300::missed_region::csi300_medium_bottom_20220316,limit_up_down_breadth_bottom,bottom,limit_up_down_breadth_v1_20120705_20260814,capped_confirmation,csi300,沪深300,missed_region,False,,,csi300_medium_bottom_20220316,2022-03-16,2022-03-15,2022-03-16,single_lobe,1,,,False,False,,,,,,2012-07-05,2026-08-14,True,True,top_bottom_regions_v2,,,,
limit_up_down_breadth_bottom::bottom::limit_up_down_breadth_v1_20120705_20260814::capped_confirmation::csi300::duplicate_alarm::limit_up_down_breadth_bottom::bottom::limit_up_down_breadth_v1_20120705_20260814::000015,limit_up_down_breadth_bottom,bottom,limit_up_down_breadth_v1_20120705_20260814,capped_confirmation,csi300,沪深300,duplicate_alarm,False,limit_up_down_breadth_bottom::bottom::limit_up_down_breadth_v1_20120705_20260814::000015,2022-04-19,csi300_medium_bottom_20220427,2022-04-27,2022-04-25,2022-05-10,multi_lobe,2,,prediction_window,False,False,prediction,-6,6,10,limit_up_down_breadth_bottom::bottom::limit_up_down_breadth_v1_20120705_20260814::000016,2012-07-05,2026-08-14,True,True,top_bottom_regions_v2,csi300_medium_bottom_20220427,prediction,multi_lobe,duplicate_candidate
limit_up_down_breadth_bottom::bottom::limit_up_down_breadth_v1_20120705_20260814::capped_confirmation::csi300::matched::limit_up_down_breadth_bottom::bottom::limit_up_down_breadth_v1_20120705_20260814::000016,limit_up_down_breadth_bottom,bottom,limit_up_down_breadth_v1_20120705_20260814,capped_confirmation,csi300,沪深300,matched,True,limit_up_down_breadth_bottom::bottom::limit_up_down_breadth_v1_20120705_20260814::000016,2022-04-29,csi300_medium_bottom_20220427,2022-04-27,2022-04-25,2022-05-10,multi_lobe,2,,envelope,False,True,confirmation,2,2,5,limit_up_down_breadth_bottom::bottom::limit_up_down_breadth_v1_20120705_20260814::000016,2012-07-05,2026-08-14,True,True,top_bottom_regions_v2,csi300_medium_bottom_20220427,confirmation,multi_lobe,primary_match
limit_up_down_breadth_bottom::bottom::limit_up_down_breadth_v1_20120705_20260814::capped_confirmation::csi300::false_alarm::limit_up_down_breadth_bottom::bottom::limit_up_down_breadth_v1_20120705_20260814::000017,limit_up_down_breadth_bottom,bottom,limit_up_down_breadth_v1_20120705_20260814,capped_confirmation,csi300,沪深300,false_alarm,False,limit_up_down_breadth_bottom::bottom::limit_up_down_breadth_v1_20120705_20260814::000017,2022-09-23,,,,,,,,,False,False,,,,,,2012-07-05,2026-08-14,,,,csi300_medium_bottom_20221031,prediction,single_lobe,nearest_region_for_slice_only
limit_up_down_breadth_bottom::bottom::limit_up_down_breadth_v1_20120705_20260814::capped_confirmation::csi300::missed_region::csi300_medium_bottom_20221031,limit_up_down_breadth_bottom,bottom,limit_up_down_breadth_v1_20120705_20260814,capped_confirmation,csi300,沪深300,missed_region,False,,,csi300_medium_bottom_20221031,2022-10-31,2022-10-28,2022-11-01,single_lobe,1,,,False,False,,,,,,2012-07-05,2026-08-14,True,True,top_bottom_regions_v2,,,,
limit_up_down_breadth_bottom::bottom::limit_up_down_breadth_v1_20120705_20260814::capped_confirmation::csi300::false_alarm::limit_up_down_breadth_bottom::bottom::limit_up_down_breadth_v1_20120705_20260814::000018,limit_up_down_breadth_bottom,bottom,limit_up_down_breadth_v1_20120705_20260814,capped_confirmation,csi300,沪深300,false_alarm,False,limit_up_down_breadth_bottom::bottom::limit_up_down_breadth_v1_20120705_20260814::000018,2023-03-14,,,,,,,,,False,False,,,,,,2012-07-05,2026-08-14,,,,csi300_medium_bottom_20221031,confirmation,single_lobe,nearest_region_for_slice_only
limit_up_down_breadth_bottom::bottom::limit_up_down_breadth_v1_20120705_20260814::capped_confirmation::csi300::false_alarm::limit_up_down_breadth_bottom::bottom::limit_up_down_breadth_v1_20120705_20260814::000019,limit_up_down_breadth_bottom,bottom,limit_up_down_breadth_v1_20120705_20260814,capped_confirmation,csi300,沪深300,false_alarm,False,limit_up_down_breadth_bottom::bottom::limit_up_down_breadth_v1_20120705_20260814::000019,2023-04-03,,,,,,,,,False,False,,,,,,2012-07-05,2026-08-14,,,,csi300_medium_bottom_20221031,confirmation,single_lobe,nearest_region_for_slice_only
limit_up_down_breadth_bottom::bottom::limit_up_down_breadth_v1_20120705_20260814::capped_confirmation::csi300::false_alarm::limit_up_down_breadth_bottom::bottom::limit_up_down_breadth_v1_20120705_20260814::000020,limit_up_down_breadth_bottom,bottom,limit_up_down_breadth_v1_20120705_20260814,capped_confirmation,csi300,沪深300,false_alarm,False,limit_up_down_breadth_bottom::bottom::limit_up_down_breadth_v1_20120705_20260814::000020,2023-05-10,,,,,,,,,False,False,,,,,,2012-07-05,2026-08-14,,,,csi300_medium_bottom_20221031,confirmation,single_lobe,nearest_region_for_slice_only
limit_up_down_breadth_bottom::bottom::limit_up_down_breadth_v1_20120705_20260814::capped_confirmation::csi300::false_alarm::limit_up_down_breadth_bottom::bottom::limit_up_down_breadth_v1_20120705_20260814::000021,limit_up_down_breadth_bottom,bottom,limit_up_down_breadth_v1_20120705_20260814,capped_confirmation,csi300,沪深300,false_alarm,False,limit_up_down_breadth_bottom::bottom::limit_up_down_breadth_v1_20120705_20260814::000021,2023-05-24,,,,,,,,,False,False,,,,,,2012-07-05,2026-08-14,,,,csi300_medium_bottom_20221031,confirmation,single_lobe,nearest_region_for_slice_only
limit_up_down_breadth_bottom::bottom::limit_up_down_breadth_v1_20120705_20260814::capped_confirmation::csi300::missed_region::csi300_medium_bottom_20240202,limit_up_down_breadth_bottom,bottom,limit_up_down_breadth_v1_20120705_20260814,capped_confirmation,csi300,沪深300,missed_region,False,,,csi300_medium_bottom_20240202,2024-02-02,2024-02-02,2024-02-05,single_lobe,1,,,False,False,,,,,,2012-07-05,2026-08-14,True,True,top_bottom_regions_v2,,,,
limit_up_down_breadth_bottom::bottom::limit_up_down_breadth_v1_20120705_20260814::capped_confirmation::csi300::false_alarm::limit_up_down_breadth_bottom::bottom::limit_up_down_breadth_v1_20120705_20260814::000022,limit_up_down_breadth_bottom,bottom,limit_up_down_breadth_v1_20120705_20260814,capped_confirmation,csi300,沪深300,false_alarm,False,limit_up_down_breadth_bottom::bottom::limit_up_down_breadth_v1_20120705_20260814::000022,2024-06-12,,,,,,,,,False,False,,,,,,2012-07-05,2026-08-14,,,,csi300_medium_bottom_20240918,prediction,single_lobe,nearest_region_for_slice_only
limit_up_down_breadth_bottom::bottom::limit_up_down_breadth_v1_20120705_20260814::capped_confirmation::csi300::missed_region::csi300_medium_bottom_20240918,limit_up_down_breadth_bottom,bottom,limit_up_down_breadth_v1_20120705_20260814,capped_confirmation,csi300,沪深300,missed_region,False,,,csi300_medium_bottom_20240918,2024-09-18,2024-09-09,2024-09-23,single_lobe,1,,,False,False,,,,,,2012-07-05,2026-08-14,True,True,top_bottom_regions_v2,,,,
limit_up_down_breadth_bottom::bottom::limit_up_down_breadth_v1_20120705_20260814::capped_confirmation::csi300::missed_region::csi300_medium_bottom_20241018,limit_up_down_breadth_bottom,bottom,limit_up_down_breadth_v1_20120705_20260814,capped_confirmation,csi300,沪深300,missed_region,False,,,csi300_medium_bottom_20241018,2024-10-18,2024-10-16,2024-10-18,single_lobe,1,,,False,False,,,,,,2012-07-05,2026-08-14,True,True,top_bottom_regions_v2,,,,
limit_up_down_breadth_bottom::bottom::limit_up_down_breadth_v1_20120705_20260814::capped_confirmation::csi300::missed_region::csi300_medium_bottom_20250407,limit_up_down_breadth_bottom,bottom,limit_up_down_breadth_v1_20120705_20260814,capped_confirmation,csi300,沪深300,missed_region,False,,,csi300_medium_bottom_20250407,2025-04-07,2025-04-07,2025-04-07,single_lobe,1,,,False,False,,,,,,2012-07-05,2026-08-14,True,True,top_bottom_regions_v2,,,,
limit_up_down_breadth_bottom::bottom::limit_up_down_breadth_v1_20120705_20260814::capped_confirmation::csi300::missed_region::csi300_medium_bottom_20260324,limit_up_down_breadth_bottom,bottom,limit_up_down_breadth_v1_20120705_20260814,capped_confirmation,csi300,沪深300,missed_region,False,,,csi300_medium_bottom_20260324,2026-03-24,2026-03-23,2026-04-07,multi_lobe,3,,,False,False,,,,,,2012-07-05,2026-08-14,True,True,top_bottom_regions_v2,,,,
limit_up_down_breadth_bottom::bottom::limit_up_down_breadth_v1_20120705_20260814::capped_confirmation::csi300::false_alarm::limit_up_down_breadth_bottom::bottom::limit_up_down_breadth_v1_20120705_20260814::000023,limit_up_down_breadth_bottom,bottom,limit_up_down_breadth_v1_20120705_20260814,capped_confirmation,csi300,沪深300,false_alarm,False,limit_up_down_breadth_bottom::bottom::limit_up_down_breadth_v1_20120705_20260814::000023,2026-07-16,,,,,,,,,False,False,,,,,,2012-07-05,2026-08-14,,,,csi300_medium_bottom_20260324,confirmation,multi_lobe,nearest_region_for_slice_only
limit_up_down_breadth_bottom::bottom::limit_up_down_breadth_v1_20120705_20260814::capped_confirmation::csi500::missed_region::csi500_medium_bottom_20121204,limit_up_down_breadth_bottom,bottom,limit_up_down_breadth_v1_20120705_20260814,capped_confirmation,csi500,中证500,missed_region,False,,,csi500_medium_bottom_20121204,2012-12-04,2012-12-03,2012-12-04,single_lobe,1,,,False,False,,,,,,2012-07-05,2026-08-14,True,True,top_bottom_regions_v2,,,,
limit_up_down_breadth_bottom::bottom::limit_up_down_breadth_v1_20120705_20260814::capped_confirmation::csi500::matched::limit_up_down_breadth_bottom::bottom::limit_up_down_breadth_v1_20120705_20260814::000001,limit_up_down_breadth_bottom,bottom,limit_up_down_breadth_v1_20120705_20260814,capped_confirmation,csi500,中证500,matched,True,limit_up_down_breadth_bottom::bottom::limit_up_down_breadth_v1_20120705_20260814::000001,2013-06-28,csi500_medium_bottom_20130625,2013-06-25,2013-06-25,2013-06-25,single_lobe,1,,confirmation_window,False,False,confirmation,3,3,5,limit_up_down_breadth_bottom::bottom::limit_up_down_breadth_v1_20120705_20260814::000001,2012-07-05,2026-08-14,True,True,top_bottom_regions_v2,csi500_medium_bottom_20130625,confirmation,single_lobe,primary_match
limit_up_down_breadth_bottom::bottom::limit_up_down_breadth_v1_20120705_20260814::capped_confirmation::csi500::missed_region::csi500_medium_bottom_20131114,limit_up_down_breadth_bottom,bottom,limit_up_down_breadth_v1_20120705_20260814,capped_confirmation,csi500,中证500,missed_region,False,,,csi500_medium_bottom_20131114,2013-11-14,2013-11-08,2013-11-14,single_lobe,1,,,False,False,,,,,,2012-07-05,2026-08-14,True,True,top_bottom_regions_v2,,,,
limit_up_down_breadth_bottom::bottom::limit_up_down_breadth_v1_20120705_20260814::capped_confirmation::csi500::false_alarm::limit_up_down_breadth_bottom::bottom::limit_up_down_breadth_v1_20120705_20260814::000002,limit_up_down_breadth_bottom,bottom,limit_up_down_breadth_v1_20120705_20260814,capped_confirmation,csi500,中证500,false_alarm,False,limit_up_down_breadth_bottom::bottom::limit_up_down_breadth_v1_20120705_20260814::000002,2014-01-14,,,,,,,,,False,False,,,,,,2012-07-05,2026-08-14,,,,csi500_medium_bottom_20131114,confirmation,single_lobe,nearest_region_for_slice_only
limit_up_down_breadth_bottom::bottom::limit_up_down_breadth_v1_20120705_20260814::capped_confirmation::csi500::matched::limit_up_down_breadth_bottom::bottom::limit_up_down_breadth_v1_20120705_20260814::000003,limit_up_down_breadth_bottom,bottom,limit_up_down_breadth_v1_20120705_20260814,capped_confirmation,csi500,中证500,matched,True,limit_up_down_breadth_bottom::bottom::limit_up_down_breadth_v1_20120705_20260814::000003,2014-05-08,csi500_medium_bottom_20140429,2014-04-29,2014-04-28,2014-05-23,multi_lobe,3,csi500_medium_bottom_20140429_lobe_02,core_lobe,True,True,confirmation,5,5,5,limit_up_down_breadth_bottom::bottom::limit_up_down_breadth_v1_20120705_20260814::000003,2012-07-05,2026-08-14,True,True,top_bottom_regions_v2,csi500_medium_bottom_20140429,confirmation,multi_lobe,primary_match
limit_up_down_breadth_bottom::bottom::limit_up_down_breadth_v1_20120705_20260814::capped_confirmation::csi500::missed_region::csi500_medium_bottom_20150529,limit_up_down_breadth_bottom,bottom,limit_up_down_breadth_v1_20120705_20260814,capped_confirmation,csi500,中证500,missed_region,False,,,csi500_medium_bottom_20150529,2015-05-29,2015-05-29,2015-05-29,single_lobe,1,,,False,False,,,,,,2012-07-05,2026-08-14,True,True,top_bottom_regions_v2,,,,
limit_up_down_breadth_bottom::bottom::limit_up_down_breadth_v1_20120705_20260814::capped_confirmation::csi500::missed_region::csi500_medium_bottom_20150630,limit_up_down_breadth_bottom,bottom,limit_up_down_breadth_v1_20120705_20260814,capped_confirmation,csi500,中证500,missed_region,False,,,csi500_medium_bottom_20150630,2015-06-30,2015-06-30,2015-06-30,single_lobe,1,,,False,False,,,,,,2012-07-05,2026-08-14,True,True,top_bottom_regions_v2,,,,
limit_up_down_breadth_bottom::bottom::limit_up_down_breadth_v1_20120705_20260814::capped_confirmation::csi500::missed_region::csi500_medium_bottom_20150708,limit_up_down_breadth_bottom,bottom,limit_up_down_breadth_v1_20120705_20260814,capped_confirmation,csi500,中证500,missed_region,False,,,csi500_medium_bottom_20150708,2015-07-08,2015-07-08,2015-07-09,single_lobe,1,,,False,False,,,,,,2012-07-05,2026-08-14,True,True,top_bottom_regions_v2,,,,
limit_up_down_breadth_bottom::bottom::limit_up_down_breadth_v1_20120705_20260814::capped_confirmation::csi500::missed_region::csi500_medium_bottom_20150716,limit_up_down_breadth_bottom,bottom,limit_up_down_breadth_v1_20120705_20260814,capped_confirmation,csi500,中证500,missed_region,False,,,csi500_medium_bottom_20150716,2015-07-16,2015-07-16,2015-07-16,single_lobe,1,,,False,False,,,,,,2012-07-05,2026-08-14,True,True,top_bottom_regions_v2,,,,
limit_up_down_breadth_bottom::bottom::limit_up_down_breadth_v1_20120705_20260814::capped_confirmation::csi500::missed_region::csi500_medium_bottom_20150728,limit_up_down_breadth_bottom,bottom,limit_up_down_breadth_v1_20120705_20260814,capped_confirmation,csi500,中证500,missed_region,False,,,csi500_medium_bottom_20150728,2015-07-28,2015-07-28,2015-08-03,multi_lobe,2,,,False,False,,,,,,2012-07-05,2026-08-14,True,True,top_bottom_regions_v2,,,,
limit_up_down_breadth_bottom::bottom::limit_up_down_breadth_v1_20120705_20260814::capped_confirmation::csi500::missed_region::csi500_medium_bottom_20150827,limit_up_down_breadth_bottom,bottom,limit_up_down_breadth_v1_20120705_20260814,capped_confirmation,csi500,中证500,missed_region,False,,,csi500_medium_bottom_20150827,2015-08-27,2015-08-26,2015-08-27,single_lobe,1,,,False,False,,,,,,2012-07-05,2026-08-14,True,True,top_bottom_regions_v2,,,,
limit_up_down_breadth_bottom::bottom::limit_up_down_breadth_v1_20120705_20260814::capped_confirmation::csi500::missed_region::csi500_medium_bottom_20150902,limit_up_down_breadth_bottom,bottom,limit_up_down_breadth_v1_20120705_20260814,capped_confirmation,csi500,中证500,missed_region,False,,,csi500_medium_bottom_20150902,2015-09-02,2015-09-02,2015-09-02,single_lobe,1,,,False,False,,,,,,2012-07-05,2026-08-14,True,True,top_bottom_regions_v2,,,,
limit_up_down_breadth_bottom::bottom::limit_up_down_breadth_v1_20120705_20260814::capped_confirmation::csi500::missed_region::csi500_medium_bottom_20150915,limit_up_down_breadth_bottom,bottom,limit_up_down_breadth_v1_20120705_20260814,capped_confirmation,csi500,中证500,missed_region,False,,,csi500_medium_bottom_20150915,2015-09-15,2015-09-15,2015-09-16,single_lobe,1,,,False,False,,,,,,2012-07-05,2026-08-14,True,True,top_bottom_regions_v2,,,,
limit_up_down_breadth_bottom::bottom::limit_up_down_breadth_v1_20120705_20260814::capped_confirmation::csi500::missed_region::csi500_medium_bottom_20151130,limit_up_down_breadth_bottom,bottom,limit_up_down_breadth_v1_20120705_20260814,capped_confirmation,csi500,中证500,missed_region,False,,,csi500_medium_bottom_20151130,2015-11-30,2015-11-30,2015-11-30,single_lobe,1,,,False,False,,,,,,2012-07-05,2026-08-14,True,True,top_bottom_regions_v2,,,,
limit_up_down_breadth_bottom::bottom::limit_up_down_breadth_v1_20120705_20260814::capped_confirmation::csi500::missed_region::csi500_medium_bottom_20160127,limit_up_down_breadth_bottom,bottom,limit_up_down_breadth_v1_20120705_20260814,capped_confirmation,csi500,中证500,missed_region,False,,,csi500_medium_bottom_20160127,2016-01-27,2016-01-27,2016-02-01,single_lobe,1,,,False,False,,,,,,2012-07-05,2026-08-14,True,True,top_bottom_regions_v2,,,,
limit_up_down_breadth_bottom::bottom::limit_up_down_breadth_v1_20120705_20260814::capped_confirmation::csi500::missed_region::csi500_medium_bottom_20160229,limit_up_down_breadth_bottom,bottom,limit_up_down_breadth_v1_20120705_20260814,capped_confirmation,csi500,中证500,missed_region,False,,,csi500_medium_bottom_20160229,2016-02-29,2016-02-29,2016-03-01,single_lobe,1,,,False,False,,,,,,2012-07-05,2026-08-14,True,True,top_bottom_regions_v2,,,,
limit_up_down_breadth_bottom::bottom::limit_up_down_breadth_v1_20120705_20260814::capped_confirmation::csi500::missed_region::csi500_medium_bottom_20160512,limit_up_down_breadth_bottom,bottom,limit_up_down_breadth_v1_20120705_20260814,capped_confirmation,csi500,中证500,missed_region,False,,,csi500_medium_bottom_20160512,2016-05-12,2016-05-12,2016-05-30,multi_lobe,5,,,False,False,,,,,,2012-07-05,2026-08-14,True,True,top_bottom_regions_v2,,,,
limit_up_down_breadth_bottom::bottom::limit_up_down_breadth_v1_20120705_20260814::capped_confirmation::csi500::missed_region::csi500_medium_bottom_20170116,limit_up_down_breadth_bottom,bottom,limit_up_down_breadth_v1_20120705_20260814,capped_confirmation,csi500,中证500,missed_region,False,,,csi500_medium_bottom_20170116,2017-01-16,2017-01-16,2017-01-17,single_lobe,1,,,False,False,,,,,,2012-07-05,2026-08-14,True,True,top_bottom_regions_v2,,,,
limit_up_down_breadth_bottom::bottom::limit_up_down_breadth_v1_20120705_20260814::capped_confirmation::csi500::false_alarm::limit_up_down_breadth_bottom::bottom::limit_up_down_breadth_v1_20120705_20260814::000004,limit_up_down_breadth_bottom,bottom,limit_up_down_breadth_v1_20120705_20260814,capped_confirmation,csi500,中证500,false_alarm,False,limit_up_down_breadth_bottom::bottom::limit_up_down_breadth_v1_20120705_20260814::000004,2017-03-06,,,,,,,,,False,False,,,,,,2012-07-05,2026-08-14,,,,csi500_medium_bottom_20170116,confirmation,single_lobe,nearest_region_for_slice_only
limit_up_down_breadth_bottom::bottom::limit_up_down_breadth_v1_20120705_20260814::capped_confirmation::csi500::false_alarm::limit_up_down_breadth_bottom::bottom::limit_up_down_breadth_v1_20120705_20260814::000005,limit_up_down_breadth_bottom,bottom,limit_up_down_breadth_v1_20120705_20260814,capped_confirmation,csi500,中证500,false_alarm,False,limit_up_down_breadth_bottom::bottom::limit_up_down_breadth_v1_20120705_20260814::000005,2017-04-26,,,,,,,,,False,False,,,,,,2012-07-05,2026-08-14,,,,csi500_medium_bottom_20170602,prediction,multi_lobe,nearest_region_for_slice_only
limit_up_down_breadth_bottom::bottom::limit_up_down_breadth_v1_20120705_20260814::capped_confirmation::csi500::matched::limit_up_down_breadth_bottom::bottom::limit_up_down_breadth_v1_20120705_20260814::000006,limit_up_down_breadth_bottom,bottom,limit_up_down_breadth_v1_20120705_20260814,capped_confirmation,csi500,中证500,matched,True,limit_up_down_breadth_bottom::bottom::limit_up_down_breadth_v1_20120705_20260814::000006,2017-06-30,csi500_medium_bottom_20170602,2017-06-02,2017-05-11,2017-06-02,multi_lobe,3,,confirmation_window,False,False,confirmation,20,20,20,limit_up_down_breadth_bottom::bottom::limit_up_down_breadth_v1_20120705_20260814::000006,2012-07-05,2026-08-14,True,True,top_bottom_regions_v2,csi500_medium_bottom_20170602,confirmation,multi_lobe,primary_match
limit_up_down_breadth_bottom::bottom::limit_up_down_breadth_v1_20120705_20260814::capped_confirmation::csi500::false_alarm::limit_up_down_breadth_bottom::bottom::limit_up_down_breadth_v1_20120705_20260814::000007,limit_up_down_breadth_bottom,bottom,limit_up_down_breadth_v1_20120705_20260814,capped_confirmation,csi500,中证500,false_alarm,False,limit_up_down_breadth_bottom::bottom::limit_up_down_breadth_v1_20120705_20260814::000007,2017-11-07,,,,,,,,,False,False,,,,,,2012-07-05,2026-08-14,,,,csi500_medium_bottom_20180209,prediction,single_lobe,nearest_region_for_slice_only
limit_up_down_breadth_bottom::bottom::limit_up_down_breadth_v1_20120705_20260814::capped_confirmation::csi500::missed_region::csi500_medium_bottom_20180209,limit_up_down_breadth_bottom,bottom,limit_up_down_breadth_v1_20120705_20260814,capped_confirmation,csi500,中证500,missed_region,False,,,csi500_medium_bottom_20180209,2018-02-09,2018-02-09,2018-02-12,single_lobe,1,,,False,False,,,,,,2012-07-05,2026-08-14,True,True,top_bottom_regions_v2,,,,
limit_up_down_breadth_bottom::bottom::limit_up_down_breadth_v1_20120705_20260814::capped_confirmation::csi500::false_alarm::limit_up_down_breadth_bottom::bottom::limit_up_down_breadth_v1_20120705_20260814::000008,limit_up_down_breadth_bottom,bottom,limit_up_down_breadth_v1_20120705_20260814,capped_confirmation,csi500,中证500,false_alarm,False,limit_up_down_breadth_bottom::bottom::limit_up_down_breadth_v1_20120705_20260814::000008,2018-06-11,,,,,,,,,False,False,,,,,,2012-07-05,2026-08-14,,,,csi500_medium_bottom_20180209,confirmation,single_lobe,nearest_region_for_slice_only
limit_up_down_breadth_bottom::bottom::limit_up_down_breadth_v1_20120705_20260814::capped_confirmation::csi500::missed_region::csi500_medium_bottom_20181019,limit_up_down_breadth_bottom,bottom,limit_up_down_breadth_v1_20120705_20260814,capped_confirmation,csi500,中证500,missed_region,False,,,csi500_medium_bottom_20181019,2018-10-19,2018-10-18,2018-10-19,single_lobe,1,,,False,False,,,,,,2012-07-05,2026-08-14,True,True,top_bottom_regions_v2,,,,
limit_up_down_breadth_bottom::bottom::limit_up_down_breadth_v1_20120705_20260814::capped_confirmation::csi500::missed_region::csi500_medium_bottom_20190104,limit_up_down_breadth_bottom,bottom,limit_up_down_breadth_v1_20120705_20260814,capped_confirmation,csi500,中证500,missed_region,False,,,csi500_medium_bottom_20190104,2019-01-04,2018-12-25,2019-01-04,multi_lobe,2,,,False,False,,,,,,2012-07-05,2026-08-14,True,True,top_bottom_regions_v2,,,,
limit_up_down_breadth_bottom::bottom::limit_up_down_breadth_v1_20120705_20260814::capped_confirmation::csi500::false_alarm::limit_up_down_breadth_bottom::bottom::limit_up_down_breadth_v1_20120705_20260814::000009,limit_up_down_breadth_bottom,bottom,limit_up_down_breadth_v1_20120705_20260814,capped_confirmation,csi500,中证500,false_alarm,False,limit_up_down_breadth_bottom::bottom::limit_up_down_breadth_v1_20120705_20260814::000009,2019-06-17,,,,,,,,,False,False,,,,,,2012-07-05,2026-08-14,,,,csi500_medium_bottom_20190806,prediction,multi_lobe,nearest_region_for_slice_only
limit_up_down_breadth_bottom::bottom::limit_up_down_breadth_v1_20120705_20260814::capped_confirmation::csi500::missed_region::csi500_medium_bottom_20190806,limit_up_down_breadth_bottom,bottom,limit_up_down_breadth_v1_20120705_20260814,capped_confirmation,csi500,中证500,missed_region,False,,,csi500_medium_bottom_20190806,2019-08-06,2019-08-06,2019-08-15,multi_lobe,2,,,False,False,,,,,,2012-07-05,2026-08-14,True,True,top_bottom_regions_v2,,,,
limit_up_down_breadth_bottom::bottom::limit_up_down_breadth_v1_20120705_20260814::capped_confirmation::csi500::false_alarm::limit_up_down_breadth_bottom::bottom::limit_up_down_breadth_v1_20120705_20260814::000010,limit_up_down_breadth_bottom,bottom,limit_up_down_breadth_v1_20120705_20260814,capped_confirmation,csi500,中证500,false_alarm,False,limit_up_down_breadth_bottom::bottom::limit_up_down_breadth_v1_20120705_20260814::000010,2019-11-07,,,,,,,,,False,False,,,,,,2012-07-05,2026-08-14,,,,csi500_medium_bottom_20200204,prediction,single_lobe,nearest_region_for_slice_only
limit_up_down_breadth_bottom::bottom::limit_up_down_breadth_v1_20120705_20260814::capped_confirmation::csi500::missed_region::csi500_medium_bottom_20200204,limit_up_down_breadth_bottom,bottom,limit_up_down_breadth_v1_20120705_20260814,capped_confirmation,csi500,中证500,missed_region,False,,,csi500_medium_bottom_20200204,2020-02-04,2020-02-04,2020-02-04,single_lobe,1,,,False,False,,,,,,2012-07-05,2026-08-14,True,True,top_bottom_regions_v2,,,,
limit_up_down_breadth_bottom::bottom::limit_up_down_breadth_v1_20120705_20260814::capped_confirmation::csi500::missed_region::csi500_medium_bottom_20200324,limit_up_down_breadth_bottom,bottom,limit_up_down_breadth_v1_20120705_20260814,capped_confirmation,csi500,中证500,missed_region,False,,,csi500_medium_bottom_20200324,2020-03-24,2020-03-17,2020-04-02,multi_lobe,4,,,False,False,,,,,,2012-07-05,2026-08-14,True,True,top_bottom_regions_v2,,,,
limit_up_down_breadth_bottom::bottom::limit_up_down_breadth_v1_20120705_20260814::capped_confirmation::csi500::false_alarm::limit_up_down_breadth_bottom::bottom::limit_up_down_breadth_v1_20120705_20260814::000011,limit_up_down_breadth_bottom,bottom,limit_up_down_breadth_v1_20120705_20260814,capped_confirmation,csi500,中证500,false_alarm,False,limit_up_down_breadth_bottom::bottom::limit_up_down_breadth_v1_20120705_20260814::000011,2020-09-18,,,,,,,,,False,False,,,,,,2012-07-05,2026-08-14,,,,csi500_medium_bottom_20201102,prediction,multi_lobe,nearest_region_for_slice_only
limit_up_down_breadth_bottom::bottom::limit_up_down_breadth_v1_20120705_20260814::capped_confirmation::csi500::matched::limit_up_down_breadth_bottom::bottom::limit_up_down_breadth_v1_20120705_20260814::000012,limit_up_down_breadth_bottom,bottom,limit_up_down_breadth_v1_20120705_20260814,capped_confirmation,csi500,中证500,matched,True,limit_up_down_breadth_bottom::bottom::limit_up_down_breadth_v1_20120705_20260814::000012,2020-10-30,csi500_medium_bottom_20201102,2020-11-02,2020-09-25,2020-11-04,multi_lobe,2,csi500_medium_bottom_20201102_lobe_02,core_lobe,True,True,prediction,-1,1,5,limit_up_down_breadth_bottom::bottom::limit_up_down_breadth_v1_20120705_20260814::000012,2012-07-05,2026-08-14,True,True,top_bottom_regions_v2,csi500_medium_bottom_20201102,prediction,multi_lobe,primary_match
limit_up_down_breadth_bottom::bottom::limit_up_down_breadth_v1_20120705_20260814::capped_confirmation::csi500::duplicate_alarm::limit_up_down_breadth_bottom::bottom::limit_up_down_breadth_v1_20120705_20260814::000013,limit_up_down_breadth_bottom,bottom,limit_up_down_breadth_v1_20120705_20260814,capped_confirmation,csi500,中证500,duplicate_alarm,False,limit_up_down_breadth_bottom::bottom::limit_up_down_breadth_v1_20120705_20260814::000013,2020-11-09,csi500_medium_bottom_20201102,2020-11-02,2020-09-25,2020-11-04,multi_lobe,2,,confirmation_window,False,False,confirmation,5,5,5,limit_up_down_breadth_bottom::bottom::limit_up_down_breadth_v1_20120705_20260814::000012,2012-07-05,2026-08-14,True,True,top_bottom_regions_v2,csi500_medium_bottom_20201102,confirmation,multi_lobe,duplicate_candidate
limit_up_down_breadth_bottom::bottom::limit_up_down_breadth_v1_20120705_20260814::capped_confirmation::csi500::missed_region::csi500_medium_bottom_20210309,limit_up_down_breadth_bottom,bottom,limit_up_down_breadth_v1_20120705_20260814,capped_confirmation,csi500,中证500,missed_region,False,,,csi500_medium_bottom_20210309,2021-03-09,2021-03-09,2021-03-25,multi_lobe,2,,,False,False,,,,,,2012-07-05,2026-08-14,True,True,top_bottom_regions_v2,,,,
limit_up_down_breadth_bottom::bottom::limit_up_down_breadth_v1_20120705_20260814::capped_confirmation::csi500::false_alarm::limit_up_down_breadth_bottom::bottom::limit_up_down_breadth_v1_20120705_20260814::000014,limit_up_down_breadth_bottom,bottom,limit_up_down_breadth_v1_20120705_20260814,capped_confirmation,csi500,中证500,false_alarm,False,limit_up_down_breadth_bottom::bottom::limit_up_down_breadth_v1_20120705_20260814::000014,2022-02-07,,,,,,,,,False,False,,,,,,2012-07-05,2026-08-14,,,,csi500_medium_bottom_20220427,prediction,single_lobe,nearest_region_for_slice_only
limit_up_down_breadth_bottom::bottom::limit_up_down_breadth_v1_20120705_20260814::capped_confirmation::csi500::duplicate_alarm::limit_up_down_breadth_bottom::bottom::limit_up_down_breadth_v1_20120705_20260814::000015,limit_up_down_breadth_bottom,bottom,limit_up_down_breadth_v1_20120705_20260814,capped_confirmation,csi500,中证500,duplicate_alarm,False,limit_up_down_breadth_bottom::bottom::limit_up_down_breadth_v1_20120705_20260814::000015,2022-04-19,csi500_medium_bottom_20220427,2022-04-27,2022-04-26,2022-04-27,single_lobe,1,,prediction_window,False,False,prediction,-6,6,10,limit_up_down_breadth_bottom::bottom::limit_up_down_breadth_v1_20120705_20260814::000016,2012-07-05,2026-08-14,True,True,top_bottom_regions_v2,csi500_medium_bottom_20220427,prediction,single_lobe,duplicate_candidate
limit_up_down_breadth_bottom::bottom::limit_up_down_breadth_v1_20120705_20260814::capped_confirmation::csi500::matched::limit_up_down_breadth_bottom::bottom::limit_up_down_breadth_v1_20120705_20260814::000016,limit_up_down_breadth_bottom,bottom,limit_up_down_breadth_v1_20120705_20260814,capped_confirmation,csi500,中证500,matched,True,limit_up_down_breadth_bottom::bottom::limit_up_down_breadth_v1_20120705_20260814::000016,2022-04-29,csi500_medium_bottom_20220427,2022-04-27,2022-04-26,2022-04-27,single_lobe,1,,confirmation_window,False,False,confirmation,2,2,5,limit_up_down_breadth_bottom::bottom::limit_up_down_breadth_v1_20120705_20260814::000016,2012-07-05,2026-08-14,True,True,top_bottom_regions_v2,csi500_medium_bottom_20220427,confirmation,single_lobe,primary_match
limit_up_down_breadth_bottom::bottom::limit_up_down_breadth_v1_20120705_20260814::capped_confirmation::csi500::matched::limit_up_down_breadth_bottom::bottom::limit_up_down_breadth_v1_20120705_20260814::000017,limit_up_down_breadth_bottom,bottom,limit_up_down_breadth_v1_20120705_20260814,capped_confirmation,csi500,中证500,matched,True,limit_up_down_breadth_bottom::bottom::limit_up_down_breadth_v1_20120705_20260814::000017,2022-09-23,csi500_medium_bottom_20221012,2022-10-12,2022-10-10,2022-10-12,single_lobe,1,,prediction_window,False,False,prediction,-8,8,10,limit_up_down_breadth_bottom::bottom::limit_up_down_breadth_v1_20120705_20260814::000017,2012-07-05,2026-08-14,True,True,top_bottom_regions_v2,csi500_medium_bottom_20221012,prediction,single_lobe,primary_match
limit_up_down_breadth_bottom::bottom::limit_up_down_breadth_v1_20120705_20260814::capped_confirmation::csi500::false_alarm::limit_up_down_breadth_bottom::bottom::limit_up_down_breadth_v1_20120705_20260814::000018,limit_up_down_breadth_bottom,bottom,limit_up_down_breadth_v1_20120705_20260814,capped_confirmation,csi500,中证500,false_alarm,False,limit_up_down_breadth_bottom::bottom::limit_up_down_breadth_v1_20120705_20260814::000018,2023-03-14,,,,,,,,,False,False,,,,,,2012-07-05,2026-08-14,,,,csi500_medium_bottom_20221012,confirmation,single_lobe,nearest_region_for_slice_only
limit_up_down_breadth_bottom::bottom::limit_up_down_breadth_v1_20120705_20260814::capped_confirmation::csi500::false_alarm::limit_up_down_breadth_bottom::bottom::limit_up_down_breadth_v1_20120705_20260814::000019,limit_up_down_breadth_bottom,bottom,limit_up_down_breadth_v1_20120705_20260814,capped_confirmation,csi500,中证500,false_alarm,False,limit_up_down_breadth_bottom::bottom::limit_up_down_breadth_v1_20120705_20260814::000019,2023-04-03,,,,,,,,,False,False,,,,,,2012-07-05,2026-08-14,,,,csi500_medium_bottom_20221012,confirmation,single_lobe,nearest_region_for_slice_only
limit_up_down_breadth_bottom::bottom::limit_up_down_breadth_v1_20120705_20260814::capped_confirmation::csi500::false_alarm::limit_up_down_breadth_bottom::bottom::limit_up_down_breadth_v1_20120705_20260814::000020,limit_up_down_breadth_bottom,bottom,limit_up_down_breadth_v1_20120705_20260814,capped_confirmation,csi500,中证500,false_alarm,False,limit_up_down_breadth_bottom::bottom::limit_up_down_breadth_v1_20120705_20260814::000020,2023-05-10,,,,,,,,,False,False,,,,,,2012-07-05,2026-08-14,,,,csi500_medium_bottom_20221012,confirmation,single_lobe,nearest_region_for_slice_only
limit_up_down_breadth_bottom::bottom::limit_up_down_breadth_v1_20120705_20260814::capped_confirmation::csi500::false_alarm::limit_up_down_breadth_bottom::bottom::limit_up_down_breadth_v1_20120705_20260814::000021,limit_up_down_breadth_bottom,bottom,limit_up_down_breadth_v1_20120705_20260814,capped_confirmation,csi500,中证500,false_alarm,False,limit_up_down_breadth_bottom::bottom::limit_up_down_breadth_v1_20120705_20260814::000021,2023-05-24,,,,,,,,,False,False,,,,,,2012-07-05,2026-08-14,,,,csi500_medium_bottom_20221012,confirmation,single_lobe,nearest_region_for_slice_only
limit_up_down_breadth_bottom::bottom::limit_up_down_breadth_v1_20120705_20260814::capped_confirmation::csi500::missed_region::csi500_medium_bottom_20240205,limit_up_down_breadth_bottom,bottom,limit_up_down_breadth_v1_20120705_20260814,capped_confirmation,csi500,中证500,missed_region,False,,,csi500_medium_bottom_20240205,2024-02-05,2024-02-05,2024-02-05,single_lobe,1,,,False,False,,,,,,2012-07-05,2026-08-14,True,True,top_bottom_regions_v2,,,,
limit_up_down_breadth_bottom::bottom::limit_up_down_breadth_v1_20120705_20260814::capped_confirmation::csi500::false_alarm::limit_up_down_breadth_bottom::bottom::limit_up_down_breadth_v1_20120705_20260814::000022,limit_up_down_breadth_bottom,bottom,limit_up_down_breadth_v1_20120705_20260814,capped_confirmation,csi500,中证500,false_alarm,False,limit_up_down_breadth_bottom::bottom::limit_up_down_breadth_v1_20120705_20260814::000022,2024-06-12,,,,,,,,,False,False,,,,,,2012-07-05,2026-08-14,,,,csi500_medium_bottom_20240918,prediction,multi_lobe,nearest_region_for_slice_only
limit_up_down_breadth_bottom::bottom::limit_up_down_breadth_v1_20120705_20260814::capped_confirmation::csi500::missed_region::csi500_medium_bottom_20240918,limit_up_down_breadth_bottom,bottom,limit_up_down_breadth_v1_20120705_20260814,capped_confirmation,csi500,中证500,missed_region,False,,,csi500_medium_bottom_20240918,2024-09-18,2024-08-28,2024-09-23,multi_lobe,3,,,False,False,,,,,,2012-07-05,2026-08-14,True,True,top_bottom_regions_v2,,,,
limit_up_down_breadth_bottom::bottom::limit_up_down_breadth_v1_20120705_20260814::capped_confirmation::csi500::missed_region::csi500_medium_bottom_20241016,limit_up_down_breadth_bottom,bottom,limit_up_down_breadth_v1_20120705_20260814,capped_confirmation,csi500,中证500,missed_region,False,,,csi500_medium_bottom_20241016,2024-10-16,2024-10-14,2024-10-18,single_lobe,1,,,False,False,,,,,,2012-07-05,2026-08-14,True,True,top_bottom_regions_v2,,,,
limit_up_down_breadth_bottom::bottom::limit_up_down_breadth_v1_20120705_20260814::capped_confirmation::csi500::missed_region::csi500_medium_bottom_20250113,limit_up_down_breadth_bottom,bottom,limit_up_down_breadth_v1_20120705_20260814,capped_confirmation,csi500,中证500,missed_region,False,,,csi500_medium_bottom_20250113,2025-01-13,2025-01-03,2025-01-14,multi_lobe,2,,,False,False,,,,,,2012-07-05,2026-08-14,True,True,top_bottom_regions_v2,,,,
limit_up_down_breadth_bottom::bottom::limit_up_down_breadth_v1_20120705_20260814::capped_confirmation::csi500::missed_region::csi500_medium_bottom_20250409,limit_up_down_breadth_bottom,bottom,limit_up_down_breadth_v1_20120705_20260814,capped_confirmation,csi500,中证500,missed_region,False,,,csi500_medium_bottom_20250409,2025-04-09,2025-04-07,2025-04-09,multi_lobe,2,,,False,False,,,,,,2012-07-05,2026-08-14,True,True,top_bottom_regions_v2,,,,
limit_up_down_breadth_bottom::bottom::limit_up_down_breadth_v1_20120705_20260814::capped_confirmation::csi500::missed_region::csi500_medium_bottom_20260324,limit_up_down_breadth_bottom,bottom,limit_up_down_breadth_v1_20120705_20260814,capped_confirmation,csi500,中证500,missed_region,False,,,csi500_medium_bottom_20260324,2026-03-24,2026-03-23,2026-04-03,multi_lobe,2,,,False,False,,,,,,2012-07-05,2026-08-14,True,True,top_bottom_regions_v2,,,,
limit_up_down_breadth_bottom::bottom::limit_up_down_breadth_v1_20120705_20260814::capped_confirmation::csi500::missed_region::csi500_medium_bottom_20260608,limit_up_down_breadth_bottom,bottom,limit_up_down_breadth_v1_20120705_20260814,capped_confirmation,csi500,中证500,missed_region,False,,,csi500_medium_bottom_20260608,2026-06-08,2026-06-08,2026-06-11,single_lobe,1,,,False,False,,,,,,2012-07-05,2026-08-14,True,True,top_bottom_regions_v2,,,,
limit_up_down_breadth_bottom::bottom::limit_up_down_breadth_v1_20120705_20260814::capped_confirmation::csi500::matched::limit_up_down_breadth_bottom::bottom::limit_up_down_breadth_v1_20120705_20260814::000023,limit_up_down_breadth_bottom,bottom,limit_up_down_breadth_v1_20120705_20260814,capped_confirmation,csi500,中证500,matched,True,limit_up_down_breadth_bottom::bottom::limit_up_down_breadth_v1_20120705_20260814::000023,2026-07-16,csi500_medium_bottom_20260730,2026-07-30,2026-07-20,2026-07-30,multi_lobe,2,,prediction_window,False,False,prediction,-10,10,10,limit_up_down_breadth_bottom::bottom::limit_up_down_breadth_v1_20120705_20260814::000023,2012-07-05,2026-08-14,True,False,top_bottom_regions_v2,csi500_medium_bottom_20260730,prediction,multi_lobe,primary_match
limit_up_down_breadth_bottom::bottom::limit_up_down_breadth_v1_20120705_20260814::capped_confirmation::microcap::missed_region::microcap_medium_bottom_20121204,limit_up_down_breadth_bottom,bottom,limit_up_down_breadth_v1_20120705_20260814,capped_confirmation,microcap,微盘股,missed_region,False,,,microcap_medium_bottom_20121204,2012-12-04,2012-12-03,2012-12-04,single_lobe,1,,,False,False,,,,,,2012-07-05,2026-08-14,True,True,top_bottom_regions_v2,,,,
limit_up_down_breadth_bottom::bottom::limit_up_down_breadth_v1_20120705_20260814::capped_confirmation::microcap::matched::limit_up_down_breadth_bottom::bottom::limit_up_down_breadth_v1_20120705_20260814::000001,limit_up_down_breadth_bottom,bottom,limit_up_down_breadth_v1_20120705_20260814,capped_confirmation,microcap,微盘股,matched,True,limit_up_down_breadth_bottom::bottom::limit_up_down_breadth_v1_20120705_20260814::000001,2013-06-28,microcap_medium_bottom_20130625,2013-06-25,2013-06-25,2013-06-25,single_lobe,1,,confirmation_window,False,False,confirmation,3,3,5,limit_up_down_breadth_bottom::bottom::limit_up_down_breadth_v1_20120705_20260814::000001,2012-07-05,2026-08-14,True,True,top_bottom_regions_v2,microcap_medium_bottom_20130625,confirmation,single_lobe,primary_match
limit_up_down_breadth_bottom::bottom::limit_up_down_breadth_v1_20120705_20260814::capped_confirmation::microcap::matched::limit_up_down_breadth_bottom::bottom::limit_up_down_breadth_v1_20120705_20260814::000002,limit_up_down_breadth_bottom,bottom,limit_up_down_breadth_v1_20120705_20260814,capped_confirmation,microcap,微盘股,matched,True,limit_up_down_breadth_bottom::bottom::limit_up_down_breadth_v1_20120705_20260814::000002,2014-01-14,microcap_medium_bottom_20140113,2014-01-13,2014-01-10,2014-01-21,multi_lobe,2,microcap_medium_bottom_20140113_lobe_01,core_lobe,True,True,confirmation,1,1,5,limit_up_down_breadth_bottom::bottom::limit_up_down_breadth_v1_20120705_20260814::000002,2012-07-05,2026-08-14,True,True,top_bottom_regions_v2,microcap_medium_bottom_20140113,confirmation,multi_lobe,primary_match
limit_up_down_breadth_bottom::bottom::limit_up_down_breadth_v1_20120705_20260814::capped_confirmation::microcap::matched::limit_up_down_breadth_bottom::bottom::limit_up_down_breadth_v1_20120705_20260814::000003,limit_up_down_breadth_bottom,bottom,limit_up_down_breadth_v1_20120705_20260814,capped_confirmation,microcap,微盘股,matched,True,limit_up_down_breadth_bottom::bottom::limit_up_down_breadth_v1_20120705_20260814::000003,2014-05-08,microcap_medium_bottom_20140519,2014-05-19,2014-04-28,2014-05-23,multi_lobe,4,microcap_medium_bottom_20140519_lobe_02,core_lobe,True,True,prediction,-7,7,10,limit_up_down_breadth_bottom::bottom::limit_up_down_breadth_v1_20120705_20260814::000003,2012-07-05,2026-08-14,True,True,top_bottom_regions_v2,microcap_medium_bottom_20140519,prediction,multi_lobe,primary_match
limit_up_down_breadth_bottom::bottom::limit_up_down_breadth_v1_20120705_20260814::capped_confirmation::microcap::missed_region::microcap_medium_bottom_20150630,limit_up_down_breadth_bottom,bottom,limit_up_down_breadth_v1_20120705_20260814,capped_confirmation,microcap,微盘股,missed_region,False,,,microcap_medium_bottom_20150630,2015-06-30,2015-06-30,2015-06-30,single_lobe,1,,,False,False,,,,,,2012-07-05,2026-08-14,True,True,top_bottom_regions_v2,,,,
limit_up_down_breadth_bottom::bottom::limit_up_down_breadth_v1_20120705_20260814::capped_confirmation::microcap::missed_region::microcap_medium_bottom_20150709,limit_up_down_breadth_bottom,bottom,limit_up_down_breadth_v1_20120705_20260814,capped_confirmation,microcap,微盘股,missed_region,False,,,microcap_medium_bottom_20150709,2015-07-09,2015-07-08,2015-07-09,single_lobe,1,,,False,False,,,,,,2012-07-05,2026-08-14,True,True,top_bottom_regions_v2,,,,
limit_up_down_breadth_bottom::bottom::limit_up_down_breadth_v1_20120705_20260814::capped_confirmation::microcap::missed_region::microcap_medium_bottom_20150803,limit_up_down_breadth_bottom,bottom,limit_up_down_breadth_v1_20120705_20260814,capped_confirmation,microcap,微盘股,missed_region,False,,,microcap_medium_bottom_20150803,2015-08-03,2015-08-03,2015-08-04,single_lobe,1,,,False,False,,,,,,2012-07-05,2026-08-14,True,True,top_bottom_regions_v2,,,,
limit_up_down_breadth_bottom::bottom::limit_up_down_breadth_v1_20120705_20260814::capped_confirmation::microcap::missed_region::microcap_medium_bottom_20150827,limit_up_down_breadth_bottom,bottom,limit_up_down_breadth_v1_20120705_20260814,capped_confirmation,microcap,微盘股,missed_region,False,,,microcap_medium_bottom_20150827,2015-08-27,2015-08-26,2015-08-27,single_lobe,1,,,False,False,,,,,,2012-07-05,2026-08-14,True,True,top_bottom_regions_v2,,,,
limit_up_down_breadth_bottom::bottom::limit_up_down_breadth_v1_20120705_20260814::capped_confirmation::microcap::missed_region::microcap_medium_bottom_20150915,limit_up_down_breadth_bottom,bottom,limit_up_down_breadth_v1_20120705_20260814,capped_confirmation,microcap,微盘股,missed_region,False,,,microcap_medium_bottom_20150915,2015-09-15,2015-09-15,2015-09-16,single_lobe,1,,,False,False,,,,,,2012-07-05,2026-08-14,True,True,top_bottom_regions_v2,,,,
limit_up_down_breadth_bottom::bottom::limit_up_down_breadth_v1_20120705_20260814::capped_confirmation::microcap::missed_region::microcap_medium_bottom_20160129,limit_up_down_breadth_bottom,bottom,limit_up_down_breadth_v1_20120705_20260814,capped_confirmation,microcap,微盘股,missed_region,False,,,microcap_medium_bottom_20160129,2016-01-29,2016-01-27,2016-02-01,single_lobe,1,,,False,False,,,,,,2012-07-05,2026-08-14,True,True,top_bottom_regions_v2,,,,
limit_up_down_breadth_bottom::bottom::limit_up_down_breadth_v1_20120705_20260814::capped_confirmation::microcap::missed_region::microcap_medium_bottom_20160301,limit_up_down_breadth_bottom,bottom,limit_up_down_breadth_v1_20120705_20260814,capped_confirmation,microcap,微盘股,missed_region,False,,,microcap_medium_bottom_20160301,2016-03-01,2016-02-29,2016-03-01,single_lobe,1,,,False,False,,,,,,2012-07-05,2026-08-14,True,True,top_bottom_regions_v2,,,,
limit_up_down_breadth_bottom::bottom::limit_up_down_breadth_v1_20120705_20260814::capped_confirmation::microcap::missed_region::microcap_medium_bottom_20160512,limit_up_down_breadth_bottom,bottom,limit_up_down_breadth_v1_20120705_20260814,capped_confirmation,microcap,微盘股,missed_region,False,,,microcap_medium_bottom_20160512,2016-05-12,2016-05-12,2016-05-26,multi_lobe,3,,,False,False,,,,,,2012-07-05,2026-08-14,True,True,top_bottom_regions_v2,,,,
limit_up_down_breadth_bottom::bottom::limit_up_down_breadth_v1_20120705_20260814::capped_confirmation::microcap::false_alarm::limit_up_down_breadth_bottom::bottom::limit_up_down_breadth_v1_20120705_20260814::000004,limit_up_down_breadth_bottom,bottom,limit_up_down_breadth_v1_20120705_20260814,capped_confirmation,microcap,微盘股,false_alarm,False,limit_up_down_breadth_bottom::bottom::limit_up_down_breadth_v1_20120705_20260814::000004,2017-03-06,,,,,,,,,False,False,,,,,,2012-07-05,2026-08-14,,,,microcap_medium_bottom_20170718,prediction,single_lobe,nearest_region_for_slice_only
limit_up_down_breadth_bottom::bottom::limit_up_down_breadth_v1_20120705_20260814::capped_confirmation::microcap::false_alarm::limit_up_down_breadth_bottom::bottom::limit_up_down_breadth_v1_20120705_20260814::000005,limit_up_down_breadth_bottom,bottom,limit_up_down_breadth_v1_20120705_20260814,capped_confirmation,microcap,微盘股,false_alarm,False,limit_up_down_breadth_bottom::bottom::limit_up_down_breadth_v1_20120705_20260814::000005,2017-04-26,,,,,,,,,False,False,,,,,,2012-07-05,2026-08-14,,,,microcap_medium_bottom_20170718,prediction,single_lobe,nearest_region_for_slice_only
limit_up_down_breadth_bottom::bottom::limit_up_down_breadth_v1_20120705_20260814::capped_confirmation::microcap::matched::limit_up_down_breadth_bottom::bottom::limit_up_down_breadth_v1_20120705_20260814::000006,limit_up_down_breadth_bottom,bottom,limit_up_down_breadth_v1_20120705_20260814,capped_confirmation,microcap,微盘股,matched,True,limit_up_down_breadth_bottom::bottom::limit_up_down_breadth_v1_20120705_20260814::000006,2017-06-30,microcap_medium_bottom_20170718,2017-07-18,2017-07-17,2017-07-19,single_lobe,1,,prediction_window,False,False,prediction,-12,12,20,limit_up_down_breadth_bottom::bottom::limit_up_down_breadth_v1_20120705_20260814::000006,2012-07-05,2026-08-14,True,True,top_bottom_regions_v2,microcap_medium_bottom_20170718,prediction,single_lobe,primary_match
limit_up_down_breadth_bottom::bottom::limit_up_down_breadth_v1_20120705_20260814::capped_confirmation::microcap::false_alarm::limit_up_down_breadth_bottom::bottom::limit_up_down_breadth_v1_20120705_20260814::000007,limit_up_down_breadth_bottom,bottom,limit_up_down_breadth_v1_20120705_20260814,capped_confirmation,microcap,微盘股,false_alarm,False,limit_up_down_breadth_bottom::bottom::limit_up_down_breadth_v1_20120705_20260814::000007,2017-11-07,,,,,,,,,False,False,,,,,,2012-07-05,2026-08-14,,,,microcap_medium_bottom_20180207,prediction,multi_lobe,nearest_region_for_slice_only
limit_up_down_breadth_bottom::bottom::limit_up_down_breadth_v1_20120705_20260814::capped_confirmation::microcap::missed_region::microcap_medium_bottom_20180207,limit_up_down_breadth_bottom,bottom,limit_up_down_breadth_v1_20120705_20260814,capped_confirmation,microcap,微盘股,missed_region,False,,,microcap_medium_bottom_20180207,2018-02-07,2018-02-06,2018-02-09,multi_lobe,2,,,False,False,,,,,,2012-07-05,2026-08-14,True,True,top_bottom_regions_v2,,,,
limit_up_down_breadth_bottom::bottom::limit_up_down_breadth_v1_20120705_20260814::capped_confirmation::microcap::matched::limit_up_down_breadth_bottom::bottom::limit_up_down_breadth_v1_20120705_20260814::000008,limit_up_down_breadth_bottom,bottom,limit_up_down_breadth_v1_20120705_20260814,capped_confirmation,microcap,微盘股,matched,True,limit_up_down_breadth_bottom::bottom::limit_up_down_breadth_v1_20120705_20260814::000008,2018-06-11,microcap_medium_bottom_20180622,2018-06-22,2018-06-21,2018-07-06,multi_lobe,3,,prediction_window,False,False,prediction,-8,8,10,limit_up_down_breadth_bottom::bottom::limit_up_down_breadth_v1_20120705_20260814::000008,2012-07-05,2026-08-14,True,True,top_bottom_regions_v2,microcap_medium_bottom_20180622,prediction,multi_lobe,primary_match
limit_up_down_breadth_bottom::bottom::limit_up_down_breadth_v1_20120705_20260814::capped_confirmation::microcap::missed_region::microcap_medium_bottom_20181019,limit_up_down_breadth_bottom,bottom,limit_up_down_breadth_v1_20120705_20260814,capped_confirmation,microcap,微盘股,missed_region,False,,,microcap_medium_bottom_20181019,2018-10-19,2018-10-19,2018-10-19,single_lobe,1,,,False,False,,,,,,2012-07-05,2026-08-14,True,True,top_bottom_regions_v2,,,,
limit_up_down_breadth_bottom::bottom::limit_up_down_breadth_v1_20120705_20260814::capped_confirmation::microcap::missed_region::microcap_medium_bottom_20190506,limit_up_down_breadth_bottom,bottom,limit_up_down_breadth_v1_20120705_20260814,capped_confirmation,microcap,微盘股,missed_region,False,,,microcap_medium_bottom_20190506,2019-05-06,2019-05-06,2019-05-08,single_lobe,1,,,False,False,,,,,,2012-07-05,2026-08-14,True,True,top_bottom_regions_v2,,,,
limit_up_down_breadth_bottom::bottom::limit_up_down_breadth_v1_20120705_20260814::capped_confirmation::microcap::false_alarm::limit_up_down_breadth_bottom::bottom::limit_up_down_breadth_v1_20120705_20260814::000009,limit_up_down_breadth_bottom,bottom,limit_up_down_breadth_v1_20120705_20260814,capped_confirmation,microcap,微盘股,false_alarm,False,limit_up_down_breadth_bottom::bottom::limit_up_down_breadth_v1_20120705_20260814::000009,2019-06-17,,,,,,,,,False,False,,,,,,2012-07-05,2026-08-14,,,,microcap_medium_bottom_20190506,confirmation,single_lobe,nearest_region_for_slice_only
limit_up_down_breadth_bottom::bottom::limit_up_down_breadth_v1_20120705_20260814::capped_confirmation::microcap::false_alarm::limit_up_down_breadth_bottom::bottom::limit_up_down_breadth_v1_20120705_20260814::000010,limit_up_down_breadth_bottom,bottom,limit_up_down_breadth_v1_20120705_20260814,capped_confirmation,microcap,微盘股,false_alarm,False,limit_up_down_breadth_bottom::bottom::limit_up_down_breadth_v1_20120705_20260814::000010,2019-11-07,,,,,,,,,False,False,,,,,,2012-07-05,2026-08-14,,,,microcap_medium_bottom_20200204,prediction,single_lobe,nearest_region_for_slice_only
limit_up_down_breadth_bottom::bottom::limit_up_down_breadth_v1_20120705_20260814::capped_confirmation::microcap::missed_region::microcap_medium_bottom_20200204,limit_up_down_breadth_bottom,bottom,limit_up_down_breadth_v1_20120705_20260814,capped_confirmation,microcap,微盘股,missed_region,False,,,microcap_medium_bottom_20200204,2020-02-04,2020-02-04,2020-02-04,single_lobe,1,,,False,False,,,,,,2012-07-05,2026-08-14,True,True,top_bottom_regions_v2,,,,
limit_up_down_breadth_bottom::bottom::limit_up_down_breadth_v1_20120705_20260814::capped_confirmation::microcap::false_alarm::limit_up_down_breadth_bottom::bottom::limit_up_down_breadth_v1_20120705_20260814::000011,limit_up_down_breadth_bottom,bottom,limit_up_down_breadth_v1_20120705_20260814,capped_confirmation,microcap,微盘股,false_alarm,False,limit_up_down_breadth_bottom::bottom::limit_up_down_breadth_v1_20120705_20260814::000011,2020-09-18,,,,,,,,,False,False,,,,,,2012-07-05,2026-08-14,,,,microcap_medium_bottom_20210208,prediction,single_lobe,nearest_region_for_slice_only
limit_up_down_breadth_bottom::bottom::limit_up_down_breadth_v1_20120705_20260814::capped_confirmation::microcap::false_alarm::limit_up_down_breadth_bottom::bottom::limit_up_down_breadth_v1_20120705_20260814::000012,limit_up_down_breadth_bottom,bottom,limit_up_down_breadth_v1_20120705_20260814,capped_confirmation,microcap,微盘股,false_alarm,False,limit_up_down_breadth_bottom::bottom::limit_up_down_breadth_v1_20120705_20260814::000012,2020-10-30,,,,,,,,,False,False,,,,,,2012-07-05,2026-08-14,,,,microcap_medium_bottom_20210208,prediction,single_lobe,nearest_region_for_slice_only
limit_up_down_breadth_bottom::bottom::limit_up_down_breadth_v1_20120705_20260814::capped_confirmation::microcap::false_alarm::limit_up_down_breadth_bottom::bottom::limit_up_down_breadth_v1_20120705_20260814::000013,limit_up_down_breadth_bottom,bottom,limit_up_down_breadth_v1_20120705_20260814,capped_confirmation,microcap,微盘股,false_alarm,False,limit_up_down_breadth_bottom::bottom::limit_up_down_breadth_v1_20120705_20260814::000013,2020-11-09,,,,,,,,,False,False,,,,,,2012-07-05,2026-08-14,,,,microcap_medium_bottom_20210208,prediction,single_lobe,nearest_region_for_slice_only
limit_up_down_breadth_bottom::bottom::limit_up_down_breadth_v1_20120705_20260814::capped_confirmation::microcap::missed_region::microcap_medium_bottom_20210208,limit_up_down_breadth_bottom,bottom,limit_up_down_breadth_v1_20120705_20260814,capped_confirmation,microcap,微盘股,missed_region,False,,,microcap_medium_bottom_20210208,2021-02-08,2021-02-04,2021-02-09,single_lobe,1,,,False,False,,,,,,2012-07-05,2026-08-14,True,True,top_bottom_regions_v2,,,,
limit_up_down_breadth_bottom::bottom::limit_up_down_breadth_v1_20120705_20260814::capped_confirmation::microcap::false_alarm::limit_up_down_breadth_bottom::bottom::limit_up_down_breadth_v1_20120705_20260814::000014,limit_up_down_breadth_bottom,bottom,limit_up_down_breadth_v1_20120705_20260814,capped_confirmation,microcap,微盘股,false_alarm,False,limit_up_down_breadth_bottom::bottom::limit_up_down_breadth_v1_20120705_20260814::000014,2022-02-07,,,,,,,,,False,False,,,,,,2012-07-05,2026-08-14,,,,microcap_medium_bottom_20220427,prediction,single_lobe,nearest_region_for_slice_only
limit_up_down_breadth_bottom::bottom::limit_up_down_breadth_v1_20120705_20260814::capped_confirmation::microcap::duplicate_alarm::limit_up_down_breadth_bottom::bottom::limit_up_down_breadth_v1_20120705_20260814::000015,limit_up_down_breadth_bottom,bottom,limit_up_down_breadth_v1_20120705_20260814,capped_confirmation,microcap,微盘股,duplicate_alarm,False,limit_up_down_breadth_bottom::bottom::limit_up_down_breadth_v1_20120705_20260814::000015,2022-04-19,microcap_medium_bottom_20220427,2022-04-27,2022-04-27,2022-04-28,single_lobe,1,,prediction_window,False,False,prediction,-6,6,10,limit_up_down_breadth_bottom::bottom::limit_up_down_breadth_v1_20120705_20260814::000016,2012-07-05,2026-08-14,True,True,top_bottom_regions_v2,microcap_medium_bottom_20220427,prediction,single_lobe,duplicate_candidate
limit_up_down_breadth_bottom::bottom::limit_up_down_breadth_v1_20120705_20260814::capped_confirmation::microcap::matched::limit_up_down_breadth_bottom::bottom::limit_up_down_breadth_v1_20120705_20260814::000016,limit_up_down_breadth_bottom,bottom,limit_up_down_breadth_v1_20120705_20260814,capped_confirmation,microcap,微盘股,matched,True,limit_up_down_breadth_bottom::bottom::limit_up_down_breadth_v1_20120705_20260814::000016,2022-04-29,microcap_medium_bottom_20220427,2022-04-27,2022-04-27,2022-04-28,single_lobe,1,,confirmation_window,False,False,confirmation,2,2,5,limit_up_down_breadth_bottom::bottom::limit_up_down_breadth_v1_20120705_20260814::000016,2012-07-05,2026-08-14,True,True,top_bottom_regions_v2,microcap_medium_bottom_20220427,confirmation,single_lobe,primary_match
limit_up_down_breadth_bottom::bottom::limit_up_down_breadth_v1_20120705_20260814::capped_confirmation::microcap::matched::limit_up_down_breadth_bottom::bottom::limit_up_down_breadth_v1_20120705_20260814::000017,limit_up_down_breadth_bottom,bottom,limit_up_down_breadth_v1_20120705_20260814,capped_confirmation,microcap,微盘股,matched,True,limit_up_down_breadth_bottom::bottom::limit_up_down_breadth_v1_20120705_20260814::000017,2022-09-23,microcap_medium_bottom_20221011,2022-10-11,2022-10-10,2022-10-12,single_lobe,1,,prediction_window,False,False,prediction,-7,7,10,limit_up_down_breadth_bottom::bottom::limit_up_down_breadth_v1_20120705_20260814::000017,2012-07-05,2026-08-14,True,True,top_bottom_regions_v2,microcap_medium_bottom_20221011,prediction,single_lobe,primary_match
limit_up_down_breadth_bottom::bottom::limit_up_down_breadth_v1_20120705_20260814::capped_confirmation::microcap::false_alarm::limit_up_down_breadth_bottom::bottom::limit_up_down_breadth_v1_20120705_20260814::000018,limit_up_down_breadth_bottom,bottom,limit_up_down_breadth_v1_20120705_20260814,capped_confirmation,microcap,微盘股,false_alarm,False,limit_up_down_breadth_bottom::bottom::limit_up_down_breadth_v1_20120705_20260814::000018,2023-03-14,,,,,,,,,False,False,,,,,,2012-07-05,2026-08-14,,,,microcap_medium_bottom_20230425,prediction,single_lobe,nearest_region_for_slice_only
limit_up_down_breadth_bottom::bottom::limit_up_down_breadth_v1_20120705_20260814::capped_confirmation::microcap::duplicate_alarm::limit_up_down_breadth_bottom::bottom::limit_up_down_breadth_v1_20120705_20260814::000019,limit_up_down_breadth_bottom,bottom,limit_up_down_breadth_v1_20120705_20260814,capped_confirmation,microcap,微盘股,duplicate_alarm,False,limit_up_down_breadth_bottom::bottom::limit_up_down_breadth_v1_20120705_20260814::000019,2023-04-03,microcap_medium_bottom_20230425,2023-04-25,2023-04-24,2023-04-26,single_lobe,1,,prediction_window,False,False,prediction,-15,15,20,limit_up_down_breadth_bottom::bottom::limit_up_down_breadth_v1_20120705_20260814::000020,2012-07-05,2026-08-14,True,True,top_bottom_regions_v2,microcap_medium_bottom_20230425,prediction,single_lobe,duplicate_candidate
limit_up_down_breadth_bottom::bottom::limit_up_down_breadth_v1_20120705_20260814::capped_confirmation::microcap::matched::limit_up_down_breadth_bottom::bottom::limit_up_down_breadth_v1_20120705_20260814::000020,limit_up_down_breadth_bottom,bottom,limit_up_down_breadth_v1_20120705_20260814,capped_confirmation,microcap,微盘股,matched,True,limit_up_down_breadth_bottom::bottom::limit_up_down_breadth_v1_20120705_20260814::000020,2023-05-10,microcap_medium_bottom_20230425,2023-04-25,2023-04-24,2023-04-26,single_lobe,1,,confirmation_window,False,False,confirmation,8,8,10,limit_up_down_breadth_bottom::bottom::limit_up_down_breadth_v1_20120705_20260814::000020,2012-07-05,2026-08-14,True,True,top_bottom_regions_v2,microcap_medium_bottom_20230425,confirmation,single_lobe,primary_match
limit_up_down_breadth_bottom::bottom::limit_up_down_breadth_v1_20120705_20260814::capped_confirmation::microcap::duplicate_alarm::limit_up_down_breadth_bottom::bottom::limit_up_down_breadth_v1_20120705_20260814::000021,limit_up_down_breadth_bottom,bottom,limit_up_down_breadth_v1_20120705_20260814,capped_confirmation,microcap,微盘股,duplicate_alarm,False,limit_up_down_breadth_bottom::bottom::limit_up_down_breadth_v1_20120705_20260814::000021,2023-05-24,microcap_medium_bottom_20230425,2023-04-25,2023-04-24,2023-04-26,single_lobe,1,,confirmation_window,False,False,confirmation,18,18,20,limit_up_down_breadth_bottom::bottom::limit_up_down_breadth_v1_20120705_20260814::000020,2012-07-05,2026-08-14,True,True,top_bottom_regions_v2,microcap_medium_bottom_20230425,confirmation,single_lobe,duplicate_candidate
limit_up_down_breadth_bottom::bottom::limit_up_down_breadth_v1_20120705_20260814::capped_confirmation::microcap::missed_region::microcap_medium_bottom_20240208,limit_up_down_breadth_bottom,bottom,limit_up_down_breadth_v1_20120705_20260814,capped_confirmation,microcap,微盘股,missed_region,False,,,microcap_medium_bottom_20240208,2024-02-08,2024-02-08,2024-02-08,single_lobe,1,,,False,False,,,,,,2012-07-05,2026-08-14,True,True,top_bottom_regions_v2,,,,
limit_up_down_breadth_bottom::bottom::limit_up_down_breadth_v1_20120705_20260814::capped_confirmation::microcap::missed_region::microcap_medium_bottom_20240229,limit_up_down_breadth_bottom,bottom,limit_up_down_breadth_v1_20120705_20260814,capped_confirmation,microcap,微盘股,missed_region,False,,,microcap_medium_bottom_20240229,2024-02-29,2024-02-29,2024-02-29,single_lobe,1,,,False,False,,,,,,2012-07-05,2026-08-14,True,True,top_bottom_regions_v2,,,,
limit_up_down_breadth_bottom::bottom::limit_up_down_breadth_v1_20120705_20260814::capped_confirmation::microcap::missed_region::microcap_medium_bottom_20240417,limit_up_down_breadth_bottom,bottom,limit_up_down_breadth_v1_20120705_20260814,capped_confirmation,microcap,微盘股,missed_region,False,,,microcap_medium_bottom_20240417,2024-04-17,2024-04-16,2024-04-17,single_lobe,1,,,False,False,,,,,,2012-07-05,2026-08-14,True,True,top_bottom_regions_v2,,,,
limit_up_down_breadth_bottom::bottom::limit_up_down_breadth_v1_20120705_20260814::capped_confirmation::microcap::matched::limit_up_down_breadth_bottom::bottom::limit_up_down_breadth_v1_20120705_20260814::000022,limit_up_down_breadth_bottom,bottom,limit_up_down_breadth_v1_20120705_20260814,capped_confirmation,microcap,微盘股,matched,True,limit_up_down_breadth_bottom::bottom::limit_up_down_breadth_v1_20120705_20260814::000022,2024-06-12,microcap_medium_bottom_20240606,2024-06-06,2024-06-06,2024-06-06,single_lobe,1,,confirmation_window,False,False,confirmation,3,3,5,limit_up_down_breadth_bottom::bottom::limit_up_down_breadth_v1_20120705_20260814::000022,2012-07-05,2026-08-14,True,True,top_bottom_regions_v2,microcap_medium_bottom_20240606,confirmation,single_lobe,primary_match
limit_up_down_breadth_bottom::bottom::limit_up_down_breadth_v1_20120705_20260814::capped_confirmation::microcap::missed_region::microcap_medium_bottom_20241011,limit_up_down_breadth_bottom,bottom,limit_up_down_breadth_v1_20120705_20260814,capped_confirmation,microcap,微盘股,missed_region,False,,,microcap_medium_bottom_20241011,2024-10-11,2024-10-11,2024-10-14,single_lobe,1,,,False,False,,,,,,2012-07-05,2026-08-14,True,True,top_bottom_regions_v2,,,,
limit_up_down_breadth_bottom::bottom::limit_up_down_breadth_v1_20120705_20260814::capped_confirmation::microcap::missed_region::microcap_medium_bottom_20250106,limit_up_down_breadth_bottom,bottom,limit_up_down_breadth_v1_20120705_20260814,capped_confirmation,microcap,微盘股,missed_region,False,,,microcap_medium_bottom_20250106,2025-01-06,2025-01-06,2025-01-13,multi_lobe,2,,,False,False,,,,,,2012-07-05,2026-08-14,True,True,top_bottom_regions_v2,,,,
limit_up_down_breadth_bottom::bottom::limit_up_down_breadth_v1_20120705_20260814::capped_confirmation::microcap::missed_region::microcap_medium_bottom_20250409,limit_up_down_breadth_bottom,bottom,limit_up_down_breadth_v1_20120705_20260814,capped_confirmation,microcap,微盘股,missed_region,False,,,microcap_medium_bottom_20250409,2025-04-09,2025-04-09,2025-04-09,single_lobe,1,,,False,False,,,,,,2012-07-05,2026-08-14,True,True,top_bottom_regions_v2,,,,
limit_up_down_breadth_bottom::bottom::limit_up_down_breadth_v1_20120705_20260814::capped_confirmation::microcap::missed_region::microcap_medium_bottom_20260323,limit_up_down_breadth_bottom,bottom,limit_up_down_breadth_v1_20120705_20260814,capped_confirmation,microcap,微盘股,missed_region,False,,,microcap_medium_bottom_20260323,2026-03-23,2026-03-23,2026-03-24,single_lobe,1,,,False,False,,,,,,2012-07-05,2026-08-14,True,True,top_bottom_regions_v2,,,,
limit_up_down_breadth_bottom::bottom::limit_up_down_breadth_v1_20120705_20260814::capped_confirmation::microcap::matched::limit_up_down_breadth_bottom::bottom::limit_up_down_breadth_v1_20120705_20260814::000023,limit_up_down_breadth_bottom,bottom,limit_up_down_breadth_v1_20120705_20260814,capped_confirmation,microcap,微盘股,matched,True,limit_up_down_breadth_bottom::bottom::limit_up_down_breadth_v1_20120705_20260814::000023,2026-07-16,microcap_medium_bottom_20260721,2026-07-21,2026-07-21,2026-07-21,single_lobe,1,,prediction_window,False,False,prediction,-3,3,5,limit_up_down_breadth_bottom::bottom::limit_up_down_breadth_v1_20120705_20260814::000023,2012-07-05,2026-08-14,True,False,top_bottom_regions_v2,microcap_medium_bottom_20260721,prediction,single_lobe,primary_match
limit_up_down_breadth_bottom::bottom::limit_up_down_breadth_v1_20120705_20260814::capped_confirmation::sse_composite::missed_region::sse_composite_medium_bottom_20121204,limit_up_down_breadth_bottom,bottom,limit_up_down_breadth_v1_20120705_20260814,capped_confirmation,sse_composite,上证指数,missed_region,False,,,sse_composite_medium_bottom_20121204,2012-12-04,2012-11-28,2012-12-05,single_lobe,1,,,False,False,,,,,,2012-07-05,2026-08-14,True,True,top_bottom_regions_v2,,,,
limit_up_down_breadth_bottom::bottom::limit_up_down_breadth_v1_20120705_20260814::capped_confirmation::sse_composite::missed_region::sse_composite_medium_bottom_20130502,limit_up_down_breadth_bottom,bottom,limit_up_down_breadth_v1_20120705_20260814,capped_confirmation,sse_composite,上证指数,missed_region,False,,,sse_composite_medium_bottom_20130502,2013-05-02,2013-04-08,2013-05-03,multi_lobe,3,,,False,False,,,,,,2012-07-05,2026-08-14,True,True,top_bottom_regions_v2,,,,
limit_up_down_breadth_bottom::bottom::limit_up_down_breadth_v1_20120705_20260814::capped_confirmation::sse_composite::matched::limit_up_down_breadth_bottom::bottom::limit_up_down_breadth_v1_20120705_20260814::000001,limit_up_down_breadth_bottom,bottom,limit_up_down_breadth_v1_20120705_20260814,capped_confirmation,sse_composite,上证指数,matched,True,limit_up_down_breadth_bottom::bottom::limit_up_down_breadth_v1_20120705_20260814::000001,2013-06-28,sse_composite_medium_bottom_20130625,2013-06-25,2013-06-25,2013-06-25,single_lobe,1,,confirmation_window,False,False,confirmation,3,3,5,limit_up_down_breadth_bottom::bottom::limit_up_down_breadth_v1_20120705_20260814::000001,2012-07-05,2026-08-14,True,True,top_bottom_regions_v2,sse_composite_medium_bottom_20130625,confirmation,single_lobe,primary_match
limit_up_down_breadth_bottom::bottom::limit_up_down_breadth_v1_20120705_20260814::capped_confirmation::sse_composite::missed_region::sse_composite_medium_bottom_20131114,limit_up_down_breadth_bottom,bottom,limit_up_down_breadth_v1_20120705_20260814,capped_confirmation,sse_composite,上证指数,missed_region,False,,,sse_composite_medium_bottom_20131114,2013-11-14,2013-10-29,2013-11-15,multi_lobe,2,,,False,False,,,,,,2012-07-05,2026-08-14,True,True,top_bottom_regions_v2,,,,
limit_up_down_breadth_bottom::bottom::limit_up_down_breadth_v1_20120705_20260814::capped_confirmation::sse_composite::matched::limit_up_down_breadth_bottom::bottom::limit_up_down_breadth_v1_20120705_20260814::000002,limit_up_down_breadth_bottom,bottom,limit_up_down_breadth_v1_20120705_20260814,capped_confirmation,sse_composite,上证指数,matched,True,limit_up_down_breadth_bottom::bottom::limit_up_down_breadth_v1_20120705_20260814::000002,2014-01-14,sse_composite_medium_bottom_20140120,2014-01-20,2014-01-10,2014-02-07,multi_lobe,2,sse_composite_medium_bottom_20140120_lobe_01,core_lobe,True,True,prediction,-4,4,5,limit_up_down_breadth_bottom::bottom::limit_up_down_breadth_v1_20120705_20260814::000002,2012-07-05,2026-08-14,True,True,top_bottom_regions_v2,sse_composite_medium_bottom_20140120,prediction,multi_lobe,primary_match
limit_up_down_breadth_bottom::bottom::limit_up_down_breadth_v1_20120705_20260814::capped_confirmation::sse_composite::missed_region::sse_composite_medium_bottom_20140312,limit_up_down_breadth_bottom,bottom,limit_up_down_breadth_v1_20120705_20260814,capped_confirmation,sse_composite,上证指数,missed_region,False,,,sse_composite_medium_bottom_20140312,2014-03-12,2014-03-10,2014-03-21,multi_lobe,2,,,False,False,,,,,,2012-07-05,2026-08-14,True,True,top_bottom_regions_v2,,,,
limit_up_down_breadth_bottom::bottom::limit_up_down_breadth_v1_20120705_20260814::capped_confirmation::sse_composite::false_alarm::limit_up_down_breadth_bottom::bottom::limit_up_down_breadth_v1_20120705_20260814::000003,limit_up_down_breadth_bottom,bottom,limit_up_down_breadth_v1_20120705_20260814,capped_confirmation,sse_composite,上证指数,false_alarm,False,limit_up_down_breadth_bottom::bottom::limit_up_down_breadth_v1_20120705_20260814::000003,2014-05-08,,,,,,,,,False,False,,,,,,2012-07-05,2026-08-14,,,,sse_composite_medium_bottom_20140312,confirmation,multi_lobe,nearest_region_for_slice_only
limit_up_down_breadth_bottom::bottom::limit_up_down_breadth_v1_20120705_20260814::capped_confirmation::sse_composite::missed_region::sse_composite_medium_bottom_20141210,limit_up_down_breadth_bottom,bottom,limit_up_down_breadth_v1_20120705_20260814,capped_confirmation,sse_composite,上证指数,missed_region,False,,,sse_composite_medium_bottom_20141210,2014-12-10,2014-12-10,2014-12-10,single_lobe,1,,,False,False,,,,,,2012-07-05,2026-08-14,True,True,top_bottom_regions_v2,,,,
limit_up_down_breadth_bottom::bottom::limit_up_down_breadth_v1_20120705_20260814::capped_confirmation::sse_composite::missed_region::sse_composite_medium_bottom_20150119,limit_up_down_breadth_bottom,bottom,limit_up_down_breadth_v1_20120705_20260814,capped_confirmation,sse_composite,上证指数,missed_region,False,,,sse_composite_medium_bottom_20150119,2015-01-19,2015-01-19,2015-01-20,single_lobe,1,,,False,False,,,,,,2012-07-05,2026-08-14,True,True,top_bottom_regions_v2,,,,
limit_up_down_breadth_bottom::bottom::limit_up_down_breadth_v1_20120705_20260814::capped_confirmation::sse_composite::missed_region::sse_composite_medium_bottom_20150209,limit_up_down_breadth_bottom,bottom,limit_up_down_breadth_v1_20120705_20260814,capped_confirmation,sse_composite,上证指数,missed_region,False,,,sse_composite_medium_bottom_20150209,2015-02-09,2015-02-06,2015-02-10,single_lobe,1,,,False,False,,,,,,2012-07-05,2026-08-14,True,True,top_bottom_regions_v2,,,,
limit_up_down_breadth_bottom::bottom::limit_up_down_breadth_v1_20120705_20260814::capped_confirmation::sse_composite::missed_region::sse_composite_medium_bottom_20150508,limit_up_down_breadth_bottom,bottom,limit_up_down_breadth_v1_20120705_20260814,capped_confirmation,sse_composite,上证指数,missed_region,False,,,sse_composite_medium_bottom_20150508,2015-05-08,2015-05-07,2015-05-08,single_lobe,1,,,False,False,,,,,,2012-07-05,2026-08-14,True,True,top_bottom_regions_v2,,,,
limit_up_down_breadth_bottom::bottom::limit_up_down_breadth_v1_20120705_20260814::capped_confirmation::sse_composite::missed_region::sse_composite_medium_bottom_20150529,limit_up_down_breadth_bottom,bottom,limit_up_down_breadth_v1_20120705_20260814,capped_confirmation,sse_composite,上证指数,missed_region,False,,,sse_composite_medium_bottom_20150529,2015-05-29,2015-05-29,2015-05-29,single_lobe,1,,,False,False,,,,,,2012-07-05,2026-08-14,True,True,top_bottom_regions_v2,,,,
limit_up_down_breadth_bottom::bottom::limit_up_down_breadth_v1_20120705_20260814::capped_confirmation::sse_composite::missed_region::sse_composite_medium_bottom_20150623,limit_up_down_breadth_bottom,bottom,limit_up_down_breadth_v1_20120705_20260814,capped_confirmation,sse_composite,上证指数,missed_region,False,,,sse_composite_medium_bottom_20150623,2015-06-23,2015-06-23,2015-06-23,single_lobe,1,,,False,False,,,,,,2012-07-05,2026-08-14,True,True,top_bottom_regions_v2,,,,
limit_up_down_breadth_bottom::bottom::limit_up_down_breadth_v1_20120705_20260814::capped_confirmation::sse_composite::missed_region::sse_composite_medium_bottom_20150630,limit_up_down_breadth_bottom,bottom,limit_up_down_breadth_v1_20120705_20260814,capped_confirmation,sse_composite,上证指数,missed_region,False,,,sse_composite_medium_bottom_20150630,2015-06-30,2015-06-29,2015-06-30,single_lobe,1,,,False,False,,,,,,2012-07-05,2026-08-14,True,True,top_bottom_regions_v2,,,,
limit_up_down_breadth_bottom::bottom::limit_up_down_breadth_v1_20120705_20260814::capped_confirmation::sse_composite::missed_region::sse_composite_medium_bottom_20150703,limit_up_down_breadth_bottom,bottom,limit_up_down_breadth_v1_20120705_20260814,capped_confirmation,sse_composite,上证指数,missed_region,False,,,sse_composite_medium_bottom_20150703,2015-07-03,2015-07-03,2015-07-03,single_lobe,1,,,False,False,,,,,,2012-07-05,2026-08-14,True,True,top_bottom_regions_v2,,,,
limit_up_down_breadth_bottom::bottom::limit_up_down_breadth_v1_20120705_20260814::capped_confirmation::sse_composite::missed_region::sse_composite_medium_bottom_20150709,limit_up_down_breadth_bottom,bottom,limit_up_down_breadth_v1_20120705_20260814,capped_confirmation,sse_composite,上证指数,missed_region,False,,,sse_composite_medium_bottom_20150709,2015-07-09,2015-07-08,2015-07-09,single_lobe,1,,,False,False,,,,,,2012-07-05,2026-08-14,True,True,top_bottom_regions_v2,,,,
limit_up_down_breadth_bottom::bottom::limit_up_down_breadth_v1_20120705_20260814::capped_confirmation::sse_composite::missed_region::sse_composite_medium_bottom_20150716,limit_up_down_breadth_bottom,bottom,limit_up_down_breadth_v1_20120705_20260814,capped_confirmation,sse_composite,上证指数,missed_region,False,,,sse_composite_medium_bottom_20150716,2015-07-16,2015-07-16,2015-07-16,single_lobe,1,,,False,False,,,,,,2012-07-05,2026-08-14,True,True,top_bottom_regions_v2,,,,
limit_up_down_breadth_bottom::bottom::limit_up_down_breadth_v1_20120705_20260814::capped_confirmation::sse_composite::missed_region::sse_composite_medium_bottom_20150728,limit_up_down_breadth_bottom,bottom,limit_up_down_breadth_v1_20120705_20260814,capped_confirmation,sse_composite,上证指数,missed_region,False,,,sse_composite_medium_bottom_20150728,2015-07-28,2015-07-28,2015-08-03,multi_lobe,2,,,False,False,,,,,,2012-07-05,2026-08-14,True,True,top_bottom_regions_v2,,,,
limit_up_down_breadth_bottom::bottom::limit_up_down_breadth_v1_20120705_20260814::capped_confirmation::sse_composite::missed_region::sse_composite_medium_bottom_20150826,limit_up_down_breadth_bottom,bottom,limit_up_down_breadth_v1_20120705_20260814,capped_confirmation,sse_composite,上证指数,missed_region,False,,,sse_composite_medium_bottom_20150826,2015-08-26,2015-08-26,2015-08-26,single_lobe,1,,,False,False,,,,,,2012-07-05,2026-08-14,True,True,top_bottom_regions_v2,,,,
limit_up_down_breadth_bottom::bottom::limit_up_down_breadth_v1_20120705_20260814::capped_confirmation::sse_composite::missed_region::sse_composite_medium_bottom_20150916,limit_up_down_breadth_bottom,bottom,limit_up_down_breadth_v1_20120705_20260814,capped_confirmation,sse_composite,上证指数,missed_region,False,,,sse_composite_medium_bottom_20150916,2015-09-16,2015-09-15,2015-09-29,multi_lobe,2,,,False,False,,,,,,2012-07-05,2026-08-14,True,True,top_bottom_regions_v2,,,,
limit_up_down_breadth_bottom::bottom::limit_up_down_breadth_v1_20120705_20260814::capped_confirmation::sse_composite::missed_region::sse_composite_medium_bottom_20151130,limit_up_down_breadth_bottom,bottom,limit_up_down_breadth_v1_20120705_20260814,capped_confirmation,sse_composite,上证指数,missed_region,False,,,sse_composite_medium_bottom_20151130,2015-11-30,2015-11-30,2015-11-30,single_lobe,1,,,False,False,,,,,,2012-07-05,2026-08-14,True,True,top_bottom_regions_v2,,,,
limit_up_down_breadth_bottom::bottom::limit_up_down_breadth_v1_20120705_20260814::capped_confirmation::sse_composite::missed_region::sse_composite_medium_bottom_20160127,limit_up_down_breadth_bottom,bottom,limit_up_down_breadth_v1_20120705_20260814,capped_confirmation,sse_composite,上证指数,missed_region,False,,,sse_composite_medium_bottom_20160127,2016-01-27,2016-01-27,2016-02-01,single_lobe,1,,,False,False,,,,,,2012-07-05,2026-08-14,True,True,top_bottom_regions_v2,,,,
limit_up_down_breadth_bottom::bottom::limit_up_down_breadth_v1_20120705_20260814::capped_confirmation::sse_composite::missed_region::sse_composite_medium_bottom_20160229,limit_up_down_breadth_bottom,bottom,limit_up_down_breadth_v1_20120705_20260814,capped_confirmation,sse_composite,上证指数,missed_region,False,,,sse_composite_medium_bottom_20160229,2016-02-29,2016-02-29,2016-03-01,single_lobe,1,,,False,False,,,,,,2012-07-05,2026-08-14,True,True,top_bottom_regions_v2,,,,
limit_up_down_breadth_bottom::bottom::limit_up_down_breadth_v1_20120705_20260814::capped_confirmation::sse_composite::missed_region::sse_composite_medium_bottom_20160526,limit_up_down_breadth_bottom,bottom,limit_up_down_breadth_v1_20120705_20260814,capped_confirmation,sse_composite,上证指数,missed_region,False,,,sse_composite_medium_bottom_20160526,2016-05-26,2016-05-09,2016-06-24,multi_lobe,5,,,False,False,,,,,,2012-07-05,2026-08-14,True,True,top_bottom_regions_v2,,,,
limit_up_down_breadth_bottom::bottom::limit_up_down_breadth_v1_20120705_20260814::capped_confirmation::sse_composite::false_alarm::limit_up_down_breadth_bottom::bottom::limit_up_down_breadth_v1_20120705_20260814::000004,limit_up_down_breadth_bottom,bottom,limit_up_down_breadth_v1_20120705_20260814,capped_confirmation,sse_composite,上证指数,false_alarm,False,limit_up_down_breadth_bottom::bottom::limit_up_down_breadth_v1_20120705_20260814::000004,2017-03-06,,,,,,,,,False,False,,,,,,2012-07-05,2026-08-14,,,,sse_composite_medium_bottom_20170511,prediction,multi_lobe,nearest_region_for_slice_only
limit_up_down_breadth_bottom::bottom::limit_up_down_breadth_v1_20120705_20260814::capped_confirmation::sse_composite::matched::limit_up_down_breadth_bottom::bottom::limit_up_down_breadth_v1_20120705_20260814::000005,limit_up_down_breadth_bottom,bottom,limit_up_down_breadth_v1_20120705_20260814,capped_confirmation,sse_composite,上证指数,matched,True,limit_up_down_breadth_bottom::bottom::limit_up_down_breadth_v1_20120705_20260814::000005,2017-04-26,sse_composite_medium_bottom_20170511,2017-05-11,2017-05-09,2017-05-25,multi_lobe,3,,prediction_window,False,False,prediction,-10,10,10,limit_up_down_breadth_bottom::bottom::limit_up_down_breadth_v1_20120705_20260814::000005,2012-07-05,2026-08-14,True,True,top_bottom_regions_v2,sse_composite_medium_bottom_20170511,prediction,multi_lobe,primary_match
limit_up_down_breadth_bottom::bottom::limit_up_down_breadth_v1_20120705_20260814::capped_confirmation::sse_composite::false_alarm::limit_up_down_breadth_bottom::bottom::limit_up_down_breadth_v1_20120705_20260814::000006,limit_up_down_breadth_bottom,bottom,limit_up_down_breadth_v1_20120705_20260814,capped_confirmation,sse_composite,上证指数,false_alarm,False,limit_up_down_breadth_bottom::bottom::limit_up_down_breadth_v1_20120705_20260814::000006,2017-06-30,,,,,,,,,False,False,,,,,,2012-07-05,2026-08-14,,,,sse_composite_medium_bottom_20170511,confirmation,multi_lobe,nearest_region_for_slice_only
limit_up_down_breadth_bottom::bottom::limit_up_down_breadth_v1_20120705_20260814::capped_confirmation::sse_composite::false_alarm::limit_up_down_breadth_bottom::bottom::limit_up_down_breadth_v1_20120705_20260814::000007,limit_up_down_breadth_bottom,bottom,limit_up_down_breadth_v1_20120705_20260814,capped_confirmation,sse_composite,上证指数,false_alarm,False,limit_up_down_breadth_bottom::bottom::limit_up_down_breadth_v1_20120705_20260814::000007,2017-11-07,,,,,,,,,False,False,,,,,,2012-07-05,2026-08-14,,,,sse_composite_medium_bottom_20180209,prediction,single_lobe,nearest_region_for_slice_only
limit_up_down_breadth_bottom::bottom::limit_up_down_breadth_v1_20120705_20260814::capped_confirmation::sse_composite::missed_region::sse_composite_medium_bottom_20180209,limit_up_down_breadth_bottom,bottom,limit_up_down_breadth_v1_20120705_20260814,capped_confirmation,sse_composite,上证指数,missed_region,False,,,sse_composite_medium_bottom_20180209,2018-02-09,2018-02-09,2018-02-09,single_lobe,1,,,False,False,,,,,,2012-07-05,2026-08-14,True,True,top_bottom_regions_v2,,,,
limit_up_down_breadth_bottom::bottom::limit_up_down_breadth_v1_20120705_20260814::capped_confirmation::sse_composite::matched::limit_up_down_breadth_bottom::bottom::limit_up_down_breadth_v1_20120705_20260814::000008,limit_up_down_breadth_bottom,bottom,limit_up_down_breadth_v1_20120705_20260814,capped_confirmation,sse_composite,上证指数,matched,True,limit_up_down_breadth_bottom::bottom::limit_up_down_breadth_v1_20120705_20260814::000008,2018-06-11,sse_composite_medium_bottom_20180706,2018-07-06,2018-07-03,2018-07-06,multi_lobe,2,,prediction_window,False,False,prediction,-18,18,20,limit_up_down_breadth_bottom::bottom::limit_up_down_breadth_v1_20120705_20260814::000008,2012-07-05,2026-08-14,True,True,top_bottom_regions_v2,sse_composite_medium_bottom_20180706,prediction,multi_lobe,primary_match
limit_up_down_breadth_bottom::bottom::limit_up_down_breadth_v1_20120705_20260814::capped_confirmation::sse_composite::missed_region::sse_composite_medium_bottom_20181019,limit_up_down_breadth_bottom,bottom,limit_up_down_breadth_v1_20120705_20260814,capped_confirmation,sse_composite,上证指数,missed_region,False,,,sse_composite_medium_bottom_20181019,2018-10-19,2018-10-18,2018-10-19,single_lobe,1,,,False,False,,,,,,2012-07-05,2026-08-14,True,True,top_bottom_regions_v2,,,,
limit_up_down_breadth_bottom::bottom::limit_up_down_breadth_v1_20120705_20260814::capped_confirmation::sse_composite::missed_region::sse_composite_medium_bottom_20190104,limit_up_down_breadth_bottom,bottom,limit_up_down_breadth_v1_20120705_20260814,capped_confirmation,sse_composite,上证指数,missed_region,False,,,sse_composite_medium_bottom_20190104,2019-01-04,2018-12-25,2019-01-04,multi_lobe,2,,,False,False,,,,,,2012-07-05,2026-08-14,True,True,top_bottom_regions_v2,,,,
limit_up_down_breadth_bottom::bottom::limit_up_down_breadth_v1_20120705_20260814::capped_confirmation::sse_composite::matched::limit_up_down_breadth_bottom::bottom::limit_up_down_breadth_v1_20120705_20260814::000009,limit_up_down_breadth_bottom,bottom,limit_up_down_breadth_v1_20120705_20260814,capped_confirmation,sse_composite,上证指数,matched,True,limit_up_down_breadth_bottom::bottom::limit_up_down_breadth_v1_20120705_20260814::000009,2019-06-17,sse_composite_medium_bottom_20190606,2019-06-06,2019-05-10,2019-06-11,multi_lobe,4,,confirmation_window,False,False,confirmation,6,6,10,limit_up_down_breadth_bottom::bottom::limit_up_down_breadth_v1_20120705_20260814::000009,2012-07-05,2026-08-14,True,True,top_bottom_regions_v2,sse_composite_medium_bottom_20190606,confirmation,multi_lobe,primary_match
limit_up_down_breadth_bottom::bottom::limit_up_down_breadth_v1_20120705_20260814::capped_confirmation::sse_composite::missed_region::sse_composite_medium_bottom_20190806,limit_up_down_breadth_bottom,bottom,limit_up_down_breadth_v1_20120705_20260814,capped_confirmation,sse_composite,上证指数,missed_region,False,,,sse_composite_medium_bottom_20190806,2019-08-06,2019-08-06,2019-08-15,multi_lobe,3,,,False,False,,,,,,2012-07-05,2026-08-14,True,True,top_bottom_regions_v2,,,,
limit_up_down_breadth_bottom::bottom::limit_up_down_breadth_v1_20120705_20260814::capped_confirmation::sse_composite::false_alarm::limit_up_down_breadth_bottom::bottom::limit_up_down_breadth_v1_20120705_20260814::000010,limit_up_down_breadth_bottom,bottom,limit_up_down_breadth_v1_20120705_20260814,capped_confirmation,sse_composite,上证指数,false_alarm,False,limit_up_down_breadth_bottom::bottom::limit_up_down_breadth_v1_20120705_20260814::000010,2019-11-07,,,,,,,,,False,False,,,,,,2012-07-05,2026-08-14,,,,sse_composite_medium_bottom_20200204,prediction,single_lobe,nearest_region_for_slice_only
limit_up_down_breadth_bottom::bottom::limit_up_down_breadth_v1_20120705_20260814::capped_confirmation::sse_composite::missed_region::sse_composite_medium_bottom_20200204,limit_up_down_breadth_bottom,bottom,limit_up_down_breadth_v1_20120705_20260814,capped_confirmation,sse_composite,上证指数,missed_region,False,,,sse_composite_medium_bottom_20200204,2020-02-04,2020-02-03,2020-02-04,single_lobe,1,,,False,False,,,,,,2012-07-05,2026-08-14,True,True,top_bottom_regions_v2,,,,
limit_up_down_breadth_bottom::bottom::limit_up_down_breadth_v1_20120705_20260814::capped_confirmation::sse_composite::missed_region::sse_composite_medium_bottom_20200319,limit_up_down_breadth_bottom,bottom,limit_up_down_breadth_v1_20120705_20260814,capped_confirmation,sse_composite,上证指数,missed_region,False,,,sse_composite_medium_bottom_20200319,2020-03-19,2020-03-19,2020-03-24,multi_lobe,2,,,False,False,,,,,,2012-07-05,2026-08-14,True,True,top_bottom_regions_v2,,,,
limit_up_down_breadth_bottom::bottom::limit_up_down_breadth_v1_20120705_20260814::capped_confirmation::sse_composite::missed_region::sse_composite_medium_bottom_20200727,limit_up_down_breadth_bottom,bottom,limit_up_down_breadth_v1_20120705_20260814,capped_confirmation,sse_composite,上证指数,missed_region,False,,,sse_composite_medium_bottom_20200727,2020-07-27,2020-07-24,2020-07-29,single_lobe,1,,,False,False,,,,,,2012-07-05,2026-08-14,True,True,top_bottom_regions_v2,,,,
limit_up_down_breadth_bottom::bottom::limit_up_down_breadth_v1_20120705_20260814::capped_confirmation::sse_composite::false_alarm::limit_up_down_breadth_bottom::bottom::limit_up_down_breadth_v1_20120705_20260814::000011,limit_up_down_breadth_bottom,bottom,limit_up_down_breadth_v1_20120705_20260814,capped_confirmation,sse_composite,上证指数,false_alarm,False,limit_up_down_breadth_bottom::bottom::limit_up_down_breadth_v1_20120705_20260814::000011,2020-09-18,,,,,,,,,False,False,,,,,,2012-07-05,2026-08-14,,,,sse_composite_medium_bottom_20200727,confirmation,single_lobe,nearest_region_for_slice_only
limit_up_down_breadth_bottom::bottom::limit_up_down_breadth_v1_20120705_20260814::capped_confirmation::sse_composite::false_alarm::limit_up_down_breadth_bottom::bottom::limit_up_down_breadth_v1_20120705_20260814::000012,limit_up_down_breadth_bottom,bottom,limit_up_down_breadth_v1_20120705_20260814,capped_confirmation,sse_composite,上证指数,false_alarm,False,limit_up_down_breadth_bottom::bottom::limit_up_down_breadth_v1_20120705_20260814::000012,2020-10-30,,,,,,,,,False,False,,,,,,2012-07-05,2026-08-14,,,,sse_composite_medium_bottom_20200727,confirmation,single_lobe,nearest_region_for_slice_only
limit_up_down_breadth_bottom::bottom::limit_up_down_breadth_v1_20120705_20260814::capped_confirmation::sse_composite::false_alarm::limit_up_down_breadth_bottom::bottom::limit_up_down_breadth_v1_20120705_20260814::000013,limit_up_down_breadth_bottom,bottom,limit_up_down_breadth_v1_20120705_20260814,capped_confirmation,sse_composite,上证指数,false_alarm,False,limit_up_down_breadth_bottom::bottom::limit_up_down_breadth_v1_20120705_20260814::000013,2020-11-09,,,,,,,,,False,False,,,,,,2012-07-05,2026-08-14,,,,sse_composite_medium_bottom_20200727,confirmation,single_lobe,nearest_region_for_slice_only
limit_up_down_breadth_bottom::bottom::limit_up_down_breadth_v1_20120705_20260814::capped_confirmation::sse_composite::missed_region::sse_composite_medium_bottom_20210309,limit_up_down_breadth_bottom,bottom,limit_up_down_breadth_v1_20120705_20260814,capped_confirmation,sse_composite,上证指数,missed_region,False,,,sse_composite_medium_bottom_20210309,2021-03-09,2021-03-09,2021-03-26,multi_lobe,2,,,False,False,,,,,,2012-07-05,2026-08-14,True,True,top_bottom_regions_v2,,,,
limit_up_down_breadth_bottom::bottom::limit_up_down_breadth_v1_20120705_20260814::capped_confirmation::sse_composite::missed_region::sse_composite_medium_bottom_20210728,limit_up_down_breadth_bottom,bottom,limit_up_down_breadth_v1_20120705_20260814,capped_confirmation,sse_composite,上证指数,missed_region,False,,,sse_composite_medium_bottom_20210728,2021-07-28,2021-07-28,2021-07-28,single_lobe,1,,,False,False,,,,,,2012-07-05,2026-08-14,True,True,top_bottom_regions_v2,,,,
limit_up_down_breadth_bottom::bottom::limit_up_down_breadth_v1_20120705_20260814::capped_confirmation::sse_composite::false_alarm::limit_up_down_breadth_bottom::bottom::limit_up_down_breadth_v1_20120705_20260814::000014,limit_up_down_breadth_bottom,bottom,limit_up_down_breadth_v1_20120705_20260814,capped_confirmation,sse_composite,上证指数,false_alarm,False,limit_up_down_breadth_bottom::bottom::limit_up_down_breadth_v1_20120705_20260814::000014,2022-02-07,,,,,,,,,False,False,,,,,,2012-07-05,2026-08-14,,,,sse_composite_medium_bottom_20220316,prediction,single_lobe,nearest_region_for_slice_only
limit_up_down_breadth_bottom::bottom::limit_up_down_breadth_v1_20120705_20260814::capped_confirmation::sse_composite::missed_region::sse_composite_medium_bottom_20220316,limit_up_down_breadth_bottom,bottom,limit_up_down_breadth_v1_20120705_20260814,capped_confirmation,sse_composite,上证指数,missed_region,False,,,sse_composite_medium_bottom_20220316,2022-03-16,2022-03-15,2022-03-16,single_lobe,1,,,False,False,,,,,,2012-07-05,2026-08-14,True,True,top_bottom_regions_v2,,,,
limit_up_down_breadth_bottom::bottom::limit_up_down_breadth_v1_20120705_20260814::capped_confirmation::sse_composite::duplicate_alarm::limit_up_down_breadth_bottom::bottom::limit_up_down_breadth_v1_20120705_20260814::000015,limit_up_down_breadth_bottom,bottom,limit_up_down_breadth_v1_20120705_20260814,capped_confirmation,sse_composite,上证指数,duplicate_alarm,False,limit_up_down_breadth_bottom::bottom::limit_up_down_breadth_v1_20120705_20260814::000015,2022-04-19,sse_composite_medium_bottom_20220427,2022-04-27,2022-04-26,2022-04-27,single_lobe,1,,prediction_window,False,False,prediction,-6,6,10,limit_up_down_breadth_bottom::bottom::limit_up_down_breadth_v1_20120705_20260814::000016,2012-07-05,2026-08-14,True,True,top_bottom_regions_v2,sse_composite_medium_bottom_20220427,prediction,single_lobe,duplicate_candidate
limit_up_down_breadth_bottom::bottom::limit_up_down_breadth_v1_20120705_20260814::capped_confirmation::sse_composite::matched::limit_up_down_breadth_bottom::bottom::limit_up_down_breadth_v1_20120705_20260814::000016,limit_up_down_breadth_bottom,bottom,limit_up_down_breadth_v1_20120705_20260814,capped_confirmation,sse_composite,上证指数,matched,True,limit_up_down_breadth_bottom::bottom::limit_up_down_breadth_v1_20120705_20260814::000016,2022-04-29,sse_composite_medium_bottom_20220427,2022-04-27,2022-04-26,2022-04-27,single_lobe,1,,confirmation_window,False,False,confirmation,2,2,5,limit_up_down_breadth_bottom::bottom::limit_up_down_breadth_v1_20120705_20260814::000016,2012-07-05,2026-08-14,True,True,top_bottom_regions_v2,sse_composite_medium_bottom_20220427,confirmation,single_lobe,primary_match
limit_up_down_breadth_bottom::bottom::limit_up_down_breadth_v1_20120705_20260814::capped_confirmation::sse_composite::false_alarm::limit_up_down_breadth_bottom::bottom::limit_up_down_breadth_v1_20120705_20260814::000017,limit_up_down_breadth_bottom,bottom,limit_up_down_breadth_v1_20120705_20260814,capped_confirmation,sse_composite,上证指数,false_alarm,False,limit_up_down_breadth_bottom::bottom::limit_up_down_breadth_v1_20120705_20260814::000017,2022-09-23,,,,,,,,,False,False,,,,,,2012-07-05,2026-08-14,,,,sse_composite_medium_bottom_20221031,prediction,single_lobe,nearest_region_for_slice_only
limit_up_down_breadth_bottom::bottom::limit_up_down_breadth_v1_20120705_20260814::capped_confirmation::sse_composite::missed_region::sse_composite_medium_bottom_20221031,limit_up_down_breadth_bottom,bottom,limit_up_down_breadth_v1_20120705_20260814,capped_confirmation,sse_composite,上证指数,missed_region,False,,,sse_composite_medium_bottom_20221031,2022-10-31,2022-10-28,2022-11-01,single_lobe,1,,,False,False,,,,,,2012-07-05,2026-08-14,True,True,top_bottom_regions_v2,,,,
limit_up_down_breadth_bottom::bottom::limit_up_down_breadth_v1_20120705_20260814::capped_confirmation::sse_composite::false_alarm::limit_up_down_breadth_bottom::bottom::limit_up_down_breadth_v1_20120705_20260814::000018,limit_up_down_breadth_bottom,bottom,limit_up_down_breadth_v1_20120705_20260814,capped_confirmation,sse_composite,上证指数,false_alarm,False,limit_up_down_breadth_bottom::bottom::limit_up_down_breadth_v1_20120705_20260814::000018,2023-03-14,,,,,,,,,False,False,,,,,,2012-07-05,2026-08-14,,,,sse_composite_medium_bottom_20221031,confirmation,single_lobe,nearest_region_for_slice_only
limit_up_down_breadth_bottom::bottom::limit_up_down_breadth_v1_20120705_20260814::capped_confirmation::sse_composite::false_alarm::limit_up_down_breadth_bottom::bottom::limit_up_down_breadth_v1_20120705_20260814::000019,limit_up_down_breadth_bottom,bottom,limit_up_down_breadth_v1_20120705_20260814,capped_confirmation,sse_composite,上证指数,false_alarm,False,limit_up_down_breadth_bottom::bottom::limit_up_down_breadth_v1_20120705_20260814::000019,2023-04-03,,,,,,,,,False,False,,,,,,2012-07-05,2026-08-14,,,,sse_composite_medium_bottom_20221031,confirmation,single_lobe,nearest_region_for_slice_only
limit_up_down_breadth_bottom::bottom::limit_up_down_breadth_v1_20120705_20260814::capped_confirmation::sse_composite::false_alarm::limit_up_down_breadth_bottom::bottom::limit_up_down_breadth_v1_20120705_20260814::000020,limit_up_down_breadth_bottom,bottom,limit_up_down_breadth_v1_20120705_20260814,capped_confirmation,sse_composite,上证指数,false_alarm,False,limit_up_down_breadth_bottom::bottom::limit_up_down_breadth_v1_20120705_20260814::000020,2023-05-10,,,,,,,,,False,False,,,,,,2012-07-05,2026-08-14,,,,sse_composite_medium_bottom_20221031,confirmation,single_lobe,nearest_region_for_slice_only
limit_up_down_breadth_bottom::bottom::limit_up_down_breadth_v1_20120705_20260814::capped_confirmation::sse_composite::false_alarm::limit_up_down_breadth_bottom::bottom::limit_up_down_breadth_v1_20120705_20260814::000021,limit_up_down_breadth_bottom,bottom,limit_up_down_breadth_v1_20120705_20260814,capped_confirmation,sse_composite,上证指数,false_alarm,False,limit_up_down_breadth_bottom::bottom::limit_up_down_breadth_v1_20120705_20260814::000021,2023-05-24,,,,,,,,,False,False,,,,,,2012-07-05,2026-08-14,,,,sse_composite_medium_bottom_20221031,confirmation,single_lobe,nearest_region_for_slice_only
limit_up_down_breadth_bottom::bottom::limit_up_down_breadth_v1_20120705_20260814::capped_confirmation::sse_composite::missed_region::sse_composite_medium_bottom_20240205,limit_up_down_breadth_bottom,bottom,limit_up_down_breadth_v1_20120705_20260814,capped_confirmation,sse_composite,上证指数,missed_region,False,,,sse_composite_medium_bottom_20240205,2024-02-05,2024-02-02,2024-02-06,single_lobe,1,,,False,False,,,,,,2012-07-05,2026-08-14,True,True,top_bottom_regions_v2,,,,
limit_up_down_breadth_bottom::bottom::limit_up_down_breadth_v1_20120705_20260814::capped_confirmation::sse_composite::false_alarm::limit_up_down_breadth_bottom::bottom::limit_up_down_breadth_v1_20120705_20260814::000022,limit_up_down_breadth_bottom,bottom,limit_up_down_breadth_v1_20120705_20260814,capped_confirmation,sse_composite,上证指数,false_alarm,False,limit_up_down_breadth_bottom::bottom::limit_up_down_breadth_v1_20120705_20260814::000022,2024-06-12,,,,,,,,,False,False,,,,,,2012-07-05,2026-08-14,,,,sse_composite_medium_bottom_20240918,prediction,single_lobe,nearest_region_for_slice_only
limit_up_down_breadth_bottom::bottom::limit_up_down_breadth_v1_20120705_20260814::capped_confirmation::sse_composite::missed_region::sse_composite_medium_bottom_20240918,limit_up_down_breadth_bottom,bottom,limit_up_down_breadth_v1_20120705_20260814,capped_confirmation,sse_composite,上证指数,missed_region,False,,,sse_composite_medium_bottom_20240918,2024-09-18,2024-09-09,2024-09-23,single_lobe,1,,,False,False,,,,,,2012-07-05,2026-08-14,True,True,top_bottom_regions_v2,,,,
limit_up_down_breadth_bottom::bottom::limit_up_down_breadth_v1_20120705_20260814::capped_confirmation::sse_composite::missed_region::sse_composite_medium_bottom_20241018,limit_up_down_breadth_bottom,bottom,limit_up_down_breadth_v1_20120705_20260814,capped_confirmation,sse_composite,上证指数,missed_region,False,,,sse_composite_medium_bottom_20241018,2024-10-18,2024-10-15,2024-10-18,single_lobe,1,,,False,False,,,,,,2012-07-05,2026-08-14,True,True,top_bottom_regions_v2,,,,
limit_up_down_breadth_bottom::bottom::limit_up_down_breadth_v1_20120705_20260814::capped_confirmation::sse_composite::missed_region::sse_composite_medium_bottom_20241127,limit_up_down_breadth_bottom,bottom,limit_up_down_breadth_v1_20120705_20260814,capped_confirmation,sse_composite,上证指数,missed_region,False,,,sse_composite_medium_bottom_20241127,2024-11-27,2024-11-22,2024-11-27,single_lobe,1,,,False,False,,,,,,2012-07-05,2026-08-14,True,True,top_bottom_regions_v2,,,,
limit_up_down_breadth_bottom::bottom::limit_up_down_breadth_v1_20120705_20260814::capped_confirmation::sse_composite::missed_region::sse_composite_medium_bottom_20250113,limit_up_down_breadth_bottom,bottom,limit_up_down_breadth_v1_20120705_20260814,capped_confirmation,sse_composite,上证指数,missed_region,False,,,sse_composite_medium_bottom_20250113,2025-01-13,2025-01-06,2025-01-14,multi_lobe,2,,,False,False,,,,,,2012-07-05,2026-08-14,True,True,top_bottom_regions_v2,,,,
limit_up_down_breadth_bottom::bottom::limit_up_down_breadth_v1_20120705_20260814::capped_confirmation::sse_composite::missed_region::sse_composite_medium_bottom_20250407,limit_up_down_breadth_bottom,bottom,limit_up_down_breadth_v1_20120705_20260814,capped_confirmation,sse_composite,上证指数,missed_region,False,,,sse_composite_medium_bottom_20250407,2025-04-07,2025-04-07,2025-04-09,single_lobe,1,,,False,False,,,,,,2012-07-05,2026-08-14,True,True,top_bottom_regions_v2,,,,
limit_up_down_breadth_bottom::bottom::limit_up_down_breadth_v1_20120705_20260814::capped_confirmation::sse_composite::missed_region::sse_composite_medium_bottom_20260323,limit_up_down_breadth_bottom,bottom,limit_up_down_breadth_v1_20120705_20260814,capped_confirmation,sse_composite,上证指数,missed_region,False,,,sse_composite_medium_bottom_20260323,2026-03-23,2026-03-23,2026-03-27,multi_lobe,2,,,False,False,,,,,,2012-07-05,2026-08-14,True,True,top_bottom_regions_v2,,,,
limit_up_down_breadth_bottom::bottom::limit_up_down_breadth_v1_20120705_20260814::capped_confirmation::sse_composite::false_alarm::limit_up_down_breadth_bottom::bottom::limit_up_down_breadth_v1_20120705_20260814::000023,limit_up_down_breadth_bottom,bottom,limit_up_down_breadth_v1_20120705_20260814,capped_confirmation,sse_composite,上证指数,false_alarm,False,limit_up_down_breadth_bottom::bottom::limit_up_down_breadth_v1_20120705_20260814::000023,2026-07-16,,,,,,,,,False,False,,,,,,2012-07-05,2026-08-14,,,,sse_composite_medium_bottom_20260323,confirmation,multi_lobe,nearest_region_for_slice_only
limit_up_down_breadth_top::top::limit_up_down_breadth_v1_20120705_20260814::capped_confirmation::all_a::false_alarm::limit_up_down_breadth_top::top::limit_up_down_breadth_v1_20120705_20260814::000001,limit_up_down_breadth_top,top,limit_up_down_breadth_v1_20120705_20260814,capped_confirmation,all_a,全A,false_alarm,False,limit_up_down_breadth_top::top::limit_up_down_breadth_v1_20120705_20260814::000001,2012-09-13,,,,,,,,,False,False,,,,,,2012-07-05,2026-08-14,,,,all_a_medium_top_20130218,prediction,multi_lobe,nearest_region_for_slice_only
limit_up_down_breadth_top::top::limit_up_down_breadth_v1_20120705_20260814::capped_confirmation::all_a::false_alarm::limit_up_down_breadth_top::top::limit_up_down_breadth_v1_20120705_20260814::000002,limit_up_down_breadth_top,top,limit_up_down_breadth_v1_20120705_20260814,capped_confirmation,all_a,全A,false_alarm,False,limit_up_down_breadth_top::top::limit_up_down_breadth_v1_20120705_20260814::000002,2012-12-18,,,,,,,,,False,False,,,,,,2012-07-05,2026-08-14,,,,all_a_medium_top_20130218,prediction,multi_lobe,nearest_region_for_slice_only
limit_up_down_breadth_top::top::limit_up_down_breadth_v1_20120705_20260814::capped_confirmation::all_a::duplicate_alarm::limit_up_down_breadth_top::top::limit_up_down_breadth_v1_20120705_20260814::000003,limit_up_down_breadth_top,top,limit_up_down_breadth_v1_20120705_20260814,capped_confirmation,all_a,全A,duplicate_alarm,False,limit_up_down_breadth_top::top::limit_up_down_breadth_v1_20120705_20260814::000003,2013-01-22,all_a_medium_top_20130218,2013-02-18,2013-02-04,2013-03-01,multi_lobe,2,,prediction_window,False,False,prediction,-14,14,20,limit_up_down_breadth_top::top::limit_up_down_breadth_v1_20120705_20260814::000004,2012-07-05,2026-08-14,True,True,top_bottom_regions_v2,all_a_medium_top_20130218,prediction,multi_lobe,duplicate_candidate
limit_up_down_breadth_top::top::limit_up_down_breadth_v1_20120705_20260814::capped_confirmation::all_a::matched::limit_up_down_breadth_top::top::limit_up_down_breadth_v1_20120705_20260814::000004,limit_up_down_breadth_top,top,limit_up_down_breadth_v1_20120705_20260814,capped_confirmation,all_a,全A,matched,True,limit_up_down_breadth_top::top::limit_up_down_breadth_v1_20120705_20260814::000004,2013-01-24,all_a_medium_top_20130218,2013-02-18,2013-02-04,2013-03-01,multi_lobe,2,,prediction_window,False,False,prediction,-12,12,20,limit_up_down_breadth_top::top::limit_up_down_breadth_v1_20120705_20260814::000004,2012-07-05,2026-08-14,True,True,top_bottom_regions_v2,all_a_medium_top_20130218,prediction,multi_lobe,primary_match
limit_up_down_breadth_top::top::limit_up_down_breadth_v1_20120705_20260814::capped_confirmation::all_a::matched::limit_up_down_breadth_top::top::limit_up_down_breadth_v1_20120705_20260814::000005,limit_up_down_breadth_top,top,limit_up_down_breadth_v1_20120705_20260814,capped_confirmation,all_a,全A,matched,True,limit_up_down_breadth_top::top::limit_up_down_breadth_v1_20120705_20260814::000005,2013-05-17,all_a_medium_top_20130529,2013-05-29,2013-05-20,2013-06-04,single_lobe,1,,prediction_window,False,False,prediction,-8,8,10,limit_up_down_breadth_top::top::limit_up_down_breadth_v1_20120705_20260814::000005,2012-07-05,2026-08-14,True,True,top_bottom_regions_v2,all_a_medium_top_20130529,prediction,single_lobe,primary_match
limit_up_down_breadth_top::top::limit_up_down_breadth_v1_20120705_20260814::capped_confirmation::all_a::false_alarm::limit_up_down_breadth_top::top::limit_up_down_breadth_v1_20120705_20260814::000006,limit_up_down_breadth_top,top,limit_up_down_breadth_v1_20120705_20260814,capped_confirmation,all_a,全A,false_alarm,False,limit_up_down_breadth_top::top::limit_up_down_breadth_v1_20120705_20260814::000006,2013-07-04,,,,,,,,,False,False,,,,,,2012-07-05,2026-08-14,,,,all_a_medium_top_20130529,confirmation,single_lobe,nearest_region_for_slice_only
limit_up_down_breadth_top::top::limit_up_down_breadth_v1_20120705_20260814::capped_confirmation::all_a::false_alarm::limit_up_down_breadth_top::top::limit_up_down_breadth_v1_20120705_20260814::000007,limit_up_down_breadth_top,top,limit_up_down_breadth_v1_20120705_20260814,capped_confirmation,all_a,全A,false_alarm,False,limit_up_down_breadth_top::top::limit_up_down_breadth_v1_20120705_20260814::000007,2013-07-18,,,,,,,,,False,False,,,,,,2012-07-05,2026-08-14,,,,all_a_medium_top_20130529,confirmation,single_lobe,nearest_region_for_slice_only
limit_up_down_breadth_top::top::limit_up_down_breadth_v1_20120705_20260814::capped_confirmation::all_a::false_alarm::limit_up_down_breadth_top::top::limit_up_down_breadth_v1_20120705_20260814::000008,limit_up_down_breadth_top,top,limit_up_down_breadth_v1_20120705_20260814,capped_confirmation,all_a,全A,false_alarm,False,limit_up_down_breadth_top::top::limit_up_down_breadth_v1_20120705_20260814::000008,2013-08-01,,,,,,,,,False,False,,,,,,2012-07-05,2026-08-14,,,,all_a_medium_top_20130529,confirmation,single_lobe,nearest_region_for_slice_only
limit_up_down_breadth_top::top::limit_up_down_breadth_v1_20120705_20260814::capped_confirmation::all_a::duplicate_alarm::limit_up_down_breadth_top::top::limit_up_down_breadth_v1_20120705_20260814::000009,limit_up_down_breadth_top,top,limit_up_down_breadth_v1_20120705_20260814,capped_confirmation,all_a,全A,duplicate_alarm,False,limit_up_down_breadth_top::top::limit_up_down_breadth_v1_20120705_20260814::000009,2013-09-17,all_a_medium_top_20131015,2013-10-15,2013-10-09,2013-10-23,multi_lobe,2,,prediction_window,False,False,prediction,-13,13,20,limit_up_down_breadth_top::top::limit_up_down_breadth_v1_20120705_20260814::000010,2012-07-05,2026-08-14,True,True,top_bottom_regions_v2,all_a_medium_top_20131015,prediction,multi_lobe,duplicate_candidate
limit_up_down_breadth_top::top::limit_up_down_breadth_v1_20120705_20260814::capped_confirmation::all_a::matched::limit_up_down_breadth_top::top::limit_up_down_breadth_v1_20120705_20260814::000010,limit_up_down_breadth_top,top,limit_up_down_breadth_v1_20120705_20260814,capped_confirmation,all_a,全A,matched,True,limit_up_down_breadth_top::top::limit_up_down_breadth_v1_20120705_20260814::000010,2013-10-08,all_a_medium_top_20131015,2013-10-15,2013-10-09,2013-10-23,multi_lobe,2,,prediction_window,False,False,prediction,-5,5,5,limit_up_down_breadth_top::top::limit_up_down_breadth_v1_20120705_20260814::000010,2012-07-05,2026-08-14,True,True,top_bottom_regions_v2,all_a_medium_top_20131015,prediction,multi_lobe,primary_match
limit_up_down_breadth_top::top::limit_up_down_breadth_v1_20120705_20260814::capped_confirmation::all_a::matched::limit_up_down_breadth_top::top::limit_up_down_breadth_v1_20120705_20260814::000011,limit_up_down_breadth_top,top,limit_up_down_breadth_v1_20120705_20260814,capped_confirmation,all_a,全A,matched,True,limit_up_down_breadth_top::top::limit_up_down_breadth_v1_20120705_20260814::000011,2014-02-20,all_a_medium_top_20140220,2014-02-20,2014-02-12,2014-02-21,single_lobe,1,all_a_medium_top_20140220_lobe_01,core_lobe,True,True,prediction,0,0,5,limit_up_down_breadth_top::top::limit_up_down_breadth_v1_20120705_20260814::000011,2012-07-05,2026-08-14,True,True,top_bottom_regions_v2,all_a_medium_top_20140220,prediction,single_lobe,primary_match
limit_up_down_breadth_top::top::limit_up_down_breadth_v1_20120705_20260814::capped_confirmation::all_a::false_alarm::limit_up_down_breadth_top::top::limit_up_down_breadth_v1_20120705_20260814::000012,limit_up_down_breadth_top,top,limit_up_down_breadth_v1_20120705_20260814,capped_confirmation,all_a,全A,false_alarm,False,limit_up_down_breadth_top::top::limit_up_down_breadth_v1_20120705_20260814::000012,2014-12-19,,,,,,,,,False,False,,,,,,2012-07-05,2026-08-14,,,,all_a_medium_top_20150528,prediction,single_lobe,nearest_region_for_slice_only
limit_up_down_breadth_top::top::limit_up_down_breadth_v1_20120705_20260814::capped_confirmation::all_a::false_alarm::limit_up_down_breadth_top::top::limit_up_down_breadth_v1_20120705_20260814::000013,limit_up_down_breadth_top,top,limit_up_down_breadth_v1_20120705_20260814,capped_confirmation,all_a,全A,false_alarm,False,limit_up_down_breadth_top::top::limit_up_down_breadth_v1_20120705_20260814::000013,2015-03-09,,,,,,,,,False,False,,,,,,2012-07-05,2026-08-14,,,,all_a_medium_top_20150528,prediction,single_lobe,nearest_region_for_slice_only
limit_up_down_breadth_top::top::limit_up_down_breadth_v1_20120705_20260814::capped_confirmation::all_a::false_alarm::limit_up_down_breadth_top::top::limit_up_down_breadth_v1_20120705_20260814::000014,limit_up_down_breadth_top,top,limit_up_down_breadth_v1_20120705_20260814,capped_confirmation,all_a,全A,false_alarm,False,limit_up_down_breadth_top::top::limit_up_down_breadth_v1_20120705_20260814::000014,2015-03-31,,,,,,,,,False,False,,,,,,2012-07-05,2026-08-14,,,,all_a_medium_top_20150528,prediction,single_lobe,nearest_region_for_slice_only
limit_up_down_breadth_top::top::limit_up_down_breadth_v1_20120705_20260814::capped_confirmation::all_a::false_alarm::limit_up_down_breadth_top::top::limit_up_down_breadth_v1_20120705_20260814::000015,limit_up_down_breadth_top,top,limit_up_down_breadth_v1_20120705_20260814,capped_confirmation,all_a,全A,false_alarm,False,limit_up_down_breadth_top::top::limit_up_down_breadth_v1_20120705_20260814::000015,2015-04-21,,,,,,,,,False,False,,,,,,2012-07-05,2026-08-14,,,,all_a_medium_top_20150528,prediction,single_lobe,nearest_region_for_slice_only
limit_up_down_breadth_top::top::limit_up_down_breadth_v1_20120705_20260814::capped_confirmation::all_a::missed_region::all_a_medium_top_20150528,limit_up_down_breadth_top,top,limit_up_down_breadth_v1_20120705_20260814,capped_confirmation,all_a,全A,missed_region,False,,,all_a_medium_top_20150528,2015-05-28,2015-05-26,2015-05-28,single_lobe,1,,,False,False,,,,,,2012-07-05,2026-08-14,True,True,top_bottom_regions_v2,,,,
limit_up_down_breadth_top::top::limit_up_down_breadth_v1_20120705_20260814::capped_confirmation::all_a::matched::limit_up_down_breadth_top::top::limit_up_down_breadth_v1_20120705_20260814::000016,limit_up_down_breadth_top,top,limit_up_down_breadth_v1_20120705_20260814,capped_confirmation,all_a,全A,matched,True,limit_up_down_breadth_top::top::limit_up_down_breadth_v1_20120705_20260814::000016,2015-06-10,all_a_medium_top_20150615,2015-06-15,2015-06-10,2015-06-15,single_lobe,1,all_a_medium_top_20150615_lobe_01,core_lobe,True,True,prediction,-3,3,5,limit_up_down_breadth_top::top::limit_up_down_breadth_v1_20120705_20260814::000016,2012-07-05,2026-08-14,True,True,top_bottom_regions_v2,all_a_medium_top_20150615,prediction,single_lobe,primary_match
limit_up_down_breadth_top::top::limit_up_down_breadth_v1_20120705_20260814::capped_confirmation::all_a::missed_region::all_a_medium_top_20150625,limit_up_down_breadth_top,top,limit_up_down_breadth_v1_20120705_20260814,capped_confirmation,all_a,全A,missed_region,False,,,all_a_medium_top_20150625,2015-06-25,2015-06-25,2015-06-25,single_lobe,1,,,False,False,,,,,,2012-07-05,2026-08-14,True,True,top_bottom_regions_v2,,,,
limit_up_down_breadth_top::top::limit_up_down_breadth_v1_20120705_20260814::capped_confirmation::all_a::missed_region::all_a_medium_top_20150701,limit_up_down_breadth_top,top,limit_up_down_breadth_v1_20120705_20260814,capped_confirmation,all_a,全A,missed_region,False,,,all_a_medium_top_20150701,2015-07-01,2015-07-01,2015-07-01,single_lobe,1,,,False,False,,,,,,2012-07-05,2026-08-14,True,True,top_bottom_regions_v2,,,,
limit_up_down_breadth_top::top::limit_up_down_breadth_v1_20120705_20260814::capped_confirmation::all_a::missed_region::all_a_medium_top_20150714,limit_up_down_breadth_top,top,limit_up_down_breadth_v1_20120705_20260814,capped_confirmation,all_a,全A,missed_region,False,,,all_a_medium_top_20150714,2015-07-14,2015-07-14,2015-07-14,single_lobe,1,,,False,False,,,,,,2012-07-05,2026-08-14,True,True,top_bottom_regions_v2,,,,
limit_up_down_breadth_top::top::limit_up_down_breadth_v1_20120705_20260814::capped_confirmation::all_a::matched::limit_up_down_breadth_top::top::limit_up_down_breadth_v1_20120705_20260814::000017,limit_up_down_breadth_top,top,limit_up_down_breadth_v1_20120705_20260814,capped_confirmation,all_a,全A,matched,True,limit_up_down_breadth_top::top::limit_up_down_breadth_v1_20120705_20260814::000017,2015-07-27,all_a_medium_top_20150724,2015-07-24,2015-07-23,2015-07-24,single_lobe,1,,confirmation_window,False,False,confirmation,1,1,5,limit_up_down_breadth_top::top::limit_up_down_breadth_v1_20120705_20260814::000017,2012-07-05,2026-08-14,True,True,top_bottom_regions_v2,all_a_medium_top_20150724,confirmation,single_lobe,primary_match
limit_up_down_breadth_top::top::limit_up_down_breadth_v1_20120705_20260814::capped_confirmation::all_a::matched::limit_up_down_breadth_top::top::limit_up_down_breadth_v1_20120705_20260814::000018,limit_up_down_breadth_top,top,limit_up_down_breadth_v1_20120705_20260814,capped_confirmation,all_a,全A,matched,True,limit_up_down_breadth_top::top::limit_up_down_breadth_v1_20120705_20260814::000018,2015-08-12,all_a_medium_top_20150818,2015-08-18,2015-08-11,2015-08-18,multi_lobe,2,,envelope,False,True,prediction,-4,4,5,limit_up_down_breadth_top::top::limit_up_down_breadth_v1_20120705_20260814::000018,2012-07-05,2026-08-14,True,True,top_bottom_regions_v2,all_a_medium_top_20150818,prediction,multi_lobe,primary_match
limit_up_down_breadth_top::top::limit_up_down_breadth_v1_20120705_20260814::capped_confirmation::all_a::missed_region::all_a_medium_top_20150828,limit_up_down_breadth_top,top,limit_up_down_breadth_v1_20120705_20260814,capped_confirmation,all_a,全A,missed_region,False,,,all_a_medium_top_20150828,2015-08-28,2015-08-28,2015-08-31,single_lobe,1,,,False,False,,,,,,2012-07-05,2026-08-14,True,True,top_bottom_regions_v2,,,,
limit_up_down_breadth_top::top::limit_up_down_breadth_v1_20120705_20260814::capped_confirmation::all_a::missed_region::all_a_medium_top_20151126,limit_up_down_breadth_top,top,limit_up_down_breadth_v1_20120705_20260814,capped_confirmation,all_a,全A,missed_region,False,,,all_a_medium_top_20151126,2015-11-26,2015-11-17,2015-11-27,multi_lobe,3,,,False,False,,,,,,2012-07-05,2026-08-14,True,True,top_bottom_regions_v2,,,,
limit_up_down_breadth_top::top::limit_up_down_breadth_v1_20120705_20260814::capped_confirmation::all_a::missed_region::all_a_medium_top_20151223,limit_up_down_breadth_top,top,limit_up_down_breadth_v1_20120705_20260814,capped_confirmation,all_a,全A,missed_region,False,,,all_a_medium_top_20151223,2015-12-23,2015-12-21,2015-12-31,multi_lobe,2,,,False,False,,,,,,2012-07-05,2026-08-14,True,True,top_bottom_regions_v2,,,,
limit_up_down_breadth_top::top::limit_up_down_breadth_v1_20120705_20260814::capped_confirmation::all_a::missed_region::all_a_medium_top_20160223,limit_up_down_breadth_top,top,limit_up_down_breadth_v1_20120705_20260814,capped_confirmation,all_a,全A,missed_region,False,,,all_a_medium_top_20160223,2016-02-23,2016-02-18,2016-02-25,single_lobe,1,,,False,False,,,,,,2012-07-05,2026-08-14,True,True,top_bottom_regions_v2,,,,
limit_up_down_breadth_top::top::limit_up_down_breadth_v1_20120705_20260814::capped_confirmation::all_a::missed_region::all_a_medium_top_20160413,limit_up_down_breadth_top,top,limit_up_down_breadth_v1_20120705_20260814,capped_confirmation,all_a,全A,missed_region,False,,,all_a_medium_top_20160413,2016-04-13,2016-04-05,2016-04-20,multi_lobe,2,,,False,False,,,,,,2012-07-05,2026-08-14,True,True,top_bottom_regions_v2,,,,
limit_up_down_breadth_top::top::limit_up_down_breadth_v1_20120705_20260814::capped_confirmation::all_a::missed_region::all_a_medium_top_20161129,limit_up_down_breadth_top,top,limit_up_down_breadth_v1_20120705_20260814,capped_confirmation,all_a,全A,missed_region,False,,,all_a_medium_top_20161129,2016-11-29,2016-11-14,2016-12-02,single_lobe,1,,,False,False,,,,,,2012-07-05,2026-08-14,True,True,top_bottom_regions_v2,,,,
limit_up_down_breadth_top::top::limit_up_down_breadth_v1_20120705_20260814::capped_confirmation::all_a::missed_region::all_a_medium_top_20171113,limit_up_down_breadth_top,top,limit_up_down_breadth_v1_20120705_20260814,capped_confirmation,all_a,全A,missed_region,False,,,all_a_medium_top_20171113,2017-11-13,2017-10-16,2017-11-23,multi_lobe,4,,,False,False,,,,,,2012-07-05,2026-08-14,True,True,top_bottom_regions_v2,,,,
limit_up_down_breadth_top::top::limit_up_down_breadth_v1_20120705_20260814::capped_confirmation::all_a::matched::limit_up_down_breadth_top::top::limit_up_down_breadth_v1_20120705_20260814::000019,limit_up_down_breadth_top,top,limit_up_down_breadth_v1_20120705_20260814,capped_confirmation,all_a,全A,matched,True,limit_up_down_breadth_top::top::limit_up_down_breadth_v1_20120705_20260814::000019,2018-04-04,all_a_medium_top_20180312,2018-03-12,2018-03-07,2018-03-22,multi_lobe,2,,confirmation_window,False,False,confirmation,17,17,20,limit_up_down_breadth_top::top::limit_up_down_breadth_v1_20120705_20260814::000019,2012-07-05,2026-08-14,True,True,top_bottom_regions_v2,all_a_medium_top_20180312,confirmation,multi_lobe,primary_match
limit_up_down_breadth_top::top::limit_up_down_breadth_v1_20120705_20260814::capped_confirmation::all_a::false_alarm::limit_up_down_breadth_top::top::limit_up_down_breadth_v1_20120705_20260814::000020,limit_up_down_breadth_top,top,limit_up_down_breadth_v1_20120705_20260814,capped_confirmation,all_a,全A,false_alarm,False,limit_up_down_breadth_top::top::limit_up_down_breadth_v1_20120705_20260814::000020,2018-04-17,,,,,,,,,False,False,,,,,,2012-07-05,2026-08-14,,,,all_a_medium_top_20180312,confirmation,multi_lobe,nearest_region_for_slice_only
limit_up_down_breadth_top::top::limit_up_down_breadth_v1_20120705_20260814::capped_confirmation::all_a::false_alarm::limit_up_down_breadth_top::top::limit_up_down_breadth_v1_20120705_20260814::000021,limit_up_down_breadth_top,top,limit_up_down_breadth_v1_20120705_20260814,capped_confirmation,all_a,全A,false_alarm,False,limit_up_down_breadth_top::top::limit_up_down_breadth_v1_20120705_20260814::000021,2018-05-04,,,,,,,,,False,False,,,,,,2012-07-05,2026-08-14,,,,all_a_medium_top_20180312,confirmation,multi_lobe,nearest_region_for_slice_only
limit_up_down_breadth_top::top::limit_up_down_breadth_v1_20120705_20260814::capped_confirmation::all_a::false_alarm::limit_up_down_breadth_top::top::limit_up_down_breadth_v1_20120705_20260814::000022,limit_up_down_breadth_top,top,limit_up_down_breadth_v1_20120705_20260814,capped_confirmation,all_a,全A,false_alarm,False,limit_up_down_breadth_top::top::limit_up_down_breadth_v1_20120705_20260814::000022,2018-05-16,,,,,,,,,False,False,,,,,,2012-07-05,2026-08-14,,,,all_a_medium_top_20180312,confirmation,multi_lobe,nearest_region_for_slice_only
limit_up_down_breadth_top::top::limit_up_down_breadth_v1_20120705_20260814::capped_confirmation::all_a::duplicate_alarm::limit_up_down_breadth_top::top::limit_up_down_breadth_v1_20120705_20260814::000023,limit_up_down_breadth_top,top,limit_up_down_breadth_v1_20120705_20260814,capped_confirmation,all_a,全A,duplicate_alarm,False,limit_up_down_breadth_top::top::limit_up_down_breadth_v1_20120705_20260814::000023,2018-11-12,all_a_medium_top_20181119,2018-11-19,2018-11-13,2018-12-05,multi_lobe,2,,prediction_window,False,False,prediction,-5,5,5,limit_up_down_breadth_top::top::limit_up_down_breadth_v1_20120705_20260814::000024,2012-07-05,2026-08-14,True,True,top_bottom_regions_v2,all_a_medium_top_20181119,prediction,multi_lobe,duplicate_candidate
limit_up_down_breadth_top::top::limit_up_down_breadth_v1_20120705_20260814::capped_confirmation::all_a::matched::limit_up_down_breadth_top::top::limit_up_down_breadth_v1_20120705_20260814::000024,limit_up_down_breadth_top,top,limit_up_down_breadth_v1_20120705_20260814,capped_confirmation,all_a,全A,matched,True,limit_up_down_breadth_top::top::limit_up_down_breadth_v1_20120705_20260814::000024,2018-11-22,all_a_medium_top_20181119,2018-11-19,2018-11-13,2018-12-05,multi_lobe,2,all_a_medium_top_20181119_lobe_01,core_lobe,True,True,confirmation,3,3,5,limit_up_down_breadth_top::top::limit_up_down_breadth_v1_20120705_20260814::000024,2012-07-05,2026-08-14,True,True,top_bottom_regions_v2,all_a_medium_top_20181119,confirmation,multi_lobe,primary_match
limit_up_down_breadth_top::top::limit_up_down_breadth_v1_20120705_20260814::capped_confirmation::all_a::false_alarm::limit_up_down_breadth_top::top::limit_up_down_breadth_v1_20120705_20260814::000025,limit_up_down_breadth_top,top,limit_up_down_breadth_v1_20120705_20260814,capped_confirmation,all_a,全A,false_alarm,False,limit_up_down_breadth_top::top::limit_up_down_breadth_v1_20120705_20260814::000025,2019-01-14,,,,,,,,,False,False,,,,,,2012-07-05,2026-08-14,,,,all_a_medium_top_20181119,confirmation,multi_lobe,nearest_region_for_slice_only
limit_up_down_breadth_top::top::limit_up_down_breadth_v1_20120705_20260814::capped_confirmation::all_a::false_alarm::limit_up_down_breadth_top::top::limit_up_down_breadth_v1_20120705_20260814::000026,limit_up_down_breadth_top,top,limit_up_down_breadth_v1_20120705_20260814,capped_confirmation,all_a,全A,false_alarm,False,limit_up_down_breadth_top::top::limit_up_down_breadth_v1_20120705_20260814::000026,2019-03-04,,,,,,,,,False,False,,,,,,2012-07-05,2026-08-14,,,,all_a_medium_top_20190408,prediction,multi_lobe,nearest_region_for_slice_only
limit_up_down_breadth_top::top::limit_up_down_breadth_v1_20120705_20260814::capped_confirmation::all_a::duplicate_alarm::limit_up_down_breadth_top::top::limit_up_down_breadth_v1_20120705_20260814::000027,limit_up_down_breadth_top,top,limit_up_down_breadth_v1_20120705_20260814,capped_confirmation,all_a,全A,duplicate_alarm,False,limit_up_down_breadth_top::top::limit_up_down_breadth_v1_20120705_20260814::000027,2019-04-01,all_a_medium_top_20190408,2019-04-08,2019-04-03,2019-04-23,multi_lobe,2,,prediction_window,False,False,prediction,-4,4,5,limit_up_down_breadth_top::top::limit_up_down_breadth_v1_20120705_20260814::000028,2012-07-05,2026-08-14,True,True,top_bottom_regions_v2,all_a_medium_top_20190408,prediction,multi_lobe,duplicate_candidate
limit_up_down_breadth_top::top::limit_up_down_breadth_v1_20120705_20260814::capped_confirmation::all_a::matched::limit_up_down_breadth_top::top::limit_up_down_breadth_v1_20120705_20260814::000028,limit_up_down_breadth_top,top,limit_up_down_breadth_v1_20120705_20260814,capped_confirmation,all_a,全A,matched,True,limit_up_down_breadth_top::top::limit_up_down_breadth_v1_20120705_20260814::000028,2019-04-10,all_a_medium_top_20190408,2019-04-08,2019-04-03,2019-04-23,multi_lobe,2,all_a_medium_top_20190408_lobe_01,core_lobe,True,True,confirmation,2,2,5,limit_up_down_breadth_top::top::limit_up_down_breadth_v1_20120705_20260814::000028,2012-07-05,2026-08-14,True,True,top_bottom_regions_v2,all_a_medium_top_20190408,confirmation,multi_lobe,primary_match
limit_up_down_breadth_top::top::limit_up_down_breadth_v1_20120705_20260814::capped_confirmation::all_a::duplicate_alarm::limit_up_down_breadth_top::top::limit_up_down_breadth_v1_20120705_20260814::000029,limit_up_down_breadth_top,top,limit_up_down_breadth_v1_20120705_20260814,capped_confirmation,all_a,全A,duplicate_alarm,False,limit_up_down_breadth_top::top::limit_up_down_breadth_v1_20120705_20260814::000029,2019-04-25,all_a_medium_top_20190408,2019-04-08,2019-04-03,2019-04-23,multi_lobe,2,,confirmation_window,False,False,confirmation,13,13,20,limit_up_down_breadth_top::top::limit_up_down_breadth_v1_20120705_20260814::000028,2012-07-05,2026-08-14,True,True,top_bottom_regions_v2,all_a_medium_top_20190408,confirmation,multi_lobe,duplicate_candidate
limit_up_down_breadth_top::top::limit_up_down_breadth_v1_20120705_20260814::capped_confirmation::all_a::missed_region::all_a_medium_top_20190702,limit_up_down_breadth_top,top,limit_up_down_breadth_v1_20120705_20260814,capped_confirmation,all_a,全A,missed_region,False,,,all_a_medium_top_20190702,2019-07-02,2019-06-21,2019-07-08,multi_lobe,3,,,False,False,,,,,,2012-07-05,2026-08-14,True,True,top_bottom_regions_v2,,,,
limit_up_down_breadth_top::top::limit_up_down_breadth_v1_20120705_20260814::capped_confirmation::all_a::missed_region::all_a_medium_top_20200114,limit_up_down_breadth_top,top,limit_up_down_breadth_v1_20120705_20260814,capped_confirmation,all_a,全A,missed_region,False,,,all_a_medium_top_20200114,2020-01-14,2020-01-06,2020-01-20,single_lobe,1,,,False,False,,,,,,2012-07-05,2026-08-14,True,True,top_bottom_regions_v2,,,,
limit_up_down_breadth_top::top::limit_up_down_breadth_v1_20120705_20260814::capped_confirmation::all_a::missed_region::all_a_medium_top_20200305,limit_up_down_breadth_top,top,limit_up_down_breadth_v1_20120705_20260814,capped_confirmation,all_a,全A,missed_region,False,,,all_a_medium_top_20200305,2020-03-05,2020-02-21,2020-03-06,multi_lobe,3,,,False,False,,,,,,2012-07-05,2026-08-14,True,True,top_bottom_regions_v2,,,,
limit_up_down_breadth_top::top::limit_up_down_breadth_v1_20120705_20260814::capped_confirmation::all_a::false_alarm::limit_up_down_breadth_top::top::limit_up_down_breadth_v1_20120705_20260814::000030,limit_up_down_breadth_top,top,limit_up_down_breadth_v1_20120705_20260814,capped_confirmation,all_a,全A,false_alarm,False,limit_up_down_breadth_top::top::limit_up_down_breadth_v1_20120705_20260814::000030,2020-04-15,,,,,,,,,False,False,,,,,,2012-07-05,2026-08-14,,,,all_a_medium_top_20200305,confirmation,multi_lobe,nearest_region_for_slice_only
limit_up_down_breadth_top::top::limit_up_down_breadth_v1_20120705_20260814::capped_confirmation::all_a::false_alarm::limit_up_down_breadth_top::top::limit_up_down_breadth_v1_20120705_20260814::000031,limit_up_down_breadth_top,top,limit_up_down_breadth_v1_20120705_20260814,capped_confirmation,all_a,全A,false_alarm,False,limit_up_down_breadth_top::top::limit_up_down_breadth_v1_20120705_20260814::000031,2020-07-15,,,,,,,,,False,False,,,,,,2012-07-05,2026-08-14,,,,all_a_medium_top_20200305,confirmation,multi_lobe,nearest_region_for_slice_only
limit_up_down_breadth_top::top::limit_up_down_breadth_v1_20120705_20260814::capped_confirmation::all_a::false_alarm::limit_up_down_breadth_top::top::limit_up_down_breadth_v1_20120705_20260814::000032,limit_up_down_breadth_top,top,limit_up_down_breadth_v1_20120705_20260814,capped_confirmation,all_a,全A,false_alarm,False,limit_up_down_breadth_top::top::limit_up_down_breadth_v1_20120705_20260814::000032,2020-08-11,,,,,,,,,False,False,,,,,,2012-07-05,2026-08-14,,,,all_a_medium_top_20200305,confirmation,multi_lobe,nearest_region_for_slice_only
limit_up_down_breadth_top::top::limit_up_down_breadth_v1_20120705_20260814::capped_confirmation::all_a::missed_region::all_a_medium_top_20210218,limit_up_down_breadth_top,top,limit_up_down_breadth_v1_20120705_20260814,capped_confirmation,all_a,全A,missed_region,False,,,all_a_medium_top_20210218,2021-02-18,2021-02-10,2021-02-22,single_lobe,1,,,False,False,,,,,,2012-07-05,2026-08-14,True,True,top_bottom_regions_v2,,,,
limit_up_down_breadth_top::top::limit_up_down_breadth_v1_20120705_20260814::capped_confirmation::all_a::false_alarm::limit_up_down_breadth_top::top::limit_up_down_breadth_v1_20120705_20260814::000033,limit_up_down_breadth_top,top,limit_up_down_breadth_v1_20120705_20260814,capped_confirmation,all_a,全A,false_alarm,False,limit_up_down_breadth_top::top::limit_up_down_breadth_v1_20120705_20260814::000033,2021-08-31,,,,,,,,,False,False,,,,,,2012-07-05,2026-08-14,,,,all_a_medium_top_20211213,prediction,multi_lobe,nearest_region_for_slice_only
limit_up_down_breadth_top::top::limit_up_down_breadth_v1_20120705_20260814::capped_confirmation::all_a::false_alarm::limit_up_down_breadth_top::top::limit_up_down_breadth_v1_20120705_20260814::000034,limit_up_down_breadth_top,top,limit_up_down_breadth_v1_20120705_20260814,capped_confirmation,all_a,全A,false_alarm,False,limit_up_down_breadth_top::top::limit_up_down_breadth_v1_20120705_20260814::000034,2021-11-12,,,,,,,,,False,False,,,,,,2012-07-05,2026-08-14,,,,all_a_medium_top_20211213,prediction,multi_lobe,nearest_region_for_slice_only
limit_up_down_breadth_top::top::limit_up_down_breadth_v1_20120705_20260814::capped_confirmation::all_a::duplicate_alarm::limit_up_down_breadth_top::top::limit_up_down_breadth_v1_20120705_20260814::000035,limit_up_down_breadth_top,top,limit_up_down_breadth_v1_20120705_20260814,capped_confirmation,all_a,全A,duplicate_alarm,False,limit_up_down_breadth_top::top::limit_up_down_breadth_v1_20120705_20260814::000035,2021-11-22,all_a_medium_top_20211213,2021-12-13,2021-12-06,2022-01-04,multi_lobe,4,,prediction_window,False,False,prediction,-15,15,20,limit_up_down_breadth_top::top::limit_up_down_breadth_v1_20120705_20260814::000036,2012-07-05,2026-08-14,True,True,top_bottom_regions_v2,all_a_medium_top_20211213,prediction,multi_lobe,duplicate_candidate
limit_up_down_breadth_top::top::limit_up_down_breadth_v1_20120705_20260814::capped_confirmation::all_a::matched::limit_up_down_breadth_top::top::limit_up_down_breadth_v1_20120705_20260814::000036,limit_up_down_breadth_top,top,limit_up_down_breadth_v1_20120705_20260814,capped_confirmation,all_a,全A,matched,True,limit_up_down_breadth_top::top::limit_up_down_breadth_v1_20120705_20260814::000036,2021-11-25,all_a_medium_top_20211213,2021-12-13,2021-12-06,2022-01-04,multi_lobe,4,,prediction_window,False,False,prediction,-12,12,20,limit_up_down_breadth_top::top::limit_up_down_breadth_v1_20120705_20260814::000036,2012-07-05,2026-08-14,True,True,top_bottom_regions_v2,all_a_medium_top_20211213,prediction,multi_lobe,primary_match
limit_up_down_breadth_top::top::limit_up_down_breadth_v1_20120705_20260814::capped_confirmation::all_a::false_alarm::limit_up_down_breadth_top::top::limit_up_down_breadth_v1_20120705_20260814::000037,limit_up_down_breadth_top,top,limit_up_down_breadth_v1_20120705_20260814,capped_confirmation,all_a,全A,false_alarm,False,limit_up_down_breadth_top::top::limit_up_down_breadth_v1_20120705_20260814::000037,2022-02-17,,,,,,,,,False,False,,,,,,2012-07-05,2026-08-14,,,,all_a_medium_top_20211213,confirmation,multi_lobe,nearest_region_for_slice_only
limit_up_down_breadth_top::top::limit_up_down_breadth_v1_20120705_20260814::capped_confirmation::all_a::false_alarm::limit_up_down_breadth_top::top::limit_up_down_breadth_v1_20120705_20260814::000038,limit_up_down_breadth_top,top,limit_up_down_breadth_v1_20120705_20260814,capped_confirmation,all_a,全A,false_alarm,False,limit_up_down_breadth_top::top::limit_up_down_breadth_v1_20120705_20260814::000038,2022-05-13,,,,,,,,,False,False,,,,,,2012-07-05,2026-08-14,,,,all_a_medium_top_20220705,prediction,single_lobe,nearest_region_for_slice_only
limit_up_down_breadth_top::top::limit_up_down_breadth_v1_20120705_20260814::capped_confirmation::all_a::false_alarm::limit_up_down_breadth_top::top::limit_up_down_breadth_v1_20120705_20260814::000039,limit_up_down_breadth_top,top,limit_up_down_breadth_v1_20120705_20260814,capped_confirmation,all_a,全A,false_alarm,False,limit_up_down_breadth_top::top::limit_up_down_breadth_v1_20120705_20260814::000039,2022-05-17,,,,,,,,,False,False,,,,,,2012-07-05,2026-08-14,,,,all_a_medium_top_20220705,prediction,single_lobe,nearest_region_for_slice_only
limit_up_down_breadth_top::top::limit_up_down_breadth_v1_20120705_20260814::capped_confirmation::all_a::missed_region::all_a_medium_top_20220705,limit_up_down_breadth_top,top,limit_up_down_breadth_v1_20120705_20260814,capped_confirmation,all_a,全A,missed_region,False,,,all_a_medium_top_20220705,2022-07-05,2022-06-27,2022-07-08,single_lobe,1,,,False,False,,,,,,2012-07-05,2026-08-14,True,True,top_bottom_regions_v2,,,,
limit_up_down_breadth_top::top::limit_up_down_breadth_v1_20120705_20260814::capped_confirmation::all_a::missed_region::all_a_medium_top_20230216,limit_up_down_breadth_top,top,limit_up_down_breadth_v1_20120705_20260814,capped_confirmation,all_a,全A,missed_region,False,,,all_a_medium_top_20230216,2023-02-16,2023-01-30,2023-03-07,multi_lobe,2,,,False,False,,,,,,2012-07-05,2026-08-14,True,True,top_bottom_regions_v2,,,,
limit_up_down_breadth_top::top::limit_up_down_breadth_v1_20120705_20260814::capped_confirmation::all_a::false_alarm::limit_up_down_breadth_top::top::limit_up_down_breadth_v1_20120705_20260814::000040,limit_up_down_breadth_top,top,limit_up_down_breadth_v1_20120705_20260814,capped_confirmation,all_a,全A,false_alarm,False,limit_up_down_breadth_top::top::limit_up_down_breadth_v1_20120705_20260814::000040,2024-03-06,,,,,,,,,False,False,,,,,,2012-07-05,2026-08-14,,,,all_a_medium_top_20240520,prediction,single_lobe,nearest_region_for_slice_only
limit_up_down_breadth_top::top::limit_up_down_breadth_v1_20120705_20260814::capped_confirmation::all_a::false_alarm::limit_up_down_breadth_top::top::limit_up_down_breadth_v1_20120705_20260814::000041,limit_up_down_breadth_top,top,limit_up_down_breadth_v1_20120705_20260814,capped_confirmation,all_a,全A,false_alarm,False,limit_up_down_breadth_top::top::limit_up_down_breadth_v1_20120705_20260814::000041,2024-03-15,,,,,,,,,False,False,,,,,,2012-07-05,2026-08-14,,,,all_a_medium_top_20240520,prediction,single_lobe,nearest_region_for_slice_only
limit_up_down_breadth_top::top::limit_up_down_breadth_v1_20120705_20260814::capped_confirmation::all_a::false_alarm::limit_up_down_breadth_top::top::limit_up_down_breadth_v1_20120705_20260814::000042,limit_up_down_breadth_top,top,limit_up_down_breadth_v1_20120705_20260814,capped_confirmation,all_a,全A,false_alarm,False,limit_up_down_breadth_top::top::limit_up_down_breadth_v1_20120705_20260814::000042,2024-03-27,,,,,,,,,False,False,,,,,,2012-07-05,2026-08-14,,,,all_a_medium_top_20240520,prediction,single_lobe,nearest_region_for_slice_only
limit_up_down_breadth_top::top::limit_up_down_breadth_v1_20120705_20260814::capped_confirmation::all_a::matched::limit_up_down_breadth_top::top::limit_up_down_breadth_v1_20120705_20260814::000043,limit_up_down_breadth_top,top,limit_up_down_breadth_v1_20120705_20260814,capped_confirmation,all_a,全A,matched,True,limit_up_down_breadth_top::top::limit_up_down_breadth_v1_20120705_20260814::000043,2024-05-10,all_a_medium_top_20240520,2024-05-20,2024-04-29,2024-05-24,single_lobe,1,all_a_medium_top_20240520_lobe_01,core_lobe,True,True,prediction,-6,6,10,limit_up_down_breadth_top::top::limit_up_down_breadth_v1_20120705_20260814::000043,2012-07-05,2026-08-14,True,True,top_bottom_regions_v2,all_a_medium_top_20240520,prediction,single_lobe,primary_match
limit_up_down_breadth_top::top::limit_up_down_breadth_v1_20120705_20260814::capped_confirmation::all_a::matched::limit_up_down_breadth_top::top::limit_up_down_breadth_v1_20120705_20260814::000044,limit_up_down_breadth_top,top,limit_up_down_breadth_v1_20120705_20260814,capped_confirmation,all_a,全A,matched,True,limit_up_down_breadth_top::top::limit_up_down_breadth_v1_20120705_20260814::000044,2024-10-16,all_a_medium_top_20241008,2024-10-08,2024-10-08,2024-10-08,single_lobe,1,,confirmation_window,False,False,confirmation,6,6,10,limit_up_down_breadth_top::top::limit_up_down_breadth_v1_20120705_20260814::000044,2012-07-05,2026-08-14,True,True,top_bottom_regions_v2,all_a_medium_top_20241008,confirmation,single_lobe,primary_match
limit_up_down_breadth_top::top::limit_up_down_breadth_v1_20120705_20260814::capped_confirmation::all_a::duplicate_alarm::limit_up_down_breadth_top::top::limit_up_down_breadth_v1_20120705_20260814::000045,limit_up_down_breadth_top,top,limit_up_down_breadth_v1_20120705_20260814,capped_confirmation,all_a,全A,duplicate_alarm,False,limit_up_down_breadth_top::top::limit_up_down_breadth_v1_20120705_20260814::000045,2024-11-05,all_a_medium_top_20241112,2024-11-12,2024-11-07,2024-11-14,single_lobe,1,,prediction_window,False,False,prediction,-5,5,5,limit_up_down_breadth_top::top::limit_up_down_breadth_v1_20120705_20260814::000046,2012-07-05,2026-08-14,True,True,top_bottom_regions_v2,all_a_medium_top_20241112,prediction,single_lobe,duplicate_candidate
limit_up_down_breadth_top::top::limit_up_down_breadth_v1_20120705_20260814::capped_confirmation::all_a::matched::limit_up_down_breadth_top::top::limit_up_down_breadth_v1_20120705_20260814::000046,limit_up_down_breadth_top,top,limit_up_down_breadth_v1_20120705_20260814,capped_confirmation,all_a,全A,matched,True,limit_up_down_breadth_top::top::limit_up_down_breadth_v1_20120705_20260814::000046,2024-11-13,all_a_medium_top_20241112,2024-11-12,2024-11-07,2024-11-14,single_lobe,1,all_a_medium_top_20241112_lobe_01,core_lobe,True,True,confirmation,1,1,5,limit_up_down_breadth_top::top::limit_up_down_breadth_v1_20120705_20260814::000046,2012-07-05,2026-08-14,True,True,top_bottom_regions_v2,all_a_medium_top_20241112,confirmation,single_lobe,primary_match
limit_up_down_breadth_top::top::limit_up_down_breadth_v1_20120705_20260814::capped_confirmation::all_a::duplicate_alarm::limit_up_down_breadth_top::top::limit_up_down_breadth_v1_20120705_20260814::000047,limit_up_down_breadth_top,top,limit_up_down_breadth_v1_20120705_20260814,capped_confirmation,all_a,全A,duplicate_alarm,False,limit_up_down_breadth_top::top::limit_up_down_breadth_v1_20120705_20260814::000047,2024-12-10,all_a_medium_top_20241112,2024-11-12,2024-11-07,2024-11-14,single_lobe,1,,confirmation_window,False,False,confirmation,20,20,20,limit_up_down_breadth_top::top::limit_up_down_breadth_v1_20120705_20260814::000046,2012-07-05,2026-08-14,True,True,top_bottom_regions_v2,all_a_medium_top_20241112,confirmation,single_lobe,duplicate_candidate
limit_up_down_breadth_top::top::limit_up_down_breadth_v1_20120705_20260814::capped_confirmation::all_a::missed_region::all_a_medium_top_20250318,limit_up_down_breadth_top,top,limit_up_down_breadth_v1_20120705_20260814,capped_confirmation,all_a,全A,missed_region,False,,,all_a_medium_top_20250318,2025-03-18,2025-02-21,2025-03-21,multi_lobe,2,,,False,False,,,,,,2012-07-05,2026-08-14,True,True,top_bottom_regions_v2,,,,
limit_up_down_breadth_top::top::limit_up_down_breadth_v1_20120705_20260814::capped_confirmation::all_a::false_alarm::limit_up_down_breadth_top::top::limit_up_down_breadth_v1_20120705_20260814::000048,limit_up_down_breadth_top,top,limit_up_down_breadth_v1_20120705_20260814,capped_confirmation,all_a,全A,false_alarm,False,limit_up_down_breadth_top::top::limit_up_down_breadth_v1_20120705_20260814::000048,2025-04-18,,,,,,,,,False,False,,,,,,2012-07-05,2026-08-14,,,,all_a_medium_top_20250318,confirmation,multi_lobe,nearest_region_for_slice_only
limit_up_down_breadth_top::top::limit_up_down_breadth_v1_20120705_20260814::capped_confirmation::all_a::matched::limit_up_down_breadth_top::top::limit_up_down_breadth_v1_20120705_20260814::000049,limit_up_down_breadth_top,top,limit_up_down_breadth_v1_20120705_20260814,capped_confirmation,all_a,全A,matched,True,limit_up_down_breadth_top::top::limit_up_down_breadth_v1_20120705_20260814::000049,2026-01-22,all_a_medium_top_20260227,2026-02-27,2026-01-22,2026-03-11,multi_lobe,3,all_a_medium_top_20260227_lobe_01,core_lobe,True,True,prediction,-20,20,20,limit_up_down_breadth_top::top::limit_up_down_breadth_v1_20120705_20260814::000049,2012-07-05,2026-08-14,True,True,top_bottom_regions_v2,all_a_medium_top_20260227,prediction,multi_lobe,primary_match
limit_up_down_breadth_top::top::limit_up_down_breadth_v1_20120705_20260814::capped_confirmation::all_a::matched::limit_up_down_breadth_top::top::limit_up_down_breadth_v1_20120705_20260814::000050,limit_up_down_breadth_top,top,limit_up_down_breadth_v1_20120705_20260814,capped_confirmation,all_a,全A,matched,True,limit_up_down_breadth_top::top::limit_up_down_breadth_v1_20120705_20260814::000050,2026-06-05,all_a_medium_top_20260514,2026-05-14,2026-05-11,2026-05-21,multi_lobe,2,,confirmation_window,False,False,confirmation,16,16,20,limit_up_down_breadth_top::top::limit_up_down_breadth_v1_20120705_20260814::000050,2012-07-05,2026-08-14,True,True,top_bottom_regions_v2,all_a_medium_top_20260514,confirmation,multi_lobe,primary_match
limit_up_down_breadth_top::top::limit_up_down_breadth_v1_20120705_20260814::capped_confirmation::all_a::false_alarm::limit_up_down_breadth_top::top::limit_up_down_breadth_v1_20120705_20260814::000051,limit_up_down_breadth_top,top,limit_up_down_breadth_v1_20120705_20260814,capped_confirmation,all_a,全A,false_alarm,False,limit_up_down_breadth_top::top::limit_up_down_breadth_v1_20120705_20260814::000051,2026-06-25,,,,,,,,,False,False,,,,,,2012-07-05,2026-08-14,,,,all_a_medium_top_20260514,confirmation,multi_lobe,nearest_region_for_slice_only
limit_up_down_breadth_top::top::limit_up_down_breadth_v1_20120705_20260814::capped_confirmation::all_a::false_alarm::limit_up_down_breadth_top::top::limit_up_down_breadth_v1_20120705_20260814::000052,limit_up_down_breadth_top,top,limit_up_down_breadth_v1_20120705_20260814,capped_confirmation,all_a,全A,false_alarm,False,limit_up_down_breadth_top::top::limit_up_down_breadth_v1_20120705_20260814::000052,2026-08-13,,,,,,,,,False,False,,,,,,2012-07-05,2026-08-14,,,,all_a_medium_top_20260514,confirmation,multi_lobe,nearest_region_for_slice_only
limit_up_down_breadth_top::top::limit_up_down_breadth_v1_20120705_20260814::capped_confirmation::cni2000::false_alarm::limit_up_down_breadth_top::top::limit_up_down_breadth_v1_20120705_20260814::000001,limit_up_down_breadth_top,top,limit_up_down_breadth_v1_20120705_20260814,capped_confirmation,cni2000,国证2000,false_alarm,False,limit_up_down_breadth_top::top::limit_up_down_breadth_v1_20120705_20260814::000001,2012-09-13,,,,,,,,,False,False,,,,,,2012-07-05,2026-08-14,,,,cni2000_medium_top_20130531,prediction,single_lobe,nearest_region_for_slice_only
limit_up_down_breadth_top::top::limit_up_down_breadth_v1_20120705_20260814::capped_confirmation::cni2000::false_alarm::limit_up_down_breadth_top::top::limit_up_down_breadth_v1_20120705_20260814::000002,limit_up_down_breadth_top,top,limit_up_down_breadth_v1_20120705_20260814,capped_confirmation,cni2000,国证2000,false_alarm,False,limit_up_down_breadth_top::top::limit_up_down_breadth_v1_20120705_20260814::000002,2012-12-18,,,,,,,,,False,False,,,,,,2012-07-05,2026-08-14,,,,cni2000_medium_top_20130531,prediction,single_lobe,nearest_region_for_slice_only
limit_up_down_breadth_top::top::limit_up_down_breadth_v1_20120705_20260814::capped_confirmation::cni2000::false_alarm::limit_up_down_breadth_top::top::limit_up_down_breadth_v1_20120705_20260814::000003,limit_up_down_breadth_top,top,limit_up_down_breadth_v1_20120705_20260814,capped_confirmation,cni2000,国证2000,false_alarm,False,limit_up_down_breadth_top::top::limit_up_down_breadth_v1_20120705_20260814::000003,2013-01-22,,,,,,,,,False,False,,,,,,2012-07-05,2026-08-14,,,,cni2000_medium_top_20130531,prediction,single_lobe,nearest_region_for_slice_only
limit_up_down_breadth_top::top::limit_up_down_breadth_v1_20120705_20260814::capped_confirmation::cni2000::false_alarm::limit_up_down_breadth_top::top::limit_up_down_breadth_v1_20120705_20260814::000004,limit_up_down_breadth_top,top,limit_up_down_breadth_v1_20120705_20260814,capped_confirmation,cni2000,国证2000,false_alarm,False,limit_up_down_breadth_top::top::limit_up_down_breadth_v1_20120705_20260814::000004,2013-01-24,,,,,,,,,False,False,,,,,,2012-07-05,2026-08-14,,,,cni2000_medium_top_20130531,prediction,single_lobe,nearest_region_for_slice_only
limit_up_down_breadth_top::top::limit_up_down_breadth_v1_20120705_20260814::capped_confirmation::cni2000::matched::limit_up_down_breadth_top::top::limit_up_down_breadth_v1_20120705_20260814::000005,limit_up_down_breadth_top,top,limit_up_down_breadth_v1_20120705_20260814,capped_confirmation,cni2000,国证2000,matched,True,limit_up_down_breadth_top::top::limit_up_down_breadth_v1_20120705_20260814::000005,2013-05-17,cni2000_medium_top_20130531,2013-05-31,2013-05-27,2013-06-04,single_lobe,1,,prediction_window,False,False,prediction,-10,10,10,limit_up_down_breadth_top::top::limit_up_down_breadth_v1_20120705_20260814::000005,2012-07-05,2026-08-14,True,True,top_bottom_regions_v2,cni2000_medium_top_20130531,prediction,single_lobe,primary_match
limit_up_down_breadth_top::top::limit_up_down_breadth_v1_20120705_20260814::capped_confirmation::cni2000::false_alarm::limit_up_down_breadth_top::top::limit_up_down_breadth_v1_20120705_20260814::000006,limit_up_down_breadth_top,top,limit_up_down_breadth_v1_20120705_20260814,capped_confirmation,cni2000,国证2000,false_alarm,False,limit_up_down_breadth_top::top::limit_up_down_breadth_v1_20120705_20260814::000006,2013-07-04,,,,,,,,,False,False,,,,,,2012-07-05,2026-08-14,,,,cni2000_medium_top_20130531,confirmation,single_lobe,nearest_region_for_slice_only
limit_up_down_breadth_top::top::limit_up_down_breadth_v1_20120705_20260814::capped_confirmation::cni2000::false_alarm::limit_up_down_breadth_top::top::limit_up_down_breadth_v1_20120705_20260814::000007,limit_up_down_breadth_top,top,limit_up_down_breadth_v1_20120705_20260814,capped_confirmation,cni2000,国证2000,false_alarm,False,limit_up_down_breadth_top::top::limit_up_down_breadth_v1_20120705_20260814::000007,2013-07-18,,,,,,,,,False,False,,,,,,2012-07-05,2026-08-14,,,,cni2000_medium_top_20130531,confirmation,single_lobe,nearest_region_for_slice_only
limit_up_down_breadth_top::top::limit_up_down_breadth_v1_20120705_20260814::capped_confirmation::cni2000::false_alarm::limit_up_down_breadth_top::top::limit_up_down_breadth_v1_20120705_20260814::000008,limit_up_down_breadth_top,top,limit_up_down_breadth_v1_20120705_20260814,capped_confirmation,cni2000,国证2000,false_alarm,False,limit_up_down_breadth_top::top::limit_up_down_breadth_v1_20120705_20260814::000008,2013-08-01,,,,,,,,,False,False,,,,,,2012-07-05,2026-08-14,,,,cni2000_medium_top_20130531,confirmation,single_lobe,nearest_region_for_slice_only
limit_up_down_breadth_top::top::limit_up_down_breadth_v1_20120705_20260814::capped_confirmation::cni2000::false_alarm::limit_up_down_breadth_top::top::limit_up_down_breadth_v1_20120705_20260814::000009,limit_up_down_breadth_top,top,limit_up_down_breadth_v1_20120705_20260814,capped_confirmation,cni2000,国证2000,false_alarm,False,limit_up_down_breadth_top::top::limit_up_down_breadth_v1_20120705_20260814::000009,2013-09-17,,,,,,,,,False,False,,,,,,2012-07-05,2026-08-14,,,,cni2000_medium_top_20130531,confirmation,single_lobe,nearest_region_for_slice_only
limit_up_down_breadth_top::top::limit_up_down_breadth_v1_20120705_20260814::capped_confirmation::cni2000::false_alarm::limit_up_down_breadth_top::top::limit_up_down_breadth_v1_20120705_20260814::000010,limit_up_down_breadth_top,top,limit_up_down_breadth_v1_20120705_20260814,capped_confirmation,cni2000,国证2000,false_alarm,False,limit_up_down_breadth_top::top::limit_up_down_breadth_v1_20120705_20260814::000010,2013-10-08,,,,,,,,,False,False,,,,,,2012-07-05,2026-08-14,,,,cni2000_medium_top_20130531,confirmation,single_lobe,nearest_region_for_slice_only
limit_up_down_breadth_top::top::limit_up_down_breadth_v1_20120705_20260814::capped_confirmation::cni2000::matched::limit_up_down_breadth_top::top::limit_up_down_breadth_v1_20120705_20260814::000011,limit_up_down_breadth_top,top,limit_up_down_breadth_v1_20120705_20260814,capped_confirmation,cni2000,国证2000,matched,True,limit_up_down_breadth_top::top::limit_up_down_breadth_v1_20120705_20260814::000011,2014-02-20,cni2000_medium_top_20140219,2014-02-19,2014-02-17,2014-02-25,single_lobe,1,cni2000_medium_top_20140219_lobe_01,core_lobe,True,True,confirmation,1,1,5,limit_up_down_breadth_top::top::limit_up_down_breadth_v1_20120705_20260814::000011,2012-07-05,2026-08-14,True,True,top_bottom_regions_v2,cni2000_medium_top_20140219,confirmation,single_lobe,primary_match
limit_up_down_breadth_top::top::limit_up_down_breadth_v1_20120705_20260814::capped_confirmation::cni2000::false_alarm::limit_up_down_breadth_top::top::limit_up_down_breadth_v1_20120705_20260814::000012,limit_up_down_breadth_top,top,limit_up_down_breadth_v1_20120705_20260814,capped_confirmation,cni2000,国证2000,false_alarm,False,limit_up_down_breadth_top::top::limit_up_down_breadth_v1_20120705_20260814::000012,2014-12-19,,,,,,,,,False,False,,,,,,2012-07-05,2026-08-14,,,,cni2000_medium_top_20150615,prediction,single_lobe,nearest_region_for_slice_only
limit_up_down_breadth_top::top::limit_up_down_breadth_v1_20120705_20260814::capped_confirmation::cni2000::false_alarm::limit_up_down_breadth_top::top::limit_up_down_breadth_v1_20120705_20260814::000013,limit_up_down_breadth_top,top,limit_up_down_breadth_v1_20120705_20260814,capped_confirmation,cni2000,国证2000,false_alarm,False,limit_up_down_breadth_top::top::limit_up_down_breadth_v1_20120705_20260814::000013,2015-03-09,,,,,,,,,False,False,,,,,,2012-07-05,2026-08-14,,,,cni2000_medium_top_20150615,prediction,single_lobe,nearest_region_for_slice_only
limit_up_down_breadth_top::top::limit_up_down_breadth_v1_20120705_20260814::capped_confirmation::cni2000::false_alarm::limit_up_down_breadth_top::top::limit_up_down_breadth_v1_20120705_20260814::000014,limit_up_down_breadth_top,top,limit_up_down_breadth_v1_20120705_20260814,capped_confirmation,cni2000,国证2000,false_alarm,False,limit_up_down_breadth_top::top::limit_up_down_breadth_v1_20120705_20260814::000014,2015-03-31,,,,,,,,,False,False,,,,,,2012-07-05,2026-08-14,,,,cni2000_medium_top_20150615,prediction,single_lobe,nearest_region_for_slice_only
limit_up_down_breadth_top::top::limit_up_down_breadth_v1_20120705_20260814::capped_confirmation::cni2000::false_alarm::limit_up_down_breadth_top::top::limit_up_down_breadth_v1_20120705_20260814::000015,limit_up_down_breadth_top,top,limit_up_down_breadth_v1_20120705_20260814,capped_confirmation,cni2000,国证2000,false_alarm,False,limit_up_down_breadth_top::top::limit_up_down_breadth_v1_20120705_20260814::000015,2015-04-21,,,,,,,,,False,False,,,,,,2012-07-05,2026-08-14,,,,cni2000_medium_top_20150615,prediction,single_lobe,nearest_region_for_slice_only
limit_up_down_breadth_top::top::limit_up_down_breadth_v1_20120705_20260814::capped_confirmation::cni2000::matched::limit_up_down_breadth_top::top::limit_up_down_breadth_v1_20120705_20260814::000016,limit_up_down_breadth_top,top,limit_up_down_breadth_v1_20120705_20260814,capped_confirmation,cni2000,国证2000,matched,True,limit_up_down_breadth_top::top::limit_up_down_breadth_v1_20120705_20260814::000016,2015-06-10,cni2000_medium_top_20150615,2015-06-15,2015-06-12,2015-06-15,single_lobe,1,,prediction_window,False,False,prediction,-3,3,5,limit_up_down_breadth_top::top::limit_up_down_breadth_v1_20120705_20260814::000016,2012-07-05,2026-08-14,True,True,top_bottom_regions_v2,cni2000_medium_top_20150615,prediction,single_lobe,primary_match
limit_up_down_breadth_top::top::limit_up_down_breadth_v1_20120705_20260814::capped_confirmation::cni2000::missed_region::cni2000_medium_top_20150701,limit_up_down_breadth_top,top,limit_up_down_breadth_v1_20120705_20260814,capped_confirmation,cni2000,国证2000,missed_region,False,,,cni2000_medium_top_20150701,2015-07-01,2015-07-01,2015-07-01,single_lobe,1,,,False,False,,,,,,2012-07-05,2026-08-14,True,True,top_bottom_regions_v2,,,,
limit_up_down_breadth_top::top::limit_up_down_breadth_v1_20120705_20260814::capped_confirmation::cni2000::matched::limit_up_down_breadth_top::top::limit_up_down_breadth_v1_20120705_20260814::000017,limit_up_down_breadth_top,top,limit_up_down_breadth_v1_20120705_20260814,capped_confirmation,cni2000,国证2000,matched,True,limit_up_down_breadth_top::top::limit_up_down_breadth_v1_20120705_20260814::000017,2015-07-27,cni2000_medium_top_20150724,2015-07-24,2015-07-23,2015-07-27,single_lobe,1,cni2000_medium_top_20150724_lobe_01,core_lobe,True,True,confirmation,1,1,5,limit_up_down_breadth_top::top::limit_up_down_breadth_v1_20120705_20260814::000017,2012-07-05,2026-08-14,True,True,top_bottom_regions_v2,cni2000_medium_top_20150724,confirmation,single_lobe,primary_match
limit_up_down_breadth_top::top::limit_up_down_breadth_v1_20120705_20260814::capped_confirmation::cni2000::matched::limit_up_down_breadth_top::top::limit_up_down_breadth_v1_20120705_20260814::000018,limit_up_down_breadth_top,top,limit_up_down_breadth_v1_20120705_20260814,capped_confirmation,cni2000,国证2000,matched,True,limit_up_down_breadth_top::top::limit_up_down_breadth_v1_20120705_20260814::000018,2015-08-12,cni2000_medium_top_20150818,2015-08-18,2015-08-14,2015-08-18,single_lobe,1,,prediction_window,False,False,prediction,-4,4,5,limit_up_down_breadth_top::top::limit_up_down_breadth_v1_20120705_20260814::000018,2012-07-05,2026-08-14,True,True,top_bottom_regions_v2,cni2000_medium_top_20150818,prediction,single_lobe,primary_match
limit_up_down_breadth_top::top::limit_up_down_breadth_v1_20120705_20260814::capped_confirmation::cni2000::missed_region::cni2000_medium_top_20150914,limit_up_down_breadth_top,top,limit_up_down_breadth_v1_20120705_20260814,capped_confirmation,cni2000,国证2000,missed_region,False,,,cni2000_medium_top_20150914,2015-09-14,2015-09-10,2015-09-14,single_lobe,1,,,False,False,,,,,,2012-07-05,2026-08-14,True,True,top_bottom_regions_v2,,,,
limit_up_down_breadth_top::top::limit_up_down_breadth_v1_20120705_20260814::capped_confirmation::cni2000::missed_region::cni2000_medium_top_20151228,limit_up_down_breadth_top,top,limit_up_down_breadth_v1_20120705_20260814,capped_confirmation,cni2000,国证2000,missed_region,False,,,cni2000_medium_top_20151228,2015-12-28,2015-12-18,2015-12-31,single_lobe,1,,,False,False,,,,,,2012-07-05,2026-08-14,True,True,top_bottom_regions_v2,,,,
limit_up_down_breadth_top::top::limit_up_down_breadth_v1_20120705_20260814::capped_confirmation::cni2000::missed_region::cni2000_medium_top_20160223,limit_up_down_breadth_top,top,limit_up_down_breadth_v1_20120705_20260814,capped_confirmation,cni2000,国证2000,missed_region,False,,,cni2000_medium_top_20160223,2016-02-23,2016-02-18,2016-02-25,single_lobe,1,,,False,False,,,,,,2012-07-05,2026-08-14,True,True,top_bottom_regions_v2,,,,
limit_up_down_breadth_top::top::limit_up_down_breadth_v1_20120705_20260814::capped_confirmation::cni2000::missed_region::cni2000_medium_top_20160415,limit_up_down_breadth_top,top,limit_up_down_breadth_v1_20120705_20260814,capped_confirmation,cni2000,国证2000,missed_region,False,,,cni2000_medium_top_20160415,2016-04-15,2016-04-07,2016-04-20,multi_lobe,3,,,False,False,,,,,,2012-07-05,2026-08-14,True,True,top_bottom_regions_v2,,,,
limit_up_down_breadth_top::top::limit_up_down_breadth_v1_20120705_20260814::capped_confirmation::cni2000::missed_region::cni2000_medium_top_20161123,limit_up_down_breadth_top,top,limit_up_down_breadth_v1_20120705_20260814,capped_confirmation,cni2000,国证2000,missed_region,False,,,cni2000_medium_top_20161123,2016-11-23,2016-11-11,2016-11-29,single_lobe,1,,,False,False,,,,,,2012-07-05,2026-08-14,True,True,top_bottom_regions_v2,,,,
limit_up_down_breadth_top::top::limit_up_down_breadth_v1_20120705_20260814::capped_confirmation::cni2000::missed_region::cni2000_medium_top_20170317,limit_up_down_breadth_top,top,limit_up_down_breadth_v1_20120705_20260814,capped_confirmation,cni2000,国证2000,missed_region,False,,,cni2000_medium_top_20170317,2017-03-17,2017-02-22,2017-04-11,multi_lobe,3,,,False,False,,,,,,2012-07-05,2026-08-14,True,True,top_bottom_regions_v2,,,,
limit_up_down_breadth_top::top::limit_up_down_breadth_v1_20120705_20260814::capped_confirmation::cni2000::missed_region::cni2000_medium_top_20171011,limit_up_down_breadth_top,top,limit_up_down_breadth_v1_20120705_20260814,capped_confirmation,cni2000,国证2000,missed_region,False,,,cni2000_medium_top_20171011,2017-10-11,2017-09-07,2017-10-27,multi_lobe,3,,,False,False,,,,,,2012-07-05,2026-08-14,True,True,top_bottom_regions_v2,,,,
limit_up_down_breadth_top::top::limit_up_down_breadth_v1_20120705_20260814::capped_confirmation::cni2000::matched::limit_up_down_breadth_top::top::limit_up_down_breadth_v1_20120705_20260814::000019,limit_up_down_breadth_top,top,limit_up_down_breadth_v1_20120705_20260814,capped_confirmation,cni2000,国证2000,matched,True,limit_up_down_breadth_top::top::limit_up_down_breadth_v1_20120705_20260814::000019,2018-04-04,cni2000_medium_top_20180313,2018-03-13,2018-03-09,2018-04-12,multi_lobe,4,cni2000_medium_top_20180313_lobe_03,core_lobe,True,True,confirmation,16,16,20,limit_up_down_breadth_top::top::limit_up_down_breadth_v1_20120705_20260814::000019,2012-07-05,2026-08-14,True,True,top_bottom_regions_v2,cni2000_medium_top_20180313,confirmation,multi_lobe,primary_match
limit_up_down_breadth_top::top::limit_up_down_breadth_v1_20120705_20260814::capped_confirmation::cni2000::false_alarm::limit_up_down_breadth_top::top::limit_up_down_breadth_v1_20120705_20260814::000020,limit_up_down_breadth_top,top,limit_up_down_breadth_v1_20120705_20260814,capped_confirmation,cni2000,国证2000,false_alarm,False,limit_up_down_breadth_top::top::limit_up_down_breadth_v1_20120705_20260814::000020,2018-04-17,,,,,,,,,False,False,,,,,,2012-07-05,2026-08-14,,,,cni2000_medium_top_20180313,confirmation,multi_lobe,nearest_region_for_slice_only
limit_up_down_breadth_top::top::limit_up_down_breadth_v1_20120705_20260814::capped_confirmation::cni2000::false_alarm::limit_up_down_breadth_top::top::limit_up_down_breadth_v1_20120705_20260814::000021,limit_up_down_breadth_top,top,limit_up_down_breadth_v1_20120705_20260814,capped_confirmation,cni2000,国证2000,false_alarm,False,limit_up_down_breadth_top::top::limit_up_down_breadth_v1_20120705_20260814::000021,2018-05-04,,,,,,,,,False,False,,,,,,2012-07-05,2026-08-14,,,,cni2000_medium_top_20180313,confirmation,multi_lobe,nearest_region_for_slice_only
limit_up_down_breadth_top::top::limit_up_down_breadth_v1_20120705_20260814::capped_confirmation::cni2000::false_alarm::limit_up_down_breadth_top::top::limit_up_down_breadth_v1_20120705_20260814::000022,limit_up_down_breadth_top,top,limit_up_down_breadth_v1_20120705_20260814,capped_confirmation,cni2000,国证2000,false_alarm,False,limit_up_down_breadth_top::top::limit_up_down_breadth_v1_20120705_20260814::000022,2018-05-16,,,,,,,,,False,False,,,,,,2012-07-05,2026-08-14,,,,cni2000_medium_top_20180313,confirmation,multi_lobe,nearest_region_for_slice_only
limit_up_down_breadth_top::top::limit_up_down_breadth_v1_20120705_20260814::capped_confirmation::cni2000::duplicate_alarm::limit_up_down_breadth_top::top::limit_up_down_breadth_v1_20120705_20260814::000023,limit_up_down_breadth_top,top,limit_up_down_breadth_v1_20120705_20260814,capped_confirmation,cni2000,国证2000,duplicate_alarm,False,limit_up_down_breadth_top::top::limit_up_down_breadth_v1_20120705_20260814::000023,2018-11-12,cni2000_medium_top_20181116,2018-11-16,2018-11-15,2018-11-23,single_lobe,1,,prediction_window,False,False,prediction,-4,4,5,limit_up_down_breadth_top::top::limit_up_down_breadth_v1_20120705_20260814::000024,2012-07-05,2026-08-14,True,True,top_bottom_regions_v2,cni2000_medium_top_20181116,prediction,single_lobe,duplicate_candidate
limit_up_down_breadth_top::top::limit_up_down_breadth_v1_20120705_20260814::capped_confirmation::cni2000::matched::limit_up_down_breadth_top::top::limit_up_down_breadth_v1_20120705_20260814::000024,limit_up_down_breadth_top,top,limit_up_down_breadth_v1_20120705_20260814,capped_confirmation,cni2000,国证2000,matched,True,limit_up_down_breadth_top::top::limit_up_down_breadth_v1_20120705_20260814::000024,2018-11-22,cni2000_medium_top_20181116,2018-11-16,2018-11-15,2018-11-23,single_lobe,1,cni2000_medium_top_20181116_lobe_01,core_lobe,True,True,confirmation,4,4,5,limit_up_down_breadth_top::top::limit_up_down_breadth_v1_20120705_20260814::000024,2012-07-05,2026-08-14,True,True,top_bottom_regions_v2,cni2000_medium_top_20181116,confirmation,single_lobe,primary_match
limit_up_down_breadth_top::top::limit_up_down_breadth_v1_20120705_20260814::capped_confirmation::cni2000::false_alarm::limit_up_down_breadth_top::top::limit_up_down_breadth_v1_20120705_20260814::000025,limit_up_down_breadth_top,top,limit_up_down_breadth_v1_20120705_20260814,capped_confirmation,cni2000,国证2000,false_alarm,False,limit_up_down_breadth_top::top::limit_up_down_breadth_v1_20120705_20260814::000025,2019-01-14,,,,,,,,,False,False,,,,,,2012-07-05,2026-08-14,,,,cni2000_medium_top_20181116,confirmation,single_lobe,nearest_region_for_slice_only
limit_up_down_breadth_top::top::limit_up_down_breadth_v1_20120705_20260814::capped_confirmation::cni2000::false_alarm::limit_up_down_breadth_top::top::limit_up_down_breadth_v1_20120705_20260814::000026,limit_up_down_breadth_top,top,limit_up_down_breadth_v1_20120705_20260814,capped_confirmation,cni2000,国证2000,false_alarm,False,limit_up_down_breadth_top::top::limit_up_down_breadth_v1_20120705_20260814::000026,2019-03-04,,,,,,,,,False,False,,,,,,2012-07-05,2026-08-14,,,,cni2000_medium_top_20190417,prediction,multi_lobe,nearest_region_for_slice_only
limit_up_down_breadth_top::top::limit_up_down_breadth_v1_20120705_20260814::capped_confirmation::cni2000::duplicate_alarm::limit_up_down_breadth_top::top::limit_up_down_breadth_v1_20120705_20260814::000027,limit_up_down_breadth_top,top,limit_up_down_breadth_v1_20120705_20260814,capped_confirmation,cni2000,国证2000,duplicate_alarm,False,limit_up_down_breadth_top::top::limit_up_down_breadth_v1_20120705_20260814::000027,2019-04-01,cni2000_medium_top_20190417,2019-04-17,2019-04-02,2019-04-23,multi_lobe,2,,prediction_window,False,False,prediction,-11,11,20,limit_up_down_breadth_top::top::limit_up_down_breadth_v1_20120705_20260814::000028,2012-07-05,2026-08-14,True,True,top_bottom_regions_v2,cni2000_medium_top_20190417,prediction,multi_lobe,duplicate_candidate
limit_up_down_breadth_top::top::limit_up_down_breadth_v1_20120705_20260814::capped_confirmation::cni2000::matched::limit_up_down_breadth_top::top::limit_up_down_breadth_v1_20120705_20260814::000028,limit_up_down_breadth_top,top,limit_up_down_breadth_v1_20120705_20260814,capped_confirmation,cni2000,国证2000,matched,True,limit_up_down_breadth_top::top::limit_up_down_breadth_v1_20120705_20260814::000028,2019-04-10,cni2000_medium_top_20190417,2019-04-17,2019-04-02,2019-04-23,multi_lobe,2,cni2000_medium_top_20190417_lobe_01,core_lobe,True,True,prediction,-5,5,5,limit_up_down_breadth_top::top::limit_up_down_breadth_v1_20120705_20260814::000028,2012-07-05,2026-08-14,True,True,top_bottom_regions_v2,cni2000_medium_top_20190417,prediction,multi_lobe,primary_match
limit_up_down_breadth_top::top::limit_up_down_breadth_v1_20120705_20260814::capped_confirmation::cni2000::duplicate_alarm::limit_up_down_breadth_top::top::limit_up_down_breadth_v1_20120705_20260814::000029,limit_up_down_breadth_top,top,limit_up_down_breadth_v1_20120705_20260814,capped_confirmation,cni2000,国证2000,duplicate_alarm,False,limit_up_down_breadth_top::top::limit_up_down_breadth_v1_20120705_20260814::000029,2019-04-25,cni2000_medium_top_20190417,2019-04-17,2019-04-02,2019-04-23,multi_lobe,2,,confirmation_window,False,False,confirmation,6,6,10,limit_up_down_breadth_top::top::limit_up_down_breadth_v1_20120705_20260814::000028,2012-07-05,2026-08-14,True,True,top_bottom_regions_v2,cni2000_medium_top_20190417,confirmation,multi_lobe,duplicate_candidate
limit_up_down_breadth_top::top::limit_up_down_breadth_v1_20120705_20260814::capped_confirmation::cni2000::missed_region::cni2000_medium_top_20200114,limit_up_down_breadth_top,top,limit_up_down_breadth_v1_20120705_20260814,capped_confirmation,cni2000,国证2000,missed_region,False,,,cni2000_medium_top_20200114,2020-01-14,2020-01-07,2020-01-20,single_lobe,1,,,False,False,,,,,,2012-07-05,2026-08-14,True,True,top_bottom_regions_v2,,,,
limit_up_down_breadth_top::top::limit_up_down_breadth_v1_20120705_20260814::capped_confirmation::cni2000::missed_region::cni2000_medium_top_20200306,limit_up_down_breadth_top,top,limit_up_down_breadth_v1_20120705_20260814,capped_confirmation,cni2000,国证2000,missed_region,False,,,cni2000_medium_top_20200306,2020-03-06,2020-02-24,2020-03-11,multi_lobe,4,,,False,False,,,,,,2012-07-05,2026-08-14,True,True,top_bottom_regions_v2,,,,
limit_up_down_breadth_top::top::limit_up_down_breadth_v1_20120705_20260814::capped_confirmation::cni2000::false_alarm::limit_up_down_breadth_top::top::limit_up_down_breadth_v1_20120705_20260814::000030,limit_up_down_breadth_top,top,limit_up_down_breadth_v1_20120705_20260814,capped_confirmation,cni2000,国证2000,false_alarm,False,limit_up_down_breadth_top::top::limit_up_down_breadth_v1_20120705_20260814::000030,2020-04-15,,,,,,,,,False,False,,,,,,2012-07-05,2026-08-14,,,,cni2000_medium_top_20200306,confirmation,multi_lobe,nearest_region_for_slice_only
limit_up_down_breadth_top::top::limit_up_down_breadth_v1_20120705_20260814::capped_confirmation::cni2000::false_alarm::limit_up_down_breadth_top::top::limit_up_down_breadth_v1_20120705_20260814::000031,limit_up_down_breadth_top,top,limit_up_down_breadth_v1_20120705_20260814,capped_confirmation,cni2000,国证2000,false_alarm,False,limit_up_down_breadth_top::top::limit_up_down_breadth_v1_20120705_20260814::000031,2020-07-15,,,,,,,,,False,False,,,,,,2012-07-05,2026-08-14,,,,cni2000_medium_top_20200818,prediction,multi_lobe,nearest_region_for_slice_only
limit_up_down_breadth_top::top::limit_up_down_breadth_v1_20120705_20260814::capped_confirmation::cni2000::matched::limit_up_down_breadth_top::top::limit_up_down_breadth_v1_20120705_20260814::000032,limit_up_down_breadth_top,top,limit_up_down_breadth_v1_20120705_20260814,capped_confirmation,cni2000,国证2000,matched,True,limit_up_down_breadth_top::top::limit_up_down_breadth_v1_20120705_20260814::000032,2020-08-11,cni2000_medium_top_20200818,2020-08-18,2020-08-03,2020-09-07,multi_lobe,3,cni2000_medium_top_20200818_lobe_01,core_lobe,True,True,prediction,-5,5,5,limit_up_down_breadth_top::top::limit_up_down_breadth_v1_20120705_20260814::000032,2012-07-05,2026-08-14,True,True,top_bottom_regions_v2,cni2000_medium_top_20200818,prediction,multi_lobe,primary_match
limit_up_down_breadth_top::top::limit_up_down_breadth_v1_20120705_20260814::capped_confirmation::cni2000::false_alarm::limit_up_down_breadth_top::top::limit_up_down_breadth_v1_20120705_20260814::000033,limit_up_down_breadth_top,top,limit_up_down_breadth_v1_20120705_20260814,capped_confirmation,cni2000,国证2000,false_alarm,False,limit_up_down_breadth_top::top::limit_up_down_breadth_v1_20120705_20260814::000033,2021-08-31,,,,,,,,,False,False,,,,,,2012-07-05,2026-08-14,,,,cni2000_medium_top_20220104,prediction,multi_lobe,nearest_region_for_slice_only
limit_up_down_breadth_top::top::limit_up_down_breadth_v1_20120705_20260814::capped_confirmation::cni2000::false_alarm::limit_up_down_breadth_top::top::limit_up_down_breadth_v1_20120705_20260814::000034,limit_up_down_breadth_top,top,limit_up_down_breadth_v1_20120705_20260814,capped_confirmation,cni2000,国证2000,false_alarm,False,limit_up_down_breadth_top::top::limit_up_down_breadth_v1_20120705_20260814::000034,2021-11-12,,,,,,,,,False,False,,,,,,2012-07-05,2026-08-14,,,,cni2000_medium_top_20220104,prediction,multi_lobe,nearest_region_for_slice_only
limit_up_down_breadth_top::top::limit_up_down_breadth_v1_20120705_20260814::capped_confirmation::cni2000::false_alarm::limit_up_down_breadth_top::top::limit_up_down_breadth_v1_20120705_20260814::000035,limit_up_down_breadth_top,top,limit_up_down_breadth_v1_20120705_20260814,capped_confirmation,cni2000,国证2000,false_alarm,False,limit_up_down_breadth_top::top::limit_up_down_breadth_v1_20120705_20260814::000035,2021-11-22,,,,,,,,,False,False,,,,,,2012-07-05,2026-08-14,,,,cni2000_medium_top_20220104,prediction,multi_lobe,nearest_region_for_slice_only
limit_up_down_breadth_top::top::limit_up_down_breadth_v1_20120705_20260814::capped_confirmation::cni2000::false_alarm::limit_up_down_breadth_top::top::limit_up_down_breadth_v1_20120705_20260814::000036,limit_up_down_breadth_top,top,limit_up_down_breadth_v1_20120705_20260814,capped_confirmation,cni2000,国证2000,false_alarm,False,limit_up_down_breadth_top::top::limit_up_down_breadth_v1_20120705_20260814::000036,2021-11-25,,,,,,,,,False,False,,,,,,2012-07-05,2026-08-14,,,,cni2000_medium_top_20220104,prediction,multi_lobe,nearest_region_for_slice_only
limit_up_down_breadth_top::top::limit_up_down_breadth_v1_20120705_20260814::capped_confirmation::cni2000::missed_region::cni2000_medium_top_20220104,limit_up_down_breadth_top,top,limit_up_down_breadth_v1_20120705_20260814,capped_confirmation,cni2000,国证2000,missed_region,False,,,cni2000_medium_top_20220104,2022-01-04,2021-12-15,2022-01-19,multi_lobe,5,,,False,False,,,,,,2012-07-05,2026-08-14,True,True,top_bottom_regions_v2,,,,
limit_up_down_breadth_top::top::limit_up_down_breadth_v1_20120705_20260814::capped_confirmation::cni2000::false_alarm::limit_up_down_breadth_top::top::limit_up_down_breadth_v1_20120705_20260814::000037,limit_up_down_breadth_top,top,limit_up_down_breadth_v1_20120705_20260814,capped_confirmation,cni2000,国证2000,false_alarm,False,limit_up_down_breadth_top::top::limit_up_down_breadth_v1_20120705_20260814::000037,2022-02-17,,,,,,,,,False,False,,,,,,2012-07-05,2026-08-14,,,,cni2000_medium_top_20220104,confirmation,multi_lobe,nearest_region_for_slice_only
limit_up_down_breadth_top::top::limit_up_down_breadth_v1_20120705_20260814::capped_confirmation::cni2000::false_alarm::limit_up_down_breadth_top::top::limit_up_down_breadth_v1_20120705_20260814::000038,limit_up_down_breadth_top,top,limit_up_down_breadth_v1_20120705_20260814,capped_confirmation,cni2000,国证2000,false_alarm,False,limit_up_down_breadth_top::top::limit_up_down_breadth_v1_20120705_20260814::000038,2022-05-13,,,,,,,,,False,False,,,,,,2012-07-05,2026-08-14,,,,cni2000_medium_top_20220819,prediction,single_lobe,nearest_region_for_slice_only
limit_up_down_breadth_top::top::limit_up_down_breadth_v1_20120705_20260814::capped_confirmation::cni2000::false_alarm::limit_up_down_breadth_top::top::limit_up_down_breadth_v1_20120705_20260814::000039,limit_up_down_breadth_top,top,limit_up_down_breadth_v1_20120705_20260814,capped_confirmation,cni2000,国证2000,false_alarm,False,limit_up_down_breadth_top::top::limit_up_down_breadth_v1_20120705_20260814::000039,2022-05-17,,,,,,,,,False,False,,,,,,2012-07-05,2026-08-14,,,,cni2000_medium_top_20220819,prediction,single_lobe,nearest_region_for_slice_only
limit_up_down_breadth_top::top::limit_up_down_breadth_v1_20120705_20260814::capped_confirmation::cni2000::missed_region::cni2000_medium_top_20220819,limit_up_down_breadth_top,top,limit_up_down_breadth_v1_20120705_20260814,capped_confirmation,cni2000,国证2000,missed_region,False,,,cni2000_medium_top_20220819,2022-08-19,2022-08-12,2022-08-24,single_lobe,1,,,False,False,,,,,,2012-07-05,2026-08-14,True,True,top_bottom_regions_v2,,,,
limit_up_down_breadth_top::top::limit_up_down_breadth_v1_20120705_20260814::capped_confirmation::cni2000::missed_region::cni2000_medium_top_20230216,limit_up_down_breadth_top,top,limit_up_down_breadth_v1_20120705_20260814,capped_confirmation,cni2000,国证2000,missed_region,False,,,cni2000_medium_top_20230216,2023-02-16,2023-02-09,2023-03-07,multi_lobe,3,,,False,False,,,,,,2012-07-05,2026-08-14,True,True,top_bottom_regions_v2,,,,
limit_up_down_breadth_top::top::limit_up_down_breadth_v1_20120705_20260814::capped_confirmation::cni2000::missed_region::cni2000_medium_top_20231121,limit_up_down_breadth_top,top,limit_up_down_breadth_v1_20120705_20260814,capped_confirmation,cni2000,国证2000,missed_region,False,,,cni2000_medium_top_20231121,2023-11-21,2023-11-14,2023-12-04,multi_lobe,2,,,False,False,,,,,,2012-07-05,2026-08-14,True,True,top_bottom_regions_v2,,,,
limit_up_down_breadth_top::top::limit_up_down_breadth_v1_20120705_20260814::capped_confirmation::cni2000::duplicate_alarm::limit_up_down_breadth_top::top::limit_up_down_breadth_v1_20120705_20260814::000040,limit_up_down_breadth_top,top,limit_up_down_breadth_v1_20120705_20260814,capped_confirmation,cni2000,国证2000,duplicate_alarm,False,limit_up_down_breadth_top::top::limit_up_down_breadth_v1_20120705_20260814::000040,2024-03-06,cni2000_medium_top_20240321,2024-03-21,2024-03-18,2024-03-25,single_lobe,1,,prediction_window,False,False,prediction,-11,11,20,limit_up_down_breadth_top::top::limit_up_down_breadth_v1_20120705_20260814::000041,2012-07-05,2026-08-14,True,True,top_bottom_regions_v2,cni2000_medium_top_20240321,prediction,single_lobe,duplicate_candidate
limit_up_down_breadth_top::top::limit_up_down_breadth_v1_20120705_20260814::capped_confirmation::cni2000::matched::limit_up_down_breadth_top::top::limit_up_down_breadth_v1_20120705_20260814::000041,limit_up_down_breadth_top,top,limit_up_down_breadth_v1_20120705_20260814,capped_confirmation,cni2000,国证2000,matched,True,limit_up_down_breadth_top::top::limit_up_down_breadth_v1_20120705_20260814::000041,2024-03-15,cni2000_medium_top_20240321,2024-03-21,2024-03-18,2024-03-25,single_lobe,1,,prediction_window,False,False,prediction,-4,4,5,limit_up_down_breadth_top::top::limit_up_down_breadth_v1_20120705_20260814::000041,2012-07-05,2026-08-14,True,True,top_bottom_regions_v2,cni2000_medium_top_20240321,prediction,single_lobe,primary_match
limit_up_down_breadth_top::top::limit_up_down_breadth_v1_20120705_20260814::capped_confirmation::cni2000::duplicate_alarm::limit_up_down_breadth_top::top::limit_up_down_breadth_v1_20120705_20260814::000042,limit_up_down_breadth_top,top,limit_up_down_breadth_v1_20120705_20260814,capped_confirmation,cni2000,国证2000,duplicate_alarm,False,limit_up_down_breadth_top::top::limit_up_down_breadth_v1_20120705_20260814::000042,2024-03-27,cni2000_medium_top_20240321,2024-03-21,2024-03-18,2024-03-25,single_lobe,1,,confirmation_window,False,False,confirmation,4,4,5,limit_up_down_breadth_top::top::limit_up_down_breadth_v1_20120705_20260814::000041,2012-07-05,2026-08-14,True,True,top_bottom_regions_v2,cni2000_medium_top_20240321,confirmation,single_lobe,duplicate_candidate
limit_up_down_breadth_top::top::limit_up_down_breadth_v1_20120705_20260814::capped_confirmation::cni2000::matched::limit_up_down_breadth_top::top::limit_up_down_breadth_v1_20120705_20260814::000043,limit_up_down_breadth_top,top,limit_up_down_breadth_v1_20120705_20260814,capped_confirmation,cni2000,国证2000,matched,True,limit_up_down_breadth_top::top::limit_up_down_breadth_v1_20120705_20260814::000043,2024-05-10,cni2000_medium_top_20240510,2024-05-10,2024-04-30,2024-05-22,multi_lobe,2,cni2000_medium_top_20240510_lobe_01,core_lobe,True,True,prediction,0,0,5,limit_up_down_breadth_top::top::limit_up_down_breadth_v1_20120705_20260814::000043,2012-07-05,2026-08-14,True,True,top_bottom_regions_v2,cni2000_medium_top_20240510,prediction,multi_lobe,primary_match
limit_up_down_breadth_top::top::limit_up_down_breadth_v1_20120705_20260814::capped_confirmation::cni2000::matched::limit_up_down_breadth_top::top::limit_up_down_breadth_v1_20120705_20260814::000044,limit_up_down_breadth_top,top,limit_up_down_breadth_v1_20120705_20260814,capped_confirmation,cni2000,国证2000,matched,True,limit_up_down_breadth_top::top::limit_up_down_breadth_v1_20120705_20260814::000044,2024-10-16,cni2000_medium_top_20241008,2024-10-08,2024-10-08,2024-10-08,single_lobe,1,,confirmation_window,False,False,confirmation,6,6,10,limit_up_down_breadth_top::top::limit_up_down_breadth_v1_20120705_20260814::000044,2012-07-05,2026-08-14,True,True,top_bottom_regions_v2,cni2000_medium_top_20241008,confirmation,single_lobe,primary_match
limit_up_down_breadth_top::top::limit_up_down_breadth_v1_20120705_20260814::capped_confirmation::cni2000::duplicate_alarm::limit_up_down_breadth_top::top::limit_up_down_breadth_v1_20120705_20260814::000045,limit_up_down_breadth_top,top,limit_up_down_breadth_v1_20120705_20260814,capped_confirmation,cni2000,国证2000,duplicate_alarm,False,limit_up_down_breadth_top::top::limit_up_down_breadth_v1_20120705_20260814::000045,2024-11-05,cni2000_medium_top_20241008,2024-10-08,2024-10-08,2024-10-08,single_lobe,1,,confirmation_window,False,False,confirmation,20,20,20,limit_up_down_breadth_top::top::limit_up_down_breadth_v1_20120705_20260814::000044,2012-07-05,2026-08-14,True,True,top_bottom_regions_v2,cni2000_medium_top_20241008,confirmation,single_lobe,duplicate_candidate
limit_up_down_breadth_top::top::limit_up_down_breadth_v1_20120705_20260814::capped_confirmation::cni2000::false_alarm::limit_up_down_breadth_top::top::limit_up_down_breadth_v1_20120705_20260814::000046,limit_up_down_breadth_top,top,limit_up_down_breadth_v1_20120705_20260814,capped_confirmation,cni2000,国证2000,false_alarm,False,limit_up_down_breadth_top::top::limit_up_down_breadth_v1_20120705_20260814::000046,2024-11-13,,,,,,,,,False,False,,,,,,2012-07-05,2026-08-14,,,,cni2000_medium_top_20241212,prediction,single_lobe,nearest_region_for_slice_only
limit_up_down_breadth_top::top::limit_up_down_breadth_v1_20120705_20260814::capped_confirmation::cni2000::matched::limit_up_down_breadth_top::top::limit_up_down_breadth_v1_20120705_20260814::000047,limit_up_down_breadth_top,top,limit_up_down_breadth_v1_20120705_20260814,capped_confirmation,cni2000,国证2000,matched,True,limit_up_down_breadth_top::top::limit_up_down_breadth_v1_20120705_20260814::000047,2024-12-10,cni2000_medium_top_20241212,2024-12-12,2024-12-10,2024-12-16,single_lobe,1,cni2000_medium_top_20241212_lobe_01,core_lobe,True,True,prediction,-2,2,5,limit_up_down_breadth_top::top::limit_up_down_breadth_v1_20120705_20260814::000047,2012-07-05,2026-08-14,True,True,top_bottom_regions_v2,cni2000_medium_top_20241212,prediction,single_lobe,primary_match
limit_up_down_breadth_top::top::limit_up_down_breadth_v1_20120705_20260814::capped_confirmation::cni2000::missed_region::cni2000_medium_top_20250318,limit_up_down_breadth_top,top,limit_up_down_breadth_v1_20120705_20260814,capped_confirmation,cni2000,国证2000,missed_region,False,,,cni2000_medium_top_20250318,2025-03-18,2025-02-26,2025-03-21,multi_lobe,2,,,False,False,,,,,,2012-07-05,2026-08-14,True,True,top_bottom_regions_v2,,,,
limit_up_down_breadth_top::top::limit_up_down_breadth_v1_20120705_20260814::capped_confirmation::cni2000::false_alarm::limit_up_down_breadth_top::top::limit_up_down_breadth_v1_20120705_20260814::000048,limit_up_down_breadth_top,top,limit_up_down_breadth_v1_20120705_20260814,capped_confirmation,cni2000,国证2000,false_alarm,False,limit_up_down_breadth_top::top::limit_up_down_breadth_v1_20120705_20260814::000048,2025-04-18,,,,,,,,,False,False,,,,,,2012-07-05,2026-08-14,,,,cni2000_medium_top_20250318,confirmation,multi_lobe,nearest_region_for_slice_only
limit_up_down_breadth_top::top::limit_up_down_breadth_v1_20120705_20260814::capped_confirmation::cni2000::matched::limit_up_down_breadth_top::top::limit_up_down_breadth_v1_20120705_20260814::000049,limit_up_down_breadth_top,top,limit_up_down_breadth_v1_20120705_20260814,capped_confirmation,cni2000,国证2000,matched,True,limit_up_down_breadth_top::top::limit_up_down_breadth_v1_20120705_20260814::000049,2026-01-22,cni2000_medium_top_20260227,2026-02-27,2026-02-25,2026-03-11,multi_lobe,2,,prediction_window,False,False,prediction,-20,20,20,limit_up_down_breadth_top::top::limit_up_down_breadth_v1_20120705_20260814::000049,2012-07-05,2026-08-14,True,True,top_bottom_regions_v2,cni2000_medium_top_20260227,prediction,multi_lobe,primary_match
limit_up_down_breadth_top::top::limit_up_down_breadth_v1_20120705_20260814::capped_confirmation::cni2000::matched::limit_up_down_breadth_top::top::limit_up_down_breadth_v1_20120705_20260814::000050,limit_up_down_breadth_top,top,limit_up_down_breadth_v1_20120705_20260814,capped_confirmation,cni2000,国证2000,matched,True,limit_up_down_breadth_top::top::limit_up_down_breadth_v1_20120705_20260814::000050,2026-06-05,cni2000_medium_top_20260514,2026-05-14,2026-05-11,2026-05-21,multi_lobe,2,,confirmation_window,False,False,confirmation,16,16,20,limit_up_down_breadth_top::top::limit_up_down_breadth_v1_20120705_20260814::000050,2012-07-05,2026-08-14,True,True,top_bottom_regions_v2,cni2000_medium_top_20260514,confirmation,multi_lobe,primary_match
limit_up_down_breadth_top::top::limit_up_down_breadth_v1_20120705_20260814::capped_confirmation::cni2000::false_alarm::limit_up_down_breadth_top::top::limit_up_down_breadth_v1_20120705_20260814::000051,limit_up_down_breadth_top,top,limit_up_down_breadth_v1_20120705_20260814,capped_confirmation,cni2000,国证2000,false_alarm,False,limit_up_down_breadth_top::top::limit_up_down_breadth_v1_20120705_20260814::000051,2026-06-25,,,,,,,,,False,False,,,,,,2012-07-05,2026-08-14,,,,cni2000_medium_top_20260514,confirmation,multi_lobe,nearest_region_for_slice_only
limit_up_down_breadth_top::top::limit_up_down_breadth_v1_20120705_20260814::capped_confirmation::cni2000::false_alarm::limit_up_down_breadth_top::top::limit_up_down_breadth_v1_20120705_20260814::000052,limit_up_down_breadth_top,top,limit_up_down_breadth_v1_20120705_20260814,capped_confirmation,cni2000,国证2000,false_alarm,False,limit_up_down_breadth_top::top::limit_up_down_breadth_v1_20120705_20260814::000052,2026-08-13,,,,,,,,,False,False,,,,,,2012-07-05,2026-08-14,,,,cni2000_medium_top_20260514,confirmation,multi_lobe,nearest_region_for_slice_only
limit_up_down_breadth_top::top::limit_up_down_breadth_v1_20120705_20260814::capped_confirmation::csi1000::false_alarm::limit_up_down_breadth_top::top::limit_up_down_breadth_v1_20120705_20260814::000001,limit_up_down_breadth_top,top,limit_up_down_breadth_v1_20120705_20260814,capped_confirmation,csi1000,中证1000,false_alarm,False,limit_up_down_breadth_top::top::limit_up_down_breadth_v1_20120705_20260814::000001,2012-09-13,,,,,,,,,False,False,,,,,,2012-07-05,2026-08-14,,,,csi1000_medium_top_20130531,prediction,single_lobe,nearest_region_for_slice_only
limit_up_down_breadth_top::top::limit_up_down_breadth_v1_20120705_20260814::capped_confirmation::csi1000::false_alarm::limit_up_down_breadth_top::top::limit_up_down_breadth_v1_20120705_20260814::000002,limit_up_down_breadth_top,top,limit_up_down_breadth_v1_20120705_20260814,capped_confirmation,csi1000,中证1000,false_alarm,False,limit_up_down_breadth_top::top::limit_up_down_breadth_v1_20120705_20260814::000002,2012-12-18,,,,,,,,,False,False,,,,,,2012-07-05,2026-08-14,,,,csi1000_medium_top_20130531,prediction,single_lobe,nearest_region_for_slice_only
limit_up_down_breadth_top::top::limit_up_down_breadth_v1_20120705_20260814::capped_confirmation::csi1000::false_alarm::limit_up_down_breadth_top::top::limit_up_down_breadth_v1_20120705_20260814::000003,limit_up_down_breadth_top,top,limit_up_down_breadth_v1_20120705_20260814,capped_confirmation,csi1000,中证1000,false_alarm,False,limit_up_down_breadth_top::top::limit_up_down_breadth_v1_20120705_20260814::000003,2013-01-22,,,,,,,,,False,False,,,,,,2012-07-05,2026-08-14,,,,csi1000_medium_top_20130531,prediction,single_lobe,nearest_region_for_slice_only
limit_up_down_breadth_top::top::limit_up_down_breadth_v1_20120705_20260814::capped_confirmation::csi1000::false_alarm::limit_up_down_breadth_top::top::limit_up_down_breadth_v1_20120705_20260814::000004,limit_up_down_breadth_top,top,limit_up_down_breadth_v1_20120705_20260814,capped_confirmation,csi1000,中证1000,false_alarm,False,limit_up_down_breadth_top::top::limit_up_down_breadth_v1_20120705_20260814::000004,2013-01-24,,,,,,,,,False,False,,,,,,2012-07-05,2026-08-14,,,,csi1000_medium_top_20130531,prediction,single_lobe,nearest_region_for_slice_only
limit_up_down_breadth_top::top::limit_up_down_breadth_v1_20120705_20260814::capped_confirmation::csi1000::matched::limit_up_down_breadth_top::top::limit_up_down_breadth_v1_20120705_20260814::000005,limit_up_down_breadth_top,top,limit_up_down_breadth_v1_20120705_20260814,capped_confirmation,csi1000,中证1000,matched,True,limit_up_down_breadth_top::top::limit_up_down_breadth_v1_20120705_20260814::000005,2013-05-17,csi1000_medium_top_20130531,2013-05-31,2013-05-27,2013-06-03,single_lobe,1,,prediction_window,False,False,prediction,-10,10,10,limit_up_down_breadth_top::top::limit_up_down_breadth_v1_20120705_20260814::000005,2012-07-05,2026-08-14,True,True,top_bottom_regions_v2,csi1000_medium_top_20130531,prediction,single_lobe,primary_match
limit_up_down_breadth_top::top::limit_up_down_breadth_v1_20120705_20260814::capped_confirmation::csi1000::false_alarm::limit_up_down_breadth_top::top::limit_up_down_breadth_v1_20120705_20260814::000006,limit_up_down_breadth_top,top,limit_up_down_breadth_v1_20120705_20260814,capped_confirmation,csi1000,中证1000,false_alarm,False,limit_up_down_breadth_top::top::limit_up_down_breadth_v1_20120705_20260814::000006,2013-07-04,,,,,,,,,False,False,,,,,,2012-07-05,2026-08-14,,,,csi1000_medium_top_20130531,confirmation,single_lobe,nearest_region_for_slice_only
limit_up_down_breadth_top::top::limit_up_down_breadth_v1_20120705_20260814::capped_confirmation::csi1000::false_alarm::limit_up_down_breadth_top::top::limit_up_down_breadth_v1_20120705_20260814::000007,limit_up_down_breadth_top,top,limit_up_down_breadth_v1_20120705_20260814,capped_confirmation,csi1000,中证1000,false_alarm,False,limit_up_down_breadth_top::top::limit_up_down_breadth_v1_20120705_20260814::000007,2013-07-18,,,,,,,,,False,False,,,,,,2012-07-05,2026-08-14,,,,csi1000_medium_top_20130531,confirmation,single_lobe,nearest_region_for_slice_only
limit_up_down_breadth_top::top::limit_up_down_breadth_v1_20120705_20260814::capped_confirmation::csi1000::false_alarm::limit_up_down_breadth_top::top::limit_up_down_breadth_v1_20120705_20260814::000008,limit_up_down_breadth_top,top,limit_up_down_breadth_v1_20120705_20260814,capped_confirmation,csi1000,中证1000,false_alarm,False,limit_up_down_breadth_top::top::limit_up_down_breadth_v1_20120705_20260814::000008,2013-08-01,,,,,,,,,False,False,,,,,,2012-07-05,2026-08-14,,,,csi1000_medium_top_20130531,confirmation,single_lobe,nearest_region_for_slice_only
limit_up_down_breadth_top::top::limit_up_down_breadth_v1_20120705_20260814::capped_confirmation::csi1000::false_alarm::limit_up_down_breadth_top::top::limit_up_down_breadth_v1_20120705_20260814::000009,limit_up_down_breadth_top,top,limit_up_down_breadth_v1_20120705_20260814,capped_confirmation,csi1000,中证1000,false_alarm,False,limit_up_down_breadth_top::top::limit_up_down_breadth_v1_20120705_20260814::000009,2013-09-17,,,,,,,,,False,False,,,,,,2012-07-05,2026-08-14,,,,csi1000_medium_top_20130531,confirmation,single_lobe,nearest_region_for_slice_only
limit_up_down_breadth_top::top::limit_up_down_breadth_v1_20120705_20260814::capped_confirmation::csi1000::false_alarm::limit_up_down_breadth_top::top::limit_up_down_breadth_v1_20120705_20260814::000010,limit_up_down_breadth_top,top,limit_up_down_breadth_v1_20120705_20260814,capped_confirmation,csi1000,中证1000,false_alarm,False,limit_up_down_breadth_top::top::limit_up_down_breadth_v1_20120705_20260814::000010,2013-10-08,,,,,,,,,False,False,,,,,,2012-07-05,2026-08-14,,,,csi1000_medium_top_20130531,confirmation,single_lobe,nearest_region_for_slice_only
limit_up_down_breadth_top::top::limit_up_down_breadth_v1_20120705_20260814::capped_confirmation::csi1000::matched::limit_up_down_breadth_top::top::limit_up_down_breadth_v1_20120705_20260814::000011,limit_up_down_breadth_top,top,limit_up_down_breadth_v1_20120705_20260814,capped_confirmation,csi1000,中证1000,matched,True,limit_up_down_breadth_top::top::limit_up_down_breadth_v1_20120705_20260814::000011,2014-02-20,csi1000_medium_top_20140219,2014-02-19,2014-02-17,2014-02-25,single_lobe,1,csi1000_medium_top_20140219_lobe_01,core_lobe,True,True,confirmation,1,1,5,limit_up_down_breadth_top::top::limit_up_down_breadth_v1_20120705_20260814::000011,2012-07-05,2026-08-14,True,True,top_bottom_regions_v2,csi1000_medium_top_20140219,confirmation,single_lobe,primary_match
limit_up_down_breadth_top::top::limit_up_down_breadth_v1_20120705_20260814::capped_confirmation::csi1000::false_alarm::limit_up_down_breadth_top::top::limit_up_down_breadth_v1_20120705_20260814::000012,limit_up_down_breadth_top,top,limit_up_down_breadth_v1_20120705_20260814,capped_confirmation,csi1000,中证1000,false_alarm,False,limit_up_down_breadth_top::top::limit_up_down_breadth_v1_20120705_20260814::000012,2014-12-19,,,,,,,,,False,False,,,,,,2012-07-05,2026-08-14,,,,csi1000_medium_top_20150612,prediction,single_lobe,nearest_region_for_slice_only
limit_up_down_breadth_top::top::limit_up_down_breadth_v1_20120705_20260814::capped_confirmation::csi1000::false_alarm::limit_up_down_breadth_top::top::limit_up_down_breadth_v1_20120705_20260814::000013,limit_up_down_breadth_top,top,limit_up_down_breadth_v1_20120705_20260814,capped_confirmation,csi1000,中证1000,false_alarm,False,limit_up_down_breadth_top::top::limit_up_down_breadth_v1_20120705_20260814::000013,2015-03-09,,,,,,,,,False,False,,,,,,2012-07-05,2026-08-14,,,,csi1000_medium_top_20150612,prediction,single_lobe,nearest_region_for_slice_only
limit_up_down_breadth_top::top::limit_up_down_breadth_v1_20120705_20260814::capped_confirmation::csi1000::false_alarm::limit_up_down_breadth_top::top::limit_up_down_breadth_v1_20120705_20260814::000014,limit_up_down_breadth_top,top,limit_up_down_breadth_v1_20120705_20260814,capped_confirmation,csi1000,中证1000,false_alarm,False,limit_up_down_breadth_top::top::limit_up_down_breadth_v1_20120705_20260814::000014,2015-03-31,,,,,,,,,False,False,,,,,,2012-07-05,2026-08-14,,,,csi1000_medium_top_20150612,prediction,single_lobe,nearest_region_for_slice_only
limit_up_down_breadth_top::top::limit_up_down_breadth_v1_20120705_20260814::capped_confirmation::csi1000::false_alarm::limit_up_down_breadth_top::top::limit_up_down_breadth_v1_20120705_20260814::000015,limit_up_down_breadth_top,top,limit_up_down_breadth_v1_20120705_20260814,capped_confirmation,csi1000,中证1000,false_alarm,False,limit_up_down_breadth_top::top::limit_up_down_breadth_v1_20120705_20260814::000015,2015-04-21,,,,,,,,,False,False,,,,,,2012-07-05,2026-08-14,,,,csi1000_medium_top_20150612,prediction,single_lobe,nearest_region_for_slice_only
limit_up_down_breadth_top::top::limit_up_down_breadth_v1_20120705_20260814::capped_confirmation::csi1000::matched::limit_up_down_breadth_top::top::limit_up_down_breadth_v1_20120705_20260814::000016,limit_up_down_breadth_top,top,limit_up_down_breadth_v1_20120705_20260814,capped_confirmation,csi1000,中证1000,matched,True,limit_up_down_breadth_top::top::limit_up_down_breadth_v1_20120705_20260814::000016,2015-06-10,csi1000_medium_top_20150612,2015-06-12,2015-06-12,2015-06-15,single_lobe,1,,prediction_window,False,False,prediction,-2,2,5,limit_up_down_breadth_top::top::limit_up_down_breadth_v1_20120705_20260814::000016,2012-07-05,2026-08-14,True,True,top_bottom_regions_v2,csi1000_medium_top_20150612,prediction,single_lobe,primary_match
limit_up_down_breadth_top::top::limit_up_down_breadth_v1_20120705_20260814::capped_confirmation::csi1000::missed_region::csi1000_medium_top_20150701,limit_up_down_breadth_top,top,limit_up_down_breadth_v1_20120705_20260814,capped_confirmation,csi1000,中证1000,missed_region,False,,,csi1000_medium_top_20150701,2015-07-01,2015-07-01,2015-07-01,single_lobe,1,,,False,False,,,,,,2012-07-05,2026-08-14,True,True,top_bottom_regions_v2,,,,
limit_up_down_breadth_top::top::limit_up_down_breadth_v1_20120705_20260814::capped_confirmation::csi1000::matched::limit_up_down_breadth_top::top::limit_up_down_breadth_v1_20120705_20260814::000017,limit_up_down_breadth_top,top,limit_up_down_breadth_v1_20120705_20260814,capped_confirmation,csi1000,中证1000,matched,True,limit_up_down_breadth_top::top::limit_up_down_breadth_v1_20120705_20260814::000017,2015-07-27,csi1000_medium_top_20150724,2015-07-24,2015-07-23,2015-07-24,single_lobe,1,,confirmation_window,False,False,confirmation,1,1,5,limit_up_down_breadth_top::top::limit_up_down_breadth_v1_20120705_20260814::000017,2012-07-05,2026-08-14,True,True,top_bottom_regions_v2,csi1000_medium_top_20150724,confirmation,single_lobe,primary_match
limit_up_down_breadth_top::top::limit_up_down_breadth_v1_20120705_20260814::capped_confirmation::csi1000::matched::limit_up_down_breadth_top::top::limit_up_down_breadth_v1_20120705_20260814::000018,limit_up_down_breadth_top,top,limit_up_down_breadth_v1_20120705_20260814,capped_confirmation,csi1000,中证1000,matched,True,limit_up_down_breadth_top::top::limit_up_down_breadth_v1_20120705_20260814::000018,2015-08-12,csi1000_medium_top_20150818,2015-08-18,2015-08-14,2015-08-18,single_lobe,1,,prediction_window,False,False,prediction,-4,4,5,limit_up_down_breadth_top::top::limit_up_down_breadth_v1_20120705_20260814::000018,2012-07-05,2026-08-14,True,True,top_bottom_regions_v2,csi1000_medium_top_20150818,prediction,single_lobe,primary_match
limit_up_down_breadth_top::top::limit_up_down_breadth_v1_20120705_20260814::capped_confirmation::csi1000::missed_region::csi1000_medium_top_20150828,limit_up_down_breadth_top,top,limit_up_down_breadth_v1_20120705_20260814,capped_confirmation,csi1000,中证1000,missed_region,False,,,csi1000_medium_top_20150828,2015-08-28,2015-08-28,2015-08-31,single_lobe,1,,,False,False,,,,,,2012-07-05,2026-08-14,True,True,top_bottom_regions_v2,,,,
limit_up_down_breadth_top::top::limit_up_down_breadth_v1_20120705_20260814::capped_confirmation::csi1000::missed_region::csi1000_medium_top_20150914,limit_up_down_breadth_top,top,limit_up_down_breadth_v1_20120705_20260814,capped_confirmation,csi1000,中证1000,missed_region,False,,,csi1000_medium_top_20150914,2015-09-14,2015-09-10,2015-09-14,single_lobe,1,,,False,False,,,,,,2012-07-05,2026-08-14,True,True,top_bottom_regions_v2,,,,
limit_up_down_breadth_top::top::limit_up_down_breadth_v1_20120705_20260814::capped_confirmation::csi1000::missed_region::csi1000_medium_top_20151126,limit_up_down_breadth_top,top,limit_up_down_breadth_v1_20120705_20260814,capped_confirmation,csi1000,中证1000,missed_region,False,,,csi1000_medium_top_20151126,2015-11-26,2015-11-25,2015-11-27,single_lobe,1,,,False,False,,,,,,2012-07-05,2026-08-14,True,True,top_bottom_regions_v2,,,,
limit_up_down_breadth_top::top::limit_up_down_breadth_v1_20120705_20260814::capped_confirmation::csi1000::missed_region::csi1000_medium_top_20151228,limit_up_down_breadth_top,top,limit_up_down_breadth_v1_20120705_20260814,capped_confirmation,csi1000,中证1000,missed_region,False,,,csi1000_medium_top_20151228,2015-12-28,2015-12-17,2015-12-31,single_lobe,1,,,False,False,,,,,,2012-07-05,2026-08-14,True,True,top_bottom_regions_v2,,,,
limit_up_down_breadth_top::top::limit_up_down_breadth_v1_20120705_20260814::capped_confirmation::csi1000::missed_region::csi1000_medium_top_20160120,limit_up_down_breadth_top,top,limit_up_down_breadth_v1_20120705_20260814,capped_confirmation,csi1000,中证1000,missed_region,False,,,csi1000_medium_top_20160120,2016-01-20,2016-01-19,2016-01-21,single_lobe,1,,,False,False,,,,,,2012-07-05,2026-08-14,True,True,top_bottom_regions_v2,,,,
limit_up_down_breadth_top::top::limit_up_down_breadth_v1_20120705_20260814::capped_confirmation::csi1000::missed_region::csi1000_medium_top_20160223,limit_up_down_breadth_top,top,limit_up_down_breadth_v1_20120705_20260814,capped_confirmation,csi1000,中证1000,missed_region,False,,,csi1000_medium_top_20160223,2016-02-23,2016-02-18,2016-02-25,single_lobe,1,,,False,False,,,,,,2012-07-05,2026-08-14,True,True,top_bottom_regions_v2,,,,
limit_up_down_breadth_top::top::limit_up_down_breadth_v1_20120705_20260814::capped_confirmation::csi1000::missed_region::csi1000_medium_top_20160415,limit_up_down_breadth_top,top,limit_up_down_breadth_v1_20120705_20260814,capped_confirmation,csi1000,中证1000,missed_region,False,,,csi1000_medium_top_20160415,2016-04-15,2016-04-06,2016-04-20,multi_lobe,2,,,False,False,,,,,,2012-07-05,2026-08-14,True,True,top_bottom_regions_v2,,,,
limit_up_down_breadth_top::top::limit_up_down_breadth_v1_20120705_20260814::capped_confirmation::csi1000::missed_region::csi1000_medium_top_20161123,limit_up_down_breadth_top,top,limit_up_down_breadth_v1_20120705_20260814,capped_confirmation,csi1000,中证1000,missed_region,False,,,csi1000_medium_top_20161123,2016-11-23,2016-11-10,2016-11-29,single_lobe,1,,,False,False,,,,,,2012-07-05,2026-08-14,True,True,top_bottom_regions_v2,,,,
limit_up_down_breadth_top::top::limit_up_down_breadth_v1_20120705_20260814::capped_confirmation::csi1000::missed_region::csi1000_medium_top_20170317,limit_up_down_breadth_top,top,limit_up_down_breadth_v1_20120705_20260814,capped_confirmation,csi1000,中证1000,missed_region,False,,,csi1000_medium_top_20170317,2017-03-17,2017-02-24,2017-04-07,multi_lobe,4,,,False,False,,,,,,2012-07-05,2026-08-14,True,True,top_bottom_regions_v2,,,,
limit_up_down_breadth_top::top::limit_up_down_breadth_v1_20120705_20260814::capped_confirmation::csi1000::missed_region::csi1000_medium_top_20171011,limit_up_down_breadth_top,top,limit_up_down_breadth_v1_20120705_20260814,capped_confirmation,csi1000,中证1000,missed_region,False,,,csi1000_medium_top_20171011,2017-10-11,2017-09-06,2017-10-16,multi_lobe,2,,,False,False,,,,,,2012-07-05,2026-08-14,True,True,top_bottom_regions_v2,,,,
limit_up_down_breadth_top::top::limit_up_down_breadth_v1_20120705_20260814::capped_confirmation::csi1000::matched::limit_up_down_breadth_top::top::limit_up_down_breadth_v1_20120705_20260814::000019,limit_up_down_breadth_top,top,limit_up_down_breadth_v1_20120705_20260814,capped_confirmation,csi1000,中证1000,matched,True,limit_up_down_breadth_top::top::limit_up_down_breadth_v1_20120705_20260814::000019,2018-04-04,csi1000_medium_top_20180313,2018-03-13,2018-03-09,2018-04-02,multi_lobe,2,,confirmation_window,False,False,confirmation,16,16,20,limit_up_down_breadth_top::top::limit_up_down_breadth_v1_20120705_20260814::000019,2012-07-05,2026-08-14,True,True,top_bottom_regions_v2,csi1000_medium_top_20180313,confirmation,multi_lobe,primary_match
limit_up_down_breadth_top::top::limit_up_down_breadth_v1_20120705_20260814::capped_confirmation::csi1000::false_alarm::limit_up_down_breadth_top::top::limit_up_down_breadth_v1_20120705_20260814::000020,limit_up_down_breadth_top,top,limit_up_down_breadth_v1_20120705_20260814,capped_confirmation,csi1000,中证1000,false_alarm,False,limit_up_down_breadth_top::top::limit_up_down_breadth_v1_20120705_20260814::000020,2018-04-17,,,,,,,,,False,False,,,,,,2012-07-05,2026-08-14,,,,csi1000_medium_top_20180313,confirmation,multi_lobe,nearest_region_for_slice_only
limit_up_down_breadth_top::top::limit_up_down_breadth_v1_20120705_20260814::capped_confirmation::csi1000::false_alarm::limit_up_down_breadth_top::top::limit_up_down_breadth_v1_20120705_20260814::000021,limit_up_down_breadth_top,top,limit_up_down_breadth_v1_20120705_20260814,capped_confirmation,csi1000,中证1000,false_alarm,False,limit_up_down_breadth_top::top::limit_up_down_breadth_v1_20120705_20260814::000021,2018-05-04,,,,,,,,,False,False,,,,,,2012-07-05,2026-08-14,,,,csi1000_medium_top_20180313,confirmation,multi_lobe,nearest_region_for_slice_only
limit_up_down_breadth_top::top::limit_up_down_breadth_v1_20120705_20260814::capped_confirmation::csi1000::false_alarm::limit_up_down_breadth_top::top::limit_up_down_breadth_v1_20120705_20260814::000022,limit_up_down_breadth_top,top,limit_up_down_breadth_v1_20120705_20260814,capped_confirmation,csi1000,中证1000,false_alarm,False,limit_up_down_breadth_top::top::limit_up_down_breadth_v1_20120705_20260814::000022,2018-05-16,,,,,,,,,False,False,,,,,,2012-07-05,2026-08-14,,,,csi1000_medium_top_20180313,confirmation,multi_lobe,nearest_region_for_slice_only
limit_up_down_breadth_top::top::limit_up_down_breadth_v1_20120705_20260814::capped_confirmation::csi1000::duplicate_alarm::limit_up_down_breadth_top::top::limit_up_down_breadth_v1_20120705_20260814::000023,limit_up_down_breadth_top,top,limit_up_down_breadth_v1_20120705_20260814,capped_confirmation,csi1000,中证1000,duplicate_alarm,False,limit_up_down_breadth_top::top::limit_up_down_breadth_v1_20120705_20260814::000023,2018-11-12,csi1000_medium_top_20181116,2018-11-16,2018-11-14,2018-11-22,single_lobe,1,,prediction_window,False,False,prediction,-4,4,5,limit_up_down_breadth_top::top::limit_up_down_breadth_v1_20120705_20260814::000024,2012-07-05,2026-08-14,True,True,top_bottom_regions_v2,csi1000_medium_top_20181116,prediction,single_lobe,duplicate_candidate
limit_up_down_breadth_top::top::limit_up_down_breadth_v1_20120705_20260814::capped_confirmation::csi1000::matched::limit_up_down_breadth_top::top::limit_up_down_breadth_v1_20120705_20260814::000024,limit_up_down_breadth_top,top,limit_up_down_breadth_v1_20120705_20260814,capped_confirmation,csi1000,中证1000,matched,True,limit_up_down_breadth_top::top::limit_up_down_breadth_v1_20120705_20260814::000024,2018-11-22,csi1000_medium_top_20181116,2018-11-16,2018-11-14,2018-11-22,single_lobe,1,csi1000_medium_top_20181116_lobe_01,core_lobe,True,True,confirmation,4,4,5,limit_up_down_breadth_top::top::limit_up_down_breadth_v1_20120705_20260814::000024,2012-07-05,2026-08-14,True,True,top_bottom_regions_v2,csi1000_medium_top_20181116,confirmation,single_lobe,primary_match
limit_up_down_breadth_top::top::limit_up_down_breadth_v1_20120705_20260814::capped_confirmation::csi1000::false_alarm::limit_up_down_breadth_top::top::limit_up_down_breadth_v1_20120705_20260814::000025,limit_up_down_breadth_top,top,limit_up_down_breadth_v1_20120705_20260814,capped_confirmation,csi1000,中证1000,false_alarm,False,limit_up_down_breadth_top::top::limit_up_down_breadth_v1_20120705_20260814::000025,2019-01-14,,,,,,,,,False,False,,,,,,2012-07-05,2026-08-14,,,,csi1000_medium_top_20181116,confirmation,single_lobe,nearest_region_for_slice_only
limit_up_down_breadth_top::top::limit_up_down_breadth_v1_20120705_20260814::capped_confirmation::csi1000::false_alarm::limit_up_down_breadth_top::top::limit_up_down_breadth_v1_20120705_20260814::000026,limit_up_down_breadth_top,top,limit_up_down_breadth_v1_20120705_20260814,capped_confirmation,csi1000,中证1000,false_alarm,False,limit_up_down_breadth_top::top::limit_up_down_breadth_v1_20120705_20260814::000026,2019-03-04,,,,,,,,,False,False,,,,,,2012-07-05,2026-08-14,,,,csi1000_medium_top_20190408,prediction,multi_lobe,nearest_region_for_slice_only
limit_up_down_breadth_top::top::limit_up_down_breadth_v1_20120705_20260814::capped_confirmation::csi1000::duplicate_alarm::limit_up_down_breadth_top::top::limit_up_down_breadth_v1_20120705_20260814::000027,limit_up_down_breadth_top,top,limit_up_down_breadth_v1_20120705_20260814,capped_confirmation,csi1000,中证1000,duplicate_alarm,False,limit_up_down_breadth_top::top::limit_up_down_breadth_v1_20120705_20260814::000027,2019-04-01,csi1000_medium_top_20190408,2019-04-08,2019-04-02,2019-04-22,multi_lobe,3,,prediction_window,False,False,prediction,-4,4,5,limit_up_down_breadth_top::top::limit_up_down_breadth_v1_20120705_20260814::000028,2012-07-05,2026-08-14,True,True,top_bottom_regions_v2,csi1000_medium_top_20190408,prediction,multi_lobe,duplicate_candidate
limit_up_down_breadth_top::top::limit_up_down_breadth_v1_20120705_20260814::capped_confirmation::csi1000::matched::limit_up_down_breadth_top::top::limit_up_down_breadth_v1_20120705_20260814::000028,limit_up_down_breadth_top,top,limit_up_down_breadth_v1_20120705_20260814,capped_confirmation,csi1000,中证1000,matched,True,limit_up_down_breadth_top::top::limit_up_down_breadth_v1_20120705_20260814::000028,2019-04-10,csi1000_medium_top_20190408,2019-04-08,2019-04-02,2019-04-22,multi_lobe,3,csi1000_medium_top_20190408_lobe_01,core_lobe,True,True,confirmation,2,2,5,limit_up_down_breadth_top::top::limit_up_down_breadth_v1_20120705_20260814::000028,2012-07-05,2026-08-14,True,True,top_bottom_regions_v2,csi1000_medium_top_20190408,confirmation,multi_lobe,primary_match
limit_up_down_breadth_top::top::limit_up_down_breadth_v1_20120705_20260814::capped_confirmation::csi1000::duplicate_alarm::limit_up_down_breadth_top::top::limit_up_down_breadth_v1_20120705_20260814::000029,limit_up_down_breadth_top,top,limit_up_down_breadth_v1_20120705_20260814,capped_confirmation,csi1000,中证1000,duplicate_alarm,False,limit_up_down_breadth_top::top::limit_up_down_breadth_v1_20120705_20260814::000029,2019-04-25,csi1000_medium_top_20190408,2019-04-08,2019-04-02,2019-04-22,multi_lobe,3,,confirmation_window,False,False,confirmation,13,13,20,limit_up_down_breadth_top::top::limit_up_down_breadth_v1_20120705_20260814::000028,2012-07-05,2026-08-14,True,True,top_bottom_regions_v2,csi1000_medium_top_20190408,confirmation,multi_lobe,duplicate_candidate
limit_up_down_breadth_top::top::limit_up_down_breadth_v1_20120705_20260814::capped_confirmation::csi1000::missed_region::csi1000_medium_top_20200120,limit_up_down_breadth_top,top,limit_up_down_breadth_v1_20120705_20260814,capped_confirmation,csi1000,中证1000,missed_region,False,,,csi1000_medium_top_20200120,2020-01-20,2020-01-07,2020-01-22,single_lobe,1,,,False,False,,,,,,2012-07-05,2026-08-14,True,True,top_bottom_regions_v2,,,,
limit_up_down_breadth_top::top::limit_up_down_breadth_v1_20120705_20260814::capped_confirmation::csi1000::missed_region::csi1000_medium_top_20200225,limit_up_down_breadth_top,top,limit_up_down_breadth_v1_20120705_20260814,capped_confirmation,csi1000,中证1000,missed_region,False,,,csi1000_medium_top_20200225,2020-02-25,2020-02-24,2020-03-06,multi_lobe,3,,,False,False,,,,,,2012-07-05,2026-08-14,True,True,top_bottom_regions_v2,,,,
limit_up_down_breadth_top::top::limit_up_down_breadth_v1_20120705_20260814::capped_confirmation::csi1000::false_alarm::limit_up_down_breadth_top::top::limit_up_down_breadth_v1_20120705_20260814::000030,limit_up_down_breadth_top,top,limit_up_down_breadth_v1_20120705_20260814,capped_confirmation,csi1000,中证1000,false_alarm,False,limit_up_down_breadth_top::top::limit_up_down_breadth_v1_20120705_20260814::000030,2020-04-15,,,,,,,,,False,False,,,,,,2012-07-05,2026-08-14,,,,csi1000_medium_top_20200225,confirmation,multi_lobe,nearest_region_for_slice_only
limit_up_down_breadth_top::top::limit_up_down_breadth_v1_20120705_20260814::capped_confirmation::csi1000::duplicate_alarm::limit_up_down_breadth_top::top::limit_up_down_breadth_v1_20120705_20260814::000031,limit_up_down_breadth_top,top,limit_up_down_breadth_v1_20120705_20260814,capped_confirmation,csi1000,中证1000,duplicate_alarm,False,limit_up_down_breadth_top::top::limit_up_down_breadth_v1_20120705_20260814::000031,2020-07-15,csi1000_medium_top_20200806,2020-08-06,2020-08-03,2020-08-31,multi_lobe,3,,prediction_window,False,False,prediction,-16,16,20,limit_up_down_breadth_top::top::limit_up_down_breadth_v1_20120705_20260814::000032,2012-07-05,2026-08-14,True,True,top_bottom_regions_v2,csi1000_medium_top_20200806,prediction,multi_lobe,duplicate_candidate
limit_up_down_breadth_top::top::limit_up_down_breadth_v1_20120705_20260814::capped_confirmation::csi1000::matched::limit_up_down_breadth_top::top::limit_up_down_breadth_v1_20120705_20260814::000032,limit_up_down_breadth_top,top,limit_up_down_breadth_v1_20120705_20260814,capped_confirmation,csi1000,中证1000,matched,True,limit_up_down_breadth_top::top::limit_up_down_breadth_v1_20120705_20260814::000032,2020-08-11,csi1000_medium_top_20200806,2020-08-06,2020-08-03,2020-08-31,multi_lobe,3,csi1000_medium_top_20200806_lobe_01,core_lobe,True,True,confirmation,3,3,5,limit_up_down_breadth_top::top::limit_up_down_breadth_v1_20120705_20260814::000032,2012-07-05,2026-08-14,True,True,top_bottom_regions_v2,csi1000_medium_top_20200806,confirmation,multi_lobe,primary_match
limit_up_down_breadth_top::top::limit_up_down_breadth_v1_20120705_20260814::capped_confirmation::csi1000::false_alarm::limit_up_down_breadth_top::top::limit_up_down_breadth_v1_20120705_20260814::000033,limit_up_down_breadth_top,top,limit_up_down_breadth_v1_20120705_20260814,capped_confirmation,csi1000,中证1000,false_alarm,False,limit_up_down_breadth_top::top::limit_up_down_breadth_v1_20120705_20260814::000033,2021-08-31,,,,,,,,,False,False,,,,,,2012-07-05,2026-08-14,,,,csi1000_medium_top_20211130,prediction,multi_lobe,nearest_region_for_slice_only
limit_up_down_breadth_top::top::limit_up_down_breadth_v1_20120705_20260814::capped_confirmation::csi1000::duplicate_alarm::limit_up_down_breadth_top::top::limit_up_down_breadth_v1_20120705_20260814::000034,limit_up_down_breadth_top,top,limit_up_down_breadth_v1_20120705_20260814,capped_confirmation,csi1000,中证1000,duplicate_alarm,False,limit_up_down_breadth_top::top::limit_up_down_breadth_v1_20120705_20260814::000034,2021-11-12,csi1000_medium_top_20211130,2021-11-30,2021-11-22,2021-12-24,multi_lobe,2,,prediction_window,False,False,prediction,-12,12,20,limit_up_down_breadth_top::top::limit_up_down_breadth_v1_20120705_20260814::000036,2012-07-05,2026-08-14,True,True,top_bottom_regions_v2,csi1000_medium_top_20211130,prediction,multi_lobe,duplicate_candidate
limit_up_down_breadth_top::top::limit_up_down_breadth_v1_20120705_20260814::capped_confirmation::csi1000::duplicate_alarm::limit_up_down_breadth_top::top::limit_up_down_breadth_v1_20120705_20260814::000035,limit_up_down_breadth_top,top,limit_up_down_breadth_v1_20120705_20260814,capped_confirmation,csi1000,中证1000,duplicate_alarm,False,limit_up_down_breadth_top::top::limit_up_down_breadth_v1_20120705_20260814::000035,2021-11-22,csi1000_medium_top_20211130,2021-11-30,2021-11-22,2021-12-24,multi_lobe,2,csi1000_medium_top_20211130_lobe_01,core_lobe,False,False,prediction,-6,6,10,limit_up_down_breadth_top::top::limit_up_down_breadth_v1_20120705_20260814::000036,2012-07-05,2026-08-14,True,True,top_bottom_regions_v2,csi1000_medium_top_20211130,prediction,multi_lobe,duplicate_candidate
limit_up_down_breadth_top::top::limit_up_down_breadth_v1_20120705_20260814::capped_confirmation::csi1000::matched::limit_up_down_breadth_top::top::limit_up_down_breadth_v1_20120705_20260814::000036,limit_up_down_breadth_top,top,limit_up_down_breadth_v1_20120705_20260814,capped_confirmation,csi1000,中证1000,matched,True,limit_up_down_breadth_top::top::limit_up_down_breadth_v1_20120705_20260814::000036,2021-11-25,csi1000_medium_top_20211130,2021-11-30,2021-11-22,2021-12-24,multi_lobe,2,csi1000_medium_top_20211130_lobe_01,core_lobe,True,True,prediction,-3,3,5,limit_up_down_breadth_top::top::limit_up_down_breadth_v1_20120705_20260814::000036,2012-07-05,2026-08-14,True,True,top_bottom_regions_v2,csi1000_medium_top_20211130,prediction,multi_lobe,primary_match
limit_up_down_breadth_top::top::limit_up_down_breadth_v1_20120705_20260814::capped_confirmation::csi1000::false_alarm::limit_up_down_breadth_top::top::limit_up_down_breadth_v1_20120705_20260814::000037,limit_up_down_breadth_top,top,limit_up_down_breadth_v1_20120705_20260814,capped_confirmation,csi1000,中证1000,false_alarm,False,limit_up_down_breadth_top::top::limit_up_down_breadth_v1_20120705_20260814::000037,2022-02-17,,,,,,,,,False,False,,,,,,2012-07-05,2026-08-14,,,,csi1000_medium_top_20211130,confirmation,multi_lobe,nearest_region_for_slice_only
limit_up_down_breadth_top::top::limit_up_down_breadth_v1_20120705_20260814::capped_confirmation::csi1000::false_alarm::limit_up_down_breadth_top::top::limit_up_down_breadth_v1_20120705_20260814::000038,limit_up_down_breadth_top,top,limit_up_down_breadth_v1_20120705_20260814,capped_confirmation,csi1000,中证1000,false_alarm,False,limit_up_down_breadth_top::top::limit_up_down_breadth_v1_20120705_20260814::000038,2022-05-13,,,,,,,,,False,False,,,,,,2012-07-05,2026-08-14,,,,csi1000_medium_top_20220819,prediction,single_lobe,nearest_region_for_slice_only
limit_up_down_breadth_top::top::limit_up_down_breadth_v1_20120705_20260814::capped_confirmation::csi1000::false_alarm::limit_up_down_breadth_top::top::limit_up_down_breadth_v1_20120705_20260814::000039,limit_up_down_breadth_top,top,limit_up_down_breadth_v1_20120705_20260814,capped_confirmation,csi1000,中证1000,false_alarm,False,limit_up_down_breadth_top::top::limit_up_down_breadth_v1_20120705_20260814::000039,2022-05-17,,,,,,,,,False,False,,,,,,2012-07-05,2026-08-14,,,,csi1000_medium_top_20220819,prediction,single_lobe,nearest_region_for_slice_only
limit_up_down_breadth_top::top::limit_up_down_breadth_v1_20120705_20260814::capped_confirmation::csi1000::missed_region::csi1000_medium_top_20220819,limit_up_down_breadth_top,top,limit_up_down_breadth_v1_20120705_20260814,capped_confirmation,csi1000,中证1000,missed_region,False,,,csi1000_medium_top_20220819,2022-08-19,2022-08-10,2022-08-24,single_lobe,1,,,False,False,,,,,,2012-07-05,2026-08-14,True,True,top_bottom_regions_v2,,,,
limit_up_down_breadth_top::top::limit_up_down_breadth_v1_20120705_20260814::capped_confirmation::csi1000::missed_region::csi1000_medium_top_20230216,limit_up_down_breadth_top,top,limit_up_down_breadth_v1_20120705_20260814,capped_confirmation,csi1000,中证1000,missed_region,False,,,csi1000_medium_top_20230216,2023-02-16,2023-02-02,2023-03-07,multi_lobe,4,,,False,False,,,,,,2012-07-05,2026-08-14,True,True,top_bottom_regions_v2,,,,
limit_up_down_breadth_top::top::limit_up_down_breadth_v1_20120705_20260814::capped_confirmation::csi1000::duplicate_alarm::limit_up_down_breadth_top::top::limit_up_down_breadth_v1_20120705_20260814::000040,limit_up_down_breadth_top,top,limit_up_down_breadth_v1_20120705_20260814,capped_confirmation,csi1000,中证1000,duplicate_alarm,False,limit_up_down_breadth_top::top::limit_up_down_breadth_v1_20120705_20260814::000040,2024-03-06,csi1000_medium_top_20240321,2024-03-21,2024-03-18,2024-03-25,single_lobe,1,,prediction_window,False,False,prediction,-11,11,20,limit_up_down_breadth_top::top::limit_up_down_breadth_v1_20120705_20260814::000041,2012-07-05,2026-08-14,True,True,top_bottom_regions_v2,csi1000_medium_top_20240321,prediction,single_lobe,duplicate_candidate
limit_up_down_breadth_top::top::limit_up_down_breadth_v1_20120705_20260814::capped_confirmation::csi1000::matched::limit_up_down_breadth_top::top::limit_up_down_breadth_v1_20120705_20260814::000041,limit_up_down_breadth_top,top,limit_up_down_breadth_v1_20120705_20260814,capped_confirmation,csi1000,中证1000,matched,True,limit_up_down_breadth_top::top::limit_up_down_breadth_v1_20120705_20260814::000041,2024-03-15,csi1000_medium_top_20240321,2024-03-21,2024-03-18,2024-03-25,single_lobe,1,,prediction_window,False,False,prediction,-4,4,5,limit_up_down_breadth_top::top::limit_up_down_breadth_v1_20120705_20260814::000041,2012-07-05,2026-08-14,True,True,top_bottom_regions_v2,csi1000_medium_top_20240321,prediction,single_lobe,primary_match
limit_up_down_breadth_top::top::limit_up_down_breadth_v1_20120705_20260814::capped_confirmation::csi1000::duplicate_alarm::limit_up_down_breadth_top::top::limit_up_down_breadth_v1_20120705_20260814::000042,limit_up_down_breadth_top,top,limit_up_down_breadth_v1_20120705_20260814,capped_confirmation,csi1000,中证1000,duplicate_alarm,False,limit_up_down_breadth_top::top::limit_up_down_breadth_v1_20120705_20260814::000042,2024-03-27,csi1000_medium_top_20240321,2024-03-21,2024-03-18,2024-03-25,single_lobe,1,,confirmation_window,False,False,confirmation,4,4,5,limit_up_down_breadth_top::top::limit_up_down_breadth_v1_20120705_20260814::000041,2012-07-05,2026-08-14,True,True,top_bottom_regions_v2,csi1000_medium_top_20240321,confirmation,single_lobe,duplicate_candidate
limit_up_down_breadth_top::top::limit_up_down_breadth_v1_20120705_20260814::capped_confirmation::csi1000::false_alarm::limit_up_down_breadth_top::top::limit_up_down_breadth_v1_20120705_20260814::000043,limit_up_down_breadth_top,top,limit_up_down_breadth_v1_20120705_20260814,capped_confirmation,csi1000,中证1000,false_alarm,False,limit_up_down_breadth_top::top::limit_up_down_breadth_v1_20120705_20260814::000043,2024-05-10,,,,,,,,,False,False,,,,,,2012-07-05,2026-08-14,,,,csi1000_medium_top_20240321,confirmation,single_lobe,nearest_region_for_slice_only
limit_up_down_breadth_top::top::limit_up_down_breadth_v1_20120705_20260814::capped_confirmation::csi1000::matched::limit_up_down_breadth_top::top::limit_up_down_breadth_v1_20120705_20260814::000044,limit_up_down_breadth_top,top,limit_up_down_breadth_v1_20120705_20260814,capped_confirmation,csi1000,中证1000,matched,True,limit_up_down_breadth_top::top::limit_up_down_breadth_v1_20120705_20260814::000044,2024-10-16,csi1000_medium_top_20241008,2024-10-08,2024-10-08,2024-10-08,single_lobe,1,,confirmation_window,False,False,confirmation,6,6,10,limit_up_down_breadth_top::top::limit_up_down_breadth_v1_20120705_20260814::000044,2012-07-05,2026-08-14,True,True,top_bottom_regions_v2,csi1000_medium_top_20241008,confirmation,single_lobe,primary_match
limit_up_down_breadth_top::top::limit_up_down_breadth_v1_20120705_20260814::capped_confirmation::csi1000::duplicate_alarm::limit_up_down_breadth_top::top::limit_up_down_breadth_v1_20120705_20260814::000045,limit_up_down_breadth_top,top,limit_up_down_breadth_v1_20120705_20260814,capped_confirmation,csi1000,中证1000,duplicate_alarm,False,limit_up_down_breadth_top::top::limit_up_down_breadth_v1_20120705_20260814::000045,2024-11-05,csi1000_medium_top_20241112,2024-11-12,2024-11-08,2024-11-13,single_lobe,1,,prediction_window,False,False,prediction,-5,5,5,limit_up_down_breadth_top::top::limit_up_down_breadth_v1_20120705_20260814::000046,2012-07-05,2026-08-14,True,True,top_bottom_regions_v2,csi1000_medium_top_20241112,prediction,single_lobe,duplicate_candidate
limit_up_down_breadth_top::top::limit_up_down_breadth_v1_20120705_20260814::capped_confirmation::csi1000::matched::limit_up_down_breadth_top::top::limit_up_down_breadth_v1_20120705_20260814::000046,limit_up_down_breadth_top,top,limit_up_down_breadth_v1_20120705_20260814,capped_confirmation,csi1000,中证1000,matched,True,limit_up_down_breadth_top::top::limit_up_down_breadth_v1_20120705_20260814::000046,2024-11-13,csi1000_medium_top_20241112,2024-11-12,2024-11-08,2024-11-13,single_lobe,1,csi1000_medium_top_20241112_lobe_01,core_lobe,True,True,confirmation,1,1,5,limit_up_down_breadth_top::top::limit_up_down_breadth_v1_20120705_20260814::000046,2012-07-05,2026-08-14,True,True,top_bottom_regions_v2,csi1000_medium_top_20241112,confirmation,single_lobe,primary_match
limit_up_down_breadth_top::top::limit_up_down_breadth_v1_20120705_20260814::capped_confirmation::csi1000::duplicate_alarm::limit_up_down_breadth_top::top::limit_up_down_breadth_v1_20120705_20260814::000047,limit_up_down_breadth_top,top,limit_up_down_breadth_v1_20120705_20260814,capped_confirmation,csi1000,中证1000,duplicate_alarm,False,limit_up_down_breadth_top::top::limit_up_down_breadth_v1_20120705_20260814::000047,2024-12-10,csi1000_medium_top_20241112,2024-11-12,2024-11-08,2024-11-13,single_lobe,1,,confirmation_window,False,False,confirmation,20,20,20,limit_up_down_breadth_top::top::limit_up_down_breadth_v1_20120705_20260814::000046,2012-07-05,2026-08-14,True,True,top_bottom_regions_v2,csi1000_medium_top_20241112,confirmation,single_lobe,duplicate_candidate
limit_up_down_breadth_top::top::limit_up_down_breadth_v1_20120705_20260814::capped_confirmation::csi1000::missed_region::csi1000_medium_top_20250318,limit_up_down_breadth_top,top,limit_up_down_breadth_v1_20120705_20260814,capped_confirmation,csi1000,中证1000,missed_region,False,,,csi1000_medium_top_20250318,2025-03-18,2025-02-26,2025-03-21,multi_lobe,2,,,False,False,,,,,,2012-07-05,2026-08-14,True,True,top_bottom_regions_v2,,,,
limit_up_down_breadth_top::top::limit_up_down_breadth_v1_20120705_20260814::capped_confirmation::csi1000::false_alarm::limit_up_down_breadth_top::top::limit_up_down_breadth_v1_20120705_20260814::000048,limit_up_down_breadth_top,top,limit_up_down_breadth_v1_20120705_20260814,capped_confirmation,csi1000,中证1000,false_alarm,False,limit_up_down_breadth_top::top::limit_up_down_breadth_v1_20120705_20260814::000048,2025-04-18,,,,,,,,,False,False,,,,,,2012-07-05,2026-08-14,,,,csi1000_medium_top_20250318,confirmation,multi_lobe,nearest_region_for_slice_only
limit_up_down_breadth_top::top::limit_up_down_breadth_v1_20120705_20260814::capped_confirmation::csi1000::matched::limit_up_down_breadth_top::top::limit_up_down_breadth_v1_20120705_20260814::000049,limit_up_down_breadth_top,top,limit_up_down_breadth_v1_20120705_20260814,capped_confirmation,csi1000,中证1000,matched,True,limit_up_down_breadth_top::top::limit_up_down_breadth_v1_20120705_20260814::000049,2026-01-22,csi1000_medium_top_20260227,2026-02-27,2026-02-25,2026-03-11,multi_lobe,2,,prediction_window,False,False,prediction,-20,20,20,limit_up_down_breadth_top::top::limit_up_down_breadth_v1_20120705_20260814::000049,2012-07-05,2026-08-14,True,True,top_bottom_regions_v2,csi1000_medium_top_20260227,prediction,multi_lobe,primary_match
limit_up_down_breadth_top::top::limit_up_down_breadth_v1_20120705_20260814::capped_confirmation::csi1000::matched::limit_up_down_breadth_top::top::limit_up_down_breadth_v1_20120705_20260814::000050,limit_up_down_breadth_top,top,limit_up_down_breadth_v1_20120705_20260814,capped_confirmation,csi1000,中证1000,matched,True,limit_up_down_breadth_top::top::limit_up_down_breadth_v1_20120705_20260814::000050,2026-06-05,csi1000_medium_top_20260514,2026-05-14,2026-05-11,2026-05-21,multi_lobe,2,,confirmation_window,False,False,confirmation,16,16,20,limit_up_down_breadth_top::top::limit_up_down_breadth_v1_20120705_20260814::000050,2012-07-05,2026-08-14,True,True,top_bottom_regions_v2,csi1000_medium_top_20260514,confirmation,multi_lobe,primary_match
limit_up_down_breadth_top::top::limit_up_down_breadth_v1_20120705_20260814::capped_confirmation::csi1000::false_alarm::limit_up_down_breadth_top::top::limit_up_down_breadth_v1_20120705_20260814::000051,limit_up_down_breadth_top,top,limit_up_down_breadth_v1_20120705_20260814,capped_confirmation,csi1000,中证1000,false_alarm,False,limit_up_down_breadth_top::top::limit_up_down_breadth_v1_20120705_20260814::000051,2026-06-25,,,,,,,,,False,False,,,,,,2012-07-05,2026-08-14,,,,csi1000_medium_top_20260514,confirmation,multi_lobe,nearest_region_for_slice_only
limit_up_down_breadth_top::top::limit_up_down_breadth_v1_20120705_20260814::capped_confirmation::csi1000::false_alarm::limit_up_down_breadth_top::top::limit_up_down_breadth_v1_20120705_20260814::000052,limit_up_down_breadth_top,top,limit_up_down_breadth_v1_20120705_20260814,capped_confirmation,csi1000,中证1000,false_alarm,False,limit_up_down_breadth_top::top::limit_up_down_breadth_v1_20120705_20260814::000052,2026-08-13,,,,,,,,,False,False,,,,,,2012-07-05,2026-08-14,,,,csi1000_medium_top_20260514,confirmation,multi_lobe,nearest_region_for_slice_only
limit_up_down_breadth_top::top::limit_up_down_breadth_v1_20120705_20260814::capped_confirmation::csi300::false_alarm::limit_up_down_breadth_top::top::limit_up_down_breadth_v1_20120705_20260814::000001,limit_up_down_breadth_top,top,limit_up_down_breadth_v1_20120705_20260814,capped_confirmation,csi300,沪深300,false_alarm,False,limit_up_down_breadth_top::top::limit_up_down_breadth_v1_20120705_20260814::000001,2012-09-13,,,,,,,,,False,False,,,,,,2012-07-05,2026-08-14,,,,csi300_medium_top_20130208,prediction,single_lobe,nearest_region_for_slice_only
limit_up_down_breadth_top::top::limit_up_down_breadth_v1_20120705_20260814::capped_confirmation::csi300::false_alarm::limit_up_down_breadth_top::top::limit_up_down_breadth_v1_20120705_20260814::000002,limit_up_down_breadth_top,top,limit_up_down_breadth_v1_20120705_20260814,capped_confirmation,csi300,沪深300,false_alarm,False,limit_up_down_breadth_top::top::limit_up_down_breadth_v1_20120705_20260814::000002,2012-12-18,,,,,,,,,False,False,,,,,,2012-07-05,2026-08-14,,,,csi300_medium_top_20130208,prediction,single_lobe,nearest_region_for_slice_only
limit_up_down_breadth_top::top::limit_up_down_breadth_v1_20120705_20260814::capped_confirmation::csi300::duplicate_alarm::limit_up_down_breadth_top::top::limit_up_down_breadth_v1_20120705_20260814::000003,limit_up_down_breadth_top,top,limit_up_down_breadth_v1_20120705_20260814,capped_confirmation,csi300,沪深300,duplicate_alarm,False,limit_up_down_breadth_top::top::limit_up_down_breadth_v1_20120705_20260814::000003,2013-01-22,csi300_medium_top_20130208,2013-02-08,2013-02-01,2013-02-18,single_lobe,1,,prediction_window,False,False,prediction,-13,13,20,limit_up_down_breadth_top::top::limit_up_down_breadth_v1_20120705_20260814::000004,2012-07-05,2026-08-14,True,True,top_bottom_regions_v2,csi300_medium_top_20130208,prediction,single_lobe,duplicate_candidate
limit_up_down_breadth_top::top::limit_up_down_breadth_v1_20120705_20260814::capped_confirmation::csi300::matched::limit_up_down_breadth_top::top::limit_up_down_breadth_v1_20120705_20260814::000004,limit_up_down_breadth_top,top,limit_up_down_breadth_v1_20120705_20260814,capped_confirmation,csi300,沪深300,matched,True,limit_up_down_breadth_top::top::limit_up_down_breadth_v1_20120705_20260814::000004,2013-01-24,csi300_medium_top_20130208,2013-02-08,2013-02-01,2013-02-18,single_lobe,1,,prediction_window,False,False,prediction,-11,11,20,limit_up_down_breadth_top::top::limit_up_down_breadth_v1_20120705_20260814::000004,2012-07-05,2026-08-14,True,True,top_bottom_regions_v2,csi300_medium_top_20130208,prediction,single_lobe,primary_match
limit_up_down_breadth_top::top::limit_up_down_breadth_v1_20120705_20260814::capped_confirmation::csi300::matched::limit_up_down_breadth_top::top::limit_up_down_breadth_v1_20120705_20260814::000005,limit_up_down_breadth_top,top,limit_up_down_breadth_v1_20120705_20260814,capped_confirmation,csi300,沪深300,matched,True,limit_up_down_breadth_top::top::limit_up_down_breadth_v1_20120705_20260814::000005,2013-05-17,csi300_medium_top_20130529,2013-05-29,2013-05-20,2013-06-03,multi_lobe,2,,prediction_window,False,False,prediction,-8,8,10,limit_up_down_breadth_top::top::limit_up_down_breadth_v1_20120705_20260814::000005,2012-07-05,2026-08-14,True,True,top_bottom_regions_v2,csi300_medium_top_20130529,prediction,multi_lobe,primary_match
limit_up_down_breadth_top::top::limit_up_down_breadth_v1_20120705_20260814::capped_confirmation::csi300::false_alarm::limit_up_down_breadth_top::top::limit_up_down_breadth_v1_20120705_20260814::000006,limit_up_down_breadth_top,top,limit_up_down_breadth_v1_20120705_20260814,capped_confirmation,csi300,沪深300,false_alarm,False,limit_up_down_breadth_top::top::limit_up_down_breadth_v1_20120705_20260814::000006,2013-07-04,,,,,,,,,False,False,,,,,,2012-07-05,2026-08-14,,,,csi300_medium_top_20130529,confirmation,multi_lobe,nearest_region_for_slice_only
limit_up_down_breadth_top::top::limit_up_down_breadth_v1_20120705_20260814::capped_confirmation::csi300::false_alarm::limit_up_down_breadth_top::top::limit_up_down_breadth_v1_20120705_20260814::000007,limit_up_down_breadth_top,top,limit_up_down_breadth_v1_20120705_20260814,capped_confirmation,csi300,沪深300,false_alarm,False,limit_up_down_breadth_top::top::limit_up_down_breadth_v1_20120705_20260814::000007,2013-07-18,,,,,,,,,False,False,,,,,,2012-07-05,2026-08-14,,,,csi300_medium_top_20130529,confirmation,multi_lobe,nearest_region_for_slice_only
limit_up_down_breadth_top::top::limit_up_down_breadth_v1_20120705_20260814::capped_confirmation::csi300::false_alarm::limit_up_down_breadth_top::top::limit_up_down_breadth_v1_20120705_20260814::000008,limit_up_down_breadth_top,top,limit_up_down_breadth_v1_20120705_20260814,capped_confirmation,csi300,沪深300,false_alarm,False,limit_up_down_breadth_top::top::limit_up_down_breadth_v1_20120705_20260814::000008,2013-08-01,,,,,,,,,False,False,,,,,,2012-07-05,2026-08-14,,,,csi300_medium_top_20130912,prediction,single_lobe,nearest_region_for_slice_only
limit_up_down_breadth_top::top::limit_up_down_breadth_v1_20120705_20260814::capped_confirmation::csi300::matched::limit_up_down_breadth_top::top::limit_up_down_breadth_v1_20120705_20260814::000009,limit_up_down_breadth_top,top,limit_up_down_breadth_v1_20120705_20260814,capped_confirmation,csi300,沪深300,matched,True,limit_up_down_breadth_top::top::limit_up_down_breadth_v1_20120705_20260814::000009,2013-09-17,csi300_medium_top_20130912,2013-09-12,2013-09-11,2013-09-16,single_lobe,1,,confirmation_window,False,False,confirmation,3,3,5,limit_up_down_breadth_top::top::limit_up_down_breadth_v1_20120705_20260814::000009,2012-07-05,2026-08-14,True,True,top_bottom_regions_v2,csi300_medium_top_20130912,confirmation,single_lobe,primary_match
limit_up_down_breadth_top::top::limit_up_down_breadth_v1_20120705_20260814::capped_confirmation::csi300::duplicate_alarm::limit_up_down_breadth_top::top::limit_up_down_breadth_v1_20120705_20260814::000010,limit_up_down_breadth_top,top,limit_up_down_breadth_v1_20120705_20260814,capped_confirmation,csi300,沪深300,duplicate_alarm,False,limit_up_down_breadth_top::top::limit_up_down_breadth_v1_20120705_20260814::000010,2013-10-08,csi300_medium_top_20130912,2013-09-12,2013-09-11,2013-09-16,single_lobe,1,,confirmation_window,False,False,confirmation,11,11,20,limit_up_down_breadth_top::top::limit_up_down_breadth_v1_20120705_20260814::000009,2012-07-05,2026-08-14,True,True,top_bottom_regions_v2,csi300_medium_top_20130912,confirmation,single_lobe,duplicate_candidate
limit_up_down_breadth_top::top::limit_up_down_breadth_v1_20120705_20260814::capped_confirmation::csi300::missed_region::csi300_medium_top_20131204,limit_up_down_breadth_top,top,limit_up_down_breadth_v1_20120705_20260814,capped_confirmation,csi300,沪深300,missed_region,False,,,csi300_medium_top_20131204,2013-12-04,2013-11-28,2013-12-10,single_lobe,1,,,False,False,,,,,,2012-07-05,2026-08-14,True,True,top_bottom_regions_v2,,,,
limit_up_down_breadth_top::top::limit_up_down_breadth_v1_20120705_20260814::capped_confirmation::csi300::false_alarm::limit_up_down_breadth_top::top::limit_up_down_breadth_v1_20120705_20260814::000011,limit_up_down_breadth_top,top,limit_up_down_breadth_v1_20120705_20260814,capped_confirmation,csi300,沪深300,false_alarm,False,limit_up_down_breadth_top::top::limit_up_down_breadth_v1_20120705_20260814::000011,2014-02-20,,,,,,,,,False,False,,,,,,2012-07-05,2026-08-14,,,,csi300_medium_top_20131204,confirmation,single_lobe,nearest_region_for_slice_only
limit_up_down_breadth_top::top::limit_up_down_breadth_v1_20120705_20260814::capped_confirmation::csi300::matched::limit_up_down_breadth_top::top::limit_up_down_breadth_v1_20120705_20260814::000012,limit_up_down_breadth_top,top,limit_up_down_breadth_v1_20120705_20260814,capped_confirmation,csi300,沪深300,matched,True,limit_up_down_breadth_top::top::limit_up_down_breadth_v1_20120705_20260814::000012,2014-12-19,csi300_medium_top_20141209,2014-12-09,2014-12-09,2014-12-09,single_lobe,1,,confirmation_window,False,False,confirmation,8,8,10,limit_up_down_breadth_top::top::limit_up_down_breadth_v1_20120705_20260814::000012,2012-07-05,2026-08-14,True,True,top_bottom_regions_v2,csi300_medium_top_20141209,confirmation,single_lobe,primary_match
limit_up_down_breadth_top::top::limit_up_down_breadth_v1_20120705_20260814::capped_confirmation::csi300::missed_region::csi300_medium_top_20150109,limit_up_down_breadth_top,top,limit_up_down_breadth_v1_20120705_20260814,capped_confirmation,csi300,沪深300,missed_region,False,,,csi300_medium_top_20150109,2015-01-09,2015-01-05,2015-01-09,single_lobe,1,,,False,False,,,,,,2012-07-05,2026-08-14,True,True,top_bottom_regions_v2,,,,
limit_up_down_breadth_top::top::limit_up_down_breadth_v1_20120705_20260814::capped_confirmation::csi300::missed_region::csi300_medium_top_20150123,limit_up_down_breadth_top,top,limit_up_down_breadth_v1_20120705_20260814,capped_confirmation,csi300,沪深300,missed_region,False,,,csi300_medium_top_20150123,2015-01-23,2015-01-22,2015-01-28,single_lobe,1,,,False,False,,,,,,2012-07-05,2026-08-14,True,True,top_bottom_regions_v2,,,,
limit_up_down_breadth_top::top::limit_up_down_breadth_v1_20120705_20260814::capped_confirmation::csi300::false_alarm::limit_up_down_breadth_top::top::limit_up_down_breadth_v1_20120705_20260814::000013,limit_up_down_breadth_top,top,limit_up_down_breadth_v1_20120705_20260814,capped_confirmation,csi300,沪深300,false_alarm,False,limit_up_down_breadth_top::top::limit_up_down_breadth_v1_20120705_20260814::000013,2015-03-09,,,,,,,,,False,False,,,,,,2012-07-05,2026-08-14,,,,csi300_medium_top_20150123,confirmation,single_lobe,nearest_region_for_slice_only
limit_up_down_breadth_top::top::limit_up_down_breadth_v1_20120705_20260814::capped_confirmation::csi300::false_alarm::limit_up_down_breadth_top::top::limit_up_down_breadth_v1_20120705_20260814::000014,limit_up_down_breadth_top,top,limit_up_down_breadth_v1_20120705_20260814,capped_confirmation,csi300,沪深300,false_alarm,False,limit_up_down_breadth_top::top::limit_up_down_breadth_v1_20120705_20260814::000014,2015-03-31,,,,,,,,,False,False,,,,,,2012-07-05,2026-08-14,,,,csi300_medium_top_20150527,prediction,single_lobe,nearest_region_for_slice_only
limit_up_down_breadth_top::top::limit_up_down_breadth_v1_20120705_20260814::capped_confirmation::csi300::false_alarm::limit_up_down_breadth_top::top::limit_up_down_breadth_v1_20120705_20260814::000015,limit_up_down_breadth_top,top,limit_up_down_breadth_v1_20120705_20260814,capped_confirmation,csi300,沪深300,false_alarm,False,limit_up_down_breadth_top::top::limit_up_down_breadth_v1_20120705_20260814::000015,2015-04-21,,,,,,,,,False,False,,,,,,2012-07-05,2026-08-14,,,,csi300_medium_top_20150527,prediction,single_lobe,nearest_region_for_slice_only
limit_up_down_breadth_top::top::limit_up_down_breadth_v1_20120705_20260814::capped_confirmation::csi300::missed_region::csi300_medium_top_20150527,limit_up_down_breadth_top,top,limit_up_down_breadth_v1_20120705_20260814,capped_confirmation,csi300,沪深300,missed_region,False,,,csi300_medium_top_20150527,2015-05-27,2015-05-26,2015-05-28,single_lobe,1,,,False,False,,,,,,2012-07-05,2026-08-14,True,True,top_bottom_regions_v2,,,,
limit_up_down_breadth_top::top::limit_up_down_breadth_v1_20120705_20260814::capped_confirmation::csi300::matched::limit_up_down_breadth_top::top::limit_up_down_breadth_v1_20120705_20260814::000016,limit_up_down_breadth_top,top,limit_up_down_breadth_v1_20120705_20260814,capped_confirmation,csi300,沪深300,matched,True,limit_up_down_breadth_top::top::limit_up_down_breadth_v1_20120705_20260814::000016,2015-06-10,csi300_medium_top_20150609,2015-06-09,2015-06-05,2015-06-15,single_lobe,1,csi300_medium_top_20150609_lobe_01,core_lobe,True,True,confirmation,1,1,5,limit_up_down_breadth_top::top::limit_up_down_breadth_v1_20120705_20260814::000016,2012-07-05,2026-08-14,True,True,top_bottom_regions_v2,csi300_medium_top_20150609,confirmation,single_lobe,primary_match
limit_up_down_breadth_top::top::limit_up_down_breadth_v1_20120705_20260814::capped_confirmation::csi300::missed_region::csi300_medium_top_20150625,limit_up_down_breadth_top,top,limit_up_down_breadth_v1_20120705_20260814,capped_confirmation,csi300,沪深300,missed_region,False,,,csi300_medium_top_20150625,2015-06-25,2015-06-25,2015-06-25,single_lobe,1,,,False,False,,,,,,2012-07-05,2026-08-14,True,True,top_bottom_regions_v2,,,,
limit_up_down_breadth_top::top::limit_up_down_breadth_v1_20120705_20260814::capped_confirmation::csi300::missed_region::csi300_medium_top_20150701,limit_up_down_breadth_top,top,limit_up_down_breadth_v1_20120705_20260814,capped_confirmation,csi300,沪深300,missed_region,False,,,csi300_medium_top_20150701,2015-07-01,2015-07-01,2015-07-01,single_lobe,1,,,False,False,,,,,,2012-07-05,2026-08-14,True,True,top_bottom_regions_v2,,,,
limit_up_down_breadth_top::top::limit_up_down_breadth_v1_20120705_20260814::capped_confirmation::csi300::missed_region::csi300_medium_top_20150706,limit_up_down_breadth_top,top,limit_up_down_breadth_v1_20120705_20260814,capped_confirmation,csi300,沪深300,missed_region,False,,,csi300_medium_top_20150706,2015-07-06,2015-07-06,2015-07-06,single_lobe,1,,,False,False,,,,,,2012-07-05,2026-08-14,True,True,top_bottom_regions_v2,,,,
limit_up_down_breadth_top::top::limit_up_down_breadth_v1_20120705_20260814::capped_confirmation::csi300::missed_region::csi300_medium_top_20150713,limit_up_down_breadth_top,top,limit_up_down_breadth_v1_20120705_20260814,capped_confirmation,csi300,沪深300,missed_region,False,,,csi300_medium_top_20150713,2015-07-13,2015-07-13,2015-07-14,single_lobe,1,,,False,False,,,,,,2012-07-05,2026-08-14,True,True,top_bottom_regions_v2,,,,
limit_up_down_breadth_top::top::limit_up_down_breadth_v1_20120705_20260814::capped_confirmation::csi300::matched::limit_up_down_breadth_top::top::limit_up_down_breadth_v1_20120705_20260814::000017,limit_up_down_breadth_top,top,limit_up_down_breadth_v1_20120705_20260814,capped_confirmation,csi300,沪深300,matched,True,limit_up_down_breadth_top::top::limit_up_down_breadth_v1_20120705_20260814::000017,2015-07-27,csi300_medium_top_20150724,2015-07-24,2015-07-23,2015-07-24,single_lobe,1,,confirmation_window,False,False,confirmation,1,1,5,limit_up_down_breadth_top::top::limit_up_down_breadth_v1_20120705_20260814::000017,2012-07-05,2026-08-14,True,True,top_bottom_regions_v2,csi300_medium_top_20150724,confirmation,single_lobe,primary_match
limit_up_down_breadth_top::top::limit_up_down_breadth_v1_20120705_20260814::capped_confirmation::csi300::matched::limit_up_down_breadth_top::top::limit_up_down_breadth_v1_20120705_20260814::000018,limit_up_down_breadth_top,top,limit_up_down_breadth_v1_20120705_20260814,capped_confirmation,csi300,沪深300,matched,True,limit_up_down_breadth_top::top::limit_up_down_breadth_v1_20120705_20260814::000018,2015-08-12,csi300_medium_top_20150814,2015-08-14,2015-08-10,2015-08-18,single_lobe,1,csi300_medium_top_20150814_lobe_01,core_lobe,True,True,prediction,-2,2,5,limit_up_down_breadth_top::top::limit_up_down_breadth_v1_20120705_20260814::000018,2012-07-05,2026-08-14,True,True,top_bottom_regions_v2,csi300_medium_top_20150814,prediction,single_lobe,primary_match
limit_up_down_breadth_top::top::limit_up_down_breadth_v1_20120705_20260814::capped_confirmation::csi300::missed_region::csi300_medium_top_20151109,limit_up_down_breadth_top,top,limit_up_down_breadth_v1_20120705_20260814,capped_confirmation,csi300,沪深300,missed_region,False,,,csi300_medium_top_20151109,2015-11-09,2015-11-09,2015-11-17,multi_lobe,2,,,False,False,,,,,,2012-07-05,2026-08-14,True,True,top_bottom_regions_v2,,,,
limit_up_down_breadth_top::top::limit_up_down_breadth_v1_20120705_20260814::capped_confirmation::csi300::missed_region::csi300_medium_top_20151223,limit_up_down_breadth_top,top,limit_up_down_breadth_v1_20120705_20260814,capped_confirmation,csi300,沪深300,missed_region,False,,,csi300_medium_top_20151223,2015-12-23,2015-12-21,2015-12-24,single_lobe,1,,,False,False,,,,,,2012-07-05,2026-08-14,True,True,top_bottom_regions_v2,,,,
limit_up_down_breadth_top::top::limit_up_down_breadth_v1_20120705_20260814::capped_confirmation::csi300::missed_region::csi300_medium_top_20160222,limit_up_down_breadth_top,top,limit_up_down_breadth_v1_20120705_20260814,capped_confirmation,csi300,沪深300,missed_region,False,,,csi300_medium_top_20160222,2016-02-22,2016-02-18,2016-02-24,multi_lobe,2,,,False,False,,,,,,2012-07-05,2026-08-14,True,True,top_bottom_regions_v2,,,,
limit_up_down_breadth_top::top::limit_up_down_breadth_v1_20120705_20260814::capped_confirmation::csi300::missed_region::csi300_medium_top_20180126,limit_up_down_breadth_top,top,limit_up_down_breadth_v1_20120705_20260814,capped_confirmation,csi300,沪深300,missed_region,False,,,csi300_medium_top_20180126,2018-01-26,2018-01-22,2018-01-29,single_lobe,1,,,False,False,,,,,,2012-07-05,2026-08-14,True,True,top_bottom_regions_v2,,,,
limit_up_down_breadth_top::top::limit_up_down_breadth_v1_20120705_20260814::capped_confirmation::csi300::matched::limit_up_down_breadth_top::top::limit_up_down_breadth_v1_20120705_20260814::000019,limit_up_down_breadth_top,top,limit_up_down_breadth_v1_20120705_20260814,capped_confirmation,csi300,沪深300,matched,True,limit_up_down_breadth_top::top::limit_up_down_breadth_v1_20120705_20260814::000019,2018-04-04,csi300_medium_top_20180312,2018-03-12,2018-03-06,2018-03-22,single_lobe,1,,confirmation_window,False,False,confirmation,17,17,20,limit_up_down_breadth_top::top::limit_up_down_breadth_v1_20120705_20260814::000019,2012-07-05,2026-08-14,True,True,top_bottom_regions_v2,csi300_medium_top_20180312,confirmation,single_lobe,primary_match
limit_up_down_breadth_top::top::limit_up_down_breadth_v1_20120705_20260814::capped_confirmation::csi300::false_alarm::limit_up_down_breadth_top::top::limit_up_down_breadth_v1_20120705_20260814::000020,limit_up_down_breadth_top,top,limit_up_down_breadth_v1_20120705_20260814,capped_confirmation,csi300,沪深300,false_alarm,False,limit_up_down_breadth_top::top::limit_up_down_breadth_v1_20120705_20260814::000020,2018-04-17,,,,,,,,,False,False,,,,,,2012-07-05,2026-08-14,,,,csi300_medium_top_20180312,confirmation,single_lobe,nearest_region_for_slice_only
limit_up_down_breadth_top::top::limit_up_down_breadth_v1_20120705_20260814::capped_confirmation::csi300::false_alarm::limit_up_down_breadth_top::top::limit_up_down_breadth_v1_20120705_20260814::000021,limit_up_down_breadth_top,top,limit_up_down_breadth_v1_20120705_20260814,capped_confirmation,csi300,沪深300,false_alarm,False,limit_up_down_breadth_top::top::limit_up_down_breadth_v1_20120705_20260814::000021,2018-05-04,,,,,,,,,False,False,,,,,,2012-07-05,2026-08-14,,,,csi300_medium_top_20180312,confirmation,single_lobe,nearest_region_for_slice_only
limit_up_down_breadth_top::top::limit_up_down_breadth_v1_20120705_20260814::capped_confirmation::csi300::false_alarm::limit_up_down_breadth_top::top::limit_up_down_breadth_v1_20120705_20260814::000022,limit_up_down_breadth_top,top,limit_up_down_breadth_v1_20120705_20260814,capped_confirmation,csi300,沪深300,false_alarm,False,limit_up_down_breadth_top::top::limit_up_down_breadth_v1_20120705_20260814::000022,2018-05-16,,,,,,,,,False,False,,,,,,2012-07-05,2026-08-14,,,,csi300_medium_top_20180312,confirmation,single_lobe,nearest_region_for_slice_only
limit_up_down_breadth_top::top::limit_up_down_breadth_v1_20120705_20260814::capped_confirmation::csi300::missed_region::csi300_medium_top_20180724,limit_up_down_breadth_top,top,limit_up_down_breadth_v1_20120705_20260814,capped_confirmation,csi300,沪深300,missed_region,False,,,csi300_medium_top_20180724,2018-07-24,2018-07-24,2018-08-01,multi_lobe,2,,,False,False,,,,,,2012-07-05,2026-08-14,True,True,top_bottom_regions_v2,,,,
limit_up_down_breadth_top::top::limit_up_down_breadth_v1_20120705_20260814::capped_confirmation::csi300::matched::limit_up_down_breadth_top::top::limit_up_down_breadth_v1_20120705_20260814::000023,limit_up_down_breadth_top,top,limit_up_down_breadth_v1_20120705_20260814,capped_confirmation,csi300,沪深300,matched,True,limit_up_down_breadth_top::top::limit_up_down_breadth_v1_20120705_20260814::000023,2018-11-12,csi300_medium_top_20181022,2018-10-22,2018-10-22,2018-11-19,multi_lobe,3,,envelope,False,True,confirmation,15,15,20,limit_up_down_breadth_top::top::limit_up_down_breadth_v1_20120705_20260814::000023,2012-07-05,2026-08-14,True,True,top_bottom_regions_v2,csi300_medium_top_20181022,confirmation,multi_lobe,primary_match
limit_up_down_breadth_top::top::limit_up_down_breadth_v1_20120705_20260814::capped_confirmation::csi300::false_alarm::limit_up_down_breadth_top::top::limit_up_down_breadth_v1_20120705_20260814::000024,limit_up_down_breadth_top,top,limit_up_down_breadth_v1_20120705_20260814,capped_confirmation,csi300,沪深300,false_alarm,False,limit_up_down_breadth_top::top::limit_up_down_breadth_v1_20120705_20260814::000024,2018-11-22,,,,,,,,,False,False,,,,,,2012-07-05,2026-08-14,,,,csi300_medium_top_20181022,confirmation,multi_lobe,nearest_region_for_slice_only
limit_up_down_breadth_top::top::limit_up_down_breadth_v1_20120705_20260814::capped_confirmation::csi300::false_alarm::limit_up_down_breadth_top::top::limit_up_down_breadth_v1_20120705_20260814::000025,limit_up_down_breadth_top,top,limit_up_down_breadth_v1_20120705_20260814,capped_confirmation,csi300,沪深300,false_alarm,False,limit_up_down_breadth_top::top::limit_up_down_breadth_v1_20120705_20260814::000025,2019-01-14,,,,,,,,,False,False,,,,,,2012-07-05,2026-08-14,,,,csi300_medium_top_20181022,confirmation,multi_lobe,nearest_region_for_slice_only
limit_up_down_breadth_top::top::limit_up_down_breadth_v1_20120705_20260814::capped_confirmation::csi300::false_alarm::limit_up_down_breadth_top::top::limit_up_down_breadth_v1_20120705_20260814::000026,limit_up_down_breadth_top,top,limit_up_down_breadth_v1_20120705_20260814,capped_confirmation,csi300,沪深300,false_alarm,False,limit_up_down_breadth_top::top::limit_up_down_breadth_v1_20120705_20260814::000026,2019-03-04,,,,,,,,,False,False,,,,,,2012-07-05,2026-08-14,,,,csi300_medium_top_20190422,prediction,multi_lobe,nearest_region_for_slice_only
limit_up_down_breadth_top::top::limit_up_down_breadth_v1_20120705_20260814::capped_confirmation::csi300::duplicate_alarm::limit_up_down_breadth_top::top::limit_up_down_breadth_v1_20120705_20260814::000027,limit_up_down_breadth_top,top,limit_up_down_breadth_v1_20120705_20260814,capped_confirmation,csi300,沪深300,duplicate_alarm,False,limit_up_down_breadth_top::top::limit_up_down_breadth_v1_20120705_20260814::000027,2019-04-01,csi300_medium_top_20190422,2019-04-22,2019-04-04,2019-04-23,multi_lobe,2,,prediction_window,False,False,prediction,-14,14,20,limit_up_down_breadth_top::top::limit_up_down_breadth_v1_20120705_20260814::000028,2012-07-05,2026-08-14,True,True,top_bottom_regions_v2,csi300_medium_top_20190422,prediction,multi_lobe,duplicate_candidate
limit_up_down_breadth_top::top::limit_up_down_breadth_v1_20120705_20260814::capped_confirmation::csi300::matched::limit_up_down_breadth_top::top::limit_up_down_breadth_v1_20120705_20260814::000028,limit_up_down_breadth_top,top,limit_up_down_breadth_v1_20120705_20260814,capped_confirmation,csi300,沪深300,matched,True,limit_up_down_breadth_top::top::limit_up_down_breadth_v1_20120705_20260814::000028,2019-04-10,csi300_medium_top_20190422,2019-04-22,2019-04-04,2019-04-23,multi_lobe,2,csi300_medium_top_20190422_lobe_01,core_lobe,True,True,prediction,-8,8,10,limit_up_down_breadth_top::top::limit_up_down_breadth_v1_20120705_20260814::000028,2012-07-05,2026-08-14,True,True,top_bottom_regions_v2,csi300_medium_top_20190422,prediction,multi_lobe,primary_match
limit_up_down_breadth_top::top::limit_up_down_breadth_v1_20120705_20260814::capped_confirmation::csi300::duplicate_alarm::limit_up_down_breadth_top::top::limit_up_down_breadth_v1_20120705_20260814::000029,limit_up_down_breadth_top,top,limit_up_down_breadth_v1_20120705_20260814,capped_confirmation,csi300,沪深300,duplicate_alarm,False,limit_up_down_breadth_top::top::limit_up_down_breadth_v1_20120705_20260814::000029,2019-04-25,csi300_medium_top_20190422,2019-04-22,2019-04-04,2019-04-23,multi_lobe,2,,confirmation_window,False,False,confirmation,3,3,5,limit_up_down_breadth_top::top::limit_up_down_breadth_v1_20120705_20260814::000028,2012-07-05,2026-08-14,True,True,top_bottom_regions_v2,csi300_medium_top_20190422,confirmation,multi_lobe,duplicate_candidate
limit_up_down_breadth_top::top::limit_up_down_breadth_v1_20120705_20260814::capped_confirmation::csi300::missed_region::csi300_medium_top_20190702,limit_up_down_breadth_top,top,limit_up_down_breadth_v1_20120705_20260814,capped_confirmation,csi300,沪深300,missed_region,False,,,csi300_medium_top_20190702,2019-07-02,2019-07-01,2019-07-08,single_lobe,1,,,False,False,,,,,,2012-07-05,2026-08-14,True,True,top_bottom_regions_v2,,,,
limit_up_down_breadth_top::top::limit_up_down_breadth_v1_20120705_20260814::capped_confirmation::csi300::missed_region::csi300_medium_top_20200114,limit_up_down_breadth_top,top,limit_up_down_breadth_v1_20120705_20260814,capped_confirmation,csi300,沪深300,missed_region,False,,,csi300_medium_top_20200114,2020-01-14,2020-01-02,2020-01-20,single_lobe,1,,,False,False,,,,,,2012-07-05,2026-08-14,True,True,top_bottom_regions_v2,,,,
limit_up_down_breadth_top::top::limit_up_down_breadth_v1_20120705_20260814::capped_confirmation::csi300::missed_region::csi300_medium_top_20200305,limit_up_down_breadth_top,top,limit_up_down_breadth_v1_20120705_20260814,capped_confirmation,csi300,沪深300,missed_region,False,,,csi300_medium_top_20200305,2020-03-05,2020-02-20,2020-03-06,multi_lobe,3,,,False,False,,,,,,2012-07-05,2026-08-14,True,True,top_bottom_regions_v2,,,,
limit_up_down_breadth_top::top::limit_up_down_breadth_v1_20120705_20260814::capped_confirmation::csi300::false_alarm::limit_up_down_breadth_top::top::limit_up_down_breadth_v1_20120705_20260814::000030,limit_up_down_breadth_top,top,limit_up_down_breadth_v1_20120705_20260814,capped_confirmation,csi300,沪深300,false_alarm,False,limit_up_down_breadth_top::top::limit_up_down_breadth_v1_20120705_20260814::000030,2020-04-15,,,,,,,,,False,False,,,,,,2012-07-05,2026-08-14,,,,csi300_medium_top_20200305,confirmation,multi_lobe,nearest_region_for_slice_only
limit_up_down_breadth_top::top::limit_up_down_breadth_v1_20120705_20260814::capped_confirmation::csi300::false_alarm::limit_up_down_breadth_top::top::limit_up_down_breadth_v1_20120705_20260814::000031,limit_up_down_breadth_top,top,limit_up_down_breadth_v1_20120705_20260814,capped_confirmation,csi300,沪深300,false_alarm,False,limit_up_down_breadth_top::top::limit_up_down_breadth_v1_20120705_20260814::000031,2020-07-15,,,,,,,,,False,False,,,,,,2012-07-05,2026-08-14,,,,csi300_medium_top_20200305,confirmation,multi_lobe,nearest_region_for_slice_only
limit_up_down_breadth_top::top::limit_up_down_breadth_v1_20120705_20260814::capped_confirmation::csi300::false_alarm::limit_up_down_breadth_top::top::limit_up_down_breadth_v1_20120705_20260814::000032,limit_up_down_breadth_top,top,limit_up_down_breadth_v1_20120705_20260814,capped_confirmation,csi300,沪深300,false_alarm,False,limit_up_down_breadth_top::top::limit_up_down_breadth_v1_20120705_20260814::000032,2020-08-11,,,,,,,,,False,False,,,,,,2012-07-05,2026-08-14,,,,csi300_medium_top_20200305,confirmation,multi_lobe,nearest_region_for_slice_only
limit_up_down_breadth_top::top::limit_up_down_breadth_v1_20120705_20260814::capped_confirmation::csi300::missed_region::csi300_medium_top_20210218,limit_up_down_breadth_top,top,limit_up_down_breadth_v1_20120705_20260814,capped_confirmation,csi300,沪深300,missed_region,False,,,csi300_medium_top_20210218,2021-02-18,2021-02-18,2021-02-18,single_lobe,1,,,False,False,,,,,,2012-07-05,2026-08-14,True,True,top_bottom_regions_v2,,,,
limit_up_down_breadth_top::top::limit_up_down_breadth_v1_20120705_20260814::capped_confirmation::csi300::missed_region::csi300_medium_top_20210527,limit_up_down_breadth_top,top,limit_up_down_breadth_v1_20120705_20260814,capped_confirmation,csi300,沪深300,missed_region,False,,,csi300_medium_top_20210527,2021-05-27,2021-05-25,2021-06-10,multi_lobe,2,,,False,False,,,,,,2012-07-05,2026-08-14,True,True,top_bottom_regions_v2,,,,
limit_up_down_breadth_top::top::limit_up_down_breadth_v1_20120705_20260814::capped_confirmation::csi300::false_alarm::limit_up_down_breadth_top::top::limit_up_down_breadth_v1_20120705_20260814::000033,limit_up_down_breadth_top,top,limit_up_down_breadth_v1_20120705_20260814,capped_confirmation,csi300,沪深300,false_alarm,False,limit_up_down_breadth_top::top::limit_up_down_breadth_v1_20120705_20260814::000033,2021-08-31,,,,,,,,,False,False,,,,,,2012-07-05,2026-08-14,,,,csi300_medium_top_20210527,confirmation,multi_lobe,nearest_region_for_slice_only
limit_up_down_breadth_top::top::limit_up_down_breadth_v1_20120705_20260814::capped_confirmation::csi300::false_alarm::limit_up_down_breadth_top::top::limit_up_down_breadth_v1_20120705_20260814::000034,limit_up_down_breadth_top,top,limit_up_down_breadth_v1_20120705_20260814,capped_confirmation,csi300,沪深300,false_alarm,False,limit_up_down_breadth_top::top::limit_up_down_breadth_v1_20120705_20260814::000034,2021-11-12,,,,,,,,,False,False,,,,,,2012-07-05,2026-08-14,,,,csi300_medium_top_20211213,prediction,single_lobe,nearest_region_for_slice_only
limit_up_down_breadth_top::top::limit_up_down_breadth_v1_20120705_20260814::capped_confirmation::csi300::duplicate_alarm::limit_up_down_breadth_top::top::limit_up_down_breadth_v1_20120705_20260814::000035,limit_up_down_breadth_top,top,limit_up_down_breadth_v1_20120705_20260814,capped_confirmation,csi300,沪深300,duplicate_alarm,False,limit_up_down_breadth_top::top::limit_up_down_breadth_v1_20120705_20260814::000035,2021-11-22,csi300_medium_top_20211213,2021-12-13,2021-12-09,2021-12-15,single_lobe,1,,prediction_window,False,False,prediction,-15,15,20,limit_up_down_breadth_top::top::limit_up_down_breadth_v1_20120705_20260814::000036,2012-07-05,2026-08-14,True,True,top_bottom_regions_v2,csi300_medium_top_20211213,prediction,single_lobe,duplicate_candidate
limit_up_down_breadth_top::top::limit_up_down_breadth_v1_20120705_20260814::capped_confirmation::csi300::matched::limit_up_down_breadth_top::top::limit_up_down_breadth_v1_20120705_20260814::000036,limit_up_down_breadth_top,top,limit_up_down_breadth_v1_20120705_20260814,capped_confirmation,csi300,沪深300,matched,True,limit_up_down_breadth_top::top::limit_up_down_breadth_v1_20120705_20260814::000036,2021-11-25,csi300_medium_top_20211213,2021-12-13,2021-12-09,2021-12-15,single_lobe,1,,prediction_window,False,False,prediction,-12,12,20,limit_up_down_breadth_top::top::limit_up_down_breadth_v1_20120705_20260814::000036,2012-07-05,2026-08-14,True,True,top_bottom_regions_v2,csi300_medium_top_20211213,prediction,single_lobe,primary_match
limit_up_down_breadth_top::top::limit_up_down_breadth_v1_20120705_20260814::capped_confirmation::csi300::matched::limit_up_down_breadth_top::top::limit_up_down_breadth_v1_20120705_20260814::000037,limit_up_down_breadth_top,top,limit_up_down_breadth_v1_20120705_20260814,capped_confirmation,csi300,沪深300,matched,True,limit_up_down_breadth_top::top::limit_up_down_breadth_v1_20120705_20260814::000037,2022-02-17,csi300_medium_top_20220317,2022-03-17,2022-03-17,2022-04-07,multi_lobe,2,,prediction_window,False,False,prediction,-20,20,20,limit_up_down_breadth_top::top::limit_up_down_breadth_v1_20120705_20260814::000037,2012-07-05,2026-08-14,True,True,top_bottom_regions_v2,csi300_medium_top_20220317,prediction,multi_lobe,primary_match
limit_up_down_breadth_top::top::limit_up_down_breadth_v1_20120705_20260814::capped_confirmation::csi300::false_alarm::limit_up_down_breadth_top::top::limit_up_down_breadth_v1_20120705_20260814::000038,limit_up_down_breadth_top,top,limit_up_down_breadth_v1_20120705_20260814,capped_confirmation,csi300,沪深300,false_alarm,False,limit_up_down_breadth_top::top::limit_up_down_breadth_v1_20120705_20260814::000038,2022-05-13,,,,,,,,,False,False,,,,,,2012-07-05,2026-08-14,,,,csi300_medium_top_20220705,prediction,single_lobe,nearest_region_for_slice_only
limit_up_down_breadth_top::top::limit_up_down_breadth_v1_20120705_20260814::capped_confirmation::csi300::false_alarm::limit_up_down_breadth_top::top::limit_up_down_breadth_v1_20120705_20260814::000039,limit_up_down_breadth_top,top,limit_up_down_breadth_v1_20120705_20260814,capped_confirmation,csi300,沪深300,false_alarm,False,limit_up_down_breadth_top::top::limit_up_down_breadth_v1_20120705_20260814::000039,2022-05-17,,,,,,,,,False,False,,,,,,2012-07-05,2026-08-14,,,,csi300_medium_top_20220705,prediction,single_lobe,nearest_region_for_slice_only
limit_up_down_breadth_top::top::limit_up_down_breadth_v1_20120705_20260814::capped_confirmation::csi300::missed_region::csi300_medium_top_20220705,limit_up_down_breadth_top,top,limit_up_down_breadth_v1_20120705_20260814,capped_confirmation,csi300,沪深300,missed_region,False,,,csi300_medium_top_20220705,2022-07-05,2022-06-27,2022-07-08,single_lobe,1,,,False,False,,,,,,2012-07-05,2026-08-14,True,True,top_bottom_regions_v2,,,,
limit_up_down_breadth_top::top::limit_up_down_breadth_v1_20120705_20260814::capped_confirmation::csi300::missed_region::csi300_medium_top_20230130,limit_up_down_breadth_top,top,limit_up_down_breadth_v1_20120705_20260814,capped_confirmation,csi300,沪深300,missed_region,False,,,csi300_medium_top_20230130,2023-01-30,2023-01-30,2023-02-02,single_lobe,1,,,False,False,,,,,,2012-07-05,2026-08-14,True,True,top_bottom_regions_v2,,,,
limit_up_down_breadth_top::top::limit_up_down_breadth_v1_20120705_20260814::capped_confirmation::csi300::false_alarm::limit_up_down_breadth_top::top::limit_up_down_breadth_v1_20120705_20260814::000040,limit_up_down_breadth_top,top,limit_up_down_breadth_v1_20120705_20260814,capped_confirmation,csi300,沪深300,false_alarm,False,limit_up_down_breadth_top::top::limit_up_down_breadth_v1_20120705_20260814::000040,2024-03-06,,,,,,,,,False,False,,,,,,2012-07-05,2026-08-14,,,,csi300_medium_top_20240520,prediction,multi_lobe,nearest_region_for_slice_only
limit_up_down_breadth_top::top::limit_up_down_breadth_v1_20120705_20260814::capped_confirmation::csi300::false_alarm::limit_up_down_breadth_top::top::limit_up_down_breadth_v1_20120705_20260814::000041,limit_up_down_breadth_top,top,limit_up_down_breadth_v1_20120705_20260814,capped_confirmation,csi300,沪深300,false_alarm,False,limit_up_down_breadth_top::top::limit_up_down_breadth_v1_20120705_20260814::000041,2024-03-15,,,,,,,,,False,False,,,,,,2012-07-05,2026-08-14,,,,csi300_medium_top_20240520,prediction,multi_lobe,nearest_region_for_slice_only
limit_up_down_breadth_top::top::limit_up_down_breadth_v1_20120705_20260814::capped_confirmation::csi300::false_alarm::limit_up_down_breadth_top::top::limit_up_down_breadth_v1_20120705_20260814::000042,limit_up_down_breadth_top,top,limit_up_down_breadth_v1_20120705_20260814,capped_confirmation,csi300,沪深300,false_alarm,False,limit_up_down_breadth_top::top::limit_up_down_breadth_v1_20120705_20260814::000042,2024-03-27,,,,,,,,,False,False,,,,,,2012-07-05,2026-08-14,,,,csi300_medium_top_20240520,prediction,multi_lobe,nearest_region_for_slice_only
limit_up_down_breadth_top::top::limit_up_down_breadth_v1_20120705_20260814::capped_confirmation::csi300::matched::limit_up_down_breadth_top::top::limit_up_down_breadth_v1_20120705_20260814::000043,limit_up_down_breadth_top,top,limit_up_down_breadth_v1_20120705_20260814,capped_confirmation,csi300,沪深300,matched,True,limit_up_down_breadth_top::top::limit_up_down_breadth_v1_20120705_20260814::000043,2024-05-10,csi300_medium_top_20240520,2024-05-20,2024-04-29,2024-05-28,multi_lobe,2,csi300_medium_top_20240520_lobe_02,core_lobe,True,True,prediction,-6,6,10,limit_up_down_breadth_top::top::limit_up_down_breadth_v1_20120705_20260814::000043,2012-07-05,2026-08-14,True,True,top_bottom_regions_v2,csi300_medium_top_20240520,prediction,multi_lobe,primary_match
limit_up_down_breadth_top::top::limit_up_down_breadth_v1_20120705_20260814::capped_confirmation::csi300::matched::limit_up_down_breadth_top::top::limit_up_down_breadth_v1_20120705_20260814::000044,limit_up_down_breadth_top,top,limit_up_down_breadth_v1_20120705_20260814,capped_confirmation,csi300,沪深300,matched,True,limit_up_down_breadth_top::top::limit_up_down_breadth_v1_20120705_20260814::000044,2024-10-16,csi300_medium_top_20241008,2024-10-08,2024-10-08,2024-10-08,single_lobe,1,,confirmation_window,False,False,confirmation,6,6,10,limit_up_down_breadth_top::top::limit_up_down_breadth_v1_20120705_20260814::000044,2012-07-05,2026-08-14,True,True,top_bottom_regions_v2,csi300_medium_top_20241008,confirmation,single_lobe,primary_match
limit_up_down_breadth_top::top::limit_up_down_breadth_v1_20120705_20260814::capped_confirmation::csi300::matched::limit_up_down_breadth_top::top::limit_up_down_breadth_v1_20120705_20260814::000045,limit_up_down_breadth_top,top,limit_up_down_breadth_v1_20120705_20260814,capped_confirmation,csi300,沪深300,matched,True,limit_up_down_breadth_top::top::limit_up_down_breadth_v1_20120705_20260814::000045,2024-11-05,csi300_medium_top_20241108,2024-11-08,2024-11-07,2024-11-12,single_lobe,1,,prediction_window,False,False,prediction,-3,3,5,limit_up_down_breadth_top::top::limit_up_down_breadth_v1_20120705_20260814::000045,2012-07-05,2026-08-14,True,True,top_bottom_regions_v2,csi300_medium_top_20241108,prediction,single_lobe,primary_match
limit_up_down_breadth_top::top::limit_up_down_breadth_v1_20120705_20260814::capped_confirmation::csi300::duplicate_alarm::limit_up_down_breadth_top::top::limit_up_down_breadth_v1_20120705_20260814::000046,limit_up_down_breadth_top,top,limit_up_down_breadth_v1_20120705_20260814,capped_confirmation,csi300,沪深300,duplicate_alarm,False,limit_up_down_breadth_top::top::limit_up_down_breadth_v1_20120705_20260814::000046,2024-11-13,csi300_medium_top_20241108,2024-11-08,2024-11-07,2024-11-12,single_lobe,1,,confirmation_window,False,False,confirmation,3,3,5,limit_up_down_breadth_top::top::limit_up_down_breadth_v1_20120705_20260814::000045,2012-07-05,2026-08-14,True,True,top_bottom_regions_v2,csi300_medium_top_20241108,confirmation,single_lobe,duplicate_candidate
limit_up_down_breadth_top::top::limit_up_down_breadth_v1_20120705_20260814::capped_confirmation::csi300::false_alarm::limit_up_down_breadth_top::top::limit_up_down_breadth_v1_20120705_20260814::000047,limit_up_down_breadth_top,top,limit_up_down_breadth_v1_20120705_20260814,capped_confirmation,csi300,沪深300,false_alarm,False,limit_up_down_breadth_top::top::limit_up_down_breadth_v1_20120705_20260814::000047,2024-12-10,,,,,,,,,False,False,,,,,,2012-07-05,2026-08-14,,,,csi300_medium_top_20241108,confirmation,single_lobe,nearest_region_for_slice_only
limit_up_down_breadth_top::top::limit_up_down_breadth_v1_20120705_20260814::capped_confirmation::csi300::false_alarm::limit_up_down_breadth_top::top::limit_up_down_breadth_v1_20120705_20260814::000048,limit_up_down_breadth_top,top,limit_up_down_breadth_v1_20120705_20260814,capped_confirmation,csi300,沪深300,false_alarm,False,limit_up_down_breadth_top::top::limit_up_down_breadth_v1_20120705_20260814::000048,2025-04-18,,,,,,,,,False,False,,,,,,2012-07-05,2026-08-14,,,,csi300_medium_top_20241108,confirmation,single_lobe,nearest_region_for_slice_only
limit_up_down_breadth_top::top::limit_up_down_breadth_v1_20120705_20260814::capped_confirmation::csi300::matched::limit_up_down_breadth_top::top::limit_up_down_breadth_v1_20120705_20260814::000049,limit_up_down_breadth_top,top,limit_up_down_breadth_v1_20120705_20260814,capped_confirmation,csi300,沪深300,matched,True,limit_up_down_breadth_top::top::limit_up_down_breadth_v1_20120705_20260814::000049,2026-01-22,csi300_medium_top_20260113,2026-01-13,2026-01-06,2026-01-29,multi_lobe,4,csi300_medium_top_20260113_lobe_02,core_lobe,True,True,confirmation,7,7,10,limit_up_down_breadth_top::top::limit_up_down_breadth_v1_20120705_20260814::000049,2012-07-05,2026-08-14,True,True,top_bottom_regions_v2,csi300_medium_top_20260113,confirmation,multi_lobe,primary_match
limit_up_down_breadth_top::top::limit_up_down_breadth_v1_20120705_20260814::capped_confirmation::csi300::duplicate_alarm::limit_up_down_breadth_top::top::limit_up_down_breadth_v1_20120705_20260814::000050,limit_up_down_breadth_top,top,limit_up_down_breadth_v1_20120705_20260814,capped_confirmation,csi300,沪深300,duplicate_alarm,False,limit_up_down_breadth_top::top::limit_up_down_breadth_v1_20120705_20260814::000050,2026-06-05,csi300_medium_top_20260623,2026-06-23,2026-05-27,2026-07-01,multi_lobe,5,,envelope,False,False,prediction,-11,11,20,limit_up_down_breadth_top::top::limit_up_down_breadth_v1_20120705_20260814::000051,2012-07-05,2026-08-14,True,True,top_bottom_regions_v2,csi300_medium_top_20260623,prediction,multi_lobe,duplicate_candidate
limit_up_down_breadth_top::top::limit_up_down_breadth_v1_20120705_20260814::capped_confirmation::csi300::matched::limit_up_down_breadth_top::top::limit_up_down_breadth_v1_20120705_20260814::000051,limit_up_down_breadth_top,top,limit_up_down_breadth_v1_20120705_20260814,capped_confirmation,csi300,沪深300,matched,True,limit_up_down_breadth_top::top::limit_up_down_breadth_v1_20120705_20260814::000051,2026-06-25,csi300_medium_top_20260623,2026-06-23,2026-05-27,2026-07-01,multi_lobe,5,csi300_medium_top_20260623_lobe_04,core_lobe,True,True,confirmation,2,2,5,limit_up_down_breadth_top::top::limit_up_down_breadth_v1_20120705_20260814::000051,2012-07-05,2026-08-14,True,True,top_bottom_regions_v2,csi300_medium_top_20260623,confirmation,multi_lobe,primary_match
limit_up_down_breadth_top::top::limit_up_down_breadth_v1_20120705_20260814::capped_confirmation::csi300::false_alarm::limit_up_down_breadth_top::top::limit_up_down_breadth_v1_20120705_20260814::000052,limit_up_down_breadth_top,top,limit_up_down_breadth_v1_20120705_20260814,capped_confirmation,csi300,沪深300,false_alarm,False,limit_up_down_breadth_top::top::limit_up_down_breadth_v1_20120705_20260814::000052,2026-08-13,,,,,,,,,False,False,,,,,,2012-07-05,2026-08-14,,,,csi300_medium_top_20260623,confirmation,multi_lobe,nearest_region_for_slice_only
limit_up_down_breadth_top::top::limit_up_down_breadth_v1_20120705_20260814::capped_confirmation::csi500::false_alarm::limit_up_down_breadth_top::top::limit_up_down_breadth_v1_20120705_20260814::000001,limit_up_down_breadth_top,top,limit_up_down_breadth_v1_20120705_20260814,capped_confirmation,csi500,中证500,false_alarm,False,limit_up_down_breadth_top::top::limit_up_down_breadth_v1_20120705_20260814::000001,2012-09-13,,,,,,,,,False,False,,,,,,2012-07-05,2026-08-14,,,,csi500_medium_top_20130531,prediction,single_lobe,nearest_region_for_slice_only
limit_up_down_breadth_top::top::limit_up_down_breadth_v1_20120705_20260814::capped_confirmation::csi500::false_alarm::limit_up_down_breadth_top::top::limit_up_down_breadth_v1_20120705_20260814::000002,limit_up_down_breadth_top,top,limit_up_down_breadth_v1_20120705_20260814,capped_confirmation,csi500,中证500,false_alarm,False,limit_up_down_breadth_top::top::limit_up_down_breadth_v1_20120705_20260814::000002,2012-12-18,,,,,,,,,False,False,,,,,,2012-07-05,2026-08-14,,,,csi500_medium_top_20130531,prediction,single_lobe,nearest_region_for_slice_only
limit_up_down_breadth_top::top::limit_up_down_breadth_v1_20120705_20260814::capped_confirmation::csi500::false_alarm::limit_up_down_breadth_top::top::limit_up_down_breadth_v1_20120705_20260814::000003,limit_up_down_breadth_top,top,limit_up_down_breadth_v1_20120705_20260814,capped_confirmation,csi500,中证500,false_alarm,False,limit_up_down_breadth_top::top::limit_up_down_breadth_v1_20120705_20260814::000003,2013-01-22,,,,,,,,,False,False,,,,,,2012-07-05,2026-08-14,,,,csi500_medium_top_20130531,prediction,single_lobe,nearest_region_for_slice_only
limit_up_down_breadth_top::top::limit_up_down_breadth_v1_20120705_20260814::capped_confirmation::csi500::false_alarm::limit_up_down_breadth_top::top::limit_up_down_breadth_v1_20120705_20260814::000004,limit_up_down_breadth_top,top,limit_up_down_breadth_v1_20120705_20260814,capped_confirmation,csi500,中证500,false_alarm,False,limit_up_down_breadth_top::top::limit_up_down_breadth_v1_20120705_20260814::000004,2013-01-24,,,,,,,,,False,False,,,,,,2012-07-05,2026-08-14,,,,csi500_medium_top_20130531,prediction,single_lobe,nearest_region_for_slice_only
limit_up_down_breadth_top::top::limit_up_down_breadth_v1_20120705_20260814::capped_confirmation::csi500::matched::limit_up_down_breadth_top::top::limit_up_down_breadth_v1_20120705_20260814::000005,limit_up_down_breadth_top,top,limit_up_down_breadth_v1_20120705_20260814,capped_confirmation,csi500,中证500,matched,True,limit_up_down_breadth_top::top::limit_up_down_breadth_v1_20120705_20260814::000005,2013-05-17,csi500_medium_top_20130531,2013-05-31,2013-05-27,2013-06-04,single_lobe,1,,prediction_window,False,False,prediction,-10,10,10,limit_up_down_breadth_top::top::limit_up_down_breadth_v1_20120705_20260814::000005,2012-07-05,2026-08-14,True,True,top_bottom_regions_v2,csi500_medium_top_20130531,prediction,single_lobe,primary_match
limit_up_down_breadth_top::top::limit_up_down_breadth_v1_20120705_20260814::capped_confirmation::csi500::false_alarm::limit_up_down_breadth_top::top::limit_up_down_breadth_v1_20120705_20260814::000006,limit_up_down_breadth_top,top,limit_up_down_breadth_v1_20120705_20260814,capped_confirmation,csi500,中证500,false_alarm,False,limit_up_down_breadth_top::top::limit_up_down_breadth_v1_20120705_20260814::000006,2013-07-04,,,,,,,,,False,False,,,,,,2012-07-05,2026-08-14,,,,csi500_medium_top_20130531,confirmation,single_lobe,nearest_region_for_slice_only
limit_up_down_breadth_top::top::limit_up_down_breadth_v1_20120705_20260814::capped_confirmation::csi500::false_alarm::limit_up_down_breadth_top::top::limit_up_down_breadth_v1_20120705_20260814::000007,limit_up_down_breadth_top,top,limit_up_down_breadth_v1_20120705_20260814,capped_confirmation,csi500,中证500,false_alarm,False,limit_up_down_breadth_top::top::limit_up_down_breadth_v1_20120705_20260814::000007,2013-07-18,,,,,,,,,False,False,,,,,,2012-07-05,2026-08-14,,,,csi500_medium_top_20130531,confirmation,single_lobe,nearest_region_for_slice_only
limit_up_down_breadth_top::top::limit_up_down_breadth_v1_20120705_20260814::capped_confirmation::csi500::false_alarm::limit_up_down_breadth_top::top::limit_up_down_breadth_v1_20120705_20260814::000008,limit_up_down_breadth_top,top,limit_up_down_breadth_v1_20120705_20260814,capped_confirmation,csi500,中证500,false_alarm,False,limit_up_down_breadth_top::top::limit_up_down_breadth_v1_20120705_20260814::000008,2013-08-01,,,,,,,,,False,False,,,,,,2012-07-05,2026-08-14,,,,csi500_medium_top_20130531,confirmation,single_lobe,nearest_region_for_slice_only
limit_up_down_breadth_top::top::limit_up_down_breadth_v1_20120705_20260814::capped_confirmation::csi500::duplicate_alarm::limit_up_down_breadth_top::top::limit_up_down_breadth_v1_20120705_20260814::000009,limit_up_down_breadth_top,top,limit_up_down_breadth_v1_20120705_20260814,capped_confirmation,csi500,中证500,duplicate_alarm,False,limit_up_down_breadth_top::top::limit_up_down_breadth_v1_20120705_20260814::000009,2013-09-17,csi500_medium_top_20131022,2013-10-22,2013-10-11,2013-10-23,multi_lobe,2,,prediction_window,False,False,prediction,-18,18,20,limit_up_down_breadth_top::top::limit_up_down_breadth_v1_20120705_20260814::000010,2012-07-05,2026-08-14,True,True,top_bottom_regions_v2,csi500_medium_top_20131022,prediction,multi_lobe,duplicate_candidate
limit_up_down_breadth_top::top::limit_up_down_breadth_v1_20120705_20260814::capped_confirmation::csi500::matched::limit_up_down_breadth_top::top::limit_up_down_breadth_v1_20120705_20260814::000010,limit_up_down_breadth_top,top,limit_up_down_breadth_v1_20120705_20260814,capped_confirmation,csi500,中证500,matched,True,limit_up_down_breadth_top::top::limit_up_down_breadth_v1_20120705_20260814::000010,2013-10-08,csi500_medium_top_20131022,2013-10-22,2013-10-11,2013-10-23,multi_lobe,2,,prediction_window,False,False,prediction,-10,10,10,limit_up_down_breadth_top::top::limit_up_down_breadth_v1_20120705_20260814::000010,2012-07-05,2026-08-14,True,True,top_bottom_regions_v2,csi500_medium_top_20131022,prediction,multi_lobe,primary_match
limit_up_down_breadth_top::top::limit_up_down_breadth_v1_20120705_20260814::capped_confirmation::csi500::matched::limit_up_down_breadth_top::top::limit_up_down_breadth_v1_20120705_20260814::000011,limit_up_down_breadth_top,top,limit_up_down_breadth_v1_20120705_20260814,capped_confirmation,csi500,中证500,matched,True,limit_up_down_breadth_top::top::limit_up_down_breadth_v1_20120705_20260814::000011,2014-02-20,csi500_medium_top_20140219,2014-02-19,2014-02-17,2014-02-21,single_lobe,1,csi500_medium_top_20140219_lobe_01,core_lobe,True,True,confirmation,1,1,5,limit_up_down_breadth_top::top::limit_up_down_breadth_v1_20120705_20260814::000011,2012-07-05,2026-08-14,True,True,top_bottom_regions_v2,csi500_medium_top_20140219,confirmation,single_lobe,primary_match
limit_up_down_breadth_top::top::limit_up_down_breadth_v1_20120705_20260814::capped_confirmation::csi500::false_alarm::limit_up_down_breadth_top::top::limit_up_down_breadth_v1_20120705_20260814::000012,limit_up_down_breadth_top,top,limit_up_down_breadth_v1_20120705_20260814,capped_confirmation,csi500,中证500,false_alarm,False,limit_up_down_breadth_top::top::limit_up_down_breadth_v1_20120705_20260814::000012,2014-12-19,,,,,,,,,False,False,,,,,,2012-07-05,2026-08-14,,,,csi500_medium_top_20150528,prediction,single_lobe,nearest_region_for_slice_only
limit_up_down_breadth_top::top::limit_up_down_breadth_v1_20120705_20260814::capped_confirmation::csi500::false_alarm::limit_up_down_breadth_top::top::limit_up_down_breadth_v1_20120705_20260814::000013,limit_up_down_breadth_top,top,limit_up_down_breadth_v1_20120705_20260814,capped_confirmation,csi500,中证500,false_alarm,False,limit_up_down_breadth_top::top::limit_up_down_breadth_v1_20120705_20260814::000013,2015-03-09,,,,,,,,,False,False,,,,,,2012-07-05,2026-08-14,,,,csi500_medium_top_20150528,prediction,single_lobe,nearest_region_for_slice_only
limit_up_down_breadth_top::top::limit_up_down_breadth_v1_20120705_20260814::capped_confirmation::csi500::false_alarm::limit_up_down_breadth_top::top::limit_up_down_breadth_v1_20120705_20260814::000014,limit_up_down_breadth_top,top,limit_up_down_breadth_v1_20120705_20260814,capped_confirmation,csi500,中证500,false_alarm,False,limit_up_down_breadth_top::top::limit_up_down_breadth_v1_20120705_20260814::000014,2015-03-31,,,,,,,,,False,False,,,,,,2012-07-05,2026-08-14,,,,csi500_medium_top_20150528,prediction,single_lobe,nearest_region_for_slice_only
limit_up_down_breadth_top::top::limit_up_down_breadth_v1_20120705_20260814::capped_confirmation::csi500::false_alarm::limit_up_down_breadth_top::top::limit_up_down_breadth_v1_20120705_20260814::000015,limit_up_down_breadth_top,top,limit_up_down_breadth_v1_20120705_20260814,capped_confirmation,csi500,中证500,false_alarm,False,limit_up_down_breadth_top::top::limit_up_down_breadth_v1_20120705_20260814::000015,2015-04-21,,,,,,,,,False,False,,,,,,2012-07-05,2026-08-14,,,,csi500_medium_top_20150528,prediction,single_lobe,nearest_region_for_slice_only
limit_up_down_breadth_top::top::limit_up_down_breadth_v1_20120705_20260814::capped_confirmation::csi500::missed_region::csi500_medium_top_20150528,limit_up_down_breadth_top,top,limit_up_down_breadth_v1_20120705_20260814,capped_confirmation,csi500,中证500,missed_region,False,,,csi500_medium_top_20150528,2015-05-28,2015-05-27,2015-05-28,single_lobe,1,,,False,False,,,,,,2012-07-05,2026-08-14,True,True,top_bottom_regions_v2,,,,
limit_up_down_breadth_top::top::limit_up_down_breadth_v1_20120705_20260814::capped_confirmation::csi500::matched::limit_up_down_breadth_top::top::limit_up_down_breadth_v1_20120705_20260814::000016,limit_up_down_breadth_top,top,limit_up_down_breadth_v1_20120705_20260814,capped_confirmation,csi500,中证500,matched,True,limit_up_down_breadth_top::top::limit_up_down_breadth_v1_20120705_20260814::000016,2015-06-10,csi500_medium_top_20150612,2015-06-12,2015-06-12,2015-06-15,single_lobe,1,,prediction_window,False,False,prediction,-2,2,5,limit_up_down_breadth_top::top::limit_up_down_breadth_v1_20120705_20260814::000016,2012-07-05,2026-08-14,True,True,top_bottom_regions_v2,csi500_medium_top_20150612,prediction,single_lobe,primary_match
limit_up_down_breadth_top::top::limit_up_down_breadth_v1_20120705_20260814::capped_confirmation::csi500::missed_region::csi500_medium_top_20150701,limit_up_down_breadth_top,top,limit_up_down_breadth_v1_20120705_20260814,capped_confirmation,csi500,中证500,missed_region,False,,,csi500_medium_top_20150701,2015-07-01,2015-07-01,2015-07-01,single_lobe,1,,,False,False,,,,,,2012-07-05,2026-08-14,True,True,top_bottom_regions_v2,,,,
limit_up_down_breadth_top::top::limit_up_down_breadth_v1_20120705_20260814::capped_confirmation::csi500::missed_region::csi500_medium_top_20150714,limit_up_down_breadth_top,top,limit_up_down_breadth_v1_20120705_20260814,capped_confirmation,csi500,中证500,missed_region,False,,,csi500_medium_top_20150714,2015-07-14,2015-07-14,2015-07-14,single_lobe,1,,,False,False,,,,,,2012-07-05,2026-08-14,True,True,top_bottom_regions_v2,,,,
limit_up_down_breadth_top::top::limit_up_down_breadth_v1_20120705_20260814::capped_confirmation::csi500::matched::limit_up_down_breadth_top::top::limit_up_down_breadth_v1_20120705_20260814::000017,limit_up_down_breadth_top,top,limit_up_down_breadth_v1_20120705_20260814,capped_confirmation,csi500,中证500,matched,True,limit_up_down_breadth_top::top::limit_up_down_breadth_v1_20120705_20260814::000017,2015-07-27,csi500_medium_top_20150724,2015-07-24,2015-07-23,2015-07-24,single_lobe,1,,confirmation_window,False,False,confirmation,1,1,5,limit_up_down_breadth_top::top::limit_up_down_breadth_v1_20120705_20260814::000017,2012-07-05,2026-08-14,True,True,top_bottom_regions_v2,csi500_medium_top_20150724,confirmation,single_lobe,primary_match
limit_up_down_breadth_top::top::limit_up_down_breadth_v1_20120705_20260814::capped_confirmation::csi500::matched::limit_up_down_breadth_top::top::limit_up_down_breadth_v1_20120705_20260814::000018,limit_up_down_breadth_top,top,limit_up_down_breadth_v1_20120705_20260814,capped_confirmation,csi500,中证500,matched,True,limit_up_down_breadth_top::top::limit_up_down_breadth_v1_20120705_20260814::000018,2015-08-12,csi500_medium_top_20150818,2015-08-18,2015-08-14,2015-08-18,single_lobe,1,,prediction_window,False,False,prediction,-4,4,5,limit_up_down_breadth_top::top::limit_up_down_breadth_v1_20120705_20260814::000018,2012-07-05,2026-08-14,True,True,top_bottom_regions_v2,csi500_medium_top_20150818,prediction,single_lobe,primary_match
limit_up_down_breadth_top::top::limit_up_down_breadth_v1_20120705_20260814::capped_confirmation::csi500::missed_region::csi500_medium_top_20150828,limit_up_down_breadth_top,top,limit_up_down_breadth_v1_20120705_20260814,capped_confirmation,csi500,中证500,missed_region,False,,,csi500_medium_top_20150828,2015-08-28,2015-08-28,2015-08-31,single_lobe,1,,,False,False,,,,,,2012-07-05,2026-08-14,True,True,top_bottom_regions_v2,,,,
limit_up_down_breadth_top::top::limit_up_down_breadth_v1_20120705_20260814::capped_confirmation::csi500::missed_region::csi500_medium_top_20150909,limit_up_down_breadth_top,top,limit_up_down_breadth_v1_20120705_20260814,capped_confirmation,csi500,中证500,missed_region,False,,,csi500_medium_top_20150909,2015-09-09,2015-09-09,2015-09-11,single_lobe,1,,,False,False,,,,,,2012-07-05,2026-08-14,True,True,top_bottom_regions_v2,,,,
limit_up_down_breadth_top::top::limit_up_down_breadth_v1_20120705_20260814::capped_confirmation::csi500::missed_region::csi500_medium_top_20151126,limit_up_down_breadth_top,top,limit_up_down_breadth_v1_20120705_20260814,capped_confirmation,csi500,中证500,missed_region,False,,,csi500_medium_top_20151126,2015-11-26,2015-11-17,2015-11-27,multi_lobe,3,,,False,False,,,,,,2012-07-05,2026-08-14,True,True,top_bottom_regions_v2,,,,
limit_up_down_breadth_top::top::limit_up_down_breadth_v1_20120705_20260814::capped_confirmation::csi500::missed_region::csi500_medium_top_20151223,limit_up_down_breadth_top,top,limit_up_down_breadth_v1_20120705_20260814,capped_confirmation,csi500,中证500,missed_region,False,,,csi500_medium_top_20151223,2015-12-23,2015-12-18,2015-12-31,multi_lobe,2,,,False,False,,,,,,2012-07-05,2026-08-14,True,True,top_bottom_regions_v2,,,,
limit_up_down_breadth_top::top::limit_up_down_breadth_v1_20120705_20260814::capped_confirmation::csi500::missed_region::csi500_medium_top_20160223,limit_up_down_breadth_top,top,limit_up_down_breadth_v1_20120705_20260814,capped_confirmation,csi500,中证500,missed_region,False,,,csi500_medium_top_20160223,2016-02-23,2016-02-18,2016-02-25,single_lobe,1,,,False,False,,,,,,2012-07-05,2026-08-14,True,True,top_bottom_regions_v2,,,,
limit_up_down_breadth_top::top::limit_up_down_breadth_v1_20120705_20260814::capped_confirmation::csi500::missed_region::csi500_medium_top_20160413,limit_up_down_breadth_top,top,limit_up_down_breadth_v1_20120705_20260814,capped_confirmation,csi500,中证500,missed_region,False,,,csi500_medium_top_20160413,2016-04-13,2016-04-05,2016-04-20,multi_lobe,2,,,False,False,,,,,,2012-07-05,2026-08-14,True,True,top_bottom_regions_v2,,,,
limit_up_down_breadth_top::top::limit_up_down_breadth_v1_20120705_20260814::capped_confirmation::csi500::missed_region::csi500_medium_top_20161128,limit_up_down_breadth_top,top,limit_up_down_breadth_v1_20120705_20260814,capped_confirmation,csi500,中证500,missed_region,False,,,csi500_medium_top_20161128,2016-11-28,2016-11-11,2016-12-08,multi_lobe,2,,,False,False,,,,,,2012-07-05,2026-08-14,True,True,top_bottom_regions_v2,,,,
limit_up_down_breadth_top::top::limit_up_down_breadth_v1_20120705_20260814::capped_confirmation::csi500::missed_region::csi500_medium_top_20170411,limit_up_down_breadth_top,top,limit_up_down_breadth_v1_20120705_20260814,capped_confirmation,csi500,中证500,missed_region,False,,,csi500_medium_top_20170411,2017-04-11,2017-03-13,2017-04-17,multi_lobe,3,,,False,False,,,,,,2012-07-05,2026-08-14,True,True,top_bottom_regions_v2,,,,
limit_up_down_breadth_top::top::limit_up_down_breadth_v1_20120705_20260814::capped_confirmation::csi500::missed_region::csi500_medium_top_20170912,limit_up_down_breadth_top,top,limit_up_down_breadth_v1_20120705_20260814,capped_confirmation,csi500,中证500,missed_region,False,,,csi500_medium_top_20170912,2017-09-12,2017-09-06,2017-10-17,multi_lobe,2,,,False,False,,,,,,2012-07-05,2026-08-14,True,True,top_bottom_regions_v2,,,,
limit_up_down_breadth_top::top::limit_up_down_breadth_v1_20120705_20260814::capped_confirmation::csi500::matched::limit_up_down_breadth_top::top::limit_up_down_breadth_v1_20120705_20260814::000019,limit_up_down_breadth_top,top,limit_up_down_breadth_v1_20120705_20260814,capped_confirmation,csi500,中证500,matched,True,limit_up_down_breadth_top::top::limit_up_down_breadth_v1_20120705_20260814::000019,2018-04-04,csi500_medium_top_20180313,2018-03-13,2018-03-09,2018-03-21,single_lobe,1,,confirmation_window,False,False,confirmation,16,16,20,limit_up_down_breadth_top::top::limit_up_down_breadth_v1_20120705_20260814::000019,2012-07-05,2026-08-14,True,True,top_bottom_regions_v2,csi500_medium_top_20180313,confirmation,single_lobe,primary_match
limit_up_down_breadth_top::top::limit_up_down_breadth_v1_20120705_20260814::capped_confirmation::csi500::false_alarm::limit_up_down_breadth_top::top::limit_up_down_breadth_v1_20120705_20260814::000020,limit_up_down_breadth_top,top,limit_up_down_breadth_v1_20120705_20260814,capped_confirmation,csi500,中证500,false_alarm,False,limit_up_down_breadth_top::top::limit_up_down_breadth_v1_20120705_20260814::000020,2018-04-17,,,,,,,,,False,False,,,,,,2012-07-05,2026-08-14,,,,csi500_medium_top_20180313,confirmation,single_lobe,nearest_region_for_slice_only
limit_up_down_breadth_top::top::limit_up_down_breadth_v1_20120705_20260814::capped_confirmation::csi500::false_alarm::limit_up_down_breadth_top::top::limit_up_down_breadth_v1_20120705_20260814::000021,limit_up_down_breadth_top,top,limit_up_down_breadth_v1_20120705_20260814,capped_confirmation,csi500,中证500,false_alarm,False,limit_up_down_breadth_top::top::limit_up_down_breadth_v1_20120705_20260814::000021,2018-05-04,,,,,,,,,False,False,,,,,,2012-07-05,2026-08-14,,,,csi500_medium_top_20180313,confirmation,single_lobe,nearest_region_for_slice_only
limit_up_down_breadth_top::top::limit_up_down_breadth_v1_20120705_20260814::capped_confirmation::csi500::false_alarm::limit_up_down_breadth_top::top::limit_up_down_breadth_v1_20120705_20260814::000022,limit_up_down_breadth_top,top,limit_up_down_breadth_v1_20120705_20260814,capped_confirmation,csi500,中证500,false_alarm,False,limit_up_down_breadth_top::top::limit_up_down_breadth_v1_20120705_20260814::000022,2018-05-16,,,,,,,,,False,False,,,,,,2012-07-05,2026-08-14,,,,csi500_medium_top_20180313,confirmation,single_lobe,nearest_region_for_slice_only
limit_up_down_breadth_top::top::limit_up_down_breadth_v1_20120705_20260814::capped_confirmation::csi500::matched::limit_up_down_breadth_top::top::limit_up_down_breadth_v1_20120705_20260814::000023,limit_up_down_breadth_top,top,limit_up_down_breadth_v1_20120705_20260814,capped_confirmation,csi500,中证500,matched,True,limit_up_down_breadth_top::top::limit_up_down_breadth_v1_20120705_20260814::000023,2018-11-12,csi500_medium_top_20181116,2018-11-16,2018-11-14,2018-11-20,single_lobe,1,,prediction_window,False,False,prediction,-4,4,5,limit_up_down_breadth_top::top::limit_up_down_breadth_v1_20120705_20260814::000023,2012-07-05,2026-08-14,True,True,top_bottom_regions_v2,csi500_medium_top_20181116,prediction,single_lobe,primary_match
limit_up_down_breadth_top::top::limit_up_down_breadth_v1_20120705_20260814::capped_confirmation::csi500::duplicate_alarm::limit_up_down_breadth_top::top::limit_up_down_breadth_v1_20120705_20260814::000024,limit_up_down_breadth_top,top,limit_up_down_breadth_v1_20120705_20260814,capped_confirmation,csi500,中证500,duplicate_alarm,False,limit_up_down_breadth_top::top::limit_up_down_breadth_v1_20120705_20260814::000024,2018-11-22,csi500_medium_top_20181116,2018-11-16,2018-11-14,2018-11-20,single_lobe,1,,confirmation_window,False,False,confirmation,4,4,5,limit_up_down_breadth_top::top::limit_up_down_breadth_v1_20120705_20260814::000023,2012-07-05,2026-08-14,True,True,top_bottom_regions_v2,csi500_medium_top_20181116,confirmation,single_lobe,duplicate_candidate
limit_up_down_breadth_top::top::limit_up_down_breadth_v1_20120705_20260814::capped_confirmation::csi500::false_alarm::limit_up_down_breadth_top::top::limit_up_down_breadth_v1_20120705_20260814::000025,limit_up_down_breadth_top,top,limit_up_down_breadth_v1_20120705_20260814,capped_confirmation,csi500,中证500,false_alarm,False,limit_up_down_breadth_top::top::limit_up_down_breadth_v1_20120705_20260814::000025,2019-01-14,,,,,,,,,False,False,,,,,,2012-07-05,2026-08-14,,,,csi500_medium_top_20181116,confirmation,single_lobe,nearest_region_for_slice_only
limit_up_down_breadth_top::top::limit_up_down_breadth_v1_20120705_20260814::capped_confirmation::csi500::false_alarm::limit_up_down_breadth_top::top::limit_up_down_breadth_v1_20120705_20260814::000026,limit_up_down_breadth_top,top,limit_up_down_breadth_v1_20120705_20260814,capped_confirmation,csi500,中证500,false_alarm,False,limit_up_down_breadth_top::top::limit_up_down_breadth_v1_20120705_20260814::000026,2019-03-04,,,,,,,,,False,False,,,,,,2012-07-05,2026-08-14,,,,csi500_medium_top_20190408,prediction,multi_lobe,nearest_region_for_slice_only
limit_up_down_breadth_top::top::limit_up_down_breadth_v1_20120705_20260814::capped_confirmation::csi500::duplicate_alarm::limit_up_down_breadth_top::top::limit_up_down_breadth_v1_20120705_20260814::000027,limit_up_down_breadth_top,top,limit_up_down_breadth_v1_20120705_20260814,capped_confirmation,csi500,中证500,duplicate_alarm,False,limit_up_down_breadth_top::top::limit_up_down_breadth_v1_20120705_20260814::000027,2019-04-01,csi500_medium_top_20190408,2019-04-08,2019-04-02,2019-04-22,multi_lobe,3,,prediction_window,False,False,prediction,-4,4,5,limit_up_down_breadth_top::top::limit_up_down_breadth_v1_20120705_20260814::000028,2012-07-05,2026-08-14,True,True,top_bottom_regions_v2,csi500_medium_top_20190408,prediction,multi_lobe,duplicate_candidate
limit_up_down_breadth_top::top::limit_up_down_breadth_v1_20120705_20260814::capped_confirmation::csi500::matched::limit_up_down_breadth_top::top::limit_up_down_breadth_v1_20120705_20260814::000028,limit_up_down_breadth_top,top,limit_up_down_breadth_v1_20120705_20260814,capped_confirmation,csi500,中证500,matched,True,limit_up_down_breadth_top::top::limit_up_down_breadth_v1_20120705_20260814::000028,2019-04-10,csi500_medium_top_20190408,2019-04-08,2019-04-02,2019-04-22,multi_lobe,3,csi500_medium_top_20190408_lobe_01,core_lobe,True,True,confirmation,2,2,5,limit_up_down_breadth_top::top::limit_up_down_breadth_v1_20120705_20260814::000028,2012-07-05,2026-08-14,True,True,top_bottom_regions_v2,csi500_medium_top_20190408,confirmation,multi_lobe,primary_match
limit_up_down_breadth_top::top::limit_up_down_breadth_v1_20120705_20260814::capped_confirmation::csi500::duplicate_alarm::limit_up_down_breadth_top::top::limit_up_down_breadth_v1_20120705_20260814::000029,limit_up_down_breadth_top,top,limit_up_down_breadth_v1_20120705_20260814,capped_confirmation,csi500,中证500,duplicate_alarm,False,limit_up_down_breadth_top::top::limit_up_down_breadth_v1_20120705_20260814::000029,2019-04-25,csi500_medium_top_20190408,2019-04-08,2019-04-02,2019-04-22,multi_lobe,3,,confirmation_window,False,False,confirmation,13,13,20,limit_up_down_breadth_top::top::limit_up_down_breadth_v1_20120705_20260814::000028,2012-07-05,2026-08-14,True,True,top_bottom_regions_v2,csi500_medium_top_20190408,confirmation,multi_lobe,duplicate_candidate
limit_up_down_breadth_top::top::limit_up_down_breadth_v1_20120705_20260814::capped_confirmation::csi500::missed_region::csi500_medium_top_20200122,limit_up_down_breadth_top,top,limit_up_down_breadth_v1_20120705_20260814,capped_confirmation,csi500,中证500,missed_region,False,,,csi500_medium_top_20200122,2020-01-22,2020-01-07,2020-01-23,single_lobe,1,,,False,False,,,,,,2012-07-05,2026-08-14,True,True,top_bottom_regions_v2,,,,
limit_up_down_breadth_top::top::limit_up_down_breadth_v1_20120705_20260814::capped_confirmation::csi500::missed_region::csi500_medium_top_20200225,limit_up_down_breadth_top,top,limit_up_down_breadth_v1_20120705_20260814,capped_confirmation,csi500,中证500,missed_region,False,,,csi500_medium_top_20200225,2020-02-25,2020-02-21,2020-03-06,multi_lobe,3,,,False,False,,,,,,2012-07-05,2026-08-14,True,True,top_bottom_regions_v2,,,,
limit_up_down_breadth_top::top::limit_up_down_breadth_v1_20120705_20260814::capped_confirmation::csi500::false_alarm::limit_up_down_breadth_top::top::limit_up_down_breadth_v1_20120705_20260814::000030,limit_up_down_breadth_top,top,limit_up_down_breadth_v1_20120705_20260814,capped_confirmation,csi500,中证500,false_alarm,False,limit_up_down_breadth_top::top::limit_up_down_breadth_v1_20120705_20260814::000030,2020-04-15,,,,,,,,,False,False,,,,,,2012-07-05,2026-08-14,,,,csi500_medium_top_20200225,confirmation,multi_lobe,nearest_region_for_slice_only
limit_up_down_breadth_top::top::limit_up_down_breadth_v1_20120705_20260814::capped_confirmation::csi500::matched::limit_up_down_breadth_top::top::limit_up_down_breadth_v1_20120705_20260814::000031,limit_up_down_breadth_top,top,limit_up_down_breadth_v1_20120705_20260814,capped_confirmation,csi500,中证500,matched,True,limit_up_down_breadth_top::top::limit_up_down_breadth_v1_20120705_20260814::000031,2020-07-15,csi500_medium_top_20200713,2020-07-13,2020-07-10,2020-07-15,single_lobe,1,csi500_medium_top_20200713_lobe_01,core_lobe,True,True,confirmation,2,2,5,limit_up_down_breadth_top::top::limit_up_down_breadth_v1_20120705_20260814::000031,2012-07-05,2026-08-14,True,True,top_bottom_regions_v2,csi500_medium_top_20200713,confirmation,single_lobe,primary_match
limit_up_down_breadth_top::top::limit_up_down_breadth_v1_20120705_20260814::capped_confirmation::csi500::false_alarm::limit_up_down_breadth_top::top::limit_up_down_breadth_v1_20120705_20260814::000032,limit_up_down_breadth_top,top,limit_up_down_breadth_v1_20120705_20260814,capped_confirmation,csi500,中证500,false_alarm,False,limit_up_down_breadth_top::top::limit_up_down_breadth_v1_20120705_20260814::000032,2020-08-11,,,,,,,,,False,False,,,,,,2012-07-05,2026-08-14,,,,csi500_medium_top_20200713,confirmation,single_lobe,nearest_region_for_slice_only
limit_up_down_breadth_top::top::limit_up_down_breadth_v1_20120705_20260814::capped_confirmation::csi500::missed_region::csi500_medium_top_20210222,limit_up_down_breadth_top,top,limit_up_down_breadth_v1_20120705_20260814,capped_confirmation,csi500,中证500,missed_region,False,,,csi500_medium_top_20210222,2021-02-22,2021-02-18,2021-02-23,single_lobe,1,,,False,False,,,,,,2012-07-05,2026-08-14,True,True,top_bottom_regions_v2,,,,
limit_up_down_breadth_top::top::limit_up_down_breadth_v1_20120705_20260814::capped_confirmation::csi500::matched::limit_up_down_breadth_top::top::limit_up_down_breadth_v1_20120705_20260814::000033,limit_up_down_breadth_top,top,limit_up_down_breadth_v1_20120705_20260814,capped_confirmation,csi500,中证500,matched,True,limit_up_down_breadth_top::top::limit_up_down_breadth_v1_20120705_20260814::000033,2021-08-31,csi500_medium_top_20210914,2021-09-14,2021-09-08,2021-09-23,multi_lobe,2,,prediction_window,False,False,prediction,-10,10,10,limit_up_down_breadth_top::top::limit_up_down_breadth_v1_20120705_20260814::000033,2012-07-05,2026-08-14,True,True,top_bottom_regions_v2,csi500_medium_top_20210914,prediction,multi_lobe,primary_match
limit_up_down_breadth_top::top::limit_up_down_breadth_v1_20120705_20260814::capped_confirmation::csi500::false_alarm::limit_up_down_breadth_top::top::limit_up_down_breadth_v1_20120705_20260814::000034,limit_up_down_breadth_top,top,limit_up_down_breadth_v1_20120705_20260814,capped_confirmation,csi500,中证500,false_alarm,False,limit_up_down_breadth_top::top::limit_up_down_breadth_v1_20120705_20260814::000034,2021-11-12,,,,,,,,,False,False,,,,,,2012-07-05,2026-08-14,,,,csi500_medium_top_20210914,confirmation,multi_lobe,nearest_region_for_slice_only
limit_up_down_breadth_top::top::limit_up_down_breadth_v1_20120705_20260814::capped_confirmation::csi500::false_alarm::limit_up_down_breadth_top::top::limit_up_down_breadth_v1_20120705_20260814::000035,limit_up_down_breadth_top,top,limit_up_down_breadth_v1_20120705_20260814,capped_confirmation,csi500,中证500,false_alarm,False,limit_up_down_breadth_top::top::limit_up_down_breadth_v1_20120705_20260814::000035,2021-11-22,,,,,,,,,False,False,,,,,,2012-07-05,2026-08-14,,,,csi500_medium_top_20210914,confirmation,multi_lobe,nearest_region_for_slice_only
limit_up_down_breadth_top::top::limit_up_down_breadth_v1_20120705_20260814::capped_confirmation::csi500::false_alarm::limit_up_down_breadth_top::top::limit_up_down_breadth_v1_20120705_20260814::000036,limit_up_down_breadth_top,top,limit_up_down_breadth_v1_20120705_20260814,capped_confirmation,csi500,中证500,false_alarm,False,limit_up_down_breadth_top::top::limit_up_down_breadth_v1_20120705_20260814::000036,2021-11-25,,,,,,,,,False,False,,,,,,2012-07-05,2026-08-14,,,,csi500_medium_top_20210914,confirmation,multi_lobe,nearest_region_for_slice_only
limit_up_down_breadth_top::top::limit_up_down_breadth_v1_20120705_20260814::capped_confirmation::csi500::false_alarm::limit_up_down_breadth_top::top::limit_up_down_breadth_v1_20120705_20260814::000037,limit_up_down_breadth_top,top,limit_up_down_breadth_v1_20120705_20260814,capped_confirmation,csi500,中证500,false_alarm,False,limit_up_down_breadth_top::top::limit_up_down_breadth_v1_20120705_20260814::000037,2022-02-17,,,,,,,,,False,False,,,,,,2012-07-05,2026-08-14,,,,csi500_medium_top_20220705,prediction,single_lobe,nearest_region_for_slice_only
limit_up_down_breadth_top::top::limit_up_down_breadth_v1_20120705_20260814::capped_confirmation::csi500::false_alarm::limit_up_down_breadth_top::top::limit_up_down_breadth_v1_20120705_20260814::000038,limit_up_down_breadth_top,top,limit_up_down_breadth_v1_20120705_20260814,capped_confirmation,csi500,中证500,false_alarm,False,limit_up_down_breadth_top::top::limit_up_down_breadth_v1_20120705_20260814::000038,2022-05-13,,,,,,,,,False,False,,,,,,2012-07-05,2026-08-14,,,,csi500_medium_top_20220705,prediction,single_lobe,nearest_region_for_slice_only
limit_up_down_breadth_top::top::limit_up_down_breadth_v1_20120705_20260814::capped_confirmation::csi500::false_alarm::limit_up_down_breadth_top::top::limit_up_down_breadth_v1_20120705_20260814::000039,limit_up_down_breadth_top,top,limit_up_down_breadth_v1_20120705_20260814,capped_confirmation,csi500,中证500,false_alarm,False,limit_up_down_breadth_top::top::limit_up_down_breadth_v1_20120705_20260814::000039,2022-05-17,,,,,,,,,False,False,,,,,,2012-07-05,2026-08-14,,,,csi500_medium_top_20220705,prediction,single_lobe,nearest_region_for_slice_only
limit_up_down_breadth_top::top::limit_up_down_breadth_v1_20120705_20260814::capped_confirmation::csi500::missed_region::csi500_medium_top_20220705,limit_up_down_breadth_top,top,limit_up_down_breadth_v1_20120705_20260814,capped_confirmation,csi500,中证500,missed_region,False,,,csi500_medium_top_20220705,2022-07-05,2022-06-27,2022-07-08,single_lobe,1,,,False,False,,,,,,2012-07-05,2026-08-14,True,True,top_bottom_regions_v2,,,,
limit_up_down_breadth_top::top::limit_up_down_breadth_v1_20120705_20260814::capped_confirmation::csi500::missed_region::csi500_medium_top_20230410,limit_up_down_breadth_top,top,limit_up_down_breadth_v1_20120705_20260814,capped_confirmation,csi500,中证500,missed_region,False,,,csi500_medium_top_20230410,2023-04-10,2023-04-03,2023-04-21,single_lobe,1,,,False,False,,,,,,2012-07-05,2026-08-14,True,True,top_bottom_regions_v2,,,,
limit_up_down_breadth_top::top::limit_up_down_breadth_v1_20120705_20260814::capped_confirmation::csi500::false_alarm::limit_up_down_breadth_top::top::limit_up_down_breadth_v1_20120705_20260814::000040,limit_up_down_breadth_top,top,limit_up_down_breadth_v1_20120705_20260814,capped_confirmation,csi500,中证500,false_alarm,False,limit_up_down_breadth_top::top::limit_up_down_breadth_v1_20120705_20260814::000040,2024-03-06,,,,,,,,,False,False,,,,,,2012-07-05,2026-08-14,,,,csi500_medium_top_20240510,prediction,single_lobe,nearest_region_for_slice_only
limit_up_down_breadth_top::top::limit_up_down_breadth_v1_20120705_20260814::capped_confirmation::csi500::false_alarm::limit_up_down_breadth_top::top::limit_up_down_breadth_v1_20120705_20260814::000041,limit_up_down_breadth_top,top,limit_up_down_breadth_v1_20120705_20260814,capped_confirmation,csi500,中证500,false_alarm,False,limit_up_down_breadth_top::top::limit_up_down_breadth_v1_20120705_20260814::000041,2024-03-15,,,,,,,,,False,False,,,,,,2012-07-05,2026-08-14,,,,csi500_medium_top_20240510,prediction,single_lobe,nearest_region_for_slice_only
limit_up_down_breadth_top::top::limit_up_down_breadth_v1_20120705_20260814::capped_confirmation::csi500::false_alarm::limit_up_down_breadth_top::top::limit_up_down_breadth_v1_20120705_20260814::000042,limit_up_down_breadth_top,top,limit_up_down_breadth_v1_20120705_20260814,capped_confirmation,csi500,中证500,false_alarm,False,limit_up_down_breadth_top::top::limit_up_down_breadth_v1_20120705_20260814::000042,2024-03-27,,,,,,,,,False,False,,,,,,2012-07-05,2026-08-14,,,,csi500_medium_top_20240510,prediction,single_lobe,nearest_region_for_slice_only
limit_up_down_breadth_top::top::limit_up_down_breadth_v1_20120705_20260814::capped_confirmation::csi500::matched::limit_up_down_breadth_top::top::limit_up_down_breadth_v1_20120705_20260814::000043,limit_up_down_breadth_top,top,limit_up_down_breadth_v1_20120705_20260814,capped_confirmation,csi500,中证500,matched,True,limit_up_down_breadth_top::top::limit_up_down_breadth_v1_20120705_20260814::000043,2024-05-10,csi500_medium_top_20240510,2024-05-10,2024-04-29,2024-05-22,single_lobe,1,csi500_medium_top_20240510_lobe_01,core_lobe,True,True,prediction,0,0,5,limit_up_down_breadth_top::top::limit_up_down_breadth_v1_20120705_20260814::000043,2012-07-05,2026-08-14,True,True,top_bottom_regions_v2,csi500_medium_top_20240510,prediction,single_lobe,primary_match
limit_up_down_breadth_top::top::limit_up_down_breadth_v1_20120705_20260814::capped_confirmation::csi500::matched::limit_up_down_breadth_top::top::limit_up_down_breadth_v1_20120705_20260814::000044,limit_up_down_breadth_top,top,limit_up_down_breadth_v1_20120705_20260814,capped_confirmation,csi500,中证500,matched,True,limit_up_down_breadth_top::top::limit_up_down_breadth_v1_20120705_20260814::000044,2024-10-16,csi500_medium_top_20241008,2024-10-08,2024-10-08,2024-10-08,single_lobe,1,,confirmation_window,False,False,confirmation,6,6,10,limit_up_down_breadth_top::top::limit_up_down_breadth_v1_20120705_20260814::000044,2012-07-05,2026-08-14,True,True,top_bottom_regions_v2,csi500_medium_top_20241008,confirmation,single_lobe,primary_match
limit_up_down_breadth_top::top::limit_up_down_breadth_v1_20120705_20260814::capped_confirmation::csi500::duplicate_alarm::limit_up_down_breadth_top::top::limit_up_down_breadth_v1_20120705_20260814::000045,limit_up_down_breadth_top,top,limit_up_down_breadth_v1_20120705_20260814,capped_confirmation,csi500,中证500,duplicate_alarm,False,limit_up_down_breadth_top::top::limit_up_down_breadth_v1_20120705_20260814::000045,2024-11-05,csi500_medium_top_20241112,2024-11-12,2024-11-08,2024-11-13,single_lobe,1,,prediction_window,False,False,prediction,-5,5,5,limit_up_down_breadth_top::top::limit_up_down_breadth_v1_20120705_20260814::000046,2012-07-05,2026-08-14,True,True,top_bottom_regions_v2,csi500_medium_top_20241112,prediction,single_lobe,duplicate_candidate
limit_up_down_breadth_top::top::limit_up_down_breadth_v1_20120705_20260814::capped_confirmation::csi500::matched::limit_up_down_breadth_top::top::limit_up_down_breadth_v1_20120705_20260814::000046,limit_up_down_breadth_top,top,limit_up_down_breadth_v1_20120705_20260814,capped_confirmation,csi500,中证500,matched,True,limit_up_down_breadth_top::top::limit_up_down_breadth_v1_20120705_20260814::000046,2024-11-13,csi500_medium_top_20241112,2024-11-12,2024-11-08,2024-11-13,single_lobe,1,csi500_medium_top_20241112_lobe_01,core_lobe,True,True,confirmation,1,1,5,limit_up_down_breadth_top::top::limit_up_down_breadth_v1_20120705_20260814::000046,2012-07-05,2026-08-14,True,True,top_bottom_regions_v2,csi500_medium_top_20241112,confirmation,single_lobe,primary_match
limit_up_down_breadth_top::top::limit_up_down_breadth_v1_20120705_20260814::capped_confirmation::csi500::duplicate_alarm::limit_up_down_breadth_top::top::limit_up_down_breadth_v1_20120705_20260814::000047,limit_up_down_breadth_top,top,limit_up_down_breadth_v1_20120705_20260814,capped_confirmation,csi500,中证500,duplicate_alarm,False,limit_up_down_breadth_top::top::limit_up_down_breadth_v1_20120705_20260814::000047,2024-12-10,csi500_medium_top_20241112,2024-11-12,2024-11-08,2024-11-13,single_lobe,1,,confirmation_window,False,False,confirmation,20,20,20,limit_up_down_breadth_top::top::limit_up_down_breadth_v1_20120705_20260814::000046,2012-07-05,2026-08-14,True,True,top_bottom_regions_v2,csi500_medium_top_20241112,confirmation,single_lobe,duplicate_candidate
limit_up_down_breadth_top::top::limit_up_down_breadth_v1_20120705_20260814::capped_confirmation::csi500::missed_region::csi500_medium_top_20250318,limit_up_down_breadth_top,top,limit_up_down_breadth_v1_20120705_20260814,capped_confirmation,csi500,中证500,missed_region,False,,,csi500_medium_top_20250318,2025-03-18,2025-02-21,2025-03-21,multi_lobe,2,,,False,False,,,,,,2012-07-05,2026-08-14,True,True,top_bottom_regions_v2,,,,
limit_up_down_breadth_top::top::limit_up_down_breadth_v1_20120705_20260814::capped_confirmation::csi500::false_alarm::limit_up_down_breadth_top::top::limit_up_down_breadth_v1_20120705_20260814::000048,limit_up_down_breadth_top,top,limit_up_down_breadth_v1_20120705_20260814,capped_confirmation,csi500,中证500,false_alarm,False,limit_up_down_breadth_top::top::limit_up_down_breadth_v1_20120705_20260814::000048,2025-04-18,,,,,,,,,False,False,,,,,,2012-07-05,2026-08-14,,,,csi500_medium_top_20250318,confirmation,multi_lobe,nearest_region_for_slice_only
limit_up_down_breadth_top::top::limit_up_down_breadth_v1_20120705_20260814::capped_confirmation::csi500::false_alarm::limit_up_down_breadth_top::top::limit_up_down_breadth_v1_20120705_20260814::000049,limit_up_down_breadth_top,top,limit_up_down_breadth_v1_20120705_20260814,capped_confirmation,csi500,中证500,false_alarm,False,limit_up_down_breadth_top::top::limit_up_down_breadth_v1_20120705_20260814::000049,2026-01-22,,,,,,,,,False,False,,,,,,2012-07-05,2026-08-14,,,,csi500_medium_top_20260302,prediction,single_lobe,nearest_region_for_slice_only
limit_up_down_breadth_top::top::limit_up_down_breadth_v1_20120705_20260814::capped_confirmation::csi500::missed_region::csi500_medium_top_20260302,limit_up_down_breadth_top,top,limit_up_down_breadth_v1_20120705_20260814,capped_confirmation,csi500,中证500,missed_region,False,,,csi500_medium_top_20260302,2026-03-02,2026-02-25,2026-03-03,single_lobe,1,,,False,False,,,,,,2012-07-05,2026-08-14,True,True,top_bottom_regions_v2,,,,
limit_up_down_breadth_top::top::limit_up_down_breadth_v1_20120705_20260814::capped_confirmation::csi500::matched::limit_up_down_breadth_top::top::limit_up_down_breadth_v1_20120705_20260814::000050,limit_up_down_breadth_top,top,limit_up_down_breadth_v1_20120705_20260814,capped_confirmation,csi500,中证500,matched,True,limit_up_down_breadth_top::top::limit_up_down_breadth_v1_20120705_20260814::000050,2026-06-05,csi500_medium_top_20260514,2026-05-14,2026-05-11,2026-05-21,multi_lobe,2,,confirmation_window,False,False,confirmation,16,16,20,limit_up_down_breadth_top::top::limit_up_down_breadth_v1_20120705_20260814::000050,2012-07-05,2026-08-14,True,True,top_bottom_regions_v2,csi500_medium_top_20260514,confirmation,multi_lobe,primary_match
limit_up_down_breadth_top::top::limit_up_down_breadth_v1_20120705_20260814::capped_confirmation::csi500::matched::limit_up_down_breadth_top::top::limit_up_down_breadth_v1_20120705_20260814::000051,limit_up_down_breadth_top,top,limit_up_down_breadth_v1_20120705_20260814,capped_confirmation,csi500,中证500,matched,True,limit_up_down_breadth_top::top::limit_up_down_breadth_v1_20120705_20260814::000051,2026-06-25,csi500_medium_top_20260701,2026-07-01,2026-06-30,2026-07-01,single_lobe,1,,prediction_window,False,False,prediction,-4,4,5,limit_up_down_breadth_top::top::limit_up_down_breadth_v1_20120705_20260814::000051,2012-07-05,2026-08-14,True,True,top_bottom_regions_v2,csi500_medium_top_20260701,prediction,single_lobe,primary_match
limit_up_down_breadth_top::top::limit_up_down_breadth_v1_20120705_20260814::capped_confirmation::csi500::false_alarm::limit_up_down_breadth_top::top::limit_up_down_breadth_v1_20120705_20260814::000052,limit_up_down_breadth_top,top,limit_up_down_breadth_v1_20120705_20260814,capped_confirmation,csi500,中证500,false_alarm,False,limit_up_down_breadth_top::top::limit_up_down_breadth_v1_20120705_20260814::000052,2026-08-13,,,,,,,,,False,False,,,,,,2012-07-05,2026-08-14,,,,csi500_medium_top_20260701,confirmation,single_lobe,nearest_region_for_slice_only
limit_up_down_breadth_top::top::limit_up_down_breadth_v1_20120705_20260814::capped_confirmation::microcap::false_alarm::limit_up_down_breadth_top::top::limit_up_down_breadth_v1_20120705_20260814::000001,limit_up_down_breadth_top,top,limit_up_down_breadth_v1_20120705_20260814,capped_confirmation,microcap,微盘股,false_alarm,False,limit_up_down_breadth_top::top::limit_up_down_breadth_v1_20120705_20260814::000001,2012-09-13,,,,,,,,,False,False,,,,,,2012-07-05,2026-08-14,,,,microcap_medium_top_20130531,prediction,single_lobe,nearest_region_for_slice_only
limit_up_down_breadth_top::top::limit_up_down_breadth_v1_20120705_20260814::capped_confirmation::microcap::false_alarm::limit_up_down_breadth_top::top::limit_up_down_breadth_v1_20120705_20260814::000002,limit_up_down_breadth_top,top,limit_up_down_breadth_v1_20120705_20260814,capped_confirmation,microcap,微盘股,false_alarm,False,limit_up_down_breadth_top::top::limit_up_down_breadth_v1_20120705_20260814::000002,2012-12-18,,,,,,,,,False,False,,,,,,2012-07-05,2026-08-14,,,,microcap_medium_top_20130531,prediction,single_lobe,nearest_region_for_slice_only
limit_up_down_breadth_top::top::limit_up_down_breadth_v1_20120705_20260814::capped_confirmation::microcap::false_alarm::limit_up_down_breadth_top::top::limit_up_down_breadth_v1_20120705_20260814::000003,limit_up_down_breadth_top,top,limit_up_down_breadth_v1_20120705_20260814,capped_confirmation,microcap,微盘股,false_alarm,False,limit_up_down_breadth_top::top::limit_up_down_breadth_v1_20120705_20260814::000003,2013-01-22,,,,,,,,,False,False,,,,,,2012-07-05,2026-08-14,,,,microcap_medium_top_20130531,prediction,single_lobe,nearest_region_for_slice_only
limit_up_down_breadth_top::top::limit_up_down_breadth_v1_20120705_20260814::capped_confirmation::microcap::false_alarm::limit_up_down_breadth_top::top::limit_up_down_breadth_v1_20120705_20260814::000004,limit_up_down_breadth_top,top,limit_up_down_breadth_v1_20120705_20260814,capped_confirmation,microcap,微盘股,false_alarm,False,limit_up_down_breadth_top::top::limit_up_down_breadth_v1_20120705_20260814::000004,2013-01-24,,,,,,,,,False,False,,,,,,2012-07-05,2026-08-14,,,,microcap_medium_top_20130531,prediction,single_lobe,nearest_region_for_slice_only
limit_up_down_breadth_top::top::limit_up_down_breadth_v1_20120705_20260814::capped_confirmation::microcap::matched::limit_up_down_breadth_top::top::limit_up_down_breadth_v1_20120705_20260814::000005,limit_up_down_breadth_top,top,limit_up_down_breadth_v1_20120705_20260814,capped_confirmation,microcap,微盘股,matched,True,limit_up_down_breadth_top::top::limit_up_down_breadth_v1_20120705_20260814::000005,2013-05-17,microcap_medium_top_20130531,2013-05-31,2013-05-27,2013-06-04,single_lobe,1,,prediction_window,False,False,prediction,-10,10,10,limit_up_down_breadth_top::top::limit_up_down_breadth_v1_20120705_20260814::000005,2012-07-05,2026-08-14,True,True,top_bottom_regions_v2,microcap_medium_top_20130531,prediction,single_lobe,primary_match
limit_up_down_breadth_top::top::limit_up_down_breadth_v1_20120705_20260814::capped_confirmation::microcap::false_alarm::limit_up_down_breadth_top::top::limit_up_down_breadth_v1_20120705_20260814::000006,limit_up_down_breadth_top,top,limit_up_down_breadth_v1_20120705_20260814,capped_confirmation,microcap,微盘股,false_alarm,False,limit_up_down_breadth_top::top::limit_up_down_breadth_v1_20120705_20260814::000006,2013-07-04,,,,,,,,,False,False,,,,,,2012-07-05,2026-08-14,,,,microcap_medium_top_20130531,confirmation,single_lobe,nearest_region_for_slice_only
limit_up_down_breadth_top::top::limit_up_down_breadth_v1_20120705_20260814::capped_confirmation::microcap::false_alarm::limit_up_down_breadth_top::top::limit_up_down_breadth_v1_20120705_20260814::000007,limit_up_down_breadth_top,top,limit_up_down_breadth_v1_20120705_20260814,capped_confirmation,microcap,微盘股,false_alarm,False,limit_up_down_breadth_top::top::limit_up_down_breadth_v1_20120705_20260814::000007,2013-07-18,,,,,,,,,False,False,,,,,,2012-07-05,2026-08-14,,,,microcap_medium_top_20130531,confirmation,single_lobe,nearest_region_for_slice_only
limit_up_down_breadth_top::top::limit_up_down_breadth_v1_20120705_20260814::capped_confirmation::microcap::false_alarm::limit_up_down_breadth_top::top::limit_up_down_breadth_v1_20120705_20260814::000008,limit_up_down_breadth_top,top,limit_up_down_breadth_v1_20120705_20260814,capped_confirmation,microcap,微盘股,false_alarm,False,limit_up_down_breadth_top::top::limit_up_down_breadth_v1_20120705_20260814::000008,2013-08-01,,,,,,,,,False,False,,,,,,2012-07-05,2026-08-14,,,,microcap_medium_top_20130531,confirmation,single_lobe,nearest_region_for_slice_only
limit_up_down_breadth_top::top::limit_up_down_breadth_v1_20120705_20260814::capped_confirmation::microcap::duplicate_alarm::limit_up_down_breadth_top::top::limit_up_down_breadth_v1_20120705_20260814::000009,limit_up_down_breadth_top,top,limit_up_down_breadth_v1_20120705_20260814,capped_confirmation,microcap,微盘股,duplicate_alarm,False,limit_up_down_breadth_top::top::limit_up_down_breadth_v1_20120705_20260814::000009,2013-09-17,microcap_medium_top_20131022,2013-10-22,2013-10-11,2013-10-23,multi_lobe,2,,prediction_window,False,False,prediction,-18,18,20,limit_up_down_breadth_top::top::limit_up_down_breadth_v1_20120705_20260814::000010,2012-07-05,2026-08-14,True,True,top_bottom_regions_v2,microcap_medium_top_20131022,prediction,multi_lobe,duplicate_candidate
limit_up_down_breadth_top::top::limit_up_down_breadth_v1_20120705_20260814::capped_confirmation::microcap::matched::limit_up_down_breadth_top::top::limit_up_down_breadth_v1_20120705_20260814::000010,limit_up_down_breadth_top,top,limit_up_down_breadth_v1_20120705_20260814,capped_confirmation,microcap,微盘股,matched,True,limit_up_down_breadth_top::top::limit_up_down_breadth_v1_20120705_20260814::000010,2013-10-08,microcap_medium_top_20131022,2013-10-22,2013-10-11,2013-10-23,multi_lobe,2,,prediction_window,False,False,prediction,-10,10,10,limit_up_down_breadth_top::top::limit_up_down_breadth_v1_20120705_20260814::000010,2012-07-05,2026-08-14,True,True,top_bottom_regions_v2,microcap_medium_top_20131022,prediction,multi_lobe,primary_match
limit_up_down_breadth_top::top::limit_up_down_breadth_v1_20120705_20260814::capped_confirmation::microcap::matched::limit_up_down_breadth_top::top::limit_up_down_breadth_v1_20120705_20260814::000011,limit_up_down_breadth_top,top,limit_up_down_breadth_v1_20120705_20260814,capped_confirmation,microcap,微盘股,matched,True,limit_up_down_breadth_top::top::limit_up_down_breadth_v1_20120705_20260814::000011,2014-02-20,microcap_medium_top_20140219,2014-02-19,2014-02-17,2014-02-25,multi_lobe,2,microcap_medium_top_20140219_lobe_01,core_lobe,True,True,confirmation,1,1,5,limit_up_down_breadth_top::top::limit_up_down_breadth_v1_20120705_20260814::000011,2012-07-05,2026-08-14,True,True,top_bottom_regions_v2,microcap_medium_top_20140219,confirmation,multi_lobe,primary_match
limit_up_down_breadth_top::top::limit_up_down_breadth_v1_20120705_20260814::capped_confirmation::microcap::false_alarm::limit_up_down_breadth_top::top::limit_up_down_breadth_v1_20120705_20260814::000012,limit_up_down_breadth_top,top,limit_up_down_breadth_v1_20120705_20260814,capped_confirmation,microcap,微盘股,false_alarm,False,limit_up_down_breadth_top::top::limit_up_down_breadth_v1_20120705_20260814::000012,2014-12-19,,,,,,,,,False,False,,,,,,2012-07-05,2026-08-14,,,,microcap_medium_top_20150612,prediction,single_lobe,nearest_region_for_slice_only
limit_up_down_breadth_top::top::limit_up_down_breadth_v1_20120705_20260814::capped_confirmation::microcap::false_alarm::limit_up_down_breadth_top::top::limit_up_down_breadth_v1_20120705_20260814::000013,limit_up_down_breadth_top,top,limit_up_down_breadth_v1_20120705_20260814,capped_confirmation,microcap,微盘股,false_alarm,False,limit_up_down_breadth_top::top::limit_up_down_breadth_v1_20120705_20260814::000013,2015-03-09,,,,,,,,,False,False,,,,,,2012-07-05,2026-08-14,,,,microcap_medium_top_20150612,prediction,single_lobe,nearest_region_for_slice_only
limit_up_down_breadth_top::top::limit_up_down_breadth_v1_20120705_20260814::capped_confirmation::microcap::false_alarm::limit_up_down_breadth_top::top::limit_up_down_breadth_v1_20120705_20260814::000014,limit_up_down_breadth_top,top,limit_up_down_breadth_v1_20120705_20260814,capped_confirmation,microcap,微盘股,false_alarm,False,limit_up_down_breadth_top::top::limit_up_down_breadth_v1_20120705_20260814::000014,2015-03-31,,,,,,,,,False,False,,,,,,2012-07-05,2026-08-14,,,,microcap_medium_top_20150612,prediction,single_lobe,nearest_region_for_slice_only
limit_up_down_breadth_top::top::limit_up_down_breadth_v1_20120705_20260814::capped_confirmation::microcap::false_alarm::limit_up_down_breadth_top::top::limit_up_down_breadth_v1_20120705_20260814::000015,limit_up_down_breadth_top,top,limit_up_down_breadth_v1_20120705_20260814,capped_confirmation,microcap,微盘股,false_alarm,False,limit_up_down_breadth_top::top::limit_up_down_breadth_v1_20120705_20260814::000015,2015-04-21,,,,,,,,,False,False,,,,,,2012-07-05,2026-08-14,,,,microcap_medium_top_20150612,prediction,single_lobe,nearest_region_for_slice_only
limit_up_down_breadth_top::top::limit_up_down_breadth_v1_20120705_20260814::capped_confirmation::microcap::matched::limit_up_down_breadth_top::top::limit_up_down_breadth_v1_20120705_20260814::000016,limit_up_down_breadth_top,top,limit_up_down_breadth_v1_20120705_20260814,capped_confirmation,microcap,微盘股,matched,True,limit_up_down_breadth_top::top::limit_up_down_breadth_v1_20120705_20260814::000016,2015-06-10,microcap_medium_top_20150612,2015-06-12,2015-06-12,2015-06-15,single_lobe,1,,prediction_window,False,False,prediction,-2,2,5,limit_up_down_breadth_top::top::limit_up_down_breadth_v1_20120705_20260814::000016,2012-07-05,2026-08-14,True,True,top_bottom_regions_v2,microcap_medium_top_20150612,prediction,single_lobe,primary_match
limit_up_down_breadth_top::top::limit_up_down_breadth_v1_20120705_20260814::capped_confirmation::microcap::missed_region::microcap_medium_top_20150701,limit_up_down_breadth_top,top,limit_up_down_breadth_v1_20120705_20260814,capped_confirmation,microcap,微盘股,missed_region,False,,,microcap_medium_top_20150701,2015-07-01,2015-07-01,2015-07-01,single_lobe,1,,,False,False,,,,,,2012-07-05,2026-08-14,True,True,top_bottom_regions_v2,,,,
limit_up_down_breadth_top::top::limit_up_down_breadth_v1_20120705_20260814::capped_confirmation::microcap::matched::limit_up_down_breadth_top::top::limit_up_down_breadth_v1_20120705_20260814::000017,limit_up_down_breadth_top,top,limit_up_down_breadth_v1_20120705_20260814,capped_confirmation,microcap,微盘股,matched,True,limit_up_down_breadth_top::top::limit_up_down_breadth_v1_20120705_20260814::000017,2015-07-27,microcap_medium_top_20150724,2015-07-24,2015-07-23,2015-07-24,single_lobe,1,,confirmation_window,False,False,confirmation,1,1,5,limit_up_down_breadth_top::top::limit_up_down_breadth_v1_20120705_20260814::000017,2012-07-05,2026-08-14,True,True,top_bottom_regions_v2,microcap_medium_top_20150724,confirmation,single_lobe,primary_match
limit_up_down_breadth_top::top::limit_up_down_breadth_v1_20120705_20260814::capped_confirmation::microcap::matched::limit_up_down_breadth_top::top::limit_up_down_breadth_v1_20120705_20260814::000018,limit_up_down_breadth_top,top,limit_up_down_breadth_v1_20120705_20260814,capped_confirmation,microcap,微盘股,matched,True,limit_up_down_breadth_top::top::limit_up_down_breadth_v1_20120705_20260814::000018,2015-08-12,microcap_medium_top_20150818,2015-08-18,2015-08-17,2015-08-18,single_lobe,1,,prediction_window,False,False,prediction,-4,4,5,limit_up_down_breadth_top::top::limit_up_down_breadth_v1_20120705_20260814::000018,2012-07-05,2026-08-14,True,True,top_bottom_regions_v2,microcap_medium_top_20150818,prediction,single_lobe,primary_match
limit_up_down_breadth_top::top::limit_up_down_breadth_v1_20120705_20260814::capped_confirmation::microcap::missed_region::microcap_medium_top_20150828,limit_up_down_breadth_top,top,limit_up_down_breadth_v1_20120705_20260814,capped_confirmation,microcap,微盘股,missed_region,False,,,microcap_medium_top_20150828,2015-08-28,2015-08-28,2015-08-31,single_lobe,1,,,False,False,,,,,,2012-07-05,2026-08-14,True,True,top_bottom_regions_v2,,,,
limit_up_down_breadth_top::top::limit_up_down_breadth_v1_20120705_20260814::capped_confirmation::microcap::missed_region::microcap_medium_top_20151126,limit_up_down_breadth_top,top,limit_up_down_breadth_v1_20120705_20260814,capped_confirmation,microcap,微盘股,missed_region,False,,,microcap_medium_top_20151126,2015-11-26,2015-11-20,2015-11-27,multi_lobe,2,,,False,False,,,,,,2012-07-05,2026-08-14,True,True,top_bottom_regions_v2,,,,
limit_up_down_breadth_top::top::limit_up_down_breadth_v1_20120705_20260814::capped_confirmation::microcap::missed_region::microcap_medium_top_20160223,limit_up_down_breadth_top,top,limit_up_down_breadth_v1_20120705_20260814,capped_confirmation,microcap,微盘股,missed_region,False,,,microcap_medium_top_20160223,2016-02-23,2016-02-17,2016-02-25,single_lobe,1,,,False,False,,,,,,2012-07-05,2026-08-14,True,True,top_bottom_regions_v2,,,,
limit_up_down_breadth_top::top::limit_up_down_breadth_v1_20120705_20260814::capped_confirmation::microcap::missed_region::microcap_medium_top_20160415,limit_up_down_breadth_top,top,limit_up_down_breadth_v1_20120705_20260814,capped_confirmation,microcap,微盘股,missed_region,False,,,microcap_medium_top_20160415,2016-04-15,2016-04-06,2016-04-20,multi_lobe,2,,,False,False,,,,,,2012-07-05,2026-08-14,True,True,top_bottom_regions_v2,,,,
limit_up_down_breadth_top::top::limit_up_down_breadth_v1_20120705_20260814::capped_confirmation::microcap::missed_region::microcap_medium_top_20160713,limit_up_down_breadth_top,top,limit_up_down_breadth_v1_20120705_20260814,capped_confirmation,microcap,微盘股,missed_region,False,,,microcap_medium_top_20160713,2016-07-13,2016-07-04,2016-07-27,single_lobe,1,,,False,False,,,,,,2012-07-05,2026-08-14,True,True,top_bottom_regions_v2,,,,
limit_up_down_breadth_top::top::limit_up_down_breadth_v1_20120705_20260814::capped_confirmation::microcap::missed_region::microcap_medium_top_20171013,limit_up_down_breadth_top,top,limit_up_down_breadth_v1_20120705_20260814,capped_confirmation,microcap,微盘股,missed_region,False,,,microcap_medium_top_20171013,2017-10-13,2017-09-20,2017-10-16,multi_lobe,2,,,False,False,,,,,,2012-07-05,2026-08-14,True,True,top_bottom_regions_v2,,,,
limit_up_down_breadth_top::top::limit_up_down_breadth_v1_20120705_20260814::capped_confirmation::microcap::false_alarm::limit_up_down_breadth_top::top::limit_up_down_breadth_v1_20120705_20260814::000019,limit_up_down_breadth_top,top,limit_up_down_breadth_v1_20120705_20260814,capped_confirmation,microcap,微盘股,false_alarm,False,limit_up_down_breadth_top::top::limit_up_down_breadth_v1_20120705_20260814::000019,2018-04-04,,,,,,,,,False,False,,,,,,2012-07-05,2026-08-14,,,,microcap_medium_top_20180522,prediction,multi_lobe,nearest_region_for_slice_only
limit_up_down_breadth_top::top::limit_up_down_breadth_v1_20120705_20260814::capped_confirmation::microcap::false_alarm::limit_up_down_breadth_top::top::limit_up_down_breadth_v1_20120705_20260814::000020,limit_up_down_breadth_top,top,limit_up_down_breadth_v1_20120705_20260814,capped_confirmation,microcap,微盘股,false_alarm,False,limit_up_down_breadth_top::top::limit_up_down_breadth_v1_20120705_20260814::000020,2018-04-17,,,,,,,,,False,False,,,,,,2012-07-05,2026-08-14,,,,microcap_medium_top_20180522,prediction,multi_lobe,nearest_region_for_slice_only
limit_up_down_breadth_top::top::limit_up_down_breadth_v1_20120705_20260814::capped_confirmation::microcap::duplicate_alarm::limit_up_down_breadth_top::top::limit_up_down_breadth_v1_20120705_20260814::000021,limit_up_down_breadth_top,top,limit_up_down_breadth_v1_20120705_20260814,capped_confirmation,microcap,微盘股,duplicate_alarm,False,limit_up_down_breadth_top::top::limit_up_down_breadth_v1_20120705_20260814::000021,2018-05-04,microcap_medium_top_20180522,2018-05-22,2018-05-10,2018-05-28,multi_lobe,2,,prediction_window,False,False,prediction,-12,12,20,limit_up_down_breadth_top::top::limit_up_down_breadth_v1_20120705_20260814::000022,2012-07-05,2026-08-14,True,True,top_bottom_regions_v2,microcap_medium_top_20180522,prediction,multi_lobe,duplicate_candidate
limit_up_down_breadth_top::top::limit_up_down_breadth_v1_20120705_20260814::capped_confirmation::microcap::matched::limit_up_down_breadth_top::top::limit_up_down_breadth_v1_20120705_20260814::000022,limit_up_down_breadth_top,top,limit_up_down_breadth_v1_20120705_20260814,capped_confirmation,microcap,微盘股,matched,True,limit_up_down_breadth_top::top::limit_up_down_breadth_v1_20120705_20260814::000022,2018-05-16,microcap_medium_top_20180522,2018-05-22,2018-05-10,2018-05-28,multi_lobe,2,,envelope,False,True,prediction,-4,4,5,limit_up_down_breadth_top::top::limit_up_down_breadth_v1_20120705_20260814::000022,2012-07-05,2026-08-14,True,True,top_bottom_regions_v2,microcap_medium_top_20180522,prediction,multi_lobe,primary_match
limit_up_down_breadth_top::top::limit_up_down_breadth_v1_20120705_20260814::capped_confirmation::microcap::missed_region::microcap_medium_top_20180727,limit_up_down_breadth_top,top,limit_up_down_breadth_v1_20120705_20260814,capped_confirmation,microcap,微盘股,missed_region,False,,,microcap_medium_top_20180727,2018-07-27,2018-07-25,2018-08-01,single_lobe,1,,,False,False,,,,,,2012-07-05,2026-08-14,True,True,top_bottom_regions_v2,,,,
limit_up_down_breadth_top::top::limit_up_down_breadth_v1_20120705_20260814::capped_confirmation::microcap::false_alarm::limit_up_down_breadth_top::top::limit_up_down_breadth_v1_20120705_20260814::000023,limit_up_down_breadth_top,top,limit_up_down_breadth_v1_20120705_20260814,capped_confirmation,microcap,微盘股,false_alarm,False,limit_up_down_breadth_top::top::limit_up_down_breadth_v1_20120705_20260814::000023,2018-11-12,,,,,,,,,False,False,,,,,,2012-07-05,2026-08-14,,,,microcap_medium_top_20180727,confirmation,single_lobe,nearest_region_for_slice_only
limit_up_down_breadth_top::top::limit_up_down_breadth_v1_20120705_20260814::capped_confirmation::microcap::false_alarm::limit_up_down_breadth_top::top::limit_up_down_breadth_v1_20120705_20260814::000024,limit_up_down_breadth_top,top,limit_up_down_breadth_v1_20120705_20260814,capped_confirmation,microcap,微盘股,false_alarm,False,limit_up_down_breadth_top::top::limit_up_down_breadth_v1_20120705_20260814::000024,2018-11-22,,,,,,,,,False,False,,,,,,2012-07-05,2026-08-14,,,,microcap_medium_top_20180727,confirmation,single_lobe,nearest_region_for_slice_only
limit_up_down_breadth_top::top::limit_up_down_breadth_v1_20120705_20260814::capped_confirmation::microcap::false_alarm::limit_up_down_breadth_top::top::limit_up_down_breadth_v1_20120705_20260814::000025,limit_up_down_breadth_top,top,limit_up_down_breadth_v1_20120705_20260814,capped_confirmation,microcap,微盘股,false_alarm,False,limit_up_down_breadth_top::top::limit_up_down_breadth_v1_20120705_20260814::000025,2019-01-14,,,,,,,,,False,False,,,,,,2012-07-05,2026-08-14,,,,microcap_medium_top_20190422,prediction,multi_lobe,nearest_region_for_slice_only
limit_up_down_breadth_top::top::limit_up_down_breadth_v1_20120705_20260814::capped_confirmation::microcap::false_alarm::limit_up_down_breadth_top::top::limit_up_down_breadth_v1_20120705_20260814::000026,limit_up_down_breadth_top,top,limit_up_down_breadth_v1_20120705_20260814,capped_confirmation,microcap,微盘股,false_alarm,False,limit_up_down_breadth_top::top::limit_up_down_breadth_v1_20120705_20260814::000026,2019-03-04,,,,,,,,,False,False,,,,,,2012-07-05,2026-08-14,,,,microcap_medium_top_20190422,prediction,multi_lobe,nearest_region_for_slice_only
limit_up_down_breadth_top::top::limit_up_down_breadth_v1_20120705_20260814::capped_confirmation::microcap::duplicate_alarm::limit_up_down_breadth_top::top::limit_up_down_breadth_v1_20120705_20260814::000027,limit_up_down_breadth_top,top,limit_up_down_breadth_v1_20120705_20260814,capped_confirmation,microcap,微盘股,duplicate_alarm,False,limit_up_down_breadth_top::top::limit_up_down_breadth_v1_20120705_20260814::000027,2019-04-01,microcap_medium_top_20190422,2019-04-22,2019-04-09,2019-04-25,multi_lobe,2,,prediction_window,False,False,prediction,-14,14,20,limit_up_down_breadth_top::top::limit_up_down_breadth_v1_20120705_20260814::000029,2012-07-05,2026-08-14,True,True,top_bottom_regions_v2,microcap_medium_top_20190422,prediction,multi_lobe,duplicate_candidate
limit_up_down_breadth_top::top::limit_up_down_breadth_v1_20120705_20260814::capped_confirmation::microcap::duplicate_alarm::limit_up_down_breadth_top::top::limit_up_down_breadth_v1_20120705_20260814::000028,limit_up_down_breadth_top,top,limit_up_down_breadth_v1_20120705_20260814,capped_confirmation,microcap,微盘股,duplicate_alarm,False,limit_up_down_breadth_top::top::limit_up_down_breadth_v1_20120705_20260814::000028,2019-04-10,microcap_medium_top_20190422,2019-04-22,2019-04-09,2019-04-25,multi_lobe,2,microcap_medium_top_20190422_lobe_01,core_lobe,False,False,prediction,-8,8,10,limit_up_down_breadth_top::top::limit_up_down_breadth_v1_20120705_20260814::000029,2012-07-05,2026-08-14,True,True,top_bottom_regions_v2,microcap_medium_top_20190422,prediction,multi_lobe,duplicate_candidate
limit_up_down_breadth_top::top::limit_up_down_breadth_v1_20120705_20260814::capped_confirmation::microcap::matched::limit_up_down_breadth_top::top::limit_up_down_breadth_v1_20120705_20260814::000029,limit_up_down_breadth_top,top,limit_up_down_breadth_v1_20120705_20260814,capped_confirmation,microcap,微盘股,matched,True,limit_up_down_breadth_top::top::limit_up_down_breadth_v1_20120705_20260814::000029,2019-04-25,microcap_medium_top_20190422,2019-04-22,2019-04-09,2019-04-25,multi_lobe,2,microcap_medium_top_20190422_lobe_02,core_lobe,True,True,confirmation,3,3,5,limit_up_down_breadth_top::top::limit_up_down_breadth_v1_20120705_20260814::000029,2012-07-05,2026-08-14,True,True,top_bottom_regions_v2,microcap_medium_top_20190422,confirmation,multi_lobe,primary_match
limit_up_down_breadth_top::top::limit_up_down_breadth_v1_20120705_20260814::capped_confirmation::microcap::missed_region::microcap_medium_top_20200114,limit_up_down_breadth_top,top,limit_up_down_breadth_v1_20120705_20260814,capped_confirmation,microcap,微盘股,missed_region,False,,,microcap_medium_top_20200114,2020-01-14,2020-01-06,2020-01-17,single_lobe,1,,,False,False,,,,,,2012-07-05,2026-08-14,True,True,top_bottom_regions_v2,,,,
limit_up_down_breadth_top::top::limit_up_down_breadth_v1_20120705_20260814::capped_confirmation::microcap::false_alarm::limit_up_down_breadth_top::top::limit_up_down_breadth_v1_20120705_20260814::000030,limit_up_down_breadth_top,top,limit_up_down_breadth_v1_20120705_20260814,capped_confirmation,microcap,微盘股,false_alarm,False,limit_up_down_breadth_top::top::limit_up_down_breadth_v1_20120705_20260814::000030,2020-04-15,,,,,,,,,False,False,,,,,,2012-07-05,2026-08-14,,,,microcap_medium_top_20200114,confirmation,single_lobe,nearest_region_for_slice_only
limit_up_down_breadth_top::top::limit_up_down_breadth_v1_20120705_20260814::capped_confirmation::microcap::false_alarm::limit_up_down_breadth_top::top::limit_up_down_breadth_v1_20120705_20260814::000031,limit_up_down_breadth_top,top,limit_up_down_breadth_v1_20120705_20260814,capped_confirmation,microcap,微盘股,false_alarm,False,limit_up_down_breadth_top::top::limit_up_down_breadth_v1_20120705_20260814::000031,2020-07-15,,,,,,,,,False,False,,,,,,2012-07-05,2026-08-14,,,,microcap_medium_top_20200909,prediction,single_lobe,nearest_region_for_slice_only
limit_up_down_breadth_top::top::limit_up_down_breadth_v1_20120705_20260814::capped_confirmation::microcap::false_alarm::limit_up_down_breadth_top::top::limit_up_down_breadth_v1_20120705_20260814::000032,limit_up_down_breadth_top,top,limit_up_down_breadth_v1_20120705_20260814,capped_confirmation,microcap,微盘股,false_alarm,False,limit_up_down_breadth_top::top::limit_up_down_breadth_v1_20120705_20260814::000032,2020-08-11,,,,,,,,,False,False,,,,,,2012-07-05,2026-08-14,,,,microcap_medium_top_20200909,prediction,single_lobe,nearest_region_for_slice_only
limit_up_down_breadth_top::top::limit_up_down_breadth_v1_20120705_20260814::capped_confirmation::microcap::missed_region::microcap_medium_top_20200909,limit_up_down_breadth_top,top,limit_up_down_breadth_v1_20120705_20260814,capped_confirmation,microcap,微盘股,missed_region,False,,,microcap_medium_top_20200909,2020-09-09,2020-09-04,2020-09-10,single_lobe,1,,,False,False,,,,,,2012-07-05,2026-08-14,True,True,top_bottom_regions_v2,,,,
limit_up_down_breadth_top::top::limit_up_down_breadth_v1_20120705_20260814::capped_confirmation::microcap::false_alarm::limit_up_down_breadth_top::top::limit_up_down_breadth_v1_20120705_20260814::000033,limit_up_down_breadth_top,top,limit_up_down_breadth_v1_20120705_20260814,capped_confirmation,microcap,微盘股,false_alarm,False,limit_up_down_breadth_top::top::limit_up_down_breadth_v1_20120705_20260814::000033,2021-08-31,,,,,,,,,False,False,,,,,,2012-07-05,2026-08-14,,,,microcap_medium_top_20220406,prediction,multi_lobe,nearest_region_for_slice_only
limit_up_down_breadth_top::top::limit_up_down_breadth_v1_20120705_20260814::capped_confirmation::microcap::false_alarm::limit_up_down_breadth_top::top::limit_up_down_breadth_v1_20120705_20260814::000034,limit_up_down_breadth_top,top,limit_up_down_breadth_v1_20120705_20260814,capped_confirmation,microcap,微盘股,false_alarm,False,limit_up_down_breadth_top::top::limit_up_down_breadth_v1_20120705_20260814::000034,2021-11-12,,,,,,,,,False,False,,,,,,2012-07-05,2026-08-14,,,,microcap_medium_top_20220406,prediction,multi_lobe,nearest_region_for_slice_only
limit_up_down_breadth_top::top::limit_up_down_breadth_v1_20120705_20260814::capped_confirmation::microcap::false_alarm::limit_up_down_breadth_top::top::limit_up_down_breadth_v1_20120705_20260814::000035,limit_up_down_breadth_top,top,limit_up_down_breadth_v1_20120705_20260814,capped_confirmation,microcap,微盘股,false_alarm,False,limit_up_down_breadth_top::top::limit_up_down_breadth_v1_20120705_20260814::000035,2021-11-22,,,,,,,,,False,False,,,,,,2012-07-05,2026-08-14,,,,microcap_medium_top_20220406,prediction,multi_lobe,nearest_region_for_slice_only
limit_up_down_breadth_top::top::limit_up_down_breadth_v1_20120705_20260814::capped_confirmation::microcap::false_alarm::limit_up_down_breadth_top::top::limit_up_down_breadth_v1_20120705_20260814::000036,limit_up_down_breadth_top,top,limit_up_down_breadth_v1_20120705_20260814,capped_confirmation,microcap,微盘股,false_alarm,False,limit_up_down_breadth_top::top::limit_up_down_breadth_v1_20120705_20260814::000036,2021-11-25,,,,,,,,,False,False,,,,,,2012-07-05,2026-08-14,,,,microcap_medium_top_20220406,prediction,multi_lobe,nearest_region_for_slice_only
limit_up_down_breadth_top::top::limit_up_down_breadth_v1_20120705_20260814::capped_confirmation::microcap::false_alarm::limit_up_down_breadth_top::top::limit_up_down_breadth_v1_20120705_20260814::000037,limit_up_down_breadth_top,top,limit_up_down_breadth_v1_20120705_20260814,capped_confirmation,microcap,微盘股,false_alarm,False,limit_up_down_breadth_top::top::limit_up_down_breadth_v1_20120705_20260814::000037,2022-02-17,,,,,,,,,False,False,,,,,,2012-07-05,2026-08-14,,,,microcap_medium_top_20220406,prediction,multi_lobe,nearest_region_for_slice_only
limit_up_down_breadth_top::top::limit_up_down_breadth_v1_20120705_20260814::capped_confirmation::microcap::missed_region::microcap_medium_top_20220406,limit_up_down_breadth_top,top,limit_up_down_breadth_v1_20120705_20260814,capped_confirmation,microcap,微盘股,missed_region,False,,,microcap_medium_top_20220406,2022-04-06,2022-03-07,2022-04-07,multi_lobe,3,,,False,False,,,,,,2012-07-05,2026-08-14,True,True,top_bottom_regions_v2,,,,
limit_up_down_breadth_top::top::limit_up_down_breadth_v1_20120705_20260814::capped_confirmation::microcap::false_alarm::limit_up_down_breadth_top::top::limit_up_down_breadth_v1_20120705_20260814::000038,limit_up_down_breadth_top,top,limit_up_down_breadth_v1_20120705_20260814,capped_confirmation,microcap,微盘股,false_alarm,False,limit_up_down_breadth_top::top::limit_up_down_breadth_v1_20120705_20260814::000038,2022-05-13,,,,,,,,,False,False,,,,,,2012-07-05,2026-08-14,,,,microcap_medium_top_20220406,confirmation,multi_lobe,nearest_region_for_slice_only
limit_up_down_breadth_top::top::limit_up_down_breadth_v1_20120705_20260814::capped_confirmation::microcap::false_alarm::limit_up_down_breadth_top::top::limit_up_down_breadth_v1_20120705_20260814::000039,limit_up_down_breadth_top,top,limit_up_down_breadth_v1_20120705_20260814,capped_confirmation,microcap,微盘股,false_alarm,False,limit_up_down_breadth_top::top::limit_up_down_breadth_v1_20120705_20260814::000039,2022-05-17,,,,,,,,,False,False,,,,,,2012-07-05,2026-08-14,,,,microcap_medium_top_20220406,confirmation,multi_lobe,nearest_region_for_slice_only
limit_up_down_breadth_top::top::limit_up_down_breadth_v1_20120705_20260814::capped_confirmation::microcap::missed_region::microcap_medium_top_20220819,limit_up_down_breadth_top,top,limit_up_down_breadth_v1_20120705_20260814,capped_confirmation,microcap,微盘股,missed_region,False,,,microcap_medium_top_20220819,2022-08-19,2022-08-12,2022-09-08,multi_lobe,3,,,False,False,,,,,,2012-07-05,2026-08-14,True,True,top_bottom_regions_v2,,,,
limit_up_down_breadth_top::top::limit_up_down_breadth_v1_20120705_20260814::capped_confirmation::microcap::missed_region::microcap_medium_top_20230302,limit_up_down_breadth_top,top,limit_up_down_breadth_v1_20120705_20260814,capped_confirmation,microcap,微盘股,missed_region,False,,,microcap_medium_top_20230302,2023-03-02,2023-02-13,2023-03-28,multi_lobe,4,,,False,False,,,,,,2012-07-05,2026-08-14,True,True,top_bottom_regions_v2,,,,
limit_up_down_breadth_top::top::limit_up_down_breadth_v1_20120705_20260814::capped_confirmation::microcap::missed_region::microcap_medium_top_20240105,limit_up_down_breadth_top,top,limit_up_down_breadth_v1_20120705_20260814,capped_confirmation,microcap,微盘股,missed_region,False,,,microcap_medium_top_20240105,2024-01-05,2024-01-02,2024-01-12,single_lobe,1,,,False,False,,,,,,2012-07-05,2026-08-14,True,True,top_bottom_regions_v2,,,,
limit_up_down_breadth_top::top::limit_up_down_breadth_v1_20120705_20260814::capped_confirmation::microcap::matched::limit_up_down_breadth_top::top::limit_up_down_breadth_v1_20120705_20260814::000040,limit_up_down_breadth_top,top,limit_up_down_breadth_v1_20120705_20260814,capped_confirmation,microcap,微盘股,matched,True,limit_up_down_breadth_top::top::limit_up_down_breadth_v1_20120705_20260814::000040,2024-03-06,microcap_medium_top_20240228,2024-02-28,2024-02-28,2024-02-28,single_lobe,1,,confirmation_window,False,False,confirmation,5,5,5,limit_up_down_breadth_top::top::limit_up_down_breadth_v1_20120705_20260814::000040,2012-07-05,2026-08-14,True,True,top_bottom_regions_v2,microcap_medium_top_20240228,confirmation,single_lobe,primary_match
limit_up_down_breadth_top::top::limit_up_down_breadth_v1_20120705_20260814::capped_confirmation::microcap::duplicate_alarm::limit_up_down_breadth_top::top::limit_up_down_breadth_v1_20120705_20260814::000041,limit_up_down_breadth_top,top,limit_up_down_breadth_v1_20120705_20260814,capped_confirmation,microcap,微盘股,duplicate_alarm,False,limit_up_down_breadth_top::top::limit_up_down_breadth_v1_20120705_20260814::000041,2024-03-15,microcap_medium_top_20240228,2024-02-28,2024-02-28,2024-02-28,single_lobe,1,,confirmation_window,False,False,confirmation,12,12,20,limit_up_down_breadth_top::top::limit_up_down_breadth_v1_20120705_20260814::000040,2012-07-05,2026-08-14,True,True,top_bottom_regions_v2,microcap_medium_top_20240228,confirmation,single_lobe,duplicate_candidate
limit_up_down_breadth_top::top::limit_up_down_breadth_v1_20120705_20260814::capped_confirmation::microcap::matched::limit_up_down_breadth_top::top::limit_up_down_breadth_v1_20120705_20260814::000042,limit_up_down_breadth_top,top,limit_up_down_breadth_v1_20120705_20260814,capped_confirmation,microcap,微盘股,matched,True,limit_up_down_breadth_top::top::limit_up_down_breadth_v1_20120705_20260814::000042,2024-03-27,microcap_medium_top_20240402,2024-04-02,2024-03-21,2024-04-08,multi_lobe,2,,envelope,False,True,prediction,-4,4,5,limit_up_down_breadth_top::top::limit_up_down_breadth_v1_20120705_20260814::000042,2012-07-05,2026-08-14,True,True,top_bottom_regions_v2,microcap_medium_top_20240402,prediction,multi_lobe,primary_match
limit_up_down_breadth_top::top::limit_up_down_breadth_v1_20120705_20260814::capped_confirmation::microcap::matched::limit_up_down_breadth_top::top::limit_up_down_breadth_v1_20120705_20260814::000043,limit_up_down_breadth_top,top,limit_up_down_breadth_v1_20120705_20260814,capped_confirmation,microcap,微盘股,matched,True,limit_up_down_breadth_top::top::limit_up_down_breadth_v1_20120705_20260814::000043,2024-05-10,microcap_medium_top_20240520,2024-05-20,2024-05-07,2024-05-23,multi_lobe,2,microcap_medium_top_20240520_lobe_01,core_lobe,True,True,prediction,-6,6,10,limit_up_down_breadth_top::top::limit_up_down_breadth_v1_20120705_20260814::000043,2012-07-05,2026-08-14,True,True,top_bottom_regions_v2,microcap_medium_top_20240520,prediction,multi_lobe,primary_match
limit_up_down_breadth_top::top::limit_up_down_breadth_v1_20120705_20260814::capped_confirmation::microcap::matched::limit_up_down_breadth_top::top::limit_up_down_breadth_v1_20120705_20260814::000044,limit_up_down_breadth_top,top,limit_up_down_breadth_v1_20120705_20260814,capped_confirmation,microcap,微盘股,matched,True,limit_up_down_breadth_top::top::limit_up_down_breadth_v1_20120705_20260814::000044,2024-10-16,microcap_medium_top_20241008,2024-10-08,2024-10-08,2024-10-08,single_lobe,1,,confirmation_window,False,False,confirmation,6,6,10,limit_up_down_breadth_top::top::limit_up_down_breadth_v1_20120705_20260814::000044,2012-07-05,2026-08-14,True,True,top_bottom_regions_v2,microcap_medium_top_20241008,confirmation,single_lobe,primary_match
limit_up_down_breadth_top::top::limit_up_down_breadth_v1_20120705_20260814::capped_confirmation::microcap::duplicate_alarm::limit_up_down_breadth_top::top::limit_up_down_breadth_v1_20120705_20260814::000045,limit_up_down_breadth_top,top,limit_up_down_breadth_v1_20120705_20260814,capped_confirmation,microcap,微盘股,duplicate_alarm,False,limit_up_down_breadth_top::top::limit_up_down_breadth_v1_20120705_20260814::000045,2024-11-05,microcap_medium_top_20241008,2024-10-08,2024-10-08,2024-10-08,single_lobe,1,,confirmation_window,False,False,confirmation,20,20,20,limit_up_down_breadth_top::top::limit_up_down_breadth_v1_20120705_20260814::000044,2012-07-05,2026-08-14,True,True,top_bottom_regions_v2,microcap_medium_top_20241008,confirmation,single_lobe,duplicate_candidate
limit_up_down_breadth_top::top::limit_up_down_breadth_v1_20120705_20260814::capped_confirmation::microcap::false_alarm::limit_up_down_breadth_top::top::limit_up_down_breadth_v1_20120705_20260814::000046,limit_up_down_breadth_top,top,limit_up_down_breadth_v1_20120705_20260814,capped_confirmation,microcap,微盘股,false_alarm,False,limit_up_down_breadth_top::top::limit_up_down_breadth_v1_20120705_20260814::000046,2024-11-13,,,,,,,,,False,False,,,,,,2012-07-05,2026-08-14,,,,microcap_medium_top_20241212,prediction,multi_lobe,nearest_region_for_slice_only
limit_up_down_breadth_top::top::limit_up_down_breadth_v1_20120705_20260814::capped_confirmation::microcap::matched::limit_up_down_breadth_top::top::limit_up_down_breadth_v1_20120705_20260814::000047,limit_up_down_breadth_top,top,limit_up_down_breadth_v1_20120705_20260814,capped_confirmation,microcap,微盘股,matched,True,limit_up_down_breadth_top::top::limit_up_down_breadth_v1_20120705_20260814::000047,2024-12-10,microcap_medium_top_20241212,2024-12-12,2024-12-10,2024-12-17,multi_lobe,2,microcap_medium_top_20241212_lobe_01,core_lobe,True,True,prediction,-2,2,5,limit_up_down_breadth_top::top::limit_up_down_breadth_v1_20120705_20260814::000047,2012-07-05,2026-08-14,True,True,top_bottom_regions_v2,microcap_medium_top_20241212,prediction,multi_lobe,primary_match
limit_up_down_breadth_top::top::limit_up_down_breadth_v1_20120705_20260814::capped_confirmation::microcap::matched::limit_up_down_breadth_top::top::limit_up_down_breadth_v1_20120705_20260814::000048,limit_up_down_breadth_top,top,limit_up_down_breadth_v1_20120705_20260814,capped_confirmation,microcap,微盘股,matched,True,limit_up_down_breadth_top::top::limit_up_down_breadth_v1_20120705_20260814::000048,2025-04-18,microcap_medium_top_20250320,2025-03-20,2025-03-17,2025-03-24,single_lobe,1,,confirmation_window,False,False,confirmation,20,20,20,limit_up_down_breadth_top::top::limit_up_down_breadth_v1_20120705_20260814::000048,2012-07-05,2026-08-14,True,True,top_bottom_regions_v2,microcap_medium_top_20250320,confirmation,single_lobe,primary_match
limit_up_down_breadth_top::top::limit_up_down_breadth_v1_20120705_20260814::capped_confirmation::microcap::matched::limit_up_down_breadth_top::top::limit_up_down_breadth_v1_20120705_20260814::000049,limit_up_down_breadth_top,top,limit_up_down_breadth_v1_20120705_20260814,capped_confirmation,microcap,微盘股,matched,True,limit_up_down_breadth_top::top::limit_up_down_breadth_v1_20120705_20260814::000049,2026-01-22,microcap_medium_top_20260225,2026-02-25,2026-02-10,2026-03-10,multi_lobe,3,,prediction_window,False,False,prediction,-18,18,20,limit_up_down_breadth_top::top::limit_up_down_breadth_v1_20120705_20260814::000049,2012-07-05,2026-08-14,True,True,top_bottom_regions_v2,microcap_medium_top_20260225,prediction,multi_lobe,primary_match
limit_up_down_breadth_top::top::limit_up_down_breadth_v1_20120705_20260814::capped_confirmation::microcap::matched::limit_up_down_breadth_top::top::limit_up_down_breadth_v1_20120705_20260814::000050,limit_up_down_breadth_top,top,limit_up_down_breadth_v1_20120705_20260814,capped_confirmation,microcap,微盘股,matched,True,limit_up_down_breadth_top::top::limit_up_down_breadth_v1_20120705_20260814::000050,2026-06-05,microcap_medium_top_20260512,2026-05-12,2026-05-07,2026-05-21,multi_lobe,2,,confirmation_window,False,False,confirmation,18,18,20,limit_up_down_breadth_top::top::limit_up_down_breadth_v1_20120705_20260814::000050,2012-07-05,2026-08-14,True,True,top_bottom_regions_v2,microcap_medium_top_20260512,confirmation,multi_lobe,primary_match
limit_up_down_breadth_top::top::limit_up_down_breadth_v1_20120705_20260814::capped_confirmation::microcap::false_alarm::limit_up_down_breadth_top::top::limit_up_down_breadth_v1_20120705_20260814::000051,limit_up_down_breadth_top,top,limit_up_down_breadth_v1_20120705_20260814,capped_confirmation,microcap,微盘股,false_alarm,False,limit_up_down_breadth_top::top::limit_up_down_breadth_v1_20120705_20260814::000051,2026-06-25,,,,,,,,,False,False,,,,,,2012-07-05,2026-08-14,,,,microcap_medium_top_20260512,confirmation,multi_lobe,nearest_region_for_slice_only
limit_up_down_breadth_top::top::limit_up_down_breadth_v1_20120705_20260814::capped_confirmation::microcap::false_alarm::limit_up_down_breadth_top::top::limit_up_down_breadth_v1_20120705_20260814::000052,limit_up_down_breadth_top,top,limit_up_down_breadth_v1_20120705_20260814,capped_confirmation,microcap,微盘股,false_alarm,False,limit_up_down_breadth_top::top::limit_up_down_breadth_v1_20120705_20260814::000052,2026-08-13,,,,,,,,,False,False,,,,,,2012-07-05,2026-08-14,,,,microcap_medium_top_20260512,confirmation,multi_lobe,nearest_region_for_slice_only
limit_up_down_breadth_top::top::limit_up_down_breadth_v1_20120705_20260814::capped_confirmation::sse_composite::false_alarm::limit_up_down_breadth_top::top::limit_up_down_breadth_v1_20120705_20260814::000001,limit_up_down_breadth_top,top,limit_up_down_breadth_v1_20120705_20260814,capped_confirmation,sse_composite,上证指数,false_alarm,False,limit_up_down_breadth_top::top::limit_up_down_breadth_v1_20120705_20260814::000001,2012-09-13,,,,,,,,,False,False,,,,,,2012-07-05,2026-08-14,,,,sse_composite_medium_top_20130218,prediction,single_lobe,nearest_region_for_slice_only
limit_up_down_breadth_top::top::limit_up_down_breadth_v1_20120705_20260814::capped_confirmation::sse_composite::false_alarm::limit_up_down_breadth_top::top::limit_up_down_breadth_v1_20120705_20260814::000002,limit_up_down_breadth_top,top,limit_up_down_breadth_v1_20120705_20260814,capped_confirmation,sse_composite,上证指数,false_alarm,False,limit_up_down_breadth_top::top::limit_up_down_breadth_v1_20120705_20260814::000002,2012-12-18,,,,,,,,,False,False,,,,,,2012-07-05,2026-08-14,,,,sse_composite_medium_top_20130218,prediction,single_lobe,nearest_region_for_slice_only
limit_up_down_breadth_top::top::limit_up_down_breadth_v1_20120705_20260814::capped_confirmation::sse_composite::duplicate_alarm::limit_up_down_breadth_top::top::limit_up_down_breadth_v1_20120705_20260814::000003,limit_up_down_breadth_top,top,limit_up_down_breadth_v1_20120705_20260814,capped_confirmation,sse_composite,上证指数,duplicate_alarm,False,limit_up_down_breadth_top::top::limit_up_down_breadth_v1_20120705_20260814::000003,2013-01-22,sse_composite_medium_top_20130218,2013-02-18,2013-02-01,2013-02-19,single_lobe,1,,prediction_window,False,False,prediction,-14,14,20,limit_up_down_breadth_top::top::limit_up_down_breadth_v1_20120705_20260814::000004,2012-07-05,2026-08-14,True,True,top_bottom_regions_v2,sse_composite_medium_top_20130218,prediction,single_lobe,duplicate_candidate
limit_up_down_breadth_top::top::limit_up_down_breadth_v1_20120705_20260814::capped_confirmation::sse_composite::matched::limit_up_down_breadth_top::top::limit_up_down_breadth_v1_20120705_20260814::000004,limit_up_down_breadth_top,top,limit_up_down_breadth_v1_20120705_20260814,capped_confirmation,sse_composite,上证指数,matched,True,limit_up_down_breadth_top::top::limit_up_down_breadth_v1_20120705_20260814::000004,2013-01-24,sse_composite_medium_top_20130218,2013-02-18,2013-02-01,2013-02-19,single_lobe,1,,prediction_window,False,False,prediction,-12,12,20,limit_up_down_breadth_top::top::limit_up_down_breadth_v1_20120705_20260814::000004,2012-07-05,2026-08-14,True,True,top_bottom_regions_v2,sse_composite_medium_top_20130218,prediction,single_lobe,primary_match
limit_up_down_breadth_top::top::limit_up_down_breadth_v1_20120705_20260814::capped_confirmation::sse_composite::matched::limit_up_down_breadth_top::top::limit_up_down_breadth_v1_20120705_20260814::000005,limit_up_down_breadth_top,top,limit_up_down_breadth_v1_20120705_20260814,capped_confirmation,sse_composite,上证指数,matched,True,limit_up_down_breadth_top::top::limit_up_down_breadth_v1_20120705_20260814::000005,2013-05-17,sse_composite_medium_top_20130529,2013-05-29,2013-05-20,2013-06-04,multi_lobe,2,,prediction_window,False,False,prediction,-8,8,10,limit_up_down_breadth_top::top::limit_up_down_breadth_v1_20120705_20260814::000005,2012-07-05,2026-08-14,True,True,top_bottom_regions_v2,sse_composite_medium_top_20130529,prediction,multi_lobe,primary_match
limit_up_down_breadth_top::top::limit_up_down_breadth_v1_20120705_20260814::capped_confirmation::sse_composite::false_alarm::limit_up_down_breadth_top::top::limit_up_down_breadth_v1_20120705_20260814::000006,limit_up_down_breadth_top,top,limit_up_down_breadth_v1_20120705_20260814,capped_confirmation,sse_composite,上证指数,false_alarm,False,limit_up_down_breadth_top::top::limit_up_down_breadth_v1_20120705_20260814::000006,2013-07-04,,,,,,,,,False,False,,,,,,2012-07-05,2026-08-14,,,,sse_composite_medium_top_20130529,confirmation,multi_lobe,nearest_region_for_slice_only
limit_up_down_breadth_top::top::limit_up_down_breadth_v1_20120705_20260814::capped_confirmation::sse_composite::false_alarm::limit_up_down_breadth_top::top::limit_up_down_breadth_v1_20120705_20260814::000007,limit_up_down_breadth_top,top,limit_up_down_breadth_v1_20120705_20260814,capped_confirmation,sse_composite,上证指数,false_alarm,False,limit_up_down_breadth_top::top::limit_up_down_breadth_v1_20120705_20260814::000007,2013-07-18,,,,,,,,,False,False,,,,,,2012-07-05,2026-08-14,,,,sse_composite_medium_top_20130529,confirmation,multi_lobe,nearest_region_for_slice_only
limit_up_down_breadth_top::top::limit_up_down_breadth_v1_20120705_20260814::capped_confirmation::sse_composite::false_alarm::limit_up_down_breadth_top::top::limit_up_down_breadth_v1_20120705_20260814::000008,limit_up_down_breadth_top,top,limit_up_down_breadth_v1_20120705_20260814,capped_confirmation,sse_composite,上证指数,false_alarm,False,limit_up_down_breadth_top::top::limit_up_down_breadth_v1_20120705_20260814::000008,2013-08-01,,,,,,,,,False,False,,,,,,2012-07-05,2026-08-14,,,,sse_composite_medium_top_20130912,prediction,single_lobe,nearest_region_for_slice_only
limit_up_down_breadth_top::top::limit_up_down_breadth_v1_20120705_20260814::capped_confirmation::sse_composite::matched::limit_up_down_breadth_top::top::limit_up_down_breadth_v1_20120705_20260814::000009,limit_up_down_breadth_top,top,limit_up_down_breadth_v1_20120705_20260814,capped_confirmation,sse_composite,上证指数,matched,True,limit_up_down_breadth_top::top::limit_up_down_breadth_v1_20120705_20260814::000009,2013-09-17,sse_composite_medium_top_20130912,2013-09-12,2013-09-10,2013-09-16,single_lobe,1,,confirmation_window,False,False,confirmation,3,3,5,limit_up_down_breadth_top::top::limit_up_down_breadth_v1_20120705_20260814::000009,2012-07-05,2026-08-14,True,True,top_bottom_regions_v2,sse_composite_medium_top_20130912,confirmation,single_lobe,primary_match
limit_up_down_breadth_top::top::limit_up_down_breadth_v1_20120705_20260814::capped_confirmation::sse_composite::duplicate_alarm::limit_up_down_breadth_top::top::limit_up_down_breadth_v1_20120705_20260814::000010,limit_up_down_breadth_top,top,limit_up_down_breadth_v1_20120705_20260814,capped_confirmation,sse_composite,上证指数,duplicate_alarm,False,limit_up_down_breadth_top::top::limit_up_down_breadth_v1_20120705_20260814::000010,2013-10-08,sse_composite_medium_top_20130912,2013-09-12,2013-09-10,2013-09-16,single_lobe,1,,confirmation_window,False,False,confirmation,11,11,20,limit_up_down_breadth_top::top::limit_up_down_breadth_v1_20120705_20260814::000009,2012-07-05,2026-08-14,True,True,top_bottom_regions_v2,sse_composite_medium_top_20130912,confirmation,single_lobe,duplicate_candidate
limit_up_down_breadth_top::top::limit_up_down_breadth_v1_20120705_20260814::capped_confirmation::sse_composite::missed_region::sse_composite_medium_top_20131204,limit_up_down_breadth_top,top,limit_up_down_breadth_v1_20120705_20260814,capped_confirmation,sse_composite,上证指数,missed_region,False,,,sse_composite_medium_top_20131204,2013-12-04,2013-11-28,2013-12-11,single_lobe,1,,,False,False,,,,,,2012-07-05,2026-08-14,True,True,top_bottom_regions_v2,,,,
limit_up_down_breadth_top::top::limit_up_down_breadth_v1_20120705_20260814::capped_confirmation::sse_composite::matched::limit_up_down_breadth_top::top::limit_up_down_breadth_v1_20120705_20260814::000011,limit_up_down_breadth_top,top,limit_up_down_breadth_v1_20120705_20260814,capped_confirmation,sse_composite,上证指数,matched,True,limit_up_down_breadth_top::top::limit_up_down_breadth_v1_20120705_20260814::000011,2014-02-20,sse_composite_medium_top_20140220,2014-02-20,2014-02-19,2014-02-20,single_lobe,1,sse_composite_medium_top_20140220_lobe_01,core_lobe,True,True,prediction,0,0,5,limit_up_down_breadth_top::top::limit_up_down_breadth_v1_20120705_20260814::000011,2012-07-05,2026-08-14,True,True,top_bottom_regions_v2,sse_composite_medium_top_20140220,prediction,single_lobe,primary_match
limit_up_down_breadth_top::top::limit_up_down_breadth_v1_20120705_20260814::capped_confirmation::sse_composite::matched::limit_up_down_breadth_top::top::limit_up_down_breadth_v1_20120705_20260814::000012,limit_up_down_breadth_top,top,limit_up_down_breadth_v1_20120705_20260814,capped_confirmation,sse_composite,上证指数,matched,True,limit_up_down_breadth_top::top::limit_up_down_breadth_v1_20120705_20260814::000012,2014-12-19,sse_composite_medium_top_20141209,2014-12-09,2014-12-09,2014-12-09,single_lobe,1,,confirmation_window,False,False,confirmation,8,8,10,limit_up_down_breadth_top::top::limit_up_down_breadth_v1_20120705_20260814::000012,2012-07-05,2026-08-14,True,True,top_bottom_regions_v2,sse_composite_medium_top_20141209,confirmation,single_lobe,primary_match
limit_up_down_breadth_top::top::limit_up_down_breadth_v1_20120705_20260814::capped_confirmation::sse_composite::missed_region::sse_composite_medium_top_20150109,limit_up_down_breadth_top,top,limit_up_down_breadth_v1_20120705_20260814,capped_confirmation,sse_composite,上证指数,missed_region,False,,,sse_composite_medium_top_20150109,2015-01-09,2015-01-05,2015-01-09,single_lobe,1,,,False,False,,,,,,2012-07-05,2026-08-14,True,True,top_bottom_regions_v2,,,,
limit_up_down_breadth_top::top::limit_up_down_breadth_v1_20120705_20260814::capped_confirmation::sse_composite::missed_region::sse_composite_medium_top_20150123,limit_up_down_breadth_top,top,limit_up_down_breadth_v1_20120705_20260814,capped_confirmation,sse_composite,上证指数,missed_region,False,,,sse_composite_medium_top_20150123,2015-01-23,2015-01-22,2015-01-28,single_lobe,1,,,False,False,,,,,,2012-07-05,2026-08-14,True,True,top_bottom_regions_v2,,,,
limit_up_down_breadth_top::top::limit_up_down_breadth_v1_20120705_20260814::capped_confirmation::sse_composite::false_alarm::limit_up_down_breadth_top::top::limit_up_down_breadth_v1_20120705_20260814::000013,limit_up_down_breadth_top,top,limit_up_down_breadth_v1_20120705_20260814,capped_confirmation,sse_composite,上证指数,false_alarm,False,limit_up_down_breadth_top::top::limit_up_down_breadth_v1_20120705_20260814::000013,2015-03-09,,,,,,,,,False,False,,,,,,2012-07-05,2026-08-14,,,,sse_composite_medium_top_20150123,confirmation,single_lobe,nearest_region_for_slice_only
limit_up_down_breadth_top::top::limit_up_down_breadth_v1_20120705_20260814::capped_confirmation::sse_composite::duplicate_alarm::limit_up_down_breadth_top::top::limit_up_down_breadth_v1_20120705_20260814::000014,limit_up_down_breadth_top,top,limit_up_down_breadth_v1_20120705_20260814,capped_confirmation,sse_composite,上证指数,duplicate_alarm,False,limit_up_down_breadth_top::top::limit_up_down_breadth_v1_20120705_20260814::000014,2015-03-31,sse_composite_medium_top_20150428,2015-04-28,2015-04-27,2015-04-30,single_lobe,1,,prediction_window,False,False,prediction,-19,19,20,limit_up_down_breadth_top::top::limit_up_down_breadth_v1_20120705_20260814::000015,2012-07-05,2026-08-14,True,True,top_bottom_regions_v2,sse_composite_medium_top_20150428,prediction,single_lobe,duplicate_candidate
limit_up_down_breadth_top::top::limit_up_down_breadth_v1_20120705_20260814::capped_confirmation::sse_composite::matched::limit_up_down_breadth_top::top::limit_up_down_breadth_v1_20120705_20260814::000015,limit_up_down_breadth_top,top,limit_up_down_breadth_v1_20120705_20260814,capped_confirmation,sse_composite,上证指数,matched,True,limit_up_down_breadth_top::top::limit_up_down_breadth_v1_20120705_20260814::000015,2015-04-21,sse_composite_medium_top_20150428,2015-04-28,2015-04-27,2015-04-30,single_lobe,1,,prediction_window,False,False,prediction,-5,5,5,limit_up_down_breadth_top::top::limit_up_down_breadth_v1_20120705_20260814::000015,2012-07-05,2026-08-14,True,True,top_bottom_regions_v2,sse_composite_medium_top_20150428,prediction,single_lobe,primary_match
limit_up_down_breadth_top::top::limit_up_down_breadth_v1_20120705_20260814::capped_confirmation::sse_composite::missed_region::sse_composite_medium_top_20150528,limit_up_down_breadth_top,top,limit_up_down_breadth_v1_20120705_20260814,capped_confirmation,sse_composite,上证指数,missed_region,False,,,sse_composite_medium_top_20150528,2015-05-28,2015-05-26,2015-05-28,single_lobe,1,,,False,False,,,,,,2012-07-05,2026-08-14,True,True,top_bottom_regions_v2,,,,
limit_up_down_breadth_top::top::limit_up_down_breadth_v1_20120705_20260814::capped_confirmation::sse_composite::matched::limit_up_down_breadth_top::top::limit_up_down_breadth_v1_20120705_20260814::000016,limit_up_down_breadth_top,top,limit_up_down_breadth_v1_20120705_20260814,capped_confirmation,sse_composite,上证指数,matched,True,limit_up_down_breadth_top::top::limit_up_down_breadth_v1_20120705_20260814::000016,2015-06-10,sse_composite_medium_top_20150612,2015-06-12,2015-06-08,2015-06-15,single_lobe,1,sse_composite_medium_top_20150612_lobe_01,core_lobe,True,True,prediction,-2,2,5,limit_up_down_breadth_top::top::limit_up_down_breadth_v1_20120705_20260814::000016,2012-07-05,2026-08-14,True,True,top_bottom_regions_v2,sse_composite_medium_top_20150612,prediction,single_lobe,primary_match
limit_up_down_breadth_top::top::limit_up_down_breadth_v1_20120705_20260814::capped_confirmation::sse_composite::missed_region::sse_composite_medium_top_20150625,limit_up_down_breadth_top,top,limit_up_down_breadth_v1_20120705_20260814,capped_confirmation,sse_composite,上证指数,missed_region,False,,,sse_composite_medium_top_20150625,2015-06-25,2015-06-25,2015-06-25,single_lobe,1,,,False,False,,,,,,2012-07-05,2026-08-14,True,True,top_bottom_regions_v2,,,,
limit_up_down_breadth_top::top::limit_up_down_breadth_v1_20120705_20260814::capped_confirmation::sse_composite::missed_region::sse_composite_medium_top_20150701,limit_up_down_breadth_top,top,limit_up_down_breadth_v1_20120705_20260814,capped_confirmation,sse_composite,上证指数,missed_region,False,,,sse_composite_medium_top_20150701,2015-07-01,2015-07-01,2015-07-01,single_lobe,1,,,False,False,,,,,,2012-07-05,2026-08-14,True,True,top_bottom_regions_v2,,,,
limit_up_down_breadth_top::top::limit_up_down_breadth_v1_20120705_20260814::capped_confirmation::sse_composite::missed_region::sse_composite_medium_top_20150706,limit_up_down_breadth_top,top,limit_up_down_breadth_v1_20120705_20260814,capped_confirmation,sse_composite,上证指数,missed_region,False,,,sse_composite_medium_top_20150706,2015-07-06,2015-07-06,2015-07-06,single_lobe,1,,,False,False,,,,,,2012-07-05,2026-08-14,True,True,top_bottom_regions_v2,,,,
limit_up_down_breadth_top::top::limit_up_down_breadth_v1_20120705_20260814::capped_confirmation::sse_composite::missed_region::sse_composite_medium_top_20150714,limit_up_down_breadth_top,top,limit_up_down_breadth_v1_20120705_20260814,capped_confirmation,sse_composite,上证指数,missed_region,False,,,sse_composite_medium_top_20150714,2015-07-14,2015-07-13,2015-07-14,single_lobe,1,,,False,False,,,,,,2012-07-05,2026-08-14,True,True,top_bottom_regions_v2,,,,
limit_up_down_breadth_top::top::limit_up_down_breadth_v1_20120705_20260814::capped_confirmation::sse_composite::matched::limit_up_down_breadth_top::top::limit_up_down_breadth_v1_20120705_20260814::000017,limit_up_down_breadth_top,top,limit_up_down_breadth_v1_20120705_20260814,capped_confirmation,sse_composite,上证指数,matched,True,limit_up_down_breadth_top::top::limit_up_down_breadth_v1_20120705_20260814::000017,2015-07-27,sse_composite_medium_top_20150724,2015-07-24,2015-07-23,2015-07-24,single_lobe,1,,confirmation_window,False,False,confirmation,1,1,5,limit_up_down_breadth_top::top::limit_up_down_breadth_v1_20120705_20260814::000017,2012-07-05,2026-08-14,True,True,top_bottom_regions_v2,sse_composite_medium_top_20150724,confirmation,single_lobe,primary_match
limit_up_down_breadth_top::top::limit_up_down_breadth_v1_20120705_20260814::capped_confirmation::sse_composite::matched::limit_up_down_breadth_top::top::limit_up_down_breadth_v1_20120705_20260814::000018,limit_up_down_breadth_top,top,limit_up_down_breadth_v1_20120705_20260814,capped_confirmation,sse_composite,上证指数,matched,True,limit_up_down_breadth_top::top::limit_up_down_breadth_v1_20120705_20260814::000018,2015-08-12,sse_composite_medium_top_20150818,2015-08-18,2015-08-10,2015-08-18,multi_lobe,2,,envelope,False,True,prediction,-4,4,5,limit_up_down_breadth_top::top::limit_up_down_breadth_v1_20120705_20260814::000018,2012-07-05,2026-08-14,True,True,top_bottom_regions_v2,sse_composite_medium_top_20150818,prediction,multi_lobe,primary_match
limit_up_down_breadth_top::top::limit_up_down_breadth_v1_20120705_20260814::capped_confirmation::sse_composite::missed_region::sse_composite_medium_top_20150909,limit_up_down_breadth_top,top,limit_up_down_breadth_v1_20120705_20260814,capped_confirmation,sse_composite,上证指数,missed_region,False,,,sse_composite_medium_top_20150909,2015-09-09,2015-09-07,2015-09-11,multi_lobe,2,,,False,False,,,,,,2012-07-05,2026-08-14,True,True,top_bottom_regions_v2,,,,
limit_up_down_breadth_top::top::limit_up_down_breadth_v1_20120705_20260814::capped_confirmation::sse_composite::missed_region::sse_composite_medium_top_20151117,limit_up_down_breadth_top,top,limit_up_down_breadth_v1_20120705_20260814,capped_confirmation,sse_composite,上证指数,missed_region,False,,,sse_composite_medium_top_20151117,2015-11-17,2015-11-09,2015-11-23,multi_lobe,3,,,False,False,,,,,,2012-07-05,2026-08-14,True,True,top_bottom_regions_v2,,,,
limit_up_down_breadth_top::top::limit_up_down_breadth_v1_20120705_20260814::capped_confirmation::sse_composite::missed_region::sse_composite_medium_top_20151223,limit_up_down_breadth_top,top,limit_up_down_breadth_v1_20120705_20260814,capped_confirmation,sse_composite,上证指数,missed_region,False,,,sse_composite_medium_top_20151223,2015-12-23,2015-12-21,2015-12-28,single_lobe,1,,,False,False,,,,,,2012-07-05,2026-08-14,True,True,top_bottom_regions_v2,,,,
limit_up_down_breadth_top::top::limit_up_down_breadth_v1_20120705_20260814::capped_confirmation::sse_composite::missed_region::sse_composite_medium_top_20160222,limit_up_down_breadth_top,top,limit_up_down_breadth_v1_20120705_20260814,capped_confirmation,sse_composite,上证指数,missed_region,False,,,sse_composite_medium_top_20160222,2016-02-22,2016-02-18,2016-02-24,multi_lobe,2,,,False,False,,,,,,2012-07-05,2026-08-14,True,True,top_bottom_regions_v2,,,,
limit_up_down_breadth_top::top::limit_up_down_breadth_v1_20120705_20260814::capped_confirmation::sse_composite::missed_region::sse_composite_medium_top_20160413,limit_up_down_breadth_top,top,limit_up_down_breadth_v1_20120705_20260814,capped_confirmation,sse_composite,上证指数,missed_region,False,,,sse_composite_medium_top_20160413,2016-04-13,2016-04-05,2016-04-20,multi_lobe,3,,,False,False,,,,,,2012-07-05,2026-08-14,True,True,top_bottom_regions_v2,,,,
limit_up_down_breadth_top::top::limit_up_down_breadth_v1_20120705_20260814::capped_confirmation::sse_composite::missed_region::sse_composite_medium_top_20161129,limit_up_down_breadth_top,top,limit_up_down_breadth_v1_20120705_20260814,capped_confirmation,sse_composite,上证指数,missed_region,False,,,sse_composite_medium_top_20161129,2016-11-29,2016-11-22,2016-12-02,single_lobe,1,,,False,False,,,,,,2012-07-05,2026-08-14,True,True,top_bottom_regions_v2,,,,
limit_up_down_breadth_top::top::limit_up_down_breadth_v1_20120705_20260814::capped_confirmation::sse_composite::missed_region::sse_composite_medium_top_20180129,limit_up_down_breadth_top,top,limit_up_down_breadth_v1_20120705_20260814,capped_confirmation,sse_composite,上证指数,missed_region,False,,,sse_composite_medium_top_20180129,2018-01-29,2018-01-23,2018-01-29,single_lobe,1,,,False,False,,,,,,2012-07-05,2026-08-14,True,True,top_bottom_regions_v2,,,,
limit_up_down_breadth_top::top::limit_up_down_breadth_v1_20120705_20260814::capped_confirmation::sse_composite::missed_region::sse_composite_medium_top_20180226,limit_up_down_breadth_top,top,limit_up_down_breadth_v1_20120705_20260814,capped_confirmation,sse_composite,上证指数,missed_region,False,,,sse_composite_medium_top_20180226,2018-02-26,2018-02-23,2018-03-22,multi_lobe,3,,,False,False,,,,,,2012-07-05,2026-08-14,True,True,top_bottom_regions_v2,,,,
limit_up_down_breadth_top::top::limit_up_down_breadth_v1_20120705_20260814::capped_confirmation::sse_composite::false_alarm::limit_up_down_breadth_top::top::limit_up_down_breadth_v1_20120705_20260814::000019,limit_up_down_breadth_top,top,limit_up_down_breadth_v1_20120705_20260814,capped_confirmation,sse_composite,上证指数,false_alarm,False,limit_up_down_breadth_top::top::limit_up_down_breadth_v1_20120705_20260814::000019,2018-04-04,,,,,,,,,False,False,,,,,,2012-07-05,2026-08-14,,,,sse_composite_medium_top_20180226,confirmation,multi_lobe,nearest_region_for_slice_only
limit_up_down_breadth_top::top::limit_up_down_breadth_v1_20120705_20260814::capped_confirmation::sse_composite::false_alarm::limit_up_down_breadth_top::top::limit_up_down_breadth_v1_20120705_20260814::000020,limit_up_down_breadth_top,top,limit_up_down_breadth_v1_20120705_20260814,capped_confirmation,sse_composite,上证指数,false_alarm,False,limit_up_down_breadth_top::top::limit_up_down_breadth_v1_20120705_20260814::000020,2018-04-17,,,,,,,,,False,False,,,,,,2012-07-05,2026-08-14,,,,sse_composite_medium_top_20180226,confirmation,multi_lobe,nearest_region_for_slice_only
limit_up_down_breadth_top::top::limit_up_down_breadth_v1_20120705_20260814::capped_confirmation::sse_composite::false_alarm::limit_up_down_breadth_top::top::limit_up_down_breadth_v1_20120705_20260814::000021,limit_up_down_breadth_top,top,limit_up_down_breadth_v1_20120705_20260814,capped_confirmation,sse_composite,上证指数,false_alarm,False,limit_up_down_breadth_top::top::limit_up_down_breadth_v1_20120705_20260814::000021,2018-05-04,,,,,,,,,False,False,,,,,,2012-07-05,2026-08-14,,,,sse_composite_medium_top_20180226,confirmation,multi_lobe,nearest_region_for_slice_only
limit_up_down_breadth_top::top::limit_up_down_breadth_v1_20120705_20260814::capped_confirmation::sse_composite::false_alarm::limit_up_down_breadth_top::top::limit_up_down_breadth_v1_20120705_20260814::000022,limit_up_down_breadth_top,top,limit_up_down_breadth_v1_20120705_20260814,capped_confirmation,sse_composite,上证指数,false_alarm,False,limit_up_down_breadth_top::top::limit_up_down_breadth_v1_20120705_20260814::000022,2018-05-16,,,,,,,,,False,False,,,,,,2012-07-05,2026-08-14,,,,sse_composite_medium_top_20180726,prediction,single_lobe,nearest_region_for_slice_only
limit_up_down_breadth_top::top::limit_up_down_breadth_v1_20120705_20260814::capped_confirmation::sse_composite::missed_region::sse_composite_medium_top_20180726,limit_up_down_breadth_top,top,limit_up_down_breadth_v1_20120705_20260814,capped_confirmation,sse_composite,上证指数,missed_region,False,,,sse_composite_medium_top_20180726,2018-07-26,2018-07-24,2018-08-01,single_lobe,1,,,False,False,,,,,,2012-07-05,2026-08-14,True,True,top_bottom_regions_v2,,,,
limit_up_down_breadth_top::top::limit_up_down_breadth_v1_20120705_20260814::capped_confirmation::sse_composite::duplicate_alarm::limit_up_down_breadth_top::top::limit_up_down_breadth_v1_20120705_20260814::000023,limit_up_down_breadth_top,top,limit_up_down_breadth_v1_20120705_20260814,capped_confirmation,sse_composite,上证指数,duplicate_alarm,False,limit_up_down_breadth_top::top::limit_up_down_breadth_v1_20120705_20260814::000023,2018-11-12,sse_composite_medium_top_20181119,2018-11-19,2018-11-05,2018-12-05,multi_lobe,4,,envelope,False,False,prediction,-5,5,5,limit_up_down_breadth_top::top::limit_up_down_breadth_v1_20120705_20260814::000024,2012-07-05,2026-08-14,True,True,top_bottom_regions_v2,sse_composite_medium_top_20181119,prediction,multi_lobe,duplicate_candidate
limit_up_down_breadth_top::top::limit_up_down_breadth_v1_20120705_20260814::capped_confirmation::sse_composite::matched::limit_up_down_breadth_top::top::limit_up_down_breadth_v1_20120705_20260814::000024,limit_up_down_breadth_top,top,limit_up_down_breadth_v1_20120705_20260814,capped_confirmation,sse_composite,上证指数,matched,True,limit_up_down_breadth_top::top::limit_up_down_breadth_v1_20120705_20260814::000024,2018-11-22,sse_composite_medium_top_20181119,2018-11-19,2018-11-05,2018-12-05,multi_lobe,4,,envelope,False,True,confirmation,3,3,5,limit_up_down_breadth_top::top::limit_up_down_breadth_v1_20120705_20260814::000024,2012-07-05,2026-08-14,True,True,top_bottom_regions_v2,sse_composite_medium_top_20181119,confirmation,multi_lobe,primary_match
limit_up_down_breadth_top::top::limit_up_down_breadth_v1_20120705_20260814::capped_confirmation::sse_composite::false_alarm::limit_up_down_breadth_top::top::limit_up_down_breadth_v1_20120705_20260814::000025,limit_up_down_breadth_top,top,limit_up_down_breadth_v1_20120705_20260814,capped_confirmation,sse_composite,上证指数,false_alarm,False,limit_up_down_breadth_top::top::limit_up_down_breadth_v1_20120705_20260814::000025,2019-01-14,,,,,,,,,False,False,,,,,,2012-07-05,2026-08-14,,,,sse_composite_medium_top_20181119,confirmation,multi_lobe,nearest_region_for_slice_only
limit_up_down_breadth_top::top::limit_up_down_breadth_v1_20120705_20260814::capped_confirmation::sse_composite::false_alarm::limit_up_down_breadth_top::top::limit_up_down_breadth_v1_20120705_20260814::000026,limit_up_down_breadth_top,top,limit_up_down_breadth_v1_20120705_20260814,capped_confirmation,sse_composite,上证指数,false_alarm,False,limit_up_down_breadth_top::top::limit_up_down_breadth_v1_20120705_20260814::000026,2019-03-04,,,,,,,,,False,False,,,,,,2012-07-05,2026-08-14,,,,sse_composite_medium_top_20190408,prediction,multi_lobe,nearest_region_for_slice_only
limit_up_down_breadth_top::top::limit_up_down_breadth_v1_20120705_20260814::capped_confirmation::sse_composite::duplicate_alarm::limit_up_down_breadth_top::top::limit_up_down_breadth_v1_20120705_20260814::000027,limit_up_down_breadth_top,top,limit_up_down_breadth_v1_20120705_20260814,capped_confirmation,sse_composite,上证指数,duplicate_alarm,False,limit_up_down_breadth_top::top::limit_up_down_breadth_v1_20120705_20260814::000027,2019-04-01,sse_composite_medium_top_20190408,2019-04-08,2019-04-04,2019-04-22,multi_lobe,2,,prediction_window,False,False,prediction,-4,4,5,limit_up_down_breadth_top::top::limit_up_down_breadth_v1_20120705_20260814::000028,2012-07-05,2026-08-14,True,True,top_bottom_regions_v2,sse_composite_medium_top_20190408,prediction,multi_lobe,duplicate_candidate
limit_up_down_breadth_top::top::limit_up_down_breadth_v1_20120705_20260814::capped_confirmation::sse_composite::matched::limit_up_down_breadth_top::top::limit_up_down_breadth_v1_20120705_20260814::000028,limit_up_down_breadth_top,top,limit_up_down_breadth_v1_20120705_20260814,capped_confirmation,sse_composite,上证指数,matched,True,limit_up_down_breadth_top::top::limit_up_down_breadth_v1_20120705_20260814::000028,2019-04-10,sse_composite_medium_top_20190408,2019-04-08,2019-04-04,2019-04-22,multi_lobe,2,sse_composite_medium_top_20190408_lobe_01,core_lobe,True,True,confirmation,2,2,5,limit_up_down_breadth_top::top::limit_up_down_breadth_v1_20120705_20260814::000028,2012-07-05,2026-08-14,True,True,top_bottom_regions_v2,sse_composite_medium_top_20190408,confirmation,multi_lobe,primary_match
limit_up_down_breadth_top::top::limit_up_down_breadth_v1_20120705_20260814::capped_confirmation::sse_composite::duplicate_alarm::limit_up_down_breadth_top::top::limit_up_down_breadth_v1_20120705_20260814::000029,limit_up_down_breadth_top,top,limit_up_down_breadth_v1_20120705_20260814,capped_confirmation,sse_composite,上证指数,duplicate_alarm,False,limit_up_down_breadth_top::top::limit_up_down_breadth_v1_20120705_20260814::000029,2019-04-25,sse_composite_medium_top_20190408,2019-04-08,2019-04-04,2019-04-22,multi_lobe,2,,confirmation_window,False,False,confirmation,13,13,20,limit_up_down_breadth_top::top::limit_up_down_breadth_v1_20120705_20260814::000028,2012-07-05,2026-08-14,True,True,top_bottom_regions_v2,sse_composite_medium_top_20190408,confirmation,multi_lobe,duplicate_candidate
limit_up_down_breadth_top::top::limit_up_down_breadth_v1_20120705_20260814::capped_confirmation::sse_composite::missed_region::sse_composite_medium_top_20190702,limit_up_down_breadth_top,top,limit_up_down_breadth_v1_20120705_20260814,capped_confirmation,sse_composite,上证指数,missed_region,False,,,sse_composite_medium_top_20190702,2019-07-02,2019-06-21,2019-07-05,multi_lobe,3,,,False,False,,,,,,2012-07-05,2026-08-14,True,True,top_bottom_regions_v2,,,,
limit_up_down_breadth_top::top::limit_up_down_breadth_v1_20120705_20260814::capped_confirmation::sse_composite::missed_region::sse_composite_medium_top_20200114,limit_up_down_breadth_top,top,limit_up_down_breadth_v1_20120705_20260814,capped_confirmation,sse_composite,上证指数,missed_region,False,,,sse_composite_medium_top_20200114,2020-01-14,2020-01-02,2020-01-20,single_lobe,1,,,False,False,,,,,,2012-07-05,2026-08-14,True,True,top_bottom_regions_v2,,,,
limit_up_down_breadth_top::top::limit_up_down_breadth_v1_20120705_20260814::capped_confirmation::sse_composite::missed_region::sse_composite_medium_top_20200305,limit_up_down_breadth_top,top,limit_up_down_breadth_v1_20120705_20260814,capped_confirmation,sse_composite,上证指数,missed_region,False,,,sse_composite_medium_top_20200305,2020-03-05,2020-02-20,2020-03-06,multi_lobe,4,,,False,False,,,,,,2012-07-05,2026-08-14,True,True,top_bottom_regions_v2,,,,
limit_up_down_breadth_top::top::limit_up_down_breadth_v1_20120705_20260814::capped_confirmation::sse_composite::false_alarm::limit_up_down_breadth_top::top::limit_up_down_breadth_v1_20120705_20260814::000030,limit_up_down_breadth_top,top,limit_up_down_breadth_v1_20120705_20260814,capped_confirmation,sse_composite,上证指数,false_alarm,False,limit_up_down_breadth_top::top::limit_up_down_breadth_v1_20120705_20260814::000030,2020-04-15,,,,,,,,,False,False,,,,,,2012-07-05,2026-08-14,,,,sse_composite_medium_top_20200305,confirmation,multi_lobe,nearest_region_for_slice_only
limit_up_down_breadth_top::top::limit_up_down_breadth_v1_20120705_20260814::capped_confirmation::sse_composite::matched::limit_up_down_breadth_top::top::limit_up_down_breadth_v1_20120705_20260814::000031,limit_up_down_breadth_top,top,limit_up_down_breadth_v1_20120705_20260814,capped_confirmation,sse_composite,上证指数,matched,True,limit_up_down_breadth_top::top::limit_up_down_breadth_v1_20120705_20260814::000031,2020-07-15,sse_composite_medium_top_20200713,2020-07-13,2020-07-07,2020-07-15,single_lobe,1,sse_composite_medium_top_20200713_lobe_01,core_lobe,True,True,confirmation,2,2,5,limit_up_down_breadth_top::top::limit_up_down_breadth_v1_20120705_20260814::000031,2012-07-05,2026-08-14,True,True,top_bottom_regions_v2,sse_composite_medium_top_20200713,confirmation,single_lobe,primary_match
limit_up_down_breadth_top::top::limit_up_down_breadth_v1_20120705_20260814::capped_confirmation::sse_composite::false_alarm::limit_up_down_breadth_top::top::limit_up_down_breadth_v1_20120705_20260814::000032,limit_up_down_breadth_top,top,limit_up_down_breadth_v1_20120705_20260814,capped_confirmation,sse_composite,上证指数,false_alarm,False,limit_up_down_breadth_top::top::limit_up_down_breadth_v1_20120705_20260814::000032,2020-08-11,,,,,,,,,False,False,,,,,,2012-07-05,2026-08-14,,,,sse_composite_medium_top_20200713,confirmation,single_lobe,nearest_region_for_slice_only
limit_up_down_breadth_top::top::limit_up_down_breadth_v1_20120705_20260814::capped_confirmation::sse_composite::missed_region::sse_composite_medium_top_20210218,limit_up_down_breadth_top,top,limit_up_down_breadth_v1_20120705_20260814,capped_confirmation,sse_composite,上证指数,missed_region,False,,,sse_composite_medium_top_20210218,2021-02-18,2021-02-18,2021-02-23,single_lobe,1,,,False,False,,,,,,2012-07-05,2026-08-14,True,True,top_bottom_regions_v2,,,,
limit_up_down_breadth_top::top::limit_up_down_breadth_v1_20120705_20260814::capped_confirmation::sse_composite::missed_region::sse_composite_medium_top_20210602,limit_up_down_breadth_top,top,limit_up_down_breadth_v1_20120705_20260814,capped_confirmation,sse_composite,上证指数,missed_region,False,,,sse_composite_medium_top_20210602,2021-06-02,2021-05-25,2021-06-30,multi_lobe,3,,,False,False,,,,,,2012-07-05,2026-08-14,True,True,top_bottom_regions_v2,,,,
limit_up_down_breadth_top::top::limit_up_down_breadth_v1_20120705_20260814::capped_confirmation::sse_composite::matched::limit_up_down_breadth_top::top::limit_up_down_breadth_v1_20120705_20260814::000033,limit_up_down_breadth_top,top,limit_up_down_breadth_v1_20120705_20260814,capped_confirmation,sse_composite,上证指数,matched,True,limit_up_down_breadth_top::top::limit_up_down_breadth_v1_20120705_20260814::000033,2021-08-31,sse_composite_medium_top_20210914,2021-09-14,2021-09-07,2021-09-23,multi_lobe,2,,prediction_window,False,False,prediction,-10,10,10,limit_up_down_breadth_top::top::limit_up_down_breadth_v1_20120705_20260814::000033,2012-07-05,2026-08-14,True,True,top_bottom_regions_v2,sse_composite_medium_top_20210914,prediction,multi_lobe,primary_match
limit_up_down_breadth_top::top::limit_up_down_breadth_v1_20120705_20260814::capped_confirmation::sse_composite::false_alarm::limit_up_down_breadth_top::top::limit_up_down_breadth_v1_20120705_20260814::000034,limit_up_down_breadth_top,top,limit_up_down_breadth_v1_20120705_20260814,capped_confirmation,sse_composite,上证指数,false_alarm,False,limit_up_down_breadth_top::top::limit_up_down_breadth_v1_20120705_20260814::000034,2021-11-12,,,,,,,,,False,False,,,,,,2012-07-05,2026-08-14,,,,sse_composite_medium_top_20210914,confirmation,multi_lobe,nearest_region_for_slice_only
limit_up_down_breadth_top::top::limit_up_down_breadth_v1_20120705_20260814::capped_confirmation::sse_composite::false_alarm::limit_up_down_breadth_top::top::limit_up_down_breadth_v1_20120705_20260814::000035,limit_up_down_breadth_top,top,limit_up_down_breadth_v1_20120705_20260814,capped_confirmation,sse_composite,上证指数,false_alarm,False,limit_up_down_breadth_top::top::limit_up_down_breadth_v1_20120705_20260814::000035,2021-11-22,,,,,,,,,False,False,,,,,,2012-07-05,2026-08-14,,,,sse_composite_medium_top_20210914,confirmation,multi_lobe,nearest_region_for_slice_only
limit_up_down_breadth_top::top::limit_up_down_breadth_v1_20120705_20260814::capped_confirmation::sse_composite::false_alarm::limit_up_down_breadth_top::top::limit_up_down_breadth_v1_20120705_20260814::000036,limit_up_down_breadth_top,top,limit_up_down_breadth_v1_20120705_20260814,capped_confirmation,sse_composite,上证指数,false_alarm,False,limit_up_down_breadth_top::top::limit_up_down_breadth_v1_20120705_20260814::000036,2021-11-25,,,,,,,,,False,False,,,,,,2012-07-05,2026-08-14,,,,sse_composite_medium_top_20210914,confirmation,multi_lobe,nearest_region_for_slice_only
limit_up_down_breadth_top::top::limit_up_down_breadth_v1_20120705_20260814::capped_confirmation::sse_composite::false_alarm::limit_up_down_breadth_top::top::limit_up_down_breadth_v1_20120705_20260814::000037,limit_up_down_breadth_top,top,limit_up_down_breadth_v1_20120705_20260814,capped_confirmation,sse_composite,上证指数,false_alarm,False,limit_up_down_breadth_top::top::limit_up_down_breadth_v1_20120705_20260814::000037,2022-02-17,,,,,,,,,False,False,,,,,,2012-07-05,2026-08-14,,,,sse_composite_medium_top_20220407,prediction,multi_lobe,nearest_region_for_slice_only
limit_up_down_breadth_top::top::limit_up_down_breadth_v1_20120705_20260814::capped_confirmation::sse_composite::missed_region::sse_composite_medium_top_20220407,limit_up_down_breadth_top,top,limit_up_down_breadth_v1_20120705_20260814,capped_confirmation,sse_composite,上证指数,missed_region,False,,,sse_composite_medium_top_20220407,2022-04-07,2022-03-30,2022-04-14,multi_lobe,2,,,False,False,,,,,,2012-07-05,2026-08-14,True,True,top_bottom_regions_v2,,,,
limit_up_down_breadth_top::top::limit_up_down_breadth_v1_20120705_20260814::capped_confirmation::sse_composite::false_alarm::limit_up_down_breadth_top::top::limit_up_down_breadth_v1_20120705_20260814::000038,limit_up_down_breadth_top,top,limit_up_down_breadth_v1_20120705_20260814,capped_confirmation,sse_composite,上证指数,false_alarm,False,limit_up_down_breadth_top::top::limit_up_down_breadth_v1_20120705_20260814::000038,2022-05-13,,,,,,,,,False,False,,,,,,2012-07-05,2026-08-14,,,,sse_composite_medium_top_20220407,confirmation,multi_lobe,nearest_region_for_slice_only
limit_up_down_breadth_top::top::limit_up_down_breadth_v1_20120705_20260814::capped_confirmation::sse_composite::false_alarm::limit_up_down_breadth_top::top::limit_up_down_breadth_v1_20120705_20260814::000039,limit_up_down_breadth_top,top,limit_up_down_breadth_v1_20120705_20260814,capped_confirmation,sse_composite,上证指数,false_alarm,False,limit_up_down_breadth_top::top::limit_up_down_breadth_v1_20120705_20260814::000039,2022-05-17,,,,,,,,,False,False,,,,,,2012-07-05,2026-08-14,,,,sse_composite_medium_top_20220407,confirmation,multi_lobe,nearest_region_for_slice_only
limit_up_down_breadth_top::top::limit_up_down_breadth_v1_20120705_20260814::capped_confirmation::sse_composite::missed_region::sse_composite_medium_top_20220705,limit_up_down_breadth_top,top,limit_up_down_breadth_v1_20120705_20260814,capped_confirmation,sse_composite,上证指数,missed_region,False,,,sse_composite_medium_top_20220705,2022-07-05,2022-06-27,2022-07-08,single_lobe,1,,,False,False,,,,,,2012-07-05,2026-08-14,True,True,top_bottom_regions_v2,,,,
limit_up_down_breadth_top::top::limit_up_down_breadth_v1_20120705_20260814::capped_confirmation::sse_composite::missed_region::sse_composite_medium_top_20230509,limit_up_down_breadth_top,top,limit_up_down_breadth_v1_20120705_20260814,capped_confirmation,sse_composite,上证指数,missed_region,False,,,sse_composite_medium_top_20230509,2023-05-09,2023-04-17,2023-05-09,multi_lobe,2,,,False,False,,,,,,2012-07-05,2026-08-14,True,True,top_bottom_regions_v2,,,,
limit_up_down_breadth_top::top::limit_up_down_breadth_v1_20120705_20260814::capped_confirmation::sse_composite::false_alarm::limit_up_down_breadth_top::top::limit_up_down_breadth_v1_20120705_20260814::000040,limit_up_down_breadth_top,top,limit_up_down_breadth_v1_20120705_20260814,capped_confirmation,sse_composite,上证指数,false_alarm,False,limit_up_down_breadth_top::top::limit_up_down_breadth_v1_20120705_20260814::000040,2024-03-06,,,,,,,,,False,False,,,,,,2012-07-05,2026-08-14,,,,sse_composite_medium_top_20240520,prediction,single_lobe,nearest_region_for_slice_only
limit_up_down_breadth_top::top::limit_up_down_breadth_v1_20120705_20260814::capped_confirmation::sse_composite::false_alarm::limit_up_down_breadth_top::top::limit_up_down_breadth_v1_20120705_20260814::000041,limit_up_down_breadth_top,top,limit_up_down_breadth_v1_20120705_20260814,capped_confirmation,sse_composite,上证指数,false_alarm,False,limit_up_down_breadth_top::top::limit_up_down_breadth_v1_20120705_20260814::000041,2024-03-15,,,,,,,,,False,False,,,,,,2012-07-05,2026-08-14,,,,sse_composite_medium_top_20240520,prediction,single_lobe,nearest_region_for_slice_only
limit_up_down_breadth_top::top::limit_up_down_breadth_v1_20120705_20260814::capped_confirmation::sse_composite::false_alarm::limit_up_down_breadth_top::top::limit_up_down_breadth_v1_20120705_20260814::000042,limit_up_down_breadth_top,top,limit_up_down_breadth_v1_20120705_20260814,capped_confirmation,sse_composite,上证指数,false_alarm,False,limit_up_down_breadth_top::top::limit_up_down_breadth_v1_20120705_20260814::000042,2024-03-27,,,,,,,,,False,False,,,,,,2012-07-05,2026-08-14,,,,sse_composite_medium_top_20240520,prediction,single_lobe,nearest_region_for_slice_only
limit_up_down_breadth_top::top::limit_up_down_breadth_v1_20120705_20260814::capped_confirmation::sse_composite::matched::limit_up_down_breadth_top::top::limit_up_down_breadth_v1_20120705_20260814::000043,limit_up_down_breadth_top,top,limit_up_down_breadth_v1_20120705_20260814,capped_confirmation,sse_composite,上证指数,matched,True,limit_up_down_breadth_top::top::limit_up_down_breadth_v1_20120705_20260814::000043,2024-05-10,sse_composite_medium_top_20240520,2024-05-20,2024-05-06,2024-05-29,single_lobe,1,sse_composite_medium_top_20240520_lobe_01,core_lobe,True,True,prediction,-6,6,10,limit_up_down_breadth_top::top::limit_up_down_breadth_v1_20120705_20260814::000043,2012-07-05,2026-08-14,True,True,top_bottom_regions_v2,sse_composite_medium_top_20240520,prediction,single_lobe,primary_match
limit_up_down_breadth_top::top::limit_up_down_breadth_v1_20120705_20260814::capped_confirmation::sse_composite::matched::limit_up_down_breadth_top::top::limit_up_down_breadth_v1_20120705_20260814::000044,limit_up_down_breadth_top,top,limit_up_down_breadth_v1_20120705_20260814,capped_confirmation,sse_composite,上证指数,matched,True,limit_up_down_breadth_top::top::limit_up_down_breadth_v1_20120705_20260814::000044,2024-10-16,sse_composite_medium_top_20241008,2024-10-08,2024-10-08,2024-10-08,single_lobe,1,,confirmation_window,False,False,confirmation,6,6,10,limit_up_down_breadth_top::top::limit_up_down_breadth_v1_20120705_20260814::000044,2012-07-05,2026-08-14,True,True,top_bottom_regions_v2,sse_composite_medium_top_20241008,confirmation,single_lobe,primary_match
limit_up_down_breadth_top::top::limit_up_down_breadth_v1_20120705_20260814::capped_confirmation::sse_composite::matched::limit_up_down_breadth_top::top::limit_up_down_breadth_v1_20120705_20260814::000045,limit_up_down_breadth_top,top,limit_up_down_breadth_v1_20120705_20260814,capped_confirmation,sse_composite,上证指数,matched,True,limit_up_down_breadth_top::top::limit_up_down_breadth_v1_20120705_20260814::000045,2024-11-05,sse_composite_medium_top_20241108,2024-11-08,2024-11-07,2024-11-12,single_lobe,1,,prediction_window,False,False,prediction,-3,3,5,limit_up_down_breadth_top::top::limit_up_down_breadth_v1_20120705_20260814::000045,2012-07-05,2026-08-14,True,True,top_bottom_regions_v2,sse_composite_medium_top_20241108,prediction,single_lobe,primary_match
limit_up_down_breadth_top::top::limit_up_down_breadth_v1_20120705_20260814::capped_confirmation::sse_composite::duplicate_alarm::limit_up_down_breadth_top::top::limit_up_down_breadth_v1_20120705_20260814::000046,limit_up_down_breadth_top,top,limit_up_down_breadth_v1_20120705_20260814,capped_confirmation,sse_composite,上证指数,duplicate_alarm,False,limit_up_down_breadth_top::top::limit_up_down_breadth_v1_20120705_20260814::000046,2024-11-13,sse_composite_medium_top_20241108,2024-11-08,2024-11-07,2024-11-12,single_lobe,1,,confirmation_window,False,False,confirmation,3,3,5,limit_up_down_breadth_top::top::limit_up_down_breadth_v1_20120705_20260814::000045,2012-07-05,2026-08-14,True,True,top_bottom_regions_v2,sse_composite_medium_top_20241108,confirmation,single_lobe,duplicate_candidate
limit_up_down_breadth_top::top::limit_up_down_breadth_v1_20120705_20260814::capped_confirmation::sse_composite::matched::limit_up_down_breadth_top::top::limit_up_down_breadth_v1_20120705_20260814::000047,limit_up_down_breadth_top,top,limit_up_down_breadth_v1_20120705_20260814,capped_confirmation,sse_composite,上证指数,matched,True,limit_up_down_breadth_top::top::limit_up_down_breadth_v1_20120705_20260814::000047,2024-12-10,sse_composite_medium_top_20241210,2024-12-10,2024-12-10,2024-12-13,multi_lobe,2,sse_composite_medium_top_20241210_lobe_01,core_lobe,True,True,prediction,0,0,5,limit_up_down_breadth_top::top::limit_up_down_breadth_v1_20120705_20260814::000047,2012-07-05,2026-08-14,True,True,top_bottom_regions_v2,sse_composite_medium_top_20241210,prediction,multi_lobe,primary_match
limit_up_down_breadth_top::top::limit_up_down_breadth_v1_20120705_20260814::capped_confirmation::sse_composite::missed_region::sse_composite_medium_top_20250319,limit_up_down_breadth_top,top,limit_up_down_breadth_v1_20120705_20260814,capped_confirmation,sse_composite,上证指数,missed_region,False,,,sse_composite_medium_top_20250319,2025-03-19,2025-02-24,2025-03-27,multi_lobe,6,,,False,False,,,,,,2012-07-05,2026-08-14,True,True,top_bottom_regions_v2,,,,
limit_up_down_breadth_top::top::limit_up_down_breadth_v1_20120705_20260814::capped_confirmation::sse_composite::false_alarm::limit_up_down_breadth_top::top::limit_up_down_breadth_v1_20120705_20260814::000048,limit_up_down_breadth_top,top,limit_up_down_breadth_v1_20120705_20260814,capped_confirmation,sse_composite,上证指数,false_alarm,False,limit_up_down_breadth_top::top::limit_up_down_breadth_v1_20120705_20260814::000048,2025-04-18,,,,,,,,,False,False,,,,,,2012-07-05,2026-08-14,,,,sse_composite_medium_top_20250319,confirmation,multi_lobe,nearest_region_for_slice_only
limit_up_down_breadth_top::top::limit_up_down_breadth_v1_20120705_20260814::capped_confirmation::sse_composite::false_alarm::limit_up_down_breadth_top::top::limit_up_down_breadth_v1_20120705_20260814::000049,limit_up_down_breadth_top,top,limit_up_down_breadth_v1_20120705_20260814,capped_confirmation,sse_composite,上证指数,false_alarm,False,limit_up_down_breadth_top::top::limit_up_down_breadth_v1_20120705_20260814::000049,2026-01-22,,,,,,,,,False,False,,,,,,2012-07-05,2026-08-14,,,,sse_composite_medium_top_20260303,prediction,multi_lobe,nearest_region_for_slice_only
limit_up_down_breadth_top::top::limit_up_down_breadth_v1_20120705_20260814::capped_confirmation::sse_composite::missed_region::sse_composite_medium_top_20260303,limit_up_down_breadth_top,top,limit_up_down_breadth_v1_20120705_20260814,capped_confirmation,sse_composite,上证指数,missed_region,False,,,sse_composite_medium_top_20260303,2026-03-03,2026-01-26,2026-03-12,multi_lobe,4,,,False,False,,,,,,2012-07-05,2026-08-14,True,True,top_bottom_regions_v2,,,,
limit_up_down_breadth_top::top::limit_up_down_breadth_v1_20120705_20260814::capped_confirmation::sse_composite::matched::limit_up_down_breadth_top::top::limit_up_down_breadth_v1_20120705_20260814::000050,limit_up_down_breadth_top,top,limit_up_down_breadth_v1_20120705_20260814,capped_confirmation,sse_composite,上证指数,matched,True,limit_up_down_breadth_top::top::limit_up_down_breadth_v1_20120705_20260814::000050,2026-06-05,sse_composite_medium_top_20260514,2026-05-14,2026-05-11,2026-05-21,multi_lobe,2,,confirmation_window,False,False,confirmation,16,16,20,limit_up_down_breadth_top::top::limit_up_down_breadth_v1_20120705_20260814::000050,2012-07-05,2026-08-14,True,True,top_bottom_regions_v2,sse_composite_medium_top_20260514,confirmation,multi_lobe,primary_match
limit_up_down_breadth_top::top::limit_up_down_breadth_v1_20120705_20260814::capped_confirmation::sse_composite::false_alarm::limit_up_down_breadth_top::top::limit_up_down_breadth_v1_20120705_20260814::000051,limit_up_down_breadth_top,top,limit_up_down_breadth_v1_20120705_20260814,capped_confirmation,sse_composite,上证指数,false_alarm,False,limit_up_down_breadth_top::top::limit_up_down_breadth_v1_20120705_20260814::000051,2026-06-25,,,,,,,,,False,False,,,,,,2012-07-05,2026-08-14,,,,sse_composite_medium_top_20260514,confirmation,multi_lobe,nearest_region_for_slice_only
limit_up_down_breadth_top::top::limit_up_down_breadth_v1_20120705_20260814::capped_confirmation::sse_composite::false_alarm::limit_up_down_breadth_top::top::limit_up_down_breadth_v1_20120705_20260814::000052,limit_up_down_breadth_top,top,limit_up_down_breadth_v1_20120705_20260814,capped_confirmation,sse_composite,上证指数,false_alarm,False,limit_up_down_breadth_top::top::limit_up_down_breadth_v1_20120705_20260814::000052,2026-08-13,,,,,,,,,False,False,,,,,,2012-07-05,2026-08-14,,,,sse_composite_medium_top_20260514,confirmation,multi_lobe,nearest_region_for_slice_only
