signal_id,direction,version,event_kind,index_id,index_name,horizon,outcome_name,event_count,event_mean,event_median,event_q25,event_q75,baseline_count,baseline_mean,mean_difference,hac_lag,hac_standard_error,ci95_lower,ci95_upper,hac_p_value,local_fdr_q_value,global_fdr_q_value,inference_eligible
ml_today_elastic_net,bottom,all_a_ml_today_walk_forward_v1,capped_confirmation,all_a,全A,5,max_down,27,-0.027817320719846775,-0.02433249704193763,-0.03811382178504674,-0.0074934635240569425,1816,-0.019735747703292006,-0.008081573016554777,5,0.005402987115345237,-0.01867142776263144,0.0025082817295218884,0.134716159803741,0.3976754560195453,0.911846844378185,True
ml_today_elastic_net,bottom,all_a_ml_today_walk_forward_v1,capped_confirmation,all_a,全A,5,max_up,27,0.026290173890257347,0.020335038322697008,0.006145976332379788,0.03721512977707542,1816,0.018517101442708014,0.007773072447549342,5,0.0049855373514390375,-0.001998580761271171,0.017544725656369855,0.1189669625823318,0.3976754560195453,0.911846844378185,True
ml_today_elastic_net,bottom,all_a_ml_today_walk_forward_v1,capped_confirmation,all_a,全A,5,terminal_return,27,0.006566871624666581,-0.0013929991053273083,-0.014787768248061495,0.02774242776706437,1816,0.0018264639068238575,0.00474040771784272,5,0.007373993269602154,-0.0097126190905775,0.01919343452626294,0.5203182549267565,0.6070379640812159,0.9991778503372458,True
ml_today_elastic_net,bottom,all_a_ml_today_walk_forward_v1,capped_confirmation,all_a,全A,10,max_down,27,-0.03845611019732527,-0.02844802464241425,-0.05260386519271293,-0.009449698530367312,1811,-0.028655485425945093,-0.009800624771380176,10,0.008914431984376707,-0.027272911460758522,0.00767166191799817,0.2715888256518374,0.49405049053225186,0.9436037090053088,True
ml_today_elastic_net,bottom,all_a_ml_today_walk_forward_v1,capped_confirmation,all_a,全A,10,max_up,27,0.039915805661535374,0.04144737433305545,0.01502084081713484,0.059231479381042784,1811,0.02762741738510408,0.0122883882764313,10,0.006205896840624256,0.00012483046880775936,0.02445194608405484,0.04769062877922234,0.38281122328393563,0.911846844378185,True
ml_today_elastic_net,bottom,all_a_ml_today_walk_forward_v1,capped_confirmation,all_a,全A,10,terminal_return,27,0.010792943541053892,0.017327180954031407,-0.01877677661814936,0.050777978261373646,1811,0.0035359960572090504,0.0072569474838448484,10,0.011235311037481863,-0.014764262149619602,0.0292781571173093,0.5183406560234344,0.6070379640812159,0.9991778503372458,True
ml_today_elastic_net,bottom,all_a_ml_today_walk_forward_v1,capped_confirmation,all_a,全A,20,max_down,27,-0.04796190205892083,-0.03571921185678473,-0.07018026050373377,-0.013621707164232222,1801,-0.04116907582413283,-0.006792826234787998,20,0.009995936045269447,-0.02638486088351611,0.012799208413940116,0.4967838687633363,0.6070379640812159,0.9991778503372458,True
ml_today_elastic_net,bottom,all_a_ml_today_walk_forward_v1,capped_confirmation,all_a,全A,20,max_up,27,0.055246069781676795,0.05696152958130041,0.02999346634590494,0.07350900384859049,1801,0.04158595343543311,0.013660116346243667,20,0.008596730312869994,-0.00318947506698152,0.030509707759468853,0.11206270695572557,0.3976754560195453,0.911846844378185,True
ml_today_elastic_net,bottom,all_a_ml_today_walk_forward_v1,capped_confirmation,all_a,全A,20,terminal_return,27,0.019297586890259594,0.02364393632526096,-0.027533068557403395,0.06141534912561386,1801,0.0068276859569116385,0.012469900933347955,20,0.012927680937607967,-0.012868353704363662,0.03780815557105957,0.33475062956684837,0.5407510169926012,0.9991778503372458,True
ml_today_elastic_net,bottom,all_a_ml_today_walk_forward_v1,capped_confirmation,cni2000,国证2000,5,max_down,27,-0.03767607029635539,-0.033221718670506384,-0.057739291177692775,-0.008138483301543487,1816,-0.025091584977721078,-0.012584485318634302,5,0.0075825470039522684,-0.02744627744638075,0.0022773068091121434,0.09698193195708915,0.38281122328393563,0.911846844378185,True
ml_today_elastic_net,bottom,all_a_ml_today_walk_forward_v1,capped_confirmation,cni2000,国证2000,5,max_up,27,0.03295295966465864,0.023915614237070226,0.01405162687012762,0.047291057657386504,1816,0.02272707278567829,0.01022588687898034,5,0.0061110711465728555,-0.0017518125683024573,0.02220358632626314,0.09426079798565687,0.38281122328393563,0.911846844378185,True
ml_today_elastic_net,bottom,all_a_ml_today_walk_forward_v1,capped_confirmation,cni2000,国证2000,5,terminal_return,27,0.006431687607374949,-0.0024095274894037066,-0.020958660332936252,0.03900210413901872,1816,0.0025035857981497885,0.003928101809225158,5,0.00987642358601221,-0.01542968841935877,0.023285892037809088,0.6908328146697902,0.6992477530452885,0.9991778503372458,True
ml_today_elastic_net,bottom,all_a_ml_today_walk_forward_v1,capped_confirmation,cni2000,国证2000,10,max_down,27,-0.05431300427538759,-0.0439783565663977,-0.07113881015442336,-0.0085490058191095,1811,-0.03686846477295534,-0.01744453950243224,10,0.013176734453519166,-0.04327093903132981,0.008381860026465324,0.18553976821457596,0.3976754560195453,0.911846844378185,True
ml_today_elastic_net,bottom,all_a_ml_today_walk_forward_v1,capped_confirmation,cni2000,国证2000,10,max_up,27,0.05346924117541721,0.05544729892305478,0.023570911766300662,0.07521798849645167,1811,0.034193509922362045,0.019275731253055164,10,0.007959966717130174,0.0036741964874800245,0.0348772660186303,0.015453012010216859,0.29400617032098286,0.911846844378185,True
ml_today_elastic_net,bottom,all_a_ml_today_walk_forward_v1,capped_confirmation,cni2000,国证2000,10,terminal_return,27,0.01754441697231824,0.050186170212765946,-0.02127145656596313,0.061999762811966064,1811,0.0046733504217495595,0.01287106655056868,10,0.016353719344347907,-0.019182223364353213,0.044924356465490575,0.4312571881539432,0.6070379640812159,0.9991778503372458,True
ml_today_elastic_net,bottom,all_a_ml_today_walk_forward_v1,capped_confirmation,cni2000,国证2000,20,max_down,27,-0.06548900477442889,-0.0439783565663977,-0.0780329825877486,-0.008746353171306454,1801,-0.05391005921158706,-0.011578945562841841,20,0.01602580401643546,-0.04298952143505534,0.019831630309371656,0.46997553749238524,0.6070379640812159,0.9991778503372458,True
ml_today_elastic_net,bottom,all_a_ml_today_walk_forward_v1,capped_confirmation,cni2000,国证2000,20,max_up,27,0.07844708107505578,0.08034209994684716,0.04674615325848275,0.10269565860484786,1801,0.0510778682170497,0.02736921285800608,20,0.010954767557057208,0.0058978684461739525,0.04884055726983821,0.012476106742015502,0.29400617032098286,0.911846844378185,True
ml_today_elastic_net,bottom,all_a_ml_today_walk_forward_v1,capped_confirmation,cni2000,国证2000,20,terminal_return,27,0.03752603752592448,0.04845351206787418,0.0019654781921913944,0.09378525876143051,1801,0.008911341558606841,0.02861469596731764,20,0.01725363296794795,-0.00520242464986034,0.06243181658449562,0.09722189797687254,0.38281122328393563,0.911846844378185,True
ml_today_elastic_net,bottom,all_a_ml_today_walk_forward_v1,capped_confirmation,csi1000,中证1000,5,max_down,27,-0.03695800864901711,-0.031195945467308084,-0.054929757180287586,-0.007292712074540075,1816,-0.024730853172410465,-0.012227155476606633,5,0.007256536086116473,-0.02644996620539492,0.0019956552521816547,0.09199143844905715,0.38281122328393563,0.911846844378185,True
ml_today_elastic_net,bottom,all_a_ml_today_walk_forward_v1,capped_confirmation,csi1000,中证1000,5,max_up,27,0.03112940978745824,0.022925263640531934,0.009857720749452237,0.04618721315388907,1816,0.022551519689208852,0.008577890098249396,5,0.005893124488343786,-0.0029726338989044237,0.020128414095403217,0.14550988875750562,0.3976754560195453,0.911846844378185,True
ml_today_elastic_net,bottom,all_a_ml_today_walk_forward_v1,capped_confirmation,csi1000,中证1000,5,terminal_return,27,0.005872632530326183,-0.004769105651364458,-0.017351272475164325,0.038538774661693975,1816,0.0020889989567270677,0.003783633573599101,5,0.009433462271677543,-0.014705952478888885,0.022273219626087085,0.6883565015883678,0.6992477530452885,0.9991778503372458,True
ml_today_elastic_net,bottom,all_a_ml_today_walk_forward_v1,capped_confirmation,csi1000,中证1000,10,max_down,27,-0.05269515942208199,-0.043168136237053734,-0.06591272336422205,-0.009331258197648962,1811,-0.036315419597666404,-0.01637973982441558,10,0.012600928165051003,-0.041077559027915544,0.008318079379084388,0.1936408679435389,0.3976754560195453,0.911846844378185,True
ml_today_elastic_net,bottom,all_a_ml_today_walk_forward_v1,capped_confirmation,csi1000,中证1000,10,max_up,27,0.05159242692282567,0.049418435156425966,0.025655613814290823,0.07040006806616861,1811,0.033619933930519166,0.017972492992306494,10,0.00769453346647108,0.0028912073980231785,0.03305377858658981,0.019504366759931974,0.29400617032098286,0.911846844378185,True
ml_today_elastic_net,bottom,all_a_ml_today_walk_forward_v1,capped_confirmation,csi1000,中证1000,10,terminal_return,27,0.015710938131137442,0.03895895252630743,-0.02230771039001711,0.06125885128001485,1811,0.00387485523061702,0.01183608290052043,10,0.015504935840023798,-0.018553591345926213,0.04222575714696707,0.44523968877669695,0.6070379640812159,0.9991778503372458,True
ml_today_elastic_net,bottom,all_a_ml_today_walk_forward_v1,capped_confirmation,csi1000,中证1000,20,max_down,27,-0.0637996541097897,-0.043168136237053734,-0.07770746875028045,-0.011398332659650234,1801,-0.052855349983588665,-0.01094430412620105,20,0.015119217547759722,-0.0405779705198101,0.018689362267408006,0.4691473312831455,0.6070379640812159,0.9991778503372458,True
ml_today_elastic_net,bottom,all_a_ml_today_walk_forward_v1,capped_confirmation,csi1000,中证1000,20,max_up,27,0.0759484218558017,0.07768568798403752,0.04176107879092683,0.10047287563623064,1801,0.05022002201979822,0.025728399836003488,20,0.01071928533727374,0.004718600574946958,0.04673819909706002,0.016386236593611686,0.29400617032098286,0.911846844378185,True
ml_today_elastic_net,bottom,all_a_ml_today_walk_forward_v1,capped_confirmation,csi1000,中证1000,20,terminal_return,27,0.032157003131312076,0.05031730486896224,-0.012560588738310952,0.08506255064483514,1801,0.007408069193119892,0.024748933938192157,20,0.016599913187448464,-0.00778689590920683,0.05728476378559114,0.1359857999293889,0.3976754560195453,0.911846844378185,True
ml_today_elastic_net,bottom,all_a_ml_today_walk_forward_v1,capped_confirmation,csi300,沪深300,5,max_down,27,-0.022895385360222866,-0.018396913986231778,-0.03075241503047882,-0.003320738990690464,1816,-0.0180493953860698,-0.004845989974153064,5,0.004434386726162153,-0.013537387957430884,0.0038454080091247563,0.27447249474013996,0.49405049053225186,0.9436037090053088,True
ml_today_elastic_net,bottom,all_a_ml_today_walk_forward_v1,capped_confirmation,csi300,沪深300,5,max_up,27,0.0247654196726489,0.018360354947918767,0.005629335640898181,0.03311092419931061,1816,0.018194606741683734,0.006570812930965171,5,0.0046815853229420275,-0.002605094302001203,0.015746720163931544,0.16045455734447361,0.3976754560195453,0.911846844378185,True
ml_today_elastic_net,bottom,all_a_ml_today_walk_forward_v1,capped_confirmation,csi300,沪深300,5,terminal_return,27,0.006635299367136986,0.006571296995287579,-0.013821465662035182,0.026816062542496688,1816,0.0014910911728654931,0.005144208194271495,5,0.006312125908680939,-0.007227558586743145,0.017515974975286133,0.41508812745009316,0.6070379640812159,0.9991778503372458,True
ml_today_elastic_net,bottom,all_a_ml_today_walk_forward_v1,capped_confirmation,csi300,沪深300,10,max_down,27,-0.031187229129630165,-0.028929274308064135,-0.04619608129411157,-0.007402663180978986,1811,-0.0259491308177415,-0.005238098311888663,10,0.006229935599421129,-0.017448772086754077,0.00697257546297675,0.40046282382479526,0.6070379640812159,0.9991778503372458,True
ml_today_elastic_net,bottom,all_a_ml_today_walk_forward_v1,capped_confirmation,csi300,沪深300,10,max_up,27,0.036228557241686644,0.040668244420339894,0.007731968918133769,0.0522760904250128,1811,0.027269496299504013,0.008959060942182625,10,0.006266878067763698,-0.003324020070634223,0.021242141954999474,0.1528349690163025,0.3976754560195453,0.911846844378185,True
ml_today_elastic_net,bottom,all_a_ml_today_walk_forward_v1,capped_confirmation,csi300,沪深300,10,terminal_return,27,0.008622203405673413,0.013048950122540814,-0.023379984013694066,0.04115335452615709,1811,0.0029264961642776247,0.005695707241395787,10,0.008432417677256328,-0.010831831406026619,0.022223245888818192,0.49938759393630144,0.6070379640812159,0.9991778503372458,True
ml_today_elastic_net,bottom,all_a_ml_today_walk_forward_v1,capped_confirmation,csi300,沪深300,20,max_down,27,-0.04027964722605991,-0.0315292833031493,-0.06309477732182128,-0.01075766631216718,1801,-0.03670801568487707,-0.003571631541182842,20,0.007144194932325609,-0.017574253608541035,0.010430990526175351,0.6171209996884975,0.6820811049188658,0.9991778503372458,True
ml_today_elastic_net,bottom,all_a_ml_today_walk_forward_v1,capped_confirmation,csi300,沪深300,20,max_up,27,0.04663059565665786,0.04292076671440004,0.017617229738333573,0.07002323006087874,1801,0.041267365748176486,0.0053632299084813845,20,0.008069096323456836,-0.010452198885494014,0.021178658702456783,0.506266053237701,0.6070379640812159,0.9991778503372458,True
ml_today_elastic_net,bottom,all_a_ml_today_walk_forward_v1,capped_confirmation,csi300,沪深300,20,terminal_return,27,0.010436819953575047,0.005206646570837803,-0.034202286439180996,0.047425807343070336,1801,0.005730353198597367,0.0047064667549776675,20,0.011233596465937735,-0.017311382318260293,0.026724315828215627,0.6752428168955453,0.6992477530452885,0.9991778503372458,True
ml_today_elastic_net,bottom,all_a_ml_today_walk_forward_v1,capped_confirmation,csi500,中证500,5,max_down,27,-0.031891938873919445,-0.027771347414785597,-0.04641661508679662,-0.007921051769569587,1816,-0.021498735827800677,-0.010393203046118769,5,0.005976452689013006,-0.022107050316584262,0.0013206442243467228,0.08203029468609163,0.38281122328393563,0.911846844378185,True
ml_today_elastic_net,bottom,all_a_ml_today_walk_forward_v1,capped_confirmation,csi500,中证500,5,max_up,27,0.029684547691867583,0.023012657568948436,0.00993726313901655,0.04843452299526174,1816,0.020901187906669144,0.008783359785198435,5,0.005232164644745775,-0.001471682918503284,0.019038402488900152,0.09320586776224712,0.38281122328393563,0.911846844378185,True
ml_today_elastic_net,bottom,all_a_ml_today_walk_forward_v1,capped_confirmation,csi500,中证500,5,terminal_return,27,0.0062296889581856816,-0.002890449018304042,-0.017510495082239175,0.02777789590006441,1816,0.002219104416672572,0.0040105845415131,5,0.00795663274892607,-0.011584415646381997,0.0196055847294082,0.6142223728777876,0.6820811049188658,0.9991778503372458,True
ml_today_elastic_net,bottom,all_a_ml_today_walk_forward_v1,capped_confirmation,csi500,中证500,10,max_down,27,-0.044214279618944134,-0.0358444201234861,-0.05741924179204877,-0.00956381195252115,1811,-0.031159823159219783,-0.013054456459724355,10,0.01015873673219358,-0.03296558045482377,0.006856667535375061,0.19877578147383573,0.3976754560195453,0.911846844378185,True
ml_today_elastic_net,bottom,all_a_ml_today_walk_forward_v1,capped_confirmation,csi500,中证500,10,max_up,27,0.046524970126949006,0.0500002661783181,0.020187792548398864,0.062411713422247383,1811,0.031153944217315006,0.015371025909634002,10,0.006777574603774266,0.002086979686236442,0.02865507213303156,0.023333823041347845,0.29400617032098286,0.911846844378185,True
ml_today_elastic_net,bottom,all_a_ml_today_walk_forward_v1,capped_confirmation,csi500,中证500,10,terminal_return,27,0.013356920731074369,0.02241802190248543,-0.015819377555170377,0.049084010053918825,1811,0.004221179692730028,0.009135741038344334,10,0.012809013138566895,-0.01596992471324678,0.03424140678993545,0.47570496198359186,0.6070379640812159,0.9991778503372458,True
ml_today_elastic_net,bottom,all_a_ml_today_walk_forward_v1,capped_confirmation,csi500,中证500,20,max_down,27,-0.05306071087711799,-0.0358444201234861,-0.06840887470686247,-0.013856418965492168,1801,-0.044867090878644475,-0.008193619998473518,20,0.01197668089395983,-0.03166791455063478,0.015280674553687746,0.4938923784469379,0.6070379640812159,0.9991778503372458,True
ml_today_elastic_net,bottom,all_a_ml_today_walk_forward_v1,capped_confirmation,csi500,中证500,20,max_up,27,0.06751458970200654,0.0653248410831373,0.037758909689890596,0.09196975842158983,1801,0.04723325106926027,0.02028133863274626,20,0.01004989954895224,0.0005835355167998699,0.03997914174869265,0.04358461553324378,0.38281122328393563,0.911846844378185,True
ml_today_elastic_net,bottom,all_a_ml_today_walk_forward_v1,capped_confirmation,csi500,中证500,20,terminal_return,27,0.027215775220739653,0.028103951584193654,-0.007863177826846146,0.07572987828476896,1801,0.008238050562357768,0.018977724658381885,20,0.014874089936133938,-0.010175491616440633,0.0481309409332044,0.20199388242262617,0.3976754560195453,0.911846844378185,True
ml_today_elastic_net,bottom,all_a_ml_today_walk_forward_v1,capped_confirmation,microcap,微盘股,5,max_down,27,-0.040412596345301095,-0.028747719140264083,-0.06171230356764701,-0.009419336076420648,1816,-0.025959538017435176,-0.014453058327865932,5,0.008199883420076602,-0.03052482983121607,0.001618713175484206,0.07796913362062699,0.38281122328393563,0.911846844378185,True
ml_today_elastic_net,bottom,all_a_ml_today_walk_forward_v1,capped_confirmation,microcap,微盘股,5,max_up,27,0.03908677653048664,0.027337841126534812,0.013744802081119278,0.058912501866169364,1816,0.027644657565548438,0.011442118964938216,5,0.006640823654399913,-0.0015738953976856141,0.024458133327562047,0.0848890748797875,0.38281122328393563,0.911846844378185,True
ml_today_elastic_net,bottom,all_a_ml_today_walk_forward_v1,capped_confirmation,microcap,微盘股,5,terminal_return,27,0.011186474133748835,0.016654333373306907,-0.022879917824542517,0.04601369157486612,1816,0.006831019883748226,0.004355454250000598,5,0.011250307297317661,-0.017695148052742016,0.026406056552743213,0.6986518896593135,0.6992477530452885,0.9991778503372458,True
ml_today_elastic_net,bottom,all_a_ml_today_walk_forward_v1,capped_confirmation,microcap,微盘股,10,max_down,27,-0.05505925258377169,-0.04369771795540178,-0.07576531911742168,-0.010585985407663145,1811,-0.03795215601768307,-0.017107096566088616,10,0.013369851960605137,-0.043312006408874684,0.009097813276697453,0.20071127482240042,0.3976754560195453,0.911846844378185,True
ml_today_elastic_net,bottom,all_a_ml_today_walk_forward_v1,capped_confirmation,microcap,微盘股,10,max_up,27,0.0572907176285555,0.05630708140304419,0.02461519738884721,0.08177165080748439,1811,0.0429610478951894,0.014329669733366107,10,0.009554442811920761,-0.004397038177998584,0.033056377644730794,0.13366848445325172,0.3976754560195453,0.911846844378185,True
ml_today_elastic_net,bottom,all_a_ml_today_walk_forward_v1,capped_confirmation,microcap,微盘股,10,terminal_return,27,0.02066179879030137,0.04742675578886968,-0.04538831966494056,0.07318587873365257,1811,0.013426522750498963,0.007235276039802387,10,0.017873236065864613,-0.027796266649292255,0.04226681872889703,0.6856167108841507,0.6992477530452885,0.9991778503372458,True
ml_today_elastic_net,bottom,all_a_ml_today_walk_forward_v1,capped_confirmation,microcap,微盘股,20,max_down,27,-0.07167375053671053,-0.06127114769090081,-0.11645749719097648,-0.010585985407663145,1801,-0.055116115357615895,-0.016557635179094615,20,0.016233582147151867,-0.048375456187512274,0.015260185829323043,0.3077465338095176,0.5240008548648543,0.9750018616506895,True
ml_today_elastic_net,bottom,all_a_ml_today_walk_forward_v1,capped_confirmation,microcap,微盘股,20,max_up,27,0.09050702185946123,0.08982609582692058,0.041728030636749236,0.13286632417083788,1801,0.06624046723922525,0.024266554620235976,20,0.014286005882424398,-0.0037340169093158446,0.0522671261497878,0.0893900228898612,0.38281122328393563,0.911846844378185,True
ml_today_elastic_net,bottom,all_a_ml_today_walk_forward_v1,capped_confirmation,microcap,微盘股,20,terminal_return,27,0.05440701986891591,0.06707727283271869,0.011157470075233045,0.12084804626710088,1801,0.026112605728234997,0.028294414140680905,20,0.020215766370703565,-0.011328487945898084,0.0679173162272599,0.161626797578742,0.3976754560195453,0.911846844378185,True
ml_today_elastic_net,bottom,all_a_ml_today_walk_forward_v1,capped_confirmation,sse_composite,上证指数,5,max_down,27,-0.022290902032732336,-0.017323439099283577,-0.027130815990644708,-0.0054209582459952554,1816,-0.016244213069866863,-0.006046688962865474,5,0.0044375028147363585,-0.014744194479748736,0.0026508165540177894,0.17299811859271208,0.3976754560195453,0.911846844378185,True
ml_today_elastic_net,bottom,all_a_ml_today_walk_forward_v1,capped_confirmation,sse_composite,上证指数,5,max_up,27,0.020223014800435,0.017037727975649952,0.007958393971295386,0.029067413130005604,1816,0.015564132343267312,0.0046588824571676905,5,0.0039050889426499183,-0.0029950918704261496,0.01231285678476153,0.23285820616888686,0.44454748450423853,0.9132304185074978,True
ml_today_elastic_net,bottom,all_a_ml_today_walk_forward_v1,capped_confirmation,sse_composite,上证指数,5,terminal_return,27,0.004887608357841571,0.004462397588988365,-0.012538348797477117,0.017577302018546126,1816,0.001478000740140898,0.0034096076177006734,5,0.0057465383347232455,-0.007853607518356887,0.014672822753758235,0.5529586920799695,0.6333890472916014,0.9991778503372458,True
ml_today_elastic_net,bottom,all_a_ml_today_walk_forward_v1,capped_confirmation,sse_composite,上证指数,10,max_down,27,-0.030061337504635355,-0.023992624501279702,-0.041777500294274406,-0.0054209582459952554,1811,-0.023368201348686616,-0.006693136155948743,10,0.006833993816895623,-0.020087764037064165,0.006701491725166678,0.32738797018932203,0.5407510169926012,0.9991778503372458,True
ml_today_elastic_net,bottom,all_a_ml_today_walk_forward_v1,capped_confirmation,sse_composite,上证指数,10,max_up,27,0.030192026539707678,0.027675982322624693,0.008070049769228982,0.04646904597569346,1811,0.023272593558804816,0.006919432980902862,10,0.005034034170236371,-0.0029472739927604245,0.016786139954566147,0.16927708050732293,0.3976754560195453,0.911846844378185,True
ml_today_elastic_net,bottom,all_a_ml_today_walk_forward_v1,capped_confirmation,sse_composite,上证指数,10,terminal_return,27,0.008553909354174645,0.011680989859429003,-0.014294051497006355,0.03674720583337099,1811,0.002838971944888041,0.00571493740928661,10,0.00809230160185574,-0.010145973730350642,0.02157584854892386,0.4800519361172407,0.6070379640812159,0.9991778503372458,True
ml_today_elastic_net,bottom,all_a_ml_today_walk_forward_v1,capped_confirmation,sse_composite,上证指数,20,max_down,27,-0.03629329742583843,-0.024800508473734606,-0.05968769543504965,-0.00952053654423518,1801,-0.033475872571214794,-0.0028174248546236334,20,0.007292677819845394,-0.017111073381520604,0.011476223672273338,0.6992477530452885,0.6992477530452885,0.9991778503372458,True
ml_today_elastic_net,bottom,all_a_ml_today_walk_forward_v1,capped_confirmation,sse_composite,上证指数,20,max_up,27,0.04050939273958553,0.03693263318074669,0.019243145796229433,0.06595371566424102,1801,0.03496272921408524,0.005546663525500301,20,0.00649020029137927,-0.007174129045603069,0.01826745609660367,0.3927608220689631,0.6070379640812159,0.9991778503372458,True
ml_today_elastic_net,bottom,all_a_ml_today_walk_forward_v1,capped_confirmation,sse_composite,上证指数,20,terminal_return,27,0.014744338450913209,0.009165419253515328,-0.01782605335671006,0.042373351288168104,1801,0.005432174190934333,0.009312164259978878,20,0.00875400414079765,-0.007845683855984517,0.02647001237594227,0.28743718676980906,0.503015076847166,0.944803449996127,True
ml_today_elastic_net,bottom,all_a_ml_today_walk_forward_v1,onset,all_a,全A,5,max_down,27,-0.029436130051344975,-0.025739598605485137,-0.05071222152948596,-0.007976977713710476,1816,-0.01971167950287876,-0.009724450548466214,5,0.005266864930608222,-0.02004750581245833,0.0005986047155259015,0.06484210514920605,0.39115534175888567,0.911846844378185,True
ml_today_elastic_net,bottom,all_a_ml_today_walk_forward_v1,onset,all_a,全A,5,max_up,27,0.026564861215206695,0.020922281465603376,0.009096150357066346,0.04137148600356233,1816,0.01851301743512341,0.008051843780083284,5,0.004527869171466616,-0.0008227797959912842,0.016926467356157854,0.07535698795213351,0.39115534175888567,0.911846844378185,True
ml_today_elastic_net,bottom,all_a_ml_today_walk_forward_v1,onset,all_a,全A,5,terminal_return,27,0.0035444460432178136,0.0022889047507295146,-0.02969728609603378,0.03819673047573502,1816,0.001871400851041433,0.001673045192176379,5,0.007621552289285332,-0.013265197294822872,0.01661128767917563,0.826248882037135,0.897477233936888,0.9991778503372458,True
ml_today_elastic_net,bottom,all_a_ml_today_walk_forward_v1,onset,all_a,全A,10,max_down,27,-0.041309428964052125,-0.02934493630663204,-0.0613118138676117,-0.009151569092939404,1811,-0.028612945609986166,-0.012696483354065953,10,0.008601320771087674,-0.029555072065397793,0.004162105357265888,0.13991474704505616,0.441160014787927,0.911846844378185,True
ml_today_elastic_net,bottom,all_a_ml_today_walk_forward_v1,onset,all_a,全A,10,max_up,27,0.03726696351773771,0.02602593274732179,0.013118032282204317,0.06370207789720128,1811,0.027666908681560475,0.009600054836177239,10,0.006599534714398989,-0.0033350332040447805,0.02253514287639926,0.1457644326705446,0.441160014787927,0.911846844378185,True
ml_today_elastic_net,bottom,all_a_ml_today_walk_forward_v1,onset,all_a,全A,10,terminal_return,27,0.009328272780937018,0.012282010678816624,-0.02931903713001438,0.05014470323275466,1811,0.0035578326726276896,0.005770440108309345,10,0.01115000480293409,-0.01608356930544147,0.02762444952206016,0.6047876017135958,0.7487538302889569,0.9991778503372458,True
ml_today_elastic_net,bottom,all_a_ml_today_walk_forward_v1,onset,all_a,全A,20,max_down,27,-0.05183283048564116,-0.04108724307148115,-0.0843054571758099,-0.01175621079906014,1801,-0.0411110441375579,-0.010721786348083278,20,0.01010536030103676,-0.03052829253811533,0.009084719841948773,0.2886899430543721,0.5196418974978698,0.944803449996127,True
ml_today_elastic_net,bottom,all_a_ml_today_walk_forward_v1,onset,all_a,全A,20,max_up,27,0.05175208087864863,0.046498924381411566,0.02101588913551311,0.07296970580918627,1801,0.04163833416857124,0.0101137467100774,20,0.008977593071398851,-0.0074823357098643475,0.027709829130019147,0.25993094053491794,0.48163674275587737,0.9357513859257046,True
ml_today_elastic_net,bottom,all_a_ml_today_walk_forward_v1,onset,all_a,全A,20,terminal_return,27,0.015173244225699743,0.010251048610326441,-0.0346025453063461,0.06973336038965983,1801,0.006889516746441408,0.008283727479258327,20,0.013852975131577471,-0.018868103778633516,0.03543555873715017,0.5498568709005557,0.7363884177142374,0.9991778503372458,True
ml_today_elastic_net,bottom,all_a_ml_today_walk_forward_v1,onset,cni2000,国证2000,5,max_down,27,-0.04318951063958331,-0.03874272946917445,-0.06057225521415133,-0.015131935561473686,1816,-0.025009612021076173,-0.018179898618507134,5,0.0070465922478097865,-0.03199121942421432,-0.004368577812799953,0.009881287719159054,0.26664147909494634,0.911846844378185,True
ml_today_elastic_net,bottom,all_a_ml_today_walk_forward_v1,onset,cni2000,国证2000,5,max_up,27,0.030590104755433094,0.019760453229313857,0.013584202835861925,0.04306718188327696,1816,0.02276220333774277,0.007827901417690335,5,0.0054011302604505046,-0.002758313892792654,0.018414116728173325,0.14725158163987326,0.441160014787927,0.911846844378185,True
ml_today_elastic_net,bottom,all_a_ml_today_walk_forward_v1,onset,cni2000,国证2000,5,terminal_return,27,0.0016602856021462073,0.0024248161363140674,-0.039174731121368045,0.04186573874624555,1816,0.0025745262464654133,-0.0009142406443192008,5,0.009945895983265708,-0.02040819677151999,0.018579715482881586,0.9267604917942972,0.973098516384012,0.9991778503372458,True
ml_today_elastic_net,bottom,all_a_ml_today_walk_forward_v1,onset,cni2000,国证2000,10,max_down,27,-0.061078813205226276,-0.04989991228267465,-0.07427290699931777,-0.016966420640655178,1811,-0.036767594071074806,-0.024311219134151452,10,0.012430958505264027,-0.048675897804468946,5.345953616604088e-05,0.05050056556782464,0.39115534175888567,0.911846844378185,True
ml_today_elastic_net,bottom,all_a_ml_today_walk_forward_v1,onset,cni2000,国证2000,10,max_up,27,0.04589564996582838,0.03899658320699695,0.017755188987874204,0.06905927673032719,1811,0.03430642376148899,0.011589226204339387,10,0.007651904675742139,-0.0034085069601152047,0.02658695936879398,0.1298852772653672,0.441160014787927,0.911846844378185,True
ml_today_elastic_net,bottom,all_a_ml_today_walk_forward_v1,onset,cni2000,国证2000,10,terminal_return,27,0.010507046717160847,0.035982787185609766,-0.03868473323761462,0.05583403923213681,1811,0.004778269801589012,0.005728776915571839,10,0.015607661330443943,-0.02486223929209829,0.03631979312324197,0.7135824475731672,0.8027802535198132,0.9991778503372458,True
ml_today_elastic_net,bottom,all_a_ml_today_walk_forward_v1,onset,cni2000,国证2000,20,max_down,27,-0.07362862415714534,-0.04989991228267465,-0.11640972568966873,-0.02112246365023185,1801,-0.05378803271334533,-0.019840591443800012,20,0.01596633027553396,-0.051134598783846574,0.011453415896246554,0.21399611764316098,0.441160014787927,0.911846844378185,True
ml_today_elastic_net,bottom,all_a_ml_today_walk_forward_v1,onset,cni2000,国证2000,20,max_up,27,0.07123226416195676,0.057764647157027005,0.03464133133201708,0.11276410690550653,1801,0.05118603038065529,0.020046233781301458,20,0.011484843009551337,-0.002464058517419161,0.04255652608002208,0.08090634833335485,0.39115534175888567,0.911846844378185,True
ml_today_elastic_net,bottom,all_a_ml_today_walk_forward_v1,onset,cni2000,国证2000,20,terminal_return,27,0.028246258643957207,0.04718016339929543,-0.022001110415768743,0.0978372733437759,1801,0.009050460953283752,0.019195797690673443,20,0.01918446809886403,-0.018405759783100058,0.05679735516444694,0.3170247954799221,0.5255937398746076,0.9802484473735013,True
ml_today_elastic_net,bottom,all_a_ml_today_walk_forward_v1,onset,csi1000,中证1000,5,max_down,27,-0.04136116585195021,-0.03854248027326601,-0.058117060363515605,-0.01308047255191691,1816,-0.024665387729415313,-0.016695778122534886,5,0.006699345176007965,-0.029826494667510497,-0.003565061577559276,0.01269721329023554,0.26664147909494634,0.911846844378185,True
ml_today_elastic_net,bottom,all_a_ml_today_walk_forward_v1,onset,csi1000,中证1000,5,max_up,27,0.030357863035992336,0.021256778272271903,0.01300606259748216,0.044235286668162566,1816,0.02256299092394981,0.007794872112042518,5,0.005285258385230932,-0.0025642343230101094,0.018153978547095145,0.14025751641013554,0.441160014787927,0.911846844378185,True
ml_today_elastic_net,bottom,all_a_ml_today_walk_forward_v1,onset,csi1000,中证1000,5,terminal_return,27,0.0015496269838466002,-0.00032395343287905387,-0.0375870280344362,0.04124310961818489,1816,0.0021532727176053435,-0.0006036457337587454,5,0.00956135096331906,-0.019343893621864103,0.018136602154346614,0.9496598500074196,0.980796238532253,0.9991778503372458,True
ml_today_elastic_net,bottom,all_a_ml_today_walk_forward_v1,onset,csi1000,中证1000,10,max_down,27,-0.0586097308446874,-0.049390150715735937,-0.07105796657227081,-0.013840763214453156,1811,-0.036227239902243795,-0.02238249094244359,10,0.011945869277178264,-0.04579639472571299,0.0010314128408258072,0.060977377374076144,0.39115534175888567,0.911846844378185,True
ml_today_elastic_net,bottom,all_a_ml_today_walk_forward_v1,onset,csi1000,中证1000,10,max_up,27,0.04440064952650877,0.03985160572510793,0.015043579997123802,0.07037071257279703,1811,0.03372715534945928,0.010673494177049476,10,0.007703439921967592,-0.004425248070007003,0.025772236424105956,0.16588463275694482,0.441160014787927,0.911846844378185,True
ml_today_elastic_net,bottom,all_a_ml_today_walk_forward_v1,onset,csi1000,中证1000,10,terminal_return,27,0.00991690116895956,0.0337589439270225,-0.04150033524590424,0.05445539862927962,1811,0.00396123789101393,0.005955663277945637,10,0.014911211434770491,-0.023270311134204524,0.0351816376900958,0.6895922968131611,0.8027802535198132,0.9991778503372458,True
ml_today_elastic_net,bottom,all_a_ml_today_walk_forward_v1,onset,csi1000,中证1000,20,max_down,27,-0.07134331062471694,-0.049390150715735937,-0.11308016880934985,-0.020198965131199342,1801,-0.052742257964764096,-0.018601052659952842,20,0.015228834135353994,-0.04844956756524667,0.011247462245340983,0.22192082444096228,0.441160014787927,0.911846844378185,True
ml_today_elastic_net,bottom,all_a_ml_today_walk_forward_v1,onset,csi1000,中证1000,20,max_up,27,0.06963726700871653,0.06224399026613736,0.03018343875908147,0.10131217707799445,1801,0.050314636778749526,0.019322630229967015,20,0.011384187979098556,-0.002990378209066155,0.041635638669000184,0.08963584129505298,0.39115534175888567,0.911846844378185,True
ml_today_elastic_net,bottom,all_a_ml_today_walk_forward_v1,onset,csi1000,中证1000,20,terminal_return,27,0.024635802115387122,0.02413659638458654,-0.026048215358518756,0.09411517161281824,1801,0.007520824566484674,0.017114977548902455,20,0.018709979668566287,-0.019556582601487467,0.053786537699292376,0.3603222253357795,0.5675075049038527,0.9991778503372458,True
ml_today_elastic_net,bottom,all_a_ml_today_walk_forward_v1,onset,csi300,沪深300,5,max_down,27,-0.023623005985491403,-0.013618029086334027,-0.041334956210659246,-0.006002097571160436,1816,-0.01803857723800689,-0.005584428747484513,5,0.004342023272824113,-0.014094794362219772,0.0029259368672507466,0.19839589917782285,0.441160014787927,0.911846844378185,True
ml_today_elastic_net,bottom,all_a_ml_today_walk_forward_v1,onset,csi300,沪深300,5,max_up,27,0.02603034581357031,0.0238363527855332,0.009799889691554986,0.035623811569730934,1816,0.01817580002042554,0.00785454579314478,5,0.00409959847812203,-0.00018066722397439873,0.015889758810263957,0.05537394168321696,0.39115534175888567,0.911846844378185,True
ml_today_elastic_net,bottom,all_a_ml_today_walk_forward_v1,onset,csi300,沪深300,5,terminal_return,27,0.004950555464860237,0.005388383302528776,-0.02088304771682914,0.03211241421538624,1816,0.0015161396780204888,0.0034344157868397515,5,0.0066610126100562946,-0.009621168928870586,0.01649000050255009,0.6061340530910604,0.7487538302889569,0.9991778503372458,True
ml_today_elastic_net,bottom,all_a_ml_today_walk_forward_v1,onset,csi300,沪深300,10,max_down,27,-0.031873773201933624,-0.027391942023984206,-0.05056033158538187,-0.007251000924595963,1811,-0.025938895207607768,-0.005934877994325854,10,0.006171385928990321,-0.018030794415146885,0.006161038426495175,0.3362120348952779,0.5431117486769873,0.9991778503372458,True
ml_today_elastic_net,bottom,all_a_ml_today_walk_forward_v1,onset,csi300,沪深300,10,max_up,27,0.03631611632453112,0.030466985669638014,0.012843568295017649,0.0570221047644931,1811,0.027268190890759235,0.009047925433771878,10,0.006632612026754671,-0.003951994138667278,0.022047845006211035,0.17251809620049482,0.441160014787927,0.911846844378185,True
ml_today_elastic_net,bottom,all_a_ml_today_walk_forward_v1,onset,csi300,沪深300,10,terminal_return,27,0.010643240746960532,0.007094779344344326,-0.018484577000816238,0.043609727656223285,1811,0.0028963647406361273,0.007746876006324397,10,0.00874992252295099,-0.009402972138659543,0.024896724151308336,0.3759597505355921,0.5755039007473843,0.9991778503372458,True
ml_today_elastic_net,bottom,all_a_ml_today_walk_forward_v1,onset,csi300,沪深300,20,max_down,27,-0.04154261643748403,-0.04060532868792022,-0.06447012927749385,-0.009093515961031584,1801,-0.0366890816656053,-0.004853534771878725,20,0.006928361577686527,-0.018433123464144316,0.008726053920386868,0.4835955084496572,0.6770337118295201,0.9991778503372458,True
ml_today_elastic_net,bottom,all_a_ml_today_walk_forward_v1,onset,csi300,沪深300,20,max_up,27,0.04605439202559936,0.034030436917035,0.018892008969179308,0.07014633678771132,1801,0.04127600400361156,0.004778388021987801,20,0.00847215176806339,-0.011827029443416442,0.021383805487392046,0.5727465471110735,0.7363884177142374,0.9991778503372458,True
ml_today_elastic_net,bottom,all_a_ml_today_walk_forward_v1,onset,csi300,沪深300,20,terminal_return,27,0.009942637412776852,-0.007338621624670472,-0.025565648935150287,0.03317471773292824,1801,0.005737761820808113,0.004204875591968741,20,0.01121531798893187,-0.01777714766633772,0.026186898850275205,0.7077180696688052,0.8027802535198132,0.9991778503372458,True
ml_today_elastic_net,bottom,all_a_ml_today_walk_forward_v1,onset,csi500,中证500,5,max_down,27,-0.035424497764280215,-0.028571806855644755,-0.05952364305891761,-0.012829597874726373,1816,-0.021446214302448394,-0.013978283461831813,5,0.0058698824942848855,-0.025483253150630186,-0.002473313773033439,0.01724900476866596,0.27167182510648885,0.911846844378185,True
ml_today_elastic_net,bottom,all_a_ml_today_walk_forward_v1,onset,csi500,中证500,5,max_up,27,0.027270995748413865,0.020622190760660075,0.008234893754954786,0.04779658669387821,1816,0.020937072214198472,0.0063339235342154,5,0.005068492313497106,-0.0036003214002389263,0.016268168468669728,0.21142150893724304,0.441160014787927,0.911846844378185,True
ml_today_elastic_net,bottom,all_a_ml_today_walk_forward_v1,onset,csi500,中证500,5,terminal_return,27,0.0019300796095640517,0.001683668203399158,-0.028825616447895164,0.044093443882047056,1816,0.002283030326591506,-0.0003529507170274587,5,0.008412550141194162,-0.016841548993768017,0.0161356475597131,0.9665343651171978,0.982123629070701,0.9991778503372458,True
ml_today_elastic_net,bottom,all_a_ml_today_walk_forward_v1,onset,csi500,中证500,10,max_down,27,-0.048846886567624766,-0.03559021767904047,-0.07103704792654775,-0.014530149814300286,1811,-0.031090756131271484,-0.017756130436353285,10,0.009692862925890978,-0.036754141771099605,0.0012418808983930309,0.06696978210297262,0.39115534175888567,0.911846844378185,True
ml_today_elastic_net,bottom,all_a_ml_today_walk_forward_v1,onset,csi500,中证500,10,max_up,27,0.03967699327755555,0.03796197354360875,0.01235819524146231,0.05852612737764129,1811,0.031256039951679235,0.008420953325876317,10,0.007031690593154728,-0.005361160236706949,0.022203066888459584,0.23108381726986651,0.441160014787927,0.9132304185074978,True
ml_today_elastic_net,bottom,all_a_ml_today_walk_forward_v1,onset,csi500,中证500,10,terminal_return,27,0.008951600310059446,0.019469639515848236,-0.02871912320599479,0.05188525265806054,1811,0.004286858130812527,0.004664742179246909,10,0.012367666495750992,-0.019575884152425036,0.028905368510918853,0.7060455063675078,0.8027802535198132,0.9991778503372458,True
ml_today_elastic_net,bottom,all_a_ml_today_walk_forward_v1,onset,csi500,中证500,20,max_down,27,-0.05964047083832836,-0.04650715899161362,-0.09320190581344029,-0.01796438741781614,1801,-0.04476844928011438,-0.014872021558213967,20,0.011977647065446885,-0.03834820980648986,0.008604166690061928,0.2143664624705016,0.441160014787927,0.911846844378185,True
ml_today_elastic_net,bottom,all_a_ml_today_walk_forward_v1,onset,csi500,中证500,20,max_up,27,0.06115589740653368,0.05146314910155536,0.023182886304267014,0.08539509797996625,1801,0.047328578494011946,0.013827318912521739,20,0.010589292577884143,-0.006927694540131183,0.03458233236517466,0.1916263408915574,0.441160014787927,0.911846844378185,True
ml_today_elastic_net,bottom,all_a_ml_today_walk_forward_v1,onset,csi500,中证500,20,terminal_return,27,0.01999842627210285,0.019289853439225624,-0.029209020304658107,0.0831887379044195,1801,0.008346250685407848,0.01165217558669501,20,0.016428162316222406,-0.020547022553100907,0.04385137372649092,0.47815041158019256,0.6770337118295201,0.9991778503372458,True
ml_today_elastic_net,bottom,all_a_ml_today_walk_forward_v1,onset,microcap,微盘股,5,max_down,27,-0.04802147207224074,-0.04154166359475753,-0.05881691043644832,-0.02400295509637318,1816,-0.025846410459820984,-0.022175061612419743,5,0.007393726173369914,-0.03666676491222477,-0.007683358312614711,0.0027071381999168365,0.1705497065947607,0.8203739878268569,True
ml_today_elastic_net,bottom,all_a_ml_today_walk_forward_v1,onset,microcap,微盘股,5,max_up,27,0.03475733894304286,0.03005756117278069,0.012730082510108098,0.04743897791941787,1816,0.02770902695699171,0.007048311986051154,5,0.005610605002036944,-0.003948473817941256,0.01804509779004356,0.20902602516812896,0.441160014787927,0.911846844378185,True
ml_today_elastic_net,bottom,all_a_ml_today_walk_forward_v1,onset,microcap,微盘股,5,terminal_return,27,0.004414755412323045,-0.001409764473935149,-0.029118142320317897,0.04743897791941787,1816,0.006931700723769425,-0.002516945311446371,5,0.010842605051339724,-0.02376845121207223,0.018734560589179487,0.8164333626188361,0.897477233936888,0.9991778503372458,True
ml_today_elastic_net,bottom,all_a_ml_today_walk_forward_v1,onset,microcap,微盘股,10,max_down,27,-0.06276653736245234,-0.0513627216825846,-0.09072453726567775,-0.02400295509637318,1811,-0.037837248955825326,-0.024929288406627025,10,0.011433256219178336,-0.04733847059621656,-0.0025201062170374863,0.029226421455131796,0.3682529103346606,0.911846844378185,True
ml_today_elastic_net,bottom,all_a_ml_today_walk_forward_v1,onset,microcap,微盘股,10,max_up,27,0.05116292196776539,0.043429599489555715,0.023696509288952505,0.07412136797263547,1811,0.04305240652734915,0.008110515440416228,10,0.008054231603991057,-0.007675778503406243,0.0238968093842387,0.3139404892013533,0.5255937398746076,0.976703744181988,True
ml_today_elastic_net,bottom,all_a_ml_today_walk_forward_v1,onset,microcap,微盘股,10,terminal_return,27,0.01350461752721434,0.03612765046048416,-0.046557101097877474,0.05982129292488325,1811,0.01353322837949032,-2.8610852275982297e-05,10,0.015895718272980263,-0.031184218667317295,0.031126996962765333,0.998563880877578,0.998563880877578,0.9991778503372458,True
ml_today_elastic_net,bottom,all_a_ml_today_walk_forward_v1,onset,microcap,微盘股,20,max_down,27,-0.07988868894663856,-0.06510502614402258,-0.1259165799220709,-0.02400295509637318,1801,-0.05499295970127606,-0.024895729245362506,20,0.01453125243978926,-0.05337698402734946,0.003585525536624442,0.0866657846439351,0.39115534175888567,0.911846844378185,True
ml_today_elastic_net,bottom,all_a_ml_today_walk_forward_v1,onset,microcap,微盘股,20,max_up,27,0.08273605503673437,0.06972138152038432,0.03039576417019052,0.1267375618198867,1801,0.06635696701946603,0.016379088017268346,20,0.013644621178230586,-0.0103643694920636,0.04312254552660029,0.22998161763623676,0.441160014787927,0.9132304185074978,True
ml_today_elastic_net,bottom,all_a_ml_today_walk_forward_v1,onset,microcap,微盘股,20,terminal_return,27,0.04398772913476783,0.05574936361416638,-0.018536960258895008,0.11786767064324455,1801,0.026268808310035106,0.017718920824732726,20,0.02033956202306774,-0.022146620740480044,0.057584462389945495,0.3836692671649229,0.5755039007473843,0.9991778503372458,True
ml_today_elastic_net,bottom,all_a_ml_today_walk_forward_v1,onset,sse_composite,上证指数,5,max_down,27,-0.02356464238465061,-0.013361648860476416,-0.0329822850632408,-0.006399668348182064,1816,-0.016225275300317418,-0.007339367084333191,5,0.004371008061947051,-0.01590654288574941,0.0012278087170830287,0.09313222422830611,0.39115534175888567,0.911846844378185,True
ml_today_elastic_net,bottom,all_a_ml_today_walk_forward_v1,onset,sse_composite,上证指数,5,max_up,27,0.019873297698453845,0.013640325978042656,0.00842906323936543,0.027658792659787768,1816,0.015569331881677827,0.004303965816776016,5,0.0034883195312298337,-0.0025331404644344585,0.011141072097986489,0.2172691930678835,0.441160014787927,0.911846844378185,True
ml_today_elastic_net,bottom,all_a_ml_today_walk_forward_v1,onset,sse_composite,上证指数,5,terminal_return,27,0.0024746373821440157,0.004067281476735962,-0.02037178364662323,0.021789269898926822,1816,0.0015138764099337583,0.0009607609722102567,5,0.005869653560086896,-0.010543760005560059,0.012465281949980572,0.8699809064814915,0.928962662853118,0.9991778503372458,True
ml_today_elastic_net,bottom,all_a_ml_today_walk_forward_v1,onset,sse_composite,上证指数,10,max_down,27,-0.032085194141916684,-0.02228332741053174,-0.05360363283645003,-0.0074787091930041405,1811,-0.023338027892470938,-0.008747166249445753,10,0.006660355511989925,-0.021801463052946005,0.0043071305540544995,0.18907574133678956,0.441160014787927,0.911846844378185,True
ml_today_elastic_net,bottom,all_a_ml_today_walk_forward_v1,onset,sse_composite,上证指数,10,max_up,27,0.02866619321699728,0.021199226111712655,0.010791311439034112,0.041011633370259815,1811,0.023295342040148378,0.005370851176848902,10,0.005296961071612977,-0.005011192523512532,0.015752894877210336,0.31060683660736094,0.5255937398746076,0.9750018616506895,True
ml_today_elastic_net,bottom,all_a_ml_today_walk_forward_v1,onset,sse_composite,上证指数,10,terminal_return,27,0.008190519552293411,0.008058593615227982,-0.017147674204316066,0.03428399041321317,1811,0.002844389683513548,0.005346129868779876,10,0.00817998063708649,-0.010686632179909644,0.021378891917469396,0.5133936103427793,0.7031260315564151,0.9991778503372458,True
ml_today_elastic_net,bottom,all_a_ml_today_walk_forward_v1,onset,sse_composite,上证指数,20,max_down,27,-0.03926912217323227,-0.03201042945087662,-0.06631049442942605,-0.008068674339735793,1801,-0.03343125998477413,-0.0058378621884581415,20,0.00733087998938285,-0.020206386967648527,0.008530662590732246,0.4258352967466973,0.6238982254660914,0.9991778503372458,True
ml_today_elastic_net,bottom,all_a_ml_today_walk_forward_v1,onset,sse_composite,上证指数,20,max_up,27,0.03810945672477239,0.02897397098906307,0.020950067371466874,0.05611532437603817,1801,0.0349987082659453,0.0031107484588270896,20,0.006689206913588163,-0.01000009709180571,0.01622159400945989,0.6419028466696838,0.7776899873113476,0.9991778503372458,True
ml_today_elastic_net,bottom,all_a_ml_today_walk_forward_v1,onset,sse_composite,上证指数,20,terminal_return,27,0.010787598595062944,0.009034585754631896,-0.01791258688184527,0.0485422487439231,1801,0.005491492334248024,0.005296106260814922,20,0.009210925723901944,-0.012757308158032889,0.023349520679662734,0.5653042220555835,0.7363884177142374,0.9991778503372458,True
ml_today_elastic_net,top,all_a_ml_today_walk_forward_v1,capped_confirmation,all_a,全A,5,max_down,37,-0.01765852476126296,-0.012721406128806234,-0.02433249704193763,-0.00488104436114678,1806,-0.01989912517854231,0.002240600417279351,5,0.0033543144614586523,-0.004333855927179607,0.00881505676173831,0.5041491293178693,0.721849889705131,0.9991778503372458,True
ml_today_elastic_net,top,all_a_ml_today_walk_forward_v1,capped_confirmation,all_a,全A,5,max_up,37,0.028629923316291158,0.01780533069422341,0.007258796148454483,0.03469318182625103,1806,0.018426126108688778,0.010203797207602384,5,0.007280989907417339,-0.004066943010935601,0.02447453742614037,0.1610855460587612,0.64654328209623,0.911846844378185,True
ml_today_elastic_net,top,all_a_ml_today_walk_forward_v1,capped_confirmation,all_a,全A,5,terminal_return,37,0.010581917368974505,0.011261195167120874,-0.01088047612479337,0.026759716761991514,1806,0.0017179584972348099,0.008863958871739703,5,0.005770005586385154,-0.002445252077575198,0.020173169821054604,0.1244860942812416,0.64654328209623,0.911846844378185,True
ml_today_elastic_net,top,all_a_ml_today_walk_forward_v1,capped_confirmation,all_a,全A,10,max_down,37,-0.028244900917714443,-0.015011839248565084,-0.03571921185678473,-0.005735243373328425,1801,-0.028810848277489677,0.0005659473597752452,10,0.007108230098411204,-0.013366183633110713,0.014498078352661203,0.9365405980650294,0.9982036867901586,0.9991778503372458,True
ml_today_elastic_net,top,all_a_ml_today_walk_forward_v1,capped_confirmation,all_a,全A,10,max_up,37,0.037109827727797036,0.024970529630348404,0.010377229377942943,0.04362950355162498,1801,0.027616832876933062,0.009492994850863974,10,0.007538863660413514,-0.005283177923546512,0.02426916762527446,0.2079553363777005,0.64654328209623,0.911846844378185,True
ml_today_elastic_net,top,all_a_ml_today_walk_forward_v1,capped_confirmation,all_a,全A,10,terminal_return,37,0.0053682250314356335,0.015601004868759816,-0.015180615457304425,0.03293767116904034,1801,0.0036071482559971836,0.001761076775438444,10,0.008913803485834237,-0.01570997805679666,0.019232131607673546,0.8433835608888591,0.9737317069155628,0.9991778503372458,True
ml_today_elastic_net,top,all_a_ml_today_walk_forward_v1,capped_confirmation,all_a,全A,20,max_down,37,-0.03388611449114456,-0.01693935570695604,-0.03804356679727705,-0.008849783743750339,1791,-0.04142193784404341,0.00753582335289885,20,0.008382638516877454,-0.008894148140180958,0.023965794845978657,0.36866337861472365,0.6784031457828078,0.9991778503372458,True
ml_today_elastic_net,top,all_a_ml_today_walk_forward_v1,capped_confirmation,all_a,全A,20,max_up,37,0.050637268163956556,0.037853632607332655,0.012824211194444324,0.0672430733729219,1791,0.04160489508612727,0.009032373077829286,20,0.009797086206416136,-0.01016991588674634,0.028234662042404914,0.3565573483045995,0.6784031457828078,0.9991778503372458,True
ml_today_elastic_net,top,all_a_ml_today_walk_forward_v1,capped_confirmation,all_a,全A,20,terminal_return,37,0.015294844660383417,0.006387039196595445,-0.022139914612042122,0.052626376030426414,1791,0.006840752653266713,0.008454092007116703,20,0.010376890529788354,-0.011884613431268471,0.028792797445501877,0.4152418854020162,0.6784031457828078,0.9991778503372458,True
ml_today_elastic_net,top,all_a_ml_today_walk_forward_v1,capped_confirmation,cni2000,国证2000,5,max_down,37,-0.022650963587888734,-0.01895950269986335,-0.0341384526928169,-0.004607959467427647,1806,-0.025329726780061564,0.0026787631921728282,5,0.003973027382211505,-0.005108370476961721,0.010465896861307378,0.5001604692284951,0.721849889705131,0.9991778503372458,True
ml_today_elastic_net,top,all_a_ml_today_walk_forward_v1,capped_confirmation,cni2000,国证2000,5,max_up,37,0.03406172963010265,0.021708991388101673,0.0051327902510101,0.04396790368129744,1806,0.022647735378418472,0.011413994251684179,5,0.008609072022707623,-0.005459786912822761,0.028287775416191117,0.18490262160974577,0.64654328209623,0.911846844378185,True
ml_today_elastic_net,top,all_a_ml_today_walk_forward_v1,capped_confirmation,cni2000,国证2000,5,terminal_return,37,0.014196996697857662,0.01450181034112652,-0.01340527891896004,0.02797458917492901,1806,0.002322745568670214,0.011874251129187444,5,0.006881709301557748,-0.0016138991018657418,0.02536240136024063,0.08444102170235994,0.64654328209623,0.911846844378185,True
ml_today_elastic_net,top,all_a_ml_today_walk_forward_v1,capped_confirmation,cni2000,国证2000,10,max_down,37,-0.037027318845176606,-0.020911434126343664,-0.05292832969341321,-0.0053583779258127295,1801,-0.03712672405440648,9.940520922986362e-05,10,0.009446632935771849,-0.01841599534488296,0.018614805763342686,0.991604160070848,0.9982036867901586,0.9991778503372458,True
ml_today_elastic_net,top,all_a_ml_today_walk_forward_v1,capped_confirmation,cni2000,国证2000,10,max_up,37,0.045966369102734064,0.032060860288127824,0.017550016731513463,0.054633705526764276,1801,0.03424062205681998,0.011725747045914085,10,0.00894363269067153,-0.005803773027802115,0.029255267119630286,0.18983341508981333,0.64654328209623,0.911846844378185,True
ml_today_elastic_net,top,all_a_ml_today_walk_forward_v1,capped_confirmation,cni2000,国证2000,10,terminal_return,37,0.007335843461620069,0.014686774308765305,-0.024747962816332292,0.03878434646859974,1801,0.0048116105852088285,0.0025242328764112395,10,0.011930025279829608,-0.02085861667205479,0.02590708242487727,0.8324296042245709,0.9737317069155628,0.9991778503372458,True
ml_today_elastic_net,top,all_a_ml_today_walk_forward_v1,capped_confirmation,cni2000,国证2000,20,max_down,37,-0.0452919985635402,-0.025728054025881963,-0.060675964661799364,-0.0116352293601929,1791,-0.05426265540040586,0.008970656836865666,20,0.01068995688500849,-0.011981658657750976,0.029922972331482306,0.40137571882132234,0.6784031457828078,0.9991778503372458,True
ml_today_elastic_net,top,all_a_ml_today_walk_forward_v1,capped_confirmation,cni2000,国证2000,20,max_up,37,0.06532128925298729,0.05089099727441382,0.017550016731513463,0.08683352695225044,1791,0.05119621672002931,0.014125072532957998,20,0.012438656625959787,-0.010254694453923184,0.03850483951983918,0.25613296069226943,0.64654328209623,0.9325957062189164,True
ml_today_elastic_net,top,all_a_ml_today_walk_forward_v1,capped_confirmation,cni2000,国证2000,20,terminal_return,37,0.021354943647115578,0.004247733417751753,-0.025511185628854127,0.06048580320489649,1791,0.009085648378172866,0.01226929526894269,20,0.013607224289530526,-0.014400864338537139,0.038939454876422516,0.3672294860016069,0.6784031457828078,0.9991778503372458,True
ml_today_elastic_net,top,all_a_ml_today_walk_forward_v1,capped_confirmation,csi1000,中证1000,5,max_down,37,-0.021899195512739323,-0.018616064663254828,-0.0324805182000657,-0.0038814954201259466,1806,-0.02497166409781257,0.00307246858507325,5,0.0038871206312665976,-0.004546287852209282,0.01069122502235578,0.42928091944150754,0.6784031457828078,0.9991778503372458,True
ml_today_elastic_net,top,all_a_ml_today_walk_forward_v1,capped_confirmation,csi1000,中证1000,5,max_up,37,0.033171004048679086,0.019274171564059195,0.006236146754564187,0.03911719834043215,1806,0.02246219638430981,0.01070880766436928,5,0.00843525615245742,-0.005824294394447262,0.027241909723185825,0.20425222782101687,0.64654328209623,0.911846844378185,True
ml_today_elastic_net,top,all_a_ml_today_walk_forward_v1,capped_confirmation,csi1000,中证1000,5,terminal_return,37,0.013159831244689163,0.012836240070497107,-0.011732796580058102,0.03225525863437739,1806,0.0019187538359256163,0.011241077408763553,5,0.006678834926289419,-0.0018494390467637088,0.024331593864290815,0.09235775314205866,0.64654328209623,0.911846844378185,True
ml_today_elastic_net,top,all_a_ml_today_walk_forward_v1,capped_confirmation,csi1000,中证1000,10,max_down,37,-0.03597425957041397,-0.02143536060349316,-0.04536264964829739,-0.004211058621937935,1801,-0.03656798811308426,0.0005937285426702933,10,0.009068296461561147,-0.017180132521989556,0.01836758960733014,0.9477974058477009,0.9982036867901586,0.9991778503372458,True
ml_today_elastic_net,top,all_a_ml_today_walk_forward_v1,capped_confirmation,csi1000,中证1000,10,max_up,37,0.044497617038540646,0.03087440189869417,0.012807082540209791,0.05135848560805534,1801,0.033665898969828155,0.01083171806871249,10,0.008821864874896597,-0.006459137086084839,0.02812257322350982,0.21951216526181352,0.64654328209623,0.911846844378185,True
ml_today_elastic_net,top,all_a_ml_today_walk_forward_v1,capped_confirmation,csi1000,中证1000,10,terminal_return,37,0.006458651984853448,0.009806913024569042,-0.025278902412712134,0.03533654939152542,1801,0.003999216007078599,0.0024594359777748483,10,0.011434939009815388,-0.01995304448146331,0.02487191643701301,0.8297043129254363,0.9737317069155628,0.9991778503372458,True
ml_today_elastic_net,top,all_a_ml_today_walk_forward_v1,capped_confirmation,csi1000,中证1000,20,max_down,37,-0.04479953804532772,-0.028442760685588597,-0.06147396803585037,-0.00789513647989859,1791,-0.05318676330191533,0.008387225256587616,20,0.010462664827462996,-0.012119597805239855,0.028894048318415085,0.42276484786865115,0.6784031457828078,0.9991778503372458,True
ml_today_elastic_net,top,all_a_ml_today_walk_forward_v1,capped_confirmation,csi1000,中证1000,20,max_up,37,0.06387230486082886,0.04324483372681476,0.01800954883600414,0.08600526931763608,1791,0.0503258468832566,0.01354645797757224,20,0.012328800244369668,-0.010617990501392307,0.03771090645653678,0.2718704486353306,0.64654328209623,0.9436037090053088,True
ml_today_elastic_net,top,all_a_ml_today_walk_forward_v1,capped_confirmation,csi1000,中证1000,20,terminal_return,37,0.0202889632224639,0.008594978287696176,-0.025870270289935493,0.06152510518131238,1791,0.007515064244624894,0.01277389897783902,20,0.013302795282897741,-0.013299579776640553,0.0388473777323186,0.33693357582653205,0.6784031457828078,0.9991778503372458,True
ml_today_elastic_net,top,all_a_ml_today_walk_forward_v1,capped_confirmation,csi300,沪深300,5,max_down,37,-0.015763899548128426,-0.009163191265724069,-0.022045486256453195,-0.005810585447204475,1806,-0.018168667299306773,0.0024047677511783465,5,0.003124446806867111,-0.0037191479902811903,0.008528683492637884,0.44150045995389076,0.6784031457828078,0.9991778503372458,True
ml_today_elastic_net,top,all_a_ml_today_walk_forward_v1,capped_confirmation,csi300,沪深300,5,max_up,37,0.02695354028865222,0.01852584388185652,0.008873269425378583,0.030793585032082404,1806,0.018113394896666142,0.008840145391986095,5,0.006564056461492115,-0.004025405272538449,0.02170569605651064,0.17806064751222278,0.64654328209623,0.911846844378185,True
ml_today_elastic_net,top,all_a_ml_today_walk_forward_v1,capped_confirmation,csi300,沪深300,5,terminal_return,37,0.007747959775402088,0.010319124384363443,-0.011578481477769964,0.02193773701013524,1806,0.0014398118168031878,0.006308147958598909,5,0.005303663838419705,-0.004087033164703713,0.01670332908190153,0.2342845116286824,0.64654328209623,0.9132304185074978,True
ml_today_elastic_net,top,all_a_ml_today_walk_forward_v1,capped_confirmation,csi300,沪深300,10,max_down,37,-0.025089921316553247,-0.017870058519693033,-0.034928316159804296,-0.005988639640882254,1801,-0.026045310387960804,0.0009553890714075592,10,0.005923321182512793,-0.010654320446317514,0.012565098589132634,0.8718627921106356,0.980845641124465,0.9991778503372458,True
ml_today_elastic_net,top,all_a_ml_today_walk_forward_v1,capped_confirmation,csi300,沪深300,10,max_up,37,0.034868225784666494,0.02633504023408917,0.009818535591408661,0.03830247353734362,1801,0.02724769821759836,0.007620527567068142,10,0.006865071150139745,-0.005835011887205757,0.02107606702134204,0.2669802846000451,0.64654328209623,0.9436037090053088,True
ml_today_elastic_net,top,all_a_ml_today_walk_forward_v1,capped_confirmation,csi300,沪深300,10,terminal_return,37,0.0029342034603554836,-0.0015091110718520317,-0.01245422642660976,0.02940759196250564,1801,0.0030117259952397598,-7.752253488429256e-05,10,0.007356530621204516,-0.014496322552445144,0.014341277482676558,0.9915921115386658,0.9982036867901586,0.9991778503372458,True
ml_today_elastic_net,top,all_a_ml_today_walk_forward_v1,capped_confirmation,csi300,沪深300,20,max_down,37,-0.031058906970333255,-0.01933573897133556,-0.04419906804289009,-0.006419460441608793,1791,-0.036878563464916185,0.0058196564945829235,20,0.007517342536598329,-0.0089143348771498,0.02055364786631565,0.43883377282143815,0.6784031457828078,0.9991778503372458,True
ml_today_elastic_net,top,all_a_ml_today_walk_forward_v1,capped_confirmation,csi300,沪深300,20,max_up,37,0.04578708678354821,0.03557916181606502,0.014558213716108437,0.0591741796341112,1791,0.04125484622233631,0.004532240561211906,20,0.00815875279055633,-0.011458914908278502,0.020523396030702315,0.5785482357145435,0.7755008265960902,0.9991778503372458,True
ml_today_elastic_net,top,all_a_ml_today_walk_forward_v1,capped_confirmation,csi300,沪深300,20,terminal_return,37,0.008556058196345718,0.003857491360032661,-0.01551309853251659,0.03543137327370616,1791,0.005742929143582131,0.0028131290527635884,20,0.008610150183765073,-0.014062765307415953,0.01968902341294313,0.7438778459176638,0.9189079273100552,0.9991778503372458,True
ml_today_elastic_net,top,all_a_ml_today_walk_forward_v1,capped_confirmation,csi500,中证500,5,max_down,37,-0.01958195095231002,-0.015288313533567521,-0.024720454519488677,-0.003957973677037208,1806,-0.021693385618851816,0.0021114346665418006,5,0.0036649159250531477,-0.005071800546562369,0.009294669879645969,0.5645334646211062,0.7731653971984715,0.9991778503372458,True
ml_today_elastic_net,top,all_a_ml_today_walk_forward_v1,capped_confirmation,csi500,中证500,5,max_up,37,0.03260191104670163,0.018091909115493632,0.009450336838502604,0.04271563738775663,1806,0.020792784782648746,0.011809126264052889,5,0.007788553000210896,-0.003456437616360466,0.027074690144466243,0.12946482186305408,0.64654328209623,0.911846844378185,True
ml_today_elastic_net,top,all_a_ml_today_walk_forward_v1,capped_confirmation,csi500,中证500,5,terminal_return,37,0.013274011265799352,0.010273292663267153,-0.010956332740565067,0.033497085136733995,1806,0.0020525785192213888,0.01122143274657797,5,0.006285363373379823,-0.0010978794652464832,0.023540744958402422,0.0742081935317775,0.64654328209623,0.911846844378185,True
ml_today_elastic_net,top,all_a_ml_today_walk_forward_v1,capped_confirmation,csi500,中证500,10,max_down,37,-0.03041929854867836,-0.016785187530466206,-0.04009649671740845,-0.005767691283841914,1801,-0.03137074472224177,0.0009514461735634075,10,0.007719744462430955,-0.014179252972801263,0.01608214531992808,0.9019103979674905,0.9968483345956474,0.9991778503372458,True
ml_today_elastic_net,top,all_a_ml_today_walk_forward_v1,capped_confirmation,csi500,中证500,10,max_up,37,0.04339235692611542,0.029337101254909514,0.012106012756207818,0.05416808098556403,1801,0.031132953894902185,0.012259403031213239,10,0.00823826703183103,-0.0038876003511755797,0.028406406413602057,0.1367233116733745,0.64654328209623,0.911846844378185,True
ml_today_elastic_net,top,all_a_ml_today_walk_forward_v1,capped_confirmation,csi500,中证500,10,terminal_return,37,0.008906932408159084,0.01718197212659911,-0.014153456100011508,0.04086174663936615,1801,0.004261874949567576,0.0046450574585915096,10,0.010149228100255266,-0.01524742961790881,0.02453754453509183,0.6471852798604308,0.8320953598205539,0.9991778503372458,True
ml_today_elastic_net,top,all_a_ml_today_walk_forward_v1,capped_confirmation,csi500,中证500,20,max_down,37,-0.036511771903310876,-0.02357929112922419,-0.046941315945465245,-0.007816159153343438,1791,-0.04516322406794996,0.008651452164639082,20,0.009120402028134033,-0.009224535810503623,0.02652744013978179,0.3428330838019341,0.6784031457828078,0.9991778503372458,True
ml_today_elastic_net,top,all_a_ml_today_walk_forward_v1,capped_confirmation,csi500,中证500,20,max_up,37,0.060425860233889205,0.051353088096219635,0.015566657378289106,0.08065909264460092,1791,0.04726645576160694,0.013159404472282251,20,0.011179915053665768,-0.008753229032902654,0.035072037977467156,0.23917249933412288,0.64654328209623,0.9146950227562057,True
ml_today_elastic_net,top,all_a_ml_today_walk_forward_v1,capped_confirmation,csi500,中证500,20,terminal_return,37,0.021221465355727515,0.01087428348822983,-0.024369893073877935,0.06160249532458817,1791,0.008255924497824899,0.012965540857902627,20,0.011929140673531262,-0.010415574862218646,0.0363466565780239,0.27708997804124147,0.64654328209623,0.9436037090053088,True
ml_today_elastic_net,top,all_a_ml_today_walk_forward_v1,capped_confirmation,microcap,微盘股,5,max_down,37,-0.021918615856283612,-0.020108872278193024,-0.03433759722926488,-0.006257707562577042,1806,-0.026258401082116786,0.004339785225833171,5,0.0038027582799034453,-0.0031136210027775816,0.011793191454443925,0.2537782279986988,0.64654328209623,0.9325957062189164,True
ml_today_elastic_net,top,all_a_ml_today_walk_forward_v1,capped_confirmation,microcap,微盘股,5,max_up,37,0.03838812687900022,0.024378383759485978,0.01294165277120185,0.04829061522006106,1806,0.02759561484542419,0.010792512033576044,5,0.008407696046600466,-0.0056865722177608675,0.027271596284912956,0.1992655705383395,0.64654328209623,0.911846844378185,True
ml_today_elastic_net,top,all_a_ml_today_walk_forward_v1,capped_confirmation,microcap,微盘股,5,terminal_return,37,0.019735963302252222,0.02029691236991238,-0.01124567238044305,0.04141908858116006,1806,0.006631747656874123,0.013104215645378108,5,0.007172285634779712,-0.0009534641987901278,0.027161895489546343,0.06769034082245232,0.64654328209623,0.911846844378185,True
ml_today_elastic_net,top,all_a_ml_today_walk_forward_v1,capped_confirmation,microcap,微盘股,10,max_down,37,-0.03822655493507993,-0.02264314594731931,-0.04360185006745043,-0.006257707562577042,1801,-0.03820298269582894,-2.3572239250984466e-05,10,0.010470284230329648,-0.020545329330697092,0.020498184852195126,0.9982036867901586,0.9982036867901586,0.9991778503372458,True
ml_today_elastic_net,top,all_a_ml_today_walk_forward_v1,capped_confirmation,microcap,微盘股,10,max_up,37,0.055776427391037844,0.04920397019976952,0.020955363792863446,0.06313631501802486,1801,0.04291259261559722,0.01286383477544063,10,0.009103679136207042,-0.0049793763315251725,0.03070704588240643,0.15764486726708385,0.64654328209623,0.911846844378185,True
ml_today_elastic_net,top,all_a_ml_today_walk_forward_v1,capped_confirmation,microcap,微盘股,10,terminal_return,37,0.01858465810770028,0.03548508497405223,-0.009969017543600689,0.05762766247187834,1801,0.013429022164634563,0.005155635943065722,10,0.013695764434272296,-0.021688062348107977,0.031999334234239424,0.7065896843183497,0.8903030022411206,0.9991778503372458,True
ml_today_elastic_net,top,all_a_ml_today_walk_forward_v1,capped_confirmation,microcap,微盘股,20,max_down,37,-0.04485242585279875,-0.023813075437767894,-0.05965431859008585,-0.006486486486486531,1791,-0.05557776396817637,0.010725338115377606,20,0.011768271542401796,-0.012340474107729914,0.03379115033848513,0.36209649483960493,0.6784031457828078,0.9991778503372458,True
ml_today_elastic_net,top,all_a_ml_today_walk_forward_v1,capped_confirmation,microcap,微盘股,20,max_up,37,0.08471145119733854,0.06844829302279276,0.02629485991653202,0.11237608037848767,1791,0.0662247054124783,0.01848674578486026,20,0.013713245486211827,-0.008391215368114921,0.04536470693783544,0.1776281082116151,0.64654328209623,0.911846844378185,True
ml_today_elastic_net,top,all_a_ml_today_walk_forward_v1,capped_confirmation,microcap,微盘股,20,terminal_return,37,0.042132992026684565,0.04362917673527189,-0.005002406429452155,0.08711628837116314,1791,0.026208191930778686,0.015924800095905876,20,0.01615494472640682,-0.015738891567851493,0.047588491759663246,0.32425388281071593,0.6784031457828078,0.9964875422963465,True
ml_today_elastic_net,top,all_a_ml_today_walk_forward_v1,capped_confirmation,sse_composite,上证指数,5,max_down,37,-0.01495218502004696,-0.010680555555555582,-0.01966657247810122,-0.0048109268556553175,1806,-0.016361082194917085,0.0014088971748701228,5,0.0027184968638674072,-0.0039193566783099956,0.006737151028050241,0.6042745701967551,0.7931103733832411,0.9991778503372458,True
ml_today_elastic_net,top,all_a_ml_today_walk_forward_v1,capped_confirmation,sse_composite,上证指数,5,max_up,37,0.02328173192160908,0.014769970588866643,0.008299801140872587,0.0220272128142458,1806,0.015475670904698587,0.0078060610169104925,5,0.00574515266746385,-0.0034544382113186533,0.019066560245139638,0.17423493558832195,0.64654328209623,0.911846844378185,True
ml_today_elastic_net,top,all_a_ml_today_walk_forward_v1,capped_confirmation,sse_composite,上证指数,5,terminal_return,37,0.007427190118348599,0.007945299923358462,-0.007251063031306182,0.0167406817388267,1806,0.0014070923230225336,0.00602009779532607,5,0.004496211023334123,-0.0027924758104088112,0.01483267140106095,0.18059447812932997,0.64654328209623,0.911846844378185,True
ml_today_elastic_net,top,all_a_ml_today_walk_forward_v1,capped_confirmation,sse_composite,上证指数,10,max_down,37,-0.02454263628820011,-0.012015995254871403,-0.029729235576683388,-0.005982899103638362,1801,-0.023444414887525383,-0.0010982214006747208,10,0.005810319449437364,-0.012486447521571954,0.010290004720222512,0.8500832361961262,0.9737317069155628,0.9991778503372458,True
ml_today_elastic_net,top,all_a_ml_today_walk_forward_v1,capped_confirmation,sse_composite,上证指数,10,max_up,37,0.030393751974536077,0.01910273121140338,0.008299801140872587,0.03434937152429396,1801,0.02323002933287607,0.007163722641660005,10,0.0059246138033206735,-0.004448520412848516,0.018775965696168524,0.22660678789997626,0.64654328209623,0.9132304185074978,True
ml_today_elastic_net,top,all_a_ml_today_walk_forward_v1,capped_confirmation,sse_composite,上证指数,10,terminal_return,37,0.003130300212098222,0.007206151965777119,-0.011160404993132533,0.02555073646240391,1801,0.0029186633186603682,0.00021163689343786193,10,0.007033800769557936,-0.013574612614895693,0.013997886401771416,0.9759964292797637,0.9982036867901586,0.9991778503372458,True
ml_today_elastic_net,top,all_a_ml_today_walk_forward_v1,capped_confirmation,sse_composite,上证指数,20,max_down,37,-0.028857430988274823,-0.012015995254871403,-0.039015290652031354,-0.006470344822869234,1791,-0.03361375800373496,0.004756327015460127,20,0.007008413903510544,-0.008980164235420538,0.01849281826634079,0.4973536024691947,0.721849889705131,0.9991778503372458,True
ml_today_elastic_net,top,all_a_ml_today_walk_forward_v1,capped_confirmation,sse_composite,上证指数,20,max_up,37,0.04121069852866084,0.03434937152429396,0.013406911224506768,0.05154884993917941,1791,0.03491727139752981,0.00629342713113104,20,0.007459968498098804,-0.008328111125142618,0.020914965387404696,0.39887814992515674,0.6784031457828078,0.9991778503372458,True
ml_today_elastic_net,top,all_a_ml_today_walk_forward_v1,capped_confirmation,sse_composite,上证指数,20,terminal_return,37,0.01011660170463032,0.008253102871512707,-0.010131347397180024,0.03856330743715075,1791,0.005475783692337281,0.004640818012293042,20,0.007762382392415875,-0.010573451476842074,0.019855087501428156,0.5499333452626346,0.7699066833676884,0.9991778503372458,True
ml_today_elastic_net,top,all_a_ml_today_walk_forward_v1,onset,all_a,全A,5,max_down,37,-0.017356958326114856,-0.011212769214099638,-0.024654075046133705,-0.0038221563846287943,1806,-0.019905303449915777,0.002548345123800923,5,0.0030309481590497173,-0.003392313267936523,0.008489003515538369,0.4004740532309936,0.7091604484447293,0.9991778503372458,True
ml_today_elastic_net,top,all_a_ml_today_walk_forward_v1,onset,all_a,全A,5,max_up,37,0.027961441705531675,0.013618547198429143,0.008781485802134004,0.02716393015726548,1806,0.018439821468377648,0.009521620237154029,5,0.008403719805662046,-0.00694967058194358,0.025992911056251636,0.25720397453259797,0.6503368549139417,0.9325957062189164,True
ml_today_elastic_net,top,all_a_ml_today_walk_forward_v1,onset,all_a,全A,5,terminal_return,37,0.011554651157917806,0.005743631009054617,-0.007483088069144772,0.02004224086718187,1806,0.0016980298426440554,0.00985662131527374,5,0.0060047409607114485,-0.0019126709677206987,0.02162591359826818,0.10069922736395315,0.6503368549139417,0.911846844378185,True
ml_today_elastic_net,top,all_a_ml_today_walk_forward_v1,onset,all_a,全A,10,max_down,37,-0.028904720322386973,-0.017869133415543637,-0.035124292399575485,-0.006328622380564752,1801,-0.02879729285385121,-0.00010742746853575853,10,0.006348245530225226,-0.012549988707777203,0.012335133770705685,0.9864985329666303,0.9991778503372458,0.9991778503372458,True
ml_today_elastic_net,top,all_a_ml_today_walk_forward_v1,onset,all_a,全A,10,max_up,37,0.037827895147980066,0.02212365988187326,0.012205346006809448,0.03746102446871302,1801,0.027602080797784385,0.010225814350195685,10,0.00838306880221618,-0.006205000502148027,0.026656629202539396,0.22253405130658088,0.6503368549139417,0.911846844378185,True
ml_today_elastic_net,top,all_a_ml_today_walk_forward_v1,onset,all_a,全A,10,terminal_return,37,0.007312354293350519,0.010774604683984501,-0.017980321861529647,0.02491530217816007,1801,0.003567207788095545,0.0037451465052549724,10,0.009048587312668567,-0.013990084627575417,0.02148037763808536,0.6789525064815866,0.8387060374184304,0.9991778503372458,True
ml_today_elastic_net,top,all_a_ml_today_walk_forward_v1,onset,all_a,全A,20,max_down,37,-0.034946158908525496,-0.022968587598329204,-0.03763662334000428,-0.008285103719113174,1791,-0.04140003854563855,0.006453879637113049,20,0.008165589468757416,-0.009550675721651487,0.022458434995877585,0.4293086648923392,0.7091604484447293,0.9991778503372458,True
ml_today_elastic_net,top,all_a_ml_today_walk_forward_v1,onset,all_a,全A,20,max_up,37,0.05167820500998072,0.036875000248246304,0.016442119870371252,0.0627799378537528,1791,0.041583390528169194,0.010094814481811543,20,0.010574907963372515,-0.010632005126398586,0.03082163409002167,0.33977966603756793,0.7091604484447293,0.9991778503372458,True
ml_today_elastic_net,top,all_a_ml_today_walk_forward_v1,onset,all_a,全A,20,terminal_return,37,0.016392882601436433,0.010024408002852647,-0.021063390466212084,0.048325267756218926,1791,0.00681806845236277,0.009574814149073674,20,0.01153982721721302,-0.013043247196663842,0.03219287549481119,0.40669766421851444,0.7091604484447293,0.9991778503372458,True
ml_today_elastic_net,top,all_a_ml_today_walk_forward_v1,onset,cni2000,国证2000,5,max_down,37,-0.023011991871539603,-0.017334782596126974,-0.03458346920825295,-0.00633963712045027,1806,-0.02532233029805986,0.0023103384265202535,5,0.003772965695226398,-0.005084674336123486,0.009705351189163993,0.5403127226245557,0.7091604484447293,0.9991778503372458,True
ml_today_elastic_net,top,all_a_ml_today_walk_forward_v1,onset,cni2000,国证2000,5,max_up,37,0.03376917478035826,0.017367424897708705,0.011452184039024038,0.0324806534599027,1806,0.022653729027056646,0.01111544575330162,5,0.009544519984573625,-0.007591813416462683,0.029822704923065924,0.24418528104403653,0.6503368549139417,0.9146950227562057,True
ml_today_elastic_net,top,all_a_ml_today_walk_forward_v1,onset,cni2000,国证2000,5,terminal_return,37,0.014318987172252464,0.006657444335938845,-0.011478788235640414,0.025111802077920187,1806,0.0023202463175336645,0.011998740854718783,5,0.007236350327761033,-0.0021845057876928413,0.026181987497130407,0.09729314605331918,0.6503368549139417,0.911846844378185,True
ml_today_elastic_net,top,all_a_ml_today_walk_forward_v1,onset,cni2000,国证2000,10,max_down,37,-0.037330044485142606,-0.020729711735427925,-0.05698178122337816,-0.00633963712045027,1801,-0.0371205048158286,-0.0002095396693140037,10,0.008482098861884155,-0.01683445343860695,0.016415374099978938,0.9802912620882462,0.9991778503372458,0.9991778503372458,True
ml_today_elastic_net,top,all_a_ml_today_walk_forward_v1,onset,cni2000,国证2000,10,max_up,37,0.04711871820009666,0.027936489208682858,0.01689035262378069,0.04507836438686219,1801,0.03421694803316511,0.012901770166931562,10,0.009853226128016677,-0.006410553043981124,0.03221409337784425,0.19040040763625518,0.6503368549139417,0.911846844378185,True
ml_today_elastic_net,top,all_a_ml_today_walk_forward_v1,onset,cni2000,国证2000,10,terminal_return,37,0.008894913415481792,0.012069833547990516,-0.012665346695385216,0.040204782029100494,1801,0.004779580830465417,0.0041153325850163775,10,0.011546288947725617,-0.01851539375252583,0.026746058922558588,0.7215257762561695,0.8417800722988644,0.9991778503372458,True
ml_today_elastic_net,top,all_a_ml_today_walk_forward_v1,onset,cni2000,国证2000,20,max_down,37,-0.04618448803825311,-0.03441575715051248,-0.062010186357346786,-0.007028557902637234,1791,-0.0542442175943956,0.008059729556142493,20,0.010455836998786047,-0.012433710961478156,0.028553170073763144,0.44080448678635936,0.7091604484447293,0.9991778503372458,True
ml_today_elastic_net,top,all_a_ml_today_walk_forward_v1,onset,cni2000,国证2000,20,max_up,37,0.06677884468999042,0.05218478096913781,0.020700463498678268,0.08330734420151575,1791,0.05116610530117443,0.015612739388816018,20,0.013331098702943323,-0.010516214068952895,0.04174169284658493,0.2415377913235976,0.6503368549139417,0.9146950227562057,True
ml_today_elastic_net,top,all_a_ml_today_walk_forward_v1,onset,cni2000,国证2000,20,terminal_return,37,0.024914096526828126,0.015143770168434934,-0.03738471839978941,0.06461241519844729,1791,0.009012120373399352,0.015901976153428775,20,0.015264885780459939,-0.014017199976272703,0.04582115228313025,0.29753424236706816,0.6503368549139417,0.9671676303848363,True
ml_today_elastic_net,top,all_a_ml_today_walk_forward_v1,onset,csi1000,中证1000,5,max_down,37,-0.022168333788264227,-0.016523685624702855,-0.03479259112082478,-0.006248731994319301,1806,-0.024966150190728176,0.002797816402463946,5,0.003739459854615478,-0.00453152491258239,0.010127157717510283,0.4543471853648291,0.7091604484447293,0.9991778503372458,True
ml_today_elastic_net,top,all_a_ml_today_walk_forward_v1,onset,csi1000,中证1000,5,max_up,37,0.03341763626300652,0.01627520381785641,0.009933928454064933,0.035172059174480186,1806,0.02245714356485792,0.010960492698148595,5,0.009606572774770599,-0.007868389940401779,0.029789375336698967,0.25389621114647654,0.6503368549139417,0.9325957062189164,True
ml_today_elastic_net,top,all_a_ml_today_walk_forward_v1,onset,csi1000,中证1000,5,terminal_return,37,0.014274281377750364,0.00532338004038424,-0.008272022270829238,0.0232850568640508,1806,0.001895921801084385,0.012378359576665983,5,0.007442285830756133,-0.0022085206516160374,0.026965239804948003,0.09626300316368261,0.6503368549139417,0.911846844378185,True
ml_today_elastic_net,top,all_a_ml_today_walk_forward_v1,onset,csi1000,中证1000,10,max_down,37,-0.0362589559522084,-0.021570317644708403,-0.05039831072500511,-0.006248731994319301,1801,-0.03656213927014901,0.00030318331794060185,10,0.008128751851499751,-0.01562917031099891,0.016235536946880114,0.9702476815293972,0.9991778503372458,0.9991778503372458,True
ml_today_elastic_net,top,all_a_ml_today_walk_forward_v1,onset,csi1000,中证1000,10,max_up,37,0.04550850863454122,0.02781082229630072,0.01464772509118828,0.04297850459701946,1801,0.0336451310691885,0.011863377565352736,10,0.00991865616073916,-0.007577188509696015,0.03130394364040149,0.23167040447229195,0.6503368549139417,0.9132304185074978,True
ml_today_elastic_net,top,all_a_ml_today_walk_forward_v1,onset,csi1000,中证1000,10,terminal_return,37,0.008201592785679989,0.010835031700233921,-0.02903596550873422,0.037998173685595216,1801,0.003963408783519142,0.004238184002160842,10,0.011249235979458561,-0.017810318517577937,0.026286686521899617,0.7063571321990091,0.8417800722988644,0.9991778503372458,True
ml_today_elastic_net,top,all_a_ml_today_walk_forward_v1,onset,csi1000,中证1000,20,max_down,37,-0.04571651197442959,-0.03807617197083435,-0.058653642353591606,-0.0070694735265568465,1791,-0.05316781967523931,0.007451307700809731,20,0.01030467316873288,-0.012745851709906716,0.027648467111526177,0.4696185367831175,0.7091604484447293,0.9991778503372458,True
ml_today_elastic_net,top,all_a_ml_today_walk_forward_v1,onset,csi1000,中证1000,20,max_up,37,0.06497046518382253,0.046043218472102465,0.017436607679032434,0.08295094458563557,1791,0.05030316015408253,0.014667305029739994,20,0.01342133574733316,-0.011638513035033,0.04097312309451299,0.2744662652211415,0.6503368549139417,0.9436037090053088,True
ml_today_elastic_net,top,all_a_ml_today_walk_forward_v1,onset,csi1000,中证1000,20,terminal_return,37,0.023817282068106484,0.010322976663493355,-0.03235156094651026,0.059269316603461464,1791,0.0074421732355301005,0.016375108832576382,20,0.015201409352686846,-0.013419653498689836,0.0461698711638426,0.28138649803748716,0.6503368549139417,0.944803449996127,True
ml_today_elastic_net,top,all_a_ml_today_walk_forward_v1,onset,csi300,沪深300,5,max_down,37,-0.015970818657250477,-0.010176323271326893,-0.020587176638132032,-0.005203235022329777,1806,-0.018164428092752222,0.0021936094355017415,5,0.002717669773285212,-0.003133023320137274,0.007520242191140757,0.41957110675564746,0.7091604484447293,0.9991778503372458,True
ml_today_elastic_net,top,all_a_ml_today_walk_forward_v1,onset,csi300,沪深300,5,max_up,37,0.026246562412584593,0.01639657737469835,0.0086652630678965,0.028533659181428694,1806,0.018127878939531314,0.008118683473053289,5,0.007649406676908452,-0.006874153613687277,0.023111520559793854,0.28853172020030665,0.6503368549139417,0.944803449996127,True
ml_today_elastic_net,top,all_a_ml_today_walk_forward_v1,onset,csi300,沪深300,5,terminal_return,37,0.009195806953987902,0.007946031187981317,-0.007878560083417252,0.02011852178328799,1806,0.001410149388448993,0.0077856575655389166,5,0.0053591773813356,-0.0027183301018788584,0.018289645232956692,0.14628734205875565,0.6503368549139417,0.911846844378185,True
ml_today_elastic_net,top,all_a_ml_today_walk_forward_v1,onset,csi300,沪深300,10,max_down,37,-0.026031616671581773,-0.016844872784524734,-0.03334010195684456,-0.005386447235168679,1801,-0.02602596406473146,-5.6526068503186885e-06,10,0.005485773625382647,-0.010757768912600307,0.01074646369889967,0.9991778503372458,0.9991778503372458,0.9991778503372458,True
ml_today_elastic_net,top,all_a_ml_today_walk_forward_v1,onset,csi300,沪深300,10,max_up,37,0.03550020870387025,0.02492805338413695,0.010002730904310475,0.0373578816653406,1801,0.027234714670674127,0.008265494033196121,10,0.007780026980531484,-0.006983358848645586,0.02351434691503783,0.28805452055864034,0.6503368549139417,0.944803449996127,True
ml_today_elastic_net,top,all_a_ml_today_walk_forward_v1,onset,csi300,沪深300,10,terminal_return,37,0.004611916046151601,-0.006012850845135365,-0.011855631109579545,0.019351926061946356,1801,0.0029772588294016385,0.0016346572167499497,10,0.007904791897371576,-0.01385873490209834,0.01712804933559824,0.8361713664949564,0.9256815303901745,0.9991778503372458,True
ml_today_elastic_net,top,all_a_ml_today_walk_forward_v1,onset,csi300,沪深300,20,max_down,37,-0.03205816451744628,-0.019058764996551236,-0.04060532868792022,-0.006025040349750155,1791,-0.03685791995333428,0.004799755435888012,20,0.007449093453939763,-0.009800467733833924,0.019399978605609946,0.5193544117871524,0.7091604484447293,0.9991778503372458,True
ml_today_elastic_net,top,all_a_ml_today_walk_forward_v1,onset,csi300,沪深300,20,max_up,37,0.046863181379519024,0.030655654456783088,0.018677501485600656,0.05121218435858799,1791,0.041232615345702626,0.005630566033816399,20,0.00880862369966822,-0.011634336417533314,0.02289546848516611,0.5226859082344751,0.7091604484447293,0.9991778503372458,True
ml_today_elastic_net,top,all_a_ml_today_walk_forward_v1,onset,csi300,沪深300,20,terminal_return,37,0.009312926982237462,0.00393200318981779,-0.012713622244032718,0.02641192902305134,1791,0.005727293105012617,0.0035856338772248353,20,0.009599249320312194,-0.015228894790587064,0.022400162545036736,0.708751984542694,0.8417800722988644,0.9991778503372458,True
ml_today_elastic_net,top,all_a_ml_today_walk_forward_v1,onset,csi500,中证500,5,max_down,37,-0.01943664340135387,-0.01086255304823136,-0.024763398621647004,-0.002563679863382906,1806,-0.021696362573107288,0.002259719171753418,5,0.003689686416532008,-0.004972066204649317,0.009491504548156154,0.5402453172788009,0.7091604484447293,0.9991778503372458,True
ml_today_elastic_net,top,all_a_ml_today_walk_forward_v1,onset,csi500,中证500,5,max_up,37,0.03266926684167904,0.017393270281472528,0.00778455151137214,0.03818128423297451,1806,0.020791404846649764,0.011877861995029252,5,0.00915003148676816,-0.006056199719036341,0.029811923709094842,0.19424523454280343,0.6503368549139417,0.911846844378185,True
ml_today_elastic_net,top,all_a_ml_today_walk_forward_v1,onset,csi500,中证500,5,terminal_return,37,0.014529533886633044,0.00731688306088496,-0.010241464397220401,0.026392533738741175,1806,0.00202685629498504,0.012502677591647995,5,0.007092119565045928,-0.0013978767558420237,0.026403231939138013,0.07791783252049216,0.6503368549139417,0.911846844378185,True
ml_today_elastic_net,top,all_a_ml_today_walk_forward_v1,onset,csi500,中证500,10,max_down,37,-0.030963878909160053,-0.01665627358955002,-0.04235418951785974,-0.005232894022755508,1801,-0.03135955678590761,0.00039567787674756256,10,0.00693169085948681,-0.013190436207846585,0.01398179196134171,0.954479518813208,0.9991778503372458,0.9991778503372458,True
ml_today_elastic_net,top,all_a_ml_today_walk_forward_v1,onset,csi500,中证500,10,max_up,37,0.04502661968998591,0.029788473530473647,0.01574507105271672,0.05233314775479525,1801,0.0310993793683818,0.013927240321604096,10,0.009359514080379012,-0.004417407275938768,0.03227188791914696,0.13674290935549083,0.6503368549139417,0.911846844378185,True
ml_today_elastic_net,top,all_a_ml_today_walk_forward_v1,onset,csi500,中证500,10,terminal_return,37,0.011175817657525317,0.012660704351628027,-0.018877276011741495,0.03942459859411751,1801,0.004215262648497866,0.0069605550090274726,10,0.010137028193458755,-0.012908020250151687,0.026829130268206634,0.49230551334666744,0.7091604484447293,0.9991778503372458,True
ml_today_elastic_net,top,all_a_ml_today_walk_forward_v1,onset,csi500,中证500,20,max_down,37,-0.03760126311974974,-0.02001869523617683,-0.05119729962016162,-0.008840101674442602,1791,-0.045140716432546135,0.007539453312796415,20,0.00894330850225847,-0.009989431351630183,0.025068337977223014,0.3992131699709869,0.7091604484447293,0.9991778503372458,True
ml_today_elastic_net,top,all_a_ml_today_walk_forward_v1,onset,csi500,中证500,20,max_up,37,0.06223675234817105,0.04254870191039606,0.018557888136484957,0.07978050949510873,1791,0.047229044813405695,0.015007707534765366,20,0.01212396492336972,-0.008755263715039284,0.038770678784570016,0.2157699242971415,0.6503368549139417,0.911846844378185,True
ml_today_elastic_net,top,all_a_ml_today_walk_forward_v1,onset,csi500,中证500,20,terminal_return,37,0.023970139289085257,0.01266416906472645,-0.028402946641414406,0.054452016983006946,1791,0.008199140055873902,0.015770999233211354,20,0.01345455956510013,-0.0105999375143849,0.04214193598080761,0.241129760667395,0.6503368549139417,0.9146950227562057,True
ml_today_elastic_net,top,all_a_ml_today_walk_forward_v1,onset,microcap,微盘股,5,max_down,37,-0.023331920808861227,-0.018159193487155778,-0.03166284134241781,-0.006735253660640761,1806,-0.026229446329489224,0.002897525520627998,5,0.004043485138781828,-0.005027705351384385,0.010822756392640381,0.473626428927435,0.7091604484447293,0.9991778503372458,True
ml_today_elastic_net,top,all_a_ml_today_walk_forward_v1,onset,microcap,微盘股,5,max_up,37,0.03773953254660592,0.027337841126534812,0.014627930682976631,0.04331317505148102,1806,0.02760890276917756,0.010130629777428365,5,0.00871406175721611,-0.006948931266715209,0.027210190821571938,0.24500759538112654,0.6503368549139417,0.9146950227562057,True
ml_today_elastic_net,top,all_a_ml_today_walk_forward_v1,onset,microcap,微盘股,5,terminal_return,37,0.016527583110699247,0.016785899844130814,-0.009107160019221516,0.0378572752548656,1806,0.006697478591031077,0.009830104519668165,5,0.006864356522456074,-0.0036240342643457397,0.02328424330368207,0.15212939725479546,0.6503368549139417,0.911846844378185,True
ml_today_elastic_net,top,all_a_ml_today_walk_forward_v1,onset,microcap,微盘股,10,max_down,37,-0.03848489522816758,-0.02038287838215891,-0.04874906352743569,-0.007850702453344405,1801,-0.03819767531612642,-0.0002872199120411664,10,0.009294718483796257,-0.01850486814028183,0.017930428316199495,0.9753481649860248,0.9991778503372458,0.9991778503372458,True
ml_today_elastic_net,top,all_a_ml_today_walk_forward_v1,onset,microcap,微盘股,10,max_up,37,0.057234595660380916,0.04303243744207608,0.02329805168847865,0.06889130605948379,1801,0.04288263579940305,0.014351959860977852,10,0.009621195151900287,-0.0045055826367467085,0.03320950235870242,0.13577718071061767,0.6503368549139417,0.911846844378185,True
ml_today_elastic_net,top,all_a_ml_today_walk_forward_v1,onset,microcap,微盘股,10,terminal_return,37,0.019202179117392488,0.03293346193764646,0.0011301168660586836,0.05926972208799519,1801,0.013416335725235004,0.0057858433921574946,10,0.012827800828560127,-0.019356646231820353,0.030928333016135345,0.6519611635683766,0.8214710660961546,0.9991778503372458,True
ml_today_elastic_net,top,all_a_ml_today_walk_forward_v1,onset,microcap,微盘股,20,max_down,37,-0.0463592490477666,-0.02559871610854303,-0.06772263961334146,-0.007850702453344405,1791,-0.05554663473410947,0.00918738568634286,20,0.011272669308686891,-0.012907046158683447,0.03128181753136917,0.41506417544867785,0.7091604484447293,0.9991778503372458,True
ml_today_elastic_net,top,all_a_ml_today_walk_forward_v1,onset,microcap,微盘股,20,max_up,37,0.08549156167682725,0.07256904200471603,0.030089333819976805,0.10302830241185612,1791,0.06620858922725155,0.019282972449575685,20,0.013936222175537237,-0.0080320230144773,0.04659796791362867,0.16646304256058236,0.6503368549139417,0.911846844378185,True
ml_today_elastic_net,top,all_a_ml_today_walk_forward_v1,onset,microcap,微盘股,20,terminal_return,37,0.04517826591726183,0.03535030574317566,-0.014847080630213227,0.08827659677497457,1791,0.026145280074859445,0.01903298584240238,20,0.017130052554788798,-0.014541917164983667,0.052607888849788426,0.2665307236221847,0.6503368549139417,0.9436037090053088,True
ml_today_elastic_net,top,all_a_ml_today_walk_forward_v1,onset,sse_composite,上证指数,5,max_down,37,-0.014656790635793072,-0.00828194611525257,-0.017651683222406622,-0.003117634299761418,1806,-0.016367134017850303,0.0017103433820572294,5,0.002570931998121302,-0.0033286833342605227,0.006749370098374981,0.5058829263026687,0.7091604484447293,0.9991778503372458,True
ml_today_elastic_net,top,all_a_ml_today_walk_forward_v1,onset,sse_composite,上证指数,5,max_up,37,0.022400621143231717,0.012289917359757041,0.007358596995026057,0.023008212482594548,1806,0.015493722454421714,0.00690689868881,5,0.006655302975606894,-0.006137495143379511,0.01995129252099951,0.2993614094048303,0.6503368549139417,0.9671676303848363,True
ml_today_elastic_net,top,all_a_ml_today_walk_forward_v1,onset,sse_composite,上证指数,5,terminal_return,37,0.007956095236804756,0.007092267801429575,-0.00668757571231815,0.012555262022859726,1806,0.0013962565038736533,0.006559838732931111,5,0.004288268184270794,-0.0018451669082396463,0.014964844374101869,0.12608667886630495,0.6503368549139417,0.911846844378185,True
ml_today_elastic_net,top,all_a_ml_today_walk_forward_v1,onset,sse_composite,上证指数,10,max_down,37,-0.02466902331535217,-0.014408111595594408,-0.029984573852680274,-0.0046403367439759036,1801,-0.02344181837447451,-0.001227204940877656,10,0.005268797601307502,-0.011554048239440359,0.009099638357685047,0.815824028337579,0.9256815303901745,0.9991778503372458,True
ml_today_elastic_net,top,all_a_ml_today_walk_forward_v1,onset,sse_composite,上证指数,10,max_up,37,0.031184028417742333,0.019542332496373493,0.013663101604278083,0.03393396894362266,1801,0.023213793781294373,0.00797023463644796,10,0.006719306372966753,-0.005199605854566877,0.0211400751274628,0.23555546509121966,0.6503368549139417,0.9132304185074978,True
ml_today_elastic_net,top,all_a_ml_today_walk_forward_v1,onset,sse_composite,上证指数,10,terminal_return,37,0.004363369824600079,0.0038175627301033632,-0.009252363791108609,0.0161853359229871,1801,0.0028933309612686037,0.0014700388633314752,10,0.007168650239526216,-0.012580515606139908,0.015520593332802859,0.8375213846387293,0.9256815303901745,0.9991778503372458,True
ml_today_elastic_net,top,all_a_ml_today_walk_forward_v1,onset,sse_composite,上证指数,20,max_down,37,-0.029912687893384356,-0.015004093819155129,-0.03840132179428246,-0.006180207777297997,1791,-0.033591957609827056,0.003679269716442704,20,0.006853793530456077,-0.009754165603251206,0.017112705036136613,0.591390314990099,0.7603589764158415,0.9991778503372458,True
ml_today_elastic_net,top,all_a_ml_today_walk_forward_v1,onset,sse_composite,上证指数,20,max_up,37,0.04195358578586442,0.02700276538305979,0.016687481564694462,0.04983354000431328,1791,0.0349019242012615,0.007051661584602937,20,0.007972771796364044,-0.00857497113627059,0.02267829430547646,0.37644362527162417,0.7091604484447293,0.9991778503372458,True
ml_today_elastic_net,top,all_a_ml_today_walk_forward_v1,onset,sse_composite,上证指数,20,terminal_return,37,0.010971152508804255,0.00977543188973895,-0.013311717466381046,0.03553351233761526,1791,0.005458129655623471,0.005513022853180799,20,0.008495949538429675,-0.011139038242141363,0.022165083948502962,0.5164029236125398,0.7091604484447293,0.9991778503372458,True
ml_today_shallow_gbdt,bottom,all_a_ml_today_walk_forward_v1,capped_confirmation,all_a,全A,5,max_down,49,-0.021213771817878185,-0.012430127317661799,-0.03288059514754127,-0.004124872705140947,1794,-0.019817007062172858,-0.0013967647557053258,5,0.003513465969040791,-0.008283158055025277,0.0054896285436146245,0.6909647854245304,0.9902271326695621,0.9991778503372458,True
ml_today_shallow_gbdt,bottom,all_a_ml_today_walk_forward_v1,capped_confirmation,all_a,全A,5,max_up,49,0.02256553813698506,0.01903060090013664,0.006086151817650043,0.032429216046015785,1794,0.018523511452777277,0.004042026684207799,5,0.003011256791031233,-0.0018600366262134177,0.009944089994629014,0.17949694667119115,0.9902271326695621,0.911846844378185,True
ml_today_shallow_gbdt,bottom,all_a_ml_today_walk_forward_v1,capped_confirmation,all_a,全A,5,terminal_return,49,0.004631997302107901,0.00977486898335922,-0.017090229867876672,0.027221807085763494,1794,0.0018211795545456163,0.0028108177475623048,5,0.00510609336102022,-0.007197125240037326,0.012818760735161937,0.5819881128873828,0.9902271326695621,0.9991778503372458,True
ml_today_shallow_gbdt,bottom,all_a_ml_today_walk_forward_v1,capped_confirmation,all_a,全A,10,max_down,49,-0.031223273494762425,-0.020845111774307035,-0.04302205686773941,-0.0063419536691953216,1789,-0.02873306801591447,-0.002490205478847946,10,0.0061469143139882415,-0.0145381575342649,0.009557746576569007,0.6853931859630145,0.9902271326695621,0.9991778503372458,True
ml_today_shallow_gbdt,bottom,all_a_ml_today_walk_forward_v1,capped_confirmation,all_a,全A,10,max_up,49,0.03145302131404236,0.030165449249576426,0.008594736724839347,0.049877916961856616,1789,0.027708094797594666,0.003744926516447692,10,0.004656647571257809,-0.005382102723217613,0.012871955756112996,0.4212752118125703,0.9902271326695621,0.9991778503372458,True
ml_today_shallow_gbdt,bottom,all_a_ml_today_walk_forward_v1,capped_confirmation,all_a,全A,10,terminal_return,49,0.005636113641145883,0.01563330781105554,-0.02302242610283345,0.04044917781060642,1789,0.0035879981927321946,0.0020481154484136986,10,0.008380973977105263,-0.014378593546712618,0.018474824443540015,0.8069390222191257,0.9902271326695621,0.9991778503372458,True
ml_today_shallow_gbdt,bottom,all_a_ml_today_walk_forward_v1,capped_confirmation,all_a,全A,20,max_down,49,-0.04195873583760306,-0.024025377324051855,-0.052057066496495,-0.00878551424296925,1779,-0.04125042094368271,-0.0007083148939203451,20,0.008262549467211193,-0.016902911849654284,0.015486282061813593,0.9316842737686193,0.9902271326695621,0.9991778503372458,True
ml_today_shallow_gbdt,bottom,all_a_ml_today_walk_forward_v1,capped_confirmation,all_a,全A,20,max_up,49,0.041445691572655416,0.03184627686670605,0.008594736724839347,0.07185557349960536,1779,0.041797137231174925,-0.0003514456585195153,20,0.007768472703781305,-0.015577652157930874,0.014874760840891843,0.9639160162650534,0.9902271326695621,0.9991778503372458,True
ml_today_shallow_gbdt,bottom,all_a_ml_today_walk_forward_v1,capped_confirmation,all_a,全A,20,terminal_return,49,0.0038308042159916514,0.0018964133949894713,-0.026245126507927874,0.04839752616983706,1779,0.007099487266920336,-0.003268683050928689,20,0.011305327554206004,-0.02542712505717246,0.01888975895531508,0.7724836773312694,0.9902271326695621,0.9991778503372458,True
ml_today_shallow_gbdt,bottom,all_a_ml_today_walk_forward_v1,capped_confirmation,cni2000,国证2000,5,max_down,49,-0.026369959879073014,-0.013928469928115361,-0.03874272946917445,-0.006108812711166922,1794,-0.025246066991899938,-0.001123892887173075,5,0.00474835102654509,-0.01043066089920145,0.008182875124855302,0.8128963648914345,0.9902271326695621,0.9991778503372458,True
ml_today_shallow_gbdt,bottom,all_a_ml_today_walk_forward_v1,capped_confirmation,cni2000,国证2000,5,max_up,49,0.028545854300655062,0.019398168501594704,0.008622433254998674,0.04108765040272977,1794,0.02272204416332523,0.005823810137329836,5,0.00381942216144163,-0.001662257299095758,0.01330987757375543,0.12731191478944737,0.9902271326695621,0.911846844378185,True
ml_today_shallow_gbdt,bottom,all_a_ml_today_walk_forward_v1,capped_confirmation,cni2000,国证2000,5,terminal_return,49,0.006945255720556469,0.007262252264190527,-0.01994381800822209,0.035144774367436904,1794,0.0024413878732061716,0.004503867847350297,5,0.0064437398681855195,-0.00812586229429332,0.017133597988993915,0.4845817397665415,0.9902271326695621,0.9991778503372458,True
ml_today_shallow_gbdt,bottom,all_a_ml_today_walk_forward_v1,capped_confirmation,cni2000,国证2000,10,max_down,49,-0.03859590327926662,-0.02345519249433836,-0.06228934438536449,-0.00861806027119405,1789,-0.037084427925418405,-0.001511475353848215,10,0.007632746495982777,-0.01647165848597446,0.013448707778278028,0.8430254291368444,0.9902271326695621,0.9991778503372458,True
ml_today_shallow_gbdt,bottom,all_a_ml_today_walk_forward_v1,capped_confirmation,cni2000,国证2000,10,max_up,49,0.03968904692660337,0.032869511172959553,0.009646269095333615,0.06291988882724309,1789,0.03433390312002815,0.00535514380657521,10,0.005869544858536114,-0.0061491641161555725,0.01685945172930599,0.3615787135445253,0.9902271326695621,0.9991778503372458,True
ml_today_shallow_gbdt,bottom,all_a_ml_today_walk_forward_v1,capped_confirmation,cni2000,国证2000,10,terminal_return,49,0.009762868287295433,0.014689361979869586,-0.03359876160990716,0.05166508377335921,1789,0.004728203647827595,0.005034664639467833,10,0.010315644443271627,-0.015183998469344553,0.02525332774828022,0.6255065727900786,0.9902271326695621,0.9991778503372458,True
ml_today_shallow_gbdt,bottom,all_a_ml_today_walk_forward_v1,capped_confirmation,cni2000,国证2000,20,max_down,49,-0.0533720183369466,-0.029033130493576698,-0.07839064815724017,-0.009312530032734023,1779,-0.05410061319306773,0.0007285948561211224,20,0.010579936619175733,-0.020008080917463315,0.021465270629705557,0.9450965124675752,0.9902271326695621,0.9991778503372458,True
ml_today_shallow_gbdt,bottom,all_a_ml_today_walk_forward_v1,capped_confirmation,cni2000,国证2000,20,max_up,49,0.05311271110829383,0.03763561894977485,0.011376948776327334,0.08712107809025049,1779,0.05143720573559676,0.001675505372697061,20,0.009855113275613104,-0.01764051664750462,0.020991527392898744,0.8649992746185573,0.9902271326695621,0.9991778503372458,True
ml_today_shallow_gbdt,bottom,all_a_ml_today_walk_forward_v1,capped_confirmation,cni2000,国证2000,20,terminal_return,49,0.009499172019428194,0.006725739590904611,-0.03219041975746206,0.0677183351912396,1779,0.009329437735412536,0.000169734284015646,20,0.013857241043756926,-0.02699045816174793,0.02732992672977922,0.9902271326695621,0.9902271326695621,0.9991778503372458,True
ml_today_shallow_gbdt,bottom,all_a_ml_today_walk_forward_v1,capped_confirmation,csi1000,中证1000,5,max_down,49,-0.026494785024437174,-0.01368254281381398,-0.03854248027326601,-0.005285092028558314,1794,-0.024866695166345286,-0.001628089858091892,5,0.004752253861747519,-0.01094250742711703,0.007686327710933246,0.7319045183774839,0.9902271326695621,0.9991778503372458,True
ml_today_shallow_gbdt,bottom,all_a_ml_today_walk_forward_v1,capped_confirmation,csi1000,中证1000,5,max_up,49,0.027088108239879963,0.017987739430953775,0.006808729710086503,0.04304065998821449,1794,0.022556709317787364,0.0045313989220926,5,0.0037001100175341347,-0.002720816712274304,0.011783614556459505,0.22070109079596315,0.9902271326695621,0.911846844378185,True
ml_today_shallow_gbdt,bottom,all_a_ml_today_walk_forward_v1,capped_confirmation,csi1000,中证1000,5,terminal_return,49,0.004669127506044435,0.007441833328727165,-0.02126481575161776,0.03217674783865099,1794,0.002075471536197873,0.0025936559698465428,5,0.006401053888029836,-0.009952409650691937,0.01513972159038502,0.6853363686098184,0.9902271326695621,0.9991778503372458,True
ml_today_shallow_gbdt,bottom,all_a_ml_today_walk_forward_v1,capped_confirmation,csi1000,中证1000,10,max_down,49,-0.03880856055881242,-0.024023839984065876,-0.059912948566889,-0.008350763202444433,1789,-0.03649434026181568,-0.0023142202969967393,10,0.007579399143897543,-0.017169842619035924,0.012541402025042444,0.7601145926864916,0.9902271326695621,0.9991778503372458,True
ml_today_shallow_gbdt,bottom,all_a_ml_today_walk_forward_v1,capped_confirmation,csi1000,中证1000,10,max_up,49,0.037416876613799034,0.03450880474445439,0.008046760688540378,0.0623232716416684,1789,0.03378718218055358,0.0036296944332454366,10,0.00575181153071135,-0.007643856166948808,0.014903245033439682,0.528006267345547,0.9902271326695621,0.9991778503372458,True
ml_today_shallow_gbdt,bottom,all_a_ml_today_walk_forward_v1,capped_confirmation,csi1000,中证1000,10,terminal_return,49,0.005843111327868035,0.01648972040050034,-0.031097188519090935,0.04797923072042587,1789,0.003999578366194858,0.001843532961673162,10,0.010295561830324387,-0.018335768225762637,0.022022834149108963,0.8578898529630687,0.9902271326695621,0.9991778503372458,True
ml_today_shallow_gbdt,bottom,all_a_ml_today_walk_forward_v1,capped_confirmation,csi1000,中证1000,20,max_down,49,-0.05388606283073324,-0.02826184991899372,-0.0759460769790179,-0.011468772515883852,1779,-0.05299306290202448,-0.0008929999287087516,20,0.010518445488585127,-0.021509153086335598,0.019723153228918096,0.9323421081643279,0.9902271326695621,0.9991778503372458,True
ml_today_shallow_gbdt,bottom,all_a_ml_today_walk_forward_v1,capped_confirmation,csi1000,中证1000,20,max_up,49,0.05005605975927707,0.03450880474445439,0.00809232934182047,0.0769345677952904,1779,0.05061501974117968,-0.0005589599819025988,20,0.009882522587917535,-0.01992870425422097,0.018810784290415772,0.9548953358000125,0.9902271326695621,0.9991778503372458,True
ml_today_shallow_gbdt,bottom,all_a_ml_today_walk_forward_v1,capped_confirmation,csi1000,中证1000,20,terminal_return,49,0.004072702191229927,-0.0007501279392355675,-0.03997144659517249,0.05152708734517786,1779,0.007875553284982623,-0.003802851093752685,20,0.014066022189574492,-0.03137225458531869,0.02376655239781332,0.7868854245104102,0.9902271326695621,0.9991778503372458,True
ml_today_shallow_gbdt,bottom,all_a_ml_today_walk_forward_v1,capped_confirmation,csi300,沪深300,5,max_down,49,-0.0192587208228747,-0.016357261665296274,-0.024222116243666547,-0.004884666144373662,1794,-0.01808929771767442,-0.0011694231052002749,5,0.0028647944647722506,-0.006784420256153886,0.004445574045753336,0.683123259472308,0.9902271326695621,0.9991778503372458,True
ml_today_shallow_gbdt,bottom,all_a_ml_today_walk_forward_v1,capped_confirmation,csi300,沪深300,5,max_up,49,0.020105164209376858,0.015353275579034431,0.0063709386213217645,0.02898348714605281,1794,0.018241315009921804,0.0018638491994550552,5,0.002684623431113375,-0.0033980127255271602,0.007125711124437271,0.48751390766611524,0.9902271326695621,0.9991778503372458,True
ml_today_shallow_gbdt,bottom,all_a_ml_today_walk_forward_v1,capped_confirmation,csi300,沪深300,5,terminal_return,49,0.003376698829967067,0.005717957833137222,-0.013721052643268172,0.021833740189516337,1794,0.0015170102620780644,0.0018596885678890092,5,0.004444759465790443,-0.006852039985060259,0.010571417120838277,0.6756544879907331,0.9902271326695621,0.9991778503372458,True
ml_today_shallow_gbdt,bottom,all_a_ml_today_walk_forward_v1,capped_confirmation,csi300,沪深300,10,max_down,49,-0.027760778303481316,-0.01841162873542601,-0.044012688342585315,-0.006046714862463998,1789,-0.025978565098132636,-0.0017822132053486783,10,0.005538705482581211,-0.01263807595120785,0.009073649540510494,0.7476236680927546,0.9902271326695621,0.9991778503372458,True
ml_today_shallow_gbdt,bottom,all_a_ml_today_walk_forward_v1,capped_confirmation,csi300,沪深300,10,max_up,49,0.029467468233111634,0.027005041656237738,0.008221555477115006,0.04709383637460318,1789,0.027344506931528696,0.0021229613015829444,10,0.0042011927979641135,-0.006111376582426718,0.010357299185592606,0.6133316644836666,0.9902271326695621,0.9991778503372458,True
ml_today_shallow_gbdt,bottom,all_a_ml_today_walk_forward_v1,capped_confirmation,csi300,沪深300,10,terminal_return,49,0.0038463519480477874,0.015668571670925502,-0.027464673792083505,0.03648281453724689,1789,0.0029872626048102957,0.0008590893432374849,10,0.007472068675622915,-0.013786165260983429,0.0155043439474584,0.9084661844388782,0.9902271326695621,0.9991778503372458,True
ml_today_shallow_gbdt,bottom,all_a_ml_today_walk_forward_v1,capped_confirmation,csi300,沪深300,20,max_down,49,-0.037120487345972765,-0.024222116243666547,-0.05995934456715801,-0.006182760573195778,1779,-0.036750861632161076,-0.00036962571381168446,20,0.007137958279152675,-0.014360023940950928,0.013620772513327557,0.9587015098466768,0.9902271326695621,0.9991778503372458,True
ml_today_shallow_gbdt,bottom,all_a_ml_today_walk_forward_v1,capped_confirmation,csi300,沪深300,20,max_up,49,0.0388423150762479,0.043197595185422655,0.009689375220614194,0.05932189461920245,1779,0.0414155583791228,-0.0025732433028748873,20,0.006705285882595367,-0.015715603632761806,0.010569117027012031,0.701153817918313,0.9902271326695621,0.9991778503372458,True
ml_today_shallow_gbdt,bottom,all_a_ml_today_walk_forward_v1,capped_confirmation,csi300,沪深300,20,terminal_return,49,0.0007712702777050559,-0.009638032325310797,-0.030318262883055835,0.038133661319224244,1779,0.0059383743708897345,-0.005167104093184655,20,0.010002296862870552,-0.024771605944410933,0.014437397758041625,0.6054411722989065,0.9902271326695621,0.9991778503372458,True
ml_today_shallow_gbdt,bottom,all_a_ml_today_walk_forward_v1,capped_confirmation,csi500,中证500,5,max_down,49,-0.023185262934041835,-0.011840218855408091,-0.0358444201234861,-0.004924370910772358,1794,-0.021609090707421293,-0.0015761722266205364,5,0.0041921253110685725,-0.009792737836314937,0.006640393383073865,0.7069287583792735,0.9902271326695621,0.9991778503372458,True
ml_today_shallow_gbdt,bottom,all_a_ml_today_walk_forward_v1,capped_confirmation,csi500,中证500,5,max_up,49,0.024268998998461244,0.01969888791379537,0.006627369433197083,0.03413077242952944,1794,0.02094139301854348,0.0033276059799177814,5,0.0032355067326281517,-0.003013987216033396,0.009669199175868958,0.30373106682436746,0.9902271326695621,0.9750018616506895,True
ml_today_shallow_gbdt,bottom,all_a_ml_today_walk_forward_v1,capped_confirmation,csi500,中证500,5,terminal_return,49,0.0044834518984912764,0.009532304105054124,-0.018990370872501883,0.026376627943122566,1794,0.002217617658596617,0.002265834239894665,5,0.0055346897792654965,-0.00858215772746571,0.013113826207255038,0.6822551221756379,0.9902271326695621,0.9991778503372458,True
ml_today_shallow_gbdt,bottom,all_a_ml_today_walk_forward_v1,capped_confirmation,csi500,中证500,10,max_down,49,-0.034172342449354555,-0.01835995389428613,-0.046247902749515846,-0.008341606388031164,1789,-0.03127433231472339,-0.0028980101346311603,10,0.006968763770846732,-0.016556787125490757,0.010760766856228435,0.6775145476406792,0.9902271326695621,0.9991778503372458,True
ml_today_shallow_gbdt,bottom,all_a_ml_today_walk_forward_v1,capped_confirmation,csi500,中证500,10,max_up,49,0.03395747404723111,0.03094673582242713,0.006834324196348662,0.05281932388306365,1789,0.03130913971082771,0.0026483343364033934,10,0.005142012147936884,-0.007430009473552898,0.012726678146359685,0.6065261015028451,0.9902271326695621,0.9991778503372458,True
ml_today_shallow_gbdt,bottom,all_a_ml_today_walk_forward_v1,capped_confirmation,csi500,中证500,10,terminal_return,49,0.005287815076310829,0.016519365452528634,-0.02297441763868746,0.04577636734817436,1789,0.004329843680566719,0.0009579713957441108,10,0.009284385941173591,-0.01723942504895613,0.01915536784044435,0.917819390175665,0.9902271326695621,0.9991778503372458,True
ml_today_shallow_gbdt,bottom,all_a_ml_today_walk_forward_v1,capped_confirmation,csi500,中证500,20,max_down,49,-0.04625908550842231,-0.026135913758491558,-0.06720922735250923,-0.009998030543594383,1779,-0.044953105495339055,-0.0013059800130832567,20,0.009248449392987947,-0.01943294082333963,0.01682098079717312,0.8877034933681918,0.9902271326695621,0.9991778503372458,True
ml_today_shallow_gbdt,bottom,all_a_ml_today_walk_forward_v1,capped_confirmation,csi500,中证500,20,max_up,49,0.045334764073596205,0.03094673582242713,0.006834324196348662,0.0785330396703352,1779,0.047593353377226366,-0.0022585893036301753,20,0.008895342188848054,-0.01969345999377236,0.01517628138651201,0.7995674367670409,0.9902271326695621,0.9991778503372458,True
ml_today_shallow_gbdt,bottom,all_a_ml_today_walk_forward_v1,capped_confirmation,csi500,中证500,20,terminal_return,49,0.004294288318075402,0.0008653393848223612,-0.029324045513043018,0.04935667278506517,1779,0.008634702004598436,-0.004340413686523053,20,0.012622609065068303,-0.029080727454056925,0.02039990008101082,0.7309513762905224,0.9902271326695621,0.9991778503372458,True
ml_today_shallow_gbdt,bottom,all_a_ml_today_walk_forward_v1,capped_confirmation,microcap,微盘股,5,max_down,49,-0.02338195366636409,-0.0139153867709777,-0.03799818505074459,-0.0034665059995587777,1794,-0.02624746121033086,0.002865507543966773,5,0.003943786507930505,-0.004864314011577017,0.010595329099510564,0.46747844479639233,0.9902271326695621,0.9991778503372458,True
ml_today_shallow_gbdt,bottom,all_a_ml_today_walk_forward_v1,capped_confirmation,microcap,微盘股,5,max_up,49,0.03491211667156819,0.029362020954393664,0.012907248961846252,0.05478597854529044,1794,0.027618365322437156,0.007293751349131051,5,0.004202226498054756,-0.0009426125870562714,0.015530115285318374,0.0826191325051582,0.9902271326695621,0.911846844378185,True
ml_today_shallow_gbdt,bottom,all_a_ml_today_walk_forward_v1,capped_confirmation,microcap,微盘股,5,terminal_return,49,0.016476149598420167,0.017191095968975834,-0.011342577490029648,0.04571533892611446,1794,0.006633130200766672,0.009843019397653504,5,0.00599799211616296,-0.0019130451500258983,0.021599083945332907,0.10078653700621151,0.9902271326695621,0.911846844378185,True
ml_today_shallow_gbdt,bottom,all_a_ml_today_walk_forward_v1,capped_confirmation,microcap,微盘股,10,max_down,49,-0.032496081530606485,-0.021735758981551334,-0.05384687517932407,-0.005782663656575537,1789,-0.038359779973608815,0.005863698443002326,10,0.005793221003482602,-0.005491014723823573,0.017218411609828226,0.31145892802730357,0.9902271326695621,0.9750018616506895,True
ml_today_shallow_gbdt,bottom,all_a_ml_today_walk_forward_v1,capped_confirmation,microcap,微盘股,10,max_up,49,0.046799605526980315,0.03856472166331315,0.020433253923874073,0.07301201637396004,1789,0.043072178000747315,0.003727427526232998,10,0.005966715094942919,-0.007967334059855122,0.015422189112321119,0.5321657060646147,0.9902271326695621,0.9991778503372458,True
ml_today_shallow_gbdt,bottom,all_a_ml_today_walk_forward_v1,capped_confirmation,microcap,微盘股,10,terminal_return,49,0.02448084865430588,0.02356336601167297,-0.009823981354760924,0.06394579182294935,1789,0.01323294560337103,0.011247903050934848,10,0.0087830692301325,-0.005966912640124852,0.028462718741994547,0.2003220129540908,0.9902271326695621,0.911846844378185,True
ml_today_shallow_gbdt,bottom,all_a_ml_today_walk_forward_v1,capped_confirmation,microcap,微盘股,20,max_down,49,-0.048069464393247295,-0.026464840515385446,-0.07184195700656959,-0.008333564161717044,1779,-0.05556150155609236,0.00749203716284505,20,0.009200697438837042,-0.010541329817275551,0.02552540414296565,0.41547875956895064,0.9902271326695621,0.9991778503372458,True
ml_today_shallow_gbdt,bottom,all_a_ml_today_walk_forward_v1,capped_confirmation,microcap,微盘股,20,max_up,49,0.07092228201985624,0.05478597854529044,0.02944530594758965,0.11268685920012533,1779,0.0664798084705324,0.004442473549323811,20,0.010059091972301815,-0.015273346716387744,0.024158293815035366,0.6587514484032068,0.9902271326695621,0.9991778503372458,True
ml_today_shallow_gbdt,bottom,all_a_ml_today_walk_forward_v1,capped_confirmation,microcap,微盘股,20,terminal_return,49,0.0385826336408192,0.04117593107131867,0.003688833825488347,0.1029689222852943,1779,0.026198562903098264,0.012384070737720897,20,0.013755089406527858,-0.014575904499073705,0.0393440459745155,0.36794655213707933,0.9902271326695621,0.9991778503372458,True
ml_today_shallow_gbdt,bottom,all_a_ml_today_walk_forward_v1,capped_confirmation,sse_composite,上证指数,5,max_down,49,-0.016701418144964026,-0.011289492160074799,-0.02431315711749782,-0.003202547054967586,1794,-0.016322728985874446,-0.000378689159089581,5,0.0025804946474871286,-0.005436458668164353,0.004679080349985191,0.8833288713886723,0.9902271326695621,0.9991778503372458,True
ml_today_shallow_gbdt,bottom,all_a_ml_today_walk_forward_v1,capped_confirmation,sse_composite,上证指数,5,max_up,49,0.018611310767688884,0.01416232786020788,0.006517752958826506,0.029184312851375793,1794,0.015551020907117298,0.003060289860571584,5,0.002245624632361414,-0.0013411344188567873,0.007461714139999956,0.17295220372142886,0.9902271326695621,0.911846844378185,True
ml_today_shallow_gbdt,bottom,all_a_ml_today_walk_forward_v1,capped_confirmation,sse_composite,上证指数,5,terminal_return,49,0.004011165872334104,0.0027259048561298904,-0.012488275904485202,0.021941075386646025,1794,0.0014601268907543047,0.0025510389815798125,5,0.003911002905642383,-0.005114526713479259,0.010216604676638884,0.5142255061496915,0.9902271326695621,0.9991778503372458,True
ml_today_shallow_gbdt,bottom,all_a_ml_today_walk_forward_v1,capped_confirmation,sse_composite,上证指数,10,max_down,49,-0.02478243149144691,-0.012920169298770157,-0.03521677836205128,-0.005314015526272642,1789,-0.023430480498611357,-0.0013519509928355523,10,0.005137514402647212,-0.011421479222024087,0.008717577236352981,0.7924328551682654,0.9902271326695621,0.9991778503372458,True
ml_today_shallow_gbdt,bottom,all_a_ml_today_walk_forward_v1,capped_confirmation,sse_composite,上证指数,10,max_up,49,0.026019189939823988,0.02486125732040101,0.009473342598579348,0.04075681058396752,1789,0.023301795050037037,0.00271739488978694,10,0.003470795852669965,-0.004085364981446191,0.009520154761020071,0.4336674253538097,0.9902271326695621,0.9991778503372458,True
ml_today_shallow_gbdt,bottom,all_a_ml_today_walk_forward_v1,capped_confirmation,sse_composite,上证指数,10,terminal_return,49,0.003887693362124476,0.007776824600765453,-0.022506424873607545,0.03121859841953123,1789,0.002896499032985387,0.0009911943291390883,10,0.00648744043831508,-0.011724188929958468,0.013706577588236644,0.8785665213217565,0.9902271326695621,0.9991778503372458,True
ml_today_shallow_gbdt,bottom,all_a_ml_today_walk_forward_v1,capped_confirmation,sse_composite,上证指数,20,max_down,49,-0.03364888994123845,-0.017014682101696543,-0.04754391889015952,-0.00682926224118896,1779,-0.03351386729855806,-0.00013502264268039121,20,0.0069793308238565045,-0.01381451105743914,0.013544465772078356,0.9845650299624376,0.9902271326695621,0.9991778503372458,True
ml_today_shallow_gbdt,bottom,all_a_ml_today_walk_forward_v1,capped_confirmation,sse_composite,上证指数,20,max_up,49,0.033262761549489234,0.031028813376414943,0.009473342598579348,0.04875812635439236,1779,0.0350937344590283,-0.001830972909539075,20,0.005573352549816,-0.012754743907178434,0.009092798088100285,0.7425164726282759,0.9902271326695621,0.9991778503372458,True
ml_today_shallow_gbdt,bottom,all_a_ml_today_walk_forward_v1,capped_confirmation,sse_composite,上证指数,20,terminal_return,49,0.0029459847402999,-0.0003596267387171448,-0.024740692413176446,0.033826406203745885,1779,0.00564198403809595,-0.0026959992977960384,20,0.008498253879809726,-0.0193525769022231,0.013960578306631024,0.7510603188066626,0.9902271326695621,0.9991778503372458,True
ml_today_shallow_gbdt,bottom,all_a_ml_today_walk_forward_v1,onset,all_a,全A,5,max_down,49,-0.019374996090614504,-0.012341948874452502,-0.030006759215489787,-0.0057568178610041265,1794,-0.019867230033541825,0.000492233942927314,5,0.0031518231369803426,-0.005685339405554157,0.006669807291408786,0.8758955910660191,0.9890905540791184,0.9991778503372458,True
ml_today_shallow_gbdt,bottom,all_a_ml_today_walk_forward_v1,onset,all_a,全A,5,max_up,49,0.023873474585801756,0.01766623081850427,0.008323688615028635,0.037212008642456995,1794,0.018487787436059316,0.005385687149742446,5,0.0030875882188129405,-0.000665985759130917,0.011437360058615809,0.08110639542999562,0.6968909531465189,0.911846844378185,True
ml_today_shallow_gbdt,bottom,all_a_ml_today_walk_forward_v1,onset,all_a,全A,5,terminal_return,49,0.00786065309312905,0.008969537482037993,-0.012534629164816402,0.03463307754610545,1794,0.0017329944186704569,0.006127658674458589,5,0.0049980957398009255,-0.003668608975551225,0.0159239263244684,0.22019917967652525,0.6968909531465189,0.911846844378185,True
ml_today_shallow_gbdt,bottom,all_a_ml_today_walk_forward_v1,onset,all_a,全A,10,max_down,49,-0.029505363225537005,-0.020683787651705532,-0.03895801105423069,-0.007289405832236806,1789,-0.02878012089640192,-0.0007252423291350984,10,0.005817481637823668,-0.012127506339269489,0.010677021680999292,0.9007879532093851,0.9890905540791184,0.9991778503372458,True
ml_today_shallow_gbdt,bottom,all_a_ml_today_walk_forward_v1,onset,all_a,全A,10,max_up,49,0.034208431820014824,0.029022179617236077,0.012517837966543821,0.05686593638496906,1789,0.027632625197375187,0.006575806622639634,10,0.004831282225123039,-0.0028935065386015233,0.01604511978388079,0.17348546536086193,0.6968909531465189,0.911846844378185,True
ml_today_shallow_gbdt,bottom,all_a_ml_today_walk_forward_v1,onset,all_a,全A,10,terminal_return,49,0.008728317996140393,0.0014103138688543737,-0.022073367924983933,0.046819328865065124,1789,0.003503303942651295,0.005225014053489107,10,0.00790646334653339,-0.010271654105716337,0.02072168221269455,0.5087062627811639,0.9890905540791184,0.9991778503372458,True
ml_today_shallow_gbdt,bottom,all_a_ml_today_walk_forward_v1,onset,all_a,全A,20,max_down,49,-0.04040173429388774,-0.024533131000191166,-0.056111481074874514,-0.008322095342044644,1779,-0.04129330631503855,0.0008915720211508,20,0.008356455646849625,-0.015487081046674463,0.017270225088976063,0.9150328495103361,0.9890905540791184,0.9991778503372458,True
ml_today_shallow_gbdt,bottom,all_a_ml_today_walk_forward_v1,onset,all_a,全A,20,max_up,49,0.04494098201481708,0.035423126466124666,0.012626375073643281,0.07285464342498504,1779,0.041700864475882116,0.0032401175389349577,20,0.008144149032440791,-0.012722414564648994,0.01920264964251891,0.6907436686942018,0.9890905540791184,0.9991778503372458,True
ml_today_shallow_gbdt,bottom,all_a_ml_today_walk_forward_v1,onset,all_a,全A,20,terminal_return,49,0.009386176562841906,0.009892960746894275,-0.02779105054746067,0.0539173764100096,1779,0.006946472514252734,0.0024397040485891744,20,0.01153809019388631,-0.020174952731427994,0.025054360828606344,0.8325378431684762,0.9890905540791184,0.9991778503372458,True
ml_today_shallow_gbdt,bottom,all_a_ml_today_walk_forward_v1,onset,cni2000,国证2000,5,max_down,49,-0.024213751916117944,-0.012179656670774253,-0.03302183814827797,-0.00616266205518734,1794,-0.025304960074500164,0.0010912081583821917,5,0.004199303398322052,-0.007139426502329031,0.009321842819093415,0.7949759593453611,0.9890905540791184,0.9991778503372458,True
ml_today_shallow_gbdt,bottom,all_a_ml_today_walk_forward_v1,onset,cni2000,国证2000,5,max_up,49,0.03131941315437402,0.023324141618912275,0.009083958348503618,0.04769937603772578,1794,0.022646289211356318,0.00867312394301769,5,0.0038717191717191892,0.001084554366448079,0.0162616935195873,0.025082992776087668,0.526742848297841,0.911846844378185,True
ml_today_shallow_gbdt,bottom,all_a_ml_today_walk_forward_v1,onset,cni2000,国证2000,5,terminal_return,49,0.012009404808670193,0.012019541782463117,-0.02020695474530354,0.045207050585536646,1794,0.0023030694198518946,0.009706335388818302,5,0.006590323417732839,-0.003210698509938062,0.022623369287574666,0.14080059078777685,0.6968909531465189,0.911846844378185,True
ml_today_shallow_gbdt,bottom,all_a_ml_today_walk_forward_v1,onset,cni2000,国证2000,10,max_down,49,-0.03736407081076428,-0.01869766256462535,-0.05997564818793866,-0.007679305784751733,1789,-0.037118167327853634,-0.0002459034829106772,10,0.007372093399773667,-0.014695206546467065,0.01420339958064571,0.9733907040143704,0.9890905540791184,0.9991778503372458,True
ml_today_shallow_gbdt,bottom,all_a_ml_today_walk_forward_v1,onset,cni2000,国证2000,10,max_up,49,0.042837883399673746,0.03716089794832467,0.013381765201402551,0.07019977655524445,1789,0.034247657738708734,0.008590225660965024,10,0.005903413522871758,-0.0029804648438636217,0.02016091616579367,0.14563367187465115,0.6968909531465189,0.911846844378185,True
ml_today_shallow_gbdt,bottom,all_a_ml_today_walk_forward_v1,onset,cni2000,国证2000,10,terminal_return,49,0.012167198523849815,0.009872895209050325,-0.024988224827297456,0.0574911074857587,1789,0.004662349996854333,0.007504848526995489,10,0.009848450617214474,-0.011798114682744878,0.026807811736735854,0.446040056863417,0.9890905540791184,0.9991778503372458,True
ml_today_shallow_gbdt,bottom,all_a_ml_today_walk_forward_v1,onset,cni2000,国证2000,20,max_down,49,-0.05145540242883235,-0.02848152606238219,-0.0763975027348166,-0.00861634549246515,1779,-0.05415340362561276,0.0026980011967803726,20,0.010432474693333658,-0.0177496492021536,0.023145651595714342,0.7959318090050612,0.9890905540791184,0.9991778503372458,True
ml_today_shallow_gbdt,bottom,all_a_ml_today_walk_forward_v1,onset,cni2000,国证2000,20,max_up,49,0.05764215875778831,0.03716089794832467,0.014525805365473321,0.09284471451641041,1779,0.05131244860528465,0.006329710152503679,20,0.010190517857035591,-0.013643704847286081,0.02630312515229344,0.5345093275874174,0.9890905540791184,0.9991778503372458,True
ml_today_shallow_gbdt,bottom,all_a_ml_today_walk_forward_v1,onset,cni2000,国证2000,20,terminal_return,49,0.016793982299415644,0.008154622117181987,-0.027688525677693532,0.07174721189591082,1779,0.009128512663057625,0.007665469636358029,20,0.013995460957100029,-0.019765633839558025,0.035096573112274085,0.5838902734577626,0.9890905540791184,0.9991778503372458,True
ml_today_shallow_gbdt,bottom,all_a_ml_today_walk_forward_v1,onset,csi1000,中证1000,5,max_down,49,-0.024309553582187497,-0.013311610799352613,-0.042704806681586494,-0.006386732009647567,1794,-0.024926380974968604,0.0006168273927810981,5,0.0042077515348762,-0.007630365615576253,0.008864020401138449,0.8834531906310529,0.9890905540791184,0.9991778503372458,True
ml_today_shallow_gbdt,bottom,all_a_ml_today_walk_forward_v1,onset,csi1000,中证1000,5,max_up,49,0.02972250372090375,0.02116712610688931,0.008884554461214833,0.04685102586975898,1794,0.02248475537209608,0.007237748348807663,5,0.0037823437489121823,-0.000175645399060214,0.01465114209667554,0.055676175492961735,0.6968909531465189,0.911846844378185,True
ml_today_shallow_gbdt,bottom,all_a_ml_today_walk_forward_v1,onset,csi1000,中证1000,5,terminal_return,49,0.00910457267357106,0.008189774311626818,-0.019757043095849025,0.04223856931902481,1794,0.001954325040540792,0.007150247633030269,5,0.006573061163591734,-0.00573295224760953,0.020033447513670068,0.27667859303016323,0.8051828660809097,0.9436037090053088,True
ml_today_shallow_gbdt,bottom,all_a_ml_today_walk_forward_v1,onset,csi1000,中证1000,10,max_down,49,-0.03754867543268364,-0.01864567100598158,-0.053426871847924384,-0.00783791929528943,1789,-0.036528848015410044,-0.0010198274172735706,10,0.007397443142364624,-0.015518815976308232,0.01347916114176109,0.8903493645067093,0.9890905540791184,0.9991778503372458,True
ml_today_shallow_gbdt,bottom,all_a_ml_today_walk_forward_v1,onset,csi1000,中证1000,10,max_up,49,0.04082986158554779,0.03511659047029103,0.011863119099961184,0.06548403818915816,1789,0.03369370187668791,0.007136159708859887,10,0.005833769664342416,-0.004298028833251248,0.018570348250971022,0.2212352232211171,0.6968909531465189,0.911846844378185,True
ml_today_shallow_gbdt,bottom,all_a_ml_today_walk_forward_v1,onset,csi1000,中证1000,10,terminal_return,49,0.008499101796047922,0.007393777747767505,-0.023642678791285898,0.05336559792818507,1789,0.0039268318413537085,0.004572269954694202,10,0.009829243729120245,-0.014693047754381478,0.023837587663769883,0.6418096732630356,0.9890905540791184,0.9991778503372458,True
ml_today_shallow_gbdt,bottom,all_a_ml_today_walk_forward_v1,onset,csi1000,中证1000,20,max_down,49,-0.0521165534680101,-0.024308582109512922,-0.07136128758083238,-0.012849334304481208,1779,-0.05304180149605115,0.0009252480280410633,20,0.010492342009706057,-0.01963974231098281,0.021490238367064936,0.9297310898914231,0.9890905540791184,0.9991778503372458,True
ml_today_shallow_gbdt,bottom,all_a_ml_today_walk_forward_v1,onset,csi1000,中证1000,20,max_up,49,0.05454875964749645,0.03511659047029103,0.012505515148726332,0.09331771371193232,1779,0.05049127477517477,0.004057484872321714,20,0.01023309790817009,-0.015999387027691662,0.02411435677233509,0.6917317714201263,0.9890905540791184,0.9991778503372458,True
ml_today_shallow_gbdt,bottom,all_a_ml_today_walk_forward_v1,onset,csi1000,中证1000,20,terminal_return,49,0.011093289709948478,0.0033140298466838303,-0.03334736003164196,0.05247998136845933,1779,0.007682181284748104,0.003411108425200371,20,0.014148936761855632,-0.024320807628036668,0.03114302447843741,0.8094885805736556,0.9890905540791184,0.9991778503372458,True
ml_today_shallow_gbdt,bottom,all_a_ml_today_walk_forward_v1,onset,csi300,沪深300,5,max_down,49,-0.017363647168589437,-0.011351926561016246,-0.02564712624270238,-0.004721357715085528,1794,-0.018141058369324354,0.0007774112007349216,5,0.0026915338801518263,-0.004497995204362658,0.006052817605832501,0.7727070747175868,0.9890905540791184,0.9991778503372458,True
ml_today_shallow_gbdt,bottom,all_a_ml_today_walk_forward_v1,onset,csi300,沪深300,5,max_up,49,0.020352817868992474,0.017708624131555828,0.0067752132476763816,0.028779176173032717,1794,0.018234550779530966,0.0021182670894615186,5,0.002708592689405135,-0.003190574581772546,0.007427108760695583,0.4341825476873368,0.9890905540791184,0.9991778503372458,True
ml_today_shallow_gbdt,bottom,all_a_ml_today_walk_forward_v1,onset,csi300,沪深300,5,terminal_return,49,0.00544295649548143,0.006389455548626355,-0.00828549636706677,0.01918603131453067,1794,0.0014605740159185305,0.003982382479562895,5,0.004138996220020404,-0.004130050111677095,0.012094815070802886,0.3359685254722393,0.8819173793646282,0.9991778503372458,True
ml_today_shallow_gbdt,bottom,all_a_ml_today_walk_forward_v1,onset,csi300,沪深300,10,max_down,49,-0.025763248789771875,-0.014362332523150445,-0.0362513611490165,-0.006509418912097997,1789,-0.02603327663875408,0.00027002784898219883,10,0.005288441352708486,-0.010095317202326433,0.010635372900290832,0.9592777047181206,0.9890905540791184,0.9991778503372458,True
ml_today_shallow_gbdt,bottom,all_a_ml_today_walk_forward_v1,onset,csi300,沪深300,10,max_up,49,0.0312195040204559,0.028001993448879547,0.009303757993597284,0.04558022853519694,1789,0.027296519366643356,0.003922984653812547,10,0.004260465797486536,-0.004427528309261063,0.012273497616886156,0.3571612594131024,0.9000463737210179,0.9991778503372458,True
ml_today_shallow_gbdt,bottom,all_a_ml_today_walk_forward_v1,onset,csi300,沪深300,10,terminal_return,49,0.007209708931177835,0.0020137396299941823,-0.02204552842225027,0.04163538512731235,1789,0.0028951415918570403,0.004314567339320787,10,0.00703737618529943,-0.009478689983866096,0.01810782466250767,0.5398147299124438,0.9890905540791184,0.9991778503372458,True
ml_today_shallow_gbdt,bottom,all_a_ml_today_walk_forward_v1,onset,csi300,沪深300,20,max_down,49,-0.03566549416603824,-0.023512156448202925,-0.05038195570369586,-0.007140274967947224,1779,-0.036790937329641005,0.0011254431636027655,20,0.007389744372887183,-0.013358455807256113,0.015609342134461643,0.8789519156193673,0.9890905540791184,0.9991778503372458,True
ml_today_shallow_gbdt,bottom,all_a_ml_today_walk_forward_v1,onset,csi300,沪深300,20,max_up,49,0.041389177624877274,0.03370771670190287,0.012079414735561844,0.06294181798210641,1779,0.04134540870802508,4.3768916852194614e-05,20,0.0070108191959891205,-0.013697436707286481,0.01378497454099087,0.9950187966385484,0.9950187966385484,0.9991778503372458,True
ml_today_shallow_gbdt,bottom,all_a_ml_today_walk_forward_v1,onset,csi300,沪深300,20,terminal_return,49,0.004943762162408406,0.0019379186074184318,-0.02848014559311851,0.04506165361256986,1779,0.005823449074458896,-0.0008796869120504732,20,0.010261692163118192,-0.02099260355176213,0.019233229727661182,0.9316847685280587,0.9890905540791184,0.9991778503372458,True
ml_today_shallow_gbdt,bottom,all_a_ml_today_walk_forward_v1,onset,csi500,中证500,5,max_down,49,-0.021205186731358044,-0.011266053119641573,-0.03280604554587507,-0.0056717352726260994,1794,-0.02166317305632403,0.00045798632496597906,5,0.0037527266685807694,-0.006897357945452329,0.007813330595384287,0.9028665878139597,0.9890905540791184,0.9991778503372458,True
ml_today_shallow_gbdt,bottom,all_a_ml_today_walk_forward_v1,onset,csi500,中证500,5,max_up,49,0.026249537291462267,0.020379664603806802,0.008620467212550498,0.04303607694559641,1794,0.020887298048444785,0.005362239243017484,5,0.0033981141786516866,-0.0012980645471398211,0.01202254303317479,0.11456459104067387,0.6968909531465189,0.911846844378185,True
ml_today_shallow_gbdt,bottom,all_a_ml_today_walk_forward_v1,onset,csi500,中证500,5,terminal_return,49,0.007923201186434496,0.008794297652874539,-0.011266053119641573,0.03141075569754492,1794,0.0021236668697954928,0.005799534316639002,5,0.005666847826186714,-0.005307487422686956,0.016906556055964958,0.30611189964167035,0.8384804207576187,0.9750018616506895,True
ml_today_shallow_gbdt,bottom,all_a_ml_today_walk_forward_v1,onset,csi500,中证500,10,max_down,49,-0.03221940518496753,-0.0165617512082199,-0.04680090927480873,-0.006613857276280721,1789,-0.03132782249133321,-0.0008915826936343217,10,0.006545400977373972,-0.013720568609287307,0.011937403222018663,0.891651208770249,0.9890905540791184,0.9991778503372458,True
ml_today_shallow_gbdt,bottom,all_a_ml_today_walk_forward_v1,onset,csi500,中证500,10,max_up,49,0.036997631118378616,0.03054380051171668,0.010649435154732378,0.05642976329732319,1789,0.03122587101519539,0.005771760103183241,10,0.0053557092042285405,-0.004725429937104698,0.01626895014347118,0.2811749691076193,0.8051828660809097,0.944803449996127,True
ml_today_shallow_gbdt,bottom,all_a_ml_today_walk_forward_v1,onset,csi500,中证500,10,terminal_return,49,0.00859580829237542,-0.004673058949773323,-0.01591877531695507,0.045057906769930156,1789,0.004239239059221182,0.004356569233154238,10,0.008509928355436285,-0.012322890343500878,0.021036028809809357,0.6086932892586481,0.9890905540791184,0.9991778503372458,True
ml_today_shallow_gbdt,bottom,all_a_ml_today_walk_forward_v1,onset,csi500,中证500,20,max_down,49,-0.04455962791231504,-0.022320705742924662,-0.06685759006510306,-0.008183314854013468,1779,-0.04499991461406264,0.000440286701747574,20,0.009197025238426396,-0.01758588276556816,0.01846645616906331,0.9618176731437187,0.9890905540791184,0.9991778503372458,True
ml_today_shallow_gbdt,bottom,all_a_ml_today_walk_forward_v1,onset,csi500,中证500,20,max_up,49,0.049271644854992414,0.03397572132360227,0.011120139863583844,0.08325434985644597,1779,0.04748491765025143,0.0017867272047409927,20,0.009343541813649329,-0.01652661475001169,0.020100069159493677,0.8483486117314408,0.9890905540791184,0.9991778503372458,True
ml_today_shallow_gbdt,bottom,all_a_ml_today_walk_forward_v1,onset,csi500,中证500,20,terminal_return,49,0.010280576607245042,0.0008573691968807307,-0.03552871900759891,0.062313260599641485,1779,0.008469818291181173,0.0018107583160638734,20,0.012656813526460484,-0.022996596195798677,0.02661811282792642,0.8862381420959994,0.9890905540791184,0.9991778503372458,True
ml_today_shallow_gbdt,bottom,all_a_ml_today_walk_forward_v1,onset,microcap,微盘股,5,max_down,49,-0.021300692417933163,-0.012450929006171951,-0.034954266930925626,-0.004830424873286443,1794,-0.026304307253348206,0.005003614835415026,5,0.0036159696891307743,-0.0020836857552812916,0.012090915426111345,0.16643359653718837,0.6968909531465189,0.911846844378185,True
ml_today_shallow_gbdt,bottom,all_a_ml_today_walk_forward_v1,onset,microcap,微盘股,5,max_up,49,0.03819197626100819,0.03596904417476088,0.015737027032762363,0.056531125331644505,1794,0.02752878164357285,0.010663194617435352,5,0.004288348371245269,0.0022580318097946243,0.01906835742507608,0.012898827547416933,0.4063130677436334,0.911846844378185,True
ml_today_shallow_gbdt,bottom,all_a_ml_today_walk_forward_v1,onset,microcap,微盘股,5,terminal_return,49,0.023776558076948996,0.020817604944023183,-0.001409764473935149,0.052017410344735504,1794,0.0064337321988447585,0.017342825878104234,5,0.0058938541479261536,0.005790871748168974,0.028894780008039495,0.0032554523326462576,0.20509349695671422,0.8203739878268569,True
ml_today_shallow_gbdt,bottom,all_a_ml_today_walk_forward_v1,onset,microcap,微盘股,10,max_down,49,-0.03117361317024487,-0.021400860698310376,-0.0513627216825846,-0.006403423398371744,1789,-0.03839600185715141,0.007222388686906532,10,0.0055013869635349094,-0.0035603297616218907,0.018005107135434954,0.18924006467224389,0.6968909531465189,0.911846844378185,True
ml_today_shallow_gbdt,bottom,all_a_ml_today_walk_forward_v1,onset,microcap,微盘股,10,max_up,49,0.05092071548507887,0.0458675919389957,0.020817604944023183,0.07396124612574928,1789,0.04295930243453891,0.00796141305053993,10,0.006082116825633619,-0.003959535927701962,0.019882362028781825,0.19053868788996275,0.6968909531465189,0.911846844378185,True
ml_today_shallow_gbdt,bottom,all_a_ml_today_walk_forward_v1,onset,microcap,微盘股,10,terminal_return,49,0.026843922674545054,0.0273655433258011,-0.008929268648760535,0.06754557539217809,1789,0.013168221943789298,0.013675700730755759,10,0.008782319768581019,-0.003537646015663037,0.030889047477174553,0.11942645725533758,0.6968909531465189,0.911846844378185,True
ml_today_shallow_gbdt,bottom,all_a_ml_today_walk_forward_v1,onset,microcap,微盘股,20,max_down,49,-0.04490805573081632,-0.025004326888814155,-0.06510502614402258,-0.009215851692064514,1779,-0.05564857801728355,0.010740522286467212,20,0.008711458892503274,-0.006333937142839205,0.02781498171577363,0.2176060245041982,0.6968909531465189,0.911846844378185,True
ml_today_shallow_gbdt,bottom,all_a_ml_today_walk_forward_v1,onset,microcap,微盘股,20,max_up,49,0.0751583917733552,0.06962802745066621,0.03319828739954822,0.11696813460695066,1779,0.06636313091127359,0.008795260862081631,20,0.010397423821465815,-0.011583689827991364,0.029174211552154626,0.3976042371161355,0.9634256514737131,0.9991778503372458,True
ml_today_shallow_gbdt,bottom,all_a_ml_today_walk_forward_v1,onset,microcap,微盘股,20,terminal_return,49,0.04648655363851804,0.04327793817870451,0.014128348139939018,0.10951800755991314,1779,0.025980860778372437,0.020505692860145572,20,0.01407249090158655,-0.007076389306964068,0.04808777502725521,0.14507570966327993,0.6968909531465189,0.911846844378185,True
ml_today_shallow_gbdt,bottom,all_a_ml_today_walk_forward_v1,onset,sse_composite,上证指数,5,max_down,49,-0.015571571651839661,-0.009889303084018586,-0.023999009564684592,-0.00477458284331489,1794,-0.016353588784181635,0.0007820171323419613,5,0.002443186410253462,-0.004006628231754824,0.0055706624964387465,0.7489070577974344,0.9890905540791184,0.9991778503372458,True
ml_today_shallow_gbdt,bottom,all_a_ml_today_walk_forward_v1,onset,sse_composite,上证指数,5,max_up,49,0.018640521266714928,0.016195281876738132,0.006949276661430304,0.02363095774394086,1794,0.015550223072974446,0.003090298193740495,5,0.0022297210600909874,-0.0012799550840378402,0.00746055147151883,0.1657599405608122,0.6968909531465189,0.911846844378185,True
ml_today_shallow_gbdt,bottom,all_a_ml_today_walk_forward_v1,onset,sse_composite,上证指数,5,terminal_return,49,0.006248603416423592,0.007767903977290214,-0.004642867434927811,0.019337613010543153,1794,0.001399015162961448,0.004849588253462145,5,0.0036797879629462417,-0.002362796153912489,0.012061972660836778,0.1875375172120969,0.6968909531465189,0.911846844378185,True
ml_today_shallow_gbdt,bottom,all_a_ml_today_walk_forward_v1,onset,sse_composite,上证指数,10,max_down,49,-0.023066547048413627,-0.012288017618664826,-0.03082095024649778,-0.0058021403871879595,1789,-0.023477477892523396,0.0004109308441097594,10,0.0047247197680432935,-0.008849519901255095,0.009671381589474615,0.930691662786053,0.9890905540791184,0.9991778503372458,True
ml_today_shallow_gbdt,bottom,all_a_ml_today_walk_forward_v1,onset,sse_composite,上证指数,10,max_up,49,0.02758852347621431,0.023743496536691167,0.01100800526774659,0.04123043246590541,1789,0.02325881162729633,0.00432971184891798,10,0.003497007115641008,-0.0025244220977383956,0.011183845795574356,0.21567184481908075,0.6968909531465189,0.911846844378185,True
ml_today_shallow_gbdt,bottom,all_a_ml_today_walk_forward_v1,onset,sse_composite,上证指数,10,terminal_return,49,0.006527786006946753,0.010423122601445511,-0.016925142722501008,0.03436486994682242,1789,0.002824187943216638,0.003703598063730114,10,0.0060126870799846925,-0.008081268613039884,0.015488464740500111,0.5379183590878676,0.9890905540791184,0.9991778503372458,True
ml_today_shallow_gbdt,bottom,all_a_ml_today_walk_forward_v1,onset,sse_composite,上证指数,20,max_down,49,-0.03260320901150297,-0.01614489086745552,-0.03787939431392828,-0.007463385129394151,1779,-0.03354266907796056,0.0009394600664575837,20,0.007094300858625217,-0.012965369616447842,0.01484428974936301,0.8946484454381743,0.9890905540791184,0.9991778503372458,True
ml_today_shallow_gbdt,bottom,all_a_ml_today_walk_forward_v1,onset,sse_composite,上证指数,20,max_up,49,0.0354698384896788,0.026702908543535075,0.012306707771070569,0.05455707264342036,1779,0.035032943694514936,0.00043689479516384347,20,0.005773060247815063,-0.01087830329055368,0.011752092880881367,0.9396751219018238,0.9890905540791184,0.9991778503372458,True
ml_today_shallow_gbdt,bottom,all_a_ml_today_walk_forward_v1,onset,sse_composite,上证指数,20,terminal_return,49,0.00629350432018399,0.0032015372386036134,-0.022638387255335846,0.044737130317325846,1779,0.005549781418976041,0.0007437229012079397,20,0.00869740113631115,-0.016303183325961913,0.017790629128377793,0.9318552026267635,0.9890905540791184,0.9991778503372458,True
ml_today_shallow_gbdt,top,all_a_ml_today_walk_forward_v1,capped_confirmation,all_a,全A,5,max_down,44,-0.019176609850858325,-0.016517716901017332,-0.032404755349742465,-0.0047393325725714475,1799,-0.019870714094039118,0.0006941042431807945,5,0.002645519374307227,-0.004491113730461371,0.005879322216822959,0.793036395978703,0.9825960655352983,0.9991778503372458,True
ml_today_shallow_gbdt,top,all_a_ml_today_walk_forward_v1,capped_confirmation,all_a,全A,5,max_up,44,0.02364990008839992,0.013676573425137728,0.0059573258163351794,0.023161463772380708,1799,0.018508224186272983,0.00514167590212693,5,0.006084406629493562,-0.0067837610916804516,0.01706711289593431,0.3980785112885148,0.9825960655352983,0.9991778503372458,True
ml_today_shallow_gbdt,top,all_a_ml_today_walk_forward_v1,capped_confirmation,all_a,全A,5,terminal_return,44,0.004832896367991549,0.00036594687326368947,-0.015809804957611806,0.018254404832300064,1799,0.001824078125884655,0.0030088182421069,5,0.0044696066728760865,-0.005751610836730229,0.01176924732094403,0.5008372775926899,0.9825960655352983,0.9991778503372458,True
ml_today_shallow_gbdt,top,all_a_ml_today_walk_forward_v1,capped_confirmation,all_a,全A,10,max_down,44,-0.028539295308317014,-0.02700954669935529,-0.04333668705415697,-0.005375490071391292,1794,-0.028805836169536456,0.0002665408612194376,10,0.003708161836418815,-0.0070014563381614395,0.007534538060600315,0.942697795351885,0.9825960655352983,0.9991778503372458,True
ml_today_shallow_gbdt,top,all_a_ml_today_walk_forward_v1,capped_confirmation,all_a,全A,10,max_up,44,0.0304409154185427,0.021465836879448585,0.006231762982219224,0.02855215729450944,1794,0.027743355272502265,0.002697560146040438,10,0.00613659837214625,-0.00933017266336621,0.014725292955447087,0.6602372875717316,0.9825960655352983,0.9991778503372458,True
ml_today_shallow_gbdt,top,all_a_ml_today_walk_forward_v1,capped_confirmation,all_a,全A,10,terminal_return,44,0.004044159139695949,-0.0004171074961490939,-0.02095414847625135,0.022953675800094053,1794,0.003632751021776713,0.00041140811791924836,10,0.006019251128225651,-0.011386324093403028,0.012209140329241523,0.9455080407718217,0.9825960655352983,0.9991778503372458,True
ml_today_shallow_gbdt,top,all_a_ml_today_walk_forward_v1,capped_confirmation,all_a,全A,20,max_down,44,-0.04248338611174834,-0.03291159861316806,-0.05337021517380225,-0.01678396535837612,1784,-0.04123946632619796,-0.001243919785550384,20,0.0056818625918287,-0.012380370465534637,0.009892530894433867,0.826706001390721,0.9825960655352983,0.9991778503372458,True
ml_today_shallow_gbdt,top,all_a_ml_today_walk_forward_v1,capped_confirmation,all_a,全A,20,max_up,44,0.04466124089155842,0.023820868170842835,0.0116552230386327,0.061265641466115295,1784,0.04171684496754022,0.002944395924018216,20,0.008184616851380201,-0.01309745310468698,0.01898624495272341,0.719035923753306,0.9825960655352983,0.9991778503372458,True
ml_today_shallow_gbdt,top,all_a_ml_today_walk_forward_v1,capped_confirmation,all_a,全A,20,terminal_return,44,0.007866247488706853,-0.007130983907808808,-0.02709671900021768,0.0347491450233367,1784,0.006990797289759959,0.0008754501989468857,20,0.009086642320717948,-0.01693436874966029,0.018685269147554064,0.923246778330279,0.9825960655352983,0.9991778503372458,True
ml_today_shallow_gbdt,top,all_a_ml_today_walk_forward_v1,capped_confirmation,cni2000,国证2000,5,max_down,44,-0.02518036851284535,-0.021343793236255626,-0.044821084739603584,-0.004481300296381774,1799,-0.025278285715941002,9.791720309565678e-05,5,0.00343957705930571,-0.006643653833143535,0.006839488239334849,0.9772890468758235,0.9825960655352983,0.9991778503372458,True
ml_today_shallow_gbdt,top,all_a_ml_today_walk_forward_v1,capped_confirmation,cni2000,国证2000,5,max_up,44,0.027113713667721896,0.01889368089465704,0.005322194810265524,0.02785476625235145,1799,0.02277325774783646,0.004340455919885433,5,0.00696864374969499,-0.009318085829516747,0.017998997669287614,0.5333796874467251,0.9825960655352983,0.9991778503372458,True
ml_today_shallow_gbdt,top,all_a_ml_today_walk_forward_v1,capped_confirmation,cni2000,国证2000,5,terminal_return,44,0.004983259562693094,0.004208704124417539,-0.017949262700181545,0.02375513803605861,1799,0.0025018921367874615,0.0024813674259056423,5,0.005232881623916374,-0.007775080556970451,0.012737815408781735,0.6353661558127829,0.9825960655352983,0.9991778503372458,True
ml_today_shallow_gbdt,top,all_a_ml_today_walk_forward_v1,capped_confirmation,cni2000,国证2000,10,max_down,44,-0.03736053721720456,-0.03228832456336911,-0.057230962506331445,-0.009491138149096856,1794,-0.03711893934319988,-0.0002415978740046761,10,0.004869273384844092,-0.009785373708299095,0.009302177960289744,0.960427740601482,0.9825960655352983,0.9991778503372458,True
ml_today_shallow_gbdt,top,all_a_ml_today_walk_forward_v1,capped_confirmation,cni2000,国证2000,10,max_up,44,0.038337356882758876,0.024740642951667002,0.009743266051071064,0.0474793613438938,1794,0.03438198008823441,0.003955376794524457,10,0.007554123569535895,-0.010850705401765897,0.01876145899081481,0.6005533102302991,0.9825960655352983,0.9991778503372458,True
ml_today_shallow_gbdt,top,all_a_ml_today_walk_forward_v1,capped_confirmation,cni2000,国证2000,10,terminal_return,44,0.006184468360352509,0.008251912213103174,-0.02914189010689175,0.03797324672330232,1794,0.004830000147260609,0.0013544682130918959,10,0.007856634608774279,-0.01404453562010569,0.01675347204628948,0.8631246324212601,0.9825960655352983,0.9991778503372458,True
ml_today_shallow_gbdt,top,all_a_ml_today_walk_forward_v1,capped_confirmation,cni2000,国证2000,20,max_down,44,-0.05566841113569647,-0.0420471542044179,-0.07020665438498158,-0.017635163651672253,1784,-0.05404193367657356,-0.0016264774591229062,20,0.00749873866123777,-0.016324005235148934,0.013071050316903123,0.8282861691543028,0.9825960655352983,0.9991778503372458,True
ml_today_shallow_gbdt,top,all_a_ml_today_walk_forward_v1,capped_confirmation,cni2000,国证2000,20,max_up,44,0.05537218407608524,0.03469740252162734,0.011336282641396744,0.06577591625702606,1784,0.05138617474696484,0.0039860093291204015,20,0.010544370885433862,-0.01668095760632997,0.024652976264570768,0.7054138874830028,0.9825960655352983,0.9991778503372458,True
ml_today_shallow_gbdt,top,all_a_ml_today_walk_forward_v1,capped_confirmation,cni2000,国证2000,20,terminal_return,44,0.011530454581035804,0.0016801455564043888,-0.03813664798565569,0.039045808648162095,1784,0.009279814550832568,0.0022506400302032313,20,0.012399065782805137,-0.022051528904094838,0.0265528089645013,0.8559618662663302,0.9825960655352983,0.9991778503372458,True
ml_today_shallow_gbdt,top,all_a_ml_today_walk_forward_v1,capped_confirmation,csi1000,中证1000,5,max_down,44,-0.024569662391525245,-0.021577491937264826,-0.03771098397634884,-0.004287765817984013,1799,-0.024918304863476237,0.00034864247195099513,5,0.003349705716155792,-0.0062167807317143565,0.006914065675616347,0.9171046538609288,0.9825960655352983,0.9991778503372458,True
ml_today_shallow_gbdt,top,all_a_ml_today_walk_forward_v1,capped_confirmation,csi1000,中证1000,5,max_up,44,0.027324164709608852,0.017173197004057728,0.005853640798767268,0.027184788592570563,1799,0.02256353005705495,0.004760634652553895,5,0.006884550876638888,-0.008733085065658324,0.018254354370766116,0.4892543261336331,0.9825960655352983,0.9991778503372458,True
ml_today_shallow_gbdt,top,all_a_ml_today_walk_forward_v1,capped_confirmation,csi1000,中证1000,5,terminal_return,44,0.0053211409444033735,0.0027607925952667367,-0.020396059835004893,0.022489457309679328,1799,0.0020667331751981176,0.0032544077692052537,5,0.005267212839900662,-0.007069329397000043,0.013578144935410551,0.5366666715862192,0.9825960655352983,0.9991778503372458,True
ml_today_shallow_gbdt,top,all_a_ml_today_walk_forward_v1,capped_confirmation,csi1000,中证1000,10,max_down,44,-0.03605075944730363,-0.03303852964820592,-0.05367008901162615,-0.006487666241269369,1794,-0.03656842852847754,0.0005176690811739019,10,0.004511245176123346,-0.008324371464027855,0.00935970962637566,0.9086426317602592,0.9825960655352983,0.9991778503372458,True
ml_today_shallow_gbdt,top,all_a_ml_today_walk_forward_v1,capped_confirmation,csi1000,中证1000,10,max_up,44,0.03774680105702006,0.02446345999220567,0.010222807395814104,0.043578221528129124,1794,0.033789206593410046,0.003957594463610014,10,0.007400788730481952,-0.010547951448134613,0.01846314037535464,0.5928206214993388,0.9825960655352983,0.9991778503372458,True
ml_today_shallow_gbdt,top,all_a_ml_today_walk_forward_v1,capped_confirmation,csi1000,中证1000,10,terminal_return,44,0.005965889158583429,0.006858827238966914,-0.03006189266928444,0.034148206115441115,1794,0.004001705144487438,0.0019641840140959994,10,0.0077001247588564395,-0.013128060513262622,0.017056428541454623,0.7986576810003014,0.9825960655352983,0.9991778503372458,True
ml_today_shallow_gbdt,top,all_a_ml_today_walk_forward_v1,capped_confirmation,csi1000,中证1000,20,max_down,44,-0.05447785112472631,-0.04260964271946743,-0.07433379353031222,-0.024908674782156942,1784,-0.05298097002910288,-0.0014968810956234467,20,0.006996270146763532,-0.015209570583279968,0.012215808392033074,0.8305828051579438,0.9825960655352983,0.9991778503372458,True
ml_today_shallow_gbdt,top,all_a_ml_today_walk_forward_v1,capped_confirmation,csi1000,中证1000,20,max_up,44,0.05532471840889683,0.034217494615395694,0.015322479205546191,0.06295285968659031,1784,0.05048350865345951,0.0048412097554373125,20,0.010495665954181891,-0.015730295514759192,0.025412715025633817,0.6446135229521048,0.9825960655352983,0.9991778503372458,True
ml_today_shallow_gbdt,top,all_a_ml_today_walk_forward_v1,capped_confirmation,csi1000,中证1000,20,terminal_return,44,0.011003476533561995,-0.009162604838721333,-0.035150409196747445,0.03967522820290431,1784,0.0076939566893932864,0.0033095198441687058,20,0.012335929616583195,-0.020868902204334357,0.027487941892671765,0.7884815133000419,0.9825960655352983,0.9991778503372458,True
ml_today_shallow_gbdt,top,all_a_ml_today_walk_forward_v1,capped_confirmation,csi300,沪深300,5,max_down,44,-0.016962131638394905,-0.016049074698689214,-0.026321291705723365,-0.005972148825506424,1799,-0.01814871797317365,0.0011865863347787467,5,0.0022929340415912026,-0.00330756438674001,0.005680737056297503,0.6048093091531642,0.9825960655352983,0.9991778503372458,True
ml_today_shallow_gbdt,top,all_a_ml_today_walk_forward_v1,capped_confirmation,csi300,沪深300,5,max_up,44,0.023071005398165378,0.013712809370767132,0.004305510440881177,0.02821653486368131,1799,0.018173956607304004,0.00489704879086137,5,0.0055909419172376846,-0.0060611973669244925,0.015855294948647233,0.38108996523197053,0.9825960655352983,0.9991778503372458,True
ml_today_shallow_gbdt,top,all_a_ml_today_walk_forward_v1,capped_confirmation,csi300,沪深300,5,terminal_return,44,0.004736116888777647,-0.0037413497482466362,-0.015121217880201238,0.021095966739065386,1799,0.0014889302444303601,0.003247186644347286,5,0.004181999032903453,-0.004949531460143481,0.011443904748838054,0.43747295926809643,0.9825960655352983,0.9991778503372458,True
ml_today_shallow_gbdt,top,all_a_ml_today_walk_forward_v1,capped_confirmation,csi300,沪深300,10,max_down,44,-0.024922197330301342,-0.024420414596642237,-0.03420636609770339,-0.007212572576429405,1794,-0.02605315184776846,0.001130954517467112,10,0.003293029538191436,-0.005323383377388103,0.007585292412322326,0.731268281968436,0.9825960655352983,0.9991778503372458,True
ml_today_shallow_gbdt,top,all_a_ml_today_walk_forward_v1,capped_confirmation,csi300,沪深300,10,max_up,44,0.029286596950878676,0.019639090225943123,0.007445236599550986,0.03456153286111935,1794,0.027354859854007048,0.0019317370968716147,10,0.005736352685424057,-0.009311514166559537,0.013174988360302765,0.7363026960191776,0.9825960655352983,0.9991778503372458,True
ml_today_shallow_gbdt,top,all_a_ml_today_walk_forward_v1,capped_confirmation,csi300,沪深300,10,terminal_return,44,0.0017716725907186426,-0.002227943390650744,-0.017561691902432536,0.021244533563306023,1794,0.0030405409428474577,-0.0012688683521288233,10,0.004964174825073723,-0.01099865100927332,0.008460914305015672,0.7982557878166652,0.9825960655352983,0.9991778503372458,True
ml_today_shallow_gbdt,top,all_a_ml_today_walk_forward_v1,capped_confirmation,csi300,沪深300,20,max_down,44,-0.037404495721994974,-0.03077497923368394,-0.045946428477278006,-0.015629799388504673,1784,-0.036744892887779955,-0.0006596028342150224,20,0.0050244540917107425,-0.010507532853968077,0.009188327185538032,0.8955549931587077,0.9825960655352983,0.9991778503372458,True
ml_today_shallow_gbdt,top,all_a_ml_today_walk_forward_v1,capped_confirmation,csi300,沪深300,20,max_up,44,0.041726460440106465,0.025397040766753642,0.011451778289333192,0.0559475841153097,1784,0.04133721274429985,0.0003892476958066349,20,0.006901279889752472,-0.01313726088810821,0.01391575627972148,0.9550213666308368,0.9825960655352983,0.9991778503372458,True
ml_today_shallow_gbdt,top,all_a_ml_today_walk_forward_v1,capped_confirmation,csi300,沪深300,20,terminal_return,44,0.005352407809780455,-0.005770291066610145,-0.026385178394895736,0.03383726706721635,1784,0.005810904879927155,-0.00045849707014669546,20,0.007720395284974267,-0.015590471828696259,0.014673477688402867,0.9526432528938258,0.9825960655352983,0.9991778503372458,True
ml_today_shallow_gbdt,top,all_a_ml_today_walk_forward_v1,capped_confirmation,csi500,中证500,5,max_down,44,-0.020912029106178374,-0.018262680412067023,-0.03141089619761428,-0.004657729967580654,1799,-0.02166907022357421,0.0007570411173958365,5,0.002963310762507753,-0.005051047977119359,0.006565130211911033,0.7983590386522931,0.9825960655352983,0.9991778503372458,True
ml_today_shallow_gbdt,top,all_a_ml_today_walk_forward_v1,capped_confirmation,csi500,中证500,5,max_up,44,0.025665706155673772,0.01768910630138598,0.007355784868708248,0.024941242116214624,1799,0.02091648079785545,0.004749225357818325,5,0.006375616913625204,-0.007746983792887074,0.017245434508523724,0.456329489780136,0.9825960655352983,0.9991778503372458,True
ml_today_shallow_gbdt,top,all_a_ml_today_walk_forward_v1,capped_confirmation,csi500,中证500,5,terminal_return,44,0.005370260097398564,0.003989502963308245,-0.014507547694384476,0.01874358170604301,1799,0.0022022255576780807,0.003168034539720482,5,0.004736770170666528,-0.006116034994785913,0.012452104074226877,0.5036119348898846,0.9825960655352983,0.9991778503372458,True
ml_today_shallow_gbdt,top,all_a_ml_today_walk_forward_v1,capped_confirmation,csi500,中证500,10,max_down,44,-0.030490711563840967,-0.028306571062805597,-0.04137175434419996,-0.007701404261835548,1794,-0.03137270567572437,0.0008819941118834045,10,0.003914886237894514,-0.006791182914389843,0.008555171138156653,0.821751812501478,0.9825960655352983,0.9991778503372458,True
ml_today_shallow_gbdt,top,all_a_ml_today_walk_forward_v1,capped_confirmation,csi500,中证500,10,max_up,44,0.03436890934576086,0.021408741288838185,0.008745247446372784,0.03576001094002362,1794,0.03130642985494516,0.0030624794908156844,10,0.006581997717061182,-0.009838236034624233,0.0159631950162556,0.6417301292983569,0.9825960655352983,0.9991778503372458,True
ml_today_shallow_gbdt,top,all_a_ml_today_walk_forward_v1,capped_confirmation,csi500,中证500,10,terminal_return,44,0.005015719946398916,0.0021168976486692914,-0.01569488351237025,0.023771408023081697,1794,0.004339187071143557,0.0006765328752553521,10,0.006388316727373953,-0.011844567910397598,0.0131976336609083,0.9156604354571423,0.9825960655352983,0.9991778503372458,True
ml_today_shallow_gbdt,top,all_a_ml_today_walk_forward_v1,capped_confirmation,csi500,中证500,20,max_down,44,-0.04659122818480942,-0.03724497071843347,-0.0628851618637255,-0.01809048064621474,1784,-0.04494857389349174,-0.0016426542913176813,20,0.006078240392758212,-0.013556005461123777,0.010270696878488413,0.7869666852742513,0.9825960655352983,0.9991778503372458,True
ml_today_shallow_gbdt,top,all_a_ml_today_walk_forward_v1,capped_confirmation,csi500,中证500,20,max_up,44,0.049652527195432235,0.027871827344746247,0.014717750266585228,0.07139476809478323,1784,0.04748053133469333,0.0021719958607388894,20,0.009185656794670935,-0.015831891456816145,0.020175883178293923,0.8130795052141864,0.9825960655352983,0.9991778503372458,True
ml_today_shallow_gbdt,top,all_a_ml_today_walk_forward_v1,capped_confirmation,csi500,中证500,20,terminal_return,44,0.008298939759366181,-0.0116164488956233,-0.026902543805615436,0.03699817232502706,1784,0.008523767737866703,-0.0002248279785005318,20,0.010306436567599943,-0.020425443650996418,0.019975787693995356,0.9825960655352983,0.9825960655352983,0.9991778503372458,True
ml_today_shallow_gbdt,top,all_a_ml_today_walk_forward_v1,capped_confirmation,microcap,微盘股,5,max_down,44,-0.02821359661605315,-0.024055690998467272,-0.04201365336177437,-0.004824183808155469,1799,-0.02612132456357925,-0.0020922720524739107,5,0.0044890937757907845,-0.010890895853023847,0.006706351748076027,0.6411589997499412,0.9825960655352983,0.9991778503372458,True
ml_today_shallow_gbdt,top,all_a_ml_today_walk_forward_v1,capped_confirmation,microcap,微盘股,5,max_up,44,0.02912258291418757,0.022626511829115348,0.005690390345064078,0.03407545805021445,1799,0.027780237608190577,0.0013423453059969918,5,0.00664793728295035,-0.011687611768585694,0.014372302380579677,0.839979994322317,0.9825960655352983,0.9991778503372458,True
ml_today_shallow_gbdt,top,all_a_ml_today_walk_forward_v1,capped_confirmation,microcap,微盘股,5,terminal_return,44,0.004537225404638515,0.010019632348320484,-0.018528831378531035,0.02886292194069079,1799,0.006952489712447973,-0.0024152643078094566,5,0.006161797238616491,-0.01449238689549778,0.009661858279878865,0.6950774250706905,0.9825960655352983,0.9991778503372458,True
ml_today_shallow_gbdt,top,all_a_ml_today_walk_forward_v1,capped_confirmation,microcap,微盘股,10,max_down,44,-0.04239312302090428,-0.028811962979956585,-0.05174206443187504,-0.005446418476926285,1794,-0.038100700643738064,-0.00429242237716622,10,0.00743475449092903,-0.01886454117938712,0.01027969642505468,0.5637060529237379,0.9825960655352983,0.9991778503372458,True
ml_today_shallow_gbdt,top,all_a_ml_today_walk_forward_v1,capped_confirmation,microcap,微盘股,10,max_up,44,0.044149044134817336,0.035907579976353965,0.013790883315796532,0.05402223961803321,1794,0.043147574789424194,0.001001469345393147,10,0.007946831534584276,-0.014574320462392033,0.016577259153178328,0.8997151333042707,0.9825960655352983,0.9991778503372458,True
ml_today_shallow_gbdt,top,all_a_ml_today_walk_forward_v1,capped_confirmation,microcap,微盘股,10,terminal_return,44,0.00927118575553572,0.017494155362532626,-0.016554179246378642,0.04368185653882156,1794,0.013637329484530765,-0.004366143728995025,10,0.009905140343944888,-0.023780218803127008,0.015047931345136956,0.6593608733621691,0.9825960655352983,0.9991778503372458,True
ml_today_shallow_gbdt,top,all_a_ml_today_walk_forward_v1,capped_confirmation,microcap,微盘股,20,max_down,44,-0.059050881310182726,-0.03750841879432204,-0.06775471540331246,-0.0077802849743127955,1784,-0.05526966157281916,-0.0037812197373635896,20,0.010278308485785401,-0.023926704369502977,0.0163642648947758,0.7129601301915087,0.9825960655352983,0.9991778503372458,True
ml_today_shallow_gbdt,top,all_a_ml_today_walk_forward_v1,capped_confirmation,microcap,微盘股,20,max_up,44,0.06593522045584388,0.05477237398135548,0.017438913939817946,0.07961004517598513,1784,0.0666152586255566,-0.0006800381697127589,20,0.011465720050782257,-0.023152849469245982,0.021792773129820465,0.9527047577134442,0.9825960655352983,0.9991778503372458,True
ml_today_shallow_gbdt,top,all_a_ml_today_walk_forward_v1,capped_confirmation,microcap,微盘股,20,terminal_return,44,0.026997037495264595,0.014327092080230863,-0.03502528579958758,0.06356073770474757,1784,0.02651901502422663,0.00047802247103797055,20,0.014446309240003914,-0.0278367436393697,0.02879278858144564,0.9736031430077752,0.9825960655352983,0.9991778503372458,True
ml_today_shallow_gbdt,top,all_a_ml_today_walk_forward_v1,capped_confirmation,sse_composite,上证指数,5,max_down,44,-0.015705713614239936,-0.012754446194527203,-0.02446180276523438,-0.005615975772289006,1799,-0.01634813445844104,0.0006424208442011058,5,0.002087943102937559,-0.0034499476375565103,0.004734789325958722,0.7583249247038685,0.9825960655352983,0.9991778503372458,True
ml_today_shallow_gbdt,top,all_a_ml_today_walk_forward_v1,capped_confirmation,sse_composite,上证指数,5,max_up,44,0.0197288283372309,0.012150670224972848,0.00410614923629482,0.020114628887734742,1799,0.015532194156835478,0.004196634180395418,5,0.0049497230273920605,-0.005504822953293021,0.013898091314083857,0.39652021785117264,0.9825960655352983,0.9991778503372458,True
ml_today_shallow_gbdt,top,all_a_ml_today_walk_forward_v1,capped_confirmation,sse_composite,上证指数,5,terminal_return,44,0.003989029790856007,0.0006154949901905349,-0.012504730697637134,0.013817266618771418,1799,0.0014677584541189159,0.0025212713367370903,5,0.0034545913195619736,-0.004249727649604377,0.009292270323078559,0.46549287378072224,0.9825960655352983,0.9991778503372458,True
ml_today_shallow_gbdt,top,all_a_ml_today_walk_forward_v1,capped_confirmation,sse_composite,上证指数,10,max_down,44,-0.022951945757422643,-0.022021852295403765,-0.030513457657159904,-0.006098090652822935,1794,-0.023479143334319965,0.0005271975768973261,10,0.003234414790851996,-0.005812255413172586,0.006866650566967238,0.8705213641171029,0.9825960655352983,0.9991778503372458,True
ml_today_shallow_gbdt,top,all_a_ml_today_walk_forward_v1,capped_confirmation,sse_composite,上证指数,10,max_up,44,0.025823661093162472,0.016286612778539822,0.008421425929065918,0.029581003302908915,1794,0.02331416419368366,0.0025094968994788056,10,0.0050991758842525575,-0.007484887833656207,0.012503881632613819,0.6226219737297471,0.9825960655352983,0.9991778503372458,True
ml_today_shallow_gbdt,top,all_a_ml_today_walk_forward_v1,capped_confirmation,sse_composite,上证指数,10,terminal_return,44,0.0017111190451951338,0.0028536279953972343,-0.012639242147495178,0.01421110416460919,1794,0.0029526446526010985,-0.0012415256074059522,10,0.0046737510351308464,-0.010402077636262412,0.007919026421450507,0.7905180614201472,0.9825960655352983,0.9991778503372458,True
ml_today_shallow_gbdt,top,all_a_ml_today_walk_forward_v1,capped_confirmation,sse_composite,上证指数,20,max_down,44,-0.03543842843974911,-0.027703968734187567,-0.04250604672087149,-0.01295096762442205,1784,-0.033470109125508136,-0.0019683193142409744,20,0.005072126181646052,-0.011909686630267237,0.007973048001785287,0.6979672512151495,0.9825960655352983,0.9991778503372458,True
ml_today_shallow_gbdt,top,all_a_ml_today_walk_forward_v1,capped_confirmation,sse_composite,上证指数,20,max_up,44,0.036623219105265996,0.01996794015550185,0.012871924761836628,0.04898161975901438,1784,0.03500572156833219,0.0016174975369338236,20,0.006211752216274319,-0.010557536806963842,0.013792531880831488,0.7945605498221326,0.9825960655352983,0.9991778503372458,True
ml_today_shallow_gbdt,top,all_a_ml_today_walk_forward_v1,capped_confirmation,sse_composite,上证指数,20,terminal_return,44,0.0037236707104114013,-0.0029400475569988926,-0.02830349503514712,0.03494971136559022,1784,0.005615247390576957,-0.001891576680165559,20,0.007037248476379534,-0.015684583693869446,0.011901430333538328,0.7880874985233122,0.9825960655352983,0.9991778503372458,True
ml_today_shallow_gbdt,top,all_a_ml_today_walk_forward_v1,onset,all_a,全A,5,max_down,44,-0.020881395139486534,-0.017264694765676047,-0.02931707752366719,-0.004511379827687401,1799,-0.019829018400487345,-0.001052376738999187,5,0.0031736594865547974,-0.00727274933264659,0.005167995854648216,0.7401934009482007,0.9932638710375405,0.9991778503372458,True
ml_today_shallow_gbdt,top,all_a_ml_today_walk_forward_v1,onset,all_a,全A,5,max_up,44,0.021622409454297,0.010912669880590142,0.004162364859493617,0.02319351050983237,1799,0.01855781261756844,0.003064596836728556,5,0.006755018458407182,-0.01017523934174952,0.01630443301520663,0.6500612886427042,0.9932638710375405,0.9991778503372458,True
ml_today_shallow_gbdt,top,all_a_ml_today_walk_forward_v1,onset,all_a,全A,5,terminal_return,44,8.978424296472342e-05,-0.0022253222546547713,-0.021104201792280397,0.01736004649387546,1799,0.0019400853151571292,-0.001850301072192396,5,0.00510476145248555,-0.011855633519064074,0.00815503137467928,0.7170040304593789,0.9932638710375405,0.9991778503372458,True
ml_today_shallow_gbdt,top,all_a_ml_today_walk_forward_v1,onset,all_a,全A,10,max_down,44,-0.02928024262826626,-0.02745590617084004,-0.041756541148054466,-0.0063329994737162665,1794,-0.028787663548534355,-0.0004925790797319046,10,0.003656767567700854,-0.007659843512425579,0.006674685352961769,0.8928463729142375,0.9932638710375405,0.9991778503372458,True
ml_today_shallow_gbdt,top,all_a_ml_today_walk_forward_v1,onset,all_a,全A,10,max_up,44,0.02891129359240634,0.016554948252125445,0.007016453682428647,0.035571418188872495,1794,0.027780871080947078,0.0011304225114592502,10,0.006126605608121377,-0.010877724480458649,0.01313856950337715,0.8536130615131903,0.9932638710375405,0.9991778503372458,True
ml_today_shallow_gbdt,top,all_a_ml_today_walk_forward_v1,onset,all_a,全A,10,terminal_return,44,0.002561587259016625,-0.0005657577292351168,-0.022979951175175678,0.021353753736978454,1794,0.0036691128739226937,-0.0011075256149060697,10,0.005309061074349908,-0.011513285320631889,0.009298234090819748,0.8347523528573189,0.9932638710375405,0.9991778503372458,True
ml_today_shallow_gbdt,top,all_a_ml_today_walk_forward_v1,onset,all_a,全A,20,max_down,44,-0.04494207809591977,-0.033970085155487884,-0.0592831309384875,-0.01664576711150309,1784,-0.04117882594093812,-0.003763252154981635,20,0.0053535224526465326,-0.014256156162168838,0.006729651852205568,0.4820876609939708,0.9932638710375405,0.9991778503372458,True
ml_today_shallow_gbdt,top,all_a_ml_today_walk_forward_v1,onset,all_a,全A,20,max_up,44,0.043254917242587614,0.02098259747170428,0.00938093656601069,0.04832996518848137,1784,0.04175153007995878,0.0015033871626288309,20,0.0075892069095106,-0.013371458380011945,0.016378232705269606,0.8429704047983444,0.9932638710375405,0.9991778503372458,True
ml_today_shallow_gbdt,top,all_a_ml_today_walk_forward_v1,onset,all_a,全A,20,terminal_return,44,0.007387425757378842,-0.0067594502583713245,-0.03109511571067558,0.03305574572651859,1784,0.007002606794344281,0.000384818963034558,20,0.00880276396534472,-0.016868598409041095,0.01763823633511021,0.9651310267126704,0.9932638710375405,0.9991778503372458,True
ml_today_shallow_gbdt,top,all_a_ml_today_walk_forward_v1,onset,cni2000,国证2000,5,max_down,44,-0.024839478090065866,-0.01904592769408986,-0.03807177076240029,-0.006158390310101403,1799,-0.025286623224891704,0.0004471451348258443,5,0.0038085979562352975,-0.007017706859395338,0.007911997129047027,0.9065398103480178,0.9932638710375405,0.9991778503372458,True
ml_today_shallow_gbdt,top,all_a_ml_today_walk_forward_v1,onset,cni2000,国证2000,5,max_up,44,0.027626535404254894,0.017943761730764507,0.00399991249630649,0.030938524584632754,1799,0.0227607151372709,0.004865820266983993,5,0.007602289167712432,-0.010034666501732376,0.01976630703570036,0.5221422242518874,0.9932638710375405,0.9991778503372458,True
ml_today_shallow_gbdt,top,all_a_ml_today_walk_forward_v1,onset,cni2000,国证2000,5,terminal_return,44,0.0016851632834007672,-0.0013431212546691218,-0.0243644865363771,0.02264514458359068,1799,0.002582557081917457,-0.0008973937985166786,5,0.006108854081262185,-0.01287074779779056,0.011075960200757204,0.8832105469827815,0.9932638710375405,0.9991778503372458,True
ml_today_shallow_gbdt,top,all_a_ml_today_walk_forward_v1,onset,cni2000,国证2000,10,max_down,44,-0.03572472326092218,-0.03232063769132859,-0.05123570574801661,-0.008810346978604139,1794,-0.03715905964090135,0.001434336379979166,10,0.004560712269833398,-0.0075046596688942944,0.010373332428852626,0.7531425867153766,0.9932638710375405,0.9991778503372458,True
ml_today_shallow_gbdt,top,all_a_ml_today_walk_forward_v1,onset,cni2000,国证2000,10,max_up,44,0.03886206082007957,0.02296627380290206,0.0077867655941137315,0.049957224318554316,1794,0.03436911109534583,0.004492949724733733,10,0.007289701662805495,-0.009794865534365038,0.018780764983832503,0.5376687862135874,0.9932638710375405,0.9991778503372458,True
ml_today_shallow_gbdt,top,all_a_ml_today_walk_forward_v1,onset,cni2000,国证2000,10,terminal_return,44,0.0072700452028018085,0.004849278526199985,-0.03018632271047128,0.03868536695301916,1794,0.004803375074201651,0.0024666701286001516,10,0.007173421503186186,-0.011593236017644773,0.016526576274845075,0.7309497495368943,0.9932638710375405,0.9991778503372458,True
ml_today_shallow_gbdt,top,all_a_ml_today_walk_forward_v1,onset,cni2000,国证2000,20,max_down,44,-0.05630616244043602,-0.04452822790558286,-0.0764674471609578,-0.012016444087336542,1784,-0.0540262043843042,-0.002279958056131833,20,0.007226000035717991,-0.016442918126139097,0.011883002013875429,0.7523657624842974,0.9932638710375405,0.9991778503372458,True
ml_today_shallow_gbdt,top,all_a_ml_today_walk_forward_v1,onset,cni2000,国证2000,20,max_up,44,0.05563270694135933,0.03757806791613927,0.0124300605308445,0.07199091762585563,1784,0.05137974929513072,0.004252957646228592,20,0.009590944204005313,-0.014545292993621822,0.023051208286079008,0.6574513280483552,0.9932638710375405,0.9991778503372458,True
ml_today_shallow_gbdt,top,all_a_ml_today_walk_forward_v1,onset,cni2000,国证2000,20,terminal_return,44,0.013036101210374275,-0.00022163340086955863,-0.043063514524616736,0.04682035464051604,1784,0.009242679768494626,0.0037934214418796444,20,0.012032853220521387,-0.019790970870342272,0.027377813754101563,0.7525677776626881,0.9932638710375405,0.9991778503372458,True
ml_today_shallow_gbdt,top,all_a_ml_today_walk_forward_v1,onset,csi1000,中证1000,5,max_down,44,-0.024542853440767322,-0.020990935986158143,-0.037035125218639525,-0.006996091132006554,1799,-0.024918960557658198,0.00037610711689087294,5,0.003724557668951632,-0.006924025914254325,0.00767624014803607,0.9195660631472604,0.9932638710375405,0.9991778503372458,True
ml_today_shallow_gbdt,top,all_a_ml_today_walk_forward_v1,onset,csi1000,中证1000,5,max_up,44,0.02737740358128674,0.016615346186676594,0.0041732582364572,0.03170855197151812,1799,0.022562227939015023,0.0048151756422717025,5,0.007668671432219753,-0.010215420364879014,0.019845771649422417,0.5300680115142049,0.9932638710375405,0.9991778503372458,True
ml_today_shallow_gbdt,top,all_a_ml_today_walk_forward_v1,onset,csi1000,中证1000,5,terminal_return,44,0.0017057931231554766,-0.006150903182387701,-0.02510062347058295,0.023023631396756006,1799,0.002155157468769494,-0.00044936434561401896,5,0.006236416944304031,-0.012672741556449919,0.01177401286522188,0.9425582243175307,0.9932638710375405,0.9991778503372458,True
ml_today_shallow_gbdt,top,all_a_ml_today_walk_forward_v1,onset,csi1000,中证1000,10,max_down,44,-0.03501174636259297,-0.02977949068576108,-0.04999520570061208,-0.01098941756726926,1794,-0.036593911569574124,0.0015821652069811427,10,0.004284796162274647,-0.006816035271077166,0.00998036568503945,0.7119406556305473,0.9932638710375405,0.9991778503372458,True
ml_today_shallow_gbdt,top,all_a_ml_today_walk_forward_v1,onset,csi1000,中证1000,10,max_up,44,0.03824684745622978,0.020282454464220057,0.008365383956953798,0.04790804658499376,1794,0.0337769423561942,0.00446990510003559,10,0.007412643211119867,-0.010058875593759349,0.01899868579383053,0.5465013980167858,0.9932638710375405,0.9991778503372458,True
ml_today_shallow_gbdt,top,all_a_ml_today_walk_forward_v1,onset,csi1000,中证1000,10,terminal_return,44,0.006792876924847094,-0.00012626599274029315,-0.0375118707023889,0.0325766864429311,1794,0.003981422278425229,0.002811454646421861,10,0.007140391488409444,-0.01118371267086065,0.01680662196370437,0.6937733266166758,0.9932638710375405,0.9991778503372458,True
ml_today_shallow_gbdt,top,all_a_ml_today_walk_forward_v1,onset,csi1000,中证1000,20,max_down,44,-0.05493015172306965,-0.04501699920091351,-0.08028467897170158,-0.01539396207800292,1784,-0.05296981463317961,-0.0019603370898900324,20,0.006651232753496789,-0.01499675328674374,0.011076079106963675,0.7681979316296252,0.9932638710375405,0.9991778503372458,True
ml_today_shallow_gbdt,top,all_a_ml_today_walk_forward_v1,onset,csi1000,中证1000,20,max_up,44,0.05500848662196838,0.03551992599076048,0.010760991512788032,0.06605681253256951,1784,0.05049130809215057,0.004517178529817825,20,0.009784477466933332,-0.014660397305371504,0.023694754365007155,0.6443195405089253,0.9932638710375405,0.9991778503372458,True
ml_today_shallow_gbdt,top,all_a_ml_today_walk_forward_v1,onset,csi1000,中证1000,20,terminal_return,44,0.013054039671488436,-0.0025203775876340706,-0.044437141763400134,0.042334581581014274,1784,0.0076433822622246975,0.005410657409263721,20,0.012153918882976388,-0.01841102360137,0.02923233841989744,0.6561911176549945,0.9932638710375405,0.9991778503372458,True
ml_today_shallow_gbdt,top,all_a_ml_today_walk_forward_v1,onset,csi300,沪深300,5,max_down,44,-0.02037675424267996,-0.015095852430458856,-0.031458479614117796,-0.004095265422570937,1799,-0.018065203023430162,-0.0023115512192498013,5,0.0028298005995856094,-0.007857960394437596,0.003234857955937993,0.41400837812850166,0.9932638710375405,0.9991778503372458,True
ml_today_shallow_gbdt,top,all_a_ml_today_walk_forward_v1,onset,csi300,沪深300,5,max_up,44,0.01979995847741405,0.012594706967950509,0.0038632069304091465,0.021608786388131296,1799,0.01825395997835073,0.0015459984990633126,5,0.006200003618367279,-0.010606008592936554,0.01369800559106318,0.803086615242535,0.9932638710375405,0.9991778503372458,True
ml_today_shallow_gbdt,top,all_a_ml_today_walk_forward_v1,onset,csi300,沪深300,5,terminal_return,44,-0.0008992013699635103,-0.0020905938602095997,-0.021072139280377045,0.011693207876313672,1799,0.0016267590400860638,-0.002525960410049578,5,0.004578207755470902,-0.011499247610772546,0.006447326790673389,0.5811294844561901,0.9932638710375405,0.9991778503372458,True
ml_today_shallow_gbdt,top,all_a_ml_today_walk_forward_v1,onset,csi300,沪深300,10,max_down,44,-0.02768037132829347,-0.026509691787013123,-0.036253126276113684,-0.005192336179266455,1794,-0.025985504324963746,-0.0016948670033297261,10,0.0035271391375289664,-0.0086080597128865,0.0052183257062270475,0.6308564549186483,0.9932638710375405,0.9991778503372458,True
ml_today_shallow_gbdt,top,all_a_ml_today_walk_forward_v1,onset,csi300,沪深300,10,max_up,44,0.0276369688758363,0.016238533017709056,0.004772426121622986,0.029470999487346383,1794,0.02739531895952648,0.0002416499163098077,10,0.0058685030123827656,-0.011260615987960413,0.011743915820580028,0.9671544406399369,0.9932638710375405,0.9991778503372458,True
ml_today_shallow_gbdt,top,all_a_ml_today_walk_forward_v1,onset,csi300,沪深300,10,terminal_return,44,0.0012611283605481775,-0.005276230930629011,-0.014983923094428891,0.016190826601805042,1794,0.003053062651948629,-0.001791934291400467,10,0.0052372003785481945,-0.012056847033354927,0.008472978450553994,0.7322342490032374,0.9932638710375405,0.9991778503372458,True
ml_today_shallow_gbdt,top,all_a_ml_today_walk_forward_v1,onset,csi300,沪深300,20,max_down,44,-0.04116865448346461,-0.034882507869025525,-0.04963020771355825,-0.019953894149115664,1784,-0.036652054891420836,-0.004516599592043784,20,0.0048637798425239425,-0.014049608083390713,0.005016408899303143,0.35308644182126736,0.9932638710375405,0.9991778503372458,True
ml_today_shallow_gbdt,top,all_a_ml_today_walk_forward_v1,onset,csi300,沪深300,20,max_up,44,0.03986282429568235,0.021396265157622163,0.011919391269315849,0.048153115961609316,1784,0.04138317686445381,-0.0015203525687714416,20,0.006623660162741793,-0.014502726487745357,0.011462021350202472,0.818454207850978,0.9932638710375405,0.9991778503372458,True
ml_today_shallow_gbdt,top,all_a_ml_today_walk_forward_v1,onset,csi300,沪深300,20,terminal_return,44,0.003936838593277051,-0.012517372830776419,-0.03304222751710442,0.03729593035361617,1784,0.005845818022038228,-0.001908979428761173,20,0.007559448302002961,-0.016725498100686974,0.01290753924316463,0.8006322517681754,0.9932638710375405,0.9991778503372458,True
ml_today_shallow_gbdt,top,all_a_ml_today_walk_forward_v1,onset,csi500,中证500,5,max_down,44,-0.021956248104827544,-0.01324535799109261,-0.03266825965715342,-0.006276989875634104,1799,-0.02164353068163949,-0.00031271742318805557,5,0.003447042952318258,-0.007068921609731841,0.00644348676335573,0.9277146896768156,0.9932638710375405,0.9991778503372458,True
ml_today_shallow_gbdt,top,all_a_ml_today_walk_forward_v1,onset,csi500,中证500,5,max_up,44,0.02521885564324475,0.014258474285450684,0.005106595796273206,0.026058705895922574,1799,0.020927409882094957,0.004291445761149793,5,0.00727557054971828,-0.009968672516298037,0.01855156403859762,0.5552957821793639,0.9932638710375405,0.9991778503372458,True
ml_today_shallow_gbdt,top,all_a_ml_today_walk_forward_v1,onset,csi500,中证500,5,terminal_return,44,0.001051004757984089,-0.002633144377358676,-0.021564348348372203,0.019949344499148314,1799,0.0023078660440228487,-0.0012568612860387645,5,0.005778582536110867,-0.012582883056816062,0.010069160484738535,0.8278160660652305,0.9932638710375405,0.9991778503372458,True
ml_today_shallow_gbdt,top,all_a_ml_today_walk_forward_v1,onset,csi500,中证500,10,max_down,44,-0.03047010863431845,-0.026849803610106915,-0.04297587941306302,-0.007717279139829336,1794,-0.03137321098726227,0.0009031023529438154,10,0.003843047906614052,-0.006629271544019727,0.008435476249907358,0.8142115415429491,0.9932638710375405,0.9991778503372458,True
ml_today_shallow_gbdt,top,all_a_ml_today_walk_forward_v1,onset,csi500,中证500,10,max_up,44,0.03453608867986827,0.020056192582273202,0.008512736343175842,0.043200669350858756,1794,0.03130232958142191,0.0032337590984463697,10,0.006993248031156041,-0.01047300704261947,0.01694052523951221,0.6437861733642751,0.9932638710375405,0.9991778503372458,True
ml_today_shallow_gbdt,top,all_a_ml_today_walk_forward_v1,onset,csi500,中证500,10,terminal_return,44,0.005716787391375683,-0.0007076005238941807,-0.018306849440742817,0.021418763672723495,1794,0.0043219925518687636,0.0013947948395069151,10,0.006120284926686908,-0.010600963616799424,0.013390553295813254,0.819726281281794,0.9932638710375405,0.9991778503372458,True
ml_today_shallow_gbdt,top,all_a_ml_today_walk_forward_v1,onset,csi500,中证500,20,max_down,44,-0.047803555158101925,-0.038634355230632744,-0.06496023792255706,-0.014945079574945896,1784,-0.044918673452446406,-0.0028848817056555177,20,0.005585938898294825,-0.013833321946313374,0.00806355853500234,0.6055372066014748,0.9932638710375405,0.9991778503372458,True
ml_today_shallow_gbdt,top,all_a_ml_today_walk_forward_v1,onset,csi500,中证500,20,max_up,44,0.04913910730252061,0.024471416527657608,0.010525150505037772,0.05889302447810402,1784,0.04749319415716425,0.0016459131453563543,20,0.008648289103399747,-0.015304733497307151,0.01859655978801986,0.8490610312900724,0.9932638710375405,0.9991778503372458,True
ml_today_shallow_gbdt,top,all_a_ml_today_walk_forward_v1,onset,csi500,中证500,20,terminal_return,44,0.00996050196307477,-0.008147410982244585,-0.035639520967404414,0.02771866927307015,1784,0.00848278750414295,0.0014777144589318268,20,0.01034387493883732,-0.018796280421189318,0.021751709339052974,0.8864016290307876,0.9932638710375405,0.9991778503372458,True
ml_today_shallow_gbdt,top,all_a_ml_today_walk_forward_v1,onset,microcap,微盘股,5,max_down,44,-0.02723043392171692,-0.018441973741659345,-0.04585238938148553,-0.005286157642887729,1799,-0.026145370788454626,-0.0010850631332622962,5,0.004449055319634557,-0.009805211559746028,0.0076350852932214365,0.8073189681598749,0.9932638710375405,0.9991778503372458,True
ml_today_shallow_gbdt,top,all_a_ml_today_walk_forward_v1,onset,microcap,微盘股,5,max_up,44,0.030219488573927557,0.019706207093449613,0.007996263627602085,0.04039154468296202,1799,0.02775340945420027,0.0024660791197272857,5,0.007072075053259784,-0.011395187984661891,0.01632734622411646,0.7273096023346968,0.9932638710375405,0.9991778503372458,True
ml_today_shallow_gbdt,top,all_a_ml_today_walk_forward_v1,onset,microcap,微盘股,5,terminal_return,44,0.002726414682805328,0.007641164338103246,-0.023093875195672908,0.025065690430931764,1799,0.006996778579463348,-0.004270363896658017,5,0.006211053098005179,-0.01644402796874817,0.007903300175432133,0.4917408348890592,0.9932638710375405,0.9991778503372458,True
ml_today_shallow_gbdt,top,all_a_ml_today_walk_forward_v1,onset,microcap,微盘股,10,max_down,44,-0.03957880105950079,-0.027377245587185517,-0.05261401710791555,-0.006528739086621688,1794,-0.038169725262635366,-0.0014090757968654275,10,0.006431479979780863,-0.014014776557235918,0.011196624963505064,0.8265795954404809,0.9932638710375405,0.9991778503372458,True
ml_today_shallow_gbdt,top,all_a_ml_today_walk_forward_v1,onset,microcap,微盘股,10,max_up,44,0.04517822380253788,0.034494950019433146,0.010935799068863439,0.05833194492014576,1794,0.04312233292466406,0.0020558908778738247,10,0.007006977521206098,-0.011677785063690127,0.015789566819437776,0.7692116619006075,0.9932638710375405,0.9991778503372458,True
ml_today_shallow_gbdt,top,all_a_ml_today_walk_forward_v1,onset,microcap,微盘股,10,terminal_return,44,0.010660924652900942,0.008521629484398496,-0.023580160024972374,0.04191488258621173,1794,0.013603244472555247,-0.002942319819654292,10,0.008552678959406356,-0.01970557058009075,0.013820930940782166,0.7308288531889447,0.9932638710375405,0.9991778503372458,True
ml_today_shallow_gbdt,top,all_a_ml_today_walk_forward_v1,onset,microcap,微盘股,20,max_down,44,-0.05978723920158538,-0.03291812005095851,-0.07854995360244132,-0.009156810647580838,1784,-0.05525150027953345,-0.004535738922051972,20,0.009938942714564898,-0.02401606664259917,0.014944588798495228,0.6481309058191759,0.9932638710375405,0.9991778503372458,True
ml_today_shallow_gbdt,top,all_a_ml_today_walk_forward_v1,onset,microcap,微盘股,20,max_up,44,0.06695383728432648,0.05516231187568532,0.019612753299296237,0.07735724356052565,1784,0.0665901357889797,0.00036370149534676693,20,0.010229336536981302,-0.019685798117136583,0.02041320110783012,0.9716373903723202,0.9932638710375405,0.9991778503372458,True
ml_today_shallow_gbdt,top,all_a_ml_today_walk_forward_v1,onset,microcap,微盘股,20,terminal_return,44,0.026200567079588743,0.023870803085614734,-0.030474423685887042,0.06325526370419143,1784,0.026538658913402492,-0.00033809183381375247,20,0.0135865806651551,-0.02696778993751775,0.026291606269890244,0.9801472921438775,0.9932638710375405,0.9991778503372458,True
ml_today_shallow_gbdt,top,all_a_ml_today_walk_forward_v1,onset,sse_composite,上证指数,5,max_down,44,-0.017928481958293937,-0.01441871244100218,-0.024477485685406725,-0.003954304808478082,1799,-0.016293769918619822,-0.0016347120396741103,5,0.002629345470815446,-0.006788229162472384,0.0035188050831241637,0.5341271554377102,0.9932638710375405,0.9991778503372458,True
ml_today_shallow_gbdt,top,all_a_ml_today_walk_forward_v1,onset,sse_composite,上证指数,5,max_up,44,0.01719152617934336,0.007343630076584673,0.0034923343916629657,0.020709591186338583,1799,0.01559425157481605,0.0015972746045273076,5,0.005393730507796063,-0.008974437190752976,0.012168986399807591,0.7671266715301416,0.9932638710375405,0.9991778503372458,True
ml_today_shallow_gbdt,top,all_a_ml_today_walk_forward_v1,onset,sse_composite,上证指数,5,terminal_return,44,-0.001063866964061075,-0.0013180565744867478,-0.01606969602806277,0.010612268787767276,1799,0.0015913423658567428,-0.002655209329917819,5,0.0038595785947213228,-0.01021998337557161,0.004909564715735973,0.4914822719887711,0.9932638710375405,0.9991778503372458,True
ml_today_shallow_gbdt,top,all_a_ml_today_walk_forward_v1,onset,sse_composite,上证指数,10,max_down,44,-0.02442436068324082,-0.022480885558080144,-0.034692090529948705,-0.004025201386408883,1794,-0.02344303059366445,-0.0009813300895763694,10,0.003319296096965655,-0.007487150439629053,0.005524490260476314,0.7675019414214688,0.9932638710375405,0.9991778503372458,True
ml_today_shallow_gbdt,top,all_a_ml_today_walk_forward_v1,onset,sse_composite,上证指数,10,max_up,44,0.02421786924673519,0.014778441242059404,0.005713230721516471,0.02880040619624763,1794,0.023353548163161254,0.0008643210835739345,10,0.005127691097975186,-0.009185953468457431,0.010914595635605298,0.8661431334470089,0.9932638710375405,0.9991778503372458,True
ml_today_shallow_gbdt,top,all_a_ml_today_walk_forward_v1,onset,sse_composite,上证指数,10,terminal_return,44,0.0017196235993845455,0.0006461057824099226,-0.017410771240680523,0.014758776453920652,1794,0.002952436068217412,-0.0012328124688328545,10,0.0047631017076436724,-0.010568491815814452,0.008102866878148743,0.795769835341987,0.9932638710375405,0.9991778503372458,True
ml_today_shallow_gbdt,top,all_a_ml_today_walk_forward_v1,onset,sse_composite,上证指数,20,max_down,44,-0.037977589235231396,-0.027692585632935474,-0.045404487177602426,-0.015260536575320144,1784,-0.033407484083467096,-0.004570105151764308,20,0.004788839877753201,-0.013956231312160582,0.004816021008631966,0.33991962891378985,0.9932638710375405,0.9991778503372458,True
ml_today_shallow_gbdt,top,all_a_ml_today_walk_forward_v1,onset,sse_composite,上证指数,20,max_up,44,0.03509268393573106,0.01952742497301585,0.009756436120273493,0.042983321611282266,1784,0.03504347019358977,4.921374214129285e-05,20,0.005829226071092753,-0.011376069357200504,0.011474496841483089,0.9932638710375405,0.9932638710375405,0.9991778503372458,True
ml_today_shallow_gbdt,top,all_a_ml_today_walk_forward_v1,onset,sse_composite,上证指数,20,terminal_return,44,0.0029516453462644313,-0.006248590993155334,-0.029638192144598285,0.027165796279643217,1784,0.005634288374894482,-0.002682643028630055,20,0.006681463325390506,-0.015778311146395448,0.010413025089135336,0.6880481267300551,0.9932638710375405,0.9991778503372458,True
