signal_id,direction,version,event_kind,aggregation,index_id,index_name,observation_unit,match_scope,timing_slice,region_form_slice,region_count,matched_region_count,missed_region_count,region_recall,episode_count,matched_episode_count,false_alarm_count,isolated_false_alarm_count,duplicate_alarm_count,unclassified_episode_count,episode_precision,median_lead_lag_days,q25_lead_lag_days,q75_lead_lag_days
ml_today_elastic_net,bottom,all_a_ml_today_walk_forward_v1,capped_confirmation,all_indices,__all__,全部指数（指数-事件对）,index_region_or_index_episode_pair,loose,all,all,109,32,77,0.29357798165137616,189,32,157,83,44,0,0.1693121693121693,0.0,-1.0,1.0
ml_today_elastic_net,bottom,all_a_ml_today_walk_forward_v1,capped_confirmation,all_indices,__all__,全部指数（指数-事件对）,index_region_or_index_episode_pair,loose,all,multi_lobe,46,18,28,0.391304347826087,66,18,48,25,15,0,0.2727272727272727,0.5,-5.0,1.0
ml_today_elastic_net,bottom,all_a_ml_today_walk_forward_v1,capped_confirmation,all_indices,__all__,全部指数（指数-事件对）,index_region_or_index_episode_pair,loose,all,single_lobe,63,14,49,0.2222222222222222,123,14,109,58,29,0,0.11382113821138211,0.0,-1.0,0.0
ml_today_elastic_net,bottom,all_a_ml_today_walk_forward_v1,capped_confirmation,all_indices,__all__,全部指数（指数-事件对）,index_region_or_index_episode_pair,loose,confirmation,all,104,12,92,0.11538461538461539,54,12,42,27,12,0,0.2222222222222222,1.0,1.0,2.75
ml_today_elastic_net,bottom,all_a_ml_today_walk_forward_v1,capped_confirmation,all_indices,__all__,全部指数（指数-事件对）,index_region_or_index_episode_pair,loose,confirmation,multi_lobe,43,9,34,0.20930232558139536,27,9,18,13,5,0,0.3333333333333333,1.0,1.0,8.0
ml_today_elastic_net,bottom,all_a_ml_today_walk_forward_v1,capped_confirmation,all_indices,__all__,全部指数（指数-事件对）,index_region_or_index_episode_pair,loose,confirmation,single_lobe,61,3,58,0.04918032786885246,27,3,24,14,7,0,0.1111111111111111,1.0,1.0,1.0
ml_today_elastic_net,bottom,all_a_ml_today_walk_forward_v1,capped_confirmation,all_indices,__all__,全部指数（指数-事件对）,index_region_or_index_episode_pair,loose,prediction,all,104,20,84,0.19230769230769232,135,20,115,56,32,0,0.14814814814814814,-1.0,-5.0,0.0
ml_today_elastic_net,bottom,all_a_ml_today_walk_forward_v1,capped_confirmation,all_indices,__all__,全部指数（指数-事件对）,index_region_or_index_episode_pair,loose,prediction,multi_lobe,41,9,32,0.21951219512195122,39,9,30,12,10,0,0.23076923076923078,-5.0,-5.0,-1.0
ml_today_elastic_net,bottom,all_a_ml_today_walk_forward_v1,capped_confirmation,all_indices,__all__,全部指数（指数-事件对）,index_region_or_index_episode_pair,loose,prediction,single_lobe,63,11,52,0.1746031746031746,96,11,85,44,22,0,0.11458333333333333,0.0,-1.0,0.0
ml_today_elastic_net,bottom,all_a_ml_today_walk_forward_v1,capped_confirmation,all_indices,__all__,全部指数（指数-事件对）,index_region_or_index_episode_pair,strict,all,all,109,29,80,0.26605504587155965,189,29,160,83,44,0,0.15343915343915343,0.0,-1.0,1.0
ml_today_elastic_net,bottom,all_a_ml_today_walk_forward_v1,capped_confirmation,all_indices,__all__,全部指数（指数-事件对）,index_region_or_index_episode_pair,strict,all,multi_lobe,46,15,31,0.32608695652173914,66,15,51,25,15,0,0.22727272727272727,1.0,-5.0,1.0
ml_today_elastic_net,bottom,all_a_ml_today_walk_forward_v1,capped_confirmation,all_indices,__all__,全部指数（指数-事件对）,index_region_or_index_episode_pair,strict,all,single_lobe,63,14,49,0.2222222222222222,123,14,109,58,29,0,0.11382113821138211,0.0,-1.0,0.0
ml_today_elastic_net,bottom,all_a_ml_today_walk_forward_v1,capped_confirmation,all_indices,__all__,全部指数（指数-事件对）,index_region_or_index_episode_pair,strict,confirmation,all,104,11,93,0.10576923076923077,54,11,43,27,12,0,0.2037037037037037,1.0,1.0,4.5
ml_today_elastic_net,bottom,all_a_ml_today_walk_forward_v1,capped_confirmation,all_indices,__all__,全部指数（指数-事件对）,index_region_or_index_episode_pair,strict,confirmation,multi_lobe,43,8,35,0.18604651162790697,27,8,19,13,5,0,0.2962962962962963,1.0,1.0,8.0
ml_today_elastic_net,bottom,all_a_ml_today_walk_forward_v1,capped_confirmation,all_indices,__all__,全部指数（指数-事件对）,index_region_or_index_episode_pair,strict,confirmation,single_lobe,61,3,58,0.04918032786885246,27,3,24,14,7,0,0.1111111111111111,1.0,1.0,1.0
ml_today_elastic_net,bottom,all_a_ml_today_walk_forward_v1,capped_confirmation,all_indices,__all__,全部指数（指数-事件对）,index_region_or_index_episode_pair,strict,prediction,all,104,18,86,0.17307692307692307,135,18,117,56,32,0,0.13333333333333333,-1.0,-5.0,0.0
ml_today_elastic_net,bottom,all_a_ml_today_walk_forward_v1,capped_confirmation,all_indices,__all__,全部指数（指数-事件对）,index_region_or_index_episode_pair,strict,prediction,multi_lobe,41,7,34,0.17073170731707318,39,7,32,12,10,0,0.1794871794871795,-5.0,-5.0,-5.0
ml_today_elastic_net,bottom,all_a_ml_today_walk_forward_v1,capped_confirmation,all_indices,__all__,全部指数（指数-事件对）,index_region_or_index_episode_pair,strict,prediction,single_lobe,63,11,52,0.1746031746031746,96,11,85,44,22,0,0.11458333333333333,0.0,-1.0,0.0
ml_today_elastic_net,bottom,all_a_ml_today_walk_forward_v1,capped_confirmation,all_indices,__all__,全部指数（指数-事件对）,index_region_or_index_episode_pair,window,all,all,109,62,47,0.5688073394495413,189,62,127,83,44,0,0.328042328042328,-1.0,-3.0,0.0
ml_today_elastic_net,bottom,all_a_ml_today_walk_forward_v1,capped_confirmation,all_indices,__all__,全部指数（指数-事件对）,index_region_or_index_episode_pair,window,all,multi_lobe,46,26,20,0.5652173913043478,66,26,40,25,15,0,0.3939393939393939,-1.5,-5.0,1.0
ml_today_elastic_net,bottom,all_a_ml_today_walk_forward_v1,capped_confirmation,all_indices,__all__,全部指数（指数-事件对）,index_region_or_index_episode_pair,window,all,single_lobe,63,36,27,0.5714285714285714,123,36,87,58,29,0,0.2926829268292683,-1.0,-3.0,0.0
ml_today_elastic_net,bottom,all_a_ml_today_walk_forward_v1,capped_confirmation,all_indices,__all__,全部指数（指数-事件对）,index_region_or_index_episode_pair,window,confirmation,all,104,15,89,0.14423076923076922,54,15,39,27,12,0,0.2777777777777778,1.0,1.0,1.0
ml_today_elastic_net,bottom,all_a_ml_today_walk_forward_v1,capped_confirmation,all_indices,__all__,全部指数（指数-事件对）,index_region_or_index_episode_pair,window,confirmation,multi_lobe,43,9,34,0.20930232558139536,27,9,18,13,5,0,0.3333333333333333,1.0,1.0,8.0
ml_today_elastic_net,bottom,all_a_ml_today_walk_forward_v1,capped_confirmation,all_indices,__all__,全部指数（指数-事件对）,index_region_or_index_episode_pair,window,confirmation,single_lobe,61,6,55,0.09836065573770492,27,6,21,14,7,0,0.2222222222222222,1.0,1.0,1.0
ml_today_elastic_net,bottom,all_a_ml_today_walk_forward_v1,capped_confirmation,all_indices,__all__,全部指数（指数-事件对）,index_region_or_index_episode_pair,window,prediction,all,104,47,57,0.4519230769230769,135,47,88,56,32,0,0.34814814814814815,-2.0,-5.0,-1.0
ml_today_elastic_net,bottom,all_a_ml_today_walk_forward_v1,capped_confirmation,all_indices,__all__,全部指数（指数-事件对）,index_region_or_index_episode_pair,window,prediction,multi_lobe,41,17,24,0.4146341463414634,39,17,22,12,10,0,0.4358974358974359,-5.0,-9.0,-2.0
ml_today_elastic_net,bottom,all_a_ml_today_walk_forward_v1,capped_confirmation,all_indices,__all__,全部指数（指数-事件对）,index_region_or_index_episode_pair,window,prediction,single_lobe,63,30,33,0.47619047619047616,96,30,66,44,22,0,0.3125,-1.0,-3.0,-1.0
ml_today_elastic_net,bottom,all_a_ml_today_walk_forward_v1,capped_confirmation,index,all_a,全A,region_or_episode,loose,all,all,15,5,10,0.3333333333333333,27,5,22,13,6,0,0.18518518518518517,0.0,-1.0,1.0
ml_today_elastic_net,bottom,all_a_ml_today_walk_forward_v1,capped_confirmation,index,all_a,全A,region_or_episode,loose,all,multi_lobe,10,4,6,0.4,17,4,13,7,4,0,0.23529411764705882,0.0,-2.0,3.0
ml_today_elastic_net,bottom,all_a_ml_today_walk_forward_v1,capped_confirmation,index,all_a,全A,region_or_episode,loose,all,single_lobe,5,1,4,0.2,10,1,9,6,2,0,0.1,0.0,0.0,0.0
ml_today_elastic_net,bottom,all_a_ml_today_walk_forward_v1,capped_confirmation,index,all_a,全A,region_or_episode,loose,confirmation,all,14,2,12,0.14285714285714285,5,2,3,2,1,0,0.4,5.0,3.0,7.0
ml_today_elastic_net,bottom,all_a_ml_today_walk_forward_v1,capped_confirmation,index,all_a,全A,region_or_episode,loose,confirmation,multi_lobe,9,2,7,0.2222222222222222,5,2,3,2,1,0,0.4,5.0,3.0,7.0
ml_today_elastic_net,bottom,all_a_ml_today_walk_forward_v1,capped_confirmation,index,all_a,全A,region_or_episode,loose,confirmation,single_lobe,5,0,5,0.0,0,0,0,0,0,0,,,,
ml_today_elastic_net,bottom,all_a_ml_today_walk_forward_v1,capped_confirmation,index,all_a,全A,region_or_episode,loose,prediction,all,14,3,11,0.21428571428571427,22,3,19,11,5,0,0.13636363636363635,-1.0,-3.0,-0.5
ml_today_elastic_net,bottom,all_a_ml_today_walk_forward_v1,capped_confirmation,index,all_a,全A,region_or_episode,loose,prediction,multi_lobe,9,2,7,0.2222222222222222,12,2,10,5,3,0,0.16666666666666666,-3.0,-4.0,-2.0
ml_today_elastic_net,bottom,all_a_ml_today_walk_forward_v1,capped_confirmation,index,all_a,全A,region_or_episode,loose,prediction,single_lobe,5,1,4,0.2,10,1,9,6,2,0,0.1,0.0,0.0,0.0
ml_today_elastic_net,bottom,all_a_ml_today_walk_forward_v1,capped_confirmation,index,all_a,全A,region_or_episode,strict,all,all,15,4,11,0.26666666666666666,27,4,23,13,6,0,0.14814814814814814,0.5,-1.25,3.0
ml_today_elastic_net,bottom,all_a_ml_today_walk_forward_v1,capped_confirmation,index,all_a,全A,region_or_episode,strict,all,multi_lobe,10,3,7,0.3,17,3,14,7,4,0,0.17647058823529413,1.0,-2.0,5.0
ml_today_elastic_net,bottom,all_a_ml_today_walk_forward_v1,capped_confirmation,index,all_a,全A,region_or_episode,strict,all,single_lobe,5,1,4,0.2,10,1,9,6,2,0,0.1,0.0,0.0,0.0
ml_today_elastic_net,bottom,all_a_ml_today_walk_forward_v1,capped_confirmation,index,all_a,全A,region_or_episode,strict,confirmation,all,14,2,12,0.14285714285714285,5,2,3,2,1,0,0.4,5.0,3.0,7.0
ml_today_elastic_net,bottom,all_a_ml_today_walk_forward_v1,capped_confirmation,index,all_a,全A,region_or_episode,strict,confirmation,multi_lobe,9,2,7,0.2222222222222222,5,2,3,2,1,0,0.4,5.0,3.0,7.0
ml_today_elastic_net,bottom,all_a_ml_today_walk_forward_v1,capped_confirmation,index,all_a,全A,region_or_episode,strict,confirmation,single_lobe,5,0,5,0.0,0,0,0,0,0,0,,,,
ml_today_elastic_net,bottom,all_a_ml_today_walk_forward_v1,capped_confirmation,index,all_a,全A,region_or_episode,strict,prediction,all,14,2,12,0.14285714285714285,22,2,20,11,5,0,0.09090909090909091,-2.5,-3.75,-1.25
ml_today_elastic_net,bottom,all_a_ml_today_walk_forward_v1,capped_confirmation,index,all_a,全A,region_or_episode,strict,prediction,multi_lobe,9,1,8,0.1111111111111111,12,1,11,5,3,0,0.08333333333333333,-5.0,-5.0,-5.0
ml_today_elastic_net,bottom,all_a_ml_today_walk_forward_v1,capped_confirmation,index,all_a,全A,region_or_episode,strict,prediction,single_lobe,5,1,4,0.2,10,1,9,6,2,0,0.1,0.0,0.0,0.0
ml_today_elastic_net,bottom,all_a_ml_today_walk_forward_v1,capped_confirmation,index,all_a,全A,region_or_episode,window,all,all,15,8,7,0.5333333333333333,27,8,19,13,6,0,0.2962962962962963,-1.5,-3.5,0.25
ml_today_elastic_net,bottom,all_a_ml_today_walk_forward_v1,capped_confirmation,index,all_a,全A,region_or_episode,window,all,multi_lobe,10,6,4,0.6,17,6,11,7,4,0,0.35294117647058826,-1.5,-4.25,0.5
ml_today_elastic_net,bottom,all_a_ml_today_walk_forward_v1,capped_confirmation,index,all_a,全A,region_or_episode,window,all,single_lobe,5,2,3,0.4,10,2,8,6,2,0,0.2,-1.5,-2.25,-0.75
ml_today_elastic_net,bottom,all_a_ml_today_walk_forward_v1,capped_confirmation,index,all_a,全A,region_or_episode,window,confirmation,all,14,2,12,0.14285714285714285,5,2,3,2,1,0,0.4,5.0,3.0,7.0
ml_today_elastic_net,bottom,all_a_ml_today_walk_forward_v1,capped_confirmation,index,all_a,全A,region_or_episode,window,confirmation,multi_lobe,9,2,7,0.2222222222222222,5,2,3,2,1,0,0.4,5.0,3.0,7.0
ml_today_elastic_net,bottom,all_a_ml_today_walk_forward_v1,capped_confirmation,index,all_a,全A,region_or_episode,window,confirmation,single_lobe,5,0,5,0.0,0,0,0,0,0,0,,,,
ml_today_elastic_net,bottom,all_a_ml_today_walk_forward_v1,capped_confirmation,index,all_a,全A,region_or_episode,window,prediction,all,14,6,8,0.42857142857142855,22,6,16,11,5,0,0.2727272727272727,-2.5,-4.5,-1.25
ml_today_elastic_net,bottom,all_a_ml_today_walk_forward_v1,capped_confirmation,index,all_a,全A,region_or_episode,window,prediction,multi_lobe,9,4,5,0.4444444444444444,12,4,8,5,3,0,0.3333333333333333,-3.5,-8.0,-1.75
ml_today_elastic_net,bottom,all_a_ml_today_walk_forward_v1,capped_confirmation,index,all_a,全A,region_or_episode,window,prediction,single_lobe,5,2,3,0.4,10,2,8,6,2,0,0.2,-1.5,-2.25,-0.75
ml_today_elastic_net,bottom,all_a_ml_today_walk_forward_v1,capped_confirmation,index,cni2000,国证2000,region_or_episode,loose,all,all,16,5,11,0.3125,27,5,22,10,7,0,0.18518518518518517,0.0,-1.0,1.0
ml_today_elastic_net,bottom,all_a_ml_today_walk_forward_v1,capped_confirmation,index,cni2000,国证2000,region_or_episode,loose,all,multi_lobe,4,2,2,0.5,2,2,0,0,0,0,1.0,-2.0,-3.5,-0.5
ml_today_elastic_net,bottom,all_a_ml_today_walk_forward_v1,capped_confirmation,index,cni2000,国证2000,region_or_episode,loose,all,single_lobe,12,3,9,0.25,25,3,22,10,7,0,0.12,0.0,-0.5,0.5
ml_today_elastic_net,bottom,all_a_ml_today_walk_forward_v1,capped_confirmation,index,cni2000,国证2000,region_or_episode,loose,confirmation,all,15,2,13,0.13333333333333333,6,2,4,2,2,0,0.3333333333333333,1.0,1.0,1.0
ml_today_elastic_net,bottom,all_a_ml_today_walk_forward_v1,capped_confirmation,index,cni2000,国证2000,region_or_episode,loose,confirmation,multi_lobe,4,1,3,0.25,1,1,0,0,0,0,1.0,1.0,1.0,1.0
ml_today_elastic_net,bottom,all_a_ml_today_walk_forward_v1,capped_confirmation,index,cni2000,国证2000,region_or_episode,loose,confirmation,single_lobe,11,1,10,0.09090909090909091,5,1,4,2,2,0,0.2,1.0,1.0,1.0
ml_today_elastic_net,bottom,all_a_ml_today_walk_forward_v1,capped_confirmation,index,cni2000,国证2000,region_or_episode,loose,prediction,all,16,3,13,0.1875,21,3,18,8,5,0,0.14285714285714285,-1.0,-3.0,-0.5
ml_today_elastic_net,bottom,all_a_ml_today_walk_forward_v1,capped_confirmation,index,cni2000,国证2000,region_or_episode,loose,prediction,multi_lobe,4,1,3,0.25,1,1,0,0,0,0,1.0,-5.0,-5.0,-5.0
ml_today_elastic_net,bottom,all_a_ml_today_walk_forward_v1,capped_confirmation,index,cni2000,国证2000,region_or_episode,loose,prediction,single_lobe,12,2,10,0.16666666666666666,20,2,18,8,5,0,0.1,-0.5,-0.75,-0.25
ml_today_elastic_net,bottom,all_a_ml_today_walk_forward_v1,capped_confirmation,index,cni2000,国证2000,region_or_episode,strict,all,all,16,5,11,0.3125,27,5,22,10,7,0,0.18518518518518517,0.0,-1.0,1.0
ml_today_elastic_net,bottom,all_a_ml_today_walk_forward_v1,capped_confirmation,index,cni2000,国证2000,region_or_episode,strict,all,multi_lobe,4,2,2,0.5,2,2,0,0,0,0,1.0,-2.0,-3.5,-0.5
ml_today_elastic_net,bottom,all_a_ml_today_walk_forward_v1,capped_confirmation,index,cni2000,国证2000,region_or_episode,strict,all,single_lobe,12,3,9,0.25,25,3,22,10,7,0,0.12,0.0,-0.5,0.5
ml_today_elastic_net,bottom,all_a_ml_today_walk_forward_v1,capped_confirmation,index,cni2000,国证2000,region_or_episode,strict,confirmation,all,15,2,13,0.13333333333333333,6,2,4,2,2,0,0.3333333333333333,1.0,1.0,1.0
ml_today_elastic_net,bottom,all_a_ml_today_walk_forward_v1,capped_confirmation,index,cni2000,国证2000,region_or_episode,strict,confirmation,multi_lobe,4,1,3,0.25,1,1,0,0,0,0,1.0,1.0,1.0,1.0
ml_today_elastic_net,bottom,all_a_ml_today_walk_forward_v1,capped_confirmation,index,cni2000,国证2000,region_or_episode,strict,confirmation,single_lobe,11,1,10,0.09090909090909091,5,1,4,2,2,0,0.2,1.0,1.0,1.0
ml_today_elastic_net,bottom,all_a_ml_today_walk_forward_v1,capped_confirmation,index,cni2000,国证2000,region_or_episode,strict,prediction,all,16,3,13,0.1875,21,3,18,8,5,0,0.14285714285714285,-1.0,-3.0,-0.5
ml_today_elastic_net,bottom,all_a_ml_today_walk_forward_v1,capped_confirmation,index,cni2000,国证2000,region_or_episode,strict,prediction,multi_lobe,4,1,3,0.25,1,1,0,0,0,0,1.0,-5.0,-5.0,-5.0
ml_today_elastic_net,bottom,all_a_ml_today_walk_forward_v1,capped_confirmation,index,cni2000,国证2000,region_or_episode,strict,prediction,single_lobe,12,2,10,0.16666666666666666,20,2,18,8,5,0,0.1,-0.5,-0.75,-0.25
ml_today_elastic_net,bottom,all_a_ml_today_walk_forward_v1,capped_confirmation,index,cni2000,国证2000,region_or_episode,window,all,all,16,10,6,0.625,27,10,17,10,7,0,0.37037037037037035,-1.0,-2.75,-0.25
ml_today_elastic_net,bottom,all_a_ml_today_walk_forward_v1,capped_confirmation,index,cni2000,国证2000,region_or_episode,window,all,multi_lobe,4,2,2,0.5,2,2,0,0,0,0,1.0,-2.0,-3.5,-0.5
ml_today_elastic_net,bottom,all_a_ml_today_walk_forward_v1,capped_confirmation,index,cni2000,国证2000,region_or_episode,window,all,single_lobe,12,8,4,0.6666666666666666,25,8,17,10,7,0,0.32,-1.0,-2.25,-0.75
ml_today_elastic_net,bottom,all_a_ml_today_walk_forward_v1,capped_confirmation,index,cni2000,国证2000,region_or_episode,window,confirmation,all,15,2,13,0.13333333333333333,6,2,4,2,2,0,0.3333333333333333,1.0,1.0,1.0
ml_today_elastic_net,bottom,all_a_ml_today_walk_forward_v1,capped_confirmation,index,cni2000,国证2000,region_or_episode,window,confirmation,multi_lobe,4,1,3,0.25,1,1,0,0,0,0,1.0,1.0,1.0,1.0
ml_today_elastic_net,bottom,all_a_ml_today_walk_forward_v1,capped_confirmation,index,cni2000,国证2000,region_or_episode,window,confirmation,single_lobe,11,1,10,0.09090909090909091,5,1,4,2,2,0,0.2,1.0,1.0,1.0
ml_today_elastic_net,bottom,all_a_ml_today_walk_forward_v1,capped_confirmation,index,cni2000,国证2000,region_or_episode,window,prediction,all,16,8,8,0.5,21,8,13,8,5,0,0.38095238095238093,-1.5,-3.5,-1.0
ml_today_elastic_net,bottom,all_a_ml_today_walk_forward_v1,capped_confirmation,index,cni2000,国证2000,region_or_episode,window,prediction,multi_lobe,4,1,3,0.25,1,1,0,0,0,0,1.0,-5.0,-5.0,-5.0
ml_today_elastic_net,bottom,all_a_ml_today_walk_forward_v1,capped_confirmation,index,cni2000,国证2000,region_or_episode,window,prediction,single_lobe,12,7,5,0.5833333333333334,20,7,13,8,5,0,0.35,-1.0,-2.5,-1.0
ml_today_elastic_net,bottom,all_a_ml_today_walk_forward_v1,capped_confirmation,index,csi1000,中证1000,region_or_episode,loose,all,all,14,4,10,0.2857142857142857,27,4,23,11,7,0,0.14814814814814814,-0.5,-2.0,0.25
ml_today_elastic_net,bottom,all_a_ml_today_walk_forward_v1,capped_confirmation,index,csi1000,中证1000,region_or_episode,loose,all,multi_lobe,7,2,5,0.2857142857142857,7,2,5,2,2,0,0.2857142857142857,-2.0,-3.5,-0.5
ml_today_elastic_net,bottom,all_a_ml_today_walk_forward_v1,capped_confirmation,index,csi1000,中证1000,region_or_episode,loose,all,single_lobe,7,2,5,0.2857142857142857,20,2,18,9,5,0,0.1,-0.5,-0.75,-0.25
ml_today_elastic_net,bottom,all_a_ml_today_walk_forward_v1,capped_confirmation,index,csi1000,中证1000,region_or_episode,loose,confirmation,all,13,1,12,0.07692307692307693,5,1,4,2,2,0,0.2,1.0,1.0,1.0
ml_today_elastic_net,bottom,all_a_ml_today_walk_forward_v1,capped_confirmation,index,csi1000,中证1000,region_or_episode,loose,confirmation,multi_lobe,6,1,5,0.16666666666666666,1,1,0,0,0,0,1.0,1.0,1.0,1.0
ml_today_elastic_net,bottom,all_a_ml_today_walk_forward_v1,capped_confirmation,index,csi1000,中证1000,region_or_episode,loose,confirmation,single_lobe,7,0,7,0.0,4,0,4,2,2,0,0.0,,,
ml_today_elastic_net,bottom,all_a_ml_today_walk_forward_v1,capped_confirmation,index,csi1000,中证1000,region_or_episode,loose,prediction,all,13,3,10,0.23076923076923078,22,3,19,9,5,0,0.13636363636363635,-1.0,-3.0,-0.5
ml_today_elastic_net,bottom,all_a_ml_today_walk_forward_v1,capped_confirmation,index,csi1000,中证1000,region_or_episode,loose,prediction,multi_lobe,6,1,5,0.16666666666666666,6,1,5,2,2,0,0.16666666666666666,-5.0,-5.0,-5.0
ml_today_elastic_net,bottom,all_a_ml_today_walk_forward_v1,capped_confirmation,index,csi1000,中证1000,region_or_episode,loose,prediction,single_lobe,7,2,5,0.2857142857142857,16,2,14,7,3,0,0.125,-0.5,-0.75,-0.25
ml_today_elastic_net,bottom,all_a_ml_today_walk_forward_v1,capped_confirmation,index,csi1000,中证1000,region_or_episode,strict,all,all,14,3,11,0.21428571428571427,27,3,24,11,7,0,0.1111111111111111,-1.0,-3.0,-0.5
ml_today_elastic_net,bottom,all_a_ml_today_walk_forward_v1,capped_confirmation,index,csi1000,中证1000,region_or_episode,strict,all,multi_lobe,7,1,6,0.14285714285714285,7,1,6,2,2,0,0.14285714285714285,-5.0,-5.0,-5.0
ml_today_elastic_net,bottom,all_a_ml_today_walk_forward_v1,capped_confirmation,index,csi1000,中证1000,region_or_episode,strict,all,single_lobe,7,2,5,0.2857142857142857,20,2,18,9,5,0,0.1,-0.5,-0.75,-0.25
ml_today_elastic_net,bottom,all_a_ml_today_walk_forward_v1,capped_confirmation,index,csi1000,中证1000,region_or_episode,strict,confirmation,all,13,0,13,0.0,5,0,5,2,2,0,0.0,,,
ml_today_elastic_net,bottom,all_a_ml_today_walk_forward_v1,capped_confirmation,index,csi1000,中证1000,region_or_episode,strict,confirmation,multi_lobe,6,0,6,0.0,1,0,1,0,0,0,0.0,,,
ml_today_elastic_net,bottom,all_a_ml_today_walk_forward_v1,capped_confirmation,index,csi1000,中证1000,region_or_episode,strict,confirmation,single_lobe,7,0,7,0.0,4,0,4,2,2,0,0.0,,,
ml_today_elastic_net,bottom,all_a_ml_today_walk_forward_v1,capped_confirmation,index,csi1000,中证1000,region_or_episode,strict,prediction,all,13,3,10,0.23076923076923078,22,3,19,9,5,0,0.13636363636363635,-1.0,-3.0,-0.5
ml_today_elastic_net,bottom,all_a_ml_today_walk_forward_v1,capped_confirmation,index,csi1000,中证1000,region_or_episode,strict,prediction,multi_lobe,6,1,5,0.16666666666666666,6,1,5,2,2,0,0.16666666666666666,-5.0,-5.0,-5.0
ml_today_elastic_net,bottom,all_a_ml_today_walk_forward_v1,capped_confirmation,index,csi1000,中证1000,region_or_episode,strict,prediction,single_lobe,7,2,5,0.2857142857142857,16,2,14,7,3,0,0.125,-0.5,-0.75,-0.25
ml_today_elastic_net,bottom,all_a_ml_today_walk_forward_v1,capped_confirmation,index,csi1000,中证1000,region_or_episode,window,all,all,14,9,5,0.6428571428571429,27,9,18,11,7,0,0.3333333333333333,-1.0,-3.0,-1.0
ml_today_elastic_net,bottom,all_a_ml_today_walk_forward_v1,capped_confirmation,index,csi1000,中证1000,region_or_episode,window,all,multi_lobe,7,3,4,0.42857142857142855,7,3,4,2,2,0,0.42857142857142855,-2.0,-3.5,-0.5
ml_today_elastic_net,bottom,all_a_ml_today_walk_forward_v1,capped_confirmation,index,csi1000,中证1000,region_or_episode,window,all,single_lobe,7,6,1,0.8571428571428571,20,6,14,9,5,0,0.3,-1.0,-2.5,-1.0
ml_today_elastic_net,bottom,all_a_ml_today_walk_forward_v1,capped_confirmation,index,csi1000,中证1000,region_or_episode,window,confirmation,all,13,1,12,0.07692307692307693,5,1,4,2,2,0,0.2,1.0,1.0,1.0
ml_today_elastic_net,bottom,all_a_ml_today_walk_forward_v1,capped_confirmation,index,csi1000,中证1000,region_or_episode,window,confirmation,multi_lobe,6,1,5,0.16666666666666666,1,1,0,0,0,0,1.0,1.0,1.0,1.0
ml_today_elastic_net,bottom,all_a_ml_today_walk_forward_v1,capped_confirmation,index,csi1000,中证1000,region_or_episode,window,confirmation,single_lobe,7,0,7,0.0,4,0,4,2,2,0,0.0,,,
ml_today_elastic_net,bottom,all_a_ml_today_walk_forward_v1,capped_confirmation,index,csi1000,中证1000,region_or_episode,window,prediction,all,13,8,5,0.6153846153846154,22,8,14,9,5,0,0.36363636363636365,-1.5,-3.5,-1.0
ml_today_elastic_net,bottom,all_a_ml_today_walk_forward_v1,capped_confirmation,index,csi1000,中证1000,region_or_episode,window,prediction,multi_lobe,6,2,4,0.3333333333333333,6,2,4,2,2,0,0.3333333333333333,-3.5,-4.25,-2.75
ml_today_elastic_net,bottom,all_a_ml_today_walk_forward_v1,capped_confirmation,index,csi1000,中证1000,region_or_episode,window,prediction,single_lobe,7,6,1,0.8571428571428571,16,6,10,7,3,0,0.375,-1.0,-2.5,-1.0
ml_today_elastic_net,bottom,all_a_ml_today_walk_forward_v1,capped_confirmation,index,csi300,沪深300,region_or_episode,loose,all,all,15,4,11,0.26666666666666666,27,4,23,15,5,0,0.14814814814814814,1.0,0.5,2.75
ml_today_elastic_net,bottom,all_a_ml_today_walk_forward_v1,capped_confirmation,index,csi300,沪深300,region_or_episode,loose,all,multi_lobe,7,2,5,0.2857142857142857,15,2,13,8,4,0,0.13333333333333333,4.5,2.75,6.25
ml_today_elastic_net,bottom,all_a_ml_today_walk_forward_v1,capped_confirmation,index,csi300,沪深300,region_or_episode,loose,all,single_lobe,8,2,6,0.25,12,2,10,7,1,0,0.16666666666666666,0.0,-0.5,0.5
ml_today_elastic_net,bottom,all_a_ml_today_walk_forward_v1,capped_confirmation,index,csi300,沪深300,region_or_episode,loose,confirmation,all,15,3,12,0.2,14,3,11,8,1,0,0.21428571428571427,1.0,1.0,4.5
ml_today_elastic_net,bottom,all_a_ml_today_walk_forward_v1,capped_confirmation,index,csi300,沪深300,region_or_episode,loose,confirmation,multi_lobe,7,2,5,0.2857142857142857,8,2,6,5,1,0,0.25,4.5,2.75,6.25
ml_today_elastic_net,bottom,all_a_ml_today_walk_forward_v1,capped_confirmation,index,csi300,沪深300,region_or_episode,loose,confirmation,single_lobe,8,1,7,0.125,6,1,5,3,0,0,0.16666666666666666,1.0,1.0,1.0
ml_today_elastic_net,bottom,all_a_ml_today_walk_forward_v1,capped_confirmation,index,csi300,沪深300,region_or_episode,loose,prediction,all,14,1,13,0.07142857142857142,13,1,12,7,4,0,0.07692307692307693,-1.0,-1.0,-1.0
ml_today_elastic_net,bottom,all_a_ml_today_walk_forward_v1,capped_confirmation,index,csi300,沪深300,region_or_episode,loose,prediction,multi_lobe,6,0,6,0.0,7,0,7,3,3,0,0.0,,,
ml_today_elastic_net,bottom,all_a_ml_today_walk_forward_v1,capped_confirmation,index,csi300,沪深300,region_or_episode,loose,prediction,single_lobe,8,1,7,0.125,6,1,5,4,1,0,0.16666666666666666,-1.0,-1.0,-1.0
ml_today_elastic_net,bottom,all_a_ml_today_walk_forward_v1,capped_confirmation,index,csi300,沪深300,region_or_episode,strict,all,all,15,4,11,0.26666666666666666,27,4,23,15,5,0,0.14814814814814814,1.0,0.5,2.75
ml_today_elastic_net,bottom,all_a_ml_today_walk_forward_v1,capped_confirmation,index,csi300,沪深300,region_or_episode,strict,all,multi_lobe,7,2,5,0.2857142857142857,15,2,13,8,4,0,0.13333333333333333,4.5,2.75,6.25
ml_today_elastic_net,bottom,all_a_ml_today_walk_forward_v1,capped_confirmation,index,csi300,沪深300,region_or_episode,strict,all,single_lobe,8,2,6,0.25,12,2,10,7,1,0,0.16666666666666666,0.0,-0.5,0.5
ml_today_elastic_net,bottom,all_a_ml_today_walk_forward_v1,capped_confirmation,index,csi300,沪深300,region_or_episode,strict,confirmation,all,15,3,12,0.2,14,3,11,8,1,0,0.21428571428571427,1.0,1.0,4.5
ml_today_elastic_net,bottom,all_a_ml_today_walk_forward_v1,capped_confirmation,index,csi300,沪深300,region_or_episode,strict,confirmation,multi_lobe,7,2,5,0.2857142857142857,8,2,6,5,1,0,0.25,4.5,2.75,6.25
ml_today_elastic_net,bottom,all_a_ml_today_walk_forward_v1,capped_confirmation,index,csi300,沪深300,region_or_episode,strict,confirmation,single_lobe,8,1,7,0.125,6,1,5,3,0,0,0.16666666666666666,1.0,1.0,1.0
ml_today_elastic_net,bottom,all_a_ml_today_walk_forward_v1,capped_confirmation,index,csi300,沪深300,region_or_episode,strict,prediction,all,14,1,13,0.07142857142857142,13,1,12,7,4,0,0.07692307692307693,-1.0,-1.0,-1.0
ml_today_elastic_net,bottom,all_a_ml_today_walk_forward_v1,capped_confirmation,index,csi300,沪深300,region_or_episode,strict,prediction,multi_lobe,6,0,6,0.0,7,0,7,3,3,0,0.0,,,
ml_today_elastic_net,bottom,all_a_ml_today_walk_forward_v1,capped_confirmation,index,csi300,沪深300,region_or_episode,strict,prediction,single_lobe,8,1,7,0.125,6,1,5,4,1,0,0.16666666666666666,-1.0,-1.0,-1.0
ml_today_elastic_net,bottom,all_a_ml_today_walk_forward_v1,capped_confirmation,index,csi300,沪深300,region_or_episode,window,all,all,15,7,8,0.4666666666666667,27,7,20,15,5,0,0.25925925925925924,1.0,0.0,1.0
ml_today_elastic_net,bottom,all_a_ml_today_walk_forward_v1,capped_confirmation,index,csi300,沪深300,region_or_episode,window,all,multi_lobe,7,3,4,0.42857142857142855,15,3,12,8,4,0,0.2,1.0,-1.0,4.5
ml_today_elastic_net,bottom,all_a_ml_today_walk_forward_v1,capped_confirmation,index,csi300,沪深300,region_or_episode,window,all,single_lobe,8,4,4,0.5,12,4,8,7,1,0,0.3333333333333333,1.0,0.5,1.0
ml_today_elastic_net,bottom,all_a_ml_today_walk_forward_v1,capped_confirmation,index,csi300,沪深300,region_or_episode,window,confirmation,all,15,5,10,0.3333333333333333,14,5,9,8,1,0,0.35714285714285715,1.0,1.0,1.0
ml_today_elastic_net,bottom,all_a_ml_today_walk_forward_v1,capped_confirmation,index,csi300,沪深300,region_or_episode,window,confirmation,multi_lobe,7,2,5,0.2857142857142857,8,2,6,5,1,0,0.25,4.5,2.75,6.25
ml_today_elastic_net,bottom,all_a_ml_today_walk_forward_v1,capped_confirmation,index,csi300,沪深300,region_or_episode,window,confirmation,single_lobe,8,3,5,0.375,6,3,3,3,0,0,0.5,1.0,1.0,1.0
ml_today_elastic_net,bottom,all_a_ml_today_walk_forward_v1,capped_confirmation,index,csi300,沪深300,region_or_episode,window,prediction,all,14,2,12,0.14285714285714285,13,2,11,7,4,0,0.15384615384615385,-2.0,-2.5,-1.5
ml_today_elastic_net,bottom,all_a_ml_today_walk_forward_v1,capped_confirmation,index,csi300,沪深300,region_or_episode,window,prediction,multi_lobe,6,1,5,0.16666666666666666,7,1,6,3,3,0,0.14285714285714285,-3.0,-3.0,-3.0
ml_today_elastic_net,bottom,all_a_ml_today_walk_forward_v1,capped_confirmation,index,csi300,沪深300,region_or_episode,window,prediction,single_lobe,8,1,7,0.125,6,1,5,4,1,0,0.16666666666666666,-1.0,-1.0,-1.0
ml_today_elastic_net,bottom,all_a_ml_today_walk_forward_v1,capped_confirmation,index,csi500,中证500,region_or_episode,loose,all,all,16,6,10,0.375,27,6,21,9,7,0,0.2222222222222222,-0.5,-4.0,0.75
ml_today_elastic_net,bottom,all_a_ml_today_walk_forward_v1,capped_confirmation,index,csi500,中证500,region_or_episode,loose,all,multi_lobe,10,5,5,0.5,12,5,7,2,3,0,0.4166666666666667,-1.0,-5.0,1.0
ml_today_elastic_net,bottom,all_a_ml_today_walk_forward_v1,capped_confirmation,index,csi500,中证500,region_or_episode,loose,all,single_lobe,6,1,5,0.16666666666666666,15,1,14,7,4,0,0.06666666666666667,0.0,0.0,0.0
ml_today_elastic_net,bottom,all_a_ml_today_walk_forward_v1,capped_confirmation,index,csi500,中证500,region_or_episode,loose,confirmation,all,15,2,13,0.13333333333333333,6,2,4,2,2,0,0.3333333333333333,4.5,2.75,6.25
ml_today_elastic_net,bottom,all_a_ml_today_walk_forward_v1,capped_confirmation,index,csi500,中证500,region_or_episode,loose,confirmation,multi_lobe,9,2,7,0.2222222222222222,4,2,2,1,1,0,0.5,4.5,2.75,6.25
ml_today_elastic_net,bottom,all_a_ml_today_walk_forward_v1,capped_confirmation,index,csi500,中证500,region_or_episode,loose,confirmation,single_lobe,6,0,6,0.0,2,0,2,1,1,0,0.0,,,
ml_today_elastic_net,bottom,all_a_ml_today_walk_forward_v1,capped_confirmation,index,csi500,中证500,region_or_episode,loose,prediction,all,15,4,11,0.26666666666666666,21,4,17,7,5,0,0.19047619047619047,-3.0,-8.5,-0.75
ml_today_elastic_net,bottom,all_a_ml_today_walk_forward_v1,capped_confirmation,index,csi500,中证500,region_or_episode,loose,prediction,multi_lobe,9,3,6,0.3333333333333333,8,3,5,1,2,0,0.375,-5.0,-12.0,-3.0
ml_today_elastic_net,bottom,all_a_ml_today_walk_forward_v1,capped_confirmation,index,csi500,中证500,region_or_episode,loose,prediction,single_lobe,6,1,5,0.16666666666666666,13,1,12,6,3,0,0.07692307692307693,0.0,0.0,0.0
ml_today_elastic_net,bottom,all_a_ml_today_walk_forward_v1,capped_confirmation,index,csi500,中证500,region_or_episode,strict,all,all,16,5,11,0.3125,27,5,22,9,7,0,0.18518518518518517,0.0,-5.0,1.0
ml_today_elastic_net,bottom,all_a_ml_today_walk_forward_v1,capped_confirmation,index,csi500,中证500,region_or_episode,strict,all,multi_lobe,10,4,6,0.4,12,4,8,2,3,0,0.3333333333333333,-2.0,-8.5,2.75
ml_today_elastic_net,bottom,all_a_ml_today_walk_forward_v1,capped_confirmation,index,csi500,中证500,region_or_episode,strict,all,single_lobe,6,1,5,0.16666666666666666,15,1,14,7,4,0,0.06666666666666667,0.0,0.0,0.0
ml_today_elastic_net,bottom,all_a_ml_today_walk_forward_v1,capped_confirmation,index,csi500,中证500,region_or_episode,strict,confirmation,all,15,2,13,0.13333333333333333,6,2,4,2,2,0,0.3333333333333333,4.5,2.75,6.25
ml_today_elastic_net,bottom,all_a_ml_today_walk_forward_v1,capped_confirmation,index,csi500,中证500,region_or_episode,strict,confirmation,multi_lobe,9,2,7,0.2222222222222222,4,2,2,1,1,0,0.5,4.5,2.75,6.25
ml_today_elastic_net,bottom,all_a_ml_today_walk_forward_v1,capped_confirmation,index,csi500,中证500,region_or_episode,strict,confirmation,single_lobe,6,0,6,0.0,2,0,2,1,1,0,0.0,,,
ml_today_elastic_net,bottom,all_a_ml_today_walk_forward_v1,capped_confirmation,index,csi500,中证500,region_or_episode,strict,prediction,all,15,3,12,0.2,21,3,18,7,5,0,0.14285714285714285,-5.0,-12.0,-2.5
ml_today_elastic_net,bottom,all_a_ml_today_walk_forward_v1,capped_confirmation,index,csi500,中证500,region_or_episode,strict,prediction,multi_lobe,9,2,7,0.2222222222222222,8,2,6,1,2,0,0.25,-12.0,-15.5,-8.5
ml_today_elastic_net,bottom,all_a_ml_today_walk_forward_v1,capped_confirmation,index,csi500,中证500,region_or_episode,strict,prediction,single_lobe,6,1,5,0.16666666666666666,13,1,12,6,3,0,0.07692307692307693,0.0,0.0,0.0
ml_today_elastic_net,bottom,all_a_ml_today_walk_forward_v1,capped_confirmation,index,csi500,中证500,region_or_episode,window,all,all,16,11,5,0.6875,27,11,16,9,7,0,0.4074074074074074,-3.0,-11.0,-0.5
ml_today_elastic_net,bottom,all_a_ml_today_walk_forward_v1,capped_confirmation,index,csi500,中证500,region_or_episode,window,all,multi_lobe,10,7,3,0.7,12,7,5,2,3,0,0.5833333333333334,-5.0,-13.0,0.0
ml_today_elastic_net,bottom,all_a_ml_today_walk_forward_v1,capped_confirmation,index,csi500,中证500,region_or_episode,window,all,single_lobe,6,4,2,0.6666666666666666,15,4,11,7,4,0,0.26666666666666666,-2.0,-5.5,-0.75
ml_today_elastic_net,bottom,all_a_ml_today_walk_forward_v1,capped_confirmation,index,csi500,中证500,region_or_episode,window,confirmation,all,15,2,13,0.13333333333333333,6,2,4,2,2,0,0.3333333333333333,4.5,2.75,6.25
ml_today_elastic_net,bottom,all_a_ml_today_walk_forward_v1,capped_confirmation,index,csi500,中证500,region_or_episode,window,confirmation,multi_lobe,9,2,7,0.2222222222222222,4,2,2,1,1,0,0.5,4.5,2.75,6.25
ml_today_elastic_net,bottom,all_a_ml_today_walk_forward_v1,capped_confirmation,index,csi500,中证500,region_or_episode,window,confirmation,single_lobe,6,0,6,0.0,2,0,2,1,1,0,0.0,,,
ml_today_elastic_net,bottom,all_a_ml_today_walk_forward_v1,capped_confirmation,index,csi500,中证500,region_or_episode,window,prediction,all,15,9,6,0.6,21,9,12,7,5,0,0.42857142857142855,-5.0,-13.0,-1.0
ml_today_elastic_net,bottom,all_a_ml_today_walk_forward_v1,capped_confirmation,index,csi500,中证500,region_or_episode,window,prediction,multi_lobe,9,5,4,0.5555555555555556,8,5,3,1,2,0,0.625,-9.0,-17.0,-5.0
ml_today_elastic_net,bottom,all_a_ml_today_walk_forward_v1,capped_confirmation,index,csi500,中证500,region_or_episode,window,prediction,single_lobe,6,4,2,0.6666666666666666,13,4,9,6,3,0,0.3076923076923077,-2.0,-5.5,-0.75
ml_today_elastic_net,bottom,all_a_ml_today_walk_forward_v1,capped_confirmation,index,microcap,微盘股,region_or_episode,loose,all,all,15,3,12,0.2,27,3,24,12,7,0,0.1111111111111111,0.0,-0.5,0.0
ml_today_elastic_net,bottom,all_a_ml_today_walk_forward_v1,capped_confirmation,index,microcap,微盘股,region_or_episode,loose,all,multi_lobe,1,1,0,1.0,1,1,0,0,0,0,1.0,0.0,0.0,0.0
ml_today_elastic_net,bottom,all_a_ml_today_walk_forward_v1,capped_confirmation,index,microcap,微盘股,region_or_episode,loose,all,single_lobe,14,2,12,0.14285714285714285,26,2,24,12,7,0,0.07692307692307693,-0.5,-0.75,-0.25
ml_today_elastic_net,bottom,all_a_ml_today_walk_forward_v1,capped_confirmation,index,microcap,微盘股,region_or_episode,loose,confirmation,all,14,0,14,0.0,5,0,5,3,2,0,0.0,,,
ml_today_elastic_net,bottom,all_a_ml_today_walk_forward_v1,capped_confirmation,index,microcap,微盘股,region_or_episode,loose,confirmation,multi_lobe,1,0,1,0.0,0,0,0,0,0,0,,,,
ml_today_elastic_net,bottom,all_a_ml_today_walk_forward_v1,capped_confirmation,index,microcap,微盘股,region_or_episode,loose,confirmation,single_lobe,13,0,13,0.0,5,0,5,3,2,0,0.0,,,
ml_today_elastic_net,bottom,all_a_ml_today_walk_forward_v1,capped_confirmation,index,microcap,微盘股,region_or_episode,loose,prediction,all,15,3,12,0.2,22,3,19,9,5,0,0.13636363636363635,0.0,-0.5,0.0
ml_today_elastic_net,bottom,all_a_ml_today_walk_forward_v1,capped_confirmation,index,microcap,微盘股,region_or_episode,loose,prediction,multi_lobe,1,1,0,1.0,1,1,0,0,0,0,1.0,0.0,0.0,0.0
ml_today_elastic_net,bottom,all_a_ml_today_walk_forward_v1,capped_confirmation,index,microcap,微盘股,region_or_episode,loose,prediction,single_lobe,14,2,12,0.14285714285714285,21,2,19,9,5,0,0.09523809523809523,-0.5,-0.75,-0.25
ml_today_elastic_net,bottom,all_a_ml_today_walk_forward_v1,capped_confirmation,index,microcap,微盘股,region_or_episode,strict,all,all,15,3,12,0.2,27,3,24,12,7,0,0.1111111111111111,0.0,-0.5,0.0
ml_today_elastic_net,bottom,all_a_ml_today_walk_forward_v1,capped_confirmation,index,microcap,微盘股,region_or_episode,strict,all,multi_lobe,1,1,0,1.0,1,1,0,0,0,0,1.0,0.0,0.0,0.0
ml_today_elastic_net,bottom,all_a_ml_today_walk_forward_v1,capped_confirmation,index,microcap,微盘股,region_or_episode,strict,all,single_lobe,14,2,12,0.14285714285714285,26,2,24,12,7,0,0.07692307692307693,-0.5,-0.75,-0.25
ml_today_elastic_net,bottom,all_a_ml_today_walk_forward_v1,capped_confirmation,index,microcap,微盘股,region_or_episode,strict,confirmation,all,14,0,14,0.0,5,0,5,3,2,0,0.0,,,
ml_today_elastic_net,bottom,all_a_ml_today_walk_forward_v1,capped_confirmation,index,microcap,微盘股,region_or_episode,strict,confirmation,multi_lobe,1,0,1,0.0,0,0,0,0,0,0,,,,
ml_today_elastic_net,bottom,all_a_ml_today_walk_forward_v1,capped_confirmation,index,microcap,微盘股,region_or_episode,strict,confirmation,single_lobe,13,0,13,0.0,5,0,5,3,2,0,0.0,,,
ml_today_elastic_net,bottom,all_a_ml_today_walk_forward_v1,capped_confirmation,index,microcap,微盘股,region_or_episode,strict,prediction,all,15,3,12,0.2,22,3,19,9,5,0,0.13636363636363635,0.0,-0.5,0.0
ml_today_elastic_net,bottom,all_a_ml_today_walk_forward_v1,capped_confirmation,index,microcap,微盘股,region_or_episode,strict,prediction,multi_lobe,1,1,0,1.0,1,1,0,0,0,0,1.0,0.0,0.0,0.0
ml_today_elastic_net,bottom,all_a_ml_today_walk_forward_v1,capped_confirmation,index,microcap,微盘股,region_or_episode,strict,prediction,single_lobe,14,2,12,0.14285714285714285,21,2,19,9,5,0,0.09523809523809523,-0.5,-0.75,-0.25
ml_today_elastic_net,bottom,all_a_ml_today_walk_forward_v1,capped_confirmation,index,microcap,微盘股,region_or_episode,window,all,all,15,8,7,0.5333333333333333,27,8,19,12,7,0,0.2962962962962963,-1.0,-2.25,-0.75
ml_today_elastic_net,bottom,all_a_ml_today_walk_forward_v1,capped_confirmation,index,microcap,微盘股,region_or_episode,window,all,multi_lobe,1,1,0,1.0,1,1,0,0,0,0,1.0,0.0,0.0,0.0
ml_today_elastic_net,bottom,all_a_ml_today_walk_forward_v1,capped_confirmation,index,microcap,微盘股,region_or_episode,window,all,single_lobe,14,7,7,0.5,26,7,19,12,7,0,0.2692307692307692,-1.0,-2.5,-1.0
ml_today_elastic_net,bottom,all_a_ml_today_walk_forward_v1,capped_confirmation,index,microcap,微盘股,region_or_episode,window,confirmation,all,14,0,14,0.0,5,0,5,3,2,0,0.0,,,
ml_today_elastic_net,bottom,all_a_ml_today_walk_forward_v1,capped_confirmation,index,microcap,微盘股,region_or_episode,window,confirmation,multi_lobe,1,0,1,0.0,0,0,0,0,0,0,,,,
ml_today_elastic_net,bottom,all_a_ml_today_walk_forward_v1,capped_confirmation,index,microcap,微盘股,region_or_episode,window,confirmation,single_lobe,13,0,13,0.0,5,0,5,3,2,0,0.0,,,
ml_today_elastic_net,bottom,all_a_ml_today_walk_forward_v1,capped_confirmation,index,microcap,微盘股,region_or_episode,window,prediction,all,15,8,7,0.5333333333333333,22,8,14,9,5,0,0.36363636363636365,-1.0,-2.25,-0.75
ml_today_elastic_net,bottom,all_a_ml_today_walk_forward_v1,capped_confirmation,index,microcap,微盘股,region_or_episode,window,prediction,multi_lobe,1,1,0,1.0,1,1,0,0,0,0,1.0,0.0,0.0,0.0
ml_today_elastic_net,bottom,all_a_ml_today_walk_forward_v1,capped_confirmation,index,microcap,微盘股,region_or_episode,window,prediction,single_lobe,14,7,7,0.5,21,7,14,9,5,0,0.3333333333333333,-1.0,-2.5,-1.0
ml_today_elastic_net,bottom,all_a_ml_today_walk_forward_v1,capped_confirmation,index,sse_composite,上证指数,region_or_episode,loose,all,all,18,5,13,0.2777777777777778,27,5,22,13,5,0,0.18518518518518517,0.0,-1.0,1.0
ml_today_elastic_net,bottom,all_a_ml_today_walk_forward_v1,capped_confirmation,index,sse_composite,上证指数,region_or_episode,loose,all,multi_lobe,7,2,5,0.2857142857142857,12,2,10,6,2,0,0.16666666666666666,-2.0,-3.5,-0.5
ml_today_elastic_net,bottom,all_a_ml_today_walk_forward_v1,capped_confirmation,index,sse_composite,上证指数,region_or_episode,loose,all,single_lobe,11,3,8,0.2727272727272727,15,3,12,7,3,0,0.2,0.0,-0.5,0.5
ml_today_elastic_net,bottom,all_a_ml_today_walk_forward_v1,capped_confirmation,index,sse_composite,上证指数,region_or_episode,loose,confirmation,all,18,2,16,0.1111111111111111,13,2,11,8,2,0,0.15384615384615385,1.0,1.0,1.0
ml_today_elastic_net,bottom,all_a_ml_today_walk_forward_v1,capped_confirmation,index,sse_composite,上证指数,region_or_episode,loose,confirmation,multi_lobe,7,1,6,0.14285714285714285,8,1,7,5,2,0,0.125,1.0,1.0,1.0
ml_today_elastic_net,bottom,all_a_ml_today_walk_forward_v1,capped_confirmation,index,sse_composite,上证指数,region_or_episode,loose,confirmation,single_lobe,11,1,10,0.09090909090909091,5,1,4,3,0,0,0.2,1.0,1.0,1.0
ml_today_elastic_net,bottom,all_a_ml_today_walk_forward_v1,capped_confirmation,index,sse_composite,上证指数,region_or_episode,loose,prediction,all,17,3,14,0.17647058823529413,14,3,11,5,3,0,0.21428571428571427,-1.0,-3.0,-0.5
ml_today_elastic_net,bottom,all_a_ml_today_walk_forward_v1,capped_confirmation,index,sse_composite,上证指数,region_or_episode,loose,prediction,multi_lobe,6,1,5,0.16666666666666666,4,1,3,1,0,0,0.25,-5.0,-5.0,-5.0
ml_today_elastic_net,bottom,all_a_ml_today_walk_forward_v1,capped_confirmation,index,sse_composite,上证指数,region_or_episode,loose,prediction,single_lobe,11,2,9,0.18181818181818182,10,2,8,4,3,0,0.2,-0.5,-0.75,-0.25
ml_today_elastic_net,bottom,all_a_ml_today_walk_forward_v1,capped_confirmation,index,sse_composite,上证指数,region_or_episode,strict,all,all,18,5,13,0.2777777777777778,27,5,22,13,5,0,0.18518518518518517,0.0,-1.0,1.0
ml_today_elastic_net,bottom,all_a_ml_today_walk_forward_v1,capped_confirmation,index,sse_composite,上证指数,region_or_episode,strict,all,multi_lobe,7,2,5,0.2857142857142857,12,2,10,6,2,0,0.16666666666666666,-2.0,-3.5,-0.5
ml_today_elastic_net,bottom,all_a_ml_today_walk_forward_v1,capped_confirmation,index,sse_composite,上证指数,region_or_episode,strict,all,single_lobe,11,3,8,0.2727272727272727,15,3,12,7,3,0,0.2,0.0,-0.5,0.5
ml_today_elastic_net,bottom,all_a_ml_today_walk_forward_v1,capped_confirmation,index,sse_composite,上证指数,region_or_episode,strict,confirmation,all,18,2,16,0.1111111111111111,13,2,11,8,2,0,0.15384615384615385,1.0,1.0,1.0
ml_today_elastic_net,bottom,all_a_ml_today_walk_forward_v1,capped_confirmation,index,sse_composite,上证指数,region_or_episode,strict,confirmation,multi_lobe,7,1,6,0.14285714285714285,8,1,7,5,2,0,0.125,1.0,1.0,1.0
ml_today_elastic_net,bottom,all_a_ml_today_walk_forward_v1,capped_confirmation,index,sse_composite,上证指数,region_or_episode,strict,confirmation,single_lobe,11,1,10,0.09090909090909091,5,1,4,3,0,0,0.2,1.0,1.0,1.0
ml_today_elastic_net,bottom,all_a_ml_today_walk_forward_v1,capped_confirmation,index,sse_composite,上证指数,region_or_episode,strict,prediction,all,17,3,14,0.17647058823529413,14,3,11,5,3,0,0.21428571428571427,-1.0,-3.0,-0.5
ml_today_elastic_net,bottom,all_a_ml_today_walk_forward_v1,capped_confirmation,index,sse_composite,上证指数,region_or_episode,strict,prediction,multi_lobe,6,1,5,0.16666666666666666,4,1,3,1,0,0,0.25,-5.0,-5.0,-5.0
ml_today_elastic_net,bottom,all_a_ml_today_walk_forward_v1,capped_confirmation,index,sse_composite,上证指数,region_or_episode,strict,prediction,single_lobe,11,2,9,0.18181818181818182,10,2,8,4,3,0,0.2,-0.5,-0.75,-0.25
ml_today_elastic_net,bottom,all_a_ml_today_walk_forward_v1,capped_confirmation,index,sse_composite,上证指数,region_or_episode,window,all,all,18,9,9,0.5,27,9,18,13,5,0,0.3333333333333333,-1.0,-3.0,1.0
ml_today_elastic_net,bottom,all_a_ml_today_walk_forward_v1,capped_confirmation,index,sse_composite,上证指数,region_or_episode,window,all,multi_lobe,7,4,3,0.5714285714285714,12,4,8,6,2,0,0.3333333333333333,-3.0,-8.0,-0.5
ml_today_elastic_net,bottom,all_a_ml_today_walk_forward_v1,capped_confirmation,index,sse_composite,上证指数,region_or_episode,window,all,single_lobe,11,5,6,0.45454545454545453,15,5,10,7,3,0,0.3333333333333333,0.0,-1.0,1.0
ml_today_elastic_net,bottom,all_a_ml_today_walk_forward_v1,capped_confirmation,index,sse_composite,上证指数,region_or_episode,window,confirmation,all,18,3,15,0.16666666666666666,13,3,10,8,2,0,0.23076923076923078,1.0,1.0,1.0
ml_today_elastic_net,bottom,all_a_ml_today_walk_forward_v1,capped_confirmation,index,sse_composite,上证指数,region_or_episode,window,confirmation,multi_lobe,7,1,6,0.14285714285714285,8,1,7,5,2,0,0.125,1.0,1.0,1.0
ml_today_elastic_net,bottom,all_a_ml_today_walk_forward_v1,capped_confirmation,index,sse_composite,上证指数,region_or_episode,window,confirmation,single_lobe,11,2,9,0.18181818181818182,5,2,3,3,0,0,0.4,1.0,1.0,1.0
ml_today_elastic_net,bottom,all_a_ml_today_walk_forward_v1,capped_confirmation,index,sse_composite,上证指数,region_or_episode,window,prediction,all,17,6,11,0.35294117647058826,14,6,8,5,3,0,0.42857142857142855,-2.0,-4.5,-1.0
ml_today_elastic_net,bottom,all_a_ml_today_walk_forward_v1,capped_confirmation,index,sse_composite,上证指数,region_or_episode,window,prediction,multi_lobe,6,3,3,0.5,4,3,1,1,0,0,0.75,-5.0,-11.0,-3.0
ml_today_elastic_net,bottom,all_a_ml_today_walk_forward_v1,capped_confirmation,index,sse_composite,上证指数,region_or_episode,window,prediction,single_lobe,11,3,8,0.2727272727272727,10,3,7,4,3,0,0.3,-1.0,-2.0,-0.5
ml_today_elastic_net,bottom,all_a_ml_today_walk_forward_v1,onset,all_indices,__all__,全部指数（指数-事件对）,index_region_or_index_episode_pair,loose,all,all,109,25,84,0.22935779816513763,189,25,164,83,44,0,0.13227513227513227,0.0,-2.0,0.0
ml_today_elastic_net,bottom,all_a_ml_today_walk_forward_v1,onset,all_indices,__all__,全部指数（指数-事件对）,index_region_or_index_episode_pair,loose,all,multi_lobe,46,14,32,0.30434782608695654,66,14,52,25,15,0,0.21212121212121213,0.0,-2.0,0.0
ml_today_elastic_net,bottom,all_a_ml_today_walk_forward_v1,onset,all_indices,__all__,全部指数（指数-事件对）,index_region_or_index_episode_pair,loose,all,single_lobe,63,11,52,0.1746031746031746,123,11,112,58,29,0,0.08943089430894309,0.0,-1.5,0.0
ml_today_elastic_net,bottom,all_a_ml_today_walk_forward_v1,onset,all_indices,__all__,全部指数（指数-事件对）,index_region_or_index_episode_pair,loose,confirmation,all,104,3,101,0.028846153846153848,42,3,39,27,12,0,0.07142857142857142,5.0,5.0,5.5
ml_today_elastic_net,bottom,all_a_ml_today_walk_forward_v1,onset,all_indices,__all__,全部指数（指数-事件对）,index_region_or_index_episode_pair,loose,confirmation,multi_lobe,43,3,40,0.06976744186046512,21,3,18,13,5,0,0.14285714285714285,5.0,5.0,5.5
ml_today_elastic_net,bottom,all_a_ml_today_walk_forward_v1,onset,all_indices,__all__,全部指数（指数-事件对）,index_region_or_index_episode_pair,loose,confirmation,single_lobe,61,0,61,0.0,21,0,21,14,7,0,0.0,,,
ml_today_elastic_net,bottom,all_a_ml_today_walk_forward_v1,onset,all_indices,__all__,全部指数（指数-事件对）,index_region_or_index_episode_pair,loose,prediction,all,104,22,82,0.21153846153846154,147,22,125,56,32,0,0.14965986394557823,0.0,-2.0,0.0
ml_today_elastic_net,bottom,all_a_ml_today_walk_forward_v1,onset,all_indices,__all__,全部指数（指数-事件对）,index_region_or_index_episode_pair,loose,prediction,multi_lobe,41,11,30,0.2682926829268293,45,11,34,12,10,0,0.24444444444444444,0.0,-4.0,0.0
ml_today_elastic_net,bottom,all_a_ml_today_walk_forward_v1,onset,all_indices,__all__,全部指数（指数-事件对）,index_region_or_index_episode_pair,loose,prediction,single_lobe,63,11,52,0.1746031746031746,102,11,91,44,22,0,0.10784313725490197,0.0,-1.5,0.0
ml_today_elastic_net,bottom,all_a_ml_today_walk_forward_v1,onset,all_indices,__all__,全部指数（指数-事件对）,index_region_or_index_episode_pair,strict,all,all,109,23,86,0.21100917431192662,189,23,166,83,44,0,0.12169312169312169,0.0,-2.0,0.0
ml_today_elastic_net,bottom,all_a_ml_today_walk_forward_v1,onset,all_indices,__all__,全部指数（指数-事件对）,index_region_or_index_episode_pair,strict,all,multi_lobe,46,12,34,0.2608695652173913,66,12,54,25,15,0,0.18181818181818182,0.0,-3.0,0.0
ml_today_elastic_net,bottom,all_a_ml_today_walk_forward_v1,onset,all_indices,__all__,全部指数（指数-事件对）,index_region_or_index_episode_pair,strict,all,single_lobe,63,11,52,0.1746031746031746,123,11,112,58,29,0,0.08943089430894309,0.0,-1.5,0.0
ml_today_elastic_net,bottom,all_a_ml_today_walk_forward_v1,onset,all_indices,__all__,全部指数（指数-事件对）,index_region_or_index_episode_pair,strict,confirmation,all,104,1,103,0.009615384615384616,42,1,41,27,12,0,0.023809523809523808,5.0,5.0,5.0
ml_today_elastic_net,bottom,all_a_ml_today_walk_forward_v1,onset,all_indices,__all__,全部指数（指数-事件对）,index_region_or_index_episode_pair,strict,confirmation,multi_lobe,43,1,42,0.023255813953488372,21,1,20,13,5,0,0.047619047619047616,5.0,5.0,5.0
ml_today_elastic_net,bottom,all_a_ml_today_walk_forward_v1,onset,all_indices,__all__,全部指数（指数-事件对）,index_region_or_index_episode_pair,strict,confirmation,single_lobe,61,0,61,0.0,21,0,21,14,7,0,0.0,,,
ml_today_elastic_net,bottom,all_a_ml_today_walk_forward_v1,onset,all_indices,__all__,全部指数（指数-事件对）,index_region_or_index_episode_pair,strict,prediction,all,104,22,82,0.21153846153846154,147,22,125,56,32,0,0.14965986394557823,0.0,-2.0,0.0
ml_today_elastic_net,bottom,all_a_ml_today_walk_forward_v1,onset,all_indices,__all__,全部指数（指数-事件对）,index_region_or_index_episode_pair,strict,prediction,multi_lobe,41,11,30,0.2682926829268293,45,11,34,12,10,0,0.24444444444444444,0.0,-4.0,0.0
ml_today_elastic_net,bottom,all_a_ml_today_walk_forward_v1,onset,all_indices,__all__,全部指数（指数-事件对）,index_region_or_index_episode_pair,strict,prediction,single_lobe,63,11,52,0.1746031746031746,102,11,91,44,22,0,0.10784313725490197,0.0,-1.5,0.0
ml_today_elastic_net,bottom,all_a_ml_today_walk_forward_v1,onset,all_indices,__all__,全部指数（指数-事件对）,index_region_or_index_episode_pair,window,all,all,109,62,47,0.5688073394495413,189,62,127,83,44,0,0.328042328042328,-2.0,-4.0,-1.0
ml_today_elastic_net,bottom,all_a_ml_today_walk_forward_v1,onset,all_indices,__all__,全部指数（指数-事件对）,index_region_or_index_episode_pair,window,all,multi_lobe,46,26,20,0.5652173913043478,66,26,40,25,15,0,0.3939393939393939,-2.5,-6.0,0.0
ml_today_elastic_net,bottom,all_a_ml_today_walk_forward_v1,onset,all_indices,__all__,全部指数（指数-事件对）,index_region_or_index_episode_pair,window,all,single_lobe,63,36,27,0.5714285714285714,123,36,87,58,29,0,0.2926829268292683,-2.0,-4.0,-1.0
ml_today_elastic_net,bottom,all_a_ml_today_walk_forward_v1,onset,all_indices,__all__,全部指数（指数-事件对）,index_region_or_index_episode_pair,window,confirmation,all,104,3,101,0.028846153846153848,42,3,39,27,12,0,0.07142857142857142,5.0,5.0,5.5
ml_today_elastic_net,bottom,all_a_ml_today_walk_forward_v1,onset,all_indices,__all__,全部指数（指数-事件对）,index_region_or_index_episode_pair,window,confirmation,multi_lobe,43,3,40,0.06976744186046512,21,3,18,13,5,0,0.14285714285714285,5.0,5.0,5.5
ml_today_elastic_net,bottom,all_a_ml_today_walk_forward_v1,onset,all_indices,__all__,全部指数（指数-事件对）,index_region_or_index_episode_pair,window,confirmation,single_lobe,61,0,61,0.0,21,0,21,14,7,0,0.0,,,
ml_today_elastic_net,bottom,all_a_ml_today_walk_forward_v1,onset,all_indices,__all__,全部指数（指数-事件对）,index_region_or_index_episode_pair,window,prediction,all,104,59,45,0.5673076923076923,147,59,88,56,32,0,0.4013605442176871,-2.0,-4.0,-1.0
ml_today_elastic_net,bottom,all_a_ml_today_walk_forward_v1,onset,all_indices,__all__,全部指数（指数-事件对）,index_region_or_index_episode_pair,window,prediction,multi_lobe,41,23,18,0.5609756097560976,45,23,22,12,10,0,0.5111111111111111,-3.0,-6.0,-0.5
ml_today_elastic_net,bottom,all_a_ml_today_walk_forward_v1,onset,all_indices,__all__,全部指数（指数-事件对）,index_region_or_index_episode_pair,window,prediction,single_lobe,63,36,27,0.5714285714285714,102,36,66,44,22,0,0.35294117647058826,-2.0,-4.0,-1.0
ml_today_elastic_net,bottom,all_a_ml_today_walk_forward_v1,onset,index,all_a,全A,region_or_episode,loose,all,all,15,5,10,0.3333333333333333,27,5,22,13,6,0,0.18518518518518517,-1.0,-2.0,0.0
ml_today_elastic_net,bottom,all_a_ml_today_walk_forward_v1,onset,index,all_a,全A,region_or_episode,loose,all,multi_lobe,10,4,6,0.4,17,4,13,7,4,0,0.23529411764705882,-1.0,-3.0,1.5
ml_today_elastic_net,bottom,all_a_ml_today_walk_forward_v1,onset,index,all_a,全A,region_or_episode,loose,all,single_lobe,5,1,4,0.2,10,1,9,6,2,0,0.1,-1.0,-1.0,-1.0
ml_today_elastic_net,bottom,all_a_ml_today_walk_forward_v1,onset,index,all_a,全A,region_or_episode,loose,confirmation,all,14,1,13,0.07142857142857142,4,1,3,2,1,0,0.25,6.0,6.0,6.0
ml_today_elastic_net,bottom,all_a_ml_today_walk_forward_v1,onset,index,all_a,全A,region_or_episode,loose,confirmation,multi_lobe,9,1,8,0.1111111111111111,4,1,3,2,1,0,0.25,6.0,6.0,6.0
ml_today_elastic_net,bottom,all_a_ml_today_walk_forward_v1,onset,index,all_a,全A,region_or_episode,loose,confirmation,single_lobe,5,0,5,0.0,0,0,0,0,0,0,,,,
ml_today_elastic_net,bottom,all_a_ml_today_walk_forward_v1,onset,index,all_a,全A,region_or_episode,loose,prediction,all,14,4,10,0.2857142857142857,23,4,19,11,5,0,0.17391304347826086,-1.5,-3.0,-0.75
ml_today_elastic_net,bottom,all_a_ml_today_walk_forward_v1,onset,index,all_a,全A,region_or_episode,loose,prediction,multi_lobe,9,3,6,0.3333333333333333,13,3,10,5,3,0,0.23076923076923078,-2.0,-4.0,-1.0
ml_today_elastic_net,bottom,all_a_ml_today_walk_forward_v1,onset,index,all_a,全A,region_or_episode,loose,prediction,single_lobe,5,1,4,0.2,10,1,9,6,2,0,0.1,-1.0,-1.0,-1.0
ml_today_elastic_net,bottom,all_a_ml_today_walk_forward_v1,onset,index,all_a,全A,region_or_episode,strict,all,all,15,4,11,0.26666666666666666,27,4,23,13,6,0,0.14814814814814814,-1.5,-3.0,-0.75
ml_today_elastic_net,bottom,all_a_ml_today_walk_forward_v1,onset,index,all_a,全A,region_or_episode,strict,all,multi_lobe,10,3,7,0.3,17,3,14,7,4,0,0.17647058823529413,-2.0,-4.0,-1.0
ml_today_elastic_net,bottom,all_a_ml_today_walk_forward_v1,onset,index,all_a,全A,region_or_episode,strict,all,single_lobe,5,1,4,0.2,10,1,9,6,2,0,0.1,-1.0,-1.0,-1.0
ml_today_elastic_net,bottom,all_a_ml_today_walk_forward_v1,onset,index,all_a,全A,region_or_episode,strict,confirmation,all,14,0,14,0.0,4,0,4,2,1,0,0.0,,,
ml_today_elastic_net,bottom,all_a_ml_today_walk_forward_v1,onset,index,all_a,全A,region_or_episode,strict,confirmation,multi_lobe,9,0,9,0.0,4,0,4,2,1,0,0.0,,,
ml_today_elastic_net,bottom,all_a_ml_today_walk_forward_v1,onset,index,all_a,全A,region_or_episode,strict,confirmation,single_lobe,5,0,5,0.0,0,0,0,0,0,0,,,,
ml_today_elastic_net,bottom,all_a_ml_today_walk_forward_v1,onset,index,all_a,全A,region_or_episode,strict,prediction,all,14,4,10,0.2857142857142857,23,4,19,11,5,0,0.17391304347826086,-1.5,-3.0,-0.75
ml_today_elastic_net,bottom,all_a_ml_today_walk_forward_v1,onset,index,all_a,全A,region_or_episode,strict,prediction,multi_lobe,9,3,6,0.3333333333333333,13,3,10,5,3,0,0.23076923076923078,-2.0,-4.0,-1.0
ml_today_elastic_net,bottom,all_a_ml_today_walk_forward_v1,onset,index,all_a,全A,region_or_episode,strict,prediction,single_lobe,5,1,4,0.2,10,1,9,6,2,0,0.1,-1.0,-1.0,-1.0
ml_today_elastic_net,bottom,all_a_ml_today_walk_forward_v1,onset,index,all_a,全A,region_or_episode,window,all,all,15,8,7,0.5333333333333333,27,8,19,13,6,0,0.2962962962962963,-2.5,-4.5,-0.75
ml_today_elastic_net,bottom,all_a_ml_today_walk_forward_v1,onset,index,all_a,全A,region_or_episode,window,all,multi_lobe,10,6,4,0.6,17,6,11,7,4,0,0.35294117647058826,-2.5,-5.25,-0.5
ml_today_elastic_net,bottom,all_a_ml_today_walk_forward_v1,onset,index,all_a,全A,region_or_episode,window,all,single_lobe,5,2,3,0.4,10,2,8,6,2,0,0.2,-2.5,-3.25,-1.75
ml_today_elastic_net,bottom,all_a_ml_today_walk_forward_v1,onset,index,all_a,全A,region_or_episode,window,confirmation,all,14,1,13,0.07142857142857142,4,1,3,2,1,0,0.25,6.0,6.0,6.0
ml_today_elastic_net,bottom,all_a_ml_today_walk_forward_v1,onset,index,all_a,全A,region_or_episode,window,confirmation,multi_lobe,9,1,8,0.1111111111111111,4,1,3,2,1,0,0.25,6.0,6.0,6.0
ml_today_elastic_net,bottom,all_a_ml_today_walk_forward_v1,onset,index,all_a,全A,region_or_episode,window,confirmation,single_lobe,5,0,5,0.0,0,0,0,0,0,0,,,,
ml_today_elastic_net,bottom,all_a_ml_today_walk_forward_v1,onset,index,all_a,全A,region_or_episode,window,prediction,all,14,7,7,0.5,23,7,16,11,5,0,0.30434782608695654,-3.0,-5.0,-1.5
ml_today_elastic_net,bottom,all_a_ml_today_walk_forward_v1,onset,index,all_a,全A,region_or_episode,window,prediction,multi_lobe,9,5,4,0.5555555555555556,13,5,8,5,3,0,0.38461538461538464,-3.0,-6.0,-2.0
ml_today_elastic_net,bottom,all_a_ml_today_walk_forward_v1,onset,index,all_a,全A,region_or_episode,window,prediction,single_lobe,5,2,3,0.4,10,2,8,6,2,0,0.2,-2.5,-3.25,-1.75
ml_today_elastic_net,bottom,all_a_ml_today_walk_forward_v1,onset,index,cni2000,国证2000,region_or_episode,loose,all,all,16,3,13,0.1875,27,3,24,10,7,0,0.1111111111111111,0.0,-1.0,0.0
ml_today_elastic_net,bottom,all_a_ml_today_walk_forward_v1,onset,index,cni2000,国证2000,region_or_episode,loose,all,multi_lobe,4,1,3,0.25,2,1,1,0,0,0,0.5,0.0,0.0,0.0
ml_today_elastic_net,bottom,all_a_ml_today_walk_forward_v1,onset,index,cni2000,国证2000,region_or_episode,loose,all,single_lobe,12,2,10,0.16666666666666666,25,2,23,10,7,0,0.08,-1.0,-1.5,-0.5
ml_today_elastic_net,bottom,all_a_ml_today_walk_forward_v1,onset,index,cni2000,国证2000,region_or_episode,loose,confirmation,all,15,0,15,0.0,4,0,4,2,2,0,0.0,,,
ml_today_elastic_net,bottom,all_a_ml_today_walk_forward_v1,onset,index,cni2000,国证2000,region_or_episode,loose,confirmation,multi_lobe,4,0,4,0.0,0,0,0,0,0,0,,,,
ml_today_elastic_net,bottom,all_a_ml_today_walk_forward_v1,onset,index,cni2000,国证2000,region_or_episode,loose,confirmation,single_lobe,11,0,11,0.0,4,0,4,2,2,0,0.0,,,
ml_today_elastic_net,bottom,all_a_ml_today_walk_forward_v1,onset,index,cni2000,国证2000,region_or_episode,loose,prediction,all,16,3,13,0.1875,23,3,20,8,5,0,0.13043478260869565,0.0,-1.0,0.0
ml_today_elastic_net,bottom,all_a_ml_today_walk_forward_v1,onset,index,cni2000,国证2000,region_or_episode,loose,prediction,multi_lobe,4,1,3,0.25,2,1,1,0,0,0,0.5,0.0,0.0,0.0
ml_today_elastic_net,bottom,all_a_ml_today_walk_forward_v1,onset,index,cni2000,国证2000,region_or_episode,loose,prediction,single_lobe,12,2,10,0.16666666666666666,21,2,19,8,5,0,0.09523809523809523,-1.0,-1.5,-0.5
ml_today_elastic_net,bottom,all_a_ml_today_walk_forward_v1,onset,index,cni2000,国证2000,region_or_episode,strict,all,all,16,3,13,0.1875,27,3,24,10,7,0,0.1111111111111111,0.0,-1.0,0.0
ml_today_elastic_net,bottom,all_a_ml_today_walk_forward_v1,onset,index,cni2000,国证2000,region_or_episode,strict,all,multi_lobe,4,1,3,0.25,2,1,1,0,0,0,0.5,0.0,0.0,0.0
ml_today_elastic_net,bottom,all_a_ml_today_walk_forward_v1,onset,index,cni2000,国证2000,region_or_episode,strict,all,single_lobe,12,2,10,0.16666666666666666,25,2,23,10,7,0,0.08,-1.0,-1.5,-0.5
ml_today_elastic_net,bottom,all_a_ml_today_walk_forward_v1,onset,index,cni2000,国证2000,region_or_episode,strict,confirmation,all,15,0,15,0.0,4,0,4,2,2,0,0.0,,,
ml_today_elastic_net,bottom,all_a_ml_today_walk_forward_v1,onset,index,cni2000,国证2000,region_or_episode,strict,confirmation,multi_lobe,4,0,4,0.0,0,0,0,0,0,0,,,,
ml_today_elastic_net,bottom,all_a_ml_today_walk_forward_v1,onset,index,cni2000,国证2000,region_or_episode,strict,confirmation,single_lobe,11,0,11,0.0,4,0,4,2,2,0,0.0,,,
ml_today_elastic_net,bottom,all_a_ml_today_walk_forward_v1,onset,index,cni2000,国证2000,region_or_episode,strict,prediction,all,16,3,13,0.1875,23,3,20,8,5,0,0.13043478260869565,0.0,-1.0,0.0
ml_today_elastic_net,bottom,all_a_ml_today_walk_forward_v1,onset,index,cni2000,国证2000,region_or_episode,strict,prediction,multi_lobe,4,1,3,0.25,2,1,1,0,0,0,0.5,0.0,0.0,0.0
ml_today_elastic_net,bottom,all_a_ml_today_walk_forward_v1,onset,index,cni2000,国证2000,region_or_episode,strict,prediction,single_lobe,12,2,10,0.16666666666666666,21,2,19,8,5,0,0.09523809523809523,-1.0,-1.5,-0.5
ml_today_elastic_net,bottom,all_a_ml_today_walk_forward_v1,onset,index,cni2000,国证2000,region_or_episode,window,all,all,16,10,6,0.625,27,10,17,10,7,0,0.37037037037037035,-2.0,-3.75,-1.25
ml_today_elastic_net,bottom,all_a_ml_today_walk_forward_v1,onset,index,cni2000,国证2000,region_or_episode,window,all,multi_lobe,4,2,2,0.5,2,2,0,0,0,0,1.0,-3.0,-4.5,-1.5
ml_today_elastic_net,bottom,all_a_ml_today_walk_forward_v1,onset,index,cni2000,国证2000,region_or_episode,window,all,single_lobe,12,8,4,0.6666666666666666,25,8,17,10,7,0,0.32,-2.0,-3.25,-1.75
ml_today_elastic_net,bottom,all_a_ml_today_walk_forward_v1,onset,index,cni2000,国证2000,region_or_episode,window,confirmation,all,15,0,15,0.0,4,0,4,2,2,0,0.0,,,
ml_today_elastic_net,bottom,all_a_ml_today_walk_forward_v1,onset,index,cni2000,国证2000,region_or_episode,window,confirmation,multi_lobe,4,0,4,0.0,0,0,0,0,0,0,,,,
ml_today_elastic_net,bottom,all_a_ml_today_walk_forward_v1,onset,index,cni2000,国证2000,region_or_episode,window,confirmation,single_lobe,11,0,11,0.0,4,0,4,2,2,0,0.0,,,
ml_today_elastic_net,bottom,all_a_ml_today_walk_forward_v1,onset,index,cni2000,国证2000,region_or_episode,window,prediction,all,16,10,6,0.625,23,10,13,8,5,0,0.43478260869565216,-2.0,-3.75,-1.25
ml_today_elastic_net,bottom,all_a_ml_today_walk_forward_v1,onset,index,cni2000,国证2000,region_or_episode,window,prediction,multi_lobe,4,2,2,0.5,2,2,0,0,0,0,1.0,-3.0,-4.5,-1.5
ml_today_elastic_net,bottom,all_a_ml_today_walk_forward_v1,onset,index,cni2000,国证2000,region_or_episode,window,prediction,single_lobe,12,8,4,0.6666666666666666,21,8,13,8,5,0,0.38095238095238093,-2.0,-3.25,-1.75
ml_today_elastic_net,bottom,all_a_ml_today_walk_forward_v1,onset,index,csi1000,中证1000,region_or_episode,loose,all,all,14,2,12,0.14285714285714285,27,2,25,11,7,0,0.07407407407407407,-1.0,-1.5,-0.5
ml_today_elastic_net,bottom,all_a_ml_today_walk_forward_v1,onset,index,csi1000,中证1000,region_or_episode,loose,all,multi_lobe,7,1,6,0.14285714285714285,7,1,6,2,2,0,0.14285714285714285,0.0,0.0,0.0
ml_today_elastic_net,bottom,all_a_ml_today_walk_forward_v1,onset,index,csi1000,中证1000,region_or_episode,loose,all,single_lobe,7,1,6,0.14285714285714285,20,1,19,9,5,0,0.05,-2.0,-2.0,-2.0
ml_today_elastic_net,bottom,all_a_ml_today_walk_forward_v1,onset,index,csi1000,中证1000,region_or_episode,loose,confirmation,all,13,0,13,0.0,4,0,4,2,2,0,0.0,,,
ml_today_elastic_net,bottom,all_a_ml_today_walk_forward_v1,onset,index,csi1000,中证1000,region_or_episode,loose,confirmation,multi_lobe,6,0,6,0.0,0,0,0,0,0,0,,,,
ml_today_elastic_net,bottom,all_a_ml_today_walk_forward_v1,onset,index,csi1000,中证1000,region_or_episode,loose,confirmation,single_lobe,7,0,7,0.0,4,0,4,2,2,0,0.0,,,
ml_today_elastic_net,bottom,all_a_ml_today_walk_forward_v1,onset,index,csi1000,中证1000,region_or_episode,loose,prediction,all,13,2,11,0.15384615384615385,23,2,21,9,5,0,0.08695652173913043,-1.0,-1.5,-0.5
ml_today_elastic_net,bottom,all_a_ml_today_walk_forward_v1,onset,index,csi1000,中证1000,region_or_episode,loose,prediction,multi_lobe,6,1,5,0.16666666666666666,7,1,6,2,2,0,0.14285714285714285,0.0,0.0,0.0
ml_today_elastic_net,bottom,all_a_ml_today_walk_forward_v1,onset,index,csi1000,中证1000,region_or_episode,loose,prediction,single_lobe,7,1,6,0.14285714285714285,16,1,15,7,3,0,0.0625,-2.0,-2.0,-2.0
ml_today_elastic_net,bottom,all_a_ml_today_walk_forward_v1,onset,index,csi1000,中证1000,region_or_episode,strict,all,all,14,2,12,0.14285714285714285,27,2,25,11,7,0,0.07407407407407407,-1.0,-1.5,-0.5
ml_today_elastic_net,bottom,all_a_ml_today_walk_forward_v1,onset,index,csi1000,中证1000,region_or_episode,strict,all,multi_lobe,7,1,6,0.14285714285714285,7,1,6,2,2,0,0.14285714285714285,0.0,0.0,0.0
ml_today_elastic_net,bottom,all_a_ml_today_walk_forward_v1,onset,index,csi1000,中证1000,region_or_episode,strict,all,single_lobe,7,1,6,0.14285714285714285,20,1,19,9,5,0,0.05,-2.0,-2.0,-2.0
ml_today_elastic_net,bottom,all_a_ml_today_walk_forward_v1,onset,index,csi1000,中证1000,region_or_episode,strict,confirmation,all,13,0,13,0.0,4,0,4,2,2,0,0.0,,,
ml_today_elastic_net,bottom,all_a_ml_today_walk_forward_v1,onset,index,csi1000,中证1000,region_or_episode,strict,confirmation,multi_lobe,6,0,6,0.0,0,0,0,0,0,0,,,,
ml_today_elastic_net,bottom,all_a_ml_today_walk_forward_v1,onset,index,csi1000,中证1000,region_or_episode,strict,confirmation,single_lobe,7,0,7,0.0,4,0,4,2,2,0,0.0,,,
ml_today_elastic_net,bottom,all_a_ml_today_walk_forward_v1,onset,index,csi1000,中证1000,region_or_episode,strict,prediction,all,13,2,11,0.15384615384615385,23,2,21,9,5,0,0.08695652173913043,-1.0,-1.5,-0.5
ml_today_elastic_net,bottom,all_a_ml_today_walk_forward_v1,onset,index,csi1000,中证1000,region_or_episode,strict,prediction,multi_lobe,6,1,5,0.16666666666666666,7,1,6,2,2,0,0.14285714285714285,0.0,0.0,0.0
ml_today_elastic_net,bottom,all_a_ml_today_walk_forward_v1,onset,index,csi1000,中证1000,region_or_episode,strict,prediction,single_lobe,7,1,6,0.14285714285714285,16,1,15,7,3,0,0.0625,-2.0,-2.0,-2.0
ml_today_elastic_net,bottom,all_a_ml_today_walk_forward_v1,onset,index,csi1000,中证1000,region_or_episode,window,all,all,14,9,5,0.6428571428571429,27,9,18,11,7,0,0.3333333333333333,-2.0,-4.0,-2.0
ml_today_elastic_net,bottom,all_a_ml_today_walk_forward_v1,onset,index,csi1000,中证1000,region_or_episode,window,all,multi_lobe,7,3,4,0.42857142857142855,7,3,4,2,2,0,0.42857142857142855,-3.0,-4.5,-1.5
ml_today_elastic_net,bottom,all_a_ml_today_walk_forward_v1,onset,index,csi1000,中证1000,region_or_episode,window,all,single_lobe,7,6,1,0.8571428571428571,20,6,14,9,5,0,0.3,-2.0,-3.5,-2.0
ml_today_elastic_net,bottom,all_a_ml_today_walk_forward_v1,onset,index,csi1000,中证1000,region_or_episode,window,confirmation,all,13,0,13,0.0,4,0,4,2,2,0,0.0,,,
ml_today_elastic_net,bottom,all_a_ml_today_walk_forward_v1,onset,index,csi1000,中证1000,region_or_episode,window,confirmation,multi_lobe,6,0,6,0.0,0,0,0,0,0,0,,,,
ml_today_elastic_net,bottom,all_a_ml_today_walk_forward_v1,onset,index,csi1000,中证1000,region_or_episode,window,confirmation,single_lobe,7,0,7,0.0,4,0,4,2,2,0,0.0,,,
ml_today_elastic_net,bottom,all_a_ml_today_walk_forward_v1,onset,index,csi1000,中证1000,region_or_episode,window,prediction,all,13,9,4,0.6923076923076923,23,9,14,9,5,0,0.391304347826087,-2.0,-4.0,-2.0
ml_today_elastic_net,bottom,all_a_ml_today_walk_forward_v1,onset,index,csi1000,中证1000,region_or_episode,window,prediction,multi_lobe,6,3,3,0.5,7,3,4,2,2,0,0.42857142857142855,-3.0,-4.5,-1.5
ml_today_elastic_net,bottom,all_a_ml_today_walk_forward_v1,onset,index,csi1000,中证1000,region_or_episode,window,prediction,single_lobe,7,6,1,0.8571428571428571,16,6,10,7,3,0,0.375,-2.0,-3.5,-2.0
ml_today_elastic_net,bottom,all_a_ml_today_walk_forward_v1,onset,index,csi300,沪深300,region_or_episode,loose,all,all,15,5,10,0.3333333333333333,27,5,22,15,5,0,0.18518518518518517,0.0,0.0,0.0
ml_today_elastic_net,bottom,all_a_ml_today_walk_forward_v1,onset,index,csi300,沪深300,region_or_episode,loose,all,multi_lobe,7,2,5,0.2857142857142857,15,2,13,8,4,0,0.13333333333333333,2.5,1.25,3.75
ml_today_elastic_net,bottom,all_a_ml_today_walk_forward_v1,onset,index,csi300,沪深300,region_or_episode,loose,all,single_lobe,8,3,5,0.375,12,3,9,7,1,0,0.25,0.0,0.0,0.0
ml_today_elastic_net,bottom,all_a_ml_today_walk_forward_v1,onset,index,csi300,沪深300,region_or_episode,loose,confirmation,all,15,1,14,0.06666666666666667,10,1,9,8,1,0,0.1,5.0,5.0,5.0
ml_today_elastic_net,bottom,all_a_ml_today_walk_forward_v1,onset,index,csi300,沪深300,region_or_episode,loose,confirmation,multi_lobe,7,1,6,0.14285714285714285,7,1,6,5,1,0,0.14285714285714285,5.0,5.0,5.0
ml_today_elastic_net,bottom,all_a_ml_today_walk_forward_v1,onset,index,csi300,沪深300,region_or_episode,loose,confirmation,single_lobe,8,0,8,0.0,3,0,3,3,0,0,0.0,,,
ml_today_elastic_net,bottom,all_a_ml_today_walk_forward_v1,onset,index,csi300,沪深300,region_or_episode,loose,prediction,all,14,4,10,0.2857142857142857,17,4,13,7,4,0,0.23529411764705882,0.0,0.0,0.0
ml_today_elastic_net,bottom,all_a_ml_today_walk_forward_v1,onset,index,csi300,沪深300,region_or_episode,loose,prediction,multi_lobe,6,1,5,0.16666666666666666,8,1,7,3,3,0,0.125,0.0,0.0,0.0
ml_today_elastic_net,bottom,all_a_ml_today_walk_forward_v1,onset,index,csi300,沪深300,region_or_episode,loose,prediction,single_lobe,8,3,5,0.375,9,3,6,4,1,0,0.3333333333333333,0.0,0.0,0.0
ml_today_elastic_net,bottom,all_a_ml_today_walk_forward_v1,onset,index,csi300,沪深300,region_or_episode,strict,all,all,15,5,10,0.3333333333333333,27,5,22,15,5,0,0.18518518518518517,0.0,0.0,0.0
ml_today_elastic_net,bottom,all_a_ml_today_walk_forward_v1,onset,index,csi300,沪深300,region_or_episode,strict,all,multi_lobe,7,2,5,0.2857142857142857,15,2,13,8,4,0,0.13333333333333333,2.5,1.25,3.75
ml_today_elastic_net,bottom,all_a_ml_today_walk_forward_v1,onset,index,csi300,沪深300,region_or_episode,strict,all,single_lobe,8,3,5,0.375,12,3,9,7,1,0,0.25,0.0,0.0,0.0
ml_today_elastic_net,bottom,all_a_ml_today_walk_forward_v1,onset,index,csi300,沪深300,region_or_episode,strict,confirmation,all,15,1,14,0.06666666666666667,10,1,9,8,1,0,0.1,5.0,5.0,5.0
ml_today_elastic_net,bottom,all_a_ml_today_walk_forward_v1,onset,index,csi300,沪深300,region_or_episode,strict,confirmation,multi_lobe,7,1,6,0.14285714285714285,7,1,6,5,1,0,0.14285714285714285,5.0,5.0,5.0
ml_today_elastic_net,bottom,all_a_ml_today_walk_forward_v1,onset,index,csi300,沪深300,region_or_episode,strict,confirmation,single_lobe,8,0,8,0.0,3,0,3,3,0,0,0.0,,,
ml_today_elastic_net,bottom,all_a_ml_today_walk_forward_v1,onset,index,csi300,沪深300,region_or_episode,strict,prediction,all,14,4,10,0.2857142857142857,17,4,13,7,4,0,0.23529411764705882,0.0,0.0,0.0
ml_today_elastic_net,bottom,all_a_ml_today_walk_forward_v1,onset,index,csi300,沪深300,region_or_episode,strict,prediction,multi_lobe,6,1,5,0.16666666666666666,8,1,7,3,3,0,0.125,0.0,0.0,0.0
ml_today_elastic_net,bottom,all_a_ml_today_walk_forward_v1,onset,index,csi300,沪深300,region_or_episode,strict,prediction,single_lobe,8,3,5,0.375,9,3,6,4,1,0,0.3333333333333333,0.0,0.0,0.0
ml_today_elastic_net,bottom,all_a_ml_today_walk_forward_v1,onset,index,csi300,沪深300,region_or_episode,window,all,all,15,7,8,0.4666666666666667,27,7,20,15,5,0,0.25925925925925924,0.0,-1.0,0.0
ml_today_elastic_net,bottom,all_a_ml_today_walk_forward_v1,onset,index,csi300,沪深300,region_or_episode,window,all,multi_lobe,7,3,4,0.42857142857142855,15,3,12,8,4,0,0.2,0.0,-2.0,2.5
ml_today_elastic_net,bottom,all_a_ml_today_walk_forward_v1,onset,index,csi300,沪深300,region_or_episode,window,all,single_lobe,8,4,4,0.5,12,4,8,7,1,0,0.3333333333333333,0.0,-0.5,0.0
ml_today_elastic_net,bottom,all_a_ml_today_walk_forward_v1,onset,index,csi300,沪深300,region_or_episode,window,confirmation,all,15,1,14,0.06666666666666667,10,1,9,8,1,0,0.1,5.0,5.0,5.0
ml_today_elastic_net,bottom,all_a_ml_today_walk_forward_v1,onset,index,csi300,沪深300,region_or_episode,window,confirmation,multi_lobe,7,1,6,0.14285714285714285,7,1,6,5,1,0,0.14285714285714285,5.0,5.0,5.0
ml_today_elastic_net,bottom,all_a_ml_today_walk_forward_v1,onset,index,csi300,沪深300,region_or_episode,window,confirmation,single_lobe,8,0,8,0.0,3,0,3,3,0,0,0.0,,,
ml_today_elastic_net,bottom,all_a_ml_today_walk_forward_v1,onset,index,csi300,沪深300,region_or_episode,window,prediction,all,14,6,8,0.42857142857142855,17,6,11,7,4,0,0.35294117647058826,0.0,-1.5,0.0
ml_today_elastic_net,bottom,all_a_ml_today_walk_forward_v1,onset,index,csi300,沪深300,region_or_episode,window,prediction,multi_lobe,6,2,4,0.3333333333333333,8,2,6,3,3,0,0.25,-2.0,-3.0,-1.0
ml_today_elastic_net,bottom,all_a_ml_today_walk_forward_v1,onset,index,csi300,沪深300,region_or_episode,window,prediction,single_lobe,8,4,4,0.5,9,4,5,4,1,0,0.4444444444444444,0.0,-0.5,0.0
ml_today_elastic_net,bottom,all_a_ml_today_walk_forward_v1,onset,index,csi500,中证500,region_or_episode,loose,all,all,16,5,11,0.3125,27,5,22,9,7,0,0.18518518518518517,-2.0,-6.0,0.0
ml_today_elastic_net,bottom,all_a_ml_today_walk_forward_v1,onset,index,csi500,中证500,region_or_episode,loose,all,multi_lobe,10,5,5,0.5,12,5,7,2,3,0,0.4166666666666667,-2.0,-6.0,0.0
ml_today_elastic_net,bottom,all_a_ml_today_walk_forward_v1,onset,index,csi500,中证500,region_or_episode,loose,all,single_lobe,6,0,6,0.0,15,0,15,7,4,0,0.0,,,
ml_today_elastic_net,bottom,all_a_ml_today_walk_forward_v1,onset,index,csi500,中证500,region_or_episode,loose,confirmation,all,15,1,14,0.06666666666666667,5,1,4,2,2,0,0.2,5.0,5.0,5.0
ml_today_elastic_net,bottom,all_a_ml_today_walk_forward_v1,onset,index,csi500,中证500,region_or_episode,loose,confirmation,multi_lobe,9,1,8,0.1111111111111111,3,1,2,1,1,0,0.3333333333333333,5.0,5.0,5.0
ml_today_elastic_net,bottom,all_a_ml_today_walk_forward_v1,onset,index,csi500,中证500,region_or_episode,loose,confirmation,single_lobe,6,0,6,0.0,2,0,2,1,1,0,0.0,,,
ml_today_elastic_net,bottom,all_a_ml_today_walk_forward_v1,onset,index,csi500,中证500,region_or_episode,loose,prediction,all,15,4,11,0.26666666666666666,22,4,18,7,5,0,0.18181818181818182,-4.0,-9.5,-1.5
ml_today_elastic_net,bottom,all_a_ml_today_walk_forward_v1,onset,index,csi500,中证500,region_or_episode,loose,prediction,multi_lobe,9,4,5,0.4444444444444444,9,4,5,1,2,0,0.4444444444444444,-4.0,-9.5,-1.5
ml_today_elastic_net,bottom,all_a_ml_today_walk_forward_v1,onset,index,csi500,中证500,region_or_episode,loose,prediction,single_lobe,6,0,6,0.0,13,0,13,6,3,0,0.0,,,
ml_today_elastic_net,bottom,all_a_ml_today_walk_forward_v1,onset,index,csi500,中证500,region_or_episode,strict,all,all,16,4,12,0.25,27,4,23,9,7,0,0.14814814814814814,-4.0,-9.5,-1.5
ml_today_elastic_net,bottom,all_a_ml_today_walk_forward_v1,onset,index,csi500,中证500,region_or_episode,strict,all,multi_lobe,10,4,6,0.4,12,4,8,2,3,0,0.3333333333333333,-4.0,-9.5,-1.5
ml_today_elastic_net,bottom,all_a_ml_today_walk_forward_v1,onset,index,csi500,中证500,region_or_episode,strict,all,single_lobe,6,0,6,0.0,15,0,15,7,4,0,0.0,,,
ml_today_elastic_net,bottom,all_a_ml_today_walk_forward_v1,onset,index,csi500,中证500,region_or_episode,strict,confirmation,all,15,0,15,0.0,5,0,5,2,2,0,0.0,,,
ml_today_elastic_net,bottom,all_a_ml_today_walk_forward_v1,onset,index,csi500,中证500,region_or_episode,strict,confirmation,multi_lobe,9,0,9,0.0,3,0,3,1,1,0,0.0,,,
ml_today_elastic_net,bottom,all_a_ml_today_walk_forward_v1,onset,index,csi500,中证500,region_or_episode,strict,confirmation,single_lobe,6,0,6,0.0,2,0,2,1,1,0,0.0,,,
ml_today_elastic_net,bottom,all_a_ml_today_walk_forward_v1,onset,index,csi500,中证500,region_or_episode,strict,prediction,all,15,4,11,0.26666666666666666,22,4,18,7,5,0,0.18181818181818182,-4.0,-9.5,-1.5
ml_today_elastic_net,bottom,all_a_ml_today_walk_forward_v1,onset,index,csi500,中证500,region_or_episode,strict,prediction,multi_lobe,9,4,5,0.4444444444444444,9,4,5,1,2,0,0.4444444444444444,-4.0,-9.5,-1.5
ml_today_elastic_net,bottom,all_a_ml_today_walk_forward_v1,onset,index,csi500,中证500,region_or_episode,strict,prediction,single_lobe,6,0,6,0.0,13,0,13,6,3,0,0.0,,,
ml_today_elastic_net,bottom,all_a_ml_today_walk_forward_v1,onset,index,csi500,中证500,region_or_episode,window,all,all,16,11,5,0.6875,27,11,16,9,7,0,0.4074074074074074,-4.0,-12.0,-1.5
ml_today_elastic_net,bottom,all_a_ml_today_walk_forward_v1,onset,index,csi500,中证500,region_or_episode,window,all,multi_lobe,10,7,3,0.7,12,7,5,2,3,0,0.5833333333333334,-6.0,-14.0,-1.0
ml_today_elastic_net,bottom,all_a_ml_today_walk_forward_v1,onset,index,csi500,中证500,region_or_episode,window,all,single_lobe,6,4,2,0.6666666666666666,15,4,11,7,4,0,0.26666666666666666,-3.0,-6.5,-1.75
ml_today_elastic_net,bottom,all_a_ml_today_walk_forward_v1,onset,index,csi500,中证500,region_or_episode,window,confirmation,all,15,1,14,0.06666666666666667,5,1,4,2,2,0,0.2,5.0,5.0,5.0
ml_today_elastic_net,bottom,all_a_ml_today_walk_forward_v1,onset,index,csi500,中证500,region_or_episode,window,confirmation,multi_lobe,9,1,8,0.1111111111111111,3,1,2,1,1,0,0.3333333333333333,5.0,5.0,5.0
ml_today_elastic_net,bottom,all_a_ml_today_walk_forward_v1,onset,index,csi500,中证500,region_or_episode,window,confirmation,single_lobe,6,0,6,0.0,2,0,2,1,1,0,0.0,,,
ml_today_elastic_net,bottom,all_a_ml_today_walk_forward_v1,onset,index,csi500,中证500,region_or_episode,window,prediction,all,15,10,5,0.6666666666666666,22,10,12,7,5,0,0.45454545454545453,-5.0,-13.0,-2.0
ml_today_elastic_net,bottom,all_a_ml_today_walk_forward_v1,onset,index,csi500,中证500,region_or_episode,window,prediction,multi_lobe,9,6,3,0.6666666666666666,9,6,3,1,2,0,0.6666666666666666,-8.0,-16.0,-3.0
ml_today_elastic_net,bottom,all_a_ml_today_walk_forward_v1,onset,index,csi500,中证500,region_or_episode,window,prediction,single_lobe,6,4,2,0.6666666666666666,13,4,9,6,3,0,0.3076923076923077,-3.0,-6.5,-1.75
ml_today_elastic_net,bottom,all_a_ml_today_walk_forward_v1,onset,index,microcap,微盘股,region_or_episode,loose,all,all,15,1,14,0.06666666666666667,27,1,26,12,7,0,0.037037037037037035,-2.0,-2.0,-2.0
ml_today_elastic_net,bottom,all_a_ml_today_walk_forward_v1,onset,index,microcap,微盘股,region_or_episode,loose,all,multi_lobe,1,0,1,0.0,1,0,1,0,0,0,0.0,,,
ml_today_elastic_net,bottom,all_a_ml_today_walk_forward_v1,onset,index,microcap,微盘股,region_or_episode,loose,all,single_lobe,14,1,13,0.07142857142857142,26,1,25,12,7,0,0.038461538461538464,-2.0,-2.0,-2.0
ml_today_elastic_net,bottom,all_a_ml_today_walk_forward_v1,onset,index,microcap,微盘股,region_or_episode,loose,confirmation,all,14,0,14,0.0,5,0,5,3,2,0,0.0,,,
ml_today_elastic_net,bottom,all_a_ml_today_walk_forward_v1,onset,index,microcap,微盘股,region_or_episode,loose,confirmation,multi_lobe,1,0,1,0.0,0,0,0,0,0,0,,,,
ml_today_elastic_net,bottom,all_a_ml_today_walk_forward_v1,onset,index,microcap,微盘股,region_or_episode,loose,confirmation,single_lobe,13,0,13,0.0,5,0,5,3,2,0,0.0,,,
ml_today_elastic_net,bottom,all_a_ml_today_walk_forward_v1,onset,index,microcap,微盘股,region_or_episode,loose,prediction,all,15,1,14,0.06666666666666667,22,1,21,9,5,0,0.045454545454545456,-2.0,-2.0,-2.0
ml_today_elastic_net,bottom,all_a_ml_today_walk_forward_v1,onset,index,microcap,微盘股,region_or_episode,loose,prediction,multi_lobe,1,0,1,0.0,1,0,1,0,0,0,0.0,,,
ml_today_elastic_net,bottom,all_a_ml_today_walk_forward_v1,onset,index,microcap,微盘股,region_or_episode,loose,prediction,single_lobe,14,1,13,0.07142857142857142,21,1,20,9,5,0,0.047619047619047616,-2.0,-2.0,-2.0
ml_today_elastic_net,bottom,all_a_ml_today_walk_forward_v1,onset,index,microcap,微盘股,region_or_episode,strict,all,all,15,1,14,0.06666666666666667,27,1,26,12,7,0,0.037037037037037035,-2.0,-2.0,-2.0
ml_today_elastic_net,bottom,all_a_ml_today_walk_forward_v1,onset,index,microcap,微盘股,region_or_episode,strict,all,multi_lobe,1,0,1,0.0,1,0,1,0,0,0,0.0,,,
ml_today_elastic_net,bottom,all_a_ml_today_walk_forward_v1,onset,index,microcap,微盘股,region_or_episode,strict,all,single_lobe,14,1,13,0.07142857142857142,26,1,25,12,7,0,0.038461538461538464,-2.0,-2.0,-2.0
ml_today_elastic_net,bottom,all_a_ml_today_walk_forward_v1,onset,index,microcap,微盘股,region_or_episode,strict,confirmation,all,14,0,14,0.0,5,0,5,3,2,0,0.0,,,
ml_today_elastic_net,bottom,all_a_ml_today_walk_forward_v1,onset,index,microcap,微盘股,region_or_episode,strict,confirmation,multi_lobe,1,0,1,0.0,0,0,0,0,0,0,,,,
ml_today_elastic_net,bottom,all_a_ml_today_walk_forward_v1,onset,index,microcap,微盘股,region_or_episode,strict,confirmation,single_lobe,13,0,13,0.0,5,0,5,3,2,0,0.0,,,
ml_today_elastic_net,bottom,all_a_ml_today_walk_forward_v1,onset,index,microcap,微盘股,region_or_episode,strict,prediction,all,15,1,14,0.06666666666666667,22,1,21,9,5,0,0.045454545454545456,-2.0,-2.0,-2.0
ml_today_elastic_net,bottom,all_a_ml_today_walk_forward_v1,onset,index,microcap,微盘股,region_or_episode,strict,prediction,multi_lobe,1,0,1,0.0,1,0,1,0,0,0,0.0,,,
ml_today_elastic_net,bottom,all_a_ml_today_walk_forward_v1,onset,index,microcap,微盘股,region_or_episode,strict,prediction,single_lobe,14,1,13,0.07142857142857142,21,1,20,9,5,0,0.047619047619047616,-2.0,-2.0,-2.0
ml_today_elastic_net,bottom,all_a_ml_today_walk_forward_v1,onset,index,microcap,微盘股,region_or_episode,window,all,all,15,8,7,0.5333333333333333,27,8,19,12,7,0,0.2962962962962963,-2.0,-3.25,-1.75
ml_today_elastic_net,bottom,all_a_ml_today_walk_forward_v1,onset,index,microcap,微盘股,region_or_episode,window,all,multi_lobe,1,1,0,1.0,1,1,0,0,0,0,1.0,-1.0,-1.0,-1.0
ml_today_elastic_net,bottom,all_a_ml_today_walk_forward_v1,onset,index,microcap,微盘股,region_or_episode,window,all,single_lobe,14,7,7,0.5,26,7,19,12,7,0,0.2692307692307692,-2.0,-3.5,-2.0
ml_today_elastic_net,bottom,all_a_ml_today_walk_forward_v1,onset,index,microcap,微盘股,region_or_episode,window,confirmation,all,14,0,14,0.0,5,0,5,3,2,0,0.0,,,
ml_today_elastic_net,bottom,all_a_ml_today_walk_forward_v1,onset,index,microcap,微盘股,region_or_episode,window,confirmation,multi_lobe,1,0,1,0.0,0,0,0,0,0,0,,,,
ml_today_elastic_net,bottom,all_a_ml_today_walk_forward_v1,onset,index,microcap,微盘股,region_or_episode,window,confirmation,single_lobe,13,0,13,0.0,5,0,5,3,2,0,0.0,,,
ml_today_elastic_net,bottom,all_a_ml_today_walk_forward_v1,onset,index,microcap,微盘股,region_or_episode,window,prediction,all,15,8,7,0.5333333333333333,22,8,14,9,5,0,0.36363636363636365,-2.0,-3.25,-1.75
ml_today_elastic_net,bottom,all_a_ml_today_walk_forward_v1,onset,index,microcap,微盘股,region_or_episode,window,prediction,multi_lobe,1,1,0,1.0,1,1,0,0,0,0,1.0,-1.0,-1.0,-1.0
ml_today_elastic_net,bottom,all_a_ml_today_walk_forward_v1,onset,index,microcap,微盘股,region_or_episode,window,prediction,single_lobe,14,7,7,0.5,21,7,14,9,5,0,0.3333333333333333,-2.0,-3.5,-2.0
ml_today_elastic_net,bottom,all_a_ml_today_walk_forward_v1,onset,index,sse_composite,上证指数,region_or_episode,loose,all,all,18,4,14,0.2222222222222222,27,4,23,13,5,0,0.14814814814814814,0.0,-0.25,0.0
ml_today_elastic_net,bottom,all_a_ml_today_walk_forward_v1,onset,index,sse_composite,上证指数,region_or_episode,loose,all,multi_lobe,7,1,6,0.14285714285714285,12,1,11,6,2,0,0.08333333333333333,0.0,0.0,0.0
ml_today_elastic_net,bottom,all_a_ml_today_walk_forward_v1,onset,index,sse_composite,上证指数,region_or_episode,loose,all,single_lobe,11,3,8,0.2727272727272727,15,3,12,7,3,0,0.2,0.0,-0.5,0.0
ml_today_elastic_net,bottom,all_a_ml_today_walk_forward_v1,onset,index,sse_composite,上证指数,region_or_episode,loose,confirmation,all,18,0,18,0.0,10,0,10,8,2,0,0.0,,,
ml_today_elastic_net,bottom,all_a_ml_today_walk_forward_v1,onset,index,sse_composite,上证指数,region_or_episode,loose,confirmation,multi_lobe,7,0,7,0.0,7,0,7,5,2,0,0.0,,,
ml_today_elastic_net,bottom,all_a_ml_today_walk_forward_v1,onset,index,sse_composite,上证指数,region_or_episode,loose,confirmation,single_lobe,11,0,11,0.0,3,0,3,3,0,0,0.0,,,
ml_today_elastic_net,bottom,all_a_ml_today_walk_forward_v1,onset,index,sse_composite,上证指数,region_or_episode,loose,prediction,all,17,4,13,0.23529411764705882,17,4,13,5,3,0,0.23529411764705882,0.0,-0.25,0.0
ml_today_elastic_net,bottom,all_a_ml_today_walk_forward_v1,onset,index,sse_composite,上证指数,region_or_episode,loose,prediction,multi_lobe,6,1,5,0.16666666666666666,5,1,4,1,0,0,0.2,0.0,0.0,0.0
ml_today_elastic_net,bottom,all_a_ml_today_walk_forward_v1,onset,index,sse_composite,上证指数,region_or_episode,loose,prediction,single_lobe,11,3,8,0.2727272727272727,12,3,9,4,3,0,0.25,0.0,-0.5,0.0
ml_today_elastic_net,bottom,all_a_ml_today_walk_forward_v1,onset,index,sse_composite,上证指数,region_or_episode,strict,all,all,18,4,14,0.2222222222222222,27,4,23,13,5,0,0.14814814814814814,0.0,-0.25,0.0
ml_today_elastic_net,bottom,all_a_ml_today_walk_forward_v1,onset,index,sse_composite,上证指数,region_or_episode,strict,all,multi_lobe,7,1,6,0.14285714285714285,12,1,11,6,2,0,0.08333333333333333,0.0,0.0,0.0
ml_today_elastic_net,bottom,all_a_ml_today_walk_forward_v1,onset,index,sse_composite,上证指数,region_or_episode,strict,all,single_lobe,11,3,8,0.2727272727272727,15,3,12,7,3,0,0.2,0.0,-0.5,0.0
ml_today_elastic_net,bottom,all_a_ml_today_walk_forward_v1,onset,index,sse_composite,上证指数,region_or_episode,strict,confirmation,all,18,0,18,0.0,10,0,10,8,2,0,0.0,,,
ml_today_elastic_net,bottom,all_a_ml_today_walk_forward_v1,onset,index,sse_composite,上证指数,region_or_episode,strict,confirmation,multi_lobe,7,0,7,0.0,7,0,7,5,2,0,0.0,,,
ml_today_elastic_net,bottom,all_a_ml_today_walk_forward_v1,onset,index,sse_composite,上证指数,region_or_episode,strict,confirmation,single_lobe,11,0,11,0.0,3,0,3,3,0,0,0.0,,,
ml_today_elastic_net,bottom,all_a_ml_today_walk_forward_v1,onset,index,sse_composite,上证指数,region_or_episode,strict,prediction,all,17,4,13,0.23529411764705882,17,4,13,5,3,0,0.23529411764705882,0.0,-0.25,0.0
ml_today_elastic_net,bottom,all_a_ml_today_walk_forward_v1,onset,index,sse_composite,上证指数,region_or_episode,strict,prediction,multi_lobe,6,1,5,0.16666666666666666,5,1,4,1,0,0,0.2,0.0,0.0,0.0
ml_today_elastic_net,bottom,all_a_ml_today_walk_forward_v1,onset,index,sse_composite,上证指数,region_or_episode,strict,prediction,single_lobe,11,3,8,0.2727272727272727,12,3,9,4,3,0,0.25,0.0,-0.5,0.0
ml_today_elastic_net,bottom,all_a_ml_today_walk_forward_v1,onset,index,sse_composite,上证指数,region_or_episode,window,all,all,18,9,9,0.5,27,9,18,13,5,0,0.3333333333333333,-2.0,-4.0,0.0
ml_today_elastic_net,bottom,all_a_ml_today_walk_forward_v1,onset,index,sse_composite,上证指数,region_or_episode,window,all,multi_lobe,7,4,3,0.5714285714285714,12,4,8,6,2,0,0.3333333333333333,-4.0,-9.0,-1.5
ml_today_elastic_net,bottom,all_a_ml_today_walk_forward_v1,onset,index,sse_composite,上证指数,region_or_episode,window,all,single_lobe,11,5,6,0.45454545454545453,15,5,10,7,3,0,0.3333333333333333,-1.0,-2.0,0.0
ml_today_elastic_net,bottom,all_a_ml_today_walk_forward_v1,onset,index,sse_composite,上证指数,region_or_episode,window,confirmation,all,18,0,18,0.0,10,0,10,8,2,0,0.0,,,
ml_today_elastic_net,bottom,all_a_ml_today_walk_forward_v1,onset,index,sse_composite,上证指数,region_or_episode,window,confirmation,multi_lobe,7,0,7,0.0,7,0,7,5,2,0,0.0,,,
ml_today_elastic_net,bottom,all_a_ml_today_walk_forward_v1,onset,index,sse_composite,上证指数,region_or_episode,window,confirmation,single_lobe,11,0,11,0.0,3,0,3,3,0,0,0.0,,,
ml_today_elastic_net,bottom,all_a_ml_today_walk_forward_v1,onset,index,sse_composite,上证指数,region_or_episode,window,prediction,all,17,9,8,0.5294117647058824,17,9,8,5,3,0,0.5294117647058824,-2.0,-4.0,0.0
ml_today_elastic_net,bottom,all_a_ml_today_walk_forward_v1,onset,index,sse_composite,上证指数,region_or_episode,window,prediction,multi_lobe,6,4,2,0.6666666666666666,5,4,1,1,0,0,0.8,-4.0,-9.0,-1.5
ml_today_elastic_net,bottom,all_a_ml_today_walk_forward_v1,onset,index,sse_composite,上证指数,region_or_episode,window,prediction,single_lobe,11,5,6,0.45454545454545453,12,5,7,4,3,0,0.4166666666666667,-1.0,-2.0,0.0
ml_today_elastic_net,top,all_a_ml_today_walk_forward_v1,capped_confirmation,all_indices,__all__,全部指数（指数-事件对）,index_region_or_index_episode_pair,loose,all,all,105,24,81,0.22857142857142856,259,24,235,156,44,0,0.09266409266409266,-0.5,-4.25,1.0
ml_today_elastic_net,top,all_a_ml_today_walk_forward_v1,capped_confirmation,all_indices,__all__,全部指数（指数-事件对）,index_region_or_index_episode_pair,loose,all,multi_lobe,58,18,40,0.3103448275862069,149,18,131,100,21,0,0.12080536912751678,-0.5,-4.0,1.0
ml_today_elastic_net,top,all_a_ml_today_walk_forward_v1,capped_confirmation,all_indices,__all__,全部指数（指数-事件对）,index_region_or_index_episode_pair,loose,all,single_lobe,47,6,41,0.1276595744680851,110,6,104,56,23,0,0.05454545454545454,-2.0,-4.75,0.0
ml_today_elastic_net,top,all_a_ml_today_walk_forward_v1,capped_confirmation,all_indices,__all__,全部指数（指数-事件对）,index_region_or_index_episode_pair,loose,confirmation,all,105,7,98,0.06666666666666667,126,7,119,80,28,0,0.05555555555555555,1.0,1.0,1.0
ml_today_elastic_net,top,all_a_ml_today_walk_forward_v1,capped_confirmation,all_indices,__all__,全部指数（指数-事件对）,index_region_or_index_episode_pair,loose,confirmation,multi_lobe,58,6,52,0.10344827586206896,80,6,74,63,9,0,0.075,1.0,1.0,1.0
ml_today_elastic_net,top,all_a_ml_today_walk_forward_v1,capped_confirmation,all_indices,__all__,全部指数（指数-事件对）,index_region_or_index_episode_pair,loose,confirmation,single_lobe,47,1,46,0.02127659574468085,46,1,45,17,19,0,0.021739130434782608,1.0,1.0,1.0
ml_today_elastic_net,top,all_a_ml_today_walk_forward_v1,capped_confirmation,all_indices,__all__,全部指数（指数-事件对）,index_region_or_index_episode_pair,loose,prediction,all,105,17,88,0.1619047619047619,133,17,116,76,16,0,0.12781954887218044,-4.0,-5.0,0.0
ml_today_elastic_net,top,all_a_ml_today_walk_forward_v1,capped_confirmation,all_indices,__all__,全部指数（指数-事件对）,index_region_or_index_episode_pair,loose,prediction,multi_lobe,58,12,46,0.20689655172413793,69,12,57,37,12,0,0.17391304347826086,-4.0,-6.5,-0.75
ml_today_elastic_net,top,all_a_ml_today_walk_forward_v1,capped_confirmation,all_indices,__all__,全部指数（指数-事件对）,index_region_or_index_episode_pair,loose,prediction,single_lobe,47,5,42,0.10638297872340426,64,5,59,39,4,0,0.078125,-4.0,-5.0,0.0
ml_today_elastic_net,top,all_a_ml_today_walk_forward_v1,capped_confirmation,all_indices,__all__,全部指数（指数-事件对）,index_region_or_index_episode_pair,strict,all,all,105,22,83,0.20952380952380953,259,22,237,156,44,0,0.08494208494208494,0.0,-4.0,1.0
ml_today_elastic_net,top,all_a_ml_today_walk_forward_v1,capped_confirmation,all_indices,__all__,全部指数（指数-事件对）,index_region_or_index_episode_pair,strict,all,multi_lobe,58,16,42,0.27586206896551724,149,16,133,100,21,0,0.10738255033557047,0.0,-4.0,1.0
ml_today_elastic_net,top,all_a_ml_today_walk_forward_v1,capped_confirmation,all_indices,__all__,全部指数（指数-事件对）,index_region_or_index_episode_pair,strict,all,single_lobe,47,6,41,0.1276595744680851,110,6,104,56,23,0,0.05454545454545454,-2.0,-4.75,0.0
ml_today_elastic_net,top,all_a_ml_today_walk_forward_v1,capped_confirmation,all_indices,__all__,全部指数（指数-事件对）,index_region_or_index_episode_pair,strict,confirmation,all,105,7,98,0.06666666666666667,126,7,119,80,28,0,0.05555555555555555,1.0,1.0,1.0
ml_today_elastic_net,top,all_a_ml_today_walk_forward_v1,capped_confirmation,all_indices,__all__,全部指数（指数-事件对）,index_region_or_index_episode_pair,strict,confirmation,multi_lobe,58,6,52,0.10344827586206896,80,6,74,63,9,0,0.075,1.0,1.0,1.0
ml_today_elastic_net,top,all_a_ml_today_walk_forward_v1,capped_confirmation,all_indices,__all__,全部指数（指数-事件对）,index_region_or_index_episode_pair,strict,confirmation,single_lobe,47,1,46,0.02127659574468085,46,1,45,17,19,0,0.021739130434782608,1.0,1.0,1.0
ml_today_elastic_net,top,all_a_ml_today_walk_forward_v1,capped_confirmation,all_indices,__all__,全部指数（指数-事件对）,index_region_or_index_episode_pair,strict,prediction,all,105,15,90,0.14285714285714285,133,15,118,76,16,0,0.11278195488721804,-4.0,-4.5,0.0
ml_today_elastic_net,top,all_a_ml_today_walk_forward_v1,capped_confirmation,all_indices,__all__,全部指数（指数-事件对）,index_region_or_index_episode_pair,strict,prediction,multi_lobe,58,10,48,0.1724137931034483,69,10,59,37,12,0,0.14492753623188406,-2.5,-4.0,-0.25
ml_today_elastic_net,top,all_a_ml_today_walk_forward_v1,capped_confirmation,all_indices,__all__,全部指数（指数-事件对）,index_region_or_index_episode_pair,strict,prediction,single_lobe,47,5,42,0.10638297872340426,64,5,59,39,4,0,0.078125,-4.0,-5.0,0.0
ml_today_elastic_net,top,all_a_ml_today_walk_forward_v1,capped_confirmation,all_indices,__all__,全部指数（指数-事件对）,index_region_or_index_episode_pair,window,all,all,105,59,46,0.5619047619047619,259,59,200,156,44,0,0.2277992277992278,-3.0,-11.0,1.0
ml_today_elastic_net,top,all_a_ml_today_walk_forward_v1,capped_confirmation,all_indices,__all__,全部指数（指数-事件对）,index_region_or_index_episode_pair,window,all,multi_lobe,58,28,30,0.4827586206896552,149,28,121,100,21,0,0.18791946308724833,-3.0,-11.0,1.0
ml_today_elastic_net,top,all_a_ml_today_walk_forward_v1,capped_confirmation,all_indices,__all__,全部指数（指数-事件对）,index_region_or_index_episode_pair,window,all,single_lobe,47,31,16,0.6595744680851063,110,31,79,56,23,0,0.2818181818181818,-3.0,-9.0,7.0
ml_today_elastic_net,top,all_a_ml_today_walk_forward_v1,capped_confirmation,all_indices,__all__,全部指数（指数-事件对）,index_region_or_index_episode_pair,window,confirmation,all,105,18,87,0.17142857142857143,126,18,108,80,28,0,0.14285714285714285,7.0,1.0,9.0
ml_today_elastic_net,top,all_a_ml_today_walk_forward_v1,capped_confirmation,all_indices,__all__,全部指数（指数-事件对）,index_region_or_index_episode_pair,window,confirmation,multi_lobe,58,8,50,0.13793103448275862,80,8,72,63,9,0,0.1,1.0,1.0,7.75
ml_today_elastic_net,top,all_a_ml_today_walk_forward_v1,capped_confirmation,all_indices,__all__,全部指数（指数-事件对）,index_region_or_index_episode_pair,window,confirmation,single_lobe,47,10,37,0.2127659574468085,46,10,36,17,19,0,0.21739130434782608,7.0,7.0,9.0
ml_today_elastic_net,top,all_a_ml_today_walk_forward_v1,capped_confirmation,all_indices,__all__,全部指数（指数-事件对）,index_region_or_index_episode_pair,window,prediction,all,105,41,64,0.3904761904761905,133,41,92,76,16,0,0.3082706766917293,-5.0,-14.0,-3.0
ml_today_elastic_net,top,all_a_ml_today_walk_forward_v1,capped_confirmation,all_indices,__all__,全部指数（指数-事件对）,index_region_or_index_episode_pair,window,prediction,multi_lobe,58,20,38,0.3448275862068966,69,20,49,37,12,0,0.2898550724637681,-5.0,-14.0,-1.75
ml_today_elastic_net,top,all_a_ml_today_walk_forward_v1,capped_confirmation,all_indices,__all__,全部指数（指数-事件对）,index_region_or_index_episode_pair,window,prediction,single_lobe,47,21,26,0.44680851063829785,64,21,43,39,4,0,0.328125,-4.0,-20.0,-3.0
ml_today_elastic_net,top,all_a_ml_today_walk_forward_v1,capped_confirmation,index,all_a,全A,region_or_episode,loose,all,all,14,5,9,0.35714285714285715,37,5,32,23,6,0,0.13513513513513514,-4.0,-11.0,0.0
ml_today_elastic_net,top,all_a_ml_today_walk_forward_v1,capped_confirmation,index,all_a,全A,region_or_episode,loose,all,multi_lobe,8,4,4,0.5,23,4,19,16,3,0,0.17391304347826086,-2.0,-7.75,0.25
ml_today_elastic_net,top,all_a_ml_today_walk_forward_v1,capped_confirmation,index,all_a,全A,region_or_episode,loose,all,single_lobe,6,1,5,0.16666666666666666,14,1,13,7,3,0,0.07142857142857142,-11.0,-11.0,-11.0
ml_today_elastic_net,top,all_a_ml_today_walk_forward_v1,capped_confirmation,index,all_a,全A,region_or_episode,loose,confirmation,all,14,1,13,0.07142857142857142,18,1,17,13,3,0,0.05555555555555555,1.0,1.0,1.0
ml_today_elastic_net,top,all_a_ml_today_walk_forward_v1,capped_confirmation,index,all_a,全A,region_or_episode,loose,confirmation,multi_lobe,8,1,7,0.125,13,1,12,12,0,0,0.07692307692307693,1.0,1.0,1.0
ml_today_elastic_net,top,all_a_ml_today_walk_forward_v1,capped_confirmation,index,all_a,全A,region_or_episode,loose,confirmation,single_lobe,6,0,6,0.0,5,0,5,1,3,0,0.0,,,
ml_today_elastic_net,top,all_a_ml_today_walk_forward_v1,capped_confirmation,index,all_a,全A,region_or_episode,loose,prediction,all,14,4,10,0.2857142857142857,19,4,15,10,3,0,0.21052631578947367,-7.5,-13.0,-3.0
ml_today_elastic_net,top,all_a_ml_today_walk_forward_v1,capped_confirmation,index,all_a,全A,region_or_episode,loose,prediction,multi_lobe,8,3,5,0.375,10,3,7,4,3,0,0.3,-4.0,-11.5,-2.0
ml_today_elastic_net,top,all_a_ml_today_walk_forward_v1,capped_confirmation,index,all_a,全A,region_or_episode,loose,prediction,single_lobe,6,1,5,0.16666666666666666,9,1,8,6,0,0,0.1111111111111111,-11.0,-11.0,-11.0
ml_today_elastic_net,top,all_a_ml_today_walk_forward_v1,capped_confirmation,index,all_a,全A,region_or_episode,strict,all,all,14,5,9,0.35714285714285715,37,5,32,23,6,0,0.13513513513513514,-4.0,-11.0,0.0
ml_today_elastic_net,top,all_a_ml_today_walk_forward_v1,capped_confirmation,index,all_a,全A,region_or_episode,strict,all,multi_lobe,8,4,4,0.5,23,4,19,16,3,0,0.17391304347826086,-2.0,-7.75,0.25
ml_today_elastic_net,top,all_a_ml_today_walk_forward_v1,capped_confirmation,index,all_a,全A,region_or_episode,strict,all,single_lobe,6,1,5,0.16666666666666666,14,1,13,7,3,0,0.07142857142857142,-11.0,-11.0,-11.0
ml_today_elastic_net,top,all_a_ml_today_walk_forward_v1,capped_confirmation,index,all_a,全A,region_or_episode,strict,confirmation,all,14,1,13,0.07142857142857142,18,1,17,13,3,0,0.05555555555555555,1.0,1.0,1.0
ml_today_elastic_net,top,all_a_ml_today_walk_forward_v1,capped_confirmation,index,all_a,全A,region_or_episode,strict,confirmation,multi_lobe,8,1,7,0.125,13,1,12,12,0,0,0.07692307692307693,1.0,1.0,1.0
ml_today_elastic_net,top,all_a_ml_today_walk_forward_v1,capped_confirmation,index,all_a,全A,region_or_episode,strict,confirmation,single_lobe,6,0,6,0.0,5,0,5,1,3,0,0.0,,,
ml_today_elastic_net,top,all_a_ml_today_walk_forward_v1,capped_confirmation,index,all_a,全A,region_or_episode,strict,prediction,all,14,4,10,0.2857142857142857,19,4,15,10,3,0,0.21052631578947367,-7.5,-13.0,-3.0
ml_today_elastic_net,top,all_a_ml_today_walk_forward_v1,capped_confirmation,index,all_a,全A,region_or_episode,strict,prediction,multi_lobe,8,3,5,0.375,10,3,7,4,3,0,0.3,-4.0,-11.5,-2.0
ml_today_elastic_net,top,all_a_ml_today_walk_forward_v1,capped_confirmation,index,all_a,全A,region_or_episode,strict,prediction,single_lobe,6,1,5,0.16666666666666666,9,1,8,6,0,0,0.1111111111111111,-11.0,-11.0,-11.0
ml_today_elastic_net,top,all_a_ml_today_walk_forward_v1,capped_confirmation,index,all_a,全A,region_or_episode,window,all,all,14,8,6,0.5714285714285714,37,8,29,23,6,0,0.21621621621621623,-3.5,-13.0,0.25
ml_today_elastic_net,top,all_a_ml_today_walk_forward_v1,capped_confirmation,index,all_a,全A,region_or_episode,window,all,multi_lobe,8,4,4,0.5,23,4,19,16,3,0,0.17391304347826086,-2.0,-7.75,0.25
ml_today_elastic_net,top,all_a_ml_today_walk_forward_v1,capped_confirmation,index,all_a,全A,region_or_episode,window,all,single_lobe,6,4,2,0.6666666666666666,14,4,10,7,3,0,0.2857142857142857,-7.0,-13.25,-0.5
ml_today_elastic_net,top,all_a_ml_today_walk_forward_v1,capped_confirmation,index,all_a,全A,region_or_episode,window,confirmation,all,14,2,12,0.14285714285714285,18,2,16,13,3,0,0.1111111111111111,4.0,2.5,5.5
ml_today_elastic_net,top,all_a_ml_today_walk_forward_v1,capped_confirmation,index,all_a,全A,region_or_episode,window,confirmation,multi_lobe,8,1,7,0.125,13,1,12,12,0,0,0.07692307692307693,1.0,1.0,1.0
ml_today_elastic_net,top,all_a_ml_today_walk_forward_v1,capped_confirmation,index,all_a,全A,region_or_episode,window,confirmation,single_lobe,6,1,5,0.16666666666666666,5,1,4,1,3,0,0.2,7.0,7.0,7.0
ml_today_elastic_net,top,all_a_ml_today_walk_forward_v1,capped_confirmation,index,all_a,全A,region_or_episode,window,prediction,all,14,6,8,0.42857142857142855,19,6,13,10,3,0,0.3157894736842105,-7.5,-17.0,-3.25
ml_today_elastic_net,top,all_a_ml_today_walk_forward_v1,capped_confirmation,index,all_a,全A,region_or_episode,window,prediction,multi_lobe,8,3,5,0.375,10,3,7,4,3,0,0.3,-4.0,-11.5,-2.0
ml_today_elastic_net,top,all_a_ml_today_walk_forward_v1,capped_confirmation,index,all_a,全A,region_or_episode,window,prediction,single_lobe,6,3,3,0.5,9,3,6,6,0,0,0.3333333333333333,-11.0,-15.5,-7.0
ml_today_elastic_net,top,all_a_ml_today_walk_forward_v1,capped_confirmation,index,cni2000,国证2000,region_or_episode,loose,all,all,15,3,12,0.2,37,3,34,21,6,0,0.08108108108108109,-4.0,-4.5,-2.0
ml_today_elastic_net,top,all_a_ml_today_walk_forward_v1,capped_confirmation,index,cni2000,国证2000,region_or_episode,loose,all,multi_lobe,10,3,7,0.3,25,3,22,18,2,0,0.12,-4.0,-4.5,-2.0
ml_today_elastic_net,top,all_a_ml_today_walk_forward_v1,capped_confirmation,index,cni2000,国证2000,region_or_episode,loose,all,single_lobe,5,0,5,0.0,12,0,12,3,4,0,0.0,,,
ml_today_elastic_net,top,all_a_ml_today_walk_forward_v1,capped_confirmation,index,cni2000,国证2000,region_or_episode,loose,confirmation,all,15,0,15,0.0,18,0,18,13,2,0,0.0,,,
ml_today_elastic_net,top,all_a_ml_today_walk_forward_v1,capped_confirmation,index,cni2000,国证2000,region_or_episode,loose,confirmation,multi_lobe,10,0,10,0.0,14,0,14,13,0,0,0.0,,,
ml_today_elastic_net,top,all_a_ml_today_walk_forward_v1,capped_confirmation,index,cni2000,国证2000,region_or_episode,loose,confirmation,single_lobe,5,0,5,0.0,4,0,4,0,2,0,0.0,,,
ml_today_elastic_net,top,all_a_ml_today_walk_forward_v1,capped_confirmation,index,cni2000,国证2000,region_or_episode,loose,prediction,all,15,3,12,0.2,19,3,16,8,4,0,0.15789473684210525,-4.0,-4.5,-2.0
ml_today_elastic_net,top,all_a_ml_today_walk_forward_v1,capped_confirmation,index,cni2000,国证2000,region_or_episode,loose,prediction,multi_lobe,10,3,7,0.3,11,3,8,5,2,0,0.2727272727272727,-4.0,-4.5,-2.0
ml_today_elastic_net,top,all_a_ml_today_walk_forward_v1,capped_confirmation,index,cni2000,国证2000,region_or_episode,loose,prediction,single_lobe,5,0,5,0.0,8,0,8,3,2,0,0.0,,,
ml_today_elastic_net,top,all_a_ml_today_walk_forward_v1,capped_confirmation,index,cni2000,国证2000,region_or_episode,strict,all,all,15,3,12,0.2,37,3,34,21,6,0,0.08108108108108109,-4.0,-4.5,-2.0
ml_today_elastic_net,top,all_a_ml_today_walk_forward_v1,capped_confirmation,index,cni2000,国证2000,region_or_episode,strict,all,multi_lobe,10,3,7,0.3,25,3,22,18,2,0,0.12,-4.0,-4.5,-2.0
ml_today_elastic_net,top,all_a_ml_today_walk_forward_v1,capped_confirmation,index,cni2000,国证2000,region_or_episode,strict,all,single_lobe,5,0,5,0.0,12,0,12,3,4,0,0.0,,,
ml_today_elastic_net,top,all_a_ml_today_walk_forward_v1,capped_confirmation,index,cni2000,国证2000,region_or_episode,strict,confirmation,all,15,0,15,0.0,18,0,18,13,2,0,0.0,,,
ml_today_elastic_net,top,all_a_ml_today_walk_forward_v1,capped_confirmation,index,cni2000,国证2000,region_or_episode,strict,confirmation,multi_lobe,10,0,10,0.0,14,0,14,13,0,0,0.0,,,
ml_today_elastic_net,top,all_a_ml_today_walk_forward_v1,capped_confirmation,index,cni2000,国证2000,region_or_episode,strict,confirmation,single_lobe,5,0,5,0.0,4,0,4,0,2,0,0.0,,,
ml_today_elastic_net,top,all_a_ml_today_walk_forward_v1,capped_confirmation,index,cni2000,国证2000,region_or_episode,strict,prediction,all,15,3,12,0.2,19,3,16,8,4,0,0.15789473684210525,-4.0,-4.5,-2.0
ml_today_elastic_net,top,all_a_ml_today_walk_forward_v1,capped_confirmation,index,cni2000,国证2000,region_or_episode,strict,prediction,multi_lobe,10,3,7,0.3,11,3,8,5,2,0,0.2727272727272727,-4.0,-4.5,-2.0
ml_today_elastic_net,top,all_a_ml_today_walk_forward_v1,capped_confirmation,index,cni2000,国证2000,region_or_episode,strict,prediction,single_lobe,5,0,5,0.0,8,0,8,3,2,0,0.0,,,
ml_today_elastic_net,top,all_a_ml_today_walk_forward_v1,capped_confirmation,index,cni2000,国证2000,region_or_episode,window,all,all,15,10,5,0.6666666666666666,37,10,27,21,6,0,0.2702702702702703,-3.5,-6.5,5.25
ml_today_elastic_net,top,all_a_ml_today_walk_forward_v1,capped_confirmation,index,cni2000,国证2000,region_or_episode,window,all,multi_lobe,10,5,5,0.5,25,5,20,18,2,0,0.2,-4.0,-5.0,0.0
ml_today_elastic_net,top,all_a_ml_today_walk_forward_v1,capped_confirmation,index,cni2000,国证2000,region_or_episode,window,all,single_lobe,5,5,0,1.0,12,5,7,3,4,0,0.4166666666666667,-3.0,-7.0,7.0
ml_today_elastic_net,top,all_a_ml_today_walk_forward_v1,capped_confirmation,index,cni2000,国证2000,region_or_episode,window,confirmation,all,15,3,12,0.2,18,3,15,13,2,0,0.16666666666666666,16.0,11.5,18.0
ml_today_elastic_net,top,all_a_ml_today_walk_forward_v1,capped_confirmation,index,cni2000,国证2000,region_or_episode,window,confirmation,multi_lobe,10,1,9,0.1,14,1,13,13,0,0,0.07142857142857142,16.0,16.0,16.0
ml_today_elastic_net,top,all_a_ml_today_walk_forward_v1,capped_confirmation,index,cni2000,国证2000,region_or_episode,window,confirmation,single_lobe,5,2,3,0.4,4,2,2,0,2,0,0.5,13.5,10.25,16.75
ml_today_elastic_net,top,all_a_ml_today_walk_forward_v1,capped_confirmation,index,cni2000,国证2000,region_or_episode,window,prediction,all,15,7,8,0.4666666666666667,19,7,12,8,4,0,0.3684210526315789,-5.0,-13.0,-3.5
ml_today_elastic_net,top,all_a_ml_today_walk_forward_v1,capped_confirmation,index,cni2000,国证2000,region_or_episode,window,prediction,multi_lobe,10,4,6,0.4,11,4,7,5,2,0,0.36363636363636365,-4.5,-8.5,-3.0
ml_today_elastic_net,top,all_a_ml_today_walk_forward_v1,capped_confirmation,index,cni2000,国证2000,region_or_episode,window,prediction,single_lobe,5,3,2,0.6,8,3,5,3,2,0,0.375,-7.0,-13.5,-5.0
ml_today_elastic_net,top,all_a_ml_today_walk_forward_v1,capped_confirmation,index,csi1000,中证1000,region_or_episode,loose,all,all,13,2,11,0.15384615384615385,37,2,35,24,6,0,0.05405405405405406,-1.5,-2.75,-0.25
ml_today_elastic_net,top,all_a_ml_today_walk_forward_v1,capped_confirmation,index,csi1000,中证1000,region_or_episode,loose,all,multi_lobe,8,2,6,0.25,22,2,20,17,2,0,0.09090909090909091,-1.5,-2.75,-0.25
ml_today_elastic_net,top,all_a_ml_today_walk_forward_v1,capped_confirmation,index,csi1000,中证1000,region_or_episode,loose,all,single_lobe,5,0,5,0.0,15,0,15,7,4,0,0.0,,,
ml_today_elastic_net,top,all_a_ml_today_walk_forward_v1,capped_confirmation,index,csi1000,中证1000,region_or_episode,loose,confirmation,all,13,1,12,0.07692307692307693,21,1,20,13,4,0,0.047619047619047616,1.0,1.0,1.0
ml_today_elastic_net,top,all_a_ml_today_walk_forward_v1,capped_confirmation,index,csi1000,中证1000,region_or_episode,loose,confirmation,multi_lobe,8,1,7,0.125,14,1,13,12,1,0,0.07142857142857142,1.0,1.0,1.0
ml_today_elastic_net,top,all_a_ml_today_walk_forward_v1,capped_confirmation,index,csi1000,中证1000,region_or_episode,loose,confirmation,single_lobe,5,0,5,0.0,7,0,7,1,3,0,0.0,,,
ml_today_elastic_net,top,all_a_ml_today_walk_forward_v1,capped_confirmation,index,csi1000,中证1000,region_or_episode,loose,prediction,all,13,1,12,0.07692307692307693,16,1,15,11,2,0,0.0625,-4.0,-4.0,-4.0
ml_today_elastic_net,top,all_a_ml_today_walk_forward_v1,capped_confirmation,index,csi1000,中证1000,region_or_episode,loose,prediction,multi_lobe,8,1,7,0.125,8,1,7,5,1,0,0.125,-4.0,-4.0,-4.0
ml_today_elastic_net,top,all_a_ml_today_walk_forward_v1,capped_confirmation,index,csi1000,中证1000,region_or_episode,loose,prediction,single_lobe,5,0,5,0.0,8,0,8,6,1,0,0.0,,,
ml_today_elastic_net,top,all_a_ml_today_walk_forward_v1,capped_confirmation,index,csi1000,中证1000,region_or_episode,strict,all,all,13,2,11,0.15384615384615385,37,2,35,24,6,0,0.05405405405405406,-1.5,-2.75,-0.25
ml_today_elastic_net,top,all_a_ml_today_walk_forward_v1,capped_confirmation,index,csi1000,中证1000,region_or_episode,strict,all,multi_lobe,8,2,6,0.25,22,2,20,17,2,0,0.09090909090909091,-1.5,-2.75,-0.25
ml_today_elastic_net,top,all_a_ml_today_walk_forward_v1,capped_confirmation,index,csi1000,中证1000,region_or_episode,strict,all,single_lobe,5,0,5,0.0,15,0,15,7,4,0,0.0,,,
ml_today_elastic_net,top,all_a_ml_today_walk_forward_v1,capped_confirmation,index,csi1000,中证1000,region_or_episode,strict,confirmation,all,13,1,12,0.07692307692307693,21,1,20,13,4,0,0.047619047619047616,1.0,1.0,1.0
ml_today_elastic_net,top,all_a_ml_today_walk_forward_v1,capped_confirmation,index,csi1000,中证1000,region_or_episode,strict,confirmation,multi_lobe,8,1,7,0.125,14,1,13,12,1,0,0.07142857142857142,1.0,1.0,1.0
ml_today_elastic_net,top,all_a_ml_today_walk_forward_v1,capped_confirmation,index,csi1000,中证1000,region_or_episode,strict,confirmation,single_lobe,5,0,5,0.0,7,0,7,1,3,0,0.0,,,
ml_today_elastic_net,top,all_a_ml_today_walk_forward_v1,capped_confirmation,index,csi1000,中证1000,region_or_episode,strict,prediction,all,13,1,12,0.07692307692307693,16,1,15,11,2,0,0.0625,-4.0,-4.0,-4.0
ml_today_elastic_net,top,all_a_ml_today_walk_forward_v1,capped_confirmation,index,csi1000,中证1000,region_or_episode,strict,prediction,multi_lobe,8,1,7,0.125,8,1,7,5,1,0,0.125,-4.0,-4.0,-4.0
ml_today_elastic_net,top,all_a_ml_today_walk_forward_v1,capped_confirmation,index,csi1000,中证1000,region_or_episode,strict,prediction,single_lobe,5,0,5,0.0,8,0,8,6,1,0,0.0,,,
ml_today_elastic_net,top,all_a_ml_today_walk_forward_v1,capped_confirmation,index,csi1000,中证1000,region_or_episode,window,all,all,13,7,6,0.5384615384615384,37,7,30,24,6,0,0.1891891891891892,1.0,-3.5,7.0
ml_today_elastic_net,top,all_a_ml_today_walk_forward_v1,capped_confirmation,index,csi1000,中证1000,region_or_episode,window,all,multi_lobe,8,3,5,0.375,22,3,19,17,2,0,0.13636363636363635,-4.0,-11.5,-1.5
ml_today_elastic_net,top,all_a_ml_today_walk_forward_v1,capped_confirmation,index,csi1000,中证1000,region_or_episode,window,all,single_lobe,5,4,1,0.8,15,4,11,7,4,0,0.26666666666666666,7.0,4.5,10.25
ml_today_elastic_net,top,all_a_ml_today_walk_forward_v1,capped_confirmation,index,csi1000,中证1000,region_or_episode,window,confirmation,all,13,4,9,0.3076923076923077,21,4,17,13,4,0,0.19047619047619047,7.0,5.5,10.25
ml_today_elastic_net,top,all_a_ml_today_walk_forward_v1,capped_confirmation,index,csi1000,中证1000,region_or_episode,window,confirmation,multi_lobe,8,1,7,0.125,14,1,13,12,1,0,0.07142857142857142,1.0,1.0,1.0
ml_today_elastic_net,top,all_a_ml_today_walk_forward_v1,capped_confirmation,index,csi1000,中证1000,region_or_episode,window,confirmation,single_lobe,5,3,2,0.6,7,3,4,1,3,0,0.42857142857142855,7.0,7.0,13.5
ml_today_elastic_net,top,all_a_ml_today_walk_forward_v1,capped_confirmation,index,csi1000,中证1000,region_or_episode,window,prediction,all,13,3,10,0.23076923076923078,16,3,13,11,2,0,0.1875,-4.0,-11.5,-3.5
ml_today_elastic_net,top,all_a_ml_today_walk_forward_v1,capped_confirmation,index,csi1000,中证1000,region_or_episode,window,prediction,multi_lobe,8,2,6,0.25,8,2,6,5,1,0,0.25,-11.5,-15.25,-7.75
ml_today_elastic_net,top,all_a_ml_today_walk_forward_v1,capped_confirmation,index,csi1000,中证1000,region_or_episode,window,prediction,single_lobe,5,1,4,0.2,8,1,7,6,1,0,0.125,-3.0,-3.0,-3.0
ml_today_elastic_net,top,all_a_ml_today_walk_forward_v1,capped_confirmation,index,csi300,沪深300,region_or_episode,loose,all,all,15,5,10,0.3333333333333333,37,5,32,18,10,0,0.13513513513513514,0.0,-1.0,1.0
ml_today_elastic_net,top,all_a_ml_today_walk_forward_v1,capped_confirmation,index,csi300,沪深300,region_or_episode,loose,all,multi_lobe,7,3,4,0.42857142857142855,19,3,16,10,5,0,0.15789473684210525,-1.0,-6.0,0.0
ml_today_elastic_net,top,all_a_ml_today_walk_forward_v1,capped_confirmation,index,csi300,沪深300,region_or_episode,loose,all,single_lobe,8,2,6,0.25,18,2,16,8,5,0,0.1111111111111111,0.5,0.25,0.75
ml_today_elastic_net,top,all_a_ml_today_walk_forward_v1,capped_confirmation,index,csi300,沪深300,region_or_episode,loose,confirmation,all,15,2,13,0.13333333333333333,17,2,15,6,8,0,0.11764705882352941,1.0,1.0,1.0
ml_today_elastic_net,top,all_a_ml_today_walk_forward_v1,capped_confirmation,index,csi300,沪深300,region_or_episode,loose,confirmation,multi_lobe,7,1,6,0.14285714285714285,6,1,5,1,4,0,0.16666666666666666,1.0,1.0,1.0
ml_today_elastic_net,top,all_a_ml_today_walk_forward_v1,capped_confirmation,index,csi300,沪深300,region_or_episode,loose,confirmation,single_lobe,8,1,7,0.125,11,1,10,5,4,0,0.09090909090909091,1.0,1.0,1.0
ml_today_elastic_net,top,all_a_ml_today_walk_forward_v1,capped_confirmation,index,csi300,沪深300,region_or_episode,loose,prediction,all,15,3,12,0.2,20,3,17,12,2,0,0.15,-1.0,-6.0,-0.5
ml_today_elastic_net,top,all_a_ml_today_walk_forward_v1,capped_confirmation,index,csi300,沪深300,region_or_episode,loose,prediction,multi_lobe,7,2,5,0.2857142857142857,13,2,11,9,1,0,0.15384615384615385,-6.0,-8.5,-3.5
ml_today_elastic_net,top,all_a_ml_today_walk_forward_v1,capped_confirmation,index,csi300,沪深300,region_or_episode,loose,prediction,single_lobe,8,1,7,0.125,7,1,6,3,1,0,0.14285714285714285,0.0,0.0,0.0
ml_today_elastic_net,top,all_a_ml_today_walk_forward_v1,capped_confirmation,index,csi300,沪深300,region_or_episode,strict,all,all,15,4,11,0.26666666666666666,37,4,33,18,10,0,0.10810810810810811,0.5,-0.25,1.0
ml_today_elastic_net,top,all_a_ml_today_walk_forward_v1,capped_confirmation,index,csi300,沪深300,region_or_episode,strict,all,multi_lobe,7,2,5,0.2857142857142857,19,2,17,10,5,0,0.10526315789473684,0.0,-0.5,0.5
ml_today_elastic_net,top,all_a_ml_today_walk_forward_v1,capped_confirmation,index,csi300,沪深300,region_or_episode,strict,all,single_lobe,8,2,6,0.25,18,2,16,8,5,0,0.1111111111111111,0.5,0.25,0.75
ml_today_elastic_net,top,all_a_ml_today_walk_forward_v1,capped_confirmation,index,csi300,沪深300,region_or_episode,strict,confirmation,all,15,2,13,0.13333333333333333,17,2,15,6,8,0,0.11764705882352941,1.0,1.0,1.0
ml_today_elastic_net,top,all_a_ml_today_walk_forward_v1,capped_confirmation,index,csi300,沪深300,region_or_episode,strict,confirmation,multi_lobe,7,1,6,0.14285714285714285,6,1,5,1,4,0,0.16666666666666666,1.0,1.0,1.0
ml_today_elastic_net,top,all_a_ml_today_walk_forward_v1,capped_confirmation,index,csi300,沪深300,region_or_episode,strict,confirmation,single_lobe,8,1,7,0.125,11,1,10,5,4,0,0.09090909090909091,1.0,1.0,1.0
ml_today_elastic_net,top,all_a_ml_today_walk_forward_v1,capped_confirmation,index,csi300,沪深300,region_or_episode,strict,prediction,all,15,2,13,0.13333333333333333,20,2,18,12,2,0,0.1,-0.5,-0.75,-0.25
ml_today_elastic_net,top,all_a_ml_today_walk_forward_v1,capped_confirmation,index,csi300,沪深300,region_or_episode,strict,prediction,multi_lobe,7,1,6,0.14285714285714285,13,1,12,9,1,0,0.07692307692307693,-1.0,-1.0,-1.0
ml_today_elastic_net,top,all_a_ml_today_walk_forward_v1,capped_confirmation,index,csi300,沪深300,region_or_episode,strict,prediction,single_lobe,8,1,7,0.125,7,1,6,3,1,0,0.14285714285714285,0.0,0.0,0.0
ml_today_elastic_net,top,all_a_ml_today_walk_forward_v1,capped_confirmation,index,csi300,沪深300,region_or_episode,window,all,all,15,9,6,0.6,37,9,28,18,10,0,0.24324324324324326,-1.0,-3.0,1.0
ml_today_elastic_net,top,all_a_ml_today_walk_forward_v1,capped_confirmation,index,csi300,沪深300,region_or_episode,window,all,multi_lobe,7,4,3,0.5714285714285714,19,4,15,10,5,0,0.21052631578947367,-1.5,-4.25,-0.5
ml_today_elastic_net,top,all_a_ml_today_walk_forward_v1,capped_confirmation,index,csi300,沪深300,region_or_episode,window,all,single_lobe,8,5,3,0.625,18,5,13,8,5,0,0.2777777777777778,0.0,-3.0,1.0
ml_today_elastic_net,top,all_a_ml_today_walk_forward_v1,capped_confirmation,index,csi300,沪深300,region_or_episode,window,confirmation,all,15,3,12,0.2,17,3,14,6,8,0,0.17647058823529413,1.0,1.0,5.0
ml_today_elastic_net,top,all_a_ml_today_walk_forward_v1,capped_confirmation,index,csi300,沪深300,region_or_episode,window,confirmation,multi_lobe,7,1,6,0.14285714285714285,6,1,5,1,4,0,0.16666666666666666,1.0,1.0,1.0
ml_today_elastic_net,top,all_a_ml_today_walk_forward_v1,capped_confirmation,index,csi300,沪深300,region_or_episode,window,confirmation,single_lobe,8,2,6,0.25,11,2,9,5,4,0,0.18181818181818182,5.0,3.0,7.0
ml_today_elastic_net,top,all_a_ml_today_walk_forward_v1,capped_confirmation,index,csi300,沪深300,region_or_episode,window,prediction,all,15,6,9,0.4,20,6,14,12,2,0,0.3,-2.5,-9.0,-1.25
ml_today_elastic_net,top,all_a_ml_today_walk_forward_v1,capped_confirmation,index,csi300,沪深300,region_or_episode,window,prediction,multi_lobe,7,3,4,0.42857142857142855,13,3,10,9,1,0,0.23076923076923078,-2.0,-6.5,-1.5
ml_today_elastic_net,top,all_a_ml_today_walk_forward_v1,capped_confirmation,index,csi300,沪深300,region_or_episode,window,prediction,single_lobe,8,3,5,0.375,7,3,4,3,1,0,0.42857142857142855,-3.0,-11.5,-1.5
ml_today_elastic_net,top,all_a_ml_today_walk_forward_v1,capped_confirmation,index,csi500,中证500,region_or_episode,loose,all,all,15,2,13,0.13333333333333333,37,2,35,27,4,0,0.05405405405405406,-2.0,-3.5,-0.5
ml_today_elastic_net,top,all_a_ml_today_walk_forward_v1,capped_confirmation,index,csi500,中证500,region_or_episode,loose,all,multi_lobe,5,1,4,0.2,14,1,13,12,1,0,0.07142857142857142,1.0,1.0,1.0
ml_today_elastic_net,top,all_a_ml_today_walk_forward_v1,capped_confirmation,index,csi500,中证500,region_or_episode,loose,all,single_lobe,10,1,9,0.1,23,1,22,15,3,0,0.043478260869565216,-5.0,-5.0,-5.0
ml_today_elastic_net,top,all_a_ml_today_walk_forward_v1,capped_confirmation,index,csi500,中证500,region_or_episode,loose,confirmation,all,15,1,14,0.06666666666666667,18,1,17,12,4,0,0.05555555555555555,1.0,1.0,1.0
ml_today_elastic_net,top,all_a_ml_today_walk_forward_v1,capped_confirmation,index,csi500,中证500,region_or_episode,loose,confirmation,multi_lobe,5,1,4,0.2,13,1,12,11,1,0,0.07692307692307693,1.0,1.0,1.0
ml_today_elastic_net,top,all_a_ml_today_walk_forward_v1,capped_confirmation,index,csi500,中证500,region_or_episode,loose,confirmation,single_lobe,10,0,10,0.0,5,0,5,1,3,0,0.0,,,
ml_today_elastic_net,top,all_a_ml_today_walk_forward_v1,capped_confirmation,index,csi500,中证500,region_or_episode,loose,prediction,all,15,1,14,0.06666666666666667,19,1,18,15,0,0,0.05263157894736842,-5.0,-5.0,-5.0
ml_today_elastic_net,top,all_a_ml_today_walk_forward_v1,capped_confirmation,index,csi500,中证500,region_or_episode,loose,prediction,multi_lobe,5,0,5,0.0,1,0,1,1,0,0,0.0,,,
ml_today_elastic_net,top,all_a_ml_today_walk_forward_v1,capped_confirmation,index,csi500,中证500,region_or_episode,loose,prediction,single_lobe,10,1,9,0.1,18,1,17,14,0,0,0.05555555555555555,-5.0,-5.0,-5.0
ml_today_elastic_net,top,all_a_ml_today_walk_forward_v1,capped_confirmation,index,csi500,中证500,region_or_episode,strict,all,all,15,2,13,0.13333333333333333,37,2,35,27,4,0,0.05405405405405406,-2.0,-3.5,-0.5
ml_today_elastic_net,top,all_a_ml_today_walk_forward_v1,capped_confirmation,index,csi500,中证500,region_or_episode,strict,all,multi_lobe,5,1,4,0.2,14,1,13,12,1,0,0.07142857142857142,1.0,1.0,1.0
ml_today_elastic_net,top,all_a_ml_today_walk_forward_v1,capped_confirmation,index,csi500,中证500,region_or_episode,strict,all,single_lobe,10,1,9,0.1,23,1,22,15,3,0,0.043478260869565216,-5.0,-5.0,-5.0
ml_today_elastic_net,top,all_a_ml_today_walk_forward_v1,capped_confirmation,index,csi500,中证500,region_or_episode,strict,confirmation,all,15,1,14,0.06666666666666667,18,1,17,12,4,0,0.05555555555555555,1.0,1.0,1.0
ml_today_elastic_net,top,all_a_ml_today_walk_forward_v1,capped_confirmation,index,csi500,中证500,region_or_episode,strict,confirmation,multi_lobe,5,1,4,0.2,13,1,12,11,1,0,0.07692307692307693,1.0,1.0,1.0
ml_today_elastic_net,top,all_a_ml_today_walk_forward_v1,capped_confirmation,index,csi500,中证500,region_or_episode,strict,confirmation,single_lobe,10,0,10,0.0,5,0,5,1,3,0,0.0,,,
ml_today_elastic_net,top,all_a_ml_today_walk_forward_v1,capped_confirmation,index,csi500,中证500,region_or_episode,strict,prediction,all,15,1,14,0.06666666666666667,19,1,18,15,0,0,0.05263157894736842,-5.0,-5.0,-5.0
ml_today_elastic_net,top,all_a_ml_today_walk_forward_v1,capped_confirmation,index,csi500,中证500,region_or_episode,strict,prediction,multi_lobe,5,0,5,0.0,1,0,1,1,0,0,0.0,,,
ml_today_elastic_net,top,all_a_ml_today_walk_forward_v1,capped_confirmation,index,csi500,中证500,region_or_episode,strict,prediction,single_lobe,10,1,9,0.1,18,1,17,14,0,0,0.05555555555555555,-5.0,-5.0,-5.0
ml_today_elastic_net,top,all_a_ml_today_walk_forward_v1,capped_confirmation,index,csi500,中证500,region_or_episode,window,all,all,15,6,9,0.4,37,6,31,27,4,0,0.16216216216216217,-3.5,-4.75,0.0
ml_today_elastic_net,top,all_a_ml_today_walk_forward_v1,capped_confirmation,index,csi500,中证500,region_or_episode,window,all,multi_lobe,5,1,4,0.2,14,1,13,12,1,0,0.07142857142857142,1.0,1.0,1.0
ml_today_elastic_net,top,all_a_ml_today_walk_forward_v1,capped_confirmation,index,csi500,中证500,region_or_episode,window,all,single_lobe,10,5,5,0.5,23,5,18,15,3,0,0.21739130434782608,-4.0,-5.0,-3.0
ml_today_elastic_net,top,all_a_ml_today_walk_forward_v1,capped_confirmation,index,csi500,中证500,region_or_episode,window,confirmation,all,15,2,13,0.13333333333333333,18,2,16,12,4,0,0.1111111111111111,4.0,2.5,5.5
ml_today_elastic_net,top,all_a_ml_today_walk_forward_v1,capped_confirmation,index,csi500,中证500,region_or_episode,window,confirmation,multi_lobe,5,1,4,0.2,13,1,12,11,1,0,0.07692307692307693,1.0,1.0,1.0
ml_today_elastic_net,top,all_a_ml_today_walk_forward_v1,capped_confirmation,index,csi500,中证500,region_or_episode,window,confirmation,single_lobe,10,1,9,0.1,5,1,4,1,3,0,0.2,7.0,7.0,7.0
ml_today_elastic_net,top,all_a_ml_today_walk_forward_v1,capped_confirmation,index,csi500,中证500,region_or_episode,window,prediction,all,15,4,11,0.26666666666666666,19,4,15,15,0,0,0.21052631578947367,-4.5,-8.75,-3.75
ml_today_elastic_net,top,all_a_ml_today_walk_forward_v1,capped_confirmation,index,csi500,中证500,region_or_episode,window,prediction,multi_lobe,5,0,5,0.0,1,0,1,1,0,0,0.0,,,
ml_today_elastic_net,top,all_a_ml_today_walk_forward_v1,capped_confirmation,index,csi500,中证500,region_or_episode,window,prediction,single_lobe,10,4,6,0.4,18,4,14,14,0,0,0.2222222222222222,-4.5,-8.75,-3.75
ml_today_elastic_net,top,all_a_ml_today_walk_forward_v1,capped_confirmation,index,microcap,微盘股,region_or_episode,loose,all,all,15,3,12,0.2,37,3,34,21,6,0,0.08108108108108109,-1.0,-7.5,-0.5
ml_today_elastic_net,top,all_a_ml_today_walk_forward_v1,capped_confirmation,index,microcap,微盘股,region_or_episode,loose,all,multi_lobe,9,2,7,0.2222222222222222,21,2,19,10,4,0,0.09523809523809523,-7.5,-10.75,-4.25
ml_today_elastic_net,top,all_a_ml_today_walk_forward_v1,capped_confirmation,index,microcap,微盘股,region_or_episode,loose,all,single_lobe,6,1,5,0.16666666666666666,16,1,15,11,2,0,0.0625,0.0,0.0,0.0
ml_today_elastic_net,top,all_a_ml_today_walk_forward_v1,capped_confirmation,index,microcap,微盘股,region_or_episode,loose,confirmation,all,15,0,15,0.0,18,0,18,13,4,0,0.0,,,
ml_today_elastic_net,top,all_a_ml_today_walk_forward_v1,capped_confirmation,index,microcap,微盘股,region_or_episode,loose,confirmation,multi_lobe,9,0,9,0.0,8,0,8,5,2,0,0.0,,,
ml_today_elastic_net,top,all_a_ml_today_walk_forward_v1,capped_confirmation,index,microcap,微盘股,region_or_episode,loose,confirmation,single_lobe,6,0,6,0.0,10,0,10,8,2,0,0.0,,,
ml_today_elastic_net,top,all_a_ml_today_walk_forward_v1,capped_confirmation,index,microcap,微盘股,region_or_episode,loose,prediction,all,15,3,12,0.2,19,3,16,8,2,0,0.15789473684210525,-1.0,-7.5,-0.5
ml_today_elastic_net,top,all_a_ml_today_walk_forward_v1,capped_confirmation,index,microcap,微盘股,region_or_episode,loose,prediction,multi_lobe,9,2,7,0.2222222222222222,13,2,11,5,2,0,0.15384615384615385,-7.5,-10.75,-4.25
ml_today_elastic_net,top,all_a_ml_today_walk_forward_v1,capped_confirmation,index,microcap,微盘股,region_or_episode,loose,prediction,single_lobe,6,1,5,0.16666666666666666,6,1,5,3,0,0,0.16666666666666666,0.0,0.0,0.0
ml_today_elastic_net,top,all_a_ml_today_walk_forward_v1,capped_confirmation,index,microcap,微盘股,region_or_episode,strict,all,all,15,2,13,0.13333333333333333,37,2,35,21,6,0,0.05405405405405406,-0.5,-0.75,-0.25
ml_today_elastic_net,top,all_a_ml_today_walk_forward_v1,capped_confirmation,index,microcap,微盘股,region_or_episode,strict,all,multi_lobe,9,1,8,0.1111111111111111,21,1,20,10,4,0,0.047619047619047616,-1.0,-1.0,-1.0
ml_today_elastic_net,top,all_a_ml_today_walk_forward_v1,capped_confirmation,index,microcap,微盘股,region_or_episode,strict,all,single_lobe,6,1,5,0.16666666666666666,16,1,15,11,2,0,0.0625,0.0,0.0,0.0
ml_today_elastic_net,top,all_a_ml_today_walk_forward_v1,capped_confirmation,index,microcap,微盘股,region_or_episode,strict,confirmation,all,15,0,15,0.0,18,0,18,13,4,0,0.0,,,
ml_today_elastic_net,top,all_a_ml_today_walk_forward_v1,capped_confirmation,index,microcap,微盘股,region_or_episode,strict,confirmation,multi_lobe,9,0,9,0.0,8,0,8,5,2,0,0.0,,,
ml_today_elastic_net,top,all_a_ml_today_walk_forward_v1,capped_confirmation,index,microcap,微盘股,region_or_episode,strict,confirmation,single_lobe,6,0,6,0.0,10,0,10,8,2,0,0.0,,,
ml_today_elastic_net,top,all_a_ml_today_walk_forward_v1,capped_confirmation,index,microcap,微盘股,region_or_episode,strict,prediction,all,15,2,13,0.13333333333333333,19,2,17,8,2,0,0.10526315789473684,-0.5,-0.75,-0.25
ml_today_elastic_net,top,all_a_ml_today_walk_forward_v1,capped_confirmation,index,microcap,微盘股,region_or_episode,strict,prediction,multi_lobe,9,1,8,0.1111111111111111,13,1,12,5,2,0,0.07692307692307693,-1.0,-1.0,-1.0
ml_today_elastic_net,top,all_a_ml_today_walk_forward_v1,capped_confirmation,index,microcap,微盘股,region_or_episode,strict,prediction,single_lobe,6,1,5,0.16666666666666666,6,1,5,3,0,0,0.16666666666666666,0.0,0.0,0.0
ml_today_elastic_net,top,all_a_ml_today_walk_forward_v1,capped_confirmation,index,microcap,微盘股,region_or_episode,window,all,all,15,10,5,0.6666666666666666,37,10,27,21,6,0,0.2702702702702703,-9.0,-14.0,-1.5
ml_today_elastic_net,top,all_a_ml_today_walk_forward_v1,capped_confirmation,index,microcap,微盘股,region_or_episode,window,all,multi_lobe,9,7,2,0.7777777777777778,21,7,14,10,4,0,0.3333333333333333,-11.0,-14.0,-4.0
ml_today_elastic_net,top,all_a_ml_today_walk_forward_v1,capped_confirmation,index,microcap,微盘股,region_or_episode,window,all,single_lobe,6,3,3,0.5,16,3,13,11,2,0,0.1875,-3.0,-11.5,-1.5
ml_today_elastic_net,top,all_a_ml_today_walk_forward_v1,capped_confirmation,index,microcap,微盘股,region_or_episode,window,confirmation,all,15,1,14,0.06666666666666667,18,1,17,13,4,0,0.05555555555555555,20.0,20.0,20.0
ml_today_elastic_net,top,all_a_ml_today_walk_forward_v1,capped_confirmation,index,microcap,微盘股,region_or_episode,window,confirmation,multi_lobe,9,1,8,0.1111111111111111,8,1,7,5,2,0,0.125,20.0,20.0,20.0
ml_today_elastic_net,top,all_a_ml_today_walk_forward_v1,capped_confirmation,index,microcap,微盘股,region_or_episode,window,confirmation,single_lobe,6,0,6,0.0,10,0,10,8,2,0,0.0,,,
ml_today_elastic_net,top,all_a_ml_today_walk_forward_v1,capped_confirmation,index,microcap,微盘股,region_or_episode,window,prediction,all,15,9,6,0.6,19,9,10,8,2,0,0.47368421052631576,-11.0,-14.0,-3.0
ml_today_elastic_net,top,all_a_ml_today_walk_forward_v1,capped_confirmation,index,microcap,微盘股,region_or_episode,window,prediction,multi_lobe,9,6,3,0.6666666666666666,13,6,7,5,2,0,0.46153846153846156,-12.5,-14.0,-8.0
ml_today_elastic_net,top,all_a_ml_today_walk_forward_v1,capped_confirmation,index,microcap,微盘股,region_or_episode,window,prediction,single_lobe,6,3,3,0.5,6,3,3,3,0,0,0.5,-3.0,-11.5,-1.5
ml_today_elastic_net,top,all_a_ml_today_walk_forward_v1,capped_confirmation,index,sse_composite,上证指数,region_or_episode,loose,all,all,18,4,14,0.2222222222222222,37,4,33,22,6,0,0.10810810810810811,0.5,-1.0,2.0
ml_today_elastic_net,top,all_a_ml_today_walk_forward_v1,capped_confirmation,index,sse_composite,上证指数,region_or_episode,loose,all,multi_lobe,11,3,8,0.2727272727272727,25,3,22,17,4,0,0.12,1.0,0.5,3.0
ml_today_elastic_net,top,all_a_ml_today_walk_forward_v1,capped_confirmation,index,sse_composite,上证指数,region_or_episode,loose,all,single_lobe,7,1,6,0.14285714285714285,12,1,11,5,2,0,0.08333333333333333,-4.0,-4.0,-4.0
ml_today_elastic_net,top,all_a_ml_today_walk_forward_v1,capped_confirmation,index,sse_composite,上证指数,region_or_episode,loose,confirmation,all,18,2,16,0.1111111111111111,16,2,14,10,3,0,0.125,3.0,2.0,4.0
ml_today_elastic_net,top,all_a_ml_today_walk_forward_v1,capped_confirmation,index,sse_composite,上证指数,region_or_episode,loose,confirmation,multi_lobe,11,2,9,0.18181818181818182,12,2,10,9,1,0,0.16666666666666666,3.0,2.0,4.0
ml_today_elastic_net,top,all_a_ml_today_walk_forward_v1,capped_confirmation,index,sse_composite,上证指数,region_or_episode,loose,confirmation,single_lobe,7,0,7,0.0,4,0,4,1,2,0,0.0,,,
ml_today_elastic_net,top,all_a_ml_today_walk_forward_v1,capped_confirmation,index,sse_composite,上证指数,region_or_episode,loose,prediction,all,18,2,16,0.1111111111111111,21,2,19,12,3,0,0.09523809523809523,-2.0,-3.0,-1.0
ml_today_elastic_net,top,all_a_ml_today_walk_forward_v1,capped_confirmation,index,sse_composite,上证指数,region_or_episode,loose,prediction,multi_lobe,11,1,10,0.09090909090909091,13,1,12,8,3,0,0.07692307692307693,0.0,0.0,0.0
ml_today_elastic_net,top,all_a_ml_today_walk_forward_v1,capped_confirmation,index,sse_composite,上证指数,region_or_episode,loose,prediction,single_lobe,7,1,6,0.14285714285714285,8,1,7,4,0,0,0.125,-4.0,-4.0,-4.0
ml_today_elastic_net,top,all_a_ml_today_walk_forward_v1,capped_confirmation,index,sse_composite,上证指数,region_or_episode,strict,all,all,18,4,14,0.2222222222222222,37,4,33,22,6,0,0.10810810810810811,0.5,-1.0,2.0
ml_today_elastic_net,top,all_a_ml_today_walk_forward_v1,capped_confirmation,index,sse_composite,上证指数,region_or_episode,strict,all,multi_lobe,11,3,8,0.2727272727272727,25,3,22,17,4,0,0.12,1.0,0.5,3.0
ml_today_elastic_net,top,all_a_ml_today_walk_forward_v1,capped_confirmation,index,sse_composite,上证指数,region_or_episode,strict,all,single_lobe,7,1,6,0.14285714285714285,12,1,11,5,2,0,0.08333333333333333,-4.0,-4.0,-4.0
ml_today_elastic_net,top,all_a_ml_today_walk_forward_v1,capped_confirmation,index,sse_composite,上证指数,region_or_episode,strict,confirmation,all,18,2,16,0.1111111111111111,16,2,14,10,3,0,0.125,3.0,2.0,4.0
ml_today_elastic_net,top,all_a_ml_today_walk_forward_v1,capped_confirmation,index,sse_composite,上证指数,region_or_episode,strict,confirmation,multi_lobe,11,2,9,0.18181818181818182,12,2,10,9,1,0,0.16666666666666666,3.0,2.0,4.0
ml_today_elastic_net,top,all_a_ml_today_walk_forward_v1,capped_confirmation,index,sse_composite,上证指数,region_or_episode,strict,confirmation,single_lobe,7,0,7,0.0,4,0,4,1,2,0,0.0,,,
ml_today_elastic_net,top,all_a_ml_today_walk_forward_v1,capped_confirmation,index,sse_composite,上证指数,region_or_episode,strict,prediction,all,18,2,16,0.1111111111111111,21,2,19,12,3,0,0.09523809523809523,-2.0,-3.0,-1.0
ml_today_elastic_net,top,all_a_ml_today_walk_forward_v1,capped_confirmation,index,sse_composite,上证指数,region_or_episode,strict,prediction,multi_lobe,11,1,10,0.09090909090909091,13,1,12,8,3,0,0.07692307692307693,0.0,0.0,0.0
ml_today_elastic_net,top,all_a_ml_today_walk_forward_v1,capped_confirmation,index,sse_composite,上证指数,region_or_episode,strict,prediction,single_lobe,7,1,6,0.14285714285714285,8,1,7,4,0,0,0.125,-4.0,-4.0,-4.0
ml_today_elastic_net,top,all_a_ml_today_walk_forward_v1,capped_confirmation,index,sse_composite,上证指数,region_or_episode,window,all,all,18,9,9,0.5,37,9,28,22,6,0,0.24324324324324326,-3.0,-5.0,1.0
ml_today_elastic_net,top,all_a_ml_today_walk_forward_v1,capped_confirmation,index,sse_composite,上证指数,region_or_episode,window,all,multi_lobe,11,4,7,0.36363636363636365,25,4,21,17,4,0,0.16,0.5,-1.25,2.0
ml_today_elastic_net,top,all_a_ml_today_walk_forward_v1,capped_confirmation,index,sse_composite,上证指数,region_or_episode,window,all,single_lobe,7,5,2,0.7142857142857143,12,5,7,5,2,0,0.4166666666666667,-4.0,-11.0,-3.0
ml_today_elastic_net,top,all_a_ml_today_walk_forward_v1,capped_confirmation,index,sse_composite,上证指数,region_or_episode,window,confirmation,all,18,3,15,0.16666666666666666,16,3,13,10,3,0,0.1875,5.0,3.0,7.0
ml_today_elastic_net,top,all_a_ml_today_walk_forward_v1,capped_confirmation,index,sse_composite,上证指数,region_or_episode,window,confirmation,multi_lobe,11,2,9,0.18181818181818182,12,2,10,9,1,0,0.16666666666666666,3.0,2.0,4.0
ml_today_elastic_net,top,all_a_ml_today_walk_forward_v1,capped_confirmation,index,sse_composite,上证指数,region_or_episode,window,confirmation,single_lobe,7,1,6,0.14285714285714285,4,1,3,1,2,0,0.25,9.0,9.0,9.0
ml_today_elastic_net,top,all_a_ml_today_walk_forward_v1,capped_confirmation,index,sse_composite,上证指数,region_or_episode,window,prediction,all,18,6,12,0.3333333333333333,21,6,15,12,3,0,0.2857142857142857,-4.5,-9.5,-3.25
ml_today_elastic_net,top,all_a_ml_today_walk_forward_v1,capped_confirmation,index,sse_composite,上证指数,region_or_episode,window,prediction,multi_lobe,11,2,9,0.18181818181818182,13,2,11,8,3,0,0.15384615384615385,-2.5,-3.75,-1.25
ml_today_elastic_net,top,all_a_ml_today_walk_forward_v1,capped_confirmation,index,sse_composite,上证指数,region_or_episode,window,prediction,single_lobe,7,4,3,0.5714285714285714,8,4,4,4,0,0,0.5,-7.5,-13.25,-3.75
ml_today_elastic_net,top,all_a_ml_today_walk_forward_v1,onset,all_indices,__all__,全部指数（指数-事件对）,index_region_or_index_episode_pair,loose,all,all,105,21,84,0.2,259,21,238,163,43,0,0.08108108108108109,-1.0,-5.0,0.0
ml_today_elastic_net,top,all_a_ml_today_walk_forward_v1,onset,all_indices,__all__,全部指数（指数-事件对）,index_region_or_index_episode_pair,loose,all,multi_lobe,58,17,41,0.29310344827586204,151,17,134,103,20,0,0.11258278145695365,-1.0,-5.0,0.0
ml_today_elastic_net,top,all_a_ml_today_walk_forward_v1,onset,all_indices,__all__,全部指数（指数-事件对）,index_region_or_index_episode_pair,loose,all,single_lobe,47,4,43,0.0851063829787234,108,4,104,60,23,0,0.037037037037037035,-3.5,-7.5,-0.75
ml_today_elastic_net,top,all_a_ml_today_walk_forward_v1,onset,all_indices,__all__,全部指数（指数-事件对）,index_region_or_index_episode_pair,loose,confirmation,all,105,1,104,0.009523809523809525,122,1,121,82,28,0,0.00819672131147541,2.0,2.0,2.0
ml_today_elastic_net,top,all_a_ml_today_walk_forward_v1,onset,all_indices,__all__,全部指数（指数-事件对）,index_region_or_index_episode_pair,loose,confirmation,multi_lobe,58,1,57,0.017241379310344827,77,1,76,65,9,0,0.012987012987012988,2.0,2.0,2.0
ml_today_elastic_net,top,all_a_ml_today_walk_forward_v1,onset,all_indices,__all__,全部指数（指数-事件对）,index_region_or_index_episode_pair,loose,confirmation,single_lobe,47,0,47,0.0,45,0,45,17,19,0,0.0,,,
ml_today_elastic_net,top,all_a_ml_today_walk_forward_v1,onset,all_indices,__all__,全部指数（指数-事件对）,index_region_or_index_episode_pair,loose,prediction,all,105,20,85,0.19047619047619047,137,20,117,81,15,0,0.145985401459854,-1.5,-5.25,0.0
ml_today_elastic_net,top,all_a_ml_today_walk_forward_v1,onset,all_indices,__all__,全部指数（指数-事件对）,index_region_or_index_episode_pair,loose,prediction,multi_lobe,58,16,42,0.27586206896551724,74,16,58,38,11,0,0.21621621621621623,-1.5,-5.0,0.0
ml_today_elastic_net,top,all_a_ml_today_walk_forward_v1,onset,all_indices,__all__,全部指数（指数-事件对）,index_region_or_index_episode_pair,loose,prediction,single_lobe,47,4,43,0.0851063829787234,63,4,59,43,4,0,0.06349206349206349,-3.5,-7.5,-0.75
ml_today_elastic_net,top,all_a_ml_today_walk_forward_v1,onset,all_indices,__all__,全部指数（指数-事件对）,index_region_or_index_episode_pair,strict,all,all,105,19,86,0.18095238095238095,259,19,240,163,43,0,0.07335907335907337,-1.0,-5.0,0.0
ml_today_elastic_net,top,all_a_ml_today_walk_forward_v1,onset,all_indices,__all__,全部指数（指数-事件对）,index_region_or_index_episode_pair,strict,all,multi_lobe,58,15,43,0.25862068965517243,151,15,136,103,20,0,0.09933774834437085,-1.0,-5.0,0.0
ml_today_elastic_net,top,all_a_ml_today_walk_forward_v1,onset,all_indices,__all__,全部指数（指数-事件对）,index_region_or_index_episode_pair,strict,all,single_lobe,47,4,43,0.0851063829787234,108,4,104,60,23,0,0.037037037037037035,-3.5,-7.5,-0.75
ml_today_elastic_net,top,all_a_ml_today_walk_forward_v1,onset,all_indices,__all__,全部指数（指数-事件对）,index_region_or_index_episode_pair,strict,confirmation,all,105,1,104,0.009523809523809525,122,1,121,82,28,0,0.00819672131147541,2.0,2.0,2.0
ml_today_elastic_net,top,all_a_ml_today_walk_forward_v1,onset,all_indices,__all__,全部指数（指数-事件对）,index_region_or_index_episode_pair,strict,confirmation,multi_lobe,58,1,57,0.017241379310344827,77,1,76,65,9,0,0.012987012987012988,2.0,2.0,2.0
ml_today_elastic_net,top,all_a_ml_today_walk_forward_v1,onset,all_indices,__all__,全部指数（指数-事件对）,index_region_or_index_episode_pair,strict,confirmation,single_lobe,47,0,47,0.0,45,0,45,17,19,0,0.0,,,
ml_today_elastic_net,top,all_a_ml_today_walk_forward_v1,onset,all_indices,__all__,全部指数（指数-事件对）,index_region_or_index_episode_pair,strict,prediction,all,105,18,87,0.17142857142857143,137,18,119,81,15,0,0.13138686131386862,-1.0,-5.0,0.0
ml_today_elastic_net,top,all_a_ml_today_walk_forward_v1,onset,all_indices,__all__,全部指数（指数-事件对）,index_region_or_index_episode_pair,strict,prediction,multi_lobe,58,14,44,0.2413793103448276,74,14,60,38,11,0,0.1891891891891892,-1.0,-5.0,0.0
ml_today_elastic_net,top,all_a_ml_today_walk_forward_v1,onset,all_indices,__all__,全部指数（指数-事件对）,index_region_or_index_episode_pair,strict,prediction,single_lobe,47,4,43,0.0851063829787234,63,4,59,43,4,0,0.06349206349206349,-3.5,-7.5,-0.75
ml_today_elastic_net,top,all_a_ml_today_walk_forward_v1,onset,all_indices,__all__,全部指数（指数-事件对）,index_region_or_index_episode_pair,window,all,all,105,53,52,0.5047619047619047,259,53,206,163,43,0,0.20463320463320464,-4.0,-6.0,0.0
ml_today_elastic_net,top,all_a_ml_today_walk_forward_v1,onset,all_indices,__all__,全部指数（指数-事件对）,index_region_or_index_episode_pair,window,all,multi_lobe,58,28,30,0.4827586206896552,151,28,123,103,20,0,0.18543046357615894,-4.0,-12.0,0.0
ml_today_elastic_net,top,all_a_ml_today_walk_forward_v1,onset,all_indices,__all__,全部指数（指数-事件对）,index_region_or_index_episode_pair,window,all,single_lobe,47,25,22,0.5319148936170213,108,25,83,60,23,0,0.23148148148148148,-4.0,-4.0,6.0
ml_today_elastic_net,top,all_a_ml_today_walk_forward_v1,onset,all_indices,__all__,全部指数（指数-事件对）,index_region_or_index_episode_pair,window,confirmation,all,105,12,93,0.11428571428571428,122,12,110,82,28,0,0.09836065573770492,7.0,6.0,16.0
ml_today_elastic_net,top,all_a_ml_today_walk_forward_v1,onset,all_indices,__all__,全部指数（指数-事件对）,index_region_or_index_episode_pair,window,confirmation,multi_lobe,58,3,55,0.05172413793103448,77,3,74,65,9,0,0.03896103896103896,15.0,8.5,17.0
ml_today_elastic_net,top,all_a_ml_today_walk_forward_v1,onset,all_indices,__all__,全部指数（指数-事件对）,index_region_or_index_episode_pair,window,confirmation,single_lobe,47,9,38,0.19148936170212766,45,9,36,17,19,0,0.2,6.0,6.0,8.0
ml_today_elastic_net,top,all_a_ml_today_walk_forward_v1,onset,all_indices,__all__,全部指数（指数-事件对）,index_region_or_index_episode_pair,window,prediction,all,105,41,64,0.3904761904761905,137,41,96,81,15,0,0.29927007299270075,-4.0,-8.0,-1.0
ml_today_elastic_net,top,all_a_ml_today_walk_forward_v1,onset,all_indices,__all__,全部指数（指数-事件对）,index_region_or_index_episode_pair,window,prediction,multi_lobe,58,25,33,0.43103448275862066,74,25,49,38,11,0,0.33783783783783783,-5.0,-12.0,-1.0
ml_today_elastic_net,top,all_a_ml_today_walk_forward_v1,onset,all_indices,__all__,全部指数（指数-事件对）,index_region_or_index_episode_pair,window,prediction,single_lobe,47,16,31,0.3404255319148936,63,16,47,43,4,0,0.25396825396825395,-4.0,-5.25,-4.0
ml_today_elastic_net,top,all_a_ml_today_walk_forward_v1,onset,index,all_a,全A,region_or_episode,loose,all,all,14,5,9,0.35714285714285715,37,5,32,24,6,0,0.13513513513513514,-5.0,-12.0,-1.0
ml_today_elastic_net,top,all_a_ml_today_walk_forward_v1,onset,index,all_a,全A,region_or_episode,loose,all,multi_lobe,8,4,4,0.5,23,4,19,16,3,0,0.17391304347826086,-3.0,-8.75,-0.75
ml_today_elastic_net,top,all_a_ml_today_walk_forward_v1,onset,index,all_a,全A,region_or_episode,loose,all,single_lobe,6,1,5,0.16666666666666666,14,1,13,8,3,0,0.07142857142857142,-12.0,-12.0,-12.0
ml_today_elastic_net,top,all_a_ml_today_walk_forward_v1,onset,index,all_a,全A,region_or_episode,loose,confirmation,all,14,0,14,0.0,17,0,17,13,3,0,0.0,,,
ml_today_elastic_net,top,all_a_ml_today_walk_forward_v1,onset,index,all_a,全A,region_or_episode,loose,confirmation,multi_lobe,8,0,8,0.0,12,0,12,12,0,0,0.0,,,
ml_today_elastic_net,top,all_a_ml_today_walk_forward_v1,onset,index,all_a,全A,region_or_episode,loose,confirmation,single_lobe,6,0,6,0.0,5,0,5,1,3,0,0.0,,,
ml_today_elastic_net,top,all_a_ml_today_walk_forward_v1,onset,index,all_a,全A,region_or_episode,loose,prediction,all,14,5,9,0.35714285714285715,20,5,15,11,3,0,0.25,-5.0,-12.0,-1.0
ml_today_elastic_net,top,all_a_ml_today_walk_forward_v1,onset,index,all_a,全A,region_or_episode,loose,prediction,multi_lobe,8,4,4,0.5,11,4,7,4,3,0,0.36363636363636365,-3.0,-8.75,-0.75
ml_today_elastic_net,top,all_a_ml_today_walk_forward_v1,onset,index,all_a,全A,region_or_episode,loose,prediction,single_lobe,6,1,5,0.16666666666666666,9,1,8,7,0,0,0.1111111111111111,-12.0,-12.0,-12.0
ml_today_elastic_net,top,all_a_ml_today_walk_forward_v1,onset,index,all_a,全A,region_or_episode,strict,all,all,14,5,9,0.35714285714285715,37,5,32,24,6,0,0.13513513513513514,-5.0,-12.0,-1.0
ml_today_elastic_net,top,all_a_ml_today_walk_forward_v1,onset,index,all_a,全A,region_or_episode,strict,all,multi_lobe,8,4,4,0.5,23,4,19,16,3,0,0.17391304347826086,-3.0,-8.75,-0.75
ml_today_elastic_net,top,all_a_ml_today_walk_forward_v1,onset,index,all_a,全A,region_or_episode,strict,all,single_lobe,6,1,5,0.16666666666666666,14,1,13,8,3,0,0.07142857142857142,-12.0,-12.0,-12.0
ml_today_elastic_net,top,all_a_ml_today_walk_forward_v1,onset,index,all_a,全A,region_or_episode,strict,confirmation,all,14,0,14,0.0,17,0,17,13,3,0,0.0,,,
ml_today_elastic_net,top,all_a_ml_today_walk_forward_v1,onset,index,all_a,全A,region_or_episode,strict,confirmation,multi_lobe,8,0,8,0.0,12,0,12,12,0,0,0.0,,,
ml_today_elastic_net,top,all_a_ml_today_walk_forward_v1,onset,index,all_a,全A,region_or_episode,strict,confirmation,single_lobe,6,0,6,0.0,5,0,5,1,3,0,0.0,,,
ml_today_elastic_net,top,all_a_ml_today_walk_forward_v1,onset,index,all_a,全A,region_or_episode,strict,prediction,all,14,5,9,0.35714285714285715,20,5,15,11,3,0,0.25,-5.0,-12.0,-1.0
ml_today_elastic_net,top,all_a_ml_today_walk_forward_v1,onset,index,all_a,全A,region_or_episode,strict,prediction,multi_lobe,8,4,4,0.5,11,4,7,4,3,0,0.36363636363636365,-3.0,-8.75,-0.75
ml_today_elastic_net,top,all_a_ml_today_walk_forward_v1,onset,index,all_a,全A,region_or_episode,strict,prediction,single_lobe,6,1,5,0.16666666666666666,9,1,8,7,0,0,0.1111111111111111,-12.0,-12.0,-12.0
ml_today_elastic_net,top,all_a_ml_today_walk_forward_v1,onset,index,all_a,全A,region_or_episode,window,all,all,14,7,7,0.5,37,7,30,24,6,0,0.1891891891891892,-4.0,-8.5,-0.5
ml_today_elastic_net,top,all_a_ml_today_walk_forward_v1,onset,index,all_a,全A,region_or_episode,window,all,multi_lobe,8,4,4,0.5,23,4,19,16,3,0,0.17391304347826086,-3.0,-8.75,-0.75
ml_today_elastic_net,top,all_a_ml_today_walk_forward_v1,onset,index,all_a,全A,region_or_episode,window,all,single_lobe,6,3,3,0.5,14,3,11,8,3,0,0.21428571428571427,-4.0,-8.0,1.0
ml_today_elastic_net,top,all_a_ml_today_walk_forward_v1,onset,index,all_a,全A,region_or_episode,window,confirmation,all,14,1,13,0.07142857142857142,17,1,16,13,3,0,0.058823529411764705,6.0,6.0,6.0
ml_today_elastic_net,top,all_a_ml_today_walk_forward_v1,onset,index,all_a,全A,region_or_episode,window,confirmation,multi_lobe,8,0,8,0.0,12,0,12,12,0,0,0.0,,,
ml_today_elastic_net,top,all_a_ml_today_walk_forward_v1,onset,index,all_a,全A,region_or_episode,window,confirmation,single_lobe,6,1,5,0.16666666666666666,5,1,4,1,3,0,0.2,6.0,6.0,6.0
ml_today_elastic_net,top,all_a_ml_today_walk_forward_v1,onset,index,all_a,全A,region_or_episode,window,prediction,all,14,6,8,0.42857142857142855,20,6,14,11,3,0,0.3,-4.5,-10.25,-1.75
ml_today_elastic_net,top,all_a_ml_today_walk_forward_v1,onset,index,all_a,全A,region_or_episode,window,prediction,multi_lobe,8,4,4,0.5,11,4,7,4,3,0,0.36363636363636365,-3.0,-8.75,-0.75
ml_today_elastic_net,top,all_a_ml_today_walk_forward_v1,onset,index,all_a,全A,region_or_episode,window,prediction,single_lobe,6,2,4,0.3333333333333333,9,2,7,7,0,0,0.2222222222222222,-8.0,-10.0,-6.0
ml_today_elastic_net,top,all_a_ml_today_walk_forward_v1,onset,index,cni2000,国证2000,region_or_episode,loose,all,all,15,2,13,0.13333333333333333,37,2,35,22,6,0,0.05405405405405406,-3.0,-4.0,-2.0
ml_today_elastic_net,top,all_a_ml_today_walk_forward_v1,onset,index,cni2000,国证2000,region_or_episode,loose,all,multi_lobe,10,2,8,0.2,26,2,24,19,2,0,0.07692307692307693,-3.0,-4.0,-2.0
ml_today_elastic_net,top,all_a_ml_today_walk_forward_v1,onset,index,cni2000,国证2000,region_or_episode,loose,all,single_lobe,5,0,5,0.0,11,0,11,3,4,0,0.0,,,
ml_today_elastic_net,top,all_a_ml_today_walk_forward_v1,onset,index,cni2000,国证2000,region_or_episode,loose,confirmation,all,15,0,15,0.0,19,0,19,14,2,0,0.0,,,
ml_today_elastic_net,top,all_a_ml_today_walk_forward_v1,onset,index,cni2000,国证2000,region_or_episode,loose,confirmation,multi_lobe,10,0,10,0.0,15,0,15,14,0,0,0.0,,,
ml_today_elastic_net,top,all_a_ml_today_walk_forward_v1,onset,index,cni2000,国证2000,region_or_episode,loose,confirmation,single_lobe,5,0,5,0.0,4,0,4,0,2,0,0.0,,,
ml_today_elastic_net,top,all_a_ml_today_walk_forward_v1,onset,index,cni2000,国证2000,region_or_episode,loose,prediction,all,15,2,13,0.13333333333333333,18,2,16,8,4,0,0.1111111111111111,-3.0,-4.0,-2.0
ml_today_elastic_net,top,all_a_ml_today_walk_forward_v1,onset,index,cni2000,国证2000,region_or_episode,loose,prediction,multi_lobe,10,2,8,0.2,11,2,9,5,2,0,0.18181818181818182,-3.0,-4.0,-2.0
ml_today_elastic_net,top,all_a_ml_today_walk_forward_v1,onset,index,cni2000,国证2000,region_or_episode,loose,prediction,single_lobe,5,0,5,0.0,7,0,7,3,2,0,0.0,,,
ml_today_elastic_net,top,all_a_ml_today_walk_forward_v1,onset,index,cni2000,国证2000,region_or_episode,strict,all,all,15,2,13,0.13333333333333333,37,2,35,22,6,0,0.05405405405405406,-3.0,-4.0,-2.0
ml_today_elastic_net,top,all_a_ml_today_walk_forward_v1,onset,index,cni2000,国证2000,region_or_episode,strict,all,multi_lobe,10,2,8,0.2,26,2,24,19,2,0,0.07692307692307693,-3.0,-4.0,-2.0
ml_today_elastic_net,top,all_a_ml_today_walk_forward_v1,onset,index,cni2000,国证2000,region_or_episode,strict,all,single_lobe,5,0,5,0.0,11,0,11,3,4,0,0.0,,,
ml_today_elastic_net,top,all_a_ml_today_walk_forward_v1,onset,index,cni2000,国证2000,region_or_episode,strict,confirmation,all,15,0,15,0.0,19,0,19,14,2,0,0.0,,,
ml_today_elastic_net,top,all_a_ml_today_walk_forward_v1,onset,index,cni2000,国证2000,region_or_episode,strict,confirmation,multi_lobe,10,0,10,0.0,15,0,15,14,0,0,0.0,,,
ml_today_elastic_net,top,all_a_ml_today_walk_forward_v1,onset,index,cni2000,国证2000,region_or_episode,strict,confirmation,single_lobe,5,0,5,0.0,4,0,4,0,2,0,0.0,,,
ml_today_elastic_net,top,all_a_ml_today_walk_forward_v1,onset,index,cni2000,国证2000,region_or_episode,strict,prediction,all,15,2,13,0.13333333333333333,18,2,16,8,4,0,0.1111111111111111,-3.0,-4.0,-2.0
ml_today_elastic_net,top,all_a_ml_today_walk_forward_v1,onset,index,cni2000,国证2000,region_or_episode,strict,prediction,multi_lobe,10,2,8,0.2,11,2,9,5,2,0,0.18181818181818182,-3.0,-4.0,-2.0
ml_today_elastic_net,top,all_a_ml_today_walk_forward_v1,onset,index,cni2000,国证2000,region_or_episode,strict,prediction,single_lobe,5,0,5,0.0,7,0,7,3,2,0,0.0,,,
ml_today_elastic_net,top,all_a_ml_today_walk_forward_v1,onset,index,cni2000,国证2000,region_or_episode,window,all,all,15,9,6,0.6,37,9,28,22,6,0,0.24324324324324326,-4.0,-6.0,6.0
ml_today_elastic_net,top,all_a_ml_today_walk_forward_v1,onset,index,cni2000,国证2000,region_or_episode,window,all,multi_lobe,10,5,5,0.5,26,5,21,19,2,0,0.19230769230769232,-5.0,-6.0,-1.0
ml_today_elastic_net,top,all_a_ml_today_walk_forward_v1,onset,index,cni2000,国证2000,region_or_episode,window,all,single_lobe,5,4,1,0.8,11,4,7,3,4,0,0.36363636363636365,1.0,-5.0,9.25
ml_today_elastic_net,top,all_a_ml_today_walk_forward_v1,onset,index,cni2000,国证2000,region_or_episode,window,confirmation,all,15,3,12,0.2,19,3,16,14,2,0,0.15789473684210525,15.0,10.5,17.0
ml_today_elastic_net,top,all_a_ml_today_walk_forward_v1,onset,index,cni2000,国证2000,region_or_episode,window,confirmation,multi_lobe,10,1,9,0.1,15,1,14,14,0,0,0.06666666666666667,15.0,15.0,15.0
ml_today_elastic_net,top,all_a_ml_today_walk_forward_v1,onset,index,cni2000,国证2000,region_or_episode,window,confirmation,single_lobe,5,2,3,0.4,4,2,2,0,2,0,0.5,12.5,9.25,15.75
ml_today_elastic_net,top,all_a_ml_today_walk_forward_v1,onset,index,cni2000,国证2000,region_or_episode,window,prediction,all,15,6,9,0.4,18,6,12,8,4,0,0.3333333333333333,-5.5,-7.5,-4.25
ml_today_elastic_net,top,all_a_ml_today_walk_forward_v1,onset,index,cni2000,国证2000,region_or_episode,window,prediction,multi_lobe,10,4,6,0.4,11,4,7,5,2,0,0.36363636363636365,-5.5,-9.5,-4.0
ml_today_elastic_net,top,all_a_ml_today_walk_forward_v1,onset,index,cni2000,国证2000,region_or_episode,window,prediction,single_lobe,5,2,3,0.4,7,2,5,3,2,0,0.2857142857142857,-6.0,-7.0,-5.0
ml_today_elastic_net,top,all_a_ml_today_walk_forward_v1,onset,index,csi1000,中证1000,region_or_episode,loose,all,all,13,2,11,0.15384615384615385,37,2,35,24,6,0,0.05405405405405406,-2.5,-3.75,-1.25
ml_today_elastic_net,top,all_a_ml_today_walk_forward_v1,onset,index,csi1000,中证1000,region_or_episode,loose,all,multi_lobe,8,2,6,0.25,22,2,20,17,2,0,0.09090909090909091,-2.5,-3.75,-1.25
ml_today_elastic_net,top,all_a_ml_today_walk_forward_v1,onset,index,csi1000,中证1000,region_or_episode,loose,all,single_lobe,5,0,5,0.0,15,0,15,7,4,0,0.0,,,
ml_today_elastic_net,top,all_a_ml_today_walk_forward_v1,onset,index,csi1000,中证1000,region_or_episode,loose,confirmation,all,13,0,13,0.0,20,0,20,13,4,0,0.0,,,
ml_today_elastic_net,top,all_a_ml_today_walk_forward_v1,onset,index,csi1000,中证1000,region_or_episode,loose,confirmation,multi_lobe,8,0,8,0.0,13,0,13,12,1,0,0.0,,,
ml_today_elastic_net,top,all_a_ml_today_walk_forward_v1,onset,index,csi1000,中证1000,region_or_episode,loose,confirmation,single_lobe,5,0,5,0.0,7,0,7,1,3,0,0.0,,,
ml_today_elastic_net,top,all_a_ml_today_walk_forward_v1,onset,index,csi1000,中证1000,region_or_episode,loose,prediction,all,13,2,11,0.15384615384615385,17,2,15,11,2,0,0.11764705882352941,-2.5,-3.75,-1.25
ml_today_elastic_net,top,all_a_ml_today_walk_forward_v1,onset,index,csi1000,中证1000,region_or_episode,loose,prediction,multi_lobe,8,2,6,0.25,9,2,7,5,1,0,0.2222222222222222,-2.5,-3.75,-1.25
ml_today_elastic_net,top,all_a_ml_today_walk_forward_v1,onset,index,csi1000,中证1000,region_or_episode,loose,prediction,single_lobe,5,0,5,0.0,8,0,8,6,1,0,0.0,,,
ml_today_elastic_net,top,all_a_ml_today_walk_forward_v1,onset,index,csi1000,中证1000,region_or_episode,strict,all,all,13,2,11,0.15384615384615385,37,2,35,24,6,0,0.05405405405405406,-2.5,-3.75,-1.25
ml_today_elastic_net,top,all_a_ml_today_walk_forward_v1,onset,index,csi1000,中证1000,region_or_episode,strict,all,multi_lobe,8,2,6,0.25,22,2,20,17,2,0,0.09090909090909091,-2.5,-3.75,-1.25
ml_today_elastic_net,top,all_a_ml_today_walk_forward_v1,onset,index,csi1000,中证1000,region_or_episode,strict,all,single_lobe,5,0,5,0.0,15,0,15,7,4,0,0.0,,,
ml_today_elastic_net,top,all_a_ml_today_walk_forward_v1,onset,index,csi1000,中证1000,region_or_episode,strict,confirmation,all,13,0,13,0.0,20,0,20,13,4,0,0.0,,,
ml_today_elastic_net,top,all_a_ml_today_walk_forward_v1,onset,index,csi1000,中证1000,region_or_episode,strict,confirmation,multi_lobe,8,0,8,0.0,13,0,13,12,1,0,0.0,,,
ml_today_elastic_net,top,all_a_ml_today_walk_forward_v1,onset,index,csi1000,中证1000,region_or_episode,strict,confirmation,single_lobe,5,0,5,0.0,7,0,7,1,3,0,0.0,,,
ml_today_elastic_net,top,all_a_ml_today_walk_forward_v1,onset,index,csi1000,中证1000,region_or_episode,strict,prediction,all,13,2,11,0.15384615384615385,17,2,15,11,2,0,0.11764705882352941,-2.5,-3.75,-1.25
ml_today_elastic_net,top,all_a_ml_today_walk_forward_v1,onset,index,csi1000,中证1000,region_or_episode,strict,prediction,multi_lobe,8,2,6,0.25,9,2,7,5,1,0,0.2222222222222222,-2.5,-3.75,-1.25
ml_today_elastic_net,top,all_a_ml_today_walk_forward_v1,onset,index,csi1000,中证1000,region_or_episode,strict,prediction,single_lobe,5,0,5,0.0,8,0,8,6,1,0,0.0,,,
ml_today_elastic_net,top,all_a_ml_today_walk_forward_v1,onset,index,csi1000,中证1000,region_or_episode,window,all,all,13,7,6,0.5384615384615384,37,7,30,24,6,0,0.1891891891891892,0.0,-4.5,6.0
ml_today_elastic_net,top,all_a_ml_today_walk_forward_v1,onset,index,csi1000,中证1000,region_or_episode,window,all,multi_lobe,8,3,5,0.375,22,3,19,17,2,0,0.13636363636363635,-5.0,-12.5,-2.5
ml_today_elastic_net,top,all_a_ml_today_walk_forward_v1,onset,index,csi1000,中证1000,region_or_episode,window,all,single_lobe,5,4,1,0.8,15,4,11,7,4,0,0.26666666666666666,6.0,3.5,9.25
ml_today_elastic_net,top,all_a_ml_today_walk_forward_v1,onset,index,csi1000,中证1000,region_or_episode,window,confirmation,all,13,3,10,0.23076923076923078,20,3,17,13,4,0,0.15,6.0,6.0,12.5
ml_today_elastic_net,top,all_a_ml_today_walk_forward_v1,onset,index,csi1000,中证1000,region_or_episode,window,confirmation,multi_lobe,8,0,8,0.0,13,0,13,12,1,0,0.0,,,
ml_today_elastic_net,top,all_a_ml_today_walk_forward_v1,onset,index,csi1000,中证1000,region_or_episode,window,confirmation,single_lobe,5,3,2,0.6,7,3,4,1,3,0,0.42857142857142855,6.0,6.0,12.5
ml_today_elastic_net,top,all_a_ml_today_walk_forward_v1,onset,index,csi1000,中证1000,region_or_episode,window,prediction,all,13,4,9,0.3076923076923077,17,4,13,11,2,0,0.23529411764705882,-4.5,-8.75,-3.0
ml_today_elastic_net,top,all_a_ml_today_walk_forward_v1,onset,index,csi1000,中证1000,region_or_episode,window,prediction,multi_lobe,8,3,5,0.375,9,3,6,5,1,0,0.3333333333333333,-5.0,-12.5,-2.5
ml_today_elastic_net,top,all_a_ml_today_walk_forward_v1,onset,index,csi1000,中证1000,region_or_episode,window,prediction,single_lobe,5,1,4,0.2,8,1,7,6,1,0,0.125,-4.0,-4.0,-4.0
ml_today_elastic_net,top,all_a_ml_today_walk_forward_v1,onset,index,csi300,沪深300,region_or_episode,loose,all,all,15,5,10,0.3333333333333333,37,5,32,19,10,0,0.13513513513513514,-1.0,-2.0,0.0
ml_today_elastic_net,top,all_a_ml_today_walk_forward_v1,onset,index,csi300,沪深300,region_or_episode,loose,all,multi_lobe,7,3,4,0.42857142857142855,19,3,16,10,5,0,0.15789473684210525,-2.0,-7.0,-1.0
ml_today_elastic_net,top,all_a_ml_today_walk_forward_v1,onset,index,csi300,沪深300,region_or_episode,loose,all,single_lobe,8,2,6,0.25,18,2,16,9,5,0,0.1111111111111111,-0.5,-0.75,-0.25
ml_today_elastic_net,top,all_a_ml_today_walk_forward_v1,onset,index,csi300,沪深300,region_or_episode,loose,confirmation,all,15,0,15,0.0,15,0,15,6,8,0,0.0,,,
ml_today_elastic_net,top,all_a_ml_today_walk_forward_v1,onset,index,csi300,沪深300,region_or_episode,loose,confirmation,multi_lobe,7,0,7,0.0,5,0,5,1,4,0,0.0,,,
ml_today_elastic_net,top,all_a_ml_today_walk_forward_v1,onset,index,csi300,沪深300,region_or_episode,loose,confirmation,single_lobe,8,0,8,0.0,10,0,10,5,4,0,0.0,,,
ml_today_elastic_net,top,all_a_ml_today_walk_forward_v1,onset,index,csi300,沪深300,region_or_episode,loose,prediction,all,15,5,10,0.3333333333333333,22,5,17,13,2,0,0.22727272727272727,-1.0,-2.0,0.0
ml_today_elastic_net,top,all_a_ml_today_walk_forward_v1,onset,index,csi300,沪深300,region_or_episode,loose,prediction,multi_lobe,7,3,4,0.42857142857142855,14,3,11,9,1,0,0.21428571428571427,-2.0,-7.0,-1.0
ml_today_elastic_net,top,all_a_ml_today_walk_forward_v1,onset,index,csi300,沪深300,region_or_episode,loose,prediction,single_lobe,8,2,6,0.25,8,2,6,4,1,0,0.25,-0.5,-0.75,-0.25
ml_today_elastic_net,top,all_a_ml_today_walk_forward_v1,onset,index,csi300,沪深300,region_or_episode,strict,all,all,15,5,10,0.3333333333333333,37,5,32,19,10,0,0.13513513513513514,-1.0,-2.0,0.0
ml_today_elastic_net,top,all_a_ml_today_walk_forward_v1,onset,index,csi300,沪深300,region_or_episode,strict,all,multi_lobe,7,3,4,0.42857142857142855,19,3,16,10,5,0,0.15789473684210525,-2.0,-7.0,-1.0
ml_today_elastic_net,top,all_a_ml_today_walk_forward_v1,onset,index,csi300,沪深300,region_or_episode,strict,all,single_lobe,8,2,6,0.25,18,2,16,9,5,0,0.1111111111111111,-0.5,-0.75,-0.25
ml_today_elastic_net,top,all_a_ml_today_walk_forward_v1,onset,index,csi300,沪深300,region_or_episode,strict,confirmation,all,15,0,15,0.0,15,0,15,6,8,0,0.0,,,
ml_today_elastic_net,top,all_a_ml_today_walk_forward_v1,onset,index,csi300,沪深300,region_or_episode,strict,confirmation,multi_lobe,7,0,7,0.0,5,0,5,1,4,0,0.0,,,
ml_today_elastic_net,top,all_a_ml_today_walk_forward_v1,onset,index,csi300,沪深300,region_or_episode,strict,confirmation,single_lobe,8,0,8,0.0,10,0,10,5,4,0,0.0,,,
ml_today_elastic_net,top,all_a_ml_today_walk_forward_v1,onset,index,csi300,沪深300,region_or_episode,strict,prediction,all,15,5,10,0.3333333333333333,22,5,17,13,2,0,0.22727272727272727,-1.0,-2.0,0.0
ml_today_elastic_net,top,all_a_ml_today_walk_forward_v1,onset,index,csi300,沪深300,region_or_episode,strict,prediction,multi_lobe,7,3,4,0.42857142857142855,14,3,11,9,1,0,0.21428571428571427,-2.0,-7.0,-1.0
ml_today_elastic_net,top,all_a_ml_today_walk_forward_v1,onset,index,csi300,沪深300,region_or_episode,strict,prediction,single_lobe,8,2,6,0.25,8,2,6,4,1,0,0.25,-0.5,-0.75,-0.25
ml_today_elastic_net,top,all_a_ml_today_walk_forward_v1,onset,index,csi300,沪深300,region_or_episode,window,all,all,15,8,7,0.5333333333333333,37,8,29,19,10,0,0.21621621621621623,-1.5,-3.25,0.0
ml_today_elastic_net,top,all_a_ml_today_walk_forward_v1,onset,index,csi300,沪深300,region_or_episode,window,all,multi_lobe,7,4,3,0.5714285714285714,19,4,15,10,5,0,0.21052631578947367,-2.5,-5.25,-1.5
ml_today_elastic_net,top,all_a_ml_today_walk_forward_v1,onset,index,csi300,沪深300,region_or_episode,window,all,single_lobe,8,4,4,0.5,18,4,14,9,5,0,0.2222222222222222,-0.5,-1.75,2.0
ml_today_elastic_net,top,all_a_ml_today_walk_forward_v1,onset,index,csi300,沪深300,region_or_episode,window,confirmation,all,15,1,14,0.06666666666666667,15,1,14,6,8,0,0.06666666666666667,8.0,8.0,8.0
ml_today_elastic_net,top,all_a_ml_today_walk_forward_v1,onset,index,csi300,沪深300,region_or_episode,window,confirmation,multi_lobe,7,0,7,0.0,5,0,5,1,4,0,0.0,,,
ml_today_elastic_net,top,all_a_ml_today_walk_forward_v1,onset,index,csi300,沪深300,region_or_episode,window,confirmation,single_lobe,8,1,7,0.125,10,1,9,5,4,0,0.1,8.0,8.0,8.0
ml_today_elastic_net,top,all_a_ml_today_walk_forward_v1,onset,index,csi300,沪深300,region_or_episode,window,prediction,all,15,7,8,0.4666666666666667,22,7,15,13,2,0,0.3181818181818182,-2.0,-3.5,-0.5
ml_today_elastic_net,top,all_a_ml_today_walk_forward_v1,onset,index,csi300,沪深300,region_or_episode,window,prediction,multi_lobe,7,4,3,0.5714285714285714,14,4,10,9,1,0,0.2857142857142857,-2.5,-5.25,-1.5
ml_today_elastic_net,top,all_a_ml_today_walk_forward_v1,onset,index,csi300,沪深300,region_or_episode,window,prediction,single_lobe,8,3,5,0.375,8,3,5,4,1,0,0.375,-1.0,-2.5,-0.5
ml_today_elastic_net,top,all_a_ml_today_walk_forward_v1,onset,index,csi500,中证500,region_or_episode,loose,all,all,15,2,13,0.13333333333333333,37,2,35,28,4,0,0.05405405405405406,-3.0,-4.5,-1.5
ml_today_elastic_net,top,all_a_ml_today_walk_forward_v1,onset,index,csi500,中证500,region_or_episode,loose,all,multi_lobe,5,1,4,0.2,15,1,14,13,1,0,0.06666666666666667,0.0,0.0,0.0
ml_today_elastic_net,top,all_a_ml_today_walk_forward_v1,onset,index,csi500,中证500,region_or_episode,loose,all,single_lobe,10,1,9,0.1,22,1,21,15,3,0,0.045454545454545456,-6.0,-6.0,-6.0
ml_today_elastic_net,top,all_a_ml_today_walk_forward_v1,onset,index,csi500,中证500,region_or_episode,loose,confirmation,all,15,0,15,0.0,18,0,18,13,4,0,0.0,,,
ml_today_elastic_net,top,all_a_ml_today_walk_forward_v1,onset,index,csi500,中证500,region_or_episode,loose,confirmation,multi_lobe,5,0,5,0.0,13,0,13,12,1,0,0.0,,,
ml_today_elastic_net,top,all_a_ml_today_walk_forward_v1,onset,index,csi500,中证500,region_or_episode,loose,confirmation,single_lobe,10,0,10,0.0,5,0,5,1,3,0,0.0,,,
ml_today_elastic_net,top,all_a_ml_today_walk_forward_v1,onset,index,csi500,中证500,region_or_episode,loose,prediction,all,15,2,13,0.13333333333333333,19,2,17,15,0,0,0.10526315789473684,-3.0,-4.5,-1.5
ml_today_elastic_net,top,all_a_ml_today_walk_forward_v1,onset,index,csi500,中证500,region_or_episode,loose,prediction,multi_lobe,5,1,4,0.2,2,1,1,1,0,0,0.5,0.0,0.0,0.0
ml_today_elastic_net,top,all_a_ml_today_walk_forward_v1,onset,index,csi500,中证500,region_or_episode,loose,prediction,single_lobe,10,1,9,0.1,17,1,16,14,0,0,0.058823529411764705,-6.0,-6.0,-6.0
ml_today_elastic_net,top,all_a_ml_today_walk_forward_v1,onset,index,csi500,中证500,region_or_episode,strict,all,all,15,2,13,0.13333333333333333,37,2,35,28,4,0,0.05405405405405406,-3.0,-4.5,-1.5
ml_today_elastic_net,top,all_a_ml_today_walk_forward_v1,onset,index,csi500,中证500,region_or_episode,strict,all,multi_lobe,5,1,4,0.2,15,1,14,13,1,0,0.06666666666666667,0.0,0.0,0.0
ml_today_elastic_net,top,all_a_ml_today_walk_forward_v1,onset,index,csi500,中证500,region_or_episode,strict,all,single_lobe,10,1,9,0.1,22,1,21,15,3,0,0.045454545454545456,-6.0,-6.0,-6.0
ml_today_elastic_net,top,all_a_ml_today_walk_forward_v1,onset,index,csi500,中证500,region_or_episode,strict,confirmation,all,15,0,15,0.0,18,0,18,13,4,0,0.0,,,
ml_today_elastic_net,top,all_a_ml_today_walk_forward_v1,onset,index,csi500,中证500,region_or_episode,strict,confirmation,multi_lobe,5,0,5,0.0,13,0,13,12,1,0,0.0,,,
ml_today_elastic_net,top,all_a_ml_today_walk_forward_v1,onset,index,csi500,中证500,region_or_episode,strict,confirmation,single_lobe,10,0,10,0.0,5,0,5,1,3,0,0.0,,,
ml_today_elastic_net,top,all_a_ml_today_walk_forward_v1,onset,index,csi500,中证500,region_or_episode,strict,prediction,all,15,2,13,0.13333333333333333,19,2,17,15,0,0,0.10526315789473684,-3.0,-4.5,-1.5
ml_today_elastic_net,top,all_a_ml_today_walk_forward_v1,onset,index,csi500,中证500,region_or_episode,strict,prediction,multi_lobe,5,1,4,0.2,2,1,1,1,0,0,0.5,0.0,0.0,0.0
ml_today_elastic_net,top,all_a_ml_today_walk_forward_v1,onset,index,csi500,中证500,region_or_episode,strict,prediction,single_lobe,10,1,9,0.1,17,1,16,14,0,0,0.058823529411764705,-6.0,-6.0,-6.0
ml_today_elastic_net,top,all_a_ml_today_walk_forward_v1,onset,index,csi500,中证500,region_or_episode,window,all,all,15,5,10,0.3333333333333333,37,5,32,28,4,0,0.13513513513513514,-4.0,-5.0,0.0
ml_today_elastic_net,top,all_a_ml_today_walk_forward_v1,onset,index,csi500,中证500,region_or_episode,window,all,multi_lobe,5,1,4,0.2,15,1,14,13,1,0,0.06666666666666667,0.0,0.0,0.0
ml_today_elastic_net,top,all_a_ml_today_walk_forward_v1,onset,index,csi500,中证500,region_or_episode,window,all,single_lobe,10,4,6,0.4,22,4,18,15,3,0,0.18181818181818182,-4.5,-5.25,-1.5
ml_today_elastic_net,top,all_a_ml_today_walk_forward_v1,onset,index,csi500,中证500,region_or_episode,window,confirmation,all,15,1,14,0.06666666666666667,18,1,17,13,4,0,0.05555555555555555,6.0,6.0,6.0
ml_today_elastic_net,top,all_a_ml_today_walk_forward_v1,onset,index,csi500,中证500,region_or_episode,window,confirmation,multi_lobe,5,0,5,0.0,13,0,13,12,1,0,0.0,,,
ml_today_elastic_net,top,all_a_ml_today_walk_forward_v1,onset,index,csi500,中证500,region_or_episode,window,confirmation,single_lobe,10,1,9,0.1,5,1,4,1,3,0,0.2,6.0,6.0,6.0
ml_today_elastic_net,top,all_a_ml_today_walk_forward_v1,onset,index,csi500,中证500,region_or_episode,window,prediction,all,15,4,11,0.26666666666666666,19,4,15,15,0,0,0.21052631578947367,-4.5,-5.25,-3.0
ml_today_elastic_net,top,all_a_ml_today_walk_forward_v1,onset,index,csi500,中证500,region_or_episode,window,prediction,multi_lobe,5,1,4,0.2,2,1,1,1,0,0,0.5,0.0,0.0,0.0
ml_today_elastic_net,top,all_a_ml_today_walk_forward_v1,onset,index,csi500,中证500,region_or_episode,window,prediction,single_lobe,10,3,7,0.3,17,3,14,14,0,0,0.17647058823529413,-5.0,-5.5,-4.5
ml_today_elastic_net,top,all_a_ml_today_walk_forward_v1,onset,index,microcap,微盘股,region_or_episode,loose,all,all,15,2,13,0.13333333333333333,37,2,35,23,5,0,0.05405405405405406,-8.5,-11.75,-5.25
ml_today_elastic_net,top,all_a_ml_today_walk_forward_v1,onset,index,microcap,微盘股,region_or_episode,loose,all,multi_lobe,9,2,7,0.2222222222222222,21,2,19,11,3,0,0.09523809523809523,-8.5,-11.75,-5.25
ml_today_elastic_net,top,all_a_ml_today_walk_forward_v1,onset,index,microcap,微盘股,region_or_episode,loose,all,single_lobe,6,0,6,0.0,16,0,16,12,2,0,0.0,,,
ml_today_elastic_net,top,all_a_ml_today_walk_forward_v1,onset,index,microcap,微盘股,region_or_episode,loose,confirmation,all,15,0,15,0.0,18,0,18,13,4,0,0.0,,,
ml_today_elastic_net,top,all_a_ml_today_walk_forward_v1,onset,index,microcap,微盘股,region_or_episode,loose,confirmation,multi_lobe,9,0,9,0.0,8,0,8,5,2,0,0.0,,,
ml_today_elastic_net,top,all_a_ml_today_walk_forward_v1,onset,index,microcap,微盘股,region_or_episode,loose,confirmation,single_lobe,6,0,6,0.0,10,0,10,8,2,0,0.0,,,
ml_today_elastic_net,top,all_a_ml_today_walk_forward_v1,onset,index,microcap,微盘股,region_or_episode,loose,prediction,all,15,2,13,0.13333333333333333,19,2,17,10,1,0,0.10526315789473684,-8.5,-11.75,-5.25
ml_today_elastic_net,top,all_a_ml_today_walk_forward_v1,onset,index,microcap,微盘股,region_or_episode,loose,prediction,multi_lobe,9,2,7,0.2222222222222222,13,2,11,6,1,0,0.15384615384615385,-8.5,-11.75,-5.25
ml_today_elastic_net,top,all_a_ml_today_walk_forward_v1,onset,index,microcap,微盘股,region_or_episode,loose,prediction,single_lobe,6,0,6,0.0,6,0,6,4,0,0,0.0,,,
ml_today_elastic_net,top,all_a_ml_today_walk_forward_v1,onset,index,microcap,微盘股,region_or_episode,strict,all,all,15,0,15,0.0,37,0,37,23,5,0,0.0,,,
ml_today_elastic_net,top,all_a_ml_today_walk_forward_v1,onset,index,microcap,微盘股,region_or_episode,strict,all,multi_lobe,9,0,9,0.0,21,0,21,11,3,0,0.0,,,
ml_today_elastic_net,top,all_a_ml_today_walk_forward_v1,onset,index,microcap,微盘股,region_or_episode,strict,all,single_lobe,6,0,6,0.0,16,0,16,12,2,0,0.0,,,
ml_today_elastic_net,top,all_a_ml_today_walk_forward_v1,onset,index,microcap,微盘股,region_or_episode,strict,confirmation,all,15,0,15,0.0,18,0,18,13,4,0,0.0,,,
ml_today_elastic_net,top,all_a_ml_today_walk_forward_v1,onset,index,microcap,微盘股,region_or_episode,strict,confirmation,multi_lobe,9,0,9,0.0,8,0,8,5,2,0,0.0,,,
ml_today_elastic_net,top,all_a_ml_today_walk_forward_v1,onset,index,microcap,微盘股,region_or_episode,strict,confirmation,single_lobe,6,0,6,0.0,10,0,10,8,2,0,0.0,,,
ml_today_elastic_net,top,all_a_ml_today_walk_forward_v1,onset,index,microcap,微盘股,region_or_episode,strict,prediction,all,15,0,15,0.0,19,0,19,10,1,0,0.0,,,
ml_today_elastic_net,top,all_a_ml_today_walk_forward_v1,onset,index,microcap,微盘股,region_or_episode,strict,prediction,multi_lobe,9,0,9,0.0,13,0,13,6,1,0,0.0,,,
ml_today_elastic_net,top,all_a_ml_today_walk_forward_v1,onset,index,microcap,微盘股,region_or_episode,strict,prediction,single_lobe,6,0,6,0.0,6,0,6,4,0,0,0.0,,,
ml_today_elastic_net,top,all_a_ml_today_walk_forward_v1,onset,index,microcap,微盘股,region_or_episode,window,all,all,15,9,6,0.6,37,9,28,23,5,0,0.24324324324324326,-8.0,-15.0,-2.0
ml_today_elastic_net,top,all_a_ml_today_walk_forward_v1,onset,index,microcap,微盘股,region_or_episode,window,all,multi_lobe,9,7,2,0.7777777777777778,21,7,14,11,3,0,0.3333333333333333,-12.0,-15.0,-5.0
ml_today_elastic_net,top,all_a_ml_today_walk_forward_v1,onset,index,microcap,微盘股,region_or_episode,window,all,single_lobe,6,2,4,0.3333333333333333,16,2,14,12,2,0,0.125,-2.5,-3.25,-1.75
ml_today_elastic_net,top,all_a_ml_today_walk_forward_v1,onset,index,microcap,微盘股,region_or_episode,window,confirmation,all,15,1,14,0.06666666666666667,18,1,17,13,4,0,0.05555555555555555,19.0,19.0,19.0
ml_today_elastic_net,top,all_a_ml_today_walk_forward_v1,onset,index,microcap,微盘股,region_or_episode,window,confirmation,multi_lobe,9,1,8,0.1111111111111111,8,1,7,5,2,0,0.125,19.0,19.0,19.0
ml_today_elastic_net,top,all_a_ml_today_walk_forward_v1,onset,index,microcap,微盘股,region_or_episode,window,confirmation,single_lobe,6,0,6,0.0,10,0,10,8,2,0,0.0,,,
ml_today_elastic_net,top,all_a_ml_today_walk_forward_v1,onset,index,microcap,微盘股,region_or_episode,window,prediction,all,15,8,7,0.5333333333333333,19,8,11,10,1,0,0.42105263157894735,-10.0,-15.0,-3.5
ml_today_elastic_net,top,all_a_ml_today_walk_forward_v1,onset,index,microcap,微盘股,region_or_episode,window,prediction,multi_lobe,9,6,3,0.6666666666666666,13,6,7,6,1,0,0.46153846153846156,-13.5,-15.0,-9.0
ml_today_elastic_net,top,all_a_ml_today_walk_forward_v1,onset,index,microcap,微盘股,region_or_episode,window,prediction,single_lobe,6,2,4,0.3333333333333333,6,2,4,4,0,0,0.3333333333333333,-2.5,-3.25,-1.75
ml_today_elastic_net,top,all_a_ml_today_walk_forward_v1,onset,index,sse_composite,上证指数,region_or_episode,loose,all,all,18,3,15,0.16666666666666666,37,3,34,23,6,0,0.08108108108108109,0.0,-0.5,1.0
ml_today_elastic_net,top,all_a_ml_today_walk_forward_v1,onset,index,sse_composite,上证指数,region_or_episode,loose,all,multi_lobe,11,3,8,0.2727272727272727,25,3,22,17,4,0,0.12,0.0,-0.5,1.0
ml_today_elastic_net,top,all_a_ml_today_walk_forward_v1,onset,index,sse_composite,上证指数,region_or_episode,loose,all,single_lobe,7,0,7,0.0,12,0,12,6,2,0,0.0,,,
ml_today_elastic_net,top,all_a_ml_today_walk_forward_v1,onset,index,sse_composite,上证指数,region_or_episode,loose,confirmation,all,18,1,17,0.05555555555555555,15,1,14,10,3,0,0.06666666666666667,2.0,2.0,2.0
ml_today_elastic_net,top,all_a_ml_today_walk_forward_v1,onset,index,sse_composite,上证指数,region_or_episode,loose,confirmation,multi_lobe,11,1,10,0.09090909090909091,11,1,10,9,1,0,0.09090909090909091,2.0,2.0,2.0
ml_today_elastic_net,top,all_a_ml_today_walk_forward_v1,onset,index,sse_composite,上证指数,region_or_episode,loose,confirmation,single_lobe,7,0,7,0.0,4,0,4,1,2,0,0.0,,,
ml_today_elastic_net,top,all_a_ml_today_walk_forward_v1,onset,index,sse_composite,上证指数,region_or_episode,loose,prediction,all,18,2,16,0.1111111111111111,22,2,20,13,3,0,0.09090909090909091,-0.5,-0.75,-0.25
ml_today_elastic_net,top,all_a_ml_today_walk_forward_v1,onset,index,sse_composite,上证指数,region_or_episode,loose,prediction,multi_lobe,11,2,9,0.18181818181818182,14,2,12,8,3,0,0.14285714285714285,-0.5,-0.75,-0.25
ml_today_elastic_net,top,all_a_ml_today_walk_forward_v1,onset,index,sse_composite,上证指数,region_or_episode,loose,prediction,single_lobe,7,0,7,0.0,8,0,8,5,0,0,0.0,,,
ml_today_elastic_net,top,all_a_ml_today_walk_forward_v1,onset,index,sse_composite,上证指数,region_or_episode,strict,all,all,18,3,15,0.16666666666666666,37,3,34,23,6,0,0.08108108108108109,0.0,-0.5,1.0
ml_today_elastic_net,top,all_a_ml_today_walk_forward_v1,onset,index,sse_composite,上证指数,region_or_episode,strict,all,multi_lobe,11,3,8,0.2727272727272727,25,3,22,17,4,0,0.12,0.0,-0.5,1.0
ml_today_elastic_net,top,all_a_ml_today_walk_forward_v1,onset,index,sse_composite,上证指数,region_or_episode,strict,all,single_lobe,7,0,7,0.0,12,0,12,6,2,0,0.0,,,
ml_today_elastic_net,top,all_a_ml_today_walk_forward_v1,onset,index,sse_composite,上证指数,region_or_episode,strict,confirmation,all,18,1,17,0.05555555555555555,15,1,14,10,3,0,0.06666666666666667,2.0,2.0,2.0
ml_today_elastic_net,top,all_a_ml_today_walk_forward_v1,onset,index,sse_composite,上证指数,region_or_episode,strict,confirmation,multi_lobe,11,1,10,0.09090909090909091,11,1,10,9,1,0,0.09090909090909091,2.0,2.0,2.0
ml_today_elastic_net,top,all_a_ml_today_walk_forward_v1,onset,index,sse_composite,上证指数,region_or_episode,strict,confirmation,single_lobe,7,0,7,0.0,4,0,4,1,2,0,0.0,,,
ml_today_elastic_net,top,all_a_ml_today_walk_forward_v1,onset,index,sse_composite,上证指数,region_or_episode,strict,prediction,all,18,2,16,0.1111111111111111,22,2,20,13,3,0,0.09090909090909091,-0.5,-0.75,-0.25
ml_today_elastic_net,top,all_a_ml_today_walk_forward_v1,onset,index,sse_composite,上证指数,region_or_episode,strict,prediction,multi_lobe,11,2,9,0.18181818181818182,14,2,12,8,3,0,0.14285714285714285,-0.5,-0.75,-0.25
ml_today_elastic_net,top,all_a_ml_today_walk_forward_v1,onset,index,sse_composite,上证指数,region_or_episode,strict,prediction,single_lobe,7,0,7,0.0,8,0,8,5,0,0,0.0,,,
ml_today_elastic_net,top,all_a_ml_today_walk_forward_v1,onset,index,sse_composite,上证指数,region_or_episode,window,all,all,18,8,10,0.4444444444444444,37,8,29,23,6,0,0.21621621621621623,-2.5,-5.25,0.5
ml_today_elastic_net,top,all_a_ml_today_walk_forward_v1,onset,index,sse_composite,上证指数,region_or_episode,window,all,multi_lobe,11,4,7,0.36363636363636365,25,4,21,17,4,0,0.16,-0.5,-2.25,0.5
ml_today_elastic_net,top,all_a_ml_today_walk_forward_v1,onset,index,sse_composite,上证指数,region_or_episode,window,all,single_lobe,7,4,3,0.5714285714285714,12,4,8,6,2,0,0.3333333333333333,-4.5,-6.75,-1.0
ml_today_elastic_net,top,all_a_ml_today_walk_forward_v1,onset,index,sse_composite,上证指数,region_or_episode,window,confirmation,all,18,2,16,0.1111111111111111,15,2,13,10,3,0,0.13333333333333333,5.0,3.5,6.5
ml_today_elastic_net,top,all_a_ml_today_walk_forward_v1,onset,index,sse_composite,上证指数,region_or_episode,window,confirmation,multi_lobe,11,1,10,0.09090909090909091,11,1,10,9,1,0,0.09090909090909091,2.0,2.0,2.0
ml_today_elastic_net,top,all_a_ml_today_walk_forward_v1,onset,index,sse_composite,上证指数,region_or_episode,window,confirmation,single_lobe,7,1,6,0.14285714285714285,4,1,3,1,2,0,0.25,8.0,8.0,8.0
ml_today_elastic_net,top,all_a_ml_today_walk_forward_v1,onset,index,sse_composite,上证指数,region_or_episode,window,prediction,all,18,6,12,0.3333333333333333,22,6,16,13,3,0,0.2727272727272727,-4.5,-5.75,-1.75
ml_today_elastic_net,top,all_a_ml_today_walk_forward_v1,onset,index,sse_composite,上证指数,region_or_episode,window,prediction,multi_lobe,11,3,8,0.2727272727272727,14,3,11,8,3,0,0.21428571428571427,-1.0,-3.5,-0.5
ml_today_elastic_net,top,all_a_ml_today_walk_forward_v1,onset,index,sse_composite,上证指数,region_or_episode,window,prediction,single_lobe,7,3,4,0.42857142857142855,8,3,5,5,0,0,0.375,-5.0,-8.5,-4.5
ml_today_shallow_gbdt,bottom,all_a_ml_today_walk_forward_v1,capped_confirmation,all_indices,__all__,全部指数（指数-事件对）,index_region_or_index_episode_pair,loose,all,all,109,35,74,0.3211009174311927,343,35,308,187,90,0,0.10204081632653061,0.0,0.0,1.0
ml_today_shallow_gbdt,bottom,all_a_ml_today_walk_forward_v1,capped_confirmation,all_indices,__all__,全部指数（指数-事件对）,index_region_or_index_episode_pair,loose,all,multi_lobe,46,20,26,0.43478260869565216,88,20,68,24,35,0,0.22727272727272727,0.0,-1.0,1.0
ml_today_shallow_gbdt,bottom,all_a_ml_today_walk_forward_v1,capped_confirmation,all_indices,__all__,全部指数（指数-事件对）,index_region_or_index_episode_pair,loose,all,single_lobe,63,15,48,0.23809523809523808,255,15,240,163,55,0,0.058823529411764705,0.0,0.0,1.0
ml_today_shallow_gbdt,bottom,all_a_ml_today_walk_forward_v1,capped_confirmation,all_indices,__all__,全部指数（指数-事件对）,index_region_or_index_episode_pair,loose,confirmation,all,104,15,89,0.14423076923076922,148,15,133,50,63,0,0.10135135135135136,1.0,1.0,1.0
ml_today_shallow_gbdt,bottom,all_a_ml_today_walk_forward_v1,capped_confirmation,all_indices,__all__,全部指数（指数-事件对）,index_region_or_index_episode_pair,loose,confirmation,multi_lobe,43,9,34,0.20930232558139536,58,9,49,13,30,0,0.15517241379310345,1.0,1.0,1.0
ml_today_shallow_gbdt,bottom,all_a_ml_today_walk_forward_v1,capped_confirmation,all_indices,__all__,全部指数（指数-事件对）,index_region_or_index_episode_pair,loose,confirmation,single_lobe,61,6,55,0.09836065573770492,90,6,84,37,33,0,0.06666666666666667,1.0,1.0,1.0
ml_today_shallow_gbdt,bottom,all_a_ml_today_walk_forward_v1,capped_confirmation,all_indices,__all__,全部指数（指数-事件对）,index_region_or_index_episode_pair,loose,prediction,all,104,15,89,0.14423076923076922,195,15,180,137,27,0,0.07692307692307693,0.0,0.0,0.0
ml_today_shallow_gbdt,bottom,all_a_ml_today_walk_forward_v1,capped_confirmation,all_indices,__all__,全部指数（指数-事件对）,index_region_or_index_episode_pair,loose,prediction,multi_lobe,41,6,35,0.14634146341463414,30,6,24,11,5,0,0.2,-0.5,-1.0,0.0
ml_today_shallow_gbdt,bottom,all_a_ml_today_walk_forward_v1,capped_confirmation,all_indices,__all__,全部指数（指数-事件对）,index_region_or_index_episode_pair,loose,prediction,single_lobe,63,9,54,0.14285714285714285,165,9,156,126,22,0,0.05454545454545454,0.0,0.0,0.0
ml_today_shallow_gbdt,bottom,all_a_ml_today_walk_forward_v1,capped_confirmation,all_indices,__all__,全部指数（指数-事件对）,index_region_or_index_episode_pair,strict,all,all,109,32,77,0.29357798165137616,343,32,311,187,90,0,0.09329446064139942,0.0,0.0,1.0
ml_today_shallow_gbdt,bottom,all_a_ml_today_walk_forward_v1,capped_confirmation,all_indices,__all__,全部指数（指数-事件对）,index_region_or_index_episode_pair,strict,all,multi_lobe,46,17,29,0.3695652173913043,88,17,71,24,35,0,0.19318181818181818,0.0,-1.0,1.0
ml_today_shallow_gbdt,bottom,all_a_ml_today_walk_forward_v1,capped_confirmation,all_indices,__all__,全部指数（指数-事件对）,index_region_or_index_episode_pair,strict,all,single_lobe,63,15,48,0.23809523809523808,255,15,240,163,55,0,0.058823529411764705,0.0,0.0,1.0
ml_today_shallow_gbdt,bottom,all_a_ml_today_walk_forward_v1,capped_confirmation,all_indices,__all__,全部指数（指数-事件对）,index_region_or_index_episode_pair,strict,confirmation,all,104,14,90,0.1346153846153846,148,14,134,50,63,0,0.0945945945945946,1.0,1.0,1.0
ml_today_shallow_gbdt,bottom,all_a_ml_today_walk_forward_v1,capped_confirmation,all_indices,__all__,全部指数（指数-事件对）,index_region_or_index_episode_pair,strict,confirmation,multi_lobe,43,8,35,0.18604651162790697,58,8,50,13,30,0,0.13793103448275862,1.0,1.0,1.0
ml_today_shallow_gbdt,bottom,all_a_ml_today_walk_forward_v1,capped_confirmation,all_indices,__all__,全部指数（指数-事件对）,index_region_or_index_episode_pair,strict,confirmation,single_lobe,61,6,55,0.09836065573770492,90,6,84,37,33,0,0.06666666666666667,1.0,1.0,1.0
ml_today_shallow_gbdt,bottom,all_a_ml_today_walk_forward_v1,capped_confirmation,all_indices,__all__,全部指数（指数-事件对）,index_region_or_index_episode_pair,strict,prediction,all,104,13,91,0.125,195,13,182,137,27,0,0.06666666666666667,0.0,0.0,0.0
ml_today_shallow_gbdt,bottom,all_a_ml_today_walk_forward_v1,capped_confirmation,all_indices,__all__,全部指数（指数-事件对）,index_region_or_index_episode_pair,strict,prediction,multi_lobe,41,4,37,0.0975609756097561,30,4,26,11,5,0,0.13333333333333333,0.0,-4.5,0.0
ml_today_shallow_gbdt,bottom,all_a_ml_today_walk_forward_v1,capped_confirmation,all_indices,__all__,全部指数（指数-事件对）,index_region_or_index_episode_pair,strict,prediction,single_lobe,63,9,54,0.14285714285714285,165,9,156,126,22,0,0.05454545454545454,0.0,0.0,0.0
ml_today_shallow_gbdt,bottom,all_a_ml_today_walk_forward_v1,capped_confirmation,all_indices,__all__,全部指数（指数-事件对）,index_region_or_index_episode_pair,window,all,all,109,66,43,0.6055045871559633,343,66,277,187,90,0,0.1924198250728863,1.0,-1.0,5.0
ml_today_shallow_gbdt,bottom,all_a_ml_today_walk_forward_v1,capped_confirmation,all_indices,__all__,全部指数（指数-事件对）,index_region_or_index_episode_pair,window,all,multi_lobe,46,29,17,0.6304347826086957,88,29,59,24,35,0,0.32954545454545453,1.0,-1.0,4.0
ml_today_shallow_gbdt,bottom,all_a_ml_today_walk_forward_v1,capped_confirmation,all_indices,__all__,全部指数（指数-事件对）,index_region_or_index_episode_pair,window,all,single_lobe,63,37,26,0.5873015873015873,255,37,218,163,55,0,0.1450980392156863,1.0,0.0,5.0
ml_today_shallow_gbdt,bottom,all_a_ml_today_walk_forward_v1,capped_confirmation,all_indices,__all__,全部指数（指数-事件对）,index_region_or_index_episode_pair,window,confirmation,all,104,35,69,0.33653846153846156,148,35,113,50,63,0,0.23648648648648649,5.0,1.0,8.0
ml_today_shallow_gbdt,bottom,all_a_ml_today_walk_forward_v1,capped_confirmation,all_indices,__all__,全部指数（指数-事件对）,index_region_or_index_episode_pair,window,confirmation,multi_lobe,43,15,28,0.3488372093023256,58,15,43,13,30,0,0.25862068965517243,4.0,1.0,8.0
ml_today_shallow_gbdt,bottom,all_a_ml_today_walk_forward_v1,capped_confirmation,all_indices,__all__,全部指数（指数-事件对）,index_region_or_index_episode_pair,window,confirmation,single_lobe,61,20,41,0.32786885245901637,90,20,70,37,33,0,0.2222222222222222,5.0,1.0,6.0
ml_today_shallow_gbdt,bottom,all_a_ml_today_walk_forward_v1,capped_confirmation,all_indices,__all__,全部指数（指数-事件对）,index_region_or_index_episode_pair,window,prediction,all,104,26,78,0.25,195,26,169,137,27,0,0.13333333333333333,-1.0,-5.0,0.0
ml_today_shallow_gbdt,bottom,all_a_ml_today_walk_forward_v1,capped_confirmation,all_indices,__all__,全部指数（指数-事件对）,index_region_or_index_episode_pair,window,prediction,multi_lobe,41,9,32,0.21951219512195122,30,9,21,11,5,0,0.3,-1.0,-5.0,0.0
ml_today_shallow_gbdt,bottom,all_a_ml_today_walk_forward_v1,capped_confirmation,all_indices,__all__,全部指数（指数-事件对）,index_region_or_index_episode_pair,window,prediction,single_lobe,63,17,46,0.2698412698412698,165,17,148,126,22,0,0.10303030303030303,0.0,-5.0,0.0
ml_today_shallow_gbdt,bottom,all_a_ml_today_walk_forward_v1,capped_confirmation,index,all_a,全A,region_or_episode,loose,all,all,15,6,9,0.4,49,6,43,29,11,0,0.12244897959183673,0.0,-0.75,0.75
ml_today_shallow_gbdt,bottom,all_a_ml_today_walk_forward_v1,capped_confirmation,index,all_a,全A,region_or_episode,loose,all,multi_lobe,10,5,5,0.5,29,5,24,12,10,0,0.1724137931034483,0.0,-1.0,1.0
ml_today_shallow_gbdt,bottom,all_a_ml_today_walk_forward_v1,capped_confirmation,index,all_a,全A,region_or_episode,loose,all,single_lobe,5,1,4,0.2,20,1,19,17,1,0,0.05,0.0,0.0,0.0
ml_today_shallow_gbdt,bottom,all_a_ml_today_walk_forward_v1,capped_confirmation,index,all_a,全A,region_or_episode,loose,confirmation,all,14,2,12,0.14285714285714285,18,2,16,6,8,0,0.1111111111111111,1.0,1.0,1.0
ml_today_shallow_gbdt,bottom,all_a_ml_today_walk_forward_v1,capped_confirmation,index,all_a,全A,region_or_episode,loose,confirmation,multi_lobe,9,2,7,0.2222222222222222,17,2,15,6,8,0,0.11764705882352941,1.0,1.0,1.0
ml_today_shallow_gbdt,bottom,all_a_ml_today_walk_forward_v1,capped_confirmation,index,all_a,全A,region_or_episode,loose,confirmation,single_lobe,5,0,5,0.0,1,0,1,0,0,0,0.0,,,
ml_today_shallow_gbdt,bottom,all_a_ml_today_walk_forward_v1,capped_confirmation,index,all_a,全A,region_or_episode,loose,prediction,all,14,3,11,0.21428571428571427,31,3,28,23,3,0,0.0967741935483871,0.0,-0.5,0.0
ml_today_shallow_gbdt,bottom,all_a_ml_today_walk_forward_v1,capped_confirmation,index,all_a,全A,region_or_episode,loose,prediction,multi_lobe,9,2,7,0.2222222222222222,12,2,10,6,2,0,0.16666666666666666,-0.5,-0.75,-0.25
ml_today_shallow_gbdt,bottom,all_a_ml_today_walk_forward_v1,capped_confirmation,index,all_a,全A,region_or_episode,loose,prediction,single_lobe,5,1,4,0.2,19,1,18,17,1,0,0.05263157894736842,0.0,0.0,0.0
ml_today_shallow_gbdt,bottom,all_a_ml_today_walk_forward_v1,capped_confirmation,index,all_a,全A,region_or_episode,strict,all,all,15,5,10,0.3333333333333333,49,5,44,29,11,0,0.10204081632653061,0.0,0.0,1.0
ml_today_shallow_gbdt,bottom,all_a_ml_today_walk_forward_v1,capped_confirmation,index,all_a,全A,region_or_episode,strict,all,multi_lobe,10,4,6,0.4,29,4,25,12,10,0,0.13793103448275862,0.5,-0.25,1.0
ml_today_shallow_gbdt,bottom,all_a_ml_today_walk_forward_v1,capped_confirmation,index,all_a,全A,region_or_episode,strict,all,single_lobe,5,1,4,0.2,20,1,19,17,1,0,0.05,0.0,0.0,0.0
ml_today_shallow_gbdt,bottom,all_a_ml_today_walk_forward_v1,capped_confirmation,index,all_a,全A,region_or_episode,strict,confirmation,all,14,2,12,0.14285714285714285,18,2,16,6,8,0,0.1111111111111111,1.0,1.0,1.0
ml_today_shallow_gbdt,bottom,all_a_ml_today_walk_forward_v1,capped_confirmation,index,all_a,全A,region_or_episode,strict,confirmation,multi_lobe,9,2,7,0.2222222222222222,17,2,15,6,8,0,0.11764705882352941,1.0,1.0,1.0
ml_today_shallow_gbdt,bottom,all_a_ml_today_walk_forward_v1,capped_confirmation,index,all_a,全A,region_or_episode,strict,confirmation,single_lobe,5,0,5,0.0,1,0,1,0,0,0,0.0,,,
ml_today_shallow_gbdt,bottom,all_a_ml_today_walk_forward_v1,capped_confirmation,index,all_a,全A,region_or_episode,strict,prediction,all,14,2,12,0.14285714285714285,31,2,29,23,3,0,0.06451612903225806,0.0,0.0,0.0
ml_today_shallow_gbdt,bottom,all_a_ml_today_walk_forward_v1,capped_confirmation,index,all_a,全A,region_or_episode,strict,prediction,multi_lobe,9,1,8,0.1111111111111111,12,1,11,6,2,0,0.08333333333333333,0.0,0.0,0.0
ml_today_shallow_gbdt,bottom,all_a_ml_today_walk_forward_v1,capped_confirmation,index,all_a,全A,region_or_episode,strict,prediction,single_lobe,5,1,4,0.2,19,1,18,17,1,0,0.05263157894736842,0.0,0.0,0.0
ml_today_shallow_gbdt,bottom,all_a_ml_today_walk_forward_v1,capped_confirmation,index,all_a,全A,region_or_episode,window,all,all,15,9,6,0.6,49,9,40,29,11,0,0.1836734693877551,0.0,-1.0,1.0
ml_today_shallow_gbdt,bottom,all_a_ml_today_walk_forward_v1,capped_confirmation,index,all_a,全A,region_or_episode,window,all,multi_lobe,10,7,3,0.7,29,7,22,12,10,0,0.2413793103448276,0.0,-1.0,1.0
ml_today_shallow_gbdt,bottom,all_a_ml_today_walk_forward_v1,capped_confirmation,index,all_a,全A,region_or_episode,window,all,single_lobe,5,2,3,0.4,20,2,18,17,1,0,0.1,2.5,1.25,3.75
ml_today_shallow_gbdt,bottom,all_a_ml_today_walk_forward_v1,capped_confirmation,index,all_a,全A,region_or_episode,window,confirmation,all,14,4,10,0.2857142857142857,18,4,14,6,8,0,0.2222222222222222,3.0,1.0,5.75
ml_today_shallow_gbdt,bottom,all_a_ml_today_walk_forward_v1,capped_confirmation,index,all_a,全A,region_or_episode,window,confirmation,multi_lobe,9,3,6,0.3333333333333333,17,3,14,6,8,0,0.17647058823529413,1.0,1.0,4.5
ml_today_shallow_gbdt,bottom,all_a_ml_today_walk_forward_v1,capped_confirmation,index,all_a,全A,region_or_episode,window,confirmation,single_lobe,5,1,4,0.2,1,1,0,0,0,0,1.0,5.0,5.0,5.0
ml_today_shallow_gbdt,bottom,all_a_ml_today_walk_forward_v1,capped_confirmation,index,all_a,全A,region_or_episode,window,prediction,all,14,4,10,0.2857142857142857,31,4,27,23,3,0,0.12903225806451613,-0.5,-2.0,0.0
ml_today_shallow_gbdt,bottom,all_a_ml_today_walk_forward_v1,capped_confirmation,index,all_a,全A,region_or_episode,window,prediction,multi_lobe,9,3,6,0.3333333333333333,12,3,9,6,2,0,0.25,-1.0,-3.0,-0.5
ml_today_shallow_gbdt,bottom,all_a_ml_today_walk_forward_v1,capped_confirmation,index,all_a,全A,region_or_episode,window,prediction,single_lobe,5,1,4,0.2,19,1,18,17,1,0,0.05263157894736842,0.0,0.0,0.0
ml_today_shallow_gbdt,bottom,all_a_ml_today_walk_forward_v1,capped_confirmation,index,cni2000,国证2000,region_or_episode,loose,all,all,16,3,13,0.1875,49,3,46,26,13,0,0.061224489795918366,1.0,0.5,1.0
ml_today_shallow_gbdt,bottom,all_a_ml_today_walk_forward_v1,capped_confirmation,index,cni2000,国证2000,region_or_episode,loose,all,multi_lobe,4,1,3,0.25,4,1,3,0,2,0,0.25,1.0,1.0,1.0
ml_today_shallow_gbdt,bottom,all_a_ml_today_walk_forward_v1,capped_confirmation,index,cni2000,国证2000,region_or_episode,loose,all,single_lobe,12,2,10,0.16666666666666666,45,2,43,26,11,0,0.044444444444444446,0.5,0.25,0.75
ml_today_shallow_gbdt,bottom,all_a_ml_today_walk_forward_v1,capped_confirmation,index,cni2000,国证2000,region_or_episode,loose,confirmation,all,15,2,13,0.13333333333333333,18,2,16,3,9,0,0.1111111111111111,1.0,1.0,1.0
ml_today_shallow_gbdt,bottom,all_a_ml_today_walk_forward_v1,capped_confirmation,index,cni2000,国证2000,region_or_episode,loose,confirmation,multi_lobe,4,1,3,0.25,4,1,3,0,2,0,0.25,1.0,1.0,1.0
ml_today_shallow_gbdt,bottom,all_a_ml_today_walk_forward_v1,capped_confirmation,index,cni2000,国证2000,region_or_episode,loose,confirmation,single_lobe,11,1,10,0.09090909090909091,14,1,13,3,7,0,0.07142857142857142,1.0,1.0,1.0
ml_today_shallow_gbdt,bottom,all_a_ml_today_walk_forward_v1,capped_confirmation,index,cni2000,国证2000,region_or_episode,loose,prediction,all,16,1,15,0.0625,31,1,30,23,4,0,0.03225806451612903,0.0,0.0,0.0
ml_today_shallow_gbdt,bottom,all_a_ml_today_walk_forward_v1,capped_confirmation,index,cni2000,国证2000,region_or_episode,loose,prediction,multi_lobe,4,0,4,0.0,0,0,0,0,0,0,,,,
ml_today_shallow_gbdt,bottom,all_a_ml_today_walk_forward_v1,capped_confirmation,index,cni2000,国证2000,region_or_episode,loose,prediction,single_lobe,12,1,11,0.08333333333333333,31,1,30,23,4,0,0.03225806451612903,0.0,0.0,0.0
ml_today_shallow_gbdt,bottom,all_a_ml_today_walk_forward_v1,capped_confirmation,index,cni2000,国证2000,region_or_episode,strict,all,all,16,3,13,0.1875,49,3,46,26,13,0,0.061224489795918366,1.0,0.5,1.0
ml_today_shallow_gbdt,bottom,all_a_ml_today_walk_forward_v1,capped_confirmation,index,cni2000,国证2000,region_or_episode,strict,all,multi_lobe,4,1,3,0.25,4,1,3,0,2,0,0.25,1.0,1.0,1.0
ml_today_shallow_gbdt,bottom,all_a_ml_today_walk_forward_v1,capped_confirmation,index,cni2000,国证2000,region_or_episode,strict,all,single_lobe,12,2,10,0.16666666666666666,45,2,43,26,11,0,0.044444444444444446,0.5,0.25,0.75
ml_today_shallow_gbdt,bottom,all_a_ml_today_walk_forward_v1,capped_confirmation,index,cni2000,国证2000,region_or_episode,strict,confirmation,all,15,2,13,0.13333333333333333,18,2,16,3,9,0,0.1111111111111111,1.0,1.0,1.0
ml_today_shallow_gbdt,bottom,all_a_ml_today_walk_forward_v1,capped_confirmation,index,cni2000,国证2000,region_or_episode,strict,confirmation,multi_lobe,4,1,3,0.25,4,1,3,0,2,0,0.25,1.0,1.0,1.0
ml_today_shallow_gbdt,bottom,all_a_ml_today_walk_forward_v1,capped_confirmation,index,cni2000,国证2000,region_or_episode,strict,confirmation,single_lobe,11,1,10,0.09090909090909091,14,1,13,3,7,0,0.07142857142857142,1.0,1.0,1.0
ml_today_shallow_gbdt,bottom,all_a_ml_today_walk_forward_v1,capped_confirmation,index,cni2000,国证2000,region_or_episode,strict,prediction,all,16,1,15,0.0625,31,1,30,23,4,0,0.03225806451612903,0.0,0.0,0.0
ml_today_shallow_gbdt,bottom,all_a_ml_today_walk_forward_v1,capped_confirmation,index,cni2000,国证2000,region_or_episode,strict,prediction,multi_lobe,4,0,4,0.0,0,0,0,0,0,0,,,,
ml_today_shallow_gbdt,bottom,all_a_ml_today_walk_forward_v1,capped_confirmation,index,cni2000,国证2000,region_or_episode,strict,prediction,single_lobe,12,1,11,0.08333333333333333,31,1,30,23,4,0,0.03225806451612903,0.0,0.0,0.0
ml_today_shallow_gbdt,bottom,all_a_ml_today_walk_forward_v1,capped_confirmation,index,cni2000,国证2000,region_or_episode,window,all,all,16,10,6,0.625,49,10,39,26,13,0,0.20408163265306123,1.0,-0.75,7.25
ml_today_shallow_gbdt,bottom,all_a_ml_today_walk_forward_v1,capped_confirmation,index,cni2000,国证2000,region_or_episode,window,all,multi_lobe,4,2,2,0.5,4,2,2,0,2,0,0.5,4.5,2.75,6.25
ml_today_shallow_gbdt,bottom,all_a_ml_today_walk_forward_v1,capped_confirmation,index,cni2000,国证2000,region_or_episode,window,all,single_lobe,12,8,4,0.6666666666666666,45,8,37,26,11,0,0.17777777777777778,0.5,-2.0,6.0
ml_today_shallow_gbdt,bottom,all_a_ml_today_walk_forward_v1,capped_confirmation,index,cni2000,国证2000,region_or_episode,window,confirmation,all,15,6,9,0.4,18,6,12,3,9,0,0.3333333333333333,6.5,2.0,8.75
ml_today_shallow_gbdt,bottom,all_a_ml_today_walk_forward_v1,capped_confirmation,index,cni2000,国证2000,region_or_episode,window,confirmation,multi_lobe,4,2,2,0.5,4,2,2,0,2,0,0.5,4.5,2.75,6.25
ml_today_shallow_gbdt,bottom,all_a_ml_today_walk_forward_v1,capped_confirmation,index,cni2000,国证2000,region_or_episode,window,confirmation,single_lobe,11,4,7,0.36363636363636365,14,4,10,3,7,0,0.2857142857142857,7.0,4.0,9.5
ml_today_shallow_gbdt,bottom,all_a_ml_today_walk_forward_v1,capped_confirmation,index,cni2000,国证2000,region_or_episode,window,prediction,all,16,4,12,0.25,31,4,27,23,4,0,0.12903225806451613,-3.0,-8.75,-0.75
ml_today_shallow_gbdt,bottom,all_a_ml_today_walk_forward_v1,capped_confirmation,index,cni2000,国证2000,region_or_episode,window,prediction,multi_lobe,4,0,4,0.0,0,0,0,0,0,0,,,,
ml_today_shallow_gbdt,bottom,all_a_ml_today_walk_forward_v1,capped_confirmation,index,cni2000,国证2000,region_or_episode,window,prediction,single_lobe,12,4,8,0.3333333333333333,31,4,27,23,4,0,0.12903225806451613,-3.0,-8.75,-0.75
ml_today_shallow_gbdt,bottom,all_a_ml_today_walk_forward_v1,capped_confirmation,index,csi1000,中证1000,region_or_episode,loose,all,all,14,4,10,0.2857142857142857,49,4,45,27,13,0,0.08163265306122448,0.5,-0.25,1.75
ml_today_shallow_gbdt,bottom,all_a_ml_today_walk_forward_v1,capped_confirmation,index,csi1000,中证1000,region_or_episode,loose,all,multi_lobe,7,2,5,0.2857142857142857,8,2,6,1,3,0,0.25,1.5,0.25,2.75
ml_today_shallow_gbdt,bottom,all_a_ml_today_walk_forward_v1,capped_confirmation,index,csi1000,中证1000,region_or_episode,loose,all,single_lobe,7,2,5,0.2857142857142857,41,2,39,26,10,0,0.04878048780487805,0.5,0.25,0.75
ml_today_shallow_gbdt,bottom,all_a_ml_today_walk_forward_v1,capped_confirmation,index,csi1000,中证1000,region_or_episode,loose,confirmation,all,13,2,11,0.15384615384615385,20,2,18,6,9,0,0.1,2.5,1.75,3.25
ml_today_shallow_gbdt,bottom,all_a_ml_today_walk_forward_v1,capped_confirmation,index,csi1000,中证1000,region_or_episode,loose,confirmation,multi_lobe,6,1,5,0.16666666666666666,4,1,3,0,2,0,0.25,4.0,4.0,4.0
ml_today_shallow_gbdt,bottom,all_a_ml_today_walk_forward_v1,capped_confirmation,index,csi1000,中证1000,region_or_episode,loose,confirmation,single_lobe,7,1,6,0.14285714285714285,16,1,15,6,7,0,0.0625,1.0,1.0,1.0
ml_today_shallow_gbdt,bottom,all_a_ml_today_walk_forward_v1,capped_confirmation,index,csi1000,中证1000,region_or_episode,loose,prediction,all,13,1,12,0.07692307692307693,29,1,28,21,4,0,0.034482758620689655,0.0,0.0,0.0
ml_today_shallow_gbdt,bottom,all_a_ml_today_walk_forward_v1,capped_confirmation,index,csi1000,中证1000,region_or_episode,loose,prediction,multi_lobe,6,0,6,0.0,4,0,4,1,1,0,0.0,,,
ml_today_shallow_gbdt,bottom,all_a_ml_today_walk_forward_v1,capped_confirmation,index,csi1000,中证1000,region_or_episode,loose,prediction,single_lobe,7,1,6,0.14285714285714285,25,1,24,20,3,0,0.04,0.0,0.0,0.0
ml_today_shallow_gbdt,bottom,all_a_ml_today_walk_forward_v1,capped_confirmation,index,csi1000,中证1000,region_or_episode,strict,all,all,14,4,10,0.2857142857142857,49,4,45,27,13,0,0.08163265306122448,0.5,-0.25,1.75
ml_today_shallow_gbdt,bottom,all_a_ml_today_walk_forward_v1,capped_confirmation,index,csi1000,中证1000,region_or_episode,strict,all,multi_lobe,7,2,5,0.2857142857142857,8,2,6,1,3,0,0.25,1.5,0.25,2.75
ml_today_shallow_gbdt,bottom,all_a_ml_today_walk_forward_v1,capped_confirmation,index,csi1000,中证1000,region_or_episode,strict,all,single_lobe,7,2,5,0.2857142857142857,41,2,39,26,10,0,0.04878048780487805,0.5,0.25,0.75
ml_today_shallow_gbdt,bottom,all_a_ml_today_walk_forward_v1,capped_confirmation,index,csi1000,中证1000,region_or_episode,strict,confirmation,all,13,2,11,0.15384615384615385,20,2,18,6,9,0,0.1,2.5,1.75,3.25
ml_today_shallow_gbdt,bottom,all_a_ml_today_walk_forward_v1,capped_confirmation,index,csi1000,中证1000,region_or_episode,strict,confirmation,multi_lobe,6,1,5,0.16666666666666666,4,1,3,0,2,0,0.25,4.0,4.0,4.0
ml_today_shallow_gbdt,bottom,all_a_ml_today_walk_forward_v1,capped_confirmation,index,csi1000,中证1000,region_or_episode,strict,confirmation,single_lobe,7,1,6,0.14285714285714285,16,1,15,6,7,0,0.0625,1.0,1.0,1.0
ml_today_shallow_gbdt,bottom,all_a_ml_today_walk_forward_v1,capped_confirmation,index,csi1000,中证1000,region_or_episode,strict,prediction,all,13,1,12,0.07692307692307693,29,1,28,21,4,0,0.034482758620689655,0.0,0.0,0.0
ml_today_shallow_gbdt,bottom,all_a_ml_today_walk_forward_v1,capped_confirmation,index,csi1000,中证1000,region_or_episode,strict,prediction,multi_lobe,6,0,6,0.0,4,0,4,1,1,0,0.0,,,
ml_today_shallow_gbdt,bottom,all_a_ml_today_walk_forward_v1,capped_confirmation,index,csi1000,中证1000,region_or_episode,strict,prediction,single_lobe,7,1,6,0.14285714285714285,25,1,24,20,3,0,0.04,0.0,0.0,0.0
ml_today_shallow_gbdt,bottom,all_a_ml_today_walk_forward_v1,capped_confirmation,index,csi1000,中证1000,region_or_episode,window,all,all,14,9,5,0.6428571428571429,49,9,40,27,13,0,0.1836734693877551,1.0,-1.0,5.0
ml_today_shallow_gbdt,bottom,all_a_ml_today_walk_forward_v1,capped_confirmation,index,csi1000,中证1000,region_or_episode,window,all,multi_lobe,7,4,3,0.5714285714285714,8,4,4,1,3,0,0.5,1.5,-2.0,5.0
ml_today_shallow_gbdt,bottom,all_a_ml_today_walk_forward_v1,capped_confirmation,index,csi1000,中证1000,region_or_episode,window,all,single_lobe,7,5,2,0.7142857142857143,41,5,36,26,10,0,0.12195121951219512,1.0,0.0,5.0
ml_today_shallow_gbdt,bottom,all_a_ml_today_walk_forward_v1,capped_confirmation,index,csi1000,中证1000,region_or_episode,window,confirmation,all,13,5,8,0.38461538461538464,20,5,15,6,9,0,0.25,5.0,4.0,8.0
ml_today_shallow_gbdt,bottom,all_a_ml_today_walk_forward_v1,capped_confirmation,index,csi1000,中证1000,region_or_episode,window,confirmation,multi_lobe,6,2,4,0.3333333333333333,4,2,2,0,2,0,0.5,6.0,5.0,7.0
ml_today_shallow_gbdt,bottom,all_a_ml_today_walk_forward_v1,capped_confirmation,index,csi1000,中证1000,region_or_episode,window,confirmation,single_lobe,7,3,4,0.42857142857142855,16,3,13,6,7,0,0.1875,5.0,3.0,7.5
ml_today_shallow_gbdt,bottom,all_a_ml_today_walk_forward_v1,capped_confirmation,index,csi1000,中证1000,region_or_episode,window,prediction,all,13,3,10,0.23076923076923078,29,3,26,21,4,0,0.10344827586206896,-1.0,-3.0,-0.5
ml_today_shallow_gbdt,bottom,all_a_ml_today_walk_forward_v1,capped_confirmation,index,csi1000,中证1000,region_or_episode,window,prediction,multi_lobe,6,1,5,0.16666666666666666,4,1,3,1,1,0,0.25,-5.0,-5.0,-5.0
ml_today_shallow_gbdt,bottom,all_a_ml_today_walk_forward_v1,capped_confirmation,index,csi1000,中证1000,region_or_episode,window,prediction,single_lobe,7,2,5,0.2857142857142857,25,2,23,20,3,0,0.08,-0.5,-0.75,-0.25
ml_today_shallow_gbdt,bottom,all_a_ml_today_walk_forward_v1,capped_confirmation,index,csi300,沪深300,region_or_episode,loose,all,all,15,6,9,0.4,49,6,43,28,12,0,0.12244897959183673,0.5,0.0,1.0
ml_today_shallow_gbdt,bottom,all_a_ml_today_walk_forward_v1,capped_confirmation,index,csi300,沪深300,region_or_episode,loose,all,multi_lobe,7,4,3,0.5714285714285714,14,4,10,5,5,0,0.2857142857142857,0.5,-0.25,2.0
ml_today_shallow_gbdt,bottom,all_a_ml_today_walk_forward_v1,capped_confirmation,index,csi300,沪深300,region_or_episode,loose,all,single_lobe,8,2,6,0.25,35,2,33,23,7,0,0.05714285714285714,0.5,0.25,0.75
ml_today_shallow_gbdt,bottom,all_a_ml_today_walk_forward_v1,capped_confirmation,index,csi300,沪深300,region_or_episode,loose,confirmation,all,15,3,12,0.2,21,3,18,8,8,0,0.14285714285714285,1.0,1.0,3.0
ml_today_shallow_gbdt,bottom,all_a_ml_today_walk_forward_v1,capped_confirmation,index,csi300,沪深300,region_or_episode,loose,confirmation,multi_lobe,7,2,5,0.2857142857142857,9,2,7,3,4,0,0.2222222222222222,3.0,2.0,4.0
ml_today_shallow_gbdt,bottom,all_a_ml_today_walk_forward_v1,capped_confirmation,index,csi300,沪深300,region_or_episode,loose,confirmation,single_lobe,8,1,7,0.125,12,1,11,5,4,0,0.08333333333333333,1.0,1.0,1.0
ml_today_shallow_gbdt,bottom,all_a_ml_today_walk_forward_v1,capped_confirmation,index,csi300,沪深300,region_or_episode,loose,prediction,all,14,2,12,0.14285714285714285,28,2,26,20,4,0,0.07142857142857142,0.0,0.0,0.0
ml_today_shallow_gbdt,bottom,all_a_ml_today_walk_forward_v1,capped_confirmation,index,csi300,沪深300,region_or_episode,loose,prediction,multi_lobe,6,1,5,0.16666666666666666,5,1,4,2,1,0,0.2,0.0,0.0,0.0
ml_today_shallow_gbdt,bottom,all_a_ml_today_walk_forward_v1,capped_confirmation,index,csi300,沪深300,region_or_episode,loose,prediction,single_lobe,8,1,7,0.125,23,1,22,18,3,0,0.043478260869565216,0.0,0.0,0.0
ml_today_shallow_gbdt,bottom,all_a_ml_today_walk_forward_v1,capped_confirmation,index,csi300,沪深300,region_or_episode,strict,all,all,15,5,10,0.3333333333333333,49,5,44,28,12,0,0.10204081632653061,0.0,0.0,1.0
ml_today_shallow_gbdt,bottom,all_a_ml_today_walk_forward_v1,capped_confirmation,index,csi300,沪深300,region_or_episode,strict,all,multi_lobe,7,3,4,0.42857142857142855,14,3,11,5,5,0,0.21428571428571427,0.0,-0.5,0.5
ml_today_shallow_gbdt,bottom,all_a_ml_today_walk_forward_v1,capped_confirmation,index,csi300,沪深300,region_or_episode,strict,all,single_lobe,8,2,6,0.25,35,2,33,23,7,0,0.05714285714285714,0.5,0.25,0.75
ml_today_shallow_gbdt,bottom,all_a_ml_today_walk_forward_v1,capped_confirmation,index,csi300,沪深300,region_or_episode,strict,confirmation,all,15,2,13,0.13333333333333333,21,2,19,8,8,0,0.09523809523809523,1.0,1.0,1.0
ml_today_shallow_gbdt,bottom,all_a_ml_today_walk_forward_v1,capped_confirmation,index,csi300,沪深300,region_or_episode,strict,confirmation,multi_lobe,7,1,6,0.14285714285714285,9,1,8,3,4,0,0.1111111111111111,1.0,1.0,1.0
ml_today_shallow_gbdt,bottom,all_a_ml_today_walk_forward_v1,capped_confirmation,index,csi300,沪深300,region_or_episode,strict,confirmation,single_lobe,8,1,7,0.125,12,1,11,5,4,0,0.08333333333333333,1.0,1.0,1.0
ml_today_shallow_gbdt,bottom,all_a_ml_today_walk_forward_v1,capped_confirmation,index,csi300,沪深300,region_or_episode,strict,prediction,all,14,2,12,0.14285714285714285,28,2,26,20,4,0,0.07142857142857142,0.0,0.0,0.0
ml_today_shallow_gbdt,bottom,all_a_ml_today_walk_forward_v1,capped_confirmation,index,csi300,沪深300,region_or_episode,strict,prediction,multi_lobe,6,1,5,0.16666666666666666,5,1,4,2,1,0,0.2,0.0,0.0,0.0
ml_today_shallow_gbdt,bottom,all_a_ml_today_walk_forward_v1,capped_confirmation,index,csi300,沪深300,region_or_episode,strict,prediction,single_lobe,8,1,7,0.125,23,1,22,18,3,0,0.043478260869565216,0.0,0.0,0.0
ml_today_shallow_gbdt,bottom,all_a_ml_today_walk_forward_v1,capped_confirmation,index,csi300,沪深300,region_or_episode,window,all,all,15,9,6,0.6,49,9,40,28,12,0,0.1836734693877551,1.0,0.0,1.0
ml_today_shallow_gbdt,bottom,all_a_ml_today_walk_forward_v1,capped_confirmation,index,csi300,沪深300,region_or_episode,window,all,multi_lobe,7,4,3,0.5714285714285714,14,4,10,5,5,0,0.2857142857142857,0.5,-0.25,2.0
ml_today_shallow_gbdt,bottom,all_a_ml_today_walk_forward_v1,capped_confirmation,index,csi300,沪深300,region_or_episode,window,all,single_lobe,8,5,3,0.625,35,5,30,23,7,0,0.14285714285714285,1.0,0.0,1.0
ml_today_shallow_gbdt,bottom,all_a_ml_today_walk_forward_v1,capped_confirmation,index,csi300,沪深300,region_or_episode,window,confirmation,all,15,5,10,0.3333333333333333,21,5,16,8,8,0,0.23809523809523808,1.0,1.0,1.0
ml_today_shallow_gbdt,bottom,all_a_ml_today_walk_forward_v1,capped_confirmation,index,csi300,沪深300,region_or_episode,window,confirmation,multi_lobe,7,2,5,0.2857142857142857,9,2,7,3,4,0,0.2222222222222222,3.0,2.0,4.0
ml_today_shallow_gbdt,bottom,all_a_ml_today_walk_forward_v1,capped_confirmation,index,csi300,沪深300,region_or_episode,window,confirmation,single_lobe,8,3,5,0.375,12,3,9,5,4,0,0.25,1.0,1.0,1.0
ml_today_shallow_gbdt,bottom,all_a_ml_today_walk_forward_v1,capped_confirmation,index,csi300,沪深300,region_or_episode,window,prediction,all,14,3,11,0.21428571428571427,28,3,25,20,4,0,0.10714285714285714,0.0,-3.5,0.0
ml_today_shallow_gbdt,bottom,all_a_ml_today_walk_forward_v1,capped_confirmation,index,csi300,沪深300,region_or_episode,window,prediction,multi_lobe,6,1,5,0.16666666666666666,5,1,4,2,1,0,0.2,0.0,0.0,0.0
ml_today_shallow_gbdt,bottom,all_a_ml_today_walk_forward_v1,capped_confirmation,index,csi300,沪深300,region_or_episode,window,prediction,single_lobe,8,2,6,0.25,23,2,21,18,3,0,0.08695652173913043,-3.5,-5.25,-1.75
ml_today_shallow_gbdt,bottom,all_a_ml_today_walk_forward_v1,capped_confirmation,index,csi500,中证500,region_or_episode,loose,all,all,16,7,9,0.4375,49,7,42,25,13,0,0.14285714285714285,0.0,-1.0,0.5
ml_today_shallow_gbdt,bottom,all_a_ml_today_walk_forward_v1,capped_confirmation,index,csi500,中证500,region_or_episode,loose,all,multi_lobe,10,5,5,0.5,18,5,13,2,9,0,0.2777777777777778,-1.0,-1.0,0.0
ml_today_shallow_gbdt,bottom,all_a_ml_today_walk_forward_v1,capped_confirmation,index,csi500,中证500,region_or_episode,loose,all,single_lobe,6,2,4,0.3333333333333333,31,2,29,23,4,0,0.06451612903225806,0.5,0.25,0.75
ml_today_shallow_gbdt,bottom,all_a_ml_today_walk_forward_v1,capped_confirmation,index,csi500,中证500,region_or_episode,loose,confirmation,all,15,2,13,0.13333333333333333,20,2,18,6,9,0,0.1,1.0,1.0,1.0
ml_today_shallow_gbdt,bottom,all_a_ml_today_walk_forward_v1,capped_confirmation,index,csi500,中证500,region_or_episode,loose,confirmation,multi_lobe,9,1,8,0.1111111111111111,11,1,10,1,8,0,0.09090909090909091,1.0,1.0,1.0
ml_today_shallow_gbdt,bottom,all_a_ml_today_walk_forward_v1,capped_confirmation,index,csi500,中证500,region_or_episode,loose,confirmation,single_lobe,6,1,5,0.16666666666666666,9,1,8,5,1,0,0.1111111111111111,1.0,1.0,1.0
ml_today_shallow_gbdt,bottom,all_a_ml_today_walk_forward_v1,capped_confirmation,index,csi500,中证500,region_or_episode,loose,prediction,all,15,4,11,0.26666666666666666,29,4,25,19,4,0,0.13793103448275862,-0.5,-5.25,0.0
ml_today_shallow_gbdt,bottom,all_a_ml_today_walk_forward_v1,capped_confirmation,index,csi500,中证500,region_or_episode,loose,prediction,multi_lobe,9,3,6,0.3333333333333333,7,3,4,1,1,0,0.42857142857142855,-1.0,-9.5,-0.5
ml_today_shallow_gbdt,bottom,all_a_ml_today_walk_forward_v1,capped_confirmation,index,csi500,中证500,region_or_episode,loose,prediction,single_lobe,6,1,5,0.16666666666666666,22,1,21,18,3,0,0.045454545454545456,0.0,0.0,0.0
ml_today_shallow_gbdt,bottom,all_a_ml_today_walk_forward_v1,capped_confirmation,index,csi500,中证500,region_or_episode,strict,all,all,16,6,10,0.375,49,6,43,25,13,0,0.12244897959183673,0.0,-0.75,0.75
ml_today_shallow_gbdt,bottom,all_a_ml_today_walk_forward_v1,capped_confirmation,index,csi500,中证500,region_or_episode,strict,all,multi_lobe,10,4,6,0.4,18,4,14,2,9,0,0.2222222222222222,-0.5,-5.25,0.25
ml_today_shallow_gbdt,bottom,all_a_ml_today_walk_forward_v1,capped_confirmation,index,csi500,中证500,region_or_episode,strict,all,single_lobe,6,2,4,0.3333333333333333,31,2,29,23,4,0,0.06451612903225806,0.5,0.25,0.75
ml_today_shallow_gbdt,bottom,all_a_ml_today_walk_forward_v1,capped_confirmation,index,csi500,中证500,region_or_episode,strict,confirmation,all,15,2,13,0.13333333333333333,20,2,18,6,9,0,0.1,1.0,1.0,1.0
ml_today_shallow_gbdt,bottom,all_a_ml_today_walk_forward_v1,capped_confirmation,index,csi500,中证500,region_or_episode,strict,confirmation,multi_lobe,9,1,8,0.1111111111111111,11,1,10,1,8,0,0.09090909090909091,1.0,1.0,1.0
ml_today_shallow_gbdt,bottom,all_a_ml_today_walk_forward_v1,capped_confirmation,index,csi500,中证500,region_or_episode,strict,confirmation,single_lobe,6,1,5,0.16666666666666666,9,1,8,5,1,0,0.1111111111111111,1.0,1.0,1.0
ml_today_shallow_gbdt,bottom,all_a_ml_today_walk_forward_v1,capped_confirmation,index,csi500,中证500,region_or_episode,strict,prediction,all,15,3,12,0.2,29,3,26,19,4,0,0.10344827586206896,0.0,-9.0,0.0
ml_today_shallow_gbdt,bottom,all_a_ml_today_walk_forward_v1,capped_confirmation,index,csi500,中证500,region_or_episode,strict,prediction,multi_lobe,9,2,7,0.2222222222222222,7,2,5,1,1,0,0.2857142857142857,-9.0,-13.5,-4.5
ml_today_shallow_gbdt,bottom,all_a_ml_today_walk_forward_v1,capped_confirmation,index,csi500,中证500,region_or_episode,strict,prediction,single_lobe,6,1,5,0.16666666666666666,22,1,21,18,3,0,0.045454545454545456,0.0,0.0,0.0
ml_today_shallow_gbdt,bottom,all_a_ml_today_walk_forward_v1,capped_confirmation,index,csi500,中证500,region_or_episode,window,all,all,16,11,5,0.6875,49,11,38,25,13,0,0.22448979591836735,0.0,-1.0,3.0
ml_today_shallow_gbdt,bottom,all_a_ml_today_walk_forward_v1,capped_confirmation,index,csi500,中证500,region_or_episode,window,all,multi_lobe,10,7,3,0.7,18,7,11,2,9,0,0.3888888888888889,-1.0,-6.5,0.5
ml_today_shallow_gbdt,bottom,all_a_ml_today_walk_forward_v1,capped_confirmation,index,csi500,中证500,region_or_episode,window,all,single_lobe,6,4,2,0.6666666666666666,31,4,27,23,4,0,0.12903225806451613,3.0,0.75,6.25
ml_today_shallow_gbdt,bottom,all_a_ml_today_walk_forward_v1,capped_confirmation,index,csi500,中证500,region_or_episode,window,confirmation,all,15,5,10,0.3333333333333333,20,5,15,6,9,0,0.25,5.0,1.0,8.0
ml_today_shallow_gbdt,bottom,all_a_ml_today_walk_forward_v1,capped_confirmation,index,csi500,中证500,region_or_episode,window,confirmation,multi_lobe,9,2,7,0.2222222222222222,11,2,9,1,8,0,0.18181818181818182,4.5,2.75,6.25
ml_today_shallow_gbdt,bottom,all_a_ml_today_walk_forward_v1,capped_confirmation,index,csi500,中证500,region_or_episode,window,confirmation,single_lobe,6,3,3,0.5,9,3,6,5,1,0,0.3333333333333333,5.0,3.0,7.5
ml_today_shallow_gbdt,bottom,all_a_ml_today_walk_forward_v1,capped_confirmation,index,csi500,中证500,region_or_episode,window,prediction,all,15,5,10,0.3333333333333333,29,5,24,19,4,0,0.1724137931034483,-1.0,-12.0,0.0
ml_today_shallow_gbdt,bottom,all_a_ml_today_walk_forward_v1,capped_confirmation,index,csi500,中证500,region_or_episode,window,prediction,multi_lobe,9,4,5,0.4444444444444444,7,4,3,1,1,0,0.5714285714285714,-6.5,-13.5,-0.75
ml_today_shallow_gbdt,bottom,all_a_ml_today_walk_forward_v1,capped_confirmation,index,csi500,中证500,region_or_episode,window,prediction,single_lobe,6,1,5,0.16666666666666666,22,1,21,18,3,0,0.045454545454545456,0.0,0.0,0.0
ml_today_shallow_gbdt,bottom,all_a_ml_today_walk_forward_v1,capped_confirmation,index,microcap,微盘股,region_or_episode,loose,all,all,15,3,12,0.2,49,3,46,26,15,0,0.061224489795918366,0.0,0.0,0.5
ml_today_shallow_gbdt,bottom,all_a_ml_today_walk_forward_v1,capped_confirmation,index,microcap,微盘股,region_or_episode,loose,all,multi_lobe,1,0,1,0.0,2,0,2,0,1,0,0.0,,,
ml_today_shallow_gbdt,bottom,all_a_ml_today_walk_forward_v1,capped_confirmation,index,microcap,微盘股,region_or_episode,loose,all,single_lobe,14,3,11,0.21428571428571427,47,3,44,26,14,0,0.06382978723404255,0.0,0.0,0.5
ml_today_shallow_gbdt,bottom,all_a_ml_today_walk_forward_v1,capped_confirmation,index,microcap,微盘股,region_or_episode,loose,confirmation,all,14,1,13,0.07142857142857142,27,1,26,12,11,0,0.037037037037037035,1.0,1.0,1.0
ml_today_shallow_gbdt,bottom,all_a_ml_today_walk_forward_v1,capped_confirmation,index,microcap,微盘股,region_or_episode,loose,confirmation,multi_lobe,1,0,1,0.0,2,0,2,0,1,0,0.0,,,
ml_today_shallow_gbdt,bottom,all_a_ml_today_walk_forward_v1,capped_confirmation,index,microcap,微盘股,region_or_episode,loose,confirmation,single_lobe,13,1,12,0.07692307692307693,25,1,24,12,10,0,0.04,1.0,1.0,1.0
ml_today_shallow_gbdt,bottom,all_a_ml_today_walk_forward_v1,capped_confirmation,index,microcap,微盘股,region_or_episode,loose,prediction,all,15,2,13,0.13333333333333333,22,2,20,14,4,0,0.09090909090909091,0.0,0.0,0.0
ml_today_shallow_gbdt,bottom,all_a_ml_today_walk_forward_v1,capped_confirmation,index,microcap,微盘股,region_or_episode,loose,prediction,multi_lobe,1,0,1,0.0,0,0,0,0,0,0,,,,
ml_today_shallow_gbdt,bottom,all_a_ml_today_walk_forward_v1,capped_confirmation,index,microcap,微盘股,region_or_episode,loose,prediction,single_lobe,14,2,12,0.14285714285714285,22,2,20,14,4,0,0.09090909090909091,0.0,0.0,0.0
ml_today_shallow_gbdt,bottom,all_a_ml_today_walk_forward_v1,capped_confirmation,index,microcap,微盘股,region_or_episode,strict,all,all,15,3,12,0.2,49,3,46,26,15,0,0.061224489795918366,0.0,0.0,0.5
ml_today_shallow_gbdt,bottom,all_a_ml_today_walk_forward_v1,capped_confirmation,index,microcap,微盘股,region_or_episode,strict,all,multi_lobe,1,0,1,0.0,2,0,2,0,1,0,0.0,,,
ml_today_shallow_gbdt,bottom,all_a_ml_today_walk_forward_v1,capped_confirmation,index,microcap,微盘股,region_or_episode,strict,all,single_lobe,14,3,11,0.21428571428571427,47,3,44,26,14,0,0.06382978723404255,0.0,0.0,0.5
ml_today_shallow_gbdt,bottom,all_a_ml_today_walk_forward_v1,capped_confirmation,index,microcap,微盘股,region_or_episode,strict,confirmation,all,14,1,13,0.07142857142857142,27,1,26,12,11,0,0.037037037037037035,1.0,1.0,1.0
ml_today_shallow_gbdt,bottom,all_a_ml_today_walk_forward_v1,capped_confirmation,index,microcap,微盘股,region_or_episode,strict,confirmation,multi_lobe,1,0,1,0.0,2,0,2,0,1,0,0.0,,,
ml_today_shallow_gbdt,bottom,all_a_ml_today_walk_forward_v1,capped_confirmation,index,microcap,微盘股,region_or_episode,strict,confirmation,single_lobe,13,1,12,0.07692307692307693,25,1,24,12,10,0,0.04,1.0,1.0,1.0
ml_today_shallow_gbdt,bottom,all_a_ml_today_walk_forward_v1,capped_confirmation,index,microcap,微盘股,region_or_episode,strict,prediction,all,15,2,13,0.13333333333333333,22,2,20,14,4,0,0.09090909090909091,0.0,0.0,0.0
ml_today_shallow_gbdt,bottom,all_a_ml_today_walk_forward_v1,capped_confirmation,index,microcap,微盘股,region_or_episode,strict,prediction,multi_lobe,1,0,1,0.0,0,0,0,0,0,0,,,,
ml_today_shallow_gbdt,bottom,all_a_ml_today_walk_forward_v1,capped_confirmation,index,microcap,微盘股,region_or_episode,strict,prediction,single_lobe,14,2,12,0.14285714285714285,22,2,20,14,4,0,0.09090909090909091,0.0,0.0,0.0
ml_today_shallow_gbdt,bottom,all_a_ml_today_walk_forward_v1,capped_confirmation,index,microcap,微盘股,region_or_episode,window,all,all,15,8,7,0.5333333333333333,49,8,41,26,15,0,0.16326530612244897,0.5,-0.25,6.5
ml_today_shallow_gbdt,bottom,all_a_ml_today_walk_forward_v1,capped_confirmation,index,microcap,微盘股,region_or_episode,window,all,multi_lobe,1,1,0,1.0,2,1,1,0,1,0,0.5,13.0,13.0,13.0
ml_today_shallow_gbdt,bottom,all_a_ml_today_walk_forward_v1,capped_confirmation,index,microcap,微盘股,region_or_episode,window,all,single_lobe,14,7,7,0.5,47,7,40,26,14,0,0.14893617021276595,0.0,-0.5,3.0
ml_today_shallow_gbdt,bottom,all_a_ml_today_walk_forward_v1,capped_confirmation,index,microcap,微盘股,region_or_episode,window,confirmation,all,14,4,10,0.2857142857142857,27,4,23,12,11,0,0.14814814814814814,8.0,4.0,11.5
ml_today_shallow_gbdt,bottom,all_a_ml_today_walk_forward_v1,capped_confirmation,index,microcap,微盘股,region_or_episode,window,confirmation,multi_lobe,1,1,0,1.0,2,1,1,0,1,0,0.5,13.0,13.0,13.0
ml_today_shallow_gbdt,bottom,all_a_ml_today_walk_forward_v1,capped_confirmation,index,microcap,微盘股,region_or_episode,window,confirmation,single_lobe,13,3,10,0.23076923076923078,25,3,22,12,10,0,0.12,5.0,3.0,8.0
ml_today_shallow_gbdt,bottom,all_a_ml_today_walk_forward_v1,capped_confirmation,index,microcap,微盘股,region_or_episode,window,prediction,all,15,4,11,0.26666666666666666,22,4,18,14,4,0,0.18181818181818182,-0.5,-2.0,0.0
ml_today_shallow_gbdt,bottom,all_a_ml_today_walk_forward_v1,capped_confirmation,index,microcap,微盘股,region_or_episode,window,prediction,multi_lobe,1,0,1,0.0,0,0,0,0,0,0,,,,
ml_today_shallow_gbdt,bottom,all_a_ml_today_walk_forward_v1,capped_confirmation,index,microcap,微盘股,region_or_episode,window,prediction,single_lobe,14,4,10,0.2857142857142857,22,4,18,14,4,0,0.18181818181818182,-0.5,-2.0,0.0
ml_today_shallow_gbdt,bottom,all_a_ml_today_walk_forward_v1,capped_confirmation,index,sse_composite,上证指数,region_or_episode,loose,all,all,18,6,12,0.3333333333333333,49,6,43,26,13,0,0.12244897959183673,0.5,0.0,1.0
ml_today_shallow_gbdt,bottom,all_a_ml_today_walk_forward_v1,capped_confirmation,index,sse_composite,上证指数,region_or_episode,loose,all,multi_lobe,7,3,4,0.42857142857142855,13,3,10,4,5,0,0.23076923076923078,1.0,0.0,1.0
ml_today_shallow_gbdt,bottom,all_a_ml_today_walk_forward_v1,capped_confirmation,index,sse_composite,上证指数,region_or_episode,loose,all,single_lobe,11,3,8,0.2727272727272727,36,3,33,22,8,0,0.08333333333333333,0.0,0.0,0.5
ml_today_shallow_gbdt,bottom,all_a_ml_today_walk_forward_v1,capped_confirmation,index,sse_composite,上证指数,region_or_episode,loose,confirmation,all,18,3,15,0.16666666666666666,24,3,21,9,9,0,0.125,1.0,1.0,1.0
ml_today_shallow_gbdt,bottom,all_a_ml_today_walk_forward_v1,capped_confirmation,index,sse_composite,上证指数,region_or_episode,loose,confirmation,multi_lobe,7,2,5,0.2857142857142857,11,2,9,3,5,0,0.18181818181818182,1.0,1.0,1.0
ml_today_shallow_gbdt,bottom,all_a_ml_today_walk_forward_v1,capped_confirmation,index,sse_composite,上证指数,region_or_episode,loose,confirmation,single_lobe,11,1,10,0.09090909090909091,13,1,12,6,4,0,0.07692307692307693,1.0,1.0,1.0
ml_today_shallow_gbdt,bottom,all_a_ml_today_walk_forward_v1,capped_confirmation,index,sse_composite,上证指数,region_or_episode,loose,prediction,all,17,2,15,0.11764705882352941,25,2,23,17,4,0,0.08,0.0,0.0,0.0
ml_today_shallow_gbdt,bottom,all_a_ml_today_walk_forward_v1,capped_confirmation,index,sse_composite,上证指数,region_or_episode,loose,prediction,multi_lobe,6,0,6,0.0,2,0,2,1,0,0,0.0,,,
ml_today_shallow_gbdt,bottom,all_a_ml_today_walk_forward_v1,capped_confirmation,index,sse_composite,上证指数,region_or_episode,loose,prediction,single_lobe,11,2,9,0.18181818181818182,23,2,21,16,4,0,0.08695652173913043,0.0,0.0,0.0
ml_today_shallow_gbdt,bottom,all_a_ml_today_walk_forward_v1,capped_confirmation,index,sse_composite,上证指数,region_or_episode,strict,all,all,18,6,12,0.3333333333333333,49,6,43,26,13,0,0.12244897959183673,0.5,0.0,1.0
ml_today_shallow_gbdt,bottom,all_a_ml_today_walk_forward_v1,capped_confirmation,index,sse_composite,上证指数,region_or_episode,strict,all,multi_lobe,7,3,4,0.42857142857142855,13,3,10,4,5,0,0.23076923076923078,1.0,0.0,1.0
ml_today_shallow_gbdt,bottom,all_a_ml_today_walk_forward_v1,capped_confirmation,index,sse_composite,上证指数,region_or_episode,strict,all,single_lobe,11,3,8,0.2727272727272727,36,3,33,22,8,0,0.08333333333333333,0.0,0.0,0.5
ml_today_shallow_gbdt,bottom,all_a_ml_today_walk_forward_v1,capped_confirmation,index,sse_composite,上证指数,region_or_episode,strict,confirmation,all,18,3,15,0.16666666666666666,24,3,21,9,9,0,0.125,1.0,1.0,1.0
ml_today_shallow_gbdt,bottom,all_a_ml_today_walk_forward_v1,capped_confirmation,index,sse_composite,上证指数,region_or_episode,strict,confirmation,multi_lobe,7,2,5,0.2857142857142857,11,2,9,3,5,0,0.18181818181818182,1.0,1.0,1.0
ml_today_shallow_gbdt,bottom,all_a_ml_today_walk_forward_v1,capped_confirmation,index,sse_composite,上证指数,region_or_episode,strict,confirmation,single_lobe,11,1,10,0.09090909090909091,13,1,12,6,4,0,0.07692307692307693,1.0,1.0,1.0
ml_today_shallow_gbdt,bottom,all_a_ml_today_walk_forward_v1,capped_confirmation,index,sse_composite,上证指数,region_or_episode,strict,prediction,all,17,2,15,0.11764705882352941,25,2,23,17,4,0,0.08,0.0,0.0,0.0
ml_today_shallow_gbdt,bottom,all_a_ml_today_walk_forward_v1,capped_confirmation,index,sse_composite,上证指数,region_or_episode,strict,prediction,multi_lobe,6,0,6,0.0,2,0,2,1,0,0,0.0,,,
ml_today_shallow_gbdt,bottom,all_a_ml_today_walk_forward_v1,capped_confirmation,index,sse_composite,上证指数,region_or_episode,strict,prediction,single_lobe,11,2,9,0.18181818181818182,23,2,21,16,4,0,0.08695652173913043,0.0,0.0,0.0
ml_today_shallow_gbdt,bottom,all_a_ml_today_walk_forward_v1,capped_confirmation,index,sse_composite,上证指数,region_or_episode,window,all,all,18,10,8,0.5555555555555556,49,10,39,26,13,0,0.20408163265306123,1.0,0.0,1.0
ml_today_shallow_gbdt,bottom,all_a_ml_today_walk_forward_v1,capped_confirmation,index,sse_composite,上证指数,region_or_episode,window,all,multi_lobe,7,4,3,0.5714285714285714,13,4,9,4,5,0,0.3076923076923077,1.0,0.5,2.75
ml_today_shallow_gbdt,bottom,all_a_ml_today_walk_forward_v1,capped_confirmation,index,sse_composite,上证指数,region_or_episode,window,all,single_lobe,11,6,5,0.5454545454545454,36,6,30,22,8,0,0.16666666666666666,0.5,0.0,1.0
ml_today_shallow_gbdt,bottom,all_a_ml_today_walk_forward_v1,capped_confirmation,index,sse_composite,上证指数,region_or_episode,window,confirmation,all,18,6,12,0.3333333333333333,24,6,18,9,9,0,0.25,1.0,1.0,4.0
ml_today_shallow_gbdt,bottom,all_a_ml_today_walk_forward_v1,capped_confirmation,index,sse_composite,上证指数,region_or_episode,window,confirmation,multi_lobe,7,3,4,0.42857142857142855,11,3,8,3,5,0,0.2727272727272727,1.0,1.0,4.5
ml_today_shallow_gbdt,bottom,all_a_ml_today_walk_forward_v1,capped_confirmation,index,sse_composite,上证指数,region_or_episode,window,confirmation,single_lobe,11,3,8,0.2727272727272727,13,3,10,6,4,0,0.23076923076923078,1.0,1.0,3.0
ml_today_shallow_gbdt,bottom,all_a_ml_today_walk_forward_v1,capped_confirmation,index,sse_composite,上证指数,region_or_episode,window,prediction,all,17,3,14,0.17647058823529413,25,3,22,17,4,0,0.12,0.0,-3.5,0.0
ml_today_shallow_gbdt,bottom,all_a_ml_today_walk_forward_v1,capped_confirmation,index,sse_composite,上证指数,region_or_episode,window,prediction,multi_lobe,6,0,6,0.0,2,0,2,1,0,0,0.0,,,
ml_today_shallow_gbdt,bottom,all_a_ml_today_walk_forward_v1,capped_confirmation,index,sse_composite,上证指数,region_or_episode,window,prediction,single_lobe,11,3,8,0.2727272727272727,23,3,20,16,4,0,0.13043478260869565,0.0,-3.5,0.0
ml_today_shallow_gbdt,bottom,all_a_ml_today_walk_forward_v1,onset,all_indices,__all__,全部指数（指数-事件对）,index_region_or_index_episode_pair,loose,all,all,109,34,75,0.3119266055045872,343,34,309,188,90,0,0.09912536443148688,0.0,-1.0,0.0
ml_today_shallow_gbdt,bottom,all_a_ml_today_walk_forward_v1,onset,all_indices,__all__,全部指数（指数-事件对）,index_region_or_index_episode_pair,loose,all,multi_lobe,46,20,26,0.43478260869565216,87,20,67,24,34,0,0.22988505747126436,-1.0,-2.0,0.0
ml_today_shallow_gbdt,bottom,all_a_ml_today_walk_forward_v1,onset,all_indices,__all__,全部指数（指数-事件对）,index_region_or_index_episode_pair,loose,all,single_lobe,63,14,49,0.2222222222222222,256,14,242,164,56,0,0.0546875,0.0,-1.0,0.0
ml_today_shallow_gbdt,bottom,all_a_ml_today_walk_forward_v1,onset,all_indices,__all__,全部指数（指数-事件对）,index_region_or_index_episode_pair,loose,confirmation,all,104,1,103,0.009615384615384616,133,1,132,50,63,0,0.007518796992481203,4.0,4.0,4.0
ml_today_shallow_gbdt,bottom,all_a_ml_today_walk_forward_v1,onset,all_indices,__all__,全部指数（指数-事件对）,index_region_or_index_episode_pair,loose,confirmation,multi_lobe,43,1,42,0.023255813953488372,50,1,49,13,30,0,0.02,4.0,4.0,4.0
ml_today_shallow_gbdt,bottom,all_a_ml_today_walk_forward_v1,onset,all_indices,__all__,全部指数（指数-事件对）,index_region_or_index_episode_pair,loose,confirmation,single_lobe,61,0,61,0.0,83,0,83,37,33,0,0.0,,,
ml_today_shallow_gbdt,bottom,all_a_ml_today_walk_forward_v1,onset,all_indices,__all__,全部指数（指数-事件对）,index_region_or_index_episode_pair,loose,prediction,all,104,28,76,0.2692307692307692,210,28,182,138,27,0,0.13333333333333333,0.0,-1.0,0.0
ml_today_shallow_gbdt,bottom,all_a_ml_today_walk_forward_v1,onset,all_indices,__all__,全部指数（指数-事件对）,index_region_or_index_episode_pair,loose,prediction,multi_lobe,41,14,27,0.34146341463414637,37,14,23,11,4,0,0.3783783783783784,0.0,-1.0,0.0
ml_today_shallow_gbdt,bottom,all_a_ml_today_walk_forward_v1,onset,all_indices,__all__,全部指数（指数-事件对）,index_region_or_index_episode_pair,loose,prediction,single_lobe,63,14,49,0.2222222222222222,173,14,159,127,23,0,0.08092485549132948,0.0,-1.0,0.0
ml_today_shallow_gbdt,bottom,all_a_ml_today_walk_forward_v1,onset,all_indices,__all__,全部指数（指数-事件对）,index_region_or_index_episode_pair,strict,all,all,109,33,76,0.30275229357798167,343,33,310,188,90,0,0.09620991253644315,0.0,-1.0,0.0
ml_today_shallow_gbdt,bottom,all_a_ml_today_walk_forward_v1,onset,all_indices,__all__,全部指数（指数-事件对）,index_region_or_index_episode_pair,strict,all,multi_lobe,46,19,27,0.41304347826086957,87,19,68,24,34,0,0.21839080459770116,-1.0,-2.0,0.0
ml_today_shallow_gbdt,bottom,all_a_ml_today_walk_forward_v1,onset,all_indices,__all__,全部指数（指数-事件对）,index_region_or_index_episode_pair,strict,all,single_lobe,63,14,49,0.2222222222222222,256,14,242,164,56,0,0.0546875,0.0,-1.0,0.0
ml_today_shallow_gbdt,bottom,all_a_ml_today_walk_forward_v1,onset,all_indices,__all__,全部指数（指数-事件对）,index_region_or_index_episode_pair,strict,confirmation,all,104,0,104,0.0,133,0,133,50,63,0,0.0,,,
ml_today_shallow_gbdt,bottom,all_a_ml_today_walk_forward_v1,onset,all_indices,__all__,全部指数（指数-事件对）,index_region_or_index_episode_pair,strict,confirmation,multi_lobe,43,0,43,0.0,50,0,50,13,30,0,0.0,,,
ml_today_shallow_gbdt,bottom,all_a_ml_today_walk_forward_v1,onset,all_indices,__all__,全部指数（指数-事件对）,index_region_or_index_episode_pair,strict,confirmation,single_lobe,61,0,61,0.0,83,0,83,37,33,0,0.0,,,
ml_today_shallow_gbdt,bottom,all_a_ml_today_walk_forward_v1,onset,all_indices,__all__,全部指数（指数-事件对）,index_region_or_index_episode_pair,strict,prediction,all,104,28,76,0.2692307692307692,210,28,182,138,27,0,0.13333333333333333,0.0,-1.0,0.0
ml_today_shallow_gbdt,bottom,all_a_ml_today_walk_forward_v1,onset,all_indices,__all__,全部指数（指数-事件对）,index_region_or_index_episode_pair,strict,prediction,multi_lobe,41,14,27,0.34146341463414637,37,14,23,11,4,0,0.3783783783783784,0.0,-1.0,0.0
ml_today_shallow_gbdt,bottom,all_a_ml_today_walk_forward_v1,onset,all_indices,__all__,全部指数（指数-事件对）,index_region_or_index_episode_pair,strict,prediction,single_lobe,63,14,49,0.2222222222222222,173,14,159,127,23,0,0.08092485549132948,0.0,-1.0,0.0
ml_today_shallow_gbdt,bottom,all_a_ml_today_walk_forward_v1,onset,all_indices,__all__,全部指数（指数-事件对）,index_region_or_index_episode_pair,window,all,all,109,65,44,0.5963302752293578,343,65,278,188,90,0,0.18950437317784258,0.0,-1.0,4.0
ml_today_shallow_gbdt,bottom,all_a_ml_today_walk_forward_v1,onset,all_indices,__all__,全部指数（指数-事件对）,index_region_or_index_episode_pair,window,all,multi_lobe,46,29,17,0.6304347826086957,87,29,58,24,34,0,0.3333333333333333,0.0,-2.0,0.0
ml_today_shallow_gbdt,bottom,all_a_ml_today_walk_forward_v1,onset,all_indices,__all__,全部指数（指数-事件对）,index_region_or_index_episode_pair,window,all,single_lobe,63,36,27,0.5714285714285714,256,36,220,164,56,0,0.140625,0.0,-1.0,4.0
ml_today_shallow_gbdt,bottom,all_a_ml_today_walk_forward_v1,onset,all_indices,__all__,全部指数（指数-事件对）,index_region_or_index_episode_pair,window,confirmation,all,104,20,84,0.19230769230769232,133,20,113,50,63,0,0.15037593984962405,7.0,4.0,8.25
ml_today_shallow_gbdt,bottom,all_a_ml_today_walk_forward_v1,onset,all_indices,__all__,全部指数（指数-事件对）,index_region_or_index_episode_pair,window,confirmation,multi_lobe,43,7,36,0.16279069767441862,50,7,43,13,30,0,0.14,7.0,7.0,7.0
ml_today_shallow_gbdt,bottom,all_a_ml_today_walk_forward_v1,onset,all_indices,__all__,全部指数（指数-事件对）,index_region_or_index_episode_pair,window,confirmation,single_lobe,61,13,48,0.21311475409836064,83,13,70,37,33,0,0.1566265060240964,6.0,4.0,9.0
ml_today_shallow_gbdt,bottom,all_a_ml_today_walk_forward_v1,onset,all_indices,__all__,全部指数（指数-事件对）,index_region_or_index_episode_pair,window,prediction,all,104,40,64,0.38461538461538464,210,40,170,138,27,0,0.19047619047619047,-1.0,-2.0,0.0
ml_today_shallow_gbdt,bottom,all_a_ml_today_walk_forward_v1,onset,all_indices,__all__,全部指数（指数-事件对）,index_region_or_index_episode_pair,window,prediction,multi_lobe,41,17,24,0.4146341463414634,37,17,20,11,4,0,0.4594594594594595,-1.0,-2.0,0.0
ml_today_shallow_gbdt,bottom,all_a_ml_today_walk_forward_v1,onset,all_indices,__all__,全部指数（指数-事件对）,index_region_or_index_episode_pair,window,prediction,single_lobe,63,23,40,0.36507936507936506,173,23,150,127,23,0,0.1329479768786127,-1.0,-1.0,0.0
ml_today_shallow_gbdt,bottom,all_a_ml_today_walk_forward_v1,onset,index,all_a,全A,region_or_episode,loose,all,all,15,6,9,0.4,49,6,43,29,11,0,0.12244897959183673,-1.0,-1.75,-0.25
ml_today_shallow_gbdt,bottom,all_a_ml_today_walk_forward_v1,onset,index,all_a,全A,region_or_episode,loose,all,multi_lobe,10,5,5,0.5,29,5,24,12,10,0,0.1724137931034483,-1.0,-2.0,0.0
ml_today_shallow_gbdt,bottom,all_a_ml_today_walk_forward_v1,onset,index,all_a,全A,region_or_episode,loose,all,single_lobe,5,1,4,0.2,20,1,19,17,1,0,0.05,-1.0,-1.0,-1.0
ml_today_shallow_gbdt,bottom,all_a_ml_today_walk_forward_v1,onset,index,all_a,全A,region_or_episode,loose,confirmation,all,14,0,14,0.0,16,0,16,6,8,0,0.0,,,
ml_today_shallow_gbdt,bottom,all_a_ml_today_walk_forward_v1,onset,index,all_a,全A,region_or_episode,loose,confirmation,multi_lobe,9,0,9,0.0,15,0,15,6,8,0,0.0,,,
ml_today_shallow_gbdt,bottom,all_a_ml_today_walk_forward_v1,onset,index,all_a,全A,region_or_episode,loose,confirmation,single_lobe,5,0,5,0.0,1,0,1,0,0,0,0.0,,,
ml_today_shallow_gbdt,bottom,all_a_ml_today_walk_forward_v1,onset,index,all_a,全A,region_or_episode,loose,prediction,all,14,5,9,0.35714285714285715,33,5,28,23,3,0,0.15151515151515152,-1.0,-1.0,0.0
ml_today_shallow_gbdt,bottom,all_a_ml_today_walk_forward_v1,onset,index,all_a,全A,region_or_episode,loose,prediction,multi_lobe,9,4,5,0.4444444444444444,14,4,10,6,2,0,0.2857142857142857,-0.5,-1.25,0.0
ml_today_shallow_gbdt,bottom,all_a_ml_today_walk_forward_v1,onset,index,all_a,全A,region_or_episode,loose,prediction,single_lobe,5,1,4,0.2,19,1,18,17,1,0,0.05263157894736842,-1.0,-1.0,-1.0
ml_today_shallow_gbdt,bottom,all_a_ml_today_walk_forward_v1,onset,index,all_a,全A,region_or_episode,strict,all,all,15,6,9,0.4,49,6,43,29,11,0,0.12244897959183673,-1.0,-1.75,-0.25
ml_today_shallow_gbdt,bottom,all_a_ml_today_walk_forward_v1,onset,index,all_a,全A,region_or_episode,strict,all,multi_lobe,10,5,5,0.5,29,5,24,12,10,0,0.1724137931034483,-1.0,-2.0,0.0
ml_today_shallow_gbdt,bottom,all_a_ml_today_walk_forward_v1,onset,index,all_a,全A,region_or_episode,strict,all,single_lobe,5,1,4,0.2,20,1,19,17,1,0,0.05,-1.0,-1.0,-1.0
ml_today_shallow_gbdt,bottom,all_a_ml_today_walk_forward_v1,onset,index,all_a,全A,region_or_episode,strict,confirmation,all,14,0,14,0.0,16,0,16,6,8,0,0.0,,,
ml_today_shallow_gbdt,bottom,all_a_ml_today_walk_forward_v1,onset,index,all_a,全A,region_or_episode,strict,confirmation,multi_lobe,9,0,9,0.0,15,0,15,6,8,0,0.0,,,
ml_today_shallow_gbdt,bottom,all_a_ml_today_walk_forward_v1,onset,index,all_a,全A,region_or_episode,strict,confirmation,single_lobe,5,0,5,0.0,1,0,1,0,0,0,0.0,,,
ml_today_shallow_gbdt,bottom,all_a_ml_today_walk_forward_v1,onset,index,all_a,全A,region_or_episode,strict,prediction,all,14,5,9,0.35714285714285715,33,5,28,23,3,0,0.15151515151515152,-1.0,-1.0,0.0
ml_today_shallow_gbdt,bottom,all_a_ml_today_walk_forward_v1,onset,index,all_a,全A,region_or_episode,strict,prediction,multi_lobe,9,4,5,0.4444444444444444,14,4,10,6,2,0,0.2857142857142857,-0.5,-1.25,0.0
ml_today_shallow_gbdt,bottom,all_a_ml_today_walk_forward_v1,onset,index,all_a,全A,region_or_episode,strict,prediction,single_lobe,5,1,4,0.2,19,1,18,17,1,0,0.05263157894736842,-1.0,-1.0,-1.0
ml_today_shallow_gbdt,bottom,all_a_ml_today_walk_forward_v1,onset,index,all_a,全A,region_or_episode,window,all,all,15,9,6,0.6,49,9,40,29,11,0,0.1836734693877551,-1.0,-2.0,0.0
ml_today_shallow_gbdt,bottom,all_a_ml_today_walk_forward_v1,onset,index,all_a,全A,region_or_episode,window,all,multi_lobe,10,7,3,0.7,29,7,22,12,10,0,0.2413793103448276,-1.0,-2.0,0.0
ml_today_shallow_gbdt,bottom,all_a_ml_today_walk_forward_v1,onset,index,all_a,全A,region_or_episode,window,all,single_lobe,5,2,3,0.4,20,2,18,17,1,0,0.1,1.5,0.25,2.75
ml_today_shallow_gbdt,bottom,all_a_ml_today_walk_forward_v1,onset,index,all_a,全A,region_or_episode,window,confirmation,all,14,2,12,0.14285714285714285,16,2,14,6,8,0,0.125,5.5,4.75,6.25
ml_today_shallow_gbdt,bottom,all_a_ml_today_walk_forward_v1,onset,index,all_a,全A,region_or_episode,window,confirmation,multi_lobe,9,1,8,0.1111111111111111,15,1,14,6,8,0,0.06666666666666667,7.0,7.0,7.0
ml_today_shallow_gbdt,bottom,all_a_ml_today_walk_forward_v1,onset,index,all_a,全A,region_or_episode,window,confirmation,single_lobe,5,1,4,0.2,1,1,0,0,0,0,1.0,4.0,4.0,4.0
ml_today_shallow_gbdt,bottom,all_a_ml_today_walk_forward_v1,onset,index,all_a,全A,region_or_episode,window,prediction,all,14,6,8,0.42857142857142855,33,6,27,23,3,0,0.18181818181818182,-1.0,-1.75,-0.25
ml_today_shallow_gbdt,bottom,all_a_ml_today_walk_forward_v1,onset,index,all_a,全A,region_or_episode,window,prediction,multi_lobe,9,5,4,0.5555555555555556,14,5,9,6,2,0,0.35714285714285715,-1.0,-2.0,0.0
ml_today_shallow_gbdt,bottom,all_a_ml_today_walk_forward_v1,onset,index,all_a,全A,region_or_episode,window,prediction,single_lobe,5,1,4,0.2,19,1,18,17,1,0,0.05263157894736842,-1.0,-1.0,-1.0
ml_today_shallow_gbdt,bottom,all_a_ml_today_walk_forward_v1,onset,index,cni2000,国证2000,region_or_episode,loose,all,all,16,2,14,0.125,49,2,47,27,13,0,0.04081632653061224,0.0,0.0,0.0
ml_today_shallow_gbdt,bottom,all_a_ml_today_walk_forward_v1,onset,index,cni2000,国证2000,region_or_episode,loose,all,multi_lobe,4,1,3,0.25,4,1,3,0,2,0,0.25,0.0,0.0,0.0
ml_today_shallow_gbdt,bottom,all_a_ml_today_walk_forward_v1,onset,index,cni2000,国证2000,region_or_episode,loose,all,single_lobe,12,1,11,0.08333333333333333,45,1,44,27,11,0,0.022222222222222223,0.0,0.0,0.0
ml_today_shallow_gbdt,bottom,all_a_ml_today_walk_forward_v1,onset,index,cni2000,国证2000,region_or_episode,loose,confirmation,all,15,0,15,0.0,16,0,16,3,9,0,0.0,,,
ml_today_shallow_gbdt,bottom,all_a_ml_today_walk_forward_v1,onset,index,cni2000,国证2000,region_or_episode,loose,confirmation,multi_lobe,4,0,4,0.0,3,0,3,0,2,0,0.0,,,
ml_today_shallow_gbdt,bottom,all_a_ml_today_walk_forward_v1,onset,index,cni2000,国证2000,region_or_episode,loose,confirmation,single_lobe,11,0,11,0.0,13,0,13,3,7,0,0.0,,,
ml_today_shallow_gbdt,bottom,all_a_ml_today_walk_forward_v1,onset,index,cni2000,国证2000,region_or_episode,loose,prediction,all,16,2,14,0.125,33,2,31,24,4,0,0.06060606060606061,0.0,0.0,0.0
ml_today_shallow_gbdt,bottom,all_a_ml_today_walk_forward_v1,onset,index,cni2000,国证2000,region_or_episode,loose,prediction,multi_lobe,4,1,3,0.25,1,1,0,0,0,0,1.0,0.0,0.0,0.0
ml_today_shallow_gbdt,bottom,all_a_ml_today_walk_forward_v1,onset,index,cni2000,国证2000,region_or_episode,loose,prediction,single_lobe,12,1,11,0.08333333333333333,32,1,31,24,4,0,0.03125,0.0,0.0,0.0
ml_today_shallow_gbdt,bottom,all_a_ml_today_walk_forward_v1,onset,index,cni2000,国证2000,region_or_episode,strict,all,all,16,2,14,0.125,49,2,47,27,13,0,0.04081632653061224,0.0,0.0,0.0
ml_today_shallow_gbdt,bottom,all_a_ml_today_walk_forward_v1,onset,index,cni2000,国证2000,region_or_episode,strict,all,multi_lobe,4,1,3,0.25,4,1,3,0,2,0,0.25,0.0,0.0,0.0
ml_today_shallow_gbdt,bottom,all_a_ml_today_walk_forward_v1,onset,index,cni2000,国证2000,region_or_episode,strict,all,single_lobe,12,1,11,0.08333333333333333,45,1,44,27,11,0,0.022222222222222223,0.0,0.0,0.0
ml_today_shallow_gbdt,bottom,all_a_ml_today_walk_forward_v1,onset,index,cni2000,国证2000,region_or_episode,strict,confirmation,all,15,0,15,0.0,16,0,16,3,9,0,0.0,,,
ml_today_shallow_gbdt,bottom,all_a_ml_today_walk_forward_v1,onset,index,cni2000,国证2000,region_or_episode,strict,confirmation,multi_lobe,4,0,4,0.0,3,0,3,0,2,0,0.0,,,
ml_today_shallow_gbdt,bottom,all_a_ml_today_walk_forward_v1,onset,index,cni2000,国证2000,region_or_episode,strict,confirmation,single_lobe,11,0,11,0.0,13,0,13,3,7,0,0.0,,,
ml_today_shallow_gbdt,bottom,all_a_ml_today_walk_forward_v1,onset,index,cni2000,国证2000,region_or_episode,strict,prediction,all,16,2,14,0.125,33,2,31,24,4,0,0.06060606060606061,0.0,0.0,0.0
ml_today_shallow_gbdt,bottom,all_a_ml_today_walk_forward_v1,onset,index,cni2000,国证2000,region_or_episode,strict,prediction,multi_lobe,4,1,3,0.25,1,1,0,0,0,0,1.0,0.0,0.0,0.0
ml_today_shallow_gbdt,bottom,all_a_ml_today_walk_forward_v1,onset,index,cni2000,国证2000,region_or_episode,strict,prediction,single_lobe,12,1,11,0.08333333333333333,32,1,31,24,4,0,0.03125,0.0,0.0,0.0
ml_today_shallow_gbdt,bottom,all_a_ml_today_walk_forward_v1,onset,index,cni2000,国证2000,region_or_episode,window,all,all,16,9,7,0.5625,49,9,40,27,13,0,0.1836734693877551,0.0,-1.0,7.0
ml_today_shallow_gbdt,bottom,all_a_ml_today_walk_forward_v1,onset,index,cni2000,国证2000,region_or_episode,window,all,multi_lobe,4,2,2,0.5,4,2,2,0,2,0,0.5,3.5,1.75,5.25
ml_today_shallow_gbdt,bottom,all_a_ml_today_walk_forward_v1,onset,index,cni2000,国证2000,region_or_episode,window,all,single_lobe,12,7,5,0.5833333333333334,45,7,38,27,11,0,0.15555555555555556,0.0,-1.5,6.0
ml_today_shallow_gbdt,bottom,all_a_ml_today_walk_forward_v1,onset,index,cni2000,国证2000,region_or_episode,window,confirmation,all,15,4,11,0.26666666666666666,16,4,12,3,9,0,0.25,7.5,6.25,8.5
ml_today_shallow_gbdt,bottom,all_a_ml_today_walk_forward_v1,onset,index,cni2000,国证2000,region_or_episode,window,confirmation,multi_lobe,4,1,3,0.25,3,1,2,0,2,0,0.3333333333333333,7.0,7.0,7.0
ml_today_shallow_gbdt,bottom,all_a_ml_today_walk_forward_v1,onset,index,cni2000,国证2000,region_or_episode,window,confirmation,single_lobe,11,3,8,0.2727272727272727,13,3,10,3,7,0,0.23076923076923078,8.0,6.0,9.0
ml_today_shallow_gbdt,bottom,all_a_ml_today_walk_forward_v1,onset,index,cni2000,国证2000,region_or_episode,window,prediction,all,16,5,11,0.3125,33,5,28,24,4,0,0.15151515151515152,-1.0,-2.0,0.0
ml_today_shallow_gbdt,bottom,all_a_ml_today_walk_forward_v1,onset,index,cni2000,国证2000,region_or_episode,window,prediction,multi_lobe,4,1,3,0.25,1,1,0,0,0,0,1.0,0.0,0.0,0.0
ml_today_shallow_gbdt,bottom,all_a_ml_today_walk_forward_v1,onset,index,cni2000,国证2000,region_or_episode,window,prediction,single_lobe,12,4,8,0.3333333333333333,32,4,28,24,4,0,0.125,-1.5,-3.0,-0.75
ml_today_shallow_gbdt,bottom,all_a_ml_today_walk_forward_v1,onset,index,csi1000,中证1000,region_or_episode,loose,all,all,14,3,11,0.21428571428571427,49,3,46,27,13,0,0.061224489795918366,0.0,-1.0,0.0
ml_today_shallow_gbdt,bottom,all_a_ml_today_walk_forward_v1,onset,index,csi1000,中证1000,region_or_episode,loose,all,multi_lobe,7,2,5,0.2857142857142857,8,2,6,1,3,0,0.25,-1.0,-1.5,-0.5
ml_today_shallow_gbdt,bottom,all_a_ml_today_walk_forward_v1,onset,index,csi1000,中证1000,region_or_episode,loose,all,single_lobe,7,1,6,0.14285714285714285,41,1,40,26,10,0,0.024390243902439025,0.0,0.0,0.0
ml_today_shallow_gbdt,bottom,all_a_ml_today_walk_forward_v1,onset,index,csi1000,中证1000,region_or_episode,loose,confirmation,all,13,0,13,0.0,18,0,18,6,9,0,0.0,,,
ml_today_shallow_gbdt,bottom,all_a_ml_today_walk_forward_v1,onset,index,csi1000,中证1000,region_or_episode,loose,confirmation,multi_lobe,6,0,6,0.0,3,0,3,0,2,0,0.0,,,
ml_today_shallow_gbdt,bottom,all_a_ml_today_walk_forward_v1,onset,index,csi1000,中证1000,region_or_episode,loose,confirmation,single_lobe,7,0,7,0.0,15,0,15,6,7,0,0.0,,,
ml_today_shallow_gbdt,bottom,all_a_ml_today_walk_forward_v1,onset,index,csi1000,中证1000,region_or_episode,loose,prediction,all,13,2,11,0.15384615384615385,31,2,29,21,4,0,0.06451612903225806,0.0,0.0,0.0
ml_today_shallow_gbdt,bottom,all_a_ml_today_walk_forward_v1,onset,index,csi1000,中证1000,region_or_episode,loose,prediction,multi_lobe,6,1,5,0.16666666666666666,5,1,4,1,1,0,0.2,0.0,0.0,0.0
ml_today_shallow_gbdt,bottom,all_a_ml_today_walk_forward_v1,onset,index,csi1000,中证1000,region_or_episode,loose,prediction,single_lobe,7,1,6,0.14285714285714285,26,1,25,20,3,0,0.038461538461538464,0.0,0.0,0.0
ml_today_shallow_gbdt,bottom,all_a_ml_today_walk_forward_v1,onset,index,csi1000,中证1000,region_or_episode,strict,all,all,14,3,11,0.21428571428571427,49,3,46,27,13,0,0.061224489795918366,0.0,-1.0,0.0
ml_today_shallow_gbdt,bottom,all_a_ml_today_walk_forward_v1,onset,index,csi1000,中证1000,region_or_episode,strict,all,multi_lobe,7,2,5,0.2857142857142857,8,2,6,1,3,0,0.25,-1.0,-1.5,-0.5
ml_today_shallow_gbdt,bottom,all_a_ml_today_walk_forward_v1,onset,index,csi1000,中证1000,region_or_episode,strict,all,single_lobe,7,1,6,0.14285714285714285,41,1,40,26,10,0,0.024390243902439025,0.0,0.0,0.0
ml_today_shallow_gbdt,bottom,all_a_ml_today_walk_forward_v1,onset,index,csi1000,中证1000,region_or_episode,strict,confirmation,all,13,0,13,0.0,18,0,18,6,9,0,0.0,,,
ml_today_shallow_gbdt,bottom,all_a_ml_today_walk_forward_v1,onset,index,csi1000,中证1000,region_or_episode,strict,confirmation,multi_lobe,6,0,6,0.0,3,0,3,0,2,0,0.0,,,
ml_today_shallow_gbdt,bottom,all_a_ml_today_walk_forward_v1,onset,index,csi1000,中证1000,region_or_episode,strict,confirmation,single_lobe,7,0,7,0.0,15,0,15,6,7,0,0.0,,,
ml_today_shallow_gbdt,bottom,all_a_ml_today_walk_forward_v1,onset,index,csi1000,中证1000,region_or_episode,strict,prediction,all,13,2,11,0.15384615384615385,31,2,29,21,4,0,0.06451612903225806,0.0,0.0,0.0
ml_today_shallow_gbdt,bottom,all_a_ml_today_walk_forward_v1,onset,index,csi1000,中证1000,region_or_episode,strict,prediction,multi_lobe,6,1,5,0.16666666666666666,5,1,4,1,1,0,0.2,0.0,0.0,0.0
ml_today_shallow_gbdt,bottom,all_a_ml_today_walk_forward_v1,onset,index,csi1000,中证1000,region_or_episode,strict,prediction,single_lobe,7,1,6,0.14285714285714285,26,1,25,20,3,0,0.038461538461538464,0.0,0.0,0.0
ml_today_shallow_gbdt,bottom,all_a_ml_today_walk_forward_v1,onset,index,csi1000,中证1000,region_or_episode,window,all,all,14,9,5,0.6428571428571429,49,9,40,27,13,0,0.1836734693877551,0.0,-2.0,4.0
ml_today_shallow_gbdt,bottom,all_a_ml_today_walk_forward_v1,onset,index,csi1000,中证1000,region_or_episode,window,all,multi_lobe,7,4,3,0.5714285714285714,8,4,4,1,3,0,0.5,-1.0,-3.0,1.75
ml_today_shallow_gbdt,bottom,all_a_ml_today_walk_forward_v1,onset,index,csi1000,中证1000,region_or_episode,window,all,single_lobe,7,5,2,0.7142857142857143,41,5,36,26,10,0,0.12195121951219512,0.0,-1.0,4.0
ml_today_shallow_gbdt,bottom,all_a_ml_today_walk_forward_v1,onset,index,csi1000,中证1000,region_or_episode,window,confirmation,all,13,3,10,0.23076923076923078,18,3,15,6,9,0,0.16666666666666666,7.0,5.5,8.0
ml_today_shallow_gbdt,bottom,all_a_ml_today_walk_forward_v1,onset,index,csi1000,中证1000,region_or_episode,window,confirmation,multi_lobe,6,1,5,0.16666666666666666,3,1,2,0,2,0,0.3333333333333333,7.0,7.0,7.0
ml_today_shallow_gbdt,bottom,all_a_ml_today_walk_forward_v1,onset,index,csi1000,中证1000,region_or_episode,window,confirmation,single_lobe,7,2,5,0.2857142857142857,15,2,13,6,7,0,0.13333333333333333,6.5,5.25,7.75
ml_today_shallow_gbdt,bottom,all_a_ml_today_walk_forward_v1,onset,index,csi1000,中证1000,region_or_episode,window,prediction,all,13,5,8,0.38461538461538464,31,5,26,21,4,0,0.16129032258064516,-1.0,-2.0,0.0
ml_today_shallow_gbdt,bottom,all_a_ml_today_walk_forward_v1,onset,index,csi1000,中证1000,region_or_episode,window,prediction,multi_lobe,6,2,4,0.3333333333333333,5,2,3,1,1,0,0.4,-3.0,-4.5,-1.5
ml_today_shallow_gbdt,bottom,all_a_ml_today_walk_forward_v1,onset,index,csi1000,中证1000,region_or_episode,window,prediction,single_lobe,7,3,4,0.42857142857142855,26,3,23,20,3,0,0.11538461538461539,-1.0,-1.5,-0.5
ml_today_shallow_gbdt,bottom,all_a_ml_today_walk_forward_v1,onset,index,csi300,沪深300,region_or_episode,loose,all,all,15,8,7,0.5333333333333333,49,8,41,28,12,0,0.16326530612244897,0.0,-1.0,0.0
ml_today_shallow_gbdt,bottom,all_a_ml_today_walk_forward_v1,onset,index,csi300,沪深300,region_or_episode,loose,all,multi_lobe,7,4,3,0.5714285714285714,13,4,9,5,4,0,0.3076923076923077,-0.5,-1.25,1.0
ml_today_shallow_gbdt,bottom,all_a_ml_today_walk_forward_v1,onset,index,csi300,沪深300,region_or_episode,loose,all,single_lobe,8,4,4,0.5,36,4,32,23,8,0,0.1111111111111111,0.0,-0.25,0.0
ml_today_shallow_gbdt,bottom,all_a_ml_today_walk_forward_v1,onset,index,csi300,沪深300,region_or_episode,loose,confirmation,all,15,1,14,0.06666666666666667,18,1,17,8,8,0,0.05555555555555555,4.0,4.0,4.0
ml_today_shallow_gbdt,bottom,all_a_ml_today_walk_forward_v1,onset,index,csi300,沪深300,region_or_episode,loose,confirmation,multi_lobe,7,1,6,0.14285714285714285,8,1,7,3,4,0,0.125,4.0,4.0,4.0
ml_today_shallow_gbdt,bottom,all_a_ml_today_walk_forward_v1,onset,index,csi300,沪深300,region_or_episode,loose,confirmation,single_lobe,8,0,8,0.0,10,0,10,5,4,0,0.0,,,
ml_today_shallow_gbdt,bottom,all_a_ml_today_walk_forward_v1,onset,index,csi300,沪深300,region_or_episode,loose,prediction,all,14,6,8,0.42857142857142855,31,6,25,20,4,0,0.1935483870967742,0.0,-0.75,0.0
ml_today_shallow_gbdt,bottom,all_a_ml_today_walk_forward_v1,onset,index,csi300,沪深300,region_or_episode,loose,prediction,multi_lobe,6,2,4,0.3333333333333333,5,2,3,2,0,0,0.4,-0.5,-0.75,-0.25
ml_today_shallow_gbdt,bottom,all_a_ml_today_walk_forward_v1,onset,index,csi300,沪深300,region_or_episode,loose,prediction,single_lobe,8,4,4,0.5,26,4,22,18,4,0,0.15384615384615385,0.0,-0.25,0.0
ml_today_shallow_gbdt,bottom,all_a_ml_today_walk_forward_v1,onset,index,csi300,沪深300,region_or_episode,strict,all,all,15,7,8,0.4666666666666667,49,7,42,28,12,0,0.14285714285714285,0.0,-1.0,0.0
ml_today_shallow_gbdt,bottom,all_a_ml_today_walk_forward_v1,onset,index,csi300,沪深300,region_or_episode,strict,all,multi_lobe,7,3,4,0.42857142857142855,13,3,10,5,4,0,0.23076923076923078,-1.0,-1.5,-0.5
ml_today_shallow_gbdt,bottom,all_a_ml_today_walk_forward_v1,onset,index,csi300,沪深300,region_or_episode,strict,all,single_lobe,8,4,4,0.5,36,4,32,23,8,0,0.1111111111111111,0.0,-0.25,0.0
ml_today_shallow_gbdt,bottom,all_a_ml_today_walk_forward_v1,onset,index,csi300,沪深300,region_or_episode,strict,confirmation,all,15,0,15,0.0,18,0,18,8,8,0,0.0,,,
ml_today_shallow_gbdt,bottom,all_a_ml_today_walk_forward_v1,onset,index,csi300,沪深300,region_or_episode,strict,confirmation,multi_lobe,7,0,7,0.0,8,0,8,3,4,0,0.0,,,
ml_today_shallow_gbdt,bottom,all_a_ml_today_walk_forward_v1,onset,index,csi300,沪深300,region_or_episode,strict,confirmation,single_lobe,8,0,8,0.0,10,0,10,5,4,0,0.0,,,
ml_today_shallow_gbdt,bottom,all_a_ml_today_walk_forward_v1,onset,index,csi300,沪深300,region_or_episode,strict,prediction,all,14,6,8,0.42857142857142855,31,6,25,20,4,0,0.1935483870967742,0.0,-0.75,0.0
ml_today_shallow_gbdt,bottom,all_a_ml_today_walk_forward_v1,onset,index,csi300,沪深300,region_or_episode,strict,prediction,multi_lobe,6,2,4,0.3333333333333333,5,2,3,2,0,0,0.4,-0.5,-0.75,-0.25
ml_today_shallow_gbdt,bottom,all_a_ml_today_walk_forward_v1,onset,index,csi300,沪深300,region_or_episode,strict,prediction,single_lobe,8,4,4,0.5,26,4,22,18,4,0,0.15384615384615385,0.0,-0.25,0.0
ml_today_shallow_gbdt,bottom,all_a_ml_today_walk_forward_v1,onset,index,csi300,沪深300,region_or_episode,window,all,all,15,9,6,0.6,49,9,40,28,12,0,0.1836734693877551,0.0,-1.0,0.0
ml_today_shallow_gbdt,bottom,all_a_ml_today_walk_forward_v1,onset,index,csi300,沪深300,region_or_episode,window,all,multi_lobe,7,4,3,0.5714285714285714,13,4,9,5,4,0,0.3076923076923077,-0.5,-1.25,1.0
ml_today_shallow_gbdt,bottom,all_a_ml_today_walk_forward_v1,onset,index,csi300,沪深300,region_or_episode,window,all,single_lobe,8,5,3,0.625,36,5,31,23,8,0,0.1388888888888889,0.0,0.0,0.0
ml_today_shallow_gbdt,bottom,all_a_ml_today_walk_forward_v1,onset,index,csi300,沪深300,region_or_episode,window,confirmation,all,15,2,13,0.13333333333333333,18,2,16,8,8,0,0.1111111111111111,5.0,4.5,5.5
ml_today_shallow_gbdt,bottom,all_a_ml_today_walk_forward_v1,onset,index,csi300,沪深300,region_or_episode,window,confirmation,multi_lobe,7,1,6,0.14285714285714285,8,1,7,3,4,0,0.125,4.0,4.0,4.0
ml_today_shallow_gbdt,bottom,all_a_ml_today_walk_forward_v1,onset,index,csi300,沪深300,region_or_episode,window,confirmation,single_lobe,8,1,7,0.125,10,1,9,5,4,0,0.1,6.0,6.0,6.0
ml_today_shallow_gbdt,bottom,all_a_ml_today_walk_forward_v1,onset,index,csi300,沪深300,region_or_episode,window,prediction,all,14,6,8,0.42857142857142855,31,6,25,20,4,0,0.1935483870967742,0.0,-0.75,0.0
ml_today_shallow_gbdt,bottom,all_a_ml_today_walk_forward_v1,onset,index,csi300,沪深300,region_or_episode,window,prediction,multi_lobe,6,2,4,0.3333333333333333,5,2,3,2,0,0,0.4,-0.5,-0.75,-0.25
ml_today_shallow_gbdt,bottom,all_a_ml_today_walk_forward_v1,onset,index,csi300,沪深300,region_or_episode,window,prediction,single_lobe,8,4,4,0.5,26,4,22,18,4,0,0.15384615384615385,0.0,-0.25,0.0
ml_today_shallow_gbdt,bottom,all_a_ml_today_walk_forward_v1,onset,index,csi500,中证500,region_or_episode,loose,all,all,16,6,10,0.375,49,6,43,25,13,0,0.12244897959183673,-1.5,-2.0,-0.25
ml_today_shallow_gbdt,bottom,all_a_ml_today_walk_forward_v1,onset,index,csi500,中证500,region_or_episode,loose,all,multi_lobe,10,5,5,0.5,18,5,13,2,9,0,0.2777777777777778,-2.0,-2.0,-1.0
ml_today_shallow_gbdt,bottom,all_a_ml_today_walk_forward_v1,onset,index,csi500,中证500,region_or_episode,loose,all,single_lobe,6,1,5,0.16666666666666666,31,1,30,23,4,0,0.03225806451612903,0.0,0.0,0.0
ml_today_shallow_gbdt,bottom,all_a_ml_today_walk_forward_v1,onset,index,csi500,中证500,region_or_episode,loose,confirmation,all,15,0,15,0.0,18,0,18,6,9,0,0.0,,,
ml_today_shallow_gbdt,bottom,all_a_ml_today_walk_forward_v1,onset,index,csi500,中证500,region_or_episode,loose,confirmation,multi_lobe,9,0,9,0.0,10,0,10,1,8,0,0.0,,,
ml_today_shallow_gbdt,bottom,all_a_ml_today_walk_forward_v1,onset,index,csi500,中证500,region_or_episode,loose,confirmation,single_lobe,6,0,6,0.0,8,0,8,5,1,0,0.0,,,
ml_today_shallow_gbdt,bottom,all_a_ml_today_walk_forward_v1,onset,index,csi500,中证500,region_or_episode,loose,prediction,all,15,5,10,0.3333333333333333,31,5,26,19,4,0,0.16129032258064516,-1.0,-2.0,0.0
ml_today_shallow_gbdt,bottom,all_a_ml_today_walk_forward_v1,onset,index,csi500,中证500,region_or_episode,loose,prediction,multi_lobe,9,4,5,0.4444444444444444,8,4,4,1,1,0,0.5,-1.5,-6.25,-0.75
ml_today_shallow_gbdt,bottom,all_a_ml_today_walk_forward_v1,onset,index,csi500,中证500,region_or_episode,loose,prediction,single_lobe,6,1,5,0.16666666666666666,23,1,22,18,3,0,0.043478260869565216,0.0,0.0,0.0
ml_today_shallow_gbdt,bottom,all_a_ml_today_walk_forward_v1,onset,index,csi500,中证500,region_or_episode,strict,all,all,16,6,10,0.375,49,6,43,25,13,0,0.12244897959183673,-1.5,-2.0,-0.25
ml_today_shallow_gbdt,bottom,all_a_ml_today_walk_forward_v1,onset,index,csi500,中证500,region_or_episode,strict,all,multi_lobe,10,5,5,0.5,18,5,13,2,9,0,0.2777777777777778,-2.0,-2.0,-1.0
ml_today_shallow_gbdt,bottom,all_a_ml_today_walk_forward_v1,onset,index,csi500,中证500,region_or_episode,strict,all,single_lobe,6,1,5,0.16666666666666666,31,1,30,23,4,0,0.03225806451612903,0.0,0.0,0.0
ml_today_shallow_gbdt,bottom,all_a_ml_today_walk_forward_v1,onset,index,csi500,中证500,region_or_episode,strict,confirmation,all,15,0,15,0.0,18,0,18,6,9,0,0.0,,,
ml_today_shallow_gbdt,bottom,all_a_ml_today_walk_forward_v1,onset,index,csi500,中证500,region_or_episode,strict,confirmation,multi_lobe,9,0,9,0.0,10,0,10,1,8,0,0.0,,,
ml_today_shallow_gbdt,bottom,all_a_ml_today_walk_forward_v1,onset,index,csi500,中证500,region_or_episode,strict,confirmation,single_lobe,6,0,6,0.0,8,0,8,5,1,0,0.0,,,
ml_today_shallow_gbdt,bottom,all_a_ml_today_walk_forward_v1,onset,index,csi500,中证500,region_or_episode,strict,prediction,all,15,5,10,0.3333333333333333,31,5,26,19,4,0,0.16129032258064516,-1.0,-2.0,0.0
ml_today_shallow_gbdt,bottom,all_a_ml_today_walk_forward_v1,onset,index,csi500,中证500,region_or_episode,strict,prediction,multi_lobe,9,4,5,0.4444444444444444,8,4,4,1,1,0,0.5,-1.5,-6.25,-0.75
ml_today_shallow_gbdt,bottom,all_a_ml_today_walk_forward_v1,onset,index,csi500,中证500,region_or_episode,strict,prediction,single_lobe,6,1,5,0.16666666666666666,23,1,22,18,3,0,0.043478260869565216,0.0,0.0,0.0
ml_today_shallow_gbdt,bottom,all_a_ml_today_walk_forward_v1,onset,index,csi500,中证500,region_or_episode,window,all,all,16,11,5,0.6875,49,11,38,25,13,0,0.22448979591836735,-1.0,-2.0,2.0
ml_today_shallow_gbdt,bottom,all_a_ml_today_walk_forward_v1,onset,index,csi500,中证500,region_or_episode,window,all,multi_lobe,10,7,3,0.7,18,7,11,2,9,0,0.3888888888888889,-2.0,-7.5,-0.5
ml_today_shallow_gbdt,bottom,all_a_ml_today_walk_forward_v1,onset,index,csi500,中证500,region_or_episode,window,all,single_lobe,6,4,2,0.6666666666666666,31,4,27,23,4,0,0.12903225806451613,2.0,-0.25,5.25
ml_today_shallow_gbdt,bottom,all_a_ml_today_walk_forward_v1,onset,index,csi500,中证500,region_or_episode,window,confirmation,all,15,3,12,0.2,18,3,15,6,9,0,0.16666666666666666,7.0,5.5,8.0
ml_today_shallow_gbdt,bottom,all_a_ml_today_walk_forward_v1,onset,index,csi500,中证500,region_or_episode,window,confirmation,multi_lobe,9,1,8,0.1111111111111111,10,1,9,1,8,0,0.1,7.0,7.0,7.0
ml_today_shallow_gbdt,bottom,all_a_ml_today_walk_forward_v1,onset,index,csi500,中证500,region_or_episode,window,confirmation,single_lobe,6,2,4,0.3333333333333333,8,2,6,5,1,0,0.25,6.5,5.25,7.75
ml_today_shallow_gbdt,bottom,all_a_ml_today_walk_forward_v1,onset,index,csi500,中证500,region_or_episode,window,prediction,all,15,7,8,0.4666666666666667,31,7,24,19,4,0,0.22580645161290322,-1.0,-7.5,-0.5
ml_today_shallow_gbdt,bottom,all_a_ml_today_walk_forward_v1,onset,index,csi500,中证500,region_or_episode,window,prediction,multi_lobe,9,5,4,0.5555555555555556,8,5,3,1,1,0,0.625,-2.0,-13.0,-1.0
ml_today_shallow_gbdt,bottom,all_a_ml_today_walk_forward_v1,onset,index,csi500,中证500,region_or_episode,window,prediction,single_lobe,6,2,4,0.3333333333333333,23,2,21,18,3,0,0.08695652173913043,-0.5,-0.75,-0.25
ml_today_shallow_gbdt,bottom,all_a_ml_today_walk_forward_v1,onset,index,microcap,微盘股,region_or_episode,loose,all,all,15,2,13,0.13333333333333333,49,2,47,26,15,0,0.04081632653061224,-0.5,-0.75,-0.25
ml_today_shallow_gbdt,bottom,all_a_ml_today_walk_forward_v1,onset,index,microcap,微盘股,region_or_episode,loose,all,multi_lobe,1,0,1,0.0,2,0,2,0,1,0,0.0,,,
ml_today_shallow_gbdt,bottom,all_a_ml_today_walk_forward_v1,onset,index,microcap,微盘股,region_or_episode,loose,all,single_lobe,14,2,12,0.14285714285714285,47,2,45,26,14,0,0.0425531914893617,-0.5,-0.75,-0.25
ml_today_shallow_gbdt,bottom,all_a_ml_today_walk_forward_v1,onset,index,microcap,微盘股,region_or_episode,loose,confirmation,all,14,0,14,0.0,26,0,26,12,11,0,0.0,,,
ml_today_shallow_gbdt,bottom,all_a_ml_today_walk_forward_v1,onset,index,microcap,微盘股,region_or_episode,loose,confirmation,multi_lobe,1,0,1,0.0,2,0,2,0,1,0,0.0,,,
ml_today_shallow_gbdt,bottom,all_a_ml_today_walk_forward_v1,onset,index,microcap,微盘股,region_or_episode,loose,confirmation,single_lobe,13,0,13,0.0,24,0,24,12,10,0,0.0,,,
ml_today_shallow_gbdt,bottom,all_a_ml_today_walk_forward_v1,onset,index,microcap,微盘股,region_or_episode,loose,prediction,all,15,2,13,0.13333333333333333,23,2,21,14,4,0,0.08695652173913043,-0.5,-0.75,-0.25
ml_today_shallow_gbdt,bottom,all_a_ml_today_walk_forward_v1,onset,index,microcap,微盘股,region_or_episode,loose,prediction,multi_lobe,1,0,1,0.0,0,0,0,0,0,0,,,,
ml_today_shallow_gbdt,bottom,all_a_ml_today_walk_forward_v1,onset,index,microcap,微盘股,region_or_episode,loose,prediction,single_lobe,14,2,12,0.14285714285714285,23,2,21,14,4,0,0.08695652173913043,-0.5,-0.75,-0.25
ml_today_shallow_gbdt,bottom,all_a_ml_today_walk_forward_v1,onset,index,microcap,微盘股,region_or_episode,strict,all,all,15,2,13,0.13333333333333333,49,2,47,26,15,0,0.04081632653061224,-0.5,-0.75,-0.25
ml_today_shallow_gbdt,bottom,all_a_ml_today_walk_forward_v1,onset,index,microcap,微盘股,region_or_episode,strict,all,multi_lobe,1,0,1,0.0,2,0,2,0,1,0,0.0,,,
ml_today_shallow_gbdt,bottom,all_a_ml_today_walk_forward_v1,onset,index,microcap,微盘股,region_or_episode,strict,all,single_lobe,14,2,12,0.14285714285714285,47,2,45,26,14,0,0.0425531914893617,-0.5,-0.75,-0.25
ml_today_shallow_gbdt,bottom,all_a_ml_today_walk_forward_v1,onset,index,microcap,微盘股,region_or_episode,strict,confirmation,all,14,0,14,0.0,26,0,26,12,11,0,0.0,,,
ml_today_shallow_gbdt,bottom,all_a_ml_today_walk_forward_v1,onset,index,microcap,微盘股,region_or_episode,strict,confirmation,multi_lobe,1,0,1,0.0,2,0,2,0,1,0,0.0,,,
ml_today_shallow_gbdt,bottom,all_a_ml_today_walk_forward_v1,onset,index,microcap,微盘股,region_or_episode,strict,confirmation,single_lobe,13,0,13,0.0,24,0,24,12,10,0,0.0,,,
ml_today_shallow_gbdt,bottom,all_a_ml_today_walk_forward_v1,onset,index,microcap,微盘股,region_or_episode,strict,prediction,all,15,2,13,0.13333333333333333,23,2,21,14,4,0,0.08695652173913043,-0.5,-0.75,-0.25
ml_today_shallow_gbdt,bottom,all_a_ml_today_walk_forward_v1,onset,index,microcap,微盘股,region_or_episode,strict,prediction,multi_lobe,1,0,1,0.0,0,0,0,0,0,0,,,,
ml_today_shallow_gbdt,bottom,all_a_ml_today_walk_forward_v1,onset,index,microcap,微盘股,region_or_episode,strict,prediction,single_lobe,14,2,12,0.14285714285714285,23,2,21,14,4,0,0.08695652173913043,-0.5,-0.75,-0.25
ml_today_shallow_gbdt,bottom,all_a_ml_today_walk_forward_v1,onset,index,microcap,微盘股,region_or_episode,window,all,all,15,8,7,0.5333333333333333,49,8,41,26,15,0,0.16326530612244897,-0.5,-1.25,5.5
ml_today_shallow_gbdt,bottom,all_a_ml_today_walk_forward_v1,onset,index,microcap,微盘股,region_or_episode,window,all,multi_lobe,1,1,0,1.0,2,1,1,0,1,0,0.5,12.0,12.0,12.0
ml_today_shallow_gbdt,bottom,all_a_ml_today_walk_forward_v1,onset,index,microcap,微盘股,region_or_episode,window,all,single_lobe,14,7,7,0.5,47,7,40,26,14,0,0.14893617021276595,-1.0,-1.5,2.0
ml_today_shallow_gbdt,bottom,all_a_ml_today_walk_forward_v1,onset,index,microcap,微盘股,region_or_episode,window,confirmation,all,14,3,11,0.21428571428571427,26,3,23,12,11,0,0.11538461538461539,10.0,7.0,11.0
ml_today_shallow_gbdt,bottom,all_a_ml_today_walk_forward_v1,onset,index,microcap,微盘股,region_or_episode,window,confirmation,multi_lobe,1,1,0,1.0,2,1,1,0,1,0,0.5,12.0,12.0,12.0
ml_today_shallow_gbdt,bottom,all_a_ml_today_walk_forward_v1,onset,index,microcap,微盘股,region_or_episode,window,confirmation,single_lobe,13,2,11,0.15384615384615385,24,2,22,12,10,0,0.08333333333333333,7.0,5.5,8.5
ml_today_shallow_gbdt,bottom,all_a_ml_today_walk_forward_v1,onset,index,microcap,微盘股,region_or_episode,window,prediction,all,15,5,10,0.3333333333333333,23,5,18,14,4,0,0.21739130434782608,-1.0,-2.0,-1.0
ml_today_shallow_gbdt,bottom,all_a_ml_today_walk_forward_v1,onset,index,microcap,微盘股,region_or_episode,window,prediction,multi_lobe,1,0,1,0.0,0,0,0,0,0,0,,,,
ml_today_shallow_gbdt,bottom,all_a_ml_today_walk_forward_v1,onset,index,microcap,微盘股,region_or_episode,window,prediction,single_lobe,14,5,9,0.35714285714285715,23,5,18,14,4,0,0.21739130434782608,-1.0,-2.0,-1.0
ml_today_shallow_gbdt,bottom,all_a_ml_today_walk_forward_v1,onset,index,sse_composite,上证指数,region_or_episode,loose,all,all,18,7,11,0.3888888888888889,49,7,42,26,13,0,0.14285714285714285,0.0,-1.0,0.0
ml_today_shallow_gbdt,bottom,all_a_ml_today_walk_forward_v1,onset,index,sse_composite,上证指数,region_or_episode,loose,all,multi_lobe,7,3,4,0.42857142857142855,13,3,10,4,5,0,0.23076923076923078,0.0,-1.0,0.0
ml_today_shallow_gbdt,bottom,all_a_ml_today_walk_forward_v1,onset,index,sse_composite,上证指数,region_or_episode,loose,all,single_lobe,11,4,7,0.36363636363636365,36,4,32,22,8,0,0.1111111111111111,-0.5,-1.0,0.0
ml_today_shallow_gbdt,bottom,all_a_ml_today_walk_forward_v1,onset,index,sse_composite,上证指数,region_or_episode,loose,confirmation,all,18,0,18,0.0,21,0,21,9,9,0,0.0,,,
ml_today_shallow_gbdt,bottom,all_a_ml_today_walk_forward_v1,onset,index,sse_composite,上证指数,region_or_episode,loose,confirmation,multi_lobe,7,0,7,0.0,9,0,9,3,5,0,0.0,,,
ml_today_shallow_gbdt,bottom,all_a_ml_today_walk_forward_v1,onset,index,sse_composite,上证指数,region_or_episode,loose,confirmation,single_lobe,11,0,11,0.0,12,0,12,6,4,0,0.0,,,
ml_today_shallow_gbdt,bottom,all_a_ml_today_walk_forward_v1,onset,index,sse_composite,上证指数,region_or_episode,loose,prediction,all,17,6,11,0.35294117647058826,28,6,22,17,4,0,0.21428571428571427,0.0,-0.75,0.0
ml_today_shallow_gbdt,bottom,all_a_ml_today_walk_forward_v1,onset,index,sse_composite,上证指数,region_or_episode,loose,prediction,multi_lobe,6,2,4,0.3333333333333333,4,2,2,1,0,0,0.5,0.0,0.0,0.0
ml_today_shallow_gbdt,bottom,all_a_ml_today_walk_forward_v1,onset,index,sse_composite,上证指数,region_or_episode,loose,prediction,single_lobe,11,4,7,0.36363636363636365,24,4,20,16,4,0,0.16666666666666666,-0.5,-1.0,0.0
ml_today_shallow_gbdt,bottom,all_a_ml_today_walk_forward_v1,onset,index,sse_composite,上证指数,region_or_episode,strict,all,all,18,7,11,0.3888888888888889,49,7,42,26,13,0,0.14285714285714285,0.0,-1.0,0.0
ml_today_shallow_gbdt,bottom,all_a_ml_today_walk_forward_v1,onset,index,sse_composite,上证指数,region_or_episode,strict,all,multi_lobe,7,3,4,0.42857142857142855,13,3,10,4,5,0,0.23076923076923078,0.0,-1.0,0.0
ml_today_shallow_gbdt,bottom,all_a_ml_today_walk_forward_v1,onset,index,sse_composite,上证指数,region_or_episode,strict,all,single_lobe,11,4,7,0.36363636363636365,36,4,32,22,8,0,0.1111111111111111,-0.5,-1.0,0.0
ml_today_shallow_gbdt,bottom,all_a_ml_today_walk_forward_v1,onset,index,sse_composite,上证指数,region_or_episode,strict,confirmation,all,18,0,18,0.0,21,0,21,9,9,0,0.0,,,
ml_today_shallow_gbdt,bottom,all_a_ml_today_walk_forward_v1,onset,index,sse_composite,上证指数,region_or_episode,strict,confirmation,multi_lobe,7,0,7,0.0,9,0,9,3,5,0,0.0,,,
ml_today_shallow_gbdt,bottom,all_a_ml_today_walk_forward_v1,onset,index,sse_composite,上证指数,region_or_episode,strict,confirmation,single_lobe,11,0,11,0.0,12,0,12,6,4,0,0.0,,,
ml_today_shallow_gbdt,bottom,all_a_ml_today_walk_forward_v1,onset,index,sse_composite,上证指数,region_or_episode,strict,prediction,all,17,6,11,0.35294117647058826,28,6,22,17,4,0,0.21428571428571427,0.0,-0.75,0.0
ml_today_shallow_gbdt,bottom,all_a_ml_today_walk_forward_v1,onset,index,sse_composite,上证指数,region_or_episode,strict,prediction,multi_lobe,6,2,4,0.3333333333333333,4,2,2,1,0,0,0.5,0.0,0.0,0.0
ml_today_shallow_gbdt,bottom,all_a_ml_today_walk_forward_v1,onset,index,sse_composite,上证指数,region_or_episode,strict,prediction,single_lobe,11,4,7,0.36363636363636365,24,4,20,16,4,0,0.16666666666666666,-0.5,-1.0,0.0
ml_today_shallow_gbdt,bottom,all_a_ml_today_walk_forward_v1,onset,index,sse_composite,上证指数,region_or_episode,window,all,all,18,10,8,0.5555555555555556,49,10,39,26,13,0,0.20408163265306123,0.0,-0.75,3.0
ml_today_shallow_gbdt,bottom,all_a_ml_today_walk_forward_v1,onset,index,sse_composite,上证指数,region_or_episode,window,all,multi_lobe,7,4,3,0.5714285714285714,13,4,9,4,5,0,0.3076923076923077,0.0,-0.5,1.75
ml_today_shallow_gbdt,bottom,all_a_ml_today_walk_forward_v1,onset,index,sse_composite,上证指数,region_or_episode,window,all,single_lobe,11,6,5,0.5454545454545454,36,6,30,22,8,0,0.16666666666666666,0.0,-0.75,3.0
ml_today_shallow_gbdt,bottom,all_a_ml_today_walk_forward_v1,onset,index,sse_composite,上证指数,region_or_episode,window,confirmation,all,18,3,15,0.16666666666666666,21,3,18,9,9,0,0.14285714285714285,6.0,5.0,6.5
ml_today_shallow_gbdt,bottom,all_a_ml_today_walk_forward_v1,onset,index,sse_composite,上证指数,region_or_episode,window,confirmation,multi_lobe,7,1,6,0.14285714285714285,9,1,8,3,5,0,0.1111111111111111,7.0,7.0,7.0
ml_today_shallow_gbdt,bottom,all_a_ml_today_walk_forward_v1,onset,index,sse_composite,上证指数,region_or_episode,window,confirmation,single_lobe,11,2,9,0.18181818181818182,12,2,10,6,4,0,0.16666666666666666,5.0,4.5,5.5
ml_today_shallow_gbdt,bottom,all_a_ml_today_walk_forward_v1,onset,index,sse_composite,上证指数,region_or_episode,window,prediction,all,17,6,11,0.35294117647058826,28,6,22,17,4,0,0.21428571428571427,0.0,-0.75,0.0
ml_today_shallow_gbdt,bottom,all_a_ml_today_walk_forward_v1,onset,index,sse_composite,上证指数,region_or_episode,window,prediction,multi_lobe,6,2,4,0.3333333333333333,4,2,2,1,0,0,0.5,0.0,0.0,0.0
ml_today_shallow_gbdt,bottom,all_a_ml_today_walk_forward_v1,onset,index,sse_composite,上证指数,region_or_episode,window,prediction,single_lobe,11,4,7,0.36363636363636365,24,4,20,16,4,0,0.16666666666666666,-0.5,-1.0,0.0
ml_today_shallow_gbdt,top,all_a_ml_today_walk_forward_v1,capped_confirmation,all_indices,__all__,全部指数（指数-事件对）,index_region_or_index_episode_pair,loose,all,all,105,43,62,0.4095238095238095,308,43,265,166,65,0,0.1396103896103896,-1.0,-5.0,-0.5
ml_today_shallow_gbdt,top,all_a_ml_today_walk_forward_v1,capped_confirmation,all_indices,__all__,全部指数（指数-事件对）,index_region_or_index_episode_pair,loose,all,multi_lobe,58,26,32,0.4482758620689655,119,26,93,65,16,0,0.2184873949579832,-2.0,-5.0,-1.0
ml_today_shallow_gbdt,top,all_a_ml_today_walk_forward_v1,capped_confirmation,all_indices,__all__,全部指数（指数-事件对）,index_region_or_index_episode_pair,loose,all,single_lobe,47,17,30,0.3617021276595745,189,17,172,101,49,0,0.08994708994708994,-1.0,-5.0,0.0
ml_today_shallow_gbdt,top,all_a_ml_today_walk_forward_v1,capped_confirmation,all_indices,__all__,全部指数（指数-事件对）,index_region_or_index_episode_pair,loose,confirmation,all,105,2,103,0.01904761904761905,111,2,109,65,18,0,0.018018018018018018,3.5,2.25,4.75
ml_today_shallow_gbdt,top,all_a_ml_today_walk_forward_v1,capped_confirmation,all_indices,__all__,全部指数（指数-事件对）,index_region_or_index_episode_pair,loose,confirmation,multi_lobe,58,0,58,0.0,50,0,50,36,5,0,0.0,,,
ml_today_shallow_gbdt,top,all_a_ml_today_walk_forward_v1,capped_confirmation,all_indices,__all__,全部指数（指数-事件对）,index_region_or_index_episode_pair,loose,confirmation,single_lobe,47,2,45,0.0425531914893617,61,2,59,29,13,0,0.03278688524590164,3.5,2.25,4.75
ml_today_shallow_gbdt,top,all_a_ml_today_walk_forward_v1,capped_confirmation,all_indices,__all__,全部指数（指数-事件对）,index_region_or_index_episode_pair,loose,prediction,all,105,41,64,0.3904761904761905,197,41,156,101,47,0,0.20812182741116753,-2.0,-5.0,-1.0
ml_today_shallow_gbdt,top,all_a_ml_today_walk_forward_v1,capped_confirmation,all_indices,__all__,全部指数（指数-事件对）,index_region_or_index_episode_pair,loose,prediction,multi_lobe,58,26,32,0.4482758620689655,69,26,43,29,11,0,0.37681159420289856,-2.0,-5.0,-1.0
ml_today_shallow_gbdt,top,all_a_ml_today_walk_forward_v1,capped_confirmation,all_indices,__all__,全部指数（指数-事件对）,index_region_or_index_episode_pair,loose,prediction,single_lobe,47,15,32,0.3191489361702128,128,15,113,72,36,0,0.1171875,-1.0,-5.0,-1.0
ml_today_shallow_gbdt,top,all_a_ml_today_walk_forward_v1,capped_confirmation,all_indices,__all__,全部指数（指数-事件对）,index_region_or_index_episode_pair,strict,all,all,105,43,62,0.4095238095238095,308,43,265,166,65,0,0.1396103896103896,-1.0,-5.0,-0.5
ml_today_shallow_gbdt,top,all_a_ml_today_walk_forward_v1,capped_confirmation,all_indices,__all__,全部指数（指数-事件对）,index_region_or_index_episode_pair,strict,all,multi_lobe,58,26,32,0.4482758620689655,119,26,93,65,16,0,0.2184873949579832,-2.0,-5.0,-1.0
ml_today_shallow_gbdt,top,all_a_ml_today_walk_forward_v1,capped_confirmation,all_indices,__all__,全部指数（指数-事件对）,index_region_or_index_episode_pair,strict,all,single_lobe,47,17,30,0.3617021276595745,189,17,172,101,49,0,0.08994708994708994,-1.0,-5.0,0.0
ml_today_shallow_gbdt,top,all_a_ml_today_walk_forward_v1,capped_confirmation,all_indices,__all__,全部指数（指数-事件对）,index_region_or_index_episode_pair,strict,confirmation,all,105,2,103,0.01904761904761905,111,2,109,65,18,0,0.018018018018018018,3.5,2.25,4.75
ml_today_shallow_gbdt,top,all_a_ml_today_walk_forward_v1,capped_confirmation,all_indices,__all__,全部指数（指数-事件对）,index_region_or_index_episode_pair,strict,confirmation,multi_lobe,58,0,58,0.0,50,0,50,36,5,0,0.0,,,
ml_today_shallow_gbdt,top,all_a_ml_today_walk_forward_v1,capped_confirmation,all_indices,__all__,全部指数（指数-事件对）,index_region_or_index_episode_pair,strict,confirmation,single_lobe,47,2,45,0.0425531914893617,61,2,59,29,13,0,0.03278688524590164,3.5,2.25,4.75
ml_today_shallow_gbdt,top,all_a_ml_today_walk_forward_v1,capped_confirmation,all_indices,__all__,全部指数（指数-事件对）,index_region_or_index_episode_pair,strict,prediction,all,105,41,64,0.3904761904761905,197,41,156,101,47,0,0.20812182741116753,-2.0,-5.0,-1.0
ml_today_shallow_gbdt,top,all_a_ml_today_walk_forward_v1,capped_confirmation,all_indices,__all__,全部指数（指数-事件对）,index_region_or_index_episode_pair,strict,prediction,multi_lobe,58,26,32,0.4482758620689655,69,26,43,29,11,0,0.37681159420289856,-2.0,-5.0,-1.0
ml_today_shallow_gbdt,top,all_a_ml_today_walk_forward_v1,capped_confirmation,all_indices,__all__,全部指数（指数-事件对）,index_region_or_index_episode_pair,strict,prediction,single_lobe,47,15,32,0.3191489361702128,128,15,113,72,36,0,0.1171875,-1.0,-5.0,-1.0
ml_today_shallow_gbdt,top,all_a_ml_today_walk_forward_v1,capped_confirmation,all_indices,__all__,全部指数（指数-事件对）,index_region_or_index_episode_pair,window,all,all,105,77,28,0.7333333333333333,308,77,231,166,65,0,0.25,-1.0,-5.0,3.0
ml_today_shallow_gbdt,top,all_a_ml_today_walk_forward_v1,capped_confirmation,all_indices,__all__,全部指数（指数-事件对）,index_region_or_index_episode_pair,window,all,multi_lobe,58,38,20,0.6551724137931034,119,38,81,65,16,0,0.31932773109243695,-1.0,-5.0,0.0
ml_today_shallow_gbdt,top,all_a_ml_today_walk_forward_v1,capped_confirmation,all_indices,__all__,全部指数（指数-事件对）,index_region_or_index_episode_pair,window,all,single_lobe,47,39,8,0.8297872340425532,189,39,150,101,49,0,0.20634920634920634,0.0,-3.0,3.0
ml_today_shallow_gbdt,top,all_a_ml_today_walk_forward_v1,capped_confirmation,all_indices,__all__,全部指数（指数-事件对）,index_region_or_index_episode_pair,window,confirmation,all,105,28,77,0.26666666666666666,111,28,83,65,18,0,0.25225225225225223,7.0,1.0,8.25
ml_today_shallow_gbdt,top,all_a_ml_today_walk_forward_v1,capped_confirmation,all_indices,__all__,全部指数（指数-事件对）,index_region_or_index_episode_pair,window,confirmation,multi_lobe,58,9,49,0.15517241379310345,50,9,41,36,5,0,0.18,11.0,8.0,18.0
ml_today_shallow_gbdt,top,all_a_ml_today_walk_forward_v1,capped_confirmation,all_indices,__all__,全部指数（指数-事件对）,index_region_or_index_episode_pair,window,confirmation,single_lobe,47,19,28,0.40425531914893614,61,19,42,29,13,0,0.3114754098360656,3.0,1.0,7.0
ml_today_shallow_gbdt,top,all_a_ml_today_walk_forward_v1,capped_confirmation,all_indices,__all__,全部指数（指数-事件对）,index_region_or_index_episode_pair,window,prediction,all,105,49,56,0.4666666666666667,197,49,148,101,47,0,0.24873096446700507,-2.0,-7.0,-1.0
ml_today_shallow_gbdt,top,all_a_ml_today_walk_forward_v1,capped_confirmation,all_indices,__all__,全部指数（指数-事件对）,index_region_or_index_episode_pair,window,prediction,multi_lobe,58,29,29,0.5,69,29,40,29,11,0,0.42028985507246375,-2.0,-8.0,-1.0
ml_today_shallow_gbdt,top,all_a_ml_today_walk_forward_v1,capped_confirmation,all_indices,__all__,全部指数（指数-事件对）,index_region_or_index_episode_pair,window,prediction,single_lobe,47,20,27,0.425531914893617,128,20,108,72,36,0,0.15625,-3.0,-5.5,-1.0
ml_today_shallow_gbdt,top,all_a_ml_today_walk_forward_v1,capped_confirmation,index,all_a,全A,region_or_episode,loose,all,all,14,7,7,0.5,44,7,37,24,9,0,0.1590909090909091,-1.0,-5.0,-0.5
ml_today_shallow_gbdt,top,all_a_ml_today_walk_forward_v1,capped_confirmation,index,all_a,全A,region_or_episode,loose,all,multi_lobe,8,5,3,0.625,20,5,15,12,2,0,0.25,-2.0,-8.0,-1.0
ml_today_shallow_gbdt,top,all_a_ml_today_walk_forward_v1,capped_confirmation,index,all_a,全A,region_or_episode,loose,all,single_lobe,6,2,4,0.3333333333333333,24,2,22,12,7,0,0.08333333333333333,-0.5,-0.75,-0.25
ml_today_shallow_gbdt,top,all_a_ml_today_walk_forward_v1,capped_confirmation,index,all_a,全A,region_or_episode,loose,confirmation,all,14,0,14,0.0,13,0,13,8,2,0,0.0,,,
ml_today_shallow_gbdt,top,all_a_ml_today_walk_forward_v1,capped_confirmation,index,all_a,全A,region_or_episode,loose,confirmation,multi_lobe,8,0,8,0.0,7,0,7,6,0,0,0.0,,,
ml_today_shallow_gbdt,top,all_a_ml_today_walk_forward_v1,capped_confirmation,index,all_a,全A,region_or_episode,loose,confirmation,single_lobe,6,0,6,0.0,6,0,6,2,2,0,0.0,,,
ml_today_shallow_gbdt,top,all_a_ml_today_walk_forward_v1,capped_confirmation,index,all_a,全A,region_or_episode,loose,prediction,all,14,7,7,0.5,31,7,24,16,7,0,0.22580645161290322,-1.0,-5.0,-0.5
ml_today_shallow_gbdt,top,all_a_ml_today_walk_forward_v1,capped_confirmation,index,all_a,全A,region_or_episode,loose,prediction,multi_lobe,8,5,3,0.625,13,5,8,6,2,0,0.38461538461538464,-2.0,-8.0,-1.0
ml_today_shallow_gbdt,top,all_a_ml_today_walk_forward_v1,capped_confirmation,index,all_a,全A,region_or_episode,loose,prediction,single_lobe,6,2,4,0.3333333333333333,18,2,16,10,5,0,0.1111111111111111,-0.5,-0.75,-0.25
ml_today_shallow_gbdt,top,all_a_ml_today_walk_forward_v1,capped_confirmation,index,all_a,全A,region_or_episode,strict,all,all,14,7,7,0.5,44,7,37,24,9,0,0.1590909090909091,-1.0,-5.0,-0.5
ml_today_shallow_gbdt,top,all_a_ml_today_walk_forward_v1,capped_confirmation,index,all_a,全A,region_or_episode,strict,all,multi_lobe,8,5,3,0.625,20,5,15,12,2,0,0.25,-2.0,-8.0,-1.0
ml_today_shallow_gbdt,top,all_a_ml_today_walk_forward_v1,capped_confirmation,index,all_a,全A,region_or_episode,strict,all,single_lobe,6,2,4,0.3333333333333333,24,2,22,12,7,0,0.08333333333333333,-0.5,-0.75,-0.25
ml_today_shallow_gbdt,top,all_a_ml_today_walk_forward_v1,capped_confirmation,index,all_a,全A,region_or_episode,strict,confirmation,all,14,0,14,0.0,13,0,13,8,2,0,0.0,,,
ml_today_shallow_gbdt,top,all_a_ml_today_walk_forward_v1,capped_confirmation,index,all_a,全A,region_or_episode,strict,confirmation,multi_lobe,8,0,8,0.0,7,0,7,6,0,0,0.0,,,
ml_today_shallow_gbdt,top,all_a_ml_today_walk_forward_v1,capped_confirmation,index,all_a,全A,region_or_episode,strict,confirmation,single_lobe,6,0,6,0.0,6,0,6,2,2,0,0.0,,,
ml_today_shallow_gbdt,top,all_a_ml_today_walk_forward_v1,capped_confirmation,index,all_a,全A,region_or_episode,strict,prediction,all,14,7,7,0.5,31,7,24,16,7,0,0.22580645161290322,-1.0,-5.0,-0.5
ml_today_shallow_gbdt,top,all_a_ml_today_walk_forward_v1,capped_confirmation,index,all_a,全A,region_or_episode,strict,prediction,multi_lobe,8,5,3,0.625,13,5,8,6,2,0,0.38461538461538464,-2.0,-8.0,-1.0
ml_today_shallow_gbdt,top,all_a_ml_today_walk_forward_v1,capped_confirmation,index,all_a,全A,region_or_episode,strict,prediction,single_lobe,6,2,4,0.3333333333333333,18,2,16,10,5,0,0.1111111111111111,-0.5,-0.75,-0.25
ml_today_shallow_gbdt,top,all_a_ml_today_walk_forward_v1,capped_confirmation,index,all_a,全A,region_or_episode,window,all,all,14,11,3,0.7857142857142857,44,11,33,24,9,0,0.25,-1.0,-4.5,0.5
ml_today_shallow_gbdt,top,all_a_ml_today_walk_forward_v1,capped_confirmation,index,all_a,全A,region_or_episode,window,all,multi_lobe,8,6,2,0.75,20,6,14,12,2,0,0.3,-1.5,-6.5,-0.25
ml_today_shallow_gbdt,top,all_a_ml_today_walk_forward_v1,capped_confirmation,index,all_a,全A,region_or_episode,window,all,single_lobe,6,5,1,0.8333333333333334,24,5,19,12,7,0,0.20833333333333334,0.0,-1.0,1.0
ml_today_shallow_gbdt,top,all_a_ml_today_walk_forward_v1,capped_confirmation,index,all_a,全A,region_or_episode,window,confirmation,all,14,3,11,0.21428571428571427,13,3,10,8,2,0,0.23076923076923078,7.0,4.0,12.5
ml_today_shallow_gbdt,top,all_a_ml_today_walk_forward_v1,capped_confirmation,index,all_a,全A,region_or_episode,window,confirmation,multi_lobe,8,1,7,0.125,7,1,6,6,0,0,0.14285714285714285,18.0,18.0,18.0
ml_today_shallow_gbdt,top,all_a_ml_today_walk_forward_v1,capped_confirmation,index,all_a,全A,region_or_episode,window,confirmation,single_lobe,6,2,4,0.3333333333333333,6,2,4,2,2,0,0.3333333333333333,4.0,2.5,5.5
ml_today_shallow_gbdt,top,all_a_ml_today_walk_forward_v1,capped_confirmation,index,all_a,全A,region_or_episode,window,prediction,all,14,8,6,0.5714285714285714,31,8,23,16,7,0,0.25806451612903225,-1.5,-7.25,-0.75
ml_today_shallow_gbdt,top,all_a_ml_today_walk_forward_v1,capped_confirmation,index,all_a,全A,region_or_episode,window,prediction,multi_lobe,8,5,3,0.625,13,5,8,6,2,0,0.38461538461538464,-2.0,-8.0,-1.0
ml_today_shallow_gbdt,top,all_a_ml_today_walk_forward_v1,capped_confirmation,index,all_a,全A,region_or_episode,window,prediction,single_lobe,6,3,3,0.5,18,3,15,10,5,0,0.16666666666666666,-1.0,-4.0,-0.5
ml_today_shallow_gbdt,top,all_a_ml_today_walk_forward_v1,capped_confirmation,index,cni2000,国证2000,region_or_episode,loose,all,all,15,6,9,0.4,44,6,38,22,11,0,0.13636363636363635,-3.5,-5.0,-1.25
ml_today_shallow_gbdt,top,all_a_ml_today_walk_forward_v1,capped_confirmation,index,cni2000,国证2000,region_or_episode,loose,all,multi_lobe,10,4,6,0.4,18,4,14,9,3,0,0.2222222222222222,-3.5,-6.0,-1.75
ml_today_shallow_gbdt,top,all_a_ml_today_walk_forward_v1,capped_confirmation,index,cni2000,国证2000,region_or_episode,loose,all,single_lobe,5,2,3,0.4,26,2,24,13,8,0,0.07692307692307693,-3.0,-4.0,-2.0
ml_today_shallow_gbdt,top,all_a_ml_today_walk_forward_v1,capped_confirmation,index,cni2000,国证2000,region_or_episode,loose,confirmation,all,15,0,15,0.0,15,0,15,8,3,0,0.0,,,
ml_today_shallow_gbdt,top,all_a_ml_today_walk_forward_v1,capped_confirmation,index,cni2000,国证2000,region_or_episode,loose,confirmation,multi_lobe,10,0,10,0.0,8,0,8,5,2,0,0.0,,,
ml_today_shallow_gbdt,top,all_a_ml_today_walk_forward_v1,capped_confirmation,index,cni2000,国证2000,region_or_episode,loose,confirmation,single_lobe,5,0,5,0.0,7,0,7,3,1,0,0.0,,,
ml_today_shallow_gbdt,top,all_a_ml_today_walk_forward_v1,capped_confirmation,index,cni2000,国证2000,region_or_episode,loose,prediction,all,15,6,9,0.4,29,6,23,14,8,0,0.20689655172413793,-3.5,-5.0,-1.25
ml_today_shallow_gbdt,top,all_a_ml_today_walk_forward_v1,capped_confirmation,index,cni2000,国证2000,region_or_episode,loose,prediction,multi_lobe,10,4,6,0.4,10,4,6,4,1,0,0.4,-3.5,-6.0,-1.75
ml_today_shallow_gbdt,top,all_a_ml_today_walk_forward_v1,capped_confirmation,index,cni2000,国证2000,region_or_episode,loose,prediction,single_lobe,5,2,3,0.4,19,2,17,10,7,0,0.10526315789473684,-3.0,-4.0,-2.0
ml_today_shallow_gbdt,top,all_a_ml_today_walk_forward_v1,capped_confirmation,index,cni2000,国证2000,region_or_episode,strict,all,all,15,6,9,0.4,44,6,38,22,11,0,0.13636363636363635,-3.5,-5.0,-1.25
ml_today_shallow_gbdt,top,all_a_ml_today_walk_forward_v1,capped_confirmation,index,cni2000,国证2000,region_or_episode,strict,all,multi_lobe,10,4,6,0.4,18,4,14,9,3,0,0.2222222222222222,-3.5,-6.0,-1.75
ml_today_shallow_gbdt,top,all_a_ml_today_walk_forward_v1,capped_confirmation,index,cni2000,国证2000,region_or_episode,strict,all,single_lobe,5,2,3,0.4,26,2,24,13,8,0,0.07692307692307693,-3.0,-4.0,-2.0
ml_today_shallow_gbdt,top,all_a_ml_today_walk_forward_v1,capped_confirmation,index,cni2000,国证2000,region_or_episode,strict,confirmation,all,15,0,15,0.0,15,0,15,8,3,0,0.0,,,
ml_today_shallow_gbdt,top,all_a_ml_today_walk_forward_v1,capped_confirmation,index,cni2000,国证2000,region_or_episode,strict,confirmation,multi_lobe,10,0,10,0.0,8,0,8,5,2,0,0.0,,,
ml_today_shallow_gbdt,top,all_a_ml_today_walk_forward_v1,capped_confirmation,index,cni2000,国证2000,region_or_episode,strict,confirmation,single_lobe,5,0,5,0.0,7,0,7,3,1,0,0.0,,,
ml_today_shallow_gbdt,top,all_a_ml_today_walk_forward_v1,capped_confirmation,index,cni2000,国证2000,region_or_episode,strict,prediction,all,15,6,9,0.4,29,6,23,14,8,0,0.20689655172413793,-3.5,-5.0,-1.25
ml_today_shallow_gbdt,top,all_a_ml_today_walk_forward_v1,capped_confirmation,index,cni2000,国证2000,region_or_episode,strict,prediction,multi_lobe,10,4,6,0.4,10,4,6,4,1,0,0.4,-3.5,-6.0,-1.75
ml_today_shallow_gbdt,top,all_a_ml_today_walk_forward_v1,capped_confirmation,index,cni2000,国证2000,region_or_episode,strict,prediction,single_lobe,5,2,3,0.4,19,2,17,10,7,0,0.10526315789473684,-3.0,-4.0,-2.0
ml_today_shallow_gbdt,top,all_a_ml_today_walk_forward_v1,capped_confirmation,index,cni2000,国证2000,region_or_episode,window,all,all,15,11,4,0.7333333333333333,44,11,33,22,11,0,0.25,-1.0,-5.0,3.0
ml_today_shallow_gbdt,top,all_a_ml_today_walk_forward_v1,capped_confirmation,index,cni2000,国证2000,region_or_episode,window,all,multi_lobe,10,6,4,0.6,18,6,12,9,3,0,0.3333333333333333,-3.5,-8.0,-1.25
ml_today_shallow_gbdt,top,all_a_ml_today_walk_forward_v1,capped_confirmation,index,cni2000,国证2000,region_or_episode,window,all,single_lobe,5,5,0,1.0,26,5,21,13,8,0,0.19230769230769232,1.0,-1.0,5.0
ml_today_shallow_gbdt,top,all_a_ml_today_walk_forward_v1,capped_confirmation,index,cni2000,国证2000,region_or_episode,window,confirmation,all,15,4,11,0.26666666666666666,15,4,11,8,3,0,0.26666666666666666,6.5,4.0,8.75
ml_today_shallow_gbdt,top,all_a_ml_today_walk_forward_v1,capped_confirmation,index,cni2000,国证2000,region_or_episode,window,confirmation,multi_lobe,10,1,9,0.1,8,1,7,5,2,0,0.125,11.0,11.0,11.0
ml_today_shallow_gbdt,top,all_a_ml_today_walk_forward_v1,capped_confirmation,index,cni2000,国证2000,region_or_episode,window,confirmation,single_lobe,5,3,2,0.6,7,3,4,3,1,0,0.42857142857142855,5.0,3.0,6.5
ml_today_shallow_gbdt,top,all_a_ml_today_walk_forward_v1,capped_confirmation,index,cni2000,国证2000,region_or_episode,window,prediction,all,15,7,8,0.4666666666666667,29,7,22,14,8,0,0.2413793103448276,-5.0,-7.0,-1.5
ml_today_shallow_gbdt,top,all_a_ml_today_walk_forward_v1,capped_confirmation,index,cni2000,国证2000,region_or_episode,window,prediction,multi_lobe,10,5,5,0.5,10,5,5,4,1,0,0.5,-5.0,-9.0,-2.0
ml_today_shallow_gbdt,top,all_a_ml_today_walk_forward_v1,capped_confirmation,index,cni2000,国证2000,region_or_episode,window,prediction,single_lobe,5,2,3,0.4,19,2,17,10,7,0,0.10526315789473684,-3.0,-4.0,-2.0
ml_today_shallow_gbdt,top,all_a_ml_today_walk_forward_v1,capped_confirmation,index,csi1000,中证1000,region_or_episode,loose,all,all,13,5,8,0.38461538461538464,44,5,39,25,8,0,0.11363636363636363,-2.0,-5.0,-1.0
ml_today_shallow_gbdt,top,all_a_ml_today_walk_forward_v1,capped_confirmation,index,csi1000,中证1000,region_or_episode,loose,all,multi_lobe,8,3,5,0.375,16,3,13,9,1,0,0.1875,-1.0,-1.5,-1.0
ml_today_shallow_gbdt,top,all_a_ml_today_walk_forward_v1,capped_confirmation,index,csi1000,中证1000,region_or_episode,loose,all,single_lobe,5,2,3,0.4,28,2,26,16,7,0,0.07142857142857142,-5.0,-5.0,-5.0
ml_today_shallow_gbdt,top,all_a_ml_today_walk_forward_v1,capped_confirmation,index,csi1000,中证1000,region_or_episode,loose,confirmation,all,13,0,13,0.0,17,0,17,12,1,0,0.0,,,
ml_today_shallow_gbdt,top,all_a_ml_today_walk_forward_v1,capped_confirmation,index,csi1000,中证1000,region_or_episode,loose,confirmation,multi_lobe,8,0,8,0.0,7,0,7,6,0,0,0.0,,,
ml_today_shallow_gbdt,top,all_a_ml_today_walk_forward_v1,capped_confirmation,index,csi1000,中证1000,region_or_episode,loose,confirmation,single_lobe,5,0,5,0.0,10,0,10,6,1,0,0.0,,,
ml_today_shallow_gbdt,top,all_a_ml_today_walk_forward_v1,capped_confirmation,index,csi1000,中证1000,region_or_episode,loose,prediction,all,13,5,8,0.38461538461538464,27,5,22,13,7,0,0.18518518518518517,-2.0,-5.0,-1.0
ml_today_shallow_gbdt,top,all_a_ml_today_walk_forward_v1,capped_confirmation,index,csi1000,中证1000,region_or_episode,loose,prediction,multi_lobe,8,3,5,0.375,9,3,6,3,1,0,0.3333333333333333,-1.0,-1.5,-1.0
ml_today_shallow_gbdt,top,all_a_ml_today_walk_forward_v1,capped_confirmation,index,csi1000,中证1000,region_or_episode,loose,prediction,single_lobe,5,2,3,0.4,18,2,16,10,6,0,0.1111111111111111,-5.0,-5.0,-5.0
ml_today_shallow_gbdt,top,all_a_ml_today_walk_forward_v1,capped_confirmation,index,csi1000,中证1000,region_or_episode,strict,all,all,13,5,8,0.38461538461538464,44,5,39,25,8,0,0.11363636363636363,-2.0,-5.0,-1.0
ml_today_shallow_gbdt,top,all_a_ml_today_walk_forward_v1,capped_confirmation,index,csi1000,中证1000,region_or_episode,strict,all,multi_lobe,8,3,5,0.375,16,3,13,9,1,0,0.1875,-1.0,-1.5,-1.0
ml_today_shallow_gbdt,top,all_a_ml_today_walk_forward_v1,capped_confirmation,index,csi1000,中证1000,region_or_episode,strict,all,single_lobe,5,2,3,0.4,28,2,26,16,7,0,0.07142857142857142,-5.0,-5.0,-5.0
ml_today_shallow_gbdt,top,all_a_ml_today_walk_forward_v1,capped_confirmation,index,csi1000,中证1000,region_or_episode,strict,confirmation,all,13,0,13,0.0,17,0,17,12,1,0,0.0,,,
ml_today_shallow_gbdt,top,all_a_ml_today_walk_forward_v1,capped_confirmation,index,csi1000,中证1000,region_or_episode,strict,confirmation,multi_lobe,8,0,8,0.0,7,0,7,6,0,0,0.0,,,
ml_today_shallow_gbdt,top,all_a_ml_today_walk_forward_v1,capped_confirmation,index,csi1000,中证1000,region_or_episode,strict,confirmation,single_lobe,5,0,5,0.0,10,0,10,6,1,0,0.0,,,
ml_today_shallow_gbdt,top,all_a_ml_today_walk_forward_v1,capped_confirmation,index,csi1000,中证1000,region_or_episode,strict,prediction,all,13,5,8,0.38461538461538464,27,5,22,13,7,0,0.18518518518518517,-2.0,-5.0,-1.0
ml_today_shallow_gbdt,top,all_a_ml_today_walk_forward_v1,capped_confirmation,index,csi1000,中证1000,region_or_episode,strict,prediction,multi_lobe,8,3,5,0.375,9,3,6,3,1,0,0.3333333333333333,-1.0,-1.5,-1.0
ml_today_shallow_gbdt,top,all_a_ml_today_walk_forward_v1,capped_confirmation,index,csi1000,中证1000,region_or_episode,strict,prediction,single_lobe,5,2,3,0.4,18,2,16,10,6,0,0.1111111111111111,-5.0,-5.0,-5.0
ml_today_shallow_gbdt,top,all_a_ml_today_walk_forward_v1,capped_confirmation,index,csi1000,中证1000,region_or_episode,window,all,all,13,11,2,0.8461538461538461,44,11,33,25,8,0,0.25,-1.0,-5.0,4.0
ml_today_shallow_gbdt,top,all_a_ml_today_walk_forward_v1,capped_confirmation,index,csi1000,中证1000,region_or_episode,window,all,multi_lobe,8,6,2,0.75,16,6,10,9,1,0,0.375,-1.5,-9.5,-1.0
ml_today_shallow_gbdt,top,all_a_ml_today_walk_forward_v1,capped_confirmation,index,csi1000,中证1000,region_or_episode,window,all,single_lobe,5,5,0,1.0,28,5,23,16,7,0,0.17857142857142858,1.0,-5.0,7.0
ml_today_shallow_gbdt,top,all_a_ml_today_walk_forward_v1,capped_confirmation,index,csi1000,中证1000,region_or_episode,window,confirmation,all,13,4,9,0.3076923076923077,17,4,13,12,1,0,0.23529411764705882,7.5,5.5,10.5
ml_today_shallow_gbdt,top,all_a_ml_today_walk_forward_v1,capped_confirmation,index,csi1000,中证1000,region_or_episode,window,confirmation,multi_lobe,8,1,7,0.125,7,1,6,6,0,0,0.14285714285714285,18.0,18.0,18.0
ml_today_shallow_gbdt,top,all_a_ml_today_walk_forward_v1,capped_confirmation,index,csi1000,中证1000,region_or_episode,window,confirmation,single_lobe,5,3,2,0.6,10,3,7,6,1,0,0.3,7.0,4.0,7.5
ml_today_shallow_gbdt,top,all_a_ml_today_walk_forward_v1,capped_confirmation,index,csi1000,中证1000,region_or_episode,window,prediction,all,13,7,6,0.5384615384615384,27,7,20,13,7,0,0.25925925925925924,-5.0,-8.5,-1.5
ml_today_shallow_gbdt,top,all_a_ml_today_walk_forward_v1,capped_confirmation,index,csi1000,中证1000,region_or_episode,window,prediction,multi_lobe,8,5,3,0.625,9,5,4,3,1,0,0.5555555555555556,-2.0,-12.0,-1.0
ml_today_shallow_gbdt,top,all_a_ml_today_walk_forward_v1,capped_confirmation,index,csi1000,中证1000,region_or_episode,window,prediction,single_lobe,5,2,3,0.4,18,2,16,10,6,0,0.1111111111111111,-5.0,-5.0,-5.0
ml_today_shallow_gbdt,top,all_a_ml_today_walk_forward_v1,capped_confirmation,index,csi300,沪深300,region_or_episode,loose,all,all,15,6,9,0.4,44,6,38,24,10,0,0.13636363636363635,-0.5,-1.75,0.0
ml_today_shallow_gbdt,top,all_a_ml_today_walk_forward_v1,capped_confirmation,index,csi300,沪深300,region_or_episode,loose,all,multi_lobe,7,3,4,0.42857142857142855,15,3,12,8,3,0,0.2,-2.0,-5.0,-1.0
ml_today_shallow_gbdt,top,all_a_ml_today_walk_forward_v1,capped_confirmation,index,csi300,沪深300,region_or_episode,loose,all,single_lobe,8,3,5,0.375,29,3,26,16,7,0,0.10344827586206896,0.0,-0.5,0.5
ml_today_shallow_gbdt,top,all_a_ml_today_walk_forward_v1,capped_confirmation,index,csi300,沪深300,region_or_episode,loose,confirmation,all,15,1,14,0.06666666666666667,15,1,14,7,4,0,0.06666666666666667,1.0,1.0,1.0
ml_today_shallow_gbdt,top,all_a_ml_today_walk_forward_v1,capped_confirmation,index,csi300,沪深300,region_or_episode,loose,confirmation,multi_lobe,7,0,7,0.0,5,0,5,2,2,0,0.0,,,
ml_today_shallow_gbdt,top,all_a_ml_today_walk_forward_v1,capped_confirmation,index,csi300,沪深300,region_or_episode,loose,confirmation,single_lobe,8,1,7,0.125,10,1,9,5,2,0,0.1,1.0,1.0,1.0
ml_today_shallow_gbdt,top,all_a_ml_today_walk_forward_v1,capped_confirmation,index,csi300,沪深300,region_or_episode,loose,prediction,all,15,5,10,0.3333333333333333,29,5,24,17,6,0,0.1724137931034483,-1.0,-2.0,0.0
ml_today_shallow_gbdt,top,all_a_ml_today_walk_forward_v1,capped_confirmation,index,csi300,沪深300,region_or_episode,loose,prediction,multi_lobe,7,3,4,0.42857142857142855,10,3,7,6,1,0,0.3,-2.0,-5.0,-1.0
ml_today_shallow_gbdt,top,all_a_ml_today_walk_forward_v1,capped_confirmation,index,csi300,沪深300,region_or_episode,loose,prediction,single_lobe,8,2,6,0.25,19,2,17,11,5,0,0.10526315789473684,-0.5,-0.75,-0.25
ml_today_shallow_gbdt,top,all_a_ml_today_walk_forward_v1,capped_confirmation,index,csi300,沪深300,region_or_episode,strict,all,all,15,6,9,0.4,44,6,38,24,10,0,0.13636363636363635,-0.5,-1.75,0.0
ml_today_shallow_gbdt,top,all_a_ml_today_walk_forward_v1,capped_confirmation,index,csi300,沪深300,region_or_episode,strict,all,multi_lobe,7,3,4,0.42857142857142855,15,3,12,8,3,0,0.2,-2.0,-5.0,-1.0
ml_today_shallow_gbdt,top,all_a_ml_today_walk_forward_v1,capped_confirmation,index,csi300,沪深300,region_or_episode,strict,all,single_lobe,8,3,5,0.375,29,3,26,16,7,0,0.10344827586206896,0.0,-0.5,0.5
ml_today_shallow_gbdt,top,all_a_ml_today_walk_forward_v1,capped_confirmation,index,csi300,沪深300,region_or_episode,strict,confirmation,all,15,1,14,0.06666666666666667,15,1,14,7,4,0,0.06666666666666667,1.0,1.0,1.0
ml_today_shallow_gbdt,top,all_a_ml_today_walk_forward_v1,capped_confirmation,index,csi300,沪深300,region_or_episode,strict,confirmation,multi_lobe,7,0,7,0.0,5,0,5,2,2,0,0.0,,,
ml_today_shallow_gbdt,top,all_a_ml_today_walk_forward_v1,capped_confirmation,index,csi300,沪深300,region_or_episode,strict,confirmation,single_lobe,8,1,7,0.125,10,1,9,5,2,0,0.1,1.0,1.0,1.0
ml_today_shallow_gbdt,top,all_a_ml_today_walk_forward_v1,capped_confirmation,index,csi300,沪深300,region_or_episode,strict,prediction,all,15,5,10,0.3333333333333333,29,5,24,17,6,0,0.1724137931034483,-1.0,-2.0,0.0
ml_today_shallow_gbdt,top,all_a_ml_today_walk_forward_v1,capped_confirmation,index,csi300,沪深300,region_or_episode,strict,prediction,multi_lobe,7,3,4,0.42857142857142855,10,3,7,6,1,0,0.3,-2.0,-5.0,-1.0
ml_today_shallow_gbdt,top,all_a_ml_today_walk_forward_v1,capped_confirmation,index,csi300,沪深300,region_or_episode,strict,prediction,single_lobe,8,2,6,0.25,19,2,17,11,5,0,0.10526315789473684,-0.5,-0.75,-0.25
ml_today_shallow_gbdt,top,all_a_ml_today_walk_forward_v1,capped_confirmation,index,csi300,沪深300,region_or_episode,window,all,all,15,10,5,0.6666666666666666,44,10,34,24,10,0,0.22727272727272727,0.0,-1.75,1.0
ml_today_shallow_gbdt,top,all_a_ml_today_walk_forward_v1,capped_confirmation,index,csi300,沪深300,region_or_episode,window,all,multi_lobe,7,4,3,0.5714285714285714,15,4,11,8,3,0,0.26666666666666666,-1.0,-3.5,2.0
ml_today_shallow_gbdt,top,all_a_ml_today_walk_forward_v1,capped_confirmation,index,csi300,沪深300,region_or_episode,window,all,single_lobe,8,6,2,0.75,29,6,23,16,7,0,0.20689655172413793,0.5,-0.75,1.0
ml_today_shallow_gbdt,top,all_a_ml_today_walk_forward_v1,capped_confirmation,index,csi300,沪深300,region_or_episode,window,confirmation,all,15,4,11,0.26666666666666666,15,4,11,7,4,0,0.26666666666666666,4.5,1.0,8.25
ml_today_shallow_gbdt,top,all_a_ml_today_walk_forward_v1,capped_confirmation,index,csi300,沪深300,region_or_episode,window,confirmation,multi_lobe,7,1,6,0.14285714285714285,5,1,4,2,2,0,0.2,8.0,8.0,8.0
ml_today_shallow_gbdt,top,all_a_ml_today_walk_forward_v1,capped_confirmation,index,csi300,沪深300,region_or_episode,window,confirmation,single_lobe,8,3,5,0.375,10,3,7,5,2,0,0.3,1.0,1.0,5.0
ml_today_shallow_gbdt,top,all_a_ml_today_walk_forward_v1,capped_confirmation,index,csi300,沪深300,region_or_episode,window,prediction,all,15,6,9,0.4,29,6,23,17,6,0,0.20689655172413793,-1.5,-5.75,-0.25
ml_today_shallow_gbdt,top,all_a_ml_today_walk_forward_v1,capped_confirmation,index,csi300,沪深300,region_or_episode,window,prediction,multi_lobe,7,3,4,0.42857142857142855,10,3,7,6,1,0,0.3,-2.0,-5.0,-1.0
ml_today_shallow_gbdt,top,all_a_ml_today_walk_forward_v1,capped_confirmation,index,csi300,沪深300,region_or_episode,window,prediction,single_lobe,8,3,5,0.375,19,3,16,11,5,0,0.15789473684210525,-1.0,-4.0,-0.5
ml_today_shallow_gbdt,top,all_a_ml_today_walk_forward_v1,capped_confirmation,index,csi500,中证500,region_or_episode,loose,all,all,15,6,9,0.4,44,6,38,25,8,0,0.13636363636363635,-2.0,-4.5,-1.0
ml_today_shallow_gbdt,top,all_a_ml_today_walk_forward_v1,capped_confirmation,index,csi500,中证500,region_or_episode,loose,all,multi_lobe,5,2,3,0.4,9,2,7,6,0,0,0.2222222222222222,-1.0,-1.0,-1.0
ml_today_shallow_gbdt,top,all_a_ml_today_walk_forward_v1,capped_confirmation,index,csi500,中证500,region_or_episode,loose,all,single_lobe,10,4,6,0.4,35,4,31,19,8,0,0.11428571428571428,-4.0,-5.5,-0.75
ml_today_shallow_gbdt,top,all_a_ml_today_walk_forward_v1,capped_confirmation,index,csi500,中证500,region_or_episode,loose,confirmation,all,15,1,14,0.06666666666666667,18,1,17,10,3,0,0.05555555555555555,6.0,6.0,6.0
ml_today_shallow_gbdt,top,all_a_ml_today_walk_forward_v1,capped_confirmation,index,csi500,中证500,region_or_episode,loose,confirmation,multi_lobe,5,0,5,0.0,6,0,6,5,0,0,0.0,,,
ml_today_shallow_gbdt,top,all_a_ml_today_walk_forward_v1,capped_confirmation,index,csi500,中证500,region_or_episode,loose,confirmation,single_lobe,10,1,9,0.1,12,1,11,5,3,0,0.08333333333333333,6.0,6.0,6.0
ml_today_shallow_gbdt,top,all_a_ml_today_walk_forward_v1,capped_confirmation,index,csi500,中证500,region_or_episode,loose,prediction,all,15,5,10,0.3333333333333333,26,5,21,15,5,0,0.19230769230769232,-3.0,-5.0,-1.0
ml_today_shallow_gbdt,top,all_a_ml_today_walk_forward_v1,capped_confirmation,index,csi500,中证500,region_or_episode,loose,prediction,multi_lobe,5,2,3,0.4,3,2,1,1,0,0,0.6666666666666666,-1.0,-1.0,-1.0
ml_today_shallow_gbdt,top,all_a_ml_today_walk_forward_v1,capped_confirmation,index,csi500,中证500,region_or_episode,loose,prediction,single_lobe,10,3,7,0.3,23,3,20,14,5,0,0.13043478260869565,-5.0,-6.0,-4.0
ml_today_shallow_gbdt,top,all_a_ml_today_walk_forward_v1,capped_confirmation,index,csi500,中证500,region_or_episode,strict,all,all,15,6,9,0.4,44,6,38,25,8,0,0.13636363636363635,-2.0,-4.5,-1.0
ml_today_shallow_gbdt,top,all_a_ml_today_walk_forward_v1,capped_confirmation,index,csi500,中证500,region_or_episode,strict,all,multi_lobe,5,2,3,0.4,9,2,7,6,0,0,0.2222222222222222,-1.0,-1.0,-1.0
ml_today_shallow_gbdt,top,all_a_ml_today_walk_forward_v1,capped_confirmation,index,csi500,中证500,region_or_episode,strict,all,single_lobe,10,4,6,0.4,35,4,31,19,8,0,0.11428571428571428,-4.0,-5.5,-0.75
ml_today_shallow_gbdt,top,all_a_ml_today_walk_forward_v1,capped_confirmation,index,csi500,中证500,region_or_episode,strict,confirmation,all,15,1,14,0.06666666666666667,18,1,17,10,3,0,0.05555555555555555,6.0,6.0,6.0
ml_today_shallow_gbdt,top,all_a_ml_today_walk_forward_v1,capped_confirmation,index,csi500,中证500,region_or_episode,strict,confirmation,multi_lobe,5,0,5,0.0,6,0,6,5,0,0,0.0,,,
ml_today_shallow_gbdt,top,all_a_ml_today_walk_forward_v1,capped_confirmation,index,csi500,中证500,region_or_episode,strict,confirmation,single_lobe,10,1,9,0.1,12,1,11,5,3,0,0.08333333333333333,6.0,6.0,6.0
ml_today_shallow_gbdt,top,all_a_ml_today_walk_forward_v1,capped_confirmation,index,csi500,中证500,region_or_episode,strict,prediction,all,15,5,10,0.3333333333333333,26,5,21,15,5,0,0.19230769230769232,-3.0,-5.0,-1.0
ml_today_shallow_gbdt,top,all_a_ml_today_walk_forward_v1,capped_confirmation,index,csi500,中证500,region_or_episode,strict,prediction,multi_lobe,5,2,3,0.4,3,2,1,1,0,0,0.6666666666666666,-1.0,-1.0,-1.0
ml_today_shallow_gbdt,top,all_a_ml_today_walk_forward_v1,capped_confirmation,index,csi500,中证500,region_or_episode,strict,prediction,single_lobe,10,3,7,0.3,23,3,20,14,5,0,0.13043478260869565,-5.0,-6.0,-4.0
ml_today_shallow_gbdt,top,all_a_ml_today_walk_forward_v1,capped_confirmation,index,csi500,中证500,region_or_episode,window,all,all,15,11,4,0.7333333333333333,44,11,33,25,8,0,0.25,-1.0,-4.0,4.5
ml_today_shallow_gbdt,top,all_a_ml_today_walk_forward_v1,capped_confirmation,index,csi500,中证500,region_or_episode,window,all,multi_lobe,5,3,2,0.6,9,3,6,6,0,0,0.3333333333333333,-1.0,-1.0,8.5
ml_today_shallow_gbdt,top,all_a_ml_today_walk_forward_v1,capped_confirmation,index,csi500,中证500,region_or_episode,window,all,single_lobe,10,8,2,0.8,35,8,27,19,8,0,0.22857142857142856,-1.0,-5.5,3.75
ml_today_shallow_gbdt,top,all_a_ml_today_walk_forward_v1,capped_confirmation,index,csi500,中证500,region_or_episode,window,confirmation,all,15,5,10,0.3333333333333333,18,5,13,10,3,0,0.2777777777777778,6.0,3.0,7.0
ml_today_shallow_gbdt,top,all_a_ml_today_walk_forward_v1,capped_confirmation,index,csi500,中证500,region_or_episode,window,confirmation,multi_lobe,5,1,4,0.2,6,1,5,5,0,0,0.16666666666666666,18.0,18.0,18.0
ml_today_shallow_gbdt,top,all_a_ml_today_walk_forward_v1,capped_confirmation,index,csi500,中证500,region_or_episode,window,confirmation,single_lobe,10,4,6,0.4,12,4,8,5,3,0,0.3333333333333333,4.5,2.5,6.25
ml_today_shallow_gbdt,top,all_a_ml_today_walk_forward_v1,capped_confirmation,index,csi500,中证500,region_or_episode,window,prediction,all,15,6,9,0.4,26,6,20,15,5,0,0.23076923076923078,-4.0,-6.5,-1.5
ml_today_shallow_gbdt,top,all_a_ml_today_walk_forward_v1,capped_confirmation,index,csi500,中证500,region_or_episode,window,prediction,multi_lobe,5,2,3,0.4,3,2,1,1,0,0,0.6666666666666666,-1.0,-1.0,-1.0
ml_today_shallow_gbdt,top,all_a_ml_today_walk_forward_v1,capped_confirmation,index,csi500,中证500,region_or_episode,window,prediction,single_lobe,10,4,6,0.4,23,4,19,14,5,0,0.17391304347826086,-6.0,-7.0,-4.5
ml_today_shallow_gbdt,top,all_a_ml_today_walk_forward_v1,capped_confirmation,index,microcap,微盘股,region_or_episode,loose,all,all,15,6,9,0.4,44,6,38,24,10,0,0.13636363636363635,-0.5,-2.5,0.0
ml_today_shallow_gbdt,top,all_a_ml_today_walk_forward_v1,capped_confirmation,index,microcap,微盘股,region_or_episode,loose,all,multi_lobe,9,4,5,0.4444444444444444,25,4,21,14,5,0,0.16,0.0,-1.25,0.0
ml_today_shallow_gbdt,top,all_a_ml_today_walk_forward_v1,capped_confirmation,index,microcap,微盘股,region_or_episode,loose,all,single_lobe,6,2,4,0.3333333333333333,19,2,17,10,5,0,0.10526315789473684,-2.0,-2.5,-1.5
ml_today_shallow_gbdt,top,all_a_ml_today_walk_forward_v1,capped_confirmation,index,microcap,微盘股,region_or_episode,loose,confirmation,all,15,0,15,0.0,17,0,17,11,3,0,0.0,,,
ml_today_shallow_gbdt,top,all_a_ml_today_walk_forward_v1,capped_confirmation,index,microcap,微盘股,region_or_episode,loose,confirmation,multi_lobe,9,0,9,0.0,11,0,11,8,1,0,0.0,,,
ml_today_shallow_gbdt,top,all_a_ml_today_walk_forward_v1,capped_confirmation,index,microcap,微盘股,region_or_episode,loose,confirmation,single_lobe,6,0,6,0.0,6,0,6,3,2,0,0.0,,,
ml_today_shallow_gbdt,top,all_a_ml_today_walk_forward_v1,capped_confirmation,index,microcap,微盘股,region_or_episode,loose,prediction,all,15,6,9,0.4,27,6,21,13,7,0,0.2222222222222222,-0.5,-2.5,0.0
ml_today_shallow_gbdt,top,all_a_ml_today_walk_forward_v1,capped_confirmation,index,microcap,微盘股,region_or_episode,loose,prediction,multi_lobe,9,4,5,0.4444444444444444,14,4,10,6,4,0,0.2857142857142857,0.0,-1.25,0.0
ml_today_shallow_gbdt,top,all_a_ml_today_walk_forward_v1,capped_confirmation,index,microcap,微盘股,region_or_episode,loose,prediction,single_lobe,6,2,4,0.3333333333333333,13,2,11,7,3,0,0.15384615384615385,-2.0,-2.5,-1.5
ml_today_shallow_gbdt,top,all_a_ml_today_walk_forward_v1,capped_confirmation,index,microcap,微盘股,region_or_episode,strict,all,all,15,6,9,0.4,44,6,38,24,10,0,0.13636363636363635,-0.5,-2.5,0.0
ml_today_shallow_gbdt,top,all_a_ml_today_walk_forward_v1,capped_confirmation,index,microcap,微盘股,region_or_episode,strict,all,multi_lobe,9,4,5,0.4444444444444444,25,4,21,14,5,0,0.16,0.0,-1.25,0.0
ml_today_shallow_gbdt,top,all_a_ml_today_walk_forward_v1,capped_confirmation,index,microcap,微盘股,region_or_episode,strict,all,single_lobe,6,2,4,0.3333333333333333,19,2,17,10,5,0,0.10526315789473684,-2.0,-2.5,-1.5
ml_today_shallow_gbdt,top,all_a_ml_today_walk_forward_v1,capped_confirmation,index,microcap,微盘股,region_or_episode,strict,confirmation,all,15,0,15,0.0,17,0,17,11,3,0,0.0,,,
ml_today_shallow_gbdt,top,all_a_ml_today_walk_forward_v1,capped_confirmation,index,microcap,微盘股,region_or_episode,strict,confirmation,multi_lobe,9,0,9,0.0,11,0,11,8,1,0,0.0,,,
ml_today_shallow_gbdt,top,all_a_ml_today_walk_forward_v1,capped_confirmation,index,microcap,微盘股,region_or_episode,strict,confirmation,single_lobe,6,0,6,0.0,6,0,6,3,2,0,0.0,,,
ml_today_shallow_gbdt,top,all_a_ml_today_walk_forward_v1,capped_confirmation,index,microcap,微盘股,region_or_episode,strict,prediction,all,15,6,9,0.4,27,6,21,13,7,0,0.2222222222222222,-0.5,-2.5,0.0
ml_today_shallow_gbdt,top,all_a_ml_today_walk_forward_v1,capped_confirmation,index,microcap,微盘股,region_or_episode,strict,prediction,multi_lobe,9,4,5,0.4444444444444444,14,4,10,6,4,0,0.2857142857142857,0.0,-1.25,0.0
ml_today_shallow_gbdt,top,all_a_ml_today_walk_forward_v1,capped_confirmation,index,microcap,微盘股,region_or_episode,strict,prediction,single_lobe,6,2,4,0.3333333333333333,13,2,11,7,3,0,0.15384615384615385,-2.0,-2.5,-1.5
ml_today_shallow_gbdt,top,all_a_ml_today_walk_forward_v1,capped_confirmation,index,microcap,微盘股,region_or_episode,window,all,all,15,10,5,0.6666666666666666,44,10,34,24,10,0,0.22727272727272727,0.0,-1.0,0.75
ml_today_shallow_gbdt,top,all_a_ml_today_walk_forward_v1,capped_confirmation,index,microcap,微盘股,region_or_episode,window,all,multi_lobe,9,6,3,0.6666666666666666,25,6,19,14,5,0,0.24,0.0,0.0,3.75
ml_today_shallow_gbdt,top,all_a_ml_today_walk_forward_v1,capped_confirmation,index,microcap,微盘股,region_or_episode,window,all,single_lobe,6,4,2,0.6666666666666666,19,4,15,10,5,0,0.21052631578947367,-1.0,-1.5,-0.5
ml_today_shallow_gbdt,top,all_a_ml_today_walk_forward_v1,capped_confirmation,index,microcap,微盘股,region_or_episode,window,confirmation,all,15,3,12,0.2,17,3,14,11,3,0,0.17647058823529413,5.0,3.0,6.5
ml_today_shallow_gbdt,top,all_a_ml_today_walk_forward_v1,capped_confirmation,index,microcap,微盘股,region_or_episode,window,confirmation,multi_lobe,9,2,7,0.2222222222222222,11,2,9,8,1,0,0.18181818181818182,6.5,5.75,7.25
ml_today_shallow_gbdt,top,all_a_ml_today_walk_forward_v1,capped_confirmation,index,microcap,微盘股,region_or_episode,window,confirmation,single_lobe,6,1,5,0.16666666666666666,6,1,5,3,2,0,0.16666666666666666,1.0,1.0,1.0
ml_today_shallow_gbdt,top,all_a_ml_today_walk_forward_v1,capped_confirmation,index,microcap,微盘股,region_or_episode,window,prediction,all,15,7,8,0.4666666666666667,27,7,20,13,7,0,0.25925925925925924,-1.0,-2.0,0.0
ml_today_shallow_gbdt,top,all_a_ml_today_walk_forward_v1,capped_confirmation,index,microcap,微盘股,region_or_episode,window,prediction,multi_lobe,9,4,5,0.4444444444444444,14,4,10,6,4,0,0.2857142857142857,0.0,-1.25,0.0
ml_today_shallow_gbdt,top,all_a_ml_today_walk_forward_v1,capped_confirmation,index,microcap,微盘股,region_or_episode,window,prediction,single_lobe,6,3,3,0.5,13,3,10,7,3,0,0.23076923076923078,-1.0,-2.0,-1.0
ml_today_shallow_gbdt,top,all_a_ml_today_walk_forward_v1,capped_confirmation,index,sse_composite,上证指数,region_or_episode,loose,all,all,18,7,11,0.3888888888888889,44,7,37,22,9,0,0.1590909090909091,-2.0,-6.0,-0.5
ml_today_shallow_gbdt,top,all_a_ml_today_walk_forward_v1,capped_confirmation,index,sse_composite,上证指数,region_or_episode,loose,all,multi_lobe,11,5,6,0.45454545454545453,16,5,11,7,2,0,0.3125,-4.0,-8.0,-2.0
ml_today_shallow_gbdt,top,all_a_ml_today_walk_forward_v1,capped_confirmation,index,sse_composite,上证指数,region_or_episode,loose,all,single_lobe,7,2,5,0.2857142857142857,28,2,26,15,7,0,0.07142857142857142,-0.5,-0.75,-0.25
ml_today_shallow_gbdt,top,all_a_ml_today_walk_forward_v1,capped_confirmation,index,sse_composite,上证指数,region_or_episode,loose,confirmation,all,18,0,18,0.0,16,0,16,9,2,0,0.0,,,
ml_today_shallow_gbdt,top,all_a_ml_today_walk_forward_v1,capped_confirmation,index,sse_composite,上证指数,region_or_episode,loose,confirmation,multi_lobe,11,0,11,0.0,6,0,6,4,0,0,0.0,,,
ml_today_shallow_gbdt,top,all_a_ml_today_walk_forward_v1,capped_confirmation,index,sse_composite,上证指数,region_or_episode,loose,confirmation,single_lobe,7,0,7,0.0,10,0,10,5,2,0,0.0,,,
ml_today_shallow_gbdt,top,all_a_ml_today_walk_forward_v1,capped_confirmation,index,sse_composite,上证指数,region_or_episode,loose,prediction,all,18,7,11,0.3888888888888889,28,7,21,13,7,0,0.25,-2.0,-6.0,-0.5
ml_today_shallow_gbdt,top,all_a_ml_today_walk_forward_v1,capped_confirmation,index,sse_composite,上证指数,region_or_episode,loose,prediction,multi_lobe,11,5,6,0.45454545454545453,10,5,5,3,2,0,0.5,-4.0,-8.0,-2.0
ml_today_shallow_gbdt,top,all_a_ml_today_walk_forward_v1,capped_confirmation,index,sse_composite,上证指数,region_or_episode,loose,prediction,single_lobe,7,2,5,0.2857142857142857,18,2,16,10,5,0,0.1111111111111111,-0.5,-0.75,-0.25
ml_today_shallow_gbdt,top,all_a_ml_today_walk_forward_v1,capped_confirmation,index,sse_composite,上证指数,region_or_episode,strict,all,all,18,7,11,0.3888888888888889,44,7,37,22,9,0,0.1590909090909091,-2.0,-6.0,-0.5
ml_today_shallow_gbdt,top,all_a_ml_today_walk_forward_v1,capped_confirmation,index,sse_composite,上证指数,region_or_episode,strict,all,multi_lobe,11,5,6,0.45454545454545453,16,5,11,7,2,0,0.3125,-4.0,-8.0,-2.0
ml_today_shallow_gbdt,top,all_a_ml_today_walk_forward_v1,capped_confirmation,index,sse_composite,上证指数,region_or_episode,strict,all,single_lobe,7,2,5,0.2857142857142857,28,2,26,15,7,0,0.07142857142857142,-0.5,-0.75,-0.25
ml_today_shallow_gbdt,top,all_a_ml_today_walk_forward_v1,capped_confirmation,index,sse_composite,上证指数,region_or_episode,strict,confirmation,all,18,0,18,0.0,16,0,16,9,2,0,0.0,,,
ml_today_shallow_gbdt,top,all_a_ml_today_walk_forward_v1,capped_confirmation,index,sse_composite,上证指数,region_or_episode,strict,confirmation,multi_lobe,11,0,11,0.0,6,0,6,4,0,0,0.0,,,
ml_today_shallow_gbdt,top,all_a_ml_today_walk_forward_v1,capped_confirmation,index,sse_composite,上证指数,region_or_episode,strict,confirmation,single_lobe,7,0,7,0.0,10,0,10,5,2,0,0.0,,,
ml_today_shallow_gbdt,top,all_a_ml_today_walk_forward_v1,capped_confirmation,index,sse_composite,上证指数,region_or_episode,strict,prediction,all,18,7,11,0.3888888888888889,28,7,21,13,7,0,0.25,-2.0,-6.0,-0.5
ml_today_shallow_gbdt,top,all_a_ml_today_walk_forward_v1,capped_confirmation,index,sse_composite,上证指数,region_or_episode,strict,prediction,multi_lobe,11,5,6,0.45454545454545453,10,5,5,3,2,0,0.5,-4.0,-8.0,-2.0
ml_today_shallow_gbdt,top,all_a_ml_today_walk_forward_v1,capped_confirmation,index,sse_composite,上证指数,region_or_episode,strict,prediction,single_lobe,7,2,5,0.2857142857142857,18,2,16,10,5,0,0.1111111111111111,-0.5,-0.75,-0.25
ml_today_shallow_gbdt,top,all_a_ml_today_walk_forward_v1,capped_confirmation,index,sse_composite,上证指数,region_or_episode,window,all,all,18,13,5,0.7222222222222222,44,13,31,22,9,0,0.29545454545454547,0.0,-4.0,3.0
ml_today_shallow_gbdt,top,all_a_ml_today_walk_forward_v1,capped_confirmation,index,sse_composite,上证指数,region_or_episode,window,all,multi_lobe,11,7,4,0.6363636363636364,16,7,9,7,2,0,0.4375,-2.0,-6.0,3.5
ml_today_shallow_gbdt,top,all_a_ml_today_walk_forward_v1,capped_confirmation,index,sse_composite,上证指数,region_or_episode,window,all,single_lobe,7,6,1,0.8571428571428571,28,6,22,15,7,0,0.21428571428571427,0.5,-0.75,2.5
ml_today_shallow_gbdt,top,all_a_ml_today_walk_forward_v1,capped_confirmation,index,sse_composite,上证指数,region_or_episode,window,confirmation,all,18,5,13,0.2777777777777778,16,5,11,9,2,0,0.3125,7.0,3.0,9.0
ml_today_shallow_gbdt,top,all_a_ml_today_walk_forward_v1,capped_confirmation,index,sse_composite,上证指数,region_or_episode,window,confirmation,multi_lobe,11,2,9,0.18181818181818182,6,2,4,4,0,0,0.3333333333333333,12.5,9.75,15.25
ml_today_shallow_gbdt,top,all_a_ml_today_walk_forward_v1,capped_confirmation,index,sse_composite,上证指数,region_or_episode,window,confirmation,single_lobe,7,3,4,0.42857142857142855,10,3,7,5,2,0,0.3,3.0,2.0,6.0
ml_today_shallow_gbdt,top,all_a_ml_today_walk_forward_v1,capped_confirmation,index,sse_composite,上证指数,region_or_episode,window,prediction,all,18,8,10,0.4444444444444444,28,8,20,13,7,0,0.2857142857142857,-3.0,-7.25,-0.75
ml_today_shallow_gbdt,top,all_a_ml_today_walk_forward_v1,capped_confirmation,index,sse_composite,上证指数,region_or_episode,window,prediction,multi_lobe,11,5,6,0.45454545454545453,10,5,5,3,2,0,0.5,-4.0,-8.0,-2.0
ml_today_shallow_gbdt,top,all_a_ml_today_walk_forward_v1,capped_confirmation,index,sse_composite,上证指数,region_or_episode,window,prediction,single_lobe,7,3,4,0.42857142857142855,18,3,15,10,5,0,0.16666666666666666,-1.0,-4.0,-0.5
ml_today_shallow_gbdt,top,all_a_ml_today_walk_forward_v1,onset,all_indices,__all__,全部指数（指数-事件对）,index_region_or_index_episode_pair,loose,all,all,105,44,61,0.41904761904761906,308,44,264,166,65,0,0.14285714285714285,-1.5,-3.0,0.0
ml_today_shallow_gbdt,top,all_a_ml_today_walk_forward_v1,onset,all_indices,__all__,全部指数（指数-事件对）,index_region_or_index_episode_pair,loose,all,multi_lobe,58,21,37,0.3620689655172414,120,21,99,66,16,0,0.175,-2.0,-5.0,-1.0
ml_today_shallow_gbdt,top,all_a_ml_today_walk_forward_v1,onset,all_indices,__all__,全部指数（指数-事件对）,index_region_or_index_episode_pair,loose,all,single_lobe,47,23,24,0.48936170212765956,188,23,165,100,49,0,0.12234042553191489,0.0,-2.0,0.0
ml_today_shallow_gbdt,top,all_a_ml_today_walk_forward_v1,onset,all_indices,__all__,全部指数（指数-事件对）,index_region_or_index_episode_pair,loose,confirmation,all,105,5,100,0.047619047619047616,105,5,100,67,15,0,0.047619047619047616,5.0,2.0,5.0
ml_today_shallow_gbdt,top,all_a_ml_today_walk_forward_v1,onset,all_indices,__all__,全部指数（指数-事件对）,index_region_or_index_episode_pair,loose,confirmation,multi_lobe,58,1,57,0.017241379310344827,52,1,51,38,4,0,0.019230769230769232,5.0,5.0,5.0
ml_today_shallow_gbdt,top,all_a_ml_today_walk_forward_v1,onset,all_indices,__all__,全部指数（指数-事件对）,index_region_or_index_episode_pair,loose,confirmation,single_lobe,47,4,43,0.0851063829787234,53,4,49,29,11,0,0.07547169811320754,3.5,2.0,5.0
ml_today_shallow_gbdt,top,all_a_ml_today_walk_forward_v1,onset,all_indices,__all__,全部指数（指数-事件对）,index_region_or_index_episode_pair,loose,prediction,all,105,39,66,0.37142857142857144,203,39,164,99,50,0,0.1921182266009852,-2.0,-3.0,-1.0
ml_today_shallow_gbdt,top,all_a_ml_today_walk_forward_v1,onset,all_indices,__all__,全部指数（指数-事件对）,index_region_or_index_episode_pair,loose,prediction,multi_lobe,58,20,38,0.3448275862068966,68,20,48,28,12,0,0.29411764705882354,-2.0,-6.0,-1.0
ml_today_shallow_gbdt,top,all_a_ml_today_walk_forward_v1,onset,all_indices,__all__,全部指数（指数-事件对）,index_region_or_index_episode_pair,loose,prediction,single_lobe,47,19,28,0.40425531914893614,135,19,116,71,38,0,0.14074074074074075,-1.0,-2.0,0.0
ml_today_shallow_gbdt,top,all_a_ml_today_walk_forward_v1,onset,all_indices,__all__,全部指数（指数-事件对）,index_region_or_index_episode_pair,strict,all,all,105,44,61,0.41904761904761906,308,44,264,166,65,0,0.14285714285714285,-1.5,-3.0,0.0
ml_today_shallow_gbdt,top,all_a_ml_today_walk_forward_v1,onset,all_indices,__all__,全部指数（指数-事件对）,index_region_or_index_episode_pair,strict,all,multi_lobe,58,21,37,0.3620689655172414,120,21,99,66,16,0,0.175,-2.0,-5.0,-1.0
ml_today_shallow_gbdt,top,all_a_ml_today_walk_forward_v1,onset,all_indices,__all__,全部指数（指数-事件对）,index_region_or_index_episode_pair,strict,all,single_lobe,47,23,24,0.48936170212765956,188,23,165,100,49,0,0.12234042553191489,0.0,-2.0,0.0
ml_today_shallow_gbdt,top,all_a_ml_today_walk_forward_v1,onset,all_indices,__all__,全部指数（指数-事件对）,index_region_or_index_episode_pair,strict,confirmation,all,105,5,100,0.047619047619047616,105,5,100,67,15,0,0.047619047619047616,5.0,2.0,5.0
ml_today_shallow_gbdt,top,all_a_ml_today_walk_forward_v1,onset,all_indices,__all__,全部指数（指数-事件对）,index_region_or_index_episode_pair,strict,confirmation,multi_lobe,58,1,57,0.017241379310344827,52,1,51,38,4,0,0.019230769230769232,5.0,5.0,5.0
ml_today_shallow_gbdt,top,all_a_ml_today_walk_forward_v1,onset,all_indices,__all__,全部指数（指数-事件对）,index_region_or_index_episode_pair,strict,confirmation,single_lobe,47,4,43,0.0851063829787234,53,4,49,29,11,0,0.07547169811320754,3.5,2.0,5.0
ml_today_shallow_gbdt,top,all_a_ml_today_walk_forward_v1,onset,all_indices,__all__,全部指数（指数-事件对）,index_region_or_index_episode_pair,strict,prediction,all,105,39,66,0.37142857142857144,203,39,164,99,50,0,0.1921182266009852,-2.0,-3.0,-1.0
ml_today_shallow_gbdt,top,all_a_ml_today_walk_forward_v1,onset,all_indices,__all__,全部指数（指数-事件对）,index_region_or_index_episode_pair,strict,prediction,multi_lobe,58,20,38,0.3448275862068966,68,20,48,28,12,0,0.29411764705882354,-2.0,-6.0,-1.0
ml_today_shallow_gbdt,top,all_a_ml_today_walk_forward_v1,onset,all_indices,__all__,全部指数（指数-事件对）,index_region_or_index_episode_pair,strict,prediction,single_lobe,47,19,28,0.40425531914893614,135,19,116,71,38,0,0.14074074074074075,-1.0,-2.0,0.0
ml_today_shallow_gbdt,top,all_a_ml_today_walk_forward_v1,onset,all_indices,__all__,全部指数（指数-事件对）,index_region_or_index_episode_pair,window,all,all,105,77,28,0.7333333333333333,308,77,231,166,65,0,0.25,-1.0,-4.0,4.0
ml_today_shallow_gbdt,top,all_a_ml_today_walk_forward_v1,onset,all_indices,__all__,全部指数（指数-事件对）,index_region_or_index_episode_pair,window,all,multi_lobe,58,38,20,0.6551724137931034,120,38,82,66,16,0,0.31666666666666665,-2.0,-5.75,2.75
ml_today_shallow_gbdt,top,all_a_ml_today_walk_forward_v1,onset,all_indices,__all__,全部指数（指数-事件对）,index_region_or_index_episode_pair,window,all,single_lobe,47,39,8,0.8297872340425532,188,39,149,100,49,0,0.2074468085106383,0.0,-3.0,3.0
ml_today_shallow_gbdt,top,all_a_ml_today_walk_forward_v1,onset,all_indices,__all__,全部指数（指数-事件对）,index_region_or_index_episode_pair,window,confirmation,all,105,23,82,0.21904761904761905,105,23,82,67,15,0,0.21904761904761905,6.0,5.0,8.0
ml_today_shallow_gbdt,top,all_a_ml_today_walk_forward_v1,onset,all_indices,__all__,全部指数（指数-事件对）,index_region_or_index_episode_pair,window,confirmation,multi_lobe,58,10,48,0.1724137931034483,52,10,42,38,4,0,0.19230769230769232,8.5,6.25,17.0
ml_today_shallow_gbdt,top,all_a_ml_today_walk_forward_v1,onset,all_indices,__all__,全部指数（指数-事件对）,index_region_or_index_episode_pair,window,confirmation,single_lobe,47,13,34,0.2765957446808511,53,13,40,29,11,0,0.24528301886792453,6.0,4.0,7.0
ml_today_shallow_gbdt,top,all_a_ml_today_walk_forward_v1,onset,all_indices,__all__,全部指数（指数-事件对）,index_region_or_index_episode_pair,window,prediction,all,105,54,51,0.5142857142857142,203,54,149,99,50,0,0.2660098522167488,-2.0,-7.5,-1.0
ml_today_shallow_gbdt,top,all_a_ml_today_walk_forward_v1,onset,all_indices,__all__,全部指数（指数-事件对）,index_region_or_index_episode_pair,window,prediction,multi_lobe,58,28,30,0.4827586206896552,68,28,40,28,12,0,0.4117647058823529,-3.0,-9.0,-2.0
ml_today_shallow_gbdt,top,all_a_ml_today_walk_forward_v1,onset,all_indices,__all__,全部指数（指数-事件对）,index_region_or_index_episode_pair,window,prediction,single_lobe,47,26,21,0.5531914893617021,135,26,109,71,38,0,0.1925925925925926,-2.0,-6.0,0.0
ml_today_shallow_gbdt,top,all_a_ml_today_walk_forward_v1,onset,index,all_a,全A,region_or_episode,loose,all,all,14,8,6,0.5714285714285714,44,8,36,24,9,0,0.18181818181818182,-2.0,-4.5,-1.0
ml_today_shallow_gbdt,top,all_a_ml_today_walk_forward_v1,onset,index,all_a,全A,region_or_episode,loose,all,multi_lobe,8,5,3,0.625,20,5,15,12,2,0,0.25,-3.0,-9.0,-2.0
ml_today_shallow_gbdt,top,all_a_ml_today_walk_forward_v1,onset,index,all_a,全A,region_or_episode,loose,all,single_lobe,6,3,3,0.5,24,3,21,12,7,0,0.125,-1.0,-1.5,-0.5
ml_today_shallow_gbdt,top,all_a_ml_today_walk_forward_v1,onset,index,all_a,全A,region_or_episode,loose,confirmation,all,14,0,14,0.0,12,0,12,8,2,0,0.0,,,
ml_today_shallow_gbdt,top,all_a_ml_today_walk_forward_v1,onset,index,all_a,全A,region_or_episode,loose,confirmation,multi_lobe,8,0,8,0.0,7,0,7,6,0,0,0.0,,,
ml_today_shallow_gbdt,top,all_a_ml_today_walk_forward_v1,onset,index,all_a,全A,region_or_episode,loose,confirmation,single_lobe,6,0,6,0.0,5,0,5,2,2,0,0.0,,,
ml_today_shallow_gbdt,top,all_a_ml_today_walk_forward_v1,onset,index,all_a,全A,region_or_episode,loose,prediction,all,14,8,6,0.5714285714285714,32,8,24,16,7,0,0.25,-2.0,-4.5,-1.0
ml_today_shallow_gbdt,top,all_a_ml_today_walk_forward_v1,onset,index,all_a,全A,region_or_episode,loose,prediction,multi_lobe,8,5,3,0.625,13,5,8,6,2,0,0.38461538461538464,-3.0,-9.0,-2.0
ml_today_shallow_gbdt,top,all_a_ml_today_walk_forward_v1,onset,index,all_a,全A,region_or_episode,loose,prediction,single_lobe,6,3,3,0.5,19,3,16,10,5,0,0.15789473684210525,-1.0,-1.5,-0.5
ml_today_shallow_gbdt,top,all_a_ml_today_walk_forward_v1,onset,index,all_a,全A,region_or_episode,strict,all,all,14,8,6,0.5714285714285714,44,8,36,24,9,0,0.18181818181818182,-2.0,-4.5,-1.0
ml_today_shallow_gbdt,top,all_a_ml_today_walk_forward_v1,onset,index,all_a,全A,region_or_episode,strict,all,multi_lobe,8,5,3,0.625,20,5,15,12,2,0,0.25,-3.0,-9.0,-2.0
ml_today_shallow_gbdt,top,all_a_ml_today_walk_forward_v1,onset,index,all_a,全A,region_or_episode,strict,all,single_lobe,6,3,3,0.5,24,3,21,12,7,0,0.125,-1.0,-1.5,-0.5
ml_today_shallow_gbdt,top,all_a_ml_today_walk_forward_v1,onset,index,all_a,全A,region_or_episode,strict,confirmation,all,14,0,14,0.0,12,0,12,8,2,0,0.0,,,
ml_today_shallow_gbdt,top,all_a_ml_today_walk_forward_v1,onset,index,all_a,全A,region_or_episode,strict,confirmation,multi_lobe,8,0,8,0.0,7,0,7,6,0,0,0.0,,,
ml_today_shallow_gbdt,top,all_a_ml_today_walk_forward_v1,onset,index,all_a,全A,region_or_episode,strict,confirmation,single_lobe,6,0,6,0.0,5,0,5,2,2,0,0.0,,,
ml_today_shallow_gbdt,top,all_a_ml_today_walk_forward_v1,onset,index,all_a,全A,region_or_episode,strict,prediction,all,14,8,6,0.5714285714285714,32,8,24,16,7,0,0.25,-2.0,-4.5,-1.0
ml_today_shallow_gbdt,top,all_a_ml_today_walk_forward_v1,onset,index,all_a,全A,region_or_episode,strict,prediction,multi_lobe,8,5,3,0.625,13,5,8,6,2,0,0.38461538461538464,-3.0,-9.0,-2.0
ml_today_shallow_gbdt,top,all_a_ml_today_walk_forward_v1,onset,index,all_a,全A,region_or_episode,strict,prediction,single_lobe,6,3,3,0.5,19,3,16,10,5,0,0.15789473684210525,-1.0,-1.5,-0.5
ml_today_shallow_gbdt,top,all_a_ml_today_walk_forward_v1,onset,index,all_a,全A,region_or_episode,window,all,all,14,11,3,0.7857142857142857,44,11,33,24,9,0,0.25,-2.0,-5.5,-0.5
ml_today_shallow_gbdt,top,all_a_ml_today_walk_forward_v1,onset,index,all_a,全A,region_or_episode,window,all,multi_lobe,8,6,2,0.75,20,6,14,12,2,0,0.3,-2.5,-7.5,-1.25
ml_today_shallow_gbdt,top,all_a_ml_today_walk_forward_v1,onset,index,all_a,全A,region_or_episode,window,all,single_lobe,6,5,1,0.8333333333333334,24,5,19,12,7,0,0.20833333333333334,-1.0,-2.0,0.0
ml_today_shallow_gbdt,top,all_a_ml_today_walk_forward_v1,onset,index,all_a,全A,region_or_episode,window,confirmation,all,14,2,12,0.14285714285714285,12,2,10,8,2,0,0.16666666666666666,11.5,8.75,14.25
ml_today_shallow_gbdt,top,all_a_ml_today_walk_forward_v1,onset,index,all_a,全A,region_or_episode,window,confirmation,multi_lobe,8,1,7,0.125,7,1,6,6,0,0,0.14285714285714285,17.0,17.0,17.0
ml_today_shallow_gbdt,top,all_a_ml_today_walk_forward_v1,onset,index,all_a,全A,region_or_episode,window,confirmation,single_lobe,6,1,5,0.16666666666666666,5,1,4,2,2,0,0.2,6.0,6.0,6.0
ml_today_shallow_gbdt,top,all_a_ml_today_walk_forward_v1,onset,index,all_a,全A,region_or_episode,window,prediction,all,14,9,5,0.6428571428571429,32,9,23,16,7,0,0.28125,-2.0,-8.0,-1.0
ml_today_shallow_gbdt,top,all_a_ml_today_walk_forward_v1,onset,index,all_a,全A,region_or_episode,window,prediction,multi_lobe,8,5,3,0.625,13,5,8,6,2,0,0.38461538461538464,-3.0,-9.0,-2.0
ml_today_shallow_gbdt,top,all_a_ml_today_walk_forward_v1,onset,index,all_a,全A,region_or_episode,window,prediction,single_lobe,6,4,2,0.6666666666666666,19,4,15,10,5,0,0.21052631578947367,-1.5,-3.5,-0.75
ml_today_shallow_gbdt,top,all_a_ml_today_walk_forward_v1,onset,index,cni2000,国证2000,region_or_episode,loose,all,all,15,4,11,0.26666666666666666,44,4,40,22,11,0,0.09090909090909091,-1.0,-2.0,1.25
ml_today_shallow_gbdt,top,all_a_ml_today_walk_forward_v1,onset,index,cni2000,国证2000,region_or_episode,loose,all,multi_lobe,10,2,8,0.2,18,2,16,9,3,0,0.1111111111111111,1.5,-0.25,3.25
ml_today_shallow_gbdt,top,all_a_ml_today_walk_forward_v1,onset,index,cni2000,国证2000,region_or_episode,loose,all,single_lobe,5,2,3,0.4,26,2,24,13,8,0,0.07692307692307693,-1.0,-1.5,-0.5
ml_today_shallow_gbdt,top,all_a_ml_today_walk_forward_v1,onset,index,cni2000,国证2000,region_or_episode,loose,confirmation,all,15,1,14,0.06666666666666667,14,1,13,8,2,0,0.07142857142857142,5.0,5.0,5.0
ml_today_shallow_gbdt,top,all_a_ml_today_walk_forward_v1,onset,index,cni2000,国证2000,region_or_episode,loose,confirmation,multi_lobe,10,1,9,0.1,8,1,7,5,1,0,0.125,5.0,5.0,5.0
ml_today_shallow_gbdt,top,all_a_ml_today_walk_forward_v1,onset,index,cni2000,国证2000,region_or_episode,loose,confirmation,single_lobe,5,0,5,0.0,6,0,6,3,1,0,0.0,,,
ml_today_shallow_gbdt,top,all_a_ml_today_walk_forward_v1,onset,index,cni2000,国证2000,region_or_episode,loose,prediction,all,15,3,12,0.2,30,3,27,14,9,0,0.1,-2.0,-2.0,-1.0
ml_today_shallow_gbdt,top,all_a_ml_today_walk_forward_v1,onset,index,cni2000,国证2000,region_or_episode,loose,prediction,multi_lobe,10,1,9,0.1,10,1,9,4,2,0,0.1,-2.0,-2.0,-2.0
ml_today_shallow_gbdt,top,all_a_ml_today_walk_forward_v1,onset,index,cni2000,国证2000,region_or_episode,loose,prediction,single_lobe,5,2,3,0.4,20,2,18,10,7,0,0.1,-1.0,-1.5,-0.5
ml_today_shallow_gbdt,top,all_a_ml_today_walk_forward_v1,onset,index,cni2000,国证2000,region_or_episode,strict,all,all,15,4,11,0.26666666666666666,44,4,40,22,11,0,0.09090909090909091,-1.0,-2.0,1.25
ml_today_shallow_gbdt,top,all_a_ml_today_walk_forward_v1,onset,index,cni2000,国证2000,region_or_episode,strict,all,multi_lobe,10,2,8,0.2,18,2,16,9,3,0,0.1111111111111111,1.5,-0.25,3.25
ml_today_shallow_gbdt,top,all_a_ml_today_walk_forward_v1,onset,index,cni2000,国证2000,region_or_episode,strict,all,single_lobe,5,2,3,0.4,26,2,24,13,8,0,0.07692307692307693,-1.0,-1.5,-0.5
ml_today_shallow_gbdt,top,all_a_ml_today_walk_forward_v1,onset,index,cni2000,国证2000,region_or_episode,strict,confirmation,all,15,1,14,0.06666666666666667,14,1,13,8,2,0,0.07142857142857142,5.0,5.0,5.0
ml_today_shallow_gbdt,top,all_a_ml_today_walk_forward_v1,onset,index,cni2000,国证2000,region_or_episode,strict,confirmation,multi_lobe,10,1,9,0.1,8,1,7,5,1,0,0.125,5.0,5.0,5.0
ml_today_shallow_gbdt,top,all_a_ml_today_walk_forward_v1,onset,index,cni2000,国证2000,region_or_episode,strict,confirmation,single_lobe,5,0,5,0.0,6,0,6,3,1,0,0.0,,,
ml_today_shallow_gbdt,top,all_a_ml_today_walk_forward_v1,onset,index,cni2000,国证2000,region_or_episode,strict,prediction,all,15,3,12,0.2,30,3,27,14,9,0,0.1,-2.0,-2.0,-1.0
ml_today_shallow_gbdt,top,all_a_ml_today_walk_forward_v1,onset,index,cni2000,国证2000,region_or_episode,strict,prediction,multi_lobe,10,1,9,0.1,10,1,9,4,2,0,0.1,-2.0,-2.0,-2.0
ml_today_shallow_gbdt,top,all_a_ml_today_walk_forward_v1,onset,index,cni2000,国证2000,region_or_episode,strict,prediction,single_lobe,5,2,3,0.4,20,2,18,10,7,0,0.1,-1.0,-1.5,-0.5
ml_today_shallow_gbdt,top,all_a_ml_today_walk_forward_v1,onset,index,cni2000,国证2000,region_or_episode,window,all,all,15,11,4,0.7333333333333333,44,11,33,22,11,0,0.25,-2.0,-4.5,4.5
ml_today_shallow_gbdt,top,all_a_ml_today_walk_forward_v1,onset,index,cni2000,国证2000,region_or_episode,window,all,multi_lobe,10,6,4,0.6,18,6,12,9,3,0,0.3333333333333333,-2.5,-8.25,3.25
ml_today_shallow_gbdt,top,all_a_ml_today_walk_forward_v1,onset,index,cni2000,国证2000,region_or_episode,window,all,single_lobe,5,5,0,1.0,26,5,21,13,8,0,0.19230769230769232,0.0,-2.0,4.0
ml_today_shallow_gbdt,top,all_a_ml_today_walk_forward_v1,onset,index,cni2000,国证2000,region_or_episode,window,confirmation,all,15,4,11,0.26666666666666666,14,4,10,8,2,0,0.2857142857142857,6.0,4.75,7.75
ml_today_shallow_gbdt,top,all_a_ml_today_walk_forward_v1,onset,index,cni2000,国证2000,region_or_episode,window,confirmation,multi_lobe,10,2,8,0.2,8,2,6,5,1,0,0.25,7.5,6.25,8.75
ml_today_shallow_gbdt,top,all_a_ml_today_walk_forward_v1,onset,index,cni2000,国证2000,region_or_episode,window,confirmation,single_lobe,5,2,3,0.4,6,2,4,3,1,0,0.3333333333333333,5.5,4.75,6.25
ml_today_shallow_gbdt,top,all_a_ml_today_walk_forward_v1,onset,index,cni2000,国证2000,region_or_episode,window,prediction,all,15,7,8,0.4666666666666667,30,7,23,14,9,0,0.23333333333333334,-3.0,-8.0,-2.0
ml_today_shallow_gbdt,top,all_a_ml_today_walk_forward_v1,onset,index,cni2000,国证2000,region_or_episode,window,prediction,multi_lobe,10,4,6,0.4,10,4,6,4,2,0,0.4,-6.5,-10.75,-2.75
ml_today_shallow_gbdt,top,all_a_ml_today_walk_forward_v1,onset,index,cni2000,国证2000,region_or_episode,window,prediction,single_lobe,5,3,2,0.6,20,3,17,10,7,0,0.15,-2.0,-4.0,-1.0
ml_today_shallow_gbdt,top,all_a_ml_today_walk_forward_v1,onset,index,csi1000,中证1000,region_or_episode,loose,all,all,13,4,9,0.3076923076923077,44,4,40,25,8,0,0.09090909090909091,-4.0,-6.0,-1.5
ml_today_shallow_gbdt,top,all_a_ml_today_walk_forward_v1,onset,index,csi1000,中证1000,region_or_episode,loose,all,multi_lobe,8,1,7,0.125,16,1,15,9,1,0,0.0625,-2.0,-2.0,-2.0
ml_today_shallow_gbdt,top,all_a_ml_today_walk_forward_v1,onset,index,csi1000,中证1000,region_or_episode,loose,all,single_lobe,5,3,2,0.6,28,3,25,16,7,0,0.10714285714285714,-6.0,-6.0,-3.0
ml_today_shallow_gbdt,top,all_a_ml_today_walk_forward_v1,onset,index,csi1000,中证1000,region_or_episode,loose,confirmation,all,13,0,13,0.0,16,0,16,12,1,0,0.0,,,
ml_today_shallow_gbdt,top,all_a_ml_today_walk_forward_v1,onset,index,csi1000,中证1000,region_or_episode,loose,confirmation,multi_lobe,8,0,8,0.0,7,0,7,6,0,0,0.0,,,
ml_today_shallow_gbdt,top,all_a_ml_today_walk_forward_v1,onset,index,csi1000,中证1000,region_or_episode,loose,confirmation,single_lobe,5,0,5,0.0,9,0,9,6,1,0,0.0,,,
ml_today_shallow_gbdt,top,all_a_ml_today_walk_forward_v1,onset,index,csi1000,中证1000,region_or_episode,loose,prediction,all,13,4,9,0.3076923076923077,28,4,24,13,7,0,0.14285714285714285,-4.0,-6.0,-1.5
ml_today_shallow_gbdt,top,all_a_ml_today_walk_forward_v1,onset,index,csi1000,中证1000,region_or_episode,loose,prediction,multi_lobe,8,1,7,0.125,9,1,8,3,1,0,0.1111111111111111,-2.0,-2.0,-2.0
ml_today_shallow_gbdt,top,all_a_ml_today_walk_forward_v1,onset,index,csi1000,中证1000,region_or_episode,loose,prediction,single_lobe,5,3,2,0.6,19,3,16,10,6,0,0.15789473684210525,-6.0,-6.0,-3.0
ml_today_shallow_gbdt,top,all_a_ml_today_walk_forward_v1,onset,index,csi1000,中证1000,region_or_episode,strict,all,all,13,4,9,0.3076923076923077,44,4,40,25,8,0,0.09090909090909091,-4.0,-6.0,-1.5
ml_today_shallow_gbdt,top,all_a_ml_today_walk_forward_v1,onset,index,csi1000,中证1000,region_or_episode,strict,all,multi_lobe,8,1,7,0.125,16,1,15,9,1,0,0.0625,-2.0,-2.0,-2.0
ml_today_shallow_gbdt,top,all_a_ml_today_walk_forward_v1,onset,index,csi1000,中证1000,region_or_episode,strict,all,single_lobe,5,3,2,0.6,28,3,25,16,7,0,0.10714285714285714,-6.0,-6.0,-3.0
ml_today_shallow_gbdt,top,all_a_ml_today_walk_forward_v1,onset,index,csi1000,中证1000,region_or_episode,strict,confirmation,all,13,0,13,0.0,16,0,16,12,1,0,0.0,,,
ml_today_shallow_gbdt,top,all_a_ml_today_walk_forward_v1,onset,index,csi1000,中证1000,region_or_episode,strict,confirmation,multi_lobe,8,0,8,0.0,7,0,7,6,0,0,0.0,,,
ml_today_shallow_gbdt,top,all_a_ml_today_walk_forward_v1,onset,index,csi1000,中证1000,region_or_episode,strict,confirmation,single_lobe,5,0,5,0.0,9,0,9,6,1,0,0.0,,,
ml_today_shallow_gbdt,top,all_a_ml_today_walk_forward_v1,onset,index,csi1000,中证1000,region_or_episode,strict,prediction,all,13,4,9,0.3076923076923077,28,4,24,13,7,0,0.14285714285714285,-4.0,-6.0,-1.5
ml_today_shallow_gbdt,top,all_a_ml_today_walk_forward_v1,onset,index,csi1000,中证1000,region_or_episode,strict,prediction,multi_lobe,8,1,7,0.125,9,1,8,3,1,0,0.1111111111111111,-2.0,-2.0,-2.0
ml_today_shallow_gbdt,top,all_a_ml_today_walk_forward_v1,onset,index,csi1000,中证1000,region_or_episode,strict,prediction,single_lobe,5,3,2,0.6,19,3,16,10,6,0,0.15789473684210525,-6.0,-6.0,-3.0
ml_today_shallow_gbdt,top,all_a_ml_today_walk_forward_v1,onset,index,csi1000,中证1000,region_or_episode,window,all,all,13,11,2,0.8461538461538461,44,11,33,25,8,0,0.25,-2.0,-6.0,3.0
ml_today_shallow_gbdt,top,all_a_ml_today_walk_forward_v1,onset,index,csi1000,中证1000,region_or_episode,window,all,multi_lobe,8,6,2,0.75,16,6,10,9,1,0,0.375,-2.5,-10.5,-2.0
ml_today_shallow_gbdt,top,all_a_ml_today_walk_forward_v1,onset,index,csi1000,中证1000,region_or_episode,window,all,single_lobe,5,5,0,1.0,28,5,23,16,7,0,0.17857142857142858,0.0,-6.0,6.0
ml_today_shallow_gbdt,top,all_a_ml_today_walk_forward_v1,onset,index,csi1000,中证1000,region_or_episode,window,confirmation,all,13,3,10,0.23076923076923078,16,3,13,12,1,0,0.1875,7.0,6.5,12.0
ml_today_shallow_gbdt,top,all_a_ml_today_walk_forward_v1,onset,index,csi1000,中证1000,region_or_episode,window,confirmation,multi_lobe,8,1,7,0.125,7,1,6,6,0,0,0.14285714285714285,17.0,17.0,17.0
ml_today_shallow_gbdt,top,all_a_ml_today_walk_forward_v1,onset,index,csi1000,中证1000,region_or_episode,window,confirmation,single_lobe,5,2,3,0.4,9,2,7,6,1,0,0.2222222222222222,6.5,6.25,6.75
ml_today_shallow_gbdt,top,all_a_ml_today_walk_forward_v1,onset,index,csi1000,中证1000,region_or_episode,window,prediction,all,13,8,5,0.6153846153846154,28,8,20,13,7,0,0.2857142857142857,-4.5,-7.75,-2.0
ml_today_shallow_gbdt,top,all_a_ml_today_walk_forward_v1,onset,index,csi1000,中证1000,region_or_episode,window,prediction,multi_lobe,8,5,3,0.625,9,5,4,3,1,0,0.5555555555555556,-3.0,-13.0,-2.0
ml_today_shallow_gbdt,top,all_a_ml_today_walk_forward_v1,onset,index,csi1000,中证1000,region_or_episode,window,prediction,single_lobe,5,3,2,0.6,19,3,16,10,6,0,0.15789473684210525,-6.0,-6.0,-3.0
ml_today_shallow_gbdt,top,all_a_ml_today_walk_forward_v1,onset,index,csi300,沪深300,region_or_episode,loose,all,all,15,7,8,0.4666666666666667,44,7,37,24,10,0,0.1590909090909091,-1.0,-2.5,-0.5
ml_today_shallow_gbdt,top,all_a_ml_today_walk_forward_v1,onset,index,csi300,沪深300,region_or_episode,loose,all,multi_lobe,7,3,4,0.42857142857142855,15,3,12,8,3,0,0.2,-3.0,-6.0,-2.0
ml_today_shallow_gbdt,top,all_a_ml_today_walk_forward_v1,onset,index,csi300,沪深300,region_or_episode,loose,all,single_lobe,8,4,4,0.5,29,4,25,16,7,0,0.13793103448275862,-0.5,-1.25,0.0
ml_today_shallow_gbdt,top,all_a_ml_today_walk_forward_v1,onset,index,csi300,沪深300,region_or_episode,loose,confirmation,all,15,0,15,0.0,13,0,13,7,4,0,0.0,,,
ml_today_shallow_gbdt,top,all_a_ml_today_walk_forward_v1,onset,index,csi300,沪深300,region_or_episode,loose,confirmation,multi_lobe,7,0,7,0.0,5,0,5,2,2,0,0.0,,,
ml_today_shallow_gbdt,top,all_a_ml_today_walk_forward_v1,onset,index,csi300,沪深300,region_or_episode,loose,confirmation,single_lobe,8,0,8,0.0,8,0,8,5,2,0,0.0,,,
ml_today_shallow_gbdt,top,all_a_ml_today_walk_forward_v1,onset,index,csi300,沪深300,region_or_episode,loose,prediction,all,15,7,8,0.4666666666666667,31,7,24,17,6,0,0.22580645161290322,-1.0,-2.5,-0.5
ml_today_shallow_gbdt,top,all_a_ml_today_walk_forward_v1,onset,index,csi300,沪深300,region_or_episode,loose,prediction,multi_lobe,7,3,4,0.42857142857142855,10,3,7,6,1,0,0.3,-3.0,-6.0,-2.0
ml_today_shallow_gbdt,top,all_a_ml_today_walk_forward_v1,onset,index,csi300,沪深300,region_or_episode,loose,prediction,single_lobe,8,4,4,0.5,21,4,17,11,5,0,0.19047619047619047,-0.5,-1.25,0.0
ml_today_shallow_gbdt,top,all_a_ml_today_walk_forward_v1,onset,index,csi300,沪深300,region_or_episode,strict,all,all,15,7,8,0.4666666666666667,44,7,37,24,10,0,0.1590909090909091,-1.0,-2.5,-0.5
ml_today_shallow_gbdt,top,all_a_ml_today_walk_forward_v1,onset,index,csi300,沪深300,region_or_episode,strict,all,multi_lobe,7,3,4,0.42857142857142855,15,3,12,8,3,0,0.2,-3.0,-6.0,-2.0
ml_today_shallow_gbdt,top,all_a_ml_today_walk_forward_v1,onset,index,csi300,沪深300,region_or_episode,strict,all,single_lobe,8,4,4,0.5,29,4,25,16,7,0,0.13793103448275862,-0.5,-1.25,0.0
ml_today_shallow_gbdt,top,all_a_ml_today_walk_forward_v1,onset,index,csi300,沪深300,region_or_episode,strict,confirmation,all,15,0,15,0.0,13,0,13,7,4,0,0.0,,,
ml_today_shallow_gbdt,top,all_a_ml_today_walk_forward_v1,onset,index,csi300,沪深300,region_or_episode,strict,confirmation,multi_lobe,7,0,7,0.0,5,0,5,2,2,0,0.0,,,
ml_today_shallow_gbdt,top,all_a_ml_today_walk_forward_v1,onset,index,csi300,沪深300,region_or_episode,strict,confirmation,single_lobe,8,0,8,0.0,8,0,8,5,2,0,0.0,,,
ml_today_shallow_gbdt,top,all_a_ml_today_walk_forward_v1,onset,index,csi300,沪深300,region_or_episode,strict,prediction,all,15,7,8,0.4666666666666667,31,7,24,17,6,0,0.22580645161290322,-1.0,-2.5,-0.5
ml_today_shallow_gbdt,top,all_a_ml_today_walk_forward_v1,onset,index,csi300,沪深300,region_or_episode,strict,prediction,multi_lobe,7,3,4,0.42857142857142855,10,3,7,6,1,0,0.3,-3.0,-6.0,-2.0
ml_today_shallow_gbdt,top,all_a_ml_today_walk_forward_v1,onset,index,csi300,沪深300,region_or_episode,strict,prediction,single_lobe,8,4,4,0.5,21,4,17,11,5,0,0.19047619047619047,-0.5,-1.25,0.0
ml_today_shallow_gbdt,top,all_a_ml_today_walk_forward_v1,onset,index,csi300,沪深300,region_or_episode,window,all,all,15,10,5,0.6666666666666666,44,10,34,24,10,0,0.22727272727272727,-1.0,-2.75,0.0
ml_today_shallow_gbdt,top,all_a_ml_today_walk_forward_v1,onset,index,csi300,沪深300,region_or_episode,window,all,multi_lobe,7,4,3,0.5714285714285714,15,4,11,8,3,0,0.26666666666666666,-2.0,-4.5,1.0
ml_today_shallow_gbdt,top,all_a_ml_today_walk_forward_v1,onset,index,csi300,沪深300,region_or_episode,window,all,single_lobe,8,6,2,0.75,29,6,23,16,7,0,0.20689655172413793,-0.5,-1.75,0.0
ml_today_shallow_gbdt,top,all_a_ml_today_walk_forward_v1,onset,index,csi300,沪深300,region_or_episode,window,confirmation,all,15,2,13,0.13333333333333333,13,2,11,7,4,0,0.15384615384615385,7.5,7.25,7.75
ml_today_shallow_gbdt,top,all_a_ml_today_walk_forward_v1,onset,index,csi300,沪深300,region_or_episode,window,confirmation,multi_lobe,7,1,6,0.14285714285714285,5,1,4,2,2,0,0.2,7.0,7.0,7.0
ml_today_shallow_gbdt,top,all_a_ml_today_walk_forward_v1,onset,index,csi300,沪深300,region_or_episode,window,confirmation,single_lobe,8,1,7,0.125,8,1,7,5,2,0,0.125,8.0,8.0,8.0
ml_today_shallow_gbdt,top,all_a_ml_today_walk_forward_v1,onset,index,csi300,沪深300,region_or_episode,window,prediction,all,15,8,7,0.5333333333333333,31,8,23,17,6,0,0.25806451612903225,-1.5,-4.25,-0.75
ml_today_shallow_gbdt,top,all_a_ml_today_walk_forward_v1,onset,index,csi300,沪深300,region_or_episode,window,prediction,multi_lobe,7,3,4,0.42857142857142855,10,3,7,6,1,0,0.3,-3.0,-6.0,-2.0
ml_today_shallow_gbdt,top,all_a_ml_today_walk_forward_v1,onset,index,csi300,沪深300,region_or_episode,window,prediction,single_lobe,8,5,3,0.625,21,5,16,11,5,0,0.23809523809523808,-1.0,-2.0,0.0
ml_today_shallow_gbdt,top,all_a_ml_today_walk_forward_v1,onset,index,csi500,中证500,region_or_episode,loose,all,all,15,7,8,0.4666666666666667,44,7,37,25,8,0,0.1590909090909091,0.0,-2.0,3.5
ml_today_shallow_gbdt,top,all_a_ml_today_walk_forward_v1,onset,index,csi500,中证500,region_or_episode,loose,all,multi_lobe,5,2,3,0.4,9,2,7,6,0,0,0.2222222222222222,-2.0,-2.0,-2.0
ml_today_shallow_gbdt,top,all_a_ml_today_walk_forward_v1,onset,index,csi500,中证500,region_or_episode,loose,all,single_lobe,10,5,5,0.5,35,5,30,19,8,0,0.14285714285714285,2.0,0.0,5.0
ml_today_shallow_gbdt,top,all_a_ml_today_walk_forward_v1,onset,index,csi500,中证500,region_or_episode,loose,confirmation,all,15,3,12,0.2,17,3,14,10,2,0,0.17647058823529413,5.0,3.5,5.0
ml_today_shallow_gbdt,top,all_a_ml_today_walk_forward_v1,onset,index,csi500,中证500,region_or_episode,loose,confirmation,multi_lobe,5,0,5,0.0,6,0,6,5,0,0,0.0,,,
ml_today_shallow_gbdt,top,all_a_ml_today_walk_forward_v1,onset,index,csi500,中证500,region_or_episode,loose,confirmation,single_lobe,10,3,7,0.3,11,3,8,5,2,0,0.2727272727272727,5.0,3.5,5.0
ml_today_shallow_gbdt,top,all_a_ml_today_walk_forward_v1,onset,index,csi500,中证500,region_or_episode,loose,prediction,all,15,4,11,0.26666666666666666,27,4,23,15,6,0,0.14814814814814814,-2.0,-3.5,-1.5
ml_today_shallow_gbdt,top,all_a_ml_today_walk_forward_v1,onset,index,csi500,中证500,region_or_episode,loose,prediction,multi_lobe,5,2,3,0.4,3,2,1,1,0,0,0.6666666666666666,-2.0,-2.0,-2.0
ml_today_shallow_gbdt,top,all_a_ml_today_walk_forward_v1,onset,index,csi500,中证500,region_or_episode,loose,prediction,single_lobe,10,2,8,0.2,24,2,22,14,6,0,0.08333333333333333,-4.0,-6.0,-2.0
ml_today_shallow_gbdt,top,all_a_ml_today_walk_forward_v1,onset,index,csi500,中证500,region_or_episode,strict,all,all,15,7,8,0.4666666666666667,44,7,37,25,8,0,0.1590909090909091,0.0,-2.0,3.5
ml_today_shallow_gbdt,top,all_a_ml_today_walk_forward_v1,onset,index,csi500,中证500,region_or_episode,strict,all,multi_lobe,5,2,3,0.4,9,2,7,6,0,0,0.2222222222222222,-2.0,-2.0,-2.0
ml_today_shallow_gbdt,top,all_a_ml_today_walk_forward_v1,onset,index,csi500,中证500,region_or_episode,strict,all,single_lobe,10,5,5,0.5,35,5,30,19,8,0,0.14285714285714285,2.0,0.0,5.0
ml_today_shallow_gbdt,top,all_a_ml_today_walk_forward_v1,onset,index,csi500,中证500,region_or_episode,strict,confirmation,all,15,3,12,0.2,17,3,14,10,2,0,0.17647058823529413,5.0,3.5,5.0
ml_today_shallow_gbdt,top,all_a_ml_today_walk_forward_v1,onset,index,csi500,中证500,region_or_episode,strict,confirmation,multi_lobe,5,0,5,0.0,6,0,6,5,0,0,0.0,,,
ml_today_shallow_gbdt,top,all_a_ml_today_walk_forward_v1,onset,index,csi500,中证500,region_or_episode,strict,confirmation,single_lobe,10,3,7,0.3,11,3,8,5,2,0,0.2727272727272727,5.0,3.5,5.0
ml_today_shallow_gbdt,top,all_a_ml_today_walk_forward_v1,onset,index,csi500,中证500,region_or_episode,strict,prediction,all,15,4,11,0.26666666666666666,27,4,23,15,6,0,0.14814814814814814,-2.0,-3.5,-1.5
ml_today_shallow_gbdt,top,all_a_ml_today_walk_forward_v1,onset,index,csi500,中证500,region_or_episode,strict,prediction,multi_lobe,5,2,3,0.4,3,2,1,1,0,0,0.6666666666666666,-2.0,-2.0,-2.0
ml_today_shallow_gbdt,top,all_a_ml_today_walk_forward_v1,onset,index,csi500,中证500,region_or_episode,strict,prediction,single_lobe,10,2,8,0.2,24,2,22,14,6,0,0.08333333333333333,-4.0,-6.0,-2.0
ml_today_shallow_gbdt,top,all_a_ml_today_walk_forward_v1,onset,index,csi500,中证500,region_or_episode,window,all,all,15,11,4,0.7333333333333333,44,11,33,25,8,0,0.25,0.0,-3.0,5.0
ml_today_shallow_gbdt,top,all_a_ml_today_walk_forward_v1,onset,index,csi500,中证500,region_or_episode,window,all,multi_lobe,5,3,2,0.6,9,3,6,6,0,0,0.3333333333333333,-2.0,-2.0,7.5
ml_today_shallow_gbdt,top,all_a_ml_today_walk_forward_v1,onset,index,csi500,中证500,region_or_episode,window,all,single_lobe,10,8,2,0.8,35,8,27,19,8,0,0.22857142857142856,1.0,-5.0,5.0
ml_today_shallow_gbdt,top,all_a_ml_today_walk_forward_v1,onset,index,csi500,中证500,region_or_episode,window,confirmation,all,15,5,10,0.3333333333333333,17,5,12,10,2,0,0.29411764705882354,5.0,5.0,6.0
ml_today_shallow_gbdt,top,all_a_ml_today_walk_forward_v1,onset,index,csi500,中证500,region_or_episode,window,confirmation,multi_lobe,5,1,4,0.2,6,1,5,5,0,0,0.16666666666666666,17.0,17.0,17.0
ml_today_shallow_gbdt,top,all_a_ml_today_walk_forward_v1,onset,index,csi500,中证500,region_or_episode,window,confirmation,single_lobe,10,4,6,0.4,11,4,7,5,2,0,0.36363636363636365,5.0,4.25,5.25
ml_today_shallow_gbdt,top,all_a_ml_today_walk_forward_v1,onset,index,csi500,中证500,region_or_episode,window,prediction,all,15,6,9,0.4,27,6,21,15,6,0,0.2222222222222222,-3.0,-7.0,-2.0
ml_today_shallow_gbdt,top,all_a_ml_today_walk_forward_v1,onset,index,csi500,中证500,region_or_episode,window,prediction,multi_lobe,5,2,3,0.4,3,2,1,1,0,0,0.6666666666666666,-2.0,-2.0,-2.0
ml_today_shallow_gbdt,top,all_a_ml_today_walk_forward_v1,onset,index,csi500,中证500,region_or_episode,window,prediction,single_lobe,10,4,6,0.4,24,4,20,14,6,0,0.16666666666666666,-6.0,-8.0,-3.0
ml_today_shallow_gbdt,top,all_a_ml_today_walk_forward_v1,onset,index,microcap,微盘股,region_or_episode,loose,all,all,15,5,10,0.3333333333333333,44,5,39,24,10,0,0.11363636363636363,-1.0,-1.0,-1.0
ml_today_shallow_gbdt,top,all_a_ml_today_walk_forward_v1,onset,index,microcap,微盘股,region_or_episode,loose,all,multi_lobe,9,3,6,0.3333333333333333,25,3,22,14,5,0,0.12,-1.0,-1.0,-1.0
ml_today_shallow_gbdt,top,all_a_ml_today_walk_forward_v1,onset,index,microcap,微盘股,region_or_episode,loose,all,single_lobe,6,2,4,0.3333333333333333,19,2,17,10,5,0,0.10526315789473684,-1.0,-1.5,-0.5
ml_today_shallow_gbdt,top,all_a_ml_today_walk_forward_v1,onset,index,microcap,微盘股,region_or_episode,loose,confirmation,all,15,0,15,0.0,17,0,17,12,2,0,0.0,,,
ml_today_shallow_gbdt,top,all_a_ml_today_walk_forward_v1,onset,index,microcap,微盘股,region_or_episode,loose,confirmation,multi_lobe,9,0,9,0.0,12,0,12,9,1,0,0.0,,,
ml_today_shallow_gbdt,top,all_a_ml_today_walk_forward_v1,onset,index,microcap,微盘股,region_or_episode,loose,confirmation,single_lobe,6,0,6,0.0,5,0,5,3,1,0,0.0,,,
ml_today_shallow_gbdt,top,all_a_ml_today_walk_forward_v1,onset,index,microcap,微盘股,region_or_episode,loose,prediction,all,15,5,10,0.3333333333333333,27,5,22,12,8,0,0.18518518518518517,-1.0,-1.0,-1.0
ml_today_shallow_gbdt,top,all_a_ml_today_walk_forward_v1,onset,index,microcap,微盘股,region_or_episode,loose,prediction,multi_lobe,9,3,6,0.3333333333333333,13,3,10,5,4,0,0.23076923076923078,-1.0,-1.0,-1.0
ml_today_shallow_gbdt,top,all_a_ml_today_walk_forward_v1,onset,index,microcap,微盘股,region_or_episode,loose,prediction,single_lobe,6,2,4,0.3333333333333333,14,2,12,7,4,0,0.14285714285714285,-1.0,-1.5,-0.5
ml_today_shallow_gbdt,top,all_a_ml_today_walk_forward_v1,onset,index,microcap,微盘股,region_or_episode,strict,all,all,15,5,10,0.3333333333333333,44,5,39,24,10,0,0.11363636363636363,-1.0,-1.0,-1.0
ml_today_shallow_gbdt,top,all_a_ml_today_walk_forward_v1,onset,index,microcap,微盘股,region_or_episode,strict,all,multi_lobe,9,3,6,0.3333333333333333,25,3,22,14,5,0,0.12,-1.0,-1.0,-1.0
ml_today_shallow_gbdt,top,all_a_ml_today_walk_forward_v1,onset,index,microcap,微盘股,region_or_episode,strict,all,single_lobe,6,2,4,0.3333333333333333,19,2,17,10,5,0,0.10526315789473684,-1.0,-1.5,-0.5
ml_today_shallow_gbdt,top,all_a_ml_today_walk_forward_v1,onset,index,microcap,微盘股,region_or_episode,strict,confirmation,all,15,0,15,0.0,17,0,17,12,2,0,0.0,,,
ml_today_shallow_gbdt,top,all_a_ml_today_walk_forward_v1,onset,index,microcap,微盘股,region_or_episode,strict,confirmation,multi_lobe,9,0,9,0.0,12,0,12,9,1,0,0.0,,,
ml_today_shallow_gbdt,top,all_a_ml_today_walk_forward_v1,onset,index,microcap,微盘股,region_or_episode,strict,confirmation,single_lobe,6,0,6,0.0,5,0,5,3,1,0,0.0,,,
ml_today_shallow_gbdt,top,all_a_ml_today_walk_forward_v1,onset,index,microcap,微盘股,region_or_episode,strict,prediction,all,15,5,10,0.3333333333333333,27,5,22,12,8,0,0.18518518518518517,-1.0,-1.0,-1.0
ml_today_shallow_gbdt,top,all_a_ml_today_walk_forward_v1,onset,index,microcap,微盘股,region_or_episode,strict,prediction,multi_lobe,9,3,6,0.3333333333333333,13,3,10,5,4,0,0.23076923076923078,-1.0,-1.0,-1.0
ml_today_shallow_gbdt,top,all_a_ml_today_walk_forward_v1,onset,index,microcap,微盘股,region_or_episode,strict,prediction,single_lobe,6,2,4,0.3333333333333333,14,2,12,7,4,0,0.14285714285714285,-1.0,-1.5,-0.5
ml_today_shallow_gbdt,top,all_a_ml_today_walk_forward_v1,onset,index,microcap,微盘股,region_or_episode,window,all,all,15,10,5,0.6666666666666666,44,10,34,24,10,0,0.22727272727272727,-1.0,-1.75,0.75
ml_today_shallow_gbdt,top,all_a_ml_today_walk_forward_v1,onset,index,microcap,微盘股,region_or_episode,window,all,multi_lobe,9,6,3,0.6666666666666666,25,6,19,14,5,0,0.24,-1.0,-1.0,2.75
ml_today_shallow_gbdt,top,all_a_ml_today_walk_forward_v1,onset,index,microcap,微盘股,region_or_episode,window,all,single_lobe,6,4,2,0.6666666666666666,19,4,15,10,5,0,0.21052631578947367,-1.0,-2.5,0.25
ml_today_shallow_gbdt,top,all_a_ml_today_walk_forward_v1,onset,index,microcap,微盘股,region_or_episode,window,confirmation,all,15,3,12,0.2,17,3,14,12,2,0,0.17647058823529413,4.0,2.5,5.5
ml_today_shallow_gbdt,top,all_a_ml_today_walk_forward_v1,onset,index,microcap,微盘股,region_or_episode,window,confirmation,multi_lobe,9,2,7,0.2222222222222222,12,2,10,9,1,0,0.16666666666666666,5.5,4.75,6.25
ml_today_shallow_gbdt,top,all_a_ml_today_walk_forward_v1,onset,index,microcap,微盘股,region_or_episode,window,confirmation,single_lobe,6,1,5,0.16666666666666666,5,1,4,3,1,0,0.2,1.0,1.0,1.0
ml_today_shallow_gbdt,top,all_a_ml_today_walk_forward_v1,onset,index,microcap,微盘股,region_or_episode,window,prediction,all,15,7,8,0.4666666666666667,27,7,20,12,8,0,0.25925925925925924,-1.0,-3.0,-1.0
ml_today_shallow_gbdt,top,all_a_ml_today_walk_forward_v1,onset,index,microcap,微盘股,region_or_episode,window,prediction,multi_lobe,9,4,5,0.4444444444444444,13,4,9,5,4,0,0.3076923076923077,-1.0,-2.25,-1.0
ml_today_shallow_gbdt,top,all_a_ml_today_walk_forward_v1,onset,index,microcap,微盘股,region_or_episode,window,prediction,single_lobe,6,3,3,0.5,14,3,11,7,4,0,0.21428571428571427,-2.0,-3.0,-1.0
ml_today_shallow_gbdt,top,all_a_ml_today_walk_forward_v1,onset,index,sse_composite,上证指数,region_or_episode,loose,all,all,18,9,9,0.5,44,9,35,22,9,0,0.20454545454545456,-2.0,-5.0,-1.0
ml_today_shallow_gbdt,top,all_a_ml_today_walk_forward_v1,onset,index,sse_composite,上证指数,region_or_episode,loose,all,multi_lobe,11,5,6,0.45454545454545453,17,5,12,8,2,0,0.29411764705882354,-5.0,-9.0,-3.0
ml_today_shallow_gbdt,top,all_a_ml_today_walk_forward_v1,onset,index,sse_composite,上证指数,region_or_episode,loose,all,single_lobe,7,4,3,0.5714285714285714,27,4,23,14,7,0,0.14814814814814814,-0.5,-1.25,0.5
ml_today_shallow_gbdt,top,all_a_ml_today_walk_forward_v1,onset,index,sse_composite,上证指数,region_or_episode,loose,confirmation,all,18,1,17,0.05555555555555555,16,1,15,10,2,0,0.0625,2.0,2.0,2.0
ml_today_shallow_gbdt,top,all_a_ml_today_walk_forward_v1,onset,index,sse_composite,上证指数,region_or_episode,loose,confirmation,multi_lobe,11,0,11,0.0,7,0,7,5,0,0,0.0,,,
ml_today_shallow_gbdt,top,all_a_ml_today_walk_forward_v1,onset,index,sse_composite,上证指数,region_or_episode,loose,confirmation,single_lobe,7,1,6,0.14285714285714285,9,1,8,5,2,0,0.1111111111111111,2.0,2.0,2.0
ml_today_shallow_gbdt,top,all_a_ml_today_walk_forward_v1,onset,index,sse_composite,上证指数,region_or_episode,loose,prediction,all,18,8,10,0.4444444444444444,28,8,20,12,7,0,0.2857142857142857,-2.5,-6.0,-1.0
ml_today_shallow_gbdt,top,all_a_ml_today_walk_forward_v1,onset,index,sse_composite,上证指数,region_or_episode,loose,prediction,multi_lobe,11,5,6,0.45454545454545453,10,5,5,3,2,0,0.5,-5.0,-9.0,-3.0
ml_today_shallow_gbdt,top,all_a_ml_today_walk_forward_v1,onset,index,sse_composite,上证指数,region_or_episode,loose,prediction,single_lobe,7,3,4,0.42857142857142855,18,3,15,9,5,0,0.16666666666666666,-1.0,-1.5,-0.5
ml_today_shallow_gbdt,top,all_a_ml_today_walk_forward_v1,onset,index,sse_composite,上证指数,region_or_episode,strict,all,all,18,9,9,0.5,44,9,35,22,9,0,0.20454545454545456,-2.0,-5.0,-1.0
ml_today_shallow_gbdt,top,all_a_ml_today_walk_forward_v1,onset,index,sse_composite,上证指数,region_or_episode,strict,all,multi_lobe,11,5,6,0.45454545454545453,17,5,12,8,2,0,0.29411764705882354,-5.0,-9.0,-3.0
ml_today_shallow_gbdt,top,all_a_ml_today_walk_forward_v1,onset,index,sse_composite,上证指数,region_or_episode,strict,all,single_lobe,7,4,3,0.5714285714285714,27,4,23,14,7,0,0.14814814814814814,-0.5,-1.25,0.5
ml_today_shallow_gbdt,top,all_a_ml_today_walk_forward_v1,onset,index,sse_composite,上证指数,region_or_episode,strict,confirmation,all,18,1,17,0.05555555555555555,16,1,15,10,2,0,0.0625,2.0,2.0,2.0
ml_today_shallow_gbdt,top,all_a_ml_today_walk_forward_v1,onset,index,sse_composite,上证指数,region_or_episode,strict,confirmation,multi_lobe,11,0,11,0.0,7,0,7,5,0,0,0.0,,,
ml_today_shallow_gbdt,top,all_a_ml_today_walk_forward_v1,onset,index,sse_composite,上证指数,region_or_episode,strict,confirmation,single_lobe,7,1,6,0.14285714285714285,9,1,8,5,2,0,0.1111111111111111,2.0,2.0,2.0
ml_today_shallow_gbdt,top,all_a_ml_today_walk_forward_v1,onset,index,sse_composite,上证指数,region_or_episode,strict,prediction,all,18,8,10,0.4444444444444444,28,8,20,12,7,0,0.2857142857142857,-2.5,-6.0,-1.0
ml_today_shallow_gbdt,top,all_a_ml_today_walk_forward_v1,onset,index,sse_composite,上证指数,region_or_episode,strict,prediction,multi_lobe,11,5,6,0.45454545454545453,10,5,5,3,2,0,0.5,-5.0,-9.0,-3.0
ml_today_shallow_gbdt,top,all_a_ml_today_walk_forward_v1,onset,index,sse_composite,上证指数,region_or_episode,strict,prediction,single_lobe,7,3,4,0.42857142857142855,18,3,15,9,5,0,0.16666666666666666,-1.0,-1.5,-0.5
ml_today_shallow_gbdt,top,all_a_ml_today_walk_forward_v1,onset,index,sse_composite,上证指数,region_or_episode,window,all,all,18,13,5,0.7222222222222222,44,13,31,22,9,0,0.29545454545454547,-1.0,-5.0,2.0
ml_today_shallow_gbdt,top,all_a_ml_today_walk_forward_v1,onset,index,sse_composite,上证指数,region_or_episode,window,all,multi_lobe,11,7,4,0.6363636363636364,17,7,10,8,2,0,0.4117647058823529,-3.0,-7.0,2.5
ml_today_shallow_gbdt,top,all_a_ml_today_walk_forward_v1,onset,index,sse_composite,上证指数,region_or_episode,window,all,single_lobe,7,6,1,0.8571428571428571,27,6,21,14,7,0,0.2222222222222222,-0.5,-1.75,1.5
ml_today_shallow_gbdt,top,all_a_ml_today_walk_forward_v1,onset,index,sse_composite,上证指数,region_or_episode,window,confirmation,all,18,4,14,0.2222222222222222,16,4,12,10,2,0,0.25,7.0,5.0,10.25
ml_today_shallow_gbdt,top,all_a_ml_today_walk_forward_v1,onset,index,sse_composite,上证指数,region_or_episode,window,confirmation,multi_lobe,11,2,9,0.18181818181818182,7,2,5,5,0,0,0.2857142857142857,11.5,8.75,14.25
ml_today_shallow_gbdt,top,all_a_ml_today_walk_forward_v1,onset,index,sse_composite,上证指数,region_or_episode,window,confirmation,single_lobe,7,2,5,0.2857142857142857,9,2,7,5,2,0,0.2222222222222222,5.0,3.5,6.5
ml_today_shallow_gbdt,top,all_a_ml_today_walk_forward_v1,onset,index,sse_composite,上证指数,region_or_episode,window,prediction,all,18,9,9,0.5,28,9,19,12,7,0,0.32142857142857145,-3.0,-8.0,-1.0
ml_today_shallow_gbdt,top,all_a_ml_today_walk_forward_v1,onset,index,sse_composite,上证指数,region_or_episode,window,prediction,multi_lobe,11,5,6,0.45454545454545453,10,5,5,3,2,0,0.5,-5.0,-9.0,-3.0
ml_today_shallow_gbdt,top,all_a_ml_today_walk_forward_v1,onset,index,sse_composite,上证指数,region_or_episode,window,prediction,single_lobe,7,4,3,0.5714285714285714,18,4,14,9,5,0,0.2222222222222222,-1.5,-3.5,-0.75
