signal_id,direction,version,event_kind,episode_id,event_date,index_id,index_name,horizon,event_date_available,available_future_bars,complete_window,window_end_date,close,terminal_return,max_up,max_down
ma20_episode_ml_l2_logistic,bottom,all_a_ma20_episode_match_walk_forward_v1,capped_confirmation,ma20_episode_ml_l2_logistic::bottom::all_a_ma20_episode_match_walk_forward_v1::000001,2020-02-11,all_a,全A,5,True,5,True,2020-02-18,4442.580078125,0.04457770835412456,0.044600239778317174,-0.0033899352018221807
ma20_episode_ml_l2_logistic,bottom,all_a_ma20_episode_match_walk_forward_v1,capped_confirmation,ma20_episode_ml_l2_logistic::bottom::all_a_ma20_episode_match_walk_forward_v1::000001,2020-02-11,all_a,全A,10,True,10,True,2020-02-25,4442.580078125,0.0768787580766912,0.07961583152385843,-0.0033899352018221807
ma20_episode_ml_l2_logistic,bottom,all_a_ma20_episode_match_walk_forward_v1,capped_confirmation,ma20_episode_ml_l2_logistic::bottom::all_a_ma20_episode_match_walk_forward_v1::000001,2020-02-11,all_a,全A,20,True,20,True,2020-03-10,4442.580078125,0.05751613140062806,0.08508338385501468,-0.0033899352018221807
ma20_episode_ml_l2_logistic,bottom,all_a_ma20_episode_match_walk_forward_v1,capped_confirmation,ma20_episode_ml_l2_logistic::bottom::all_a_ma20_episode_match_walk_forward_v1::000001,2020-02-11,cni2000,国证2000,5,True,5,True,2020-02-18,6143.17,0.07145496543315577,0.07145496543315577,-0.004609997769881025
ma20_episode_ml_l2_logistic,bottom,all_a_ma20_episode_match_walk_forward_v1,capped_confirmation,ma20_episode_ml_l2_logistic::bottom::all_a_ma20_episode_match_walk_forward_v1::000001,2020-02-11,cni2000,国证2000,10,True,10,True,2020-02-25,6143.17,0.1230586163169829,0.12497619307295738,-0.004609997769881025
ma20_episode_ml_l2_logistic,bottom,all_a_ma20_episode_match_walk_forward_v1,capped_confirmation,ma20_episode_ml_l2_logistic::bottom::all_a_ma20_episode_match_walk_forward_v1::000001,2020-02-11,cni2000,国证2000,20,True,20,True,2020-03-10,6143.17,0.10883468958208864,0.1322232658383211,-0.004609997769881025
ma20_episode_ml_l2_logistic,bottom,all_a_ma20_episode_match_walk_forward_v1,capped_confirmation,ma20_episode_ml_l2_logistic::bottom::all_a_ma20_episode_match_walk_forward_v1::000001,2020-02-11,csi1000,中证1000,5,True,5,True,2020-02-18,5623.26,0.07983447324150039,0.07983447324150039,-0.0037273752236247626
ma20_episode_ml_l2_logistic,bottom,all_a_ma20_episode_match_walk_forward_v1,capped_confirmation,ma20_episode_ml_l2_logistic::bottom::all_a_ma20_episode_match_walk_forward_v1::000001,2020-02-11,csi1000,中证1000,10,True,10,True,2020-02-25,5623.26,0.13939956537666753,0.14174873649804565,-0.0037273752236247626
ma20_episode_ml_l2_logistic,bottom,all_a_ma20_episode_match_walk_forward_v1,capped_confirmation,ma20_episode_ml_l2_logistic::bottom::all_a_ma20_episode_match_walk_forward_v1::000001,2020-02-11,csi1000,中证1000,20,True,20,True,2020-03-10,5623.26,0.10370318996453998,0.14174873649804565,-0.0037273752236247626
ma20_episode_ml_l2_logistic,bottom,all_a_ma20_episode_match_walk_forward_v1,capped_confirmation,ma20_episode_ml_l2_logistic::bottom::all_a_ma20_episode_match_walk_forward_v1::000001,2020-02-11,csi300,沪深300,5,True,5,True,2020-02-18,3952.46,0.02657838409496871,0.031623343436745666,-0.0029829523891450327
ma20_episode_ml_l2_logistic,bottom,all_a_ma20_episode_match_walk_forward_v1,capped_confirmation,ma20_episode_ml_l2_logistic::bottom::all_a_ma20_episode_match_walk_forward_v1::000001,2020-02-11,csi300,沪深300,10,True,10,True,2020-02-25,3952.46,0.04336286768240538,0.058692561088537154,-0.0029829523891450327
ma20_episode_ml_l2_logistic,bottom,all_a_ma20_episode_match_walk_forward_v1,capped_confirmation,ma20_episode_ml_l2_logistic::bottom::all_a_ma20_episode_match_walk_forward_v1::000001,2020-02-11,csi300,沪深300,20,True,20,True,2020-03-10,3952.46,0.03295922033366572,0.06663951058328244,-0.0061708404386129345
ma20_episode_ml_l2_logistic,bottom,all_a_ma20_episode_match_walk_forward_v1,capped_confirmation,ma20_episode_ml_l2_logistic::bottom::all_a_ma20_episode_match_walk_forward_v1::000001,2020-02-11,csi500,中证500,5,True,5,True,2020-02-18,5361.28,0.055869120806971484,0.055869120806971484,-0.0038778053002268553
ma20_episode_ml_l2_logistic,bottom,all_a_ma20_episode_match_walk_forward_v1,capped_confirmation,ma20_episode_ml_l2_logistic::bottom::all_a_ma20_episode_match_walk_forward_v1::000001,2020-02-11,csi500,中证500,10,True,10,True,2020-02-25,5361.28,0.1000581950578967,0.10277209920019104,-0.0038778053002268553
ma20_episode_ml_l2_logistic,bottom,all_a_ma20_episode_match_walk_forward_v1,capped_confirmation,ma20_episode_ml_l2_logistic::bottom::all_a_ma20_episode_match_walk_forward_v1::000001,2020-02-11,csi500,中证500,20,True,20,True,2020-03-10,5361.28,0.058536394293899896,0.10277209920019104,-0.0038778053002268553
ma20_episode_ml_l2_logistic,bottom,all_a_ma20_episode_match_walk_forward_v1,capped_confirmation,ma20_episode_ml_l2_logistic::bottom::all_a_ma20_episode_match_walk_forward_v1::000001,2020-02-11,microcap,微盘股,5,True,5,True,2020-02-18,997.93,0.05563516479111774,0.05563516479111774,-0.004138566833345014
ma20_episode_ml_l2_logistic,bottom,all_a_ma20_episode_match_walk_forward_v1,capped_confirmation,ma20_episode_ml_l2_logistic::bottom::all_a_ma20_episode_match_walk_forward_v1::000001,2020-02-11,microcap,微盘股,10,True,10,True,2020-02-25,997.93,0.0751255098052972,0.0906676821019512,-0.004138566833345014
ma20_episode_ml_l2_logistic,bottom,all_a_ma20_episode_match_walk_forward_v1,capped_confirmation,ma20_episode_ml_l2_logistic::bottom::all_a_ma20_episode_match_walk_forward_v1::000001,2020-02-11,microcap,微盘股,20,True,20,True,2020-03-10,997.93,0.12232320904271843,0.13329592255969858,-0.004138566833345014
ma20_episode_ml_l2_logistic,bottom,all_a_ma20_episode_match_walk_forward_v1,capped_confirmation,ma20_episode_ml_l2_logistic::bottom::all_a_ma20_episode_match_walk_forward_v1::000001,2020-02-11,sse_composite,上证指数,5,True,5,True,2020-02-18,2901.67,0.028707606309470002,0.030647868296532543,-0.003187819428122407
ma20_episode_ml_l2_logistic,bottom,all_a_ma20_episode_match_walk_forward_v1,capped_confirmation,ma20_episode_ml_l2_logistic::bottom::all_a_ma20_episode_match_walk_forward_v1::000001,2020-02-11,sse_composite,上证指数,10,True,10,True,2020-02-25,2901.67,0.03838479220586777,0.05418603769553387,-0.003187819428122407
ma20_episode_ml_l2_logistic,bottom,all_a_ma20_episode_match_walk_forward_v1,capped_confirmation,ma20_episode_ml_l2_logistic::bottom::all_a_ma20_episode_match_walk_forward_v1::000001,2020-02-11,sse_composite,上证指数,20,True,20,True,2020-03-10,2901.67,0.03277078372109865,0.05947954109185405,-0.007971271715942918
ma20_episode_ml_l2_logistic,bottom,all_a_ma20_episode_match_walk_forward_v1,capped_confirmation,ma20_episode_ml_l2_logistic::bottom::all_a_ma20_episode_match_walk_forward_v1::000002,2020-03-26,all_a,全A,5,True,5,True,2020-04-02,4263.5400390625,0.0014565269425417249,0.0138617433200523,-0.026956513772184887
ma20_episode_ml_l2_logistic,bottom,all_a_ma20_episode_match_walk_forward_v1,capped_confirmation,ma20_episode_ml_l2_logistic::bottom::all_a_ma20_episode_match_walk_forward_v1::000002,2020-03-26,all_a,全A,10,True,10,True,2020-04-10,4263.5400390625,0.01309236543044734,0.031185343568800317,-0.026956513772184887
ma20_episode_ml_l2_logistic,bottom,all_a_ma20_episode_match_walk_forward_v1,capped_confirmation,ma20_episode_ml_l2_logistic::bottom::all_a_ma20_episode_match_walk_forward_v1::000002,2020-03-26,all_a,全A,20,True,20,True,2020-04-24,4263.5400390625,0.020642415649590573,0.04178221268866533,-0.026956513772184887
ma20_episode_ml_l2_logistic,bottom,all_a_ma20_episode_match_walk_forward_v1,capped_confirmation,ma20_episode_ml_l2_logistic::bottom::all_a_ma20_episode_match_walk_forward_v1::000002,2020-03-26,cni2000,国证2000,5,True,5,True,2020-04-02,6214.54,-0.010658874188596346,0.01173377273297782,-0.039412410250799
ma20_episode_ml_l2_logistic,bottom,all_a_ma20_episode_match_walk_forward_v1,capped_confirmation,ma20_episode_ml_l2_logistic::bottom::all_a_ma20_episode_match_walk_forward_v1::000002,2020-03-26,cni2000,国证2000,10,True,10,True,2020-04-10,6214.54,0.004738886546711285,0.03599300994120247,-0.039412410250799
ma20_episode_ml_l2_logistic,bottom,all_a_ma20_episode_match_walk_forward_v1,capped_confirmation,ma20_episode_ml_l2_logistic::bottom::all_a_ma20_episode_match_walk_forward_v1::000002,2020-03-26,cni2000,国证2000,20,True,20,True,2020-04-24,6214.54,0.009566275219083042,0.039539531485838,-0.039412410250799
ma20_episode_ml_l2_logistic,bottom,all_a_ma20_episode_match_walk_forward_v1,capped_confirmation,ma20_episode_ml_l2_logistic::bottom::all_a_ma20_episode_match_walk_forward_v1::000002,2020-03-26,csi1000,中证1000,5,True,5,True,2020-04-02,5595.43,-0.010156502717396099,0.01254416550649351,-0.04157499959788613
ma20_episode_ml_l2_logistic,bottom,all_a_ma20_episode_match_walk_forward_v1,capped_confirmation,ma20_episode_ml_l2_logistic::bottom::all_a_ma20_episode_match_walk_forward_v1::000002,2020-03-26,csi1000,中证1000,10,True,10,True,2020-04-10,5595.43,0.00752399726205133,0.037033793649460245,-0.04157499959788613
ma20_episode_ml_l2_logistic,bottom,all_a_ma20_episode_match_walk_forward_v1,capped_confirmation,ma20_episode_ml_l2_logistic::bottom::all_a_ma20_episode_match_walk_forward_v1::000002,2020-03-26,csi1000,中证1000,20,True,20,True,2020-04-24,5595.43,0.01431167935261457,0.04484910006916354,-0.04157499959788613
ma20_episode_ml_l2_logistic,bottom,all_a_ma20_episode_match_walk_forward_v1,capped_confirmation,ma20_episode_ml_l2_logistic::bottom::all_a_ma20_episode_match_walk_forward_v1::000002,2020-03-26,csi300,沪深300,5,True,5,True,2020-04-02,3698.05,0.009864658401049109,0.016422168440123786,-0.016349156988142433
ma20_episode_ml_l2_logistic,bottom,all_a_ma20_episode_match_walk_forward_v1,capped_confirmation,ma20_episode_ml_l2_logistic::bottom::all_a_ma20_episode_match_walk_forward_v1::000002,2020-03-26,csi300,沪深300,10,True,10,True,2020-04-10,3698.05,0.019234461405335246,0.03425859574640677,-0.016349156988142433
ma20_episode_ml_l2_logistic,bottom,all_a_ma20_episode_match_walk_forward_v1,capped_confirmation,ma20_episode_ml_l2_logistic::bottom::all_a_ma20_episode_match_walk_forward_v1::000002,2020-03-26,csi300,沪深300,20,True,20,True,2020-04-24,3698.05,0.026749232703722203,0.04472627465826573,-0.016349156988142433
ma20_episode_ml_l2_logistic,bottom,all_a_ma20_episode_match_walk_forward_v1,capped_confirmation,ma20_episode_ml_l2_logistic::bottom::all_a_ma20_episode_match_walk_forward_v1::000002,2020-03-26,csi500,中证500,5,True,5,True,2020-04-02,5166.11,-0.0036603943779749404,0.011939350884901945,-0.037124645042401316
ma20_episode_ml_l2_logistic,bottom,all_a_ma20_episode_match_walk_forward_v1,capped_confirmation,ma20_episode_ml_l2_logistic::bottom::all_a_ma20_episode_match_walk_forward_v1::000002,2020-03-26,csi500,中证500,10,True,10,True,2020-04-10,5166.11,0.008207335887157052,0.03290870693810244,-0.037124645042401316
ma20_episode_ml_l2_logistic,bottom,all_a_ma20_episode_match_walk_forward_v1,capped_confirmation,ma20_episode_ml_l2_logistic::bottom::all_a_ma20_episode_match_walk_forward_v1::000002,2020-03-26,csi500,中证500,20,True,20,True,2020-04-24,5166.11,0.020797079427267384,0.04672374378400779,-0.037124645042401316
ma20_episode_ml_l2_logistic,bottom,all_a_ma20_episode_match_walk_forward_v1,capped_confirmation,ma20_episode_ml_l2_logistic::bottom::all_a_ma20_episode_match_walk_forward_v1::000002,2020-03-26,microcap,微盘股,5,True,5,True,2020-04-02,1070.6,-0.014898187932000595,0.013291612180085899,-0.03937044647860999
ma20_episode_ml_l2_logistic,bottom,all_a_ma20_episode_match_walk_forward_v1,capped_confirmation,ma20_episode_ml_l2_logistic::bottom::all_a_ma20_episode_match_walk_forward_v1::000002,2020-03-26,microcap,微盘股,10,True,10,True,2020-04-10,1070.6,0.007108163646553534,0.033868858583971706,-0.03937044647860999
ma20_episode_ml_l2_logistic,bottom,all_a_ma20_episode_match_walk_forward_v1,capped_confirmation,ma20_episode_ml_l2_logistic::bottom::all_a_ma20_episode_match_walk_forward_v1::000002,2020-03-26,microcap,微盘股,20,True,20,True,2020-04-24,1070.6,-0.008686717728376592,0.033868858583971706,-0.03937044647860999
ma20_episode_ml_l2_logistic,bottom,all_a_ma20_episode_match_walk_forward_v1,capped_confirmation,ma20_episode_ml_l2_logistic::bottom::all_a_ma20_episode_match_walk_forward_v1::000002,2020-03-26,sse_composite,上证指数,5,True,5,True,2020-04-02,2764.91,0.005689154439023403,0.014698489281748994,-0.01627901089004702
ma20_episode_ml_l2_logistic,bottom,all_a_ma20_episode_match_walk_forward_v1,capped_confirmation,ma20_episode_ml_l2_logistic::bottom::all_a_ma20_episode_match_walk_forward_v1::000002,2020-03-26,sse_composite,上证指数,10,True,10,True,2020-04-10,2764.91,0.01147234448860912,0.02463371321308827,-0.01627901089004702
ma20_episode_ml_l2_logistic,bottom,all_a_ma20_episode_match_walk_forward_v1,capped_confirmation,ma20_episode_ml_l2_logistic::bottom::all_a_ma20_episode_match_walk_forward_v1::000002,2020-03-26,sse_composite,上证指数,20,True,20,True,2020-04-24,2764.91,0.015776282048963752,0.032568872042851416,-0.01627901089004702
ma20_episode_ml_l2_logistic,bottom,all_a_ma20_episode_match_walk_forward_v1,capped_confirmation,ma20_episode_ml_l2_logistic::bottom::all_a_ma20_episode_match_walk_forward_v1::000003,2020-09-18,all_a,全A,5,True,5,True,2020-09-25,5387.10986328125,-0.03709221257593609,0.0034007683089725127,-0.04089577977523573
ma20_episode_ml_l2_logistic,bottom,all_a_ma20_episode_match_walk_forward_v1,capped_confirmation,ma20_episode_ml_l2_logistic::bottom::all_a_ma20_episode_match_walk_forward_v1::000003,2020-09-18,all_a,全A,10,True,10,True,2020-10-12,5387.10986328125,0.017605048799484324,0.017605048799484324,-0.04205405318196165
ma20_episode_ml_l2_logistic,bottom,all_a_ma20_episode_match_walk_forward_v1,capped_confirmation,ma20_episode_ml_l2_logistic::bottom::all_a_ma20_episode_match_walk_forward_v1::000003,2020-09-18,all_a,全A,20,True,20,True,2020-10-26,5387.10986328125,-0.01898230558132974,0.02208605049615242,-0.04205405318196165
ma20_episode_ml_l2_logistic,bottom,all_a_ma20_episode_match_walk_forward_v1,capped_confirmation,ma20_episode_ml_l2_logistic::bottom::all_a_ma20_episode_match_walk_forward_v1::000003,2020-09-18,cni2000,国证2000,5,True,5,True,2020-09-25,7652.22,-0.04411399567707153,0.0057525789901491375,-0.04861465038903745
ma20_episode_ml_l2_logistic,bottom,all_a_ma20_episode_match_walk_forward_v1,capped_confirmation,ma20_episode_ml_l2_logistic::bottom::all_a_ma20_episode_match_walk_forward_v1::000003,2020-09-18,cni2000,国证2000,10,True,10,True,2020-10-12,7652.22,0.011344420312013881,0.011377090569795412,-0.05867708978570929
ma20_episode_ml_l2_logistic,bottom,all_a_ma20_episode_match_walk_forward_v1,capped_confirmation,ma20_episode_ml_l2_logistic::bottom::all_a_ma20_episode_match_walk_forward_v1::000003,2020-09-18,cni2000,国证2000,20,True,20,True,2020-10-26,7652.22,-0.03164702530768848,0.016860466635825855,-0.05867708978570929
ma20_episode_ml_l2_logistic,bottom,all_a_ma20_episode_match_walk_forward_v1,capped_confirmation,ma20_episode_ml_l2_logistic::bottom::all_a_ma20_episode_match_walk_forward_v1::000003,2020-09-18,csi1000,中证1000,5,True,5,True,2020-09-25,6929.77,-0.04262479129898977,0.0065456717899727845,-0.046913533926811524
ma20_episode_ml_l2_logistic,bottom,all_a_ma20_episode_match_walk_forward_v1,capped_confirmation,ma20_episode_ml_l2_logistic::bottom::all_a_ma20_episode_match_walk_forward_v1::000003,2020-09-18,csi1000,中证1000,10,True,10,True,2020-10-12,6929.77,0.015369918482142975,0.015369918482142975,-0.05480268464898552
ma20_episode_ml_l2_logistic,bottom,all_a_ma20_episode_match_walk_forward_v1,capped_confirmation,ma20_episode_ml_l2_logistic::bottom::all_a_ma20_episode_match_walk_forward_v1::000003,2020-09-18,csi1000,中证1000,20,True,20,True,2020-10-26,6929.77,-0.04058576258663704,0.01868315975854884,-0.05541020841961575
ma20_episode_ml_l2_logistic,bottom,all_a_ma20_episode_match_walk_forward_v1,capped_confirmation,ma20_episode_ml_l2_logistic::bottom::all_a_ma20_episode_match_walk_forward_v1::000003,2020-09-18,csi300,沪深300,5,True,5,True,2020-09-25,4737.09,-0.03526848761581469,0.0033543800096682563,-0.03849831858799391
ma20_episode_ml_l2_logistic,bottom,all_a_ma20_episode_match_walk_forward_v1,capped_confirmation,ma20_episode_ml_l2_logistic::bottom::all_a_ma20_episode_match_walk_forward_v1::000003,2020-09-18,csi300,沪深300,10,True,10,True,2020-10-12,4737.09,0.01816938246898414,0.018192603475973623,-0.03849831858799391
ma20_episode_ml_l2_logistic,bottom,all_a_ma20_episode_match_walk_forward_v1,capped_confirmation,ma20_episode_ml_l2_logistic::bottom::all_a_ma20_episode_match_walk_forward_v1::000003,2020-09-18,csi300,沪深300,20,True,20,True,2020-10-26,4737.09,-0.009678937913360386,0.02375297914964669,-0.03849831858799391
ma20_episode_ml_l2_logistic,bottom,all_a_ma20_episode_match_walk_forward_v1,capped_confirmation,ma20_episode_ml_l2_logistic::bottom::all_a_ma20_episode_match_walk_forward_v1::000003,2020-09-18,csi500,中证500,5,True,5,True,2020-09-25,6469.47,-0.035950394700029475,0.0070902253198483756,-0.040697305961693964
ma20_episode_ml_l2_logistic,bottom,all_a_ma20_episode_match_walk_forward_v1,capped_confirmation,ma20_episode_ml_l2_logistic::bottom::all_a_ma20_episode_match_walk_forward_v1::000003,2020-09-18,csi500,中证500,10,True,10,True,2020-10-12,6469.47,0.01108437012614627,0.011104464507911693,-0.04860521804722795
ma20_episode_ml_l2_logistic,bottom,all_a_ma20_episode_match_walk_forward_v1,capped_confirmation,ma20_episode_ml_l2_logistic::bottom::all_a_ma20_episode_match_walk_forward_v1::000003,2020-09-18,csi500,中证500,20,True,20,True,2020-10-26,6469.47,-0.03942981418879754,0.013662633878818387,-0.05287759275489334
ma20_episode_ml_l2_logistic,bottom,all_a_ma20_episode_match_walk_forward_v1,capped_confirmation,ma20_episode_ml_l2_logistic::bottom::all_a_ma20_episode_match_walk_forward_v1::000003,2020-09-18,microcap,微盘股,5,True,5,True,2020-09-25,1409.77,-0.04555353000844109,0.0013548309298681005,-0.050703306213070176
ma20_episode_ml_l2_logistic,bottom,all_a_ma20_episode_match_walk_forward_v1,capped_confirmation,ma20_episode_ml_l2_logistic::bottom::all_a_ma20_episode_match_walk_forward_v1::000003,2020-09-18,microcap,微盘股,10,True,10,True,2020-10-12,1409.77,-0.004674521375827245,0.0013548309298681005,-0.06693999730452482
ma20_episode_ml_l2_logistic,bottom,all_a_ma20_episode_match_walk_forward_v1,capped_confirmation,ma20_episode_ml_l2_logistic::bottom::all_a_ma20_episode_match_walk_forward_v1::000003,2020-09-18,microcap,微盘股,20,True,20,True,2020-10-26,1409.77,-0.015676315994807566,0.005277456606396891,-0.06693999730452482
ma20_episode_ml_l2_logistic,bottom,all_a_ma20_episode_match_walk_forward_v1,capped_confirmation,ma20_episode_ml_l2_logistic::bottom::all_a_ma20_episode_match_walk_forward_v1::000003,2020-09-18,sse_composite,上证指数,5,True,5,True,2020-09-25,3338.09,-0.03555026976504527,0.003744656375352262,-0.038959404929166164
ma20_episode_ml_l2_logistic,bottom,all_a_ma20_episode_match_walk_forward_v1,capped_confirmation,ma20_episode_ml_l2_logistic::bottom::all_a_ma20_episode_match_walk_forward_v1::000003,2020-09-18,sse_composite,上证指数,10,True,10,True,2020-10-12,3338.09,0.0061052877543743556,0.006308997061193589,-0.04066696823632676
ma20_episode_ml_l2_logistic,bottom,all_a_ma20_episode_match_walk_forward_v1,capped_confirmation,ma20_episode_ml_l2_logistic::bottom::all_a_ma20_episode_match_walk_forward_v1::000003,2020-09-18,sse_composite,上证指数,20,True,20,True,2020-10-26,3338.09,-0.026053821197151716,0.00988589283093022,-0.04066696823632676
ma20_episode_ml_l2_logistic,bottom,all_a_ma20_episode_match_walk_forward_v1,capped_confirmation,ma20_episode_ml_l2_logistic::bottom::all_a_ma20_episode_match_walk_forward_v1::000004,2021-10-14,all_a,全A,5,True,5,True,2021-10-21,5725.2119140625,0.010090374315770534,0.014775739230449503,-0.0074227942913548395
ma20_episode_ml_l2_logistic,bottom,all_a_ma20_episode_match_walk_forward_v1,capped_confirmation,ma20_episode_ml_l2_logistic::bottom::all_a_ma20_episode_match_walk_forward_v1::000004,2021-10-14,all_a,全A,10,True,10,True,2021-10-28,5725.2119140625,-0.009981037478654975,0.02141535085781654,-0.013002043285447407
ma20_episode_ml_l2_logistic,bottom,all_a_ma20_episode_match_walk_forward_v1,capped_confirmation,ma20_episode_ml_l2_logistic::bottom::all_a_ma20_episode_match_walk_forward_v1::000004,2021-10-14,all_a,全A,20,True,20,True,2021-11-11,5725.2119140625,0.014196049306990366,0.02141535085781654,-0.013773882892230582
ma20_episode_ml_l2_logistic,bottom,all_a_ma20_episode_match_walk_forward_v1,capped_confirmation,ma20_episode_ml_l2_logistic::bottom::all_a_ma20_episode_match_walk_forward_v1::000004,2021-10-14,cni2000,国证2000,5,True,5,True,2021-10-21,8263.64,0.02018359947916415,0.027766214404306266,-0.010357421184853055
ma20_episode_ml_l2_logistic,bottom,all_a_ma20_episode_match_walk_forward_v1,capped_confirmation,ma20_episode_ml_l2_logistic::bottom::all_a_ma20_episode_match_walk_forward_v1::000004,2021-10-14,cni2000,国证2000,10,True,10,True,2021-10-28,8263.64,-0.01616115900499049,0.028333760909236227,-0.018119133940975085
ma20_episode_ml_l2_logistic,bottom,all_a_ma20_episode_match_walk_forward_v1,capped_confirmation,ma20_episode_ml_l2_logistic::bottom::all_a_ma20_episode_match_walk_forward_v1::000004,2021-10-14,cni2000,国证2000,20,True,20,True,2021-11-11,8263.64,0.03997996040485807,0.04121670353500395,-0.02137314791060585
ma20_episode_ml_l2_logistic,bottom,all_a_ma20_episode_match_walk_forward_v1,capped_confirmation,ma20_episode_ml_l2_logistic::bottom::all_a_ma20_episode_match_walk_forward_v1::000004,2021-10-14,csi1000,中证1000,5,True,5,True,2021-10-21,7342.25,0.02196601859103131,0.02977288978174264,-0.007350607783717544
ma20_episode_ml_l2_logistic,bottom,all_a_ma20_episode_match_walk_forward_v1,capped_confirmation,ma20_episode_ml_l2_logistic::bottom::all_a_ma20_episode_match_walk_forward_v1::000004,2021-10-14,csi1000,中证1000,10,True,10,True,2021-10-28,7342.25,-0.01013313357621981,0.03280738193333099,-0.012140692566992461
ma20_episode_ml_l2_logistic,bottom,all_a_ma20_episode_match_walk_forward_v1,capped_confirmation,ma20_episode_ml_l2_logistic::bottom::all_a_ma20_episode_match_walk_forward_v1::000004,2021-10-14,csi1000,中证1000,20,True,20,True,2021-11-11,7342.25,0.03425108107187835,0.0352684803704586,-0.014675337941366773
ma20_episode_ml_l2_logistic,bottom,all_a_ma20_episode_match_walk_forward_v1,capped_confirmation,ma20_episode_ml_l2_logistic::bottom::all_a_ma20_episode_match_walk_forward_v1::000004,2021-10-14,csi300,沪深300,5,True,5,True,2021-10-21,4913.61,0.0029326706840797634,0.006628527701628917,-0.013975468138496927
ma20_episode_ml_l2_logistic,bottom,all_a_ma20_episode_match_walk_forward_v1,capped_confirmation,ma20_episode_ml_l2_logistic::bottom::all_a_ma20_episode_match_walk_forward_v1::000004,2021-10-14,csi300,沪深300,10,True,10,True,2021-10-28,4913.61,-0.010067954111132038,0.018104814993457063,-0.013975468138496927
ma20_episode_ml_l2_logistic,bottom,all_a_ma20_episode_match_walk_forward_v1,capped_confirmation,ma20_episode_ml_l2_logistic::bottom::all_a_ma20_episode_match_walk_forward_v1::000004,2021-10-14,csi300,沪深300,20,True,20,True,2021-11-11,4913.61,-0.0030446046796550608,0.018104814993457063,-0.03248324551602588
ma20_episode_ml_l2_logistic,bottom,all_a_ma20_episode_match_walk_forward_v1,capped_confirmation,ma20_episode_ml_l2_logistic::bottom::all_a_ma20_episode_match_walk_forward_v1::000004,2021-10-14,csi500,中证500,5,True,5,True,2021-10-21,7008.33,0.012830446054908906,0.020915111017888677,-0.004721524243293307
ma20_episode_ml_l2_logistic,bottom,all_a_ma20_episode_match_walk_forward_v1,capped_confirmation,ma20_episode_ml_l2_logistic::bottom::all_a_ma20_episode_match_walk_forward_v1::000004,2021-10-14,csi500,中证500,10,True,10,True,2021-10-28,7008.33,-0.008283000372414029,0.021017845906228683,-0.011099648561069486
ma20_episode_ml_l2_logistic,bottom,all_a_ma20_episode_match_walk_forward_v1,capped_confirmation,ma20_episode_ml_l2_logistic::bottom::all_a_ma20_episode_match_walk_forward_v1::000004,2021-10-14,csi500,中证500,20,True,20,True,2021-11-11,7008.33,0.0159139195785587,0.021017845906228683,-0.012559340099567162
ma20_episode_ml_l2_logistic,bottom,all_a_ma20_episode_match_walk_forward_v1,capped_confirmation,ma20_episode_ml_l2_logistic::bottom::all_a_ma20_episode_match_walk_forward_v1::000004,2021-10-14,microcap,微盘股,5,True,5,True,2021-10-21,1608.83,-0.025223298919090253,-0.00047860867835636256,-0.02741122430586196
ma20_episode_ml_l2_logistic,bottom,all_a_ma20_episode_match_walk_forward_v1,capped_confirmation,ma20_episode_ml_l2_logistic::bottom::all_a_ma20_episode_match_walk_forward_v1::000004,2021-10-14,microcap,微盘股,10,True,10,True,2021-10-28,1608.83,-0.07726733091749904,-0.00047860867835636256,-0.08363220476992594
ma20_episode_ml_l2_logistic,bottom,all_a_ma20_episode_match_walk_forward_v1,capped_confirmation,ma20_episode_ml_l2_logistic::bottom::all_a_ma20_episode_match_walk_forward_v1::000004,2021-10-14,microcap,微盘股,20,True,20,True,2021-11-11,1608.83,-0.007912582435683047,-0.00047860867835636256,-0.08363220476992594
ma20_episode_ml_l2_logistic,bottom,all_a_ma20_episode_match_walk_forward_v1,capped_confirmation,ma20_episode_ml_l2_logistic::bottom::all_a_ma20_episode_match_walk_forward_v1::000004,2021-10-14,sse_composite,上证指数,5,True,5,True,2021-10-21,3558.28,0.010257764987578355,0.014804905740976038,-0.005283451555245788
ma20_episode_ml_l2_logistic,bottom,all_a_ma20_episode_match_walk_forward_v1,capped_confirmation,ma20_episode_ml_l2_logistic::bottom::all_a_ma20_episode_match_walk_forward_v1::000004,2021-10-14,sse_composite,上证指数,10,True,10,True,2021-10-28,3558.28,-0.011202041435749877,0.018756253021122493,-0.01371168092449171
ma20_episode_ml_l2_logistic,bottom,all_a_ma20_episode_match_walk_forward_v1,capped_confirmation,ma20_episode_ml_l2_logistic::bottom::all_a_ma20_episode_match_walk_forward_v1::000004,2021-10-14,sse_composite,上证指数,20,True,20,True,2021-11-11,3558.28,-0.007163573411873236,0.018756253021122493,-0.030868846746180734
ma20_episode_ml_l2_logistic,bottom,all_a_ma20_episode_match_walk_forward_v1,capped_confirmation,ma20_episode_ml_l2_logistic::bottom::all_a_ma20_episode_match_walk_forward_v1::000005,2022-02-09,all_a,全A,5,True,5,True,2022-02-16,5560.68603515625,-0.006937128812635085,0.0005151785365400396,-0.027483067028968855
ma20_episode_ml_l2_logistic,bottom,all_a_ma20_episode_match_walk_forward_v1,capped_confirmation,ma20_episode_ml_l2_logistic::bottom::all_a_ma20_episode_match_walk_forward_v1::000005,2022-02-09,all_a,全A,10,True,10,True,2022-02-23,5560.68603515625,0.007307509427451064,0.0075884999365576356,-0.027483067028968855
ma20_episode_ml_l2_logistic,bottom,all_a_ma20_episode_match_walk_forward_v1,capped_confirmation,ma20_episode_ml_l2_logistic::bottom::all_a_ma20_episode_match_walk_forward_v1::000005,2022-02-09,all_a,全A,20,True,20,True,2022-03-09,5560.68603515625,-0.07780934530528516,0.0075884999365576356,-0.11351252624956265
ma20_episode_ml_l2_logistic,bottom,all_a_ma20_episode_match_walk_forward_v1,capped_confirmation,ma20_episode_ml_l2_logistic::bottom::all_a_ma20_episode_match_walk_forward_v1::000005,2022-02-09,cni2000,国证2000,5,True,5,True,2022-02-16,8591.95,-0.004756778146986496,0.0015421411903002724,-0.033931761707179486
ma20_episode_ml_l2_logistic,bottom,all_a_ma20_episode_match_walk_forward_v1,capped_confirmation,ma20_episode_ml_l2_logistic::bottom::all_a_ma20_episode_match_walk_forward_v1::000005,2022-02-09,cni2000,国证2000,10,True,10,True,2022-02-23,8591.95,0.0264293903013868,0.0264293903013868,-0.033931761707179486
ma20_episode_ml_l2_logistic,bottom,all_a_ma20_episode_match_walk_forward_v1,capped_confirmation,ma20_episode_ml_l2_logistic::bottom::all_a_ma20_episode_match_walk_forward_v1::000005,2022-02-09,cni2000,国证2000,20,True,20,True,2022-03-09,8591.95,-0.05652034753461099,0.03093011481677621,-0.09749009247027751
ma20_episode_ml_l2_logistic,bottom,all_a_ma20_episode_match_walk_forward_v1,capped_confirmation,ma20_episode_ml_l2_logistic::bottom::all_a_ma20_episode_match_walk_forward_v1::000005,2022-02-09,csi1000,中证1000,5,True,5,True,2022-02-16,7211.43,-0.003927099063570028,0.001492075774152779,-0.03468521499896693
ma20_episode_ml_l2_logistic,bottom,all_a_ma20_episode_match_walk_forward_v1,capped_confirmation,ma20_episode_ml_l2_logistic::bottom::all_a_ma20_episode_match_walk_forward_v1::000005,2022-02-09,csi1000,中证1000,10,True,10,True,2022-02-23,7211.43,0.03313767172391602,0.03313767172391602,-0.03468521499896693
ma20_episode_ml_l2_logistic,bottom,all_a_ma20_episode_match_walk_forward_v1,capped_confirmation,ma20_episode_ml_l2_logistic::bottom::all_a_ma20_episode_match_walk_forward_v1::000005,2022-02-09,csi1000,中证1000,20,True,20,True,2022-03-09,7211.43,-0.057601612994926166,0.037400349167918234,-0.09700156557021289
ma20_episode_ml_l2_logistic,bottom,all_a_ma20_episode_match_walk_forward_v1,capped_confirmation,ma20_episode_ml_l2_logistic::bottom::all_a_ma20_episode_match_walk_forward_v1::000005,2022-02-09,csi300,沪深300,5,True,5,True,2022-02-16,4652.06,-0.007323637270370664,0.0022656629536161876,-0.02622494120884078
ma20_episode_ml_l2_logistic,bottom,all_a_ma20_episode_match_walk_forward_v1,capped_confirmation,ma20_episode_ml_l2_logistic::bottom::all_a_ma20_episode_match_walk_forward_v1::000005,2022-02-09,csi300,沪深300,10,True,10,True,2022-02-23,4652.06,-0.006235947085807214,0.0022656629536161876,-0.02622494120884078
ma20_episode_ml_l2_logistic,bottom,all_a_ma20_episode_match_walk_forward_v1,capped_confirmation,ma20_episode_ml_l2_logistic::bottom::all_a_ma20_episode_match_walk_forward_v1::000005,2022-02-09,csi300,沪深300,20,True,20,True,2022-03-09,4652.06,-0.09150999772143953,0.0022656629536161876,-0.12550783953775324
ma20_episode_ml_l2_logistic,bottom,all_a_ma20_episode_match_walk_forward_v1,capped_confirmation,ma20_episode_ml_l2_logistic::bottom::all_a_ma20_episode_match_walk_forward_v1::000005,2022-02-09,csi500,中证500,5,True,5,True,2022-02-16,6843.03,-0.010375520785383063,0.0031652645100197496,-0.025652379136142933
ma20_episode_ml_l2_logistic,bottom,all_a_ma20_episode_match_walk_forward_v1,capped_confirmation,ma20_episode_ml_l2_logistic::bottom::all_a_ma20_episode_match_walk_forward_v1::000005,2022-02-09,csi500,中证500,10,True,10,True,2022-02-23,6843.03,0.006486892502298058,0.006820078240194816,-0.025652379136142933
ma20_episode_ml_l2_logistic,bottom,all_a_ma20_episode_match_walk_forward_v1,capped_confirmation,ma20_episode_ml_l2_logistic::bottom::all_a_ma20_episode_match_walk_forward_v1::000005,2022-02-09,csi500,中证500,20,True,20,True,2022-03-09,6843.03,-0.0785353856405715,0.009408113072717716,-0.11343951436717359
ma20_episode_ml_l2_logistic,bottom,all_a_ma20_episode_match_walk_forward_v1,capped_confirmation,ma20_episode_ml_l2_logistic::bottom::all_a_ma20_episode_match_walk_forward_v1::000005,2022-02-09,microcap,微盘股,5,True,5,True,2022-02-16,1877.19,0.01207656124313461,0.012135159467075773,-0.027871446150895873
ma20_episode_ml_l2_logistic,bottom,all_a_ma20_episode_match_walk_forward_v1,capped_confirmation,ma20_episode_ml_l2_logistic::bottom::all_a_ma20_episode_match_walk_forward_v1::000005,2022-02-09,microcap,微盘股,10,True,10,True,2022-02-23,1877.19,0.0428619372572836,0.042984460816433145,-0.027871446150895873
ma20_episode_ml_l2_logistic,bottom,all_a_ma20_episode_match_walk_forward_v1,capped_confirmation,ma20_episode_ml_l2_logistic::bottom::all_a_ma20_episode_match_walk_forward_v1::000005,2022-02-09,microcap,微盘股,20,True,20,True,2022-03-09,1877.19,0.0061581406250832416,0.06915123136176948,-0.03282565962955275
ma20_episode_ml_l2_logistic,bottom,all_a_ma20_episode_match_walk_forward_v1,capped_confirmation,ma20_episode_ml_l2_logistic::bottom::all_a_ma20_episode_match_walk_forward_v1::000005,2022-02-09,sse_composite,上证指数,5,True,5,True,2022-02-16,3479.95,-0.004057529562206286,0.005804681101740039,-0.018534749062486533
ma20_episode_ml_l2_logistic,bottom,all_a_ma20_episode_match_walk_forward_v1,capped_confirmation,ma20_episode_ml_l2_logistic::bottom::all_a_ma20_episode_match_walk_forward_v1::000005,2022-02-09,sse_composite,上证指数,10,True,10,True,2022-02-23,3479.95,0.002643716145346975,0.005804681101740039,-0.018534749062486533
ma20_episode_ml_l2_logistic,bottom,all_a_ma20_episode_match_walk_forward_v1,capped_confirmation,ma20_episode_ml_l2_logistic::bottom::all_a_ma20_episode_match_walk_forward_v1::000005,2022-02-09,sse_composite,上证指数,20,True,20,True,2022-03-09,3479.95,-0.06424230233193007,0.0058449115648213645,-0.09548125691461085
ma20_episode_ml_l2_logistic,bottom,all_a_ma20_episode_match_walk_forward_v1,capped_confirmation,ma20_episode_ml_l2_logistic::bottom::all_a_ma20_episode_match_walk_forward_v1::000006,2022-03-25,all_a,全A,5,True,5,True,2022-04-01,5103.06787109375,0.013307903113964459,0.015963034644352225,-0.01808300632575588
ma20_episode_ml_l2_logistic,bottom,all_a_ma20_episode_match_walk_forward_v1,capped_confirmation,ma20_episode_ml_l2_logistic::bottom::all_a_ma20_episode_match_walk_forward_v1::000006,2022-03-25,all_a,全A,10,True,10,True,2022-04-12,5103.06787109375,-0.01981096121808623,0.015963034644352225,-0.04415370158288856
ma20_episode_ml_l2_logistic,bottom,all_a_ma20_episode_match_walk_forward_v1,capped_confirmation,ma20_episode_ml_l2_logistic::bottom::all_a_ma20_episode_match_walk_forward_v1::000006,2022-03-25,all_a,全A,20,True,20,True,2022-04-26,5103.06787109375,-0.14732272243938738,0.015963034644352225,-0.1495445017516367
ma20_episode_ml_l2_logistic,bottom,all_a_ma20_episode_match_walk_forward_v1,capped_confirmation,ma20_episode_ml_l2_logistic::bottom::all_a_ma20_episode_match_walk_forward_v1::000006,2022-03-25,cni2000,国证2000,5,True,5,True,2022-04-01,8177.0,-0.0020851167909992085,0.007754677754677752,-0.015837104072398245
ma20_episode_ml_l2_logistic,bottom,all_a_ma20_episode_match_walk_forward_v1,capped_confirmation,ma20_episode_ml_l2_logistic::bottom::all_a_ma20_episode_match_walk_forward_v1::000006,2022-03-25,cni2000,国证2000,10,True,10,True,2022-04-12,8177.0,-0.044732787085728254,0.007754677754677752,-0.06745505686682152
ma20_episode_ml_l2_logistic,bottom,all_a_ma20_episode_match_walk_forward_v1,capped_confirmation,ma20_episode_ml_l2_logistic::bottom::all_a_ma20_episode_match_walk_forward_v1::000006,2022-03-25,cni2000,国证2000,20,True,20,True,2022-04-26,8177.0,-0.22269169622110796,0.007754677754677752,-0.2251559251559252
ma20_episode_ml_l2_logistic,bottom,all_a_ma20_episode_match_walk_forward_v1,capped_confirmation,ma20_episode_ml_l2_logistic::bottom::all_a_ma20_episode_match_walk_forward_v1::000006,2022-03-25,csi1000,中证1000,5,True,5,True,2022-04-01,6819.81,-0.006922480245050822,0.006589626397216275,-0.019224875766333804
ma20_episode_ml_l2_logistic,bottom,all_a_ma20_episode_match_walk_forward_v1,capped_confirmation,ma20_episode_ml_l2_logistic::bottom::all_a_ma20_episode_match_walk_forward_v1::000006,2022-03-25,csi1000,中证1000,10,True,10,True,2022-04-12,6819.81,-0.05944300501040356,0.006589626397216275,-0.08222516463068619
ma20_episode_ml_l2_logistic,bottom,all_a_ma20_episode_match_walk_forward_v1,capped_confirmation,ma20_episode_ml_l2_logistic::bottom::all_a_ma20_episode_match_walk_forward_v1::000006,2022-03-25,csi1000,中证1000,20,True,20,True,2022-04-26,6819.81,-0.22775707827637426,0.006589626397216275,-0.22996095199133115
ma20_episode_ml_l2_logistic,bottom,all_a_ma20_episode_match_walk_forward_v1,capped_confirmation,ma20_episode_ml_l2_logistic::bottom::all_a_ma20_episode_match_walk_forward_v1::000006,2022-03-25,csi300,沪深300,5,True,5,True,2022-04-01,4174.57,0.024335440536390696,0.027811247625504132,-0.019946964597551298
ma20_episode_ml_l2_logistic,bottom,all_a_ma20_episode_match_walk_forward_v1,capped_confirmation,ma20_episode_ml_l2_logistic::bottom::all_a_ma20_episode_match_walk_forward_v1::000006,2022-03-25,csi300,沪深300,10,True,10,True,2022-04-12,4174.57,0.0012935464011862852,0.027811247625504132,-0.023659921860215483
ma20_episode_ml_l2_logistic,bottom,all_a_ma20_episode_match_walk_forward_v1,capped_confirmation,ma20_episode_ml_l2_logistic::bottom::all_a_ma20_episode_match_walk_forward_v1::000006,2022-03-25,csi300,沪深300,20,True,20,True,2022-04-26,4174.57,-0.0935305911746599,0.027811247625504132,-0.09597874751171964
ma20_episode_ml_l2_logistic,bottom,all_a_ma20_episode_match_walk_forward_v1,capped_confirmation,ma20_episode_ml_l2_logistic::bottom::all_a_ma20_episode_match_walk_forward_v1::000006,2022-03-25,csi500,中证500,5,True,5,True,2022-04-01,6268.24,0.015359973453473508,0.01831933684734466,-0.014675570814135952
ma20_episode_ml_l2_logistic,bottom,all_a_ma20_episode_match_walk_forward_v1,capped_confirmation,ma20_episode_ml_l2_logistic::bottom::all_a_ma20_episode_match_walk_forward_v1::000006,2022-03-25,csi500,中证500,10,True,10,True,2022-04-12,6268.24,-0.02254699883858946,0.01831933684734466,-0.04847453192602702
ma20_episode_ml_l2_logistic,bottom,all_a_ma20_episode_match_walk_forward_v1,capped_confirmation,ma20_episode_ml_l2_logistic::bottom::all_a_ma20_episode_match_walk_forward_v1::000006,2022-03-25,csi500,中证500,20,True,20,True,2022-04-26,6268.24,-0.16499527778132295,0.01831933684734466,-0.1663991806312457
ma20_episode_ml_l2_logistic,bottom,all_a_ma20_episode_match_walk_forward_v1,capped_confirmation,ma20_episode_ml_l2_logistic::bottom::all_a_ma20_episode_match_walk_forward_v1::000006,2022-03-25,microcap,微盘股,5,True,5,True,2022-04-01,1967.76,-0.006931739643045942,0.00969122250680976,-0.020454730251656672
ma20_episode_ml_l2_logistic,bottom,all_a_ma20_episode_match_walk_forward_v1,capped_confirmation,ma20_episode_ml_l2_logistic::bottom::all_a_ma20_episode_match_walk_forward_v1::000006,2022-03-25,microcap,微盘股,10,True,10,True,2022-04-12,1967.76,-0.0159064113509777,0.020581778265642114,-0.049528397772086064
ma20_episode_ml_l2_logistic,bottom,all_a_ma20_episode_match_walk_forward_v1,capped_confirmation,ma20_episode_ml_l2_logistic::bottom::all_a_ma20_episode_match_walk_forward_v1::000006,2022-03-25,microcap,微盘股,20,True,20,True,2022-04-26,1967.76,-0.19808818148554697,0.020581778265642114,-0.20043094686343865
ma20_episode_ml_l2_logistic,bottom,all_a_ma20_episode_match_walk_forward_v1,capped_confirmation,ma20_episode_ml_l2_logistic::bottom::all_a_ma20_episode_match_walk_forward_v1::000006,2022-03-25,sse_composite,上证指数,5,True,5,True,2022-04-01,3212.24,0.021941075386646025,0.023345080068737145,-0.016315717381017558
ma20_episode_ml_l2_logistic,bottom,all_a_ma20_episode_match_walk_forward_v1,capped_confirmation,ma20_episode_ml_l2_logistic::bottom::all_a_ma20_episode_match_walk_forward_v1::000006,2022-03-25,sse_composite,上证指数,10,True,10,True,2022-04-12,3212.24,0.0003393270739422416,0.02428834707244798,-0.02220880133489389
ma20_episode_ml_l2_logistic,bottom,all_a_ma20_episode_match_walk_forward_v1,capped_confirmation,ma20_episode_ml_l2_logistic::bottom::all_a_ma20_episode_match_walk_forward_v1::000006,2022-03-25,sse_composite,上证指数,20,True,20,True,2022-04-26,3212.24,-0.10142766418449434,0.02428834707244798,-0.10397106069284967
ma20_episode_ml_l2_logistic,bottom,all_a_ma20_episode_match_walk_forward_v1,capped_confirmation,ma20_episode_ml_l2_logistic::bottom::all_a_ma20_episode_match_walk_forward_v1::000007,2023-01-03,all_a,全A,5,True,5,True,2023-01-10,4815.91748046875,0.02414600265091793,0.026108691686980823,-0.003937341978844322
ma20_episode_ml_l2_logistic,bottom,all_a_ma20_episode_match_walk_forward_v1,capped_confirmation,ma20_episode_ml_l2_logistic::bottom::all_a_ma20_episode_match_walk_forward_v1::000007,2023-01-03,all_a,全A,10,True,10,True,2023-01-17,4815.91748046875,0.042802194342714595,0.0505453767155406,-0.003937341978844322
ma20_episode_ml_l2_logistic,bottom,all_a_ma20_episode_match_walk_forward_v1,capped_confirmation,ma20_episode_ml_l2_logistic::bottom::all_a_ma20_episode_match_walk_forward_v1::000007,2023-01-03,all_a,全A,20,True,20,True,2023-02-07,4815.91748046875,0.06253087929949097,0.07881345217615854,-0.003937341978844322
ma20_episode_ml_l2_logistic,bottom,all_a_ma20_episode_match_walk_forward_v1,capped_confirmation,ma20_episode_ml_l2_logistic::bottom::all_a_ma20_episode_match_walk_forward_v1::000007,2023-01-03,cni2000,国证2000,5,True,5,True,2023-01-10,7875.71,0.015422101626393125,0.018534201995756616,-0.0036453856223755965
ma20_episode_ml_l2_logistic,bottom,all_a_ma20_episode_match_walk_forward_v1,capped_confirmation,ma20_episode_ml_l2_logistic::bottom::all_a_ma20_episode_match_walk_forward_v1::000007,2023-01-03,cni2000,国证2000,10,True,10,True,2023-01-17,7875.71,0.019035744078946593,0.023894988515321014,-0.0036453856223755965
ma20_episode_ml_l2_logistic,bottom,all_a_ma20_episode_match_walk_forward_v1,capped_confirmation,ma20_episode_ml_l2_logistic::bottom::all_a_ma20_episode_match_walk_forward_v1::000007,2023-01-03,cni2000,国证2000,20,True,20,True,2023-02-07,7875.71,0.08285983105015315,0.08302616526002105,-0.0036453856223755965
ma20_episode_ml_l2_logistic,bottom,all_a_ma20_episode_match_walk_forward_v1,capped_confirmation,ma20_episode_ml_l2_logistic::bottom::all_a_ma20_episode_match_walk_forward_v1::000007,2023-01-03,csi1000,中证1000,5,True,5,True,2023-01-10,6423.7,0.018135965253669895,0.02113423727758157,-0.006024565281691263
ma20_episode_ml_l2_logistic,bottom,all_a_ma20_episode_match_walk_forward_v1,capped_confirmation,ma20_episode_ml_l2_logistic::bottom::all_a_ma20_episode_match_walk_forward_v1::000007,2023-01-03,csi1000,中证1000,10,True,10,True,2023-01-17,6423.7,0.027054501299873968,0.03191774211124421,-0.006024565281691263
ma20_episode_ml_l2_logistic,bottom,all_a_ma20_episode_match_walk_forward_v1,capped_confirmation,ma20_episode_ml_l2_logistic::bottom::all_a_ma20_episode_match_walk_forward_v1::000007,2023-01-03,csi1000,中证1000,20,True,20,True,2023-02-07,6423.7,0.07793327832868902,0.08501175335087252,-0.006024565281691263
ma20_episode_ml_l2_logistic,bottom,all_a_ma20_episode_match_walk_forward_v1,capped_confirmation,ma20_episode_ml_l2_logistic::bottom::all_a_ma20_episode_match_walk_forward_v1::000007,2023-01-03,csi300,沪深300,5,True,5,True,2023-01-10,3887.9,0.033326474446359056,0.0366676097636256,-0.0036652177267934016
ma20_episode_ml_l2_logistic,bottom,all_a_ma20_episode_match_walk_forward_v1,capped_confirmation,ma20_episode_ml_l2_logistic::bottom::all_a_ma20_episode_match_walk_forward_v1::000007,2023-01-03,csi300,沪深300,10,True,10,True,2023-01-17,3887.9,0.06413230792973068,0.07438462923429112,-0.0036652177267934016
ma20_episode_ml_l2_logistic,bottom,all_a_ma20_episode_match_walk_forward_v1,capped_confirmation,ma20_episode_ml_l2_logistic::bottom::all_a_ma20_episode_match_walk_forward_v1::000007,2023-01-03,csi300,沪深300,20,True,20,True,2023-02-07,3887.9,0.05306978060135292,0.09780344144653919,-0.0036652177267934016
ma20_episode_ml_l2_logistic,bottom,all_a_ma20_episode_match_walk_forward_v1,capped_confirmation,ma20_episode_ml_l2_logistic::bottom::all_a_ma20_episode_match_walk_forward_v1::000007,2023-01-03,csi500,中证500,5,True,5,True,2023-01-10,5955.9,0.015514028106583533,0.019184338219244923,-0.0055474403532631555
ma20_episode_ml_l2_logistic,bottom,all_a_ma20_episode_match_walk_forward_v1,capped_confirmation,ma20_episode_ml_l2_logistic::bottom::all_a_ma20_episode_match_walk_forward_v1::000007,2023-01-03,csi500,中证500,10,True,10,True,2023-01-17,5955.9,0.029674776272268,0.035735992881008816,-0.0055474403532631555
ma20_episode_ml_l2_logistic,bottom,all_a_ma20_episode_match_walk_forward_v1,capped_confirmation,ma20_episode_ml_l2_logistic::bottom::all_a_ma20_episode_match_walk_forward_v1::000007,2023-01-03,csi500,中证500,20,True,20,True,2023-02-07,5955.9,0.0606692523380179,0.07494417300491962,-0.0055474403532631555
ma20_episode_ml_l2_logistic,bottom,all_a_ma20_episode_match_walk_forward_v1,capped_confirmation,ma20_episode_ml_l2_logistic::bottom::all_a_ma20_episode_match_walk_forward_v1::000007,2023-01-03,microcap,微盘股,5,True,5,True,2023-01-10,2322.34,0.007935961142640613,0.016642696590507766,8.181403239837515e-05
ma20_episode_ml_l2_logistic,bottom,all_a_ma20_episode_match_walk_forward_v1,capped_confirmation,ma20_episode_ml_l2_logistic::bottom::all_a_ma20_episode_match_walk_forward_v1::000007,2023-01-03,microcap,微盘股,10,True,10,True,2023-01-17,2322.34,0.008495741364313636,0.016642696590507766,-0.005683922250833362
ma20_episode_ml_l2_logistic,bottom,all_a_ma20_episode_match_walk_forward_v1,capped_confirmation,ma20_episode_ml_l2_logistic::bottom::all_a_ma20_episode_match_walk_forward_v1::000007,2023-01-03,microcap,微盘股,20,True,20,True,2023-02-07,2322.34,0.11072452784691289,0.11072452784691289,-0.005683922250833362
ma20_episode_ml_l2_logistic,bottom,all_a_ma20_episode_match_walk_forward_v1,capped_confirmation,ma20_episode_ml_l2_logistic::bottom::all_a_ma20_episode_match_walk_forward_v1::000007,2023-01-03,sse_composite,上证指数,5,True,5,True,2023-01-10,3116.51,0.01700620245081841,0.02152086789389407,-0.002265354515146867
ma20_episode_ml_l2_logistic,bottom,all_a_ma20_episode_match_walk_forward_v1,capped_confirmation,ma20_episode_ml_l2_logistic::bottom::all_a_ma20_episode_match_walk_forward_v1::000007,2023-01-03,sse_composite,上证指数,10,True,10,True,2023-01-17,3116.51,0.03456751301937078,0.04327276344372377,-0.002265354515146867
ma20_episode_ml_l2_logistic,bottom,all_a_ma20_episode_match_walk_forward_v1,capped_confirmation,ma20_episode_ml_l2_logistic::bottom::all_a_ma20_episode_match_walk_forward_v1::000007,2023-01-03,sse_composite,上证指数,20,True,20,True,2023-02-07,3116.51,0.042220304122239316,0.06224270096999507,-0.002265354515146867
ma20_episode_ml_l2_logistic,bottom,all_a_ma20_episode_match_walk_forward_v1,capped_confirmation,ma20_episode_ml_l2_logistic::bottom::all_a_ma20_episode_match_walk_forward_v1::000008,2023-10-26,all_a,全A,5,True,5,True,2023-11-02,4426.1005859375,0.011683512685646935,0.02641832771554209,-0.004879171339578936
ma20_episode_ml_l2_logistic,bottom,all_a_ma20_episode_match_walk_forward_v1,capped_confirmation,ma20_episode_ml_l2_logistic::bottom::all_a_ma20_episode_match_walk_forward_v1::000008,2023-10-26,all_a,全A,10,True,10,True,2023-11-09,4426.1005859375,0.03714879795742898,0.04399230240889507,-0.004879171339578936
ma20_episode_ml_l2_logistic,bottom,all_a_ma20_episode_match_walk_forward_v1,capped_confirmation,ma20_episode_ml_l2_logistic::bottom::all_a_ma20_episode_match_walk_forward_v1::000008,2023-10-26,all_a,全A,20,True,20,True,2023-11-23,4426.1005859375,0.03940238645622873,0.052592299717121094,-0.004879171339578936
ma20_episode_ml_l2_logistic,bottom,all_a_ma20_episode_match_walk_forward_v1,capped_confirmation,ma20_episode_ml_l2_logistic::bottom::all_a_ma20_episode_match_walk_forward_v1::000008,2023-10-26,cni2000,国证2000,5,True,5,True,2023-11-02,7404.24,0.011331345283243088,0.03123750715806084,-0.007514613248625013
ma20_episode_ml_l2_logistic,bottom,all_a_ma20_episode_match_walk_forward_v1,capped_confirmation,ma20_episode_ml_l2_logistic::bottom::all_a_ma20_episode_match_walk_forward_v1::000008,2023-10-26,cni2000,国证2000,10,True,10,True,2023-11-09,7404.24,0.05037383985392152,0.062265674802545634,-0.007514613248625013
ma20_episode_ml_l2_logistic,bottom,all_a_ma20_episode_match_walk_forward_v1,capped_confirmation,ma20_episode_ml_l2_logistic::bottom::all_a_ma20_episode_match_walk_forward_v1::000008,2023-10-26,cni2000,国证2000,20,True,20,True,2023-11-23,7404.24,0.07520690847406364,0.08577787862089825,-0.007514613248625013
ma20_episode_ml_l2_logistic,bottom,all_a_ma20_episode_match_walk_forward_v1,capped_confirmation,ma20_episode_ml_l2_logistic::bottom::all_a_ma20_episode_match_walk_forward_v1::000008,2023-10-26,csi1000,中证1000,5,True,5,True,2023-11-02,5811.69,0.01265724771968224,0.035375252293222914,-0.00637680261679463
ma20_episode_ml_l2_logistic,bottom,all_a_ma20_episode_match_walk_forward_v1,capped_confirmation,ma20_episode_ml_l2_logistic::bottom::all_a_ma20_episode_match_walk_forward_v1::000008,2023-10-26,csi1000,中证1000,10,True,10,True,2023-11-09,5811.69,0.04972735985573906,0.060101278629796084,-0.00637680261679463
ma20_episode_ml_l2_logistic,bottom,all_a_ma20_episode_match_walk_forward_v1,capped_confirmation,ma20_episode_ml_l2_logistic::bottom::all_a_ma20_episode_match_walk_forward_v1::000008,2023-10-26,csi1000,中证1000,20,True,20,True,2023-11-23,5811.69,0.06639032708213954,0.07838167555392683,-0.00637680261679463
ma20_episode_ml_l2_logistic,bottom,all_a_ma20_episode_match_walk_forward_v1,capped_confirmation,ma20_episode_ml_l2_logistic::bottom::all_a_ma20_episode_match_walk_forward_v1::000008,2023-10-26,csi300,沪深300,5,True,5,True,2023-11-02,3514.14,0.011396814014239753,0.0262567797526565,-0.005574621386740364
ma20_episode_ml_l2_logistic,bottom,all_a_ma20_episode_match_walk_forward_v1,capped_confirmation,ma20_episode_ml_l2_logistic::bottom::all_a_ma20_episode_match_walk_forward_v1::000008,2023-10-26,csi300,沪深300,10,True,10,True,2023-11-09,3514.14,0.02808368477066936,0.034617289009544416,-0.005574621386740364
ma20_episode_ml_l2_logistic,bottom,all_a_ma20_episode_match_walk_forward_v1,capped_confirmation,ma20_episode_ml_l2_logistic::bottom::all_a_ma20_episode_match_walk_forward_v1::000008,2023-10-26,csi300,沪深300,20,True,20,True,2023-11-23,3514.14,0.013482672858793343,0.034617289009544416,-0.005574621386740364
ma20_episode_ml_l2_logistic,bottom,all_a_ma20_episode_match_walk_forward_v1,capped_confirmation,ma20_episode_ml_l2_logistic::bottom::all_a_ma20_episode_match_walk_forward_v1::000008,2023-10-26,csi500,中证500,5,True,5,True,2023-11-02,5398.93,0.011209628574550878,0.029792940453015504,-0.0033321417391966035
ma20_episode_ml_l2_logistic,bottom,all_a_ma20_episode_match_walk_forward_v1,capped_confirmation,ma20_episode_ml_l2_logistic::bottom::all_a_ma20_episode_match_walk_forward_v1::000008,2023-10-26,csi500,中证500,10,True,10,True,2023-11-09,5398.93,0.0357719029511403,0.04429581417058559,-0.0033321417391966035
ma20_episode_ml_l2_logistic,bottom,all_a_ma20_episode_match_walk_forward_v1,capped_confirmation,ma20_episode_ml_l2_logistic::bottom::all_a_ma20_episode_match_walk_forward_v1::000008,2023-10-26,csi500,中证500,20,True,20,True,2023-11-23,5398.93,0.04150081590241017,0.05504053580987334,-0.0033321417391966035
ma20_episode_ml_l2_logistic,bottom,all_a_ma20_episode_match_walk_forward_v1,capped_confirmation,ma20_episode_ml_l2_logistic::bottom::all_a_ma20_episode_match_walk_forward_v1::000008,2023-10-26,microcap,微盘股,5,True,5,True,2023-11-02,2988.03,0.03176005595660003,0.0415189941198717,-0.00280117669501323
ma20_episode_ml_l2_logistic,bottom,all_a_ma20_episode_match_walk_forward_v1,capped_confirmation,ma20_episode_ml_l2_logistic::bottom::all_a_ma20_episode_match_walk_forward_v1::000008,2023-10-26,microcap,微盘股,10,True,10,True,2023-11-09,2988.03,0.06109376411883405,0.0716860272487223,-0.00280117669501323
ma20_episode_ml_l2_logistic,bottom,all_a_ma20_episode_match_walk_forward_v1,capped_confirmation,ma20_episode_ml_l2_logistic::bottom::all_a_ma20_episode_match_walk_forward_v1::000008,2023-10-26,microcap,微盘股,20,True,20,True,2023-11-23,2988.03,0.10630415357275513,0.10941657212276978,-0.00280117669501323
ma20_episode_ml_l2_logistic,bottom,all_a_ma20_episode_match_walk_forward_v1,capped_confirmation,ma20_episode_ml_l2_logistic::bottom::all_a_ma20_episode_match_walk_forward_v1::000008,2023-10-26,sse_composite,上证指数,5,True,5,True,2023-11-02,2988.3,0.007064217113408766,0.016845698223069805,-0.004490847639125994
ma20_episode_ml_l2_logistic,bottom,all_a_ma20_episode_match_walk_forward_v1,capped_confirmation,ma20_episode_ml_l2_logistic::bottom::all_a_ma20_episode_match_walk_forward_v1::000008,2023-10-26,sse_composite,上证指数,10,True,10,True,2023-11-09,2988.3,0.02174480473848006,0.025526218920456367,-0.004490847639125994
ma20_episode_ml_l2_logistic,bottom,all_a_ma20_episode_match_walk_forward_v1,capped_confirmation,ma20_episode_ml_l2_logistic::bottom::all_a_ma20_episode_match_walk_forward_v1::000008,2023-10-26,sse_composite,上证指数,20,True,20,True,2023-11-23,2988.3,0.024616002409396653,0.03395576080045504,-0.004490847639125994
ma20_episode_ml_l2_logistic,bottom,all_a_ma20_episode_match_walk_forward_v1,capped_confirmation,ma20_episode_ml_l2_logistic::bottom::all_a_ma20_episode_match_walk_forward_v1::000009,2024-01-26,all_a,全A,5,True,5,True,2024-02-02,4142.72705078125,-0.09101900509234406,0.0038493429927377587,-0.115199477152224
ma20_episode_ml_l2_logistic,bottom,all_a_ma20_episode_match_walk_forward_v1,capped_confirmation,ma20_episode_ml_l2_logistic::bottom::all_a_ma20_episode_match_walk_forward_v1::000009,2024-01-26,all_a,全A,10,True,10,True,2024-02-19,4142.72705078125,-0.02443293823123993,0.0038493429927377587,-0.1392459959890645
ma20_episode_ml_l2_logistic,bottom,all_a_ma20_episode_match_walk_forward_v1,capped_confirmation,ma20_episode_ml_l2_logistic::bottom::all_a_ma20_episode_match_walk_forward_v1::000009,2024-01-26,all_a,全A,20,True,20,True,2024-03-04,4142.72705078125,0.037215540931166524,0.039407588482498035,-0.1392459959890645
ma20_episode_ml_l2_logistic,bottom,all_a_ma20_episode_match_walk_forward_v1,capped_confirmation,ma20_episode_ml_l2_logistic::bottom::all_a_ma20_episode_match_walk_forward_v1::000009,2024-01-26,cni2000,国证2000,5,True,5,True,2024-02-02,6763.65,-0.14520562122522607,0.005531037235812164,-0.17325112919799213
ma20_episode_ml_l2_logistic,bottom,all_a_ma20_episode_match_walk_forward_v1,capped_confirmation,ma20_episode_ml_l2_logistic::bottom::all_a_ma20_episode_match_walk_forward_v1::000009,2024-01-26,cni2000,国证2000,10,True,10,True,2024-02-19,6763.65,-0.08386004598109009,0.005531037235812164,-0.24103701403827815
ma20_episode_ml_l2_logistic,bottom,all_a_ma20_episode_match_walk_forward_v1,capped_confirmation,ma20_episode_ml_l2_logistic::bottom::all_a_ma20_episode_match_walk_forward_v1::000009,2024-01-26,cni2000,国证2000,20,True,20,True,2024-03-04,6763.65,0.005712891707879697,0.020527377968996063,-0.24103701403827815
ma20_episode_ml_l2_logistic,bottom,all_a_ma20_episode_match_walk_forward_v1,capped_confirmation,ma20_episode_ml_l2_logistic::bottom::all_a_ma20_episode_match_walk_forward_v1::000009,2024-01-26,csi1000,中证1000,5,True,5,True,2024-02-02,5269.76,-0.13190164257954828,0.006093256618897147,-0.15900913893611868
ma20_episode_ml_l2_logistic,bottom,all_a_ma20_episode_match_walk_forward_v1,capped_confirmation,ma20_episode_ml_l2_logistic::bottom::all_a_ma20_episode_match_walk_forward_v1::000009,2024-01-26,csi1000,中证1000,10,True,10,True,2024-02-19,5269.76,-0.0455751305562303,0.006093256618897147,-0.20718590599951436
ma20_episode_ml_l2_logistic,bottom,all_a_ma20_episode_match_walk_forward_v1,capped_confirmation,ma20_episode_ml_l2_logistic::bottom::all_a_ma20_episode_match_walk_forward_v1::000009,2024-01-26,csi1000,中证1000,20,True,20,True,2024-03-04,5269.76,0.030092452028175787,0.039533109667233335,-0.20718590599951436
ma20_episode_ml_l2_logistic,bottom,all_a_ma20_episode_match_walk_forward_v1,capped_confirmation,ma20_episode_ml_l2_logistic::bottom::all_a_ma20_episode_match_walk_forward_v1::000009,2024-01-26,csi300,沪深300,5,True,5,True,2024-02-02,3333.82,-0.0462502474638703,0.005264231422212218,-0.06763112585562514
ma20_episode_ml_l2_logistic,bottom,all_a_ma20_episode_match_walk_forward_v1,capped_confirmation,ma20_episode_ml_l2_logistic::bottom::all_a_ma20_episode_match_walk_forward_v1::000009,2024-01-26,csi300,沪深300,10,True,10,True,2024-02-19,3333.82,0.020993934885506604,0.020993934885506604,-0.06763112585562514
ma20_episode_ml_l2_logistic,bottom,all_a_ma20_episode_match_walk_forward_v1,capped_confirmation,ma20_episode_ml_l2_logistic::bottom::all_a_ma20_episode_match_walk_forward_v1::000009,2024-01-26,csi300,沪深300,20,True,20,True,2024-03-04,3333.82,0.062105932533849995,0.06445159006784995,-0.06763112585562514
ma20_episode_ml_l2_logistic,bottom,all_a_ma20_episode_match_walk_forward_v1,capped_confirmation,ma20_episode_ml_l2_logistic::bottom::all_a_ma20_episode_match_walk_forward_v1::000009,2024-01-26,csi500,中证500,5,True,5,True,2024-02-02,5027.09,-0.09227405914753861,0.0045791899488569765,-0.11766847221752541
ma20_episode_ml_l2_logistic,bottom,all_a_ma20_episode_match_walk_forward_v1,capped_confirmation,ma20_episode_ml_l2_logistic::bottom::all_a_ma20_episode_match_walk_forward_v1::000009,2024-01-26,csi500,中证500,10,True,10,True,2024-02-19,5027.09,0.022778585623094205,0.06765942125563695,-0.14836615218744842
ma20_episode_ml_l2_logistic,bottom,all_a_ma20_episode_match_walk_forward_v1,capped_confirmation,ma20_episode_ml_l2_logistic::bottom::all_a_ma20_episode_match_walk_forward_v1::000009,2024-01-26,csi500,中证500,20,True,20,True,2024-03-04,5027.09,0.07195614162467745,0.07420396292885134,-0.14836615218744842
ma20_episode_ml_l2_logistic,bottom,all_a_ma20_episode_match_walk_forward_v1,capped_confirmation,ma20_episode_ml_l2_logistic::bottom::all_a_ma20_episode_match_walk_forward_v1::000009,2024-01-26,microcap,微盘股,5,True,5,True,2024-02-02,3088.04,-0.21648683307211047,0.00334840222276922,-0.2434035828551443
ma20_episode_ml_l2_logistic,bottom,all_a_ma20_episode_match_walk_forward_v1,capped_confirmation,ma20_episode_ml_l2_logistic::bottom::all_a_ma20_episode_match_walk_forward_v1::000009,2024-01-26,microcap,微盘股,10,True,10,True,2024-02-19,3088.04,-0.30716571028872686,0.00334840222276922,-0.43905843188559734
ma20_episode_ml_l2_logistic,bottom,all_a_ma20_episode_match_walk_forward_v1,capped_confirmation,ma20_episode_ml_l2_logistic::bottom::all_a_ma20_episode_match_walk_forward_v1::000009,2024-01-26,microcap,微盘股,20,True,20,True,2024-03-04,3088.04,-0.18133184803305658,0.00334840222276922,-0.43905843188559734
ma20_episode_ml_l2_logistic,bottom,all_a_ma20_episode_match_walk_forward_v1,capped_confirmation,ma20_episode_ml_l2_logistic::bottom::all_a_ma20_episode_match_walk_forward_v1::000009,2024-01-26,sse_composite,上证指数,5,True,5,True,2024-02-02,2910.22,-0.061875047247287096,0.004700675550302069,-0.08380466081602078
ma20_episode_ml_l2_logistic,bottom,all_a_ma20_episode_match_walk_forward_v1,capped_confirmation,ma20_episode_ml_l2_logistic::bottom::all_a_ma20_episode_match_walk_forward_v1::000009,2024-01-26,sse_composite,上证指数,10,True,10,True,2024-02-19,2910.22,0.00010995732281404713,0.004700675550302069,-0.09453924445574546
ma20_episode_ml_l2_logistic,bottom,all_a_ma20_episode_match_walk_forward_v1,capped_confirmation,ma20_episode_ml_l2_logistic::bottom::all_a_ma20_episode_match_walk_forward_v1::000009,2024-01-26,sse_composite,上证指数,20,True,20,True,2024-03-04,2910.22,0.04435747125646872,0.04471139638927646,-0.09453924445574546
ma20_episode_ml_l2_logistic,bottom,all_a_ma20_episode_match_walk_forward_v1,capped_confirmation,ma20_episode_ml_l2_logistic::bottom::all_a_ma20_episode_match_walk_forward_v1::000010,2024-02-08,all_a,全A,5,True,5,True,2024-02-23,3985.396240234375,0.05073864952383844,0.05146346374578137,0.0015649787802549664
ma20_episode_ml_l2_logistic,bottom,all_a_ma20_episode_match_walk_forward_v1,capped_confirmation,ma20_episode_ml_l2_logistic::bottom::all_a_ma20_episode_match_walk_forward_v1::000010,2024-02-08,all_a,全A,10,True,10,True,2024-03-01,3985.396240234375,0.07555275507509318,0.08044010533329593,0.0015649787802549664
ma20_episode_ml_l2_logistic,bottom,all_a_ma20_episode_match_walk_forward_v1,capped_confirmation,ma20_episode_ml_l2_logistic::bottom::all_a_ma20_episode_match_walk_forward_v1::000010,2024-02-08,all_a,全A,20,True,20,True,2024-03-15,3985.396240234375,0.09701134813301215,0.10057354784616179,0.0015649787802549664
ma20_episode_ml_l2_logistic,bottom,all_a_ma20_episode_match_walk_forward_v1,capped_confirmation,ma20_episode_ml_l2_logistic::bottom::all_a_ma20_episode_match_walk_forward_v1::000010,2024-02-08,cni2000,国证2000,5,True,5,True,2024-02-23,6061.39,0.0808065476730584,0.0808065476730584,0.004934511720908974
ma20_episode_ml_l2_logistic,bottom,all_a_ma20_episode_match_walk_forward_v1,capped_confirmation,ma20_episode_ml_l2_logistic::bottom::all_a_ma20_episode_match_walk_forward_v1::000010,2024-02-08,cni2000,国证2000,10,True,10,True,2024-03-01,6061.39,0.11527718889561633,0.1387635509346865,0.004934511720908974
ma20_episode_ml_l2_logistic,bottom,all_a_ma20_episode_match_walk_forward_v1,capped_confirmation,ma20_episode_ml_l2_logistic::bottom::all_a_ma20_episode_match_walk_forward_v1::000010,2024-02-08,cni2000,国证2000,20,True,20,True,2024-03-15,6061.39,0.15755956966966322,0.15908892184795875,0.004934511720908974
ma20_episode_ml_l2_logistic,bottom,all_a_ma20_episode_match_walk_forward_v1,capped_confirmation,ma20_episode_ml_l2_logistic::bottom::all_a_ma20_episode_match_walk_forward_v1::000010,2024-02-08,csi1000,中证1000,5,True,5,True,2024-02-23,4993.1,0.04657827802367254,0.04657827802367254,-0.00856582083274926
ma20_episode_ml_l2_logistic,bottom,all_a_ma20_episode_match_walk_forward_v1,capped_confirmation,ma20_episode_ml_l2_logistic::bottom::all_a_ma20_episode_match_walk_forward_v1::000010,2024-02-08,csi1000,中证1000,10,True,10,True,2024-03-01,4993.1,0.08188099577416819,0.0971320422182611,-0.00856582083274926
ma20_episode_ml_l2_logistic,bottom,all_a_ma20_episode_match_walk_forward_v1,capped_confirmation,ma20_episode_ml_l2_logistic::bottom::all_a_ma20_episode_match_walk_forward_v1::000010,2024-02-08,csi1000,中证1000,20,True,20,True,2024-03-15,4993.1,0.11266347559632295,0.11375297911117332,-0.00856582083274926
ma20_episode_ml_l2_logistic,bottom,all_a_ma20_episode_match_walk_forward_v1,capped_confirmation,ma20_episode_ml_l2_logistic::bottom::all_a_ma20_episode_match_walk_forward_v1::000010,2024-02-08,csi300,沪深300,5,True,5,True,2024-02-23,3364.93,0.03709141051968401,0.042387211621044196,-0.00023477457183362915
ma20_episode_ml_l2_logistic,bottom,all_a_ma20_episode_match_walk_forward_v1,capped_confirmation,ma20_episode_ml_l2_logistic::bottom::all_a_ma20_episode_match_walk_forward_v1::000010,2024-02-08,csi300,沪深300,10,True,10,True,2024-03-01,3364.93,0.05137402561123117,0.053323546106456954,-0.00023477457183362915
ma20_episode_ml_l2_logistic,bottom,all_a_ma20_episode_match_walk_forward_v1,capped_confirmation,ma20_episode_ml_l2_logistic::bottom::all_a_ma20_episode_match_walk_forward_v1::000010,2024-02-08,csi300,沪深300,20,True,20,True,2024-03-15,3364.93,0.06094034645594415,0.071552751468827,-0.00023477457183362915
ma20_episode_ml_l2_logistic,bottom,all_a_ma20_episode_match_walk_forward_v1,capped_confirmation,ma20_episode_ml_l2_logistic::bottom::all_a_ma20_episode_match_walk_forward_v1::000010,2024-02-08,csi500,中证500,5,True,5,True,2024-02-23,5150.23,0.009219005753141163,0.01993114870598034,-0.015018746735582567
ma20_episode_ml_l2_logistic,bottom,all_a_ma20_episode_match_walk_forward_v1,capped_confirmation,ma20_episode_ml_l2_logistic::bottom::all_a_ma20_episode_match_walk_forward_v1::000010,2024-02-08,csi500,中证500,10,True,10,True,2024-03-01,5150.23,0.04442908374965793,0.0461241536785737,-0.015018746735582567
ma20_episode_ml_l2_logistic,bottom,all_a_ma20_episode_match_walk_forward_v1,capped_confirmation,ma20_episode_ml_l2_logistic::bottom::all_a_ma20_episode_match_walk_forward_v1::000010,2024-02-08,csi500,中证500,20,True,20,True,2024-03-15,5150.23,0.059010956792221014,0.06272729567417379,-0.015018746735582567
ma20_episode_ml_l2_logistic,bottom,all_a_ma20_episode_match_walk_forward_v1,capped_confirmation,ma20_episode_ml_l2_logistic::bottom::all_a_ma20_episode_match_walk_forward_v1::000010,2024-02-08,microcap,微盘股,5,True,5,True,2024-02-23,2009.55,0.24818491702122358,0.24818491702122358,0.00839491428429251
ma20_episode_ml_l2_logistic,bottom,all_a_ma20_episode_match_walk_forward_v1,capped_confirmation,ma20_episode_ml_l2_logistic::bottom::all_a_ma20_episode_match_walk_forward_v1::000010,2024-02-08,microcap,微盘股,10,True,10,True,2024-03-01,2009.55,0.2657410863128562,0.36744047174740624,0.00839491428429251
ma20_episode_ml_l2_logistic,bottom,all_a_ma20_episode_match_walk_forward_v1,capped_confirmation,ma20_episode_ml_l2_logistic::bottom::all_a_ma20_episode_match_walk_forward_v1::000010,2024-02-08,microcap,微盘股,20,True,20,True,2024-03-15,2009.55,0.35994128038615614,0.36744047174740624,0.00839491428429251
ma20_episode_ml_l2_logistic,bottom,all_a_ma20_episode_match_walk_forward_v1,capped_confirmation,ma20_episode_ml_l2_logistic::bottom::all_a_ma20_episode_match_walk_forward_v1::000010,2024-02-08,sse_composite,上证指数,5,True,5,True,2024-02-23,2865.9,0.048494364771974,0.049980808820963674,0.0006315642555567713
ma20_episode_ml_l2_logistic,bottom,all_a_ma20_episode_match_walk_forward_v1,capped_confirmation,ma20_episode_ml_l2_logistic::bottom::all_a_ma20_episode_match_walk_forward_v1::000010,2024-02-08,sse_composite,上证指数,10,True,10,True,2024-03-01,2865.9,0.056219686660385904,0.058037614710910956,0.0006315642555567713
ma20_episode_ml_l2_logistic,bottom,all_a_ma20_episode_match_walk_forward_v1,capped_confirmation,ma20_episode_ml_l2_logistic::bottom::all_a_ma20_episode_match_walk_forward_v1::000010,2024-02-08,sse_composite,上证指数,20,True,20,True,2024-03-15,2865.9,0.06585714784186458,0.07300673435918914,0.0006315642555567713
ma20_episode_ml_l2_logistic,bottom,all_a_ma20_episode_match_walk_forward_v1,capped_confirmation,ma20_episode_ml_l2_logistic::bottom::all_a_ma20_episode_match_walk_forward_v1::000011,2024-04-24,all_a,全A,5,True,5,True,2024-05-06,4226.65087890625,0.047678416151418324,0.04839582259197206,-0.00427451782720345
ma20_episode_ml_l2_logistic,bottom,all_a_ma20_episode_match_walk_forward_v1,capped_confirmation,ma20_episode_ml_l2_logistic::bottom::all_a_ma20_episode_match_walk_forward_v1::000011,2024-04-24,all_a,全A,10,True,10,True,2024-05-13,4226.65087890625,0.04106868837423794,0.053467920784003864,-0.00427451782720345
ma20_episode_ml_l2_logistic,bottom,all_a_ma20_episode_match_walk_forward_v1,capped_confirmation,ma20_episode_ml_l2_logistic::bottom::all_a_ma20_episode_match_walk_forward_v1::000011,2024-04-24,all_a,全A,20,True,20,True,2024-05-27,4226.65087890625,0.027588956376952023,0.05350038313662808,-0.00427451782720345
ma20_episode_ml_l2_logistic,bottom,all_a_ma20_episode_match_walk_forward_v1,capped_confirmation,ma20_episode_ml_l2_logistic::bottom::all_a_ma20_episode_match_walk_forward_v1::000011,2024-04-24,cni2000,国证2000,5,True,5,True,2024-05-06,6622.73,0.058143696028677194,0.05817238510402811,-0.006190800470500801
ma20_episode_ml_l2_logistic,bottom,all_a_ma20_episode_match_walk_forward_v1,capped_confirmation,ma20_episode_ml_l2_logistic::bottom::all_a_ma20_episode_match_walk_forward_v1::000011,2024-04-24,cni2000,国证2000,10,True,10,True,2024-05-13,6622.73,0.03769291515734441,0.06579008958541266,-0.006190800470500801
ma20_episode_ml_l2_logistic,bottom,all_a_ma20_episode_match_walk_forward_v1,capped_confirmation,ma20_episode_ml_l2_logistic::bottom::all_a_ma20_episode_match_walk_forward_v1::000011,2024-04-24,cni2000,国证2000,20,True,20,True,2024-05-27,6622.73,0.01910692418383375,0.06579008958541266,-0.006190800470500801
ma20_episode_ml_l2_logistic,bottom,all_a_ma20_episode_match_walk_forward_v1,capped_confirmation,ma20_episode_ml_l2_logistic::bottom::all_a_ma20_episode_match_walk_forward_v1::000011,2024-04-24,csi1000,中证1000,5,True,5,True,2024-05-06,5305.61,0.056775752458247064,0.057610717712006876,-0.006042660504635533
ma20_episode_ml_l2_logistic,bottom,all_a_ma20_episode_match_walk_forward_v1,capped_confirmation,ma20_episode_ml_l2_logistic::bottom::all_a_ma20_episode_match_walk_forward_v1::000011,2024-04-24,csi1000,中证1000,10,True,10,True,2024-05-13,5305.61,0.04055895552066602,0.06338762178147284,-0.006042660504635533
ma20_episode_ml_l2_logistic,bottom,all_a_ma20_episode_match_walk_forward_v1,capped_confirmation,ma20_episode_ml_l2_logistic::bottom::all_a_ma20_episode_match_walk_forward_v1::000011,2024-04-24,csi1000,中证1000,20,True,20,True,2024-05-27,5305.61,0.018661379181658777,0.06338762178147284,-0.006042660504635533
ma20_episode_ml_l2_logistic,bottom,all_a_ma20_episode_match_walk_forward_v1,capped_confirmation,ma20_episode_ml_l2_logistic::bottom::all_a_ma20_episode_match_walk_forward_v1::000011,2024-04-24,csi300,沪深300,5,True,5,True,2024-05-06,3521.62,0.03869241996581119,0.04163992707901487,-0.004662626859229579
ma20_episode_ml_l2_logistic,bottom,all_a_ma20_episode_match_walk_forward_v1,capped_confirmation,ma20_episode_ml_l2_logistic::bottom::all_a_ma20_episode_match_walk_forward_v1::000011,2024-04-24,csi300,沪深300,10,True,10,True,2024-05-13,3521.62,0.040626189083433184,0.04344307449412499,-0.004662626859229579
ma20_episode_ml_l2_logistic,bottom,all_a_ma20_episode_match_walk_forward_v1,capped_confirmation,ma20_episode_ml_l2_logistic::bottom::all_a_ma20_episode_match_walk_forward_v1::000011,2024-04-24,csi300,沪深300,20,True,20,True,2024-05-27,3521.62,0.03239702182518278,0.05151322402757841,-0.004662626859229579
ma20_episode_ml_l2_logistic,bottom,all_a_ma20_episode_match_walk_forward_v1,capped_confirmation,ma20_episode_ml_l2_logistic::bottom::all_a_ma20_episode_match_walk_forward_v1::000011,2024-04-24,csi500,中证500,5,True,5,True,2024-05-06,5263.04,0.05045753024867761,0.05185406153097816,-0.006311941387487141
ma20_episode_ml_l2_logistic,bottom,all_a_ma20_episode_match_walk_forward_v1,capped_confirmation,ma20_episode_ml_l2_logistic::bottom::all_a_ma20_episode_match_walk_forward_v1::000011,2024-04-24,csi500,中证500,10,True,10,True,2024-05-13,5263.04,0.04602283091141257,0.05843200887699873,-0.006311941387487141
ma20_episode_ml_l2_logistic,bottom,all_a_ma20_episode_match_walk_forward_v1,capped_confirmation,ma20_episode_ml_l2_logistic::bottom::all_a_ma20_episode_match_walk_forward_v1::000011,2024-04-24,csi500,中证500,20,True,20,True,2024-05-27,5263.04,0.020583161062807775,0.05843200887699873,-0.006311941387487141
ma20_episode_ml_l2_logistic,bottom,all_a_ma20_episode_match_walk_forward_v1,capped_confirmation,ma20_episode_ml_l2_logistic::bottom::all_a_ma20_episode_match_walk_forward_v1::000011,2024-04-24,microcap,微盘股,5,True,5,True,2024-05-06,2539.32,0.08484554920214848,0.08484554920214848,-0.0058598364916592205
ma20_episode_ml_l2_logistic,bottom,all_a_ma20_episode_match_walk_forward_v1,capped_confirmation,ma20_episode_ml_l2_logistic::bottom::all_a_ma20_episode_match_walk_forward_v1::000011,2024-04-24,microcap,微盘股,10,True,10,True,2024-05-13,2539.32,0.05459729376368472,0.10800529275554083,-0.0058598364916592205
ma20_episode_ml_l2_logistic,bottom,all_a_ma20_episode_match_walk_forward_v1,capped_confirmation,ma20_episode_ml_l2_logistic::bottom::all_a_ma20_episode_match_walk_forward_v1::000011,2024-04-24,microcap,微盘股,20,True,20,True,2024-05-27,2539.32,0.06756533245120733,0.1195831955011577,-0.0058598364916592205
ma20_episode_ml_l2_logistic,bottom,all_a_ma20_episode_match_walk_forward_v1,capped_confirmation,ma20_episode_ml_l2_logistic::bottom::all_a_ma20_episode_match_walk_forward_v1::000011,2024-04-24,sse_composite,上证指数,5,True,5,True,2024-05-06,3044.82,0.031496114712856516,0.03204130293416352,-0.0033400989221037403
ma20_episode_ml_l2_logistic,bottom,all_a_ma20_episode_match_walk_forward_v1,capped_confirmation,ma20_episode_ml_l2_logistic::bottom::all_a_ma20_episode_match_walk_forward_v1::000011,2024-04-24,sse_composite,上证指数,10,True,10,True,2024-05-13,3044.82,0.03389362918005001,0.03885943996689445,-0.0033400989221037403
ma20_episode_ml_l2_logistic,bottom,all_a_ma20_episode_match_walk_forward_v1,capped_confirmation,ma20_episode_ml_l2_logistic::bottom::all_a_ma20_episode_match_walk_forward_v1::000011,2024-04-24,sse_composite,上证指数,20,True,20,True,2024-05-27,3044.82,0.02601795836863907,0.04251482846276611,-0.0033400989221037403
ma20_episode_ml_l2_logistic,bottom,all_a_ma20_episode_match_walk_forward_v1,capped_confirmation,ma20_episode_ml_l2_logistic::bottom::all_a_ma20_episode_match_walk_forward_v1::000012,2024-06-17,all_a,全A,5,True,5,True,2024-06-24,4182.15234375,-0.03273612710635132,0.006711462679485303,-0.03323075363967609
ma20_episode_ml_l2_logistic,bottom,all_a_ma20_episode_match_walk_forward_v1,capped_confirmation,ma20_episode_ml_l2_logistic::bottom::all_a_ma20_episode_match_walk_forward_v1::000012,2024-06-17,all_a,全A,10,True,10,True,2024-07-01,4182.15234375,-0.026712459755041662,0.006711462679485303,-0.04373758325697652
ma20_episode_ml_l2_logistic,bottom,all_a_ma20_episode_match_walk_forward_v1,capped_confirmation,ma20_episode_ml_l2_logistic::bottom::all_a_ma20_episode_match_walk_forward_v1::000012,2024-06-17,all_a,全A,20,True,20,True,2024-07-15,4182.15234375,-0.039665627092807854,0.006711462679485303,-0.0684222668687905
ma20_episode_ml_l2_logistic,bottom,all_a_ma20_episode_match_walk_forward_v1,capped_confirmation,ma20_episode_ml_l2_logistic::bottom::all_a_ma20_episode_match_walk_forward_v1::000012,2024-06-17,cni2000,国证2000,5,True,5,True,2024-06-24,6416.27,-0.05669181627331765,0.014170226626996518,-0.0572450972293872
ma20_episode_ml_l2_logistic,bottom,all_a_ma20_episode_match_walk_forward_v1,capped_confirmation,ma20_episode_ml_l2_logistic::bottom::all_a_ma20_episode_match_walk_forward_v1::000012,2024-06-17,cni2000,国证2000,10,True,10,True,2024-07-01,6416.27,-0.04185297688532452,0.014170226626996518,-0.06949988077185032
ma20_episode_ml_l2_logistic,bottom,all_a_ma20_episode_match_walk_forward_v1,capped_confirmation,ma20_episode_ml_l2_logistic::bottom::all_a_ma20_episode_match_walk_forward_v1::000012,2024-06-17,cni2000,国证2000,20,True,20,True,2024-07-15,6416.27,-0.07179560710506272,0.014170226626996518,-0.10634059975655641
ma20_episode_ml_l2_logistic,bottom,all_a_ma20_episode_match_walk_forward_v1,capped_confirmation,ma20_episode_ml_l2_logistic::bottom::all_a_ma20_episode_match_walk_forward_v1::000012,2024-06-17,csi1000,中证1000,5,True,5,True,2024-06-24,5183.97,-0.05713574731335258,0.011188336352255135,-0.05776846702430771
ma20_episode_ml_l2_logistic,bottom,all_a_ma20_episode_match_walk_forward_v1,capped_confirmation,ma20_episode_ml_l2_logistic::bottom::all_a_ma20_episode_match_walk_forward_v1::000012,2024-06-17,csi1000,中证1000,10,True,10,True,2024-07-01,5183.97,-0.04701416096157973,0.011188336352255135,-0.07173459722953646
ma20_episode_ml_l2_logistic,bottom,all_a_ma20_episode_match_walk_forward_v1,capped_confirmation,ma20_episode_ml_l2_logistic::bottom::all_a_ma20_episode_match_walk_forward_v1::000012,2024-06-17,csi1000,中证1000,20,True,20,True,2024-07-15,5183.97,-0.0687446107905717,0.011188336352255135,-0.10392999959490512
ma20_episode_ml_l2_logistic,bottom,all_a_ma20_episode_match_walk_forward_v1,capped_confirmation,ma20_episode_ml_l2_logistic::bottom::all_a_ma20_episode_match_walk_forward_v1::000012,2024-06-17,csi300,沪深300,5,True,5,True,2024-06-24,3536.2,-0.016794864543860588,0.004386064136643997,-0.018375657485436347
ma20_episode_ml_l2_logistic,bottom,all_a_ma20_episode_match_walk_forward_v1,capped_confirmation,ma20_episode_ml_l2_logistic::bottom::all_a_ma20_episode_match_walk_forward_v1::000012,2024-06-17,csi300,沪深300,10,True,10,True,2024-07-01,3536.2,-0.016407443017928847,0.004386064136643997,-0.027020530512979923
ma20_episode_ml_l2_logistic,bottom,all_a_ma20_episode_match_walk_forward_v1,capped_confirmation,ma20_episode_ml_l2_logistic::bottom::all_a_ma20_episode_match_walk_forward_v1::000012,2024-06-17,csi300,沪深300,20,True,20,True,2024-07-15,3536.2,-0.016953226627453133,0.004386064136643997,-0.04281149256263783
ma20_episode_ml_l2_logistic,bottom,all_a_ma20_episode_match_walk_forward_v1,capped_confirmation,ma20_episode_ml_l2_logistic::bottom::all_a_ma20_episode_match_walk_forward_v1::000012,2024-06-17,csi500,中证500,5,True,5,True,2024-06-24,5207.13,-0.04113974492666794,0.007001937727692642,-0.042318897358045504
ma20_episode_ml_l2_logistic,bottom,all_a_ma20_episode_match_walk_forward_v1,capped_confirmation,ma20_episode_ml_l2_logistic::bottom::all_a_ma20_episode_match_walk_forward_v1::000012,2024-06-17,csi500,中证500,10,True,10,True,2024-07-01,5207.13,-0.03917129013487286,0.007001937727692642,-0.056188341754478954
ma20_episode_ml_l2_logistic,bottom,all_a_ma20_episode_match_walk_forward_v1,capped_confirmation,ma20_episode_ml_l2_logistic::bottom::all_a_ma20_episode_match_walk_forward_v1::000012,2024-06-17,csi500,中证500,20,True,20,True,2024-07-15,5207.13,-0.06207450169287121,0.007001937727692642,-0.08868801047794095
ma20_episode_ml_l2_logistic,bottom,all_a_ma20_episode_match_walk_forward_v1,capped_confirmation,ma20_episode_ml_l2_logistic::bottom::all_a_ma20_episode_match_walk_forward_v1::000012,2024-06-17,microcap,微盘股,5,True,5,True,2024-06-24,2436.92,-0.034071697060223616,0.038959013837138734,-0.04022700786238376
ma20_episode_ml_l2_logistic,bottom,all_a_ma20_episode_match_walk_forward_v1,capped_confirmation,ma20_episode_ml_l2_logistic::bottom::all_a_ma20_episode_match_walk_forward_v1::000012,2024-06-17,microcap,微盘股,10,True,10,True,2024-07-01,2436.92,0.013599133332238944,0.038959013837138734,-0.04022700786238376
ma20_episode_ml_l2_logistic,bottom,all_a_ma20_episode_match_walk_forward_v1,capped_confirmation,ma20_episode_ml_l2_logistic::bottom::all_a_ma20_episode_match_walk_forward_v1::000012,2024-06-17,microcap,微盘股,20,True,20,True,2024-07-15,2436.92,-0.017522118083482585,0.038959013837138734,-0.05868062964725962
ma20_episode_ml_l2_logistic,bottom,all_a_ma20_episode_match_walk_forward_v1,capped_confirmation,ma20_episode_ml_l2_logistic::bottom::all_a_ma20_episode_match_walk_forward_v1::000012,2024-06-17,sse_composite,上证指数,5,True,5,True,2024-06-24,3015.89,-0.017503954056679816,0.005335075218260599,-0.01848873798447548
ma20_episode_ml_l2_logistic,bottom,all_a_ma20_episode_match_walk_forward_v1,capped_confirmation,ma20_episode_ml_l2_logistic::bottom::all_a_ma20_episode_match_walk_forward_v1::000012,2024-06-17,sse_composite,上证指数,10,True,10,True,2024-07-01,3015.89,-0.0070161710141947164,0.005335075218260599,-0.027375003730242153
ma20_episode_ml_l2_logistic,bottom,all_a_ma20_episode_match_walk_forward_v1,capped_confirmation,ma20_episode_ml_l2_logistic::bottom::all_a_ma20_episode_match_walk_forward_v1::000012,2024-06-17,sse_composite,上证指数,20,True,20,True,2024-07-15,3015.89,-0.013886448113160532,0.005335075218260599,-0.03708689640537288
ma20_episode_ml_l2_logistic,bottom,all_a_ma20_episode_match_walk_forward_v1,capped_confirmation,ma20_episode_ml_l2_logistic::bottom::all_a_ma20_episode_match_walk_forward_v1::000013,2024-07-02,all_a,全A,5,True,5,True,2024-07-09,4055.667724609375,-0.01641986237069981,-2.1069087645320117e-05,-0.0393690350026773
ma20_episode_ml_l2_logistic,bottom,all_a_ma20_episode_match_walk_forward_v1,capped_confirmation,ma20_episode_ml_l2_logistic::bottom::all_a_ma20_episode_match_walk_forward_v1::000013,2024-07-02,all_a,全A,10,True,10,True,2024-07-16,4055.667724609375,-0.005575903946631433,-2.1069087645320117e-05,-0.0393690350026773
ma20_episode_ml_l2_logistic,bottom,all_a_ma20_episode_match_walk_forward_v1,capped_confirmation,ma20_episode_ml_l2_logistic::bottom::all_a_ma20_episode_match_walk_forward_v1::000013,2024-07-02,all_a,全A,20,True,20,True,2024-07-30,4055.667724609375,-0.03679204479408427,-2.1069087645320117e-05,-0.04571703071541888
ma20_episode_ml_l2_logistic,bottom,all_a_ma20_episode_match_walk_forward_v1,capped_confirmation,ma20_episode_ml_l2_logistic::bottom::all_a_ma20_episode_match_walk_forward_v1::000013,2024-07-02,cni2000,国证2000,5,True,5,True,2024-07-09,6118.37,-0.029772635522206103,-0.00024352891374657126,-0.06282882532439193
ma20_episode_ml_l2_logistic,bottom,all_a_ma20_episode_match_walk_forward_v1,capped_confirmation,ma20_episode_ml_l2_logistic::bottom::all_a_ma20_episode_match_walk_forward_v1::000013,2024-07-02,cni2000,国证2000,10,True,10,True,2024-07-16,6118.37,-0.025212597472856424,-0.00024352891374657126,-0.06282882532439193
ma20_episode_ml_l2_logistic,bottom,all_a_ma20_episode_match_walk_forward_v1,capped_confirmation,ma20_episode_ml_l2_logistic::bottom::all_a_ma20_episode_match_walk_forward_v1::000013,2024-07-02,cni2000,国证2000,20,True,20,True,2024-07-30,6118.37,-0.045711521205811345,-0.00024352891374657126,-0.07684889929834249
ma20_episode_ml_l2_logistic,bottom,all_a_ma20_episode_match_walk_forward_v1,capped_confirmation,ma20_episode_ml_l2_logistic::bottom::all_a_ma20_episode_match_walk_forward_v1::000013,2024-07-02,csi1000,中证1000,5,True,5,True,2024-07-09,4905.65,-0.022135700671674363,0.00017530806315169123,-0.053091843078898804
ma20_episode_ml_l2_logistic,bottom,all_a_ma20_episode_match_walk_forward_v1,capped_confirmation,ma20_episode_ml_l2_logistic::bottom::all_a_ma20_episode_match_walk_forward_v1::000013,2024-07-02,csi1000,中证1000,10,True,10,True,2024-07-16,4905.65,-0.014051145108191498,0.00017530806315169123,-0.053091843078898804
ma20_episode_ml_l2_logistic,bottom,all_a_ma20_episode_match_walk_forward_v1,capped_confirmation,ma20_episode_ml_l2_logistic::bottom::all_a_ma20_episode_match_walk_forward_v1::000013,2024-07-02,csi1000,中证1000,20,True,20,True,2024-07-30,4905.65,-0.0414134722208066,0.00017530806315169123,-0.06481098325400292
ma20_episode_ml_l2_logistic,bottom,all_a_ma20_episode_match_walk_forward_v1,capped_confirmation,ma20_episode_ml_l2_logistic::bottom::all_a_ma20_episode_match_walk_forward_v1::000013,2024-07-02,csi300,沪深300,5,True,5,True,2024-07-09,3471.79,-0.009211386633408147,0.0033181730461808723,-0.0250533586420838
ma20_episode_ml_l2_logistic,bottom,all_a_ma20_episode_match_walk_forward_v1,capped_confirmation,ma20_episode_ml_l2_logistic::bottom::all_a_ma20_episode_match_walk_forward_v1::000013,2024-07-02,csi300,沪深300,10,True,10,True,2024-07-16,3471.79,0.007630069791087601,0.008209021859040933,-0.0250533586420838
ma20_episode_ml_l2_logistic,bottom,all_a_ma20_episode_match_walk_forward_v1,capped_confirmation,ma20_episode_ml_l2_logistic::bottom::all_a_ma20_episode_match_walk_forward_v1::000013,2024-07-02,csi300,沪深300,20,True,20,True,2024-07-30,3471.79,-0.02949775188015402,0.021185037113419902,-0.03427338635113297
ma20_episode_ml_l2_logistic,bottom,all_a_ma20_episode_match_walk_forward_v1,capped_confirmation,ma20_episode_ml_l2_logistic::bottom::all_a_ma20_episode_match_walk_forward_v1::000013,2024-07-02,csi500,中证500,5,True,5,True,2024-07-09,4949.48,-0.014664166740748552,0.00020810266937143496,-0.041248777649369184
ma20_episode_ml_l2_logistic,bottom,all_a_ma20_episode_match_walk_forward_v1,capped_confirmation,ma20_episode_ml_l2_logistic::bottom::all_a_ma20_episode_match_walk_forward_v1::000013,2024-07-02,csi500,中证500,10,True,10,True,2024-07-16,4949.48,-0.01032835772646823,0.00020810266937143496,-0.041248777649369184
ma20_episode_ml_l2_logistic,bottom,all_a_ma20_episode_match_walk_forward_v1,capped_confirmation,ma20_episode_ml_l2_logistic::bottom::all_a_ma20_episode_match_walk_forward_v1::000013,2024-07-02,csi500,中证500,20,True,20,True,2024-07-30,4949.48,-0.05055076492884103,0.00020810266937143496,-0.0634894978866466
ma20_episode_ml_l2_logistic,bottom,all_a_ma20_episode_match_walk_forward_v1,capped_confirmation,ma20_episode_ml_l2_logistic::bottom::all_a_ma20_episode_match_walk_forward_v1::000013,2024-07-02,microcap,微盘股,5,True,5,True,2024-07-09,2510.23,-0.049381929145934866,0.0031789915665099144,-0.08617138668568214
ma20_episode_ml_l2_logistic,bottom,all_a_ma20_episode_match_walk_forward_v1,capped_confirmation,ma20_episode_ml_l2_logistic::bottom::all_a_ma20_episode_match_walk_forward_v1::000013,2024-07-02,microcap,微盘股,10,True,10,True,2024-07-16,2510.23,-0.04741796568441947,0.0031789915665099144,-0.08617138668568214
ma20_episode_ml_l2_logistic,bottom,all_a_ma20_episode_match_walk_forward_v1,capped_confirmation,ma20_episode_ml_l2_logistic::bottom::all_a_ma20_episode_match_walk_forward_v1::000013,2024-07-02,microcap,微盘股,20,True,20,True,2024-07-30,2510.23,-0.018767204598781784,0.0031789915665099144,-0.08617138668568214
ma20_episode_ml_l2_logistic,bottom,all_a_ma20_episode_match_walk_forward_v1,capped_confirmation,ma20_episode_ml_l2_logistic::bottom::all_a_ma20_episode_match_walk_forward_v1::000013,2024-07-02,sse_composite,上证指数,5,True,5,True,2024-07-09,2997.01,-0.012559183986706857,0.0005105088071108987,-0.031020917514456126
ma20_episode_ml_l2_logistic,bottom,all_a_ma20_episode_match_walk_forward_v1,capped_confirmation,ma20_episode_ml_l2_logistic::bottom::all_a_ma20_episode_match_walk_forward_v1::000013,2024-07-02,sse_composite,上证指数,10,True,10,True,2024-07-16,2997.01,-0.006910220519784738,0.0005105088071108987,-0.031020917514456126
ma20_episode_ml_l2_logistic,bottom,all_a_ma20_episode_match_walk_forward_v1,capped_confirmation,ma20_episode_ml_l2_logistic::bottom::all_a_ma20_episode_match_walk_forward_v1::000013,2024-07-02,sse_composite,上证指数,20,True,20,True,2024-07-30,2997.01,-0.039275811558853624,0.0005105088071108987,-0.0439971838599138
ma20_episode_ml_l2_logistic,bottom,all_a_ma20_episode_match_walk_forward_v1,capped_confirmation,ma20_episode_ml_l2_logistic::bottom::all_a_ma20_episode_match_walk_forward_v1::000014,2024-07-04,all_a,全A,5,True,5,True,2024-07-11,3979.918701171875,0.015545266406109759,0.01586989418986806,-0.02108553150775805
ma20_episode_ml_l2_logistic,bottom,all_a_ma20_episode_match_walk_forward_v1,capped_confirmation,ma20_episode_ml_l2_logistic::bottom::all_a_ma20_episode_match_walk_forward_v1::000014,2024-07-04,all_a,全A,10,True,10,True,2024-07-18,3979.918701171875,0.012312790770216298,0.017175643812899377,-0.02108553150775805
ma20_episode_ml_l2_logistic,bottom,all_a_ma20_episode_match_walk_forward_v1,capped_confirmation,ma20_episode_ml_l2_logistic::bottom::all_a_ma20_episode_match_walk_forward_v1::000014,2024-07-04,all_a,全A,20,True,20,True,2024-08-01,3979.918701171875,0.005858513201069782,0.017903479915373444,-0.027554347396018364
ma20_episode_ml_l2_logistic,bottom,all_a_ma20_episode_match_walk_forward_v1,capped_confirmation,ma20_episode_ml_l2_logistic::bottom::all_a_ma20_episode_match_walk_forward_v1::000014,2024-07-04,cni2000,国证2000,5,True,5,True,2024-07-11,5909.05,0.02692310946768095,0.02692310946768095,-0.029630820521065138
ma20_episode_ml_l2_logistic,bottom,all_a_ma20_episode_match_walk_forward_v1,capped_confirmation,ma20_episode_ml_l2_logistic::bottom::all_a_ma20_episode_match_walk_forward_v1::000014,2024-07-04,cni2000,国证2000,10,True,10,True,2024-07-18,5909.05,-0.0019817060271956066,0.027405420499065025,-0.029630820521065138
ma20_episode_ml_l2_logistic,bottom,all_a_ma20_episode_match_walk_forward_v1,capped_confirmation,ma20_episode_ml_l2_logistic::bottom::all_a_ma20_episode_match_walk_forward_v1::000014,2024-07-04,cni2000,国证2000,20,True,20,True,2024-08-01,5909.05,0.025124173936588834,0.03354684763202198,-0.044147536406021204
ma20_episode_ml_l2_logistic,bottom,all_a_ma20_episode_match_walk_forward_v1,capped_confirmation,ma20_episode_ml_l2_logistic::bottom::all_a_ma20_episode_match_walk_forward_v1::000014,2024-07-04,csi1000,中证1000,5,True,5,True,2024-07-11,4761.87,0.027661401928234186,0.028199005852742598,-0.02450087885641572
ma20_episode_ml_l2_logistic,bottom,all_a_ma20_episode_match_walk_forward_v1,capped_confirmation,ma20_episode_ml_l2_logistic::bottom::all_a_ma20_episode_match_walk_forward_v1::000014,2024-07-04,csi1000,中证1000,10,True,10,True,2024-07-18,4761.87,0.010617677509045853,0.028413207416414288,-0.02450087885641572
ma20_episode_ml_l2_logistic,bottom,all_a_ma20_episode_match_walk_forward_v1,capped_confirmation,ma20_episode_ml_l2_logistic::bottom::all_a_ma20_episode_match_walk_forward_v1::000014,2024-07-04,csi1000,中证1000,20,True,20,True,2024-08-01,4761.87,0.024448378473162835,0.035950162436185984,-0.03657386698922904
ma20_episode_ml_l2_logistic,bottom,all_a_ma20_episode_match_walk_forward_v1,capped_confirmation,ma20_episode_ml_l2_logistic::bottom::all_a_ma20_episode_match_walk_forward_v1::000014,2024-07-04,csi300,沪深300,5,True,5,True,2024-07-11,3445.81,0.0064890403127275675,0.008175146046938142,-0.017702659171573543
ma20_episode_ml_l2_logistic,bottom,all_a_ma20_episode_match_walk_forward_v1,capped_confirmation,ma20_episode_ml_l2_logistic::bottom::all_a_ma20_episode_match_walk_forward_v1::000014,2024-07-04,csi300,沪深300,10,True,10,True,2024-07-18,3445.81,0.021800389458501712,0.02234307753474507,-0.017702659171573543
ma20_episode_ml_l2_logistic,bottom,all_a_ma20_episode_match_walk_forward_v1,capped_confirmation,ma20_episode_ml_l2_logistic::bottom::all_a_ma20_episode_match_walk_forward_v1::000014,2024-07-04,csi300,沪深300,20,True,20,True,2024-08-01,3445.81,-0.0077021077772715385,0.0288843552024054,-0.02699220212373865
ma20_episode_ml_l2_logistic,bottom,all_a_ma20_episode_match_walk_forward_v1,capped_confirmation,ma20_episode_ml_l2_logistic::bottom::all_a_ma20_episode_match_walk_forward_v1::000014,2024-07-04,csi500,中证500,5,True,5,True,2024-07-11,4834.5,0.02176647016237454,0.02217395801013544,-0.01844658185955117
ma20_episode_ml_l2_logistic,bottom,all_a_ma20_episode_match_walk_forward_v1,capped_confirmation,ma20_episode_ml_l2_logistic::bottom::all_a_ma20_episode_match_walk_forward_v1::000014,2024-07-04,csi500,中证500,10,True,10,True,2024-07-18,4834.5,0.008933705657255153,0.02217395801013544,-0.01844658185955117
ma20_episode_ml_l2_logistic,bottom,all_a_ma20_episode_match_walk_forward_v1,capped_confirmation,ma20_episode_ml_l2_logistic::bottom::all_a_ma20_episode_match_walk_forward_v1::000014,2024-07-04,csi500,中证500,20,True,20,True,2024-08-01,4834.5,0.0038204571310374025,0.02217395801013544,-0.04121625814458585
ma20_episode_ml_l2_logistic,bottom,all_a_ma20_episode_match_walk_forward_v1,capped_confirmation,ma20_episode_ml_l2_logistic::bottom::all_a_ma20_episode_match_walk_forward_v1::000014,2024-07-04,microcap,微盘股,5,True,5,True,2024-07-11,2393.55,0.023575860124083414,0.023575860124083414,-0.04162436548223358
ma20_episode_ml_l2_logistic,bottom,all_a_ma20_episode_match_walk_forward_v1,capped_confirmation,ma20_episode_ml_l2_logistic::bottom::all_a_ma20_episode_match_walk_forward_v1::000014,2024-07-04,microcap,微盘股,10,True,10,True,2024-07-18,2393.55,-0.01850807378162156,0.03883770967809319,-0.04162436548223358
ma20_episode_ml_l2_logistic,bottom,all_a_ma20_episode_match_walk_forward_v1,capped_confirmation,ma20_episode_ml_l2_logistic::bottom::all_a_ma20_episode_match_walk_forward_v1::000014,2024-07-04,microcap,微盘股,20,True,20,True,2024-08-01,2393.55,0.0674186877232561,0.0711537256376511,-0.04162436548223358
ma20_episode_ml_l2_logistic,bottom,all_a_ma20_episode_match_walk_forward_v1,capped_confirmation,ma20_episode_ml_l2_logistic::bottom::all_a_ma20_episode_match_walk_forward_v1::000014,2024-07-04,sse_composite,上证指数,5,True,5,True,2024-07-11,2957.57,0.004334639585876099,0.0046626115358217035,-0.01809931802121345
ma20_episode_ml_l2_logistic,bottom,all_a_ma20_episode_match_walk_forward_v1,capped_confirmation,ma20_episode_ml_l2_logistic::bottom::all_a_ma20_episode_match_walk_forward_v1::000014,2024-07-04,sse_composite,上证指数,10,True,10,True,2024-07-18,2957.57,0.006613537464878139,0.006938128260700394,-0.01809931802121345
ma20_episode_ml_l2_logistic,bottom,all_a_ma20_episode_match_walk_forward_v1,capped_confirmation,ma20_episode_ml_l2_logistic::bottom::all_a_ma20_episode_match_walk_forward_v1::000014,2024-07-04,sse_composite,上证指数,20,True,20,True,2024-08-01,2957.57,-0.00851374608208777,0.009693768871066322,-0.03124862640613746
ma20_episode_ml_l2_logistic,bottom,all_a_ma20_episode_match_walk_forward_v1,capped_confirmation,ma20_episode_ml_l2_logistic::bottom::all_a_ma20_episode_match_walk_forward_v1::000015,2024-07-16,all_a,全A,5,True,5,True,2024-07-23,4033.0537109375,-0.023195471890362973,0.004492720916779769,-0.023195471890362973
ma20_episode_ml_l2_logistic,bottom,all_a_ma20_episode_match_walk_forward_v1,capped_confirmation,ma20_episode_ml_l2_logistic::bottom::all_a_ma20_episode_match_walk_forward_v1::000015,2024-07-16,all_a,全A,10,True,10,True,2024-07-30,4033.0537109375,-0.031391175024159446,0.004492720916779769,-0.040366204849719645
ma20_episode_ml_l2_logistic,bottom,all_a_ma20_episode_match_walk_forward_v1,capped_confirmation,ma20_episode_ml_l2_logistic::bottom::all_a_ma20_episode_match_walk_forward_v1::000015,2024-07-16,all_a,全A,20,True,20,True,2024-08-13,4033.0537109375,-0.03530590842711612,0.004492720916779769,-0.044376280767786325
ma20_episode_ml_l2_logistic,bottom,all_a_ma20_episode_match_walk_forward_v1,capped_confirmation,ma20_episode_ml_l2_logistic::bottom::all_a_ma20_episode_match_walk_forward_v1::000015,2024-07-16,cni2000,国证2000,5,True,5,True,2024-07-23,5964.11,-0.028319397194216722,0.000541572841547211,-0.031536977017526335
ma20_episode_ml_l2_logistic,bottom,all_a_ma20_episode_match_walk_forward_v1,capped_confirmation,ma20_episode_ml_l2_logistic::bottom::all_a_ma20_episode_match_walk_forward_v1::000015,2024-07-16,cni2000,国证2000,10,True,10,True,2024-07-30,5964.11,-0.021029122534627964,0.000541572841547211,-0.052971860009288774
ma20_episode_ml_l2_logistic,bottom,all_a_ma20_episode_match_walk_forward_v1,capped_confirmation,ma20_episode_ml_l2_logistic::bottom::all_a_ma20_episode_match_walk_forward_v1::000015,2024-07-16,cni2000,国证2000,20,True,20,True,2024-08-13,5964.11,-0.021143137869690465,0.024005258118981798,-0.052971860009288774
ma20_episode_ml_l2_logistic,bottom,all_a_ma20_episode_match_walk_forward_v1,capped_confirmation,ma20_episode_ml_l2_logistic::bottom::all_a_ma20_episode_match_walk_forward_v1::000015,2024-07-16,csi1000,中证1000,5,True,5,True,2024-07-23,4836.72,-0.02931118609305483,0.003719462776426985,-0.02931118609305483
ma20_episode_ml_l2_logistic,bottom,all_a_ma20_episode_match_walk_forward_v1,capped_confirmation,ma20_episode_ml_l2_logistic::bottom::all_a_ma20_episode_match_walk_forward_v1::000015,2024-07-16,csi1000,中证1000,10,True,10,True,2024-07-30,4836.72,-0.027752278403546327,0.003719462776426985,-0.0514832365735457
ma20_episode_ml_l2_logistic,bottom,all_a_ma20_episode_match_walk_forward_v1,capped_confirmation,ma20_episode_ml_l2_logistic::bottom::all_a_ma20_episode_match_walk_forward_v1::000015,2024-07-16,csi1000,中证1000,20,True,20,True,2024-08-13,4836.72,-0.02876536165004384,0.019918457136241186,-0.0514832365735457
ma20_episode_ml_l2_logistic,bottom,all_a_ma20_episode_match_walk_forward_v1,capped_confirmation,ma20_episode_ml_l2_logistic::bottom::all_a_ma20_episode_match_walk_forward_v1::000015,2024-07-16,csi300,沪深300,5,True,5,True,2024-07-23,3498.28,-0.01669391815406429,0.013452325142641497,-0.01669391815406429
ma20_episode_ml_l2_logistic,bottom,all_a_ma20_episode_match_walk_forward_v1,capped_confirmation,ma20_episode_ml_l2_logistic::bottom::all_a_ma20_episode_match_walk_forward_v1::000015,2024-07-16,csi300,沪深300,10,True,10,True,2024-07-30,3498.28,-0.03684667893936455,0.013452325142641497,-0.04158615090844642
ma20_episode_ml_l2_logistic,bottom,all_a_ma20_episode_match_walk_forward_v1,capped_confirmation,ma20_episode_ml_l2_logistic::bottom::all_a_ma20_episode_match_walk_forward_v1::000015,2024-07-16,csi300,沪深300,20,True,20,True,2024-08-13,3498.28,-0.046848737093657555,0.013452325142641497,-0.053766422356129384
ma20_episode_ml_l2_logistic,bottom,all_a_ma20_episode_match_walk_forward_v1,capped_confirmation,ma20_episode_ml_l2_logistic::bottom::all_a_ma20_episode_match_walk_forward_v1::000015,2024-07-16,csi500,中证500,5,True,5,True,2024-07-23,4898.36,-0.03584056704692984,0.0004123829199977891,-0.03584056704692984
ma20_episode_ml_l2_logistic,bottom,all_a_ma20_episode_match_walk_forward_v1,capped_confirmation,ma20_episode_ml_l2_logistic::bottom::all_a_ma20_episode_match_walk_forward_v1::000015,2024-07-16,csi500,中证500,10,True,10,True,2024-07-30,4898.36,-0.04064217411541826,0.0004123829199977891,-0.053715937579108086
ma20_episode_ml_l2_logistic,bottom,all_a_ma20_episode_match_walk_forward_v1,capped_confirmation,ma20_episode_ml_l2_logistic::bottom::all_a_ma20_episode_match_walk_forward_v1::000015,2024-07-16,csi500,中证500,20,True,20,True,2024-08-13,4898.36,-0.03399505140495995,0.006100000816599893,-0.053715937579108086
ma20_episode_ml_l2_logistic,bottom,all_a_ma20_episode_match_walk_forward_v1,capped_confirmation,ma20_episode_ml_l2_logistic::bottom::all_a_ma20_episode_match_walk_forward_v1::000015,2024-07-16,microcap,微盘股,5,True,5,True,2024-07-23,2391.2,-0.004006356641017006,0.021570759451321697,-0.04049013047842076
ma20_episode_ml_l2_logistic,bottom,all_a_ma20_episode_match_walk_forward_v1,capped_confirmation,ma20_episode_ml_l2_logistic::bottom::all_a_ma20_episode_match_walk_forward_v1::000015,2024-07-16,microcap,微盘股,10,True,10,True,2024-07-30,2391.2,0.03007694881231182,0.031758113081298056,-0.04049013047842076
ma20_episode_ml_l2_logistic,bottom,all_a_ma20_episode_match_walk_forward_v1,capped_confirmation,ma20_episode_ml_l2_logistic::bottom::all_a_ma20_episode_match_walk_forward_v1::000015,2024-07-16,microcap,微盘股,20,True,20,True,2024-08-13,2391.2,0.06564068250250932,0.07303027768484438,-0.04049013047842076
ma20_episode_ml_l2_logistic,bottom,all_a_ma20_episode_match_walk_forward_v1,capped_confirmation,ma20_episode_ml_l2_logistic::bottom::all_a_ma20_episode_match_walk_forward_v1::000015,2024-07-16,sse_composite,上证指数,5,True,5,True,2024-07-23,2976.3,-0.02047172664045971,0.003339717098410633,-0.02047172664045971
ma20_episode_ml_l2_logistic,bottom,all_a_ma20_episode_match_walk_forward_v1,capped_confirmation,ma20_episode_ml_l2_logistic::bottom::all_a_ma20_episode_match_walk_forward_v1::000015,2024-07-16,sse_composite,上证指数,10,True,10,True,2024-07-30,2976.3,-0.03259080065853581,0.003339717098410633,-0.0373450257030542
ma20_episode_ml_l2_logistic,bottom,all_a_ma20_episode_match_walk_forward_v1,capped_confirmation,ma20_episode_ml_l2_logistic::bottom::all_a_ma20_episode_match_walk_forward_v1::000015,2024-07-16,sse_composite,上证指数,20,True,20,True,2024-08-13,2976.3,-0.036404260323220194,0.003339717098410633,-0.044011020394449596
ma20_episode_ml_l2_logistic,bottom,all_a_ma20_episode_match_walk_forward_v1,capped_confirmation,ma20_episode_ml_l2_logistic::bottom::all_a_ma20_episode_match_walk_forward_v1::000016,2024-08-30,all_a,全A,5,True,5,True,2024-09-06,3854.744384765625,-0.025049729137940235,-0.0015562067670642499,-0.025176652680376277
ma20_episode_ml_l2_logistic,bottom,all_a_ma20_episode_match_walk_forward_v1,capped_confirmation,ma20_episode_ml_l2_logistic::bottom::all_a_ma20_episode_match_walk_forward_v1::000016,2024-08-30,all_a,全A,10,True,10,True,2024-09-13,3854.744384765625,-0.04495905480721962,-0.0015562067670642499,-0.04495905480721962
ma20_episode_ml_l2_logistic,bottom,all_a_ma20_episode_match_walk_forward_v1,capped_confirmation,ma20_episode_ml_l2_logistic::bottom::all_a_ma20_episode_match_walk_forward_v1::000016,2024-08-30,all_a,全A,20,True,20,True,2024-10-08,3854.744384765625,0.30670434345155906,0.36256349581383485,-0.05428901187298807
ma20_episode_ml_l2_logistic,bottom,all_a_ma20_episode_match_walk_forward_v1,capped_confirmation,ma20_episode_ml_l2_logistic::bottom::all_a_ma20_episode_match_walk_forward_v1::000016,2024-08-30,cni2000,国证2000,5,True,5,True,2024-09-06,5771.94,-0.02606749203907177,0.002269600862101928,-0.026381078112384992
ma20_episode_ml_l2_logistic,bottom,all_a_ma20_episode_match_walk_forward_v1,capped_confirmation,ma20_episode_ml_l2_logistic::bottom::all_a_ma20_episode_match_walk_forward_v1::000016,2024-08-30,cni2000,国证2000,10,True,10,True,2024-09-13,5771.94,-0.0467797655554284,0.002269600862101928,-0.0467797655554284
ma20_episode_ml_l2_logistic,bottom,all_a_ma20_episode_match_walk_forward_v1,capped_confirmation,ma20_episode_ml_l2_logistic::bottom::all_a_ma20_episode_match_walk_forward_v1::000016,2024-08-30,cni2000,国证2000,20,True,20,True,2024-10-08,5771.94,0.3391580647061474,0.39100718302685067,-0.06445319944420758
ma20_episode_ml_l2_logistic,bottom,all_a_ma20_episode_match_walk_forward_v1,capped_confirmation,ma20_episode_ml_l2_logistic::bottom::all_a_ma20_episode_match_walk_forward_v1::000016,2024-08-30,csi1000,中证1000,5,True,5,True,2024-09-06,4629.32,-0.02615718939282663,0.0013932931834481632,-0.026554655975391528
ma20_episode_ml_l2_logistic,bottom,all_a_ma20_episode_match_walk_forward_v1,capped_confirmation,ma20_episode_ml_l2_logistic::bottom::all_a_ma20_episode_match_walk_forward_v1::000016,2024-08-30,csi1000,中证1000,10,True,10,True,2024-09-13,4629.32,-0.046687202440099274,0.0013932931834481632,-0.04936794172794279
ma20_episode_ml_l2_logistic,bottom,all_a_ma20_episode_match_walk_forward_v1,capped_confirmation,ma20_episode_ml_l2_logistic::bottom::all_a_ma20_episode_match_walk_forward_v1::000016,2024-08-30,csi1000,中证1000,20,True,20,True,2024-10-08,4629.32,0.3397194404361763,0.39050875722568335,-0.06201990789143974
ma20_episode_ml_l2_logistic,bottom,all_a_ma20_episode_match_walk_forward_v1,capped_confirmation,ma20_episode_ml_l2_logistic::bottom::all_a_ma20_episode_match_walk_forward_v1::000016,2024-08-30,csi300,沪深300,5,True,5,True,2024-09-06,3321.43,-0.027120848550172605,-0.004115697154538744,-0.027205149589182853
ma20_episode_ml_l2_logistic,bottom,all_a_ma20_episode_match_walk_forward_v1,capped_confirmation,ma20_episode_ml_l2_logistic::bottom::all_a_ma20_episode_match_walk_forward_v1::000016,2024-08-30,csi300,沪深300,10,True,10,True,2024-09-13,3321.43,-0.04882836609532637,-0.004115697154538744,-0.04882836609532637
ma20_episode_ml_l2_logistic,bottom,all_a_ma20_episode_match_walk_forward_v1,capped_confirmation,ma20_episode_ml_l2_logistic::bottom::all_a_ma20_episode_match_walk_forward_v1::000016,2024-08-30,csi300,沪深300,20,True,20,True,2024-10-08,3321.43,0.28140590047058067,0.33989576778676667,-0.052880837470607456
ma20_episode_ml_l2_logistic,bottom,all_a_ma20_episode_match_walk_forward_v1,capped_confirmation,ma20_episode_ml_l2_logistic::bottom::all_a_ma20_episode_match_walk_forward_v1::000016,2024-08-30,csi500,中证500,5,True,5,True,2024-09-06,4639.11,-0.021913686030294532,-0.0014657983966750443,-0.022366359064561858
ma20_episode_ml_l2_logistic,bottom,all_a_ma20_episode_match_walk_forward_v1,capped_confirmation,ma20_episode_ml_l2_logistic::bottom::all_a_ma20_episode_match_walk_forward_v1::000016,2024-08-30,csi500,中证500,10,True,10,True,2024-09-13,4639.11,-0.04055734828447688,-0.0014657983966750443,-0.04444818079329871
ma20_episode_ml_l2_logistic,bottom,all_a_ma20_episode_match_walk_forward_v1,capped_confirmation,ma20_episode_ml_l2_logistic::bottom::all_a_ma20_episode_match_walk_forward_v1::000016,2024-08-30,csi500,中证500,20,True,20,True,2024-10-08,4639.11,0.3268881315597174,0.38341406002444445,-0.052154400305230886
ma20_episode_ml_l2_logistic,bottom,all_a_ma20_episode_match_walk_forward_v1,capped_confirmation,ma20_episode_ml_l2_logistic::bottom::all_a_ma20_episode_match_walk_forward_v1::000016,2024-08-30,microcap,微盘股,5,True,5,True,2024-09-06,2580.66,-0.024706857935566817,0.007862329791603617,-0.025260979749366475
ma20_episode_ml_l2_logistic,bottom,all_a_ma20_episode_match_walk_forward_v1,capped_confirmation,ma20_episode_ml_l2_logistic::bottom::all_a_ma20_episode_match_walk_forward_v1::000016,2024-08-30,microcap,微盘股,10,True,10,True,2024-09-13,2580.66,-0.021634000604496495,0.007862329791603617,-0.03945502313361682
ma20_episode_ml_l2_logistic,bottom,all_a_ma20_episode_match_walk_forward_v1,capped_confirmation,ma20_episode_ml_l2_logistic::bottom::all_a_ma20_episode_match_walk_forward_v1::000016,2024-08-30,microcap,微盘股,20,True,20,True,2024-10-08,2580.66,0.342183782443251,0.40474917269225696,-0.05316469430300774
ma20_episode_ml_l2_logistic,bottom,all_a_ma20_episode_match_walk_forward_v1,capped_confirmation,ma20_episode_ml_l2_logistic::bottom::all_a_ma20_episode_match_walk_forward_v1::000016,2024-08-30,sse_composite,上证指数,5,True,5,True,2024-09-06,2842.21,-0.026880490885613728,-0.0010308879357964207,-0.026940303496223117
ma20_episode_ml_l2_logistic,bottom,all_a_ma20_episode_match_walk_forward_v1,capped_confirmation,ma20_episode_ml_l2_logistic::bottom::all_a_ma20_episode_match_walk_forward_v1::000016,2024-08-30,sse_composite,上证指数,10,True,10,True,2024-09-13,2842.21,-0.04859598692566691,-0.0010308879357964207,-0.048849310923541944
ma20_episode_ml_l2_logistic,bottom,all_a_ma20_episode_match_walk_forward_v1,capped_confirmation,ma20_episode_ml_l2_logistic::bottom::all_a_ma20_episode_match_walk_forward_v1::000016,2024-08-30,sse_composite,上证指数,20,True,20,True,2024-10-08,2842.21,0.22784030736645078,0.2927968024882046,-0.053658948494305525
ma20_episode_ml_l2_logistic,bottom,all_a_ma20_episode_match_walk_forward_v1,capped_confirmation,ma20_episode_ml_l2_logistic::bottom::all_a_ma20_episode_match_walk_forward_v1::000017,2025-04-15,all_a,全A,5,True,5,True,2025-04-22,4637.0126953125,0.006094390393532434,0.010320954800464355,-0.0184045830287507
ma20_episode_ml_l2_logistic,bottom,all_a_ma20_episode_match_walk_forward_v1,capped_confirmation,ma20_episode_ml_l2_logistic::bottom::all_a_ma20_episode_match_walk_forward_v1::000017,2025-04-15,all_a,全A,10,True,10,True,2025-04-29,4637.0126953125,0.0025927168475630147,0.01346765927433835,-0.0184045830287507
ma20_episode_ml_l2_logistic,bottom,all_a_ma20_episode_match_walk_forward_v1,capped_confirmation,ma20_episode_ml_l2_logistic::bottom::all_a_ma20_episode_match_walk_forward_v1::000017,2025-04-15,all_a,全A,20,True,20,True,2025-05-16,4637.0126953125,0.03630677583413511,0.05430531889195733,-0.0184045830287507
ma20_episode_ml_l2_logistic,bottom,all_a_ma20_episode_match_walk_forward_v1,capped_confirmation,ma20_episode_ml_l2_logistic::bottom::all_a_ma20_episode_match_walk_forward_v1::000017,2025-04-15,cni2000,国证2000,5,True,5,True,2025-04-22,7574.68,0.008185164257763944,0.012483695680873597,-0.029466591327950598
ma20_episode_ml_l2_logistic,bottom,all_a_ma20_episode_match_walk_forward_v1,capped_confirmation,ma20_episode_ml_l2_logistic::bottom::all_a_ma20_episode_match_walk_forward_v1::000017,2025-04-15,cni2000,国证2000,10,True,10,True,2025-04-29,7574.68,0.004158591518057531,0.02202469279230268,-0.029466591327950598
ma20_episode_ml_l2_logistic,bottom,all_a_ma20_episode_match_walk_forward_v1,capped_confirmation,ma20_episode_ml_l2_logistic::bottom::all_a_ma20_episode_match_walk_forward_v1::000017,2025-04-15,cni2000,国证2000,20,True,20,True,2025-05-16,7574.68,0.04361636399161428,0.06734013846129483,-0.029466591327950598
ma20_episode_ml_l2_logistic,bottom,all_a_ma20_episode_match_walk_forward_v1,capped_confirmation,ma20_episode_ml_l2_logistic::bottom::all_a_ma20_episode_match_walk_forward_v1::000017,2025-04-15,csi1000,中证1000,5,True,5,True,2025-04-22,5914.03,0.005965475318860491,0.010194402125116131,-0.026269734850854598
ma20_episode_ml_l2_logistic,bottom,all_a_ma20_episode_match_walk_forward_v1,capped_confirmation,ma20_episode_ml_l2_logistic::bottom::all_a_ma20_episode_match_walk_forward_v1::000017,2025-04-15,csi1000,中证1000,10,True,10,True,2025-04-29,5914.03,-0.0018008024984654813,0.016782126570206835,-0.026269734850854598
ma20_episode_ml_l2_logistic,bottom,all_a_ma20_episode_match_walk_forward_v1,capped_confirmation,ma20_episode_ml_l2_logistic::bottom::all_a_ma20_episode_match_walk_forward_v1::000017,2025-04-15,csi1000,中证1000,20,True,20,True,2025-05-16,5914.03,0.026054991266530658,0.05181069423049922,-0.026269734850854598
ma20_episode_ml_l2_logistic,bottom,all_a_ma20_episode_match_walk_forward_v1,capped_confirmation,ma20_episode_ml_l2_logistic::bottom::all_a_ma20_episode_match_walk_forward_v1::000017,2025-04-15,csi300,沪深300,5,True,5,True,2025-04-22,3761.23,0.006040577151623205,0.010103077982468456,-0.010536446853821824
ma20_episode_ml_l2_logistic,bottom,all_a_ma20_episode_match_walk_forward_v1,capped_confirmation,ma20_episode_ml_l2_logistic::bottom::all_a_ma20_episode_match_walk_forward_v1::000017,2025-04-15,csi300,沪深300,10,True,10,True,2025-04-29,3761.23,0.0036823060541364416,0.012421468508971856,-0.010536446853821824
ma20_episode_ml_l2_logistic,bottom,all_a_ma20_episode_match_walk_forward_v1,capped_confirmation,ma20_episode_ml_l2_logistic::bottom::all_a_ma20_episode_match_walk_forward_v1::000017,2025-04-15,csi300,沪深300,20,True,20,True,2025-05-16,3761.23,0.0339941987062744,0.052985326608582906,-0.010536446853821824
ma20_episode_ml_l2_logistic,bottom,all_a_ma20_episode_match_walk_forward_v1,capped_confirmation,ma20_episode_ml_l2_logistic::bottom::all_a_ma20_episode_match_walk_forward_v1::000017,2025-04-15,csi500,中证500,5,True,5,True,2025-04-22,5602.53,0.0038696803051478934,0.008749618475938581,-0.019612567893433908
ma20_episode_ml_l2_logistic,bottom,all_a_ma20_episode_match_walk_forward_v1,capped_confirmation,ma20_episode_ml_l2_logistic::bottom::all_a_ma20_episode_match_walk_forward_v1::000017,2025-04-15,csi500,中证500,10,True,10,True,2025-04-29,5602.53,0.0004248080777791152,0.012089181137807437,-0.019612567893433908
ma20_episode_ml_l2_logistic,bottom,all_a_ma20_episode_match_walk_forward_v1,capped_confirmation,ma20_episode_ml_l2_logistic::bottom::all_a_ma20_episode_match_walk_forward_v1::000017,2025-04-15,csi500,中证500,20,True,20,True,2025-05-16,5602.53,0.020226576207534874,0.04203458080545763,-0.019612567893433908
ma20_episode_ml_l2_logistic,bottom,all_a_ma20_episode_match_walk_forward_v1,capped_confirmation,ma20_episode_ml_l2_logistic::bottom::all_a_ma20_episode_match_walk_forward_v1::000017,2025-04-15,microcap,微盘股,5,True,5,True,2025-04-22,4133.5,0.009788314987298818,0.012239022620055717,-0.03735575178420225
ma20_episode_ml_l2_logistic,bottom,all_a_ma20_episode_match_walk_forward_v1,capped_confirmation,ma20_episode_ml_l2_logistic::bottom::all_a_ma20_episode_match_walk_forward_v1::000017,2025-04-15,microcap,微盘股,10,True,10,True,2025-04-29,4133.5,0.01687673884117591,0.020389500423370066,-0.03735575178420225
ma20_episode_ml_l2_logistic,bottom,all_a_ma20_episode_match_walk_forward_v1,capped_confirmation,ma20_episode_ml_l2_logistic::bottom::all_a_ma20_episode_match_walk_forward_v1::000017,2025-04-15,microcap,微盘股,20,True,20,True,2025-05-16,4133.5,0.10446836821095906,0.108044030482642,-0.03735575178420225
ma20_episode_ml_l2_logistic,bottom,all_a_ma20_episode_match_walk_forward_v1,capped_confirmation,ma20_episode_ml_l2_logistic::bottom::all_a_ma20_episode_match_walk_forward_v1::000017,2025-04-15,sse_composite,上证指数,5,True,5,True,2025-04-22,3267.66,0.009823543453113315,0.013309218217317564,-0.010365215475294232
ma20_episode_ml_l2_logistic,bottom,all_a_ma20_episode_match_walk_forward_v1,capped_confirmation,ma20_episode_ml_l2_logistic::bottom::all_a_ma20_episode_match_walk_forward_v1::000017,2025-04-15,sse_composite,上证指数,10,True,10,True,2025-04-29,3267.66,0.0058114981362811235,0.014031447580225676,-0.010365215475294232
ma20_episode_ml_l2_logistic,bottom,all_a_ma20_episode_match_walk_forward_v1,capped_confirmation,ma20_episode_ml_l2_logistic::bottom::all_a_ma20_episode_match_walk_forward_v1::000017,2025-04-15,sse_composite,上证指数,20,True,20,True,2025-05-16,3267.66,0.03054173322805931,0.045797298372535655,-0.010365215475294232
ma20_episode_ml_l2_logistic,bottom,all_a_ma20_episode_match_walk_forward_v1,capped_confirmation,ma20_episode_ml_l2_logistic::bottom::all_a_ma20_episode_match_walk_forward_v1::000018,2026-03-30,all_a,全A,5,True,5,True,2026-04-07,5925.21337890625,-0.017293516179904156,0.005575847454728944,-0.023763978041072997
ma20_episode_ml_l2_logistic,bottom,all_a_ma20_episode_match_walk_forward_v1,capped_confirmation,ma20_episode_ml_l2_logistic::bottom::all_a_ma20_episode_match_walk_forward_v1::000018,2026-03-30,all_a,全A,10,True,10,True,2026-04-14,5925.21337890625,0.04324227840884887,0.04324227840884887,-0.023763978041072997
ma20_episode_ml_l2_logistic,bottom,all_a_ma20_episode_match_walk_forward_v1,capped_confirmation,ma20_episode_ml_l2_logistic::bottom::all_a_ma20_episode_match_walk_forward_v1::000018,2026-03-30,all_a,全A,20,True,20,True,2026-04-28,5925.21337890625,0.054258578009741765,0.07572075339784123,-0.023763978041072997
ma20_episode_ml_l2_logistic,bottom,all_a_ma20_episode_match_walk_forward_v1,capped_confirmation,ma20_episode_ml_l2_logistic::bottom::all_a_ma20_episode_match_walk_forward_v1::000018,2026-03-30,cni2000,国证2000,5,True,5,True,2026-04-07,10201.33,-0.01787021888322393,0.005487519764579618,-0.029501055254560038
ma20_episode_ml_l2_logistic,bottom,all_a_ma20_episode_match_walk_forward_v1,capped_confirmation,ma20_episode_ml_l2_logistic::bottom::all_a_ma20_episode_match_walk_forward_v1::000018,2026-03-30,cni2000,国证2000,10,True,10,True,2026-04-14,10201.33,0.04795845247629482,0.04795845247629482,-0.029501055254560038
ma20_episode_ml_l2_logistic,bottom,all_a_ma20_episode_match_walk_forward_v1,capped_confirmation,ma20_episode_ml_l2_logistic::bottom::all_a_ma20_episode_match_walk_forward_v1::000018,2026-03-30,cni2000,国证2000,20,True,20,True,2026-04-28,10201.33,0.058292399128348826,0.09427202139328905,-0.029501055254560038
ma20_episode_ml_l2_logistic,bottom,all_a_ma20_episode_match_walk_forward_v1,capped_confirmation,ma20_episode_ml_l2_logistic::bottom::all_a_ma20_episode_match_walk_forward_v1::000018,2026-03-30,csi1000,中证1000,5,True,5,True,2026-04-07,7767.93,-0.02084339071026642,0.0027433305912900607,-0.03166738114272405
ma20_episode_ml_l2_logistic,bottom,all_a_ma20_episode_match_walk_forward_v1,capped_confirmation,ma20_episode_ml_l2_logistic::bottom::all_a_ma20_episode_match_walk_forward_v1::000018,2026-03-30,csi1000,中证1000,10,True,10,True,2026-04-14,7767.93,0.0485109932762009,0.0485109932762009,-0.03166738114272405
ma20_episode_ml_l2_logistic,bottom,all_a_ma20_episode_match_walk_forward_v1,capped_confirmation,ma20_episode_ml_l2_logistic::bottom::all_a_ma20_episode_match_walk_forward_v1::000018,2026-03-30,csi1000,中证1000,20,True,20,True,2026-04-28,7767.93,0.059058204695459526,0.09429925346907098,-0.03166738114272405
ma20_episode_ml_l2_logistic,bottom,all_a_ma20_episode_match_walk_forward_v1,capped_confirmation,ma20_episode_ml_l2_logistic::bottom::all_a_ma20_episode_match_walk_forward_v1::000018,2026-03-30,csi300,沪深300,5,True,5,True,2026-04-07,4491.95,-0.011427108494083793,0.008940437894455533,-0.01586393437148681
ma20_episode_ml_l2_logistic,bottom,all_a_ma20_episode_match_walk_forward_v1,capped_confirmation,ma20_episode_ml_l2_logistic::bottom::all_a_ma20_episode_match_walk_forward_v1::000018,2026-03-30,csi300,沪深300,10,True,10,True,2026-04-14,4491.95,0.04660114204298793,0.04660114204298793,-0.01586393437148681
ma20_episode_ml_l2_logistic,bottom,all_a_ma20_episode_match_walk_forward_v1,capped_confirmation,ma20_episode_ml_l2_logistic::bottom::all_a_ma20_episode_match_walk_forward_v1::000018,2026-03-30,csi300,沪深300,20,True,20,True,2026-04-28,4491.95,0.05927492514386845,0.07380313672235905,-0.01586393437148681
ma20_episode_ml_l2_logistic,bottom,all_a_ma20_episode_match_walk_forward_v1,capped_confirmation,ma20_episode_ml_l2_logistic::bottom::all_a_ma20_episode_match_walk_forward_v1::000018,2026-03-30,csi500,中证500,5,True,5,True,2026-04-07,7753.72,-0.023551276032665713,0.00453588729022969,-0.03035575181977168
ma20_episode_ml_l2_logistic,bottom,all_a_ma20_episode_match_walk_forward_v1,capped_confirmation,ma20_episode_ml_l2_logistic::bottom::all_a_ma20_episode_match_walk_forward_v1::000018,2026-03-30,csi500,中证500,10,True,10,True,2026-04-14,7753.72,0.0431857224661194,0.0431857224661194,-0.03035575181977168
ma20_episode_ml_l2_logistic,bottom,all_a_ma20_episode_match_walk_forward_v1,capped_confirmation,ma20_episode_ml_l2_logistic::bottom::all_a_ma20_episode_match_walk_forward_v1::000018,2026-03-30,csi500,中证500,20,True,20,True,2026-04-28,7753.72,0.058067611417487175,0.08354441480992336,-0.03035575181977168
ma20_episode_ml_l2_logistic,bottom,all_a_ma20_episode_match_walk_forward_v1,capped_confirmation,ma20_episode_ml_l2_logistic::bottom::all_a_ma20_episode_match_walk_forward_v1::000018,2026-03-30,microcap,微盘股,5,True,5,True,2026-04-07,7231.01,-0.02933061909747048,0.01290967651821795,-0.06511538498771274
ma20_episode_ml_l2_logistic,bottom,all_a_ma20_episode_match_walk_forward_v1,capped_confirmation,ma20_episode_ml_l2_logistic::bottom::all_a_ma20_episode_match_walk_forward_v1::000018,2026-03-30,microcap,微盘股,10,True,10,True,2026-04-14,7231.01,-0.0071788035143084405,0.01290967651821795,-0.06511538498771274
ma20_episode_ml_l2_logistic,bottom,all_a_ma20_episode_match_walk_forward_v1,capped_confirmation,ma20_episode_ml_l2_logistic::bottom::all_a_ma20_episode_match_walk_forward_v1::000018,2026-03-30,microcap,微盘股,20,True,20,True,2026-04-28,7231.01,0.023626021814380005,0.03142299623427425,-0.06511538498771274
ma20_episode_ml_l2_logistic,bottom,all_a_ma20_episode_match_walk_forward_v1,capped_confirmation,ma20_episode_ml_l2_logistic::bottom::all_a_ma20_episode_match_walk_forward_v1::000018,2026-03-30,sse_composite,上证指数,5,True,5,True,2026-04-07,3923.29,-0.00844444331160843,0.008322097015515117,-0.013251633195608736
ma20_episode_ml_l2_logistic,bottom,all_a_ma20_episode_match_walk_forward_v1,capped_confirmation,ma20_episode_ml_l2_logistic::bottom::all_a_ma20_episode_match_walk_forward_v1::000018,2026-03-30,sse_composite,上证指数,10,True,10,True,2026-04-14,3923.29,0.026340137996426538,0.026340137996426538,-0.013251633195608736
ma20_episode_ml_l2_logistic,bottom,all_a_ma20_episode_match_walk_forward_v1,capped_confirmation,ma20_episode_ml_l2_logistic::bottom::all_a_ma20_episode_match_walk_forward_v1::000018,2026-03-30,sse_composite,上证指数,20,True,20,True,2026-04-28,3923.29,0.03959686895437242,0.04882381878474451,-0.013251633195608736
ma20_episode_ml_l2_logistic,bottom,all_a_ma20_episode_match_walk_forward_v1,capped_confirmation,ma20_episode_ml_l2_logistic::bottom::all_a_ma20_episode_match_walk_forward_v1::000019,2026-06-16,all_a,全A,5,True,5,True,2026-06-24,6421.240234375,0.017132395994129634,0.0319480331845452,-0.005867596401712416
ma20_episode_ml_l2_logistic,bottom,all_a_ma20_episode_match_walk_forward_v1,capped_confirmation,ma20_episode_ml_l2_logistic::bottom::all_a_ma20_episode_match_walk_forward_v1::000019,2026-06-16,all_a,全A,10,True,10,True,2026-07-01,6421.240234375,0.022102321549423154,0.0319480331845452,-0.01726364376040823
ma20_episode_ml_l2_logistic,bottom,all_a_ma20_episode_match_walk_forward_v1,capped_confirmation,ma20_episode_ml_l2_logistic::bottom::all_a_ma20_episode_match_walk_forward_v1::000019,2026-06-16,all_a,全A,20,True,20,True,2026-07-15,6421.240234375,-0.053818656041123236,0.0319480331845452,-0.07905951774430253
ma20_episode_ml_l2_logistic,bottom,all_a_ma20_episode_match_walk_forward_v1,capped_confirmation,ma20_episode_ml_l2_logistic::bottom::all_a_ma20_episode_match_walk_forward_v1::000019,2026-06-16,cni2000,国证2000,5,True,5,True,2026-06-24,11210.47,0.016403415735468885,0.026589429345959648,-0.007958631529275673
ma20_episode_ml_l2_logistic,bottom,all_a_ma20_episode_match_walk_forward_v1,capped_confirmation,ma20_episode_ml_l2_logistic::bottom::all_a_ma20_episode_match_walk_forward_v1::000019,2026-06-16,cni2000,国证2000,10,True,10,True,2026-07-01,11210.47,0.022518235185500668,0.028646434984438862,-0.03420998405954434
ma20_episode_ml_l2_logistic,bottom,all_a_ma20_episode_match_walk_forward_v1,capped_confirmation,ma20_episode_ml_l2_logistic::bottom::all_a_ma20_episode_match_walk_forward_v1::000019,2026-06-16,cni2000,国证2000,20,True,20,True,2026-07-15,11210.47,-0.0999226615833233,0.028646434984438862,-0.12136868480982499
ma20_episode_ml_l2_logistic,bottom,all_a_ma20_episode_match_walk_forward_v1,capped_confirmation,ma20_episode_ml_l2_logistic::bottom::all_a_ma20_episode_match_walk_forward_v1::000019,2026-06-16,csi1000,中证1000,5,True,5,True,2026-06-24,8646.4,0.01701170429311616,0.025375878978534328,-0.007488665803108807
ma20_episode_ml_l2_logistic,bottom,all_a_ma20_episode_match_walk_forward_v1,capped_confirmation,ma20_episode_ml_l2_logistic::bottom::all_a_ma20_episode_match_walk_forward_v1::000019,2026-06-16,csi1000,中证1000,10,True,10,True,2026-07-01,8646.4,0.026627266839378105,0.034440923390081535,-0.026894430051813356
ma20_episode_ml_l2_logistic,bottom,all_a_ma20_episode_match_walk_forward_v1,capped_confirmation,ma20_episode_ml_l2_logistic::bottom::all_a_ma20_episode_match_walk_forward_v1::000019,2026-06-16,csi1000,中证1000,20,True,20,True,2026-07-15,8646.4,-0.09582832161361954,0.034440923390081535,-0.1143516376757957
ma20_episode_ml_l2_logistic,bottom,all_a_ma20_episode_match_walk_forward_v1,capped_confirmation,ma20_episode_ml_l2_logistic::bottom::all_a_ma20_episode_match_walk_forward_v1::000019,2026-06-16,csi300,沪深300,5,True,5,True,2026-06-24,4884.23,0.012036697698511567,0.03686149096172797,-0.005022286010281984
ma20_episode_ml_l2_logistic,bottom,all_a_ma20_episode_match_walk_forward_v1,capped_confirmation,ma20_episode_ml_l2_logistic::bottom::all_a_ma20_episode_match_walk_forward_v1::000019,2026-06-16,csi300,沪深300,10,True,10,True,2026-07-01,4884.23,0.015304357083921083,0.03686149096172797,-0.011686591335788865
ma20_episode_ml_l2_logistic,bottom,all_a_ma20_episode_match_walk_forward_v1,capped_confirmation,ma20_episode_ml_l2_logistic::bottom::all_a_ma20_episode_match_walk_forward_v1::000019,2026-06-16,csi300,沪深300,20,True,20,True,2026-07-15,4884.23,-0.01995196786392117,0.03686149096172797,-0.04815293301093515
ma20_episode_ml_l2_logistic,bottom,all_a_ma20_episode_match_walk_forward_v1,capped_confirmation,ma20_episode_ml_l2_logistic::bottom::all_a_ma20_episode_match_walk_forward_v1::000019,2026-06-16,csi500,中证500,5,True,5,True,2026-06-24,8507.98,0.03937009724987606,0.045529020989706126,-0.006623193754569323
ma20_episode_ml_l2_logistic,bottom,all_a_ma20_episode_match_walk_forward_v1,capped_confirmation,ma20_episode_ml_l2_logistic::bottom::all_a_ma20_episode_match_walk_forward_v1::000019,2026-06-16,csi500,中证500,10,True,10,True,2026-07-01,8507.98,0.06123075042489523,0.07517413063970535,-0.006623193754569323
ma20_episode_ml_l2_logistic,bottom,all_a_ma20_episode_match_walk_forward_v1,capped_confirmation,ma20_episode_ml_l2_logistic::bottom::all_a_ma20_episode_match_walk_forward_v1::000019,2026-06-16,csi500,中证500,20,True,20,True,2026-07-15,8507.98,-0.04236023121822097,0.07517413063970535,-0.06495901494831902
ma20_episode_ml_l2_logistic,bottom,all_a_ma20_episode_match_walk_forward_v1,capped_confirmation,ma20_episode_ml_l2_logistic::bottom::all_a_ma20_episode_match_walk_forward_v1::000019,2026-06-16,microcap,微盘股,5,True,5,True,2026-06-24,6536.19,-0.0342018821362291,0.01277196654320023,-0.05858611821259774
ma20_episode_ml_l2_logistic,bottom,all_a_ma20_episode_match_walk_forward_v1,capped_confirmation,ma20_episode_ml_l2_logistic::bottom::all_a_ma20_episode_match_walk_forward_v1::000019,2026-06-16,microcap,微盘股,10,True,10,True,2026-07-01,6536.19,-0.048976544439497616,0.01277196654320023,-0.10793290892706597
ma20_episode_ml_l2_logistic,bottom,all_a_ma20_episode_match_walk_forward_v1,capped_confirmation,ma20_episode_ml_l2_logistic::bottom::all_a_ma20_episode_match_walk_forward_v1::000019,2026-06-16,microcap,微盘股,20,True,20,True,2026-07-15,6536.19,-0.05676548570344497,0.01277196654320023,-0.10793290892706597
ma20_episode_ml_l2_logistic,bottom,all_a_ma20_episode_match_walk_forward_v1,capped_confirmation,ma20_episode_ml_l2_logistic::bottom::all_a_ma20_episode_match_walk_forward_v1::000019,2026-06-16,sse_composite,上证指数,5,True,5,True,2026-06-24,4091.89,0.004623780209145556,0.020396442719623487,-0.005308060578363527
ma20_episode_ml_l2_logistic,bottom,all_a_ma20_episode_match_walk_forward_v1,capped_confirmation,ma20_episode_ml_l2_logistic::bottom::all_a_ma20_episode_match_walk_forward_v1::000019,2026-06-16,sse_composite,上证指数,10,True,10,True,2026-07-01,4091.89,0.005024572996830345,0.020396442719623487,-0.024277289956474823
ma20_episode_ml_l2_logistic,bottom,all_a_ma20_episode_match_walk_forward_v1,capped_confirmation,ma20_episode_ml_l2_logistic::bottom::all_a_ma20_episode_match_walk_forward_v1::000019,2026-06-16,sse_composite,上证指数,20,True,20,True,2026-07-15,4091.89,-0.03331223468861577,0.020396442719623487,-0.054397845494380315
ma20_episode_ml_l2_logistic,bottom,all_a_ma20_episode_match_walk_forward_v1,capped_confirmation,ma20_episode_ml_l2_logistic::bottom::all_a_ma20_episode_match_walk_forward_v1::000020,2026-07-21,all_a,全A,5,True,5,True,2026-07-28,5833.7265625,-0.03171524486518984,0.006532762746797038,-0.03552626028334693
ma20_episode_ml_l2_logistic,bottom,all_a_ma20_episode_match_walk_forward_v1,capped_confirmation,ma20_episode_ml_l2_logistic::bottom::all_a_ma20_episode_match_walk_forward_v1::000020,2026-07-21,all_a,全A,10,True,10,True,2026-08-04,5833.7265625,-0.011552820546472109,0.006532762746797038,-0.05401343480863563
ma20_episode_ml_l2_logistic,bottom,all_a_ma20_episode_match_walk_forward_v1,capped_confirmation,ma20_episode_ml_l2_logistic::bottom::all_a_ma20_episode_match_walk_forward_v1::000020,2026-07-21,all_a,全A,20,True,18,False,,5833.7265625,,,
ma20_episode_ml_l2_logistic,bottom,all_a_ma20_episode_match_walk_forward_v1,capped_confirmation,ma20_episode_ml_l2_logistic::bottom::all_a_ma20_episode_match_walk_forward_v1::000020,2026-07-21,cni2000,国证2000,5,True,5,True,2026-07-28,9305.66,-0.023641525695114574,0.005782502262064115,-0.036170459698721014
ma20_episode_ml_l2_logistic,bottom,all_a_ma20_episode_match_walk_forward_v1,capped_confirmation,ma20_episode_ml_l2_logistic::bottom::all_a_ma20_episode_match_walk_forward_v1::000020,2026-07-21,cni2000,国证2000,10,True,10,True,2026-08-04,9305.66,0.013402595839521192,0.016379278847497014,-0.05300000214922973
ma20_episode_ml_l2_logistic,bottom,all_a_ma20_episode_match_walk_forward_v1,capped_confirmation,ma20_episode_ml_l2_logistic::bottom::all_a_ma20_episode_match_walk_forward_v1::000020,2026-07-21,cni2000,国证2000,20,True,18,False,,9305.66,,,
ma20_episode_ml_l2_logistic,bottom,all_a_ma20_episode_match_walk_forward_v1,capped_confirmation,ma20_episode_ml_l2_logistic::bottom::all_a_ma20_episode_match_walk_forward_v1::000020,2026-07-21,csi1000,中证1000,5,True,5,True,2026-07-28,7259.86,-0.032174174157628355,0.005866504312755261,-0.0396123341221456
ma20_episode_ml_l2_logistic,bottom,all_a_ma20_episode_match_walk_forward_v1,capped_confirmation,ma20_episode_ml_l2_logistic::bottom::all_a_ma20_episode_match_walk_forward_v1::000020,2026-07-21,csi1000,中证1000,10,True,10,True,2026-08-04,7259.86,0.0026625857798909802,0.0065166545911354845,-0.05759201968082028
ma20_episode_ml_l2_logistic,bottom,all_a_ma20_episode_match_walk_forward_v1,capped_confirmation,ma20_episode_ml_l2_logistic::bottom::all_a_ma20_episode_match_walk_forward_v1::000020,2026-07-21,csi1000,中证1000,20,True,18,False,,7259.86,,,
ma20_episode_ml_l2_logistic,bottom,all_a_ma20_episode_match_walk_forward_v1,capped_confirmation,ma20_episode_ml_l2_logistic::bottom::all_a_ma20_episode_match_walk_forward_v1::000020,2026-07-21,csi300,沪深300,5,True,5,True,2026-07-28,4739.23,-0.0358096146420408,0.006931505750934264,-0.0394578866187123
ma20_episode_ml_l2_logistic,bottom,all_a_ma20_episode_match_walk_forward_v1,capped_confirmation,ma20_episode_ml_l2_logistic::bottom::all_a_ma20_episode_match_walk_forward_v1::000020,2026-07-21,csi300,沪深300,10,True,10,True,2026-08-04,4739.23,-0.029181955718544872,0.006931505750934264,-0.0550764575680015
ma20_episode_ml_l2_logistic,bottom,all_a_ma20_episode_match_walk_forward_v1,capped_confirmation,ma20_episode_ml_l2_logistic::bottom::all_a_ma20_episode_match_walk_forward_v1::000020,2026-07-21,csi300,沪深300,20,True,18,False,,4739.23,,,
ma20_episode_ml_l2_logistic,bottom,all_a_ma20_episode_match_walk_forward_v1,capped_confirmation,ma20_episode_ml_l2_logistic::bottom::all_a_ma20_episode_match_walk_forward_v1::000020,2026-07-21,csi500,中证500,5,True,5,True,2026-07-28,7800.61,-0.04578872677905954,0.011388852923040593,-0.04973713594193274
ma20_episode_ml_l2_logistic,bottom,all_a_ma20_episode_match_walk_forward_v1,capped_confirmation,ma20_episode_ml_l2_logistic::bottom::all_a_ma20_episode_match_walk_forward_v1::000020,2026-07-21,csi500,中证500,10,True,10,True,2026-08-04,7800.61,-0.02475703823162545,0.011388852923040593,-0.07418137812299297
ma20_episode_ml_l2_logistic,bottom,all_a_ma20_episode_match_walk_forward_v1,capped_confirmation,ma20_episode_ml_l2_logistic::bottom::all_a_ma20_episode_match_walk_forward_v1::000020,2026-07-21,csi500,中证500,20,True,18,False,,7800.61,,,
ma20_episode_ml_l2_logistic,bottom,all_a_ma20_episode_match_walk_forward_v1,capped_confirmation,ma20_episode_ml_l2_logistic::bottom::all_a_ma20_episode_match_walk_forward_v1::000020,2026-07-21,microcap,微盘股,5,True,5,True,2026-07-28,5671.25,0.03399074278157377,0.050435089266034794,-0.024275071633237832
ma20_episode_ml_l2_logistic,bottom,all_a_ma20_episode_match_walk_forward_v1,capped_confirmation,ma20_episode_ml_l2_logistic::bottom::all_a_ma20_episode_match_walk_forward_v1::000020,2026-07-21,microcap,微盘股,10,True,10,True,2026-08-04,5671.25,0.13136433766806266,0.13501608992726477,-0.024275071633237832
ma20_episode_ml_l2_logistic,bottom,all_a_ma20_episode_match_walk_forward_v1,capped_confirmation,ma20_episode_ml_l2_logistic::bottom::all_a_ma20_episode_match_walk_forward_v1::000020,2026-07-21,microcap,微盘股,20,True,18,False,,5671.25,,,
ma20_episode_ml_l2_logistic,bottom,all_a_ma20_episode_match_walk_forward_v1,capped_confirmation,ma20_episode_ml_l2_logistic::bottom::all_a_ma20_episode_match_walk_forward_v1::000020,2026-07-21,sse_composite,上证指数,5,True,5,True,2026-07-28,3864.37,-0.013213020492344185,0.005193602061914326,-0.01835227993178712
ma20_episode_ml_l2_logistic,bottom,all_a_ma20_episode_match_walk_forward_v1,capped_confirmation,ma20_episode_ml_l2_logistic::bottom::all_a_ma20_episode_match_walk_forward_v1::000020,2026-07-21,sse_composite,上证指数,10,True,10,True,2026-08-04,3864.37,-0.010891814189634919,0.005193602061914326,-0.025067475422901997
ma20_episode_ml_l2_logistic,bottom,all_a_ma20_episode_match_walk_forward_v1,capped_confirmation,ma20_episode_ml_l2_logistic::bottom::all_a_ma20_episode_match_walk_forward_v1::000020,2026-07-21,sse_composite,上证指数,20,True,18,False,,3864.37,,,
ma20_episode_ml_l2_logistic,bottom,all_a_ma20_episode_match_walk_forward_v1,onset,ma20_episode_ml_l2_logistic::bottom::all_a_ma20_episode_match_walk_forward_v1::000001,2020-02-10,all_a,全A,5,True,5,True,2020-02-17,4434.6298828125,0.04021758351187099,0.040219895746830936,-0.004067992039745727
ma20_episode_ml_l2_logistic,bottom,all_a_ma20_episode_match_walk_forward_v1,onset,ma20_episode_ml_l2_logistic::bottom::all_a_ma20_episode_match_walk_forward_v1::000001,2020-02-10,all_a,全A,10,True,10,True,2020-02-24,4434.6298828125,0.07793883411828206,0.08155131587089448,-0.004067992039745727
ma20_episode_ml_l2_logistic,bottom,all_a_ma20_episode_match_walk_forward_v1,onset,ma20_episode_ml_l2_logistic::bottom::all_a_ma20_episode_match_walk_forward_v1::000001,2020-02-10,all_a,全A,20,True,20,True,2020-03-09,4434.6298828125,0.03570762427547214,0.08702867017201488,-0.004067992039745727
ma20_episode_ml_l2_logistic,bottom,all_a_ma20_episode_match_walk_forward_v1,onset,ma20_episode_ml_l2_logistic::bottom::all_a_ma20_episode_match_walk_forward_v1::000001,2020-02-10,cni2000,国证2000,5,True,5,True,2020-02-17,6196.11,0.03782534525694348,0.03782534525694348,-0.014580115588651466
ma20_episode_ml_l2_logistic,bottom,all_a_ma20_episode_match_walk_forward_v1,onset,ma20_episode_ml_l2_logistic::bottom::all_a_ma20_episode_match_walk_forward_v1::000001,2020-02-10,cni2000,国证2000,10,True,10,True,2020-02-24,6196.11,0.11159259599974836,0.11456058720713469,-0.014580115588651466
ma20_episode_ml_l2_logistic,bottom,all_a_ma20_episode_match_walk_forward_v1,onset,ma20_episode_ml_l2_logistic::bottom::all_a_ma20_episode_match_walk_forward_v1::000001,2020-02-10,cni2000,国证2000,20,True,20,True,2020-03-09,6196.11,0.07497930152950794,0.12254947055491261,-0.014580115588651466
ma20_episode_ml_l2_logistic,bottom,all_a_ma20_episode_match_walk_forward_v1,onset,ma20_episode_ml_l2_logistic::bottom::all_a_ma20_episode_match_walk_forward_v1::000001,2020-02-10,csi1000,中证1000,5,True,5,True,2020-02-17,5661.56,0.04855905439490171,0.04855905439490171,-0.012482425338599223
ma20_episode_ml_l2_logistic,bottom,all_a_ma20_episode_match_walk_forward_v1,onset,ma20_episode_ml_l2_logistic::bottom::all_a_ma20_episode_match_walk_forward_v1::000001,2020-02-10,csi1000,中证1000,10,True,10,True,2020-02-24,5661.56,0.1269703050042743,0.13030684122397362,-0.012482425338599223
ma20_episode_ml_l2_logistic,bottom,all_a_ma20_episode_match_walk_forward_v1,onset,ma20_episode_ml_l2_logistic::bottom::all_a_ma20_episode_match_walk_forward_v1::000001,2020-02-10,csi1000,中证1000,20,True,20,True,2020-03-09,5661.56,0.06854294576053244,0.1340248977313674,-0.012482425338599223
ma20_episode_ml_l2_logistic,bottom,all_a_ma20_episode_match_walk_forward_v1,onset,ma20_episode_ml_l2_logistic::bottom::all_a_ma20_episode_match_walk_forward_v1::000001,2020-02-10,csi300,沪深300,5,True,5,True,2020-02-17,3916.01,0.04121797441783848,0.04122563527672285,-7.660858884428468e-05
ma20_episode_ml_l2_logistic,bottom,all_a_ma20_episode_match_walk_forward_v1,onset,ma20_episode_ml_l2_logistic::bottom::all_a_ma20_episode_match_walk_forward_v1::000001,2020-02-10,csi300,沪深300,10,True,10,True,2020-02-24,3916.01,0.055370134397001,0.06854681167821308,-7.660858884428468e-05
ma20_episode_ml_l2_logistic,bottom,all_a_ma20_episode_match_walk_forward_v1,onset,ma20_episode_ml_l2_logistic::bottom::all_a_ma20_episode_match_walk_forward_v1::000001,2020-02-10,csi300,沪深300,20,True,20,True,2020-03-09,3916.01,0.02071496242348725,0.07656773093020708,-7.660858884428468e-05
ma20_episode_ml_l2_logistic,bottom,all_a_ma20_episode_match_walk_forward_v1,onset,ma20_episode_ml_l2_logistic::bottom::all_a_ma20_episode_match_walk_forward_v1::000001,2020-02-10,csi500,中证500,5,True,5,True,2020-02-17,5388.44,0.03822998864235294,0.03822998864235294,-0.012003474103822187
ma20_episode_ml_l2_logistic,bottom,all_a_ma20_episode_match_walk_forward_v1,onset,ma20_episode_ml_l2_logistic::bottom::all_a_ma20_episode_match_walk_forward_v1::000001,2020-02-10,csi500,中证500,10,True,10,True,2020-02-24,5388.44,0.08852840525272643,0.09199322995152603,-0.012003474103822187
ma20_episode_ml_l2_logistic,bottom,all_a_ma20_episode_match_walk_forward_v1,onset,ma20_episode_ml_l2_logistic::bottom::all_a_ma20_episode_match_walk_forward_v1::000001,2020-02-10,csi500,中证500,20,True,20,True,2020-03-09,5388.44,0.02549531961012841,0.09721366480836768,-0.012003474103822187
ma20_episode_ml_l2_logistic,bottom,all_a_ma20_episode_match_walk_forward_v1,onset,ma20_episode_ml_l2_logistic::bottom::all_a_ma20_episode_match_walk_forward_v1::000001,2020-02-10,microcap,微盘股,5,True,5,True,2020-02-17,1004.13,0.029796938643402715,0.029796938643402715,-0.010287512573073254
ma20_episode_ml_l2_logistic,bottom,all_a_ma20_episode_match_walk_forward_v1,onset,ma20_episode_ml_l2_logistic::bottom::all_a_ma20_episode_match_walk_forward_v1::000001,2020-02-10,microcap,微盘股,10,True,10,True,2020-02-24,1004.13,0.08287771503689756,0.08393335524284717,-0.010287512573073254
ma20_episode_ml_l2_logistic,bottom,all_a_ma20_episode_match_walk_forward_v1,onset,ma20_episode_ml_l2_logistic::bottom::all_a_ma20_episode_match_walk_forward_v1::000001,2020-02-10,microcap,微盘股,20,True,20,True,2020-03-09,1004.13,0.09378267754175251,0.1262983876589685,-0.010287512573073254
ma20_episode_ml_l2_logistic,bottom,all_a_ma20_episode_match_walk_forward_v1,onset,ma20_episode_ml_l2_logistic::bottom::all_a_ma20_episode_match_walk_forward_v1::000001,2020-02-10,sse_composite,上证指数,5,True,5,True,2020-02-17,2890.49,0.03221945068137244,0.032226369923438636,-0.002854187352317461
ma20_episode_ml_l2_logistic,bottom,all_a_ma20_episode_match_walk_forward_v1,onset,ma20_episode_ml_l2_logistic::bottom::all_a_ma20_episode_match_walk_forward_v1::000001,2020-02-10,sse_composite,上证指数,10,True,10,True,2020-02-24,2890.49,0.048690706420018826,0.05826347781863994,-0.002854187352317461
ma20_episode_ml_l2_logistic,bottom,all_a_ma20_episode_match_walk_forward_v1,onset,ma20_episode_ml_l2_logistic::bottom::all_a_ma20_episode_match_walk_forward_v1::000001,2020-02-10,sse_composite,上证指数,20,True,20,True,2020-03-09,2890.49,0.01826679905483153,0.0635774557255,-0.00413424713456878
ma20_episode_ml_l2_logistic,bottom,all_a_ma20_episode_match_walk_forward_v1,onset,ma20_episode_ml_l2_logistic::bottom::all_a_ma20_episode_match_walk_forward_v1::000002,2020-03-25,all_a,全A,5,True,5,True,2020-04-01,4297.52978515625,-0.02599626579631442,0.0058429732469176265,-0.03465244671238166
ma20_episode_ml_l2_logistic,bottom,all_a_ma20_episode_match_walk_forward_v1,onset,ma20_episode_ml_l2_logistic::bottom::all_a_ma20_episode_match_walk_forward_v1::000002,2020-03-25,all_a,全A,10,True,10,True,2020-04-09,4297.52978515625,0.02051187427006851,0.022943435551468827,-0.03465244671238166
ma20_episode_ml_l2_logistic,bottom,all_a_ma20_episode_match_walk_forward_v1,onset,ma20_episode_ml_l2_logistic::bottom::all_a_ma20_episode_match_walk_forward_v1::000002,2020-03-25,all_a,全A,20,True,20,True,2020-04-23,4297.52978515625,0.026015012939505366,0.033542615835473244,-0.03465244671238166
ma20_episode_ml_l2_logistic,bottom,all_a_ma20_episode_match_walk_forward_v1,onset,ma20_episode_ml_l2_logistic::bottom::all_a_ma20_episode_match_walk_forward_v1::000002,2020-03-25,cni2000,国证2000,5,True,5,True,2020-04-01,6275.39,-0.04294872509915726,0.0019233864349466057,-0.04849897775277723
ma20_episode_ml_l2_logistic,bottom,all_a_ma20_episode_match_walk_forward_v1,onset,ma20_episode_ml_l2_logistic::bottom::all_a_ma20_episode_match_walk_forward_v1::000002,2020-03-25,cni2000,国证2000,10,True,10,True,2020-04-09,6275.39,0.023389781352234573,0.02594739131751167,-0.048726852036287904
ma20_episode_ml_l2_logistic,bottom,all_a_ma20_episode_match_walk_forward_v1,onset,ma20_episode_ml_l2_logistic::bottom::all_a_ma20_episode_match_walk_forward_v1::000002,2020-03-25,cni2000,国证2000,20,True,20,True,2020-04-23,6275.39,0.021021801035473464,0.029459523631200524,-0.048726852036287904
ma20_episode_ml_l2_logistic,bottom,all_a_ma20_episode_match_walk_forward_v1,onset,ma20_episode_ml_l2_logistic::bottom::all_a_ma20_episode_match_walk_forward_v1::000002,2020-03-25,csi1000,中证1000,5,True,5,True,2020-04-01,5646.63,-0.04309295987164019,0.0034533872415936084,-0.05026537952725785
ma20_episode_ml_l2_logistic,bottom,all_a_ma20_episode_match_walk_forward_v1,onset,ma20_episode_ml_l2_logistic::bottom::all_a_ma20_episode_match_walk_forward_v1::000002,2020-03-25,csi1000,中证1000,10,True,10,True,2020-04-09,5646.63,0.025259313962487484,0.027630639868381657,-0.05026537952725785
ma20_episode_ml_l2_logistic,bottom,all_a_ma20_episode_match_walk_forward_v1,onset,ma20_episode_ml_l2_logistic::bottom::all_a_ma20_episode_match_walk_forward_v1::000002,2020-03-25,csi1000,中证1000,20,True,20,True,2020-04-23,5646.63,0.025298275254443725,0.035375082128632496,-0.05026537952725785
ma20_episode_ml_l2_logistic,bottom,all_a_ma20_episode_match_walk_forward_v1,onset,ma20_episode_ml_l2_logistic::bottom::all_a_ma20_episode_match_walk_forward_v1::000002,2020-03-25,csi300,沪深300,5,True,5,True,2020-04-01,3722.52,-0.012744055102457463,0.009740713280251168,-0.02281518971019625
ma20_episode_ml_l2_logistic,bottom,all_a_ma20_episode_match_walk_forward_v1,onset,ma20_episode_ml_l2_logistic::bottom::all_a_ma20_episode_match_walk_forward_v1::000002,2020-03-25,csi300,沪深300,10,True,10,True,2020-04-09,3722.52,0.01888237000741433,0.02178900314840493,-0.02281518971019625
ma20_episode_ml_l2_logistic,bottom,all_a_ma20_episode_match_walk_forward_v1,onset,ma20_episode_ml_l2_logistic::bottom::all_a_ma20_episode_match_walk_forward_v1::000002,2020-03-25,csi300,沪深300,20,True,20,True,2020-04-23,3722.52,0.028805755241073205,0.03785876234378849,-0.02281518971019625
ma20_episode_ml_l2_logistic,bottom,all_a_ma20_episode_match_walk_forward_v1,onset,ma20_episode_ml_l2_logistic::bottom::all_a_ma20_episode_match_walk_forward_v1::000002,2020-03-25,csi500,中证500,5,True,5,True,2020-04-01,5217.42,-0.03798812439864907,0.0019875724016851226,-0.04659391040015959
ma20_episode_ml_l2_logistic,bottom,all_a_ma20_episode_match_walk_forward_v1,onset,ma20_episode_ml_l2_logistic::bottom::all_a_ma20_episode_match_walk_forward_v1::000002,2020-03-25,csi500,中证500,10,True,10,True,2020-04-09,5217.42,0.020132555937609098,0.022750708204438252,-0.04659391040015959
ma20_episode_ml_l2_logistic,bottom,all_a_ma20_episode_match_walk_forward_v1,onset,ma20_episode_ml_l2_logistic::bottom::all_a_ma20_episode_match_walk_forward_v1::000002,2020-03-25,csi500,中证500,20,True,20,True,2020-04-23,5217.42,0.02690410202743876,0.03642988296897687,-0.04659391040015959
ma20_episode_ml_l2_logistic,bottom,all_a_ma20_episode_match_walk_forward_v1,onset,ma20_episode_ml_l2_logistic::bottom::all_a_ma20_episode_match_walk_forward_v1::000002,2020-03-25,microcap,微盘股,5,True,5,True,2020-04-01,1085.11,-0.044447106744938125,-0.0002580383555583765,-0.046170434333846266
ma20_episode_ml_l2_logistic,bottom,all_a_ma20_episode_match_walk_forward_v1,onset,ma20_episode_ml_l2_logistic::bottom::all_a_ma20_episode_match_walk_forward_v1::000002,2020-03-25,microcap,微盘股,10,True,10,True,2020-04-09,1085.11,0.01708582540018999,0.020044050833555982,-0.05221590437835788
ma20_episode_ml_l2_logistic,bottom,all_a_ma20_episode_match_walk_forward_v1,onset,ma20_episode_ml_l2_logistic::bottom::all_a_ma20_episode_match_walk_forward_v1::000002,2020-03-25,microcap,微盘股,20,True,20,True,2020-04-23,1085.11,-0.003382145588926355,0.020044050833555982,-0.05221590437835788
ma20_episode_ml_l2_logistic,bottom,all_a_ma20_episode_match_walk_forward_v1,onset,ma20_episode_ml_l2_logistic::bottom::all_a_ma20_episode_match_walk_forward_v1::000002,2020-03-25,sse_composite,上证指数,5,True,5,True,2020-04-01,2781.59,-0.01692197627975367,0.008613778450454523,-0.02104551713228764
ma20_episode_ml_l2_logistic,bottom,all_a_ma20_episode_match_walk_forward_v1,onset,ma20_episode_ml_l2_logistic::bottom::all_a_ma20_episode_match_walk_forward_v1::000002,2020-03-25,sse_composite,上证指数,10,True,10,True,2020-04-09,2781.59,0.01592973802753095,0.01826653101283804,-0.022177962963628728
ma20_episode_ml_l2_logistic,bottom,all_a_ma20_episode_match_walk_forward_v1,onset,ma20_episode_ml_l2_logistic::bottom::all_a_ma20_episode_match_walk_forward_v1::000002,2020-03-25,sse_composite,上证指数,20,True,20,True,2020-04-23,2781.59,0.020459521352895305,0.02637700020491862,-0.022177962963628728
ma20_episode_ml_l2_logistic,bottom,all_a_ma20_episode_match_walk_forward_v1,onset,ma20_episode_ml_l2_logistic::bottom::all_a_ma20_episode_match_walk_forward_v1::000003,2020-09-17,all_a,全A,5,True,5,True,2020-09-24,5287.8701171875,-0.017995932982675766,0.022232024612638845,-0.01805262966411003
ma20_episode_ml_l2_logistic,bottom,all_a_ma20_episode_match_walk_forward_v1,onset,ma20_episode_ml_l2_logistic::bottom::all_a_ma20_episode_match_walk_forward_v1::000003,2020-09-17,all_a,全A,10,True,10,True,2020-10-09,5287.8701171875,0.0059721735642397356,0.022232024612638845,-0.02407586717758936
ma20_episode_ml_l2_logistic,bottom,all_a_ma20_episode_match_walk_forward_v1,onset,ma20_episode_ml_l2_logistic::bottom::all_a_ma20_episode_match_walk_forward_v1::000003,2020-09-17,all_a,全A,20,True,20,True,2020-10-23,5287.8701171875,0.0014656184490631219,0.041267981574132584,-0.02407586717758936
ma20_episode_ml_l2_logistic,bottom,all_a_ma20_episode_match_walk_forward_v1,onset,ma20_episode_ml_l2_logistic::bottom::all_a_ma20_episode_match_walk_forward_v1::000003,2020-09-17,cni2000,国证2000,5,True,5,True,2020-09-24,7546.3,-0.024521951154870658,0.019869339941428255,-0.024569656652929206
ma20_episode_ml_l2_logistic,bottom,all_a_ma20_episode_match_walk_forward_v1,onset,ma20_episode_ml_l2_logistic::bottom::all_a_ma20_episode_match_walk_forward_v1::000003,2020-09-17,cni2000,国证2000,10,True,10,True,2020-10-09,7546.3,-0.006495898652319698,0.019869339941428255,-0.04546466480261857
ma20_episode_ml_l2_logistic,bottom,all_a_ma20_episode_match_walk_forward_v1,onset,ma20_episode_ml_l2_logistic::bottom::all_a_ma20_episode_match_walk_forward_v1::000003,2020-09-17,cni2000,国证2000,20,True,20,True,2020-10-23,7546.3,-0.020997044909425777,0.03113313809416529,-0.04546466480261857
ma20_episode_ml_l2_logistic,bottom,all_a_ma20_episode_match_walk_forward_v1,onset,ma20_episode_ml_l2_logistic::bottom::all_a_ma20_episode_match_walk_forward_v1::000003,2020-09-17,csi1000,中证1000,5,True,5,True,2020-09-24,6825.15,-0.021977538955187836,0.021974608616660563,-0.021990725478560846
ma20_episode_ml_l2_logistic,bottom,all_a_ma20_episode_match_walk_forward_v1,onset,ma20_episode_ml_l2_logistic::bottom::all_a_ma20_episode_match_walk_forward_v1::000003,2020-09-17,csi1000,中证1000,10,True,10,True,2020-10-09,6825.15,-0.000407317055302725,0.021974608616660563,-0.04031413229013281
ma20_episode_ml_l2_logistic,bottom,all_a_ma20_episode_match_walk_forward_v1,onset,ma20_episode_ml_l2_logistic::bottom::all_a_ma20_episode_match_walk_forward_v1::000003,2020-09-17,csi1000,中证1000,20,True,20,True,2020-10-23,6825.15,-0.026932741404950722,0.03429814729346603,-0.04031413229013281
ma20_episode_ml_l2_logistic,bottom,all_a_ma20_episode_match_walk_forward_v1,onset,ma20_episode_ml_l2_logistic::bottom::all_a_ma20_episode_match_walk_forward_v1::000003,2020-09-17,csi300,沪深300,5,True,5,True,2020-09-24,4632.71,-0.015032238150024524,0.025961046558061973,-0.015217874634932849
ma20_episode_ml_l2_logistic,bottom,all_a_ma20_episode_match_walk_forward_v1,onset,ma20_episode_ml_l2_logistic::bottom::all_a_ma20_episode_match_walk_forward_v1::000003,2020-09-17,csi300,沪深300,10,True,10,True,2020-10-09,4632.71,0.010453924376876644,0.025961046558061973,-0.016834638904658306
ma20_episode_ml_l2_logistic,bottom,all_a_ma20_episode_match_walk_forward_v1,onset,ma20_episode_ml_l2_logistic::bottom::all_a_ma20_episode_match_walk_forward_v1::000003,2020-09-17,csi300,沪深300,20,True,20,True,2020-10-23,4632.71,0.018516160087723943,0.04681924834492124,-0.016834638904658306
ma20_episode_ml_l2_logistic,bottom,all_a_ma20_episode_match_walk_forward_v1,onset,ma20_episode_ml_l2_logistic::bottom::all_a_ma20_episode_match_walk_forward_v1::000003,2020-09-17,csi500,中证500,5,True,5,True,2020-09-24,6367.02,-0.019220922817896002,0.02329504226467005,-0.019434523529060832
ma20_episode_ml_l2_logistic,bottom,all_a_ma20_episode_match_walk_forward_v1,onset,ma20_episode_ml_l2_logistic::bottom::all_a_ma20_episode_match_walk_forward_v1::000003,2020-09-17,csi500,中证500,10,True,10,True,2020-10-09,6367.02,-0.0014213870853241328,0.02329504226467005,-0.03329658144626524
ma20_episode_ml_l2_logistic,bottom,all_a_ma20_episode_match_walk_forward_v1,onset,ma20_episode_ml_l2_logistic::bottom::all_a_ma20_episode_match_walk_forward_v1::000003,2020-09-17,csi500,中证500,20,True,20,True,2020-10-23,6367.02,-0.024149445109329037,0.02997320567549644,-0.03329658144626524
ma20_episode_ml_l2_logistic,bottom,all_a_ma20_episode_match_walk_forward_v1,onset,ma20_episode_ml_l2_logistic::bottom::all_a_ma20_episode_match_walk_forward_v1::000003,2020-09-17,microcap,微盘股,5,True,5,True,2020-09-24,1390.68,-0.026929272010814853,0.015100526361204514,-0.027238473264877716
ma20_episode_ml_l2_logistic,bottom,all_a_ma20_episode_match_walk_forward_v1,onset,ma20_episode_ml_l2_logistic::bottom::all_a_ma20_episode_match_walk_forward_v1::000003,2020-09-17,microcap,微盘股,10,True,10,True,2020-10-09,1390.68,-0.01938619955705123,0.015100526361204514,-0.05413179164149906
ma20_episode_ml_l2_logistic,bottom,all_a_ma20_episode_match_walk_forward_v1,onset,ma20_episode_ml_l2_logistic::bottom::all_a_ma20_episode_match_walk_forward_v1::000003,2020-09-17,microcap,微盘股,20,True,20,True,2020-10-23,1390.68,-0.004005234849138617,0.01907699830298837,-0.05413179164149906
ma20_episode_ml_l2_logistic,bottom,all_a_ma20_episode_match_walk_forward_v1,onset,ma20_episode_ml_l2_logistic::bottom::all_a_ma20_episode_match_walk_forward_v1::000003,2020-09-17,sse_composite,上证指数,5,True,5,True,2020-09-24,3270.44,-0.014450654957742781,0.024507405731339027,-0.015043847311065228
ma20_episode_ml_l2_logistic,bottom,all_a_ma20_episode_match_walk_forward_v1,onset,ma20_episode_ml_l2_logistic::bottom::all_a_ma20_episode_match_walk_forward_v1::000003,2020-09-17,sse_composite,上证指数,10,True,10,True,2020-10-09,3270.44,0.0005014615770355668,0.024507405731339027,-0.02082288621714512
ma20_episode_ml_l2_logistic,bottom,all_a_ma20_episode_match_walk_forward_v1,onset,ma20_episode_ml_l2_logistic::bottom::all_a_ma20_episode_match_walk_forward_v1::000003,2020-09-17,sse_composite,上证指数,20,True,20,True,2020-10-23,3270.44,0.002311615562431868,0.030775675444282724,-0.02082288621714512
ma20_episode_ml_l2_logistic,bottom,all_a_ma20_episode_match_walk_forward_v1,onset,ma20_episode_ml_l2_logistic::bottom::all_a_ma20_episode_match_walk_forward_v1::000004,2021-10-13,all_a,全A,5,True,5,True,2021-10-20,5723.25,0.009759908869523493,0.014333751719957988,-0.007082541606604598
ma20_episode_ml_l2_logistic,bottom,all_a_ma20_episode_match_walk_forward_v1,onset,ma20_episode_ml_l2_logistic::bottom::all_a_ma20_episode_match_walk_forward_v1::000004,2021-10-13,all_a,全A,10,True,10,True,2021-10-27,5723.25,0.0028933858057047512,0.021765489177914654,-0.007082541606604598
ma20_episode_ml_l2_logistic,bottom,all_a_ma20_episode_match_walk_forward_v1,onset,ma20_episode_ml_l2_logistic::bottom::all_a_ma20_episode_match_walk_forward_v1::000004,2021-10-13,all_a,全A,20,True,20,True,2021-11-10,5723.25,0.0022914004826803946,0.021765489177914654,-0.013435807342855877
ma20_episode_ml_l2_logistic,bottom,all_a_ma20_episode_match_walk_forward_v1,onset,ma20_episode_ml_l2_logistic::bottom::all_a_ma20_episode_match_walk_forward_v1::000004,2021-10-13,cni2000,国证2000,5,True,5,True,2021-10-20,8184.31,0.03312313438762704,0.03772828741824297,-0.006242432165937006
ma20_episode_ml_l2_logistic,bottom,all_a_ma20_episode_match_walk_forward_v1,onset,ma20_episode_ml_l2_logistic::bottom::all_a_ma20_episode_match_walk_forward_v1::000004,2021-10-13,cni2000,国证2000,10,True,10,True,2021-10-27,8184.31,0.017986855336613594,0.038301335115605406,-0.006242432165937006
ma20_episode_ml_l2_logistic,bottom,all_a_ma20_episode_match_walk_forward_v1,onset,ma20_episode_ml_l2_logistic::bottom::all_a_ma20_episode_match_walk_forward_v1::000004,2021-10-13,cni2000,国证2000,20,True,20,True,2021-11-10,8184.31,0.04273665098218404,0.04274520393289105,-0.011887379632491868
ma20_episode_ml_l2_logistic,bottom,all_a_ma20_episode_match_walk_forward_v1,onset,ma20_episode_ml_l2_logistic::bottom::all_a_ma20_episode_match_walk_forward_v1::000004,2021-10-13,csi1000,中证1000,5,True,5,True,2021-10-20,7289.36,0.032129020929135166,0.03724469637938044,-0.004442090938024723
ma20_episode_ml_l2_logistic,bottom,all_a_ma20_episode_match_walk_forward_v1,onset,ma20_episode_ml_l2_logistic::bottom::all_a_ma20_episode_match_walk_forward_v1::000004,2021-10-13,csi1000,中证1000,10,True,10,True,2021-10-27,7289.36,0.019780886113458518,0.04030120614155441,-0.004442090938024723
ma20_episode_ml_l2_logistic,bottom,all_a_ma20_episode_match_walk_forward_v1,onset,ma20_episode_ml_l2_logistic::bottom::all_a_ma20_episode_match_walk_forward_v1::000004,2021-10-13,csi1000,中证1000,20,True,20,True,2021-11-10,7289.36,0.033729984525390444,0.04030120614155441,-0.007526037951205544
ma20_episode_ml_l2_logistic,bottom,all_a_ma20_episode_match_walk_forward_v1,onset,ma20_episode_ml_l2_logistic::bottom::all_a_ma20_episode_match_walk_forward_v1::000004,2021-10-13,csi300,沪深300,5,True,5,True,2021-10-20,4940.11,-0.00605856954602213,0.0027954843110782335,-0.019264753213997232
ma20_episode_ml_l2_logistic,bottom,all_a_ma20_episode_match_walk_forward_v1,onset,ma20_episode_ml_l2_logistic::bottom::all_a_ma20_episode_match_walk_forward_v1::000004,2021-10-13,csi300,沪深300,10,True,10,True,2021-10-27,4940.11,-0.008491713747264651,0.012643443162196899,-0.019264753213997232
ma20_episode_ml_l2_logistic,bottom,all_a_ma20_episode_match_walk_forward_v1,onset,ma20_episode_ml_l2_logistic::bottom::all_a_ma20_episode_match_walk_forward_v1::000004,2021-10-13,csi300,沪深300,20,True,20,True,2021-11-10,4940.11,-0.024072338470196075,0.012643443162196899,-0.03767325019078516
ma20_episode_ml_l2_logistic,bottom,all_a_ma20_episode_match_walk_forward_v1,onset,ma20_episode_ml_l2_logistic::bottom::all_a_ma20_episode_match_walk_forward_v1::000004,2021-10-13,csi500,中证500,5,True,5,True,2021-10-20,6981.6,0.019651655780909882,0.024823822619456815,-0.004600664604102356
ma20_episode_ml_l2_logistic,bottom,all_a_ma20_episode_match_walk_forward_v1,onset,ma20_episode_ml_l2_logistic::bottom::all_a_ma20_episode_match_walk_forward_v1::000004,2021-10-13,csi500,中证500,10,True,10,True,2021-10-27,6981.6,0.009596654062106191,0.024926950842213857,-0.004600664604102356
ma20_episode_ml_l2_logistic,bottom,all_a_ma20_episode_match_walk_forward_v1,onset,ma20_episode_ml_l2_logistic::bottom::all_a_ma20_episode_match_walk_forward_v1::000004,2021-10-13,csi500,中证500,20,True,20,True,2021-11-10,6981.6,0.011563251976624223,0.024926950842213857,-0.008778789962186284
ma20_episode_ml_l2_logistic,bottom,all_a_ma20_episode_match_walk_forward_v1,onset,ma20_episode_ml_l2_logistic::bottom::all_a_ma20_episode_match_walk_forward_v1::000004,2021-10-13,microcap,微盘股,5,True,5,True,2021-10-20,1600.43,-0.008866367163824718,0.006948132689339692,-0.01176558799822558
ma20_episode_ml_l2_logistic,bottom,all_a_ma20_episode_match_walk_forward_v1,onset,ma20_episode_ml_l2_logistic::bottom::all_a_ma20_episode_match_walk_forward_v1::000004,2021-10-13,microcap,微盘股,10,True,10,True,2021-10-27,1600.43,-0.06283936192148365,0.006948132689339692,-0.06569484451053786
ma20_episode_ml_l2_logistic,bottom,all_a_ma20_episode_match_walk_forward_v1,onset,ma20_episode_ml_l2_logistic::bottom::all_a_ma20_episode_match_walk_forward_v1::000004,2021-10-13,microcap,微盘股,20,True,20,True,2021-11-10,1600.43,-0.012159232206344517,0.006948132689339692,-0.07882256643527052
ma20_episode_ml_l2_logistic,bottom,all_a_ma20_episode_match_walk_forward_v1,onset,ma20_episode_ml_l2_logistic::bottom::all_a_ma20_episode_match_walk_forward_v1::000004,2021-10-13,sse_composite,上证指数,5,True,5,True,2021-10-20,3561.76,0.00708638425946706,0.009835025380710682,-0.006255334441399807
ma20_episode_ml_l2_logistic,bottom,all_a_ma20_episode_match_walk_forward_v1,onset,ma20_episode_ml_l2_logistic::bottom::all_a_ma20_episode_match_walk_forward_v1::000004,2021-10-13,sse_composite,上证指数,10,True,10,True,2021-10-27,3561.76,0.00015441804051929964,0.017760882260455357,-0.006255334441399807
ma20_episode_ml_l2_logistic,bottom,all_a_ma20_episode_match_walk_forward_v1,onset,ma20_episode_ml_l2_logistic::bottom::all_a_ma20_episode_match_walk_forward_v1::000004,2021-10-13,sse_composite,上证指数,20,True,20,True,2021-11-10,3561.76,-0.019456673105431088,0.017760882260455357,-0.03181573154844797
ma20_episode_ml_l2_logistic,bottom,all_a_ma20_episode_match_walk_forward_v1,onset,ma20_episode_ml_l2_logistic::bottom::all_a_ma20_episode_match_walk_forward_v1::000005,2022-02-08,all_a,全A,5,True,5,True,2022-02-15,5490.4794921875,7.452531023610653e-05,0.013733734050649815,-0.015047531673701542
ma20_episode_ml_l2_logistic,bottom,all_a_ma20_episode_match_walk_forward_v1,onset,ma20_episode_ml_l2_logistic::bottom::all_a_ma20_episode_match_walk_forward_v1::000005,2022-02-08,all_a,全A,10,True,10,True,2022-02-22,5490.4794921875,0.005128017230109361,0.016966691810806678,-0.015047531673701542
ma20_episode_ml_l2_logistic,bottom,all_a_ma20_episode_match_walk_forward_v1,onset,ma20_episode_ml_l2_logistic::bottom::all_a_ma20_episode_match_walk_forward_v1::000005,2022-02-08,all_a,全A,20,True,20,True,2022-03-08,5490.4794921875,-0.05564523889097095,0.020472494024190713,-0.05883808816077407
ma20_episode_ml_l2_logistic,bottom,all_a_ma20_episode_match_walk_forward_v1,onset,ma20_episode_ml_l2_logistic::bottom::all_a_ma20_episode_match_walk_forward_v1::000005,2022-02-08,cni2000,国证2000,5,True,5,True,2022-02-15,8433.62,0.0016244507103708727,0.02034476298434118,-0.015795115264856774
ma20_episode_ml_l2_logistic,bottom,all_a_ma20_episode_match_walk_forward_v1,onset,ma20_episode_ml_l2_logistic::bottom::all_a_ma20_episode_match_walk_forward_v1::000005,2022-02-08,cni2000,国证2000,10,True,10,True,2022-02-22,8433.62,0.026847308747607768,0.03743469589571258,-0.015795115264856774
ma20_episode_ml_l2_logistic,bottom,all_a_ma20_episode_match_walk_forward_v1,onset,ma20_episode_ml_l2_logistic::bottom::all_a_ma20_episode_match_walk_forward_v1::000005,2022-02-08,cni2000,国证2000,20,True,20,True,2022-03-08,8433.62,-0.02862116149411531,0.05028445673388182,-0.03268584546137965
ma20_episode_ml_l2_logistic,bottom,all_a_ma20_episode_match_walk_forward_v1,onset,ma20_episode_ml_l2_logistic::bottom::all_a_ma20_episode_match_walk_forward_v1::000005,2022-02-08,csi1000,中证1000,5,True,5,True,2022-02-15,7080.62,0.006246628120136544,0.01999401182382332,-0.016851631636777498
ma20_episode_ml_l2_logistic,bottom,all_a_ma20_episode_match_walk_forward_v1,onset,ma20_episode_ml_l2_logistic::bottom::all_a_ma20_episode_match_walk_forward_v1::000005,2022-02-08,csi1000,中证1000,10,True,10,True,2022-02-22,7080.62,0.02805121585397896,0.03591352169725259,-0.016851631636777498
ma20_episode_ml_l2_logistic,bottom,all_a_ma20_episode_match_walk_forward_v1,onset,ma20_episode_ml_l2_logistic::bottom::all_a_ma20_episode_match_walk_forward_v1::000005,2022-02-08,csi1000,中证1000,20,True,20,True,2022-03-08,7080.62,-0.029573681400781204,0.05656566797822804,-0.036238352008722385
ma20_episode_ml_l2_logistic,bottom,all_a_ma20_episode_match_walk_forward_v1,onset,ma20_episode_ml_l2_logistic::bottom::all_a_ma20_episode_match_walk_forward_v1::000005,2022-02-08,csi300,沪深300,5,True,5,True,2022-02-15,4608.77,-0.0018811960674973704,0.011679905918498878,-0.017078309397084213
ma20_episode_ml_l2_logistic,bottom,all_a_ma20_episode_match_walk_forward_v1,onset,ma20_episode_ml_l2_logistic::bottom::all_a_ma20_episode_match_walk_forward_v1::000005,2022-02-08,csi300,沪深300,10,True,10,True,2022-02-22,4608.77,-0.007511765612083221,0.011679905918498878,-0.017078309397084213
ma20_episode_ml_l2_logistic,bottom,all_a_ma20_episode_match_walk_forward_v1,onset,ma20_episode_ml_l2_logistic::bottom::all_a_ma20_episode_match_walk_forward_v1::000005,2022-02-08,csi300,沪深300,20,True,20,True,2022-03-08,4608.77,-0.07450577919922241,0.011679905918498878,-0.07729394176754323
ma20_episode_ml_l2_logistic,bottom,all_a_ma20_episode_match_walk_forward_v1,onset,ma20_episode_ml_l2_logistic::bottom::all_a_ma20_episode_match_walk_forward_v1::000005,2022-02-08,csi500,中证500,5,True,5,True,2022-02-15,6742.19,0.0026831044512243274,0.01816917055140843,-0.011079486042368969
ma20_episode_ml_l2_logistic,bottom,all_a_ma20_episode_match_walk_forward_v1,onset,ma20_episode_ml_l2_logistic::bottom::all_a_ma20_episode_match_walk_forward_v1::000005,2022-02-08,csi500,中证500,10,True,10,True,2022-02-22,6742.19,0.006313972166313908,0.01925190479651273,-0.011079486042368969
ma20_episode_ml_l2_logistic,bottom,all_a_ma20_episode_match_walk_forward_v1,onset,ma20_episode_ml_l2_logistic::bottom::all_a_ma20_episode_match_walk_forward_v1::000005,2022-02-08,csi500,中证500,20,True,20,True,2022-03-08,6742.19,-0.046320260924121004,0.024505390681662798,-0.04826176657732861
ma20_episode_ml_l2_logistic,bottom,all_a_ma20_episode_match_walk_forward_v1,onset,ma20_episode_ml_l2_logistic::bottom::all_a_ma20_episode_match_walk_forward_v1::000005,2022-02-08,microcap,微盘股,5,True,5,True,2022-02-15,1856.96,0.0006623729105634801,0.011405738411166766,-0.01728093227640881
ma20_episode_ml_l2_logistic,bottom,all_a_ma20_episode_match_walk_forward_v1,onset,ma20_episode_ml_l2_logistic::bottom::all_a_ma20_episode_match_walk_forward_v1::000005,2022-02-08,microcap,微盘股,10,True,10,True,2022-02-22,1856.96,0.04059322764087536,0.04953256936067563,-0.01728093227640881
ma20_episode_ml_l2_logistic,bottom,all_a_ma20_episode_match_walk_forward_v1,onset,ma20_episode_ml_l2_logistic::bottom::all_a_ma20_episode_match_walk_forward_v1::000005,2022-02-08,microcap,微盘股,20,True,20,True,2022-03-08,1856.96,0.02967215233499898,0.0807987247975186,-0.01728093227640881
ma20_episode_ml_l2_logistic,bottom,all_a_ma20_episode_match_walk_forward_v1,onset,ma20_episode_ml_l2_logistic::bottom::all_a_ma20_episode_match_walk_forward_v1::000005,2022-02-08,sse_composite,上证指数,5,True,5,True,2022-02-15,3452.63,-0.001894208183326862,0.013763420928393666,-0.010768602485641487
ma20_episode_ml_l2_logistic,bottom,all_a_ma20_episode_match_walk_forward_v1,onset,ma20_episode_ml_l2_logistic::bottom::all_a_ma20_episode_match_walk_forward_v1::000005,2022-02-08,sse_composite,上证指数,10,True,10,True,2022-02-22,3452.63,0.001309146940158712,0.013763420928393666,-0.010768602485641487
ma20_episode_ml_l2_logistic,bottom,all_a_ma20_episode_match_walk_forward_v1,onset,ma20_episode_ml_l2_logistic::bottom::all_a_ma20_episode_match_walk_forward_v1::000005,2022-02-08,sse_composite,上证指数,20,True,20,True,2022-03-08,3452.63,-0.04608081375646966,0.013803969727425036,-0.04787364994221799
ma20_episode_ml_l2_logistic,bottom,all_a_ma20_episode_match_walk_forward_v1,onset,ma20_episode_ml_l2_logistic::bottom::all_a_ma20_episode_match_walk_forward_v1::000006,2022-03-24,all_a,全A,5,True,5,True,2022-03-31,5174.9140625,-0.0077870594167475105,0.002757348778436919,-0.031715502521932004
ma20_episode_ml_l2_logistic,bottom,all_a_ma20_episode_match_walk_forward_v1,onset,ma20_episode_ml_l2_logistic::bottom::all_a_ma20_episode_match_walk_forward_v1::000006,2022-03-24,all_a,全A,10,True,10,True,2022-04-11,5174.9140625,-0.05000007548434526,0.002757348778436919,-0.0536287023184262
ma20_episode_ml_l2_logistic,bottom,all_a_ma20_episode_match_walk_forward_v1,onset,ma20_episode_ml_l2_logistic::bottom::all_a_ma20_episode_match_walk_forward_v1::000006,2022-03-24,all_a,全A,20,True,20,True,2022-04-25,5174.9140625,-0.14338817522633984,0.002757348778436919,-0.1433883639372031
ma20_episode_ml_l2_logistic,bottom,all_a_ma20_episode_match_walk_forward_v1,onset,ma20_episode_ml_l2_logistic::bottom::all_a_ma20_episode_match_walk_forward_v1::000006,2022-03-24,cni2000,国证2000,5,True,5,True,2022-03-31,8227.56,-0.006175585471269618,0.008336614986703239,-0.02188498169566666
ma20_episode_ml_l2_logistic,bottom,all_a_ma20_episode_match_walk_forward_v1,onset,ma20_episode_ml_l2_logistic::bottom::all_a_ma20_episode_match_walk_forward_v1::000006,2022-03-24,cni2000,国证2000,10,True,10,True,2022-04-11,8227.56,-0.06448205786405692,0.008336614986703239,-0.06976551978958512
ma20_episode_ml_l2_logistic,bottom,all_a_ma20_episode_match_walk_forward_v1,onset,ma20_episode_ml_l2_logistic::bottom::all_a_ma20_episode_match_walk_forward_v1::000006,2022-03-24,cni2000,国证2000,20,True,20,True,2022-04-25,8227.56,-0.20058923909397197,0.008336614986703239,-0.20058923909397197
ma20_episode_ml_l2_logistic,bottom,all_a_ma20_episode_match_walk_forward_v1,onset,ma20_episode_ml_l2_logistic::bottom::all_a_ma20_episode_match_walk_forward_v1::000006,2022-03-24,csi1000,中证1000,5,True,5,True,2022-03-31,6900.81,-0.018655780988029003,0.005660205106357008,-0.03012689814673941
ma20_episode_ml_l2_logistic,bottom,all_a_ma20_episode_match_walk_forward_v1,onset,ma20_episode_ml_l2_logistic::bottom::all_a_ma20_episode_match_walk_forward_v1::000006,2022-03-24,csi1000,中证1000,10,True,10,True,2022-04-11,6900.81,-0.08299605408640442,0.005660205106357008,-0.08744190899329207
ma20_episode_ml_l2_logistic,bottom,all_a_ma20_episode_match_walk_forward_v1,onset,ma20_episode_ml_l2_logistic::bottom::all_a_ma20_episode_match_walk_forward_v1::000006,2022-03-24,csi1000,中证1000,20,True,20,True,2022-04-25,6900.81,-0.21290254332462433,0.005660205106357008,-0.21290254332462433
ma20_episode_ml_l2_logistic,bottom,all_a_ma20_episode_match_walk_forward_v1,onset,ma20_episode_ml_l2_logistic::bottom::all_a_ma20_episode_match_walk_forward_v1::000006,2022-03-24,csi300,沪深300,5,True,5,True,2022-03-31,4251.31,-0.006753212539193809,0.0008303322975740102,-0.03763781046312786
ma20_episode_ml_l2_logistic,bottom,all_a_ma20_episode_match_walk_forward_v1,onset,ma20_episode_ml_l2_logistic::bottom::all_a_ma20_episode_match_walk_forward_v1::000006,2022-03-24,csi300,沪深300,10,True,10,True,2022-04-11,4251.31,-0.03557491690796499,0.009258322728758817,-0.038157650230164375
ma20_episode_ml_l2_logistic,bottom,all_a_ma20_episode_match_walk_forward_v1,onset,ma20_episode_ml_l2_logistic::bottom::all_a_ma20_episode_match_walk_forward_v1::000006,2022-03-24,csi300,沪深300,20,True,20,True,2022-04-25,4251.31,-0.1026507123686583,0.009258322728758817,-0.1026507123686583
ma20_episode_ml_l2_logistic,bottom,all_a_ma20_episode_match_walk_forward_v1,onset,ma20_episode_ml_l2_logistic::bottom::all_a_ma20_episode_match_walk_forward_v1::000006,2022-03-24,csi500,中证500,5,True,5,True,2022-03-31,6344.12,-0.0030201194176654456,0.006139543388208324,-0.026460722684942928
ma20_episode_ml_l2_logistic,bottom,all_a_ma20_episode_match_walk_forward_v1,onset,ma20_episode_ml_l2_logistic::bottom::all_a_ma20_episode_match_walk_forward_v1::000006,2022-03-24,csi500,中证500,10,True,10,True,2022-04-11,6344.12,-0.04953090420736039,0.006139543388208324,-0.05399488029860722
ma20_episode_ml_l2_logistic,bottom,all_a_ma20_episode_match_walk_forward_v1,onset,ma20_episode_ml_l2_logistic::bottom::all_a_ma20_episode_match_walk_forward_v1::000006,2022-03-24,csi500,中证500,20,True,20,True,2022-04-25,6344.12,-0.15359104178357275,0.006139543388208324,-0.15359104178357275
ma20_episode_ml_l2_logistic,bottom,all_a_ma20_episode_match_walk_forward_v1,onset,ma20_episode_ml_l2_logistic::bottom::all_a_ma20_episode_match_walk_forward_v1::000006,2022-03-24,microcap,微盘股,5,True,5,True,2022-03-31,1950.37,0.013294913272866138,0.019283520562765055,-0.011720852966360162
ma20_episode_ml_l2_logistic,bottom,all_a_ma20_episode_match_walk_forward_v1,onset,ma20_episode_ml_l2_logistic::bottom::all_a_ma20_episode_match_walk_forward_v1::000006,2022-03-24,microcap,微盘股,10,True,10,True,2022-04-11,1950.37,-0.03283479544906864,0.02968154760378816,-0.039479688469367336
ma20_episode_ml_l2_logistic,bottom,all_a_ma20_episode_match_walk_forward_v1,onset,ma20_episode_ml_l2_logistic::bottom::all_a_ma20_episode_match_walk_forward_v1::000006,2022-03-24,microcap,微盘股,20,True,20,True,2022-04-25,1950.37,-0.15351958859088266,0.02968154760378816,-0.15388362208196393
ma20_episode_ml_l2_logistic,bottom,all_a_ma20_episode_match_walk_forward_v1,onset,ma20_episode_ml_l2_logistic::bottom::all_a_ma20_episode_match_walk_forward_v1::000006,2022-03-24,sse_composite,上证指数,5,True,5,True,2022-03-31,3250.26,0.0005968753268967841,0.006701002381347854,-0.02782238959344796
ma20_episode_ml_l2_logistic,bottom,all_a_ma20_episode_match_walk_forward_v1,onset,ma20_episode_ml_l2_logistic::bottom::all_a_ma20_episode_match_walk_forward_v1::000006,2022-03-24,sse_composite,上证指数,10,True,10,True,2022-04-11,3250.26,-0.025576415425227594,0.012306707771070569,-0.02884384633844672
ma20_episode_ml_l2_logistic,bottom,all_a_ma20_episode_match_walk_forward_v1,onset,ma20_episode_ml_l2_logistic::bottom::all_a_ma20_episode_match_walk_forward_v1::000006,2022-03-24,sse_composite,上证指数,20,True,20,True,2022-04-25,3250.26,-0.09899208063354936,0.012306707771070569,-0.09899208063354936
ma20_episode_ml_l2_logistic,bottom,all_a_ma20_episode_match_walk_forward_v1,onset,ma20_episode_ml_l2_logistic::bottom::all_a_ma20_episode_match_walk_forward_v1::000007,2022-12-30,all_a,全A,5,True,5,True,2023-01-09,4756.62353515625,0.03613505632821834,0.038899704513597255,-0.004936578465575048
ma20_episode_ml_l2_logistic,bottom,all_a_ma20_episode_match_walk_forward_v1,onset,ma20_episode_ml_l2_logistic::bottom::all_a_ma20_episode_match_walk_forward_v1::000007,2022-12-30,all_a,全A,10,True,10,True,2023-01-16,4756.62353515625,0.056091398045385876,0.06364100634754277,-0.004936578465575048
ma20_episode_ml_l2_logistic,bottom,all_a_ma20_episode_match_walk_forward_v1,onset,ma20_episode_ml_l2_logistic::bottom::all_a_ma20_episode_match_walk_forward_v1::000007,2022-12-30,all_a,全A,20,True,20,True,2023-02-06,4756.62353515625,0.07223592923724276,0.09226145901608218,-0.004936578465575048
ma20_episode_ml_l2_logistic,bottom,all_a_ma20_episode_match_walk_forward_v1,onset,ma20_episode_ml_l2_logistic::bottom::all_a_ma20_episode_match_walk_forward_v1::000007,2022-12-30,cni2000,国证2000,5,True,5,True,2023-01-09,7677.64,0.0416729620039491,0.04481064493776743,-8.075398169227199e-05
ma20_episode_ml_l2_logistic,bottom,all_a_ma20_episode_match_walk_forward_v1,onset,ma20_episode_ml_l2_logistic::bottom::all_a_ma20_episode_match_walk_forward_v1::000007,2022-12-30,cni2000,国证2000,10,True,10,True,2023-01-16,7677.64,0.04619388249514178,0.05030973059429722,-8.075398169227199e-05
ma20_episode_ml_l2_logistic,bottom,all_a_ma20_episode_match_walk_forward_v1,onset,ma20_episode_ml_l2_logistic::bottom::all_a_ma20_episode_match_walk_forward_v1::000007,2022-12-30,cni2000,国证2000,20,True,20,True,2023-02-06,7677.64,0.10416482148160089,0.1109663907138132,-8.075398169227199e-05
ma20_episode_ml_l2_logistic,bottom,all_a_ma20_episode_match_walk_forward_v1,onset,ma20_episode_ml_l2_logistic::bottom::all_a_ma20_episode_match_walk_forward_v1::000007,2022-12-30,csi1000,中证1000,5,True,5,True,2023-01-09,6281.62,0.04045612437555923,0.04423062840477465,-0.0009440239938105499
ma20_episode_ml_l2_logistic,bottom,all_a_ma20_episode_match_walk_forward_v1,onset,ma20_episode_ml_l2_logistic::bottom::all_a_ma20_episode_match_walk_forward_v1::000007,2022-12-30,csi1000,中证1000,10,True,10,True,2023-01-16,6281.62,0.049380573801026006,0.055258038531461606,-0.0009440239938105499
ma20_episode_ml_l2_logistic,bottom,all_a_ma20_episode_match_walk_forward_v1,onset,ma20_episode_ml_l2_logistic::bottom::all_a_ma20_episode_match_walk_forward_v1::000007,2022-12-30,csi1000,中证1000,20,True,20,True,2023-02-06,6281.62,0.09707527675981664,0.10955294971679286,-0.0009440239938105499
ma20_episode_ml_l2_logistic,bottom,all_a_ma20_episode_match_walk_forward_v1,onset,ma20_episode_ml_l2_logistic::bottom::all_a_ma20_episode_match_walk_forward_v1::000007,2022-12-30,csi300,沪深300,5,True,5,True,2023-01-09,3871.63,0.03654533103628177,0.03912047380560635,-0.01042971564948103
ma20_episode_ml_l2_logistic,bottom,all_a_ma20_episode_match_walk_forward_v1,onset,ma20_episode_ml_l2_logistic::bottom::all_a_ma20_episode_match_walk_forward_v1::000007,2022-12-30,csi300,沪深300,10,True,10,True,2023-01-16,3871.63,0.06879014781887727,0.07889958492934501,-0.01042971564948103
ma20_episode_ml_l2_logistic,bottom,all_a_ma20_episode_match_walk_forward_v1,onset,ma20_episode_ml_l2_logistic::bottom::all_a_ma20_episode_match_walk_forward_v1::000007,2022-12-30,csi300,沪深300,20,True,20,True,2023-02-06,3871.63,0.055596738324684924,0.10241681152382842,-0.01042971564948103
ma20_episode_ml_l2_logistic,bottom,all_a_ma20_episode_match_walk_forward_v1,onset,ma20_episode_ml_l2_logistic::bottom::all_a_ma20_episode_match_walk_forward_v1::000007,2022-12-30,csi500,中证500,5,True,5,True,2023-01-09,5864.47,0.029934503885261643,0.03507392824927047,-0.00278286017321272
ma20_episode_ml_l2_logistic,bottom,all_a_ma20_episode_match_walk_forward_v1,onset,ma20_episode_ml_l2_logistic::bottom::all_a_ma20_episode_match_walk_forward_v1::000007,2022-12-30,csi500,中证500,10,True,10,True,2023-01-16,5864.47,0.04462636862325153,0.051883631427903865,-0.00278286017321272
ma20_episode_ml_l2_logistic,bottom,all_a_ma20_episode_match_walk_forward_v1,onset,ma20_episode_ml_l2_logistic::bottom::all_a_ma20_episode_match_walk_forward_v1::000007,2022-12-30,csi500,中证500,20,True,20,True,2023-02-06,5864.47,0.07466318354429302,0.09170308655343118,-0.00278286017321272
ma20_episode_ml_l2_logistic,bottom,all_a_ma20_episode_match_walk_forward_v1,onset,ma20_episode_ml_l2_logistic::bottom::all_a_ma20_episode_match_walk_forward_v1::000007,2022-12-30,microcap,微盘股,5,True,5,True,2023-01-09,2258.6,0.041866643053218855,0.045333392366952996,0.0006198530062870855
ma20_episode_ml_l2_logistic,bottom,all_a_ma20_episode_match_walk_forward_v1,onset,ma20_episode_ml_l2_logistic::bottom::all_a_ma20_episode_match_walk_forward_v1::000007,2022-12-30,microcap,微盘股,10,True,10,True,2023-01-16,2258.6,0.04123350748251142,0.045333392366952996,0.0006198530062870855
ma20_episode_ml_l2_logistic,bottom,all_a_ma20_episode_match_walk_forward_v1,onset,ma20_episode_ml_l2_logistic::bottom::all_a_ma20_episode_match_walk_forward_v1::000007,2022-12-30,microcap,微盘股,20,True,20,True,2023-02-06,2258.6,0.13261755069512104,0.13506154254848135,0.0006198530062870855
ma20_episode_ml_l2_logistic,bottom,all_a_ma20_episode_match_walk_forward_v1,onset,ma20_episode_ml_l2_logistic::bottom::all_a_ma20_episode_match_walk_forward_v1::000007,2022-12-30,sse_composite,上证指数,5,True,5,True,2023-01-09,3089.26,0.028103817742760384,0.030531583615493574,-0.005247211306267485
ma20_episode_ml_l2_logistic,bottom,all_a_ma20_episode_match_walk_forward_v1,onset,ma20_episode_ml_l2_logistic::bottom::all_a_ma20_episode_match_walk_forward_v1::000007,2022-12-30,sse_composite,上证指数,10,True,10,True,2023-01-16,3089.26,0.04477771375669248,0.052475350083838634,-0.005247211306267485
ma20_episode_ml_l2_logistic,bottom,all_a_ma20_episode_match_walk_forward_v1,onset,ma20_episode_ml_l2_logistic::bottom::all_a_ma20_episode_match_walk_forward_v1::000007,2022-12-30,sse_composite,上证指数,20,True,20,True,2023-02-06,3089.26,0.048374044269501315,0.0716126192033042,-0.005247211306267485
ma20_episode_ml_l2_logistic,bottom,all_a_ma20_episode_match_walk_forward_v1,onset,ma20_episode_ml_l2_logistic::bottom::all_a_ma20_episode_match_walk_forward_v1::000008,2023-10-25,all_a,全A,5,True,5,True,2023-11-01,4409.521484375,0.02346684088719586,0.030277497868382186,-0.007751669305812392
ma20_episode_ml_l2_logistic,bottom,all_a_ma20_episode_match_walk_forward_v1,onset,ma20_episode_ml_l2_logistic::bottom::all_a_ma20_episode_match_walk_forward_v1::000008,2023-10-25,all_a,全A,10,True,10,True,2023-11-08,4409.521484375,0.04416401829315553,0.04791754791987324,-0.007751669305812392
ma20_episode_ml_l2_logistic,bottom,all_a_ma20_episode_match_walk_forward_v1,onset,ma20_episode_ml_l2_logistic::bottom::all_a_ma20_episode_match_walk_forward_v1::000008,2023-10-25,all_a,全A,20,True,20,True,2023-11-22,4409.521484375,0.035768766540799746,0.056549879854274954,-0.007751669305812392
ma20_episode_ml_l2_logistic,bottom,all_a_ma20_episode_match_walk_forward_v1,onset,ma20_episode_ml_l2_logistic::bottom::all_a_ma20_episode_match_walk_forward_v1::000008,2023-10-25,cni2000,国证2000,5,True,5,True,2023-11-01,7361.74,0.02980545360200182,0.037190935838538275,-0.010022087169609284
ma20_episode_ml_l2_logistic,bottom,all_a_ma20_episode_match_walk_forward_v1,onset,ma20_episode_ml_l2_logistic::bottom::all_a_ma20_episode_match_walk_forward_v1::000008,2023-10-25,cni2000,国证2000,10,True,10,True,2023-11-08,7361.74,0.06472382887741213,0.06811433166615499,-0.010022087169609284
ma20_episode_ml_l2_logistic,bottom,all_a_ma20_episode_match_walk_forward_v1,onset,ma20_episode_ml_l2_logistic::bottom::all_a_ma20_episode_match_walk_forward_v1::000008,2023-10-25,cni2000,国证2000,20,True,20,True,2023-11-22,7361.74,0.07052816317881372,0.09204617386650438,-0.010022087169609284
ma20_episode_ml_l2_logistic,bottom,all_a_ma20_episode_match_walk_forward_v1,onset,ma20_episode_ml_l2_logistic::bottom::all_a_ma20_episode_match_walk_forward_v1::000008,2023-10-25,csi1000,中证1000,5,True,5,True,2023-11-01,5778.9,0.03106473550329647,0.04125006489124239,-0.009500077869490697
ma20_episode_ml_l2_logistic,bottom,all_a_ma20_episode_match_walk_forward_v1,onset,ma20_episode_ml_l2_logistic::bottom::all_a_ma20_episode_match_walk_forward_v1::000008,2023-10-25,csi1000,中证1000,10,True,10,True,2023-11-08,5778.9,0.06230251431933409,0.06598833688072125,-0.009500077869490697
ma20_episode_ml_l2_logistic,bottom,all_a_ma20_episode_match_walk_forward_v1,onset,ma20_episode_ml_l2_logistic::bottom::all_a_ma20_episode_match_walk_forward_v1::000008,2023-10-25,csi1000,中证1000,20,True,20,True,2023-11-22,5778.9,0.061269445742269335,0.08450051047777274,-0.009500077869490697
ma20_episode_ml_l2_logistic,bottom,all_a_ma20_episode_match_walk_forward_v1,onset,ma20_episode_ml_l2_logistic::bottom::all_a_ma20_episode_match_walk_forward_v1::000008,2023-10-25,csi300,沪深300,5,True,5,True,2023-11-01,3504.46,0.01899579393116202,0.029091500545019633,-0.00753611112696384
ma20_episode_ml_l2_logistic,bottom,all_a_ma20_episode_match_walk_forward_v1,onset,ma20_episode_ml_l2_logistic::bottom::all_a_ma20_episode_match_walk_forward_v1::000008,2023-10-25,csi300,沪深300,10,True,10,True,2023-11-08,3504.46,0.030421234655267915,0.037475103154266165,-0.00753611112696384
ma20_episode_ml_l2_logistic,bottom,all_a_ma20_episode_match_walk_forward_v1,onset,ma20_episode_ml_l2_logistic::bottom::all_a_ma20_episode_match_walk_forward_v1::000008,2023-10-25,csi300,沪深300,20,True,20,True,2023-11-22,3504.46,0.011402612670710965,0.037475103154266165,-0.00753611112696384
ma20_episode_ml_l2_logistic,bottom,all_a_ma20_episode_match_walk_forward_v1,onset,ma20_episode_ml_l2_logistic::bottom::all_a_ma20_episode_match_walk_forward_v1::000008,2023-10-25,csi500,中证500,5,True,5,True,2023-11-01,5376.0,0.024920014880952523,0.03418526785714282,-0.00716331845238094
ma20_episode_ml_l2_logistic,bottom,all_a_ma20_episode_match_walk_forward_v1,onset,ma20_episode_ml_l2_logistic::bottom::all_a_ma20_episode_match_walk_forward_v1::000008,2023-10-25,csi500,中证500,10,True,10,True,2023-11-08,5376.0,0.043158482142857224,0.047985491071428577,-0.00716331845238094
ma20_episode_ml_l2_logistic,bottom,all_a_ma20_episode_match_walk_forward_v1,onset,ma20_episode_ml_l2_logistic::bottom::all_a_ma20_episode_match_walk_forward_v1::000008,2023-10-25,csi500,中证500,20,True,20,True,2023-11-22,5376.0,0.03662574404761898,0.05954055059523822,-0.00716331845238094
ma20_episode_ml_l2_logistic,bottom,all_a_ma20_episode_match_walk_forward_v1,onset,ma20_episode_ml_l2_logistic::bottom::all_a_ma20_episode_match_walk_forward_v1::000008,2023-10-25,microcap,微盘股,5,True,5,True,2023-11-01,2995.95,0.03538777349421718,0.0360086116256948,-0.013481533403427948
ma20_episode_ml_l2_logistic,bottom,all_a_ma20_episode_match_walk_forward_v1,onset,ma20_episode_ml_l2_logistic::bottom::all_a_ma20_episode_match_walk_forward_v1::000008,2023-10-25,microcap,微盘股,10,True,10,True,2023-11-08,2995.95,0.06177339408201088,0.06489427393648084,-0.013481533403427948
ma20_episode_ml_l2_logistic,bottom,all_a_ma20_episode_match_walk_forward_v1,onset,ma20_episode_ml_l2_logistic::bottom::all_a_ma20_episode_match_walk_forward_v1::000008,2023-10-25,microcap,微盘股,20,True,20,True,2023-11-22,2995.95,0.09459436906490426,0.10648375306664004,-0.013481533403427948
ma20_episode_ml_l2_logistic,bottom,all_a_ma20_episode_match_walk_forward_v1,onset,ma20_episode_ml_l2_logistic::bottom::all_a_ma20_episode_match_walk_forward_v1::000008,2023-10-25,sse_composite,上证指数,5,True,5,True,2023-11-01,2974.11,0.0164654299941831,0.021593014380772768,-0.0060858542555587425
ma20_episode_ml_l2_logistic,bottom,all_a_ma20_episode_match_walk_forward_v1,onset,ma20_episode_ml_l2_logistic::bottom::all_a_ma20_episode_match_walk_forward_v1::000008,2023-10-25,sse_composite,上证指数,10,True,10,True,2023-11-08,2974.11,0.02631375436685257,0.03041918422654155,-0.0060858542555587425
ma20_episode_ml_l2_logistic,bottom,all_a_ma20_episode_match_walk_forward_v1,onset,ma20_episode_ml_l2_logistic::bottom::all_a_ma20_episode_match_walk_forward_v1::000008,2023-10-25,sse_composite,上证指数,20,True,20,True,2023-11-22,2974.11,0.023368335401178886,0.0388889449280625,-0.0060858542555587425
ma20_episode_ml_l2_logistic,bottom,all_a_ma20_episode_match_walk_forward_v1,onset,ma20_episode_ml_l2_logistic::bottom::all_a_ma20_episode_match_walk_forward_v1::000009,2024-01-25,all_a,全A,5,True,5,True,2024-02-01,4161.78369140625,-0.07324282648583602,0.0037236606853210397,-0.08299265087965002
ma20_episode_ml_l2_logistic,bottom,all_a_ma20_episode_match_walk_forward_v1,onset,ma20_episode_ml_l2_logistic::bottom::all_a_ma20_episode_match_walk_forward_v1::000009,2024-01-25,all_a,全A,10,True,10,True,2024-02-08,4161.78369140625,-0.04238265711312694,0.0037236606853210397,-0.14318735405503924
ma20_episode_ml_l2_logistic,bottom,all_a_ma20_episode_match_walk_forward_v1,onset,ma20_episode_ml_l2_logistic::bottom::all_a_ma20_episode_match_walk_forward_v1::000009,2024-01-25,all_a,全A,20,True,20,True,2024-03-01,4161.78369140625,0.029967971449666564,0.034648182817684114,-0.14318735405503924
ma20_episode_ml_l2_logistic,bottom,all_a_ma20_episode_match_walk_forward_v1,onset,ma20_episode_ml_l2_logistic::bottom::all_a_ma20_episode_match_walk_forward_v1::000009,2024-01-25,cni2000,国证2000,5,True,5,True,2024-02-01,6814.64,-0.11627466748060056,0.009043764600918047,-0.12980142751487977
ma20_episode_ml_l2_logistic,bottom,all_a_ma20_episode_match_walk_forward_v1,onset,ma20_episode_ml_l2_logistic::bottom::all_a_ma20_episode_match_walk_forward_v1::000009,2024-01-25,cni2000,国证2000,10,True,10,True,2024-02-08,6814.64,-0.11053408543958299,0.009043764600918047,-0.2467158940164118
ma20_episode_ml_l2_logistic,bottom,all_a_ma20_episode_match_walk_forward_v1,onset,ma20_episode_ml_l2_logistic::bottom::all_a_ma20_episode_match_walk_forward_v1::000009,2024-01-25,cni2000,国证2000,20,True,20,True,2024-03-01,6814.64,-0.007998955190589685,0.01289136330018903,-0.2467158940164118
ma20_episode_ml_l2_logistic,bottom,all_a_ma20_episode_match_walk_forward_v1,onset,ma20_episode_ml_l2_logistic::bottom::all_a_ma20_episode_match_walk_forward_v1::000009,2024-01-25,csi1000,中证1000,5,True,5,True,2024-02-01,5316.2,-0.10642188029043309,0.0068940220458222345,-0.11883111997291296
ma20_episode_ml_l2_logistic,bottom,all_a_ma20_episode_match_walk_forward_v1,onset,ma20_episode_ml_l2_logistic::bottom::all_a_ma20_episode_match_walk_forward_v1::000009,2024-01-25,csi1000,中证1000,10,True,10,True,2024-02-08,5316.2,-0.060776494488544386,0.0068940220458222345,-0.2141115834618713
ma20_episode_ml_l2_logistic,bottom,all_a_ma20_episode_match_walk_forward_v1,onset,ma20_episode_ml_l2_logistic::bottom::all_a_ma20_episode_match_walk_forward_v1::000009,2024-01-25,csi1000,中证1000,20,True,20,True,2024-03-01,5316.2,0.016128061397238547,0.030452202701177544,-0.2141115834618713
ma20_episode_ml_l2_logistic,bottom,all_a_ma20_episode_match_walk_forward_v1,onset,ma20_episode_ml_l2_logistic::bottom::all_a_ma20_episode_match_walk_forward_v1::000009,2024-01-25,csi300,沪深300,5,True,5,True,2024-02-01,3342.92,-0.03745527861869269,0.002707214052385165,-0.045176073612291034
ma20_episode_ml_l2_logistic,bottom,all_a_ma20_episode_match_walk_forward_v1,onset,ma20_episode_ml_l2_logistic::bottom::all_a_ma20_episode_match_walk_forward_v1::000009,2024-01-25,csi300,沪深300,10,True,10,True,2024-02-08,3342.92,0.006584064231270892,0.007266102688667342,-0.07016919339978223
ma20_episode_ml_l2_logistic,bottom,all_a_ma20_episode_match_walk_forward_v1,onset,ma20_episode_ml_l2_logistic::bottom::all_a_ma20_episode_match_walk_forward_v1::000009,2024-01-25,csi300,沪深300,20,True,20,True,2024-03-01,3342.92,0.05829633972694537,0.060258695990331734,-0.07016919339978223
ma20_episode_ml_l2_logistic,bottom,all_a_ma20_episode_match_walk_forward_v1,onset,ma20_episode_ml_l2_logistic::bottom::all_a_ma20_episode_match_walk_forward_v1::000009,2024-01-25,csi500,中证500,5,True,5,True,2024-02-01,5073.18,-0.07775202141457638,0.0025526395672930136,-0.08735940770877448
ma20_episode_ml_l2_logistic,bottom,all_a_ma20_episode_match_walk_forward_v1,onset,ma20_episode_ml_l2_logistic::bottom::all_a_ma20_episode_match_walk_forward_v1::000009,2024-01-25,csi500,中证500,10,True,10,True,2024-02-08,5073.18,0.015187712637832584,0.05795970180439092,-0.15610327250363687
ma20_episode_ml_l2_logistic,bottom,all_a_ma20_episode_match_walk_forward_v1,onset,ma20_episode_ml_l2_logistic::bottom::all_a_ma20_episode_match_walk_forward_v1::000009,2024-01-25,csi500,中证500,20,True,20,True,2024-03-01,5073.18,0.06029157254424233,0.062012386708139466,-0.15610327250363687
ma20_episode_ml_l2_logistic,bottom,all_a_ma20_episode_match_walk_forward_v1,onset,ma20_episode_ml_l2_logistic::bottom::all_a_ma20_episode_match_walk_forward_v1::000009,2024-01-25,microcap,微盘股,5,True,5,True,2024-02-01,3065.37,-0.15985998427596004,0.024342901509442516,-0.18280990549264853
ma20_episode_ml_l2_logistic,bottom,all_a_ma20_episode_match_walk_forward_v1,onset,ma20_episode_ml_l2_logistic::bottom::all_a_ma20_episode_match_walk_forward_v1::000009,2024-01-25,microcap,微盘股,10,True,10,True,2024-02-08,3065.37,-0.34443476643928794,0.024342901509442516,-0.4349099782407996
ma20_episode_ml_l2_logistic,bottom,all_a_ma20_episode_match_walk_forward_v1,onset,ma20_episode_ml_l2_logistic::bottom::all_a_ma20_episode_match_walk_forward_v1::000009,2024-01-25,microcap,微盘股,20,True,20,True,2024-03-01,3065.37,-0.17022414912392292,0.024342901509442516,-0.4349099782407996
ma20_episode_ml_l2_logistic,bottom,all_a_ma20_episode_match_walk_forward_v1,onset,ma20_episode_ml_l2_logistic::bottom::all_a_ma20_episode_match_walk_forward_v1::000009,2024-01-25,sse_composite,上证指数,5,True,5,True,2024-02-01,2906.11,-0.04658116864124218,0.0062626672768753,-0.05276125129468601
ma20_episode_ml_l2_logistic,bottom,all_a_ma20_episode_match_walk_forward_v1,onset,ma20_episode_ml_l2_logistic::bottom::all_a_ma20_episode_match_walk_forward_v1::000009,2024-01-25,sse_composite,上证指数,10,True,10,True,2024-02-08,2906.11,-0.013836365450722754,0.0062626672768753,-0.09325868600982068
ma20_episode_ml_l2_logistic,bottom,all_a_ma20_episode_match_walk_forward_v1,onset,ma20_episode_ml_l2_logistic::bottom::all_a_ma20_episode_match_walk_forward_v1::000009,2024-01-25,sse_composite,上证指数,20,True,20,True,2024-03-01,2906.11,0.04160544507950492,0.04339821961315993,-0.09325868600982068
ma20_episode_ml_l2_logistic,bottom,all_a_ma20_episode_match_walk_forward_v1,onset,ma20_episode_ml_l2_logistic::bottom::all_a_ma20_episode_match_walk_forward_v1::000010,2024-02-07,all_a,全A,5,True,5,True,2024-02-22,3895.00439453125,0.06563871565753865,0.07084445232268055,0.0020237009821650886
ma20_episode_ml_l2_logistic,bottom,all_a_ma20_episode_match_walk_forward_v1,onset,ma20_episode_ml_l2_logistic::bottom::all_a_ma20_episode_match_walk_forward_v1::000010,2024-02-07,all_a,全A,10,True,10,True,2024-02-29,3895.00439453125,0.09150242404101117,0.10551401165028973,0.0020237009821650886
ma20_episode_ml_l2_logistic,bottom,all_a_ma20_episode_match_walk_forward_v1,onset,ma20_episode_ml_l2_logistic::bottom::all_a_ma20_episode_match_walk_forward_v1::000010,2024-02-07,all_a,全A,20,True,20,True,2024-03-14,3895.00439453125,0.11414636311110149,0.12611469343807147,0.0020237009821650886
ma20_episode_ml_l2_logistic,bottom,all_a_ma20_episode_match_walk_forward_v1,onset,ma20_episode_ml_l2_logistic::bottom::all_a_ma20_episode_match_walk_forward_v1::000010,2024-02-07,cni2000,国证2000,5,True,5,True,2024-02-22,5712.37,0.12255333600589591,0.12932635666107073,0.0038635452535462633
ma20_episode_ml_l2_logistic,bottom,all_a_ma20_episode_match_walk_forward_v1,onset,ma20_episode_ml_l2_logistic::bottom::all_a_ma20_episode_match_walk_forward_v1::000010,2024-02-07,cni2000,国证2000,10,True,10,True,2024-02-29,5712.37,0.16815437375380093,0.20834084626871152,0.0038635452535462633
ma20_episode_ml_l2_logistic,bottom,all_a_ma20_episode_match_walk_forward_v1,onset,ma20_episode_ml_l2_logistic::bottom::all_a_ma20_episode_match_walk_forward_v1::000010,2024-02-07,cni2000,国证2000,20,True,20,True,2024-03-14,5712.37,0.21275407580391326,0.22990807668270774,0.0038635452535462633
ma20_episode_ml_l2_logistic,bottom,all_a_ma20_episode_match_walk_forward_v1,onset,ma20_episode_ml_l2_logistic::bottom::all_a_ma20_episode_match_walk_forward_v1::000010,2024-02-07,csi1000,中证1000,5,True,5,True,2024-02-22,4797.85,0.07371635211605176,0.08562168471294429,0.005896391091843256
ma20_episode_ml_l2_logistic,bottom,all_a_ma20_episode_match_walk_forward_v1,onset,ma20_episode_ml_l2_logistic::bottom::all_a_ma20_episode_match_walk_forward_v1::000010,2024-02-07,csi1000,中证1000,10,True,10,True,2024-02-29,4797.85,0.1139593776379002,0.14178017236887341,0.005896391091843256
ma20_episode_ml_l2_logistic,bottom,all_a_ma20_episode_match_walk_forward_v1,onset,ma20_episode_ml_l2_logistic::bottom::all_a_ma20_episode_match_walk_forward_v1::000010,2024-02-07,csi1000,中证1000,20,True,20,True,2024-03-14,4797.85,0.14356430484487825,0.15907750346509353,0.005896391091843256
ma20_episode_ml_l2_logistic,bottom,all_a_ma20_episode_match_walk_forward_v1,onset,ma20_episode_ml_l2_logistic::bottom::all_a_ma20_episode_match_walk_forward_v1::000010,2024-02-07,csi300,沪深300,5,True,5,True,2024-02-22,3343.63,0.04277985303397802,0.0468054180636015,-0.0019888564225108984
ma20_episode_ml_l2_logistic,bottom,all_a_ma20_episode_match_walk_forward_v1,onset,ma20_episode_ml_l2_logistic::bottom::all_a_ma20_episode_match_walk_forward_v1::000010,2024-02-07,csi300,沪深300,10,True,10,True,2024-02-29,3343.63,0.05157568271609003,0.0532445276540765,-0.0019888564225108984
ma20_episode_ml_l2_logistic,bottom,all_a_ma20_episode_match_walk_forward_v1,onset,ma20_episode_ml_l2_logistic::bottom::all_a_ma20_episode_match_walk_forward_v1::000010,2024-02-07,csi300,沪深300,20,True,20,True,2024-03-14,3343.63,0.06537505645062391,0.07837888761615353,-0.0019888564225108984
ma20_episode_ml_l2_logistic,bottom,all_a_ma20_episode_match_walk_forward_v1,onset,ma20_episode_ml_l2_logistic::bottom::all_a_ma20_episode_match_walk_forward_v1::000010,2024-02-07,csi500,中证500,5,True,5,True,2024-02-22,5109.57,0.013067635828455382,0.050424986838423,-0.007180643380949814
ma20_episode_ml_l2_logistic,bottom,all_a_ma20_episode_match_walk_forward_v1,onset,ma20_episode_ml_l2_logistic::bottom::all_a_ma20_episode_match_walk_forward_v1::000010,2024-02-07,csi500,中证500,10,True,10,True,2024-02-29,5109.57,0.04642660732703541,0.053575936918370815,-0.007180643380949814
ma20_episode_ml_l2_logistic,bottom,all_a_ma20_episode_match_walk_forward_v1,onset,ma20_episode_ml_l2_logistic::bottom::all_a_ma20_episode_match_walk_forward_v1::000010,2024-02-07,csi500,中证500,20,True,20,True,2024-03-14,5109.57,0.05545672140708535,0.07118407224091272,-0.007180643380949814
ma20_episode_ml_l2_logistic,bottom,all_a_ma20_episode_match_walk_forward_v1,onset,ma20_episode_ml_l2_logistic::bottom::all_a_ma20_episode_match_walk_forward_v1::000010,2024-02-07,microcap,微盘股,5,True,5,True,2024-02-22,1826.86,0.30963511161227464,0.30963511161227464,-0.05181020986829854
ma20_episode_ml_l2_logistic,bottom,all_a_ma20_episode_match_walk_forward_v1,onset,ma20_episode_ml_l2_logistic::bottom::all_a_ma20_episode_match_walk_forward_v1::000010,2024-02-07,microcap,微盘股,10,True,10,True,2024-02-29,1826.86,0.3748398892088063,0.504187513000449,-0.05181020986829854
ma20_episode_ml_l2_logistic,bottom,all_a_ma20_episode_match_walk_forward_v1,onset,ma20_episode_ml_l2_logistic::bottom::all_a_ma20_episode_match_walk_forward_v1::000010,2024-02-07,microcap,微盘股,20,True,20,True,2024-03-14,1826.86,0.4607742246258608,0.504187513000449,-0.05181020986829854
ma20_episode_ml_l2_logistic,bottom,all_a_ma20_episode_match_walk_forward_v1,onset,ma20_episode_ml_l2_logistic::bottom::all_a_ma20_episode_match_walk_forward_v1::000010,2024-02-07,sse_composite,上证指数,5,True,5,True,2024-02-22,2829.7,0.05606954800862285,0.058278262713362006,-0.0006361098349647598
ma20_episode_ml_l2_logistic,bottom,all_a_ma20_episode_match_walk_forward_v1,onset,ma20_episode_ml_l2_logistic::bottom::all_a_ma20_episode_match_walk_forward_v1::000010,2024-02-07,sse_composite,上证指数,10,True,10,True,2024-02-29,2829.7,0.06554405060607138,0.07131144644308574,-0.0006361098349647598
ma20_episode_ml_l2_logistic,bottom,all_a_ma20_episode_match_walk_forward_v1,onset,ma20_episode_ml_l2_logistic::bottom::all_a_ma20_episode_match_walk_forward_v1::000010,2024-02-07,sse_composite,上证指数,20,True,20,True,2024-03-14,2829.7,0.07369332438067655,0.08673357599745568,-0.0006361098349647598
ma20_episode_ml_l2_logistic,bottom,all_a_ma20_episode_match_walk_forward_v1,onset,ma20_episode_ml_l2_logistic::bottom::all_a_ma20_episode_match_walk_forward_v1::000011,2024-04-23,all_a,全A,5,True,5,True,2024-04-30,4183.6953125,0.040678517608349285,0.04950521742702785,-0.0012053862371221857
ma20_episode_ml_l2_logistic,bottom,all_a_ma20_episode_match_walk_forward_v1,onset,ma20_episode_ml_l2_logistic::bottom::all_a_ma20_episode_match_walk_forward_v1::000011,2024-04-23,all_a,全A,10,True,10,True,2024-05-10,4183.6953125,0.057690826366493475,0.06428427040986873,-0.0012053862371221857
ma20_episode_ml_l2_logistic,bottom,all_a_ma20_episode_match_walk_forward_v1,onset,ma20_episode_ml_l2_logistic::bottom::all_a_ma20_episode_match_walk_forward_v1::000011,2024-04-23,all_a,全A,20,True,20,True,2024-05-24,4183.6953125,0.02830930341560345,0.06431706606562315,-0.0012053862371221857
ma20_episode_ml_l2_logistic,bottom,all_a_ma20_episode_match_walk_forward_v1,onset,ma20_episode_ml_l2_logistic::bottom::all_a_ma20_episode_match_walk_forward_v1::000011,2024-04-23,cni2000,国证2000,5,True,5,True,2024-04-30,6499.92,0.05658992726064316,0.06497310736132134,-0.0018600228925894635
ma20_episode_ml_l2_logistic,bottom,all_a_ma20_episode_match_walk_forward_v1,onset,ma20_episode_ml_l2_logistic::bottom::all_a_ma20_episode_match_walk_forward_v1::000011,2024-04-23,cni2000,国证2000,10,True,10,True,2024-05-10,6499.92,0.071836268754077,0.0859272114118328,-0.0018600228925894635
ma20_episode_ml_l2_logistic,bottom,all_a_ma20_episode_match_walk_forward_v1,onset,ma20_episode_ml_l2_logistic::bottom::all_a_ma20_episode_match_walk_forward_v1::000011,2024-04-23,cni2000,国证2000,20,True,20,True,2024-05-24,6499.92,0.0300834471808884,0.0859272114118328,-0.0018600228925894635
ma20_episode_ml_l2_logistic,bottom,all_a_ma20_episode_match_walk_forward_v1,onset,ma20_episode_ml_l2_logistic::bottom::all_a_ma20_episode_match_walk_forward_v1::000011,2024-04-23,csi1000,中证1000,5,True,5,True,2024-04-30,5218.43,0.05346435613776568,0.06357850924511776,-0.0034167364513847387
ma20_episode_ml_l2_logistic,bottom,all_a_ma20_episode_match_walk_forward_v1,onset,ma20_episode_ml_l2_logistic::bottom::all_a_ma20_episode_match_walk_forward_v1::000011,2024-04-23,csi1000,中证1000,10,True,10,True,2024-05-10,5218.43,0.0681814262143976,0.08115276050459608,-0.0034167364513847387
ma20_episode_ml_l2_logistic,bottom,all_a_ma20_episode_match_walk_forward_v1,onset,ma20_episode_ml_l2_logistic::bottom::all_a_ma20_episode_match_walk_forward_v1::000011,2024-04-23,csi1000,中证1000,20,True,20,True,2024-05-24,5218.43,0.025233643068892198,0.08115276050459608,-0.0034167364513847387
ma20_episode_ml_l2_logistic,bottom,all_a_ma20_episode_match_walk_forward_v1,onset,ma20_episode_ml_l2_logistic::bottom::all_a_ma20_episode_match_walk_forward_v1::000011,2024-04-23,csi300,沪深300,5,True,5,True,2024-04-30,3506.22,0.027998813537085443,0.039814957418530694,-0.003014642549526214
ma20_episode_ml_l2_logistic,bottom,all_a_ma20_episode_match_walk_forward_v1,onset,ma20_episode_ml_l2_logistic::bottom::all_a_ma20_episode_match_walk_forward_v1::000011,2024-04-23,csi300,沪深300,10,True,10,True,2024-05-10,3506.22,0.04565030146425508,0.04802607936752401,-0.003014642549526214
ma20_episode_ml_l2_logistic,bottom,all_a_ma20_episode_match_walk_forward_v1,onset,ma20_episode_ml_l2_logistic::bottom::all_a_ma20_episode_match_walk_forward_v1::000011,2024-04-23,csi300,沪深300,20,True,20,True,2024-05-24,3506.22,0.027168859911813836,0.056131674566912704,-0.003014642549526214
ma20_episode_ml_l2_logistic,bottom,all_a_ma20_episode_match_walk_forward_v1,onset,ma20_episode_ml_l2_logistic::bottom::all_a_ma20_episode_match_walk_forward_v1::000011,2024-04-23,csi500,中证500,5,True,5,True,2024-04-30,5208.27,0.04471158369285777,0.053762573752896614,-0.0047174973647681195
ma20_episode_ml_l2_logistic,bottom,all_a_ma20_episode_match_walk_forward_v1,onset,ma20_episode_ml_l2_logistic::bottom::all_a_ma20_episode_match_walk_forward_v1::000011,2024-04-23,csi500,中证500,10,True,10,True,2024-05-10,5208.27,0.06280972376624083,0.0695624458793418,-0.0047174973647681195
ma20_episode_ml_l2_logistic,bottom,all_a_ma20_episode_match_walk_forward_v1,onset,ma20_episode_ml_l2_logistic::bottom::all_a_ma20_episode_match_walk_forward_v1::000011,2024-04-23,csi500,中证500,20,True,20,True,2024-05-24,5208.27,0.020194805568835683,0.0695624458793418,-0.0047174973647681195
ma20_episode_ml_l2_logistic,bottom,all_a_ma20_episode_match_walk_forward_v1,onset,ma20_episode_ml_l2_logistic::bottom::all_a_ma20_episode_match_walk_forward_v1::000011,2024-04-23,microcap,微盘股,5,True,5,True,2024-04-30,2458.1,0.09039908872706559,0.10510150115943206,0.0030918188845041605
ma20_episode_ml_l2_logistic,bottom,all_a_ma20_episode_match_walk_forward_v1,onset,ma20_episode_ml_l2_logistic::bottom::all_a_ma20_episode_match_walk_forward_v1::000011,2024-04-23,microcap,微盘股,10,True,10,True,2024-05-10,2458.1,0.12178105040478404,0.1446157601399456,0.0030918188845041605
ma20_episode_ml_l2_logistic,bottom,all_a_ma20_episode_match_walk_forward_v1,onset,ma20_episode_ml_l2_logistic::bottom::all_a_ma20_episode_match_walk_forward_v1::000011,2024-04-23,microcap,微盘股,20,True,20,True,2024-05-24,2458.1,0.09695293112566628,0.15657621740368577,0.0030918188845041605
ma20_episode_ml_l2_logistic,bottom,all_a_ma20_episode_match_walk_forward_v1,onset,ma20_episode_ml_l2_logistic::bottom::all_a_ma20_episode_match_walk_forward_v1::000011,2024-04-23,sse_composite,上证指数,5,True,5,True,2024-04-30,3021.98,0.027412491148187668,0.033524378056770665,-0.0009463993805386428
ma20_episode_ml_l2_logistic,bottom,all_a_ma20_episode_match_walk_forward_v1,onset,ma20_episode_ml_l2_logistic::bottom::all_a_ma20_episode_match_walk_forward_v1::000011,2024-04-23,sse_composite,上证指数,10,True,10,True,2024-05-10,3021.98,0.04386858946783234,0.04671109669819118,-0.0009463993805386428
ma20_episode_ml_l2_logistic,bottom,all_a_ma20_episode_match_walk_forward_v1,onset,ma20_episode_ml_l2_logistic::bottom::all_a_ma20_episode_match_walk_forward_v1::000011,2024-04-23,sse_composite,上证指数,20,True,20,True,2024-05-24,3021.98,0.02213449460287631,0.05039411246930814,-0.0009463993805386428
ma20_episode_ml_l2_logistic,bottom,all_a_ma20_episode_match_walk_forward_v1,onset,ma20_episode_ml_l2_logistic::bottom::all_a_ma20_episode_match_walk_forward_v1::000012,2024-06-14,all_a,全A,5,True,5,True,2024-06-21,4188.7822265625,-0.016618278964486866,0.0051180690241070526,-0.021524659077106323
ma20_episode_ml_l2_logistic,bottom,all_a_ma20_episode_match_walk_forward_v1,onset,ma20_episode_ml_l2_logistic::bottom::all_a_ma20_episode_match_walk_forward_v1::000012,2024-06-14,all_a,全A,10,True,10,True,2024-06-28,4188.7822265625,-0.035526959678624515,0.0051180690241070526,-0.04525112762813066
ma20_episode_ml_l2_logistic,bottom,all_a_ma20_episode_match_walk_forward_v1,onset,ma20_episode_ml_l2_logistic::bottom::all_a_ma20_episode_match_walk_forward_v1::000012,2024-06-14,all_a,全A,20,True,20,True,2024-07-12,4188.7822265625,-0.036274340436335595,0.0051180690241070526,-0.0698967410398822
ma20_episode_ml_l2_logistic,bottom,all_a_ma20_episode_match_walk_forward_v1,onset,ma20_episode_ml_l2_logistic::bottom::all_a_ma20_episode_match_walk_forward_v1::000012,2024-06-14,cni2000,国证2000,5,True,5,True,2024-06-21,6422.2,-0.02140543738905676,0.01323378281585752,-0.03126965837252027
ma20_episode_ml_l2_logistic,bottom,all_a_ma20_episode_match_walk_forward_v1,onset,ma20_episode_ml_l2_logistic::bottom::all_a_ma20_episode_match_walk_forward_v1::000012,2024-06-14,cni2000,国证2000,10,True,10,True,2024-06-28,6422.2,-0.05081124848182861,0.01323378281585752,-0.07035906698639094
ma20_episode_ml_l2_logistic,bottom,all_a_ma20_episode_match_walk_forward_v1,onset,ma20_episode_ml_l2_logistic::bottom::all_a_ma20_episode_match_walk_forward_v1::000012,2024-06-14,cni2000,国证2000,20,True,20,True,2024-07-12,6422.2,-0.05957615770296776,0.01323378281585752,-0.1071657687396842
ma20_episode_ml_l2_logistic,bottom,all_a_ma20_episode_match_walk_forward_v1,onset,ma20_episode_ml_l2_logistic::bottom::all_a_ma20_episode_match_walk_forward_v1::000012,2024-06-14,csi1000,中证1000,5,True,5,True,2024-06-21,5180.65,-0.024190014766486745,0.01183635258123994,-0.032075125708164065
ma20_episode_ml_l2_logistic,bottom,all_a_ma20_episode_match_walk_forward_v1,onset,ma20_episode_ml_l2_logistic::bottom::all_a_ma20_episode_match_walk_forward_v1::000012,2024-06-14,csi1000,中证1000,10,True,10,True,2024-06-28,5180.65,-0.05494677308831897,0.01183635258123994,-0.07113972184957473
ma20_episode_ml_l2_logistic,bottom,all_a_ma20_episode_match_walk_forward_v1,onset,ma20_episode_ml_l2_logistic::bottom::all_a_ma20_episode_match_walk_forward_v1::000012,2024-06-14,csi1000,中证1000,20,True,20,True,2024-07-12,5180.65,-0.058415449798770225,0.01183635258123994,-0.10335575651703932
ma20_episode_ml_l2_logistic,bottom,all_a_ma20_episode_match_walk_forward_v1,onset,ma20_episode_ml_l2_logistic::bottom::all_a_ma20_episode_match_walk_forward_v1::000012,2024-06-14,csi300,沪深300,5,True,5,True,2024-06-21,3541.53,-0.012963323761199352,0.0028744638616642337,-0.019116031771579056
ma20_episode_ml_l2_logistic,bottom,all_a_ma20_episode_match_walk_forward_v1,onset,ma20_episode_ml_l2_logistic::bottom::all_a_ma20_episode_match_walk_forward_v1::000012,2024-06-14,csi300,沪深300,10,True,10,True,2024-06-28,3541.53,-0.022552399669069634,0.0028744638616642337,-0.02848486388651239
ma20_episode_ml_l2_logistic,bottom,all_a_ma20_episode_match_walk_forward_v1,onset,ma20_episode_ml_l2_logistic::bottom::all_a_ma20_episode_match_walk_forward_v1::000012,2024-06-14,csi300,沪深300,20,True,20,True,2024-07-12,3541.53,-0.01951981205863007,0.0028744638616642337,-0.044252060550101335
ma20_episode_ml_l2_logistic,bottom,all_a_ma20_episode_match_walk_forward_v1,onset,ma20_episode_ml_l2_logistic::bottom::all_a_ma20_episode_match_walk_forward_v1::000012,2024-06-14,csi500,中证500,5,True,5,True,2024-06-21,5213.09,-0.021246515981884095,0.005850656712237834,-0.02713170115996477
ma20_episode_ml_l2_logistic,bottom,all_a_ma20_episode_match_walk_forward_v1,onset,ma20_episode_ml_l2_logistic::bottom::all_a_ma20_episode_match_walk_forward_v1::000012,2024-06-14,csi500,中证500,10,True,10,True,2024-06-28,5213.09,-0.05185216445524643,0.005850656712237834,-0.05726737884824551
ma20_episode_ml_l2_logistic,bottom,all_a_ma20_episode_match_walk_forward_v1,onset,ma20_episode_ml_l2_logistic::bottom::all_a_ma20_episode_match_walk_forward_v1::000012,2024-06-14,csi500,中证500,20,True,20,True,2024-07-12,5213.09,-0.056344701511004125,0.005850656712237834,-0.0897298914847049
ma20_episode_ml_l2_logistic,bottom,all_a_ma20_episode_match_walk_forward_v1,onset,ma20_episode_ml_l2_logistic::bottom::all_a_ma20_episode_match_walk_forward_v1::000012,2024-06-14,microcap,微盘股,5,True,5,True,2024-06-21,2475.93,-0.006635890352312046,0.022589491625369273,-0.021604003344197875
ma20_episode_ml_l2_logistic,bottom,all_a_ma20_episode_match_walk_forward_v1,onset,ma20_episode_ml_l2_logistic::bottom::all_a_ma20_episode_match_walk_forward_v1::000012,2024-06-14,microcap,微盘股,10,True,10,True,2024-06-28,2475.93,-0.008699761301813824,0.022589491625369273,-0.0553488992015122
ma20_episode_ml_l2_logistic,bottom,all_a_ma20_episode_match_walk_forward_v1,onset,ma20_episode_ml_l2_logistic::bottom::all_a_ma20_episode_match_walk_forward_v1::000012,2024-06-14,microcap,微盘股,20,True,20,True,2024-07-12,2475.93,-0.011777392737274406,0.022589491625369273,-0.07351177133440756
ma20_episode_ml_l2_logistic,bottom,all_a_ma20_episode_match_walk_forward_v1,onset,ma20_episode_ml_l2_logistic::bottom::all_a_ma20_episode_match_walk_forward_v1::000012,2024-06-14,sse_composite,上证指数,5,True,5,True,2024-06-21,3032.63,-0.011372966698872,-0.00021433541183724092,-0.015399174973537932
ma20_episode_ml_l2_logistic,bottom,all_a_ma20_episode_match_walk_forward_v1,onset,ma20_episode_ml_l2_logistic::bottom::all_a_ma20_episode_match_walk_forward_v1::000012,2024-06-14,sse_composite,上证指数,10,True,10,True,2024-06-28,3032.63,-0.02150938294483662,-0.00021433541183724092,-0.03274385599298302
ma20_episode_ml_l2_logistic,bottom,all_a_ma20_episode_match_walk_forward_v1,onset,ma20_episode_ml_l2_logistic::bottom::all_a_ma20_episode_match_walk_forward_v1::000012,2024-06-14,sse_composite,上证指数,20,True,20,True,2024-07-12,3032.63,-0.020223370473813174,-0.00021433541183724092,-0.04240213939715698
ma20_episode_ml_l2_logistic,bottom,all_a_ma20_episode_match_walk_forward_v1,onset,ma20_episode_ml_l2_logistic::bottom::all_a_ma20_episode_match_walk_forward_v1::000013,2024-07-01,all_a,全A,5,True,5,True,2024-07-08,4070.436767578125,-0.034956166465407223,0.002444383145931983,-0.03710233414778785
ma20_episode_ml_l2_logistic,bottom,all_a_ma20_episode_match_walk_forward_v1,onset,ma20_episode_ml_l2_logistic::bottom::all_a_ma20_episode_match_walk_forward_v1::000013,2024-07-01,all_a,全A,10,True,10,True,2024-07-15,4070.436767578125,-0.013308674777143592,0.002444383145931983,-0.0428545577633217
ma20_episode_ml_l2_logistic,bottom,all_a_ma20_episode_match_walk_forward_v1,onset,ma20_episode_ml_l2_logistic::bottom::all_a_ma20_episode_match_walk_forward_v1::000013,2024-07-01,all_a,全A,20,True,20,True,2024-07-29,4070.436767578125,-0.038324945573578684,0.002444383145931983,-0.04917952061084507
ma20_episode_ml_l2_logistic,bottom,all_a_ma20_episode_match_walk_forward_v1,onset,ma20_episode_ml_l2_logistic::bottom::all_a_ma20_episode_match_walk_forward_v1::000013,2024-07-01,cni2000,国证2000,5,True,5,True,2024-07-08,6147.73,-0.054494911129799095,0.003754231236570371,-0.057196721391472805
ma20_episode_ml_l2_logistic,bottom,all_a_ma20_episode_match_walk_forward_v1,onset,ma20_episode_ml_l2_logistic::bottom::all_a_ma20_episode_match_walk_forward_v1::000013,2024-07-01,cni2000,国证2000,10,True,10,True,2024-07-15,6147.73,-0.03125055914947472,0.003754231236570371,-0.06730451727710873
ma20_episode_ml_l2_logistic,bottom,all_a_ma20_episode_match_walk_forward_v1,onset,ma20_episode_ml_l2_logistic::bottom::all_a_ma20_episode_match_walk_forward_v1::000013,2024-07-01,cni2000,国证2000,20,True,20,True,2024-07-29,6147.73,-0.055675834820332004,0.003754231236570371,-0.08125763493191784
ma20_episode_ml_l2_logistic,bottom,all_a_ma20_episode_match_walk_forward_v1,onset,ma20_episode_ml_l2_logistic::bottom::all_a_ma20_episode_match_walk_forward_v1::000013,2024-07-01,csi1000,中证1000,5,True,5,True,2024-07-08,4940.25,-0.04985375234046863,0.0022164870198875253,-0.05282526187945957
ma20_episode_ml_l2_logistic,bottom,all_a_ma20_episode_match_walk_forward_v1,onset,ma20_episode_ml_l2_logistic::bottom::all_a_ma20_episode_match_walk_forward_v1::000013,2024-07-01,csi1000,中证1000,10,True,10,True,2024-07-15,4940.25,-0.022802489752542843,0.0022164870198875253,-0.05972369819341128
ma20_episode_ml_l2_logistic,bottom,all_a_ma20_episode_match_walk_forward_v1,onset,ma20_episode_ml_l2_logistic::bottom::all_a_ma20_episode_match_walk_forward_v1::000013,2024-07-01,csi1000,中证1000,20,True,20,True,2024-07-29,4940.25,-0.05153585344871214,0.0022164870198875253,-0.07136076109508627
ma20_episode_ml_l2_logistic,bottom,all_a_ma20_episode_match_walk_forward_v1,onset,ma20_episode_ml_l2_logistic::bottom::all_a_ma20_episode_match_walk_forward_v1::000013,2024-07-01,csi300,沪深300,5,True,5,True,2024-07-08,3478.18,-0.02197126083181422,0.0029153177811385156,-0.023653174936317245
ma20_episode_ml_l2_logistic,bottom,all_a_ma20_episode_match_walk_forward_v1,onset,ma20_episode_ml_l2_logistic::bottom::all_a_ma20_episode_match_walk_forward_v1::000013,2024-07-01,csi300,沪深300,10,True,10,True,2024-07-15,3478.18,-0.0005548879011436636,0.0029153177811385156,-0.02684449913460485
ma20_episode_ml_l2_logistic,bottom,all_a_ma20_episode_match_walk_forward_v1,onset,ma20_episode_ml_l2_logistic::bottom::all_a_ma20_episode_match_walk_forward_v1::000013,2024-07-01,csi300,沪深300,20,True,20,True,2024-07-29,3478.18,-0.025139584495339484,0.019308948933062675,-0.027134880885980484
ma20_episode_ml_l2_logistic,bottom,all_a_ma20_episode_match_walk_forward_v1,onset,ma20_episode_ml_l2_logistic::bottom::all_a_ma20_episode_match_walk_forward_v1::000013,2024-07-01,csi500,中证500,5,True,5,True,2024-07-08,5003.16,-0.043880267670831974,-8.394694553048865e-05,-0.04689036528913715
ma20_episode_ml_l2_logistic,bottom,all_a_ma20_episode_match_walk_forward_v1,onset,ma20_episode_ml_l2_logistic::bottom::all_a_ma20_episode_match_walk_forward_v1::000013,2024-07-01,csi500,中证500,10,True,10,True,2024-07-15,5003.16,-0.023836935057043984,-8.394694553048865e-05,-0.05153542960848745
ma20_episode_ml_l2_logistic,bottom,all_a_ma20_episode_match_walk_forward_v1,onset,ma20_episode_ml_l2_logistic::bottom::all_a_ma20_episode_match_walk_forward_v1::000013,2024-07-01,csi500,中证500,20,True,20,True,2024-07-29,5003.16,-0.058826821448844324,-8.394694553048865e-05,-0.0735375242846521
ma20_episode_ml_l2_logistic,bottom,all_a_ma20_episode_match_walk_forward_v1,onset,ma20_episode_ml_l2_logistic::bottom::all_a_ma20_episode_match_walk_forward_v1::000013,2024-07-01,microcap,微盘股,5,True,5,True,2024-07-08,2470.06,-0.04456571905135909,0.02056630203314902,-0.0474239492158085
ma20_episode_ml_l2_logistic,bottom,all_a_ma20_episode_match_walk_forward_v1,onset,ma20_episode_ml_l2_logistic::bottom::all_a_ma20_episode_match_walk_forward_v1::000013,2024-07-01,microcap,微盘股,10,True,10,True,2024-07-15,2470.06,-0.0307037076022445,0.02056630203314902,-0.07131000866375714
ma20_episode_ml_l2_logistic,bottom,all_a_ma20_episode_match_walk_forward_v1,onset,ma20_episode_ml_l2_logistic::bottom::all_a_ma20_episode_match_walk_forward_v1::000013,2024-07-01,microcap,微盘股,20,True,20,True,2024-07-29,2470.06,-0.014894375035424234,0.02056630203314902,-0.07131000866375714
ma20_episode_ml_l2_logistic,bottom,all_a_ma20_episode_match_walk_forward_v1,onset,ma20_episode_ml_l2_logistic::bottom::all_a_ma20_episode_match_walk_forward_v1::000013,2024-07-01,sse_composite,上证指数,5,True,5,True,2024-07-08,2994.73,-0.024135731768807234,0.0034260183722738535,-0.025878793747683426
ma20_episode_ml_l2_logistic,bottom,all_a_ma20_episode_match_walk_forward_v1,onset,ma20_episode_ml_l2_logistic::bottom::all_a_ma20_episode_match_walk_forward_v1::000013,2024-07-01,sse_composite,上证指数,10,True,10,True,2024-07-15,2994.73,-0.006918820728412878,0.0034260183722738535,-0.03028319748357955
ma20_episode_ml_l2_logistic,bottom,all_a_ma20_episode_match_walk_forward_v1,onset,ma20_episode_ml_l2_logistic::bottom::all_a_ma20_episode_match_walk_forward_v1::000013,2024-07-01,sse_composite,上证指数,20,True,20,True,2024-07-29,2994.73,-0.034353681300150596,0.0034260183722738535,-0.040698159767324604
ma20_episode_ml_l2_logistic,bottom,all_a_ma20_episode_match_walk_forward_v1,onset,ma20_episode_ml_l2_logistic::bottom::all_a_ma20_episode_match_walk_forward_v1::000014,2024-07-03,all_a,全A,5,True,5,True,2024-07-10,4032.85595703125,-0.01563863426985057,0.004177478230874332,-0.033935245515685386
ma20_episode_ml_l2_logistic,bottom,all_a_ma20_episode_match_walk_forward_v1,onset,ma20_episode_ml_l2_logistic::bottom::all_a_ma20_episode_match_walk_forward_v1::000014,2024-07-03,all_a,全A,10,True,10,True,2024-07-17,4032.85595703125,-0.004745868560841027,0.004177478230874332,-0.033935245515685386
ma20_episode_ml_l2_logistic,bottom,all_a_ma20_episode_match_walk_forward_v1,onset,ma20_episode_ml_l2_logistic::bottom::all_a_ma20_episode_match_walk_forward_v1::000014,2024-07-03,all_a,全A,20,True,20,True,2024-07-31,4032.85595703125,-0.0030433612384794806,0.00454197691835212,-0.04031914853687768
ma20_episode_ml_l2_logistic,bottom,all_a_ma20_episode_match_walk_forward_v1,onset,ma20_episode_ml_l2_logistic::bottom::all_a_ma20_episode_match_walk_forward_v1::000014,2024-07-03,cni2000,国证2000,5,True,5,True,2024-07-10,6056.47,-0.02535965669771334,0.0031751168584999157,-0.053250490797444705
ma20_episode_ml_l2_logistic,bottom,all_a_ma20_episode_match_walk_forward_v1,onset,ma20_episode_ml_l2_logistic::bottom::all_a_ma20_episode_match_walk_forward_v1::000014,2024-07-03,cni2000,国证2000,10,True,10,True,2024-07-17,6056.47,-0.027324497603389508,0.0031751168584999157,-0.053250490797444705
ma20_episode_ml_l2_logistic,bottom,all_a_ma20_episode_match_walk_forward_v1,onset,ma20_episode_ml_l2_logistic::bottom::all_a_ma20_episode_match_walk_forward_v1::000014,2024-07-03,cni2000,国证2000,20,True,20,True,2024-07-31,6056.47,0.0005234071992430422,0.0031751168584999157,-0.0674138565864274
ma20_episode_ml_l2_logistic,bottom,all_a_ma20_episode_match_walk_forward_v1,onset,ma20_episode_ml_l2_logistic::bottom::all_a_ma20_episode_match_walk_forward_v1::000014,2024-07-03,csi1000,中证1000,5,True,5,True,2024-07-10,4867.13,-0.018378387263130347,0.003412688791957441,-0.04559771364233134
ma20_episode_ml_l2_logistic,bottom,all_a_ma20_episode_match_walk_forward_v1,onset,ma20_episode_ml_l2_logistic::bottom::all_a_ma20_episode_match_walk_forward_v1::000014,2024-07-03,csi1000,中证1000,10,True,10,True,2024-07-17,4867.13,-0.014692436815947008,0.006172015130066377,-0.04559771364233134
ma20_episode_ml_l2_logistic,bottom,all_a_ma20_episode_match_walk_forward_v1,onset,ma20_episode_ml_l2_logistic::bottom::all_a_ma20_episode_match_walk_forward_v1::000014,2024-07-03,csi1000,中证1000,20,True,20,True,2024-07-31,4867.13,0.004509844610684377,0.006172015130066377,-0.057409602784392444
ma20_episode_ml_l2_logistic,bottom,all_a_ma20_episode_match_walk_forward_v1,onset,ma20_episode_ml_l2_logistic::bottom::all_a_ma20_episode_match_walk_forward_v1::000014,2024-07-03,csi300,沪深300,5,True,5,True,2024-07-10,3463.41,-0.009943956967266354,0.005745782335905947,-0.022694396562924934
ma20_episode_ml_l2_logistic,bottom,all_a_ma20_episode_match_walk_forward_v1,onset,ma20_episode_ml_l2_logistic::bottom::all_a_ma20_episode_match_walk_forward_v1::000014,2024-07-03,csi300,沪深300,10,True,10,True,2024-07-17,3463.41,0.011020930239272975,0.014745583110287397,-0.022694396562924934
ma20_episode_ml_l2_logistic,bottom,all_a_ma20_episode_match_walk_forward_v1,onset,ma20_episode_ml_l2_logistic::bottom::all_a_ma20_episode_match_walk_forward_v1::000014,2024-07-03,csi300,沪深300,20,True,20,True,2024-07-31,3463.41,-0.006158670212305206,0.023655876722652014,-0.03193673287309318
ma20_episode_ml_l2_logistic,bottom,all_a_ma20_episode_match_walk_forward_v1,onset,ma20_episode_ml_l2_logistic::bottom::all_a_ma20_episode_match_walk_forward_v1::000014,2024-07-03,csi500,中证500,5,True,5,True,2024-07-10,4910.92,-0.013594194163211837,0.005027571208653381,-0.033720769224503844
ma20_episode_ml_l2_logistic,bottom,all_a_ma20_episode_match_walk_forward_v1,onset,ma20_episode_ml_l2_logistic::bottom::all_a_ma20_episode_match_walk_forward_v1::000014,2024-07-03,csi500,中证500,10,True,10,True,2024-07-17,4910.92,-0.011065136471374082,0.006267664714554533,-0.033720769224503844
ma20_episode_ml_l2_logistic,bottom,all_a_ma20_episode_match_walk_forward_v1,onset,ma20_episode_ml_l2_logistic::bottom::all_a_ma20_episode_match_walk_forward_v1::000014,2024-07-03,csi500,中证500,20,True,20,True,2024-07-31,4910.92,-0.004990918198626737,0.006267664714554533,-0.056136121134125694
ma20_episode_ml_l2_logistic,bottom,all_a_ma20_episode_match_walk_forward_v1,onset,ma20_episode_ml_l2_logistic::bottom::all_a_ma20_episode_match_walk_forward_v1::000014,2024-07-03,microcap,微盘股,5,True,5,True,2024-07-10,2491.06,-0.056245132594156755,0.00101161754433865,-0.07913900106781846
ma20_episode_ml_l2_logistic,bottom,all_a_ma20_episode_match_walk_forward_v1,onset,ma20_episode_ml_l2_logistic::bottom::all_a_ma20_episode_match_walk_forward_v1::000014,2024-07-03,microcap,微盘股,10,True,10,True,2024-07-17,2491.06,-0.05158848040593156,0.00101161754433865,-0.07913900106781846
ma20_episode_ml_l2_logistic,bottom,all_a_ma20_episode_match_walk_forward_v1,onset,ma20_episode_ml_l2_logistic::bottom::all_a_ma20_episode_match_walk_forward_v1::000014,2024-07-03,microcap,微盘股,20,True,20,True,2024-07-31,2491.06,0.019192632855089764,0.019192632855089764,-0.07913900106781846
ma20_episode_ml_l2_logistic,bottom,all_a_ma20_episode_match_walk_forward_v1,onset,ma20_episode_ml_l2_logistic::bottom::all_a_ma20_episode_match_walk_forward_v1::000014,2024-07-03,sse_composite,上证指数,5,True,5,True,2024-07-10,2982.38,-0.014424721195823498,0.004422642319221515,-0.026267611773147626
ma20_episode_ml_l2_logistic,bottom,all_a_ma20_episode_match_walk_forward_v1,onset,ma20_episode_ml_l2_logistic::bottom::all_a_ma20_episode_match_walk_forward_v1::000014,2024-07-03,sse_composite,上证指数,10,True,10,True,2024-07-17,2982.38,-0.006548461296011943,0.004422642319221515,-0.026267611773147626
ma20_episode_ml_l2_logistic,bottom,all_a_ma20_episode_match_walk_forward_v1,onset,ma20_episode_ml_l2_logistic::bottom::all_a_ma20_episode_match_walk_forward_v1::000014,2024-07-03,sse_composite,上证指数,20,True,20,True,2024-07-31,2982.38,-0.014629255829237131,0.004422642319221515,-0.03930753290995781
ma20_episode_ml_l2_logistic,bottom,all_a_ma20_episode_match_walk_forward_v1,onset,ma20_episode_ml_l2_logistic::bottom::all_a_ma20_episode_match_walk_forward_v1::000015,2024-07-15,all_a,全A,5,True,5,True,2024-07-22,4016.2646484375,0.004131880743704519,0.008691769671902883,-0.012295524424003501
ma20_episode_ml_l2_logistic,bottom,all_a_ma20_episode_match_walk_forward_v1,onset,ma20_episode_ml_l2_logistic::bottom::all_a_ma20_episode_match_walk_forward_v1::000015,2024-07-15,all_a,全A,10,True,10,True,2024-07-29,4016.2646484375,-0.02535369487593786,0.008691769671902883,-0.036354678425494
ma20_episode_ml_l2_logistic,bottom,all_a_ma20_episode_match_walk_forward_v1,onset,ma20_episode_ml_l2_logistic::bottom::all_a_ma20_episode_match_walk_forward_v1::000015,2024-07-15,all_a,全A,20,True,20,True,2024-08-12,4016.2646484375,-0.03510274992675044,0.008691769671902883,-0.03753469474098847
ma20_episode_ml_l2_logistic,bottom,all_a_ma20_episode_match_walk_forward_v1,onset,ma20_episode_ml_l2_logistic::bottom::all_a_ma20_episode_match_walk_forward_v1::000015,2024-07-15,cni2000,国证2000,5,True,5,True,2024-07-22,5955.61,-0.0023859856505042965,0.003005569538636843,-0.030154761644902717
ma20_episode_ml_l2_logistic,bottom,all_a_ma20_episode_match_walk_forward_v1,onset,ma20_episode_ml_l2_logistic::bottom::all_a_ma20_episode_match_walk_forward_v1::000015,2024-07-15,cni2000,国证2000,10,True,10,True,2024-07-29,5955.61,-0.025213202341993535,0.003005569538636843,-0.05162023705380292
ma20_episode_ml_l2_logistic,bottom,all_a_ma20_episode_match_walk_forward_v1,onset,ma20_episode_ml_l2_logistic::bottom::all_a_ma20_episode_match_walk_forward_v1::000015,2024-07-15,cni2000,国证2000,20,True,20,True,2024-08-12,5955.61,-0.025122531529096048,0.02546674480028077,-0.05162023705380292
ma20_episode_ml_l2_logistic,bottom,all_a_ma20_episode_match_walk_forward_v1,onset,ma20_episode_ml_l2_logistic::bottom::all_a_ma20_episode_match_walk_forward_v1::000015,2024-07-15,csi1000,中证1000,5,True,5,True,2024-07-22,4827.6,-0.0001512138536747809,0.005615626812494723,-0.023407075979782865
ma20_episode_ml_l2_logistic,bottom,all_a_ma20_episode_match_walk_forward_v1,onset,ma20_episode_ml_l2_logistic::bottom::all_a_ma20_episode_match_walk_forward_v1::000015,2024-07-15,csi1000,中证1000,10,True,10,True,2024-07-29,4827.6,-0.029403844560444314,0.005615626812494723,-0.04969135802469138
ma20_episode_ml_l2_logistic,bottom,all_a_ma20_episode_match_walk_forward_v1,onset,ma20_episode_ml_l2_logistic::bottom::all_a_ma20_episode_match_walk_forward_v1::000015,2024-07-15,csi1000,中证1000,20,True,20,True,2024-08-12,4827.6,-0.031796337724749324,0.021845223299362004,-0.04969135802469138
ma20_episode_ml_l2_logistic,bottom,all_a_ma20_episode_match_walk_forward_v1,onset,ma20_episode_ml_l2_logistic::bottom::all_a_ma20_episode_match_walk_forward_v1::000015,2024-07-15,csi300,沪深300,5,True,5,True,2024-07-22,3476.25,0.011124056094929946,0.019874865156418675,-0.003417475728155317
ma20_episode_ml_l2_logistic,bottom,all_a_ma20_episode_match_walk_forward_v1,onset,ma20_episode_ml_l2_logistic::bottom::all_a_ma20_episode_match_walk_forward_v1::000015,2024-07-15,csi300,沪深300,10,True,10,True,2024-07-29,3476.25,-0.024598345918734332,0.019874865156418675,-0.026594750089895647
ma20_episode_ml_l2_logistic,bottom,all_a_ma20_episode_match_walk_forward_v1,onset,ma20_episode_ml_l2_logistic::bottom::all_a_ma20_episode_match_walk_forward_v1::000015,2024-07-15,csi300,沪深300,20,True,20,True,2024-08-12,3476.25,-0.04326213592233008,0.019874865156418675,-0.04534196332254581
ma20_episode_ml_l2_logistic,bottom,all_a_ma20_episode_match_walk_forward_v1,onset,ma20_episode_ml_l2_logistic::bottom::all_a_ma20_episode_match_walk_forward_v1::000015,2024-07-15,csi500,中证500,5,True,5,True,2024-07-22,4883.9,-0.003669198796044215,0.004899772722619211,-0.018524130305698217
ma20_episode_ml_l2_logistic,bottom,all_a_ma20_episode_match_walk_forward_v1,onset,ma20_episode_ml_l2_logistic::bottom::all_a_ma20_episode_match_walk_forward_v1::000015,2024-07-15,csi500,中证500,10,True,10,True,2024-07-29,4883.9,-0.03584430475644451,0.004899772722619211,-0.05091422838305448
ma20_episode_ml_l2_logistic,bottom,all_a_ma20_episode_match_walk_forward_v1,onset,ma20_episode_ml_l2_logistic::bottom::all_a_ma20_episode_match_walk_forward_v1::000015,2024-07-15,csi500,中证500,20,True,20,True,2024-08-12,4883.9,-0.03475501136386905,0.009078809967444146,-0.05091422838305448
ma20_episode_ml_l2_logistic,bottom,all_a_ma20_episode_match_walk_forward_v1,onset,ma20_episode_ml_l2_logistic::bottom::all_a_ma20_episode_match_walk_forward_v1::000015,2024-07-15,microcap,微盘股,5,True,5,True,2024-07-22,2394.22,0.005613519225468044,0.006085489219871176,-0.04170042853204792
ma20_episode_ml_l2_logistic,bottom,all_a_ma20_episode_match_walk_forward_v1,onset,ma20_episode_ml_l2_logistic::bottom::all_a_ma20_episode_match_walk_forward_v1::000015,2024-07-15,microcap,微盘股,10,True,10,True,2024-07-29,2394.22,0.01631011352340228,0.020282179582494786,-0.04170042853204792
ma20_episode_ml_l2_logistic,bottom,all_a_ma20_episode_match_walk_forward_v1,onset,ma20_episode_ml_l2_logistic::bottom::all_a_ma20_episode_match_walk_forward_v1::000015,2024-07-15,microcap,微盘股,20,True,20,True,2024-08-12,2394.22,0.0504339617913141,0.07167678826507173,-0.04170042853204792
ma20_episode_ml_l2_logistic,bottom,all_a_ma20_episode_match_walk_forward_v1,onset,ma20_episode_ml_l2_logistic::bottom::all_a_ma20_episode_match_walk_forward_v1::000015,2024-07-15,sse_composite,上证指数,5,True,5,True,2024-07-22,2974.01,-0.003291851742260543,0.0041122928302190775,-0.012141855609093533
ma20_episode_ml_l2_logistic,bottom,all_a_ma20_episode_match_walk_forward_v1,onset,ma20_episode_ml_l2_logistic::bottom::all_a_ma20_episode_match_walk_forward_v1::000015,2024-07-15,sse_composite,上证指数,10,True,10,True,2024-07-29,2974.01,-0.027625999912576082,0.0041122928302190775,-0.034014680515533025
ma20_episode_ml_l2_logistic,bottom,all_a_ma20_episode_match_walk_forward_v1,onset,ma20_episode_ml_l2_logistic::bottom::all_a_ma20_episode_match_walk_forward_v1::000015,2024-07-15,sse_composite,上证指数,20,True,20,True,2024-08-12,2974.01,-0.03894068950676033,0.0041122928302190775,-0.043264817535919486
ma20_episode_ml_l2_logistic,bottom,all_a_ma20_episode_match_walk_forward_v1,onset,ma20_episode_ml_l2_logistic::bottom::all_a_ma20_episode_match_walk_forward_v1::000016,2024-08-29,all_a,全A,5,True,5,True,2024-09-05,3793.0029296875,0.0029475789996742385,0.027241515588814158,-0.0032986314489956703
ma20_episode_ml_l2_logistic,bottom,all_a_ma20_episode_match_walk_forward_v1,onset,ma20_episode_ml_l2_logistic::bottom::all_a_ma20_episode_match_walk_forward_v1::000016,2024-08-29,all_a,全A,10,True,10,True,2024-09-12,3793.0029296875,-0.021812432174272423,0.027241515588814158,-0.028075442162596387
ma20_episode_ml_l2_logistic,bottom,all_a_ma20_episode_match_walk_forward_v1,onset,ma20_episode_ml_l2_logistic::bottom::all_a_ma20_episode_match_walk_forward_v1::000016,2024-08-29,all_a,全A,20,True,20,True,2024-09-30,3793.0029296875,0.24090938933351524,0.24653768567996948,-0.038894989360291565
ma20_episode_ml_l2_logistic,bottom,all_a_ma20_episode_match_walk_forward_v1,onset,ma20_episode_ml_l2_logistic::bottom::all_a_ma20_episode_match_walk_forward_v1::000016,2024-08-29,cni2000,国证2000,5,True,5,True,2024-09-05,5657.51,0.013168337307402078,0.03282009223138793,-0.0007512138732410634
ma20_episode_ml_l2_logistic,bottom,all_a_ma20_episode_match_walk_forward_v1,onset,ma20_episode_ml_l2_logistic::bottom::all_a_ma20_episode_match_walk_forward_v1::000016,2024-08-29,cni2000,国证2000,10,True,10,True,2024-09-12,5657.51,-0.013387515002182937,0.03282009223138793,-0.026877548603537638
ma20_episode_ml_l2_logistic,bottom,all_a_ma20_episode_match_walk_forward_v1,onset,ma20_episode_ml_l2_logistic::bottom::all_a_ma20_episode_match_walk_forward_v1::000016,2024-08-29,cni2000,国证2000,20,True,20,True,2024-09-30,5657.51,0.253744138322336,0.2597538493082645,-0.045530630966626684
ma20_episode_ml_l2_logistic,bottom,all_a_ma20_episode_match_walk_forward_v1,onset,ma20_episode_ml_l2_logistic::bottom::all_a_ma20_episode_match_walk_forward_v1::000016,2024-08-29,csi1000,中证1000,5,True,5,True,2024-09-05,4542.46,0.009756827798153456,0.03270254443627474,-0.0028883028138937394
ma20_episode_ml_l2_logistic,bottom,all_a_ma20_episode_match_walk_forward_v1,onset,ma20_episode_ml_l2_logistic::bottom::all_a_ma20_episode_match_walk_forward_v1::000016,2024-08-29,csi1000,中证1000,10,True,10,True,2024-09-12,4542.46,-0.01622909172562892,0.03270254443627474,-0.03119014806954823
ma20_episode_ml_l2_logistic,bottom,all_a_ma20_episode_match_walk_forward_v1,onset,ma20_episode_ml_l2_logistic::bottom::all_a_ma20_episode_match_walk_forward_v1::000016,2024-08-29,csi1000,中证1000,20,True,20,True,2024-09-30,4542.46,0.2567705604452213,0.2619968034941418,-0.0440840425672433
ma20_episode_ml_l2_logistic,bottom,all_a_ma20_episode_match_walk_forward_v1,onset,ma20_episode_ml_l2_logistic::bottom::all_a_ma20_episode_match_walk_forward_v1::000016,2024-08-29,csi300,沪深300,5,True,5,True,2024-09-05,3277.68,-0.006077469429596416,0.02256168997583674,-0.00930841326792109
ma20_episode_ml_l2_logistic,bottom,all_a_ma20_episode_match_walk_forward_v1,onset,ma20_episode_ml_l2_logistic::bottom::all_a_ma20_episode_match_walk_forward_v1::000016,2024-08-29,csi300,沪深300,10,True,10,True,2024-09-12,3277.68,-0.032098923628908316,0.02256168997583674,-0.032306387444777984
ma20_episode_ml_l2_logistic,bottom,all_a_ma20_episode_match_walk_forward_v1,onset,ma20_episode_ml_l2_logistic::bottom::all_a_ma20_episode_match_walk_forward_v1::000016,2024-08-29,csi300,沪深300,20,True,20,True,2024-09-30,3277.68,0.22582131263576688,0.23218251934294987,-0.04023882746332763
ma20_episode_ml_l2_logistic,bottom,all_a_ma20_episode_match_walk_forward_v1,onset,ma20_episode_ml_l2_logistic::bottom::all_a_ma20_episode_match_walk_forward_v1::000016,2024-08-29,csi500,中证500,5,True,5,True,2024-09-05,4557.9,0.009475855108712405,0.032128831260010315,-0.003220781500252179
ma20_episode_ml_l2_logistic,bottom,all_a_ma20_episode_match_walk_forward_v1,onset,ma20_episode_ml_l2_logistic::bottom::all_a_ma20_episode_match_walk_forward_v1::000016,2024-08-29,csi500,中证500,10,True,10,True,2024-09-12,4557.9,-0.01345137014853326,0.032128831260010315,-0.027422716601943842
ma20_episode_ml_l2_logistic,bottom,all_a_ma20_episode_match_walk_forward_v1,onset,ma20_episode_ml_l2_logistic::bottom::all_a_ma20_episode_match_walk_forward_v1::000016,2024-08-29,csi500,中证500,20,True,20,True,2024-09-30,4557.9,0.26005836020974593,0.26328352969569324,-0.035266241032054224
ma20_episode_ml_l2_logistic,bottom,all_a_ma20_episode_match_walk_forward_v1,onset,ma20_episode_ml_l2_logistic::bottom::all_a_ma20_episode_match_walk_forward_v1::000016,2024-08-29,microcap,微盘股,5,True,5,True,2024-09-05,2527.25,0.019835789890196853,0.03311108912849936,-0.00038777327134242867
ma20_episode_ml_l2_logistic,bottom,all_a_ma20_episode_match_walk_forward_v1,onset,ma20_episode_ml_l2_logistic::bottom::all_a_ma20_episode_match_walk_forward_v1::000016,2024-08-29,microcap,微盘股,10,True,10,True,2024-09-12,2527.25,0.012262340488673473,0.03311108912849936,-0.019155208230289822
ma20_episode_ml_l2_logistic,bottom,all_a_ma20_episode_match_walk_forward_v1,onset,ma20_episode_ml_l2_logistic::bottom::all_a_ma20_episode_match_walk_forward_v1::000016,2024-08-29,microcap,微盘股,20,True,20,True,2024-09-30,2527.25,0.27349886239984156,0.2823582945889802,-0.03315461469977243
ma20_episode_ml_l2_logistic,bottom,all_a_ma20_episode_match_walk_forward_v1,onset,ma20_episode_ml_l2_logistic::bottom::all_a_ma20_episode_match_walk_forward_v1::000016,2024-08-29,sse_composite,上证指数,5,True,5,True,2024-09-05,2823.11,-0.012326831048028675,0.01588673484207126,-0.016166568075632992
ma20_episode_ml_l2_logistic,bottom,all_a_ma20_episode_match_walk_forward_v1,onset,ma20_episode_ml_l2_logistic::bottom::all_a_ma20_episode_match_walk_forward_v1::000016,2024-08-29,sse_composite,上证指数,10,True,10,True,2024-09-12,2823.11,-0.037543701804038876,0.01588673484207126,-0.03984612714346947
ma20_episode_ml_l2_logistic,bottom,all_a_ma20_episode_match_walk_forward_v1,onset,ma20_episode_ml_l2_logistic::bottom::all_a_ma20_episode_match_walk_forward_v1::000016,2024-08-29,sse_composite,上证指数,20,True,20,True,2024-09-30,2823.11,0.1818526376938907,0.18967734165512495,-0.047256394543606306
ma20_episode_ml_l2_logistic,bottom,all_a_ma20_episode_match_walk_forward_v1,onset,ma20_episode_ml_l2_logistic::bottom::all_a_ma20_episode_match_walk_forward_v1::000017,2025-04-14,all_a,全A,5,True,5,True,2025-04-21,4643.07275390625,0.005565036034759885,0.0060519425097009805,-0.019685744461596544
ma20_episode_ml_l2_logistic,bottom,all_a_ma20_episode_match_walk_forward_v1,onset,ma20_episode_ml_l2_logistic::bottom::all_a_ma20_episode_match_walk_forward_v1::000017,2025-04-14,all_a,全A,10,True,10,True,2025-04-28,4643.07275390625,-0.0006827206987728429,0.01214489873975344,-0.019685744461596544
ma20_episode_ml_l2_logistic,bottom,all_a_ma20_episode_match_walk_forward_v1,onset,ma20_episode_ml_l2_logistic::bottom::all_a_ma20_episode_match_walk_forward_v1::000017,2025-04-14,all_a,全A,20,True,20,True,2025-05-15,4643.07275390625,0.03539273739556359,0.05292925774736035,-0.019685744461596544
ma20_episode_ml_l2_logistic,bottom,all_a_ma20_episode_match_walk_forward_v1,onset,ma20_episode_ml_l2_logistic::bottom::all_a_ma20_episode_match_walk_forward_v1::000017,2025-04-14,cni2000,国证2000,5,True,5,True,2025-04-21,7594.39,0.006353374003705392,0.006354690765156823,-0.03198545241948347
ma20_episode_ml_l2_logistic,bottom,all_a_ma20_episode_match_walk_forward_v1,onset,ma20_episode_ml_l2_logistic::bottom::all_a_ma20_episode_match_walk_forward_v1::000017,2025-04-14,cni2000,国证2000,10,True,10,True,2025-04-28,7594.39,-0.005260461998922938,0.019372194475132387,-0.03198545241948347
ma20_episode_ml_l2_logistic,bottom,all_a_ma20_episode_match_walk_forward_v1,onset,ma20_episode_ml_l2_logistic::bottom::all_a_ma20_episode_match_walk_forward_v1::000017,2025-04-14,cni2000,国证2000,20,True,20,True,2025-05-15,7594.39,0.03573558903348384,0.06457003129941974,-0.03198545241948347
ma20_episode_ml_l2_logistic,bottom,all_a_ma20_episode_match_walk_forward_v1,onset,ma20_episode_ml_l2_logistic::bottom::all_a_ma20_episode_match_walk_forward_v1::000017,2025-04-14,csi1000,中证1000,5,True,5,True,2025-04-21,5938.53,0.002376008877617908,0.0023894802249042613,-0.030286956536381804
ma20_episode_ml_l2_logistic,bottom,all_a_ma20_episode_match_walk_forward_v1,onset,ma20_episode_ml_l2_logistic::bottom::all_a_ma20_episode_match_walk_forward_v1::000017,2025-04-14,csi1000,中证1000,10,True,10,True,2025-04-28,5938.53,-0.010351046471096303,0.012587290120618988,-0.030286956536381804
ma20_episode_ml_l2_logistic,bottom,all_a_ma20_episode_match_walk_forward_v1,onset,ma20_episode_ml_l2_logistic::bottom::all_a_ma20_episode_match_walk_forward_v1::000017,2025-04-14,csi1000,中证1000,20,True,20,True,2025-05-15,5938.53,0.01995611708621503,0.04747134391844443,-0.030286956536381804
ma20_episode_ml_l2_logistic,bottom,all_a_ma20_episode_match_walk_forward_v1,onset,ma20_episode_ml_l2_logistic::bottom::all_a_ma20_episode_match_walk_forward_v1::000017,2025-04-14,csi300,沪深300,5,True,5,True,2025-04-21,3759.14,0.006847310821092023,0.008257207765606012,-0.009986326659821132
ma20_episode_ml_l2_logistic,bottom,all_a_ma20_episode_match_walk_forward_v1,onset,ma20_episode_ml_l2_logistic::bottom::all_a_ma20_episode_match_walk_forward_v1::000017,2025-04-14,csi300,沪深300,10,True,10,True,2025-04-28,3759.14,0.005980091191070347,0.012984352804098709,-0.009986326659821132
ma20_episode_ml_l2_logistic,bottom,all_a_ma20_episode_match_walk_forward_v1,onset,ma20_episode_ml_l2_logistic::bottom::all_a_ma20_episode_match_walk_forward_v1::000017,2025-04-14,csi300,沪深300,20,True,20,True,2025-05-15,3759.14,0.03938666822730719,0.053570763525700116,-0.009986326659821132
ma20_episode_ml_l2_logistic,bottom,all_a_ma20_episode_match_walk_forward_v1,onset,ma20_episode_ml_l2_logistic::bottom::all_a_ma20_episode_match_walk_forward_v1::000017,2025-04-14,csi500,中证500,5,True,5,True,2025-04-21,5627.14,0.002708302974512744,0.0033907100232088982,-0.023900240619568858
ma20_episode_ml_l2_logistic,bottom,all_a_ma20_episode_match_walk_forward_v1,onset,ma20_episode_ml_l2_logistic::bottom::all_a_ma20_episode_match_walk_forward_v1::000017,2025-04-14,csi500,中证500,10,True,10,True,2025-04-28,5627.14,-0.0051251612719783735,0.0076628624843171345,-0.023900240619568858
ma20_episode_ml_l2_logistic,bottom,all_a_ma20_episode_match_walk_forward_v1,onset,ma20_episode_ml_l2_logistic::bottom::all_a_ma20_episode_match_walk_forward_v1::000017,2025-04-14,csi500,中证500,20,True,20,True,2025-05-15,5627.14,0.015666928492982235,0.037477297525918996,-0.023900240619568858
ma20_episode_ml_l2_logistic,bottom,all_a_ma20_episode_match_walk_forward_v1,onset,ma20_episode_ml_l2_logistic::bottom::all_a_ma20_episode_match_walk_forward_v1::000017,2025-04-14,microcap,微盘股,5,True,5,True,2025-04-21,4103.92,0.011564552915261483,0.012127429384588329,-0.030417259595703627
ma20_episode_ml_l2_logistic,bottom,all_a_ma20_episode_match_walk_forward_v1,onset,ma20_episode_ml_l2_logistic::bottom::all_a_ma20_episode_match_walk_forward_v1::000017,2025-04-14,microcap,微盘股,10,True,10,True,2025-04-28,4103.92,0.0028411859880308477,0.027744205540068956,-0.030417259595703627
ma20_episode_ml_l2_logistic,bottom,all_a_ma20_episode_match_walk_forward_v1,onset,ma20_episode_ml_l2_logistic::bottom::all_a_ma20_episode_match_walk_forward_v1::000017,2025-04-14,microcap,微盘股,20,True,20,True,2025-05-15,4103.92,0.10562584065966196,0.11603052691085614,-0.030417259595703627
ma20_episode_ml_l2_logistic,bottom,all_a_ma20_episode_match_walk_forward_v1,onset,ma20_episode_ml_l2_logistic::bottom::all_a_ma20_episode_match_walk_forward_v1::000017,2025-04-14,sse_composite,上证指数,5,True,5,True,2025-04-21,3262.81,0.008771580324934636,0.010981332042012903,-0.00889417404016779
ma20_episode_ml_l2_logistic,bottom,all_a_ma20_episode_match_walk_forward_v1,onset,ma20_episode_ml_l2_logistic::bottom::all_a_ma20_episode_match_walk_forward_v1::000017,2025-04-14,sse_composite,上证指数,10,True,10,True,2025-04-28,3262.81,0.007845997774924118,0.015538753405806682,-0.00889417404016779
ma20_episode_ml_l2_logistic,bottom,all_a_ma20_episode_match_walk_forward_v1,onset,ma20_episode_ml_l2_logistic::bottom::all_a_ma20_episode_match_walk_forward_v1::000017,2025-04-14,sse_composite,上证指数,20,True,20,True,2025-05-15,3262.81,0.03616821083667143,0.0473518225088192,-0.00889417404016779
ma20_episode_ml_l2_logistic,bottom,all_a_ma20_episode_match_walk_forward_v1,onset,ma20_episode_ml_l2_logistic::bottom::all_a_ma20_episode_match_walk_forward_v1::000018,2026-03-27,all_a,全A,5,True,5,True,2026-04-03,5922.2080078125,-0.022072884753677302,0.006086151817650043,-0.023268562899084966
ma20_episode_ml_l2_logistic,bottom,all_a_ma20_episode_match_walk_forward_v1,onset,ma20_episode_ml_l2_logistic::bottom::all_a_ma20_episode_match_walk_forward_v1::000018,2026-03-27,all_a,全A,10,True,10,True,2026-04-13,5922.2080078125,0.03067002663603513,0.034626433440995585,-0.023268562899084966
ma20_episode_ml_l2_logistic,bottom,all_a_ma20_episode_match_walk_forward_v1,onset,ma20_episode_ml_l2_logistic::bottom::all_a_ma20_episode_match_walk_forward_v1::000018,2026-03-27,all_a,全A,20,True,20,True,2026-04-27,5922.2080078125,0.06319243921144935,0.07626665453014603,-0.023268562899084966
ma20_episode_ml_l2_logistic,bottom,all_a_ma20_episode_match_walk_forward_v1,onset,ma20_episode_ml_l2_logistic::bottom::all_a_ma20_episode_match_walk_forward_v1::000018,2026-03-27,cni2000,国证2000,5,True,5,True,2026-04-03,10172.45,-0.024933029899385173,0.008342139799163206,-0.02674576920997418
ma20_episode_ml_l2_logistic,bottom,all_a_ma20_episode_match_walk_forward_v1,onset,ma20_episode_ml_l2_logistic::bottom::all_a_ma20_episode_match_walk_forward_v1::000018,2026-03-27,cni2000,国证2000,10,True,10,True,2026-04-13,10172.45,0.03683576719472681,0.04222483275906974,-0.02674576920997418
ma20_episode_ml_l2_logistic,bottom,all_a_ma20_episode_match_walk_forward_v1,onset,ma20_episode_ml_l2_logistic::bottom::all_a_ma20_episode_match_walk_forward_v1::000018,2026-03-27,cni2000,国证2000,20,True,20,True,2026-04-27,10172.45,0.07578803533072165,0.09737870424529005,-0.02674576920997418
ma20_episode_ml_l2_logistic,bottom,all_a_ma20_episode_match_walk_forward_v1,onset,ma20_episode_ml_l2_logistic::bottom::all_a_ma20_episode_match_walk_forward_v1::000018,2026-03-27,csi1000,中证1000,5,True,5,True,2026-04-03,7746.31,-0.027072244720389493,0.005541993542731882,-0.02896475870446713
ma20_episode_ml_l2_logistic,bottom,all_a_ma20_episode_match_walk_forward_v1,onset,ma20_episode_ml_l2_logistic::bottom::all_a_ma20_episode_match_walk_forward_v1::000018,2026-03-27,csi1000,中证1000,10,True,10,True,2026-04-13,7746.31,0.036050713178274574,0.04046442757906665,-0.02896475870446713
ma20_episode_ml_l2_logistic,bottom,all_a_ma20_episode_match_walk_forward_v1,onset,ma20_episode_ml_l2_logistic::bottom::all_a_ma20_episode_match_walk_forward_v1::000018,2026-03-27,csi1000,中证1000,20,True,20,True,2026-04-27,7746.31,0.07647770357757433,0.09735344957792802,-0.02896475870446713
ma20_episode_ml_l2_logistic,bottom,all_a_ma20_episode_match_walk_forward_v1,onset,ma20_episode_ml_l2_logistic::bottom::all_a_ma20_episode_match_walk_forward_v1::000018,2026-03-27,csi300,沪深300,5,True,5,True,2026-04-03,4502.57,-0.013721052643268172,0.006560697557172812,-0.014429536908920793
ma20_episode_ml_l2_logistic,bottom,all_a_ma20_episode_match_walk_forward_v1,onset,ma20_episode_ml_l2_logistic::bottom::all_a_ma20_episode_match_walk_forward_v1::000018,2026-03-27,csi300,沪深300,10,True,10,True,2026-04-13,4502.57,0.031888454815805156,0.03387620847649253,-0.01818516980302365
ma20_episode_ml_l2_logistic,bottom,all_a_ma20_episode_match_walk_forward_v1,onset,ma20_episode_ml_l2_logistic::bottom::all_a_ma20_episode_match_walk_forward_v1::000018,2026-03-27,csi300,沪深300,20,True,20,True,2026-04-27,4502.57,0.059605958374883805,0.07127040778932936,-0.01818516980302365
ma20_episode_ml_l2_logistic,bottom,all_a_ma20_episode_match_walk_forward_v1,onset,ma20_episode_ml_l2_logistic::bottom::all_a_ma20_episode_match_walk_forward_v1::000018,2026-03-27,csi500,中证500,5,True,5,True,2026-04-03,7737.61,-0.026192842492707702,0.006627369433197083,-0.02833691540411043
ma20_episode_ml_l2_logistic,bottom,all_a_ma20_episode_match_walk_forward_v1,onset,ma20_episode_ml_l2_logistic::bottom::all_a_ma20_episode_match_walk_forward_v1::000018,2026-03-27,csi500,中证500,10,True,10,True,2026-04-13,7737.61,0.029736572404140293,0.043041714431200306,-0.02833691540411043
ma20_episode_ml_l2_logistic,bottom,all_a_ma20_episode_match_walk_forward_v1,onset,ma20_episode_ml_l2_logistic::bottom::all_a_ma20_episode_match_walk_forward_v1::000018,2026-03-27,csi500,中证500,20,True,20,True,2026-04-27,7737.61,0.07255987313912171,0.08580039572943066,-0.02833691540411043
ma20_episode_ml_l2_logistic,bottom,all_a_ma20_episode_match_walk_forward_v1,onset,ma20_episode_ml_l2_logistic::bottom::all_a_ma20_episode_match_walk_forward_v1::000018,2026-03-27,microcap,微盘股,5,True,5,True,2026-04-03,7144.89,-0.049179203598655796,0.0251186512318593,-0.05384687517932407
ma20_episode_ml_l2_logistic,bottom,all_a_ma20_episode_match_walk_forward_v1,onset,ma20_episode_ml_l2_logistic::bottom::all_a_ma20_episode_match_walk_forward_v1::000018,2026-03-27,microcap,微盘股,10,True,10,True,2026-04-13,7144.89,0.005090351286024086,0.0251186512318593,-0.05384687517932407
ma20_episode_ml_l2_logistic,bottom,all_a_ma20_episode_match_walk_forward_v1,onset,ma20_episode_ml_l2_logistic::bottom::all_a_ma20_episode_match_walk_forward_v1::000018,2026-03-27,microcap,微盘股,20,True,20,True,2026-04-27,7144.89,0.036875305288115,0.03846665239072955,-0.05384687517932407
ma20_episode_ml_l2_logistic,bottom,all_a_ma20_episode_match_walk_forward_v1,onset,ma20_episode_ml_l2_logistic::bottom::all_a_ma20_episode_match_walk_forward_v1::000018,2026-03-27,sse_composite,上证指数,5,True,5,True,2026-04-03,3913.72,-0.00859029261163291,0.010787690483734291,-0.010838792759829463
ma20_episode_ml_l2_logistic,bottom,all_a_ma20_episode_match_walk_forward_v1,onset,ma20_episode_ml_l2_logistic::bottom::all_a_ma20_episode_match_walk_forward_v1::000018,2026-03-27,sse_composite,上证指数,10,True,10,True,2026-04-13,3913.72,0.01912247171489012,0.02486125732040101,-0.010838792759829463
ma20_episode_ml_l2_logistic,bottom,all_a_ma20_episode_match_walk_forward_v1,onset,ma20_episode_ml_l2_logistic::bottom::all_a_ma20_episode_match_walk_forward_v1::000018,2026-03-27,sse_composite,上证指数,20,True,20,True,2026-04-27,3913.72,0.04410637449792021,0.0513884488415115,-0.010838792759829463
ma20_episode_ml_l2_logistic,bottom,all_a_ma20_episode_match_walk_forward_v1,onset,ma20_episode_ml_l2_logistic::bottom::all_a_ma20_episode_match_walk_forward_v1::000019,2026-06-15,all_a,全A,5,True,5,True,2026-06-23,6380.16162109375,0.016207159475887023,0.03859222132570195,-0.0017661864003952754
ma20_episode_ml_l2_logistic,bottom,all_a_ma20_episode_match_walk_forward_v1,onset,ma20_episode_ml_l2_logistic::bottom::all_a_ma20_episode_match_walk_forward_v1::000019,2026-06-15,all_a,全A,10,True,10,True,2026-06-30,6380.16162109375,0.026873155933565096,0.03859222132570195,-0.010936304559168608
ma20_episode_ml_l2_logistic,bottom,all_a_ma20_episode_match_walk_forward_v1,onset,ma20_episode_ml_l2_logistic::bottom::all_a_ma20_episode_match_walk_forward_v1::000019,2026-06-15,all_a,全A,20,True,20,True,2026-07-14,6380.16162109375,-0.04090292701887899,0.03859222132570195,-0.07313005072256529
ma20_episode_ml_l2_logistic,bottom,all_a_ma20_episode_match_walk_forward_v1,onset,ma20_episode_ml_l2_logistic::bottom::all_a_ma20_episode_match_walk_forward_v1::000019,2026-06-15,cni2000,国证2000,5,True,5,True,2026-06-23,11055.24,0.021722730578440652,0.041004084940715835,-0.0021881026553923766
ma20_episode_ml_l2_logistic,bottom,all_a_ma20_episode_match_walk_forward_v1,onset,ma20_episode_ml_l2_logistic::bottom::all_a_ma20_episode_match_walk_forward_v1::000019,2026-06-15,cni2000,国证2000,10,True,10,True,2026-06-30,11055.24,0.025364442562983758,0.041004084940715835,-0.020649031590449507
ma20_episode_ml_l2_logistic,bottom,all_a_ma20_episode_match_walk_forward_v1,onset,ma20_episode_ml_l2_logistic::bottom::all_a_ma20_episode_match_walk_forward_v1::000019,2026-06-15,cni2000,国证2000,20,True,20,True,2026-07-14,11055.24,-0.07697164421577463,0.04308997362336786,-0.10903155426747846
ma20_episode_ml_l2_logistic,bottom,all_a_ma20_episode_match_walk_forward_v1,onset,ma20_episode_ml_l2_logistic::bottom::all_a_ma20_episode_match_walk_forward_v1::000019,2026-06-15,csi1000,中证1000,5,True,5,True,2026-06-23,8521.23,0.018636980811455706,0.04043782411694097,-0.001445800664927499
ma20_episode_ml_l2_logistic,bottom,all_a_ma20_episode_match_walk_forward_v1,onset,ma20_episode_ml_l2_logistic::bottom::all_a_ma20_episode_match_walk_forward_v1::000019,2026-06-15,csi1000,中证1000,10,True,10,True,2026-06-30,8521.23,0.03386365583372375,0.04117832754191597,-0.012600293619582925
ma20_episode_ml_l2_logistic,bottom,all_a_ma20_episode_match_walk_forward_v1,onset,ma20_episode_ml_l2_logistic::bottom::all_a_ma20_episode_match_walk_forward_v1::000019,2026-06-15,csi1000,中证1000,20,True,20,True,2026-07-14,8521.23,-0.06995586317937663,0.0496360267238416,-0.10134217712701099
ma20_episode_ml_l2_logistic,bottom,all_a_ma20_episode_match_walk_forward_v1,onset,ma20_episode_ml_l2_logistic::bottom::all_a_ma20_episode_match_walk_forward_v1::000019,2026-06-15,csi300,沪深300,5,True,5,True,2026-06-23,4891.71,0.005658552939565187,0.035276007776421814,-0.0065437239738251884
ma20_episode_ml_l2_logistic,bottom,all_a_ma20_episode_match_walk_forward_v1,onset,ma20_episode_ml_l2_logistic::bottom::all_a_ma20_episode_match_walk_forward_v1::000019,2026-06-15,csi300,沪深300,10,True,10,True,2026-06-30,4891.71,0.017932379474662197,0.035276007776421814,-0.013197838792569527
ma20_episode_ml_l2_logistic,bottom,all_a_ma20_episode_match_walk_forward_v1,onset,ma20_episode_ml_l2_logistic::bottom::all_a_ma20_episode_match_walk_forward_v1::000019,2026-06-15,csi300,沪深300,20,True,20,True,2026-07-14,4891.71,-0.019463541379190485,0.035276007776421814,-0.0496084191417725
ma20_episode_ml_l2_logistic,bottom,all_a_ma20_episode_match_walk_forward_v1,onset,ma20_episode_ml_l2_logistic::bottom::all_a_ma20_episode_match_walk_forward_v1::000019,2026-06-15,csi500,中证500,5,True,5,True,2026-06-23,8406.75,0.03352544086597087,0.058118773604544094,0.0008041157403277932
ma20_episode_ml_l2_logistic,bottom,all_a_ma20_episode_match_walk_forward_v1,onset,ma20_episode_ml_l2_logistic::bottom::all_a_ma20_episode_match_walk_forward_v1::000019,2026-06-15,csi500,中证500,10,True,10,True,2026-06-30,8406.75,0.07430100811847606,0.07534183840366371,0.0008041157403277932
ma20_episode_ml_l2_logistic,bottom,all_a_ma20_episode_match_walk_forward_v1,onset,ma20_episode_ml_l2_logistic::bottom::all_a_ma20_episode_match_walk_forward_v1::000019,2026-06-15,csi500,中证500,20,True,20,True,2026-07-14,8406.75,-0.015560115383471573,0.08812085526511426,-0.05369970559371928
ma20_episode_ml_l2_logistic,bottom,all_a_ma20_episode_match_walk_forward_v1,onset,ma20_episode_ml_l2_logistic::bottom::all_a_ma20_episode_match_walk_forward_v1::000019,2026-06-15,microcap,微盘股,5,True,5,True,2026-06-23,6525.48,0.004336845718629245,0.014434187216879169,-0.057041014607354446
ma20_episode_ml_l2_logistic,bottom,all_a_ma20_episode_match_walk_forward_v1,onset,ma20_episode_ml_l2_logistic::bottom::all_a_ma20_episode_match_walk_forward_v1::000019,2026-06-15,microcap,微盘股,10,True,10,True,2026-06-30,6525.48,-0.07724029496680695,0.014434187216879169,-0.10646879616518623
ma20_episode_ml_l2_logistic,bottom,all_a_ma20_episode_match_walk_forward_v1,onset,ma20_episode_ml_l2_logistic::bottom::all_a_ma20_episode_match_walk_forward_v1::000019,2026-06-15,microcap,微盘股,20,True,20,True,2026-07-14,6525.48,-0.06737588652482263,0.014434187216879169,-0.10646879616518623
ma20_episode_ml_l2_logistic,bottom,all_a_ma20_episode_match_walk_forward_v1,onset,ma20_episode_ml_l2_logistic::bottom::all_a_ma20_episode_match_walk_forward_v1::000019,2026-06-15,sse_composite,上证指数,5,True,5,True,2026-06-23,4096.47,0.002387421365224185,0.01925560299477347,-0.00642016174901805
ma20_episode_ml_l2_logistic,bottom,all_a_ma20_episode_match_walk_forward_v1,onset,ma20_episode_ml_l2_logistic::bottom::all_a_ma20_episode_match_walk_forward_v1::000019,2026-06-15,sse_composite,上证指数,10,True,10,True,2026-06-30,4096.47,-0.0005053131110444031,0.01925560299477347,-0.025368182850112442
ma20_episode_ml_l2_logistic,bottom,all_a_ma20_episode_match_walk_forward_v1,onset,ma20_episode_ml_l2_logistic::bottom::all_a_ma20_episode_match_walk_forward_v1::000019,2026-06-15,sse_composite,上证指数,20,True,20,True,2026-07-14,4096.47,-0.03157352549878312,0.01925560299477347,-0.0554550625294461
ma20_episode_ml_l2_logistic,bottom,all_a_ma20_episode_match_walk_forward_v1,onset,ma20_episode_ml_l2_logistic::bottom::all_a_ma20_episode_match_walk_forward_v1::000020,2026-07-20,all_a,全A,5,True,5,True,2026-07-27,5638.61865234375,0.030004006792236027,0.04136088572363561,-0.022739303652935416
ma20_episode_ml_l2_logistic,bottom,all_a_ma20_episode_match_walk_forward_v1,onset,ma20_episode_ml_l2_logistic::bottom::all_a_ma20_episode_match_walk_forward_v1::000020,2026-07-20,all_a,全A,10,True,10,True,2026-08-03,5638.61865234375,0.0024743046154487303,0.04136088572363561,-0.022739303652935416
ma20_episode_ml_l2_logistic,bottom,all_a_ma20_episode_match_walk_forward_v1,onset,ma20_episode_ml_l2_logistic::bottom::all_a_ma20_episode_match_walk_forward_v1::000020,2026-07-20,all_a,全A,20,True,19,False,,5638.61865234375,,,
ma20_episode_ml_l2_logistic,bottom,all_a_ma20_episode_match_walk_forward_v1,onset,ma20_episode_ml_l2_logistic::bottom::all_a_ma20_episode_match_walk_forward_v1::000020,2026-07-20,cni2000,国证2000,5,True,5,True,2026-07-27,8982.84,0.03600309033668636,0.04192771996384215,-0.045825151065809866
ma20_episode_ml_l2_logistic,bottom,all_a_ma20_episode_match_walk_forward_v1,onset,ma20_episode_ml_l2_logistic::bottom::all_a_ma20_episode_match_walk_forward_v1::000020,2026-07-20,cni2000,国证2000,10,True,10,True,2026-08-03,8982.84,0.02010611343405877,0.04192771996384215,-0.045825151065809866
ma20_episode_ml_l2_logistic,bottom,all_a_ma20_episode_match_walk_forward_v1,onset,ma20_episode_ml_l2_logistic::bottom::all_a_ma20_episode_match_walk_forward_v1::000020,2026-07-20,cni2000,国证2000,20,True,19,False,,8982.84,,,
ma20_episode_ml_l2_logistic,bottom,all_a_ma20_episode_match_walk_forward_v1,onset,ma20_episode_ml_l2_logistic::bottom::all_a_ma20_episode_match_walk_forward_v1::000020,2026-07-20,csi1000,中证1000,5,True,5,True,2026-07-27,6965.38,0.03781559656472444,0.04839219109366599,-0.03606264123421843
ma20_episode_ml_l2_logistic,bottom,all_a_ma20_episode_match_walk_forward_v1,onset,ma20_episode_ml_l2_logistic::bottom::all_a_ma20_episode_match_walk_forward_v1::000020,2026-07-20,csi1000,中证1000,10,True,10,True,2026-08-03,6965.38,0.016424085979515723,0.04839219109366599,-0.03606264123421843
ma20_episode_ml_l2_logistic,bottom,all_a_ma20_episode_match_walk_forward_v1,onset,ma20_episode_ml_l2_logistic::bottom::all_a_ma20_episode_match_walk_forward_v1::000020,2026-07-20,csi1000,中证1000,20,True,19,False,,6965.38,,,
ma20_episode_ml_l2_logistic,bottom,all_a_ma20_episode_match_walk_forward_v1,onset,ma20_episode_ml_l2_logistic::bottom::all_a_ma20_episode_match_walk_forward_v1::000020,2026-07-20,csi300,沪深300,5,True,5,True,2026-07-27,4598.32,0.022640877537883464,0.03778771377372614,-0.006967762139216016
ma20_episode_ml_l2_logistic,bottom,all_a_ma20_episode_match_walk_forward_v1,onset,ma20_episode_ml_l2_logistic::bottom::all_a_ma20_episode_match_walk_forward_v1::000020,2026-07-20,csi300,沪深300,10,True,10,True,2026-08-03,4598.32,-0.011991335966178851,0.03778771377372614,-0.026120409192922578
ma20_episode_ml_l2_logistic,bottom,all_a_ma20_episode_match_walk_forward_v1,onset,ma20_episode_ml_l2_logistic::bottom::all_a_ma20_episode_match_walk_forward_v1::000020,2026-07-20,csi300,沪深300,20,True,19,False,,4598.32,,,
ma20_episode_ml_l2_logistic,bottom,all_a_ma20_episode_match_walk_forward_v1,onset,ma20_episode_ml_l2_logistic::bottom::all_a_ma20_episode_match_walk_forward_v1::000020,2026-07-20,csi500,中证500,5,True,5,True,2026-07-27,7411.31,0.041732163409707645,0.06451491031949819,-0.0189386221869009
ma20_episode_ml_l2_logistic,bottom,all_a_ma20_episode_match_walk_forward_v1,onset,ma20_episode_ml_l2_logistic::bottom::all_a_ma20_episode_match_walk_forward_v1::000020,2026-07-20,csi500,中证500,10,True,10,True,2026-08-03,7411.31,0.000433121809774617,0.06451491031949819,-0.02555013890931568
ma20_episode_ml_l2_logistic,bottom,all_a_ma20_episode_match_walk_forward_v1,onset,ma20_episode_ml_l2_logistic::bottom::all_a_ma20_episode_match_walk_forward_v1::000020,2026-07-20,csi500,中证500,20,True,19,False,,7411.31,,,
ma20_episode_ml_l2_logistic,bottom,all_a_ma20_episode_match_walk_forward_v1,onset,ma20_episode_ml_l2_logistic::bottom::all_a_ma20_episode_match_walk_forward_v1::000020,2026-07-20,microcap,微盘股,5,True,5,True,2026-07-27,5724.65,0.016671761592411904,0.018327758028875207,-0.06774387953848704
ma20_episode_ml_l2_logistic,bottom,all_a_ma20_episode_match_walk_forward_v1,onset,ma20_episode_ml_l2_logistic::bottom::all_a_ma20_episode_match_walk_forward_v1::000020,2026-07-20,microcap,微盘股,10,True,10,True,2026-08-03,5724.65,0.10368144777409971,0.1043889146061332,-0.06774387953848704
ma20_episode_ml_l2_logistic,bottom,all_a_ma20_episode_match_walk_forward_v1,onset,ma20_episode_ml_l2_logistic::bottom::all_a_ma20_episode_match_walk_forward_v1::000020,2026-07-20,microcap,微盘股,20,True,19,False,,5724.65,,,
ma20_episode_ml_l2_logistic,bottom,all_a_ma20_episode_match_walk_forward_v1,onset,ma20_episode_ml_l2_logistic::bottom::all_a_ma20_episode_match_walk_forward_v1::000020,2026-07-20,sse_composite,上证指数,5,True,5,True,2026-07-27,3796.28,0.01632387495126797,0.02322273383417439,-0.013939962278862517
ma20_episode_ml_l2_logistic,bottom,all_a_ma20_episode_match_walk_forward_v1,onset,ma20_episode_ml_l2_logistic::bottom::all_a_ma20_episode_match_walk_forward_v1::000020,2026-07-20,sse_composite,上证指数,10,True,10,True,2026-08-03,3796.28,0.003524502934451501,0.02322273383417439,-0.013939962278862517
ma20_episode_ml_l2_logistic,bottom,all_a_ma20_episode_match_walk_forward_v1,onset,ma20_episode_ml_l2_logistic::bottom::all_a_ma20_episode_match_walk_forward_v1::000020,2026-07-20,sse_composite,上证指数,20,True,19,False,,3796.28,,,
ma20_episode_ml_l2_logistic,top,all_a_ma20_episode_match_walk_forward_v1,capped_confirmation,ma20_episode_ml_l2_logistic::top::all_a_ma20_episode_match_walk_forward_v1::000001,2020-01-16,all_a,全A,5,True,5,True,2020-01-23,4641.22021484375,-0.03280387332474932,0.009353072243785121,-0.04107974787324731
ma20_episode_ml_l2_logistic,top,all_a_ma20_episode_match_walk_forward_v1,capped_confirmation,ma20_episode_ml_l2_logistic::top::all_a_ma20_episode_match_walk_forward_v1::000001,2020-01-16,all_a,全A,10,True,10,True,2020-02-07,4641.22021484375,-0.05257459086423999,0.009353072243785121,-0.13611943080953737
ma20_episode_ml_l2_logistic,top,all_a_ma20_episode_match_walk_forward_v1,capped_confirmation,ma20_episode_ml_l2_logistic::top::all_a_ma20_episode_match_walk_forward_v1::000001,2020-01-16,all_a,全A,20,True,20,True,2020-02-21,4641.22021484375,0.023752319646711983,0.031144784775605894,-0.13611943080953737
ma20_episode_ml_l2_logistic,top,all_a_ma20_episode_match_walk_forward_v1,capped_confirmation,ma20_episode_ml_l2_logistic::top::all_a_ma20_episode_match_walk_forward_v1::000001,2020-01-16,cni2000,国证2000,5,True,5,True,2020-01-23,6491.79,-0.03597004832257367,0.008107163047480048,-0.04483971292971589
ma20_episode_ml_l2_logistic,top,all_a_ma20_episode_match_walk_forward_v1,capped_confirmation,ma20_episode_ml_l2_logistic::top::all_a_ma20_episode_match_walk_forward_v1::000001,2020-01-16,cni2000,国证2000,10,True,10,True,2020-02-07,6491.79,-0.059374995186227464,0.008107163047480048,-0.17263651473630548
ma20_episode_ml_l2_logistic,top,all_a_ma20_episode_match_walk_forward_v1,capped_confirmation,ma20_episode_ml_l2_logistic::top::all_a_ma20_episode_match_walk_forward_v1::000001,2020-01-16,cni2000,国证2000,20,True,20,True,2020-02-21,6491.79,0.04001053638518792,0.04576549765164928,-0.17263651473630548
ma20_episode_ml_l2_logistic,top,all_a_ma20_episode_match_walk_forward_v1,capped_confirmation,ma20_episode_ml_l2_logistic::top::all_a_ma20_episode_match_walk_forward_v1::000001,2020-01-16,csi1000,中证1000,5,True,5,True,2020-01-23,5902.13,-0.034414694356105335,0.008939145698247941,-0.043762167217597736
ma20_episode_ml_l2_logistic,top,all_a_ma20_episode_match_walk_forward_v1,capped_confirmation,ma20_episode_ml_l2_logistic::top::all_a_ma20_episode_match_walk_forward_v1::000001,2020-01-16,csi1000,中证1000,10,True,10,True,2020-02-07,5902.13,-0.053968651995127126,0.008939145698247941,-0.16586215484918165
ma20_episode_ml_l2_logistic,top,all_a_ma20_episode_match_walk_forward_v1,capped_confirmation,ma20_episode_ml_l2_logistic::top::all_a_ma20_episode_match_walk_forward_v1::000001,2020-01-16,csi1000,中证1000,20,True,20,True,2020-02-21,5902.13,0.05783505276908496,0.06376511530583007,-0.16586215484918165
ma20_episode_ml_l2_logistic,top,all_a_ma20_episode_match_walk_forward_v1,capped_confirmation,ma20_episode_ml_l2_logistic::top::all_a_ma20_episode_match_walk_forward_v1::000001,2020-01-16,csi300,沪深300,5,True,5,True,2020-01-23,4149.04,-0.03498158610184521,0.008898443977402026,-0.0425761139926345
ma20_episode_ml_l2_logistic,top,all_a_ma20_episode_match_walk_forward_v1,capped_confirmation,ma20_episode_ml_l2_logistic::top::all_a_ma20_episode_match_walk_forward_v1::000001,2020-01-16,csi300,沪深300,10,True,10,True,2020-02-07,4149.04,-0.06005485606308936,0.008898443977402026,-0.12271031371112362
ma20_episode_ml_l2_logistic,top,all_a_ma20_episode_match_walk_forward_v1,capped_confirmation,ma20_episode_ml_l2_logistic::top::all_a_ma20_episode_match_walk_forward_v1::000001,2020-01-16,csi300,沪深300,20,True,20,True,2020-02-21,4149.04,0.000108458824209956,0.008898443977402026,-0.12271031371112362
ma20_episode_ml_l2_logistic,top,all_a_ma20_episode_match_walk_forward_v1,capped_confirmation,ma20_episode_ml_l2_logistic::top::all_a_ma20_episode_match_walk_forward_v1::000001,2020-01-16,csi500,中证500,5,True,5,True,2020-01-23,5527.67,-0.027123543916333648,0.01272145406654146,-0.03631548192999945
ma20_episode_ml_l2_logistic,top,all_a_ma20_episode_match_walk_forward_v1,capped_confirmation,ma20_episode_ml_l2_logistic::top::all_a_ma20_episode_match_walk_forward_v1::000001,2020-01-16,csi500,中证500,10,True,10,True,2020-02-07,5527.67,-0.03629558204451422,0.01272145406654146,-0.14319776687103247
ma20_episode_ml_l2_logistic,top,all_a_ma20_episode_match_walk_forward_v1,capped_confirmation,ma20_episode_ml_l2_logistic::top::all_a_ma20_episode_match_walk_forward_v1::000001,2020-01-16,csi500,中证500,20,True,20,True,2020-02-21,5527.67,0.04637758766351818,0.0533190295368573,-0.14319776687103247
ma20_episode_ml_l2_logistic,top,all_a_ma20_episode_match_walk_forward_v1,capped_confirmation,ma20_episode_ml_l2_logistic::top::all_a_ma20_episode_match_walk_forward_v1::000001,2020-01-16,microcap,微盘股,5,True,5,True,2020-01-23,1104.41,-0.049664526760895056,0.003286822828478364,-0.05716174246882966
ma20_episode_ml_l2_logistic,top,all_a_ma20_episode_match_walk_forward_v1,capped_confirmation,ma20_episode_ml_l2_logistic::top::all_a_ma20_episode_match_walk_forward_v1::000001,2020-01-16,microcap,微盘股,10,True,10,True,2020-02-07,1104.41,-0.11035756648346184,0.003286822828478364,-0.20764027851975264
ma20_episode_ml_l2_logistic,top,all_a_ma20_episode_match_walk_forward_v1,capped_confirmation,ma20_episode_ml_l2_logistic::top::all_a_ma20_episode_match_walk_forward_v1::000001,2020-01-16,microcap,微盘股,20,True,20,True,2020-02-21,1104.41,-0.022337718781974103,0.003286822828478364,-0.20764027851975264
ma20_episode_ml_l2_logistic,top,all_a_ma20_episode_match_walk_forward_v1,capped_confirmation,ma20_episode_ml_l2_logistic::top::all_a_ma20_episode_match_walk_forward_v1::000001,2020-01-16,sse_composite,上证指数,5,True,5,True,2020-01-23,3074.08,-0.031733071357934683,0.007231431843022884,-0.038622937594337214
ma20_episode_ml_l2_logistic,top,all_a_ma20_episode_match_walk_forward_v1,capped_confirmation,ma20_episode_ml_l2_logistic::top::all_a_ma20_episode_match_walk_forward_v1::000001,2020-01-16,sse_composite,上证指数,10,True,10,True,2020-02-07,3074.08,-0.06444855046062559,0.007231431843022884,-0.12648011762868894
ma20_episode_ml_l2_logistic,top,all_a_ma20_episode_match_walk_forward_v1,capped_confirmation,ma20_episode_ml_l2_logistic::top::all_a_ma20_episode_match_walk_forward_v1::000001,2020-01-16,sse_composite,上证指数,20,True,20,True,2020-02-21,3074.08,-0.011193592879820913,0.007231431843022884,-0.12648011762868894
ma20_episode_ml_l2_logistic,top,all_a_ma20_episode_match_walk_forward_v1,capped_confirmation,ma20_episode_ml_l2_logistic::top::all_a_ma20_episode_match_walk_forward_v1::000002,2024-11-15,all_a,全A,5,True,5,True,2024-11-22,4847.62890625,-0.02088831282690551,0.01687479300850203,-0.02400648110021575
ma20_episode_ml_l2_logistic,top,all_a_ma20_episode_match_walk_forward_v1,capped_confirmation,ma20_episode_ml_l2_logistic::top::all_a_ma20_episode_match_walk_forward_v1::000002,2024-11-15,all_a,全A,10,True,10,True,2024-11-29,4847.62890625,-0.00035697219887620424,0.01687479300850203,-0.03988670766072011
ma20_episode_ml_l2_logistic,top,all_a_ma20_episode_match_walk_forward_v1,capped_confirmation,ma20_episode_ml_l2_logistic::top::all_a_ma20_episode_match_walk_forward_v1::000002,2024-11-15,all_a,全A,20,True,20,True,2024-12-13,4847.62890625,0.020579689007109714,0.05177859585025857,-0.03988670766072011
ma20_episode_ml_l2_logistic,top,all_a_ma20_episode_match_walk_forward_v1,capped_confirmation,ma20_episode_ml_l2_logistic::top::all_a_ma20_episode_match_walk_forward_v1::000002,2024-11-15,cni2000,国证2000,5,True,5,True,2024-11-22,7685.88,-0.009695701728364314,0.031176651209750883,-0.03329872441412052
ma20_episode_ml_l2_logistic,top,all_a_ma20_episode_match_walk_forward_v1,capped_confirmation,ma20_episode_ml_l2_logistic::top::all_a_ma20_episode_match_walk_forward_v1::000002,2024-11-15,cni2000,国证2000,10,True,10,True,2024-11-29,7685.88,0.02225639744570551,0.031176651209750883,-0.038406792715993565
ma20_episode_ml_l2_logistic,top,all_a_ma20_episode_match_walk_forward_v1,capped_confirmation,ma20_episode_ml_l2_logistic::top::all_a_ma20_episode_match_walk_forward_v1::000002,2024-11-15,cni2000,国证2000,20,True,20,True,2024-12-13,7685.88,0.06121094786803849,0.08239264729608053,-0.038406792715993565
ma20_episode_ml_l2_logistic,top,all_a_ma20_episode_match_walk_forward_v1,capped_confirmation,ma20_episode_ml_l2_logistic::top::all_a_ma20_episode_match_walk_forward_v1::000002,2024-11-15,csi1000,中证1000,5,True,5,True,2024-11-22,6125.51,-0.015512177761525248,0.027320174156927335,-0.030759887748122217
ma20_episode_ml_l2_logistic,top,all_a_ma20_episode_match_walk_forward_v1,capped_confirmation,ma20_episode_ml_l2_logistic::top::all_a_ma20_episode_match_walk_forward_v1::000002,2024-11-15,csi1000,中证1000,10,True,10,True,2024-11-29,6125.51,0.010386073975881205,0.027320174156927335,-0.04383471743577272
ma20_episode_ml_l2_logistic,top,all_a_ma20_episode_match_walk_forward_v1,capped_confirmation,ma20_episode_ml_l2_logistic::top::all_a_ma20_episode_match_walk_forward_v1::000002,2024-11-15,csi1000,中证1000,20,True,20,True,2024-12-13,6125.51,0.03746300308055983,0.060791672856627565,-0.04383471743577272
ma20_episode_ml_l2_logistic,top,all_a_ma20_episode_match_walk_forward_v1,capped_confirmation,ma20_episode_ml_l2_logistic::top::all_a_ma20_episode_match_walk_forward_v1::000002,2024-11-15,csi300,沪深300,5,True,5,True,2024-11-22,3968.83,-0.025984988019139177,0.016435574212047444,-0.025984988019139177
ma20_episode_ml_l2_logistic,top,all_a_ma20_episode_match_walk_forward_v1,capped_confirmation,ma20_episode_ml_l2_logistic::top::all_a_ma20_episode_match_walk_forward_v1::000002,2024-11-15,csi300,沪深300,10,True,10,True,2024-11-29,3968.83,-0.013165088955687243,0.016435574212047444,-0.039434795645064136
ma20_episode_ml_l2_logistic,top,all_a_ma20_episode_match_walk_forward_v1,capped_confirmation,ma20_episode_ml_l2_logistic::top::all_a_ma20_episode_match_walk_forward_v1::000002,2024-11-15,csi300,沪深300,20,True,20,True,2024-12-13,3968.83,-0.008982496100865989,0.0326418617073545,-0.039434795645064136
ma20_episode_ml_l2_logistic,top,all_a_ma20_episode_match_walk_forward_v1,capped_confirmation,ma20_episode_ml_l2_logistic::top::all_a_ma20_episode_match_walk_forward_v1::000002,2024-11-15,csi500,中证500,5,True,5,True,2024-11-22,5924.48,-0.029408488171113634,0.015317800043210594,-0.029408488171113634
ma20_episode_ml_l2_logistic,top,all_a_ma20_episode_match_walk_forward_v1,capped_confirmation,ma20_episode_ml_l2_logistic::top::all_a_ma20_episode_match_walk_forward_v1::000002,2024-11-15,csi500,中证500,10,True,10,True,2024-11-29,5924.48,-0.01224411256346547,0.015317800043210594,-0.054094198984552144
ma20_episode_ml_l2_logistic,top,all_a_ma20_episode_match_walk_forward_v1,capped_confirmation,ma20_episode_ml_l2_logistic::top::all_a_ma20_episode_match_walk_forward_v1::000002,2024-11-15,csi500,中证500,20,True,20,True,2024-12-13,5924.48,0.010770565517986386,0.036558482769795786,-0.054094198984552144
ma20_episode_ml_l2_logistic,top,all_a_ma20_episode_match_walk_forward_v1,capped_confirmation,ma20_episode_ml_l2_logistic::top::all_a_ma20_episode_match_walk_forward_v1::000002,2024-11-15,microcap,微盘股,5,True,5,True,2024-11-22,3717.2,-0.0029538362208113567,0.038496717959754845,-0.03719735284622838
ma20_episode_ml_l2_logistic,top,all_a_ma20_episode_match_walk_forward_v1,capped_confirmation,ma20_episode_ml_l2_logistic::top::all_a_ma20_episode_match_walk_forward_v1::000002,2024-11-15,microcap,微盘股,10,True,10,True,2024-11-29,3717.2,0.06251479608307342,0.06700742494350598,-0.03719735284622838
ma20_episode_ml_l2_logistic,top,all_a_ma20_episode_match_walk_forward_v1,capped_confirmation,ma20_episode_ml_l2_logistic::top::all_a_ma20_episode_match_walk_forward_v1::000002,2024-11-15,microcap,微盘股,20,True,20,True,2024-12-13,3717.2,0.14516571613042095,0.1617723017324868,-0.03719735284622838
ma20_episode_ml_l2_logistic,top,all_a_ma20_episode_match_walk_forward_v1,capped_confirmation,ma20_episode_ml_l2_logistic::top::all_a_ma20_episode_match_walk_forward_v1::000002,2024-11-15,sse_composite,上证指数,5,True,5,True,2024-11-22,3330.73,-0.019076899058164454,0.0168641709174866,-0.019076899058164454
ma20_episode_ml_l2_logistic,top,all_a_ma20_episode_match_walk_forward_v1,capped_confirmation,ma20_episode_ml_l2_logistic::top::all_a_ma20_episode_match_walk_forward_v1::000002,2024-11-15,sse_composite,上证指数,10,True,10,True,2024-11-29,3330.73,-0.0012820012429707317,0.0168641709174866,-0.03103523852128509
ma20_episode_ml_l2_logistic,top,all_a_ma20_episode_match_walk_forward_v1,capped_confirmation,ma20_episode_ml_l2_logistic::top::all_a_ma20_episode_match_walk_forward_v1::000002,2024-11-15,sse_composite,上证指数,20,True,20,True,2024-12-13,3330.73,0.018359338643480605,0.04928048806117569,-0.03103523852128509
ma20_episode_ml_l2_logistic,top,all_a_ma20_episode_match_walk_forward_v1,onset,ma20_episode_ml_l2_logistic::top::all_a_ma20_episode_match_walk_forward_v1::000001,2020-01-15,all_a,全A,5,True,5,True,2020-01-22,4654.919921875,-0.0027755411675902675,0.006382485936628601,-0.0244472099622417
ma20_episode_ml_l2_logistic,top,all_a_ma20_episode_match_walk_forward_v1,onset,ma20_episode_ml_l2_logistic::top::all_a_ma20_episode_match_walk_forward_v1::000001,2020-01-15,all_a,全A,10,True,10,True,2020-02-06,4654.919921875,-0.05977116365874646,0.006382485936628601,-0.13866188286167314
ma20_episode_ml_l2_logistic,top,all_a_ma20_episode_match_walk_forward_v1,onset,ma20_episode_ml_l2_logistic::top::all_a_ma20_episode_match_walk_forward_v1::000001,2020-01-15,all_a,全A,20,True,20,True,2020-02-20,4654.919921875,0.013186023356504206,0.01375109668491703,-0.13866188286167314
ma20_episode_ml_l2_logistic,top,all_a_ma20_episode_match_walk_forward_v1,onset,ma20_episode_ml_l2_logistic::top::all_a_ma20_episode_match_walk_forward_v1::000001,2020-01-15,cni2000,国证2000,5,True,5,True,2020-01-22,6512.46,-0.0035777570994678376,0.004907515746737756,-0.0247371960825864
ma20_episode_ml_l2_logistic,top,all_a_ma20_episode_match_walk_forward_v1,onset,ma20_episode_ml_l2_logistic::top::all_a_ma20_episode_match_walk_forward_v1::000001,2020-01-15,cni2000,国证2000,10,True,10,True,2020-02-06,6512.46,-0.0739735829471505,0.004907515746737756,-0.17526249681380002
ma20_episode_ml_l2_logistic,top,all_a_ma20_episode_match_walk_forward_v1,onset,ma20_episode_ml_l2_logistic::top::all_a_ma20_episode_match_walk_forward_v1::000001,2020-01-15,cni2000,国证2000,20,True,20,True,2020-02-20,6512.46,0.022742558111681355,0.022827011605445646,-0.17526249681380002
ma20_episode_ml_l2_logistic,top,all_a_ma20_episode_match_walk_forward_v1,onset,ma20_episode_ml_l2_logistic::top::all_a_ma20_episode_match_walk_forward_v1::000001,2020-01-15,csi1000,中证1000,5,True,5,True,2020-01-22,5913.52,0.0010264613969344083,0.006995833276965291,-0.02178736184201624
ma20_episode_ml_l2_logistic,top,all_a_ma20_episode_match_walk_forward_v1,onset,ma20_episode_ml_l2_logistic::top::all_a_ma20_episode_match_walk_forward_v1::000001,2020-01-15,csi1000,中证1000,10,True,10,True,2020-02-06,5913.52,-0.06728310718489161,0.006995833276965291,-0.16746878339804394
ma20_episode_ml_l2_logistic,top,all_a_ma20_episode_match_walk_forward_v1,onset,ma20_episode_ml_l2_logistic::top::all_a_ma20_episode_match_walk_forward_v1::000001,2020-01-15,csi1000,中证1000,20,True,20,True,2020-02-20,5913.52,0.037350004734912456,0.037512344593406244,-0.16746878339804394
ma20_episode_ml_l2_logistic,top,all_a_ma20_episode_match_walk_forward_v1,onset,ma20_episode_ml_l2_logistic::top::all_a_ma20_episode_match_walk_forward_v1::000001,2020-01-15,csi300,沪深300,5,True,5,True,2020-01-22,4166.73,-0.008351873051529402,0.004615129850026323,-0.028857161371147133
ma20_episode_ml_l2_logistic,top,all_a_ma20_episode_match_walk_forward_v1,onset,ma20_episode_ml_l2_logistic::top::all_a_ma20_episode_match_walk_forward_v1::000001,2020-01-15,csi300,沪深300,10,True,10,True,2020-02-06,4166.73,-0.06406702618120186,0.004615129850026323,-0.12643487818985144
ma20_episode_ml_l2_logistic,top,all_a_ma20_episode_match_walk_forward_v1,onset,ma20_episode_ml_l2_logistic::top::all_a_ma20_episode_match_walk_forward_v1::000001,2020-01-15,csi300,沪深300,20,True,20,True,2020-02-20,4166.73,-0.005296719489863655,0.004615129850026323,-0.12643487818985144
ma20_episode_ml_l2_logistic,top,all_a_ma20_episode_match_walk_forward_v1,onset,ma20_episode_ml_l2_logistic::top::all_a_ma20_episode_match_walk_forward_v1::000001,2020-01-15,csi500,中证500,5,True,5,True,2020-01-22,5530.03,0.00822418684889592,0.012289264253539267,-0.016244034842487265
ma20_episode_ml_l2_logistic,top,all_a_ma20_episode_match_walk_forward_v1,onset,ma20_episode_ml_l2_logistic::top::all_a_ma20_episode_match_walk_forward_v1::000001,2020-01-15,csi500,中证500,10,True,10,True,2020-02-06,5530.03,-0.0446905351327207,0.012289264253539267,-0.14356341647332838
ma20_episode_ml_l2_logistic,top,all_a_ma20_episode_match_walk_forward_v1,onset,ma20_episode_ml_l2_logistic::top::all_a_ma20_episode_match_walk_forward_v1::000001,2020-01-15,csi500,中证500,20,True,20,True,2020-02-20,5530.03,0.03194919376567573,0.032938338490026364,-0.14356341647332838
ma20_episode_ml_l2_logistic,top,all_a_ma20_episode_match_walk_forward_v1,onset,ma20_episode_ml_l2_logistic::top::all_a_ma20_episode_match_walk_forward_v1::000001,2020-01-15,microcap,微盘股,5,True,5,True,2020-01-22,1113.75,-0.023164983164983166,-8.978675645310297e-06,-0.038662177328843916
ma20_episode_ml_l2_logistic,top,all_a_ma20_episode_match_walk_forward_v1,onset,ma20_episode_ml_l2_logistic::top::all_a_ma20_episode_match_walk_forward_v1::000001,2020-01-15,microcap,微盘股,10,True,10,True,2020-02-06,1113.75,-0.13037037037037036,-8.978675645310297e-06,-0.2142850729517396
ma20_episode_ml_l2_logistic,top,all_a_ma20_episode_match_walk_forward_v1,onset,ma20_episode_ml_l2_logistic::top::all_a_ma20_episode_match_walk_forward_v1::000001,2020-01-15,microcap,微盘股,20,True,20,True,2020-02-20,1113.75,-0.037719416386083005,-8.978675645310297e-06,-0.2142850729517396
ma20_episode_ml_l2_logistic,top,all_a_ma20_episode_match_walk_forward_v1,onset,ma20_episode_ml_l2_logistic::top::all_a_ma20_episode_match_walk_forward_v1::000001,2020-01-15,sse_composite,上证指数,5,True,5,True,2020-01-22,3090.04,-0.009478841697842078,0.002048517171298725,-0.02710968142807213
ma20_episode_ml_l2_logistic,top,all_a_ma20_episode_match_walk_forward_v1,onset,ma20_episode_ml_l2_logistic::top::all_a_ma20_episode_match_walk_forward_v1::000001,2020-01-15,sse_composite,上证指数,10,True,10,True,2020-02-06,3090.04,-0.07233886939974876,0.002048517171298725,-0.1309918318209473
ma20_episode_ml_l2_logistic,top,all_a_ma20_episode_match_walk_forward_v1,onset,ma20_episode_ml_l2_logistic::top::all_a_ma20_episode_match_walk_forward_v1::000001,2020-01-15,sse_composite,上证指数,20,True,20,True,2020-02-20,3090.04,-0.01938162612781702,0.002048517171298725,-0.1309918318209473
ma20_episode_ml_l2_logistic,top,all_a_ma20_episode_match_walk_forward_v1,onset,ma20_episode_ml_l2_logistic::top::all_a_ma20_episode_match_walk_forward_v1::000002,2024-11-14,all_a,全A,5,True,5,True,2024-11-21,4949.25146484375,-0.007391328411700537,0.0044828038330844144,-0.044046472857766195
ma20_episode_ml_l2_logistic,top,all_a_ma20_episode_match_walk_forward_v1,onset,ma20_episode_ml_l2_logistic::top::all_a_ma20_episode_match_walk_forward_v1::000002,2024-11-14,all_a,全A,10,True,10,True,2024-11-28,4949.25146484375,-0.03440644186744224,0.0044828038330844144,-0.05960063207948407
ma20_episode_ml_l2_logistic,top,all_a_ma20_episode_match_walk_forward_v1,onset,ma20_episode_ml_l2_logistic::top::all_a_ma20_episode_match_walk_forward_v1::000002,2024-11-14,all_a,全A,20,True,20,True,2024-12-12,4949.25146484375,0.020968586730928385,0.030182515565455592,-0.05960063207948407
ma20_episode_ml_l2_logistic,top,all_a_ma20_episode_match_walk_forward_v1,onset,ma20_episode_ml_l2_logistic::top::all_a_ma20_episode_match_walk_forward_v1::000002,2024-11-14,cni2000,国证2000,5,True,5,True,2024-11-21,7857.5,0.00408781419026405,0.0111180400890869,-0.05441298122812599
ma20_episode_ml_l2_logistic,top,all_a_ma20_episode_match_walk_forward_v1,onset,ma20_episode_ml_l2_logistic::top::all_a_ma20_episode_match_walk_forward_v1::000002,2024-11-14,cni2000,国证2000,10,True,10,True,2024-11-28,7857.5,-0.01821062678969143,0.0111180400890869,-0.059409481387209695
ma20_episode_ml_l2_logistic,top,all_a_ma20_episode_match_walk_forward_v1,onset,ma20_episode_ml_l2_logistic::top::all_a_ma20_episode_match_walk_forward_v1::000002,2024-11-14,cni2000,国证2000,20,True,20,True,2024-12-12,7857.5,0.05858351893095759,0.05875151129494105,-0.059409481387209695
ma20_episode_ml_l2_logistic,top,all_a_ma20_episode_match_walk_forward_v1,onset,ma20_episode_ml_l2_logistic::top::all_a_ma20_episode_match_walk_forward_v1::000002,2024-11-14,csi1000,中证1000,5,True,5,True,2024-11-21,6272.19,-0.0015991224755627087,0.009515017880517007,-0.053426315210476694
ma20_episode_ml_l2_logistic,top,all_a_ma20_episode_match_walk_forward_v1,onset,ma20_episode_ml_l2_logistic::top::all_a_ma20_episode_match_walk_forward_v1::000002,2024-11-14,csi1000,中证1000,10,True,10,True,2024-11-28,6272.19,-0.029670657298327963,0.009515017880517007,-0.06619537992312086
ma20_episode_ml_l2_logistic,top,all_a_ma20_episode_match_walk_forward_v1,onset,ma20_episode_ml_l2_logistic::top::all_a_ma20_episode_match_walk_forward_v1::000002,2024-11-14,csi1000,中证1000,20,True,20,True,2024-12-12,6272.19,0.034750222808939135,0.035984241548805196,-0.06619537992312086
ma20_episode_ml_l2_logistic,top,all_a_ma20_episode_match_walk_forward_v1,onset,ma20_episode_ml_l2_logistic::top::all_a_ma20_episode_match_walk_forward_v1::000002,2024-11-14,csi300,沪深300,5,True,5,True,2024-11-21,4039.62,-0.012456617206568876,0.0023393289467821266,-0.035367188002831895
ma20_episode_ml_l2_logistic,top,all_a_ma20_episode_match_walk_forward_v1,onset,ma20_episode_ml_l2_logistic::top::all_a_ma20_episode_match_walk_forward_v1::000002,2024-11-14,csi300,沪深300,10,True,10,True,2024-11-28,4039.62,-0.04135785049088769,0.0023393289467821266,-0.0562676687411191
ma20_episode_ml_l2_logistic,top,all_a_ma20_episode_match_walk_forward_v1,onset,ma20_episode_ml_l2_logistic::top::all_a_ma20_episode_match_walk_forward_v1::000002,2024-11-14,csi300,沪深300,20,True,20,True,2024-12-12,4039.62,-0.0027527341680653183,0.014545922636287623,-0.0562676687411191
ma20_episode_ml_l2_logistic,top,all_a_ma20_episode_match_walk_forward_v1,onset,ma20_episode_ml_l2_logistic::top::all_a_ma20_episode_match_walk_forward_v1::000002,2024-11-14,csi500,中证500,5,True,5,True,2024-11-21,6078.31,-0.015300305512552015,0.0024858883472542725,-0.04970296019781828
ma20_episode_ml_l2_logistic,top,all_a_ma20_episode_match_walk_forward_v1,onset,ma20_episode_ml_l2_logistic::top::all_a_ma20_episode_match_walk_forward_v1::000002,2024-11-14,csi500,中证500,10,True,10,True,2024-11-28,6078.31,-0.052763021300328505,0.0024858883472542725,-0.07803320330815644
ma20_episode_ml_l2_logistic,top,all_a_ma20_episode_match_walk_forward_v1,onset,ma20_episode_ml_l2_logistic::top::all_a_ma20_episode_match_walk_forward_v1::000002,2024-11-14,csi500,中证500,20,True,20,True,2024-12-12,6078.31,0.003632588663625258,0.010325238429760741,-0.07803320330815644
ma20_episode_ml_l2_logistic,top,all_a_ma20_episode_match_walk_forward_v1,onset,ma20_episode_ml_l2_logistic::top::all_a_ma20_episode_match_walk_forward_v1::000002,2024-11-14,microcap,微盘股,5,True,5,True,2024-11-21,3779.33,0.016137781035262977,0.018381564986386545,-0.053025271675138264
ma20_episode_ml_l2_logistic,top,all_a_ma20_episode_match_walk_forward_v1,onset,ma20_episode_ml_l2_logistic::top::all_a_ma20_episode_match_walk_forward_v1::000002,2024-11-14,microcap,微盘股,10,True,10,True,2024-11-28,3779.33,0.0330296639880614,0.03946466701769902,-0.053025271675138264
ma20_episode_ml_l2_logistic,top,all_a_ma20_episode_match_walk_forward_v1,onset,ma20_episode_ml_l2_logistic::top::all_a_ma20_episode_match_walk_forward_v1::000002,2024-11-14,microcap,微盘股,20,True,20,True,2024-12-12,3779.33,0.142673436826104,0.142673436826104,-0.053025271675138264
ma20_episode_ml_l2_logistic,top,all_a_ma20_episode_match_walk_forward_v1,onset,ma20_episode_ml_l2_logistic::top::all_a_ma20_episode_match_walk_forward_v1::000002,2024-11-14,sse_composite,上证指数,5,True,5,True,2024-11-21,3379.84,-0.0027930316227987584,0.0033966104904374905,-0.02831790854004923
ma20_episode_ml_l2_logistic,top,all_a_ma20_episode_match_walk_forward_v1,onset,ma20_episode_ml_l2_logistic::top::all_a_ma20_episode_match_walk_forward_v1::000002,2024-11-14,sse_composite,上证指数,10,True,10,True,2024-11-28,3379.84,-0.02489466957015729,0.0033966104904374905,-0.04511456163605376
ma20_episode_ml_l2_logistic,top,all_a_ma20_episode_match_walk_forward_v1,onset,ma20_episode_ml_l2_logistic::top::all_a_ma20_episode_match_walk_forward_v1::000002,2024-11-14,sse_composite,上证指数,20,True,20,True,2024-12-12,3379.84,0.024160907025184475,0.03403415546298039,-0.04511456163605376
