signal_id,direction,version,event_kind,aggregation,index_id,index_name,observation_unit,match_scope,timing_slice,region_form_slice,region_count,matched_region_count,missed_region_count,region_recall,episode_count,matched_episode_count,false_alarm_count,isolated_false_alarm_count,duplicate_alarm_count,unclassified_episode_count,episode_precision,median_lead_lag_days,q25_lead_lag_days,q75_lead_lag_days
ma20_episode_ml_l2_logistic,bottom,all_a_ma20_episode_match_walk_forward_v1,capped_confirmation,all_indices,__all__,全部指数（指数-事件对）,index_region_or_index_episode_pair,loose,all,all,109,13,96,0.11926605504587157,140,13,127,80,8,0,0.09285714285714286,0.0,0.0,2.0
ma20_episode_ml_l2_logistic,bottom,all_a_ma20_episode_match_walk_forward_v1,capped_confirmation,all_indices,__all__,全部指数（指数-事件对）,index_region_or_index_episode_pair,loose,all,multi_lobe,46,10,36,0.21739130434782608,37,10,27,20,0,0,0.2702702702702703,2.0,0.0,3.5
ma20_episode_ml_l2_logistic,bottom,all_a_ma20_episode_match_walk_forward_v1,capped_confirmation,all_indices,__all__,全部指数（指数-事件对）,index_region_or_index_episode_pair,loose,all,single_lobe,63,3,60,0.047619047619047616,103,3,100,60,8,0,0.02912621359223301,0.0,0.0,0.0
ma20_episode_ml_l2_logistic,bottom,all_a_ma20_episode_match_walk_forward_v1,capped_confirmation,all_indices,__all__,全部指数（指数-事件对）,index_region_or_index_episode_pair,loose,confirmation,all,104,6,98,0.057692307692307696,66,6,60,25,2,0,0.09090909090909091,3.0,2.0,4.0
ma20_episode_ml_l2_logistic,bottom,all_a_ma20_episode_match_walk_forward_v1,capped_confirmation,all_indices,__all__,全部指数（指数-事件对）,index_region_or_index_episode_pair,loose,confirmation,multi_lobe,43,6,37,0.13953488372093023,17,6,11,6,0,0,0.35294117647058826,3.0,2.0,4.0
ma20_episode_ml_l2_logistic,bottom,all_a_ma20_episode_match_walk_forward_v1,capped_confirmation,all_indices,__all__,全部指数（指数-事件对）,index_region_or_index_episode_pair,loose,confirmation,single_lobe,61,0,61,0.0,49,0,49,19,2,0,0.0,,,
ma20_episode_ml_l2_logistic,bottom,all_a_ma20_episode_match_walk_forward_v1,capped_confirmation,all_indices,__all__,全部指数（指数-事件对）,index_region_or_index_episode_pair,loose,prediction,all,104,7,97,0.0673076923076923,74,7,67,55,6,0,0.0945945945945946,0.0,-3.5,0.0
ma20_episode_ml_l2_logistic,bottom,all_a_ma20_episode_match_walk_forward_v1,capped_confirmation,all_indices,__all__,全部指数（指数-事件对）,index_region_or_index_episode_pair,loose,prediction,multi_lobe,41,4,37,0.0975609756097561,20,4,16,14,0,0,0.2,-3.5,-8.0,0.0
ma20_episode_ml_l2_logistic,bottom,all_a_ma20_episode_match_walk_forward_v1,capped_confirmation,all_indices,__all__,全部指数（指数-事件对）,index_region_or_index_episode_pair,loose,prediction,single_lobe,63,3,60,0.047619047619047616,54,3,51,41,6,0,0.05555555555555555,0.0,0.0,0.0
ma20_episode_ml_l2_logistic,bottom,all_a_ma20_episode_match_walk_forward_v1,capped_confirmation,all_indices,__all__,全部指数（指数-事件对）,index_region_or_index_episode_pair,strict,all,all,109,7,102,0.06422018348623854,140,7,133,80,8,0,0.05,0.0,0.0,0.0
ma20_episode_ml_l2_logistic,bottom,all_a_ma20_episode_match_walk_forward_v1,capped_confirmation,all_indices,__all__,全部指数（指数-事件对）,index_region_or_index_episode_pair,strict,all,multi_lobe,46,4,42,0.08695652173913043,37,4,33,20,0,0,0.10810810810810811,0.0,-1.75,1.0
ma20_episode_ml_l2_logistic,bottom,all_a_ma20_episode_match_walk_forward_v1,capped_confirmation,all_indices,__all__,全部指数（指数-事件对）,index_region_or_index_episode_pair,strict,all,single_lobe,63,3,60,0.047619047619047616,103,3,100,60,8,0,0.02912621359223301,0.0,0.0,0.0
ma20_episode_ml_l2_logistic,bottom,all_a_ma20_episode_match_walk_forward_v1,capped_confirmation,all_indices,__all__,全部指数（指数-事件对）,index_region_or_index_episode_pair,strict,confirmation,all,104,1,103,0.009615384615384616,66,1,65,25,2,0,0.015151515151515152,4.0,4.0,4.0
ma20_episode_ml_l2_logistic,bottom,all_a_ma20_episode_match_walk_forward_v1,capped_confirmation,all_indices,__all__,全部指数（指数-事件对）,index_region_or_index_episode_pair,strict,confirmation,multi_lobe,43,1,42,0.023255813953488372,17,1,16,6,0,0,0.058823529411764705,4.0,4.0,4.0
ma20_episode_ml_l2_logistic,bottom,all_a_ma20_episode_match_walk_forward_v1,capped_confirmation,all_indices,__all__,全部指数（指数-事件对）,index_region_or_index_episode_pair,strict,confirmation,single_lobe,61,0,61,0.0,49,0,49,19,2,0,0.0,,,
ma20_episode_ml_l2_logistic,bottom,all_a_ma20_episode_match_walk_forward_v1,capped_confirmation,all_indices,__all__,全部指数（指数-事件对）,index_region_or_index_episode_pair,strict,prediction,all,104,6,98,0.057692307692307696,74,6,68,55,6,0,0.08108108108108109,0.0,0.0,0.0
ma20_episode_ml_l2_logistic,bottom,all_a_ma20_episode_match_walk_forward_v1,capped_confirmation,all_indices,__all__,全部指数（指数-事件对）,index_region_or_index_episode_pair,strict,prediction,multi_lobe,41,3,38,0.07317073170731707,20,3,17,14,0,0,0.15,0.0,-3.5,0.0
ma20_episode_ml_l2_logistic,bottom,all_a_ma20_episode_match_walk_forward_v1,capped_confirmation,all_indices,__all__,全部指数（指数-事件对）,index_region_or_index_episode_pair,strict,prediction,single_lobe,63,3,60,0.047619047619047616,54,3,51,41,6,0,0.05555555555555555,0.0,0.0,0.0
ma20_episode_ml_l2_logistic,bottom,all_a_ma20_episode_match_walk_forward_v1,capped_confirmation,all_indices,__all__,全部指数（指数-事件对）,index_region_or_index_episode_pair,window,all,all,109,52,57,0.47706422018348627,140,52,88,80,8,0,0.37142857142857144,4.0,1.5,5.0
ma20_episode_ml_l2_logistic,bottom,all_a_ma20_episode_match_walk_forward_v1,capped_confirmation,all_indices,__all__,全部指数（指数-事件对）,index_region_or_index_episode_pair,window,all,multi_lobe,46,17,29,0.3695652173913043,37,17,20,20,0,0,0.4594594594594595,2.0,0.0,4.0
ma20_episode_ml_l2_logistic,bottom,all_a_ma20_episode_match_walk_forward_v1,capped_confirmation,all_indices,__all__,全部指数（指数-事件对）,index_region_or_index_episode_pair,window,all,single_lobe,63,35,28,0.5555555555555556,103,35,68,60,8,0,0.33980582524271846,5.0,3.0,5.0
ma20_episode_ml_l2_logistic,bottom,all_a_ma20_episode_match_walk_forward_v1,capped_confirmation,all_indices,__all__,全部指数（指数-事件对）,index_region_or_index_episode_pair,window,confirmation,all,104,39,65,0.375,66,39,27,25,2,0,0.5909090909090909,5.0,4.0,5.0
ma20_episode_ml_l2_logistic,bottom,all_a_ma20_episode_match_walk_forward_v1,capped_confirmation,all_indices,__all__,全部指数（指数-事件对）,index_region_or_index_episode_pair,window,confirmation,multi_lobe,43,11,32,0.2558139534883721,17,11,6,6,0,0,0.6470588235294118,4.0,3.0,5.0
ma20_episode_ml_l2_logistic,bottom,all_a_ma20_episode_match_walk_forward_v1,capped_confirmation,all_indices,__all__,全部指数（指数-事件对）,index_region_or_index_episode_pair,window,confirmation,single_lobe,61,28,33,0.45901639344262296,49,28,21,19,2,0,0.5714285714285714,5.0,4.0,6.0
ma20_episode_ml_l2_logistic,bottom,all_a_ma20_episode_match_walk_forward_v1,capped_confirmation,all_indices,__all__,全部指数（指数-事件对）,index_region_or_index_episode_pair,window,prediction,all,104,13,91,0.125,74,13,61,55,6,0,0.17567567567567569,-11.0,-11.0,0.0
ma20_episode_ml_l2_logistic,bottom,all_a_ma20_episode_match_walk_forward_v1,capped_confirmation,all_indices,__all__,全部指数（指数-事件对）,index_region_or_index_episode_pair,window,prediction,multi_lobe,41,6,35,0.14634146341463414,20,6,14,14,0,0,0.3,-9.0,-11.0,-1.75
ma20_episode_ml_l2_logistic,bottom,all_a_ma20_episode_match_walk_forward_v1,capped_confirmation,all_indices,__all__,全部指数（指数-事件对）,index_region_or_index_episode_pair,window,prediction,single_lobe,63,7,56,0.1111111111111111,54,7,47,41,6,0,0.12962962962962962,-11.0,-11.0,0.0
ma20_episode_ml_l2_logistic,bottom,all_a_ma20_episode_match_walk_forward_v1,capped_confirmation,index,all_a,全A,region_or_episode,loose,all,all,15,3,12,0.2,20,3,17,12,1,0,0.15,2.0,1.0,3.5
ma20_episode_ml_l2_logistic,bottom,all_a_ma20_episode_match_walk_forward_v1,capped_confirmation,index,all_a,全A,region_or_episode,loose,all,multi_lobe,10,3,7,0.3,7,3,4,3,0,0,0.42857142857142855,2.0,1.0,3.5
ma20_episode_ml_l2_logistic,bottom,all_a_ma20_episode_match_walk_forward_v1,capped_confirmation,index,all_a,全A,region_or_episode,loose,all,single_lobe,5,0,5,0.0,13,0,13,9,1,0,0.0,,,
ma20_episode_ml_l2_logistic,bottom,all_a_ma20_episode_match_walk_forward_v1,capped_confirmation,index,all_a,全A,region_or_episode,loose,confirmation,all,14,2,12,0.14285714285714285,7,2,5,2,0,0,0.2857142857142857,3.5,2.75,4.25
ma20_episode_ml_l2_logistic,bottom,all_a_ma20_episode_match_walk_forward_v1,capped_confirmation,index,all_a,全A,region_or_episode,loose,confirmation,multi_lobe,9,2,7,0.2222222222222222,4,2,2,1,0,0,0.5,3.5,2.75,4.25
ma20_episode_ml_l2_logistic,bottom,all_a_ma20_episode_match_walk_forward_v1,capped_confirmation,index,all_a,全A,region_or_episode,loose,confirmation,single_lobe,5,0,5,0.0,3,0,3,1,0,0,0.0,,,
ma20_episode_ml_l2_logistic,bottom,all_a_ma20_episode_match_walk_forward_v1,capped_confirmation,index,all_a,全A,region_or_episode,loose,prediction,all,14,1,13,0.07142857142857142,13,1,12,10,1,0,0.07692307692307693,0.0,0.0,0.0
ma20_episode_ml_l2_logistic,bottom,all_a_ma20_episode_match_walk_forward_v1,capped_confirmation,index,all_a,全A,region_or_episode,loose,prediction,multi_lobe,9,1,8,0.1111111111111111,3,1,2,2,0,0,0.3333333333333333,0.0,0.0,0.0
ma20_episode_ml_l2_logistic,bottom,all_a_ma20_episode_match_walk_forward_v1,capped_confirmation,index,all_a,全A,region_or_episode,loose,prediction,single_lobe,5,0,5,0.0,10,0,10,8,1,0,0.0,,,
ma20_episode_ml_l2_logistic,bottom,all_a_ma20_episode_match_walk_forward_v1,capped_confirmation,index,all_a,全A,region_or_episode,strict,all,all,15,1,14,0.06666666666666667,20,1,19,12,1,0,0.05,0.0,0.0,0.0
ma20_episode_ml_l2_logistic,bottom,all_a_ma20_episode_match_walk_forward_v1,capped_confirmation,index,all_a,全A,region_or_episode,strict,all,multi_lobe,10,1,9,0.1,7,1,6,3,0,0,0.14285714285714285,0.0,0.0,0.0
ma20_episode_ml_l2_logistic,bottom,all_a_ma20_episode_match_walk_forward_v1,capped_confirmation,index,all_a,全A,region_or_episode,strict,all,single_lobe,5,0,5,0.0,13,0,13,9,1,0,0.0,,,
ma20_episode_ml_l2_logistic,bottom,all_a_ma20_episode_match_walk_forward_v1,capped_confirmation,index,all_a,全A,region_or_episode,strict,confirmation,all,14,0,14,0.0,7,0,7,2,0,0,0.0,,,
ma20_episode_ml_l2_logistic,bottom,all_a_ma20_episode_match_walk_forward_v1,capped_confirmation,index,all_a,全A,region_or_episode,strict,confirmation,multi_lobe,9,0,9,0.0,4,0,4,1,0,0,0.0,,,
ma20_episode_ml_l2_logistic,bottom,all_a_ma20_episode_match_walk_forward_v1,capped_confirmation,index,all_a,全A,region_or_episode,strict,confirmation,single_lobe,5,0,5,0.0,3,0,3,1,0,0,0.0,,,
ma20_episode_ml_l2_logistic,bottom,all_a_ma20_episode_match_walk_forward_v1,capped_confirmation,index,all_a,全A,region_or_episode,strict,prediction,all,14,1,13,0.07142857142857142,13,1,12,10,1,0,0.07692307692307693,0.0,0.0,0.0
ma20_episode_ml_l2_logistic,bottom,all_a_ma20_episode_match_walk_forward_v1,capped_confirmation,index,all_a,全A,region_or_episode,strict,prediction,multi_lobe,9,1,8,0.1111111111111111,3,1,2,2,0,0,0.3333333333333333,0.0,0.0,0.0
ma20_episode_ml_l2_logistic,bottom,all_a_ma20_episode_match_walk_forward_v1,capped_confirmation,index,all_a,全A,region_or_episode,strict,prediction,single_lobe,5,0,5,0.0,10,0,10,8,1,0,0.0,,,
ma20_episode_ml_l2_logistic,bottom,all_a_ma20_episode_match_walk_forward_v1,capped_confirmation,index,all_a,全A,region_or_episode,window,all,all,15,7,8,0.4666666666666667,20,7,13,12,1,0,0.35,3.0,1.0,4.5
ma20_episode_ml_l2_logistic,bottom,all_a_ma20_episode_match_walk_forward_v1,capped_confirmation,index,all_a,全A,region_or_episode,window,all,multi_lobe,10,4,6,0.4,7,4,3,3,0,0,0.5714285714285714,3.0,1.5,4.25
ma20_episode_ml_l2_logistic,bottom,all_a_ma20_episode_match_walk_forward_v1,capped_confirmation,index,all_a,全A,region_or_episode,window,all,single_lobe,5,3,2,0.6,13,3,10,9,1,0,0.23076923076923078,3.0,-4.0,4.0
ma20_episode_ml_l2_logistic,bottom,all_a_ma20_episode_match_walk_forward_v1,capped_confirmation,index,all_a,全A,region_or_episode,window,confirmation,all,14,5,9,0.35714285714285715,7,5,2,2,0,0,0.7142857142857143,4.0,3.0,5.0
ma20_episode_ml_l2_logistic,bottom,all_a_ma20_episode_match_walk_forward_v1,capped_confirmation,index,all_a,全A,region_or_episode,window,confirmation,multi_lobe,9,3,6,0.3333333333333333,4,3,1,1,0,0,0.75,4.0,3.0,4.5
ma20_episode_ml_l2_logistic,bottom,all_a_ma20_episode_match_walk_forward_v1,capped_confirmation,index,all_a,全A,region_or_episode,window,confirmation,single_lobe,5,2,3,0.4,3,2,1,1,0,0,0.6666666666666666,4.0,3.5,4.5
ma20_episode_ml_l2_logistic,bottom,all_a_ma20_episode_match_walk_forward_v1,capped_confirmation,index,all_a,全A,region_or_episode,window,prediction,all,14,2,12,0.14285714285714285,13,2,11,10,1,0,0.15384615384615385,-5.5,-8.25,-2.75
ma20_episode_ml_l2_logistic,bottom,all_a_ma20_episode_match_walk_forward_v1,capped_confirmation,index,all_a,全A,region_or_episode,window,prediction,multi_lobe,9,1,8,0.1111111111111111,3,1,2,2,0,0,0.3333333333333333,0.0,0.0,0.0
ma20_episode_ml_l2_logistic,bottom,all_a_ma20_episode_match_walk_forward_v1,capped_confirmation,index,all_a,全A,region_or_episode,window,prediction,single_lobe,5,1,4,0.2,10,1,9,8,1,0,0.1,-11.0,-11.0,-11.0
ma20_episode_ml_l2_logistic,bottom,all_a_ma20_episode_match_walk_forward_v1,capped_confirmation,index,cni2000,国证2000,region_or_episode,loose,all,all,16,1,15,0.0625,20,1,19,11,1,0,0.05,0.0,0.0,0.0
ma20_episode_ml_l2_logistic,bottom,all_a_ma20_episode_match_walk_forward_v1,capped_confirmation,index,cni2000,国证2000,region_or_episode,loose,all,multi_lobe,4,0,4,0.0,3,0,3,2,0,0,0.0,,,
ma20_episode_ml_l2_logistic,bottom,all_a_ma20_episode_match_walk_forward_v1,capped_confirmation,index,cni2000,国证2000,region_or_episode,loose,all,single_lobe,12,1,11,0.08333333333333333,17,1,16,9,1,0,0.058823529411764705,0.0,0.0,0.0
ma20_episode_ml_l2_logistic,bottom,all_a_ma20_episode_match_walk_forward_v1,capped_confirmation,index,cni2000,国证2000,region_or_episode,loose,confirmation,all,15,0,15,0.0,10,0,10,4,0,0,0.0,,,
ma20_episode_ml_l2_logistic,bottom,all_a_ma20_episode_match_walk_forward_v1,capped_confirmation,index,cni2000,国证2000,region_or_episode,loose,confirmation,multi_lobe,4,0,4,0.0,0,0,0,0,0,0,,,,
ma20_episode_ml_l2_logistic,bottom,all_a_ma20_episode_match_walk_forward_v1,capped_confirmation,index,cni2000,国证2000,region_or_episode,loose,confirmation,single_lobe,11,0,11,0.0,10,0,10,4,0,0,0.0,,,
ma20_episode_ml_l2_logistic,bottom,all_a_ma20_episode_match_walk_forward_v1,capped_confirmation,index,cni2000,国证2000,region_or_episode,loose,prediction,all,16,1,15,0.0625,10,1,9,7,1,0,0.1,0.0,0.0,0.0
ma20_episode_ml_l2_logistic,bottom,all_a_ma20_episode_match_walk_forward_v1,capped_confirmation,index,cni2000,国证2000,region_or_episode,loose,prediction,multi_lobe,4,0,4,0.0,3,0,3,2,0,0,0.0,,,
ma20_episode_ml_l2_logistic,bottom,all_a_ma20_episode_match_walk_forward_v1,capped_confirmation,index,cni2000,国证2000,region_or_episode,loose,prediction,single_lobe,12,1,11,0.08333333333333333,7,1,6,5,1,0,0.14285714285714285,0.0,0.0,0.0
ma20_episode_ml_l2_logistic,bottom,all_a_ma20_episode_match_walk_forward_v1,capped_confirmation,index,cni2000,国证2000,region_or_episode,strict,all,all,16,1,15,0.0625,20,1,19,11,1,0,0.05,0.0,0.0,0.0
ma20_episode_ml_l2_logistic,bottom,all_a_ma20_episode_match_walk_forward_v1,capped_confirmation,index,cni2000,国证2000,region_or_episode,strict,all,multi_lobe,4,0,4,0.0,3,0,3,2,0,0,0.0,,,
ma20_episode_ml_l2_logistic,bottom,all_a_ma20_episode_match_walk_forward_v1,capped_confirmation,index,cni2000,国证2000,region_or_episode,strict,all,single_lobe,12,1,11,0.08333333333333333,17,1,16,9,1,0,0.058823529411764705,0.0,0.0,0.0
ma20_episode_ml_l2_logistic,bottom,all_a_ma20_episode_match_walk_forward_v1,capped_confirmation,index,cni2000,国证2000,region_or_episode,strict,confirmation,all,15,0,15,0.0,10,0,10,4,0,0,0.0,,,
ma20_episode_ml_l2_logistic,bottom,all_a_ma20_episode_match_walk_forward_v1,capped_confirmation,index,cni2000,国证2000,region_or_episode,strict,confirmation,multi_lobe,4,0,4,0.0,0,0,0,0,0,0,,,,
ma20_episode_ml_l2_logistic,bottom,all_a_ma20_episode_match_walk_forward_v1,capped_confirmation,index,cni2000,国证2000,region_or_episode,strict,confirmation,single_lobe,11,0,11,0.0,10,0,10,4,0,0,0.0,,,
ma20_episode_ml_l2_logistic,bottom,all_a_ma20_episode_match_walk_forward_v1,capped_confirmation,index,cni2000,国证2000,region_or_episode,strict,prediction,all,16,1,15,0.0625,10,1,9,7,1,0,0.1,0.0,0.0,0.0
ma20_episode_ml_l2_logistic,bottom,all_a_ma20_episode_match_walk_forward_v1,capped_confirmation,index,cni2000,国证2000,region_or_episode,strict,prediction,multi_lobe,4,0,4,0.0,3,0,3,2,0,0,0.0,,,
ma20_episode_ml_l2_logistic,bottom,all_a_ma20_episode_match_walk_forward_v1,capped_confirmation,index,cni2000,国证2000,region_or_episode,strict,prediction,single_lobe,12,1,11,0.08333333333333333,7,1,6,5,1,0,0.14285714285714285,0.0,0.0,0.0
ma20_episode_ml_l2_logistic,bottom,all_a_ma20_episode_match_walk_forward_v1,capped_confirmation,index,cni2000,国证2000,region_or_episode,window,all,all,16,8,8,0.5,20,8,12,11,1,0,0.4,3.5,1.5,5.0
ma20_episode_ml_l2_logistic,bottom,all_a_ma20_episode_match_walk_forward_v1,capped_confirmation,index,cni2000,国证2000,region_or_episode,window,all,multi_lobe,4,1,3,0.25,3,1,2,2,0,0,0.3333333333333333,-11.0,-11.0,-11.0
ma20_episode_ml_l2_logistic,bottom,all_a_ma20_episode_match_walk_forward_v1,capped_confirmation,index,cni2000,国证2000,region_or_episode,window,all,single_lobe,12,7,5,0.5833333333333334,17,7,10,9,1,0,0.4117647058823529,4.0,2.5,5.0
ma20_episode_ml_l2_logistic,bottom,all_a_ma20_episode_match_walk_forward_v1,capped_confirmation,index,cni2000,国证2000,region_or_episode,window,confirmation,all,15,6,9,0.4,10,6,4,4,0,0,0.6,4.5,3.25,5.0
ma20_episode_ml_l2_logistic,bottom,all_a_ma20_episode_match_walk_forward_v1,capped_confirmation,index,cni2000,国证2000,region_or_episode,window,confirmation,multi_lobe,4,0,4,0.0,0,0,0,0,0,0,,,,
ma20_episode_ml_l2_logistic,bottom,all_a_ma20_episode_match_walk_forward_v1,capped_confirmation,index,cni2000,国证2000,region_or_episode,window,confirmation,single_lobe,11,6,5,0.5454545454545454,10,6,4,4,0,0,0.6,4.5,3.25,5.0
ma20_episode_ml_l2_logistic,bottom,all_a_ma20_episode_match_walk_forward_v1,capped_confirmation,index,cni2000,国证2000,region_or_episode,window,prediction,all,16,2,14,0.125,10,2,8,7,1,0,0.2,-5.5,-8.25,-2.75
ma20_episode_ml_l2_logistic,bottom,all_a_ma20_episode_match_walk_forward_v1,capped_confirmation,index,cni2000,国证2000,region_or_episode,window,prediction,multi_lobe,4,1,3,0.25,3,1,2,2,0,0,0.3333333333333333,-11.0,-11.0,-11.0
ma20_episode_ml_l2_logistic,bottom,all_a_ma20_episode_match_walk_forward_v1,capped_confirmation,index,cni2000,国证2000,region_or_episode,window,prediction,single_lobe,12,1,11,0.08333333333333333,7,1,6,5,1,0,0.14285714285714285,0.0,0.0,0.0
ma20_episode_ml_l2_logistic,bottom,all_a_ma20_episode_match_walk_forward_v1,capped_confirmation,index,csi1000,中证1000,region_or_episode,loose,all,all,14,2,12,0.14285714285714285,20,2,18,12,1,0,0.1,1.0,0.5,1.5
ma20_episode_ml_l2_logistic,bottom,all_a_ma20_episode_match_walk_forward_v1,capped_confirmation,index,csi1000,中证1000,region_or_episode,loose,all,multi_lobe,7,2,5,0.2857142857142857,8,2,6,5,0,0,0.25,1.0,0.5,1.5
ma20_episode_ml_l2_logistic,bottom,all_a_ma20_episode_match_walk_forward_v1,capped_confirmation,index,csi1000,中证1000,region_or_episode,loose,all,single_lobe,7,0,7,0.0,12,0,12,7,1,0,0.0,,,
ma20_episode_ml_l2_logistic,bottom,all_a_ma20_episode_match_walk_forward_v1,capped_confirmation,index,csi1000,中证1000,region_or_episode,loose,confirmation,all,13,1,12,0.07692307692307693,7,1,6,2,0,0,0.14285714285714285,2.0,2.0,2.0
ma20_episode_ml_l2_logistic,bottom,all_a_ma20_episode_match_walk_forward_v1,capped_confirmation,index,csi1000,中证1000,region_or_episode,loose,confirmation,multi_lobe,6,1,5,0.16666666666666666,1,1,0,0,0,0,1.0,2.0,2.0,2.0
ma20_episode_ml_l2_logistic,bottom,all_a_ma20_episode_match_walk_forward_v1,capped_confirmation,index,csi1000,中证1000,region_or_episode,loose,confirmation,single_lobe,7,0,7,0.0,6,0,6,2,0,0,0.0,,,
ma20_episode_ml_l2_logistic,bottom,all_a_ma20_episode_match_walk_forward_v1,capped_confirmation,index,csi1000,中证1000,region_or_episode,loose,prediction,all,13,1,12,0.07692307692307693,13,1,12,10,1,0,0.07692307692307693,0.0,0.0,0.0
ma20_episode_ml_l2_logistic,bottom,all_a_ma20_episode_match_walk_forward_v1,capped_confirmation,index,csi1000,中证1000,region_or_episode,loose,prediction,multi_lobe,6,1,5,0.16666666666666666,7,1,6,5,0,0,0.14285714285714285,0.0,0.0,0.0
ma20_episode_ml_l2_logistic,bottom,all_a_ma20_episode_match_walk_forward_v1,capped_confirmation,index,csi1000,中证1000,region_or_episode,loose,prediction,single_lobe,7,0,7,0.0,6,0,6,5,1,0,0.0,,,
ma20_episode_ml_l2_logistic,bottom,all_a_ma20_episode_match_walk_forward_v1,capped_confirmation,index,csi1000,中证1000,region_or_episode,strict,all,all,14,1,13,0.07142857142857142,20,1,19,12,1,0,0.05,0.0,0.0,0.0
ma20_episode_ml_l2_logistic,bottom,all_a_ma20_episode_match_walk_forward_v1,capped_confirmation,index,csi1000,中证1000,region_or_episode,strict,all,multi_lobe,7,1,6,0.14285714285714285,8,1,7,5,0,0,0.125,0.0,0.0,0.0
ma20_episode_ml_l2_logistic,bottom,all_a_ma20_episode_match_walk_forward_v1,capped_confirmation,index,csi1000,中证1000,region_or_episode,strict,all,single_lobe,7,0,7,0.0,12,0,12,7,1,0,0.0,,,
ma20_episode_ml_l2_logistic,bottom,all_a_ma20_episode_match_walk_forward_v1,capped_confirmation,index,csi1000,中证1000,region_or_episode,strict,confirmation,all,13,0,13,0.0,7,0,7,2,0,0,0.0,,,
ma20_episode_ml_l2_logistic,bottom,all_a_ma20_episode_match_walk_forward_v1,capped_confirmation,index,csi1000,中证1000,region_or_episode,strict,confirmation,multi_lobe,6,0,6,0.0,1,0,1,0,0,0,0.0,,,
ma20_episode_ml_l2_logistic,bottom,all_a_ma20_episode_match_walk_forward_v1,capped_confirmation,index,csi1000,中证1000,region_or_episode,strict,confirmation,single_lobe,7,0,7,0.0,6,0,6,2,0,0,0.0,,,
ma20_episode_ml_l2_logistic,bottom,all_a_ma20_episode_match_walk_forward_v1,capped_confirmation,index,csi1000,中证1000,region_or_episode,strict,prediction,all,13,1,12,0.07692307692307693,13,1,12,10,1,0,0.07692307692307693,0.0,0.0,0.0
ma20_episode_ml_l2_logistic,bottom,all_a_ma20_episode_match_walk_forward_v1,capped_confirmation,index,csi1000,中证1000,region_or_episode,strict,prediction,multi_lobe,6,1,5,0.16666666666666666,7,1,6,5,0,0,0.14285714285714285,0.0,0.0,0.0
ma20_episode_ml_l2_logistic,bottom,all_a_ma20_episode_match_walk_forward_v1,capped_confirmation,index,csi1000,中证1000,region_or_episode,strict,prediction,single_lobe,7,0,7,0.0,6,0,6,5,1,0,0.0,,,
ma20_episode_ml_l2_logistic,bottom,all_a_ma20_episode_match_walk_forward_v1,capped_confirmation,index,csi1000,中证1000,region_or_episode,window,all,all,14,7,7,0.5,20,7,13,12,1,0,0.35,3.0,1.0,4.5
ma20_episode_ml_l2_logistic,bottom,all_a_ma20_episode_match_walk_forward_v1,capped_confirmation,index,csi1000,中证1000,region_or_episode,window,all,multi_lobe,7,3,4,0.42857142857142855,8,3,5,5,0,0,0.375,0.0,-5.5,1.0
ma20_episode_ml_l2_logistic,bottom,all_a_ma20_episode_match_walk_forward_v1,capped_confirmation,index,csi1000,中证1000,region_or_episode,window,all,single_lobe,7,4,3,0.5714285714285714,12,4,8,7,1,0,0.3333333333333333,4.5,3.75,5.0
ma20_episode_ml_l2_logistic,bottom,all_a_ma20_episode_match_walk_forward_v1,capped_confirmation,index,csi1000,中证1000,region_or_episode,window,confirmation,all,13,5,8,0.38461538461538464,7,5,2,2,0,0,0.7142857142857143,4.0,3.0,5.0
ma20_episode_ml_l2_logistic,bottom,all_a_ma20_episode_match_walk_forward_v1,capped_confirmation,index,csi1000,中证1000,region_or_episode,window,confirmation,multi_lobe,6,1,5,0.16666666666666666,1,1,0,0,0,0,1.0,2.0,2.0,2.0
ma20_episode_ml_l2_logistic,bottom,all_a_ma20_episode_match_walk_forward_v1,capped_confirmation,index,csi1000,中证1000,region_or_episode,window,confirmation,single_lobe,7,4,3,0.5714285714285714,6,4,2,2,0,0,0.6666666666666666,4.5,3.75,5.0
ma20_episode_ml_l2_logistic,bottom,all_a_ma20_episode_match_walk_forward_v1,capped_confirmation,index,csi1000,中证1000,region_or_episode,window,prediction,all,13,2,11,0.15384615384615385,13,2,11,10,1,0,0.15384615384615385,-5.5,-8.25,-2.75
ma20_episode_ml_l2_logistic,bottom,all_a_ma20_episode_match_walk_forward_v1,capped_confirmation,index,csi1000,中证1000,region_or_episode,window,prediction,multi_lobe,6,2,4,0.3333333333333333,7,2,5,5,0,0,0.2857142857142857,-5.5,-8.25,-2.75
ma20_episode_ml_l2_logistic,bottom,all_a_ma20_episode_match_walk_forward_v1,capped_confirmation,index,csi1000,中证1000,region_or_episode,window,prediction,single_lobe,7,0,7,0.0,6,0,6,5,1,0,0.0,,,
ma20_episode_ml_l2_logistic,bottom,all_a_ma20_episode_match_walk_forward_v1,capped_confirmation,index,csi300,沪深300,region_or_episode,loose,all,all,15,1,14,0.06666666666666667,20,1,19,12,1,0,0.05,4.0,4.0,4.0
ma20_episode_ml_l2_logistic,bottom,all_a_ma20_episode_match_walk_forward_v1,capped_confirmation,index,csi300,沪深300,region_or_episode,loose,all,multi_lobe,7,1,6,0.14285714285714285,5,1,4,3,0,0,0.2,4.0,4.0,4.0
ma20_episode_ml_l2_logistic,bottom,all_a_ma20_episode_match_walk_forward_v1,capped_confirmation,index,csi300,沪深300,region_or_episode,loose,all,single_lobe,8,0,8,0.0,15,0,15,9,1,0,0.0,,,
ma20_episode_ml_l2_logistic,bottom,all_a_ma20_episode_match_walk_forward_v1,capped_confirmation,index,csi300,沪深300,region_or_episode,loose,confirmation,all,15,1,14,0.06666666666666667,12,1,11,6,0,0,0.08333333333333333,4.0,4.0,4.0
ma20_episode_ml_l2_logistic,bottom,all_a_ma20_episode_match_walk_forward_v1,capped_confirmation,index,csi300,沪深300,region_or_episode,loose,confirmation,multi_lobe,7,1,6,0.14285714285714285,5,1,4,3,0,0,0.2,4.0,4.0,4.0
ma20_episode_ml_l2_logistic,bottom,all_a_ma20_episode_match_walk_forward_v1,capped_confirmation,index,csi300,沪深300,region_or_episode,loose,confirmation,single_lobe,8,0,8,0.0,7,0,7,3,0,0,0.0,,,
ma20_episode_ml_l2_logistic,bottom,all_a_ma20_episode_match_walk_forward_v1,capped_confirmation,index,csi300,沪深300,region_or_episode,loose,prediction,all,14,0,14,0.0,8,0,8,6,1,0,0.0,,,
ma20_episode_ml_l2_logistic,bottom,all_a_ma20_episode_match_walk_forward_v1,capped_confirmation,index,csi300,沪深300,region_or_episode,loose,prediction,multi_lobe,6,0,6,0.0,0,0,0,0,0,0,,,,
ma20_episode_ml_l2_logistic,bottom,all_a_ma20_episode_match_walk_forward_v1,capped_confirmation,index,csi300,沪深300,region_or_episode,loose,prediction,single_lobe,8,0,8,0.0,8,0,8,6,1,0,0.0,,,
ma20_episode_ml_l2_logistic,bottom,all_a_ma20_episode_match_walk_forward_v1,capped_confirmation,index,csi300,沪深300,region_or_episode,strict,all,all,15,1,14,0.06666666666666667,20,1,19,12,1,0,0.05,4.0,4.0,4.0
ma20_episode_ml_l2_logistic,bottom,all_a_ma20_episode_match_walk_forward_v1,capped_confirmation,index,csi300,沪深300,region_or_episode,strict,all,multi_lobe,7,1,6,0.14285714285714285,5,1,4,3,0,0,0.2,4.0,4.0,4.0
ma20_episode_ml_l2_logistic,bottom,all_a_ma20_episode_match_walk_forward_v1,capped_confirmation,index,csi300,沪深300,region_or_episode,strict,all,single_lobe,8,0,8,0.0,15,0,15,9,1,0,0.0,,,
ma20_episode_ml_l2_logistic,bottom,all_a_ma20_episode_match_walk_forward_v1,capped_confirmation,index,csi300,沪深300,region_or_episode,strict,confirmation,all,15,1,14,0.06666666666666667,12,1,11,6,0,0,0.08333333333333333,4.0,4.0,4.0
ma20_episode_ml_l2_logistic,bottom,all_a_ma20_episode_match_walk_forward_v1,capped_confirmation,index,csi300,沪深300,region_or_episode,strict,confirmation,multi_lobe,7,1,6,0.14285714285714285,5,1,4,3,0,0,0.2,4.0,4.0,4.0
ma20_episode_ml_l2_logistic,bottom,all_a_ma20_episode_match_walk_forward_v1,capped_confirmation,index,csi300,沪深300,region_or_episode,strict,confirmation,single_lobe,8,0,8,0.0,7,0,7,3,0,0,0.0,,,
ma20_episode_ml_l2_logistic,bottom,all_a_ma20_episode_match_walk_forward_v1,capped_confirmation,index,csi300,沪深300,region_or_episode,strict,prediction,all,14,0,14,0.0,8,0,8,6,1,0,0.0,,,
ma20_episode_ml_l2_logistic,bottom,all_a_ma20_episode_match_walk_forward_v1,capped_confirmation,index,csi300,沪深300,region_or_episode,strict,prediction,multi_lobe,6,0,6,0.0,0,0,0,0,0,0,,,,
ma20_episode_ml_l2_logistic,bottom,all_a_ma20_episode_match_walk_forward_v1,capped_confirmation,index,csi300,沪深300,region_or_episode,strict,prediction,single_lobe,8,0,8,0.0,8,0,8,6,1,0,0.0,,,
ma20_episode_ml_l2_logistic,bottom,all_a_ma20_episode_match_walk_forward_v1,capped_confirmation,index,csi300,沪深300,region_or_episode,window,all,all,15,7,8,0.4666666666666667,20,7,13,12,1,0,0.35,5.0,4.0,6.0
ma20_episode_ml_l2_logistic,bottom,all_a_ma20_episode_match_walk_forward_v1,capped_confirmation,index,csi300,沪深300,region_or_episode,window,all,multi_lobe,7,2,5,0.2857142857142857,5,2,3,3,0,0,0.4,4.5,4.25,4.75
ma20_episode_ml_l2_logistic,bottom,all_a_ma20_episode_match_walk_forward_v1,capped_confirmation,index,csi300,沪深300,region_or_episode,window,all,single_lobe,8,5,3,0.625,15,5,10,9,1,0,0.3333333333333333,6.0,4.0,6.0
ma20_episode_ml_l2_logistic,bottom,all_a_ma20_episode_match_walk_forward_v1,capped_confirmation,index,csi300,沪深300,region_or_episode,window,confirmation,all,15,6,9,0.4,12,6,6,6,0,0,0.5,5.5,4.25,6.0
ma20_episode_ml_l2_logistic,bottom,all_a_ma20_episode_match_walk_forward_v1,capped_confirmation,index,csi300,沪深300,region_or_episode,window,confirmation,multi_lobe,7,2,5,0.2857142857142857,5,2,3,3,0,0,0.4,4.5,4.25,4.75
ma20_episode_ml_l2_logistic,bottom,all_a_ma20_episode_match_walk_forward_v1,capped_confirmation,index,csi300,沪深300,region_or_episode,window,confirmation,single_lobe,8,4,4,0.5,7,4,3,3,0,0,0.5714285714285714,6.0,5.5,6.25
ma20_episode_ml_l2_logistic,bottom,all_a_ma20_episode_match_walk_forward_v1,capped_confirmation,index,csi300,沪深300,region_or_episode,window,prediction,all,14,1,13,0.07142857142857142,8,1,7,6,1,0,0.125,-11.0,-11.0,-11.0
ma20_episode_ml_l2_logistic,bottom,all_a_ma20_episode_match_walk_forward_v1,capped_confirmation,index,csi300,沪深300,region_or_episode,window,prediction,multi_lobe,6,0,6,0.0,0,0,0,0,0,0,,,,
ma20_episode_ml_l2_logistic,bottom,all_a_ma20_episode_match_walk_forward_v1,capped_confirmation,index,csi300,沪深300,region_or_episode,window,prediction,single_lobe,8,1,7,0.125,8,1,7,6,1,0,0.125,-11.0,-11.0,-11.0
ma20_episode_ml_l2_logistic,bottom,all_a_ma20_episode_match_walk_forward_v1,capped_confirmation,index,csi500,中证500,region_or_episode,loose,all,all,16,4,12,0.25,20,4,16,11,1,0,0.2,-2.5,-8.0,2.5
ma20_episode_ml_l2_logistic,bottom,all_a_ma20_episode_match_walk_forward_v1,capped_confirmation,index,csi500,中证500,region_or_episode,loose,all,multi_lobe,10,4,6,0.4,10,4,6,5,0,0,0.4,-2.5,-8.0,2.5
ma20_episode_ml_l2_logistic,bottom,all_a_ma20_episode_match_walk_forward_v1,capped_confirmation,index,csi500,中证500,region_or_episode,loose,all,single_lobe,6,0,6,0.0,10,0,10,6,1,0,0.0,,,
ma20_episode_ml_l2_logistic,bottom,all_a_ma20_episode_match_walk_forward_v1,capped_confirmation,index,csi500,中证500,region_or_episode,loose,confirmation,all,15,2,13,0.13333333333333333,8,2,6,2,0,0,0.25,3.0,2.5,3.5
ma20_episode_ml_l2_logistic,bottom,all_a_ma20_episode_match_walk_forward_v1,capped_confirmation,index,csi500,中证500,region_or_episode,loose,confirmation,multi_lobe,9,2,7,0.2222222222222222,3,2,1,0,0,0,0.6666666666666666,3.0,2.5,3.5
ma20_episode_ml_l2_logistic,bottom,all_a_ma20_episode_match_walk_forward_v1,capped_confirmation,index,csi500,中证500,region_or_episode,loose,confirmation,single_lobe,6,0,6,0.0,5,0,5,2,0,0,0.0,,,
ma20_episode_ml_l2_logistic,bottom,all_a_ma20_episode_match_walk_forward_v1,capped_confirmation,index,csi500,中证500,region_or_episode,loose,prediction,all,15,2,13,0.13333333333333333,12,2,10,9,1,0,0.16666666666666666,-9.0,-10.0,-8.0
ma20_episode_ml_l2_logistic,bottom,all_a_ma20_episode_match_walk_forward_v1,capped_confirmation,index,csi500,中证500,region_or_episode,loose,prediction,multi_lobe,9,2,7,0.2222222222222222,7,2,5,5,0,0,0.2857142857142857,-9.0,-10.0,-8.0
ma20_episode_ml_l2_logistic,bottom,all_a_ma20_episode_match_walk_forward_v1,capped_confirmation,index,csi500,中证500,region_or_episode,loose,prediction,single_lobe,6,0,6,0.0,5,0,5,4,1,0,0.0,,,
ma20_episode_ml_l2_logistic,bottom,all_a_ma20_episode_match_walk_forward_v1,capped_confirmation,index,csi500,中证500,region_or_episode,strict,all,all,16,1,15,0.0625,20,1,19,11,1,0,0.05,-7.0,-7.0,-7.0
ma20_episode_ml_l2_logistic,bottom,all_a_ma20_episode_match_walk_forward_v1,capped_confirmation,index,csi500,中证500,region_or_episode,strict,all,multi_lobe,10,1,9,0.1,10,1,9,5,0,0,0.1,-7.0,-7.0,-7.0
ma20_episode_ml_l2_logistic,bottom,all_a_ma20_episode_match_walk_forward_v1,capped_confirmation,index,csi500,中证500,region_or_episode,strict,all,single_lobe,6,0,6,0.0,10,0,10,6,1,0,0.0,,,
ma20_episode_ml_l2_logistic,bottom,all_a_ma20_episode_match_walk_forward_v1,capped_confirmation,index,csi500,中证500,region_or_episode,strict,confirmation,all,15,0,15,0.0,8,0,8,2,0,0,0.0,,,
ma20_episode_ml_l2_logistic,bottom,all_a_ma20_episode_match_walk_forward_v1,capped_confirmation,index,csi500,中证500,region_or_episode,strict,confirmation,multi_lobe,9,0,9,0.0,3,0,3,0,0,0,0.0,,,
ma20_episode_ml_l2_logistic,bottom,all_a_ma20_episode_match_walk_forward_v1,capped_confirmation,index,csi500,中证500,region_or_episode,strict,confirmation,single_lobe,6,0,6,0.0,5,0,5,2,0,0,0.0,,,
ma20_episode_ml_l2_logistic,bottom,all_a_ma20_episode_match_walk_forward_v1,capped_confirmation,index,csi500,中证500,region_or_episode,strict,prediction,all,15,1,14,0.06666666666666667,12,1,11,9,1,0,0.08333333333333333,-7.0,-7.0,-7.0
ma20_episode_ml_l2_logistic,bottom,all_a_ma20_episode_match_walk_forward_v1,capped_confirmation,index,csi500,中证500,region_or_episode,strict,prediction,multi_lobe,9,1,8,0.1111111111111111,7,1,6,5,0,0,0.14285714285714285,-7.0,-7.0,-7.0
ma20_episode_ml_l2_logistic,bottom,all_a_ma20_episode_match_walk_forward_v1,capped_confirmation,index,csi500,中证500,region_or_episode,strict,prediction,single_lobe,6,0,6,0.0,5,0,5,4,1,0,0.0,,,
ma20_episode_ml_l2_logistic,bottom,all_a_ma20_episode_match_walk_forward_v1,capped_confirmation,index,csi500,中证500,region_or_episode,window,all,all,16,8,8,0.5,20,8,12,11,1,0,0.4,3.5,-0.25,4.25
ma20_episode_ml_l2_logistic,bottom,all_a_ma20_episode_match_walk_forward_v1,capped_confirmation,index,csi500,中证500,region_or_episode,window,all,multi_lobe,10,5,5,0.5,10,5,5,5,0,0,0.5,2.0,-7.0,4.0
ma20_episode_ml_l2_logistic,bottom,all_a_ma20_episode_match_walk_forward_v1,capped_confirmation,index,csi500,中证500,region_or_episode,window,all,single_lobe,6,3,3,0.5,10,3,7,6,1,0,0.3,5.0,4.0,5.5
ma20_episode_ml_l2_logistic,bottom,all_a_ma20_episode_match_walk_forward_v1,capped_confirmation,index,csi500,中证500,region_or_episode,window,confirmation,all,15,6,9,0.4,8,6,2,2,0,0,0.75,4.0,3.25,4.75
ma20_episode_ml_l2_logistic,bottom,all_a_ma20_episode_match_walk_forward_v1,capped_confirmation,index,csi500,中证500,region_or_episode,window,confirmation,multi_lobe,9,3,6,0.3333333333333333,3,3,0,0,0,0,1.0,4.0,3.0,4.0
ma20_episode_ml_l2_logistic,bottom,all_a_ma20_episode_match_walk_forward_v1,capped_confirmation,index,csi500,中证500,region_or_episode,window,confirmation,single_lobe,6,3,3,0.5,5,3,2,2,0,0,0.6,5.0,4.0,5.5
ma20_episode_ml_l2_logistic,bottom,all_a_ma20_episode_match_walk_forward_v1,capped_confirmation,index,csi500,中证500,region_or_episode,window,prediction,all,15,2,13,0.13333333333333333,12,2,10,9,1,0,0.16666666666666666,-9.0,-10.0,-8.0
ma20_episode_ml_l2_logistic,bottom,all_a_ma20_episode_match_walk_forward_v1,capped_confirmation,index,csi500,中证500,region_or_episode,window,prediction,multi_lobe,9,2,7,0.2222222222222222,7,2,5,5,0,0,0.2857142857142857,-9.0,-10.0,-8.0
ma20_episode_ml_l2_logistic,bottom,all_a_ma20_episode_match_walk_forward_v1,capped_confirmation,index,csi500,中证500,region_or_episode,window,prediction,single_lobe,6,0,6,0.0,5,0,5,4,1,0,0.0,,,
ma20_episode_ml_l2_logistic,bottom,all_a_ma20_episode_match_walk_forward_v1,capped_confirmation,index,microcap,微盘股,region_or_episode,loose,all,all,15,2,13,0.13333333333333333,20,2,18,10,2,0,0.1,0.0,0.0,0.0
ma20_episode_ml_l2_logistic,bottom,all_a_ma20_episode_match_walk_forward_v1,capped_confirmation,index,microcap,微盘股,region_or_episode,loose,all,multi_lobe,1,0,1,0.0,0,0,0,0,0,0,,,,
ma20_episode_ml_l2_logistic,bottom,all_a_ma20_episode_match_walk_forward_v1,capped_confirmation,index,microcap,微盘股,region_or_episode,loose,all,single_lobe,14,2,12,0.14285714285714285,20,2,18,10,2,0,0.1,0.0,0.0,0.0
ma20_episode_ml_l2_logistic,bottom,all_a_ma20_episode_match_walk_forward_v1,capped_confirmation,index,microcap,微盘股,region_or_episode,loose,confirmation,all,14,0,14,0.0,10,0,10,3,2,0,0.0,,,
ma20_episode_ml_l2_logistic,bottom,all_a_ma20_episode_match_walk_forward_v1,capped_confirmation,index,microcap,微盘股,region_or_episode,loose,confirmation,multi_lobe,1,0,1,0.0,0,0,0,0,0,0,,,,
ma20_episode_ml_l2_logistic,bottom,all_a_ma20_episode_match_walk_forward_v1,capped_confirmation,index,microcap,微盘股,region_or_episode,loose,confirmation,single_lobe,13,0,13,0.0,10,0,10,3,2,0,0.0,,,
ma20_episode_ml_l2_logistic,bottom,all_a_ma20_episode_match_walk_forward_v1,capped_confirmation,index,microcap,微盘股,region_or_episode,loose,prediction,all,15,2,13,0.13333333333333333,10,2,8,7,0,0,0.2,0.0,0.0,0.0
ma20_episode_ml_l2_logistic,bottom,all_a_ma20_episode_match_walk_forward_v1,capped_confirmation,index,microcap,微盘股,region_or_episode,loose,prediction,multi_lobe,1,0,1,0.0,0,0,0,0,0,0,,,,
ma20_episode_ml_l2_logistic,bottom,all_a_ma20_episode_match_walk_forward_v1,capped_confirmation,index,microcap,微盘股,region_or_episode,loose,prediction,single_lobe,14,2,12,0.14285714285714285,10,2,8,7,0,0,0.2,0.0,0.0,0.0
ma20_episode_ml_l2_logistic,bottom,all_a_ma20_episode_match_walk_forward_v1,capped_confirmation,index,microcap,微盘股,region_or_episode,strict,all,all,15,2,13,0.13333333333333333,20,2,18,10,2,0,0.1,0.0,0.0,0.0
ma20_episode_ml_l2_logistic,bottom,all_a_ma20_episode_match_walk_forward_v1,capped_confirmation,index,microcap,微盘股,region_or_episode,strict,all,multi_lobe,1,0,1,0.0,0,0,0,0,0,0,,,,
ma20_episode_ml_l2_logistic,bottom,all_a_ma20_episode_match_walk_forward_v1,capped_confirmation,index,microcap,微盘股,region_or_episode,strict,all,single_lobe,14,2,12,0.14285714285714285,20,2,18,10,2,0,0.1,0.0,0.0,0.0
ma20_episode_ml_l2_logistic,bottom,all_a_ma20_episode_match_walk_forward_v1,capped_confirmation,index,microcap,微盘股,region_or_episode,strict,confirmation,all,14,0,14,0.0,10,0,10,3,2,0,0.0,,,
ma20_episode_ml_l2_logistic,bottom,all_a_ma20_episode_match_walk_forward_v1,capped_confirmation,index,microcap,微盘股,region_or_episode,strict,confirmation,multi_lobe,1,0,1,0.0,0,0,0,0,0,0,,,,
ma20_episode_ml_l2_logistic,bottom,all_a_ma20_episode_match_walk_forward_v1,capped_confirmation,index,microcap,微盘股,region_or_episode,strict,confirmation,single_lobe,13,0,13,0.0,10,0,10,3,2,0,0.0,,,
ma20_episode_ml_l2_logistic,bottom,all_a_ma20_episode_match_walk_forward_v1,capped_confirmation,index,microcap,微盘股,region_or_episode,strict,prediction,all,15,2,13,0.13333333333333333,10,2,8,7,0,0,0.2,0.0,0.0,0.0
ma20_episode_ml_l2_logistic,bottom,all_a_ma20_episode_match_walk_forward_v1,capped_confirmation,index,microcap,微盘股,region_or_episode,strict,prediction,multi_lobe,1,0,1,0.0,0,0,0,0,0,0,,,,
ma20_episode_ml_l2_logistic,bottom,all_a_ma20_episode_match_walk_forward_v1,capped_confirmation,index,microcap,微盘股,region_or_episode,strict,prediction,single_lobe,14,2,12,0.14285714285714285,10,2,8,7,0,0,0.2,0.0,0.0,0.0
ma20_episode_ml_l2_logistic,bottom,all_a_ma20_episode_match_walk_forward_v1,capped_confirmation,index,microcap,微盘股,region_or_episode,window,all,all,15,8,7,0.5333333333333333,20,8,12,10,2,0,0.4,4.5,0.0,5.0
ma20_episode_ml_l2_logistic,bottom,all_a_ma20_episode_match_walk_forward_v1,capped_confirmation,index,microcap,微盘股,region_or_episode,window,all,multi_lobe,1,0,1,0.0,0,0,0,0,0,0,,,,
ma20_episode_ml_l2_logistic,bottom,all_a_ma20_episode_match_walk_forward_v1,capped_confirmation,index,microcap,微盘股,region_or_episode,window,all,single_lobe,14,8,6,0.5714285714285714,20,8,12,10,2,0,0.4,4.5,0.0,5.0
ma20_episode_ml_l2_logistic,bottom,all_a_ma20_episode_match_walk_forward_v1,capped_confirmation,index,microcap,微盘股,region_or_episode,window,confirmation,all,14,5,9,0.35714285714285715,10,5,5,3,2,0,0.5,5.0,5.0,5.0
ma20_episode_ml_l2_logistic,bottom,all_a_ma20_episode_match_walk_forward_v1,capped_confirmation,index,microcap,微盘股,region_or_episode,window,confirmation,multi_lobe,1,0,1,0.0,0,0,0,0,0,0,,,,
ma20_episode_ml_l2_logistic,bottom,all_a_ma20_episode_match_walk_forward_v1,capped_confirmation,index,microcap,微盘股,region_or_episode,window,confirmation,single_lobe,13,5,8,0.38461538461538464,10,5,5,3,2,0,0.5,5.0,5.0,5.0
ma20_episode_ml_l2_logistic,bottom,all_a_ma20_episode_match_walk_forward_v1,capped_confirmation,index,microcap,微盘股,region_or_episode,window,prediction,all,15,3,12,0.2,10,3,7,7,0,0,0.3,0.0,-9.0,0.0
ma20_episode_ml_l2_logistic,bottom,all_a_ma20_episode_match_walk_forward_v1,capped_confirmation,index,microcap,微盘股,region_or_episode,window,prediction,multi_lobe,1,0,1,0.0,0,0,0,0,0,0,,,,
ma20_episode_ml_l2_logistic,bottom,all_a_ma20_episode_match_walk_forward_v1,capped_confirmation,index,microcap,微盘股,region_or_episode,window,prediction,single_lobe,14,3,11,0.21428571428571427,10,3,7,7,0,0,0.3,0.0,-9.0,0.0
ma20_episode_ml_l2_logistic,bottom,all_a_ma20_episode_match_walk_forward_v1,capped_confirmation,index,sse_composite,上证指数,region_or_episode,loose,all,all,18,0,18,0.0,20,0,20,12,1,0,0.0,,,
ma20_episode_ml_l2_logistic,bottom,all_a_ma20_episode_match_walk_forward_v1,capped_confirmation,index,sse_composite,上证指数,region_or_episode,loose,all,multi_lobe,7,0,7,0.0,4,0,4,2,0,0,0.0,,,
ma20_episode_ml_l2_logistic,bottom,all_a_ma20_episode_match_walk_forward_v1,capped_confirmation,index,sse_composite,上证指数,region_or_episode,loose,all,single_lobe,11,0,11,0.0,16,0,16,10,1,0,0.0,,,
ma20_episode_ml_l2_logistic,bottom,all_a_ma20_episode_match_walk_forward_v1,capped_confirmation,index,sse_composite,上证指数,region_or_episode,loose,confirmation,all,18,0,18,0.0,12,0,12,6,0,0,0.0,,,
ma20_episode_ml_l2_logistic,bottom,all_a_ma20_episode_match_walk_forward_v1,capped_confirmation,index,sse_composite,上证指数,region_or_episode,loose,confirmation,multi_lobe,7,0,7,0.0,4,0,4,2,0,0,0.0,,,
ma20_episode_ml_l2_logistic,bottom,all_a_ma20_episode_match_walk_forward_v1,capped_confirmation,index,sse_composite,上证指数,region_or_episode,loose,confirmation,single_lobe,11,0,11,0.0,8,0,8,4,0,0,0.0,,,
ma20_episode_ml_l2_logistic,bottom,all_a_ma20_episode_match_walk_forward_v1,capped_confirmation,index,sse_composite,上证指数,region_or_episode,loose,prediction,all,17,0,17,0.0,8,0,8,6,1,0,0.0,,,
ma20_episode_ml_l2_logistic,bottom,all_a_ma20_episode_match_walk_forward_v1,capped_confirmation,index,sse_composite,上证指数,region_or_episode,loose,prediction,multi_lobe,6,0,6,0.0,0,0,0,0,0,0,,,,
ma20_episode_ml_l2_logistic,bottom,all_a_ma20_episode_match_walk_forward_v1,capped_confirmation,index,sse_composite,上证指数,region_or_episode,loose,prediction,single_lobe,11,0,11,0.0,8,0,8,6,1,0,0.0,,,
ma20_episode_ml_l2_logistic,bottom,all_a_ma20_episode_match_walk_forward_v1,capped_confirmation,index,sse_composite,上证指数,region_or_episode,strict,all,all,18,0,18,0.0,20,0,20,12,1,0,0.0,,,
ma20_episode_ml_l2_logistic,bottom,all_a_ma20_episode_match_walk_forward_v1,capped_confirmation,index,sse_composite,上证指数,region_or_episode,strict,all,multi_lobe,7,0,7,0.0,4,0,4,2,0,0,0.0,,,
ma20_episode_ml_l2_logistic,bottom,all_a_ma20_episode_match_walk_forward_v1,capped_confirmation,index,sse_composite,上证指数,region_or_episode,strict,all,single_lobe,11,0,11,0.0,16,0,16,10,1,0,0.0,,,
ma20_episode_ml_l2_logistic,bottom,all_a_ma20_episode_match_walk_forward_v1,capped_confirmation,index,sse_composite,上证指数,region_or_episode,strict,confirmation,all,18,0,18,0.0,12,0,12,6,0,0,0.0,,,
ma20_episode_ml_l2_logistic,bottom,all_a_ma20_episode_match_walk_forward_v1,capped_confirmation,index,sse_composite,上证指数,region_or_episode,strict,confirmation,multi_lobe,7,0,7,0.0,4,0,4,2,0,0,0.0,,,
ma20_episode_ml_l2_logistic,bottom,all_a_ma20_episode_match_walk_forward_v1,capped_confirmation,index,sse_composite,上证指数,region_or_episode,strict,confirmation,single_lobe,11,0,11,0.0,8,0,8,4,0,0,0.0,,,
ma20_episode_ml_l2_logistic,bottom,all_a_ma20_episode_match_walk_forward_v1,capped_confirmation,index,sse_composite,上证指数,region_or_episode,strict,prediction,all,17,0,17,0.0,8,0,8,6,1,0,0.0,,,
ma20_episode_ml_l2_logistic,bottom,all_a_ma20_episode_match_walk_forward_v1,capped_confirmation,index,sse_composite,上证指数,region_or_episode,strict,prediction,multi_lobe,6,0,6,0.0,0,0,0,0,0,0,,,,
ma20_episode_ml_l2_logistic,bottom,all_a_ma20_episode_match_walk_forward_v1,capped_confirmation,index,sse_composite,上证指数,region_or_episode,strict,prediction,single_lobe,11,0,11,0.0,8,0,8,6,1,0,0.0,,,
ma20_episode_ml_l2_logistic,bottom,all_a_ma20_episode_match_walk_forward_v1,capped_confirmation,index,sse_composite,上证指数,region_or_episode,window,all,all,18,7,11,0.3888888888888889,20,7,13,12,1,0,0.35,5.0,4.0,5.5
ma20_episode_ml_l2_logistic,bottom,all_a_ma20_episode_match_walk_forward_v1,capped_confirmation,index,sse_composite,上证指数,region_or_episode,window,all,multi_lobe,7,2,5,0.2857142857142857,4,2,2,2,0,0,0.5,5.0,5.0,5.0
ma20_episode_ml_l2_logistic,bottom,all_a_ma20_episode_match_walk_forward_v1,capped_confirmation,index,sse_composite,上证指数,region_or_episode,window,all,single_lobe,11,5,6,0.45454545454545453,16,5,11,10,1,0,0.3125,5.0,3.0,6.0
ma20_episode_ml_l2_logistic,bottom,all_a_ma20_episode_match_walk_forward_v1,capped_confirmation,index,sse_composite,上证指数,region_or_episode,window,confirmation,all,18,6,12,0.3333333333333333,12,6,6,6,0,0,0.5,5.0,5.0,5.75
ma20_episode_ml_l2_logistic,bottom,all_a_ma20_episode_match_walk_forward_v1,capped_confirmation,index,sse_composite,上证指数,region_or_episode,window,confirmation,multi_lobe,7,2,5,0.2857142857142857,4,2,2,2,0,0,0.5,5.0,5.0,5.0
ma20_episode_ml_l2_logistic,bottom,all_a_ma20_episode_match_walk_forward_v1,capped_confirmation,index,sse_composite,上证指数,region_or_episode,window,confirmation,single_lobe,11,4,7,0.36363636363636365,8,4,4,4,0,0,0.5,5.5,4.5,6.25
ma20_episode_ml_l2_logistic,bottom,all_a_ma20_episode_match_walk_forward_v1,capped_confirmation,index,sse_composite,上证指数,region_or_episode,window,prediction,all,17,1,16,0.058823529411764705,8,1,7,6,1,0,0.125,-11.0,-11.0,-11.0
ma20_episode_ml_l2_logistic,bottom,all_a_ma20_episode_match_walk_forward_v1,capped_confirmation,index,sse_composite,上证指数,region_or_episode,window,prediction,multi_lobe,6,0,6,0.0,0,0,0,0,0,0,,,,
ma20_episode_ml_l2_logistic,bottom,all_a_ma20_episode_match_walk_forward_v1,capped_confirmation,index,sse_composite,上证指数,region_or_episode,window,prediction,single_lobe,11,1,10,0.09090909090909091,8,1,7,6,1,0,0.125,-11.0,-11.0,-11.0
ma20_episode_ml_l2_logistic,bottom,all_a_ma20_episode_match_walk_forward_v1,onset,all_indices,__all__,全部指数（指数-事件对）,index_region_or_index_episode_pair,loose,all,all,109,11,98,0.10091743119266056,140,11,129,80,8,0,0.07857142857142857,1.0,-1.0,3.0
ma20_episode_ml_l2_logistic,bottom,all_a_ma20_episode_match_walk_forward_v1,onset,all_indices,__all__,全部指数（指数-事件对）,index_region_or_index_episode_pair,loose,all,multi_lobe,46,11,35,0.2391304347826087,37,11,26,20,0,0,0.2972972972972973,1.0,-1.0,3.0
ma20_episode_ml_l2_logistic,bottom,all_a_ma20_episode_match_walk_forward_v1,onset,all_indices,__all__,全部指数（指数-事件对）,index_region_or_index_episode_pair,loose,all,single_lobe,63,0,63,0.0,103,0,103,60,8,0,0.0,,,
ma20_episode_ml_l2_logistic,bottom,all_a_ma20_episode_match_walk_forward_v1,onset,all_indices,__all__,全部指数（指数-事件对）,index_region_or_index_episode_pair,loose,confirmation,all,104,7,97,0.0673076923076923,66,7,59,25,2,0,0.10606060606060606,3.0,1.0,3.5
ma20_episode_ml_l2_logistic,bottom,all_a_ma20_episode_match_walk_forward_v1,onset,all_indices,__all__,全部指数（指数-事件对）,index_region_or_index_episode_pair,loose,confirmation,multi_lobe,43,7,36,0.16279069767441862,17,7,10,6,0,0,0.4117647058823529,3.0,1.0,3.5
ma20_episode_ml_l2_logistic,bottom,all_a_ma20_episode_match_walk_forward_v1,onset,all_indices,__all__,全部指数（指数-事件对）,index_region_or_index_episode_pair,loose,confirmation,single_lobe,61,0,61,0.0,49,0,49,19,2,0,0.0,,,
ma20_episode_ml_l2_logistic,bottom,all_a_ma20_episode_match_walk_forward_v1,onset,all_indices,__all__,全部指数（指数-事件对）,index_region_or_index_episode_pair,loose,prediction,all,104,4,100,0.038461538461538464,74,4,70,55,6,0,0.05405405405405406,-4.5,-9.0,-1.0
ma20_episode_ml_l2_logistic,bottom,all_a_ma20_episode_match_walk_forward_v1,onset,all_indices,__all__,全部指数（指数-事件对）,index_region_or_index_episode_pair,loose,prediction,multi_lobe,41,4,37,0.0975609756097561,20,4,16,14,0,0,0.2,-4.5,-9.0,-1.0
ma20_episode_ml_l2_logistic,bottom,all_a_ma20_episode_match_walk_forward_v1,onset,all_indices,__all__,全部指数（指数-事件对）,index_region_or_index_episode_pair,loose,prediction,single_lobe,63,0,63,0.0,54,0,54,41,6,0,0.0,,,
ma20_episode_ml_l2_logistic,bottom,all_a_ma20_episode_match_walk_forward_v1,onset,all_indices,__all__,全部指数（指数-事件对）,index_region_or_index_episode_pair,strict,all,all,109,7,102,0.06422018348623854,140,7,133,80,8,0,0.05,-1.0,-4.5,3.5
ma20_episode_ml_l2_logistic,bottom,all_a_ma20_episode_match_walk_forward_v1,onset,all_indices,__all__,全部指数（指数-事件对）,index_region_or_index_episode_pair,strict,all,multi_lobe,46,7,39,0.15217391304347827,37,7,30,20,0,0,0.1891891891891892,-1.0,-4.5,3.5
ma20_episode_ml_l2_logistic,bottom,all_a_ma20_episode_match_walk_forward_v1,onset,all_indices,__all__,全部指数（指数-事件对）,index_region_or_index_episode_pair,strict,all,single_lobe,63,0,63,0.0,103,0,103,60,8,0,0.0,,,
ma20_episode_ml_l2_logistic,bottom,all_a_ma20_episode_match_walk_forward_v1,onset,all_indices,__all__,全部指数（指数-事件对）,index_region_or_index_episode_pair,strict,confirmation,all,104,3,101,0.028846153846153848,66,3,63,25,2,0,0.045454545454545456,4.0,3.5,4.0
ma20_episode_ml_l2_logistic,bottom,all_a_ma20_episode_match_walk_forward_v1,onset,all_indices,__all__,全部指数（指数-事件对）,index_region_or_index_episode_pair,strict,confirmation,multi_lobe,43,3,40,0.06976744186046512,17,3,14,6,0,0,0.17647058823529413,4.0,3.5,4.0
ma20_episode_ml_l2_logistic,bottom,all_a_ma20_episode_match_walk_forward_v1,onset,all_indices,__all__,全部指数（指数-事件对）,index_region_or_index_episode_pair,strict,confirmation,single_lobe,61,0,61,0.0,49,0,49,19,2,0,0.0,,,
ma20_episode_ml_l2_logistic,bottom,all_a_ma20_episode_match_walk_forward_v1,onset,all_indices,__all__,全部指数（指数-事件对）,index_region_or_index_episode_pair,strict,prediction,all,104,4,100,0.038461538461538464,74,4,70,55,6,0,0.05405405405405406,-4.5,-9.0,-1.0
ma20_episode_ml_l2_logistic,bottom,all_a_ma20_episode_match_walk_forward_v1,onset,all_indices,__all__,全部指数（指数-事件对）,index_region_or_index_episode_pair,strict,prediction,multi_lobe,41,4,37,0.0975609756097561,20,4,16,14,0,0,0.2,-4.5,-9.0,-1.0
ma20_episode_ml_l2_logistic,bottom,all_a_ma20_episode_match_walk_forward_v1,onset,all_indices,__all__,全部指数（指数-事件对）,index_region_or_index_episode_pair,strict,prediction,single_lobe,63,0,63,0.0,54,0,54,41,6,0,0.0,,,
ma20_episode_ml_l2_logistic,bottom,all_a_ma20_episode_match_walk_forward_v1,onset,all_indices,__all__,全部指数（指数-事件对）,index_region_or_index_episode_pair,window,all,all,109,52,57,0.47706422018348627,140,52,88,80,8,0,0.37142857142857144,3.0,0.5,4.0
ma20_episode_ml_l2_logistic,bottom,all_a_ma20_episode_match_walk_forward_v1,onset,all_indices,__all__,全部指数（指数-事件对）,index_region_or_index_episode_pair,window,all,multi_lobe,46,17,29,0.3695652173913043,37,17,20,20,0,0,0.4594594594594595,1.0,-1.0,3.0
ma20_episode_ml_l2_logistic,bottom,all_a_ma20_episode_match_walk_forward_v1,onset,all_indices,__all__,全部指数（指数-事件对）,index_region_or_index_episode_pair,window,all,single_lobe,63,35,28,0.5555555555555556,103,35,68,60,8,0,0.33980582524271846,4.0,2.0,4.0
ma20_episode_ml_l2_logistic,bottom,all_a_ma20_episode_match_walk_forward_v1,onset,all_indices,__all__,全部指数（指数-事件对）,index_region_or_index_episode_pair,window,confirmation,all,104,39,65,0.375,66,39,27,25,2,0,0.5909090909090909,4.0,3.0,4.0
ma20_episode_ml_l2_logistic,bottom,all_a_ma20_episode_match_walk_forward_v1,onset,all_indices,__all__,全部指数（指数-事件对）,index_region_or_index_episode_pair,window,confirmation,multi_lobe,43,11,32,0.2558139534883721,17,11,6,6,0,0,0.6470588235294118,3.0,2.0,4.0
ma20_episode_ml_l2_logistic,bottom,all_a_ma20_episode_match_walk_forward_v1,onset,all_indices,__all__,全部指数（指数-事件对）,index_region_or_index_episode_pair,window,confirmation,single_lobe,61,28,33,0.45901639344262296,49,28,21,19,2,0,0.5714285714285714,4.0,3.0,5.0
ma20_episode_ml_l2_logistic,bottom,all_a_ma20_episode_match_walk_forward_v1,onset,all_indices,__all__,全部指数（指数-事件对）,index_region_or_index_episode_pair,window,prediction,all,104,13,91,0.125,74,13,61,55,6,0,0.17567567567567569,-12.0,-12.0,-1.0
ma20_episode_ml_l2_logistic,bottom,all_a_ma20_episode_match_walk_forward_v1,onset,all_indices,__all__,全部指数（指数-事件对）,index_region_or_index_episode_pair,window,prediction,multi_lobe,41,6,35,0.14634146341463414,20,6,14,14,0,0,0.3,-10.0,-12.0,-2.75
ma20_episode_ml_l2_logistic,bottom,all_a_ma20_episode_match_walk_forward_v1,onset,all_indices,__all__,全部指数（指数-事件对）,index_region_or_index_episode_pair,window,prediction,single_lobe,63,7,56,0.1111111111111111,54,7,47,41,6,0,0.12962962962962962,-12.0,-12.0,-1.0
ma20_episode_ml_l2_logistic,bottom,all_a_ma20_episode_match_walk_forward_v1,onset,index,all_a,全A,region_or_episode,loose,all,all,15,3,12,0.2,20,3,17,12,1,0,0.15,1.0,0.0,2.5
ma20_episode_ml_l2_logistic,bottom,all_a_ma20_episode_match_walk_forward_v1,onset,index,all_a,全A,region_or_episode,loose,all,multi_lobe,10,3,7,0.3,7,3,4,3,0,0,0.42857142857142855,1.0,0.0,2.5
ma20_episode_ml_l2_logistic,bottom,all_a_ma20_episode_match_walk_forward_v1,onset,index,all_a,全A,region_or_episode,loose,all,single_lobe,5,0,5,0.0,13,0,13,9,1,0,0.0,,,
ma20_episode_ml_l2_logistic,bottom,all_a_ma20_episode_match_walk_forward_v1,onset,index,all_a,全A,region_or_episode,loose,confirmation,all,14,2,12,0.14285714285714285,7,2,5,2,0,0,0.2857142857142857,2.5,1.75,3.25
ma20_episode_ml_l2_logistic,bottom,all_a_ma20_episode_match_walk_forward_v1,onset,index,all_a,全A,region_or_episode,loose,confirmation,multi_lobe,9,2,7,0.2222222222222222,4,2,2,1,0,0,0.5,2.5,1.75,3.25
ma20_episode_ml_l2_logistic,bottom,all_a_ma20_episode_match_walk_forward_v1,onset,index,all_a,全A,region_or_episode,loose,confirmation,single_lobe,5,0,5,0.0,3,0,3,1,0,0,0.0,,,
ma20_episode_ml_l2_logistic,bottom,all_a_ma20_episode_match_walk_forward_v1,onset,index,all_a,全A,region_or_episode,loose,prediction,all,14,1,13,0.07142857142857142,13,1,12,10,1,0,0.07692307692307693,-1.0,-1.0,-1.0
ma20_episode_ml_l2_logistic,bottom,all_a_ma20_episode_match_walk_forward_v1,onset,index,all_a,全A,region_or_episode,loose,prediction,multi_lobe,9,1,8,0.1111111111111111,3,1,2,2,0,0,0.3333333333333333,-1.0,-1.0,-1.0
ma20_episode_ml_l2_logistic,bottom,all_a_ma20_episode_match_walk_forward_v1,onset,index,all_a,全A,region_or_episode,loose,prediction,single_lobe,5,0,5,0.0,10,0,10,8,1,0,0.0,,,
ma20_episode_ml_l2_logistic,bottom,all_a_ma20_episode_match_walk_forward_v1,onset,index,all_a,全A,region_or_episode,strict,all,all,15,2,13,0.13333333333333333,20,2,18,12,1,0,0.1,1.5,0.25,2.75
ma20_episode_ml_l2_logistic,bottom,all_a_ma20_episode_match_walk_forward_v1,onset,index,all_a,全A,region_or_episode,strict,all,multi_lobe,10,2,8,0.2,7,2,5,3,0,0,0.2857142857142857,1.5,0.25,2.75
ma20_episode_ml_l2_logistic,bottom,all_a_ma20_episode_match_walk_forward_v1,onset,index,all_a,全A,region_or_episode,strict,all,single_lobe,5,0,5,0.0,13,0,13,9,1,0,0.0,,,
ma20_episode_ml_l2_logistic,bottom,all_a_ma20_episode_match_walk_forward_v1,onset,index,all_a,全A,region_or_episode,strict,confirmation,all,14,1,13,0.07142857142857142,7,1,6,2,0,0,0.14285714285714285,4.0,4.0,4.0
ma20_episode_ml_l2_logistic,bottom,all_a_ma20_episode_match_walk_forward_v1,onset,index,all_a,全A,region_or_episode,strict,confirmation,multi_lobe,9,1,8,0.1111111111111111,4,1,3,1,0,0,0.25,4.0,4.0,4.0
ma20_episode_ml_l2_logistic,bottom,all_a_ma20_episode_match_walk_forward_v1,onset,index,all_a,全A,region_or_episode,strict,confirmation,single_lobe,5,0,5,0.0,3,0,3,1,0,0,0.0,,,
ma20_episode_ml_l2_logistic,bottom,all_a_ma20_episode_match_walk_forward_v1,onset,index,all_a,全A,region_or_episode,strict,prediction,all,14,1,13,0.07142857142857142,13,1,12,10,1,0,0.07692307692307693,-1.0,-1.0,-1.0
ma20_episode_ml_l2_logistic,bottom,all_a_ma20_episode_match_walk_forward_v1,onset,index,all_a,全A,region_or_episode,strict,prediction,multi_lobe,9,1,8,0.1111111111111111,3,1,2,2,0,0,0.3333333333333333,-1.0,-1.0,-1.0
ma20_episode_ml_l2_logistic,bottom,all_a_ma20_episode_match_walk_forward_v1,onset,index,all_a,全A,region_or_episode,strict,prediction,single_lobe,5,0,5,0.0,10,0,10,8,1,0,0.0,,,
ma20_episode_ml_l2_logistic,bottom,all_a_ma20_episode_match_walk_forward_v1,onset,index,all_a,全A,region_or_episode,window,all,all,15,7,8,0.4666666666666667,20,7,13,12,1,0,0.35,2.0,0.0,3.5
ma20_episode_ml_l2_logistic,bottom,all_a_ma20_episode_match_walk_forward_v1,onset,index,all_a,全A,region_or_episode,window,all,multi_lobe,10,4,6,0.4,7,4,3,3,0,0,0.5714285714285714,2.0,0.5,3.25
ma20_episode_ml_l2_logistic,bottom,all_a_ma20_episode_match_walk_forward_v1,onset,index,all_a,全A,region_or_episode,window,all,single_lobe,5,3,2,0.6,13,3,10,9,1,0,0.23076923076923078,2.0,-5.0,3.0
ma20_episode_ml_l2_logistic,bottom,all_a_ma20_episode_match_walk_forward_v1,onset,index,all_a,全A,region_or_episode,window,confirmation,all,14,5,9,0.35714285714285715,7,5,2,2,0,0,0.7142857142857143,3.0,2.0,4.0
ma20_episode_ml_l2_logistic,bottom,all_a_ma20_episode_match_walk_forward_v1,onset,index,all_a,全A,region_or_episode,window,confirmation,multi_lobe,9,3,6,0.3333333333333333,4,3,1,1,0,0,0.75,3.0,2.0,3.5
ma20_episode_ml_l2_logistic,bottom,all_a_ma20_episode_match_walk_forward_v1,onset,index,all_a,全A,region_or_episode,window,confirmation,single_lobe,5,2,3,0.4,3,2,1,1,0,0,0.6666666666666666,3.0,2.5,3.5
ma20_episode_ml_l2_logistic,bottom,all_a_ma20_episode_match_walk_forward_v1,onset,index,all_a,全A,region_or_episode,window,prediction,all,14,2,12,0.14285714285714285,13,2,11,10,1,0,0.15384615384615385,-6.5,-9.25,-3.75
ma20_episode_ml_l2_logistic,bottom,all_a_ma20_episode_match_walk_forward_v1,onset,index,all_a,全A,region_or_episode,window,prediction,multi_lobe,9,1,8,0.1111111111111111,3,1,2,2,0,0,0.3333333333333333,-1.0,-1.0,-1.0
ma20_episode_ml_l2_logistic,bottom,all_a_ma20_episode_match_walk_forward_v1,onset,index,all_a,全A,region_or_episode,window,prediction,single_lobe,5,1,4,0.2,10,1,9,8,1,0,0.1,-12.0,-12.0,-12.0
ma20_episode_ml_l2_logistic,bottom,all_a_ma20_episode_match_walk_forward_v1,onset,index,cni2000,国证2000,region_or_episode,loose,all,all,16,0,16,0.0,20,0,20,11,1,0,0.0,,,
ma20_episode_ml_l2_logistic,bottom,all_a_ma20_episode_match_walk_forward_v1,onset,index,cni2000,国证2000,region_or_episode,loose,all,multi_lobe,4,0,4,0.0,3,0,3,2,0,0,0.0,,,
ma20_episode_ml_l2_logistic,bottom,all_a_ma20_episode_match_walk_forward_v1,onset,index,cni2000,国证2000,region_or_episode,loose,all,single_lobe,12,0,12,0.0,17,0,17,9,1,0,0.0,,,
ma20_episode_ml_l2_logistic,bottom,all_a_ma20_episode_match_walk_forward_v1,onset,index,cni2000,国证2000,region_or_episode,loose,confirmation,all,15,0,15,0.0,10,0,10,4,0,0,0.0,,,
ma20_episode_ml_l2_logistic,bottom,all_a_ma20_episode_match_walk_forward_v1,onset,index,cni2000,国证2000,region_or_episode,loose,confirmation,multi_lobe,4,0,4,0.0,0,0,0,0,0,0,,,,
ma20_episode_ml_l2_logistic,bottom,all_a_ma20_episode_match_walk_forward_v1,onset,index,cni2000,国证2000,region_or_episode,loose,confirmation,single_lobe,11,0,11,0.0,10,0,10,4,0,0,0.0,,,
ma20_episode_ml_l2_logistic,bottom,all_a_ma20_episode_match_walk_forward_v1,onset,index,cni2000,国证2000,region_or_episode,loose,prediction,all,16,0,16,0.0,10,0,10,7,1,0,0.0,,,
ma20_episode_ml_l2_logistic,bottom,all_a_ma20_episode_match_walk_forward_v1,onset,index,cni2000,国证2000,region_or_episode,loose,prediction,multi_lobe,4,0,4,0.0,3,0,3,2,0,0,0.0,,,
ma20_episode_ml_l2_logistic,bottom,all_a_ma20_episode_match_walk_forward_v1,onset,index,cni2000,国证2000,region_or_episode,loose,prediction,single_lobe,12,0,12,0.0,7,0,7,5,1,0,0.0,,,
ma20_episode_ml_l2_logistic,bottom,all_a_ma20_episode_match_walk_forward_v1,onset,index,cni2000,国证2000,region_or_episode,strict,all,all,16,0,16,0.0,20,0,20,11,1,0,0.0,,,
ma20_episode_ml_l2_logistic,bottom,all_a_ma20_episode_match_walk_forward_v1,onset,index,cni2000,国证2000,region_or_episode,strict,all,multi_lobe,4,0,4,0.0,3,0,3,2,0,0,0.0,,,
ma20_episode_ml_l2_logistic,bottom,all_a_ma20_episode_match_walk_forward_v1,onset,index,cni2000,国证2000,region_or_episode,strict,all,single_lobe,12,0,12,0.0,17,0,17,9,1,0,0.0,,,
ma20_episode_ml_l2_logistic,bottom,all_a_ma20_episode_match_walk_forward_v1,onset,index,cni2000,国证2000,region_or_episode,strict,confirmation,all,15,0,15,0.0,10,0,10,4,0,0,0.0,,,
ma20_episode_ml_l2_logistic,bottom,all_a_ma20_episode_match_walk_forward_v1,onset,index,cni2000,国证2000,region_or_episode,strict,confirmation,multi_lobe,4,0,4,0.0,0,0,0,0,0,0,,,,
ma20_episode_ml_l2_logistic,bottom,all_a_ma20_episode_match_walk_forward_v1,onset,index,cni2000,国证2000,region_or_episode,strict,confirmation,single_lobe,11,0,11,0.0,10,0,10,4,0,0,0.0,,,
ma20_episode_ml_l2_logistic,bottom,all_a_ma20_episode_match_walk_forward_v1,onset,index,cni2000,国证2000,region_or_episode,strict,prediction,all,16,0,16,0.0,10,0,10,7,1,0,0.0,,,
ma20_episode_ml_l2_logistic,bottom,all_a_ma20_episode_match_walk_forward_v1,onset,index,cni2000,国证2000,region_or_episode,strict,prediction,multi_lobe,4,0,4,0.0,3,0,3,2,0,0,0.0,,,
ma20_episode_ml_l2_logistic,bottom,all_a_ma20_episode_match_walk_forward_v1,onset,index,cni2000,国证2000,region_or_episode,strict,prediction,single_lobe,12,0,12,0.0,7,0,7,5,1,0,0.0,,,
ma20_episode_ml_l2_logistic,bottom,all_a_ma20_episode_match_walk_forward_v1,onset,index,cni2000,国证2000,region_or_episode,window,all,all,16,8,8,0.5,20,8,12,11,1,0,0.4,2.5,0.5,4.0
ma20_episode_ml_l2_logistic,bottom,all_a_ma20_episode_match_walk_forward_v1,onset,index,cni2000,国证2000,region_or_episode,window,all,multi_lobe,4,1,3,0.25,3,1,2,2,0,0,0.3333333333333333,-12.0,-12.0,-12.0
ma20_episode_ml_l2_logistic,bottom,all_a_ma20_episode_match_walk_forward_v1,onset,index,cni2000,国证2000,region_or_episode,window,all,single_lobe,12,7,5,0.5833333333333334,17,7,10,9,1,0,0.4117647058823529,3.0,1.5,4.0
ma20_episode_ml_l2_logistic,bottom,all_a_ma20_episode_match_walk_forward_v1,onset,index,cni2000,国证2000,region_or_episode,window,confirmation,all,15,6,9,0.4,10,6,4,4,0,0,0.6,3.5,2.25,4.0
ma20_episode_ml_l2_logistic,bottom,all_a_ma20_episode_match_walk_forward_v1,onset,index,cni2000,国证2000,region_or_episode,window,confirmation,multi_lobe,4,0,4,0.0,0,0,0,0,0,0,,,,
ma20_episode_ml_l2_logistic,bottom,all_a_ma20_episode_match_walk_forward_v1,onset,index,cni2000,国证2000,region_or_episode,window,confirmation,single_lobe,11,6,5,0.5454545454545454,10,6,4,4,0,0,0.6,3.5,2.25,4.0
ma20_episode_ml_l2_logistic,bottom,all_a_ma20_episode_match_walk_forward_v1,onset,index,cni2000,国证2000,region_or_episode,window,prediction,all,16,2,14,0.125,10,2,8,7,1,0,0.2,-6.5,-9.25,-3.75
ma20_episode_ml_l2_logistic,bottom,all_a_ma20_episode_match_walk_forward_v1,onset,index,cni2000,国证2000,region_or_episode,window,prediction,multi_lobe,4,1,3,0.25,3,1,2,2,0,0,0.3333333333333333,-12.0,-12.0,-12.0
ma20_episode_ml_l2_logistic,bottom,all_a_ma20_episode_match_walk_forward_v1,onset,index,cni2000,国证2000,region_or_episode,window,prediction,single_lobe,12,1,11,0.08333333333333333,7,1,6,5,1,0,0.14285714285714285,-1.0,-1.0,-1.0
ma20_episode_ml_l2_logistic,bottom,all_a_ma20_episode_match_walk_forward_v1,onset,index,csi1000,中证1000,region_or_episode,loose,all,all,14,2,12,0.14285714285714285,20,2,18,12,1,0,0.1,0.0,-0.5,0.5
ma20_episode_ml_l2_logistic,bottom,all_a_ma20_episode_match_walk_forward_v1,onset,index,csi1000,中证1000,region_or_episode,loose,all,multi_lobe,7,2,5,0.2857142857142857,8,2,6,5,0,0,0.25,0.0,-0.5,0.5
ma20_episode_ml_l2_logistic,bottom,all_a_ma20_episode_match_walk_forward_v1,onset,index,csi1000,中证1000,region_or_episode,loose,all,single_lobe,7,0,7,0.0,12,0,12,7,1,0,0.0,,,
ma20_episode_ml_l2_logistic,bottom,all_a_ma20_episode_match_walk_forward_v1,onset,index,csi1000,中证1000,region_or_episode,loose,confirmation,all,13,1,12,0.07692307692307693,7,1,6,2,0,0,0.14285714285714285,1.0,1.0,1.0
ma20_episode_ml_l2_logistic,bottom,all_a_ma20_episode_match_walk_forward_v1,onset,index,csi1000,中证1000,region_or_episode,loose,confirmation,multi_lobe,6,1,5,0.16666666666666666,1,1,0,0,0,0,1.0,1.0,1.0,1.0
ma20_episode_ml_l2_logistic,bottom,all_a_ma20_episode_match_walk_forward_v1,onset,index,csi1000,中证1000,region_or_episode,loose,confirmation,single_lobe,7,0,7,0.0,6,0,6,2,0,0,0.0,,,
ma20_episode_ml_l2_logistic,bottom,all_a_ma20_episode_match_walk_forward_v1,onset,index,csi1000,中证1000,region_or_episode,loose,prediction,all,13,1,12,0.07692307692307693,13,1,12,10,1,0,0.07692307692307693,-1.0,-1.0,-1.0
ma20_episode_ml_l2_logistic,bottom,all_a_ma20_episode_match_walk_forward_v1,onset,index,csi1000,中证1000,region_or_episode,loose,prediction,multi_lobe,6,1,5,0.16666666666666666,7,1,6,5,0,0,0.14285714285714285,-1.0,-1.0,-1.0
ma20_episode_ml_l2_logistic,bottom,all_a_ma20_episode_match_walk_forward_v1,onset,index,csi1000,中证1000,region_or_episode,loose,prediction,single_lobe,7,0,7,0.0,6,0,6,5,1,0,0.0,,,
ma20_episode_ml_l2_logistic,bottom,all_a_ma20_episode_match_walk_forward_v1,onset,index,csi1000,中证1000,region_or_episode,strict,all,all,14,1,13,0.07142857142857142,20,1,19,12,1,0,0.05,-1.0,-1.0,-1.0
ma20_episode_ml_l2_logistic,bottom,all_a_ma20_episode_match_walk_forward_v1,onset,index,csi1000,中证1000,region_or_episode,strict,all,multi_lobe,7,1,6,0.14285714285714285,8,1,7,5,0,0,0.125,-1.0,-1.0,-1.0
ma20_episode_ml_l2_logistic,bottom,all_a_ma20_episode_match_walk_forward_v1,onset,index,csi1000,中证1000,region_or_episode,strict,all,single_lobe,7,0,7,0.0,12,0,12,7,1,0,0.0,,,
ma20_episode_ml_l2_logistic,bottom,all_a_ma20_episode_match_walk_forward_v1,onset,index,csi1000,中证1000,region_or_episode,strict,confirmation,all,13,0,13,0.0,7,0,7,2,0,0,0.0,,,
ma20_episode_ml_l2_logistic,bottom,all_a_ma20_episode_match_walk_forward_v1,onset,index,csi1000,中证1000,region_or_episode,strict,confirmation,multi_lobe,6,0,6,0.0,1,0,1,0,0,0,0.0,,,
ma20_episode_ml_l2_logistic,bottom,all_a_ma20_episode_match_walk_forward_v1,onset,index,csi1000,中证1000,region_or_episode,strict,confirmation,single_lobe,7,0,7,0.0,6,0,6,2,0,0,0.0,,,
ma20_episode_ml_l2_logistic,bottom,all_a_ma20_episode_match_walk_forward_v1,onset,index,csi1000,中证1000,region_or_episode,strict,prediction,all,13,1,12,0.07692307692307693,13,1,12,10,1,0,0.07692307692307693,-1.0,-1.0,-1.0
ma20_episode_ml_l2_logistic,bottom,all_a_ma20_episode_match_walk_forward_v1,onset,index,csi1000,中证1000,region_or_episode,strict,prediction,multi_lobe,6,1,5,0.16666666666666666,7,1,6,5,0,0,0.14285714285714285,-1.0,-1.0,-1.0
ma20_episode_ml_l2_logistic,bottom,all_a_ma20_episode_match_walk_forward_v1,onset,index,csi1000,中证1000,region_or_episode,strict,prediction,single_lobe,7,0,7,0.0,6,0,6,5,1,0,0.0,,,
ma20_episode_ml_l2_logistic,bottom,all_a_ma20_episode_match_walk_forward_v1,onset,index,csi1000,中证1000,region_or_episode,window,all,all,14,7,7,0.5,20,7,13,12,1,0,0.35,2.0,0.0,3.5
ma20_episode_ml_l2_logistic,bottom,all_a_ma20_episode_match_walk_forward_v1,onset,index,csi1000,中证1000,region_or_episode,window,all,multi_lobe,7,3,4,0.42857142857142855,8,3,5,5,0,0,0.375,-1.0,-6.5,0.0
ma20_episode_ml_l2_logistic,bottom,all_a_ma20_episode_match_walk_forward_v1,onset,index,csi1000,中证1000,region_or_episode,window,all,single_lobe,7,4,3,0.5714285714285714,12,4,8,7,1,0,0.3333333333333333,3.5,2.75,4.0
ma20_episode_ml_l2_logistic,bottom,all_a_ma20_episode_match_walk_forward_v1,onset,index,csi1000,中证1000,region_or_episode,window,confirmation,all,13,5,8,0.38461538461538464,7,5,2,2,0,0,0.7142857142857143,3.0,2.0,4.0
ma20_episode_ml_l2_logistic,bottom,all_a_ma20_episode_match_walk_forward_v1,onset,index,csi1000,中证1000,region_or_episode,window,confirmation,multi_lobe,6,1,5,0.16666666666666666,1,1,0,0,0,0,1.0,1.0,1.0,1.0
ma20_episode_ml_l2_logistic,bottom,all_a_ma20_episode_match_walk_forward_v1,onset,index,csi1000,中证1000,region_or_episode,window,confirmation,single_lobe,7,4,3,0.5714285714285714,6,4,2,2,0,0,0.6666666666666666,3.5,2.75,4.0
ma20_episode_ml_l2_logistic,bottom,all_a_ma20_episode_match_walk_forward_v1,onset,index,csi1000,中证1000,region_or_episode,window,prediction,all,13,2,11,0.15384615384615385,13,2,11,10,1,0,0.15384615384615385,-6.5,-9.25,-3.75
ma20_episode_ml_l2_logistic,bottom,all_a_ma20_episode_match_walk_forward_v1,onset,index,csi1000,中证1000,region_or_episode,window,prediction,multi_lobe,6,2,4,0.3333333333333333,7,2,5,5,0,0,0.2857142857142857,-6.5,-9.25,-3.75
ma20_episode_ml_l2_logistic,bottom,all_a_ma20_episode_match_walk_forward_v1,onset,index,csi1000,中证1000,region_or_episode,window,prediction,single_lobe,7,0,7,0.0,6,0,6,5,1,0,0.0,,,
ma20_episode_ml_l2_logistic,bottom,all_a_ma20_episode_match_walk_forward_v1,onset,index,csi300,沪深300,region_or_episode,loose,all,all,15,1,14,0.06666666666666667,20,1,19,12,1,0,0.05,3.0,3.0,3.0
ma20_episode_ml_l2_logistic,bottom,all_a_ma20_episode_match_walk_forward_v1,onset,index,csi300,沪深300,region_or_episode,loose,all,multi_lobe,7,1,6,0.14285714285714285,5,1,4,3,0,0,0.2,3.0,3.0,3.0
ma20_episode_ml_l2_logistic,bottom,all_a_ma20_episode_match_walk_forward_v1,onset,index,csi300,沪深300,region_or_episode,loose,all,single_lobe,8,0,8,0.0,15,0,15,9,1,0,0.0,,,
ma20_episode_ml_l2_logistic,bottom,all_a_ma20_episode_match_walk_forward_v1,onset,index,csi300,沪深300,region_or_episode,loose,confirmation,all,15,1,14,0.06666666666666667,12,1,11,6,0,0,0.08333333333333333,3.0,3.0,3.0
ma20_episode_ml_l2_logistic,bottom,all_a_ma20_episode_match_walk_forward_v1,onset,index,csi300,沪深300,region_or_episode,loose,confirmation,multi_lobe,7,1,6,0.14285714285714285,5,1,4,3,0,0,0.2,3.0,3.0,3.0
ma20_episode_ml_l2_logistic,bottom,all_a_ma20_episode_match_walk_forward_v1,onset,index,csi300,沪深300,region_or_episode,loose,confirmation,single_lobe,8,0,8,0.0,7,0,7,3,0,0,0.0,,,
ma20_episode_ml_l2_logistic,bottom,all_a_ma20_episode_match_walk_forward_v1,onset,index,csi300,沪深300,region_or_episode,loose,prediction,all,14,0,14,0.0,8,0,8,6,1,0,0.0,,,
ma20_episode_ml_l2_logistic,bottom,all_a_ma20_episode_match_walk_forward_v1,onset,index,csi300,沪深300,region_or_episode,loose,prediction,multi_lobe,6,0,6,0.0,0,0,0,0,0,0,,,,
ma20_episode_ml_l2_logistic,bottom,all_a_ma20_episode_match_walk_forward_v1,onset,index,csi300,沪深300,region_or_episode,loose,prediction,single_lobe,8,0,8,0.0,8,0,8,6,1,0,0.0,,,
ma20_episode_ml_l2_logistic,bottom,all_a_ma20_episode_match_walk_forward_v1,onset,index,csi300,沪深300,region_or_episode,strict,all,all,15,1,14,0.06666666666666667,20,1,19,12,1,0,0.05,3.0,3.0,3.0
ma20_episode_ml_l2_logistic,bottom,all_a_ma20_episode_match_walk_forward_v1,onset,index,csi300,沪深300,region_or_episode,strict,all,multi_lobe,7,1,6,0.14285714285714285,5,1,4,3,0,0,0.2,3.0,3.0,3.0
ma20_episode_ml_l2_logistic,bottom,all_a_ma20_episode_match_walk_forward_v1,onset,index,csi300,沪深300,region_or_episode,strict,all,single_lobe,8,0,8,0.0,15,0,15,9,1,0,0.0,,,
ma20_episode_ml_l2_logistic,bottom,all_a_ma20_episode_match_walk_forward_v1,onset,index,csi300,沪深300,region_or_episode,strict,confirmation,all,15,1,14,0.06666666666666667,12,1,11,6,0,0,0.08333333333333333,3.0,3.0,3.0
ma20_episode_ml_l2_logistic,bottom,all_a_ma20_episode_match_walk_forward_v1,onset,index,csi300,沪深300,region_or_episode,strict,confirmation,multi_lobe,7,1,6,0.14285714285714285,5,1,4,3,0,0,0.2,3.0,3.0,3.0
ma20_episode_ml_l2_logistic,bottom,all_a_ma20_episode_match_walk_forward_v1,onset,index,csi300,沪深300,region_or_episode,strict,confirmation,single_lobe,8,0,8,0.0,7,0,7,3,0,0,0.0,,,
ma20_episode_ml_l2_logistic,bottom,all_a_ma20_episode_match_walk_forward_v1,onset,index,csi300,沪深300,region_or_episode,strict,prediction,all,14,0,14,0.0,8,0,8,6,1,0,0.0,,,
ma20_episode_ml_l2_logistic,bottom,all_a_ma20_episode_match_walk_forward_v1,onset,index,csi300,沪深300,region_or_episode,strict,prediction,multi_lobe,6,0,6,0.0,0,0,0,0,0,0,,,,
ma20_episode_ml_l2_logistic,bottom,all_a_ma20_episode_match_walk_forward_v1,onset,index,csi300,沪深300,region_or_episode,strict,prediction,single_lobe,8,0,8,0.0,8,0,8,6,1,0,0.0,,,
ma20_episode_ml_l2_logistic,bottom,all_a_ma20_episode_match_walk_forward_v1,onset,index,csi300,沪深300,region_or_episode,window,all,all,15,7,8,0.4666666666666667,20,7,13,12,1,0,0.35,4.0,3.0,5.0
ma20_episode_ml_l2_logistic,bottom,all_a_ma20_episode_match_walk_forward_v1,onset,index,csi300,沪深300,region_or_episode,window,all,multi_lobe,7,2,5,0.2857142857142857,5,2,3,3,0,0,0.4,3.5,3.25,3.75
ma20_episode_ml_l2_logistic,bottom,all_a_ma20_episode_match_walk_forward_v1,onset,index,csi300,沪深300,region_or_episode,window,all,single_lobe,8,5,3,0.625,15,5,10,9,1,0,0.3333333333333333,5.0,3.0,5.0
ma20_episode_ml_l2_logistic,bottom,all_a_ma20_episode_match_walk_forward_v1,onset,index,csi300,沪深300,region_or_episode,window,confirmation,all,15,6,9,0.4,12,6,6,6,0,0,0.5,4.5,3.25,5.0
ma20_episode_ml_l2_logistic,bottom,all_a_ma20_episode_match_walk_forward_v1,onset,index,csi300,沪深300,region_or_episode,window,confirmation,multi_lobe,7,2,5,0.2857142857142857,5,2,3,3,0,0,0.4,3.5,3.25,3.75
ma20_episode_ml_l2_logistic,bottom,all_a_ma20_episode_match_walk_forward_v1,onset,index,csi300,沪深300,region_or_episode,window,confirmation,single_lobe,8,4,4,0.5,7,4,3,3,0,0,0.5714285714285714,5.0,4.5,5.25
ma20_episode_ml_l2_logistic,bottom,all_a_ma20_episode_match_walk_forward_v1,onset,index,csi300,沪深300,region_or_episode,window,prediction,all,14,1,13,0.07142857142857142,8,1,7,6,1,0,0.125,-12.0,-12.0,-12.0
ma20_episode_ml_l2_logistic,bottom,all_a_ma20_episode_match_walk_forward_v1,onset,index,csi300,沪深300,region_or_episode,window,prediction,multi_lobe,6,0,6,0.0,0,0,0,0,0,0,,,,
ma20_episode_ml_l2_logistic,bottom,all_a_ma20_episode_match_walk_forward_v1,onset,index,csi300,沪深300,region_or_episode,window,prediction,single_lobe,8,1,7,0.125,8,1,7,6,1,0,0.125,-12.0,-12.0,-12.0
ma20_episode_ml_l2_logistic,bottom,all_a_ma20_episode_match_walk_forward_v1,onset,index,csi500,中证500,region_or_episode,loose,all,all,16,4,12,0.25,20,4,16,11,1,0,0.2,-3.5,-9.0,1.5
ma20_episode_ml_l2_logistic,bottom,all_a_ma20_episode_match_walk_forward_v1,onset,index,csi500,中证500,region_or_episode,loose,all,multi_lobe,10,4,6,0.4,10,4,6,5,0,0,0.4,-3.5,-9.0,1.5
ma20_episode_ml_l2_logistic,bottom,all_a_ma20_episode_match_walk_forward_v1,onset,index,csi500,中证500,region_or_episode,loose,all,single_lobe,6,0,6,0.0,10,0,10,6,1,0,0.0,,,
ma20_episode_ml_l2_logistic,bottom,all_a_ma20_episode_match_walk_forward_v1,onset,index,csi500,中证500,region_or_episode,loose,confirmation,all,15,2,13,0.13333333333333333,8,2,6,2,0,0,0.25,2.0,1.5,2.5
ma20_episode_ml_l2_logistic,bottom,all_a_ma20_episode_match_walk_forward_v1,onset,index,csi500,中证500,region_or_episode,loose,confirmation,multi_lobe,9,2,7,0.2222222222222222,3,2,1,0,0,0,0.6666666666666666,2.0,1.5,2.5
ma20_episode_ml_l2_logistic,bottom,all_a_ma20_episode_match_walk_forward_v1,onset,index,csi500,中证500,region_or_episode,loose,confirmation,single_lobe,6,0,6,0.0,5,0,5,2,0,0,0.0,,,
ma20_episode_ml_l2_logistic,bottom,all_a_ma20_episode_match_walk_forward_v1,onset,index,csi500,中证500,region_or_episode,loose,prediction,all,15,2,13,0.13333333333333333,12,2,10,9,1,0,0.16666666666666666,-10.0,-11.0,-9.0
ma20_episode_ml_l2_logistic,bottom,all_a_ma20_episode_match_walk_forward_v1,onset,index,csi500,中证500,region_or_episode,loose,prediction,multi_lobe,9,2,7,0.2222222222222222,7,2,5,5,0,0,0.2857142857142857,-10.0,-11.0,-9.0
ma20_episode_ml_l2_logistic,bottom,all_a_ma20_episode_match_walk_forward_v1,onset,index,csi500,中证500,region_or_episode,loose,prediction,single_lobe,6,0,6,0.0,5,0,5,4,1,0,0.0,,,
ma20_episode_ml_l2_logistic,bottom,all_a_ma20_episode_match_walk_forward_v1,onset,index,csi500,中证500,region_or_episode,strict,all,all,16,2,14,0.125,20,2,18,11,1,0,0.1,-10.0,-11.0,-9.0
ma20_episode_ml_l2_logistic,bottom,all_a_ma20_episode_match_walk_forward_v1,onset,index,csi500,中证500,region_or_episode,strict,all,multi_lobe,10,2,8,0.2,10,2,8,5,0,0,0.2,-10.0,-11.0,-9.0
ma20_episode_ml_l2_logistic,bottom,all_a_ma20_episode_match_walk_forward_v1,onset,index,csi500,中证500,region_or_episode,strict,all,single_lobe,6,0,6,0.0,10,0,10,6,1,0,0.0,,,
ma20_episode_ml_l2_logistic,bottom,all_a_ma20_episode_match_walk_forward_v1,onset,index,csi500,中证500,region_or_episode,strict,confirmation,all,15,0,15,0.0,8,0,8,2,0,0,0.0,,,
ma20_episode_ml_l2_logistic,bottom,all_a_ma20_episode_match_walk_forward_v1,onset,index,csi500,中证500,region_or_episode,strict,confirmation,multi_lobe,9,0,9,0.0,3,0,3,0,0,0,0.0,,,
ma20_episode_ml_l2_logistic,bottom,all_a_ma20_episode_match_walk_forward_v1,onset,index,csi500,中证500,region_or_episode,strict,confirmation,single_lobe,6,0,6,0.0,5,0,5,2,0,0,0.0,,,
ma20_episode_ml_l2_logistic,bottom,all_a_ma20_episode_match_walk_forward_v1,onset,index,csi500,中证500,region_or_episode,strict,prediction,all,15,2,13,0.13333333333333333,12,2,10,9,1,0,0.16666666666666666,-10.0,-11.0,-9.0
ma20_episode_ml_l2_logistic,bottom,all_a_ma20_episode_match_walk_forward_v1,onset,index,csi500,中证500,region_or_episode,strict,prediction,multi_lobe,9,2,7,0.2222222222222222,7,2,5,5,0,0,0.2857142857142857,-10.0,-11.0,-9.0
ma20_episode_ml_l2_logistic,bottom,all_a_ma20_episode_match_walk_forward_v1,onset,index,csi500,中证500,region_or_episode,strict,prediction,single_lobe,6,0,6,0.0,5,0,5,4,1,0,0.0,,,
ma20_episode_ml_l2_logistic,bottom,all_a_ma20_episode_match_walk_forward_v1,onset,index,csi500,中证500,region_or_episode,window,all,all,16,8,8,0.5,20,8,12,11,1,0,0.4,2.5,-1.25,3.25
ma20_episode_ml_l2_logistic,bottom,all_a_ma20_episode_match_walk_forward_v1,onset,index,csi500,中证500,region_or_episode,window,all,multi_lobe,10,5,5,0.5,10,5,5,5,0,0,0.5,1.0,-8.0,3.0
ma20_episode_ml_l2_logistic,bottom,all_a_ma20_episode_match_walk_forward_v1,onset,index,csi500,中证500,region_or_episode,window,all,single_lobe,6,3,3,0.5,10,3,7,6,1,0,0.3,4.0,3.0,4.5
ma20_episode_ml_l2_logistic,bottom,all_a_ma20_episode_match_walk_forward_v1,onset,index,csi500,中证500,region_or_episode,window,confirmation,all,15,6,9,0.4,8,6,2,2,0,0,0.75,3.0,2.25,3.75
ma20_episode_ml_l2_logistic,bottom,all_a_ma20_episode_match_walk_forward_v1,onset,index,csi500,中证500,region_or_episode,window,confirmation,multi_lobe,9,3,6,0.3333333333333333,3,3,0,0,0,0,1.0,3.0,2.0,3.0
ma20_episode_ml_l2_logistic,bottom,all_a_ma20_episode_match_walk_forward_v1,onset,index,csi500,中证500,region_or_episode,window,confirmation,single_lobe,6,3,3,0.5,5,3,2,2,0,0,0.6,4.0,3.0,4.5
ma20_episode_ml_l2_logistic,bottom,all_a_ma20_episode_match_walk_forward_v1,onset,index,csi500,中证500,region_or_episode,window,prediction,all,15,2,13,0.13333333333333333,12,2,10,9,1,0,0.16666666666666666,-10.0,-11.0,-9.0
ma20_episode_ml_l2_logistic,bottom,all_a_ma20_episode_match_walk_forward_v1,onset,index,csi500,中证500,region_or_episode,window,prediction,multi_lobe,9,2,7,0.2222222222222222,7,2,5,5,0,0,0.2857142857142857,-10.0,-11.0,-9.0
ma20_episode_ml_l2_logistic,bottom,all_a_ma20_episode_match_walk_forward_v1,onset,index,csi500,中证500,region_or_episode,window,prediction,single_lobe,6,0,6,0.0,5,0,5,4,1,0,0.0,,,
ma20_episode_ml_l2_logistic,bottom,all_a_ma20_episode_match_walk_forward_v1,onset,index,microcap,微盘股,region_or_episode,loose,all,all,15,0,15,0.0,20,0,20,10,2,0,0.0,,,
ma20_episode_ml_l2_logistic,bottom,all_a_ma20_episode_match_walk_forward_v1,onset,index,microcap,微盘股,region_or_episode,loose,all,multi_lobe,1,0,1,0.0,0,0,0,0,0,0,,,,
ma20_episode_ml_l2_logistic,bottom,all_a_ma20_episode_match_walk_forward_v1,onset,index,microcap,微盘股,region_or_episode,loose,all,single_lobe,14,0,14,0.0,20,0,20,10,2,0,0.0,,,
ma20_episode_ml_l2_logistic,bottom,all_a_ma20_episode_match_walk_forward_v1,onset,index,microcap,微盘股,region_or_episode,loose,confirmation,all,14,0,14,0.0,10,0,10,3,2,0,0.0,,,
ma20_episode_ml_l2_logistic,bottom,all_a_ma20_episode_match_walk_forward_v1,onset,index,microcap,微盘股,region_or_episode,loose,confirmation,multi_lobe,1,0,1,0.0,0,0,0,0,0,0,,,,
ma20_episode_ml_l2_logistic,bottom,all_a_ma20_episode_match_walk_forward_v1,onset,index,microcap,微盘股,region_or_episode,loose,confirmation,single_lobe,13,0,13,0.0,10,0,10,3,2,0,0.0,,,
ma20_episode_ml_l2_logistic,bottom,all_a_ma20_episode_match_walk_forward_v1,onset,index,microcap,微盘股,region_or_episode,loose,prediction,all,15,0,15,0.0,10,0,10,7,0,0,0.0,,,
ma20_episode_ml_l2_logistic,bottom,all_a_ma20_episode_match_walk_forward_v1,onset,index,microcap,微盘股,region_or_episode,loose,prediction,multi_lobe,1,0,1,0.0,0,0,0,0,0,0,,,,
ma20_episode_ml_l2_logistic,bottom,all_a_ma20_episode_match_walk_forward_v1,onset,index,microcap,微盘股,region_or_episode,loose,prediction,single_lobe,14,0,14,0.0,10,0,10,7,0,0,0.0,,,
ma20_episode_ml_l2_logistic,bottom,all_a_ma20_episode_match_walk_forward_v1,onset,index,microcap,微盘股,region_or_episode,strict,all,all,15,0,15,0.0,20,0,20,10,2,0,0.0,,,
ma20_episode_ml_l2_logistic,bottom,all_a_ma20_episode_match_walk_forward_v1,onset,index,microcap,微盘股,region_or_episode,strict,all,multi_lobe,1,0,1,0.0,0,0,0,0,0,0,,,,
ma20_episode_ml_l2_logistic,bottom,all_a_ma20_episode_match_walk_forward_v1,onset,index,microcap,微盘股,region_or_episode,strict,all,single_lobe,14,0,14,0.0,20,0,20,10,2,0,0.0,,,
ma20_episode_ml_l2_logistic,bottom,all_a_ma20_episode_match_walk_forward_v1,onset,index,microcap,微盘股,region_or_episode,strict,confirmation,all,14,0,14,0.0,10,0,10,3,2,0,0.0,,,
ma20_episode_ml_l2_logistic,bottom,all_a_ma20_episode_match_walk_forward_v1,onset,index,microcap,微盘股,region_or_episode,strict,confirmation,multi_lobe,1,0,1,0.0,0,0,0,0,0,0,,,,
ma20_episode_ml_l2_logistic,bottom,all_a_ma20_episode_match_walk_forward_v1,onset,index,microcap,微盘股,region_or_episode,strict,confirmation,single_lobe,13,0,13,0.0,10,0,10,3,2,0,0.0,,,
ma20_episode_ml_l2_logistic,bottom,all_a_ma20_episode_match_walk_forward_v1,onset,index,microcap,微盘股,region_or_episode,strict,prediction,all,15,0,15,0.0,10,0,10,7,0,0,0.0,,,
ma20_episode_ml_l2_logistic,bottom,all_a_ma20_episode_match_walk_forward_v1,onset,index,microcap,微盘股,region_or_episode,strict,prediction,multi_lobe,1,0,1,0.0,0,0,0,0,0,0,,,,
ma20_episode_ml_l2_logistic,bottom,all_a_ma20_episode_match_walk_forward_v1,onset,index,microcap,微盘股,region_or_episode,strict,prediction,single_lobe,14,0,14,0.0,10,0,10,7,0,0,0.0,,,
ma20_episode_ml_l2_logistic,bottom,all_a_ma20_episode_match_walk_forward_v1,onset,index,microcap,微盘股,region_or_episode,window,all,all,15,8,7,0.5333333333333333,20,8,12,10,2,0,0.4,3.5,-1.0,4.0
ma20_episode_ml_l2_logistic,bottom,all_a_ma20_episode_match_walk_forward_v1,onset,index,microcap,微盘股,region_or_episode,window,all,multi_lobe,1,0,1,0.0,0,0,0,0,0,0,,,,
ma20_episode_ml_l2_logistic,bottom,all_a_ma20_episode_match_walk_forward_v1,onset,index,microcap,微盘股,region_or_episode,window,all,single_lobe,14,8,6,0.5714285714285714,20,8,12,10,2,0,0.4,3.5,-1.0,4.0
ma20_episode_ml_l2_logistic,bottom,all_a_ma20_episode_match_walk_forward_v1,onset,index,microcap,微盘股,region_or_episode,window,confirmation,all,14,5,9,0.35714285714285715,10,5,5,3,2,0,0.5,4.0,4.0,4.0
ma20_episode_ml_l2_logistic,bottom,all_a_ma20_episode_match_walk_forward_v1,onset,index,microcap,微盘股,region_or_episode,window,confirmation,multi_lobe,1,0,1,0.0,0,0,0,0,0,0,,,,
ma20_episode_ml_l2_logistic,bottom,all_a_ma20_episode_match_walk_forward_v1,onset,index,microcap,微盘股,region_or_episode,window,confirmation,single_lobe,13,5,8,0.38461538461538464,10,5,5,3,2,0,0.5,4.0,4.0,4.0
ma20_episode_ml_l2_logistic,bottom,all_a_ma20_episode_match_walk_forward_v1,onset,index,microcap,微盘股,region_or_episode,window,prediction,all,15,3,12,0.2,10,3,7,7,0,0,0.3,-1.0,-10.0,-1.0
ma20_episode_ml_l2_logistic,bottom,all_a_ma20_episode_match_walk_forward_v1,onset,index,microcap,微盘股,region_or_episode,window,prediction,multi_lobe,1,0,1,0.0,0,0,0,0,0,0,,,,
ma20_episode_ml_l2_logistic,bottom,all_a_ma20_episode_match_walk_forward_v1,onset,index,microcap,微盘股,region_or_episode,window,prediction,single_lobe,14,3,11,0.21428571428571427,10,3,7,7,0,0,0.3,-1.0,-10.0,-1.0
ma20_episode_ml_l2_logistic,bottom,all_a_ma20_episode_match_walk_forward_v1,onset,index,sse_composite,上证指数,region_or_episode,loose,all,all,18,1,17,0.05555555555555555,20,1,19,12,1,0,0.05,4.0,4.0,4.0
ma20_episode_ml_l2_logistic,bottom,all_a_ma20_episode_match_walk_forward_v1,onset,index,sse_composite,上证指数,region_or_episode,loose,all,multi_lobe,7,1,6,0.14285714285714285,4,1,3,2,0,0,0.25,4.0,4.0,4.0
ma20_episode_ml_l2_logistic,bottom,all_a_ma20_episode_match_walk_forward_v1,onset,index,sse_composite,上证指数,region_or_episode,loose,all,single_lobe,11,0,11,0.0,16,0,16,10,1,0,0.0,,,
ma20_episode_ml_l2_logistic,bottom,all_a_ma20_episode_match_walk_forward_v1,onset,index,sse_composite,上证指数,region_or_episode,loose,confirmation,all,18,1,17,0.05555555555555555,12,1,11,6,0,0,0.08333333333333333,4.0,4.0,4.0
ma20_episode_ml_l2_logistic,bottom,all_a_ma20_episode_match_walk_forward_v1,onset,index,sse_composite,上证指数,region_or_episode,loose,confirmation,multi_lobe,7,1,6,0.14285714285714285,4,1,3,2,0,0,0.25,4.0,4.0,4.0
ma20_episode_ml_l2_logistic,bottom,all_a_ma20_episode_match_walk_forward_v1,onset,index,sse_composite,上证指数,region_or_episode,loose,confirmation,single_lobe,11,0,11,0.0,8,0,8,4,0,0,0.0,,,
ma20_episode_ml_l2_logistic,bottom,all_a_ma20_episode_match_walk_forward_v1,onset,index,sse_composite,上证指数,region_or_episode,loose,prediction,all,17,0,17,0.0,8,0,8,6,1,0,0.0,,,
ma20_episode_ml_l2_logistic,bottom,all_a_ma20_episode_match_walk_forward_v1,onset,index,sse_composite,上证指数,region_or_episode,loose,prediction,multi_lobe,6,0,6,0.0,0,0,0,0,0,0,,,,
ma20_episode_ml_l2_logistic,bottom,all_a_ma20_episode_match_walk_forward_v1,onset,index,sse_composite,上证指数,region_or_episode,loose,prediction,single_lobe,11,0,11,0.0,8,0,8,6,1,0,0.0,,,
ma20_episode_ml_l2_logistic,bottom,all_a_ma20_episode_match_walk_forward_v1,onset,index,sse_composite,上证指数,region_or_episode,strict,all,all,18,1,17,0.05555555555555555,20,1,19,12,1,0,0.05,4.0,4.0,4.0
ma20_episode_ml_l2_logistic,bottom,all_a_ma20_episode_match_walk_forward_v1,onset,index,sse_composite,上证指数,region_or_episode,strict,all,multi_lobe,7,1,6,0.14285714285714285,4,1,3,2,0,0,0.25,4.0,4.0,4.0
ma20_episode_ml_l2_logistic,bottom,all_a_ma20_episode_match_walk_forward_v1,onset,index,sse_composite,上证指数,region_or_episode,strict,all,single_lobe,11,0,11,0.0,16,0,16,10,1,0,0.0,,,
ma20_episode_ml_l2_logistic,bottom,all_a_ma20_episode_match_walk_forward_v1,onset,index,sse_composite,上证指数,region_or_episode,strict,confirmation,all,18,1,17,0.05555555555555555,12,1,11,6,0,0,0.08333333333333333,4.0,4.0,4.0
ma20_episode_ml_l2_logistic,bottom,all_a_ma20_episode_match_walk_forward_v1,onset,index,sse_composite,上证指数,region_or_episode,strict,confirmation,multi_lobe,7,1,6,0.14285714285714285,4,1,3,2,0,0,0.25,4.0,4.0,4.0
ma20_episode_ml_l2_logistic,bottom,all_a_ma20_episode_match_walk_forward_v1,onset,index,sse_composite,上证指数,region_or_episode,strict,confirmation,single_lobe,11,0,11,0.0,8,0,8,4,0,0,0.0,,,
ma20_episode_ml_l2_logistic,bottom,all_a_ma20_episode_match_walk_forward_v1,onset,index,sse_composite,上证指数,region_or_episode,strict,prediction,all,17,0,17,0.0,8,0,8,6,1,0,0.0,,,
ma20_episode_ml_l2_logistic,bottom,all_a_ma20_episode_match_walk_forward_v1,onset,index,sse_composite,上证指数,region_or_episode,strict,prediction,multi_lobe,6,0,6,0.0,0,0,0,0,0,0,,,,
ma20_episode_ml_l2_logistic,bottom,all_a_ma20_episode_match_walk_forward_v1,onset,index,sse_composite,上证指数,region_or_episode,strict,prediction,single_lobe,11,0,11,0.0,8,0,8,6,1,0,0.0,,,
ma20_episode_ml_l2_logistic,bottom,all_a_ma20_episode_match_walk_forward_v1,onset,index,sse_composite,上证指数,region_or_episode,window,all,all,18,7,11,0.3888888888888889,20,7,13,12,1,0,0.35,4.0,3.0,4.5
ma20_episode_ml_l2_logistic,bottom,all_a_ma20_episode_match_walk_forward_v1,onset,index,sse_composite,上证指数,region_or_episode,window,all,multi_lobe,7,2,5,0.2857142857142857,4,2,2,2,0,0,0.5,4.0,4.0,4.0
ma20_episode_ml_l2_logistic,bottom,all_a_ma20_episode_match_walk_forward_v1,onset,index,sse_composite,上证指数,region_or_episode,window,all,single_lobe,11,5,6,0.45454545454545453,16,5,11,10,1,0,0.3125,4.0,2.0,5.0
ma20_episode_ml_l2_logistic,bottom,all_a_ma20_episode_match_walk_forward_v1,onset,index,sse_composite,上证指数,region_or_episode,window,confirmation,all,18,6,12,0.3333333333333333,12,6,6,6,0,0,0.5,4.0,4.0,4.75
ma20_episode_ml_l2_logistic,bottom,all_a_ma20_episode_match_walk_forward_v1,onset,index,sse_composite,上证指数,region_or_episode,window,confirmation,multi_lobe,7,2,5,0.2857142857142857,4,2,2,2,0,0,0.5,4.0,4.0,4.0
ma20_episode_ml_l2_logistic,bottom,all_a_ma20_episode_match_walk_forward_v1,onset,index,sse_composite,上证指数,region_or_episode,window,confirmation,single_lobe,11,4,7,0.36363636363636365,8,4,4,4,0,0,0.5,4.5,3.5,5.25
ma20_episode_ml_l2_logistic,bottom,all_a_ma20_episode_match_walk_forward_v1,onset,index,sse_composite,上证指数,region_or_episode,window,prediction,all,17,1,16,0.058823529411764705,8,1,7,6,1,0,0.125,-12.0,-12.0,-12.0
ma20_episode_ml_l2_logistic,bottom,all_a_ma20_episode_match_walk_forward_v1,onset,index,sse_composite,上证指数,region_or_episode,window,prediction,multi_lobe,6,0,6,0.0,0,0,0,0,0,0,,,,
ma20_episode_ml_l2_logistic,bottom,all_a_ma20_episode_match_walk_forward_v1,onset,index,sse_composite,上证指数,region_or_episode,window,prediction,single_lobe,11,1,10,0.09090909090909091,8,1,7,6,1,0,0.125,-12.0,-12.0,-12.0
ma20_episode_ml_l2_logistic,top,all_a_ma20_episode_match_walk_forward_v1,capped_confirmation,all_indices,__all__,全部指数（指数-事件对）,index_region_or_index_episode_pair,loose,all,all,105,7,98,0.06666666666666667,14,7,7,0,0,0,0.5,2.0,0.0,2.0
ma20_episode_ml_l2_logistic,top,all_a_ma20_episode_match_walk_forward_v1,capped_confirmation,all_indices,__all__,全部指数（指数-事件对）,index_region_or_index_episode_pair,loose,all,multi_lobe,58,0,58,0.0,1,0,1,0,0,0,0.0,,,
ma20_episode_ml_l2_logistic,top,all_a_ma20_episode_match_walk_forward_v1,capped_confirmation,all_indices,__all__,全部指数（指数-事件对）,index_region_or_index_episode_pair,loose,all,single_lobe,47,7,40,0.14893617021276595,13,7,6,0,0,0,0.5384615384615384,2.0,0.0,2.0
ma20_episode_ml_l2_logistic,top,all_a_ma20_episode_match_walk_forward_v1,capped_confirmation,all_indices,__all__,全部指数（指数-事件对）,index_region_or_index_episode_pair,loose,confirmation,all,105,5,100,0.047619047619047616,10,5,5,0,0,0,0.5,2.0,2.0,2.0
ma20_episode_ml_l2_logistic,top,all_a_ma20_episode_match_walk_forward_v1,capped_confirmation,all_indices,__all__,全部指数（指数-事件对）,index_region_or_index_episode_pair,loose,confirmation,multi_lobe,58,0,58,0.0,0,0,0,0,0,0,,,,
ma20_episode_ml_l2_logistic,top,all_a_ma20_episode_match_walk_forward_v1,capped_confirmation,all_indices,__all__,全部指数（指数-事件对）,index_region_or_index_episode_pair,loose,confirmation,single_lobe,47,5,42,0.10638297872340426,10,5,5,0,0,0,0.5,2.0,2.0,2.0
ma20_episode_ml_l2_logistic,top,all_a_ma20_episode_match_walk_forward_v1,capped_confirmation,all_indices,__all__,全部指数（指数-事件对）,index_region_or_index_episode_pair,loose,prediction,all,105,2,103,0.01904761904761905,4,2,2,0,0,0,0.5,-3.0,-3.5,-2.5
ma20_episode_ml_l2_logistic,top,all_a_ma20_episode_match_walk_forward_v1,capped_confirmation,all_indices,__all__,全部指数（指数-事件对）,index_region_or_index_episode_pair,loose,prediction,multi_lobe,58,0,58,0.0,1,0,1,0,0,0,0.0,,,
ma20_episode_ml_l2_logistic,top,all_a_ma20_episode_match_walk_forward_v1,capped_confirmation,all_indices,__all__,全部指数（指数-事件对）,index_region_or_index_episode_pair,loose,prediction,single_lobe,47,2,45,0.0425531914893617,3,2,1,0,0,0,0.6666666666666666,-3.0,-3.5,-2.5
ma20_episode_ml_l2_logistic,top,all_a_ma20_episode_match_walk_forward_v1,capped_confirmation,all_indices,__all__,全部指数（指数-事件对）,index_region_or_index_episode_pair,strict,all,all,105,7,98,0.06666666666666667,14,7,7,0,0,0,0.5,2.0,0.0,2.0
ma20_episode_ml_l2_logistic,top,all_a_ma20_episode_match_walk_forward_v1,capped_confirmation,all_indices,__all__,全部指数（指数-事件对）,index_region_or_index_episode_pair,strict,all,multi_lobe,58,0,58,0.0,1,0,1,0,0,0,0.0,,,
ma20_episode_ml_l2_logistic,top,all_a_ma20_episode_match_walk_forward_v1,capped_confirmation,all_indices,__all__,全部指数（指数-事件对）,index_region_or_index_episode_pair,strict,all,single_lobe,47,7,40,0.14893617021276595,13,7,6,0,0,0,0.5384615384615384,2.0,0.0,2.0
ma20_episode_ml_l2_logistic,top,all_a_ma20_episode_match_walk_forward_v1,capped_confirmation,all_indices,__all__,全部指数（指数-事件对）,index_region_or_index_episode_pair,strict,confirmation,all,105,5,100,0.047619047619047616,10,5,5,0,0,0,0.5,2.0,2.0,2.0
ma20_episode_ml_l2_logistic,top,all_a_ma20_episode_match_walk_forward_v1,capped_confirmation,all_indices,__all__,全部指数（指数-事件对）,index_region_or_index_episode_pair,strict,confirmation,multi_lobe,58,0,58,0.0,0,0,0,0,0,0,,,,
ma20_episode_ml_l2_logistic,top,all_a_ma20_episode_match_walk_forward_v1,capped_confirmation,all_indices,__all__,全部指数（指数-事件对）,index_region_or_index_episode_pair,strict,confirmation,single_lobe,47,5,42,0.10638297872340426,10,5,5,0,0,0,0.5,2.0,2.0,2.0
ma20_episode_ml_l2_logistic,top,all_a_ma20_episode_match_walk_forward_v1,capped_confirmation,all_indices,__all__,全部指数（指数-事件对）,index_region_or_index_episode_pair,strict,prediction,all,105,2,103,0.01904761904761905,4,2,2,0,0,0,0.5,-3.0,-3.5,-2.5
ma20_episode_ml_l2_logistic,top,all_a_ma20_episode_match_walk_forward_v1,capped_confirmation,all_indices,__all__,全部指数（指数-事件对）,index_region_or_index_episode_pair,strict,prediction,multi_lobe,58,0,58,0.0,1,0,1,0,0,0,0.0,,,
ma20_episode_ml_l2_logistic,top,all_a_ma20_episode_match_walk_forward_v1,capped_confirmation,all_indices,__all__,全部指数（指数-事件对）,index_region_or_index_episode_pair,strict,prediction,single_lobe,47,2,45,0.0425531914893617,3,2,1,0,0,0,0.6666666666666666,-3.0,-3.5,-2.5
ma20_episode_ml_l2_logistic,top,all_a_ma20_episode_match_walk_forward_v1,capped_confirmation,all_indices,__all__,全部指数（指数-事件对）,index_region_or_index_episode_pair,window,all,all,105,14,91,0.13333333333333333,14,14,0,0,0,0,1.0,2.0,-1.0,3.0
ma20_episode_ml_l2_logistic,top,all_a_ma20_episode_match_walk_forward_v1,capped_confirmation,all_indices,__all__,全部指数（指数-事件对）,index_region_or_index_episode_pair,window,all,multi_lobe,58,1,57,0.017241379310344827,1,1,0,0,0,0,1.0,-19.0,-19.0,-19.0
ma20_episode_ml_l2_logistic,top,all_a_ma20_episode_match_walk_forward_v1,capped_confirmation,all_indices,__all__,全部指数（指数-事件对）,index_region_or_index_episode_pair,window,all,single_lobe,47,13,34,0.2765957446808511,13,13,0,0,0,0,1.0,2.0,2.0,3.0
ma20_episode_ml_l2_logistic,top,all_a_ma20_episode_match_walk_forward_v1,capped_confirmation,all_indices,__all__,全部指数（指数-事件对）,index_region_or_index_episode_pair,window,confirmation,all,105,10,95,0.09523809523809523,10,10,0,0,0,0,1.0,2.5,2.0,3.0
ma20_episode_ml_l2_logistic,top,all_a_ma20_episode_match_walk_forward_v1,capped_confirmation,all_indices,__all__,全部指数（指数-事件对）,index_region_or_index_episode_pair,window,confirmation,multi_lobe,58,0,58,0.0,0,0,0,0,0,0,,,,
ma20_episode_ml_l2_logistic,top,all_a_ma20_episode_match_walk_forward_v1,capped_confirmation,all_indices,__all__,全部指数（指数-事件对）,index_region_or_index_episode_pair,window,confirmation,single_lobe,47,10,37,0.2127659574468085,10,10,0,0,0,0,1.0,2.5,2.0,3.0
ma20_episode_ml_l2_logistic,top,all_a_ma20_episode_match_walk_forward_v1,capped_confirmation,all_indices,__all__,全部指数（指数-事件对）,index_region_or_index_episode_pair,window,prediction,all,105,4,101,0.0380952380952381,4,4,0,0,0,0,1.0,-11.5,-19.0,-3.5
ma20_episode_ml_l2_logistic,top,all_a_ma20_episode_match_walk_forward_v1,capped_confirmation,all_indices,__all__,全部指数（指数-事件对）,index_region_or_index_episode_pair,window,prediction,multi_lobe,58,1,57,0.017241379310344827,1,1,0,0,0,0,1.0,-19.0,-19.0,-19.0
ma20_episode_ml_l2_logistic,top,all_a_ma20_episode_match_walk_forward_v1,capped_confirmation,all_indices,__all__,全部指数（指数-事件对）,index_region_or_index_episode_pair,window,prediction,single_lobe,47,3,44,0.06382978723404255,3,3,0,0,0,0,1.0,-4.0,-11.5,-3.0
ma20_episode_ml_l2_logistic,top,all_a_ma20_episode_match_walk_forward_v1,capped_confirmation,index,all_a,全A,region_or_episode,loose,all,all,14,1,13,0.07142857142857142,2,1,1,0,0,0,0.5,2.0,2.0,2.0
ma20_episode_ml_l2_logistic,top,all_a_ma20_episode_match_walk_forward_v1,capped_confirmation,index,all_a,全A,region_or_episode,loose,all,multi_lobe,8,0,8,0.0,0,0,0,0,0,0,,,,
ma20_episode_ml_l2_logistic,top,all_a_ma20_episode_match_walk_forward_v1,capped_confirmation,index,all_a,全A,region_or_episode,loose,all,single_lobe,6,1,5,0.16666666666666666,2,1,1,0,0,0,0.5,2.0,2.0,2.0
ma20_episode_ml_l2_logistic,top,all_a_ma20_episode_match_walk_forward_v1,capped_confirmation,index,all_a,全A,region_or_episode,loose,confirmation,all,14,1,13,0.07142857142857142,2,1,1,0,0,0,0.5,2.0,2.0,2.0
ma20_episode_ml_l2_logistic,top,all_a_ma20_episode_match_walk_forward_v1,capped_confirmation,index,all_a,全A,region_or_episode,loose,confirmation,multi_lobe,8,0,8,0.0,0,0,0,0,0,0,,,,
ma20_episode_ml_l2_logistic,top,all_a_ma20_episode_match_walk_forward_v1,capped_confirmation,index,all_a,全A,region_or_episode,loose,confirmation,single_lobe,6,1,5,0.16666666666666666,2,1,1,0,0,0,0.5,2.0,2.0,2.0
ma20_episode_ml_l2_logistic,top,all_a_ma20_episode_match_walk_forward_v1,capped_confirmation,index,all_a,全A,region_or_episode,loose,prediction,all,14,0,14,0.0,0,0,0,0,0,0,,,,
ma20_episode_ml_l2_logistic,top,all_a_ma20_episode_match_walk_forward_v1,capped_confirmation,index,all_a,全A,region_or_episode,loose,prediction,multi_lobe,8,0,8,0.0,0,0,0,0,0,0,,,,
ma20_episode_ml_l2_logistic,top,all_a_ma20_episode_match_walk_forward_v1,capped_confirmation,index,all_a,全A,region_or_episode,loose,prediction,single_lobe,6,0,6,0.0,0,0,0,0,0,0,,,,
ma20_episode_ml_l2_logistic,top,all_a_ma20_episode_match_walk_forward_v1,capped_confirmation,index,all_a,全A,region_or_episode,strict,all,all,14,1,13,0.07142857142857142,2,1,1,0,0,0,0.5,2.0,2.0,2.0
ma20_episode_ml_l2_logistic,top,all_a_ma20_episode_match_walk_forward_v1,capped_confirmation,index,all_a,全A,region_or_episode,strict,all,multi_lobe,8,0,8,0.0,0,0,0,0,0,0,,,,
ma20_episode_ml_l2_logistic,top,all_a_ma20_episode_match_walk_forward_v1,capped_confirmation,index,all_a,全A,region_or_episode,strict,all,single_lobe,6,1,5,0.16666666666666666,2,1,1,0,0,0,0.5,2.0,2.0,2.0
ma20_episode_ml_l2_logistic,top,all_a_ma20_episode_match_walk_forward_v1,capped_confirmation,index,all_a,全A,region_or_episode,strict,confirmation,all,14,1,13,0.07142857142857142,2,1,1,0,0,0,0.5,2.0,2.0,2.0
ma20_episode_ml_l2_logistic,top,all_a_ma20_episode_match_walk_forward_v1,capped_confirmation,index,all_a,全A,region_or_episode,strict,confirmation,multi_lobe,8,0,8,0.0,0,0,0,0,0,0,,,,
ma20_episode_ml_l2_logistic,top,all_a_ma20_episode_match_walk_forward_v1,capped_confirmation,index,all_a,全A,region_or_episode,strict,confirmation,single_lobe,6,1,5,0.16666666666666666,2,1,1,0,0,0,0.5,2.0,2.0,2.0
ma20_episode_ml_l2_logistic,top,all_a_ma20_episode_match_walk_forward_v1,capped_confirmation,index,all_a,全A,region_or_episode,strict,prediction,all,14,0,14,0.0,0,0,0,0,0,0,,,,
ma20_episode_ml_l2_logistic,top,all_a_ma20_episode_match_walk_forward_v1,capped_confirmation,index,all_a,全A,region_or_episode,strict,prediction,multi_lobe,8,0,8,0.0,0,0,0,0,0,0,,,,
ma20_episode_ml_l2_logistic,top,all_a_ma20_episode_match_walk_forward_v1,capped_confirmation,index,all_a,全A,region_or_episode,strict,prediction,single_lobe,6,0,6,0.0,0,0,0,0,0,0,,,,
ma20_episode_ml_l2_logistic,top,all_a_ma20_episode_match_walk_forward_v1,capped_confirmation,index,all_a,全A,region_or_episode,window,all,all,14,2,12,0.14285714285714285,2,2,0,0,0,0,1.0,2.5,2.25,2.75
ma20_episode_ml_l2_logistic,top,all_a_ma20_episode_match_walk_forward_v1,capped_confirmation,index,all_a,全A,region_or_episode,window,all,multi_lobe,8,0,8,0.0,0,0,0,0,0,0,,,,
ma20_episode_ml_l2_logistic,top,all_a_ma20_episode_match_walk_forward_v1,capped_confirmation,index,all_a,全A,region_or_episode,window,all,single_lobe,6,2,4,0.3333333333333333,2,2,0,0,0,0,1.0,2.5,2.25,2.75
ma20_episode_ml_l2_logistic,top,all_a_ma20_episode_match_walk_forward_v1,capped_confirmation,index,all_a,全A,region_or_episode,window,confirmation,all,14,2,12,0.14285714285714285,2,2,0,0,0,0,1.0,2.5,2.25,2.75
ma20_episode_ml_l2_logistic,top,all_a_ma20_episode_match_walk_forward_v1,capped_confirmation,index,all_a,全A,region_or_episode,window,confirmation,multi_lobe,8,0,8,0.0,0,0,0,0,0,0,,,,
ma20_episode_ml_l2_logistic,top,all_a_ma20_episode_match_walk_forward_v1,capped_confirmation,index,all_a,全A,region_or_episode,window,confirmation,single_lobe,6,2,4,0.3333333333333333,2,2,0,0,0,0,1.0,2.5,2.25,2.75
ma20_episode_ml_l2_logistic,top,all_a_ma20_episode_match_walk_forward_v1,capped_confirmation,index,all_a,全A,region_or_episode,window,prediction,all,14,0,14,0.0,0,0,0,0,0,0,,,,
ma20_episode_ml_l2_logistic,top,all_a_ma20_episode_match_walk_forward_v1,capped_confirmation,index,all_a,全A,region_or_episode,window,prediction,multi_lobe,8,0,8,0.0,0,0,0,0,0,0,,,,
ma20_episode_ml_l2_logistic,top,all_a_ma20_episode_match_walk_forward_v1,capped_confirmation,index,all_a,全A,region_or_episode,window,prediction,single_lobe,6,0,6,0.0,0,0,0,0,0,0,,,,
ma20_episode_ml_l2_logistic,top,all_a_ma20_episode_match_walk_forward_v1,capped_confirmation,index,cni2000,国证2000,region_or_episode,loose,all,all,15,1,14,0.06666666666666667,2,1,1,0,0,0,0.5,2.0,2.0,2.0
ma20_episode_ml_l2_logistic,top,all_a_ma20_episode_match_walk_forward_v1,capped_confirmation,index,cni2000,国证2000,region_or_episode,loose,all,multi_lobe,10,0,10,0.0,0,0,0,0,0,0,,,,
ma20_episode_ml_l2_logistic,top,all_a_ma20_episode_match_walk_forward_v1,capped_confirmation,index,cni2000,国证2000,region_or_episode,loose,all,single_lobe,5,1,4,0.2,2,1,1,0,0,0,0.5,2.0,2.0,2.0
ma20_episode_ml_l2_logistic,top,all_a_ma20_episode_match_walk_forward_v1,capped_confirmation,index,cni2000,国证2000,region_or_episode,loose,confirmation,all,15,1,14,0.06666666666666667,1,1,0,0,0,0,1.0,2.0,2.0,2.0
ma20_episode_ml_l2_logistic,top,all_a_ma20_episode_match_walk_forward_v1,capped_confirmation,index,cni2000,国证2000,region_or_episode,loose,confirmation,multi_lobe,10,0,10,0.0,0,0,0,0,0,0,,,,
ma20_episode_ml_l2_logistic,top,all_a_ma20_episode_match_walk_forward_v1,capped_confirmation,index,cni2000,国证2000,region_or_episode,loose,confirmation,single_lobe,5,1,4,0.2,1,1,0,0,0,0,1.0,2.0,2.0,2.0
ma20_episode_ml_l2_logistic,top,all_a_ma20_episode_match_walk_forward_v1,capped_confirmation,index,cni2000,国证2000,region_or_episode,loose,prediction,all,15,0,15,0.0,1,0,1,0,0,0,0.0,,,
ma20_episode_ml_l2_logistic,top,all_a_ma20_episode_match_walk_forward_v1,capped_confirmation,index,cni2000,国证2000,region_or_episode,loose,prediction,multi_lobe,10,0,10,0.0,0,0,0,0,0,0,,,,
ma20_episode_ml_l2_logistic,top,all_a_ma20_episode_match_walk_forward_v1,capped_confirmation,index,cni2000,国证2000,region_or_episode,loose,prediction,single_lobe,5,0,5,0.0,1,0,1,0,0,0,0.0,,,
ma20_episode_ml_l2_logistic,top,all_a_ma20_episode_match_walk_forward_v1,capped_confirmation,index,cni2000,国证2000,region_or_episode,strict,all,all,15,1,14,0.06666666666666667,2,1,1,0,0,0,0.5,2.0,2.0,2.0
ma20_episode_ml_l2_logistic,top,all_a_ma20_episode_match_walk_forward_v1,capped_confirmation,index,cni2000,国证2000,region_or_episode,strict,all,multi_lobe,10,0,10,0.0,0,0,0,0,0,0,,,,
ma20_episode_ml_l2_logistic,top,all_a_ma20_episode_match_walk_forward_v1,capped_confirmation,index,cni2000,国证2000,region_or_episode,strict,all,single_lobe,5,1,4,0.2,2,1,1,0,0,0,0.5,2.0,2.0,2.0
ma20_episode_ml_l2_logistic,top,all_a_ma20_episode_match_walk_forward_v1,capped_confirmation,index,cni2000,国证2000,region_or_episode,strict,confirmation,all,15,1,14,0.06666666666666667,1,1,0,0,0,0,1.0,2.0,2.0,2.0
ma20_episode_ml_l2_logistic,top,all_a_ma20_episode_match_walk_forward_v1,capped_confirmation,index,cni2000,国证2000,region_or_episode,strict,confirmation,multi_lobe,10,0,10,0.0,0,0,0,0,0,0,,,,
ma20_episode_ml_l2_logistic,top,all_a_ma20_episode_match_walk_forward_v1,capped_confirmation,index,cni2000,国证2000,region_or_episode,strict,confirmation,single_lobe,5,1,4,0.2,1,1,0,0,0,0,1.0,2.0,2.0,2.0
ma20_episode_ml_l2_logistic,top,all_a_ma20_episode_match_walk_forward_v1,capped_confirmation,index,cni2000,国证2000,region_or_episode,strict,prediction,all,15,0,15,0.0,1,0,1,0,0,0,0.0,,,
ma20_episode_ml_l2_logistic,top,all_a_ma20_episode_match_walk_forward_v1,capped_confirmation,index,cni2000,国证2000,region_or_episode,strict,prediction,multi_lobe,10,0,10,0.0,0,0,0,0,0,0,,,,
ma20_episode_ml_l2_logistic,top,all_a_ma20_episode_match_walk_forward_v1,capped_confirmation,index,cni2000,国证2000,region_or_episode,strict,prediction,single_lobe,5,0,5,0.0,1,0,1,0,0,0,0.0,,,
ma20_episode_ml_l2_logistic,top,all_a_ma20_episode_match_walk_forward_v1,capped_confirmation,index,cni2000,国证2000,region_or_episode,window,all,all,15,2,13,0.13333333333333333,2,2,0,0,0,0,1.0,-8.5,-13.75,-3.25
ma20_episode_ml_l2_logistic,top,all_a_ma20_episode_match_walk_forward_v1,capped_confirmation,index,cni2000,国证2000,region_or_episode,window,all,multi_lobe,10,0,10,0.0,0,0,0,0,0,0,,,,
ma20_episode_ml_l2_logistic,top,all_a_ma20_episode_match_walk_forward_v1,capped_confirmation,index,cni2000,国证2000,region_or_episode,window,all,single_lobe,5,2,3,0.4,2,2,0,0,0,0,1.0,-8.5,-13.75,-3.25
ma20_episode_ml_l2_logistic,top,all_a_ma20_episode_match_walk_forward_v1,capped_confirmation,index,cni2000,国证2000,region_or_episode,window,confirmation,all,15,1,14,0.06666666666666667,1,1,0,0,0,0,1.0,2.0,2.0,2.0
ma20_episode_ml_l2_logistic,top,all_a_ma20_episode_match_walk_forward_v1,capped_confirmation,index,cni2000,国证2000,region_or_episode,window,confirmation,multi_lobe,10,0,10,0.0,0,0,0,0,0,0,,,,
ma20_episode_ml_l2_logistic,top,all_a_ma20_episode_match_walk_forward_v1,capped_confirmation,index,cni2000,国证2000,region_or_episode,window,confirmation,single_lobe,5,1,4,0.2,1,1,0,0,0,0,1.0,2.0,2.0,2.0
ma20_episode_ml_l2_logistic,top,all_a_ma20_episode_match_walk_forward_v1,capped_confirmation,index,cni2000,国证2000,region_or_episode,window,prediction,all,15,1,14,0.06666666666666667,1,1,0,0,0,0,1.0,-19.0,-19.0,-19.0
ma20_episode_ml_l2_logistic,top,all_a_ma20_episode_match_walk_forward_v1,capped_confirmation,index,cni2000,国证2000,region_or_episode,window,prediction,multi_lobe,10,0,10,0.0,0,0,0,0,0,0,,,,
ma20_episode_ml_l2_logistic,top,all_a_ma20_episode_match_walk_forward_v1,capped_confirmation,index,cni2000,国证2000,region_or_episode,window,prediction,single_lobe,5,1,4,0.2,1,1,0,0,0,0,1.0,-19.0,-19.0,-19.0
ma20_episode_ml_l2_logistic,top,all_a_ma20_episode_match_walk_forward_v1,capped_confirmation,index,csi1000,中证1000,region_or_episode,loose,all,all,13,1,12,0.07692307692307693,2,1,1,0,0,0,0.5,-2.0,-2.0,-2.0
ma20_episode_ml_l2_logistic,top,all_a_ma20_episode_match_walk_forward_v1,capped_confirmation,index,csi1000,中证1000,region_or_episode,loose,all,multi_lobe,8,0,8,0.0,0,0,0,0,0,0,,,,
ma20_episode_ml_l2_logistic,top,all_a_ma20_episode_match_walk_forward_v1,capped_confirmation,index,csi1000,中证1000,region_or_episode,loose,all,single_lobe,5,1,4,0.2,2,1,1,0,0,0,0.5,-2.0,-2.0,-2.0
ma20_episode_ml_l2_logistic,top,all_a_ma20_episode_match_walk_forward_v1,capped_confirmation,index,csi1000,中证1000,region_or_episode,loose,confirmation,all,13,0,13,0.0,1,0,1,0,0,0,0.0,,,
ma20_episode_ml_l2_logistic,top,all_a_ma20_episode_match_walk_forward_v1,capped_confirmation,index,csi1000,中证1000,region_or_episode,loose,confirmation,multi_lobe,8,0,8,0.0,0,0,0,0,0,0,,,,
ma20_episode_ml_l2_logistic,top,all_a_ma20_episode_match_walk_forward_v1,capped_confirmation,index,csi1000,中证1000,region_or_episode,loose,confirmation,single_lobe,5,0,5,0.0,1,0,1,0,0,0,0.0,,,
ma20_episode_ml_l2_logistic,top,all_a_ma20_episode_match_walk_forward_v1,capped_confirmation,index,csi1000,中证1000,region_or_episode,loose,prediction,all,13,1,12,0.07692307692307693,1,1,0,0,0,0,1.0,-2.0,-2.0,-2.0
ma20_episode_ml_l2_logistic,top,all_a_ma20_episode_match_walk_forward_v1,capped_confirmation,index,csi1000,中证1000,region_or_episode,loose,prediction,multi_lobe,8,0,8,0.0,0,0,0,0,0,0,,,,
ma20_episode_ml_l2_logistic,top,all_a_ma20_episode_match_walk_forward_v1,capped_confirmation,index,csi1000,中证1000,region_or_episode,loose,prediction,single_lobe,5,1,4,0.2,1,1,0,0,0,0,1.0,-2.0,-2.0,-2.0
ma20_episode_ml_l2_logistic,top,all_a_ma20_episode_match_walk_forward_v1,capped_confirmation,index,csi1000,中证1000,region_or_episode,strict,all,all,13,1,12,0.07692307692307693,2,1,1,0,0,0,0.5,-2.0,-2.0,-2.0
ma20_episode_ml_l2_logistic,top,all_a_ma20_episode_match_walk_forward_v1,capped_confirmation,index,csi1000,中证1000,region_or_episode,strict,all,multi_lobe,8,0,8,0.0,0,0,0,0,0,0,,,,
ma20_episode_ml_l2_logistic,top,all_a_ma20_episode_match_walk_forward_v1,capped_confirmation,index,csi1000,中证1000,region_or_episode,strict,all,single_lobe,5,1,4,0.2,2,1,1,0,0,0,0.5,-2.0,-2.0,-2.0
ma20_episode_ml_l2_logistic,top,all_a_ma20_episode_match_walk_forward_v1,capped_confirmation,index,csi1000,中证1000,region_or_episode,strict,confirmation,all,13,0,13,0.0,1,0,1,0,0,0,0.0,,,
ma20_episode_ml_l2_logistic,top,all_a_ma20_episode_match_walk_forward_v1,capped_confirmation,index,csi1000,中证1000,region_or_episode,strict,confirmation,multi_lobe,8,0,8,0.0,0,0,0,0,0,0,,,,
ma20_episode_ml_l2_logistic,top,all_a_ma20_episode_match_walk_forward_v1,capped_confirmation,index,csi1000,中证1000,region_or_episode,strict,confirmation,single_lobe,5,0,5,0.0,1,0,1,0,0,0,0.0,,,
ma20_episode_ml_l2_logistic,top,all_a_ma20_episode_match_walk_forward_v1,capped_confirmation,index,csi1000,中证1000,region_or_episode,strict,prediction,all,13,1,12,0.07692307692307693,1,1,0,0,0,0,1.0,-2.0,-2.0,-2.0
ma20_episode_ml_l2_logistic,top,all_a_ma20_episode_match_walk_forward_v1,capped_confirmation,index,csi1000,中证1000,region_or_episode,strict,prediction,multi_lobe,8,0,8,0.0,0,0,0,0,0,0,,,,
ma20_episode_ml_l2_logistic,top,all_a_ma20_episode_match_walk_forward_v1,capped_confirmation,index,csi1000,中证1000,region_or_episode,strict,prediction,single_lobe,5,1,4,0.2,1,1,0,0,0,0,1.0,-2.0,-2.0,-2.0
ma20_episode_ml_l2_logistic,top,all_a_ma20_episode_match_walk_forward_v1,capped_confirmation,index,csi1000,中证1000,region_or_episode,window,all,all,13,2,11,0.15384615384615385,2,2,0,0,0,0,1.0,0.5,-0.75,1.75
ma20_episode_ml_l2_logistic,top,all_a_ma20_episode_match_walk_forward_v1,capped_confirmation,index,csi1000,中证1000,region_or_episode,window,all,multi_lobe,8,0,8,0.0,0,0,0,0,0,0,,,,
ma20_episode_ml_l2_logistic,top,all_a_ma20_episode_match_walk_forward_v1,capped_confirmation,index,csi1000,中证1000,region_or_episode,window,all,single_lobe,5,2,3,0.4,2,2,0,0,0,0,1.0,0.5,-0.75,1.75
ma20_episode_ml_l2_logistic,top,all_a_ma20_episode_match_walk_forward_v1,capped_confirmation,index,csi1000,中证1000,region_or_episode,window,confirmation,all,13,1,12,0.07692307692307693,1,1,0,0,0,0,1.0,3.0,3.0,3.0
ma20_episode_ml_l2_logistic,top,all_a_ma20_episode_match_walk_forward_v1,capped_confirmation,index,csi1000,中证1000,region_or_episode,window,confirmation,multi_lobe,8,0,8,0.0,0,0,0,0,0,0,,,,
ma20_episode_ml_l2_logistic,top,all_a_ma20_episode_match_walk_forward_v1,capped_confirmation,index,csi1000,中证1000,region_or_episode,window,confirmation,single_lobe,5,1,4,0.2,1,1,0,0,0,0,1.0,3.0,3.0,3.0
ma20_episode_ml_l2_logistic,top,all_a_ma20_episode_match_walk_forward_v1,capped_confirmation,index,csi1000,中证1000,region_or_episode,window,prediction,all,13,1,12,0.07692307692307693,1,1,0,0,0,0,1.0,-2.0,-2.0,-2.0
ma20_episode_ml_l2_logistic,top,all_a_ma20_episode_match_walk_forward_v1,capped_confirmation,index,csi1000,中证1000,region_or_episode,window,prediction,multi_lobe,8,0,8,0.0,0,0,0,0,0,0,,,,
ma20_episode_ml_l2_logistic,top,all_a_ma20_episode_match_walk_forward_v1,capped_confirmation,index,csi1000,中证1000,region_or_episode,window,prediction,single_lobe,5,1,4,0.2,1,1,0,0,0,0,1.0,-2.0,-2.0,-2.0
ma20_episode_ml_l2_logistic,top,all_a_ma20_episode_match_walk_forward_v1,capped_confirmation,index,csi300,沪深300,region_or_episode,loose,all,all,15,1,14,0.06666666666666667,2,1,1,0,0,0,0.5,2.0,2.0,2.0
ma20_episode_ml_l2_logistic,top,all_a_ma20_episode_match_walk_forward_v1,capped_confirmation,index,csi300,沪深300,region_or_episode,loose,all,multi_lobe,7,0,7,0.0,0,0,0,0,0,0,,,,
ma20_episode_ml_l2_logistic,top,all_a_ma20_episode_match_walk_forward_v1,capped_confirmation,index,csi300,沪深300,region_or_episode,loose,all,single_lobe,8,1,7,0.125,2,1,1,0,0,0,0.5,2.0,2.0,2.0
ma20_episode_ml_l2_logistic,top,all_a_ma20_episode_match_walk_forward_v1,capped_confirmation,index,csi300,沪深300,region_or_episode,loose,confirmation,all,15,1,14,0.06666666666666667,2,1,1,0,0,0,0.5,2.0,2.0,2.0
ma20_episode_ml_l2_logistic,top,all_a_ma20_episode_match_walk_forward_v1,capped_confirmation,index,csi300,沪深300,region_or_episode,loose,confirmation,multi_lobe,7,0,7,0.0,0,0,0,0,0,0,,,,
ma20_episode_ml_l2_logistic,top,all_a_ma20_episode_match_walk_forward_v1,capped_confirmation,index,csi300,沪深300,region_or_episode,loose,confirmation,single_lobe,8,1,7,0.125,2,1,1,0,0,0,0.5,2.0,2.0,2.0
ma20_episode_ml_l2_logistic,top,all_a_ma20_episode_match_walk_forward_v1,capped_confirmation,index,csi300,沪深300,region_or_episode,loose,prediction,all,15,0,15,0.0,0,0,0,0,0,0,,,,
ma20_episode_ml_l2_logistic,top,all_a_ma20_episode_match_walk_forward_v1,capped_confirmation,index,csi300,沪深300,region_or_episode,loose,prediction,multi_lobe,7,0,7,0.0,0,0,0,0,0,0,,,,
ma20_episode_ml_l2_logistic,top,all_a_ma20_episode_match_walk_forward_v1,capped_confirmation,index,csi300,沪深300,region_or_episode,loose,prediction,single_lobe,8,0,8,0.0,0,0,0,0,0,0,,,,
ma20_episode_ml_l2_logistic,top,all_a_ma20_episode_match_walk_forward_v1,capped_confirmation,index,csi300,沪深300,region_or_episode,strict,all,all,15,1,14,0.06666666666666667,2,1,1,0,0,0,0.5,2.0,2.0,2.0
ma20_episode_ml_l2_logistic,top,all_a_ma20_episode_match_walk_forward_v1,capped_confirmation,index,csi300,沪深300,region_or_episode,strict,all,multi_lobe,7,0,7,0.0,0,0,0,0,0,0,,,,
ma20_episode_ml_l2_logistic,top,all_a_ma20_episode_match_walk_forward_v1,capped_confirmation,index,csi300,沪深300,region_or_episode,strict,all,single_lobe,8,1,7,0.125,2,1,1,0,0,0,0.5,2.0,2.0,2.0
ma20_episode_ml_l2_logistic,top,all_a_ma20_episode_match_walk_forward_v1,capped_confirmation,index,csi300,沪深300,region_or_episode,strict,confirmation,all,15,1,14,0.06666666666666667,2,1,1,0,0,0,0.5,2.0,2.0,2.0
ma20_episode_ml_l2_logistic,top,all_a_ma20_episode_match_walk_forward_v1,capped_confirmation,index,csi300,沪深300,region_or_episode,strict,confirmation,multi_lobe,7,0,7,0.0,0,0,0,0,0,0,,,,
ma20_episode_ml_l2_logistic,top,all_a_ma20_episode_match_walk_forward_v1,capped_confirmation,index,csi300,沪深300,region_or_episode,strict,confirmation,single_lobe,8,1,7,0.125,2,1,1,0,0,0,0.5,2.0,2.0,2.0
ma20_episode_ml_l2_logistic,top,all_a_ma20_episode_match_walk_forward_v1,capped_confirmation,index,csi300,沪深300,region_or_episode,strict,prediction,all,15,0,15,0.0,0,0,0,0,0,0,,,,
ma20_episode_ml_l2_logistic,top,all_a_ma20_episode_match_walk_forward_v1,capped_confirmation,index,csi300,沪深300,region_or_episode,strict,prediction,multi_lobe,7,0,7,0.0,0,0,0,0,0,0,,,,
ma20_episode_ml_l2_logistic,top,all_a_ma20_episode_match_walk_forward_v1,capped_confirmation,index,csi300,沪深300,region_or_episode,strict,prediction,single_lobe,8,0,8,0.0,0,0,0,0,0,0,,,,
ma20_episode_ml_l2_logistic,top,all_a_ma20_episode_match_walk_forward_v1,capped_confirmation,index,csi300,沪深300,region_or_episode,window,all,all,15,2,13,0.13333333333333333,2,2,0,0,0,0,1.0,3.5,2.75,4.25
ma20_episode_ml_l2_logistic,top,all_a_ma20_episode_match_walk_forward_v1,capped_confirmation,index,csi300,沪深300,region_or_episode,window,all,multi_lobe,7,0,7,0.0,0,0,0,0,0,0,,,,
ma20_episode_ml_l2_logistic,top,all_a_ma20_episode_match_walk_forward_v1,capped_confirmation,index,csi300,沪深300,region_or_episode,window,all,single_lobe,8,2,6,0.25,2,2,0,0,0,0,1.0,3.5,2.75,4.25
ma20_episode_ml_l2_logistic,top,all_a_ma20_episode_match_walk_forward_v1,capped_confirmation,index,csi300,沪深300,region_or_episode,window,confirmation,all,15,2,13,0.13333333333333333,2,2,0,0,0,0,1.0,3.5,2.75,4.25
ma20_episode_ml_l2_logistic,top,all_a_ma20_episode_match_walk_forward_v1,capped_confirmation,index,csi300,沪深300,region_or_episode,window,confirmation,multi_lobe,7,0,7,0.0,0,0,0,0,0,0,,,,
ma20_episode_ml_l2_logistic,top,all_a_ma20_episode_match_walk_forward_v1,capped_confirmation,index,csi300,沪深300,region_or_episode,window,confirmation,single_lobe,8,2,6,0.25,2,2,0,0,0,0,1.0,3.5,2.75,4.25
ma20_episode_ml_l2_logistic,top,all_a_ma20_episode_match_walk_forward_v1,capped_confirmation,index,csi300,沪深300,region_or_episode,window,prediction,all,15,0,15,0.0,0,0,0,0,0,0,,,,
ma20_episode_ml_l2_logistic,top,all_a_ma20_episode_match_walk_forward_v1,capped_confirmation,index,csi300,沪深300,region_or_episode,window,prediction,multi_lobe,7,0,7,0.0,0,0,0,0,0,0,,,,
ma20_episode_ml_l2_logistic,top,all_a_ma20_episode_match_walk_forward_v1,capped_confirmation,index,csi300,沪深300,region_or_episode,window,prediction,single_lobe,8,0,8,0.0,0,0,0,0,0,0,,,,
ma20_episode_ml_l2_logistic,top,all_a_ma20_episode_match_walk_forward_v1,capped_confirmation,index,csi500,中证500,region_or_episode,loose,all,all,15,1,14,0.06666666666666667,2,1,1,0,0,0,0.5,-4.0,-4.0,-4.0
ma20_episode_ml_l2_logistic,top,all_a_ma20_episode_match_walk_forward_v1,capped_confirmation,index,csi500,中证500,region_or_episode,loose,all,multi_lobe,5,0,5,0.0,0,0,0,0,0,0,,,,
ma20_episode_ml_l2_logistic,top,all_a_ma20_episode_match_walk_forward_v1,capped_confirmation,index,csi500,中证500,region_or_episode,loose,all,single_lobe,10,1,9,0.1,2,1,1,0,0,0,0.5,-4.0,-4.0,-4.0
ma20_episode_ml_l2_logistic,top,all_a_ma20_episode_match_walk_forward_v1,capped_confirmation,index,csi500,中证500,region_or_episode,loose,confirmation,all,15,0,15,0.0,1,0,1,0,0,0,0.0,,,
ma20_episode_ml_l2_logistic,top,all_a_ma20_episode_match_walk_forward_v1,capped_confirmation,index,csi500,中证500,region_or_episode,loose,confirmation,multi_lobe,5,0,5,0.0,0,0,0,0,0,0,,,,
ma20_episode_ml_l2_logistic,top,all_a_ma20_episode_match_walk_forward_v1,capped_confirmation,index,csi500,中证500,region_or_episode,loose,confirmation,single_lobe,10,0,10,0.0,1,0,1,0,0,0,0.0,,,
ma20_episode_ml_l2_logistic,top,all_a_ma20_episode_match_walk_forward_v1,capped_confirmation,index,csi500,中证500,region_or_episode,loose,prediction,all,15,1,14,0.06666666666666667,1,1,0,0,0,0,1.0,-4.0,-4.0,-4.0
ma20_episode_ml_l2_logistic,top,all_a_ma20_episode_match_walk_forward_v1,capped_confirmation,index,csi500,中证500,region_or_episode,loose,prediction,multi_lobe,5,0,5,0.0,0,0,0,0,0,0,,,,
ma20_episode_ml_l2_logistic,top,all_a_ma20_episode_match_walk_forward_v1,capped_confirmation,index,csi500,中证500,region_or_episode,loose,prediction,single_lobe,10,1,9,0.1,1,1,0,0,0,0,1.0,-4.0,-4.0,-4.0
ma20_episode_ml_l2_logistic,top,all_a_ma20_episode_match_walk_forward_v1,capped_confirmation,index,csi500,中证500,region_or_episode,strict,all,all,15,1,14,0.06666666666666667,2,1,1,0,0,0,0.5,-4.0,-4.0,-4.0
ma20_episode_ml_l2_logistic,top,all_a_ma20_episode_match_walk_forward_v1,capped_confirmation,index,csi500,中证500,region_or_episode,strict,all,multi_lobe,5,0,5,0.0,0,0,0,0,0,0,,,,
ma20_episode_ml_l2_logistic,top,all_a_ma20_episode_match_walk_forward_v1,capped_confirmation,index,csi500,中证500,region_or_episode,strict,all,single_lobe,10,1,9,0.1,2,1,1,0,0,0,0.5,-4.0,-4.0,-4.0
ma20_episode_ml_l2_logistic,top,all_a_ma20_episode_match_walk_forward_v1,capped_confirmation,index,csi500,中证500,region_or_episode,strict,confirmation,all,15,0,15,0.0,1,0,1,0,0,0,0.0,,,
ma20_episode_ml_l2_logistic,top,all_a_ma20_episode_match_walk_forward_v1,capped_confirmation,index,csi500,中证500,region_or_episode,strict,confirmation,multi_lobe,5,0,5,0.0,0,0,0,0,0,0,,,,
ma20_episode_ml_l2_logistic,top,all_a_ma20_episode_match_walk_forward_v1,capped_confirmation,index,csi500,中证500,region_or_episode,strict,confirmation,single_lobe,10,0,10,0.0,1,0,1,0,0,0,0.0,,,
ma20_episode_ml_l2_logistic,top,all_a_ma20_episode_match_walk_forward_v1,capped_confirmation,index,csi500,中证500,region_or_episode,strict,prediction,all,15,1,14,0.06666666666666667,1,1,0,0,0,0,1.0,-4.0,-4.0,-4.0
ma20_episode_ml_l2_logistic,top,all_a_ma20_episode_match_walk_forward_v1,capped_confirmation,index,csi500,中证500,region_or_episode,strict,prediction,multi_lobe,5,0,5,0.0,0,0,0,0,0,0,,,,
ma20_episode_ml_l2_logistic,top,all_a_ma20_episode_match_walk_forward_v1,capped_confirmation,index,csi500,中证500,region_or_episode,strict,prediction,single_lobe,10,1,9,0.1,1,1,0,0,0,0,1.0,-4.0,-4.0,-4.0
ma20_episode_ml_l2_logistic,top,all_a_ma20_episode_match_walk_forward_v1,capped_confirmation,index,csi500,中证500,region_or_episode,window,all,all,15,2,13,0.13333333333333333,2,2,0,0,0,0,1.0,-0.5,-2.25,1.25
ma20_episode_ml_l2_logistic,top,all_a_ma20_episode_match_walk_forward_v1,capped_confirmation,index,csi500,中证500,region_or_episode,window,all,multi_lobe,5,0,5,0.0,0,0,0,0,0,0,,,,
ma20_episode_ml_l2_logistic,top,all_a_ma20_episode_match_walk_forward_v1,capped_confirmation,index,csi500,中证500,region_or_episode,window,all,single_lobe,10,2,8,0.2,2,2,0,0,0,0,1.0,-0.5,-2.25,1.25
ma20_episode_ml_l2_logistic,top,all_a_ma20_episode_match_walk_forward_v1,capped_confirmation,index,csi500,中证500,region_or_episode,window,confirmation,all,15,1,14,0.06666666666666667,1,1,0,0,0,0,1.0,3.0,3.0,3.0
ma20_episode_ml_l2_logistic,top,all_a_ma20_episode_match_walk_forward_v1,capped_confirmation,index,csi500,中证500,region_or_episode,window,confirmation,multi_lobe,5,0,5,0.0,0,0,0,0,0,0,,,,
ma20_episode_ml_l2_logistic,top,all_a_ma20_episode_match_walk_forward_v1,capped_confirmation,index,csi500,中证500,region_or_episode,window,confirmation,single_lobe,10,1,9,0.1,1,1,0,0,0,0,1.0,3.0,3.0,3.0
ma20_episode_ml_l2_logistic,top,all_a_ma20_episode_match_walk_forward_v1,capped_confirmation,index,csi500,中证500,region_or_episode,window,prediction,all,15,1,14,0.06666666666666667,1,1,0,0,0,0,1.0,-4.0,-4.0,-4.0
ma20_episode_ml_l2_logistic,top,all_a_ma20_episode_match_walk_forward_v1,capped_confirmation,index,csi500,中证500,region_or_episode,window,prediction,multi_lobe,5,0,5,0.0,0,0,0,0,0,0,,,,
ma20_episode_ml_l2_logistic,top,all_a_ma20_episode_match_walk_forward_v1,capped_confirmation,index,csi500,中证500,region_or_episode,window,prediction,single_lobe,10,1,9,0.1,1,1,0,0,0,0,1.0,-4.0,-4.0,-4.0
ma20_episode_ml_l2_logistic,top,all_a_ma20_episode_match_walk_forward_v1,capped_confirmation,index,microcap,微盘股,region_or_episode,loose,all,all,15,1,14,0.06666666666666667,2,1,1,0,0,0,0.5,2.0,2.0,2.0
ma20_episode_ml_l2_logistic,top,all_a_ma20_episode_match_walk_forward_v1,capped_confirmation,index,microcap,微盘股,region_or_episode,loose,all,multi_lobe,9,0,9,0.0,1,0,1,0,0,0,0.0,,,
ma20_episode_ml_l2_logistic,top,all_a_ma20_episode_match_walk_forward_v1,capped_confirmation,index,microcap,微盘股,region_or_episode,loose,all,single_lobe,6,1,5,0.16666666666666666,1,1,0,0,0,0,1.0,2.0,2.0,2.0
ma20_episode_ml_l2_logistic,top,all_a_ma20_episode_match_walk_forward_v1,capped_confirmation,index,microcap,微盘股,region_or_episode,loose,confirmation,all,15,1,14,0.06666666666666667,1,1,0,0,0,0,1.0,2.0,2.0,2.0
ma20_episode_ml_l2_logistic,top,all_a_ma20_episode_match_walk_forward_v1,capped_confirmation,index,microcap,微盘股,region_or_episode,loose,confirmation,multi_lobe,9,0,9,0.0,0,0,0,0,0,0,,,,
ma20_episode_ml_l2_logistic,top,all_a_ma20_episode_match_walk_forward_v1,capped_confirmation,index,microcap,微盘股,region_or_episode,loose,confirmation,single_lobe,6,1,5,0.16666666666666666,1,1,0,0,0,0,1.0,2.0,2.0,2.0
ma20_episode_ml_l2_logistic,top,all_a_ma20_episode_match_walk_forward_v1,capped_confirmation,index,microcap,微盘股,region_or_episode,loose,prediction,all,15,0,15,0.0,1,0,1,0,0,0,0.0,,,
ma20_episode_ml_l2_logistic,top,all_a_ma20_episode_match_walk_forward_v1,capped_confirmation,index,microcap,微盘股,region_or_episode,loose,prediction,multi_lobe,9,0,9,0.0,1,0,1,0,0,0,0.0,,,
ma20_episode_ml_l2_logistic,top,all_a_ma20_episode_match_walk_forward_v1,capped_confirmation,index,microcap,微盘股,region_or_episode,loose,prediction,single_lobe,6,0,6,0.0,0,0,0,0,0,0,,,,
ma20_episode_ml_l2_logistic,top,all_a_ma20_episode_match_walk_forward_v1,capped_confirmation,index,microcap,微盘股,region_or_episode,strict,all,all,15,1,14,0.06666666666666667,2,1,1,0,0,0,0.5,2.0,2.0,2.0
ma20_episode_ml_l2_logistic,top,all_a_ma20_episode_match_walk_forward_v1,capped_confirmation,index,microcap,微盘股,region_or_episode,strict,all,multi_lobe,9,0,9,0.0,1,0,1,0,0,0,0.0,,,
ma20_episode_ml_l2_logistic,top,all_a_ma20_episode_match_walk_forward_v1,capped_confirmation,index,microcap,微盘股,region_or_episode,strict,all,single_lobe,6,1,5,0.16666666666666666,1,1,0,0,0,0,1.0,2.0,2.0,2.0
ma20_episode_ml_l2_logistic,top,all_a_ma20_episode_match_walk_forward_v1,capped_confirmation,index,microcap,微盘股,region_or_episode,strict,confirmation,all,15,1,14,0.06666666666666667,1,1,0,0,0,0,1.0,2.0,2.0,2.0
ma20_episode_ml_l2_logistic,top,all_a_ma20_episode_match_walk_forward_v1,capped_confirmation,index,microcap,微盘股,region_or_episode,strict,confirmation,multi_lobe,9,0,9,0.0,0,0,0,0,0,0,,,,
ma20_episode_ml_l2_logistic,top,all_a_ma20_episode_match_walk_forward_v1,capped_confirmation,index,microcap,微盘股,region_or_episode,strict,confirmation,single_lobe,6,1,5,0.16666666666666666,1,1,0,0,0,0,1.0,2.0,2.0,2.0
ma20_episode_ml_l2_logistic,top,all_a_ma20_episode_match_walk_forward_v1,capped_confirmation,index,microcap,微盘股,region_or_episode,strict,prediction,all,15,0,15,0.0,1,0,1,0,0,0,0.0,,,
ma20_episode_ml_l2_logistic,top,all_a_ma20_episode_match_walk_forward_v1,capped_confirmation,index,microcap,微盘股,region_or_episode,strict,prediction,multi_lobe,9,0,9,0.0,1,0,1,0,0,0,0.0,,,
ma20_episode_ml_l2_logistic,top,all_a_ma20_episode_match_walk_forward_v1,capped_confirmation,index,microcap,微盘股,region_or_episode,strict,prediction,single_lobe,6,0,6,0.0,0,0,0,0,0,0,,,,
ma20_episode_ml_l2_logistic,top,all_a_ma20_episode_match_walk_forward_v1,capped_confirmation,index,microcap,微盘股,region_or_episode,window,all,all,15,2,13,0.13333333333333333,2,2,0,0,0,0,1.0,-8.5,-13.75,-3.25
ma20_episode_ml_l2_logistic,top,all_a_ma20_episode_match_walk_forward_v1,capped_confirmation,index,microcap,微盘股,region_or_episode,window,all,multi_lobe,9,1,8,0.1111111111111111,1,1,0,0,0,0,1.0,-19.0,-19.0,-19.0
ma20_episode_ml_l2_logistic,top,all_a_ma20_episode_match_walk_forward_v1,capped_confirmation,index,microcap,微盘股,region_or_episode,window,all,single_lobe,6,1,5,0.16666666666666666,1,1,0,0,0,0,1.0,2.0,2.0,2.0
ma20_episode_ml_l2_logistic,top,all_a_ma20_episode_match_walk_forward_v1,capped_confirmation,index,microcap,微盘股,region_or_episode,window,confirmation,all,15,1,14,0.06666666666666667,1,1,0,0,0,0,1.0,2.0,2.0,2.0
ma20_episode_ml_l2_logistic,top,all_a_ma20_episode_match_walk_forward_v1,capped_confirmation,index,microcap,微盘股,region_or_episode,window,confirmation,multi_lobe,9,0,9,0.0,0,0,0,0,0,0,,,,
ma20_episode_ml_l2_logistic,top,all_a_ma20_episode_match_walk_forward_v1,capped_confirmation,index,microcap,微盘股,region_or_episode,window,confirmation,single_lobe,6,1,5,0.16666666666666666,1,1,0,0,0,0,1.0,2.0,2.0,2.0
ma20_episode_ml_l2_logistic,top,all_a_ma20_episode_match_walk_forward_v1,capped_confirmation,index,microcap,微盘股,region_or_episode,window,prediction,all,15,1,14,0.06666666666666667,1,1,0,0,0,0,1.0,-19.0,-19.0,-19.0
ma20_episode_ml_l2_logistic,top,all_a_ma20_episode_match_walk_forward_v1,capped_confirmation,index,microcap,微盘股,region_or_episode,window,prediction,multi_lobe,9,1,8,0.1111111111111111,1,1,0,0,0,0,1.0,-19.0,-19.0,-19.0
ma20_episode_ml_l2_logistic,top,all_a_ma20_episode_match_walk_forward_v1,capped_confirmation,index,microcap,微盘股,region_or_episode,window,prediction,single_lobe,6,0,6,0.0,0,0,0,0,0,0,,,,
ma20_episode_ml_l2_logistic,top,all_a_ma20_episode_match_walk_forward_v1,capped_confirmation,index,sse_composite,上证指数,region_or_episode,loose,all,all,18,1,17,0.05555555555555555,2,1,1,0,0,0,0.5,2.0,2.0,2.0
ma20_episode_ml_l2_logistic,top,all_a_ma20_episode_match_walk_forward_v1,capped_confirmation,index,sse_composite,上证指数,region_or_episode,loose,all,multi_lobe,11,0,11,0.0,0,0,0,0,0,0,,,,
ma20_episode_ml_l2_logistic,top,all_a_ma20_episode_match_walk_forward_v1,capped_confirmation,index,sse_composite,上证指数,region_or_episode,loose,all,single_lobe,7,1,6,0.14285714285714285,2,1,1,0,0,0,0.5,2.0,2.0,2.0
ma20_episode_ml_l2_logistic,top,all_a_ma20_episode_match_walk_forward_v1,capped_confirmation,index,sse_composite,上证指数,region_or_episode,loose,confirmation,all,18,1,17,0.05555555555555555,2,1,1,0,0,0,0.5,2.0,2.0,2.0
ma20_episode_ml_l2_logistic,top,all_a_ma20_episode_match_walk_forward_v1,capped_confirmation,index,sse_composite,上证指数,region_or_episode,loose,confirmation,multi_lobe,11,0,11,0.0,0,0,0,0,0,0,,,,
ma20_episode_ml_l2_logistic,top,all_a_ma20_episode_match_walk_forward_v1,capped_confirmation,index,sse_composite,上证指数,region_or_episode,loose,confirmation,single_lobe,7,1,6,0.14285714285714285,2,1,1,0,0,0,0.5,2.0,2.0,2.0
ma20_episode_ml_l2_logistic,top,all_a_ma20_episode_match_walk_forward_v1,capped_confirmation,index,sse_composite,上证指数,region_or_episode,loose,prediction,all,18,0,18,0.0,0,0,0,0,0,0,,,,
ma20_episode_ml_l2_logistic,top,all_a_ma20_episode_match_walk_forward_v1,capped_confirmation,index,sse_composite,上证指数,region_or_episode,loose,prediction,multi_lobe,11,0,11,0.0,0,0,0,0,0,0,,,,
ma20_episode_ml_l2_logistic,top,all_a_ma20_episode_match_walk_forward_v1,capped_confirmation,index,sse_composite,上证指数,region_or_episode,loose,prediction,single_lobe,7,0,7,0.0,0,0,0,0,0,0,,,,
ma20_episode_ml_l2_logistic,top,all_a_ma20_episode_match_walk_forward_v1,capped_confirmation,index,sse_composite,上证指数,region_or_episode,strict,all,all,18,1,17,0.05555555555555555,2,1,1,0,0,0,0.5,2.0,2.0,2.0
ma20_episode_ml_l2_logistic,top,all_a_ma20_episode_match_walk_forward_v1,capped_confirmation,index,sse_composite,上证指数,region_or_episode,strict,all,multi_lobe,11,0,11,0.0,0,0,0,0,0,0,,,,
ma20_episode_ml_l2_logistic,top,all_a_ma20_episode_match_walk_forward_v1,capped_confirmation,index,sse_composite,上证指数,region_or_episode,strict,all,single_lobe,7,1,6,0.14285714285714285,2,1,1,0,0,0,0.5,2.0,2.0,2.0
ma20_episode_ml_l2_logistic,top,all_a_ma20_episode_match_walk_forward_v1,capped_confirmation,index,sse_composite,上证指数,region_or_episode,strict,confirmation,all,18,1,17,0.05555555555555555,2,1,1,0,0,0,0.5,2.0,2.0,2.0
ma20_episode_ml_l2_logistic,top,all_a_ma20_episode_match_walk_forward_v1,capped_confirmation,index,sse_composite,上证指数,region_or_episode,strict,confirmation,multi_lobe,11,0,11,0.0,0,0,0,0,0,0,,,,
ma20_episode_ml_l2_logistic,top,all_a_ma20_episode_match_walk_forward_v1,capped_confirmation,index,sse_composite,上证指数,region_or_episode,strict,confirmation,single_lobe,7,1,6,0.14285714285714285,2,1,1,0,0,0,0.5,2.0,2.0,2.0
ma20_episode_ml_l2_logistic,top,all_a_ma20_episode_match_walk_forward_v1,capped_confirmation,index,sse_composite,上证指数,region_or_episode,strict,prediction,all,18,0,18,0.0,0,0,0,0,0,0,,,,
ma20_episode_ml_l2_logistic,top,all_a_ma20_episode_match_walk_forward_v1,capped_confirmation,index,sse_composite,上证指数,region_or_episode,strict,prediction,multi_lobe,11,0,11,0.0,0,0,0,0,0,0,,,,
ma20_episode_ml_l2_logistic,top,all_a_ma20_episode_match_walk_forward_v1,capped_confirmation,index,sse_composite,上证指数,region_or_episode,strict,prediction,single_lobe,7,0,7,0.0,0,0,0,0,0,0,,,,
ma20_episode_ml_l2_logistic,top,all_a_ma20_episode_match_walk_forward_v1,capped_confirmation,index,sse_composite,上证指数,region_or_episode,window,all,all,18,2,16,0.1111111111111111,2,2,0,0,0,0,1.0,3.5,2.75,4.25
ma20_episode_ml_l2_logistic,top,all_a_ma20_episode_match_walk_forward_v1,capped_confirmation,index,sse_composite,上证指数,region_or_episode,window,all,multi_lobe,11,0,11,0.0,0,0,0,0,0,0,,,,
ma20_episode_ml_l2_logistic,top,all_a_ma20_episode_match_walk_forward_v1,capped_confirmation,index,sse_composite,上证指数,region_or_episode,window,all,single_lobe,7,2,5,0.2857142857142857,2,2,0,0,0,0,1.0,3.5,2.75,4.25
ma20_episode_ml_l2_logistic,top,all_a_ma20_episode_match_walk_forward_v1,capped_confirmation,index,sse_composite,上证指数,region_or_episode,window,confirmation,all,18,2,16,0.1111111111111111,2,2,0,0,0,0,1.0,3.5,2.75,4.25
ma20_episode_ml_l2_logistic,top,all_a_ma20_episode_match_walk_forward_v1,capped_confirmation,index,sse_composite,上证指数,region_or_episode,window,confirmation,multi_lobe,11,0,11,0.0,0,0,0,0,0,0,,,,
ma20_episode_ml_l2_logistic,top,all_a_ma20_episode_match_walk_forward_v1,capped_confirmation,index,sse_composite,上证指数,region_or_episode,window,confirmation,single_lobe,7,2,5,0.2857142857142857,2,2,0,0,0,0,1.0,3.5,2.75,4.25
ma20_episode_ml_l2_logistic,top,all_a_ma20_episode_match_walk_forward_v1,capped_confirmation,index,sse_composite,上证指数,region_or_episode,window,prediction,all,18,0,18,0.0,0,0,0,0,0,0,,,,
ma20_episode_ml_l2_logistic,top,all_a_ma20_episode_match_walk_forward_v1,capped_confirmation,index,sse_composite,上证指数,region_or_episode,window,prediction,multi_lobe,11,0,11,0.0,0,0,0,0,0,0,,,,
ma20_episode_ml_l2_logistic,top,all_a_ma20_episode_match_walk_forward_v1,capped_confirmation,index,sse_composite,上证指数,region_or_episode,window,prediction,single_lobe,7,0,7,0.0,0,0,0,0,0,0,,,,
ma20_episode_ml_l2_logistic,top,all_a_ma20_episode_match_walk_forward_v1,onset,all_indices,__all__,全部指数（指数-事件对）,index_region_or_index_episode_pair,loose,all,all,105,8,97,0.0761904761904762,14,8,6,0,0,0,0.5714285714285714,1.0,0.0,1.0
ma20_episode_ml_l2_logistic,top,all_a_ma20_episode_match_walk_forward_v1,onset,all_indices,__all__,全部指数（指数-事件对）,index_region_or_index_episode_pair,loose,all,multi_lobe,58,0,58,0.0,1,0,1,0,0,0,0.0,,,
ma20_episode_ml_l2_logistic,top,all_a_ma20_episode_match_walk_forward_v1,onset,all_indices,__all__,全部指数（指数-事件对）,index_region_or_index_episode_pair,loose,all,single_lobe,47,8,39,0.1702127659574468,13,8,5,0,0,0,0.6153846153846154,1.0,0.0,1.0
ma20_episode_ml_l2_logistic,top,all_a_ma20_episode_match_walk_forward_v1,onset,all_indices,__all__,全部指数（指数-事件对）,index_region_or_index_episode_pair,loose,confirmation,all,105,6,99,0.05714285714285714,10,6,4,0,0,0,0.6,1.0,1.0,1.0
ma20_episode_ml_l2_logistic,top,all_a_ma20_episode_match_walk_forward_v1,onset,all_indices,__all__,全部指数（指数-事件对）,index_region_or_index_episode_pair,loose,confirmation,multi_lobe,58,0,58,0.0,0,0,0,0,0,0,,,,
ma20_episode_ml_l2_logistic,top,all_a_ma20_episode_match_walk_forward_v1,onset,all_indices,__all__,全部指数（指数-事件对）,index_region_or_index_episode_pair,loose,confirmation,single_lobe,47,6,41,0.1276595744680851,10,6,4,0,0,0,0.6,1.0,1.0,1.0
ma20_episode_ml_l2_logistic,top,all_a_ma20_episode_match_walk_forward_v1,onset,all_indices,__all__,全部指数（指数-事件对）,index_region_or_index_episode_pair,loose,prediction,all,105,2,103,0.01904761904761905,4,2,2,0,0,0,0.5,-4.0,-4.5,-3.5
ma20_episode_ml_l2_logistic,top,all_a_ma20_episode_match_walk_forward_v1,onset,all_indices,__all__,全部指数（指数-事件对）,index_region_or_index_episode_pair,loose,prediction,multi_lobe,58,0,58,0.0,1,0,1,0,0,0,0.0,,,
ma20_episode_ml_l2_logistic,top,all_a_ma20_episode_match_walk_forward_v1,onset,all_indices,__all__,全部指数（指数-事件对）,index_region_or_index_episode_pair,loose,prediction,single_lobe,47,2,45,0.0425531914893617,3,2,1,0,0,0,0.6666666666666666,-4.0,-4.5,-3.5
ma20_episode_ml_l2_logistic,top,all_a_ma20_episode_match_walk_forward_v1,onset,all_indices,__all__,全部指数（指数-事件对）,index_region_or_index_episode_pair,strict,all,all,105,8,97,0.0761904761904762,14,8,6,0,0,0,0.5714285714285714,1.0,0.0,1.0
ma20_episode_ml_l2_logistic,top,all_a_ma20_episode_match_walk_forward_v1,onset,all_indices,__all__,全部指数（指数-事件对）,index_region_or_index_episode_pair,strict,all,multi_lobe,58,0,58,0.0,1,0,1,0,0,0,0.0,,,
ma20_episode_ml_l2_logistic,top,all_a_ma20_episode_match_walk_forward_v1,onset,all_indices,__all__,全部指数（指数-事件对）,index_region_or_index_episode_pair,strict,all,single_lobe,47,8,39,0.1702127659574468,13,8,5,0,0,0,0.6153846153846154,1.0,0.0,1.0
ma20_episode_ml_l2_logistic,top,all_a_ma20_episode_match_walk_forward_v1,onset,all_indices,__all__,全部指数（指数-事件对）,index_region_or_index_episode_pair,strict,confirmation,all,105,6,99,0.05714285714285714,10,6,4,0,0,0,0.6,1.0,1.0,1.0
ma20_episode_ml_l2_logistic,top,all_a_ma20_episode_match_walk_forward_v1,onset,all_indices,__all__,全部指数（指数-事件对）,index_region_or_index_episode_pair,strict,confirmation,multi_lobe,58,0,58,0.0,0,0,0,0,0,0,,,,
ma20_episode_ml_l2_logistic,top,all_a_ma20_episode_match_walk_forward_v1,onset,all_indices,__all__,全部指数（指数-事件对）,index_region_or_index_episode_pair,strict,confirmation,single_lobe,47,6,41,0.1276595744680851,10,6,4,0,0,0,0.6,1.0,1.0,1.0
ma20_episode_ml_l2_logistic,top,all_a_ma20_episode_match_walk_forward_v1,onset,all_indices,__all__,全部指数（指数-事件对）,index_region_or_index_episode_pair,strict,prediction,all,105,2,103,0.01904761904761905,4,2,2,0,0,0,0.5,-4.0,-4.5,-3.5
ma20_episode_ml_l2_logistic,top,all_a_ma20_episode_match_walk_forward_v1,onset,all_indices,__all__,全部指数（指数-事件对）,index_region_or_index_episode_pair,strict,prediction,multi_lobe,58,0,58,0.0,1,0,1,0,0,0,0.0,,,
ma20_episode_ml_l2_logistic,top,all_a_ma20_episode_match_walk_forward_v1,onset,all_indices,__all__,全部指数（指数-事件对）,index_region_or_index_episode_pair,strict,prediction,single_lobe,47,2,45,0.0425531914893617,3,2,1,0,0,0,0.6666666666666666,-4.0,-4.5,-3.5
ma20_episode_ml_l2_logistic,top,all_a_ma20_episode_match_walk_forward_v1,onset,all_indices,__all__,全部指数（指数-事件对）,index_region_or_index_episode_pair,window,all,all,105,14,91,0.13333333333333333,14,14,0,0,0,0,1.0,1.0,-2.0,2.0
ma20_episode_ml_l2_logistic,top,all_a_ma20_episode_match_walk_forward_v1,onset,all_indices,__all__,全部指数（指数-事件对）,index_region_or_index_episode_pair,window,all,multi_lobe,58,1,57,0.017241379310344827,1,1,0,0,0,0,1.0,-20.0,-20.0,-20.0
ma20_episode_ml_l2_logistic,top,all_a_ma20_episode_match_walk_forward_v1,onset,all_indices,__all__,全部指数（指数-事件对）,index_region_or_index_episode_pair,window,all,single_lobe,47,13,34,0.2765957446808511,13,13,0,0,0,0,1.0,1.0,1.0,2.0
ma20_episode_ml_l2_logistic,top,all_a_ma20_episode_match_walk_forward_v1,onset,all_indices,__all__,全部指数（指数-事件对）,index_region_or_index_episode_pair,window,confirmation,all,105,10,95,0.09523809523809523,10,10,0,0,0,0,1.0,1.5,1.0,2.0
ma20_episode_ml_l2_logistic,top,all_a_ma20_episode_match_walk_forward_v1,onset,all_indices,__all__,全部指数（指数-事件对）,index_region_or_index_episode_pair,window,confirmation,multi_lobe,58,0,58,0.0,0,0,0,0,0,0,,,,
ma20_episode_ml_l2_logistic,top,all_a_ma20_episode_match_walk_forward_v1,onset,all_indices,__all__,全部指数（指数-事件对）,index_region_or_index_episode_pair,window,confirmation,single_lobe,47,10,37,0.2127659574468085,10,10,0,0,0,0,1.0,1.5,1.0,2.0
ma20_episode_ml_l2_logistic,top,all_a_ma20_episode_match_walk_forward_v1,onset,all_indices,__all__,全部指数（指数-事件对）,index_region_or_index_episode_pair,window,prediction,all,105,4,101,0.0380952380952381,4,4,0,0,0,0,1.0,-12.5,-20.0,-4.5
ma20_episode_ml_l2_logistic,top,all_a_ma20_episode_match_walk_forward_v1,onset,all_indices,__all__,全部指数（指数-事件对）,index_region_or_index_episode_pair,window,prediction,multi_lobe,58,1,57,0.017241379310344827,1,1,0,0,0,0,1.0,-20.0,-20.0,-20.0
ma20_episode_ml_l2_logistic,top,all_a_ma20_episode_match_walk_forward_v1,onset,all_indices,__all__,全部指数（指数-事件对）,index_region_or_index_episode_pair,window,prediction,single_lobe,47,3,44,0.06382978723404255,3,3,0,0,0,0,1.0,-5.0,-12.5,-4.0
ma20_episode_ml_l2_logistic,top,all_a_ma20_episode_match_walk_forward_v1,onset,index,all_a,全A,region_or_episode,loose,all,all,14,2,12,0.14285714285714285,2,2,0,0,0,0,1.0,1.5,1.25,1.75
ma20_episode_ml_l2_logistic,top,all_a_ma20_episode_match_walk_forward_v1,onset,index,all_a,全A,region_or_episode,loose,all,multi_lobe,8,0,8,0.0,0,0,0,0,0,0,,,,
ma20_episode_ml_l2_logistic,top,all_a_ma20_episode_match_walk_forward_v1,onset,index,all_a,全A,region_or_episode,loose,all,single_lobe,6,2,4,0.3333333333333333,2,2,0,0,0,0,1.0,1.5,1.25,1.75
ma20_episode_ml_l2_logistic,top,all_a_ma20_episode_match_walk_forward_v1,onset,index,all_a,全A,region_or_episode,loose,confirmation,all,14,2,12,0.14285714285714285,2,2,0,0,0,0,1.0,1.5,1.25,1.75
ma20_episode_ml_l2_logistic,top,all_a_ma20_episode_match_walk_forward_v1,onset,index,all_a,全A,region_or_episode,loose,confirmation,multi_lobe,8,0,8,0.0,0,0,0,0,0,0,,,,
ma20_episode_ml_l2_logistic,top,all_a_ma20_episode_match_walk_forward_v1,onset,index,all_a,全A,region_or_episode,loose,confirmation,single_lobe,6,2,4,0.3333333333333333,2,2,0,0,0,0,1.0,1.5,1.25,1.75
ma20_episode_ml_l2_logistic,top,all_a_ma20_episode_match_walk_forward_v1,onset,index,all_a,全A,region_or_episode,loose,prediction,all,14,0,14,0.0,0,0,0,0,0,0,,,,
ma20_episode_ml_l2_logistic,top,all_a_ma20_episode_match_walk_forward_v1,onset,index,all_a,全A,region_or_episode,loose,prediction,multi_lobe,8,0,8,0.0,0,0,0,0,0,0,,,,
ma20_episode_ml_l2_logistic,top,all_a_ma20_episode_match_walk_forward_v1,onset,index,all_a,全A,region_or_episode,loose,prediction,single_lobe,6,0,6,0.0,0,0,0,0,0,0,,,,
ma20_episode_ml_l2_logistic,top,all_a_ma20_episode_match_walk_forward_v1,onset,index,all_a,全A,region_or_episode,strict,all,all,14,2,12,0.14285714285714285,2,2,0,0,0,0,1.0,1.5,1.25,1.75
ma20_episode_ml_l2_logistic,top,all_a_ma20_episode_match_walk_forward_v1,onset,index,all_a,全A,region_or_episode,strict,all,multi_lobe,8,0,8,0.0,0,0,0,0,0,0,,,,
ma20_episode_ml_l2_logistic,top,all_a_ma20_episode_match_walk_forward_v1,onset,index,all_a,全A,region_or_episode,strict,all,single_lobe,6,2,4,0.3333333333333333,2,2,0,0,0,0,1.0,1.5,1.25,1.75
ma20_episode_ml_l2_logistic,top,all_a_ma20_episode_match_walk_forward_v1,onset,index,all_a,全A,region_or_episode,strict,confirmation,all,14,2,12,0.14285714285714285,2,2,0,0,0,0,1.0,1.5,1.25,1.75
ma20_episode_ml_l2_logistic,top,all_a_ma20_episode_match_walk_forward_v1,onset,index,all_a,全A,region_or_episode,strict,confirmation,multi_lobe,8,0,8,0.0,0,0,0,0,0,0,,,,
ma20_episode_ml_l2_logistic,top,all_a_ma20_episode_match_walk_forward_v1,onset,index,all_a,全A,region_or_episode,strict,confirmation,single_lobe,6,2,4,0.3333333333333333,2,2,0,0,0,0,1.0,1.5,1.25,1.75
ma20_episode_ml_l2_logistic,top,all_a_ma20_episode_match_walk_forward_v1,onset,index,all_a,全A,region_or_episode,strict,prediction,all,14,0,14,0.0,0,0,0,0,0,0,,,,
ma20_episode_ml_l2_logistic,top,all_a_ma20_episode_match_walk_forward_v1,onset,index,all_a,全A,region_or_episode,strict,prediction,multi_lobe,8,0,8,0.0,0,0,0,0,0,0,,,,
ma20_episode_ml_l2_logistic,top,all_a_ma20_episode_match_walk_forward_v1,onset,index,all_a,全A,region_or_episode,strict,prediction,single_lobe,6,0,6,0.0,0,0,0,0,0,0,,,,
ma20_episode_ml_l2_logistic,top,all_a_ma20_episode_match_walk_forward_v1,onset,index,all_a,全A,region_or_episode,window,all,all,14,2,12,0.14285714285714285,2,2,0,0,0,0,1.0,1.5,1.25,1.75
ma20_episode_ml_l2_logistic,top,all_a_ma20_episode_match_walk_forward_v1,onset,index,all_a,全A,region_or_episode,window,all,multi_lobe,8,0,8,0.0,0,0,0,0,0,0,,,,
ma20_episode_ml_l2_logistic,top,all_a_ma20_episode_match_walk_forward_v1,onset,index,all_a,全A,region_or_episode,window,all,single_lobe,6,2,4,0.3333333333333333,2,2,0,0,0,0,1.0,1.5,1.25,1.75
ma20_episode_ml_l2_logistic,top,all_a_ma20_episode_match_walk_forward_v1,onset,index,all_a,全A,region_or_episode,window,confirmation,all,14,2,12,0.14285714285714285,2,2,0,0,0,0,1.0,1.5,1.25,1.75
ma20_episode_ml_l2_logistic,top,all_a_ma20_episode_match_walk_forward_v1,onset,index,all_a,全A,region_or_episode,window,confirmation,multi_lobe,8,0,8,0.0,0,0,0,0,0,0,,,,
ma20_episode_ml_l2_logistic,top,all_a_ma20_episode_match_walk_forward_v1,onset,index,all_a,全A,region_or_episode,window,confirmation,single_lobe,6,2,4,0.3333333333333333,2,2,0,0,0,0,1.0,1.5,1.25,1.75
ma20_episode_ml_l2_logistic,top,all_a_ma20_episode_match_walk_forward_v1,onset,index,all_a,全A,region_or_episode,window,prediction,all,14,0,14,0.0,0,0,0,0,0,0,,,,
ma20_episode_ml_l2_logistic,top,all_a_ma20_episode_match_walk_forward_v1,onset,index,all_a,全A,region_or_episode,window,prediction,multi_lobe,8,0,8,0.0,0,0,0,0,0,0,,,,
ma20_episode_ml_l2_logistic,top,all_a_ma20_episode_match_walk_forward_v1,onset,index,all_a,全A,region_or_episode,window,prediction,single_lobe,6,0,6,0.0,0,0,0,0,0,0,,,,
ma20_episode_ml_l2_logistic,top,all_a_ma20_episode_match_walk_forward_v1,onset,index,cni2000,国证2000,region_or_episode,loose,all,all,15,1,14,0.06666666666666667,2,1,1,0,0,0,0.5,1.0,1.0,1.0
ma20_episode_ml_l2_logistic,top,all_a_ma20_episode_match_walk_forward_v1,onset,index,cni2000,国证2000,region_or_episode,loose,all,multi_lobe,10,0,10,0.0,0,0,0,0,0,0,,,,
ma20_episode_ml_l2_logistic,top,all_a_ma20_episode_match_walk_forward_v1,onset,index,cni2000,国证2000,region_or_episode,loose,all,single_lobe,5,1,4,0.2,2,1,1,0,0,0,0.5,1.0,1.0,1.0
ma20_episode_ml_l2_logistic,top,all_a_ma20_episode_match_walk_forward_v1,onset,index,cni2000,国证2000,region_or_episode,loose,confirmation,all,15,1,14,0.06666666666666667,1,1,0,0,0,0,1.0,1.0,1.0,1.0
ma20_episode_ml_l2_logistic,top,all_a_ma20_episode_match_walk_forward_v1,onset,index,cni2000,国证2000,region_or_episode,loose,confirmation,multi_lobe,10,0,10,0.0,0,0,0,0,0,0,,,,
ma20_episode_ml_l2_logistic,top,all_a_ma20_episode_match_walk_forward_v1,onset,index,cni2000,国证2000,region_or_episode,loose,confirmation,single_lobe,5,1,4,0.2,1,1,0,0,0,0,1.0,1.0,1.0,1.0
ma20_episode_ml_l2_logistic,top,all_a_ma20_episode_match_walk_forward_v1,onset,index,cni2000,国证2000,region_or_episode,loose,prediction,all,15,0,15,0.0,1,0,1,0,0,0,0.0,,,
ma20_episode_ml_l2_logistic,top,all_a_ma20_episode_match_walk_forward_v1,onset,index,cni2000,国证2000,region_or_episode,loose,prediction,multi_lobe,10,0,10,0.0,0,0,0,0,0,0,,,,
ma20_episode_ml_l2_logistic,top,all_a_ma20_episode_match_walk_forward_v1,onset,index,cni2000,国证2000,region_or_episode,loose,prediction,single_lobe,5,0,5,0.0,1,0,1,0,0,0,0.0,,,
ma20_episode_ml_l2_logistic,top,all_a_ma20_episode_match_walk_forward_v1,onset,index,cni2000,国证2000,region_or_episode,strict,all,all,15,1,14,0.06666666666666667,2,1,1,0,0,0,0.5,1.0,1.0,1.0
ma20_episode_ml_l2_logistic,top,all_a_ma20_episode_match_walk_forward_v1,onset,index,cni2000,国证2000,region_or_episode,strict,all,multi_lobe,10,0,10,0.0,0,0,0,0,0,0,,,,
ma20_episode_ml_l2_logistic,top,all_a_ma20_episode_match_walk_forward_v1,onset,index,cni2000,国证2000,region_or_episode,strict,all,single_lobe,5,1,4,0.2,2,1,1,0,0,0,0.5,1.0,1.0,1.0
ma20_episode_ml_l2_logistic,top,all_a_ma20_episode_match_walk_forward_v1,onset,index,cni2000,国证2000,region_or_episode,strict,confirmation,all,15,1,14,0.06666666666666667,1,1,0,0,0,0,1.0,1.0,1.0,1.0
ma20_episode_ml_l2_logistic,top,all_a_ma20_episode_match_walk_forward_v1,onset,index,cni2000,国证2000,region_or_episode,strict,confirmation,multi_lobe,10,0,10,0.0,0,0,0,0,0,0,,,,
ma20_episode_ml_l2_logistic,top,all_a_ma20_episode_match_walk_forward_v1,onset,index,cni2000,国证2000,region_or_episode,strict,confirmation,single_lobe,5,1,4,0.2,1,1,0,0,0,0,1.0,1.0,1.0,1.0
ma20_episode_ml_l2_logistic,top,all_a_ma20_episode_match_walk_forward_v1,onset,index,cni2000,国证2000,region_or_episode,strict,prediction,all,15,0,15,0.0,1,0,1,0,0,0,0.0,,,
ma20_episode_ml_l2_logistic,top,all_a_ma20_episode_match_walk_forward_v1,onset,index,cni2000,国证2000,region_or_episode,strict,prediction,multi_lobe,10,0,10,0.0,0,0,0,0,0,0,,,,
ma20_episode_ml_l2_logistic,top,all_a_ma20_episode_match_walk_forward_v1,onset,index,cni2000,国证2000,region_or_episode,strict,prediction,single_lobe,5,0,5,0.0,1,0,1,0,0,0,0.0,,,
ma20_episode_ml_l2_logistic,top,all_a_ma20_episode_match_walk_forward_v1,onset,index,cni2000,国证2000,region_or_episode,window,all,all,15,2,13,0.13333333333333333,2,2,0,0,0,0,1.0,-9.5,-14.75,-4.25
ma20_episode_ml_l2_logistic,top,all_a_ma20_episode_match_walk_forward_v1,onset,index,cni2000,国证2000,region_or_episode,window,all,multi_lobe,10,0,10,0.0,0,0,0,0,0,0,,,,
ma20_episode_ml_l2_logistic,top,all_a_ma20_episode_match_walk_forward_v1,onset,index,cni2000,国证2000,region_or_episode,window,all,single_lobe,5,2,3,0.4,2,2,0,0,0,0,1.0,-9.5,-14.75,-4.25
ma20_episode_ml_l2_logistic,top,all_a_ma20_episode_match_walk_forward_v1,onset,index,cni2000,国证2000,region_or_episode,window,confirmation,all,15,1,14,0.06666666666666667,1,1,0,0,0,0,1.0,1.0,1.0,1.0
ma20_episode_ml_l2_logistic,top,all_a_ma20_episode_match_walk_forward_v1,onset,index,cni2000,国证2000,region_or_episode,window,confirmation,multi_lobe,10,0,10,0.0,0,0,0,0,0,0,,,,
ma20_episode_ml_l2_logistic,top,all_a_ma20_episode_match_walk_forward_v1,onset,index,cni2000,国证2000,region_or_episode,window,confirmation,single_lobe,5,1,4,0.2,1,1,0,0,0,0,1.0,1.0,1.0,1.0
ma20_episode_ml_l2_logistic,top,all_a_ma20_episode_match_walk_forward_v1,onset,index,cni2000,国证2000,region_or_episode,window,prediction,all,15,1,14,0.06666666666666667,1,1,0,0,0,0,1.0,-20.0,-20.0,-20.0
ma20_episode_ml_l2_logistic,top,all_a_ma20_episode_match_walk_forward_v1,onset,index,cni2000,国证2000,region_or_episode,window,prediction,multi_lobe,10,0,10,0.0,0,0,0,0,0,0,,,,
ma20_episode_ml_l2_logistic,top,all_a_ma20_episode_match_walk_forward_v1,onset,index,cni2000,国证2000,region_or_episode,window,prediction,single_lobe,5,1,4,0.2,1,1,0,0,0,0,1.0,-20.0,-20.0,-20.0
ma20_episode_ml_l2_logistic,top,all_a_ma20_episode_match_walk_forward_v1,onset,index,csi1000,中证1000,region_or_episode,loose,all,all,13,1,12,0.07692307692307693,2,1,1,0,0,0,0.5,-3.0,-3.0,-3.0
ma20_episode_ml_l2_logistic,top,all_a_ma20_episode_match_walk_forward_v1,onset,index,csi1000,中证1000,region_or_episode,loose,all,multi_lobe,8,0,8,0.0,0,0,0,0,0,0,,,,
ma20_episode_ml_l2_logistic,top,all_a_ma20_episode_match_walk_forward_v1,onset,index,csi1000,中证1000,region_or_episode,loose,all,single_lobe,5,1,4,0.2,2,1,1,0,0,0,0.5,-3.0,-3.0,-3.0
ma20_episode_ml_l2_logistic,top,all_a_ma20_episode_match_walk_forward_v1,onset,index,csi1000,中证1000,region_or_episode,loose,confirmation,all,13,0,13,0.0,1,0,1,0,0,0,0.0,,,
ma20_episode_ml_l2_logistic,top,all_a_ma20_episode_match_walk_forward_v1,onset,index,csi1000,中证1000,region_or_episode,loose,confirmation,multi_lobe,8,0,8,0.0,0,0,0,0,0,0,,,,
ma20_episode_ml_l2_logistic,top,all_a_ma20_episode_match_walk_forward_v1,onset,index,csi1000,中证1000,region_or_episode,loose,confirmation,single_lobe,5,0,5,0.0,1,0,1,0,0,0,0.0,,,
ma20_episode_ml_l2_logistic,top,all_a_ma20_episode_match_walk_forward_v1,onset,index,csi1000,中证1000,region_or_episode,loose,prediction,all,13,1,12,0.07692307692307693,1,1,0,0,0,0,1.0,-3.0,-3.0,-3.0
ma20_episode_ml_l2_logistic,top,all_a_ma20_episode_match_walk_forward_v1,onset,index,csi1000,中证1000,region_or_episode,loose,prediction,multi_lobe,8,0,8,0.0,0,0,0,0,0,0,,,,
ma20_episode_ml_l2_logistic,top,all_a_ma20_episode_match_walk_forward_v1,onset,index,csi1000,中证1000,region_or_episode,loose,prediction,single_lobe,5,1,4,0.2,1,1,0,0,0,0,1.0,-3.0,-3.0,-3.0
ma20_episode_ml_l2_logistic,top,all_a_ma20_episode_match_walk_forward_v1,onset,index,csi1000,中证1000,region_or_episode,strict,all,all,13,1,12,0.07692307692307693,2,1,1,0,0,0,0.5,-3.0,-3.0,-3.0
ma20_episode_ml_l2_logistic,top,all_a_ma20_episode_match_walk_forward_v1,onset,index,csi1000,中证1000,region_or_episode,strict,all,multi_lobe,8,0,8,0.0,0,0,0,0,0,0,,,,
ma20_episode_ml_l2_logistic,top,all_a_ma20_episode_match_walk_forward_v1,onset,index,csi1000,中证1000,region_or_episode,strict,all,single_lobe,5,1,4,0.2,2,1,1,0,0,0,0.5,-3.0,-3.0,-3.0
ma20_episode_ml_l2_logistic,top,all_a_ma20_episode_match_walk_forward_v1,onset,index,csi1000,中证1000,region_or_episode,strict,confirmation,all,13,0,13,0.0,1,0,1,0,0,0,0.0,,,
ma20_episode_ml_l2_logistic,top,all_a_ma20_episode_match_walk_forward_v1,onset,index,csi1000,中证1000,region_or_episode,strict,confirmation,multi_lobe,8,0,8,0.0,0,0,0,0,0,0,,,,
ma20_episode_ml_l2_logistic,top,all_a_ma20_episode_match_walk_forward_v1,onset,index,csi1000,中证1000,region_or_episode,strict,confirmation,single_lobe,5,0,5,0.0,1,0,1,0,0,0,0.0,,,
ma20_episode_ml_l2_logistic,top,all_a_ma20_episode_match_walk_forward_v1,onset,index,csi1000,中证1000,region_or_episode,strict,prediction,all,13,1,12,0.07692307692307693,1,1,0,0,0,0,1.0,-3.0,-3.0,-3.0
ma20_episode_ml_l2_logistic,top,all_a_ma20_episode_match_walk_forward_v1,onset,index,csi1000,中证1000,region_or_episode,strict,prediction,multi_lobe,8,0,8,0.0,0,0,0,0,0,0,,,,
ma20_episode_ml_l2_logistic,top,all_a_ma20_episode_match_walk_forward_v1,onset,index,csi1000,中证1000,region_or_episode,strict,prediction,single_lobe,5,1,4,0.2,1,1,0,0,0,0,1.0,-3.0,-3.0,-3.0
ma20_episode_ml_l2_logistic,top,all_a_ma20_episode_match_walk_forward_v1,onset,index,csi1000,中证1000,region_or_episode,window,all,all,13,2,11,0.15384615384615385,2,2,0,0,0,0,1.0,-0.5,-1.75,0.75
ma20_episode_ml_l2_logistic,top,all_a_ma20_episode_match_walk_forward_v1,onset,index,csi1000,中证1000,region_or_episode,window,all,multi_lobe,8,0,8,0.0,0,0,0,0,0,0,,,,
ma20_episode_ml_l2_logistic,top,all_a_ma20_episode_match_walk_forward_v1,onset,index,csi1000,中证1000,region_or_episode,window,all,single_lobe,5,2,3,0.4,2,2,0,0,0,0,1.0,-0.5,-1.75,0.75
ma20_episode_ml_l2_logistic,top,all_a_ma20_episode_match_walk_forward_v1,onset,index,csi1000,中证1000,region_or_episode,window,confirmation,all,13,1,12,0.07692307692307693,1,1,0,0,0,0,1.0,2.0,2.0,2.0
ma20_episode_ml_l2_logistic,top,all_a_ma20_episode_match_walk_forward_v1,onset,index,csi1000,中证1000,region_or_episode,window,confirmation,multi_lobe,8,0,8,0.0,0,0,0,0,0,0,,,,
ma20_episode_ml_l2_logistic,top,all_a_ma20_episode_match_walk_forward_v1,onset,index,csi1000,中证1000,region_or_episode,window,confirmation,single_lobe,5,1,4,0.2,1,1,0,0,0,0,1.0,2.0,2.0,2.0
ma20_episode_ml_l2_logistic,top,all_a_ma20_episode_match_walk_forward_v1,onset,index,csi1000,中证1000,region_or_episode,window,prediction,all,13,1,12,0.07692307692307693,1,1,0,0,0,0,1.0,-3.0,-3.0,-3.0
ma20_episode_ml_l2_logistic,top,all_a_ma20_episode_match_walk_forward_v1,onset,index,csi1000,中证1000,region_or_episode,window,prediction,multi_lobe,8,0,8,0.0,0,0,0,0,0,0,,,,
ma20_episode_ml_l2_logistic,top,all_a_ma20_episode_match_walk_forward_v1,onset,index,csi1000,中证1000,region_or_episode,window,prediction,single_lobe,5,1,4,0.2,1,1,0,0,0,0,1.0,-3.0,-3.0,-3.0
ma20_episode_ml_l2_logistic,top,all_a_ma20_episode_match_walk_forward_v1,onset,index,csi300,沪深300,region_or_episode,loose,all,all,15,1,14,0.06666666666666667,2,1,1,0,0,0,0.5,1.0,1.0,1.0
ma20_episode_ml_l2_logistic,top,all_a_ma20_episode_match_walk_forward_v1,onset,index,csi300,沪深300,region_or_episode,loose,all,multi_lobe,7,0,7,0.0,0,0,0,0,0,0,,,,
ma20_episode_ml_l2_logistic,top,all_a_ma20_episode_match_walk_forward_v1,onset,index,csi300,沪深300,region_or_episode,loose,all,single_lobe,8,1,7,0.125,2,1,1,0,0,0,0.5,1.0,1.0,1.0
ma20_episode_ml_l2_logistic,top,all_a_ma20_episode_match_walk_forward_v1,onset,index,csi300,沪深300,region_or_episode,loose,confirmation,all,15,1,14,0.06666666666666667,2,1,1,0,0,0,0.5,1.0,1.0,1.0
ma20_episode_ml_l2_logistic,top,all_a_ma20_episode_match_walk_forward_v1,onset,index,csi300,沪深300,region_or_episode,loose,confirmation,multi_lobe,7,0,7,0.0,0,0,0,0,0,0,,,,
ma20_episode_ml_l2_logistic,top,all_a_ma20_episode_match_walk_forward_v1,onset,index,csi300,沪深300,region_or_episode,loose,confirmation,single_lobe,8,1,7,0.125,2,1,1,0,0,0,0.5,1.0,1.0,1.0
ma20_episode_ml_l2_logistic,top,all_a_ma20_episode_match_walk_forward_v1,onset,index,csi300,沪深300,region_or_episode,loose,prediction,all,15,0,15,0.0,0,0,0,0,0,0,,,,
ma20_episode_ml_l2_logistic,top,all_a_ma20_episode_match_walk_forward_v1,onset,index,csi300,沪深300,region_or_episode,loose,prediction,multi_lobe,7,0,7,0.0,0,0,0,0,0,0,,,,
ma20_episode_ml_l2_logistic,top,all_a_ma20_episode_match_walk_forward_v1,onset,index,csi300,沪深300,region_or_episode,loose,prediction,single_lobe,8,0,8,0.0,0,0,0,0,0,0,,,,
ma20_episode_ml_l2_logistic,top,all_a_ma20_episode_match_walk_forward_v1,onset,index,csi300,沪深300,region_or_episode,strict,all,all,15,1,14,0.06666666666666667,2,1,1,0,0,0,0.5,1.0,1.0,1.0
ma20_episode_ml_l2_logistic,top,all_a_ma20_episode_match_walk_forward_v1,onset,index,csi300,沪深300,region_or_episode,strict,all,multi_lobe,7,0,7,0.0,0,0,0,0,0,0,,,,
ma20_episode_ml_l2_logistic,top,all_a_ma20_episode_match_walk_forward_v1,onset,index,csi300,沪深300,region_or_episode,strict,all,single_lobe,8,1,7,0.125,2,1,1,0,0,0,0.5,1.0,1.0,1.0
ma20_episode_ml_l2_logistic,top,all_a_ma20_episode_match_walk_forward_v1,onset,index,csi300,沪深300,region_or_episode,strict,confirmation,all,15,1,14,0.06666666666666667,2,1,1,0,0,0,0.5,1.0,1.0,1.0
ma20_episode_ml_l2_logistic,top,all_a_ma20_episode_match_walk_forward_v1,onset,index,csi300,沪深300,region_or_episode,strict,confirmation,multi_lobe,7,0,7,0.0,0,0,0,0,0,0,,,,
ma20_episode_ml_l2_logistic,top,all_a_ma20_episode_match_walk_forward_v1,onset,index,csi300,沪深300,region_or_episode,strict,confirmation,single_lobe,8,1,7,0.125,2,1,1,0,0,0,0.5,1.0,1.0,1.0
ma20_episode_ml_l2_logistic,top,all_a_ma20_episode_match_walk_forward_v1,onset,index,csi300,沪深300,region_or_episode,strict,prediction,all,15,0,15,0.0,0,0,0,0,0,0,,,,
ma20_episode_ml_l2_logistic,top,all_a_ma20_episode_match_walk_forward_v1,onset,index,csi300,沪深300,region_or_episode,strict,prediction,multi_lobe,7,0,7,0.0,0,0,0,0,0,0,,,,
ma20_episode_ml_l2_logistic,top,all_a_ma20_episode_match_walk_forward_v1,onset,index,csi300,沪深300,region_or_episode,strict,prediction,single_lobe,8,0,8,0.0,0,0,0,0,0,0,,,,
ma20_episode_ml_l2_logistic,top,all_a_ma20_episode_match_walk_forward_v1,onset,index,csi300,沪深300,region_or_episode,window,all,all,15,2,13,0.13333333333333333,2,2,0,0,0,0,1.0,2.5,1.75,3.25
ma20_episode_ml_l2_logistic,top,all_a_ma20_episode_match_walk_forward_v1,onset,index,csi300,沪深300,region_or_episode,window,all,multi_lobe,7,0,7,0.0,0,0,0,0,0,0,,,,
ma20_episode_ml_l2_logistic,top,all_a_ma20_episode_match_walk_forward_v1,onset,index,csi300,沪深300,region_or_episode,window,all,single_lobe,8,2,6,0.25,2,2,0,0,0,0,1.0,2.5,1.75,3.25
ma20_episode_ml_l2_logistic,top,all_a_ma20_episode_match_walk_forward_v1,onset,index,csi300,沪深300,region_or_episode,window,confirmation,all,15,2,13,0.13333333333333333,2,2,0,0,0,0,1.0,2.5,1.75,3.25
ma20_episode_ml_l2_logistic,top,all_a_ma20_episode_match_walk_forward_v1,onset,index,csi300,沪深300,region_or_episode,window,confirmation,multi_lobe,7,0,7,0.0,0,0,0,0,0,0,,,,
ma20_episode_ml_l2_logistic,top,all_a_ma20_episode_match_walk_forward_v1,onset,index,csi300,沪深300,region_or_episode,window,confirmation,single_lobe,8,2,6,0.25,2,2,0,0,0,0,1.0,2.5,1.75,3.25
ma20_episode_ml_l2_logistic,top,all_a_ma20_episode_match_walk_forward_v1,onset,index,csi300,沪深300,region_or_episode,window,prediction,all,15,0,15,0.0,0,0,0,0,0,0,,,,
ma20_episode_ml_l2_logistic,top,all_a_ma20_episode_match_walk_forward_v1,onset,index,csi300,沪深300,region_or_episode,window,prediction,multi_lobe,7,0,7,0.0,0,0,0,0,0,0,,,,
ma20_episode_ml_l2_logistic,top,all_a_ma20_episode_match_walk_forward_v1,onset,index,csi300,沪深300,region_or_episode,window,prediction,single_lobe,8,0,8,0.0,0,0,0,0,0,0,,,,
ma20_episode_ml_l2_logistic,top,all_a_ma20_episode_match_walk_forward_v1,onset,index,csi500,中证500,region_or_episode,loose,all,all,15,1,14,0.06666666666666667,2,1,1,0,0,0,0.5,-5.0,-5.0,-5.0
ma20_episode_ml_l2_logistic,top,all_a_ma20_episode_match_walk_forward_v1,onset,index,csi500,中证500,region_or_episode,loose,all,multi_lobe,5,0,5,0.0,0,0,0,0,0,0,,,,
ma20_episode_ml_l2_logistic,top,all_a_ma20_episode_match_walk_forward_v1,onset,index,csi500,中证500,region_or_episode,loose,all,single_lobe,10,1,9,0.1,2,1,1,0,0,0,0.5,-5.0,-5.0,-5.0
ma20_episode_ml_l2_logistic,top,all_a_ma20_episode_match_walk_forward_v1,onset,index,csi500,中证500,region_or_episode,loose,confirmation,all,15,0,15,0.0,1,0,1,0,0,0,0.0,,,
ma20_episode_ml_l2_logistic,top,all_a_ma20_episode_match_walk_forward_v1,onset,index,csi500,中证500,region_or_episode,loose,confirmation,multi_lobe,5,0,5,0.0,0,0,0,0,0,0,,,,
ma20_episode_ml_l2_logistic,top,all_a_ma20_episode_match_walk_forward_v1,onset,index,csi500,中证500,region_or_episode,loose,confirmation,single_lobe,10,0,10,0.0,1,0,1,0,0,0,0.0,,,
ma20_episode_ml_l2_logistic,top,all_a_ma20_episode_match_walk_forward_v1,onset,index,csi500,中证500,region_or_episode,loose,prediction,all,15,1,14,0.06666666666666667,1,1,0,0,0,0,1.0,-5.0,-5.0,-5.0
ma20_episode_ml_l2_logistic,top,all_a_ma20_episode_match_walk_forward_v1,onset,index,csi500,中证500,region_or_episode,loose,prediction,multi_lobe,5,0,5,0.0,0,0,0,0,0,0,,,,
ma20_episode_ml_l2_logistic,top,all_a_ma20_episode_match_walk_forward_v1,onset,index,csi500,中证500,region_or_episode,loose,prediction,single_lobe,10,1,9,0.1,1,1,0,0,0,0,1.0,-5.0,-5.0,-5.0
ma20_episode_ml_l2_logistic,top,all_a_ma20_episode_match_walk_forward_v1,onset,index,csi500,中证500,region_or_episode,strict,all,all,15,1,14,0.06666666666666667,2,1,1,0,0,0,0.5,-5.0,-5.0,-5.0
ma20_episode_ml_l2_logistic,top,all_a_ma20_episode_match_walk_forward_v1,onset,index,csi500,中证500,region_or_episode,strict,all,multi_lobe,5,0,5,0.0,0,0,0,0,0,0,,,,
ma20_episode_ml_l2_logistic,top,all_a_ma20_episode_match_walk_forward_v1,onset,index,csi500,中证500,region_or_episode,strict,all,single_lobe,10,1,9,0.1,2,1,1,0,0,0,0.5,-5.0,-5.0,-5.0
ma20_episode_ml_l2_logistic,top,all_a_ma20_episode_match_walk_forward_v1,onset,index,csi500,中证500,region_or_episode,strict,confirmation,all,15,0,15,0.0,1,0,1,0,0,0,0.0,,,
ma20_episode_ml_l2_logistic,top,all_a_ma20_episode_match_walk_forward_v1,onset,index,csi500,中证500,region_or_episode,strict,confirmation,multi_lobe,5,0,5,0.0,0,0,0,0,0,0,,,,
ma20_episode_ml_l2_logistic,top,all_a_ma20_episode_match_walk_forward_v1,onset,index,csi500,中证500,region_or_episode,strict,confirmation,single_lobe,10,0,10,0.0,1,0,1,0,0,0,0.0,,,
ma20_episode_ml_l2_logistic,top,all_a_ma20_episode_match_walk_forward_v1,onset,index,csi500,中证500,region_or_episode,strict,prediction,all,15,1,14,0.06666666666666667,1,1,0,0,0,0,1.0,-5.0,-5.0,-5.0
ma20_episode_ml_l2_logistic,top,all_a_ma20_episode_match_walk_forward_v1,onset,index,csi500,中证500,region_or_episode,strict,prediction,multi_lobe,5,0,5,0.0,0,0,0,0,0,0,,,,
ma20_episode_ml_l2_logistic,top,all_a_ma20_episode_match_walk_forward_v1,onset,index,csi500,中证500,region_or_episode,strict,prediction,single_lobe,10,1,9,0.1,1,1,0,0,0,0,1.0,-5.0,-5.0,-5.0
ma20_episode_ml_l2_logistic,top,all_a_ma20_episode_match_walk_forward_v1,onset,index,csi500,中证500,region_or_episode,window,all,all,15,2,13,0.13333333333333333,2,2,0,0,0,0,1.0,-1.5,-3.25,0.25
ma20_episode_ml_l2_logistic,top,all_a_ma20_episode_match_walk_forward_v1,onset,index,csi500,中证500,region_or_episode,window,all,multi_lobe,5,0,5,0.0,0,0,0,0,0,0,,,,
ma20_episode_ml_l2_logistic,top,all_a_ma20_episode_match_walk_forward_v1,onset,index,csi500,中证500,region_or_episode,window,all,single_lobe,10,2,8,0.2,2,2,0,0,0,0,1.0,-1.5,-3.25,0.25
ma20_episode_ml_l2_logistic,top,all_a_ma20_episode_match_walk_forward_v1,onset,index,csi500,中证500,region_or_episode,window,confirmation,all,15,1,14,0.06666666666666667,1,1,0,0,0,0,1.0,2.0,2.0,2.0
ma20_episode_ml_l2_logistic,top,all_a_ma20_episode_match_walk_forward_v1,onset,index,csi500,中证500,region_or_episode,window,confirmation,multi_lobe,5,0,5,0.0,0,0,0,0,0,0,,,,
ma20_episode_ml_l2_logistic,top,all_a_ma20_episode_match_walk_forward_v1,onset,index,csi500,中证500,region_or_episode,window,confirmation,single_lobe,10,1,9,0.1,1,1,0,0,0,0,1.0,2.0,2.0,2.0
ma20_episode_ml_l2_logistic,top,all_a_ma20_episode_match_walk_forward_v1,onset,index,csi500,中证500,region_or_episode,window,prediction,all,15,1,14,0.06666666666666667,1,1,0,0,0,0,1.0,-5.0,-5.0,-5.0
ma20_episode_ml_l2_logistic,top,all_a_ma20_episode_match_walk_forward_v1,onset,index,csi500,中证500,region_or_episode,window,prediction,multi_lobe,5,0,5,0.0,0,0,0,0,0,0,,,,
ma20_episode_ml_l2_logistic,top,all_a_ma20_episode_match_walk_forward_v1,onset,index,csi500,中证500,region_or_episode,window,prediction,single_lobe,10,1,9,0.1,1,1,0,0,0,0,1.0,-5.0,-5.0,-5.0
ma20_episode_ml_l2_logistic,top,all_a_ma20_episode_match_walk_forward_v1,onset,index,microcap,微盘股,region_or_episode,loose,all,all,15,1,14,0.06666666666666667,2,1,1,0,0,0,0.5,1.0,1.0,1.0
ma20_episode_ml_l2_logistic,top,all_a_ma20_episode_match_walk_forward_v1,onset,index,microcap,微盘股,region_or_episode,loose,all,multi_lobe,9,0,9,0.0,1,0,1,0,0,0,0.0,,,
ma20_episode_ml_l2_logistic,top,all_a_ma20_episode_match_walk_forward_v1,onset,index,microcap,微盘股,region_or_episode,loose,all,single_lobe,6,1,5,0.16666666666666666,1,1,0,0,0,0,1.0,1.0,1.0,1.0
ma20_episode_ml_l2_logistic,top,all_a_ma20_episode_match_walk_forward_v1,onset,index,microcap,微盘股,region_or_episode,loose,confirmation,all,15,1,14,0.06666666666666667,1,1,0,0,0,0,1.0,1.0,1.0,1.0
ma20_episode_ml_l2_logistic,top,all_a_ma20_episode_match_walk_forward_v1,onset,index,microcap,微盘股,region_or_episode,loose,confirmation,multi_lobe,9,0,9,0.0,0,0,0,0,0,0,,,,
ma20_episode_ml_l2_logistic,top,all_a_ma20_episode_match_walk_forward_v1,onset,index,microcap,微盘股,region_or_episode,loose,confirmation,single_lobe,6,1,5,0.16666666666666666,1,1,0,0,0,0,1.0,1.0,1.0,1.0
ma20_episode_ml_l2_logistic,top,all_a_ma20_episode_match_walk_forward_v1,onset,index,microcap,微盘股,region_or_episode,loose,prediction,all,15,0,15,0.0,1,0,1,0,0,0,0.0,,,
ma20_episode_ml_l2_logistic,top,all_a_ma20_episode_match_walk_forward_v1,onset,index,microcap,微盘股,region_or_episode,loose,prediction,multi_lobe,9,0,9,0.0,1,0,1,0,0,0,0.0,,,
ma20_episode_ml_l2_logistic,top,all_a_ma20_episode_match_walk_forward_v1,onset,index,microcap,微盘股,region_or_episode,loose,prediction,single_lobe,6,0,6,0.0,0,0,0,0,0,0,,,,
ma20_episode_ml_l2_logistic,top,all_a_ma20_episode_match_walk_forward_v1,onset,index,microcap,微盘股,region_or_episode,strict,all,all,15,1,14,0.06666666666666667,2,1,1,0,0,0,0.5,1.0,1.0,1.0
ma20_episode_ml_l2_logistic,top,all_a_ma20_episode_match_walk_forward_v1,onset,index,microcap,微盘股,region_or_episode,strict,all,multi_lobe,9,0,9,0.0,1,0,1,0,0,0,0.0,,,
ma20_episode_ml_l2_logistic,top,all_a_ma20_episode_match_walk_forward_v1,onset,index,microcap,微盘股,region_or_episode,strict,all,single_lobe,6,1,5,0.16666666666666666,1,1,0,0,0,0,1.0,1.0,1.0,1.0
ma20_episode_ml_l2_logistic,top,all_a_ma20_episode_match_walk_forward_v1,onset,index,microcap,微盘股,region_or_episode,strict,confirmation,all,15,1,14,0.06666666666666667,1,1,0,0,0,0,1.0,1.0,1.0,1.0
ma20_episode_ml_l2_logistic,top,all_a_ma20_episode_match_walk_forward_v1,onset,index,microcap,微盘股,region_or_episode,strict,confirmation,multi_lobe,9,0,9,0.0,0,0,0,0,0,0,,,,
ma20_episode_ml_l2_logistic,top,all_a_ma20_episode_match_walk_forward_v1,onset,index,microcap,微盘股,region_or_episode,strict,confirmation,single_lobe,6,1,5,0.16666666666666666,1,1,0,0,0,0,1.0,1.0,1.0,1.0
ma20_episode_ml_l2_logistic,top,all_a_ma20_episode_match_walk_forward_v1,onset,index,microcap,微盘股,region_or_episode,strict,prediction,all,15,0,15,0.0,1,0,1,0,0,0,0.0,,,
ma20_episode_ml_l2_logistic,top,all_a_ma20_episode_match_walk_forward_v1,onset,index,microcap,微盘股,region_or_episode,strict,prediction,multi_lobe,9,0,9,0.0,1,0,1,0,0,0,0.0,,,
ma20_episode_ml_l2_logistic,top,all_a_ma20_episode_match_walk_forward_v1,onset,index,microcap,微盘股,region_or_episode,strict,prediction,single_lobe,6,0,6,0.0,0,0,0,0,0,0,,,,
ma20_episode_ml_l2_logistic,top,all_a_ma20_episode_match_walk_forward_v1,onset,index,microcap,微盘股,region_or_episode,window,all,all,15,2,13,0.13333333333333333,2,2,0,0,0,0,1.0,-9.5,-14.75,-4.25
ma20_episode_ml_l2_logistic,top,all_a_ma20_episode_match_walk_forward_v1,onset,index,microcap,微盘股,region_or_episode,window,all,multi_lobe,9,1,8,0.1111111111111111,1,1,0,0,0,0,1.0,-20.0,-20.0,-20.0
ma20_episode_ml_l2_logistic,top,all_a_ma20_episode_match_walk_forward_v1,onset,index,microcap,微盘股,region_or_episode,window,all,single_lobe,6,1,5,0.16666666666666666,1,1,0,0,0,0,1.0,1.0,1.0,1.0
ma20_episode_ml_l2_logistic,top,all_a_ma20_episode_match_walk_forward_v1,onset,index,microcap,微盘股,region_or_episode,window,confirmation,all,15,1,14,0.06666666666666667,1,1,0,0,0,0,1.0,1.0,1.0,1.0
ma20_episode_ml_l2_logistic,top,all_a_ma20_episode_match_walk_forward_v1,onset,index,microcap,微盘股,region_or_episode,window,confirmation,multi_lobe,9,0,9,0.0,0,0,0,0,0,0,,,,
ma20_episode_ml_l2_logistic,top,all_a_ma20_episode_match_walk_forward_v1,onset,index,microcap,微盘股,region_or_episode,window,confirmation,single_lobe,6,1,5,0.16666666666666666,1,1,0,0,0,0,1.0,1.0,1.0,1.0
ma20_episode_ml_l2_logistic,top,all_a_ma20_episode_match_walk_forward_v1,onset,index,microcap,微盘股,region_or_episode,window,prediction,all,15,1,14,0.06666666666666667,1,1,0,0,0,0,1.0,-20.0,-20.0,-20.0
ma20_episode_ml_l2_logistic,top,all_a_ma20_episode_match_walk_forward_v1,onset,index,microcap,微盘股,region_or_episode,window,prediction,multi_lobe,9,1,8,0.1111111111111111,1,1,0,0,0,0,1.0,-20.0,-20.0,-20.0
ma20_episode_ml_l2_logistic,top,all_a_ma20_episode_match_walk_forward_v1,onset,index,microcap,微盘股,region_or_episode,window,prediction,single_lobe,6,0,6,0.0,0,0,0,0,0,0,,,,
ma20_episode_ml_l2_logistic,top,all_a_ma20_episode_match_walk_forward_v1,onset,index,sse_composite,上证指数,region_or_episode,loose,all,all,18,1,17,0.05555555555555555,2,1,1,0,0,0,0.5,1.0,1.0,1.0
ma20_episode_ml_l2_logistic,top,all_a_ma20_episode_match_walk_forward_v1,onset,index,sse_composite,上证指数,region_or_episode,loose,all,multi_lobe,11,0,11,0.0,0,0,0,0,0,0,,,,
ma20_episode_ml_l2_logistic,top,all_a_ma20_episode_match_walk_forward_v1,onset,index,sse_composite,上证指数,region_or_episode,loose,all,single_lobe,7,1,6,0.14285714285714285,2,1,1,0,0,0,0.5,1.0,1.0,1.0
ma20_episode_ml_l2_logistic,top,all_a_ma20_episode_match_walk_forward_v1,onset,index,sse_composite,上证指数,region_or_episode,loose,confirmation,all,18,1,17,0.05555555555555555,2,1,1,0,0,0,0.5,1.0,1.0,1.0
ma20_episode_ml_l2_logistic,top,all_a_ma20_episode_match_walk_forward_v1,onset,index,sse_composite,上证指数,region_or_episode,loose,confirmation,multi_lobe,11,0,11,0.0,0,0,0,0,0,0,,,,
ma20_episode_ml_l2_logistic,top,all_a_ma20_episode_match_walk_forward_v1,onset,index,sse_composite,上证指数,region_or_episode,loose,confirmation,single_lobe,7,1,6,0.14285714285714285,2,1,1,0,0,0,0.5,1.0,1.0,1.0
ma20_episode_ml_l2_logistic,top,all_a_ma20_episode_match_walk_forward_v1,onset,index,sse_composite,上证指数,region_or_episode,loose,prediction,all,18,0,18,0.0,0,0,0,0,0,0,,,,
ma20_episode_ml_l2_logistic,top,all_a_ma20_episode_match_walk_forward_v1,onset,index,sse_composite,上证指数,region_or_episode,loose,prediction,multi_lobe,11,0,11,0.0,0,0,0,0,0,0,,,,
ma20_episode_ml_l2_logistic,top,all_a_ma20_episode_match_walk_forward_v1,onset,index,sse_composite,上证指数,region_or_episode,loose,prediction,single_lobe,7,0,7,0.0,0,0,0,0,0,0,,,,
ma20_episode_ml_l2_logistic,top,all_a_ma20_episode_match_walk_forward_v1,onset,index,sse_composite,上证指数,region_or_episode,strict,all,all,18,1,17,0.05555555555555555,2,1,1,0,0,0,0.5,1.0,1.0,1.0
ma20_episode_ml_l2_logistic,top,all_a_ma20_episode_match_walk_forward_v1,onset,index,sse_composite,上证指数,region_or_episode,strict,all,multi_lobe,11,0,11,0.0,0,0,0,0,0,0,,,,
ma20_episode_ml_l2_logistic,top,all_a_ma20_episode_match_walk_forward_v1,onset,index,sse_composite,上证指数,region_or_episode,strict,all,single_lobe,7,1,6,0.14285714285714285,2,1,1,0,0,0,0.5,1.0,1.0,1.0
ma20_episode_ml_l2_logistic,top,all_a_ma20_episode_match_walk_forward_v1,onset,index,sse_composite,上证指数,region_or_episode,strict,confirmation,all,18,1,17,0.05555555555555555,2,1,1,0,0,0,0.5,1.0,1.0,1.0
ma20_episode_ml_l2_logistic,top,all_a_ma20_episode_match_walk_forward_v1,onset,index,sse_composite,上证指数,region_or_episode,strict,confirmation,multi_lobe,11,0,11,0.0,0,0,0,0,0,0,,,,
ma20_episode_ml_l2_logistic,top,all_a_ma20_episode_match_walk_forward_v1,onset,index,sse_composite,上证指数,region_or_episode,strict,confirmation,single_lobe,7,1,6,0.14285714285714285,2,1,1,0,0,0,0.5,1.0,1.0,1.0
ma20_episode_ml_l2_logistic,top,all_a_ma20_episode_match_walk_forward_v1,onset,index,sse_composite,上证指数,region_or_episode,strict,prediction,all,18,0,18,0.0,0,0,0,0,0,0,,,,
ma20_episode_ml_l2_logistic,top,all_a_ma20_episode_match_walk_forward_v1,onset,index,sse_composite,上证指数,region_or_episode,strict,prediction,multi_lobe,11,0,11,0.0,0,0,0,0,0,0,,,,
ma20_episode_ml_l2_logistic,top,all_a_ma20_episode_match_walk_forward_v1,onset,index,sse_composite,上证指数,region_or_episode,strict,prediction,single_lobe,7,0,7,0.0,0,0,0,0,0,0,,,,
ma20_episode_ml_l2_logistic,top,all_a_ma20_episode_match_walk_forward_v1,onset,index,sse_composite,上证指数,region_or_episode,window,all,all,18,2,16,0.1111111111111111,2,2,0,0,0,0,1.0,2.5,1.75,3.25
ma20_episode_ml_l2_logistic,top,all_a_ma20_episode_match_walk_forward_v1,onset,index,sse_composite,上证指数,region_or_episode,window,all,multi_lobe,11,0,11,0.0,0,0,0,0,0,0,,,,
ma20_episode_ml_l2_logistic,top,all_a_ma20_episode_match_walk_forward_v1,onset,index,sse_composite,上证指数,region_or_episode,window,all,single_lobe,7,2,5,0.2857142857142857,2,2,0,0,0,0,1.0,2.5,1.75,3.25
ma20_episode_ml_l2_logistic,top,all_a_ma20_episode_match_walk_forward_v1,onset,index,sse_composite,上证指数,region_or_episode,window,confirmation,all,18,2,16,0.1111111111111111,2,2,0,0,0,0,1.0,2.5,1.75,3.25
ma20_episode_ml_l2_logistic,top,all_a_ma20_episode_match_walk_forward_v1,onset,index,sse_composite,上证指数,region_or_episode,window,confirmation,multi_lobe,11,0,11,0.0,0,0,0,0,0,0,,,,
ma20_episode_ml_l2_logistic,top,all_a_ma20_episode_match_walk_forward_v1,onset,index,sse_composite,上证指数,region_or_episode,window,confirmation,single_lobe,7,2,5,0.2857142857142857,2,2,0,0,0,0,1.0,2.5,1.75,3.25
ma20_episode_ml_l2_logistic,top,all_a_ma20_episode_match_walk_forward_v1,onset,index,sse_composite,上证指数,region_or_episode,window,prediction,all,18,0,18,0.0,0,0,0,0,0,0,,,,
ma20_episode_ml_l2_logistic,top,all_a_ma20_episode_match_walk_forward_v1,onset,index,sse_composite,上证指数,region_or_episode,window,prediction,multi_lobe,11,0,11,0.0,0,0,0,0,0,0,,,,
ma20_episode_ml_l2_logistic,top,all_a_ma20_episode_match_walk_forward_v1,onset,index,sse_composite,上证指数,region_or_episode,window,prediction,single_lobe,7,0,7,0.0,0,0,0,0,0,0,,,,
