record_id,signal_id,direction,version,event_kind,index_id,index_name,match_status,primary_match,episode_id,event_date,region_id,anchor_date,region_start,region_end,region_form,lobe_count,matched_lobe_id,match_level,strict_matched,loose_matched,timing,lead_lag_days,absolute_distance_days,window_days,primary_episode_id_for_region,coverage_start_date,coverage_end_date,prediction_window_complete,confirmation_window_complete,label_version,diagnostic_region_id,diagnostic_timing,diagnostic_region_form,diagnostic_assignment
ma20_episode_ml_l2_logistic::bottom::all_a_ma20_episode_match_walk_forward_v1::onset::all_a::missed_region::all_a_medium_bottom_20190104,ma20_episode_ml_l2_logistic,bottom,all_a_ma20_episode_match_walk_forward_v1,onset,all_a,全A,missed_region,False,,,all_a_medium_bottom_20190104,2019-01-04,2018-12-25,2019-01-04,multi_lobe,2,,,False,False,,,,,,2019-01-02,2026-08-14,False,True,top_bottom_regions_v2,,,,
ma20_episode_ml_l2_logistic::bottom::all_a_ma20_episode_match_walk_forward_v1::onset::all_a::missed_region::all_a_medium_bottom_20190606,ma20_episode_ml_l2_logistic,bottom,all_a_ma20_episode_match_walk_forward_v1,onset,all_a,全A,missed_region,False,,,all_a_medium_bottom_20190606,2019-06-06,2019-05-24,2019-06-11,multi_lobe,2,,,False,False,,,,,,2019-01-02,2026-08-14,True,True,top_bottom_regions_v2,,,,
ma20_episode_ml_l2_logistic::bottom::all_a_ma20_episode_match_walk_forward_v1::onset::all_a::missed_region::all_a_medium_bottom_20190806,ma20_episode_ml_l2_logistic,bottom,all_a_ma20_episode_match_walk_forward_v1,onset,all_a,全A,missed_region,False,,,all_a_medium_bottom_20190806,2019-08-06,2019-08-06,2019-08-15,multi_lobe,3,,,False,False,,,,,,2019-01-02,2026-08-14,True,True,top_bottom_regions_v2,,,,
ma20_episode_ml_l2_logistic::bottom::all_a_ma20_episode_match_walk_forward_v1::onset::all_a::matched::ma20_episode_ml_l2_logistic::bottom::all_a_ma20_episode_match_walk_forward_v1::000001,ma20_episode_ml_l2_logistic,bottom,all_a_ma20_episode_match_walk_forward_v1,onset,all_a,全A,matched,True,ma20_episode_ml_l2_logistic::bottom::all_a_ma20_episode_match_walk_forward_v1::000001,2020-02-10,all_a_medium_bottom_20200204,2020-02-04,2020-02-03,2020-02-04,single_lobe,1,,confirmation_window,False,False,confirmation,4,4,5,ma20_episode_ml_l2_logistic::bottom::all_a_ma20_episode_match_walk_forward_v1::000001,2019-01-02,2026-08-14,True,True,top_bottom_regions_v2,all_a_medium_bottom_20200204,confirmation,single_lobe,primary_match
ma20_episode_ml_l2_logistic::bottom::all_a_ma20_episode_match_walk_forward_v1::onset::all_a::matched::ma20_episode_ml_l2_logistic::bottom::all_a_ma20_episode_match_walk_forward_v1::000002,ma20_episode_ml_l2_logistic,bottom,all_a_ma20_episode_match_walk_forward_v1,onset,all_a,全A,matched,True,ma20_episode_ml_l2_logistic::bottom::all_a_ma20_episode_match_walk_forward_v1::000002,2020-03-25,all_a_medium_bottom_20200324,2020-03-24,2020-03-17,2020-04-02,multi_lobe,5,,envelope,False,True,confirmation,1,1,5,ma20_episode_ml_l2_logistic::bottom::all_a_ma20_episode_match_walk_forward_v1::000002,2019-01-02,2026-08-14,True,True,top_bottom_regions_v2,all_a_medium_bottom_20200324,confirmation,multi_lobe,primary_match
ma20_episode_ml_l2_logistic::bottom::all_a_ma20_episode_match_walk_forward_v1::onset::all_a::false_alarm::ma20_episode_ml_l2_logistic::bottom::all_a_ma20_episode_match_walk_forward_v1::000003,ma20_episode_ml_l2_logistic,bottom,all_a_ma20_episode_match_walk_forward_v1,onset,all_a,全A,false_alarm,False,ma20_episode_ml_l2_logistic::bottom::all_a_ma20_episode_match_walk_forward_v1::000003,2020-09-17,,,,,,,,,False,False,,,,,,2019-01-02,2026-08-14,,,,all_a_medium_bottom_20210309,prediction,multi_lobe,nearest_region_for_slice_only
ma20_episode_ml_l2_logistic::bottom::all_a_ma20_episode_match_walk_forward_v1::onset::all_a::missed_region::all_a_medium_bottom_20210309,ma20_episode_ml_l2_logistic,bottom,all_a_ma20_episode_match_walk_forward_v1,onset,all_a,全A,missed_region,False,,,all_a_medium_bottom_20210309,2021-03-09,2021-03-09,2021-03-26,multi_lobe,3,,,False,False,,,,,,2019-01-02,2026-08-14,True,True,top_bottom_regions_v2,,,,
ma20_episode_ml_l2_logistic::bottom::all_a_ma20_episode_match_walk_forward_v1::onset::all_a::false_alarm::ma20_episode_ml_l2_logistic::bottom::all_a_ma20_episode_match_walk_forward_v1::000004,ma20_episode_ml_l2_logistic,bottom,all_a_ma20_episode_match_walk_forward_v1,onset,all_a,全A,false_alarm,False,ma20_episode_ml_l2_logistic::bottom::all_a_ma20_episode_match_walk_forward_v1::000004,2021-10-13,,,,,,,,,False,False,,,,,,2019-01-02,2026-08-14,,,,all_a_medium_bottom_20220427,prediction,single_lobe,nearest_region_for_slice_only
ma20_episode_ml_l2_logistic::bottom::all_a_ma20_episode_match_walk_forward_v1::onset::all_a::false_alarm::ma20_episode_ml_l2_logistic::bottom::all_a_ma20_episode_match_walk_forward_v1::000005,ma20_episode_ml_l2_logistic,bottom,all_a_ma20_episode_match_walk_forward_v1,onset,all_a,全A,false_alarm,False,ma20_episode_ml_l2_logistic::bottom::all_a_ma20_episode_match_walk_forward_v1::000005,2022-02-08,,,,,,,,,False,False,,,,,,2019-01-02,2026-08-14,,,,all_a_medium_bottom_20220427,prediction,single_lobe,nearest_region_for_slice_only
ma20_episode_ml_l2_logistic::bottom::all_a_ma20_episode_match_walk_forward_v1::onset::all_a::false_alarm::ma20_episode_ml_l2_logistic::bottom::all_a_ma20_episode_match_walk_forward_v1::000006,ma20_episode_ml_l2_logistic,bottom,all_a_ma20_episode_match_walk_forward_v1,onset,all_a,全A,false_alarm,False,ma20_episode_ml_l2_logistic::bottom::all_a_ma20_episode_match_walk_forward_v1::000006,2022-03-24,,,,,,,,,False,False,,,,,,2019-01-02,2026-08-14,,,,all_a_medium_bottom_20220427,prediction,single_lobe,nearest_region_for_slice_only
ma20_episode_ml_l2_logistic::bottom::all_a_ma20_episode_match_walk_forward_v1::onset::all_a::missed_region::all_a_medium_bottom_20220427,ma20_episode_ml_l2_logistic,bottom,all_a_ma20_episode_match_walk_forward_v1,onset,all_a,全A,missed_region,False,,,all_a_medium_bottom_20220427,2022-04-27,2022-04-26,2022-04-27,single_lobe,1,,,False,False,,,,,,2019-01-02,2026-08-14,True,True,top_bottom_regions_v2,,,,
ma20_episode_ml_l2_logistic::bottom::all_a_ma20_episode_match_walk_forward_v1::onset::all_a::missed_region::all_a_medium_bottom_20221031,ma20_episode_ml_l2_logistic,bottom,all_a_ma20_episode_match_walk_forward_v1,onset,all_a,全A,missed_region,False,,,all_a_medium_bottom_20221031,2022-10-31,2022-10-10,2022-11-01,multi_lobe,3,,,False,False,,,,,,2019-01-02,2026-08-14,True,True,top_bottom_regions_v2,,,,
ma20_episode_ml_l2_logistic::bottom::all_a_ma20_episode_match_walk_forward_v1::onset::all_a::false_alarm::ma20_episode_ml_l2_logistic::bottom::all_a_ma20_episode_match_walk_forward_v1::000007,ma20_episode_ml_l2_logistic,bottom,all_a_ma20_episode_match_walk_forward_v1,onset,all_a,全A,false_alarm,False,ma20_episode_ml_l2_logistic::bottom::all_a_ma20_episode_match_walk_forward_v1::000007,2022-12-30,,,,,,,,,False,False,,,,,,2019-01-02,2026-08-14,,,,all_a_medium_bottom_20221031,confirmation,multi_lobe,nearest_region_for_slice_only
ma20_episode_ml_l2_logistic::bottom::all_a_ma20_episode_match_walk_forward_v1::onset::all_a::false_alarm::ma20_episode_ml_l2_logistic::bottom::all_a_ma20_episode_match_walk_forward_v1::000008,ma20_episode_ml_l2_logistic,bottom,all_a_ma20_episode_match_walk_forward_v1,onset,all_a,全A,false_alarm,False,ma20_episode_ml_l2_logistic::bottom::all_a_ma20_episode_match_walk_forward_v1::000008,2023-10-25,,,,,,,,,False,False,,,,,,2019-01-02,2026-08-14,,,,all_a_medium_bottom_20240205,prediction,single_lobe,nearest_region_for_slice_only
ma20_episode_ml_l2_logistic::bottom::all_a_ma20_episode_match_walk_forward_v1::onset::all_a::duplicate_alarm::ma20_episode_ml_l2_logistic::bottom::all_a_ma20_episode_match_walk_forward_v1::000009,ma20_episode_ml_l2_logistic,bottom,all_a_ma20_episode_match_walk_forward_v1,onset,all_a,全A,duplicate_alarm,False,ma20_episode_ml_l2_logistic::bottom::all_a_ma20_episode_match_walk_forward_v1::000009,2024-01-25,all_a_medium_bottom_20240205,2024-02-05,2024-02-05,2024-02-06,single_lobe,1,,prediction_window,False,False,prediction,-7,7,10,ma20_episode_ml_l2_logistic::bottom::all_a_ma20_episode_match_walk_forward_v1::000010,2019-01-02,2026-08-14,True,True,top_bottom_regions_v2,all_a_medium_bottom_20240205,prediction,single_lobe,duplicate_candidate
ma20_episode_ml_l2_logistic::bottom::all_a_ma20_episode_match_walk_forward_v1::onset::all_a::matched::ma20_episode_ml_l2_logistic::bottom::all_a_ma20_episode_match_walk_forward_v1::000010,ma20_episode_ml_l2_logistic,bottom,all_a_ma20_episode_match_walk_forward_v1,onset,all_a,全A,matched,True,ma20_episode_ml_l2_logistic::bottom::all_a_ma20_episode_match_walk_forward_v1::000010,2024-02-07,all_a_medium_bottom_20240205,2024-02-05,2024-02-05,2024-02-06,single_lobe,1,,confirmation_window,False,False,confirmation,2,2,5,ma20_episode_ml_l2_logistic::bottom::all_a_ma20_episode_match_walk_forward_v1::000010,2019-01-02,2026-08-14,True,True,top_bottom_regions_v2,all_a_medium_bottom_20240205,confirmation,single_lobe,primary_match
ma20_episode_ml_l2_logistic::bottom::all_a_ma20_episode_match_walk_forward_v1::onset::all_a::false_alarm::ma20_episode_ml_l2_logistic::bottom::all_a_ma20_episode_match_walk_forward_v1::000011,ma20_episode_ml_l2_logistic,bottom,all_a_ma20_episode_match_walk_forward_v1,onset,all_a,全A,false_alarm,False,ma20_episode_ml_l2_logistic::bottom::all_a_ma20_episode_match_walk_forward_v1::000011,2024-04-23,,,,,,,,,False,False,,,,,,2019-01-02,2026-08-14,,,,all_a_medium_bottom_20240205,confirmation,single_lobe,nearest_region_for_slice_only
ma20_episode_ml_l2_logistic::bottom::all_a_ma20_episode_match_walk_forward_v1::onset::all_a::false_alarm::ma20_episode_ml_l2_logistic::bottom::all_a_ma20_episode_match_walk_forward_v1::000012,ma20_episode_ml_l2_logistic,bottom,all_a_ma20_episode_match_walk_forward_v1,onset,all_a,全A,false_alarm,False,ma20_episode_ml_l2_logistic::bottom::all_a_ma20_episode_match_walk_forward_v1::000012,2024-06-14,,,,,,,,,False,False,,,,,,2019-01-02,2026-08-14,,,,all_a_medium_bottom_20240918,prediction,single_lobe,nearest_region_for_slice_only
ma20_episode_ml_l2_logistic::bottom::all_a_ma20_episode_match_walk_forward_v1::onset::all_a::false_alarm::ma20_episode_ml_l2_logistic::bottom::all_a_ma20_episode_match_walk_forward_v1::000013,ma20_episode_ml_l2_logistic,bottom,all_a_ma20_episode_match_walk_forward_v1,onset,all_a,全A,false_alarm,False,ma20_episode_ml_l2_logistic::bottom::all_a_ma20_episode_match_walk_forward_v1::000013,2024-07-01,,,,,,,,,False,False,,,,,,2019-01-02,2026-08-14,,,,all_a_medium_bottom_20240918,prediction,single_lobe,nearest_region_for_slice_only
ma20_episode_ml_l2_logistic::bottom::all_a_ma20_episode_match_walk_forward_v1::onset::all_a::false_alarm::ma20_episode_ml_l2_logistic::bottom::all_a_ma20_episode_match_walk_forward_v1::000014,ma20_episode_ml_l2_logistic,bottom,all_a_ma20_episode_match_walk_forward_v1,onset,all_a,全A,false_alarm,False,ma20_episode_ml_l2_logistic::bottom::all_a_ma20_episode_match_walk_forward_v1::000014,2024-07-03,,,,,,,,,False,False,,,,,,2019-01-02,2026-08-14,,,,all_a_medium_bottom_20240918,prediction,single_lobe,nearest_region_for_slice_only
ma20_episode_ml_l2_logistic::bottom::all_a_ma20_episode_match_walk_forward_v1::onset::all_a::false_alarm::ma20_episode_ml_l2_logistic::bottom::all_a_ma20_episode_match_walk_forward_v1::000015,ma20_episode_ml_l2_logistic,bottom,all_a_ma20_episode_match_walk_forward_v1,onset,all_a,全A,false_alarm,False,ma20_episode_ml_l2_logistic::bottom::all_a_ma20_episode_match_walk_forward_v1::000015,2024-07-15,,,,,,,,,False,False,,,,,,2019-01-02,2026-08-14,,,,all_a_medium_bottom_20240918,prediction,single_lobe,nearest_region_for_slice_only
ma20_episode_ml_l2_logistic::bottom::all_a_ma20_episode_match_walk_forward_v1::onset::all_a::matched::ma20_episode_ml_l2_logistic::bottom::all_a_ma20_episode_match_walk_forward_v1::000016,ma20_episode_ml_l2_logistic,bottom,all_a_ma20_episode_match_walk_forward_v1,onset,all_a,全A,matched,True,ma20_episode_ml_l2_logistic::bottom::all_a_ma20_episode_match_walk_forward_v1::000016,2024-08-29,all_a_medium_bottom_20240918,2024-09-18,2024-09-09,2024-09-23,single_lobe,1,,prediction_window,False,False,prediction,-12,12,20,ma20_episode_ml_l2_logistic::bottom::all_a_ma20_episode_match_walk_forward_v1::000016,2019-01-02,2026-08-14,True,True,top_bottom_regions_v2,all_a_medium_bottom_20240918,prediction,single_lobe,primary_match
ma20_episode_ml_l2_logistic::bottom::all_a_ma20_episode_match_walk_forward_v1::onset::all_a::missed_region::all_a_medium_bottom_20241016,ma20_episode_ml_l2_logistic,bottom,all_a_ma20_episode_match_walk_forward_v1,onset,all_a,全A,missed_region,False,,,all_a_medium_bottom_20241016,2024-10-16,2024-10-14,2024-10-18,single_lobe,1,,,False,False,,,,,,2019-01-02,2026-08-14,True,True,top_bottom_regions_v2,,,,
ma20_episode_ml_l2_logistic::bottom::all_a_ma20_episode_match_walk_forward_v1::onset::all_a::missed_region::all_a_medium_bottom_20250113,ma20_episode_ml_l2_logistic,bottom,all_a_ma20_episode_match_walk_forward_v1,onset,all_a,全A,missed_region,False,,,all_a_medium_bottom_20250113,2025-01-13,2025-01-03,2025-01-14,multi_lobe,2,,,False,False,,,,,,2019-01-02,2026-08-14,True,True,top_bottom_regions_v2,,,,
ma20_episode_ml_l2_logistic::bottom::all_a_ma20_episode_match_walk_forward_v1::onset::all_a::matched::ma20_episode_ml_l2_logistic::bottom::all_a_ma20_episode_match_walk_forward_v1::000017,ma20_episode_ml_l2_logistic,bottom,all_a_ma20_episode_match_walk_forward_v1,onset,all_a,全A,matched,True,ma20_episode_ml_l2_logistic::bottom::all_a_ma20_episode_match_walk_forward_v1::000017,2025-04-14,all_a_medium_bottom_20250409,2025-04-09,2025-04-07,2025-04-09,multi_lobe,2,,confirmation_window,False,False,confirmation,3,3,5,ma20_episode_ml_l2_logistic::bottom::all_a_ma20_episode_match_walk_forward_v1::000017,2019-01-02,2026-08-14,True,True,top_bottom_regions_v2,all_a_medium_bottom_20250409,confirmation,multi_lobe,primary_match
ma20_episode_ml_l2_logistic::bottom::all_a_ma20_episode_match_walk_forward_v1::onset::all_a::matched::ma20_episode_ml_l2_logistic::bottom::all_a_ma20_episode_match_walk_forward_v1::000018,ma20_episode_ml_l2_logistic,bottom,all_a_ma20_episode_match_walk_forward_v1,onset,all_a,全A,matched,True,ma20_episode_ml_l2_logistic::bottom::all_a_ma20_episode_match_walk_forward_v1::000018,2026-03-27,all_a_medium_bottom_20260323,2026-03-23,2026-03-23,2026-04-07,multi_lobe,3,all_a_medium_bottom_20260323_lobe_02,core_lobe,True,True,confirmation,4,4,5,ma20_episode_ml_l2_logistic::bottom::all_a_ma20_episode_match_walk_forward_v1::000018,2019-01-02,2026-08-14,True,True,top_bottom_regions_v2,all_a_medium_bottom_20260323,confirmation,multi_lobe,primary_match
ma20_episode_ml_l2_logistic::bottom::all_a_ma20_episode_match_walk_forward_v1::onset::all_a::false_alarm::ma20_episode_ml_l2_logistic::bottom::all_a_ma20_episode_match_walk_forward_v1::000019,ma20_episode_ml_l2_logistic,bottom,all_a_ma20_episode_match_walk_forward_v1,onset,all_a,全A,false_alarm,False,ma20_episode_ml_l2_logistic::bottom::all_a_ma20_episode_match_walk_forward_v1::000019,2026-06-15,,,,,,,,,False,False,,,,,,2019-01-02,2026-08-14,,,,all_a_medium_bottom_20260721,prediction,multi_lobe,nearest_region_for_slice_only
ma20_episode_ml_l2_logistic::bottom::all_a_ma20_episode_match_walk_forward_v1::onset::all_a::matched::ma20_episode_ml_l2_logistic::bottom::all_a_ma20_episode_match_walk_forward_v1::000020,ma20_episode_ml_l2_logistic,bottom,all_a_ma20_episode_match_walk_forward_v1,onset,all_a,全A,matched,True,ma20_episode_ml_l2_logistic::bottom::all_a_ma20_episode_match_walk_forward_v1::000020,2026-07-20,all_a_medium_bottom_20260721,2026-07-21,2026-07-20,2026-07-30,multi_lobe,2,all_a_medium_bottom_20260721_lobe_01,core_lobe,True,True,prediction,-1,1,5,ma20_episode_ml_l2_logistic::bottom::all_a_ma20_episode_match_walk_forward_v1::000020,2019-01-02,2026-08-14,True,False,top_bottom_regions_v2,all_a_medium_bottom_20260721,prediction,multi_lobe,primary_match
ma20_episode_ml_l2_logistic::bottom::all_a_ma20_episode_match_walk_forward_v1::onset::cni2000::missed_region::cni2000_medium_bottom_20190131,ma20_episode_ml_l2_logistic,bottom,all_a_ma20_episode_match_walk_forward_v1,onset,cni2000,国证2000,missed_region,False,,,cni2000_medium_bottom_20190131,2019-01-31,2019-01-31,2019-02-01,single_lobe,1,,,False,False,,,,,,2019-01-02,2026-08-14,True,True,top_bottom_regions_v2,,,,
ma20_episode_ml_l2_logistic::bottom::all_a_ma20_episode_match_walk_forward_v1::onset::cni2000::missed_region::cni2000_medium_bottom_20190806,ma20_episode_ml_l2_logistic,bottom,all_a_ma20_episode_match_walk_forward_v1,onset,cni2000,国证2000,missed_region,False,,,cni2000_medium_bottom_20190806,2019-08-06,2019-08-06,2019-08-15,multi_lobe,3,,,False,False,,,,,,2019-01-02,2026-08-14,True,True,top_bottom_regions_v2,,,,
ma20_episode_ml_l2_logistic::bottom::all_a_ma20_episode_match_walk_forward_v1::onset::cni2000::matched::ma20_episode_ml_l2_logistic::bottom::all_a_ma20_episode_match_walk_forward_v1::000001,ma20_episode_ml_l2_logistic,bottom,all_a_ma20_episode_match_walk_forward_v1,onset,cni2000,国证2000,matched,True,ma20_episode_ml_l2_logistic::bottom::all_a_ma20_episode_match_walk_forward_v1::000001,2020-02-10,cni2000_medium_bottom_20200204,2020-02-04,2020-02-04,2020-02-04,single_lobe,1,,confirmation_window,False,False,confirmation,4,4,5,ma20_episode_ml_l2_logistic::bottom::all_a_ma20_episode_match_walk_forward_v1::000001,2019-01-02,2026-08-14,True,True,top_bottom_regions_v2,cni2000_medium_bottom_20200204,confirmation,single_lobe,primary_match
ma20_episode_ml_l2_logistic::bottom::all_a_ma20_episode_match_walk_forward_v1::onset::cni2000::false_alarm::ma20_episode_ml_l2_logistic::bottom::all_a_ma20_episode_match_walk_forward_v1::000002,ma20_episode_ml_l2_logistic,bottom,all_a_ma20_episode_match_walk_forward_v1,onset,cni2000,国证2000,false_alarm,False,ma20_episode_ml_l2_logistic::bottom::all_a_ma20_episode_match_walk_forward_v1::000002,2020-03-25,,,,,,,,,False,False,,,,,,2019-01-02,2026-08-14,,,,cni2000_medium_bottom_20200428,prediction,single_lobe,nearest_region_for_slice_only
ma20_episode_ml_l2_logistic::bottom::all_a_ma20_episode_match_walk_forward_v1::onset::cni2000::missed_region::cni2000_medium_bottom_20200428,ma20_episode_ml_l2_logistic,bottom,all_a_ma20_episode_match_walk_forward_v1,onset,cni2000,国证2000,missed_region,False,,,cni2000_medium_bottom_20200428,2020-04-28,2020-04-28,2020-04-28,single_lobe,1,,,False,False,,,,,,2019-01-02,2026-08-14,True,True,top_bottom_regions_v2,,,,
ma20_episode_ml_l2_logistic::bottom::all_a_ma20_episode_match_walk_forward_v1::onset::cni2000::false_alarm::ma20_episode_ml_l2_logistic::bottom::all_a_ma20_episode_match_walk_forward_v1::000003,ma20_episode_ml_l2_logistic,bottom,all_a_ma20_episode_match_walk_forward_v1,onset,cni2000,国证2000,false_alarm,False,ma20_episode_ml_l2_logistic::bottom::all_a_ma20_episode_match_walk_forward_v1::000003,2020-09-17,,,,,,,,,False,False,,,,,,2019-01-02,2026-08-14,,,,cni2000_medium_bottom_20200428,confirmation,single_lobe,nearest_region_for_slice_only
ma20_episode_ml_l2_logistic::bottom::all_a_ma20_episode_match_walk_forward_v1::onset::cni2000::missed_region::cni2000_medium_bottom_20210208,ma20_episode_ml_l2_logistic,bottom,all_a_ma20_episode_match_walk_forward_v1,onset,cni2000,国证2000,missed_region,False,,,cni2000_medium_bottom_20210208,2021-02-08,2021-02-04,2021-02-09,single_lobe,1,,,False,False,,,,,,2019-01-02,2026-08-14,True,True,top_bottom_regions_v2,,,,
ma20_episode_ml_l2_logistic::bottom::all_a_ma20_episode_match_walk_forward_v1::onset::cni2000::false_alarm::ma20_episode_ml_l2_logistic::bottom::all_a_ma20_episode_match_walk_forward_v1::000004,ma20_episode_ml_l2_logistic,bottom,all_a_ma20_episode_match_walk_forward_v1,onset,cni2000,国证2000,false_alarm,False,ma20_episode_ml_l2_logistic::bottom::all_a_ma20_episode_match_walk_forward_v1::000004,2021-10-13,,,,,,,,,False,False,,,,,,2019-01-02,2026-08-14,,,,cni2000_medium_bottom_20220427,prediction,single_lobe,nearest_region_for_slice_only
ma20_episode_ml_l2_logistic::bottom::all_a_ma20_episode_match_walk_forward_v1::onset::cni2000::false_alarm::ma20_episode_ml_l2_logistic::bottom::all_a_ma20_episode_match_walk_forward_v1::000005,ma20_episode_ml_l2_logistic,bottom,all_a_ma20_episode_match_walk_forward_v1,onset,cni2000,国证2000,false_alarm,False,ma20_episode_ml_l2_logistic::bottom::all_a_ma20_episode_match_walk_forward_v1::000005,2022-02-08,,,,,,,,,False,False,,,,,,2019-01-02,2026-08-14,,,,cni2000_medium_bottom_20220427,prediction,single_lobe,nearest_region_for_slice_only
ma20_episode_ml_l2_logistic::bottom::all_a_ma20_episode_match_walk_forward_v1::onset::cni2000::false_alarm::ma20_episode_ml_l2_logistic::bottom::all_a_ma20_episode_match_walk_forward_v1::000006,ma20_episode_ml_l2_logistic,bottom,all_a_ma20_episode_match_walk_forward_v1,onset,cni2000,国证2000,false_alarm,False,ma20_episode_ml_l2_logistic::bottom::all_a_ma20_episode_match_walk_forward_v1::000006,2022-03-24,,,,,,,,,False,False,,,,,,2019-01-02,2026-08-14,,,,cni2000_medium_bottom_20220427,prediction,single_lobe,nearest_region_for_slice_only
ma20_episode_ml_l2_logistic::bottom::all_a_ma20_episode_match_walk_forward_v1::onset::cni2000::missed_region::cni2000_medium_bottom_20220427,ma20_episode_ml_l2_logistic,bottom,all_a_ma20_episode_match_walk_forward_v1,onset,cni2000,国证2000,missed_region,False,,,cni2000_medium_bottom_20220427,2022-04-27,2022-04-27,2022-04-27,single_lobe,1,,,False,False,,,,,,2019-01-02,2026-08-14,True,True,top_bottom_regions_v2,,,,
ma20_episode_ml_l2_logistic::bottom::all_a_ma20_episode_match_walk_forward_v1::onset::cni2000::missed_region::cni2000_medium_bottom_20221011,ma20_episode_ml_l2_logistic,bottom,all_a_ma20_episode_match_walk_forward_v1,onset,cni2000,国证2000,missed_region,False,,,cni2000_medium_bottom_20221011,2022-10-11,2022-10-10,2022-10-12,single_lobe,1,,,False,False,,,,,,2019-01-02,2026-08-14,True,True,top_bottom_regions_v2,,,,
ma20_episode_ml_l2_logistic::bottom::all_a_ma20_episode_match_walk_forward_v1::onset::cni2000::false_alarm::ma20_episode_ml_l2_logistic::bottom::all_a_ma20_episode_match_walk_forward_v1::000007,ma20_episode_ml_l2_logistic,bottom,all_a_ma20_episode_match_walk_forward_v1,onset,cni2000,国证2000,false_alarm,False,ma20_episode_ml_l2_logistic::bottom::all_a_ma20_episode_match_walk_forward_v1::000007,2022-12-30,,,,,,,,,False,False,,,,,,2019-01-02,2026-08-14,,,,cni2000_medium_bottom_20221011,confirmation,single_lobe,nearest_region_for_slice_only
ma20_episode_ml_l2_logistic::bottom::all_a_ma20_episode_match_walk_forward_v1::onset::cni2000::matched::ma20_episode_ml_l2_logistic::bottom::all_a_ma20_episode_match_walk_forward_v1::000008,ma20_episode_ml_l2_logistic,bottom,all_a_ma20_episode_match_walk_forward_v1,onset,cni2000,国证2000,matched,True,ma20_episode_ml_l2_logistic::bottom::all_a_ma20_episode_match_walk_forward_v1::000008,2023-10-25,cni2000_medium_bottom_20231023,2023-10-23,2023-10-23,2023-10-24,single_lobe,1,,confirmation_window,False,False,confirmation,2,2,5,ma20_episode_ml_l2_logistic::bottom::all_a_ma20_episode_match_walk_forward_v1::000008,2019-01-02,2026-08-14,True,True,top_bottom_regions_v2,cni2000_medium_bottom_20231023,confirmation,single_lobe,primary_match
ma20_episode_ml_l2_logistic::bottom::all_a_ma20_episode_match_walk_forward_v1::onset::cni2000::duplicate_alarm::ma20_episode_ml_l2_logistic::bottom::all_a_ma20_episode_match_walk_forward_v1::000009,ma20_episode_ml_l2_logistic,bottom,all_a_ma20_episode_match_walk_forward_v1,onset,cni2000,国证2000,duplicate_alarm,False,ma20_episode_ml_l2_logistic::bottom::all_a_ma20_episode_match_walk_forward_v1::000009,2024-01-25,cni2000_medium_bottom_20240206,2024-02-06,2024-02-05,2024-02-06,single_lobe,1,,prediction_window,False,False,prediction,-8,8,10,ma20_episode_ml_l2_logistic::bottom::all_a_ma20_episode_match_walk_forward_v1::000010,2019-01-02,2026-08-14,True,True,top_bottom_regions_v2,cni2000_medium_bottom_20240206,prediction,single_lobe,duplicate_candidate
ma20_episode_ml_l2_logistic::bottom::all_a_ma20_episode_match_walk_forward_v1::onset::cni2000::matched::ma20_episode_ml_l2_logistic::bottom::all_a_ma20_episode_match_walk_forward_v1::000010,ma20_episode_ml_l2_logistic,bottom,all_a_ma20_episode_match_walk_forward_v1,onset,cni2000,国证2000,matched,True,ma20_episode_ml_l2_logistic::bottom::all_a_ma20_episode_match_walk_forward_v1::000010,2024-02-07,cni2000_medium_bottom_20240206,2024-02-06,2024-02-05,2024-02-06,single_lobe,1,,confirmation_window,False,False,confirmation,1,1,5,ma20_episode_ml_l2_logistic::bottom::all_a_ma20_episode_match_walk_forward_v1::000010,2019-01-02,2026-08-14,True,True,top_bottom_regions_v2,cni2000_medium_bottom_20240206,confirmation,single_lobe,primary_match
ma20_episode_ml_l2_logistic::bottom::all_a_ma20_episode_match_walk_forward_v1::onset::cni2000::matched::ma20_episode_ml_l2_logistic::bottom::all_a_ma20_episode_match_walk_forward_v1::000011,ma20_episode_ml_l2_logistic,bottom,all_a_ma20_episode_match_walk_forward_v1,onset,cni2000,国证2000,matched,True,ma20_episode_ml_l2_logistic::bottom::all_a_ma20_episode_match_walk_forward_v1::000011,2024-04-23,cni2000_medium_bottom_20240416,2024-04-16,2024-04-16,2024-04-17,single_lobe,1,,confirmation_window,False,False,confirmation,5,5,5,ma20_episode_ml_l2_logistic::bottom::all_a_ma20_episode_match_walk_forward_v1::000011,2019-01-02,2026-08-14,True,True,top_bottom_regions_v2,cni2000_medium_bottom_20240416,confirmation,single_lobe,primary_match
ma20_episode_ml_l2_logistic::bottom::all_a_ma20_episode_match_walk_forward_v1::onset::cni2000::false_alarm::ma20_episode_ml_l2_logistic::bottom::all_a_ma20_episode_match_walk_forward_v1::000012,ma20_episode_ml_l2_logistic,bottom,all_a_ma20_episode_match_walk_forward_v1,onset,cni2000,国证2000,false_alarm,False,ma20_episode_ml_l2_logistic::bottom::all_a_ma20_episode_match_walk_forward_v1::000012,2024-06-14,,,,,,,,,False,False,,,,,,2019-01-02,2026-08-14,,,,cni2000_medium_bottom_20240416,confirmation,single_lobe,nearest_region_for_slice_only
ma20_episode_ml_l2_logistic::bottom::all_a_ma20_episode_match_walk_forward_v1::onset::cni2000::false_alarm::ma20_episode_ml_l2_logistic::bottom::all_a_ma20_episode_match_walk_forward_v1::000013,ma20_episode_ml_l2_logistic,bottom,all_a_ma20_episode_match_walk_forward_v1,onset,cni2000,国证2000,false_alarm,False,ma20_episode_ml_l2_logistic::bottom::all_a_ma20_episode_match_walk_forward_v1::000013,2024-07-01,,,,,,,,,False,False,,,,,,2019-01-02,2026-08-14,,,,cni2000_medium_bottom_20240416,confirmation,single_lobe,nearest_region_for_slice_only
ma20_episode_ml_l2_logistic::bottom::all_a_ma20_episode_match_walk_forward_v1::onset::cni2000::false_alarm::ma20_episode_ml_l2_logistic::bottom::all_a_ma20_episode_match_walk_forward_v1::000014,ma20_episode_ml_l2_logistic,bottom,all_a_ma20_episode_match_walk_forward_v1,onset,cni2000,国证2000,false_alarm,False,ma20_episode_ml_l2_logistic::bottom::all_a_ma20_episode_match_walk_forward_v1::000014,2024-07-03,,,,,,,,,False,False,,,,,,2019-01-02,2026-08-14,,,,cni2000_medium_bottom_20240918,prediction,multi_lobe,nearest_region_for_slice_only
ma20_episode_ml_l2_logistic::bottom::all_a_ma20_episode_match_walk_forward_v1::onset::cni2000::false_alarm::ma20_episode_ml_l2_logistic::bottom::all_a_ma20_episode_match_walk_forward_v1::000015,ma20_episode_ml_l2_logistic,bottom,all_a_ma20_episode_match_walk_forward_v1,onset,cni2000,国证2000,false_alarm,False,ma20_episode_ml_l2_logistic::bottom::all_a_ma20_episode_match_walk_forward_v1::000015,2024-07-15,,,,,,,,,False,False,,,,,,2019-01-02,2026-08-14,,,,cni2000_medium_bottom_20240918,prediction,multi_lobe,nearest_region_for_slice_only
ma20_episode_ml_l2_logistic::bottom::all_a_ma20_episode_match_walk_forward_v1::onset::cni2000::matched::ma20_episode_ml_l2_logistic::bottom::all_a_ma20_episode_match_walk_forward_v1::000016,ma20_episode_ml_l2_logistic,bottom,all_a_ma20_episode_match_walk_forward_v1,onset,cni2000,国证2000,matched,True,ma20_episode_ml_l2_logistic::bottom::all_a_ma20_episode_match_walk_forward_v1::000016,2024-08-29,cni2000_medium_bottom_20240918,2024-09-18,2024-09-10,2024-09-19,multi_lobe,2,,prediction_window,False,False,prediction,-12,12,20,ma20_episode_ml_l2_logistic::bottom::all_a_ma20_episode_match_walk_forward_v1::000016,2019-01-02,2026-08-14,True,True,top_bottom_regions_v2,cni2000_medium_bottom_20240918,prediction,multi_lobe,primary_match
ma20_episode_ml_l2_logistic::bottom::all_a_ma20_episode_match_walk_forward_v1::onset::cni2000::missed_region::cni2000_medium_bottom_20241014,ma20_episode_ml_l2_logistic,bottom,all_a_ma20_episode_match_walk_forward_v1,onset,cni2000,国证2000,missed_region,False,,,cni2000_medium_bottom_20241014,2024-10-14,2024-10-11,2024-10-16,multi_lobe,2,,,False,False,,,,,,2019-01-02,2026-08-14,True,True,top_bottom_regions_v2,,,,
ma20_episode_ml_l2_logistic::bottom::all_a_ma20_episode_match_walk_forward_v1::onset::cni2000::missed_region::cni2000_medium_bottom_20250113,ma20_episode_ml_l2_logistic,bottom,all_a_ma20_episode_match_walk_forward_v1,onset,cni2000,国证2000,missed_region,False,,,cni2000_medium_bottom_20250113,2025-01-13,2025-01-06,2025-01-13,multi_lobe,3,,,False,False,,,,,,2019-01-02,2026-08-14,True,True,top_bottom_regions_v2,,,,
ma20_episode_ml_l2_logistic::bottom::all_a_ma20_episode_match_walk_forward_v1::onset::cni2000::matched::ma20_episode_ml_l2_logistic::bottom::all_a_ma20_episode_match_walk_forward_v1::000017,ma20_episode_ml_l2_logistic,bottom,all_a_ma20_episode_match_walk_forward_v1,onset,cni2000,国证2000,matched,True,ma20_episode_ml_l2_logistic::bottom::all_a_ma20_episode_match_walk_forward_v1::000017,2025-04-14,cni2000_medium_bottom_20250409,2025-04-09,2025-04-09,2025-04-09,single_lobe,1,,confirmation_window,False,False,confirmation,3,3,5,ma20_episode_ml_l2_logistic::bottom::all_a_ma20_episode_match_walk_forward_v1::000017,2019-01-02,2026-08-14,True,True,top_bottom_regions_v2,cni2000_medium_bottom_20250409,confirmation,single_lobe,primary_match
ma20_episode_ml_l2_logistic::bottom::all_a_ma20_episode_match_walk_forward_v1::onset::cni2000::matched::ma20_episode_ml_l2_logistic::bottom::all_a_ma20_episode_match_walk_forward_v1::000018,ma20_episode_ml_l2_logistic,bottom,all_a_ma20_episode_match_walk_forward_v1,onset,cni2000,国证2000,matched,True,ma20_episode_ml_l2_logistic::bottom::all_a_ma20_episode_match_walk_forward_v1::000018,2026-03-27,cni2000_medium_bottom_20260323,2026-03-23,2026-03-23,2026-03-24,single_lobe,1,,confirmation_window,False,False,confirmation,4,4,5,ma20_episode_ml_l2_logistic::bottom::all_a_ma20_episode_match_walk_forward_v1::000018,2019-01-02,2026-08-14,True,True,top_bottom_regions_v2,cni2000_medium_bottom_20260323,confirmation,single_lobe,primary_match
ma20_episode_ml_l2_logistic::bottom::all_a_ma20_episode_match_walk_forward_v1::onset::cni2000::false_alarm::ma20_episode_ml_l2_logistic::bottom::all_a_ma20_episode_match_walk_forward_v1::000019,ma20_episode_ml_l2_logistic,bottom,all_a_ma20_episode_match_walk_forward_v1,onset,cni2000,国证2000,false_alarm,False,ma20_episode_ml_l2_logistic::bottom::all_a_ma20_episode_match_walk_forward_v1::000019,2026-06-15,,,,,,,,,False,False,,,,,,2019-01-02,2026-08-14,,,,cni2000_medium_bottom_20260721,prediction,single_lobe,nearest_region_for_slice_only
ma20_episode_ml_l2_logistic::bottom::all_a_ma20_episode_match_walk_forward_v1::onset::cni2000::matched::ma20_episode_ml_l2_logistic::bottom::all_a_ma20_episode_match_walk_forward_v1::000020,ma20_episode_ml_l2_logistic,bottom,all_a_ma20_episode_match_walk_forward_v1,onset,cni2000,国证2000,matched,True,ma20_episode_ml_l2_logistic::bottom::all_a_ma20_episode_match_walk_forward_v1::000020,2026-07-20,cni2000_medium_bottom_20260721,2026-07-21,2026-07-21,2026-07-21,single_lobe,1,,prediction_window,False,False,prediction,-1,1,5,ma20_episode_ml_l2_logistic::bottom::all_a_ma20_episode_match_walk_forward_v1::000020,2019-01-02,2026-08-14,True,False,top_bottom_regions_v2,cni2000_medium_bottom_20260721,prediction,single_lobe,primary_match
ma20_episode_ml_l2_logistic::bottom::all_a_ma20_episode_match_walk_forward_v1::onset::csi1000::missed_region::csi1000_medium_bottom_20190104,ma20_episode_ml_l2_logistic,bottom,all_a_ma20_episode_match_walk_forward_v1,onset,csi1000,中证1000,missed_region,False,,,csi1000_medium_bottom_20190104,2019-01-04,2018-12-25,2019-01-04,multi_lobe,2,,,False,False,,,,,,2019-01-02,2026-08-14,False,True,top_bottom_regions_v2,,,,
ma20_episode_ml_l2_logistic::bottom::all_a_ma20_episode_match_walk_forward_v1::onset::csi1000::missed_region::csi1000_medium_bottom_20190806,ma20_episode_ml_l2_logistic,bottom,all_a_ma20_episode_match_walk_forward_v1,onset,csi1000,中证1000,missed_region,False,,,csi1000_medium_bottom_20190806,2019-08-06,2019-08-06,2019-08-15,multi_lobe,3,,,False,False,,,,,,2019-01-02,2026-08-14,True,True,top_bottom_regions_v2,,,,
ma20_episode_ml_l2_logistic::bottom::all_a_ma20_episode_match_walk_forward_v1::onset::csi1000::matched::ma20_episode_ml_l2_logistic::bottom::all_a_ma20_episode_match_walk_forward_v1::000001,ma20_episode_ml_l2_logistic,bottom,all_a_ma20_episode_match_walk_forward_v1,onset,csi1000,中证1000,matched,True,ma20_episode_ml_l2_logistic::bottom::all_a_ma20_episode_match_walk_forward_v1::000001,2020-02-10,csi1000_medium_bottom_20200204,2020-02-04,2020-02-04,2020-02-04,single_lobe,1,,confirmation_window,False,False,confirmation,4,4,5,ma20_episode_ml_l2_logistic::bottom::all_a_ma20_episode_match_walk_forward_v1::000001,2019-01-02,2026-08-14,True,True,top_bottom_regions_v2,csi1000_medium_bottom_20200204,confirmation,single_lobe,primary_match
ma20_episode_ml_l2_logistic::bottom::all_a_ma20_episode_match_walk_forward_v1::onset::csi1000::matched::ma20_episode_ml_l2_logistic::bottom::all_a_ma20_episode_match_walk_forward_v1::000002,ma20_episode_ml_l2_logistic,bottom,all_a_ma20_episode_match_walk_forward_v1,onset,csi1000,中证1000,matched,True,ma20_episode_ml_l2_logistic::bottom::all_a_ma20_episode_match_walk_forward_v1::000002,2020-03-25,csi1000_medium_bottom_20200324,2020-03-24,2020-03-17,2020-04-02,multi_lobe,3,,envelope,False,True,confirmation,1,1,5,ma20_episode_ml_l2_logistic::bottom::all_a_ma20_episode_match_walk_forward_v1::000002,2019-01-02,2026-08-14,True,True,top_bottom_regions_v2,csi1000_medium_bottom_20200324,confirmation,multi_lobe,primary_match
ma20_episode_ml_l2_logistic::bottom::all_a_ma20_episode_match_walk_forward_v1::onset::csi1000::false_alarm::ma20_episode_ml_l2_logistic::bottom::all_a_ma20_episode_match_walk_forward_v1::000003,ma20_episode_ml_l2_logistic,bottom,all_a_ma20_episode_match_walk_forward_v1,onset,csi1000,中证1000,false_alarm,False,ma20_episode_ml_l2_logistic::bottom::all_a_ma20_episode_match_walk_forward_v1::000003,2020-09-17,,,,,,,,,False,False,,,,,,2019-01-02,2026-08-14,,,,csi1000_medium_bottom_20210208,prediction,single_lobe,nearest_region_for_slice_only
ma20_episode_ml_l2_logistic::bottom::all_a_ma20_episode_match_walk_forward_v1::onset::csi1000::missed_region::csi1000_medium_bottom_20210208,ma20_episode_ml_l2_logistic,bottom,all_a_ma20_episode_match_walk_forward_v1,onset,csi1000,中证1000,missed_region,False,,,csi1000_medium_bottom_20210208,2021-02-08,2021-02-04,2021-02-09,single_lobe,1,,,False,False,,,,,,2019-01-02,2026-08-14,True,True,top_bottom_regions_v2,,,,
ma20_episode_ml_l2_logistic::bottom::all_a_ma20_episode_match_walk_forward_v1::onset::csi1000::false_alarm::ma20_episode_ml_l2_logistic::bottom::all_a_ma20_episode_match_walk_forward_v1::000004,ma20_episode_ml_l2_logistic,bottom,all_a_ma20_episode_match_walk_forward_v1,onset,csi1000,中证1000,false_alarm,False,ma20_episode_ml_l2_logistic::bottom::all_a_ma20_episode_match_walk_forward_v1::000004,2021-10-13,,,,,,,,,False,False,,,,,,2019-01-02,2026-08-14,,,,csi1000_medium_bottom_20220427,prediction,single_lobe,nearest_region_for_slice_only
ma20_episode_ml_l2_logistic::bottom::all_a_ma20_episode_match_walk_forward_v1::onset::csi1000::false_alarm::ma20_episode_ml_l2_logistic::bottom::all_a_ma20_episode_match_walk_forward_v1::000005,ma20_episode_ml_l2_logistic,bottom,all_a_ma20_episode_match_walk_forward_v1,onset,csi1000,中证1000,false_alarm,False,ma20_episode_ml_l2_logistic::bottom::all_a_ma20_episode_match_walk_forward_v1::000005,2022-02-08,,,,,,,,,False,False,,,,,,2019-01-02,2026-08-14,,,,csi1000_medium_bottom_20220427,prediction,single_lobe,nearest_region_for_slice_only
ma20_episode_ml_l2_logistic::bottom::all_a_ma20_episode_match_walk_forward_v1::onset::csi1000::false_alarm::ma20_episode_ml_l2_logistic::bottom::all_a_ma20_episode_match_walk_forward_v1::000006,ma20_episode_ml_l2_logistic,bottom,all_a_ma20_episode_match_walk_forward_v1,onset,csi1000,中证1000,false_alarm,False,ma20_episode_ml_l2_logistic::bottom::all_a_ma20_episode_match_walk_forward_v1::000006,2022-03-24,,,,,,,,,False,False,,,,,,2019-01-02,2026-08-14,,,,csi1000_medium_bottom_20220427,prediction,single_lobe,nearest_region_for_slice_only
ma20_episode_ml_l2_logistic::bottom::all_a_ma20_episode_match_walk_forward_v1::onset::csi1000::missed_region::csi1000_medium_bottom_20220427,ma20_episode_ml_l2_logistic,bottom,all_a_ma20_episode_match_walk_forward_v1,onset,csi1000,中证1000,missed_region,False,,,csi1000_medium_bottom_20220427,2022-04-27,2022-04-26,2022-04-27,single_lobe,1,,,False,False,,,,,,2019-01-02,2026-08-14,True,True,top_bottom_regions_v2,,,,
ma20_episode_ml_l2_logistic::bottom::all_a_ma20_episode_match_walk_forward_v1::onset::csi1000::missed_region::csi1000_medium_bottom_20221012,ma20_episode_ml_l2_logistic,bottom,all_a_ma20_episode_match_walk_forward_v1,onset,csi1000,中证1000,missed_region,False,,,csi1000_medium_bottom_20221012,2022-10-12,2022-10-10,2022-10-12,single_lobe,1,,,False,False,,,,,,2019-01-02,2026-08-14,True,True,top_bottom_regions_v2,,,,
ma20_episode_ml_l2_logistic::bottom::all_a_ma20_episode_match_walk_forward_v1::onset::csi1000::false_alarm::ma20_episode_ml_l2_logistic::bottom::all_a_ma20_episode_match_walk_forward_v1::000007,ma20_episode_ml_l2_logistic,bottom,all_a_ma20_episode_match_walk_forward_v1,onset,csi1000,中证1000,false_alarm,False,ma20_episode_ml_l2_logistic::bottom::all_a_ma20_episode_match_walk_forward_v1::000007,2022-12-30,,,,,,,,,False,False,,,,,,2019-01-02,2026-08-14,,,,csi1000_medium_bottom_20221012,confirmation,single_lobe,nearest_region_for_slice_only
ma20_episode_ml_l2_logistic::bottom::all_a_ma20_episode_match_walk_forward_v1::onset::csi1000::false_alarm::ma20_episode_ml_l2_logistic::bottom::all_a_ma20_episode_match_walk_forward_v1::000008,ma20_episode_ml_l2_logistic,bottom,all_a_ma20_episode_match_walk_forward_v1,onset,csi1000,中证1000,false_alarm,False,ma20_episode_ml_l2_logistic::bottom::all_a_ma20_episode_match_walk_forward_v1::000008,2023-10-25,,,,,,,,,False,False,,,,,,2019-01-02,2026-08-14,,,,csi1000_medium_bottom_20240205,prediction,single_lobe,nearest_region_for_slice_only
ma20_episode_ml_l2_logistic::bottom::all_a_ma20_episode_match_walk_forward_v1::onset::csi1000::duplicate_alarm::ma20_episode_ml_l2_logistic::bottom::all_a_ma20_episode_match_walk_forward_v1::000009,ma20_episode_ml_l2_logistic,bottom,all_a_ma20_episode_match_walk_forward_v1,onset,csi1000,中证1000,duplicate_alarm,False,ma20_episode_ml_l2_logistic::bottom::all_a_ma20_episode_match_walk_forward_v1::000009,2024-01-25,csi1000_medium_bottom_20240205,2024-02-05,2024-02-05,2024-02-06,single_lobe,1,,prediction_window,False,False,prediction,-7,7,10,ma20_episode_ml_l2_logistic::bottom::all_a_ma20_episode_match_walk_forward_v1::000010,2019-01-02,2026-08-14,True,True,top_bottom_regions_v2,csi1000_medium_bottom_20240205,prediction,single_lobe,duplicate_candidate
ma20_episode_ml_l2_logistic::bottom::all_a_ma20_episode_match_walk_forward_v1::onset::csi1000::matched::ma20_episode_ml_l2_logistic::bottom::all_a_ma20_episode_match_walk_forward_v1::000010,ma20_episode_ml_l2_logistic,bottom,all_a_ma20_episode_match_walk_forward_v1,onset,csi1000,中证1000,matched,True,ma20_episode_ml_l2_logistic::bottom::all_a_ma20_episode_match_walk_forward_v1::000010,2024-02-07,csi1000_medium_bottom_20240205,2024-02-05,2024-02-05,2024-02-06,single_lobe,1,,confirmation_window,False,False,confirmation,2,2,5,ma20_episode_ml_l2_logistic::bottom::all_a_ma20_episode_match_walk_forward_v1::000010,2019-01-02,2026-08-14,True,True,top_bottom_regions_v2,csi1000_medium_bottom_20240205,confirmation,single_lobe,primary_match
ma20_episode_ml_l2_logistic::bottom::all_a_ma20_episode_match_walk_forward_v1::onset::csi1000::false_alarm::ma20_episode_ml_l2_logistic::bottom::all_a_ma20_episode_match_walk_forward_v1::000011,ma20_episode_ml_l2_logistic,bottom,all_a_ma20_episode_match_walk_forward_v1,onset,csi1000,中证1000,false_alarm,False,ma20_episode_ml_l2_logistic::bottom::all_a_ma20_episode_match_walk_forward_v1::000011,2024-04-23,,,,,,,,,False,False,,,,,,2019-01-02,2026-08-14,,,,csi1000_medium_bottom_20240205,confirmation,single_lobe,nearest_region_for_slice_only
ma20_episode_ml_l2_logistic::bottom::all_a_ma20_episode_match_walk_forward_v1::onset::csi1000::false_alarm::ma20_episode_ml_l2_logistic::bottom::all_a_ma20_episode_match_walk_forward_v1::000012,ma20_episode_ml_l2_logistic,bottom,all_a_ma20_episode_match_walk_forward_v1,onset,csi1000,中证1000,false_alarm,False,ma20_episode_ml_l2_logistic::bottom::all_a_ma20_episode_match_walk_forward_v1::000012,2024-06-14,,,,,,,,,False,False,,,,,,2019-01-02,2026-08-14,,,,csi1000_medium_bottom_20240918,prediction,multi_lobe,nearest_region_for_slice_only
ma20_episode_ml_l2_logistic::bottom::all_a_ma20_episode_match_walk_forward_v1::onset::csi1000::false_alarm::ma20_episode_ml_l2_logistic::bottom::all_a_ma20_episode_match_walk_forward_v1::000013,ma20_episode_ml_l2_logistic,bottom,all_a_ma20_episode_match_walk_forward_v1,onset,csi1000,中证1000,false_alarm,False,ma20_episode_ml_l2_logistic::bottom::all_a_ma20_episode_match_walk_forward_v1::000013,2024-07-01,,,,,,,,,False,False,,,,,,2019-01-02,2026-08-14,,,,csi1000_medium_bottom_20240918,prediction,multi_lobe,nearest_region_for_slice_only
ma20_episode_ml_l2_logistic::bottom::all_a_ma20_episode_match_walk_forward_v1::onset::csi1000::false_alarm::ma20_episode_ml_l2_logistic::bottom::all_a_ma20_episode_match_walk_forward_v1::000014,ma20_episode_ml_l2_logistic,bottom,all_a_ma20_episode_match_walk_forward_v1,onset,csi1000,中证1000,false_alarm,False,ma20_episode_ml_l2_logistic::bottom::all_a_ma20_episode_match_walk_forward_v1::000014,2024-07-03,,,,,,,,,False,False,,,,,,2019-01-02,2026-08-14,,,,csi1000_medium_bottom_20240918,prediction,multi_lobe,nearest_region_for_slice_only
ma20_episode_ml_l2_logistic::bottom::all_a_ma20_episode_match_walk_forward_v1::onset::csi1000::false_alarm::ma20_episode_ml_l2_logistic::bottom::all_a_ma20_episode_match_walk_forward_v1::000015,ma20_episode_ml_l2_logistic,bottom,all_a_ma20_episode_match_walk_forward_v1,onset,csi1000,中证1000,false_alarm,False,ma20_episode_ml_l2_logistic::bottom::all_a_ma20_episode_match_walk_forward_v1::000015,2024-07-15,,,,,,,,,False,False,,,,,,2019-01-02,2026-08-14,,,,csi1000_medium_bottom_20240918,prediction,multi_lobe,nearest_region_for_slice_only
ma20_episode_ml_l2_logistic::bottom::all_a_ma20_episode_match_walk_forward_v1::onset::csi1000::matched::ma20_episode_ml_l2_logistic::bottom::all_a_ma20_episode_match_walk_forward_v1::000016,ma20_episode_ml_l2_logistic,bottom,all_a_ma20_episode_match_walk_forward_v1,onset,csi1000,中证1000,matched,True,ma20_episode_ml_l2_logistic::bottom::all_a_ma20_episode_match_walk_forward_v1::000016,2024-08-29,csi1000_medium_bottom_20240918,2024-09-18,2024-09-10,2024-09-20,multi_lobe,2,,prediction_window,False,False,prediction,-12,12,20,ma20_episode_ml_l2_logistic::bottom::all_a_ma20_episode_match_walk_forward_v1::000016,2019-01-02,2026-08-14,True,True,top_bottom_regions_v2,csi1000_medium_bottom_20240918,prediction,multi_lobe,primary_match
ma20_episode_ml_l2_logistic::bottom::all_a_ma20_episode_match_walk_forward_v1::onset::csi1000::missed_region::csi1000_medium_bottom_20241014,ma20_episode_ml_l2_logistic,bottom,all_a_ma20_episode_match_walk_forward_v1,onset,csi1000,中证1000,missed_region,False,,,csi1000_medium_bottom_20241014,2024-10-14,2024-10-11,2024-10-16,multi_lobe,2,,,False,False,,,,,,2019-01-02,2026-08-14,True,True,top_bottom_regions_v2,,,,
ma20_episode_ml_l2_logistic::bottom::all_a_ma20_episode_match_walk_forward_v1::onset::csi1000::missed_region::csi1000_medium_bottom_20250113,ma20_episode_ml_l2_logistic,bottom,all_a_ma20_episode_match_walk_forward_v1,onset,csi1000,中证1000,missed_region,False,,,csi1000_medium_bottom_20250113,2025-01-13,2025-01-06,2025-01-14,multi_lobe,3,,,False,False,,,,,,2019-01-02,2026-08-14,True,True,top_bottom_regions_v2,,,,
ma20_episode_ml_l2_logistic::bottom::all_a_ma20_episode_match_walk_forward_v1::onset::csi1000::matched::ma20_episode_ml_l2_logistic::bottom::all_a_ma20_episode_match_walk_forward_v1::000017,ma20_episode_ml_l2_logistic,bottom,all_a_ma20_episode_match_walk_forward_v1,onset,csi1000,中证1000,matched,True,ma20_episode_ml_l2_logistic::bottom::all_a_ma20_episode_match_walk_forward_v1::000017,2025-04-14,csi1000_medium_bottom_20250409,2025-04-09,2025-04-09,2025-04-09,single_lobe,1,,confirmation_window,False,False,confirmation,3,3,5,ma20_episode_ml_l2_logistic::bottom::all_a_ma20_episode_match_walk_forward_v1::000017,2019-01-02,2026-08-14,True,True,top_bottom_regions_v2,csi1000_medium_bottom_20250409,confirmation,single_lobe,primary_match
ma20_episode_ml_l2_logistic::bottom::all_a_ma20_episode_match_walk_forward_v1::onset::csi1000::matched::ma20_episode_ml_l2_logistic::bottom::all_a_ma20_episode_match_walk_forward_v1::000018,ma20_episode_ml_l2_logistic,bottom,all_a_ma20_episode_match_walk_forward_v1,onset,csi1000,中证1000,matched,True,ma20_episode_ml_l2_logistic::bottom::all_a_ma20_episode_match_walk_forward_v1::000018,2026-03-27,csi1000_medium_bottom_20260323,2026-03-23,2026-03-23,2026-03-24,single_lobe,1,,confirmation_window,False,False,confirmation,4,4,5,ma20_episode_ml_l2_logistic::bottom::all_a_ma20_episode_match_walk_forward_v1::000018,2019-01-02,2026-08-14,True,True,top_bottom_regions_v2,csi1000_medium_bottom_20260323,confirmation,single_lobe,primary_match
ma20_episode_ml_l2_logistic::bottom::all_a_ma20_episode_match_walk_forward_v1::onset::csi1000::false_alarm::ma20_episode_ml_l2_logistic::bottom::all_a_ma20_episode_match_walk_forward_v1::000019,ma20_episode_ml_l2_logistic,bottom,all_a_ma20_episode_match_walk_forward_v1,onset,csi1000,中证1000,false_alarm,False,ma20_episode_ml_l2_logistic::bottom::all_a_ma20_episode_match_walk_forward_v1::000019,2026-06-15,,,,,,,,,False,False,,,,,,2019-01-02,2026-08-14,,,,csi1000_medium_bottom_20260721,prediction,multi_lobe,nearest_region_for_slice_only
ma20_episode_ml_l2_logistic::bottom::all_a_ma20_episode_match_walk_forward_v1::onset::csi1000::matched::ma20_episode_ml_l2_logistic::bottom::all_a_ma20_episode_match_walk_forward_v1::000020,ma20_episode_ml_l2_logistic,bottom,all_a_ma20_episode_match_walk_forward_v1,onset,csi1000,中证1000,matched,True,ma20_episode_ml_l2_logistic::bottom::all_a_ma20_episode_match_walk_forward_v1::000020,2026-07-20,csi1000_medium_bottom_20260721,2026-07-21,2026-07-20,2026-07-30,multi_lobe,2,csi1000_medium_bottom_20260721_lobe_01,core_lobe,True,True,prediction,-1,1,5,ma20_episode_ml_l2_logistic::bottom::all_a_ma20_episode_match_walk_forward_v1::000020,2019-01-02,2026-08-14,True,False,top_bottom_regions_v2,csi1000_medium_bottom_20260721,prediction,multi_lobe,primary_match
ma20_episode_ml_l2_logistic::bottom::all_a_ma20_episode_match_walk_forward_v1::onset::csi300::missed_region::csi300_medium_bottom_20190104,ma20_episode_ml_l2_logistic,bottom,all_a_ma20_episode_match_walk_forward_v1,onset,csi300,沪深300,missed_region,False,,,csi300_medium_bottom_20190104,2019-01-04,2018-12-25,2019-01-04,multi_lobe,2,,,False,False,,,,,,2019-01-02,2026-08-14,False,True,top_bottom_regions_v2,,,,
ma20_episode_ml_l2_logistic::bottom::all_a_ma20_episode_match_walk_forward_v1::onset::csi300::missed_region::csi300_medium_bottom_20190527,ma20_episode_ml_l2_logistic,bottom,all_a_ma20_episode_match_walk_forward_v1,onset,csi300,沪深300,missed_region,False,,,csi300_medium_bottom_20190527,2019-05-27,2019-05-20,2019-06-11,multi_lobe,4,,,False,False,,,,,,2019-01-02,2026-08-14,True,True,top_bottom_regions_v2,,,,
ma20_episode_ml_l2_logistic::bottom::all_a_ma20_episode_match_walk_forward_v1::onset::csi300::missed_region::csi300_medium_bottom_20190806,ma20_episode_ml_l2_logistic,bottom,all_a_ma20_episode_match_walk_forward_v1,onset,csi300,沪深300,missed_region,False,,,csi300_medium_bottom_20190806,2019-08-06,2019-08-06,2019-08-15,multi_lobe,3,,,False,False,,,,,,2019-01-02,2026-08-14,True,True,top_bottom_regions_v2,,,,
ma20_episode_ml_l2_logistic::bottom::all_a_ma20_episode_match_walk_forward_v1::onset::csi300::matched::ma20_episode_ml_l2_logistic::bottom::all_a_ma20_episode_match_walk_forward_v1::000001,ma20_episode_ml_l2_logistic,bottom,all_a_ma20_episode_match_walk_forward_v1,onset,csi300,沪深300,matched,True,ma20_episode_ml_l2_logistic::bottom::all_a_ma20_episode_match_walk_forward_v1::000001,2020-02-10,csi300_medium_bottom_20200203,2020-02-03,2020-02-03,2020-02-04,single_lobe,1,,confirmation_window,False,False,confirmation,5,5,5,ma20_episode_ml_l2_logistic::bottom::all_a_ma20_episode_match_walk_forward_v1::000001,2019-01-02,2026-08-14,True,True,top_bottom_regions_v2,csi300_medium_bottom_20200203,confirmation,single_lobe,primary_match
ma20_episode_ml_l2_logistic::bottom::all_a_ma20_episode_match_walk_forward_v1::onset::csi300::matched::ma20_episode_ml_l2_logistic::bottom::all_a_ma20_episode_match_walk_forward_v1::000002,ma20_episode_ml_l2_logistic,bottom,all_a_ma20_episode_match_walk_forward_v1,onset,csi300,沪深300,matched,True,ma20_episode_ml_l2_logistic::bottom::all_a_ma20_episode_match_walk_forward_v1::000002,2020-03-25,csi300_medium_bottom_20200319,2020-03-19,2020-03-19,2020-03-24,multi_lobe,2,,confirmation_window,False,False,confirmation,4,4,5,ma20_episode_ml_l2_logistic::bottom::all_a_ma20_episode_match_walk_forward_v1::000002,2019-01-02,2026-08-14,True,True,top_bottom_regions_v2,csi300_medium_bottom_20200319,confirmation,multi_lobe,primary_match
ma20_episode_ml_l2_logistic::bottom::all_a_ma20_episode_match_walk_forward_v1::onset::csi300::false_alarm::ma20_episode_ml_l2_logistic::bottom::all_a_ma20_episode_match_walk_forward_v1::000003,ma20_episode_ml_l2_logistic,bottom,all_a_ma20_episode_match_walk_forward_v1,onset,csi300,沪深300,false_alarm,False,ma20_episode_ml_l2_logistic::bottom::all_a_ma20_episode_match_walk_forward_v1::000003,2020-09-17,,,,,,,,,False,False,,,,,,2019-01-02,2026-08-14,,,,csi300_medium_bottom_20200319,confirmation,multi_lobe,nearest_region_for_slice_only
ma20_episode_ml_l2_logistic::bottom::all_a_ma20_episode_match_walk_forward_v1::onset::csi300::missed_region::csi300_medium_bottom_20210325,ma20_episode_ml_l2_logistic,bottom,all_a_ma20_episode_match_walk_forward_v1,onset,csi300,沪深300,missed_region,False,,,csi300_medium_bottom_20210325,2021-03-25,2021-03-09,2021-04-19,multi_lobe,3,,,False,False,,,,,,2019-01-02,2026-08-14,True,True,top_bottom_regions_v2,,,,
ma20_episode_ml_l2_logistic::bottom::all_a_ma20_episode_match_walk_forward_v1::onset::csi300::missed_region::csi300_medium_bottom_20210728,ma20_episode_ml_l2_logistic,bottom,all_a_ma20_episode_match_walk_forward_v1,onset,csi300,沪深300,missed_region,False,,,csi300_medium_bottom_20210728,2021-07-28,2021-07-28,2021-07-28,single_lobe,1,,,False,False,,,,,,2019-01-02,2026-08-14,True,True,top_bottom_regions_v2,,,,
ma20_episode_ml_l2_logistic::bottom::all_a_ma20_episode_match_walk_forward_v1::onset::csi300::false_alarm::ma20_episode_ml_l2_logistic::bottom::all_a_ma20_episode_match_walk_forward_v1::000004,ma20_episode_ml_l2_logistic,bottom,all_a_ma20_episode_match_walk_forward_v1,onset,csi300,沪深300,false_alarm,False,ma20_episode_ml_l2_logistic::bottom::all_a_ma20_episode_match_walk_forward_v1::000004,2021-10-13,,,,,,,,,False,False,,,,,,2019-01-02,2026-08-14,,,,csi300_medium_bottom_20210728,confirmation,single_lobe,nearest_region_for_slice_only
ma20_episode_ml_l2_logistic::bottom::all_a_ma20_episode_match_walk_forward_v1::onset::csi300::false_alarm::ma20_episode_ml_l2_logistic::bottom::all_a_ma20_episode_match_walk_forward_v1::000005,ma20_episode_ml_l2_logistic,bottom,all_a_ma20_episode_match_walk_forward_v1,onset,csi300,沪深300,false_alarm,False,ma20_episode_ml_l2_logistic::bottom::all_a_ma20_episode_match_walk_forward_v1::000005,2022-02-08,,,,,,,,,False,False,,,,,,2019-01-02,2026-08-14,,,,csi300_medium_bottom_20220316,prediction,single_lobe,nearest_region_for_slice_only
ma20_episode_ml_l2_logistic::bottom::all_a_ma20_episode_match_walk_forward_v1::onset::csi300::matched::ma20_episode_ml_l2_logistic::bottom::all_a_ma20_episode_match_walk_forward_v1::000006,ma20_episode_ml_l2_logistic,bottom,all_a_ma20_episode_match_walk_forward_v1,onset,csi300,沪深300,matched,True,ma20_episode_ml_l2_logistic::bottom::all_a_ma20_episode_match_walk_forward_v1::000006,2022-03-24,csi300_medium_bottom_20220316,2022-03-16,2022-03-15,2022-03-16,single_lobe,1,,confirmation_window,False,False,confirmation,6,6,10,ma20_episode_ml_l2_logistic::bottom::all_a_ma20_episode_match_walk_forward_v1::000006,2019-01-02,2026-08-14,True,True,top_bottom_regions_v2,csi300_medium_bottom_20220316,confirmation,single_lobe,primary_match
ma20_episode_ml_l2_logistic::bottom::all_a_ma20_episode_match_walk_forward_v1::onset::csi300::missed_region::csi300_medium_bottom_20220427,ma20_episode_ml_l2_logistic,bottom,all_a_ma20_episode_match_walk_forward_v1,onset,csi300,沪深300,missed_region,False,,,csi300_medium_bottom_20220427,2022-04-27,2022-04-25,2022-05-10,multi_lobe,2,,,False,False,,,,,,2019-01-02,2026-08-14,True,True,top_bottom_regions_v2,,,,
ma20_episode_ml_l2_logistic::bottom::all_a_ma20_episode_match_walk_forward_v1::onset::csi300::missed_region::csi300_medium_bottom_20221031,ma20_episode_ml_l2_logistic,bottom,all_a_ma20_episode_match_walk_forward_v1,onset,csi300,沪深300,missed_region,False,,,csi300_medium_bottom_20221031,2022-10-31,2022-10-28,2022-11-01,single_lobe,1,,,False,False,,,,,,2019-01-02,2026-08-14,True,True,top_bottom_regions_v2,,,,
ma20_episode_ml_l2_logistic::bottom::all_a_ma20_episode_match_walk_forward_v1::onset::csi300::false_alarm::ma20_episode_ml_l2_logistic::bottom::all_a_ma20_episode_match_walk_forward_v1::000007,ma20_episode_ml_l2_logistic,bottom,all_a_ma20_episode_match_walk_forward_v1,onset,csi300,沪深300,false_alarm,False,ma20_episode_ml_l2_logistic::bottom::all_a_ma20_episode_match_walk_forward_v1::000007,2022-12-30,,,,,,,,,False,False,,,,,,2019-01-02,2026-08-14,,,,csi300_medium_bottom_20221031,confirmation,single_lobe,nearest_region_for_slice_only
ma20_episode_ml_l2_logistic::bottom::all_a_ma20_episode_match_walk_forward_v1::onset::csi300::false_alarm::ma20_episode_ml_l2_logistic::bottom::all_a_ma20_episode_match_walk_forward_v1::000008,ma20_episode_ml_l2_logistic,bottom,all_a_ma20_episode_match_walk_forward_v1,onset,csi300,沪深300,false_alarm,False,ma20_episode_ml_l2_logistic::bottom::all_a_ma20_episode_match_walk_forward_v1::000008,2023-10-25,,,,,,,,,False,False,,,,,,2019-01-02,2026-08-14,,,,csi300_medium_bottom_20240202,prediction,single_lobe,nearest_region_for_slice_only
ma20_episode_ml_l2_logistic::bottom::all_a_ma20_episode_match_walk_forward_v1::onset::csi300::duplicate_alarm::ma20_episode_ml_l2_logistic::bottom::all_a_ma20_episode_match_walk_forward_v1::000009,ma20_episode_ml_l2_logistic,bottom,all_a_ma20_episode_match_walk_forward_v1,onset,csi300,沪深300,duplicate_alarm,False,ma20_episode_ml_l2_logistic::bottom::all_a_ma20_episode_match_walk_forward_v1::000009,2024-01-25,csi300_medium_bottom_20240202,2024-02-02,2024-02-02,2024-02-05,single_lobe,1,,prediction_window,False,False,prediction,-6,6,10,ma20_episode_ml_l2_logistic::bottom::all_a_ma20_episode_match_walk_forward_v1::000010,2019-01-02,2026-08-14,True,True,top_bottom_regions_v2,csi300_medium_bottom_20240202,prediction,single_lobe,duplicate_candidate
ma20_episode_ml_l2_logistic::bottom::all_a_ma20_episode_match_walk_forward_v1::onset::csi300::matched::ma20_episode_ml_l2_logistic::bottom::all_a_ma20_episode_match_walk_forward_v1::000010,ma20_episode_ml_l2_logistic,bottom,all_a_ma20_episode_match_walk_forward_v1,onset,csi300,沪深300,matched,True,ma20_episode_ml_l2_logistic::bottom::all_a_ma20_episode_match_walk_forward_v1::000010,2024-02-07,csi300_medium_bottom_20240202,2024-02-02,2024-02-02,2024-02-05,single_lobe,1,,confirmation_window,False,False,confirmation,3,3,5,ma20_episode_ml_l2_logistic::bottom::all_a_ma20_episode_match_walk_forward_v1::000010,2019-01-02,2026-08-14,True,True,top_bottom_regions_v2,csi300_medium_bottom_20240202,confirmation,single_lobe,primary_match
ma20_episode_ml_l2_logistic::bottom::all_a_ma20_episode_match_walk_forward_v1::onset::csi300::false_alarm::ma20_episode_ml_l2_logistic::bottom::all_a_ma20_episode_match_walk_forward_v1::000011,ma20_episode_ml_l2_logistic,bottom,all_a_ma20_episode_match_walk_forward_v1,onset,csi300,沪深300,false_alarm,False,ma20_episode_ml_l2_logistic::bottom::all_a_ma20_episode_match_walk_forward_v1::000011,2024-04-23,,,,,,,,,False,False,,,,,,2019-01-02,2026-08-14,,,,csi300_medium_bottom_20240202,confirmation,single_lobe,nearest_region_for_slice_only
ma20_episode_ml_l2_logistic::bottom::all_a_ma20_episode_match_walk_forward_v1::onset::csi300::false_alarm::ma20_episode_ml_l2_logistic::bottom::all_a_ma20_episode_match_walk_forward_v1::000012,ma20_episode_ml_l2_logistic,bottom,all_a_ma20_episode_match_walk_forward_v1,onset,csi300,沪深300,false_alarm,False,ma20_episode_ml_l2_logistic::bottom::all_a_ma20_episode_match_walk_forward_v1::000012,2024-06-14,,,,,,,,,False,False,,,,,,2019-01-02,2026-08-14,,,,csi300_medium_bottom_20240918,prediction,single_lobe,nearest_region_for_slice_only
ma20_episode_ml_l2_logistic::bottom::all_a_ma20_episode_match_walk_forward_v1::onset::csi300::false_alarm::ma20_episode_ml_l2_logistic::bottom::all_a_ma20_episode_match_walk_forward_v1::000013,ma20_episode_ml_l2_logistic,bottom,all_a_ma20_episode_match_walk_forward_v1,onset,csi300,沪深300,false_alarm,False,ma20_episode_ml_l2_logistic::bottom::all_a_ma20_episode_match_walk_forward_v1::000013,2024-07-01,,,,,,,,,False,False,,,,,,2019-01-02,2026-08-14,,,,csi300_medium_bottom_20240918,prediction,single_lobe,nearest_region_for_slice_only
ma20_episode_ml_l2_logistic::bottom::all_a_ma20_episode_match_walk_forward_v1::onset::csi300::false_alarm::ma20_episode_ml_l2_logistic::bottom::all_a_ma20_episode_match_walk_forward_v1::000014,ma20_episode_ml_l2_logistic,bottom,all_a_ma20_episode_match_walk_forward_v1,onset,csi300,沪深300,false_alarm,False,ma20_episode_ml_l2_logistic::bottom::all_a_ma20_episode_match_walk_forward_v1::000014,2024-07-03,,,,,,,,,False,False,,,,,,2019-01-02,2026-08-14,,,,csi300_medium_bottom_20240918,prediction,single_lobe,nearest_region_for_slice_only
ma20_episode_ml_l2_logistic::bottom::all_a_ma20_episode_match_walk_forward_v1::onset::csi300::false_alarm::ma20_episode_ml_l2_logistic::bottom::all_a_ma20_episode_match_walk_forward_v1::000015,ma20_episode_ml_l2_logistic,bottom,all_a_ma20_episode_match_walk_forward_v1,onset,csi300,沪深300,false_alarm,False,ma20_episode_ml_l2_logistic::bottom::all_a_ma20_episode_match_walk_forward_v1::000015,2024-07-15,,,,,,,,,False,False,,,,,,2019-01-02,2026-08-14,,,,csi300_medium_bottom_20240918,prediction,single_lobe,nearest_region_for_slice_only
ma20_episode_ml_l2_logistic::bottom::all_a_ma20_episode_match_walk_forward_v1::onset::csi300::matched::ma20_episode_ml_l2_logistic::bottom::all_a_ma20_episode_match_walk_forward_v1::000016,ma20_episode_ml_l2_logistic,bottom,all_a_ma20_episode_match_walk_forward_v1,onset,csi300,沪深300,matched,True,ma20_episode_ml_l2_logistic::bottom::all_a_ma20_episode_match_walk_forward_v1::000016,2024-08-29,csi300_medium_bottom_20240918,2024-09-18,2024-09-09,2024-09-23,single_lobe,1,,prediction_window,False,False,prediction,-12,12,20,ma20_episode_ml_l2_logistic::bottom::all_a_ma20_episode_match_walk_forward_v1::000016,2019-01-02,2026-08-14,True,True,top_bottom_regions_v2,csi300_medium_bottom_20240918,prediction,single_lobe,primary_match
ma20_episode_ml_l2_logistic::bottom::all_a_ma20_episode_match_walk_forward_v1::onset::csi300::missed_region::csi300_medium_bottom_20241018,ma20_episode_ml_l2_logistic,bottom,all_a_ma20_episode_match_walk_forward_v1,onset,csi300,沪深300,missed_region,False,,,csi300_medium_bottom_20241018,2024-10-18,2024-10-16,2024-10-18,single_lobe,1,,,False,False,,,,,,2019-01-02,2026-08-14,True,True,top_bottom_regions_v2,,,,
ma20_episode_ml_l2_logistic::bottom::all_a_ma20_episode_match_walk_forward_v1::onset::csi300::matched::ma20_episode_ml_l2_logistic::bottom::all_a_ma20_episode_match_walk_forward_v1::000017,ma20_episode_ml_l2_logistic,bottom,all_a_ma20_episode_match_walk_forward_v1,onset,csi300,沪深300,matched,True,ma20_episode_ml_l2_logistic::bottom::all_a_ma20_episode_match_walk_forward_v1::000017,2025-04-14,csi300_medium_bottom_20250407,2025-04-07,2025-04-07,2025-04-07,single_lobe,1,,confirmation_window,False,False,confirmation,5,5,5,ma20_episode_ml_l2_logistic::bottom::all_a_ma20_episode_match_walk_forward_v1::000017,2019-01-02,2026-08-14,True,True,top_bottom_regions_v2,csi300_medium_bottom_20250407,confirmation,single_lobe,primary_match
ma20_episode_ml_l2_logistic::bottom::all_a_ma20_episode_match_walk_forward_v1::onset::csi300::matched::ma20_episode_ml_l2_logistic::bottom::all_a_ma20_episode_match_walk_forward_v1::000018,ma20_episode_ml_l2_logistic,bottom,all_a_ma20_episode_match_walk_forward_v1,onset,csi300,沪深300,matched,True,ma20_episode_ml_l2_logistic::bottom::all_a_ma20_episode_match_walk_forward_v1::000018,2026-03-27,csi300_medium_bottom_20260324,2026-03-24,2026-03-23,2026-04-07,multi_lobe,3,csi300_medium_bottom_20260324_lobe_02,core_lobe,True,True,confirmation,3,3,5,ma20_episode_ml_l2_logistic::bottom::all_a_ma20_episode_match_walk_forward_v1::000018,2019-01-02,2026-08-14,True,True,top_bottom_regions_v2,csi300_medium_bottom_20260324,confirmation,multi_lobe,primary_match
ma20_episode_ml_l2_logistic::bottom::all_a_ma20_episode_match_walk_forward_v1::onset::csi300::false_alarm::ma20_episode_ml_l2_logistic::bottom::all_a_ma20_episode_match_walk_forward_v1::000019,ma20_episode_ml_l2_logistic,bottom,all_a_ma20_episode_match_walk_forward_v1,onset,csi300,沪深300,false_alarm,False,ma20_episode_ml_l2_logistic::bottom::all_a_ma20_episode_match_walk_forward_v1::000019,2026-06-15,,,,,,,,,False,False,,,,,,2019-01-02,2026-08-14,,,,csi300_medium_bottom_20260324,confirmation,multi_lobe,nearest_region_for_slice_only
ma20_episode_ml_l2_logistic::bottom::all_a_ma20_episode_match_walk_forward_v1::onset::csi300::false_alarm::ma20_episode_ml_l2_logistic::bottom::all_a_ma20_episode_match_walk_forward_v1::000020,ma20_episode_ml_l2_logistic,bottom,all_a_ma20_episode_match_walk_forward_v1,onset,csi300,沪深300,false_alarm,False,ma20_episode_ml_l2_logistic::bottom::all_a_ma20_episode_match_walk_forward_v1::000020,2026-07-20,,,,,,,,,False,False,,,,,,2019-01-02,2026-08-14,,,,csi300_medium_bottom_20260324,confirmation,multi_lobe,nearest_region_for_slice_only
ma20_episode_ml_l2_logistic::bottom::all_a_ma20_episode_match_walk_forward_v1::onset::csi500::missed_region::csi500_medium_bottom_20190104,ma20_episode_ml_l2_logistic,bottom,all_a_ma20_episode_match_walk_forward_v1,onset,csi500,中证500,missed_region,False,,,csi500_medium_bottom_20190104,2019-01-04,2018-12-25,2019-01-04,multi_lobe,2,,,False,False,,,,,,2019-01-02,2026-08-14,False,True,top_bottom_regions_v2,,,,
ma20_episode_ml_l2_logistic::bottom::all_a_ma20_episode_match_walk_forward_v1::onset::csi500::missed_region::csi500_medium_bottom_20190806,ma20_episode_ml_l2_logistic,bottom,all_a_ma20_episode_match_walk_forward_v1,onset,csi500,中证500,missed_region,False,,,csi500_medium_bottom_20190806,2019-08-06,2019-08-06,2019-08-15,multi_lobe,2,,,False,False,,,,,,2019-01-02,2026-08-14,True,True,top_bottom_regions_v2,,,,
ma20_episode_ml_l2_logistic::bottom::all_a_ma20_episode_match_walk_forward_v1::onset::csi500::matched::ma20_episode_ml_l2_logistic::bottom::all_a_ma20_episode_match_walk_forward_v1::000001,ma20_episode_ml_l2_logistic,bottom,all_a_ma20_episode_match_walk_forward_v1,onset,csi500,中证500,matched,True,ma20_episode_ml_l2_logistic::bottom::all_a_ma20_episode_match_walk_forward_v1::000001,2020-02-10,csi500_medium_bottom_20200204,2020-02-04,2020-02-04,2020-02-04,single_lobe,1,,confirmation_window,False,False,confirmation,4,4,5,ma20_episode_ml_l2_logistic::bottom::all_a_ma20_episode_match_walk_forward_v1::000001,2019-01-02,2026-08-14,True,True,top_bottom_regions_v2,csi500_medium_bottom_20200204,confirmation,single_lobe,primary_match
ma20_episode_ml_l2_logistic::bottom::all_a_ma20_episode_match_walk_forward_v1::onset::csi500::matched::ma20_episode_ml_l2_logistic::bottom::all_a_ma20_episode_match_walk_forward_v1::000002,ma20_episode_ml_l2_logistic,bottom,all_a_ma20_episode_match_walk_forward_v1,onset,csi500,中证500,matched,True,ma20_episode_ml_l2_logistic::bottom::all_a_ma20_episode_match_walk_forward_v1::000002,2020-03-25,csi500_medium_bottom_20200324,2020-03-24,2020-03-17,2020-04-02,multi_lobe,4,,envelope,False,True,confirmation,1,1,5,ma20_episode_ml_l2_logistic::bottom::all_a_ma20_episode_match_walk_forward_v1::000002,2019-01-02,2026-08-14,True,True,top_bottom_regions_v2,csi500_medium_bottom_20200324,confirmation,multi_lobe,primary_match
ma20_episode_ml_l2_logistic::bottom::all_a_ma20_episode_match_walk_forward_v1::onset::csi500::false_alarm::ma20_episode_ml_l2_logistic::bottom::all_a_ma20_episode_match_walk_forward_v1::000003,ma20_episode_ml_l2_logistic,bottom,all_a_ma20_episode_match_walk_forward_v1,onset,csi500,中证500,false_alarm,False,ma20_episode_ml_l2_logistic::bottom::all_a_ma20_episode_match_walk_forward_v1::000003,2020-09-17,,,,,,,,,False,False,,,,,,2019-01-02,2026-08-14,,,,csi500_medium_bottom_20201102,prediction,multi_lobe,nearest_region_for_slice_only
ma20_episode_ml_l2_logistic::bottom::all_a_ma20_episode_match_walk_forward_v1::onset::csi500::missed_region::csi500_medium_bottom_20201102,ma20_episode_ml_l2_logistic,bottom,all_a_ma20_episode_match_walk_forward_v1,onset,csi500,中证500,missed_region,False,,,csi500_medium_bottom_20201102,2020-11-02,2020-09-25,2020-11-04,multi_lobe,2,,,False,False,,,,,,2019-01-02,2026-08-14,True,True,top_bottom_regions_v2,,,,
ma20_episode_ml_l2_logistic::bottom::all_a_ma20_episode_match_walk_forward_v1::onset::csi500::missed_region::csi500_medium_bottom_20210309,ma20_episode_ml_l2_logistic,bottom,all_a_ma20_episode_match_walk_forward_v1,onset,csi500,中证500,missed_region,False,,,csi500_medium_bottom_20210309,2021-03-09,2021-03-09,2021-03-25,multi_lobe,2,,,False,False,,,,,,2019-01-02,2026-08-14,True,True,top_bottom_regions_v2,,,,
ma20_episode_ml_l2_logistic::bottom::all_a_ma20_episode_match_walk_forward_v1::onset::csi500::false_alarm::ma20_episode_ml_l2_logistic::bottom::all_a_ma20_episode_match_walk_forward_v1::000004,ma20_episode_ml_l2_logistic,bottom,all_a_ma20_episode_match_walk_forward_v1,onset,csi500,中证500,false_alarm,False,ma20_episode_ml_l2_logistic::bottom::all_a_ma20_episode_match_walk_forward_v1::000004,2021-10-13,,,,,,,,,False,False,,,,,,2019-01-02,2026-08-14,,,,csi500_medium_bottom_20220427,prediction,single_lobe,nearest_region_for_slice_only
ma20_episode_ml_l2_logistic::bottom::all_a_ma20_episode_match_walk_forward_v1::onset::csi500::false_alarm::ma20_episode_ml_l2_logistic::bottom::all_a_ma20_episode_match_walk_forward_v1::000005,ma20_episode_ml_l2_logistic,bottom,all_a_ma20_episode_match_walk_forward_v1,onset,csi500,中证500,false_alarm,False,ma20_episode_ml_l2_logistic::bottom::all_a_ma20_episode_match_walk_forward_v1::000005,2022-02-08,,,,,,,,,False,False,,,,,,2019-01-02,2026-08-14,,,,csi500_medium_bottom_20220427,prediction,single_lobe,nearest_region_for_slice_only
ma20_episode_ml_l2_logistic::bottom::all_a_ma20_episode_match_walk_forward_v1::onset::csi500::false_alarm::ma20_episode_ml_l2_logistic::bottom::all_a_ma20_episode_match_walk_forward_v1::000006,ma20_episode_ml_l2_logistic,bottom,all_a_ma20_episode_match_walk_forward_v1,onset,csi500,中证500,false_alarm,False,ma20_episode_ml_l2_logistic::bottom::all_a_ma20_episode_match_walk_forward_v1::000006,2022-03-24,,,,,,,,,False,False,,,,,,2019-01-02,2026-08-14,,,,csi500_medium_bottom_20220427,prediction,single_lobe,nearest_region_for_slice_only
ma20_episode_ml_l2_logistic::bottom::all_a_ma20_episode_match_walk_forward_v1::onset::csi500::missed_region::csi500_medium_bottom_20220427,ma20_episode_ml_l2_logistic,bottom,all_a_ma20_episode_match_walk_forward_v1,onset,csi500,中证500,missed_region,False,,,csi500_medium_bottom_20220427,2022-04-27,2022-04-26,2022-04-27,single_lobe,1,,,False,False,,,,,,2019-01-02,2026-08-14,True,True,top_bottom_regions_v2,,,,
ma20_episode_ml_l2_logistic::bottom::all_a_ma20_episode_match_walk_forward_v1::onset::csi500::missed_region::csi500_medium_bottom_20221012,ma20_episode_ml_l2_logistic,bottom,all_a_ma20_episode_match_walk_forward_v1,onset,csi500,中证500,missed_region,False,,,csi500_medium_bottom_20221012,2022-10-12,2022-10-10,2022-10-12,single_lobe,1,,,False,False,,,,,,2019-01-02,2026-08-14,True,True,top_bottom_regions_v2,,,,
ma20_episode_ml_l2_logistic::bottom::all_a_ma20_episode_match_walk_forward_v1::onset::csi500::false_alarm::ma20_episode_ml_l2_logistic::bottom::all_a_ma20_episode_match_walk_forward_v1::000007,ma20_episode_ml_l2_logistic,bottom,all_a_ma20_episode_match_walk_forward_v1,onset,csi500,中证500,false_alarm,False,ma20_episode_ml_l2_logistic::bottom::all_a_ma20_episode_match_walk_forward_v1::000007,2022-12-30,,,,,,,,,False,False,,,,,,2019-01-02,2026-08-14,,,,csi500_medium_bottom_20221012,confirmation,single_lobe,nearest_region_for_slice_only
ma20_episode_ml_l2_logistic::bottom::all_a_ma20_episode_match_walk_forward_v1::onset::csi500::false_alarm::ma20_episode_ml_l2_logistic::bottom::all_a_ma20_episode_match_walk_forward_v1::000008,ma20_episode_ml_l2_logistic,bottom,all_a_ma20_episode_match_walk_forward_v1,onset,csi500,中证500,false_alarm,False,ma20_episode_ml_l2_logistic::bottom::all_a_ma20_episode_match_walk_forward_v1::000008,2023-10-25,,,,,,,,,False,False,,,,,,2019-01-02,2026-08-14,,,,csi500_medium_bottom_20240205,prediction,single_lobe,nearest_region_for_slice_only
ma20_episode_ml_l2_logistic::bottom::all_a_ma20_episode_match_walk_forward_v1::onset::csi500::duplicate_alarm::ma20_episode_ml_l2_logistic::bottom::all_a_ma20_episode_match_walk_forward_v1::000009,ma20_episode_ml_l2_logistic,bottom,all_a_ma20_episode_match_walk_forward_v1,onset,csi500,中证500,duplicate_alarm,False,ma20_episode_ml_l2_logistic::bottom::all_a_ma20_episode_match_walk_forward_v1::000009,2024-01-25,csi500_medium_bottom_20240205,2024-02-05,2024-02-05,2024-02-05,single_lobe,1,,prediction_window,False,False,prediction,-7,7,10,ma20_episode_ml_l2_logistic::bottom::all_a_ma20_episode_match_walk_forward_v1::000010,2019-01-02,2026-08-14,True,True,top_bottom_regions_v2,csi500_medium_bottom_20240205,prediction,single_lobe,duplicate_candidate
ma20_episode_ml_l2_logistic::bottom::all_a_ma20_episode_match_walk_forward_v1::onset::csi500::matched::ma20_episode_ml_l2_logistic::bottom::all_a_ma20_episode_match_walk_forward_v1::000010,ma20_episode_ml_l2_logistic,bottom,all_a_ma20_episode_match_walk_forward_v1,onset,csi500,中证500,matched,True,ma20_episode_ml_l2_logistic::bottom::all_a_ma20_episode_match_walk_forward_v1::000010,2024-02-07,csi500_medium_bottom_20240205,2024-02-05,2024-02-05,2024-02-05,single_lobe,1,,confirmation_window,False,False,confirmation,2,2,5,ma20_episode_ml_l2_logistic::bottom::all_a_ma20_episode_match_walk_forward_v1::000010,2019-01-02,2026-08-14,True,True,top_bottom_regions_v2,csi500_medium_bottom_20240205,confirmation,single_lobe,primary_match
ma20_episode_ml_l2_logistic::bottom::all_a_ma20_episode_match_walk_forward_v1::onset::csi500::false_alarm::ma20_episode_ml_l2_logistic::bottom::all_a_ma20_episode_match_walk_forward_v1::000011,ma20_episode_ml_l2_logistic,bottom,all_a_ma20_episode_match_walk_forward_v1,onset,csi500,中证500,false_alarm,False,ma20_episode_ml_l2_logistic::bottom::all_a_ma20_episode_match_walk_forward_v1::000011,2024-04-23,,,,,,,,,False,False,,,,,,2019-01-02,2026-08-14,,,,csi500_medium_bottom_20240205,confirmation,single_lobe,nearest_region_for_slice_only
ma20_episode_ml_l2_logistic::bottom::all_a_ma20_episode_match_walk_forward_v1::onset::csi500::false_alarm::ma20_episode_ml_l2_logistic::bottom::all_a_ma20_episode_match_walk_forward_v1::000012,ma20_episode_ml_l2_logistic,bottom,all_a_ma20_episode_match_walk_forward_v1,onset,csi500,中证500,false_alarm,False,ma20_episode_ml_l2_logistic::bottom::all_a_ma20_episode_match_walk_forward_v1::000012,2024-06-14,,,,,,,,,False,False,,,,,,2019-01-02,2026-08-14,,,,csi500_medium_bottom_20240918,prediction,multi_lobe,nearest_region_for_slice_only
ma20_episode_ml_l2_logistic::bottom::all_a_ma20_episode_match_walk_forward_v1::onset::csi500::false_alarm::ma20_episode_ml_l2_logistic::bottom::all_a_ma20_episode_match_walk_forward_v1::000013,ma20_episode_ml_l2_logistic,bottom,all_a_ma20_episode_match_walk_forward_v1,onset,csi500,中证500,false_alarm,False,ma20_episode_ml_l2_logistic::bottom::all_a_ma20_episode_match_walk_forward_v1::000013,2024-07-01,,,,,,,,,False,False,,,,,,2019-01-02,2026-08-14,,,,csi500_medium_bottom_20240918,prediction,multi_lobe,nearest_region_for_slice_only
ma20_episode_ml_l2_logistic::bottom::all_a_ma20_episode_match_walk_forward_v1::onset::csi500::false_alarm::ma20_episode_ml_l2_logistic::bottom::all_a_ma20_episode_match_walk_forward_v1::000014,ma20_episode_ml_l2_logistic,bottom,all_a_ma20_episode_match_walk_forward_v1,onset,csi500,中证500,false_alarm,False,ma20_episode_ml_l2_logistic::bottom::all_a_ma20_episode_match_walk_forward_v1::000014,2024-07-03,,,,,,,,,False,False,,,,,,2019-01-02,2026-08-14,,,,csi500_medium_bottom_20240918,prediction,multi_lobe,nearest_region_for_slice_only
ma20_episode_ml_l2_logistic::bottom::all_a_ma20_episode_match_walk_forward_v1::onset::csi500::false_alarm::ma20_episode_ml_l2_logistic::bottom::all_a_ma20_episode_match_walk_forward_v1::000015,ma20_episode_ml_l2_logistic,bottom,all_a_ma20_episode_match_walk_forward_v1,onset,csi500,中证500,false_alarm,False,ma20_episode_ml_l2_logistic::bottom::all_a_ma20_episode_match_walk_forward_v1::000015,2024-07-15,,,,,,,,,False,False,,,,,,2019-01-02,2026-08-14,,,,csi500_medium_bottom_20240918,prediction,multi_lobe,nearest_region_for_slice_only
ma20_episode_ml_l2_logistic::bottom::all_a_ma20_episode_match_walk_forward_v1::onset::csi500::matched::ma20_episode_ml_l2_logistic::bottom::all_a_ma20_episode_match_walk_forward_v1::000016,ma20_episode_ml_l2_logistic,bottom,all_a_ma20_episode_match_walk_forward_v1,onset,csi500,中证500,matched,True,ma20_episode_ml_l2_logistic::bottom::all_a_ma20_episode_match_walk_forward_v1::000016,2024-08-29,csi500_medium_bottom_20240918,2024-09-18,2024-08-28,2024-09-23,multi_lobe,3,csi500_medium_bottom_20240918_lobe_01,core_lobe,True,True,prediction,-12,12,20,ma20_episode_ml_l2_logistic::bottom::all_a_ma20_episode_match_walk_forward_v1::000016,2019-01-02,2026-08-14,True,True,top_bottom_regions_v2,csi500_medium_bottom_20240918,prediction,multi_lobe,primary_match
ma20_episode_ml_l2_logistic::bottom::all_a_ma20_episode_match_walk_forward_v1::onset::csi500::missed_region::csi500_medium_bottom_20241016,ma20_episode_ml_l2_logistic,bottom,all_a_ma20_episode_match_walk_forward_v1,onset,csi500,中证500,missed_region,False,,,csi500_medium_bottom_20241016,2024-10-16,2024-10-14,2024-10-18,single_lobe,1,,,False,False,,,,,,2019-01-02,2026-08-14,True,True,top_bottom_regions_v2,,,,
ma20_episode_ml_l2_logistic::bottom::all_a_ma20_episode_match_walk_forward_v1::onset::csi500::missed_region::csi500_medium_bottom_20250113,ma20_episode_ml_l2_logistic,bottom,all_a_ma20_episode_match_walk_forward_v1,onset,csi500,中证500,missed_region,False,,,csi500_medium_bottom_20250113,2025-01-13,2025-01-03,2025-01-14,multi_lobe,2,,,False,False,,,,,,2019-01-02,2026-08-14,True,True,top_bottom_regions_v2,,,,
ma20_episode_ml_l2_logistic::bottom::all_a_ma20_episode_match_walk_forward_v1::onset::csi500::matched::ma20_episode_ml_l2_logistic::bottom::all_a_ma20_episode_match_walk_forward_v1::000017,ma20_episode_ml_l2_logistic,bottom,all_a_ma20_episode_match_walk_forward_v1,onset,csi500,中证500,matched,True,ma20_episode_ml_l2_logistic::bottom::all_a_ma20_episode_match_walk_forward_v1::000017,2025-04-14,csi500_medium_bottom_20250409,2025-04-09,2025-04-07,2025-04-09,multi_lobe,2,,confirmation_window,False,False,confirmation,3,3,5,ma20_episode_ml_l2_logistic::bottom::all_a_ma20_episode_match_walk_forward_v1::000017,2019-01-02,2026-08-14,True,True,top_bottom_regions_v2,csi500_medium_bottom_20250409,confirmation,multi_lobe,primary_match
ma20_episode_ml_l2_logistic::bottom::all_a_ma20_episode_match_walk_forward_v1::onset::csi500::matched::ma20_episode_ml_l2_logistic::bottom::all_a_ma20_episode_match_walk_forward_v1::000018,ma20_episode_ml_l2_logistic,bottom,all_a_ma20_episode_match_walk_forward_v1,onset,csi500,中证500,matched,True,ma20_episode_ml_l2_logistic::bottom::all_a_ma20_episode_match_walk_forward_v1::000018,2026-03-27,csi500_medium_bottom_20260324,2026-03-24,2026-03-23,2026-04-03,multi_lobe,2,,envelope,False,True,confirmation,3,3,5,ma20_episode_ml_l2_logistic::bottom::all_a_ma20_episode_match_walk_forward_v1::000018,2019-01-02,2026-08-14,True,True,top_bottom_regions_v2,csi500_medium_bottom_20260324,confirmation,multi_lobe,primary_match
ma20_episode_ml_l2_logistic::bottom::all_a_ma20_episode_match_walk_forward_v1::onset::csi500::matched::ma20_episode_ml_l2_logistic::bottom::all_a_ma20_episode_match_walk_forward_v1::000019,ma20_episode_ml_l2_logistic,bottom,all_a_ma20_episode_match_walk_forward_v1,onset,csi500,中证500,matched,True,ma20_episode_ml_l2_logistic::bottom::all_a_ma20_episode_match_walk_forward_v1::000019,2026-06-15,csi500_medium_bottom_20260608,2026-06-08,2026-06-08,2026-06-11,single_lobe,1,,confirmation_window,False,False,confirmation,5,5,5,ma20_episode_ml_l2_logistic::bottom::all_a_ma20_episode_match_walk_forward_v1::000019,2019-01-02,2026-08-14,True,True,top_bottom_regions_v2,csi500_medium_bottom_20260608,confirmation,single_lobe,primary_match
ma20_episode_ml_l2_logistic::bottom::all_a_ma20_episode_match_walk_forward_v1::onset::csi500::matched::ma20_episode_ml_l2_logistic::bottom::all_a_ma20_episode_match_walk_forward_v1::000020,ma20_episode_ml_l2_logistic,bottom,all_a_ma20_episode_match_walk_forward_v1,onset,csi500,中证500,matched,True,ma20_episode_ml_l2_logistic::bottom::all_a_ma20_episode_match_walk_forward_v1::000020,2026-07-20,csi500_medium_bottom_20260730,2026-07-30,2026-07-20,2026-07-30,multi_lobe,2,csi500_medium_bottom_20260730_lobe_01,core_lobe,True,True,prediction,-8,8,10,ma20_episode_ml_l2_logistic::bottom::all_a_ma20_episode_match_walk_forward_v1::000020,2019-01-02,2026-08-14,True,False,top_bottom_regions_v2,csi500_medium_bottom_20260730,prediction,multi_lobe,primary_match
ma20_episode_ml_l2_logistic::bottom::all_a_ma20_episode_match_walk_forward_v1::onset::microcap::missed_region::microcap_medium_bottom_20190506,ma20_episode_ml_l2_logistic,bottom,all_a_ma20_episode_match_walk_forward_v1,onset,microcap,微盘股,missed_region,False,,,microcap_medium_bottom_20190506,2019-05-06,2019-05-06,2019-05-08,single_lobe,1,,,False,False,,,,,,2019-01-02,2026-08-14,True,True,top_bottom_regions_v2,,,,
ma20_episode_ml_l2_logistic::bottom::all_a_ma20_episode_match_walk_forward_v1::onset::microcap::matched::ma20_episode_ml_l2_logistic::bottom::all_a_ma20_episode_match_walk_forward_v1::000001,ma20_episode_ml_l2_logistic,bottom,all_a_ma20_episode_match_walk_forward_v1,onset,microcap,微盘股,matched,True,ma20_episode_ml_l2_logistic::bottom::all_a_ma20_episode_match_walk_forward_v1::000001,2020-02-10,microcap_medium_bottom_20200204,2020-02-04,2020-02-04,2020-02-04,single_lobe,1,,confirmation_window,False,False,confirmation,4,4,5,ma20_episode_ml_l2_logistic::bottom::all_a_ma20_episode_match_walk_forward_v1::000001,2019-01-02,2026-08-14,True,True,top_bottom_regions_v2,microcap_medium_bottom_20200204,confirmation,single_lobe,primary_match
ma20_episode_ml_l2_logistic::bottom::all_a_ma20_episode_match_walk_forward_v1::onset::microcap::false_alarm::ma20_episode_ml_l2_logistic::bottom::all_a_ma20_episode_match_walk_forward_v1::000002,ma20_episode_ml_l2_logistic,bottom,all_a_ma20_episode_match_walk_forward_v1,onset,microcap,微盘股,false_alarm,False,ma20_episode_ml_l2_logistic::bottom::all_a_ma20_episode_match_walk_forward_v1::000002,2020-03-25,,,,,,,,,False,False,,,,,,2019-01-02,2026-08-14,,,,microcap_medium_bottom_20200204,confirmation,single_lobe,nearest_region_for_slice_only
ma20_episode_ml_l2_logistic::bottom::all_a_ma20_episode_match_walk_forward_v1::onset::microcap::false_alarm::ma20_episode_ml_l2_logistic::bottom::all_a_ma20_episode_match_walk_forward_v1::000003,ma20_episode_ml_l2_logistic,bottom,all_a_ma20_episode_match_walk_forward_v1,onset,microcap,微盘股,false_alarm,False,ma20_episode_ml_l2_logistic::bottom::all_a_ma20_episode_match_walk_forward_v1::000003,2020-09-17,,,,,,,,,False,False,,,,,,2019-01-02,2026-08-14,,,,microcap_medium_bottom_20210208,prediction,single_lobe,nearest_region_for_slice_only
ma20_episode_ml_l2_logistic::bottom::all_a_ma20_episode_match_walk_forward_v1::onset::microcap::missed_region::microcap_medium_bottom_20210208,ma20_episode_ml_l2_logistic,bottom,all_a_ma20_episode_match_walk_forward_v1,onset,microcap,微盘股,missed_region,False,,,microcap_medium_bottom_20210208,2021-02-08,2021-02-04,2021-02-09,single_lobe,1,,,False,False,,,,,,2019-01-02,2026-08-14,True,True,top_bottom_regions_v2,,,,
ma20_episode_ml_l2_logistic::bottom::all_a_ma20_episode_match_walk_forward_v1::onset::microcap::false_alarm::ma20_episode_ml_l2_logistic::bottom::all_a_ma20_episode_match_walk_forward_v1::000004,ma20_episode_ml_l2_logistic,bottom,all_a_ma20_episode_match_walk_forward_v1,onset,microcap,微盘股,false_alarm,False,ma20_episode_ml_l2_logistic::bottom::all_a_ma20_episode_match_walk_forward_v1::000004,2021-10-13,,,,,,,,,False,False,,,,,,2019-01-02,2026-08-14,,,,microcap_medium_bottom_20220427,prediction,single_lobe,nearest_region_for_slice_only
ma20_episode_ml_l2_logistic::bottom::all_a_ma20_episode_match_walk_forward_v1::onset::microcap::false_alarm::ma20_episode_ml_l2_logistic::bottom::all_a_ma20_episode_match_walk_forward_v1::000005,ma20_episode_ml_l2_logistic,bottom,all_a_ma20_episode_match_walk_forward_v1,onset,microcap,微盘股,false_alarm,False,ma20_episode_ml_l2_logistic::bottom::all_a_ma20_episode_match_walk_forward_v1::000005,2022-02-08,,,,,,,,,False,False,,,,,,2019-01-02,2026-08-14,,,,microcap_medium_bottom_20220427,prediction,single_lobe,nearest_region_for_slice_only
ma20_episode_ml_l2_logistic::bottom::all_a_ma20_episode_match_walk_forward_v1::onset::microcap::false_alarm::ma20_episode_ml_l2_logistic::bottom::all_a_ma20_episode_match_walk_forward_v1::000006,ma20_episode_ml_l2_logistic,bottom,all_a_ma20_episode_match_walk_forward_v1,onset,microcap,微盘股,false_alarm,False,ma20_episode_ml_l2_logistic::bottom::all_a_ma20_episode_match_walk_forward_v1::000006,2022-03-24,,,,,,,,,False,False,,,,,,2019-01-02,2026-08-14,,,,microcap_medium_bottom_20220427,prediction,single_lobe,nearest_region_for_slice_only
ma20_episode_ml_l2_logistic::bottom::all_a_ma20_episode_match_walk_forward_v1::onset::microcap::missed_region::microcap_medium_bottom_20220427,ma20_episode_ml_l2_logistic,bottom,all_a_ma20_episode_match_walk_forward_v1,onset,microcap,微盘股,missed_region,False,,,microcap_medium_bottom_20220427,2022-04-27,2022-04-27,2022-04-28,single_lobe,1,,,False,False,,,,,,2019-01-02,2026-08-14,True,True,top_bottom_regions_v2,,,,
ma20_episode_ml_l2_logistic::bottom::all_a_ma20_episode_match_walk_forward_v1::onset::microcap::missed_region::microcap_medium_bottom_20221011,ma20_episode_ml_l2_logistic,bottom,all_a_ma20_episode_match_walk_forward_v1,onset,microcap,微盘股,missed_region,False,,,microcap_medium_bottom_20221011,2022-10-11,2022-10-10,2022-10-12,single_lobe,1,,,False,False,,,,,,2019-01-02,2026-08-14,True,True,top_bottom_regions_v2,,,,
ma20_episode_ml_l2_logistic::bottom::all_a_ma20_episode_match_walk_forward_v1::onset::microcap::false_alarm::ma20_episode_ml_l2_logistic::bottom::all_a_ma20_episode_match_walk_forward_v1::000007,ma20_episode_ml_l2_logistic,bottom,all_a_ma20_episode_match_walk_forward_v1,onset,microcap,微盘股,false_alarm,False,ma20_episode_ml_l2_logistic::bottom::all_a_ma20_episode_match_walk_forward_v1::000007,2022-12-30,,,,,,,,,False,False,,,,,,2019-01-02,2026-08-14,,,,microcap_medium_bottom_20221011,confirmation,single_lobe,nearest_region_for_slice_only
ma20_episode_ml_l2_logistic::bottom::all_a_ma20_episode_match_walk_forward_v1::onset::microcap::missed_region::microcap_medium_bottom_20230425,ma20_episode_ml_l2_logistic,bottom,all_a_ma20_episode_match_walk_forward_v1,onset,microcap,微盘股,missed_region,False,,,microcap_medium_bottom_20230425,2023-04-25,2023-04-24,2023-04-26,single_lobe,1,,,False,False,,,,,,2019-01-02,2026-08-14,True,True,top_bottom_regions_v2,,,,
ma20_episode_ml_l2_logistic::bottom::all_a_ma20_episode_match_walk_forward_v1::onset::microcap::false_alarm::ma20_episode_ml_l2_logistic::bottom::all_a_ma20_episode_match_walk_forward_v1::000008,ma20_episode_ml_l2_logistic,bottom,all_a_ma20_episode_match_walk_forward_v1,onset,microcap,微盘股,false_alarm,False,ma20_episode_ml_l2_logistic::bottom::all_a_ma20_episode_match_walk_forward_v1::000008,2023-10-25,,,,,,,,,False,False,,,,,,2019-01-02,2026-08-14,,,,microcap_medium_bottom_20240208,prediction,single_lobe,nearest_region_for_slice_only
ma20_episode_ml_l2_logistic::bottom::all_a_ma20_episode_match_walk_forward_v1::onset::microcap::matched::ma20_episode_ml_l2_logistic::bottom::all_a_ma20_episode_match_walk_forward_v1::000009,ma20_episode_ml_l2_logistic,bottom,all_a_ma20_episode_match_walk_forward_v1,onset,microcap,微盘股,matched,True,ma20_episode_ml_l2_logistic::bottom::all_a_ma20_episode_match_walk_forward_v1::000009,2024-01-25,microcap_medium_bottom_20240229,2024-02-29,2024-02-29,2024-02-29,single_lobe,1,,prediction_window,False,False,prediction,-19,19,20,ma20_episode_ml_l2_logistic::bottom::all_a_ma20_episode_match_walk_forward_v1::000009,2019-01-02,2026-08-14,True,True,top_bottom_regions_v2,microcap_medium_bottom_20240229,prediction,single_lobe,primary_match
ma20_episode_ml_l2_logistic::bottom::all_a_ma20_episode_match_walk_forward_v1::onset::microcap::matched::ma20_episode_ml_l2_logistic::bottom::all_a_ma20_episode_match_walk_forward_v1::000010,ma20_episode_ml_l2_logistic,bottom,all_a_ma20_episode_match_walk_forward_v1,onset,microcap,微盘股,matched,True,ma20_episode_ml_l2_logistic::bottom::all_a_ma20_episode_match_walk_forward_v1::000010,2024-02-07,microcap_medium_bottom_20240208,2024-02-08,2024-02-08,2024-02-08,single_lobe,1,,prediction_window,False,False,prediction,-1,1,5,ma20_episode_ml_l2_logistic::bottom::all_a_ma20_episode_match_walk_forward_v1::000010,2019-01-02,2026-08-14,True,True,top_bottom_regions_v2,microcap_medium_bottom_20240208,prediction,single_lobe,primary_match
ma20_episode_ml_l2_logistic::bottom::all_a_ma20_episode_match_walk_forward_v1::onset::microcap::matched::ma20_episode_ml_l2_logistic::bottom::all_a_ma20_episode_match_walk_forward_v1::000011,ma20_episode_ml_l2_logistic,bottom,all_a_ma20_episode_match_walk_forward_v1,onset,microcap,微盘股,matched,True,ma20_episode_ml_l2_logistic::bottom::all_a_ma20_episode_match_walk_forward_v1::000011,2024-04-23,microcap_medium_bottom_20240417,2024-04-17,2024-04-16,2024-04-17,single_lobe,1,,confirmation_window,False,False,confirmation,4,4,5,ma20_episode_ml_l2_logistic::bottom::all_a_ma20_episode_match_walk_forward_v1::000011,2019-01-02,2026-08-14,True,True,top_bottom_regions_v2,microcap_medium_bottom_20240417,confirmation,single_lobe,primary_match
ma20_episode_ml_l2_logistic::bottom::all_a_ma20_episode_match_walk_forward_v1::onset::microcap::matched::ma20_episode_ml_l2_logistic::bottom::all_a_ma20_episode_match_walk_forward_v1::000012,ma20_episode_ml_l2_logistic,bottom,all_a_ma20_episode_match_walk_forward_v1,onset,microcap,微盘股,matched,True,ma20_episode_ml_l2_logistic::bottom::all_a_ma20_episode_match_walk_forward_v1::000012,2024-06-14,microcap_medium_bottom_20240606,2024-06-06,2024-06-06,2024-06-06,single_lobe,1,,confirmation_window,False,False,confirmation,5,5,5,ma20_episode_ml_l2_logistic::bottom::all_a_ma20_episode_match_walk_forward_v1::000012,2019-01-02,2026-08-14,True,True,top_bottom_regions_v2,microcap_medium_bottom_20240606,confirmation,single_lobe,primary_match
ma20_episode_ml_l2_logistic::bottom::all_a_ma20_episode_match_walk_forward_v1::onset::microcap::duplicate_alarm::ma20_episode_ml_l2_logistic::bottom::all_a_ma20_episode_match_walk_forward_v1::000013,ma20_episode_ml_l2_logistic,bottom,all_a_ma20_episode_match_walk_forward_v1,onset,microcap,微盘股,duplicate_alarm,False,ma20_episode_ml_l2_logistic::bottom::all_a_ma20_episode_match_walk_forward_v1::000013,2024-07-01,microcap_medium_bottom_20240606,2024-06-06,2024-06-06,2024-06-06,single_lobe,1,,confirmation_window,False,False,confirmation,16,16,20,ma20_episode_ml_l2_logistic::bottom::all_a_ma20_episode_match_walk_forward_v1::000012,2019-01-02,2026-08-14,True,True,top_bottom_regions_v2,microcap_medium_bottom_20240606,confirmation,single_lobe,duplicate_candidate
ma20_episode_ml_l2_logistic::bottom::all_a_ma20_episode_match_walk_forward_v1::onset::microcap::duplicate_alarm::ma20_episode_ml_l2_logistic::bottom::all_a_ma20_episode_match_walk_forward_v1::000014,ma20_episode_ml_l2_logistic,bottom,all_a_ma20_episode_match_walk_forward_v1,onset,microcap,微盘股,duplicate_alarm,False,ma20_episode_ml_l2_logistic::bottom::all_a_ma20_episode_match_walk_forward_v1::000014,2024-07-03,microcap_medium_bottom_20240606,2024-06-06,2024-06-06,2024-06-06,single_lobe,1,,confirmation_window,False,False,confirmation,18,18,20,ma20_episode_ml_l2_logistic::bottom::all_a_ma20_episode_match_walk_forward_v1::000012,2019-01-02,2026-08-14,True,True,top_bottom_regions_v2,microcap_medium_bottom_20240606,confirmation,single_lobe,duplicate_candidate
ma20_episode_ml_l2_logistic::bottom::all_a_ma20_episode_match_walk_forward_v1::onset::microcap::false_alarm::ma20_episode_ml_l2_logistic::bottom::all_a_ma20_episode_match_walk_forward_v1::000015,ma20_episode_ml_l2_logistic,bottom,all_a_ma20_episode_match_walk_forward_v1,onset,microcap,微盘股,false_alarm,False,ma20_episode_ml_l2_logistic::bottom::all_a_ma20_episode_match_walk_forward_v1::000015,2024-07-15,,,,,,,,,False,False,,,,,,2019-01-02,2026-08-14,,,,microcap_medium_bottom_20240606,confirmation,single_lobe,nearest_region_for_slice_only
ma20_episode_ml_l2_logistic::bottom::all_a_ma20_episode_match_walk_forward_v1::onset::microcap::false_alarm::ma20_episode_ml_l2_logistic::bottom::all_a_ma20_episode_match_walk_forward_v1::000016,ma20_episode_ml_l2_logistic,bottom,all_a_ma20_episode_match_walk_forward_v1,onset,microcap,微盘股,false_alarm,False,ma20_episode_ml_l2_logistic::bottom::all_a_ma20_episode_match_walk_forward_v1::000016,2024-08-29,,,,,,,,,False,False,,,,,,2019-01-02,2026-08-14,,,,microcap_medium_bottom_20241011,prediction,single_lobe,nearest_region_for_slice_only
ma20_episode_ml_l2_logistic::bottom::all_a_ma20_episode_match_walk_forward_v1::onset::microcap::missed_region::microcap_medium_bottom_20241011,ma20_episode_ml_l2_logistic,bottom,all_a_ma20_episode_match_walk_forward_v1,onset,microcap,微盘股,missed_region,False,,,microcap_medium_bottom_20241011,2024-10-11,2024-10-11,2024-10-14,single_lobe,1,,,False,False,,,,,,2019-01-02,2026-08-14,True,True,top_bottom_regions_v2,,,,
ma20_episode_ml_l2_logistic::bottom::all_a_ma20_episode_match_walk_forward_v1::onset::microcap::missed_region::microcap_medium_bottom_20250106,ma20_episode_ml_l2_logistic,bottom,all_a_ma20_episode_match_walk_forward_v1,onset,microcap,微盘股,missed_region,False,,,microcap_medium_bottom_20250106,2025-01-06,2025-01-06,2025-01-13,multi_lobe,2,,,False,False,,,,,,2019-01-02,2026-08-14,True,True,top_bottom_regions_v2,,,,
ma20_episode_ml_l2_logistic::bottom::all_a_ma20_episode_match_walk_forward_v1::onset::microcap::matched::ma20_episode_ml_l2_logistic::bottom::all_a_ma20_episode_match_walk_forward_v1::000017,ma20_episode_ml_l2_logistic,bottom,all_a_ma20_episode_match_walk_forward_v1,onset,microcap,微盘股,matched,True,ma20_episode_ml_l2_logistic::bottom::all_a_ma20_episode_match_walk_forward_v1::000017,2025-04-14,microcap_medium_bottom_20250409,2025-04-09,2025-04-09,2025-04-09,single_lobe,1,,confirmation_window,False,False,confirmation,3,3,5,ma20_episode_ml_l2_logistic::bottom::all_a_ma20_episode_match_walk_forward_v1::000017,2019-01-02,2026-08-14,True,True,top_bottom_regions_v2,microcap_medium_bottom_20250409,confirmation,single_lobe,primary_match
ma20_episode_ml_l2_logistic::bottom::all_a_ma20_episode_match_walk_forward_v1::onset::microcap::matched::ma20_episode_ml_l2_logistic::bottom::all_a_ma20_episode_match_walk_forward_v1::000018,ma20_episode_ml_l2_logistic,bottom,all_a_ma20_episode_match_walk_forward_v1,onset,microcap,微盘股,matched,True,ma20_episode_ml_l2_logistic::bottom::all_a_ma20_episode_match_walk_forward_v1::000018,2026-03-27,microcap_medium_bottom_20260323,2026-03-23,2026-03-23,2026-03-24,single_lobe,1,,confirmation_window,False,False,confirmation,4,4,5,ma20_episode_ml_l2_logistic::bottom::all_a_ma20_episode_match_walk_forward_v1::000018,2019-01-02,2026-08-14,True,True,top_bottom_regions_v2,microcap_medium_bottom_20260323,confirmation,single_lobe,primary_match
ma20_episode_ml_l2_logistic::bottom::all_a_ma20_episode_match_walk_forward_v1::onset::microcap::false_alarm::ma20_episode_ml_l2_logistic::bottom::all_a_ma20_episode_match_walk_forward_v1::000019,ma20_episode_ml_l2_logistic,bottom,all_a_ma20_episode_match_walk_forward_v1,onset,microcap,微盘股,false_alarm,False,ma20_episode_ml_l2_logistic::bottom::all_a_ma20_episode_match_walk_forward_v1::000019,2026-06-15,,,,,,,,,False,False,,,,,,2019-01-02,2026-08-14,,,,microcap_medium_bottom_20260721,prediction,single_lobe,nearest_region_for_slice_only
ma20_episode_ml_l2_logistic::bottom::all_a_ma20_episode_match_walk_forward_v1::onset::microcap::matched::ma20_episode_ml_l2_logistic::bottom::all_a_ma20_episode_match_walk_forward_v1::000020,ma20_episode_ml_l2_logistic,bottom,all_a_ma20_episode_match_walk_forward_v1,onset,microcap,微盘股,matched,True,ma20_episode_ml_l2_logistic::bottom::all_a_ma20_episode_match_walk_forward_v1::000020,2026-07-20,microcap_medium_bottom_20260721,2026-07-21,2026-07-21,2026-07-21,single_lobe,1,,prediction_window,False,False,prediction,-1,1,5,ma20_episode_ml_l2_logistic::bottom::all_a_ma20_episode_match_walk_forward_v1::000020,2019-01-02,2026-08-14,True,False,top_bottom_regions_v2,microcap_medium_bottom_20260721,prediction,single_lobe,primary_match
ma20_episode_ml_l2_logistic::bottom::all_a_ma20_episode_match_walk_forward_v1::onset::sse_composite::missed_region::sse_composite_medium_bottom_20190104,ma20_episode_ml_l2_logistic,bottom,all_a_ma20_episode_match_walk_forward_v1,onset,sse_composite,上证指数,missed_region,False,,,sse_composite_medium_bottom_20190104,2019-01-04,2018-12-25,2019-01-04,multi_lobe,2,,,False,False,,,,,,2019-01-02,2026-08-14,False,True,top_bottom_regions_v2,,,,
ma20_episode_ml_l2_logistic::bottom::all_a_ma20_episode_match_walk_forward_v1::onset::sse_composite::missed_region::sse_composite_medium_bottom_20190606,ma20_episode_ml_l2_logistic,bottom,all_a_ma20_episode_match_walk_forward_v1,onset,sse_composite,上证指数,missed_region,False,,,sse_composite_medium_bottom_20190606,2019-06-06,2019-05-10,2019-06-11,multi_lobe,4,,,False,False,,,,,,2019-01-02,2026-08-14,True,True,top_bottom_regions_v2,,,,
ma20_episode_ml_l2_logistic::bottom::all_a_ma20_episode_match_walk_forward_v1::onset::sse_composite::missed_region::sse_composite_medium_bottom_20190806,ma20_episode_ml_l2_logistic,bottom,all_a_ma20_episode_match_walk_forward_v1,onset,sse_composite,上证指数,missed_region,False,,,sse_composite_medium_bottom_20190806,2019-08-06,2019-08-06,2019-08-15,multi_lobe,3,,,False,False,,,,,,2019-01-02,2026-08-14,True,True,top_bottom_regions_v2,,,,
ma20_episode_ml_l2_logistic::bottom::all_a_ma20_episode_match_walk_forward_v1::onset::sse_composite::matched::ma20_episode_ml_l2_logistic::bottom::all_a_ma20_episode_match_walk_forward_v1::000001,ma20_episode_ml_l2_logistic,bottom,all_a_ma20_episode_match_walk_forward_v1,onset,sse_composite,上证指数,matched,True,ma20_episode_ml_l2_logistic::bottom::all_a_ma20_episode_match_walk_forward_v1::000001,2020-02-10,sse_composite_medium_bottom_20200204,2020-02-04,2020-02-03,2020-02-04,single_lobe,1,,confirmation_window,False,False,confirmation,4,4,5,ma20_episode_ml_l2_logistic::bottom::all_a_ma20_episode_match_walk_forward_v1::000001,2019-01-02,2026-08-14,True,True,top_bottom_regions_v2,sse_composite_medium_bottom_20200204,confirmation,single_lobe,primary_match
ma20_episode_ml_l2_logistic::bottom::all_a_ma20_episode_match_walk_forward_v1::onset::sse_composite::matched::ma20_episode_ml_l2_logistic::bottom::all_a_ma20_episode_match_walk_forward_v1::000002,ma20_episode_ml_l2_logistic,bottom,all_a_ma20_episode_match_walk_forward_v1,onset,sse_composite,上证指数,matched,True,ma20_episode_ml_l2_logistic::bottom::all_a_ma20_episode_match_walk_forward_v1::000002,2020-03-25,sse_composite_medium_bottom_20200319,2020-03-19,2020-03-19,2020-03-24,multi_lobe,2,,confirmation_window,False,False,confirmation,4,4,5,ma20_episode_ml_l2_logistic::bottom::all_a_ma20_episode_match_walk_forward_v1::000002,2019-01-02,2026-08-14,True,True,top_bottom_regions_v2,sse_composite_medium_bottom_20200319,confirmation,multi_lobe,primary_match
ma20_episode_ml_l2_logistic::bottom::all_a_ma20_episode_match_walk_forward_v1::onset::sse_composite::missed_region::sse_composite_medium_bottom_20200727,ma20_episode_ml_l2_logistic,bottom,all_a_ma20_episode_match_walk_forward_v1,onset,sse_composite,上证指数,missed_region,False,,,sse_composite_medium_bottom_20200727,2020-07-27,2020-07-24,2020-07-29,single_lobe,1,,,False,False,,,,,,2019-01-02,2026-08-14,True,True,top_bottom_regions_v2,,,,
ma20_episode_ml_l2_logistic::bottom::all_a_ma20_episode_match_walk_forward_v1::onset::sse_composite::false_alarm::ma20_episode_ml_l2_logistic::bottom::all_a_ma20_episode_match_walk_forward_v1::000003,ma20_episode_ml_l2_logistic,bottom,all_a_ma20_episode_match_walk_forward_v1,onset,sse_composite,上证指数,false_alarm,False,ma20_episode_ml_l2_logistic::bottom::all_a_ma20_episode_match_walk_forward_v1::000003,2020-09-17,,,,,,,,,False,False,,,,,,2019-01-02,2026-08-14,,,,sse_composite_medium_bottom_20200727,confirmation,single_lobe,nearest_region_for_slice_only
ma20_episode_ml_l2_logistic::bottom::all_a_ma20_episode_match_walk_forward_v1::onset::sse_composite::missed_region::sse_composite_medium_bottom_20210309,ma20_episode_ml_l2_logistic,bottom,all_a_ma20_episode_match_walk_forward_v1,onset,sse_composite,上证指数,missed_region,False,,,sse_composite_medium_bottom_20210309,2021-03-09,2021-03-09,2021-03-26,multi_lobe,2,,,False,False,,,,,,2019-01-02,2026-08-14,True,True,top_bottom_regions_v2,,,,
ma20_episode_ml_l2_logistic::bottom::all_a_ma20_episode_match_walk_forward_v1::onset::sse_composite::missed_region::sse_composite_medium_bottom_20210728,ma20_episode_ml_l2_logistic,bottom,all_a_ma20_episode_match_walk_forward_v1,onset,sse_composite,上证指数,missed_region,False,,,sse_composite_medium_bottom_20210728,2021-07-28,2021-07-28,2021-07-28,single_lobe,1,,,False,False,,,,,,2019-01-02,2026-08-14,True,True,top_bottom_regions_v2,,,,
ma20_episode_ml_l2_logistic::bottom::all_a_ma20_episode_match_walk_forward_v1::onset::sse_composite::false_alarm::ma20_episode_ml_l2_logistic::bottom::all_a_ma20_episode_match_walk_forward_v1::000004,ma20_episode_ml_l2_logistic,bottom,all_a_ma20_episode_match_walk_forward_v1,onset,sse_composite,上证指数,false_alarm,False,ma20_episode_ml_l2_logistic::bottom::all_a_ma20_episode_match_walk_forward_v1::000004,2021-10-13,,,,,,,,,False,False,,,,,,2019-01-02,2026-08-14,,,,sse_composite_medium_bottom_20210728,confirmation,single_lobe,nearest_region_for_slice_only
ma20_episode_ml_l2_logistic::bottom::all_a_ma20_episode_match_walk_forward_v1::onset::sse_composite::false_alarm::ma20_episode_ml_l2_logistic::bottom::all_a_ma20_episode_match_walk_forward_v1::000005,ma20_episode_ml_l2_logistic,bottom,all_a_ma20_episode_match_walk_forward_v1,onset,sse_composite,上证指数,false_alarm,False,ma20_episode_ml_l2_logistic::bottom::all_a_ma20_episode_match_walk_forward_v1::000005,2022-02-08,,,,,,,,,False,False,,,,,,2019-01-02,2026-08-14,,,,sse_composite_medium_bottom_20220316,prediction,single_lobe,nearest_region_for_slice_only
ma20_episode_ml_l2_logistic::bottom::all_a_ma20_episode_match_walk_forward_v1::onset::sse_composite::matched::ma20_episode_ml_l2_logistic::bottom::all_a_ma20_episode_match_walk_forward_v1::000006,ma20_episode_ml_l2_logistic,bottom,all_a_ma20_episode_match_walk_forward_v1,onset,sse_composite,上证指数,matched,True,ma20_episode_ml_l2_logistic::bottom::all_a_ma20_episode_match_walk_forward_v1::000006,2022-03-24,sse_composite_medium_bottom_20220316,2022-03-16,2022-03-15,2022-03-16,single_lobe,1,,confirmation_window,False,False,confirmation,6,6,10,ma20_episode_ml_l2_logistic::bottom::all_a_ma20_episode_match_walk_forward_v1::000006,2019-01-02,2026-08-14,True,True,top_bottom_regions_v2,sse_composite_medium_bottom_20220316,confirmation,single_lobe,primary_match
ma20_episode_ml_l2_logistic::bottom::all_a_ma20_episode_match_walk_forward_v1::onset::sse_composite::missed_region::sse_composite_medium_bottom_20220427,ma20_episode_ml_l2_logistic,bottom,all_a_ma20_episode_match_walk_forward_v1,onset,sse_composite,上证指数,missed_region,False,,,sse_composite_medium_bottom_20220427,2022-04-27,2022-04-26,2022-04-27,single_lobe,1,,,False,False,,,,,,2019-01-02,2026-08-14,True,True,top_bottom_regions_v2,,,,
ma20_episode_ml_l2_logistic::bottom::all_a_ma20_episode_match_walk_forward_v1::onset::sse_composite::missed_region::sse_composite_medium_bottom_20221031,ma20_episode_ml_l2_logistic,bottom,all_a_ma20_episode_match_walk_forward_v1,onset,sse_composite,上证指数,missed_region,False,,,sse_composite_medium_bottom_20221031,2022-10-31,2022-10-28,2022-11-01,single_lobe,1,,,False,False,,,,,,2019-01-02,2026-08-14,True,True,top_bottom_regions_v2,,,,
ma20_episode_ml_l2_logistic::bottom::all_a_ma20_episode_match_walk_forward_v1::onset::sse_composite::false_alarm::ma20_episode_ml_l2_logistic::bottom::all_a_ma20_episode_match_walk_forward_v1::000007,ma20_episode_ml_l2_logistic,bottom,all_a_ma20_episode_match_walk_forward_v1,onset,sse_composite,上证指数,false_alarm,False,ma20_episode_ml_l2_logistic::bottom::all_a_ma20_episode_match_walk_forward_v1::000007,2022-12-30,,,,,,,,,False,False,,,,,,2019-01-02,2026-08-14,,,,sse_composite_medium_bottom_20221031,confirmation,single_lobe,nearest_region_for_slice_only
ma20_episode_ml_l2_logistic::bottom::all_a_ma20_episode_match_walk_forward_v1::onset::sse_composite::false_alarm::ma20_episode_ml_l2_logistic::bottom::all_a_ma20_episode_match_walk_forward_v1::000008,ma20_episode_ml_l2_logistic,bottom,all_a_ma20_episode_match_walk_forward_v1,onset,sse_composite,上证指数,false_alarm,False,ma20_episode_ml_l2_logistic::bottom::all_a_ma20_episode_match_walk_forward_v1::000008,2023-10-25,,,,,,,,,False,False,,,,,,2019-01-02,2026-08-14,,,,sse_composite_medium_bottom_20240205,prediction,single_lobe,nearest_region_for_slice_only
ma20_episode_ml_l2_logistic::bottom::all_a_ma20_episode_match_walk_forward_v1::onset::sse_composite::duplicate_alarm::ma20_episode_ml_l2_logistic::bottom::all_a_ma20_episode_match_walk_forward_v1::000009,ma20_episode_ml_l2_logistic,bottom,all_a_ma20_episode_match_walk_forward_v1,onset,sse_composite,上证指数,duplicate_alarm,False,ma20_episode_ml_l2_logistic::bottom::all_a_ma20_episode_match_walk_forward_v1::000009,2024-01-25,sse_composite_medium_bottom_20240205,2024-02-05,2024-02-02,2024-02-06,single_lobe,1,,prediction_window,False,False,prediction,-7,7,10,ma20_episode_ml_l2_logistic::bottom::all_a_ma20_episode_match_walk_forward_v1::000010,2019-01-02,2026-08-14,True,True,top_bottom_regions_v2,sse_composite_medium_bottom_20240205,prediction,single_lobe,duplicate_candidate
ma20_episode_ml_l2_logistic::bottom::all_a_ma20_episode_match_walk_forward_v1::onset::sse_composite::matched::ma20_episode_ml_l2_logistic::bottom::all_a_ma20_episode_match_walk_forward_v1::000010,ma20_episode_ml_l2_logistic,bottom,all_a_ma20_episode_match_walk_forward_v1,onset,sse_composite,上证指数,matched,True,ma20_episode_ml_l2_logistic::bottom::all_a_ma20_episode_match_walk_forward_v1::000010,2024-02-07,sse_composite_medium_bottom_20240205,2024-02-05,2024-02-02,2024-02-06,single_lobe,1,,confirmation_window,False,False,confirmation,2,2,5,ma20_episode_ml_l2_logistic::bottom::all_a_ma20_episode_match_walk_forward_v1::000010,2019-01-02,2026-08-14,True,True,top_bottom_regions_v2,sse_composite_medium_bottom_20240205,confirmation,single_lobe,primary_match
ma20_episode_ml_l2_logistic::bottom::all_a_ma20_episode_match_walk_forward_v1::onset::sse_composite::false_alarm::ma20_episode_ml_l2_logistic::bottom::all_a_ma20_episode_match_walk_forward_v1::000011,ma20_episode_ml_l2_logistic,bottom,all_a_ma20_episode_match_walk_forward_v1,onset,sse_composite,上证指数,false_alarm,False,ma20_episode_ml_l2_logistic::bottom::all_a_ma20_episode_match_walk_forward_v1::000011,2024-04-23,,,,,,,,,False,False,,,,,,2019-01-02,2026-08-14,,,,sse_composite_medium_bottom_20240205,confirmation,single_lobe,nearest_region_for_slice_only
ma20_episode_ml_l2_logistic::bottom::all_a_ma20_episode_match_walk_forward_v1::onset::sse_composite::false_alarm::ma20_episode_ml_l2_logistic::bottom::all_a_ma20_episode_match_walk_forward_v1::000012,ma20_episode_ml_l2_logistic,bottom,all_a_ma20_episode_match_walk_forward_v1,onset,sse_composite,上证指数,false_alarm,False,ma20_episode_ml_l2_logistic::bottom::all_a_ma20_episode_match_walk_forward_v1::000012,2024-06-14,,,,,,,,,False,False,,,,,,2019-01-02,2026-08-14,,,,sse_composite_medium_bottom_20240918,prediction,single_lobe,nearest_region_for_slice_only
ma20_episode_ml_l2_logistic::bottom::all_a_ma20_episode_match_walk_forward_v1::onset::sse_composite::false_alarm::ma20_episode_ml_l2_logistic::bottom::all_a_ma20_episode_match_walk_forward_v1::000013,ma20_episode_ml_l2_logistic,bottom,all_a_ma20_episode_match_walk_forward_v1,onset,sse_composite,上证指数,false_alarm,False,ma20_episode_ml_l2_logistic::bottom::all_a_ma20_episode_match_walk_forward_v1::000013,2024-07-01,,,,,,,,,False,False,,,,,,2019-01-02,2026-08-14,,,,sse_composite_medium_bottom_20240918,prediction,single_lobe,nearest_region_for_slice_only
ma20_episode_ml_l2_logistic::bottom::all_a_ma20_episode_match_walk_forward_v1::onset::sse_composite::false_alarm::ma20_episode_ml_l2_logistic::bottom::all_a_ma20_episode_match_walk_forward_v1::000014,ma20_episode_ml_l2_logistic,bottom,all_a_ma20_episode_match_walk_forward_v1,onset,sse_composite,上证指数,false_alarm,False,ma20_episode_ml_l2_logistic::bottom::all_a_ma20_episode_match_walk_forward_v1::000014,2024-07-03,,,,,,,,,False,False,,,,,,2019-01-02,2026-08-14,,,,sse_composite_medium_bottom_20240918,prediction,single_lobe,nearest_region_for_slice_only
ma20_episode_ml_l2_logistic::bottom::all_a_ma20_episode_match_walk_forward_v1::onset::sse_composite::false_alarm::ma20_episode_ml_l2_logistic::bottom::all_a_ma20_episode_match_walk_forward_v1::000015,ma20_episode_ml_l2_logistic,bottom,all_a_ma20_episode_match_walk_forward_v1,onset,sse_composite,上证指数,false_alarm,False,ma20_episode_ml_l2_logistic::bottom::all_a_ma20_episode_match_walk_forward_v1::000015,2024-07-15,,,,,,,,,False,False,,,,,,2019-01-02,2026-08-14,,,,sse_composite_medium_bottom_20240918,prediction,single_lobe,nearest_region_for_slice_only
ma20_episode_ml_l2_logistic::bottom::all_a_ma20_episode_match_walk_forward_v1::onset::sse_composite::matched::ma20_episode_ml_l2_logistic::bottom::all_a_ma20_episode_match_walk_forward_v1::000016,ma20_episode_ml_l2_logistic,bottom,all_a_ma20_episode_match_walk_forward_v1,onset,sse_composite,上证指数,matched,True,ma20_episode_ml_l2_logistic::bottom::all_a_ma20_episode_match_walk_forward_v1::000016,2024-08-29,sse_composite_medium_bottom_20240918,2024-09-18,2024-09-09,2024-09-23,single_lobe,1,,prediction_window,False,False,prediction,-12,12,20,ma20_episode_ml_l2_logistic::bottom::all_a_ma20_episode_match_walk_forward_v1::000016,2019-01-02,2026-08-14,True,True,top_bottom_regions_v2,sse_composite_medium_bottom_20240918,prediction,single_lobe,primary_match
ma20_episode_ml_l2_logistic::bottom::all_a_ma20_episode_match_walk_forward_v1::onset::sse_composite::missed_region::sse_composite_medium_bottom_20241018,ma20_episode_ml_l2_logistic,bottom,all_a_ma20_episode_match_walk_forward_v1,onset,sse_composite,上证指数,missed_region,False,,,sse_composite_medium_bottom_20241018,2024-10-18,2024-10-15,2024-10-18,single_lobe,1,,,False,False,,,,,,2019-01-02,2026-08-14,True,True,top_bottom_regions_v2,,,,
ma20_episode_ml_l2_logistic::bottom::all_a_ma20_episode_match_walk_forward_v1::onset::sse_composite::missed_region::sse_composite_medium_bottom_20241127,ma20_episode_ml_l2_logistic,bottom,all_a_ma20_episode_match_walk_forward_v1,onset,sse_composite,上证指数,missed_region,False,,,sse_composite_medium_bottom_20241127,2024-11-27,2024-11-22,2024-11-27,single_lobe,1,,,False,False,,,,,,2019-01-02,2026-08-14,True,True,top_bottom_regions_v2,,,,
ma20_episode_ml_l2_logistic::bottom::all_a_ma20_episode_match_walk_forward_v1::onset::sse_composite::missed_region::sse_composite_medium_bottom_20250113,ma20_episode_ml_l2_logistic,bottom,all_a_ma20_episode_match_walk_forward_v1,onset,sse_composite,上证指数,missed_region,False,,,sse_composite_medium_bottom_20250113,2025-01-13,2025-01-06,2025-01-14,multi_lobe,2,,,False,False,,,,,,2019-01-02,2026-08-14,True,True,top_bottom_regions_v2,,,,
ma20_episode_ml_l2_logistic::bottom::all_a_ma20_episode_match_walk_forward_v1::onset::sse_composite::matched::ma20_episode_ml_l2_logistic::bottom::all_a_ma20_episode_match_walk_forward_v1::000017,ma20_episode_ml_l2_logistic,bottom,all_a_ma20_episode_match_walk_forward_v1,onset,sse_composite,上证指数,matched,True,ma20_episode_ml_l2_logistic::bottom::all_a_ma20_episode_match_walk_forward_v1::000017,2025-04-14,sse_composite_medium_bottom_20250407,2025-04-07,2025-04-07,2025-04-09,single_lobe,1,,confirmation_window,False,False,confirmation,5,5,5,ma20_episode_ml_l2_logistic::bottom::all_a_ma20_episode_match_walk_forward_v1::000017,2019-01-02,2026-08-14,True,True,top_bottom_regions_v2,sse_composite_medium_bottom_20250407,confirmation,single_lobe,primary_match
ma20_episode_ml_l2_logistic::bottom::all_a_ma20_episode_match_walk_forward_v1::onset::sse_composite::matched::ma20_episode_ml_l2_logistic::bottom::all_a_ma20_episode_match_walk_forward_v1::000018,ma20_episode_ml_l2_logistic,bottom,all_a_ma20_episode_match_walk_forward_v1,onset,sse_composite,上证指数,matched,True,ma20_episode_ml_l2_logistic::bottom::all_a_ma20_episode_match_walk_forward_v1::000018,2026-03-27,sse_composite_medium_bottom_20260323,2026-03-23,2026-03-23,2026-03-27,multi_lobe,2,sse_composite_medium_bottom_20260323_lobe_02,core_lobe,True,True,confirmation,4,4,5,ma20_episode_ml_l2_logistic::bottom::all_a_ma20_episode_match_walk_forward_v1::000018,2019-01-02,2026-08-14,True,True,top_bottom_regions_v2,sse_composite_medium_bottom_20260323,confirmation,multi_lobe,primary_match
ma20_episode_ml_l2_logistic::bottom::all_a_ma20_episode_match_walk_forward_v1::onset::sse_composite::false_alarm::ma20_episode_ml_l2_logistic::bottom::all_a_ma20_episode_match_walk_forward_v1::000019,ma20_episode_ml_l2_logistic,bottom,all_a_ma20_episode_match_walk_forward_v1,onset,sse_composite,上证指数,false_alarm,False,ma20_episode_ml_l2_logistic::bottom::all_a_ma20_episode_match_walk_forward_v1::000019,2026-06-15,,,,,,,,,False,False,,,,,,2019-01-02,2026-08-14,,,,sse_composite_medium_bottom_20260323,confirmation,multi_lobe,nearest_region_for_slice_only
ma20_episode_ml_l2_logistic::bottom::all_a_ma20_episode_match_walk_forward_v1::onset::sse_composite::false_alarm::ma20_episode_ml_l2_logistic::bottom::all_a_ma20_episode_match_walk_forward_v1::000020,ma20_episode_ml_l2_logistic,bottom,all_a_ma20_episode_match_walk_forward_v1,onset,sse_composite,上证指数,false_alarm,False,ma20_episode_ml_l2_logistic::bottom::all_a_ma20_episode_match_walk_forward_v1::000020,2026-07-20,,,,,,,,,False,False,,,,,,2019-01-02,2026-08-14,,,,sse_composite_medium_bottom_20260323,confirmation,multi_lobe,nearest_region_for_slice_only
ma20_episode_ml_l2_logistic::top::all_a_ma20_episode_match_walk_forward_v1::onset::all_a::missed_region::all_a_medium_top_20190408,ma20_episode_ml_l2_logistic,top,all_a_ma20_episode_match_walk_forward_v1,onset,all_a,全A,missed_region,False,,,all_a_medium_top_20190408,2019-04-08,2019-04-03,2019-04-23,multi_lobe,2,,,False,False,,,,,,2019-01-02,2026-08-14,True,True,top_bottom_regions_v2,,,,
ma20_episode_ml_l2_logistic::top::all_a_ma20_episode_match_walk_forward_v1::onset::all_a::missed_region::all_a_medium_top_20190702,ma20_episode_ml_l2_logistic,top,all_a_ma20_episode_match_walk_forward_v1,onset,all_a,全A,missed_region,False,,,all_a_medium_top_20190702,2019-07-02,2019-06-21,2019-07-08,multi_lobe,3,,,False,False,,,,,,2019-01-02,2026-08-14,True,True,top_bottom_regions_v2,,,,
ma20_episode_ml_l2_logistic::top::all_a_ma20_episode_match_walk_forward_v1::onset::all_a::matched::ma20_episode_ml_l2_logistic::top::all_a_ma20_episode_match_walk_forward_v1::000001,ma20_episode_ml_l2_logistic,top,all_a_ma20_episode_match_walk_forward_v1,onset,all_a,全A,matched,True,ma20_episode_ml_l2_logistic::top::all_a_ma20_episode_match_walk_forward_v1::000001,2020-01-15,all_a_medium_top_20200114,2020-01-14,2020-01-06,2020-01-20,single_lobe,1,all_a_medium_top_20200114_lobe_01,core_lobe,True,True,confirmation,1,1,5,ma20_episode_ml_l2_logistic::top::all_a_ma20_episode_match_walk_forward_v1::000001,2019-01-02,2026-08-14,True,True,top_bottom_regions_v2,all_a_medium_top_20200114,confirmation,single_lobe,primary_match
ma20_episode_ml_l2_logistic::top::all_a_ma20_episode_match_walk_forward_v1::onset::all_a::missed_region::all_a_medium_top_20200305,ma20_episode_ml_l2_logistic,top,all_a_ma20_episode_match_walk_forward_v1,onset,all_a,全A,missed_region,False,,,all_a_medium_top_20200305,2020-03-05,2020-02-21,2020-03-06,multi_lobe,3,,,False,False,,,,,,2019-01-02,2026-08-14,True,True,top_bottom_regions_v2,,,,
ma20_episode_ml_l2_logistic::top::all_a_ma20_episode_match_walk_forward_v1::onset::all_a::missed_region::all_a_medium_top_20210218,ma20_episode_ml_l2_logistic,top,all_a_ma20_episode_match_walk_forward_v1,onset,all_a,全A,missed_region,False,,,all_a_medium_top_20210218,2021-02-18,2021-02-10,2021-02-22,single_lobe,1,,,False,False,,,,,,2019-01-02,2026-08-14,True,True,top_bottom_regions_v2,,,,
ma20_episode_ml_l2_logistic::top::all_a_ma20_episode_match_walk_forward_v1::onset::all_a::missed_region::all_a_medium_top_20211213,ma20_episode_ml_l2_logistic,top,all_a_ma20_episode_match_walk_forward_v1,onset,all_a,全A,missed_region,False,,,all_a_medium_top_20211213,2021-12-13,2021-12-06,2022-01-04,multi_lobe,4,,,False,False,,,,,,2019-01-02,2026-08-14,True,True,top_bottom_regions_v2,,,,
ma20_episode_ml_l2_logistic::top::all_a_ma20_episode_match_walk_forward_v1::onset::all_a::missed_region::all_a_medium_top_20220705,ma20_episode_ml_l2_logistic,top,all_a_ma20_episode_match_walk_forward_v1,onset,all_a,全A,missed_region,False,,,all_a_medium_top_20220705,2022-07-05,2022-06-27,2022-07-08,single_lobe,1,,,False,False,,,,,,2019-01-02,2026-08-14,True,True,top_bottom_regions_v2,,,,
ma20_episode_ml_l2_logistic::top::all_a_ma20_episode_match_walk_forward_v1::onset::all_a::missed_region::all_a_medium_top_20230216,ma20_episode_ml_l2_logistic,top,all_a_ma20_episode_match_walk_forward_v1,onset,all_a,全A,missed_region,False,,,all_a_medium_top_20230216,2023-02-16,2023-01-30,2023-03-07,multi_lobe,2,,,False,False,,,,,,2019-01-02,2026-08-14,True,True,top_bottom_regions_v2,,,,
ma20_episode_ml_l2_logistic::top::all_a_ma20_episode_match_walk_forward_v1::onset::all_a::missed_region::all_a_medium_top_20240520,ma20_episode_ml_l2_logistic,top,all_a_ma20_episode_match_walk_forward_v1,onset,all_a,全A,missed_region,False,,,all_a_medium_top_20240520,2024-05-20,2024-04-29,2024-05-24,single_lobe,1,,,False,False,,,,,,2019-01-02,2026-08-14,True,True,top_bottom_regions_v2,,,,
ma20_episode_ml_l2_logistic::top::all_a_ma20_episode_match_walk_forward_v1::onset::all_a::missed_region::all_a_medium_top_20241008,ma20_episode_ml_l2_logistic,top,all_a_ma20_episode_match_walk_forward_v1,onset,all_a,全A,missed_region,False,,,all_a_medium_top_20241008,2024-10-08,2024-10-08,2024-10-08,single_lobe,1,,,False,False,,,,,,2019-01-02,2026-08-14,True,True,top_bottom_regions_v2,,,,
ma20_episode_ml_l2_logistic::top::all_a_ma20_episode_match_walk_forward_v1::onset::all_a::matched::ma20_episode_ml_l2_logistic::top::all_a_ma20_episode_match_walk_forward_v1::000002,ma20_episode_ml_l2_logistic,top,all_a_ma20_episode_match_walk_forward_v1,onset,all_a,全A,matched,True,ma20_episode_ml_l2_logistic::top::all_a_ma20_episode_match_walk_forward_v1::000002,2024-11-14,all_a_medium_top_20241112,2024-11-12,2024-11-07,2024-11-14,single_lobe,1,all_a_medium_top_20241112_lobe_01,core_lobe,True,True,confirmation,2,2,5,ma20_episode_ml_l2_logistic::top::all_a_ma20_episode_match_walk_forward_v1::000002,2019-01-02,2026-08-14,True,True,top_bottom_regions_v2,all_a_medium_top_20241112,confirmation,single_lobe,primary_match
ma20_episode_ml_l2_logistic::top::all_a_ma20_episode_match_walk_forward_v1::onset::all_a::missed_region::all_a_medium_top_20250318,ma20_episode_ml_l2_logistic,top,all_a_ma20_episode_match_walk_forward_v1,onset,all_a,全A,missed_region,False,,,all_a_medium_top_20250318,2025-03-18,2025-02-21,2025-03-21,multi_lobe,2,,,False,False,,,,,,2019-01-02,2026-08-14,True,True,top_bottom_regions_v2,,,,
ma20_episode_ml_l2_logistic::top::all_a_ma20_episode_match_walk_forward_v1::onset::all_a::missed_region::all_a_medium_top_20260227,ma20_episode_ml_l2_logistic,top,all_a_ma20_episode_match_walk_forward_v1,onset,all_a,全A,missed_region,False,,,all_a_medium_top_20260227,2026-02-27,2026-01-22,2026-03-11,multi_lobe,3,,,False,False,,,,,,2019-01-02,2026-08-14,True,True,top_bottom_regions_v2,,,,
ma20_episode_ml_l2_logistic::top::all_a_ma20_episode_match_walk_forward_v1::onset::all_a::missed_region::all_a_medium_top_20260514,ma20_episode_ml_l2_logistic,top,all_a_ma20_episode_match_walk_forward_v1,onset,all_a,全A,missed_region,False,,,all_a_medium_top_20260514,2026-05-14,2026-05-11,2026-05-21,multi_lobe,2,,,False,False,,,,,,2019-01-02,2026-08-14,True,True,top_bottom_regions_v2,,,,
ma20_episode_ml_l2_logistic::top::all_a_ma20_episode_match_walk_forward_v1::onset::cni2000::missed_region::cni2000_medium_top_20190417,ma20_episode_ml_l2_logistic,top,all_a_ma20_episode_match_walk_forward_v1,onset,cni2000,国证2000,missed_region,False,,,cni2000_medium_top_20190417,2019-04-17,2019-04-02,2019-04-23,multi_lobe,2,,,False,False,,,,,,2019-01-02,2026-08-14,True,True,top_bottom_regions_v2,,,,
ma20_episode_ml_l2_logistic::top::all_a_ma20_episode_match_walk_forward_v1::onset::cni2000::matched::ma20_episode_ml_l2_logistic::top::all_a_ma20_episode_match_walk_forward_v1::000001,ma20_episode_ml_l2_logistic,top,all_a_ma20_episode_match_walk_forward_v1,onset,cni2000,国证2000,matched,True,ma20_episode_ml_l2_logistic::top::all_a_ma20_episode_match_walk_forward_v1::000001,2020-01-15,cni2000_medium_top_20200114,2020-01-14,2020-01-07,2020-01-20,single_lobe,1,cni2000_medium_top_20200114_lobe_01,core_lobe,True,True,confirmation,1,1,5,ma20_episode_ml_l2_logistic::top::all_a_ma20_episode_match_walk_forward_v1::000001,2019-01-02,2026-08-14,True,True,top_bottom_regions_v2,cni2000_medium_top_20200114,confirmation,single_lobe,primary_match
ma20_episode_ml_l2_logistic::top::all_a_ma20_episode_match_walk_forward_v1::onset::cni2000::missed_region::cni2000_medium_top_20200306,ma20_episode_ml_l2_logistic,top,all_a_ma20_episode_match_walk_forward_v1,onset,cni2000,国证2000,missed_region,False,,,cni2000_medium_top_20200306,2020-03-06,2020-02-24,2020-03-11,multi_lobe,4,,,False,False,,,,,,2019-01-02,2026-08-14,True,True,top_bottom_regions_v2,,,,
ma20_episode_ml_l2_logistic::top::all_a_ma20_episode_match_walk_forward_v1::onset::cni2000::missed_region::cni2000_medium_top_20200818,ma20_episode_ml_l2_logistic,top,all_a_ma20_episode_match_walk_forward_v1,onset,cni2000,国证2000,missed_region,False,,,cni2000_medium_top_20200818,2020-08-18,2020-08-03,2020-09-07,multi_lobe,3,,,False,False,,,,,,2019-01-02,2026-08-14,True,True,top_bottom_regions_v2,,,,
ma20_episode_ml_l2_logistic::top::all_a_ma20_episode_match_walk_forward_v1::onset::cni2000::missed_region::cni2000_medium_top_20220104,ma20_episode_ml_l2_logistic,top,all_a_ma20_episode_match_walk_forward_v1,onset,cni2000,国证2000,missed_region,False,,,cni2000_medium_top_20220104,2022-01-04,2021-12-15,2022-01-19,multi_lobe,5,,,False,False,,,,,,2019-01-02,2026-08-14,True,True,top_bottom_regions_v2,,,,
ma20_episode_ml_l2_logistic::top::all_a_ma20_episode_match_walk_forward_v1::onset::cni2000::missed_region::cni2000_medium_top_20220819,ma20_episode_ml_l2_logistic,top,all_a_ma20_episode_match_walk_forward_v1,onset,cni2000,国证2000,missed_region,False,,,cni2000_medium_top_20220819,2022-08-19,2022-08-12,2022-08-24,single_lobe,1,,,False,False,,,,,,2019-01-02,2026-08-14,True,True,top_bottom_regions_v2,,,,
ma20_episode_ml_l2_logistic::top::all_a_ma20_episode_match_walk_forward_v1::onset::cni2000::missed_region::cni2000_medium_top_20230216,ma20_episode_ml_l2_logistic,top,all_a_ma20_episode_match_walk_forward_v1,onset,cni2000,国证2000,missed_region,False,,,cni2000_medium_top_20230216,2023-02-16,2023-02-09,2023-03-07,multi_lobe,3,,,False,False,,,,,,2019-01-02,2026-08-14,True,True,top_bottom_regions_v2,,,,
ma20_episode_ml_l2_logistic::top::all_a_ma20_episode_match_walk_forward_v1::onset::cni2000::missed_region::cni2000_medium_top_20231121,ma20_episode_ml_l2_logistic,top,all_a_ma20_episode_match_walk_forward_v1,onset,cni2000,国证2000,missed_region,False,,,cni2000_medium_top_20231121,2023-11-21,2023-11-14,2023-12-04,multi_lobe,2,,,False,False,,,,,,2019-01-02,2026-08-14,True,True,top_bottom_regions_v2,,,,
ma20_episode_ml_l2_logistic::top::all_a_ma20_episode_match_walk_forward_v1::onset::cni2000::missed_region::cni2000_medium_top_20240321,ma20_episode_ml_l2_logistic,top,all_a_ma20_episode_match_walk_forward_v1,onset,cni2000,国证2000,missed_region,False,,,cni2000_medium_top_20240321,2024-03-21,2024-03-18,2024-03-25,single_lobe,1,,,False,False,,,,,,2019-01-02,2026-08-14,True,True,top_bottom_regions_v2,,,,
ma20_episode_ml_l2_logistic::top::all_a_ma20_episode_match_walk_forward_v1::onset::cni2000::missed_region::cni2000_medium_top_20240510,ma20_episode_ml_l2_logistic,top,all_a_ma20_episode_match_walk_forward_v1,onset,cni2000,国证2000,missed_region,False,,,cni2000_medium_top_20240510,2024-05-10,2024-04-30,2024-05-22,multi_lobe,2,,,False,False,,,,,,2019-01-02,2026-08-14,True,True,top_bottom_regions_v2,,,,
ma20_episode_ml_l2_logistic::top::all_a_ma20_episode_match_walk_forward_v1::onset::cni2000::missed_region::cni2000_medium_top_20241008,ma20_episode_ml_l2_logistic,top,all_a_ma20_episode_match_walk_forward_v1,onset,cni2000,国证2000,missed_region,False,,,cni2000_medium_top_20241008,2024-10-08,2024-10-08,2024-10-08,single_lobe,1,,,False,False,,,,,,2019-01-02,2026-08-14,True,True,top_bottom_regions_v2,,,,
ma20_episode_ml_l2_logistic::top::all_a_ma20_episode_match_walk_forward_v1::onset::cni2000::matched::ma20_episode_ml_l2_logistic::top::all_a_ma20_episode_match_walk_forward_v1::000002,ma20_episode_ml_l2_logistic,top,all_a_ma20_episode_match_walk_forward_v1,onset,cni2000,国证2000,matched,True,ma20_episode_ml_l2_logistic::top::all_a_ma20_episode_match_walk_forward_v1::000002,2024-11-14,cni2000_medium_top_20241212,2024-12-12,2024-12-10,2024-12-16,single_lobe,1,,prediction_window,False,False,prediction,-20,20,20,ma20_episode_ml_l2_logistic::top::all_a_ma20_episode_match_walk_forward_v1::000002,2019-01-02,2026-08-14,True,True,top_bottom_regions_v2,cni2000_medium_top_20241212,prediction,single_lobe,primary_match
ma20_episode_ml_l2_logistic::top::all_a_ma20_episode_match_walk_forward_v1::onset::cni2000::missed_region::cni2000_medium_top_20250318,ma20_episode_ml_l2_logistic,top,all_a_ma20_episode_match_walk_forward_v1,onset,cni2000,国证2000,missed_region,False,,,cni2000_medium_top_20250318,2025-03-18,2025-02-26,2025-03-21,multi_lobe,2,,,False,False,,,,,,2019-01-02,2026-08-14,True,True,top_bottom_regions_v2,,,,
ma20_episode_ml_l2_logistic::top::all_a_ma20_episode_match_walk_forward_v1::onset::cni2000::missed_region::cni2000_medium_top_20260227,ma20_episode_ml_l2_logistic,top,all_a_ma20_episode_match_walk_forward_v1,onset,cni2000,国证2000,missed_region,False,,,cni2000_medium_top_20260227,2026-02-27,2026-02-25,2026-03-11,multi_lobe,2,,,False,False,,,,,,2019-01-02,2026-08-14,True,True,top_bottom_regions_v2,,,,
ma20_episode_ml_l2_logistic::top::all_a_ma20_episode_match_walk_forward_v1::onset::cni2000::missed_region::cni2000_medium_top_20260514,ma20_episode_ml_l2_logistic,top,all_a_ma20_episode_match_walk_forward_v1,onset,cni2000,国证2000,missed_region,False,,,cni2000_medium_top_20260514,2026-05-14,2026-05-11,2026-05-21,multi_lobe,2,,,False,False,,,,,,2019-01-02,2026-08-14,True,True,top_bottom_regions_v2,,,,
ma20_episode_ml_l2_logistic::top::all_a_ma20_episode_match_walk_forward_v1::onset::csi1000::missed_region::csi1000_medium_top_20190408,ma20_episode_ml_l2_logistic,top,all_a_ma20_episode_match_walk_forward_v1,onset,csi1000,中证1000,missed_region,False,,,csi1000_medium_top_20190408,2019-04-08,2019-04-02,2019-04-22,multi_lobe,3,,,False,False,,,,,,2019-01-02,2026-08-14,True,True,top_bottom_regions_v2,,,,
ma20_episode_ml_l2_logistic::top::all_a_ma20_episode_match_walk_forward_v1::onset::csi1000::matched::ma20_episode_ml_l2_logistic::top::all_a_ma20_episode_match_walk_forward_v1::000001,ma20_episode_ml_l2_logistic,top,all_a_ma20_episode_match_walk_forward_v1,onset,csi1000,中证1000,matched,True,ma20_episode_ml_l2_logistic::top::all_a_ma20_episode_match_walk_forward_v1::000001,2020-01-15,csi1000_medium_top_20200120,2020-01-20,2020-01-07,2020-01-22,single_lobe,1,csi1000_medium_top_20200120_lobe_01,core_lobe,True,True,prediction,-3,3,5,ma20_episode_ml_l2_logistic::top::all_a_ma20_episode_match_walk_forward_v1::000001,2019-01-02,2026-08-14,True,True,top_bottom_regions_v2,csi1000_medium_top_20200120,prediction,single_lobe,primary_match
ma20_episode_ml_l2_logistic::top::all_a_ma20_episode_match_walk_forward_v1::onset::csi1000::missed_region::csi1000_medium_top_20200225,ma20_episode_ml_l2_logistic,top,all_a_ma20_episode_match_walk_forward_v1,onset,csi1000,中证1000,missed_region,False,,,csi1000_medium_top_20200225,2020-02-25,2020-02-24,2020-03-06,multi_lobe,3,,,False,False,,,,,,2019-01-02,2026-08-14,True,True,top_bottom_regions_v2,,,,
ma20_episode_ml_l2_logistic::top::all_a_ma20_episode_match_walk_forward_v1::onset::csi1000::missed_region::csi1000_medium_top_20200806,ma20_episode_ml_l2_logistic,top,all_a_ma20_episode_match_walk_forward_v1,onset,csi1000,中证1000,missed_region,False,,,csi1000_medium_top_20200806,2020-08-06,2020-08-03,2020-08-31,multi_lobe,3,,,False,False,,,,,,2019-01-02,2026-08-14,True,True,top_bottom_regions_v2,,,,
ma20_episode_ml_l2_logistic::top::all_a_ma20_episode_match_walk_forward_v1::onset::csi1000::missed_region::csi1000_medium_top_20211130,ma20_episode_ml_l2_logistic,top,all_a_ma20_episode_match_walk_forward_v1,onset,csi1000,中证1000,missed_region,False,,,csi1000_medium_top_20211130,2021-11-30,2021-11-22,2021-12-24,multi_lobe,2,,,False,False,,,,,,2019-01-02,2026-08-14,True,True,top_bottom_regions_v2,,,,
ma20_episode_ml_l2_logistic::top::all_a_ma20_episode_match_walk_forward_v1::onset::csi1000::missed_region::csi1000_medium_top_20220819,ma20_episode_ml_l2_logistic,top,all_a_ma20_episode_match_walk_forward_v1,onset,csi1000,中证1000,missed_region,False,,,csi1000_medium_top_20220819,2022-08-19,2022-08-10,2022-08-24,single_lobe,1,,,False,False,,,,,,2019-01-02,2026-08-14,True,True,top_bottom_regions_v2,,,,
ma20_episode_ml_l2_logistic::top::all_a_ma20_episode_match_walk_forward_v1::onset::csi1000::missed_region::csi1000_medium_top_20230216,ma20_episode_ml_l2_logistic,top,all_a_ma20_episode_match_walk_forward_v1,onset,csi1000,中证1000,missed_region,False,,,csi1000_medium_top_20230216,2023-02-16,2023-02-02,2023-03-07,multi_lobe,4,,,False,False,,,,,,2019-01-02,2026-08-14,True,True,top_bottom_regions_v2,,,,
ma20_episode_ml_l2_logistic::top::all_a_ma20_episode_match_walk_forward_v1::onset::csi1000::missed_region::csi1000_medium_top_20240321,ma20_episode_ml_l2_logistic,top,all_a_ma20_episode_match_walk_forward_v1,onset,csi1000,中证1000,missed_region,False,,,csi1000_medium_top_20240321,2024-03-21,2024-03-18,2024-03-25,single_lobe,1,,,False,False,,,,,,2019-01-02,2026-08-14,True,True,top_bottom_regions_v2,,,,
ma20_episode_ml_l2_logistic::top::all_a_ma20_episode_match_walk_forward_v1::onset::csi1000::missed_region::csi1000_medium_top_20241008,ma20_episode_ml_l2_logistic,top,all_a_ma20_episode_match_walk_forward_v1,onset,csi1000,中证1000,missed_region,False,,,csi1000_medium_top_20241008,2024-10-08,2024-10-08,2024-10-08,single_lobe,1,,,False,False,,,,,,2019-01-02,2026-08-14,True,True,top_bottom_regions_v2,,,,
ma20_episode_ml_l2_logistic::top::all_a_ma20_episode_match_walk_forward_v1::onset::csi1000::matched::ma20_episode_ml_l2_logistic::top::all_a_ma20_episode_match_walk_forward_v1::000002,ma20_episode_ml_l2_logistic,top,all_a_ma20_episode_match_walk_forward_v1,onset,csi1000,中证1000,matched,True,ma20_episode_ml_l2_logistic::top::all_a_ma20_episode_match_walk_forward_v1::000002,2024-11-14,csi1000_medium_top_20241112,2024-11-12,2024-11-08,2024-11-13,single_lobe,1,,confirmation_window,False,False,confirmation,2,2,5,ma20_episode_ml_l2_logistic::top::all_a_ma20_episode_match_walk_forward_v1::000002,2019-01-02,2026-08-14,True,True,top_bottom_regions_v2,csi1000_medium_top_20241112,confirmation,single_lobe,primary_match
ma20_episode_ml_l2_logistic::top::all_a_ma20_episode_match_walk_forward_v1::onset::csi1000::missed_region::csi1000_medium_top_20250318,ma20_episode_ml_l2_logistic,top,all_a_ma20_episode_match_walk_forward_v1,onset,csi1000,中证1000,missed_region,False,,,csi1000_medium_top_20250318,2025-03-18,2025-02-26,2025-03-21,multi_lobe,2,,,False,False,,,,,,2019-01-02,2026-08-14,True,True,top_bottom_regions_v2,,,,
ma20_episode_ml_l2_logistic::top::all_a_ma20_episode_match_walk_forward_v1::onset::csi1000::missed_region::csi1000_medium_top_20260227,ma20_episode_ml_l2_logistic,top,all_a_ma20_episode_match_walk_forward_v1,onset,csi1000,中证1000,missed_region,False,,,csi1000_medium_top_20260227,2026-02-27,2026-02-25,2026-03-11,multi_lobe,2,,,False,False,,,,,,2019-01-02,2026-08-14,True,True,top_bottom_regions_v2,,,,
ma20_episode_ml_l2_logistic::top::all_a_ma20_episode_match_walk_forward_v1::onset::csi1000::missed_region::csi1000_medium_top_20260514,ma20_episode_ml_l2_logistic,top,all_a_ma20_episode_match_walk_forward_v1,onset,csi1000,中证1000,missed_region,False,,,csi1000_medium_top_20260514,2026-05-14,2026-05-11,2026-05-21,multi_lobe,2,,,False,False,,,,,,2019-01-02,2026-08-14,True,True,top_bottom_regions_v2,,,,
ma20_episode_ml_l2_logistic::top::all_a_ma20_episode_match_walk_forward_v1::onset::csi300::missed_region::csi300_medium_top_20190422,ma20_episode_ml_l2_logistic,top,all_a_ma20_episode_match_walk_forward_v1,onset,csi300,沪深300,missed_region,False,,,csi300_medium_top_20190422,2019-04-22,2019-04-04,2019-04-23,multi_lobe,2,,,False,False,,,,,,2019-01-02,2026-08-14,True,True,top_bottom_regions_v2,,,,
ma20_episode_ml_l2_logistic::top::all_a_ma20_episode_match_walk_forward_v1::onset::csi300::missed_region::csi300_medium_top_20190702,ma20_episode_ml_l2_logistic,top,all_a_ma20_episode_match_walk_forward_v1,onset,csi300,沪深300,missed_region,False,,,csi300_medium_top_20190702,2019-07-02,2019-07-01,2019-07-08,single_lobe,1,,,False,False,,,,,,2019-01-02,2026-08-14,True,True,top_bottom_regions_v2,,,,
ma20_episode_ml_l2_logistic::top::all_a_ma20_episode_match_walk_forward_v1::onset::csi300::matched::ma20_episode_ml_l2_logistic::top::all_a_ma20_episode_match_walk_forward_v1::000001,ma20_episode_ml_l2_logistic,top,all_a_ma20_episode_match_walk_forward_v1,onset,csi300,沪深300,matched,True,ma20_episode_ml_l2_logistic::top::all_a_ma20_episode_match_walk_forward_v1::000001,2020-01-15,csi300_medium_top_20200114,2020-01-14,2020-01-02,2020-01-20,single_lobe,1,csi300_medium_top_20200114_lobe_01,core_lobe,True,True,confirmation,1,1,5,ma20_episode_ml_l2_logistic::top::all_a_ma20_episode_match_walk_forward_v1::000001,2019-01-02,2026-08-14,True,True,top_bottom_regions_v2,csi300_medium_top_20200114,confirmation,single_lobe,primary_match
ma20_episode_ml_l2_logistic::top::all_a_ma20_episode_match_walk_forward_v1::onset::csi300::missed_region::csi300_medium_top_20200305,ma20_episode_ml_l2_logistic,top,all_a_ma20_episode_match_walk_forward_v1,onset,csi300,沪深300,missed_region,False,,,csi300_medium_top_20200305,2020-03-05,2020-02-20,2020-03-06,multi_lobe,3,,,False,False,,,,,,2019-01-02,2026-08-14,True,True,top_bottom_regions_v2,,,,
ma20_episode_ml_l2_logistic::top::all_a_ma20_episode_match_walk_forward_v1::onset::csi300::missed_region::csi300_medium_top_20210218,ma20_episode_ml_l2_logistic,top,all_a_ma20_episode_match_walk_forward_v1,onset,csi300,沪深300,missed_region,False,,,csi300_medium_top_20210218,2021-02-18,2021-02-18,2021-02-18,single_lobe,1,,,False,False,,,,,,2019-01-02,2026-08-14,True,True,top_bottom_regions_v2,,,,
ma20_episode_ml_l2_logistic::top::all_a_ma20_episode_match_walk_forward_v1::onset::csi300::missed_region::csi300_medium_top_20210527,ma20_episode_ml_l2_logistic,top,all_a_ma20_episode_match_walk_forward_v1,onset,csi300,沪深300,missed_region,False,,,csi300_medium_top_20210527,2021-05-27,2021-05-25,2021-06-10,multi_lobe,2,,,False,False,,,,,,2019-01-02,2026-08-14,True,True,top_bottom_regions_v2,,,,
ma20_episode_ml_l2_logistic::top::all_a_ma20_episode_match_walk_forward_v1::onset::csi300::missed_region::csi300_medium_top_20211213,ma20_episode_ml_l2_logistic,top,all_a_ma20_episode_match_walk_forward_v1,onset,csi300,沪深300,missed_region,False,,,csi300_medium_top_20211213,2021-12-13,2021-12-09,2021-12-15,single_lobe,1,,,False,False,,,,,,2019-01-02,2026-08-14,True,True,top_bottom_regions_v2,,,,
ma20_episode_ml_l2_logistic::top::all_a_ma20_episode_match_walk_forward_v1::onset::csi300::missed_region::csi300_medium_top_20220317,ma20_episode_ml_l2_logistic,top,all_a_ma20_episode_match_walk_forward_v1,onset,csi300,沪深300,missed_region,False,,,csi300_medium_top_20220317,2022-03-17,2022-03-17,2022-04-07,multi_lobe,2,,,False,False,,,,,,2019-01-02,2026-08-14,True,True,top_bottom_regions_v2,,,,
ma20_episode_ml_l2_logistic::top::all_a_ma20_episode_match_walk_forward_v1::onset::csi300::missed_region::csi300_medium_top_20220705,ma20_episode_ml_l2_logistic,top,all_a_ma20_episode_match_walk_forward_v1,onset,csi300,沪深300,missed_region,False,,,csi300_medium_top_20220705,2022-07-05,2022-06-27,2022-07-08,single_lobe,1,,,False,False,,,,,,2019-01-02,2026-08-14,True,True,top_bottom_regions_v2,,,,
ma20_episode_ml_l2_logistic::top::all_a_ma20_episode_match_walk_forward_v1::onset::csi300::missed_region::csi300_medium_top_20230130,ma20_episode_ml_l2_logistic,top,all_a_ma20_episode_match_walk_forward_v1,onset,csi300,沪深300,missed_region,False,,,csi300_medium_top_20230130,2023-01-30,2023-01-30,2023-02-02,single_lobe,1,,,False,False,,,,,,2019-01-02,2026-08-14,True,True,top_bottom_regions_v2,,,,
ma20_episode_ml_l2_logistic::top::all_a_ma20_episode_match_walk_forward_v1::onset::csi300::missed_region::csi300_medium_top_20240520,ma20_episode_ml_l2_logistic,top,all_a_ma20_episode_match_walk_forward_v1,onset,csi300,沪深300,missed_region,False,,,csi300_medium_top_20240520,2024-05-20,2024-04-29,2024-05-28,multi_lobe,2,,,False,False,,,,,,2019-01-02,2026-08-14,True,True,top_bottom_regions_v2,,,,
ma20_episode_ml_l2_logistic::top::all_a_ma20_episode_match_walk_forward_v1::onset::csi300::missed_region::csi300_medium_top_20241008,ma20_episode_ml_l2_logistic,top,all_a_ma20_episode_match_walk_forward_v1,onset,csi300,沪深300,missed_region,False,,,csi300_medium_top_20241008,2024-10-08,2024-10-08,2024-10-08,single_lobe,1,,,False,False,,,,,,2019-01-02,2026-08-14,True,True,top_bottom_regions_v2,,,,
ma20_episode_ml_l2_logistic::top::all_a_ma20_episode_match_walk_forward_v1::onset::csi300::matched::ma20_episode_ml_l2_logistic::top::all_a_ma20_episode_match_walk_forward_v1::000002,ma20_episode_ml_l2_logistic,top,all_a_ma20_episode_match_walk_forward_v1,onset,csi300,沪深300,matched,True,ma20_episode_ml_l2_logistic::top::all_a_ma20_episode_match_walk_forward_v1::000002,2024-11-14,csi300_medium_top_20241108,2024-11-08,2024-11-07,2024-11-12,single_lobe,1,,confirmation_window,False,False,confirmation,4,4,5,ma20_episode_ml_l2_logistic::top::all_a_ma20_episode_match_walk_forward_v1::000002,2019-01-02,2026-08-14,True,True,top_bottom_regions_v2,csi300_medium_top_20241108,confirmation,single_lobe,primary_match
ma20_episode_ml_l2_logistic::top::all_a_ma20_episode_match_walk_forward_v1::onset::csi300::missed_region::csi300_medium_top_20260113,ma20_episode_ml_l2_logistic,top,all_a_ma20_episode_match_walk_forward_v1,onset,csi300,沪深300,missed_region,False,,,csi300_medium_top_20260113,2026-01-13,2026-01-06,2026-01-29,multi_lobe,4,,,False,False,,,,,,2019-01-02,2026-08-14,True,True,top_bottom_regions_v2,,,,
ma20_episode_ml_l2_logistic::top::all_a_ma20_episode_match_walk_forward_v1::onset::csi300::missed_region::csi300_medium_top_20260623,ma20_episode_ml_l2_logistic,top,all_a_ma20_episode_match_walk_forward_v1,onset,csi300,沪深300,missed_region,False,,,csi300_medium_top_20260623,2026-06-23,2026-05-27,2026-07-01,multi_lobe,5,,,False,False,,,,,,2019-01-02,2026-08-14,True,True,top_bottom_regions_v2,,,,
ma20_episode_ml_l2_logistic::top::all_a_ma20_episode_match_walk_forward_v1::onset::csi500::missed_region::csi500_medium_top_20190408,ma20_episode_ml_l2_logistic,top,all_a_ma20_episode_match_walk_forward_v1,onset,csi500,中证500,missed_region,False,,,csi500_medium_top_20190408,2019-04-08,2019-04-02,2019-04-22,multi_lobe,3,,,False,False,,,,,,2019-01-02,2026-08-14,True,True,top_bottom_regions_v2,,,,
ma20_episode_ml_l2_logistic::top::all_a_ma20_episode_match_walk_forward_v1::onset::csi500::matched::ma20_episode_ml_l2_logistic::top::all_a_ma20_episode_match_walk_forward_v1::000001,ma20_episode_ml_l2_logistic,top,all_a_ma20_episode_match_walk_forward_v1,onset,csi500,中证500,matched,True,ma20_episode_ml_l2_logistic::top::all_a_ma20_episode_match_walk_forward_v1::000001,2020-01-15,csi500_medium_top_20200122,2020-01-22,2020-01-07,2020-01-23,single_lobe,1,csi500_medium_top_20200122_lobe_01,core_lobe,True,True,prediction,-5,5,5,ma20_episode_ml_l2_logistic::top::all_a_ma20_episode_match_walk_forward_v1::000001,2019-01-02,2026-08-14,True,True,top_bottom_regions_v2,csi500_medium_top_20200122,prediction,single_lobe,primary_match
ma20_episode_ml_l2_logistic::top::all_a_ma20_episode_match_walk_forward_v1::onset::csi500::missed_region::csi500_medium_top_20200225,ma20_episode_ml_l2_logistic,top,all_a_ma20_episode_match_walk_forward_v1,onset,csi500,中证500,missed_region,False,,,csi500_medium_top_20200225,2020-02-25,2020-02-21,2020-03-06,multi_lobe,3,,,False,False,,,,,,2019-01-02,2026-08-14,True,True,top_bottom_regions_v2,,,,
ma20_episode_ml_l2_logistic::top::all_a_ma20_episode_match_walk_forward_v1::onset::csi500::missed_region::csi500_medium_top_20200713,ma20_episode_ml_l2_logistic,top,all_a_ma20_episode_match_walk_forward_v1,onset,csi500,中证500,missed_region,False,,,csi500_medium_top_20200713,2020-07-13,2020-07-10,2020-07-15,single_lobe,1,,,False,False,,,,,,2019-01-02,2026-08-14,True,True,top_bottom_regions_v2,,,,
ma20_episode_ml_l2_logistic::top::all_a_ma20_episode_match_walk_forward_v1::onset::csi500::missed_region::csi500_medium_top_20210222,ma20_episode_ml_l2_logistic,top,all_a_ma20_episode_match_walk_forward_v1,onset,csi500,中证500,missed_region,False,,,csi500_medium_top_20210222,2021-02-22,2021-02-18,2021-02-23,single_lobe,1,,,False,False,,,,,,2019-01-02,2026-08-14,True,True,top_bottom_regions_v2,,,,
ma20_episode_ml_l2_logistic::top::all_a_ma20_episode_match_walk_forward_v1::onset::csi500::missed_region::csi500_medium_top_20210914,ma20_episode_ml_l2_logistic,top,all_a_ma20_episode_match_walk_forward_v1,onset,csi500,中证500,missed_region,False,,,csi500_medium_top_20210914,2021-09-14,2021-09-08,2021-09-23,multi_lobe,2,,,False,False,,,,,,2019-01-02,2026-08-14,True,True,top_bottom_regions_v2,,,,
ma20_episode_ml_l2_logistic::top::all_a_ma20_episode_match_walk_forward_v1::onset::csi500::missed_region::csi500_medium_top_20220705,ma20_episode_ml_l2_logistic,top,all_a_ma20_episode_match_walk_forward_v1,onset,csi500,中证500,missed_region,False,,,csi500_medium_top_20220705,2022-07-05,2022-06-27,2022-07-08,single_lobe,1,,,False,False,,,,,,2019-01-02,2026-08-14,True,True,top_bottom_regions_v2,,,,
ma20_episode_ml_l2_logistic::top::all_a_ma20_episode_match_walk_forward_v1::onset::csi500::missed_region::csi500_medium_top_20230410,ma20_episode_ml_l2_logistic,top,all_a_ma20_episode_match_walk_forward_v1,onset,csi500,中证500,missed_region,False,,,csi500_medium_top_20230410,2023-04-10,2023-04-03,2023-04-21,single_lobe,1,,,False,False,,,,,,2019-01-02,2026-08-14,True,True,top_bottom_regions_v2,,,,
ma20_episode_ml_l2_logistic::top::all_a_ma20_episode_match_walk_forward_v1::onset::csi500::missed_region::csi500_medium_top_20240510,ma20_episode_ml_l2_logistic,top,all_a_ma20_episode_match_walk_forward_v1,onset,csi500,中证500,missed_region,False,,,csi500_medium_top_20240510,2024-05-10,2024-04-29,2024-05-22,single_lobe,1,,,False,False,,,,,,2019-01-02,2026-08-14,True,True,top_bottom_regions_v2,,,,
ma20_episode_ml_l2_logistic::top::all_a_ma20_episode_match_walk_forward_v1::onset::csi500::missed_region::csi500_medium_top_20241008,ma20_episode_ml_l2_logistic,top,all_a_ma20_episode_match_walk_forward_v1,onset,csi500,中证500,missed_region,False,,,csi500_medium_top_20241008,2024-10-08,2024-10-08,2024-10-08,single_lobe,1,,,False,False,,,,,,2019-01-02,2026-08-14,True,True,top_bottom_regions_v2,,,,
ma20_episode_ml_l2_logistic::top::all_a_ma20_episode_match_walk_forward_v1::onset::csi500::matched::ma20_episode_ml_l2_logistic::top::all_a_ma20_episode_match_walk_forward_v1::000002,ma20_episode_ml_l2_logistic,top,all_a_ma20_episode_match_walk_forward_v1,onset,csi500,中证500,matched,True,ma20_episode_ml_l2_logistic::top::all_a_ma20_episode_match_walk_forward_v1::000002,2024-11-14,csi500_medium_top_20241112,2024-11-12,2024-11-08,2024-11-13,single_lobe,1,,confirmation_window,False,False,confirmation,2,2,5,ma20_episode_ml_l2_logistic::top::all_a_ma20_episode_match_walk_forward_v1::000002,2019-01-02,2026-08-14,True,True,top_bottom_regions_v2,csi500_medium_top_20241112,confirmation,single_lobe,primary_match
ma20_episode_ml_l2_logistic::top::all_a_ma20_episode_match_walk_forward_v1::onset::csi500::missed_region::csi500_medium_top_20250318,ma20_episode_ml_l2_logistic,top,all_a_ma20_episode_match_walk_forward_v1,onset,csi500,中证500,missed_region,False,,,csi500_medium_top_20250318,2025-03-18,2025-02-21,2025-03-21,multi_lobe,2,,,False,False,,,,,,2019-01-02,2026-08-14,True,True,top_bottom_regions_v2,,,,
ma20_episode_ml_l2_logistic::top::all_a_ma20_episode_match_walk_forward_v1::onset::csi500::missed_region::csi500_medium_top_20260302,ma20_episode_ml_l2_logistic,top,all_a_ma20_episode_match_walk_forward_v1,onset,csi500,中证500,missed_region,False,,,csi500_medium_top_20260302,2026-03-02,2026-02-25,2026-03-03,single_lobe,1,,,False,False,,,,,,2019-01-02,2026-08-14,True,True,top_bottom_regions_v2,,,,
ma20_episode_ml_l2_logistic::top::all_a_ma20_episode_match_walk_forward_v1::onset::csi500::missed_region::csi500_medium_top_20260514,ma20_episode_ml_l2_logistic,top,all_a_ma20_episode_match_walk_forward_v1,onset,csi500,中证500,missed_region,False,,,csi500_medium_top_20260514,2026-05-14,2026-05-11,2026-05-21,multi_lobe,2,,,False,False,,,,,,2019-01-02,2026-08-14,True,True,top_bottom_regions_v2,,,,
ma20_episode_ml_l2_logistic::top::all_a_ma20_episode_match_walk_forward_v1::onset::csi500::missed_region::csi500_medium_top_20260701,ma20_episode_ml_l2_logistic,top,all_a_ma20_episode_match_walk_forward_v1,onset,csi500,中证500,missed_region,False,,,csi500_medium_top_20260701,2026-07-01,2026-06-30,2026-07-01,single_lobe,1,,,False,False,,,,,,2019-01-02,2026-08-14,True,True,top_bottom_regions_v2,,,,
ma20_episode_ml_l2_logistic::top::all_a_ma20_episode_match_walk_forward_v1::onset::microcap::missed_region::microcap_medium_top_20190422,ma20_episode_ml_l2_logistic,top,all_a_ma20_episode_match_walk_forward_v1,onset,microcap,微盘股,missed_region,False,,,microcap_medium_top_20190422,2019-04-22,2019-04-09,2019-04-25,multi_lobe,2,,,False,False,,,,,,2019-01-02,2026-08-14,True,True,top_bottom_regions_v2,,,,
ma20_episode_ml_l2_logistic::top::all_a_ma20_episode_match_walk_forward_v1::onset::microcap::matched::ma20_episode_ml_l2_logistic::top::all_a_ma20_episode_match_walk_forward_v1::000001,ma20_episode_ml_l2_logistic,top,all_a_ma20_episode_match_walk_forward_v1,onset,microcap,微盘股,matched,True,ma20_episode_ml_l2_logistic::top::all_a_ma20_episode_match_walk_forward_v1::000001,2020-01-15,microcap_medium_top_20200114,2020-01-14,2020-01-06,2020-01-17,single_lobe,1,microcap_medium_top_20200114_lobe_01,core_lobe,True,True,confirmation,1,1,5,ma20_episode_ml_l2_logistic::top::all_a_ma20_episode_match_walk_forward_v1::000001,2019-01-02,2026-08-14,True,True,top_bottom_regions_v2,microcap_medium_top_20200114,confirmation,single_lobe,primary_match
ma20_episode_ml_l2_logistic::top::all_a_ma20_episode_match_walk_forward_v1::onset::microcap::missed_region::microcap_medium_top_20200909,ma20_episode_ml_l2_logistic,top,all_a_ma20_episode_match_walk_forward_v1,onset,microcap,微盘股,missed_region,False,,,microcap_medium_top_20200909,2020-09-09,2020-09-04,2020-09-10,single_lobe,1,,,False,False,,,,,,2019-01-02,2026-08-14,True,True,top_bottom_regions_v2,,,,
ma20_episode_ml_l2_logistic::top::all_a_ma20_episode_match_walk_forward_v1::onset::microcap::missed_region::microcap_medium_top_20220406,ma20_episode_ml_l2_logistic,top,all_a_ma20_episode_match_walk_forward_v1,onset,microcap,微盘股,missed_region,False,,,microcap_medium_top_20220406,2022-04-06,2022-03-07,2022-04-07,multi_lobe,3,,,False,False,,,,,,2019-01-02,2026-08-14,True,True,top_bottom_regions_v2,,,,
ma20_episode_ml_l2_logistic::top::all_a_ma20_episode_match_walk_forward_v1::onset::microcap::missed_region::microcap_medium_top_20220819,ma20_episode_ml_l2_logistic,top,all_a_ma20_episode_match_walk_forward_v1,onset,microcap,微盘股,missed_region,False,,,microcap_medium_top_20220819,2022-08-19,2022-08-12,2022-09-08,multi_lobe,3,,,False,False,,,,,,2019-01-02,2026-08-14,True,True,top_bottom_regions_v2,,,,
ma20_episode_ml_l2_logistic::top::all_a_ma20_episode_match_walk_forward_v1::onset::microcap::missed_region::microcap_medium_top_20230302,ma20_episode_ml_l2_logistic,top,all_a_ma20_episode_match_walk_forward_v1,onset,microcap,微盘股,missed_region,False,,,microcap_medium_top_20230302,2023-03-02,2023-02-13,2023-03-28,multi_lobe,4,,,False,False,,,,,,2019-01-02,2026-08-14,True,True,top_bottom_regions_v2,,,,
ma20_episode_ml_l2_logistic::top::all_a_ma20_episode_match_walk_forward_v1::onset::microcap::missed_region::microcap_medium_top_20240105,ma20_episode_ml_l2_logistic,top,all_a_ma20_episode_match_walk_forward_v1,onset,microcap,微盘股,missed_region,False,,,microcap_medium_top_20240105,2024-01-05,2024-01-02,2024-01-12,single_lobe,1,,,False,False,,,,,,2019-01-02,2026-08-14,True,True,top_bottom_regions_v2,,,,
ma20_episode_ml_l2_logistic::top::all_a_ma20_episode_match_walk_forward_v1::onset::microcap::missed_region::microcap_medium_top_20240228,ma20_episode_ml_l2_logistic,top,all_a_ma20_episode_match_walk_forward_v1,onset,microcap,微盘股,missed_region,False,,,microcap_medium_top_20240228,2024-02-28,2024-02-28,2024-02-28,single_lobe,1,,,False,False,,,,,,2019-01-02,2026-08-14,True,True,top_bottom_regions_v2,,,,
ma20_episode_ml_l2_logistic::top::all_a_ma20_episode_match_walk_forward_v1::onset::microcap::missed_region::microcap_medium_top_20240402,ma20_episode_ml_l2_logistic,top,all_a_ma20_episode_match_walk_forward_v1,onset,microcap,微盘股,missed_region,False,,,microcap_medium_top_20240402,2024-04-02,2024-03-21,2024-04-08,multi_lobe,2,,,False,False,,,,,,2019-01-02,2026-08-14,True,True,top_bottom_regions_v2,,,,
ma20_episode_ml_l2_logistic::top::all_a_ma20_episode_match_walk_forward_v1::onset::microcap::missed_region::microcap_medium_top_20240520,ma20_episode_ml_l2_logistic,top,all_a_ma20_episode_match_walk_forward_v1,onset,microcap,微盘股,missed_region,False,,,microcap_medium_top_20240520,2024-05-20,2024-05-07,2024-05-23,multi_lobe,2,,,False,False,,,,,,2019-01-02,2026-08-14,True,True,top_bottom_regions_v2,,,,
ma20_episode_ml_l2_logistic::top::all_a_ma20_episode_match_walk_forward_v1::onset::microcap::missed_region::microcap_medium_top_20241008,ma20_episode_ml_l2_logistic,top,all_a_ma20_episode_match_walk_forward_v1,onset,microcap,微盘股,missed_region,False,,,microcap_medium_top_20241008,2024-10-08,2024-10-08,2024-10-08,single_lobe,1,,,False,False,,,,,,2019-01-02,2026-08-14,True,True,top_bottom_regions_v2,,,,
ma20_episode_ml_l2_logistic::top::all_a_ma20_episode_match_walk_forward_v1::onset::microcap::matched::ma20_episode_ml_l2_logistic::top::all_a_ma20_episode_match_walk_forward_v1::000002,ma20_episode_ml_l2_logistic,top,all_a_ma20_episode_match_walk_forward_v1,onset,microcap,微盘股,matched,True,ma20_episode_ml_l2_logistic::top::all_a_ma20_episode_match_walk_forward_v1::000002,2024-11-14,microcap_medium_top_20241212,2024-12-12,2024-12-10,2024-12-17,multi_lobe,2,,prediction_window,False,False,prediction,-20,20,20,ma20_episode_ml_l2_logistic::top::all_a_ma20_episode_match_walk_forward_v1::000002,2019-01-02,2026-08-14,True,True,top_bottom_regions_v2,microcap_medium_top_20241212,prediction,multi_lobe,primary_match
ma20_episode_ml_l2_logistic::top::all_a_ma20_episode_match_walk_forward_v1::onset::microcap::missed_region::microcap_medium_top_20250320,ma20_episode_ml_l2_logistic,top,all_a_ma20_episode_match_walk_forward_v1,onset,microcap,微盘股,missed_region,False,,,microcap_medium_top_20250320,2025-03-20,2025-03-17,2025-03-24,single_lobe,1,,,False,False,,,,,,2019-01-02,2026-08-14,True,True,top_bottom_regions_v2,,,,
ma20_episode_ml_l2_logistic::top::all_a_ma20_episode_match_walk_forward_v1::onset::microcap::missed_region::microcap_medium_top_20260225,ma20_episode_ml_l2_logistic,top,all_a_ma20_episode_match_walk_forward_v1,onset,microcap,微盘股,missed_region,False,,,microcap_medium_top_20260225,2026-02-25,2026-02-10,2026-03-10,multi_lobe,3,,,False,False,,,,,,2019-01-02,2026-08-14,True,True,top_bottom_regions_v2,,,,
ma20_episode_ml_l2_logistic::top::all_a_ma20_episode_match_walk_forward_v1::onset::microcap::missed_region::microcap_medium_top_20260512,ma20_episode_ml_l2_logistic,top,all_a_ma20_episode_match_walk_forward_v1,onset,microcap,微盘股,missed_region,False,,,microcap_medium_top_20260512,2026-05-12,2026-05-07,2026-05-21,multi_lobe,2,,,False,False,,,,,,2019-01-02,2026-08-14,True,True,top_bottom_regions_v2,,,,
ma20_episode_ml_l2_logistic::top::all_a_ma20_episode_match_walk_forward_v1::onset::sse_composite::missed_region::sse_composite_medium_top_20190408,ma20_episode_ml_l2_logistic,top,all_a_ma20_episode_match_walk_forward_v1,onset,sse_composite,上证指数,missed_region,False,,,sse_composite_medium_top_20190408,2019-04-08,2019-04-04,2019-04-22,multi_lobe,2,,,False,False,,,,,,2019-01-02,2026-08-14,True,True,top_bottom_regions_v2,,,,
ma20_episode_ml_l2_logistic::top::all_a_ma20_episode_match_walk_forward_v1::onset::sse_composite::missed_region::sse_composite_medium_top_20190702,ma20_episode_ml_l2_logistic,top,all_a_ma20_episode_match_walk_forward_v1,onset,sse_composite,上证指数,missed_region,False,,,sse_composite_medium_top_20190702,2019-07-02,2019-06-21,2019-07-05,multi_lobe,3,,,False,False,,,,,,2019-01-02,2026-08-14,True,True,top_bottom_regions_v2,,,,
ma20_episode_ml_l2_logistic::top::all_a_ma20_episode_match_walk_forward_v1::onset::sse_composite::matched::ma20_episode_ml_l2_logistic::top::all_a_ma20_episode_match_walk_forward_v1::000001,ma20_episode_ml_l2_logistic,top,all_a_ma20_episode_match_walk_forward_v1,onset,sse_composite,上证指数,matched,True,ma20_episode_ml_l2_logistic::top::all_a_ma20_episode_match_walk_forward_v1::000001,2020-01-15,sse_composite_medium_top_20200114,2020-01-14,2020-01-02,2020-01-20,single_lobe,1,sse_composite_medium_top_20200114_lobe_01,core_lobe,True,True,confirmation,1,1,5,ma20_episode_ml_l2_logistic::top::all_a_ma20_episode_match_walk_forward_v1::000001,2019-01-02,2026-08-14,True,True,top_bottom_regions_v2,sse_composite_medium_top_20200114,confirmation,single_lobe,primary_match
ma20_episode_ml_l2_logistic::top::all_a_ma20_episode_match_walk_forward_v1::onset::sse_composite::missed_region::sse_composite_medium_top_20200305,ma20_episode_ml_l2_logistic,top,all_a_ma20_episode_match_walk_forward_v1,onset,sse_composite,上证指数,missed_region,False,,,sse_composite_medium_top_20200305,2020-03-05,2020-02-20,2020-03-06,multi_lobe,4,,,False,False,,,,,,2019-01-02,2026-08-14,True,True,top_bottom_regions_v2,,,,
ma20_episode_ml_l2_logistic::top::all_a_ma20_episode_match_walk_forward_v1::onset::sse_composite::missed_region::sse_composite_medium_top_20200713,ma20_episode_ml_l2_logistic,top,all_a_ma20_episode_match_walk_forward_v1,onset,sse_composite,上证指数,missed_region,False,,,sse_composite_medium_top_20200713,2020-07-13,2020-07-07,2020-07-15,single_lobe,1,,,False,False,,,,,,2019-01-02,2026-08-14,True,True,top_bottom_regions_v2,,,,
ma20_episode_ml_l2_logistic::top::all_a_ma20_episode_match_walk_forward_v1::onset::sse_composite::missed_region::sse_composite_medium_top_20210218,ma20_episode_ml_l2_logistic,top,all_a_ma20_episode_match_walk_forward_v1,onset,sse_composite,上证指数,missed_region,False,,,sse_composite_medium_top_20210218,2021-02-18,2021-02-18,2021-02-23,single_lobe,1,,,False,False,,,,,,2019-01-02,2026-08-14,True,True,top_bottom_regions_v2,,,,
ma20_episode_ml_l2_logistic::top::all_a_ma20_episode_match_walk_forward_v1::onset::sse_composite::missed_region::sse_composite_medium_top_20210602,ma20_episode_ml_l2_logistic,top,all_a_ma20_episode_match_walk_forward_v1,onset,sse_composite,上证指数,missed_region,False,,,sse_composite_medium_top_20210602,2021-06-02,2021-05-25,2021-06-30,multi_lobe,3,,,False,False,,,,,,2019-01-02,2026-08-14,True,True,top_bottom_regions_v2,,,,
ma20_episode_ml_l2_logistic::top::all_a_ma20_episode_match_walk_forward_v1::onset::sse_composite::missed_region::sse_composite_medium_top_20210914,ma20_episode_ml_l2_logistic,top,all_a_ma20_episode_match_walk_forward_v1,onset,sse_composite,上证指数,missed_region,False,,,sse_composite_medium_top_20210914,2021-09-14,2021-09-07,2021-09-23,multi_lobe,2,,,False,False,,,,,,2019-01-02,2026-08-14,True,True,top_bottom_regions_v2,,,,
ma20_episode_ml_l2_logistic::top::all_a_ma20_episode_match_walk_forward_v1::onset::sse_composite::missed_region::sse_composite_medium_top_20220407,ma20_episode_ml_l2_logistic,top,all_a_ma20_episode_match_walk_forward_v1,onset,sse_composite,上证指数,missed_region,False,,,sse_composite_medium_top_20220407,2022-04-07,2022-03-30,2022-04-14,multi_lobe,2,,,False,False,,,,,,2019-01-02,2026-08-14,True,True,top_bottom_regions_v2,,,,
ma20_episode_ml_l2_logistic::top::all_a_ma20_episode_match_walk_forward_v1::onset::sse_composite::missed_region::sse_composite_medium_top_20220705,ma20_episode_ml_l2_logistic,top,all_a_ma20_episode_match_walk_forward_v1,onset,sse_composite,上证指数,missed_region,False,,,sse_composite_medium_top_20220705,2022-07-05,2022-06-27,2022-07-08,single_lobe,1,,,False,False,,,,,,2019-01-02,2026-08-14,True,True,top_bottom_regions_v2,,,,
ma20_episode_ml_l2_logistic::top::all_a_ma20_episode_match_walk_forward_v1::onset::sse_composite::missed_region::sse_composite_medium_top_20230509,ma20_episode_ml_l2_logistic,top,all_a_ma20_episode_match_walk_forward_v1,onset,sse_composite,上证指数,missed_region,False,,,sse_composite_medium_top_20230509,2023-05-09,2023-04-17,2023-05-09,multi_lobe,2,,,False,False,,,,,,2019-01-02,2026-08-14,True,True,top_bottom_regions_v2,,,,
ma20_episode_ml_l2_logistic::top::all_a_ma20_episode_match_walk_forward_v1::onset::sse_composite::missed_region::sse_composite_medium_top_20240520,ma20_episode_ml_l2_logistic,top,all_a_ma20_episode_match_walk_forward_v1,onset,sse_composite,上证指数,missed_region,False,,,sse_composite_medium_top_20240520,2024-05-20,2024-05-06,2024-05-29,single_lobe,1,,,False,False,,,,,,2019-01-02,2026-08-14,True,True,top_bottom_regions_v2,,,,
ma20_episode_ml_l2_logistic::top::all_a_ma20_episode_match_walk_forward_v1::onset::sse_composite::missed_region::sse_composite_medium_top_20241008,ma20_episode_ml_l2_logistic,top,all_a_ma20_episode_match_walk_forward_v1,onset,sse_composite,上证指数,missed_region,False,,,sse_composite_medium_top_20241008,2024-10-08,2024-10-08,2024-10-08,single_lobe,1,,,False,False,,,,,,2019-01-02,2026-08-14,True,True,top_bottom_regions_v2,,,,
ma20_episode_ml_l2_logistic::top::all_a_ma20_episode_match_walk_forward_v1::onset::sse_composite::matched::ma20_episode_ml_l2_logistic::top::all_a_ma20_episode_match_walk_forward_v1::000002,ma20_episode_ml_l2_logistic,top,all_a_ma20_episode_match_walk_forward_v1,onset,sse_composite,上证指数,matched,True,ma20_episode_ml_l2_logistic::top::all_a_ma20_episode_match_walk_forward_v1::000002,2024-11-14,sse_composite_medium_top_20241108,2024-11-08,2024-11-07,2024-11-12,single_lobe,1,,confirmation_window,False,False,confirmation,4,4,5,ma20_episode_ml_l2_logistic::top::all_a_ma20_episode_match_walk_forward_v1::000002,2019-01-02,2026-08-14,True,True,top_bottom_regions_v2,sse_composite_medium_top_20241108,confirmation,single_lobe,primary_match
ma20_episode_ml_l2_logistic::top::all_a_ma20_episode_match_walk_forward_v1::onset::sse_composite::missed_region::sse_composite_medium_top_20241210,ma20_episode_ml_l2_logistic,top,all_a_ma20_episode_match_walk_forward_v1,onset,sse_composite,上证指数,missed_region,False,,,sse_composite_medium_top_20241210,2024-12-10,2024-12-10,2024-12-13,multi_lobe,2,,,False,False,,,,,,2019-01-02,2026-08-14,True,True,top_bottom_regions_v2,,,,
ma20_episode_ml_l2_logistic::top::all_a_ma20_episode_match_walk_forward_v1::onset::sse_composite::missed_region::sse_composite_medium_top_20250319,ma20_episode_ml_l2_logistic,top,all_a_ma20_episode_match_walk_forward_v1,onset,sse_composite,上证指数,missed_region,False,,,sse_composite_medium_top_20250319,2025-03-19,2025-02-24,2025-03-27,multi_lobe,6,,,False,False,,,,,,2019-01-02,2026-08-14,True,True,top_bottom_regions_v2,,,,
ma20_episode_ml_l2_logistic::top::all_a_ma20_episode_match_walk_forward_v1::onset::sse_composite::missed_region::sse_composite_medium_top_20260303,ma20_episode_ml_l2_logistic,top,all_a_ma20_episode_match_walk_forward_v1,onset,sse_composite,上证指数,missed_region,False,,,sse_composite_medium_top_20260303,2026-03-03,2026-01-26,2026-03-12,multi_lobe,4,,,False,False,,,,,,2019-01-02,2026-08-14,True,True,top_bottom_regions_v2,,,,
ma20_episode_ml_l2_logistic::top::all_a_ma20_episode_match_walk_forward_v1::onset::sse_composite::missed_region::sse_composite_medium_top_20260514,ma20_episode_ml_l2_logistic,top,all_a_ma20_episode_match_walk_forward_v1,onset,sse_composite,上证指数,missed_region,False,,,sse_composite_medium_top_20260514,2026-05-14,2026-05-11,2026-05-21,multi_lobe,2,,,False,False,,,,,,2019-01-02,2026-08-14,True,True,top_bottom_regions_v2,,,,
ma20_episode_ml_l2_logistic::bottom::all_a_ma20_episode_match_walk_forward_v1::capped_confirmation::all_a::missed_region::all_a_medium_bottom_20190104,ma20_episode_ml_l2_logistic,bottom,all_a_ma20_episode_match_walk_forward_v1,capped_confirmation,all_a,全A,missed_region,False,,,all_a_medium_bottom_20190104,2019-01-04,2018-12-25,2019-01-04,multi_lobe,2,,,False,False,,,,,,2019-01-02,2026-08-14,False,True,top_bottom_regions_v2,,,,
ma20_episode_ml_l2_logistic::bottom::all_a_ma20_episode_match_walk_forward_v1::capped_confirmation::all_a::missed_region::all_a_medium_bottom_20190606,ma20_episode_ml_l2_logistic,bottom,all_a_ma20_episode_match_walk_forward_v1,capped_confirmation,all_a,全A,missed_region,False,,,all_a_medium_bottom_20190606,2019-06-06,2019-05-24,2019-06-11,multi_lobe,2,,,False,False,,,,,,2019-01-02,2026-08-14,True,True,top_bottom_regions_v2,,,,
ma20_episode_ml_l2_logistic::bottom::all_a_ma20_episode_match_walk_forward_v1::capped_confirmation::all_a::missed_region::all_a_medium_bottom_20190806,ma20_episode_ml_l2_logistic,bottom,all_a_ma20_episode_match_walk_forward_v1,capped_confirmation,all_a,全A,missed_region,False,,,all_a_medium_bottom_20190806,2019-08-06,2019-08-06,2019-08-15,multi_lobe,3,,,False,False,,,,,,2019-01-02,2026-08-14,True,True,top_bottom_regions_v2,,,,
ma20_episode_ml_l2_logistic::bottom::all_a_ma20_episode_match_walk_forward_v1::capped_confirmation::all_a::matched::ma20_episode_ml_l2_logistic::bottom::all_a_ma20_episode_match_walk_forward_v1::000001,ma20_episode_ml_l2_logistic,bottom,all_a_ma20_episode_match_walk_forward_v1,capped_confirmation,all_a,全A,matched,True,ma20_episode_ml_l2_logistic::bottom::all_a_ma20_episode_match_walk_forward_v1::000001,2020-02-11,all_a_medium_bottom_20200204,2020-02-04,2020-02-03,2020-02-04,single_lobe,1,,confirmation_window,False,False,confirmation,5,5,5,ma20_episode_ml_l2_logistic::bottom::all_a_ma20_episode_match_walk_forward_v1::000001,2019-01-02,2026-08-14,True,True,top_bottom_regions_v2,all_a_medium_bottom_20200204,confirmation,single_lobe,primary_match
ma20_episode_ml_l2_logistic::bottom::all_a_ma20_episode_match_walk_forward_v1::capped_confirmation::all_a::matched::ma20_episode_ml_l2_logistic::bottom::all_a_ma20_episode_match_walk_forward_v1::000002,ma20_episode_ml_l2_logistic,bottom,all_a_ma20_episode_match_walk_forward_v1,capped_confirmation,all_a,全A,matched,True,ma20_episode_ml_l2_logistic::bottom::all_a_ma20_episode_match_walk_forward_v1::000002,2020-03-26,all_a_medium_bottom_20200324,2020-03-24,2020-03-17,2020-04-02,multi_lobe,5,,envelope,False,True,confirmation,2,2,5,ma20_episode_ml_l2_logistic::bottom::all_a_ma20_episode_match_walk_forward_v1::000002,2019-01-02,2026-08-14,True,True,top_bottom_regions_v2,all_a_medium_bottom_20200324,confirmation,multi_lobe,primary_match
ma20_episode_ml_l2_logistic::bottom::all_a_ma20_episode_match_walk_forward_v1::capped_confirmation::all_a::false_alarm::ma20_episode_ml_l2_logistic::bottom::all_a_ma20_episode_match_walk_forward_v1::000003,ma20_episode_ml_l2_logistic,bottom,all_a_ma20_episode_match_walk_forward_v1,capped_confirmation,all_a,全A,false_alarm,False,ma20_episode_ml_l2_logistic::bottom::all_a_ma20_episode_match_walk_forward_v1::000003,2020-09-18,,,,,,,,,False,False,,,,,,2019-01-02,2026-08-14,,,,all_a_medium_bottom_20210309,prediction,multi_lobe,nearest_region_for_slice_only
ma20_episode_ml_l2_logistic::bottom::all_a_ma20_episode_match_walk_forward_v1::capped_confirmation::all_a::missed_region::all_a_medium_bottom_20210309,ma20_episode_ml_l2_logistic,bottom,all_a_ma20_episode_match_walk_forward_v1,capped_confirmation,all_a,全A,missed_region,False,,,all_a_medium_bottom_20210309,2021-03-09,2021-03-09,2021-03-26,multi_lobe,3,,,False,False,,,,,,2019-01-02,2026-08-14,True,True,top_bottom_regions_v2,,,,
ma20_episode_ml_l2_logistic::bottom::all_a_ma20_episode_match_walk_forward_v1::capped_confirmation::all_a::false_alarm::ma20_episode_ml_l2_logistic::bottom::all_a_ma20_episode_match_walk_forward_v1::000004,ma20_episode_ml_l2_logistic,bottom,all_a_ma20_episode_match_walk_forward_v1,capped_confirmation,all_a,全A,false_alarm,False,ma20_episode_ml_l2_logistic::bottom::all_a_ma20_episode_match_walk_forward_v1::000004,2021-10-14,,,,,,,,,False,False,,,,,,2019-01-02,2026-08-14,,,,all_a_medium_bottom_20220427,prediction,single_lobe,nearest_region_for_slice_only
ma20_episode_ml_l2_logistic::bottom::all_a_ma20_episode_match_walk_forward_v1::capped_confirmation::all_a::false_alarm::ma20_episode_ml_l2_logistic::bottom::all_a_ma20_episode_match_walk_forward_v1::000005,ma20_episode_ml_l2_logistic,bottom,all_a_ma20_episode_match_walk_forward_v1,capped_confirmation,all_a,全A,false_alarm,False,ma20_episode_ml_l2_logistic::bottom::all_a_ma20_episode_match_walk_forward_v1::000005,2022-02-09,,,,,,,,,False,False,,,,,,2019-01-02,2026-08-14,,,,all_a_medium_bottom_20220427,prediction,single_lobe,nearest_region_for_slice_only
ma20_episode_ml_l2_logistic::bottom::all_a_ma20_episode_match_walk_forward_v1::capped_confirmation::all_a::false_alarm::ma20_episode_ml_l2_logistic::bottom::all_a_ma20_episode_match_walk_forward_v1::000006,ma20_episode_ml_l2_logistic,bottom,all_a_ma20_episode_match_walk_forward_v1,capped_confirmation,all_a,全A,false_alarm,False,ma20_episode_ml_l2_logistic::bottom::all_a_ma20_episode_match_walk_forward_v1::000006,2022-03-25,,,,,,,,,False,False,,,,,,2019-01-02,2026-08-14,,,,all_a_medium_bottom_20220427,prediction,single_lobe,nearest_region_for_slice_only
ma20_episode_ml_l2_logistic::bottom::all_a_ma20_episode_match_walk_forward_v1::capped_confirmation::all_a::missed_region::all_a_medium_bottom_20220427,ma20_episode_ml_l2_logistic,bottom,all_a_ma20_episode_match_walk_forward_v1,capped_confirmation,all_a,全A,missed_region,False,,,all_a_medium_bottom_20220427,2022-04-27,2022-04-26,2022-04-27,single_lobe,1,,,False,False,,,,,,2019-01-02,2026-08-14,True,True,top_bottom_regions_v2,,,,
ma20_episode_ml_l2_logistic::bottom::all_a_ma20_episode_match_walk_forward_v1::capped_confirmation::all_a::missed_region::all_a_medium_bottom_20221031,ma20_episode_ml_l2_logistic,bottom,all_a_ma20_episode_match_walk_forward_v1,capped_confirmation,all_a,全A,missed_region,False,,,all_a_medium_bottom_20221031,2022-10-31,2022-10-10,2022-11-01,multi_lobe,3,,,False,False,,,,,,2019-01-02,2026-08-14,True,True,top_bottom_regions_v2,,,,
ma20_episode_ml_l2_logistic::bottom::all_a_ma20_episode_match_walk_forward_v1::capped_confirmation::all_a::false_alarm::ma20_episode_ml_l2_logistic::bottom::all_a_ma20_episode_match_walk_forward_v1::000007,ma20_episode_ml_l2_logistic,bottom,all_a_ma20_episode_match_walk_forward_v1,capped_confirmation,all_a,全A,false_alarm,False,ma20_episode_ml_l2_logistic::bottom::all_a_ma20_episode_match_walk_forward_v1::000007,2023-01-03,,,,,,,,,False,False,,,,,,2019-01-02,2026-08-14,,,,all_a_medium_bottom_20221031,confirmation,multi_lobe,nearest_region_for_slice_only
ma20_episode_ml_l2_logistic::bottom::all_a_ma20_episode_match_walk_forward_v1::capped_confirmation::all_a::false_alarm::ma20_episode_ml_l2_logistic::bottom::all_a_ma20_episode_match_walk_forward_v1::000008,ma20_episode_ml_l2_logistic,bottom,all_a_ma20_episode_match_walk_forward_v1,capped_confirmation,all_a,全A,false_alarm,False,ma20_episode_ml_l2_logistic::bottom::all_a_ma20_episode_match_walk_forward_v1::000008,2023-10-26,,,,,,,,,False,False,,,,,,2019-01-02,2026-08-14,,,,all_a_medium_bottom_20240205,prediction,single_lobe,nearest_region_for_slice_only
ma20_episode_ml_l2_logistic::bottom::all_a_ma20_episode_match_walk_forward_v1::capped_confirmation::all_a::duplicate_alarm::ma20_episode_ml_l2_logistic::bottom::all_a_ma20_episode_match_walk_forward_v1::000009,ma20_episode_ml_l2_logistic,bottom,all_a_ma20_episode_match_walk_forward_v1,capped_confirmation,all_a,全A,duplicate_alarm,False,ma20_episode_ml_l2_logistic::bottom::all_a_ma20_episode_match_walk_forward_v1::000009,2024-01-26,all_a_medium_bottom_20240205,2024-02-05,2024-02-05,2024-02-06,single_lobe,1,,prediction_window,False,False,prediction,-6,6,10,ma20_episode_ml_l2_logistic::bottom::all_a_ma20_episode_match_walk_forward_v1::000010,2019-01-02,2026-08-14,True,True,top_bottom_regions_v2,all_a_medium_bottom_20240205,prediction,single_lobe,duplicate_candidate
ma20_episode_ml_l2_logistic::bottom::all_a_ma20_episode_match_walk_forward_v1::capped_confirmation::all_a::matched::ma20_episode_ml_l2_logistic::bottom::all_a_ma20_episode_match_walk_forward_v1::000010,ma20_episode_ml_l2_logistic,bottom,all_a_ma20_episode_match_walk_forward_v1,capped_confirmation,all_a,全A,matched,True,ma20_episode_ml_l2_logistic::bottom::all_a_ma20_episode_match_walk_forward_v1::000010,2024-02-08,all_a_medium_bottom_20240205,2024-02-05,2024-02-05,2024-02-06,single_lobe,1,,confirmation_window,False,False,confirmation,3,3,5,ma20_episode_ml_l2_logistic::bottom::all_a_ma20_episode_match_walk_forward_v1::000010,2019-01-02,2026-08-14,True,True,top_bottom_regions_v2,all_a_medium_bottom_20240205,confirmation,single_lobe,primary_match
ma20_episode_ml_l2_logistic::bottom::all_a_ma20_episode_match_walk_forward_v1::capped_confirmation::all_a::false_alarm::ma20_episode_ml_l2_logistic::bottom::all_a_ma20_episode_match_walk_forward_v1::000011,ma20_episode_ml_l2_logistic,bottom,all_a_ma20_episode_match_walk_forward_v1,capped_confirmation,all_a,全A,false_alarm,False,ma20_episode_ml_l2_logistic::bottom::all_a_ma20_episode_match_walk_forward_v1::000011,2024-04-24,,,,,,,,,False,False,,,,,,2019-01-02,2026-08-14,,,,all_a_medium_bottom_20240205,confirmation,single_lobe,nearest_region_for_slice_only
ma20_episode_ml_l2_logistic::bottom::all_a_ma20_episode_match_walk_forward_v1::capped_confirmation::all_a::false_alarm::ma20_episode_ml_l2_logistic::bottom::all_a_ma20_episode_match_walk_forward_v1::000012,ma20_episode_ml_l2_logistic,bottom,all_a_ma20_episode_match_walk_forward_v1,capped_confirmation,all_a,全A,false_alarm,False,ma20_episode_ml_l2_logistic::bottom::all_a_ma20_episode_match_walk_forward_v1::000012,2024-06-17,,,,,,,,,False,False,,,,,,2019-01-02,2026-08-14,,,,all_a_medium_bottom_20240918,prediction,single_lobe,nearest_region_for_slice_only
ma20_episode_ml_l2_logistic::bottom::all_a_ma20_episode_match_walk_forward_v1::capped_confirmation::all_a::false_alarm::ma20_episode_ml_l2_logistic::bottom::all_a_ma20_episode_match_walk_forward_v1::000013,ma20_episode_ml_l2_logistic,bottom,all_a_ma20_episode_match_walk_forward_v1,capped_confirmation,all_a,全A,false_alarm,False,ma20_episode_ml_l2_logistic::bottom::all_a_ma20_episode_match_walk_forward_v1::000013,2024-07-02,,,,,,,,,False,False,,,,,,2019-01-02,2026-08-14,,,,all_a_medium_bottom_20240918,prediction,single_lobe,nearest_region_for_slice_only
ma20_episode_ml_l2_logistic::bottom::all_a_ma20_episode_match_walk_forward_v1::capped_confirmation::all_a::false_alarm::ma20_episode_ml_l2_logistic::bottom::all_a_ma20_episode_match_walk_forward_v1::000014,ma20_episode_ml_l2_logistic,bottom,all_a_ma20_episode_match_walk_forward_v1,capped_confirmation,all_a,全A,false_alarm,False,ma20_episode_ml_l2_logistic::bottom::all_a_ma20_episode_match_walk_forward_v1::000014,2024-07-04,,,,,,,,,False,False,,,,,,2019-01-02,2026-08-14,,,,all_a_medium_bottom_20240918,prediction,single_lobe,nearest_region_for_slice_only
ma20_episode_ml_l2_logistic::bottom::all_a_ma20_episode_match_walk_forward_v1::capped_confirmation::all_a::false_alarm::ma20_episode_ml_l2_logistic::bottom::all_a_ma20_episode_match_walk_forward_v1::000015,ma20_episode_ml_l2_logistic,bottom,all_a_ma20_episode_match_walk_forward_v1,capped_confirmation,all_a,全A,false_alarm,False,ma20_episode_ml_l2_logistic::bottom::all_a_ma20_episode_match_walk_forward_v1::000015,2024-07-16,,,,,,,,,False,False,,,,,,2019-01-02,2026-08-14,,,,all_a_medium_bottom_20240918,prediction,single_lobe,nearest_region_for_slice_only
ma20_episode_ml_l2_logistic::bottom::all_a_ma20_episode_match_walk_forward_v1::capped_confirmation::all_a::matched::ma20_episode_ml_l2_logistic::bottom::all_a_ma20_episode_match_walk_forward_v1::000016,ma20_episode_ml_l2_logistic,bottom,all_a_ma20_episode_match_walk_forward_v1,capped_confirmation,all_a,全A,matched,True,ma20_episode_ml_l2_logistic::bottom::all_a_ma20_episode_match_walk_forward_v1::000016,2024-08-30,all_a_medium_bottom_20240918,2024-09-18,2024-09-09,2024-09-23,single_lobe,1,,prediction_window,False,False,prediction,-11,11,20,ma20_episode_ml_l2_logistic::bottom::all_a_ma20_episode_match_walk_forward_v1::000016,2019-01-02,2026-08-14,True,True,top_bottom_regions_v2,all_a_medium_bottom_20240918,prediction,single_lobe,primary_match
ma20_episode_ml_l2_logistic::bottom::all_a_ma20_episode_match_walk_forward_v1::capped_confirmation::all_a::missed_region::all_a_medium_bottom_20241016,ma20_episode_ml_l2_logistic,bottom,all_a_ma20_episode_match_walk_forward_v1,capped_confirmation,all_a,全A,missed_region,False,,,all_a_medium_bottom_20241016,2024-10-16,2024-10-14,2024-10-18,single_lobe,1,,,False,False,,,,,,2019-01-02,2026-08-14,True,True,top_bottom_regions_v2,,,,
ma20_episode_ml_l2_logistic::bottom::all_a_ma20_episode_match_walk_forward_v1::capped_confirmation::all_a::missed_region::all_a_medium_bottom_20250113,ma20_episode_ml_l2_logistic,bottom,all_a_ma20_episode_match_walk_forward_v1,capped_confirmation,all_a,全A,missed_region,False,,,all_a_medium_bottom_20250113,2025-01-13,2025-01-03,2025-01-14,multi_lobe,2,,,False,False,,,,,,2019-01-02,2026-08-14,True,True,top_bottom_regions_v2,,,,
ma20_episode_ml_l2_logistic::bottom::all_a_ma20_episode_match_walk_forward_v1::capped_confirmation::all_a::matched::ma20_episode_ml_l2_logistic::bottom::all_a_ma20_episode_match_walk_forward_v1::000017,ma20_episode_ml_l2_logistic,bottom,all_a_ma20_episode_match_walk_forward_v1,capped_confirmation,all_a,全A,matched,True,ma20_episode_ml_l2_logistic::bottom::all_a_ma20_episode_match_walk_forward_v1::000017,2025-04-15,all_a_medium_bottom_20250409,2025-04-09,2025-04-07,2025-04-09,multi_lobe,2,,confirmation_window,False,False,confirmation,4,4,5,ma20_episode_ml_l2_logistic::bottom::all_a_ma20_episode_match_walk_forward_v1::000017,2019-01-02,2026-08-14,True,True,top_bottom_regions_v2,all_a_medium_bottom_20250409,confirmation,multi_lobe,primary_match
ma20_episode_ml_l2_logistic::bottom::all_a_ma20_episode_match_walk_forward_v1::capped_confirmation::all_a::matched::ma20_episode_ml_l2_logistic::bottom::all_a_ma20_episode_match_walk_forward_v1::000018,ma20_episode_ml_l2_logistic,bottom,all_a_ma20_episode_match_walk_forward_v1,capped_confirmation,all_a,全A,matched,True,ma20_episode_ml_l2_logistic::bottom::all_a_ma20_episode_match_walk_forward_v1::000018,2026-03-30,all_a_medium_bottom_20260323,2026-03-23,2026-03-23,2026-04-07,multi_lobe,3,,envelope,False,True,confirmation,5,5,5,ma20_episode_ml_l2_logistic::bottom::all_a_ma20_episode_match_walk_forward_v1::000018,2019-01-02,2026-08-14,True,True,top_bottom_regions_v2,all_a_medium_bottom_20260323,confirmation,multi_lobe,primary_match
ma20_episode_ml_l2_logistic::bottom::all_a_ma20_episode_match_walk_forward_v1::capped_confirmation::all_a::false_alarm::ma20_episode_ml_l2_logistic::bottom::all_a_ma20_episode_match_walk_forward_v1::000019,ma20_episode_ml_l2_logistic,bottom,all_a_ma20_episode_match_walk_forward_v1,capped_confirmation,all_a,全A,false_alarm,False,ma20_episode_ml_l2_logistic::bottom::all_a_ma20_episode_match_walk_forward_v1::000019,2026-06-16,,,,,,,,,False,False,,,,,,2019-01-02,2026-08-14,,,,all_a_medium_bottom_20260721,prediction,multi_lobe,nearest_region_for_slice_only
ma20_episode_ml_l2_logistic::bottom::all_a_ma20_episode_match_walk_forward_v1::capped_confirmation::all_a::matched::ma20_episode_ml_l2_logistic::bottom::all_a_ma20_episode_match_walk_forward_v1::000020,ma20_episode_ml_l2_logistic,bottom,all_a_ma20_episode_match_walk_forward_v1,capped_confirmation,all_a,全A,matched,True,ma20_episode_ml_l2_logistic::bottom::all_a_ma20_episode_match_walk_forward_v1::000020,2026-07-21,all_a_medium_bottom_20260721,2026-07-21,2026-07-20,2026-07-30,multi_lobe,2,all_a_medium_bottom_20260721_lobe_01,core_lobe,True,True,prediction,0,0,5,ma20_episode_ml_l2_logistic::bottom::all_a_ma20_episode_match_walk_forward_v1::000020,2019-01-02,2026-08-14,True,False,top_bottom_regions_v2,all_a_medium_bottom_20260721,prediction,multi_lobe,primary_match
ma20_episode_ml_l2_logistic::bottom::all_a_ma20_episode_match_walk_forward_v1::capped_confirmation::cni2000::missed_region::cni2000_medium_bottom_20190131,ma20_episode_ml_l2_logistic,bottom,all_a_ma20_episode_match_walk_forward_v1,capped_confirmation,cni2000,国证2000,missed_region,False,,,cni2000_medium_bottom_20190131,2019-01-31,2019-01-31,2019-02-01,single_lobe,1,,,False,False,,,,,,2019-01-02,2026-08-14,True,True,top_bottom_regions_v2,,,,
ma20_episode_ml_l2_logistic::bottom::all_a_ma20_episode_match_walk_forward_v1::capped_confirmation::cni2000::missed_region::cni2000_medium_bottom_20190806,ma20_episode_ml_l2_logistic,bottom,all_a_ma20_episode_match_walk_forward_v1,capped_confirmation,cni2000,国证2000,missed_region,False,,,cni2000_medium_bottom_20190806,2019-08-06,2019-08-06,2019-08-15,multi_lobe,3,,,False,False,,,,,,2019-01-02,2026-08-14,True,True,top_bottom_regions_v2,,,,
ma20_episode_ml_l2_logistic::bottom::all_a_ma20_episode_match_walk_forward_v1::capped_confirmation::cni2000::matched::ma20_episode_ml_l2_logistic::bottom::all_a_ma20_episode_match_walk_forward_v1::000001,ma20_episode_ml_l2_logistic,bottom,all_a_ma20_episode_match_walk_forward_v1,capped_confirmation,cni2000,国证2000,matched,True,ma20_episode_ml_l2_logistic::bottom::all_a_ma20_episode_match_walk_forward_v1::000001,2020-02-11,cni2000_medium_bottom_20200204,2020-02-04,2020-02-04,2020-02-04,single_lobe,1,,confirmation_window,False,False,confirmation,5,5,5,ma20_episode_ml_l2_logistic::bottom::all_a_ma20_episode_match_walk_forward_v1::000001,2019-01-02,2026-08-14,True,True,top_bottom_regions_v2,cni2000_medium_bottom_20200204,confirmation,single_lobe,primary_match
ma20_episode_ml_l2_logistic::bottom::all_a_ma20_episode_match_walk_forward_v1::capped_confirmation::cni2000::false_alarm::ma20_episode_ml_l2_logistic::bottom::all_a_ma20_episode_match_walk_forward_v1::000002,ma20_episode_ml_l2_logistic,bottom,all_a_ma20_episode_match_walk_forward_v1,capped_confirmation,cni2000,国证2000,false_alarm,False,ma20_episode_ml_l2_logistic::bottom::all_a_ma20_episode_match_walk_forward_v1::000002,2020-03-26,,,,,,,,,False,False,,,,,,2019-01-02,2026-08-14,,,,cni2000_medium_bottom_20200428,prediction,single_lobe,nearest_region_for_slice_only
ma20_episode_ml_l2_logistic::bottom::all_a_ma20_episode_match_walk_forward_v1::capped_confirmation::cni2000::missed_region::cni2000_medium_bottom_20200428,ma20_episode_ml_l2_logistic,bottom,all_a_ma20_episode_match_walk_forward_v1,capped_confirmation,cni2000,国证2000,missed_region,False,,,cni2000_medium_bottom_20200428,2020-04-28,2020-04-28,2020-04-28,single_lobe,1,,,False,False,,,,,,2019-01-02,2026-08-14,True,True,top_bottom_regions_v2,,,,
ma20_episode_ml_l2_logistic::bottom::all_a_ma20_episode_match_walk_forward_v1::capped_confirmation::cni2000::false_alarm::ma20_episode_ml_l2_logistic::bottom::all_a_ma20_episode_match_walk_forward_v1::000003,ma20_episode_ml_l2_logistic,bottom,all_a_ma20_episode_match_walk_forward_v1,capped_confirmation,cni2000,国证2000,false_alarm,False,ma20_episode_ml_l2_logistic::bottom::all_a_ma20_episode_match_walk_forward_v1::000003,2020-09-18,,,,,,,,,False,False,,,,,,2019-01-02,2026-08-14,,,,cni2000_medium_bottom_20200428,confirmation,single_lobe,nearest_region_for_slice_only
ma20_episode_ml_l2_logistic::bottom::all_a_ma20_episode_match_walk_forward_v1::capped_confirmation::cni2000::missed_region::cni2000_medium_bottom_20210208,ma20_episode_ml_l2_logistic,bottom,all_a_ma20_episode_match_walk_forward_v1,capped_confirmation,cni2000,国证2000,missed_region,False,,,cni2000_medium_bottom_20210208,2021-02-08,2021-02-04,2021-02-09,single_lobe,1,,,False,False,,,,,,2019-01-02,2026-08-14,True,True,top_bottom_regions_v2,,,,
ma20_episode_ml_l2_logistic::bottom::all_a_ma20_episode_match_walk_forward_v1::capped_confirmation::cni2000::false_alarm::ma20_episode_ml_l2_logistic::bottom::all_a_ma20_episode_match_walk_forward_v1::000004,ma20_episode_ml_l2_logistic,bottom,all_a_ma20_episode_match_walk_forward_v1,capped_confirmation,cni2000,国证2000,false_alarm,False,ma20_episode_ml_l2_logistic::bottom::all_a_ma20_episode_match_walk_forward_v1::000004,2021-10-14,,,,,,,,,False,False,,,,,,2019-01-02,2026-08-14,,,,cni2000_medium_bottom_20220427,prediction,single_lobe,nearest_region_for_slice_only
ma20_episode_ml_l2_logistic::bottom::all_a_ma20_episode_match_walk_forward_v1::capped_confirmation::cni2000::false_alarm::ma20_episode_ml_l2_logistic::bottom::all_a_ma20_episode_match_walk_forward_v1::000005,ma20_episode_ml_l2_logistic,bottom,all_a_ma20_episode_match_walk_forward_v1,capped_confirmation,cni2000,国证2000,false_alarm,False,ma20_episode_ml_l2_logistic::bottom::all_a_ma20_episode_match_walk_forward_v1::000005,2022-02-09,,,,,,,,,False,False,,,,,,2019-01-02,2026-08-14,,,,cni2000_medium_bottom_20220427,prediction,single_lobe,nearest_region_for_slice_only
ma20_episode_ml_l2_logistic::bottom::all_a_ma20_episode_match_walk_forward_v1::capped_confirmation::cni2000::false_alarm::ma20_episode_ml_l2_logistic::bottom::all_a_ma20_episode_match_walk_forward_v1::000006,ma20_episode_ml_l2_logistic,bottom,all_a_ma20_episode_match_walk_forward_v1,capped_confirmation,cni2000,国证2000,false_alarm,False,ma20_episode_ml_l2_logistic::bottom::all_a_ma20_episode_match_walk_forward_v1::000006,2022-03-25,,,,,,,,,False,False,,,,,,2019-01-02,2026-08-14,,,,cni2000_medium_bottom_20220427,prediction,single_lobe,nearest_region_for_slice_only
ma20_episode_ml_l2_logistic::bottom::all_a_ma20_episode_match_walk_forward_v1::capped_confirmation::cni2000::missed_region::cni2000_medium_bottom_20220427,ma20_episode_ml_l2_logistic,bottom,all_a_ma20_episode_match_walk_forward_v1,capped_confirmation,cni2000,国证2000,missed_region,False,,,cni2000_medium_bottom_20220427,2022-04-27,2022-04-27,2022-04-27,single_lobe,1,,,False,False,,,,,,2019-01-02,2026-08-14,True,True,top_bottom_regions_v2,,,,
ma20_episode_ml_l2_logistic::bottom::all_a_ma20_episode_match_walk_forward_v1::capped_confirmation::cni2000::missed_region::cni2000_medium_bottom_20221011,ma20_episode_ml_l2_logistic,bottom,all_a_ma20_episode_match_walk_forward_v1,capped_confirmation,cni2000,国证2000,missed_region,False,,,cni2000_medium_bottom_20221011,2022-10-11,2022-10-10,2022-10-12,single_lobe,1,,,False,False,,,,,,2019-01-02,2026-08-14,True,True,top_bottom_regions_v2,,,,
ma20_episode_ml_l2_logistic::bottom::all_a_ma20_episode_match_walk_forward_v1::capped_confirmation::cni2000::false_alarm::ma20_episode_ml_l2_logistic::bottom::all_a_ma20_episode_match_walk_forward_v1::000007,ma20_episode_ml_l2_logistic,bottom,all_a_ma20_episode_match_walk_forward_v1,capped_confirmation,cni2000,国证2000,false_alarm,False,ma20_episode_ml_l2_logistic::bottom::all_a_ma20_episode_match_walk_forward_v1::000007,2023-01-03,,,,,,,,,False,False,,,,,,2019-01-02,2026-08-14,,,,cni2000_medium_bottom_20221011,confirmation,single_lobe,nearest_region_for_slice_only
ma20_episode_ml_l2_logistic::bottom::all_a_ma20_episode_match_walk_forward_v1::capped_confirmation::cni2000::matched::ma20_episode_ml_l2_logistic::bottom::all_a_ma20_episode_match_walk_forward_v1::000008,ma20_episode_ml_l2_logistic,bottom,all_a_ma20_episode_match_walk_forward_v1,capped_confirmation,cni2000,国证2000,matched,True,ma20_episode_ml_l2_logistic::bottom::all_a_ma20_episode_match_walk_forward_v1::000008,2023-10-26,cni2000_medium_bottom_20231023,2023-10-23,2023-10-23,2023-10-24,single_lobe,1,,confirmation_window,False,False,confirmation,3,3,5,ma20_episode_ml_l2_logistic::bottom::all_a_ma20_episode_match_walk_forward_v1::000008,2019-01-02,2026-08-14,True,True,top_bottom_regions_v2,cni2000_medium_bottom_20231023,confirmation,single_lobe,primary_match
ma20_episode_ml_l2_logistic::bottom::all_a_ma20_episode_match_walk_forward_v1::capped_confirmation::cni2000::duplicate_alarm::ma20_episode_ml_l2_logistic::bottom::all_a_ma20_episode_match_walk_forward_v1::000009,ma20_episode_ml_l2_logistic,bottom,all_a_ma20_episode_match_walk_forward_v1,capped_confirmation,cni2000,国证2000,duplicate_alarm,False,ma20_episode_ml_l2_logistic::bottom::all_a_ma20_episode_match_walk_forward_v1::000009,2024-01-26,cni2000_medium_bottom_20240206,2024-02-06,2024-02-05,2024-02-06,single_lobe,1,,prediction_window,False,False,prediction,-7,7,10,ma20_episode_ml_l2_logistic::bottom::all_a_ma20_episode_match_walk_forward_v1::000010,2019-01-02,2026-08-14,True,True,top_bottom_regions_v2,cni2000_medium_bottom_20240206,prediction,single_lobe,duplicate_candidate
ma20_episode_ml_l2_logistic::bottom::all_a_ma20_episode_match_walk_forward_v1::capped_confirmation::cni2000::matched::ma20_episode_ml_l2_logistic::bottom::all_a_ma20_episode_match_walk_forward_v1::000010,ma20_episode_ml_l2_logistic,bottom,all_a_ma20_episode_match_walk_forward_v1,capped_confirmation,cni2000,国证2000,matched,True,ma20_episode_ml_l2_logistic::bottom::all_a_ma20_episode_match_walk_forward_v1::000010,2024-02-08,cni2000_medium_bottom_20240206,2024-02-06,2024-02-05,2024-02-06,single_lobe,1,,confirmation_window,False,False,confirmation,2,2,5,ma20_episode_ml_l2_logistic::bottom::all_a_ma20_episode_match_walk_forward_v1::000010,2019-01-02,2026-08-14,True,True,top_bottom_regions_v2,cni2000_medium_bottom_20240206,confirmation,single_lobe,primary_match
ma20_episode_ml_l2_logistic::bottom::all_a_ma20_episode_match_walk_forward_v1::capped_confirmation::cni2000::matched::ma20_episode_ml_l2_logistic::bottom::all_a_ma20_episode_match_walk_forward_v1::000011,ma20_episode_ml_l2_logistic,bottom,all_a_ma20_episode_match_walk_forward_v1,capped_confirmation,cni2000,国证2000,matched,True,ma20_episode_ml_l2_logistic::bottom::all_a_ma20_episode_match_walk_forward_v1::000011,2024-04-24,cni2000_medium_bottom_20240416,2024-04-16,2024-04-16,2024-04-17,single_lobe,1,,confirmation_window,False,False,confirmation,6,6,10,ma20_episode_ml_l2_logistic::bottom::all_a_ma20_episode_match_walk_forward_v1::000011,2019-01-02,2026-08-14,True,True,top_bottom_regions_v2,cni2000_medium_bottom_20240416,confirmation,single_lobe,primary_match
ma20_episode_ml_l2_logistic::bottom::all_a_ma20_episode_match_walk_forward_v1::capped_confirmation::cni2000::false_alarm::ma20_episode_ml_l2_logistic::bottom::all_a_ma20_episode_match_walk_forward_v1::000012,ma20_episode_ml_l2_logistic,bottom,all_a_ma20_episode_match_walk_forward_v1,capped_confirmation,cni2000,国证2000,false_alarm,False,ma20_episode_ml_l2_logistic::bottom::all_a_ma20_episode_match_walk_forward_v1::000012,2024-06-17,,,,,,,,,False,False,,,,,,2019-01-02,2026-08-14,,,,cni2000_medium_bottom_20240416,confirmation,single_lobe,nearest_region_for_slice_only
ma20_episode_ml_l2_logistic::bottom::all_a_ma20_episode_match_walk_forward_v1::capped_confirmation::cni2000::false_alarm::ma20_episode_ml_l2_logistic::bottom::all_a_ma20_episode_match_walk_forward_v1::000013,ma20_episode_ml_l2_logistic,bottom,all_a_ma20_episode_match_walk_forward_v1,capped_confirmation,cni2000,国证2000,false_alarm,False,ma20_episode_ml_l2_logistic::bottom::all_a_ma20_episode_match_walk_forward_v1::000013,2024-07-02,,,,,,,,,False,False,,,,,,2019-01-02,2026-08-14,,,,cni2000_medium_bottom_20240416,confirmation,single_lobe,nearest_region_for_slice_only
ma20_episode_ml_l2_logistic::bottom::all_a_ma20_episode_match_walk_forward_v1::capped_confirmation::cni2000::false_alarm::ma20_episode_ml_l2_logistic::bottom::all_a_ma20_episode_match_walk_forward_v1::000014,ma20_episode_ml_l2_logistic,bottom,all_a_ma20_episode_match_walk_forward_v1,capped_confirmation,cni2000,国证2000,false_alarm,False,ma20_episode_ml_l2_logistic::bottom::all_a_ma20_episode_match_walk_forward_v1::000014,2024-07-04,,,,,,,,,False,False,,,,,,2019-01-02,2026-08-14,,,,cni2000_medium_bottom_20240918,prediction,multi_lobe,nearest_region_for_slice_only
ma20_episode_ml_l2_logistic::bottom::all_a_ma20_episode_match_walk_forward_v1::capped_confirmation::cni2000::false_alarm::ma20_episode_ml_l2_logistic::bottom::all_a_ma20_episode_match_walk_forward_v1::000015,ma20_episode_ml_l2_logistic,bottom,all_a_ma20_episode_match_walk_forward_v1,capped_confirmation,cni2000,国证2000,false_alarm,False,ma20_episode_ml_l2_logistic::bottom::all_a_ma20_episode_match_walk_forward_v1::000015,2024-07-16,,,,,,,,,False,False,,,,,,2019-01-02,2026-08-14,,,,cni2000_medium_bottom_20240918,prediction,multi_lobe,nearest_region_for_slice_only
ma20_episode_ml_l2_logistic::bottom::all_a_ma20_episode_match_walk_forward_v1::capped_confirmation::cni2000::matched::ma20_episode_ml_l2_logistic::bottom::all_a_ma20_episode_match_walk_forward_v1::000016,ma20_episode_ml_l2_logistic,bottom,all_a_ma20_episode_match_walk_forward_v1,capped_confirmation,cni2000,国证2000,matched,True,ma20_episode_ml_l2_logistic::bottom::all_a_ma20_episode_match_walk_forward_v1::000016,2024-08-30,cni2000_medium_bottom_20240918,2024-09-18,2024-09-10,2024-09-19,multi_lobe,2,,prediction_window,False,False,prediction,-11,11,20,ma20_episode_ml_l2_logistic::bottom::all_a_ma20_episode_match_walk_forward_v1::000016,2019-01-02,2026-08-14,True,True,top_bottom_regions_v2,cni2000_medium_bottom_20240918,prediction,multi_lobe,primary_match
ma20_episode_ml_l2_logistic::bottom::all_a_ma20_episode_match_walk_forward_v1::capped_confirmation::cni2000::missed_region::cni2000_medium_bottom_20241014,ma20_episode_ml_l2_logistic,bottom,all_a_ma20_episode_match_walk_forward_v1,capped_confirmation,cni2000,国证2000,missed_region,False,,,cni2000_medium_bottom_20241014,2024-10-14,2024-10-11,2024-10-16,multi_lobe,2,,,False,False,,,,,,2019-01-02,2026-08-14,True,True,top_bottom_regions_v2,,,,
ma20_episode_ml_l2_logistic::bottom::all_a_ma20_episode_match_walk_forward_v1::capped_confirmation::cni2000::missed_region::cni2000_medium_bottom_20250113,ma20_episode_ml_l2_logistic,bottom,all_a_ma20_episode_match_walk_forward_v1,capped_confirmation,cni2000,国证2000,missed_region,False,,,cni2000_medium_bottom_20250113,2025-01-13,2025-01-06,2025-01-13,multi_lobe,3,,,False,False,,,,,,2019-01-02,2026-08-14,True,True,top_bottom_regions_v2,,,,
ma20_episode_ml_l2_logistic::bottom::all_a_ma20_episode_match_walk_forward_v1::capped_confirmation::cni2000::matched::ma20_episode_ml_l2_logistic::bottom::all_a_ma20_episode_match_walk_forward_v1::000017,ma20_episode_ml_l2_logistic,bottom,all_a_ma20_episode_match_walk_forward_v1,capped_confirmation,cni2000,国证2000,matched,True,ma20_episode_ml_l2_logistic::bottom::all_a_ma20_episode_match_walk_forward_v1::000017,2025-04-15,cni2000_medium_bottom_20250409,2025-04-09,2025-04-09,2025-04-09,single_lobe,1,,confirmation_window,False,False,confirmation,4,4,5,ma20_episode_ml_l2_logistic::bottom::all_a_ma20_episode_match_walk_forward_v1::000017,2019-01-02,2026-08-14,True,True,top_bottom_regions_v2,cni2000_medium_bottom_20250409,confirmation,single_lobe,primary_match
ma20_episode_ml_l2_logistic::bottom::all_a_ma20_episode_match_walk_forward_v1::capped_confirmation::cni2000::matched::ma20_episode_ml_l2_logistic::bottom::all_a_ma20_episode_match_walk_forward_v1::000018,ma20_episode_ml_l2_logistic,bottom,all_a_ma20_episode_match_walk_forward_v1,capped_confirmation,cni2000,国证2000,matched,True,ma20_episode_ml_l2_logistic::bottom::all_a_ma20_episode_match_walk_forward_v1::000018,2026-03-30,cni2000_medium_bottom_20260323,2026-03-23,2026-03-23,2026-03-24,single_lobe,1,,confirmation_window,False,False,confirmation,5,5,5,ma20_episode_ml_l2_logistic::bottom::all_a_ma20_episode_match_walk_forward_v1::000018,2019-01-02,2026-08-14,True,True,top_bottom_regions_v2,cni2000_medium_bottom_20260323,confirmation,single_lobe,primary_match
ma20_episode_ml_l2_logistic::bottom::all_a_ma20_episode_match_walk_forward_v1::capped_confirmation::cni2000::false_alarm::ma20_episode_ml_l2_logistic::bottom::all_a_ma20_episode_match_walk_forward_v1::000019,ma20_episode_ml_l2_logistic,bottom,all_a_ma20_episode_match_walk_forward_v1,capped_confirmation,cni2000,国证2000,false_alarm,False,ma20_episode_ml_l2_logistic::bottom::all_a_ma20_episode_match_walk_forward_v1::000019,2026-06-16,,,,,,,,,False,False,,,,,,2019-01-02,2026-08-14,,,,cni2000_medium_bottom_20260721,prediction,single_lobe,nearest_region_for_slice_only
ma20_episode_ml_l2_logistic::bottom::all_a_ma20_episode_match_walk_forward_v1::capped_confirmation::cni2000::matched::ma20_episode_ml_l2_logistic::bottom::all_a_ma20_episode_match_walk_forward_v1::000020,ma20_episode_ml_l2_logistic,bottom,all_a_ma20_episode_match_walk_forward_v1,capped_confirmation,cni2000,国证2000,matched,True,ma20_episode_ml_l2_logistic::bottom::all_a_ma20_episode_match_walk_forward_v1::000020,2026-07-21,cni2000_medium_bottom_20260721,2026-07-21,2026-07-21,2026-07-21,single_lobe,1,cni2000_medium_bottom_20260721_lobe_01,core_lobe,True,True,prediction,0,0,5,ma20_episode_ml_l2_logistic::bottom::all_a_ma20_episode_match_walk_forward_v1::000020,2019-01-02,2026-08-14,True,False,top_bottom_regions_v2,cni2000_medium_bottom_20260721,prediction,single_lobe,primary_match
ma20_episode_ml_l2_logistic::bottom::all_a_ma20_episode_match_walk_forward_v1::capped_confirmation::csi1000::missed_region::csi1000_medium_bottom_20190104,ma20_episode_ml_l2_logistic,bottom,all_a_ma20_episode_match_walk_forward_v1,capped_confirmation,csi1000,中证1000,missed_region,False,,,csi1000_medium_bottom_20190104,2019-01-04,2018-12-25,2019-01-04,multi_lobe,2,,,False,False,,,,,,2019-01-02,2026-08-14,False,True,top_bottom_regions_v2,,,,
ma20_episode_ml_l2_logistic::bottom::all_a_ma20_episode_match_walk_forward_v1::capped_confirmation::csi1000::missed_region::csi1000_medium_bottom_20190806,ma20_episode_ml_l2_logistic,bottom,all_a_ma20_episode_match_walk_forward_v1,capped_confirmation,csi1000,中证1000,missed_region,False,,,csi1000_medium_bottom_20190806,2019-08-06,2019-08-06,2019-08-15,multi_lobe,3,,,False,False,,,,,,2019-01-02,2026-08-14,True,True,top_bottom_regions_v2,,,,
ma20_episode_ml_l2_logistic::bottom::all_a_ma20_episode_match_walk_forward_v1::capped_confirmation::csi1000::matched::ma20_episode_ml_l2_logistic::bottom::all_a_ma20_episode_match_walk_forward_v1::000001,ma20_episode_ml_l2_logistic,bottom,all_a_ma20_episode_match_walk_forward_v1,capped_confirmation,csi1000,中证1000,matched,True,ma20_episode_ml_l2_logistic::bottom::all_a_ma20_episode_match_walk_forward_v1::000001,2020-02-11,csi1000_medium_bottom_20200204,2020-02-04,2020-02-04,2020-02-04,single_lobe,1,,confirmation_window,False,False,confirmation,5,5,5,ma20_episode_ml_l2_logistic::bottom::all_a_ma20_episode_match_walk_forward_v1::000001,2019-01-02,2026-08-14,True,True,top_bottom_regions_v2,csi1000_medium_bottom_20200204,confirmation,single_lobe,primary_match
ma20_episode_ml_l2_logistic::bottom::all_a_ma20_episode_match_walk_forward_v1::capped_confirmation::csi1000::matched::ma20_episode_ml_l2_logistic::bottom::all_a_ma20_episode_match_walk_forward_v1::000002,ma20_episode_ml_l2_logistic,bottom,all_a_ma20_episode_match_walk_forward_v1,capped_confirmation,csi1000,中证1000,matched,True,ma20_episode_ml_l2_logistic::bottom::all_a_ma20_episode_match_walk_forward_v1::000002,2020-03-26,csi1000_medium_bottom_20200324,2020-03-24,2020-03-17,2020-04-02,multi_lobe,3,,envelope,False,True,confirmation,2,2,5,ma20_episode_ml_l2_logistic::bottom::all_a_ma20_episode_match_walk_forward_v1::000002,2019-01-02,2026-08-14,True,True,top_bottom_regions_v2,csi1000_medium_bottom_20200324,confirmation,multi_lobe,primary_match
ma20_episode_ml_l2_logistic::bottom::all_a_ma20_episode_match_walk_forward_v1::capped_confirmation::csi1000::false_alarm::ma20_episode_ml_l2_logistic::bottom::all_a_ma20_episode_match_walk_forward_v1::000003,ma20_episode_ml_l2_logistic,bottom,all_a_ma20_episode_match_walk_forward_v1,capped_confirmation,csi1000,中证1000,false_alarm,False,ma20_episode_ml_l2_logistic::bottom::all_a_ma20_episode_match_walk_forward_v1::000003,2020-09-18,,,,,,,,,False,False,,,,,,2019-01-02,2026-08-14,,,,csi1000_medium_bottom_20210208,prediction,single_lobe,nearest_region_for_slice_only
ma20_episode_ml_l2_logistic::bottom::all_a_ma20_episode_match_walk_forward_v1::capped_confirmation::csi1000::missed_region::csi1000_medium_bottom_20210208,ma20_episode_ml_l2_logistic,bottom,all_a_ma20_episode_match_walk_forward_v1,capped_confirmation,csi1000,中证1000,missed_region,False,,,csi1000_medium_bottom_20210208,2021-02-08,2021-02-04,2021-02-09,single_lobe,1,,,False,False,,,,,,2019-01-02,2026-08-14,True,True,top_bottom_regions_v2,,,,
ma20_episode_ml_l2_logistic::bottom::all_a_ma20_episode_match_walk_forward_v1::capped_confirmation::csi1000::false_alarm::ma20_episode_ml_l2_logistic::bottom::all_a_ma20_episode_match_walk_forward_v1::000004,ma20_episode_ml_l2_logistic,bottom,all_a_ma20_episode_match_walk_forward_v1,capped_confirmation,csi1000,中证1000,false_alarm,False,ma20_episode_ml_l2_logistic::bottom::all_a_ma20_episode_match_walk_forward_v1::000004,2021-10-14,,,,,,,,,False,False,,,,,,2019-01-02,2026-08-14,,,,csi1000_medium_bottom_20220427,prediction,single_lobe,nearest_region_for_slice_only
ma20_episode_ml_l2_logistic::bottom::all_a_ma20_episode_match_walk_forward_v1::capped_confirmation::csi1000::false_alarm::ma20_episode_ml_l2_logistic::bottom::all_a_ma20_episode_match_walk_forward_v1::000005,ma20_episode_ml_l2_logistic,bottom,all_a_ma20_episode_match_walk_forward_v1,capped_confirmation,csi1000,中证1000,false_alarm,False,ma20_episode_ml_l2_logistic::bottom::all_a_ma20_episode_match_walk_forward_v1::000005,2022-02-09,,,,,,,,,False,False,,,,,,2019-01-02,2026-08-14,,,,csi1000_medium_bottom_20220427,prediction,single_lobe,nearest_region_for_slice_only
ma20_episode_ml_l2_logistic::bottom::all_a_ma20_episode_match_walk_forward_v1::capped_confirmation::csi1000::false_alarm::ma20_episode_ml_l2_logistic::bottom::all_a_ma20_episode_match_walk_forward_v1::000006,ma20_episode_ml_l2_logistic,bottom,all_a_ma20_episode_match_walk_forward_v1,capped_confirmation,csi1000,中证1000,false_alarm,False,ma20_episode_ml_l2_logistic::bottom::all_a_ma20_episode_match_walk_forward_v1::000006,2022-03-25,,,,,,,,,False,False,,,,,,2019-01-02,2026-08-14,,,,csi1000_medium_bottom_20220427,prediction,single_lobe,nearest_region_for_slice_only
ma20_episode_ml_l2_logistic::bottom::all_a_ma20_episode_match_walk_forward_v1::capped_confirmation::csi1000::missed_region::csi1000_medium_bottom_20220427,ma20_episode_ml_l2_logistic,bottom,all_a_ma20_episode_match_walk_forward_v1,capped_confirmation,csi1000,中证1000,missed_region,False,,,csi1000_medium_bottom_20220427,2022-04-27,2022-04-26,2022-04-27,single_lobe,1,,,False,False,,,,,,2019-01-02,2026-08-14,True,True,top_bottom_regions_v2,,,,
ma20_episode_ml_l2_logistic::bottom::all_a_ma20_episode_match_walk_forward_v1::capped_confirmation::csi1000::missed_region::csi1000_medium_bottom_20221012,ma20_episode_ml_l2_logistic,bottom,all_a_ma20_episode_match_walk_forward_v1,capped_confirmation,csi1000,中证1000,missed_region,False,,,csi1000_medium_bottom_20221012,2022-10-12,2022-10-10,2022-10-12,single_lobe,1,,,False,False,,,,,,2019-01-02,2026-08-14,True,True,top_bottom_regions_v2,,,,
ma20_episode_ml_l2_logistic::bottom::all_a_ma20_episode_match_walk_forward_v1::capped_confirmation::csi1000::false_alarm::ma20_episode_ml_l2_logistic::bottom::all_a_ma20_episode_match_walk_forward_v1::000007,ma20_episode_ml_l2_logistic,bottom,all_a_ma20_episode_match_walk_forward_v1,capped_confirmation,csi1000,中证1000,false_alarm,False,ma20_episode_ml_l2_logistic::bottom::all_a_ma20_episode_match_walk_forward_v1::000007,2023-01-03,,,,,,,,,False,False,,,,,,2019-01-02,2026-08-14,,,,csi1000_medium_bottom_20221012,confirmation,single_lobe,nearest_region_for_slice_only
ma20_episode_ml_l2_logistic::bottom::all_a_ma20_episode_match_walk_forward_v1::capped_confirmation::csi1000::false_alarm::ma20_episode_ml_l2_logistic::bottom::all_a_ma20_episode_match_walk_forward_v1::000008,ma20_episode_ml_l2_logistic,bottom,all_a_ma20_episode_match_walk_forward_v1,capped_confirmation,csi1000,中证1000,false_alarm,False,ma20_episode_ml_l2_logistic::bottom::all_a_ma20_episode_match_walk_forward_v1::000008,2023-10-26,,,,,,,,,False,False,,,,,,2019-01-02,2026-08-14,,,,csi1000_medium_bottom_20240205,prediction,single_lobe,nearest_region_for_slice_only
ma20_episode_ml_l2_logistic::bottom::all_a_ma20_episode_match_walk_forward_v1::capped_confirmation::csi1000::duplicate_alarm::ma20_episode_ml_l2_logistic::bottom::all_a_ma20_episode_match_walk_forward_v1::000009,ma20_episode_ml_l2_logistic,bottom,all_a_ma20_episode_match_walk_forward_v1,capped_confirmation,csi1000,中证1000,duplicate_alarm,False,ma20_episode_ml_l2_logistic::bottom::all_a_ma20_episode_match_walk_forward_v1::000009,2024-01-26,csi1000_medium_bottom_20240205,2024-02-05,2024-02-05,2024-02-06,single_lobe,1,,prediction_window,False,False,prediction,-6,6,10,ma20_episode_ml_l2_logistic::bottom::all_a_ma20_episode_match_walk_forward_v1::000010,2019-01-02,2026-08-14,True,True,top_bottom_regions_v2,csi1000_medium_bottom_20240205,prediction,single_lobe,duplicate_candidate
ma20_episode_ml_l2_logistic::bottom::all_a_ma20_episode_match_walk_forward_v1::capped_confirmation::csi1000::matched::ma20_episode_ml_l2_logistic::bottom::all_a_ma20_episode_match_walk_forward_v1::000010,ma20_episode_ml_l2_logistic,bottom,all_a_ma20_episode_match_walk_forward_v1,capped_confirmation,csi1000,中证1000,matched,True,ma20_episode_ml_l2_logistic::bottom::all_a_ma20_episode_match_walk_forward_v1::000010,2024-02-08,csi1000_medium_bottom_20240205,2024-02-05,2024-02-05,2024-02-06,single_lobe,1,,confirmation_window,False,False,confirmation,3,3,5,ma20_episode_ml_l2_logistic::bottom::all_a_ma20_episode_match_walk_forward_v1::000010,2019-01-02,2026-08-14,True,True,top_bottom_regions_v2,csi1000_medium_bottom_20240205,confirmation,single_lobe,primary_match
ma20_episode_ml_l2_logistic::bottom::all_a_ma20_episode_match_walk_forward_v1::capped_confirmation::csi1000::false_alarm::ma20_episode_ml_l2_logistic::bottom::all_a_ma20_episode_match_walk_forward_v1::000011,ma20_episode_ml_l2_logistic,bottom,all_a_ma20_episode_match_walk_forward_v1,capped_confirmation,csi1000,中证1000,false_alarm,False,ma20_episode_ml_l2_logistic::bottom::all_a_ma20_episode_match_walk_forward_v1::000011,2024-04-24,,,,,,,,,False,False,,,,,,2019-01-02,2026-08-14,,,,csi1000_medium_bottom_20240205,confirmation,single_lobe,nearest_region_for_slice_only
ma20_episode_ml_l2_logistic::bottom::all_a_ma20_episode_match_walk_forward_v1::capped_confirmation::csi1000::false_alarm::ma20_episode_ml_l2_logistic::bottom::all_a_ma20_episode_match_walk_forward_v1::000012,ma20_episode_ml_l2_logistic,bottom,all_a_ma20_episode_match_walk_forward_v1,capped_confirmation,csi1000,中证1000,false_alarm,False,ma20_episode_ml_l2_logistic::bottom::all_a_ma20_episode_match_walk_forward_v1::000012,2024-06-17,,,,,,,,,False,False,,,,,,2019-01-02,2026-08-14,,,,csi1000_medium_bottom_20240918,prediction,multi_lobe,nearest_region_for_slice_only
ma20_episode_ml_l2_logistic::bottom::all_a_ma20_episode_match_walk_forward_v1::capped_confirmation::csi1000::false_alarm::ma20_episode_ml_l2_logistic::bottom::all_a_ma20_episode_match_walk_forward_v1::000013,ma20_episode_ml_l2_logistic,bottom,all_a_ma20_episode_match_walk_forward_v1,capped_confirmation,csi1000,中证1000,false_alarm,False,ma20_episode_ml_l2_logistic::bottom::all_a_ma20_episode_match_walk_forward_v1::000013,2024-07-02,,,,,,,,,False,False,,,,,,2019-01-02,2026-08-14,,,,csi1000_medium_bottom_20240918,prediction,multi_lobe,nearest_region_for_slice_only
ma20_episode_ml_l2_logistic::bottom::all_a_ma20_episode_match_walk_forward_v1::capped_confirmation::csi1000::false_alarm::ma20_episode_ml_l2_logistic::bottom::all_a_ma20_episode_match_walk_forward_v1::000014,ma20_episode_ml_l2_logistic,bottom,all_a_ma20_episode_match_walk_forward_v1,capped_confirmation,csi1000,中证1000,false_alarm,False,ma20_episode_ml_l2_logistic::bottom::all_a_ma20_episode_match_walk_forward_v1::000014,2024-07-04,,,,,,,,,False,False,,,,,,2019-01-02,2026-08-14,,,,csi1000_medium_bottom_20240918,prediction,multi_lobe,nearest_region_for_slice_only
ma20_episode_ml_l2_logistic::bottom::all_a_ma20_episode_match_walk_forward_v1::capped_confirmation::csi1000::false_alarm::ma20_episode_ml_l2_logistic::bottom::all_a_ma20_episode_match_walk_forward_v1::000015,ma20_episode_ml_l2_logistic,bottom,all_a_ma20_episode_match_walk_forward_v1,capped_confirmation,csi1000,中证1000,false_alarm,False,ma20_episode_ml_l2_logistic::bottom::all_a_ma20_episode_match_walk_forward_v1::000015,2024-07-16,,,,,,,,,False,False,,,,,,2019-01-02,2026-08-14,,,,csi1000_medium_bottom_20240918,prediction,multi_lobe,nearest_region_for_slice_only
ma20_episode_ml_l2_logistic::bottom::all_a_ma20_episode_match_walk_forward_v1::capped_confirmation::csi1000::matched::ma20_episode_ml_l2_logistic::bottom::all_a_ma20_episode_match_walk_forward_v1::000016,ma20_episode_ml_l2_logistic,bottom,all_a_ma20_episode_match_walk_forward_v1,capped_confirmation,csi1000,中证1000,matched,True,ma20_episode_ml_l2_logistic::bottom::all_a_ma20_episode_match_walk_forward_v1::000016,2024-08-30,csi1000_medium_bottom_20240918,2024-09-18,2024-09-10,2024-09-20,multi_lobe,2,,prediction_window,False,False,prediction,-11,11,20,ma20_episode_ml_l2_logistic::bottom::all_a_ma20_episode_match_walk_forward_v1::000016,2019-01-02,2026-08-14,True,True,top_bottom_regions_v2,csi1000_medium_bottom_20240918,prediction,multi_lobe,primary_match
ma20_episode_ml_l2_logistic::bottom::all_a_ma20_episode_match_walk_forward_v1::capped_confirmation::csi1000::missed_region::csi1000_medium_bottom_20241014,ma20_episode_ml_l2_logistic,bottom,all_a_ma20_episode_match_walk_forward_v1,capped_confirmation,csi1000,中证1000,missed_region,False,,,csi1000_medium_bottom_20241014,2024-10-14,2024-10-11,2024-10-16,multi_lobe,2,,,False,False,,,,,,2019-01-02,2026-08-14,True,True,top_bottom_regions_v2,,,,
ma20_episode_ml_l2_logistic::bottom::all_a_ma20_episode_match_walk_forward_v1::capped_confirmation::csi1000::missed_region::csi1000_medium_bottom_20250113,ma20_episode_ml_l2_logistic,bottom,all_a_ma20_episode_match_walk_forward_v1,capped_confirmation,csi1000,中证1000,missed_region,False,,,csi1000_medium_bottom_20250113,2025-01-13,2025-01-06,2025-01-14,multi_lobe,3,,,False,False,,,,,,2019-01-02,2026-08-14,True,True,top_bottom_regions_v2,,,,
ma20_episode_ml_l2_logistic::bottom::all_a_ma20_episode_match_walk_forward_v1::capped_confirmation::csi1000::matched::ma20_episode_ml_l2_logistic::bottom::all_a_ma20_episode_match_walk_forward_v1::000017,ma20_episode_ml_l2_logistic,bottom,all_a_ma20_episode_match_walk_forward_v1,capped_confirmation,csi1000,中证1000,matched,True,ma20_episode_ml_l2_logistic::bottom::all_a_ma20_episode_match_walk_forward_v1::000017,2025-04-15,csi1000_medium_bottom_20250409,2025-04-09,2025-04-09,2025-04-09,single_lobe,1,,confirmation_window,False,False,confirmation,4,4,5,ma20_episode_ml_l2_logistic::bottom::all_a_ma20_episode_match_walk_forward_v1::000017,2019-01-02,2026-08-14,True,True,top_bottom_regions_v2,csi1000_medium_bottom_20250409,confirmation,single_lobe,primary_match
ma20_episode_ml_l2_logistic::bottom::all_a_ma20_episode_match_walk_forward_v1::capped_confirmation::csi1000::matched::ma20_episode_ml_l2_logistic::bottom::all_a_ma20_episode_match_walk_forward_v1::000018,ma20_episode_ml_l2_logistic,bottom,all_a_ma20_episode_match_walk_forward_v1,capped_confirmation,csi1000,中证1000,matched,True,ma20_episode_ml_l2_logistic::bottom::all_a_ma20_episode_match_walk_forward_v1::000018,2026-03-30,csi1000_medium_bottom_20260323,2026-03-23,2026-03-23,2026-03-24,single_lobe,1,,confirmation_window,False,False,confirmation,5,5,5,ma20_episode_ml_l2_logistic::bottom::all_a_ma20_episode_match_walk_forward_v1::000018,2019-01-02,2026-08-14,True,True,top_bottom_regions_v2,csi1000_medium_bottom_20260323,confirmation,single_lobe,primary_match
ma20_episode_ml_l2_logistic::bottom::all_a_ma20_episode_match_walk_forward_v1::capped_confirmation::csi1000::false_alarm::ma20_episode_ml_l2_logistic::bottom::all_a_ma20_episode_match_walk_forward_v1::000019,ma20_episode_ml_l2_logistic,bottom,all_a_ma20_episode_match_walk_forward_v1,capped_confirmation,csi1000,中证1000,false_alarm,False,ma20_episode_ml_l2_logistic::bottom::all_a_ma20_episode_match_walk_forward_v1::000019,2026-06-16,,,,,,,,,False,False,,,,,,2019-01-02,2026-08-14,,,,csi1000_medium_bottom_20260721,prediction,multi_lobe,nearest_region_for_slice_only
ma20_episode_ml_l2_logistic::bottom::all_a_ma20_episode_match_walk_forward_v1::capped_confirmation::csi1000::matched::ma20_episode_ml_l2_logistic::bottom::all_a_ma20_episode_match_walk_forward_v1::000020,ma20_episode_ml_l2_logistic,bottom,all_a_ma20_episode_match_walk_forward_v1,capped_confirmation,csi1000,中证1000,matched,True,ma20_episode_ml_l2_logistic::bottom::all_a_ma20_episode_match_walk_forward_v1::000020,2026-07-21,csi1000_medium_bottom_20260721,2026-07-21,2026-07-20,2026-07-30,multi_lobe,2,csi1000_medium_bottom_20260721_lobe_01,core_lobe,True,True,prediction,0,0,5,ma20_episode_ml_l2_logistic::bottom::all_a_ma20_episode_match_walk_forward_v1::000020,2019-01-02,2026-08-14,True,False,top_bottom_regions_v2,csi1000_medium_bottom_20260721,prediction,multi_lobe,primary_match
ma20_episode_ml_l2_logistic::bottom::all_a_ma20_episode_match_walk_forward_v1::capped_confirmation::csi300::missed_region::csi300_medium_bottom_20190104,ma20_episode_ml_l2_logistic,bottom,all_a_ma20_episode_match_walk_forward_v1,capped_confirmation,csi300,沪深300,missed_region,False,,,csi300_medium_bottom_20190104,2019-01-04,2018-12-25,2019-01-04,multi_lobe,2,,,False,False,,,,,,2019-01-02,2026-08-14,False,True,top_bottom_regions_v2,,,,
ma20_episode_ml_l2_logistic::bottom::all_a_ma20_episode_match_walk_forward_v1::capped_confirmation::csi300::missed_region::csi300_medium_bottom_20190527,ma20_episode_ml_l2_logistic,bottom,all_a_ma20_episode_match_walk_forward_v1,capped_confirmation,csi300,沪深300,missed_region,False,,,csi300_medium_bottom_20190527,2019-05-27,2019-05-20,2019-06-11,multi_lobe,4,,,False,False,,,,,,2019-01-02,2026-08-14,True,True,top_bottom_regions_v2,,,,
ma20_episode_ml_l2_logistic::bottom::all_a_ma20_episode_match_walk_forward_v1::capped_confirmation::csi300::missed_region::csi300_medium_bottom_20190806,ma20_episode_ml_l2_logistic,bottom,all_a_ma20_episode_match_walk_forward_v1,capped_confirmation,csi300,沪深300,missed_region,False,,,csi300_medium_bottom_20190806,2019-08-06,2019-08-06,2019-08-15,multi_lobe,3,,,False,False,,,,,,2019-01-02,2026-08-14,True,True,top_bottom_regions_v2,,,,
ma20_episode_ml_l2_logistic::bottom::all_a_ma20_episode_match_walk_forward_v1::capped_confirmation::csi300::matched::ma20_episode_ml_l2_logistic::bottom::all_a_ma20_episode_match_walk_forward_v1::000001,ma20_episode_ml_l2_logistic,bottom,all_a_ma20_episode_match_walk_forward_v1,capped_confirmation,csi300,沪深300,matched,True,ma20_episode_ml_l2_logistic::bottom::all_a_ma20_episode_match_walk_forward_v1::000001,2020-02-11,csi300_medium_bottom_20200203,2020-02-03,2020-02-03,2020-02-04,single_lobe,1,,confirmation_window,False,False,confirmation,6,6,10,ma20_episode_ml_l2_logistic::bottom::all_a_ma20_episode_match_walk_forward_v1::000001,2019-01-02,2026-08-14,True,True,top_bottom_regions_v2,csi300_medium_bottom_20200203,confirmation,single_lobe,primary_match
ma20_episode_ml_l2_logistic::bottom::all_a_ma20_episode_match_walk_forward_v1::capped_confirmation::csi300::matched::ma20_episode_ml_l2_logistic::bottom::all_a_ma20_episode_match_walk_forward_v1::000002,ma20_episode_ml_l2_logistic,bottom,all_a_ma20_episode_match_walk_forward_v1,capped_confirmation,csi300,沪深300,matched,True,ma20_episode_ml_l2_logistic::bottom::all_a_ma20_episode_match_walk_forward_v1::000002,2020-03-26,csi300_medium_bottom_20200319,2020-03-19,2020-03-19,2020-03-24,multi_lobe,2,,confirmation_window,False,False,confirmation,5,5,5,ma20_episode_ml_l2_logistic::bottom::all_a_ma20_episode_match_walk_forward_v1::000002,2019-01-02,2026-08-14,True,True,top_bottom_regions_v2,csi300_medium_bottom_20200319,confirmation,multi_lobe,primary_match
ma20_episode_ml_l2_logistic::bottom::all_a_ma20_episode_match_walk_forward_v1::capped_confirmation::csi300::false_alarm::ma20_episode_ml_l2_logistic::bottom::all_a_ma20_episode_match_walk_forward_v1::000003,ma20_episode_ml_l2_logistic,bottom,all_a_ma20_episode_match_walk_forward_v1,capped_confirmation,csi300,沪深300,false_alarm,False,ma20_episode_ml_l2_logistic::bottom::all_a_ma20_episode_match_walk_forward_v1::000003,2020-09-18,,,,,,,,,False,False,,,,,,2019-01-02,2026-08-14,,,,csi300_medium_bottom_20200319,confirmation,multi_lobe,nearest_region_for_slice_only
ma20_episode_ml_l2_logistic::bottom::all_a_ma20_episode_match_walk_forward_v1::capped_confirmation::csi300::missed_region::csi300_medium_bottom_20210325,ma20_episode_ml_l2_logistic,bottom,all_a_ma20_episode_match_walk_forward_v1,capped_confirmation,csi300,沪深300,missed_region,False,,,csi300_medium_bottom_20210325,2021-03-25,2021-03-09,2021-04-19,multi_lobe,3,,,False,False,,,,,,2019-01-02,2026-08-14,True,True,top_bottom_regions_v2,,,,
ma20_episode_ml_l2_logistic::bottom::all_a_ma20_episode_match_walk_forward_v1::capped_confirmation::csi300::missed_region::csi300_medium_bottom_20210728,ma20_episode_ml_l2_logistic,bottom,all_a_ma20_episode_match_walk_forward_v1,capped_confirmation,csi300,沪深300,missed_region,False,,,csi300_medium_bottom_20210728,2021-07-28,2021-07-28,2021-07-28,single_lobe,1,,,False,False,,,,,,2019-01-02,2026-08-14,True,True,top_bottom_regions_v2,,,,
ma20_episode_ml_l2_logistic::bottom::all_a_ma20_episode_match_walk_forward_v1::capped_confirmation::csi300::false_alarm::ma20_episode_ml_l2_logistic::bottom::all_a_ma20_episode_match_walk_forward_v1::000004,ma20_episode_ml_l2_logistic,bottom,all_a_ma20_episode_match_walk_forward_v1,capped_confirmation,csi300,沪深300,false_alarm,False,ma20_episode_ml_l2_logistic::bottom::all_a_ma20_episode_match_walk_forward_v1::000004,2021-10-14,,,,,,,,,False,False,,,,,,2019-01-02,2026-08-14,,,,csi300_medium_bottom_20210728,confirmation,single_lobe,nearest_region_for_slice_only
ma20_episode_ml_l2_logistic::bottom::all_a_ma20_episode_match_walk_forward_v1::capped_confirmation::csi300::false_alarm::ma20_episode_ml_l2_logistic::bottom::all_a_ma20_episode_match_walk_forward_v1::000005,ma20_episode_ml_l2_logistic,bottom,all_a_ma20_episode_match_walk_forward_v1,capped_confirmation,csi300,沪深300,false_alarm,False,ma20_episode_ml_l2_logistic::bottom::all_a_ma20_episode_match_walk_forward_v1::000005,2022-02-09,,,,,,,,,False,False,,,,,,2019-01-02,2026-08-14,,,,csi300_medium_bottom_20220316,prediction,single_lobe,nearest_region_for_slice_only
ma20_episode_ml_l2_logistic::bottom::all_a_ma20_episode_match_walk_forward_v1::capped_confirmation::csi300::matched::ma20_episode_ml_l2_logistic::bottom::all_a_ma20_episode_match_walk_forward_v1::000006,ma20_episode_ml_l2_logistic,bottom,all_a_ma20_episode_match_walk_forward_v1,capped_confirmation,csi300,沪深300,matched,True,ma20_episode_ml_l2_logistic::bottom::all_a_ma20_episode_match_walk_forward_v1::000006,2022-03-25,csi300_medium_bottom_20220316,2022-03-16,2022-03-15,2022-03-16,single_lobe,1,,confirmation_window,False,False,confirmation,7,7,10,ma20_episode_ml_l2_logistic::bottom::all_a_ma20_episode_match_walk_forward_v1::000006,2019-01-02,2026-08-14,True,True,top_bottom_regions_v2,csi300_medium_bottom_20220316,confirmation,single_lobe,primary_match
ma20_episode_ml_l2_logistic::bottom::all_a_ma20_episode_match_walk_forward_v1::capped_confirmation::csi300::missed_region::csi300_medium_bottom_20220427,ma20_episode_ml_l2_logistic,bottom,all_a_ma20_episode_match_walk_forward_v1,capped_confirmation,csi300,沪深300,missed_region,False,,,csi300_medium_bottom_20220427,2022-04-27,2022-04-25,2022-05-10,multi_lobe,2,,,False,False,,,,,,2019-01-02,2026-08-14,True,True,top_bottom_regions_v2,,,,
ma20_episode_ml_l2_logistic::bottom::all_a_ma20_episode_match_walk_forward_v1::capped_confirmation::csi300::missed_region::csi300_medium_bottom_20221031,ma20_episode_ml_l2_logistic,bottom,all_a_ma20_episode_match_walk_forward_v1,capped_confirmation,csi300,沪深300,missed_region,False,,,csi300_medium_bottom_20221031,2022-10-31,2022-10-28,2022-11-01,single_lobe,1,,,False,False,,,,,,2019-01-02,2026-08-14,True,True,top_bottom_regions_v2,,,,
ma20_episode_ml_l2_logistic::bottom::all_a_ma20_episode_match_walk_forward_v1::capped_confirmation::csi300::false_alarm::ma20_episode_ml_l2_logistic::bottom::all_a_ma20_episode_match_walk_forward_v1::000007,ma20_episode_ml_l2_logistic,bottom,all_a_ma20_episode_match_walk_forward_v1,capped_confirmation,csi300,沪深300,false_alarm,False,ma20_episode_ml_l2_logistic::bottom::all_a_ma20_episode_match_walk_forward_v1::000007,2023-01-03,,,,,,,,,False,False,,,,,,2019-01-02,2026-08-14,,,,csi300_medium_bottom_20221031,confirmation,single_lobe,nearest_region_for_slice_only
ma20_episode_ml_l2_logistic::bottom::all_a_ma20_episode_match_walk_forward_v1::capped_confirmation::csi300::false_alarm::ma20_episode_ml_l2_logistic::bottom::all_a_ma20_episode_match_walk_forward_v1::000008,ma20_episode_ml_l2_logistic,bottom,all_a_ma20_episode_match_walk_forward_v1,capped_confirmation,csi300,沪深300,false_alarm,False,ma20_episode_ml_l2_logistic::bottom::all_a_ma20_episode_match_walk_forward_v1::000008,2023-10-26,,,,,,,,,False,False,,,,,,2019-01-02,2026-08-14,,,,csi300_medium_bottom_20240202,prediction,single_lobe,nearest_region_for_slice_only
ma20_episode_ml_l2_logistic::bottom::all_a_ma20_episode_match_walk_forward_v1::capped_confirmation::csi300::duplicate_alarm::ma20_episode_ml_l2_logistic::bottom::all_a_ma20_episode_match_walk_forward_v1::000009,ma20_episode_ml_l2_logistic,bottom,all_a_ma20_episode_match_walk_forward_v1,capped_confirmation,csi300,沪深300,duplicate_alarm,False,ma20_episode_ml_l2_logistic::bottom::all_a_ma20_episode_match_walk_forward_v1::000009,2024-01-26,csi300_medium_bottom_20240202,2024-02-02,2024-02-02,2024-02-05,single_lobe,1,,prediction_window,False,False,prediction,-5,5,5,ma20_episode_ml_l2_logistic::bottom::all_a_ma20_episode_match_walk_forward_v1::000010,2019-01-02,2026-08-14,True,True,top_bottom_regions_v2,csi300_medium_bottom_20240202,prediction,single_lobe,duplicate_candidate
ma20_episode_ml_l2_logistic::bottom::all_a_ma20_episode_match_walk_forward_v1::capped_confirmation::csi300::matched::ma20_episode_ml_l2_logistic::bottom::all_a_ma20_episode_match_walk_forward_v1::000010,ma20_episode_ml_l2_logistic,bottom,all_a_ma20_episode_match_walk_forward_v1,capped_confirmation,csi300,沪深300,matched,True,ma20_episode_ml_l2_logistic::bottom::all_a_ma20_episode_match_walk_forward_v1::000010,2024-02-08,csi300_medium_bottom_20240202,2024-02-02,2024-02-02,2024-02-05,single_lobe,1,,confirmation_window,False,False,confirmation,4,4,5,ma20_episode_ml_l2_logistic::bottom::all_a_ma20_episode_match_walk_forward_v1::000010,2019-01-02,2026-08-14,True,True,top_bottom_regions_v2,csi300_medium_bottom_20240202,confirmation,single_lobe,primary_match
ma20_episode_ml_l2_logistic::bottom::all_a_ma20_episode_match_walk_forward_v1::capped_confirmation::csi300::false_alarm::ma20_episode_ml_l2_logistic::bottom::all_a_ma20_episode_match_walk_forward_v1::000011,ma20_episode_ml_l2_logistic,bottom,all_a_ma20_episode_match_walk_forward_v1,capped_confirmation,csi300,沪深300,false_alarm,False,ma20_episode_ml_l2_logistic::bottom::all_a_ma20_episode_match_walk_forward_v1::000011,2024-04-24,,,,,,,,,False,False,,,,,,2019-01-02,2026-08-14,,,,csi300_medium_bottom_20240202,confirmation,single_lobe,nearest_region_for_slice_only
ma20_episode_ml_l2_logistic::bottom::all_a_ma20_episode_match_walk_forward_v1::capped_confirmation::csi300::false_alarm::ma20_episode_ml_l2_logistic::bottom::all_a_ma20_episode_match_walk_forward_v1::000012,ma20_episode_ml_l2_logistic,bottom,all_a_ma20_episode_match_walk_forward_v1,capped_confirmation,csi300,沪深300,false_alarm,False,ma20_episode_ml_l2_logistic::bottom::all_a_ma20_episode_match_walk_forward_v1::000012,2024-06-17,,,,,,,,,False,False,,,,,,2019-01-02,2026-08-14,,,,csi300_medium_bottom_20240918,prediction,single_lobe,nearest_region_for_slice_only
ma20_episode_ml_l2_logistic::bottom::all_a_ma20_episode_match_walk_forward_v1::capped_confirmation::csi300::false_alarm::ma20_episode_ml_l2_logistic::bottom::all_a_ma20_episode_match_walk_forward_v1::000013,ma20_episode_ml_l2_logistic,bottom,all_a_ma20_episode_match_walk_forward_v1,capped_confirmation,csi300,沪深300,false_alarm,False,ma20_episode_ml_l2_logistic::bottom::all_a_ma20_episode_match_walk_forward_v1::000013,2024-07-02,,,,,,,,,False,False,,,,,,2019-01-02,2026-08-14,,,,csi300_medium_bottom_20240918,prediction,single_lobe,nearest_region_for_slice_only
ma20_episode_ml_l2_logistic::bottom::all_a_ma20_episode_match_walk_forward_v1::capped_confirmation::csi300::false_alarm::ma20_episode_ml_l2_logistic::bottom::all_a_ma20_episode_match_walk_forward_v1::000014,ma20_episode_ml_l2_logistic,bottom,all_a_ma20_episode_match_walk_forward_v1,capped_confirmation,csi300,沪深300,false_alarm,False,ma20_episode_ml_l2_logistic::bottom::all_a_ma20_episode_match_walk_forward_v1::000014,2024-07-04,,,,,,,,,False,False,,,,,,2019-01-02,2026-08-14,,,,csi300_medium_bottom_20240918,prediction,single_lobe,nearest_region_for_slice_only
ma20_episode_ml_l2_logistic::bottom::all_a_ma20_episode_match_walk_forward_v1::capped_confirmation::csi300::false_alarm::ma20_episode_ml_l2_logistic::bottom::all_a_ma20_episode_match_walk_forward_v1::000015,ma20_episode_ml_l2_logistic,bottom,all_a_ma20_episode_match_walk_forward_v1,capped_confirmation,csi300,沪深300,false_alarm,False,ma20_episode_ml_l2_logistic::bottom::all_a_ma20_episode_match_walk_forward_v1::000015,2024-07-16,,,,,,,,,False,False,,,,,,2019-01-02,2026-08-14,,,,csi300_medium_bottom_20240918,prediction,single_lobe,nearest_region_for_slice_only
ma20_episode_ml_l2_logistic::bottom::all_a_ma20_episode_match_walk_forward_v1::capped_confirmation::csi300::matched::ma20_episode_ml_l2_logistic::bottom::all_a_ma20_episode_match_walk_forward_v1::000016,ma20_episode_ml_l2_logistic,bottom,all_a_ma20_episode_match_walk_forward_v1,capped_confirmation,csi300,沪深300,matched,True,ma20_episode_ml_l2_logistic::bottom::all_a_ma20_episode_match_walk_forward_v1::000016,2024-08-30,csi300_medium_bottom_20240918,2024-09-18,2024-09-09,2024-09-23,single_lobe,1,,prediction_window,False,False,prediction,-11,11,20,ma20_episode_ml_l2_logistic::bottom::all_a_ma20_episode_match_walk_forward_v1::000016,2019-01-02,2026-08-14,True,True,top_bottom_regions_v2,csi300_medium_bottom_20240918,prediction,single_lobe,primary_match
ma20_episode_ml_l2_logistic::bottom::all_a_ma20_episode_match_walk_forward_v1::capped_confirmation::csi300::missed_region::csi300_medium_bottom_20241018,ma20_episode_ml_l2_logistic,bottom,all_a_ma20_episode_match_walk_forward_v1,capped_confirmation,csi300,沪深300,missed_region,False,,,csi300_medium_bottom_20241018,2024-10-18,2024-10-16,2024-10-18,single_lobe,1,,,False,False,,,,,,2019-01-02,2026-08-14,True,True,top_bottom_regions_v2,,,,
ma20_episode_ml_l2_logistic::bottom::all_a_ma20_episode_match_walk_forward_v1::capped_confirmation::csi300::matched::ma20_episode_ml_l2_logistic::bottom::all_a_ma20_episode_match_walk_forward_v1::000017,ma20_episode_ml_l2_logistic,bottom,all_a_ma20_episode_match_walk_forward_v1,capped_confirmation,csi300,沪深300,matched,True,ma20_episode_ml_l2_logistic::bottom::all_a_ma20_episode_match_walk_forward_v1::000017,2025-04-15,csi300_medium_bottom_20250407,2025-04-07,2025-04-07,2025-04-07,single_lobe,1,,confirmation_window,False,False,confirmation,6,6,10,ma20_episode_ml_l2_logistic::bottom::all_a_ma20_episode_match_walk_forward_v1::000017,2019-01-02,2026-08-14,True,True,top_bottom_regions_v2,csi300_medium_bottom_20250407,confirmation,single_lobe,primary_match
ma20_episode_ml_l2_logistic::bottom::all_a_ma20_episode_match_walk_forward_v1::capped_confirmation::csi300::matched::ma20_episode_ml_l2_logistic::bottom::all_a_ma20_episode_match_walk_forward_v1::000018,ma20_episode_ml_l2_logistic,bottom,all_a_ma20_episode_match_walk_forward_v1,capped_confirmation,csi300,沪深300,matched,True,ma20_episode_ml_l2_logistic::bottom::all_a_ma20_episode_match_walk_forward_v1::000018,2026-03-30,csi300_medium_bottom_20260324,2026-03-24,2026-03-23,2026-04-07,multi_lobe,3,csi300_medium_bottom_20260324_lobe_02,core_lobe,True,True,confirmation,4,4,5,ma20_episode_ml_l2_logistic::bottom::all_a_ma20_episode_match_walk_forward_v1::000018,2019-01-02,2026-08-14,True,True,top_bottom_regions_v2,csi300_medium_bottom_20260324,confirmation,multi_lobe,primary_match
ma20_episode_ml_l2_logistic::bottom::all_a_ma20_episode_match_walk_forward_v1::capped_confirmation::csi300::false_alarm::ma20_episode_ml_l2_logistic::bottom::all_a_ma20_episode_match_walk_forward_v1::000019,ma20_episode_ml_l2_logistic,bottom,all_a_ma20_episode_match_walk_forward_v1,capped_confirmation,csi300,沪深300,false_alarm,False,ma20_episode_ml_l2_logistic::bottom::all_a_ma20_episode_match_walk_forward_v1::000019,2026-06-16,,,,,,,,,False,False,,,,,,2019-01-02,2026-08-14,,,,csi300_medium_bottom_20260324,confirmation,multi_lobe,nearest_region_for_slice_only
ma20_episode_ml_l2_logistic::bottom::all_a_ma20_episode_match_walk_forward_v1::capped_confirmation::csi300::false_alarm::ma20_episode_ml_l2_logistic::bottom::all_a_ma20_episode_match_walk_forward_v1::000020,ma20_episode_ml_l2_logistic,bottom,all_a_ma20_episode_match_walk_forward_v1,capped_confirmation,csi300,沪深300,false_alarm,False,ma20_episode_ml_l2_logistic::bottom::all_a_ma20_episode_match_walk_forward_v1::000020,2026-07-21,,,,,,,,,False,False,,,,,,2019-01-02,2026-08-14,,,,csi300_medium_bottom_20260324,confirmation,multi_lobe,nearest_region_for_slice_only
ma20_episode_ml_l2_logistic::bottom::all_a_ma20_episode_match_walk_forward_v1::capped_confirmation::csi500::missed_region::csi500_medium_bottom_20190104,ma20_episode_ml_l2_logistic,bottom,all_a_ma20_episode_match_walk_forward_v1,capped_confirmation,csi500,中证500,missed_region,False,,,csi500_medium_bottom_20190104,2019-01-04,2018-12-25,2019-01-04,multi_lobe,2,,,False,False,,,,,,2019-01-02,2026-08-14,False,True,top_bottom_regions_v2,,,,
ma20_episode_ml_l2_logistic::bottom::all_a_ma20_episode_match_walk_forward_v1::capped_confirmation::csi500::missed_region::csi500_medium_bottom_20190806,ma20_episode_ml_l2_logistic,bottom,all_a_ma20_episode_match_walk_forward_v1,capped_confirmation,csi500,中证500,missed_region,False,,,csi500_medium_bottom_20190806,2019-08-06,2019-08-06,2019-08-15,multi_lobe,2,,,False,False,,,,,,2019-01-02,2026-08-14,True,True,top_bottom_regions_v2,,,,
ma20_episode_ml_l2_logistic::bottom::all_a_ma20_episode_match_walk_forward_v1::capped_confirmation::csi500::matched::ma20_episode_ml_l2_logistic::bottom::all_a_ma20_episode_match_walk_forward_v1::000001,ma20_episode_ml_l2_logistic,bottom,all_a_ma20_episode_match_walk_forward_v1,capped_confirmation,csi500,中证500,matched,True,ma20_episode_ml_l2_logistic::bottom::all_a_ma20_episode_match_walk_forward_v1::000001,2020-02-11,csi500_medium_bottom_20200204,2020-02-04,2020-02-04,2020-02-04,single_lobe,1,,confirmation_window,False,False,confirmation,5,5,5,ma20_episode_ml_l2_logistic::bottom::all_a_ma20_episode_match_walk_forward_v1::000001,2019-01-02,2026-08-14,True,True,top_bottom_regions_v2,csi500_medium_bottom_20200204,confirmation,single_lobe,primary_match
ma20_episode_ml_l2_logistic::bottom::all_a_ma20_episode_match_walk_forward_v1::capped_confirmation::csi500::matched::ma20_episode_ml_l2_logistic::bottom::all_a_ma20_episode_match_walk_forward_v1::000002,ma20_episode_ml_l2_logistic,bottom,all_a_ma20_episode_match_walk_forward_v1,capped_confirmation,csi500,中证500,matched,True,ma20_episode_ml_l2_logistic::bottom::all_a_ma20_episode_match_walk_forward_v1::000002,2020-03-26,csi500_medium_bottom_20200324,2020-03-24,2020-03-17,2020-04-02,multi_lobe,4,,envelope,False,True,confirmation,2,2,5,ma20_episode_ml_l2_logistic::bottom::all_a_ma20_episode_match_walk_forward_v1::000002,2019-01-02,2026-08-14,True,True,top_bottom_regions_v2,csi500_medium_bottom_20200324,confirmation,multi_lobe,primary_match
ma20_episode_ml_l2_logistic::bottom::all_a_ma20_episode_match_walk_forward_v1::capped_confirmation::csi500::false_alarm::ma20_episode_ml_l2_logistic::bottom::all_a_ma20_episode_match_walk_forward_v1::000003,ma20_episode_ml_l2_logistic,bottom,all_a_ma20_episode_match_walk_forward_v1,capped_confirmation,csi500,中证500,false_alarm,False,ma20_episode_ml_l2_logistic::bottom::all_a_ma20_episode_match_walk_forward_v1::000003,2020-09-18,,,,,,,,,False,False,,,,,,2019-01-02,2026-08-14,,,,csi500_medium_bottom_20201102,prediction,multi_lobe,nearest_region_for_slice_only
ma20_episode_ml_l2_logistic::bottom::all_a_ma20_episode_match_walk_forward_v1::capped_confirmation::csi500::missed_region::csi500_medium_bottom_20201102,ma20_episode_ml_l2_logistic,bottom,all_a_ma20_episode_match_walk_forward_v1,capped_confirmation,csi500,中证500,missed_region,False,,,csi500_medium_bottom_20201102,2020-11-02,2020-09-25,2020-11-04,multi_lobe,2,,,False,False,,,,,,2019-01-02,2026-08-14,True,True,top_bottom_regions_v2,,,,
ma20_episode_ml_l2_logistic::bottom::all_a_ma20_episode_match_walk_forward_v1::capped_confirmation::csi500::missed_region::csi500_medium_bottom_20210309,ma20_episode_ml_l2_logistic,bottom,all_a_ma20_episode_match_walk_forward_v1,capped_confirmation,csi500,中证500,missed_region,False,,,csi500_medium_bottom_20210309,2021-03-09,2021-03-09,2021-03-25,multi_lobe,2,,,False,False,,,,,,2019-01-02,2026-08-14,True,True,top_bottom_regions_v2,,,,
ma20_episode_ml_l2_logistic::bottom::all_a_ma20_episode_match_walk_forward_v1::capped_confirmation::csi500::false_alarm::ma20_episode_ml_l2_logistic::bottom::all_a_ma20_episode_match_walk_forward_v1::000004,ma20_episode_ml_l2_logistic,bottom,all_a_ma20_episode_match_walk_forward_v1,capped_confirmation,csi500,中证500,false_alarm,False,ma20_episode_ml_l2_logistic::bottom::all_a_ma20_episode_match_walk_forward_v1::000004,2021-10-14,,,,,,,,,False,False,,,,,,2019-01-02,2026-08-14,,,,csi500_medium_bottom_20220427,prediction,single_lobe,nearest_region_for_slice_only
ma20_episode_ml_l2_logistic::bottom::all_a_ma20_episode_match_walk_forward_v1::capped_confirmation::csi500::false_alarm::ma20_episode_ml_l2_logistic::bottom::all_a_ma20_episode_match_walk_forward_v1::000005,ma20_episode_ml_l2_logistic,bottom,all_a_ma20_episode_match_walk_forward_v1,capped_confirmation,csi500,中证500,false_alarm,False,ma20_episode_ml_l2_logistic::bottom::all_a_ma20_episode_match_walk_forward_v1::000005,2022-02-09,,,,,,,,,False,False,,,,,,2019-01-02,2026-08-14,,,,csi500_medium_bottom_20220427,prediction,single_lobe,nearest_region_for_slice_only
ma20_episode_ml_l2_logistic::bottom::all_a_ma20_episode_match_walk_forward_v1::capped_confirmation::csi500::false_alarm::ma20_episode_ml_l2_logistic::bottom::all_a_ma20_episode_match_walk_forward_v1::000006,ma20_episode_ml_l2_logistic,bottom,all_a_ma20_episode_match_walk_forward_v1,capped_confirmation,csi500,中证500,false_alarm,False,ma20_episode_ml_l2_logistic::bottom::all_a_ma20_episode_match_walk_forward_v1::000006,2022-03-25,,,,,,,,,False,False,,,,,,2019-01-02,2026-08-14,,,,csi500_medium_bottom_20220427,prediction,single_lobe,nearest_region_for_slice_only
ma20_episode_ml_l2_logistic::bottom::all_a_ma20_episode_match_walk_forward_v1::capped_confirmation::csi500::missed_region::csi500_medium_bottom_20220427,ma20_episode_ml_l2_logistic,bottom,all_a_ma20_episode_match_walk_forward_v1,capped_confirmation,csi500,中证500,missed_region,False,,,csi500_medium_bottom_20220427,2022-04-27,2022-04-26,2022-04-27,single_lobe,1,,,False,False,,,,,,2019-01-02,2026-08-14,True,True,top_bottom_regions_v2,,,,
ma20_episode_ml_l2_logistic::bottom::all_a_ma20_episode_match_walk_forward_v1::capped_confirmation::csi500::missed_region::csi500_medium_bottom_20221012,ma20_episode_ml_l2_logistic,bottom,all_a_ma20_episode_match_walk_forward_v1,capped_confirmation,csi500,中证500,missed_region,False,,,csi500_medium_bottom_20221012,2022-10-12,2022-10-10,2022-10-12,single_lobe,1,,,False,False,,,,,,2019-01-02,2026-08-14,True,True,top_bottom_regions_v2,,,,
ma20_episode_ml_l2_logistic::bottom::all_a_ma20_episode_match_walk_forward_v1::capped_confirmation::csi500::false_alarm::ma20_episode_ml_l2_logistic::bottom::all_a_ma20_episode_match_walk_forward_v1::000007,ma20_episode_ml_l2_logistic,bottom,all_a_ma20_episode_match_walk_forward_v1,capped_confirmation,csi500,中证500,false_alarm,False,ma20_episode_ml_l2_logistic::bottom::all_a_ma20_episode_match_walk_forward_v1::000007,2023-01-03,,,,,,,,,False,False,,,,,,2019-01-02,2026-08-14,,,,csi500_medium_bottom_20221012,confirmation,single_lobe,nearest_region_for_slice_only
ma20_episode_ml_l2_logistic::bottom::all_a_ma20_episode_match_walk_forward_v1::capped_confirmation::csi500::false_alarm::ma20_episode_ml_l2_logistic::bottom::all_a_ma20_episode_match_walk_forward_v1::000008,ma20_episode_ml_l2_logistic,bottom,all_a_ma20_episode_match_walk_forward_v1,capped_confirmation,csi500,中证500,false_alarm,False,ma20_episode_ml_l2_logistic::bottom::all_a_ma20_episode_match_walk_forward_v1::000008,2023-10-26,,,,,,,,,False,False,,,,,,2019-01-02,2026-08-14,,,,csi500_medium_bottom_20240205,prediction,single_lobe,nearest_region_for_slice_only
ma20_episode_ml_l2_logistic::bottom::all_a_ma20_episode_match_walk_forward_v1::capped_confirmation::csi500::duplicate_alarm::ma20_episode_ml_l2_logistic::bottom::all_a_ma20_episode_match_walk_forward_v1::000009,ma20_episode_ml_l2_logistic,bottom,all_a_ma20_episode_match_walk_forward_v1,capped_confirmation,csi500,中证500,duplicate_alarm,False,ma20_episode_ml_l2_logistic::bottom::all_a_ma20_episode_match_walk_forward_v1::000009,2024-01-26,csi500_medium_bottom_20240205,2024-02-05,2024-02-05,2024-02-05,single_lobe,1,,prediction_window,False,False,prediction,-6,6,10,ma20_episode_ml_l2_logistic::bottom::all_a_ma20_episode_match_walk_forward_v1::000010,2019-01-02,2026-08-14,True,True,top_bottom_regions_v2,csi500_medium_bottom_20240205,prediction,single_lobe,duplicate_candidate
ma20_episode_ml_l2_logistic::bottom::all_a_ma20_episode_match_walk_forward_v1::capped_confirmation::csi500::matched::ma20_episode_ml_l2_logistic::bottom::all_a_ma20_episode_match_walk_forward_v1::000010,ma20_episode_ml_l2_logistic,bottom,all_a_ma20_episode_match_walk_forward_v1,capped_confirmation,csi500,中证500,matched,True,ma20_episode_ml_l2_logistic::bottom::all_a_ma20_episode_match_walk_forward_v1::000010,2024-02-08,csi500_medium_bottom_20240205,2024-02-05,2024-02-05,2024-02-05,single_lobe,1,,confirmation_window,False,False,confirmation,3,3,5,ma20_episode_ml_l2_logistic::bottom::all_a_ma20_episode_match_walk_forward_v1::000010,2019-01-02,2026-08-14,True,True,top_bottom_regions_v2,csi500_medium_bottom_20240205,confirmation,single_lobe,primary_match
ma20_episode_ml_l2_logistic::bottom::all_a_ma20_episode_match_walk_forward_v1::capped_confirmation::csi500::false_alarm::ma20_episode_ml_l2_logistic::bottom::all_a_ma20_episode_match_walk_forward_v1::000011,ma20_episode_ml_l2_logistic,bottom,all_a_ma20_episode_match_walk_forward_v1,capped_confirmation,csi500,中证500,false_alarm,False,ma20_episode_ml_l2_logistic::bottom::all_a_ma20_episode_match_walk_forward_v1::000011,2024-04-24,,,,,,,,,False,False,,,,,,2019-01-02,2026-08-14,,,,csi500_medium_bottom_20240205,confirmation,single_lobe,nearest_region_for_slice_only
ma20_episode_ml_l2_logistic::bottom::all_a_ma20_episode_match_walk_forward_v1::capped_confirmation::csi500::false_alarm::ma20_episode_ml_l2_logistic::bottom::all_a_ma20_episode_match_walk_forward_v1::000012,ma20_episode_ml_l2_logistic,bottom,all_a_ma20_episode_match_walk_forward_v1,capped_confirmation,csi500,中证500,false_alarm,False,ma20_episode_ml_l2_logistic::bottom::all_a_ma20_episode_match_walk_forward_v1::000012,2024-06-17,,,,,,,,,False,False,,,,,,2019-01-02,2026-08-14,,,,csi500_medium_bottom_20240918,prediction,multi_lobe,nearest_region_for_slice_only
ma20_episode_ml_l2_logistic::bottom::all_a_ma20_episode_match_walk_forward_v1::capped_confirmation::csi500::false_alarm::ma20_episode_ml_l2_logistic::bottom::all_a_ma20_episode_match_walk_forward_v1::000013,ma20_episode_ml_l2_logistic,bottom,all_a_ma20_episode_match_walk_forward_v1,capped_confirmation,csi500,中证500,false_alarm,False,ma20_episode_ml_l2_logistic::bottom::all_a_ma20_episode_match_walk_forward_v1::000013,2024-07-02,,,,,,,,,False,False,,,,,,2019-01-02,2026-08-14,,,,csi500_medium_bottom_20240918,prediction,multi_lobe,nearest_region_for_slice_only
ma20_episode_ml_l2_logistic::bottom::all_a_ma20_episode_match_walk_forward_v1::capped_confirmation::csi500::false_alarm::ma20_episode_ml_l2_logistic::bottom::all_a_ma20_episode_match_walk_forward_v1::000014,ma20_episode_ml_l2_logistic,bottom,all_a_ma20_episode_match_walk_forward_v1,capped_confirmation,csi500,中证500,false_alarm,False,ma20_episode_ml_l2_logistic::bottom::all_a_ma20_episode_match_walk_forward_v1::000014,2024-07-04,,,,,,,,,False,False,,,,,,2019-01-02,2026-08-14,,,,csi500_medium_bottom_20240918,prediction,multi_lobe,nearest_region_for_slice_only
ma20_episode_ml_l2_logistic::bottom::all_a_ma20_episode_match_walk_forward_v1::capped_confirmation::csi500::false_alarm::ma20_episode_ml_l2_logistic::bottom::all_a_ma20_episode_match_walk_forward_v1::000015,ma20_episode_ml_l2_logistic,bottom,all_a_ma20_episode_match_walk_forward_v1,capped_confirmation,csi500,中证500,false_alarm,False,ma20_episode_ml_l2_logistic::bottom::all_a_ma20_episode_match_walk_forward_v1::000015,2024-07-16,,,,,,,,,False,False,,,,,,2019-01-02,2026-08-14,,,,csi500_medium_bottom_20240918,prediction,multi_lobe,nearest_region_for_slice_only
ma20_episode_ml_l2_logistic::bottom::all_a_ma20_episode_match_walk_forward_v1::capped_confirmation::csi500::matched::ma20_episode_ml_l2_logistic::bottom::all_a_ma20_episode_match_walk_forward_v1::000016,ma20_episode_ml_l2_logistic,bottom,all_a_ma20_episode_match_walk_forward_v1,capped_confirmation,csi500,中证500,matched,True,ma20_episode_ml_l2_logistic::bottom::all_a_ma20_episode_match_walk_forward_v1::000016,2024-08-30,csi500_medium_bottom_20240918,2024-09-18,2024-08-28,2024-09-23,multi_lobe,3,,envelope,False,True,prediction,-11,11,20,ma20_episode_ml_l2_logistic::bottom::all_a_ma20_episode_match_walk_forward_v1::000016,2019-01-02,2026-08-14,True,True,top_bottom_regions_v2,csi500_medium_bottom_20240918,prediction,multi_lobe,primary_match
ma20_episode_ml_l2_logistic::bottom::all_a_ma20_episode_match_walk_forward_v1::capped_confirmation::csi500::missed_region::csi500_medium_bottom_20241016,ma20_episode_ml_l2_logistic,bottom,all_a_ma20_episode_match_walk_forward_v1,capped_confirmation,csi500,中证500,missed_region,False,,,csi500_medium_bottom_20241016,2024-10-16,2024-10-14,2024-10-18,single_lobe,1,,,False,False,,,,,,2019-01-02,2026-08-14,True,True,top_bottom_regions_v2,,,,
ma20_episode_ml_l2_logistic::bottom::all_a_ma20_episode_match_walk_forward_v1::capped_confirmation::csi500::missed_region::csi500_medium_bottom_20250113,ma20_episode_ml_l2_logistic,bottom,all_a_ma20_episode_match_walk_forward_v1,capped_confirmation,csi500,中证500,missed_region,False,,,csi500_medium_bottom_20250113,2025-01-13,2025-01-03,2025-01-14,multi_lobe,2,,,False,False,,,,,,2019-01-02,2026-08-14,True,True,top_bottom_regions_v2,,,,
ma20_episode_ml_l2_logistic::bottom::all_a_ma20_episode_match_walk_forward_v1::capped_confirmation::csi500::matched::ma20_episode_ml_l2_logistic::bottom::all_a_ma20_episode_match_walk_forward_v1::000017,ma20_episode_ml_l2_logistic,bottom,all_a_ma20_episode_match_walk_forward_v1,capped_confirmation,csi500,中证500,matched,True,ma20_episode_ml_l2_logistic::bottom::all_a_ma20_episode_match_walk_forward_v1::000017,2025-04-15,csi500_medium_bottom_20250409,2025-04-09,2025-04-07,2025-04-09,multi_lobe,2,,confirmation_window,False,False,confirmation,4,4,5,ma20_episode_ml_l2_logistic::bottom::all_a_ma20_episode_match_walk_forward_v1::000017,2019-01-02,2026-08-14,True,True,top_bottom_regions_v2,csi500_medium_bottom_20250409,confirmation,multi_lobe,primary_match
ma20_episode_ml_l2_logistic::bottom::all_a_ma20_episode_match_walk_forward_v1::capped_confirmation::csi500::matched::ma20_episode_ml_l2_logistic::bottom::all_a_ma20_episode_match_walk_forward_v1::000018,ma20_episode_ml_l2_logistic,bottom,all_a_ma20_episode_match_walk_forward_v1,capped_confirmation,csi500,中证500,matched,True,ma20_episode_ml_l2_logistic::bottom::all_a_ma20_episode_match_walk_forward_v1::000018,2026-03-30,csi500_medium_bottom_20260324,2026-03-24,2026-03-23,2026-04-03,multi_lobe,2,,envelope,False,True,confirmation,4,4,5,ma20_episode_ml_l2_logistic::bottom::all_a_ma20_episode_match_walk_forward_v1::000018,2019-01-02,2026-08-14,True,True,top_bottom_regions_v2,csi500_medium_bottom_20260324,confirmation,multi_lobe,primary_match
ma20_episode_ml_l2_logistic::bottom::all_a_ma20_episode_match_walk_forward_v1::capped_confirmation::csi500::matched::ma20_episode_ml_l2_logistic::bottom::all_a_ma20_episode_match_walk_forward_v1::000019,ma20_episode_ml_l2_logistic,bottom,all_a_ma20_episode_match_walk_forward_v1,capped_confirmation,csi500,中证500,matched,True,ma20_episode_ml_l2_logistic::bottom::all_a_ma20_episode_match_walk_forward_v1::000019,2026-06-16,csi500_medium_bottom_20260608,2026-06-08,2026-06-08,2026-06-11,single_lobe,1,,confirmation_window,False,False,confirmation,6,6,10,ma20_episode_ml_l2_logistic::bottom::all_a_ma20_episode_match_walk_forward_v1::000019,2019-01-02,2026-08-14,True,True,top_bottom_regions_v2,csi500_medium_bottom_20260608,confirmation,single_lobe,primary_match
ma20_episode_ml_l2_logistic::bottom::all_a_ma20_episode_match_walk_forward_v1::capped_confirmation::csi500::matched::ma20_episode_ml_l2_logistic::bottom::all_a_ma20_episode_match_walk_forward_v1::000020,ma20_episode_ml_l2_logistic,bottom,all_a_ma20_episode_match_walk_forward_v1,capped_confirmation,csi500,中证500,matched,True,ma20_episode_ml_l2_logistic::bottom::all_a_ma20_episode_match_walk_forward_v1::000020,2026-07-21,csi500_medium_bottom_20260730,2026-07-30,2026-07-20,2026-07-30,multi_lobe,2,csi500_medium_bottom_20260730_lobe_01,core_lobe,True,True,prediction,-7,7,10,ma20_episode_ml_l2_logistic::bottom::all_a_ma20_episode_match_walk_forward_v1::000020,2019-01-02,2026-08-14,True,False,top_bottom_regions_v2,csi500_medium_bottom_20260730,prediction,multi_lobe,primary_match
ma20_episode_ml_l2_logistic::bottom::all_a_ma20_episode_match_walk_forward_v1::capped_confirmation::microcap::missed_region::microcap_medium_bottom_20190506,ma20_episode_ml_l2_logistic,bottom,all_a_ma20_episode_match_walk_forward_v1,capped_confirmation,microcap,微盘股,missed_region,False,,,microcap_medium_bottom_20190506,2019-05-06,2019-05-06,2019-05-08,single_lobe,1,,,False,False,,,,,,2019-01-02,2026-08-14,True,True,top_bottom_regions_v2,,,,
ma20_episode_ml_l2_logistic::bottom::all_a_ma20_episode_match_walk_forward_v1::capped_confirmation::microcap::matched::ma20_episode_ml_l2_logistic::bottom::all_a_ma20_episode_match_walk_forward_v1::000001,ma20_episode_ml_l2_logistic,bottom,all_a_ma20_episode_match_walk_forward_v1,capped_confirmation,microcap,微盘股,matched,True,ma20_episode_ml_l2_logistic::bottom::all_a_ma20_episode_match_walk_forward_v1::000001,2020-02-11,microcap_medium_bottom_20200204,2020-02-04,2020-02-04,2020-02-04,single_lobe,1,,confirmation_window,False,False,confirmation,5,5,5,ma20_episode_ml_l2_logistic::bottom::all_a_ma20_episode_match_walk_forward_v1::000001,2019-01-02,2026-08-14,True,True,top_bottom_regions_v2,microcap_medium_bottom_20200204,confirmation,single_lobe,primary_match
ma20_episode_ml_l2_logistic::bottom::all_a_ma20_episode_match_walk_forward_v1::capped_confirmation::microcap::false_alarm::ma20_episode_ml_l2_logistic::bottom::all_a_ma20_episode_match_walk_forward_v1::000002,ma20_episode_ml_l2_logistic,bottom,all_a_ma20_episode_match_walk_forward_v1,capped_confirmation,microcap,微盘股,false_alarm,False,ma20_episode_ml_l2_logistic::bottom::all_a_ma20_episode_match_walk_forward_v1::000002,2020-03-26,,,,,,,,,False,False,,,,,,2019-01-02,2026-08-14,,,,microcap_medium_bottom_20200204,confirmation,single_lobe,nearest_region_for_slice_only
ma20_episode_ml_l2_logistic::bottom::all_a_ma20_episode_match_walk_forward_v1::capped_confirmation::microcap::false_alarm::ma20_episode_ml_l2_logistic::bottom::all_a_ma20_episode_match_walk_forward_v1::000003,ma20_episode_ml_l2_logistic,bottom,all_a_ma20_episode_match_walk_forward_v1,capped_confirmation,microcap,微盘股,false_alarm,False,ma20_episode_ml_l2_logistic::bottom::all_a_ma20_episode_match_walk_forward_v1::000003,2020-09-18,,,,,,,,,False,False,,,,,,2019-01-02,2026-08-14,,,,microcap_medium_bottom_20210208,prediction,single_lobe,nearest_region_for_slice_only
ma20_episode_ml_l2_logistic::bottom::all_a_ma20_episode_match_walk_forward_v1::capped_confirmation::microcap::missed_region::microcap_medium_bottom_20210208,ma20_episode_ml_l2_logistic,bottom,all_a_ma20_episode_match_walk_forward_v1,capped_confirmation,microcap,微盘股,missed_region,False,,,microcap_medium_bottom_20210208,2021-02-08,2021-02-04,2021-02-09,single_lobe,1,,,False,False,,,,,,2019-01-02,2026-08-14,True,True,top_bottom_regions_v2,,,,
ma20_episode_ml_l2_logistic::bottom::all_a_ma20_episode_match_walk_forward_v1::capped_confirmation::microcap::false_alarm::ma20_episode_ml_l2_logistic::bottom::all_a_ma20_episode_match_walk_forward_v1::000004,ma20_episode_ml_l2_logistic,bottom,all_a_ma20_episode_match_walk_forward_v1,capped_confirmation,microcap,微盘股,false_alarm,False,ma20_episode_ml_l2_logistic::bottom::all_a_ma20_episode_match_walk_forward_v1::000004,2021-10-14,,,,,,,,,False,False,,,,,,2019-01-02,2026-08-14,,,,microcap_medium_bottom_20220427,prediction,single_lobe,nearest_region_for_slice_only
ma20_episode_ml_l2_logistic::bottom::all_a_ma20_episode_match_walk_forward_v1::capped_confirmation::microcap::false_alarm::ma20_episode_ml_l2_logistic::bottom::all_a_ma20_episode_match_walk_forward_v1::000005,ma20_episode_ml_l2_logistic,bottom,all_a_ma20_episode_match_walk_forward_v1,capped_confirmation,microcap,微盘股,false_alarm,False,ma20_episode_ml_l2_logistic::bottom::all_a_ma20_episode_match_walk_forward_v1::000005,2022-02-09,,,,,,,,,False,False,,,,,,2019-01-02,2026-08-14,,,,microcap_medium_bottom_20220427,prediction,single_lobe,nearest_region_for_slice_only
ma20_episode_ml_l2_logistic::bottom::all_a_ma20_episode_match_walk_forward_v1::capped_confirmation::microcap::false_alarm::ma20_episode_ml_l2_logistic::bottom::all_a_ma20_episode_match_walk_forward_v1::000006,ma20_episode_ml_l2_logistic,bottom,all_a_ma20_episode_match_walk_forward_v1,capped_confirmation,microcap,微盘股,false_alarm,False,ma20_episode_ml_l2_logistic::bottom::all_a_ma20_episode_match_walk_forward_v1::000006,2022-03-25,,,,,,,,,False,False,,,,,,2019-01-02,2026-08-14,,,,microcap_medium_bottom_20220427,prediction,single_lobe,nearest_region_for_slice_only
ma20_episode_ml_l2_logistic::bottom::all_a_ma20_episode_match_walk_forward_v1::capped_confirmation::microcap::missed_region::microcap_medium_bottom_20220427,ma20_episode_ml_l2_logistic,bottom,all_a_ma20_episode_match_walk_forward_v1,capped_confirmation,microcap,微盘股,missed_region,False,,,microcap_medium_bottom_20220427,2022-04-27,2022-04-27,2022-04-28,single_lobe,1,,,False,False,,,,,,2019-01-02,2026-08-14,True,True,top_bottom_regions_v2,,,,
ma20_episode_ml_l2_logistic::bottom::all_a_ma20_episode_match_walk_forward_v1::capped_confirmation::microcap::missed_region::microcap_medium_bottom_20221011,ma20_episode_ml_l2_logistic,bottom,all_a_ma20_episode_match_walk_forward_v1,capped_confirmation,microcap,微盘股,missed_region,False,,,microcap_medium_bottom_20221011,2022-10-11,2022-10-10,2022-10-12,single_lobe,1,,,False,False,,,,,,2019-01-02,2026-08-14,True,True,top_bottom_regions_v2,,,,
ma20_episode_ml_l2_logistic::bottom::all_a_ma20_episode_match_walk_forward_v1::capped_confirmation::microcap::false_alarm::ma20_episode_ml_l2_logistic::bottom::all_a_ma20_episode_match_walk_forward_v1::000007,ma20_episode_ml_l2_logistic,bottom,all_a_ma20_episode_match_walk_forward_v1,capped_confirmation,microcap,微盘股,false_alarm,False,ma20_episode_ml_l2_logistic::bottom::all_a_ma20_episode_match_walk_forward_v1::000007,2023-01-03,,,,,,,,,False,False,,,,,,2019-01-02,2026-08-14,,,,microcap_medium_bottom_20221011,confirmation,single_lobe,nearest_region_for_slice_only
ma20_episode_ml_l2_logistic::bottom::all_a_ma20_episode_match_walk_forward_v1::capped_confirmation::microcap::missed_region::microcap_medium_bottom_20230425,ma20_episode_ml_l2_logistic,bottom,all_a_ma20_episode_match_walk_forward_v1,capped_confirmation,microcap,微盘股,missed_region,False,,,microcap_medium_bottom_20230425,2023-04-25,2023-04-24,2023-04-26,single_lobe,1,,,False,False,,,,,,2019-01-02,2026-08-14,True,True,top_bottom_regions_v2,,,,
ma20_episode_ml_l2_logistic::bottom::all_a_ma20_episode_match_walk_forward_v1::capped_confirmation::microcap::false_alarm::ma20_episode_ml_l2_logistic::bottom::all_a_ma20_episode_match_walk_forward_v1::000008,ma20_episode_ml_l2_logistic,bottom,all_a_ma20_episode_match_walk_forward_v1,capped_confirmation,microcap,微盘股,false_alarm,False,ma20_episode_ml_l2_logistic::bottom::all_a_ma20_episode_match_walk_forward_v1::000008,2023-10-26,,,,,,,,,False,False,,,,,,2019-01-02,2026-08-14,,,,microcap_medium_bottom_20240208,prediction,single_lobe,nearest_region_for_slice_only
ma20_episode_ml_l2_logistic::bottom::all_a_ma20_episode_match_walk_forward_v1::capped_confirmation::microcap::matched::ma20_episode_ml_l2_logistic::bottom::all_a_ma20_episode_match_walk_forward_v1::000009,ma20_episode_ml_l2_logistic,bottom,all_a_ma20_episode_match_walk_forward_v1,capped_confirmation,microcap,微盘股,matched,True,ma20_episode_ml_l2_logistic::bottom::all_a_ma20_episode_match_walk_forward_v1::000009,2024-01-26,microcap_medium_bottom_20240229,2024-02-29,2024-02-29,2024-02-29,single_lobe,1,,prediction_window,False,False,prediction,-18,18,20,ma20_episode_ml_l2_logistic::bottom::all_a_ma20_episode_match_walk_forward_v1::000009,2019-01-02,2026-08-14,True,True,top_bottom_regions_v2,microcap_medium_bottom_20240229,prediction,single_lobe,primary_match
ma20_episode_ml_l2_logistic::bottom::all_a_ma20_episode_match_walk_forward_v1::capped_confirmation::microcap::matched::ma20_episode_ml_l2_logistic::bottom::all_a_ma20_episode_match_walk_forward_v1::000010,ma20_episode_ml_l2_logistic,bottom,all_a_ma20_episode_match_walk_forward_v1,capped_confirmation,microcap,微盘股,matched,True,ma20_episode_ml_l2_logistic::bottom::all_a_ma20_episode_match_walk_forward_v1::000010,2024-02-08,microcap_medium_bottom_20240208,2024-02-08,2024-02-08,2024-02-08,single_lobe,1,microcap_medium_bottom_20240208_lobe_01,core_lobe,True,True,prediction,0,0,5,ma20_episode_ml_l2_logistic::bottom::all_a_ma20_episode_match_walk_forward_v1::000010,2019-01-02,2026-08-14,True,True,top_bottom_regions_v2,microcap_medium_bottom_20240208,prediction,single_lobe,primary_match
ma20_episode_ml_l2_logistic::bottom::all_a_ma20_episode_match_walk_forward_v1::capped_confirmation::microcap::matched::ma20_episode_ml_l2_logistic::bottom::all_a_ma20_episode_match_walk_forward_v1::000011,ma20_episode_ml_l2_logistic,bottom,all_a_ma20_episode_match_walk_forward_v1,capped_confirmation,microcap,微盘股,matched,True,ma20_episode_ml_l2_logistic::bottom::all_a_ma20_episode_match_walk_forward_v1::000011,2024-04-24,microcap_medium_bottom_20240417,2024-04-17,2024-04-16,2024-04-17,single_lobe,1,,confirmation_window,False,False,confirmation,5,5,5,ma20_episode_ml_l2_logistic::bottom::all_a_ma20_episode_match_walk_forward_v1::000011,2019-01-02,2026-08-14,True,True,top_bottom_regions_v2,microcap_medium_bottom_20240417,confirmation,single_lobe,primary_match
ma20_episode_ml_l2_logistic::bottom::all_a_ma20_episode_match_walk_forward_v1::capped_confirmation::microcap::matched::ma20_episode_ml_l2_logistic::bottom::all_a_ma20_episode_match_walk_forward_v1::000012,ma20_episode_ml_l2_logistic,bottom,all_a_ma20_episode_match_walk_forward_v1,capped_confirmation,microcap,微盘股,matched,True,ma20_episode_ml_l2_logistic::bottom::all_a_ma20_episode_match_walk_forward_v1::000012,2024-06-17,microcap_medium_bottom_20240606,2024-06-06,2024-06-06,2024-06-06,single_lobe,1,,confirmation_window,False,False,confirmation,6,6,10,ma20_episode_ml_l2_logistic::bottom::all_a_ma20_episode_match_walk_forward_v1::000012,2019-01-02,2026-08-14,True,True,top_bottom_regions_v2,microcap_medium_bottom_20240606,confirmation,single_lobe,primary_match
ma20_episode_ml_l2_logistic::bottom::all_a_ma20_episode_match_walk_forward_v1::capped_confirmation::microcap::duplicate_alarm::ma20_episode_ml_l2_logistic::bottom::all_a_ma20_episode_match_walk_forward_v1::000013,ma20_episode_ml_l2_logistic,bottom,all_a_ma20_episode_match_walk_forward_v1,capped_confirmation,microcap,微盘股,duplicate_alarm,False,ma20_episode_ml_l2_logistic::bottom::all_a_ma20_episode_match_walk_forward_v1::000013,2024-07-02,microcap_medium_bottom_20240606,2024-06-06,2024-06-06,2024-06-06,single_lobe,1,,confirmation_window,False,False,confirmation,17,17,20,ma20_episode_ml_l2_logistic::bottom::all_a_ma20_episode_match_walk_forward_v1::000012,2019-01-02,2026-08-14,True,True,top_bottom_regions_v2,microcap_medium_bottom_20240606,confirmation,single_lobe,duplicate_candidate
ma20_episode_ml_l2_logistic::bottom::all_a_ma20_episode_match_walk_forward_v1::capped_confirmation::microcap::duplicate_alarm::ma20_episode_ml_l2_logistic::bottom::all_a_ma20_episode_match_walk_forward_v1::000014,ma20_episode_ml_l2_logistic,bottom,all_a_ma20_episode_match_walk_forward_v1,capped_confirmation,microcap,微盘股,duplicate_alarm,False,ma20_episode_ml_l2_logistic::bottom::all_a_ma20_episode_match_walk_forward_v1::000014,2024-07-04,microcap_medium_bottom_20240606,2024-06-06,2024-06-06,2024-06-06,single_lobe,1,,confirmation_window,False,False,confirmation,19,19,20,ma20_episode_ml_l2_logistic::bottom::all_a_ma20_episode_match_walk_forward_v1::000012,2019-01-02,2026-08-14,True,True,top_bottom_regions_v2,microcap_medium_bottom_20240606,confirmation,single_lobe,duplicate_candidate
ma20_episode_ml_l2_logistic::bottom::all_a_ma20_episode_match_walk_forward_v1::capped_confirmation::microcap::false_alarm::ma20_episode_ml_l2_logistic::bottom::all_a_ma20_episode_match_walk_forward_v1::000015,ma20_episode_ml_l2_logistic,bottom,all_a_ma20_episode_match_walk_forward_v1,capped_confirmation,microcap,微盘股,false_alarm,False,ma20_episode_ml_l2_logistic::bottom::all_a_ma20_episode_match_walk_forward_v1::000015,2024-07-16,,,,,,,,,False,False,,,,,,2019-01-02,2026-08-14,,,,microcap_medium_bottom_20240606,confirmation,single_lobe,nearest_region_for_slice_only
ma20_episode_ml_l2_logistic::bottom::all_a_ma20_episode_match_walk_forward_v1::capped_confirmation::microcap::false_alarm::ma20_episode_ml_l2_logistic::bottom::all_a_ma20_episode_match_walk_forward_v1::000016,ma20_episode_ml_l2_logistic,bottom,all_a_ma20_episode_match_walk_forward_v1,capped_confirmation,microcap,微盘股,false_alarm,False,ma20_episode_ml_l2_logistic::bottom::all_a_ma20_episode_match_walk_forward_v1::000016,2024-08-30,,,,,,,,,False,False,,,,,,2019-01-02,2026-08-14,,,,microcap_medium_bottom_20241011,prediction,single_lobe,nearest_region_for_slice_only
ma20_episode_ml_l2_logistic::bottom::all_a_ma20_episode_match_walk_forward_v1::capped_confirmation::microcap::missed_region::microcap_medium_bottom_20241011,ma20_episode_ml_l2_logistic,bottom,all_a_ma20_episode_match_walk_forward_v1,capped_confirmation,microcap,微盘股,missed_region,False,,,microcap_medium_bottom_20241011,2024-10-11,2024-10-11,2024-10-14,single_lobe,1,,,False,False,,,,,,2019-01-02,2026-08-14,True,True,top_bottom_regions_v2,,,,
ma20_episode_ml_l2_logistic::bottom::all_a_ma20_episode_match_walk_forward_v1::capped_confirmation::microcap::missed_region::microcap_medium_bottom_20250106,ma20_episode_ml_l2_logistic,bottom,all_a_ma20_episode_match_walk_forward_v1,capped_confirmation,microcap,微盘股,missed_region,False,,,microcap_medium_bottom_20250106,2025-01-06,2025-01-06,2025-01-13,multi_lobe,2,,,False,False,,,,,,2019-01-02,2026-08-14,True,True,top_bottom_regions_v2,,,,
ma20_episode_ml_l2_logistic::bottom::all_a_ma20_episode_match_walk_forward_v1::capped_confirmation::microcap::matched::ma20_episode_ml_l2_logistic::bottom::all_a_ma20_episode_match_walk_forward_v1::000017,ma20_episode_ml_l2_logistic,bottom,all_a_ma20_episode_match_walk_forward_v1,capped_confirmation,microcap,微盘股,matched,True,ma20_episode_ml_l2_logistic::bottom::all_a_ma20_episode_match_walk_forward_v1::000017,2025-04-15,microcap_medium_bottom_20250409,2025-04-09,2025-04-09,2025-04-09,single_lobe,1,,confirmation_window,False,False,confirmation,4,4,5,ma20_episode_ml_l2_logistic::bottom::all_a_ma20_episode_match_walk_forward_v1::000017,2019-01-02,2026-08-14,True,True,top_bottom_regions_v2,microcap_medium_bottom_20250409,confirmation,single_lobe,primary_match
ma20_episode_ml_l2_logistic::bottom::all_a_ma20_episode_match_walk_forward_v1::capped_confirmation::microcap::matched::ma20_episode_ml_l2_logistic::bottom::all_a_ma20_episode_match_walk_forward_v1::000018,ma20_episode_ml_l2_logistic,bottom,all_a_ma20_episode_match_walk_forward_v1,capped_confirmation,microcap,微盘股,matched,True,ma20_episode_ml_l2_logistic::bottom::all_a_ma20_episode_match_walk_forward_v1::000018,2026-03-30,microcap_medium_bottom_20260323,2026-03-23,2026-03-23,2026-03-24,single_lobe,1,,confirmation_window,False,False,confirmation,5,5,5,ma20_episode_ml_l2_logistic::bottom::all_a_ma20_episode_match_walk_forward_v1::000018,2019-01-02,2026-08-14,True,True,top_bottom_regions_v2,microcap_medium_bottom_20260323,confirmation,single_lobe,primary_match
ma20_episode_ml_l2_logistic::bottom::all_a_ma20_episode_match_walk_forward_v1::capped_confirmation::microcap::false_alarm::ma20_episode_ml_l2_logistic::bottom::all_a_ma20_episode_match_walk_forward_v1::000019,ma20_episode_ml_l2_logistic,bottom,all_a_ma20_episode_match_walk_forward_v1,capped_confirmation,microcap,微盘股,false_alarm,False,ma20_episode_ml_l2_logistic::bottom::all_a_ma20_episode_match_walk_forward_v1::000019,2026-06-16,,,,,,,,,False,False,,,,,,2019-01-02,2026-08-14,,,,microcap_medium_bottom_20260721,prediction,single_lobe,nearest_region_for_slice_only
ma20_episode_ml_l2_logistic::bottom::all_a_ma20_episode_match_walk_forward_v1::capped_confirmation::microcap::matched::ma20_episode_ml_l2_logistic::bottom::all_a_ma20_episode_match_walk_forward_v1::000020,ma20_episode_ml_l2_logistic,bottom,all_a_ma20_episode_match_walk_forward_v1,capped_confirmation,microcap,微盘股,matched,True,ma20_episode_ml_l2_logistic::bottom::all_a_ma20_episode_match_walk_forward_v1::000020,2026-07-21,microcap_medium_bottom_20260721,2026-07-21,2026-07-21,2026-07-21,single_lobe,1,microcap_medium_bottom_20260721_lobe_01,core_lobe,True,True,prediction,0,0,5,ma20_episode_ml_l2_logistic::bottom::all_a_ma20_episode_match_walk_forward_v1::000020,2019-01-02,2026-08-14,True,False,top_bottom_regions_v2,microcap_medium_bottom_20260721,prediction,single_lobe,primary_match
ma20_episode_ml_l2_logistic::bottom::all_a_ma20_episode_match_walk_forward_v1::capped_confirmation::sse_composite::missed_region::sse_composite_medium_bottom_20190104,ma20_episode_ml_l2_logistic,bottom,all_a_ma20_episode_match_walk_forward_v1,capped_confirmation,sse_composite,上证指数,missed_region,False,,,sse_composite_medium_bottom_20190104,2019-01-04,2018-12-25,2019-01-04,multi_lobe,2,,,False,False,,,,,,2019-01-02,2026-08-14,False,True,top_bottom_regions_v2,,,,
ma20_episode_ml_l2_logistic::bottom::all_a_ma20_episode_match_walk_forward_v1::capped_confirmation::sse_composite::missed_region::sse_composite_medium_bottom_20190606,ma20_episode_ml_l2_logistic,bottom,all_a_ma20_episode_match_walk_forward_v1,capped_confirmation,sse_composite,上证指数,missed_region,False,,,sse_composite_medium_bottom_20190606,2019-06-06,2019-05-10,2019-06-11,multi_lobe,4,,,False,False,,,,,,2019-01-02,2026-08-14,True,True,top_bottom_regions_v2,,,,
ma20_episode_ml_l2_logistic::bottom::all_a_ma20_episode_match_walk_forward_v1::capped_confirmation::sse_composite::missed_region::sse_composite_medium_bottom_20190806,ma20_episode_ml_l2_logistic,bottom,all_a_ma20_episode_match_walk_forward_v1,capped_confirmation,sse_composite,上证指数,missed_region,False,,,sse_composite_medium_bottom_20190806,2019-08-06,2019-08-06,2019-08-15,multi_lobe,3,,,False,False,,,,,,2019-01-02,2026-08-14,True,True,top_bottom_regions_v2,,,,
ma20_episode_ml_l2_logistic::bottom::all_a_ma20_episode_match_walk_forward_v1::capped_confirmation::sse_composite::matched::ma20_episode_ml_l2_logistic::bottom::all_a_ma20_episode_match_walk_forward_v1::000001,ma20_episode_ml_l2_logistic,bottom,all_a_ma20_episode_match_walk_forward_v1,capped_confirmation,sse_composite,上证指数,matched,True,ma20_episode_ml_l2_logistic::bottom::all_a_ma20_episode_match_walk_forward_v1::000001,2020-02-11,sse_composite_medium_bottom_20200204,2020-02-04,2020-02-03,2020-02-04,single_lobe,1,,confirmation_window,False,False,confirmation,5,5,5,ma20_episode_ml_l2_logistic::bottom::all_a_ma20_episode_match_walk_forward_v1::000001,2019-01-02,2026-08-14,True,True,top_bottom_regions_v2,sse_composite_medium_bottom_20200204,confirmation,single_lobe,primary_match
ma20_episode_ml_l2_logistic::bottom::all_a_ma20_episode_match_walk_forward_v1::capped_confirmation::sse_composite::matched::ma20_episode_ml_l2_logistic::bottom::all_a_ma20_episode_match_walk_forward_v1::000002,ma20_episode_ml_l2_logistic,bottom,all_a_ma20_episode_match_walk_forward_v1,capped_confirmation,sse_composite,上证指数,matched,True,ma20_episode_ml_l2_logistic::bottom::all_a_ma20_episode_match_walk_forward_v1::000002,2020-03-26,sse_composite_medium_bottom_20200319,2020-03-19,2020-03-19,2020-03-24,multi_lobe,2,,confirmation_window,False,False,confirmation,5,5,5,ma20_episode_ml_l2_logistic::bottom::all_a_ma20_episode_match_walk_forward_v1::000002,2019-01-02,2026-08-14,True,True,top_bottom_regions_v2,sse_composite_medium_bottom_20200319,confirmation,multi_lobe,primary_match
ma20_episode_ml_l2_logistic::bottom::all_a_ma20_episode_match_walk_forward_v1::capped_confirmation::sse_composite::missed_region::sse_composite_medium_bottom_20200727,ma20_episode_ml_l2_logistic,bottom,all_a_ma20_episode_match_walk_forward_v1,capped_confirmation,sse_composite,上证指数,missed_region,False,,,sse_composite_medium_bottom_20200727,2020-07-27,2020-07-24,2020-07-29,single_lobe,1,,,False,False,,,,,,2019-01-02,2026-08-14,True,True,top_bottom_regions_v2,,,,
ma20_episode_ml_l2_logistic::bottom::all_a_ma20_episode_match_walk_forward_v1::capped_confirmation::sse_composite::false_alarm::ma20_episode_ml_l2_logistic::bottom::all_a_ma20_episode_match_walk_forward_v1::000003,ma20_episode_ml_l2_logistic,bottom,all_a_ma20_episode_match_walk_forward_v1,capped_confirmation,sse_composite,上证指数,false_alarm,False,ma20_episode_ml_l2_logistic::bottom::all_a_ma20_episode_match_walk_forward_v1::000003,2020-09-18,,,,,,,,,False,False,,,,,,2019-01-02,2026-08-14,,,,sse_composite_medium_bottom_20200727,confirmation,single_lobe,nearest_region_for_slice_only
ma20_episode_ml_l2_logistic::bottom::all_a_ma20_episode_match_walk_forward_v1::capped_confirmation::sse_composite::missed_region::sse_composite_medium_bottom_20210309,ma20_episode_ml_l2_logistic,bottom,all_a_ma20_episode_match_walk_forward_v1,capped_confirmation,sse_composite,上证指数,missed_region,False,,,sse_composite_medium_bottom_20210309,2021-03-09,2021-03-09,2021-03-26,multi_lobe,2,,,False,False,,,,,,2019-01-02,2026-08-14,True,True,top_bottom_regions_v2,,,,
ma20_episode_ml_l2_logistic::bottom::all_a_ma20_episode_match_walk_forward_v1::capped_confirmation::sse_composite::missed_region::sse_composite_medium_bottom_20210728,ma20_episode_ml_l2_logistic,bottom,all_a_ma20_episode_match_walk_forward_v1,capped_confirmation,sse_composite,上证指数,missed_region,False,,,sse_composite_medium_bottom_20210728,2021-07-28,2021-07-28,2021-07-28,single_lobe,1,,,False,False,,,,,,2019-01-02,2026-08-14,True,True,top_bottom_regions_v2,,,,
ma20_episode_ml_l2_logistic::bottom::all_a_ma20_episode_match_walk_forward_v1::capped_confirmation::sse_composite::false_alarm::ma20_episode_ml_l2_logistic::bottom::all_a_ma20_episode_match_walk_forward_v1::000004,ma20_episode_ml_l2_logistic,bottom,all_a_ma20_episode_match_walk_forward_v1,capped_confirmation,sse_composite,上证指数,false_alarm,False,ma20_episode_ml_l2_logistic::bottom::all_a_ma20_episode_match_walk_forward_v1::000004,2021-10-14,,,,,,,,,False,False,,,,,,2019-01-02,2026-08-14,,,,sse_composite_medium_bottom_20210728,confirmation,single_lobe,nearest_region_for_slice_only
ma20_episode_ml_l2_logistic::bottom::all_a_ma20_episode_match_walk_forward_v1::capped_confirmation::sse_composite::false_alarm::ma20_episode_ml_l2_logistic::bottom::all_a_ma20_episode_match_walk_forward_v1::000005,ma20_episode_ml_l2_logistic,bottom,all_a_ma20_episode_match_walk_forward_v1,capped_confirmation,sse_composite,上证指数,false_alarm,False,ma20_episode_ml_l2_logistic::bottom::all_a_ma20_episode_match_walk_forward_v1::000005,2022-02-09,,,,,,,,,False,False,,,,,,2019-01-02,2026-08-14,,,,sse_composite_medium_bottom_20220316,prediction,single_lobe,nearest_region_for_slice_only
ma20_episode_ml_l2_logistic::bottom::all_a_ma20_episode_match_walk_forward_v1::capped_confirmation::sse_composite::matched::ma20_episode_ml_l2_logistic::bottom::all_a_ma20_episode_match_walk_forward_v1::000006,ma20_episode_ml_l2_logistic,bottom,all_a_ma20_episode_match_walk_forward_v1,capped_confirmation,sse_composite,上证指数,matched,True,ma20_episode_ml_l2_logistic::bottom::all_a_ma20_episode_match_walk_forward_v1::000006,2022-03-25,sse_composite_medium_bottom_20220316,2022-03-16,2022-03-15,2022-03-16,single_lobe,1,,confirmation_window,False,False,confirmation,7,7,10,ma20_episode_ml_l2_logistic::bottom::all_a_ma20_episode_match_walk_forward_v1::000006,2019-01-02,2026-08-14,True,True,top_bottom_regions_v2,sse_composite_medium_bottom_20220316,confirmation,single_lobe,primary_match
ma20_episode_ml_l2_logistic::bottom::all_a_ma20_episode_match_walk_forward_v1::capped_confirmation::sse_composite::missed_region::sse_composite_medium_bottom_20220427,ma20_episode_ml_l2_logistic,bottom,all_a_ma20_episode_match_walk_forward_v1,capped_confirmation,sse_composite,上证指数,missed_region,False,,,sse_composite_medium_bottom_20220427,2022-04-27,2022-04-26,2022-04-27,single_lobe,1,,,False,False,,,,,,2019-01-02,2026-08-14,True,True,top_bottom_regions_v2,,,,
ma20_episode_ml_l2_logistic::bottom::all_a_ma20_episode_match_walk_forward_v1::capped_confirmation::sse_composite::missed_region::sse_composite_medium_bottom_20221031,ma20_episode_ml_l2_logistic,bottom,all_a_ma20_episode_match_walk_forward_v1,capped_confirmation,sse_composite,上证指数,missed_region,False,,,sse_composite_medium_bottom_20221031,2022-10-31,2022-10-28,2022-11-01,single_lobe,1,,,False,False,,,,,,2019-01-02,2026-08-14,True,True,top_bottom_regions_v2,,,,
ma20_episode_ml_l2_logistic::bottom::all_a_ma20_episode_match_walk_forward_v1::capped_confirmation::sse_composite::false_alarm::ma20_episode_ml_l2_logistic::bottom::all_a_ma20_episode_match_walk_forward_v1::000007,ma20_episode_ml_l2_logistic,bottom,all_a_ma20_episode_match_walk_forward_v1,capped_confirmation,sse_composite,上证指数,false_alarm,False,ma20_episode_ml_l2_logistic::bottom::all_a_ma20_episode_match_walk_forward_v1::000007,2023-01-03,,,,,,,,,False,False,,,,,,2019-01-02,2026-08-14,,,,sse_composite_medium_bottom_20221031,confirmation,single_lobe,nearest_region_for_slice_only
ma20_episode_ml_l2_logistic::bottom::all_a_ma20_episode_match_walk_forward_v1::capped_confirmation::sse_composite::false_alarm::ma20_episode_ml_l2_logistic::bottom::all_a_ma20_episode_match_walk_forward_v1::000008,ma20_episode_ml_l2_logistic,bottom,all_a_ma20_episode_match_walk_forward_v1,capped_confirmation,sse_composite,上证指数,false_alarm,False,ma20_episode_ml_l2_logistic::bottom::all_a_ma20_episode_match_walk_forward_v1::000008,2023-10-26,,,,,,,,,False,False,,,,,,2019-01-02,2026-08-14,,,,sse_composite_medium_bottom_20240205,prediction,single_lobe,nearest_region_for_slice_only
ma20_episode_ml_l2_logistic::bottom::all_a_ma20_episode_match_walk_forward_v1::capped_confirmation::sse_composite::duplicate_alarm::ma20_episode_ml_l2_logistic::bottom::all_a_ma20_episode_match_walk_forward_v1::000009,ma20_episode_ml_l2_logistic,bottom,all_a_ma20_episode_match_walk_forward_v1,capped_confirmation,sse_composite,上证指数,duplicate_alarm,False,ma20_episode_ml_l2_logistic::bottom::all_a_ma20_episode_match_walk_forward_v1::000009,2024-01-26,sse_composite_medium_bottom_20240205,2024-02-05,2024-02-02,2024-02-06,single_lobe,1,,prediction_window,False,False,prediction,-6,6,10,ma20_episode_ml_l2_logistic::bottom::all_a_ma20_episode_match_walk_forward_v1::000010,2019-01-02,2026-08-14,True,True,top_bottom_regions_v2,sse_composite_medium_bottom_20240205,prediction,single_lobe,duplicate_candidate
ma20_episode_ml_l2_logistic::bottom::all_a_ma20_episode_match_walk_forward_v1::capped_confirmation::sse_composite::matched::ma20_episode_ml_l2_logistic::bottom::all_a_ma20_episode_match_walk_forward_v1::000010,ma20_episode_ml_l2_logistic,bottom,all_a_ma20_episode_match_walk_forward_v1,capped_confirmation,sse_composite,上证指数,matched,True,ma20_episode_ml_l2_logistic::bottom::all_a_ma20_episode_match_walk_forward_v1::000010,2024-02-08,sse_composite_medium_bottom_20240205,2024-02-05,2024-02-02,2024-02-06,single_lobe,1,,confirmation_window,False,False,confirmation,3,3,5,ma20_episode_ml_l2_logistic::bottom::all_a_ma20_episode_match_walk_forward_v1::000010,2019-01-02,2026-08-14,True,True,top_bottom_regions_v2,sse_composite_medium_bottom_20240205,confirmation,single_lobe,primary_match
ma20_episode_ml_l2_logistic::bottom::all_a_ma20_episode_match_walk_forward_v1::capped_confirmation::sse_composite::false_alarm::ma20_episode_ml_l2_logistic::bottom::all_a_ma20_episode_match_walk_forward_v1::000011,ma20_episode_ml_l2_logistic,bottom,all_a_ma20_episode_match_walk_forward_v1,capped_confirmation,sse_composite,上证指数,false_alarm,False,ma20_episode_ml_l2_logistic::bottom::all_a_ma20_episode_match_walk_forward_v1::000011,2024-04-24,,,,,,,,,False,False,,,,,,2019-01-02,2026-08-14,,,,sse_composite_medium_bottom_20240205,confirmation,single_lobe,nearest_region_for_slice_only
ma20_episode_ml_l2_logistic::bottom::all_a_ma20_episode_match_walk_forward_v1::capped_confirmation::sse_composite::false_alarm::ma20_episode_ml_l2_logistic::bottom::all_a_ma20_episode_match_walk_forward_v1::000012,ma20_episode_ml_l2_logistic,bottom,all_a_ma20_episode_match_walk_forward_v1,capped_confirmation,sse_composite,上证指数,false_alarm,False,ma20_episode_ml_l2_logistic::bottom::all_a_ma20_episode_match_walk_forward_v1::000012,2024-06-17,,,,,,,,,False,False,,,,,,2019-01-02,2026-08-14,,,,sse_composite_medium_bottom_20240918,prediction,single_lobe,nearest_region_for_slice_only
ma20_episode_ml_l2_logistic::bottom::all_a_ma20_episode_match_walk_forward_v1::capped_confirmation::sse_composite::false_alarm::ma20_episode_ml_l2_logistic::bottom::all_a_ma20_episode_match_walk_forward_v1::000013,ma20_episode_ml_l2_logistic,bottom,all_a_ma20_episode_match_walk_forward_v1,capped_confirmation,sse_composite,上证指数,false_alarm,False,ma20_episode_ml_l2_logistic::bottom::all_a_ma20_episode_match_walk_forward_v1::000013,2024-07-02,,,,,,,,,False,False,,,,,,2019-01-02,2026-08-14,,,,sse_composite_medium_bottom_20240918,prediction,single_lobe,nearest_region_for_slice_only
ma20_episode_ml_l2_logistic::bottom::all_a_ma20_episode_match_walk_forward_v1::capped_confirmation::sse_composite::false_alarm::ma20_episode_ml_l2_logistic::bottom::all_a_ma20_episode_match_walk_forward_v1::000014,ma20_episode_ml_l2_logistic,bottom,all_a_ma20_episode_match_walk_forward_v1,capped_confirmation,sse_composite,上证指数,false_alarm,False,ma20_episode_ml_l2_logistic::bottom::all_a_ma20_episode_match_walk_forward_v1::000014,2024-07-04,,,,,,,,,False,False,,,,,,2019-01-02,2026-08-14,,,,sse_composite_medium_bottom_20240918,prediction,single_lobe,nearest_region_for_slice_only
ma20_episode_ml_l2_logistic::bottom::all_a_ma20_episode_match_walk_forward_v1::capped_confirmation::sse_composite::false_alarm::ma20_episode_ml_l2_logistic::bottom::all_a_ma20_episode_match_walk_forward_v1::000015,ma20_episode_ml_l2_logistic,bottom,all_a_ma20_episode_match_walk_forward_v1,capped_confirmation,sse_composite,上证指数,false_alarm,False,ma20_episode_ml_l2_logistic::bottom::all_a_ma20_episode_match_walk_forward_v1::000015,2024-07-16,,,,,,,,,False,False,,,,,,2019-01-02,2026-08-14,,,,sse_composite_medium_bottom_20240918,prediction,single_lobe,nearest_region_for_slice_only
ma20_episode_ml_l2_logistic::bottom::all_a_ma20_episode_match_walk_forward_v1::capped_confirmation::sse_composite::matched::ma20_episode_ml_l2_logistic::bottom::all_a_ma20_episode_match_walk_forward_v1::000016,ma20_episode_ml_l2_logistic,bottom,all_a_ma20_episode_match_walk_forward_v1,capped_confirmation,sse_composite,上证指数,matched,True,ma20_episode_ml_l2_logistic::bottom::all_a_ma20_episode_match_walk_forward_v1::000016,2024-08-30,sse_composite_medium_bottom_20240918,2024-09-18,2024-09-09,2024-09-23,single_lobe,1,,prediction_window,False,False,prediction,-11,11,20,ma20_episode_ml_l2_logistic::bottom::all_a_ma20_episode_match_walk_forward_v1::000016,2019-01-02,2026-08-14,True,True,top_bottom_regions_v2,sse_composite_medium_bottom_20240918,prediction,single_lobe,primary_match
ma20_episode_ml_l2_logistic::bottom::all_a_ma20_episode_match_walk_forward_v1::capped_confirmation::sse_composite::missed_region::sse_composite_medium_bottom_20241018,ma20_episode_ml_l2_logistic,bottom,all_a_ma20_episode_match_walk_forward_v1,capped_confirmation,sse_composite,上证指数,missed_region,False,,,sse_composite_medium_bottom_20241018,2024-10-18,2024-10-15,2024-10-18,single_lobe,1,,,False,False,,,,,,2019-01-02,2026-08-14,True,True,top_bottom_regions_v2,,,,
ma20_episode_ml_l2_logistic::bottom::all_a_ma20_episode_match_walk_forward_v1::capped_confirmation::sse_composite::missed_region::sse_composite_medium_bottom_20241127,ma20_episode_ml_l2_logistic,bottom,all_a_ma20_episode_match_walk_forward_v1,capped_confirmation,sse_composite,上证指数,missed_region,False,,,sse_composite_medium_bottom_20241127,2024-11-27,2024-11-22,2024-11-27,single_lobe,1,,,False,False,,,,,,2019-01-02,2026-08-14,True,True,top_bottom_regions_v2,,,,
ma20_episode_ml_l2_logistic::bottom::all_a_ma20_episode_match_walk_forward_v1::capped_confirmation::sse_composite::missed_region::sse_composite_medium_bottom_20250113,ma20_episode_ml_l2_logistic,bottom,all_a_ma20_episode_match_walk_forward_v1,capped_confirmation,sse_composite,上证指数,missed_region,False,,,sse_composite_medium_bottom_20250113,2025-01-13,2025-01-06,2025-01-14,multi_lobe,2,,,False,False,,,,,,2019-01-02,2026-08-14,True,True,top_bottom_regions_v2,,,,
ma20_episode_ml_l2_logistic::bottom::all_a_ma20_episode_match_walk_forward_v1::capped_confirmation::sse_composite::matched::ma20_episode_ml_l2_logistic::bottom::all_a_ma20_episode_match_walk_forward_v1::000017,ma20_episode_ml_l2_logistic,bottom,all_a_ma20_episode_match_walk_forward_v1,capped_confirmation,sse_composite,上证指数,matched,True,ma20_episode_ml_l2_logistic::bottom::all_a_ma20_episode_match_walk_forward_v1::000017,2025-04-15,sse_composite_medium_bottom_20250407,2025-04-07,2025-04-07,2025-04-09,single_lobe,1,,confirmation_window,False,False,confirmation,6,6,10,ma20_episode_ml_l2_logistic::bottom::all_a_ma20_episode_match_walk_forward_v1::000017,2019-01-02,2026-08-14,True,True,top_bottom_regions_v2,sse_composite_medium_bottom_20250407,confirmation,single_lobe,primary_match
ma20_episode_ml_l2_logistic::bottom::all_a_ma20_episode_match_walk_forward_v1::capped_confirmation::sse_composite::matched::ma20_episode_ml_l2_logistic::bottom::all_a_ma20_episode_match_walk_forward_v1::000018,ma20_episode_ml_l2_logistic,bottom,all_a_ma20_episode_match_walk_forward_v1,capped_confirmation,sse_composite,上证指数,matched,True,ma20_episode_ml_l2_logistic::bottom::all_a_ma20_episode_match_walk_forward_v1::000018,2026-03-30,sse_composite_medium_bottom_20260323,2026-03-23,2026-03-23,2026-03-27,multi_lobe,2,,confirmation_window,False,False,confirmation,5,5,5,ma20_episode_ml_l2_logistic::bottom::all_a_ma20_episode_match_walk_forward_v1::000018,2019-01-02,2026-08-14,True,True,top_bottom_regions_v2,sse_composite_medium_bottom_20260323,confirmation,multi_lobe,primary_match
ma20_episode_ml_l2_logistic::bottom::all_a_ma20_episode_match_walk_forward_v1::capped_confirmation::sse_composite::false_alarm::ma20_episode_ml_l2_logistic::bottom::all_a_ma20_episode_match_walk_forward_v1::000019,ma20_episode_ml_l2_logistic,bottom,all_a_ma20_episode_match_walk_forward_v1,capped_confirmation,sse_composite,上证指数,false_alarm,False,ma20_episode_ml_l2_logistic::bottom::all_a_ma20_episode_match_walk_forward_v1::000019,2026-06-16,,,,,,,,,False,False,,,,,,2019-01-02,2026-08-14,,,,sse_composite_medium_bottom_20260323,confirmation,multi_lobe,nearest_region_for_slice_only
ma20_episode_ml_l2_logistic::bottom::all_a_ma20_episode_match_walk_forward_v1::capped_confirmation::sse_composite::false_alarm::ma20_episode_ml_l2_logistic::bottom::all_a_ma20_episode_match_walk_forward_v1::000020,ma20_episode_ml_l2_logistic,bottom,all_a_ma20_episode_match_walk_forward_v1,capped_confirmation,sse_composite,上证指数,false_alarm,False,ma20_episode_ml_l2_logistic::bottom::all_a_ma20_episode_match_walk_forward_v1::000020,2026-07-21,,,,,,,,,False,False,,,,,,2019-01-02,2026-08-14,,,,sse_composite_medium_bottom_20260323,confirmation,multi_lobe,nearest_region_for_slice_only
ma20_episode_ml_l2_logistic::top::all_a_ma20_episode_match_walk_forward_v1::capped_confirmation::all_a::missed_region::all_a_medium_top_20190408,ma20_episode_ml_l2_logistic,top,all_a_ma20_episode_match_walk_forward_v1,capped_confirmation,all_a,全A,missed_region,False,,,all_a_medium_top_20190408,2019-04-08,2019-04-03,2019-04-23,multi_lobe,2,,,False,False,,,,,,2019-01-02,2026-08-14,True,True,top_bottom_regions_v2,,,,
ma20_episode_ml_l2_logistic::top::all_a_ma20_episode_match_walk_forward_v1::capped_confirmation::all_a::missed_region::all_a_medium_top_20190702,ma20_episode_ml_l2_logistic,top,all_a_ma20_episode_match_walk_forward_v1,capped_confirmation,all_a,全A,missed_region,False,,,all_a_medium_top_20190702,2019-07-02,2019-06-21,2019-07-08,multi_lobe,3,,,False,False,,,,,,2019-01-02,2026-08-14,True,True,top_bottom_regions_v2,,,,
ma20_episode_ml_l2_logistic::top::all_a_ma20_episode_match_walk_forward_v1::capped_confirmation::all_a::matched::ma20_episode_ml_l2_logistic::top::all_a_ma20_episode_match_walk_forward_v1::000001,ma20_episode_ml_l2_logistic,top,all_a_ma20_episode_match_walk_forward_v1,capped_confirmation,all_a,全A,matched,True,ma20_episode_ml_l2_logistic::top::all_a_ma20_episode_match_walk_forward_v1::000001,2020-01-16,all_a_medium_top_20200114,2020-01-14,2020-01-06,2020-01-20,single_lobe,1,all_a_medium_top_20200114_lobe_01,core_lobe,True,True,confirmation,2,2,5,ma20_episode_ml_l2_logistic::top::all_a_ma20_episode_match_walk_forward_v1::000001,2019-01-02,2026-08-14,True,True,top_bottom_regions_v2,all_a_medium_top_20200114,confirmation,single_lobe,primary_match
ma20_episode_ml_l2_logistic::top::all_a_ma20_episode_match_walk_forward_v1::capped_confirmation::all_a::missed_region::all_a_medium_top_20200305,ma20_episode_ml_l2_logistic,top,all_a_ma20_episode_match_walk_forward_v1,capped_confirmation,all_a,全A,missed_region,False,,,all_a_medium_top_20200305,2020-03-05,2020-02-21,2020-03-06,multi_lobe,3,,,False,False,,,,,,2019-01-02,2026-08-14,True,True,top_bottom_regions_v2,,,,
ma20_episode_ml_l2_logistic::top::all_a_ma20_episode_match_walk_forward_v1::capped_confirmation::all_a::missed_region::all_a_medium_top_20210218,ma20_episode_ml_l2_logistic,top,all_a_ma20_episode_match_walk_forward_v1,capped_confirmation,all_a,全A,missed_region,False,,,all_a_medium_top_20210218,2021-02-18,2021-02-10,2021-02-22,single_lobe,1,,,False,False,,,,,,2019-01-02,2026-08-14,True,True,top_bottom_regions_v2,,,,
ma20_episode_ml_l2_logistic::top::all_a_ma20_episode_match_walk_forward_v1::capped_confirmation::all_a::missed_region::all_a_medium_top_20211213,ma20_episode_ml_l2_logistic,top,all_a_ma20_episode_match_walk_forward_v1,capped_confirmation,all_a,全A,missed_region,False,,,all_a_medium_top_20211213,2021-12-13,2021-12-06,2022-01-04,multi_lobe,4,,,False,False,,,,,,2019-01-02,2026-08-14,True,True,top_bottom_regions_v2,,,,
ma20_episode_ml_l2_logistic::top::all_a_ma20_episode_match_walk_forward_v1::capped_confirmation::all_a::missed_region::all_a_medium_top_20220705,ma20_episode_ml_l2_logistic,top,all_a_ma20_episode_match_walk_forward_v1,capped_confirmation,all_a,全A,missed_region,False,,,all_a_medium_top_20220705,2022-07-05,2022-06-27,2022-07-08,single_lobe,1,,,False,False,,,,,,2019-01-02,2026-08-14,True,True,top_bottom_regions_v2,,,,
ma20_episode_ml_l2_logistic::top::all_a_ma20_episode_match_walk_forward_v1::capped_confirmation::all_a::missed_region::all_a_medium_top_20230216,ma20_episode_ml_l2_logistic,top,all_a_ma20_episode_match_walk_forward_v1,capped_confirmation,all_a,全A,missed_region,False,,,all_a_medium_top_20230216,2023-02-16,2023-01-30,2023-03-07,multi_lobe,2,,,False,False,,,,,,2019-01-02,2026-08-14,True,True,top_bottom_regions_v2,,,,
ma20_episode_ml_l2_logistic::top::all_a_ma20_episode_match_walk_forward_v1::capped_confirmation::all_a::missed_region::all_a_medium_top_20240520,ma20_episode_ml_l2_logistic,top,all_a_ma20_episode_match_walk_forward_v1,capped_confirmation,all_a,全A,missed_region,False,,,all_a_medium_top_20240520,2024-05-20,2024-04-29,2024-05-24,single_lobe,1,,,False,False,,,,,,2019-01-02,2026-08-14,True,True,top_bottom_regions_v2,,,,
ma20_episode_ml_l2_logistic::top::all_a_ma20_episode_match_walk_forward_v1::capped_confirmation::all_a::missed_region::all_a_medium_top_20241008,ma20_episode_ml_l2_logistic,top,all_a_ma20_episode_match_walk_forward_v1,capped_confirmation,all_a,全A,missed_region,False,,,all_a_medium_top_20241008,2024-10-08,2024-10-08,2024-10-08,single_lobe,1,,,False,False,,,,,,2019-01-02,2026-08-14,True,True,top_bottom_regions_v2,,,,
ma20_episode_ml_l2_logistic::top::all_a_ma20_episode_match_walk_forward_v1::capped_confirmation::all_a::matched::ma20_episode_ml_l2_logistic::top::all_a_ma20_episode_match_walk_forward_v1::000002,ma20_episode_ml_l2_logistic,top,all_a_ma20_episode_match_walk_forward_v1,capped_confirmation,all_a,全A,matched,True,ma20_episode_ml_l2_logistic::top::all_a_ma20_episode_match_walk_forward_v1::000002,2024-11-15,all_a_medium_top_20241112,2024-11-12,2024-11-07,2024-11-14,single_lobe,1,,confirmation_window,False,False,confirmation,3,3,5,ma20_episode_ml_l2_logistic::top::all_a_ma20_episode_match_walk_forward_v1::000002,2019-01-02,2026-08-14,True,True,top_bottom_regions_v2,all_a_medium_top_20241112,confirmation,single_lobe,primary_match
ma20_episode_ml_l2_logistic::top::all_a_ma20_episode_match_walk_forward_v1::capped_confirmation::all_a::missed_region::all_a_medium_top_20250318,ma20_episode_ml_l2_logistic,top,all_a_ma20_episode_match_walk_forward_v1,capped_confirmation,all_a,全A,missed_region,False,,,all_a_medium_top_20250318,2025-03-18,2025-02-21,2025-03-21,multi_lobe,2,,,False,False,,,,,,2019-01-02,2026-08-14,True,True,top_bottom_regions_v2,,,,
ma20_episode_ml_l2_logistic::top::all_a_ma20_episode_match_walk_forward_v1::capped_confirmation::all_a::missed_region::all_a_medium_top_20260227,ma20_episode_ml_l2_logistic,top,all_a_ma20_episode_match_walk_forward_v1,capped_confirmation,all_a,全A,missed_region,False,,,all_a_medium_top_20260227,2026-02-27,2026-01-22,2026-03-11,multi_lobe,3,,,False,False,,,,,,2019-01-02,2026-08-14,True,True,top_bottom_regions_v2,,,,
ma20_episode_ml_l2_logistic::top::all_a_ma20_episode_match_walk_forward_v1::capped_confirmation::all_a::missed_region::all_a_medium_top_20260514,ma20_episode_ml_l2_logistic,top,all_a_ma20_episode_match_walk_forward_v1,capped_confirmation,all_a,全A,missed_region,False,,,all_a_medium_top_20260514,2026-05-14,2026-05-11,2026-05-21,multi_lobe,2,,,False,False,,,,,,2019-01-02,2026-08-14,True,True,top_bottom_regions_v2,,,,
ma20_episode_ml_l2_logistic::top::all_a_ma20_episode_match_walk_forward_v1::capped_confirmation::cni2000::missed_region::cni2000_medium_top_20190417,ma20_episode_ml_l2_logistic,top,all_a_ma20_episode_match_walk_forward_v1,capped_confirmation,cni2000,国证2000,missed_region,False,,,cni2000_medium_top_20190417,2019-04-17,2019-04-02,2019-04-23,multi_lobe,2,,,False,False,,,,,,2019-01-02,2026-08-14,True,True,top_bottom_regions_v2,,,,
ma20_episode_ml_l2_logistic::top::all_a_ma20_episode_match_walk_forward_v1::capped_confirmation::cni2000::matched::ma20_episode_ml_l2_logistic::top::all_a_ma20_episode_match_walk_forward_v1::000001,ma20_episode_ml_l2_logistic,top,all_a_ma20_episode_match_walk_forward_v1,capped_confirmation,cni2000,国证2000,matched,True,ma20_episode_ml_l2_logistic::top::all_a_ma20_episode_match_walk_forward_v1::000001,2020-01-16,cni2000_medium_top_20200114,2020-01-14,2020-01-07,2020-01-20,single_lobe,1,cni2000_medium_top_20200114_lobe_01,core_lobe,True,True,confirmation,2,2,5,ma20_episode_ml_l2_logistic::top::all_a_ma20_episode_match_walk_forward_v1::000001,2019-01-02,2026-08-14,True,True,top_bottom_regions_v2,cni2000_medium_top_20200114,confirmation,single_lobe,primary_match
ma20_episode_ml_l2_logistic::top::all_a_ma20_episode_match_walk_forward_v1::capped_confirmation::cni2000::missed_region::cni2000_medium_top_20200306,ma20_episode_ml_l2_logistic,top,all_a_ma20_episode_match_walk_forward_v1,capped_confirmation,cni2000,国证2000,missed_region,False,,,cni2000_medium_top_20200306,2020-03-06,2020-02-24,2020-03-11,multi_lobe,4,,,False,False,,,,,,2019-01-02,2026-08-14,True,True,top_bottom_regions_v2,,,,
ma20_episode_ml_l2_logistic::top::all_a_ma20_episode_match_walk_forward_v1::capped_confirmation::cni2000::missed_region::cni2000_medium_top_20200818,ma20_episode_ml_l2_logistic,top,all_a_ma20_episode_match_walk_forward_v1,capped_confirmation,cni2000,国证2000,missed_region,False,,,cni2000_medium_top_20200818,2020-08-18,2020-08-03,2020-09-07,multi_lobe,3,,,False,False,,,,,,2019-01-02,2026-08-14,True,True,top_bottom_regions_v2,,,,
ma20_episode_ml_l2_logistic::top::all_a_ma20_episode_match_walk_forward_v1::capped_confirmation::cni2000::missed_region::cni2000_medium_top_20220104,ma20_episode_ml_l2_logistic,top,all_a_ma20_episode_match_walk_forward_v1,capped_confirmation,cni2000,国证2000,missed_region,False,,,cni2000_medium_top_20220104,2022-01-04,2021-12-15,2022-01-19,multi_lobe,5,,,False,False,,,,,,2019-01-02,2026-08-14,True,True,top_bottom_regions_v2,,,,
ma20_episode_ml_l2_logistic::top::all_a_ma20_episode_match_walk_forward_v1::capped_confirmation::cni2000::missed_region::cni2000_medium_top_20220819,ma20_episode_ml_l2_logistic,top,all_a_ma20_episode_match_walk_forward_v1,capped_confirmation,cni2000,国证2000,missed_region,False,,,cni2000_medium_top_20220819,2022-08-19,2022-08-12,2022-08-24,single_lobe,1,,,False,False,,,,,,2019-01-02,2026-08-14,True,True,top_bottom_regions_v2,,,,
ma20_episode_ml_l2_logistic::top::all_a_ma20_episode_match_walk_forward_v1::capped_confirmation::cni2000::missed_region::cni2000_medium_top_20230216,ma20_episode_ml_l2_logistic,top,all_a_ma20_episode_match_walk_forward_v1,capped_confirmation,cni2000,国证2000,missed_region,False,,,cni2000_medium_top_20230216,2023-02-16,2023-02-09,2023-03-07,multi_lobe,3,,,False,False,,,,,,2019-01-02,2026-08-14,True,True,top_bottom_regions_v2,,,,
ma20_episode_ml_l2_logistic::top::all_a_ma20_episode_match_walk_forward_v1::capped_confirmation::cni2000::missed_region::cni2000_medium_top_20231121,ma20_episode_ml_l2_logistic,top,all_a_ma20_episode_match_walk_forward_v1,capped_confirmation,cni2000,国证2000,missed_region,False,,,cni2000_medium_top_20231121,2023-11-21,2023-11-14,2023-12-04,multi_lobe,2,,,False,False,,,,,,2019-01-02,2026-08-14,True,True,top_bottom_regions_v2,,,,
ma20_episode_ml_l2_logistic::top::all_a_ma20_episode_match_walk_forward_v1::capped_confirmation::cni2000::missed_region::cni2000_medium_top_20240321,ma20_episode_ml_l2_logistic,top,all_a_ma20_episode_match_walk_forward_v1,capped_confirmation,cni2000,国证2000,missed_region,False,,,cni2000_medium_top_20240321,2024-03-21,2024-03-18,2024-03-25,single_lobe,1,,,False,False,,,,,,2019-01-02,2026-08-14,True,True,top_bottom_regions_v2,,,,
ma20_episode_ml_l2_logistic::top::all_a_ma20_episode_match_walk_forward_v1::capped_confirmation::cni2000::missed_region::cni2000_medium_top_20240510,ma20_episode_ml_l2_logistic,top,all_a_ma20_episode_match_walk_forward_v1,capped_confirmation,cni2000,国证2000,missed_region,False,,,cni2000_medium_top_20240510,2024-05-10,2024-04-30,2024-05-22,multi_lobe,2,,,False,False,,,,,,2019-01-02,2026-08-14,True,True,top_bottom_regions_v2,,,,
ma20_episode_ml_l2_logistic::top::all_a_ma20_episode_match_walk_forward_v1::capped_confirmation::cni2000::missed_region::cni2000_medium_top_20241008,ma20_episode_ml_l2_logistic,top,all_a_ma20_episode_match_walk_forward_v1,capped_confirmation,cni2000,国证2000,missed_region,False,,,cni2000_medium_top_20241008,2024-10-08,2024-10-08,2024-10-08,single_lobe,1,,,False,False,,,,,,2019-01-02,2026-08-14,True,True,top_bottom_regions_v2,,,,
ma20_episode_ml_l2_logistic::top::all_a_ma20_episode_match_walk_forward_v1::capped_confirmation::cni2000::matched::ma20_episode_ml_l2_logistic::top::all_a_ma20_episode_match_walk_forward_v1::000002,ma20_episode_ml_l2_logistic,top,all_a_ma20_episode_match_walk_forward_v1,capped_confirmation,cni2000,国证2000,matched,True,ma20_episode_ml_l2_logistic::top::all_a_ma20_episode_match_walk_forward_v1::000002,2024-11-15,cni2000_medium_top_20241212,2024-12-12,2024-12-10,2024-12-16,single_lobe,1,,prediction_window,False,False,prediction,-19,19,20,ma20_episode_ml_l2_logistic::top::all_a_ma20_episode_match_walk_forward_v1::000002,2019-01-02,2026-08-14,True,True,top_bottom_regions_v2,cni2000_medium_top_20241212,prediction,single_lobe,primary_match
ma20_episode_ml_l2_logistic::top::all_a_ma20_episode_match_walk_forward_v1::capped_confirmation::cni2000::missed_region::cni2000_medium_top_20250318,ma20_episode_ml_l2_logistic,top,all_a_ma20_episode_match_walk_forward_v1,capped_confirmation,cni2000,国证2000,missed_region,False,,,cni2000_medium_top_20250318,2025-03-18,2025-02-26,2025-03-21,multi_lobe,2,,,False,False,,,,,,2019-01-02,2026-08-14,True,True,top_bottom_regions_v2,,,,
ma20_episode_ml_l2_logistic::top::all_a_ma20_episode_match_walk_forward_v1::capped_confirmation::cni2000::missed_region::cni2000_medium_top_20260227,ma20_episode_ml_l2_logistic,top,all_a_ma20_episode_match_walk_forward_v1,capped_confirmation,cni2000,国证2000,missed_region,False,,,cni2000_medium_top_20260227,2026-02-27,2026-02-25,2026-03-11,multi_lobe,2,,,False,False,,,,,,2019-01-02,2026-08-14,True,True,top_bottom_regions_v2,,,,
ma20_episode_ml_l2_logistic::top::all_a_ma20_episode_match_walk_forward_v1::capped_confirmation::cni2000::missed_region::cni2000_medium_top_20260514,ma20_episode_ml_l2_logistic,top,all_a_ma20_episode_match_walk_forward_v1,capped_confirmation,cni2000,国证2000,missed_region,False,,,cni2000_medium_top_20260514,2026-05-14,2026-05-11,2026-05-21,multi_lobe,2,,,False,False,,,,,,2019-01-02,2026-08-14,True,True,top_bottom_regions_v2,,,,
ma20_episode_ml_l2_logistic::top::all_a_ma20_episode_match_walk_forward_v1::capped_confirmation::csi1000::missed_region::csi1000_medium_top_20190408,ma20_episode_ml_l2_logistic,top,all_a_ma20_episode_match_walk_forward_v1,capped_confirmation,csi1000,中证1000,missed_region,False,,,csi1000_medium_top_20190408,2019-04-08,2019-04-02,2019-04-22,multi_lobe,3,,,False,False,,,,,,2019-01-02,2026-08-14,True,True,top_bottom_regions_v2,,,,
ma20_episode_ml_l2_logistic::top::all_a_ma20_episode_match_walk_forward_v1::capped_confirmation::csi1000::matched::ma20_episode_ml_l2_logistic::top::all_a_ma20_episode_match_walk_forward_v1::000001,ma20_episode_ml_l2_logistic,top,all_a_ma20_episode_match_walk_forward_v1,capped_confirmation,csi1000,中证1000,matched,True,ma20_episode_ml_l2_logistic::top::all_a_ma20_episode_match_walk_forward_v1::000001,2020-01-16,csi1000_medium_top_20200120,2020-01-20,2020-01-07,2020-01-22,single_lobe,1,csi1000_medium_top_20200120_lobe_01,core_lobe,True,True,prediction,-2,2,5,ma20_episode_ml_l2_logistic::top::all_a_ma20_episode_match_walk_forward_v1::000001,2019-01-02,2026-08-14,True,True,top_bottom_regions_v2,csi1000_medium_top_20200120,prediction,single_lobe,primary_match
ma20_episode_ml_l2_logistic::top::all_a_ma20_episode_match_walk_forward_v1::capped_confirmation::csi1000::missed_region::csi1000_medium_top_20200225,ma20_episode_ml_l2_logistic,top,all_a_ma20_episode_match_walk_forward_v1,capped_confirmation,csi1000,中证1000,missed_region,False,,,csi1000_medium_top_20200225,2020-02-25,2020-02-24,2020-03-06,multi_lobe,3,,,False,False,,,,,,2019-01-02,2026-08-14,True,True,top_bottom_regions_v2,,,,
ma20_episode_ml_l2_logistic::top::all_a_ma20_episode_match_walk_forward_v1::capped_confirmation::csi1000::missed_region::csi1000_medium_top_20200806,ma20_episode_ml_l2_logistic,top,all_a_ma20_episode_match_walk_forward_v1,capped_confirmation,csi1000,中证1000,missed_region,False,,,csi1000_medium_top_20200806,2020-08-06,2020-08-03,2020-08-31,multi_lobe,3,,,False,False,,,,,,2019-01-02,2026-08-14,True,True,top_bottom_regions_v2,,,,
ma20_episode_ml_l2_logistic::top::all_a_ma20_episode_match_walk_forward_v1::capped_confirmation::csi1000::missed_region::csi1000_medium_top_20211130,ma20_episode_ml_l2_logistic,top,all_a_ma20_episode_match_walk_forward_v1,capped_confirmation,csi1000,中证1000,missed_region,False,,,csi1000_medium_top_20211130,2021-11-30,2021-11-22,2021-12-24,multi_lobe,2,,,False,False,,,,,,2019-01-02,2026-08-14,True,True,top_bottom_regions_v2,,,,
ma20_episode_ml_l2_logistic::top::all_a_ma20_episode_match_walk_forward_v1::capped_confirmation::csi1000::missed_region::csi1000_medium_top_20220819,ma20_episode_ml_l2_logistic,top,all_a_ma20_episode_match_walk_forward_v1,capped_confirmation,csi1000,中证1000,missed_region,False,,,csi1000_medium_top_20220819,2022-08-19,2022-08-10,2022-08-24,single_lobe,1,,,False,False,,,,,,2019-01-02,2026-08-14,True,True,top_bottom_regions_v2,,,,
ma20_episode_ml_l2_logistic::top::all_a_ma20_episode_match_walk_forward_v1::capped_confirmation::csi1000::missed_region::csi1000_medium_top_20230216,ma20_episode_ml_l2_logistic,top,all_a_ma20_episode_match_walk_forward_v1,capped_confirmation,csi1000,中证1000,missed_region,False,,,csi1000_medium_top_20230216,2023-02-16,2023-02-02,2023-03-07,multi_lobe,4,,,False,False,,,,,,2019-01-02,2026-08-14,True,True,top_bottom_regions_v2,,,,
ma20_episode_ml_l2_logistic::top::all_a_ma20_episode_match_walk_forward_v1::capped_confirmation::csi1000::missed_region::csi1000_medium_top_20240321,ma20_episode_ml_l2_logistic,top,all_a_ma20_episode_match_walk_forward_v1,capped_confirmation,csi1000,中证1000,missed_region,False,,,csi1000_medium_top_20240321,2024-03-21,2024-03-18,2024-03-25,single_lobe,1,,,False,False,,,,,,2019-01-02,2026-08-14,True,True,top_bottom_regions_v2,,,,
ma20_episode_ml_l2_logistic::top::all_a_ma20_episode_match_walk_forward_v1::capped_confirmation::csi1000::missed_region::csi1000_medium_top_20241008,ma20_episode_ml_l2_logistic,top,all_a_ma20_episode_match_walk_forward_v1,capped_confirmation,csi1000,中证1000,missed_region,False,,,csi1000_medium_top_20241008,2024-10-08,2024-10-08,2024-10-08,single_lobe,1,,,False,False,,,,,,2019-01-02,2026-08-14,True,True,top_bottom_regions_v2,,,,
ma20_episode_ml_l2_logistic::top::all_a_ma20_episode_match_walk_forward_v1::capped_confirmation::csi1000::matched::ma20_episode_ml_l2_logistic::top::all_a_ma20_episode_match_walk_forward_v1::000002,ma20_episode_ml_l2_logistic,top,all_a_ma20_episode_match_walk_forward_v1,capped_confirmation,csi1000,中证1000,matched,True,ma20_episode_ml_l2_logistic::top::all_a_ma20_episode_match_walk_forward_v1::000002,2024-11-15,csi1000_medium_top_20241112,2024-11-12,2024-11-08,2024-11-13,single_lobe,1,,confirmation_window,False,False,confirmation,3,3,5,ma20_episode_ml_l2_logistic::top::all_a_ma20_episode_match_walk_forward_v1::000002,2019-01-02,2026-08-14,True,True,top_bottom_regions_v2,csi1000_medium_top_20241112,confirmation,single_lobe,primary_match
ma20_episode_ml_l2_logistic::top::all_a_ma20_episode_match_walk_forward_v1::capped_confirmation::csi1000::missed_region::csi1000_medium_top_20250318,ma20_episode_ml_l2_logistic,top,all_a_ma20_episode_match_walk_forward_v1,capped_confirmation,csi1000,中证1000,missed_region,False,,,csi1000_medium_top_20250318,2025-03-18,2025-02-26,2025-03-21,multi_lobe,2,,,False,False,,,,,,2019-01-02,2026-08-14,True,True,top_bottom_regions_v2,,,,
ma20_episode_ml_l2_logistic::top::all_a_ma20_episode_match_walk_forward_v1::capped_confirmation::csi1000::missed_region::csi1000_medium_top_20260227,ma20_episode_ml_l2_logistic,top,all_a_ma20_episode_match_walk_forward_v1,capped_confirmation,csi1000,中证1000,missed_region,False,,,csi1000_medium_top_20260227,2026-02-27,2026-02-25,2026-03-11,multi_lobe,2,,,False,False,,,,,,2019-01-02,2026-08-14,True,True,top_bottom_regions_v2,,,,
ma20_episode_ml_l2_logistic::top::all_a_ma20_episode_match_walk_forward_v1::capped_confirmation::csi1000::missed_region::csi1000_medium_top_20260514,ma20_episode_ml_l2_logistic,top,all_a_ma20_episode_match_walk_forward_v1,capped_confirmation,csi1000,中证1000,missed_region,False,,,csi1000_medium_top_20260514,2026-05-14,2026-05-11,2026-05-21,multi_lobe,2,,,False,False,,,,,,2019-01-02,2026-08-14,True,True,top_bottom_regions_v2,,,,
ma20_episode_ml_l2_logistic::top::all_a_ma20_episode_match_walk_forward_v1::capped_confirmation::csi300::missed_region::csi300_medium_top_20190422,ma20_episode_ml_l2_logistic,top,all_a_ma20_episode_match_walk_forward_v1,capped_confirmation,csi300,沪深300,missed_region,False,,,csi300_medium_top_20190422,2019-04-22,2019-04-04,2019-04-23,multi_lobe,2,,,False,False,,,,,,2019-01-02,2026-08-14,True,True,top_bottom_regions_v2,,,,
ma20_episode_ml_l2_logistic::top::all_a_ma20_episode_match_walk_forward_v1::capped_confirmation::csi300::missed_region::csi300_medium_top_20190702,ma20_episode_ml_l2_logistic,top,all_a_ma20_episode_match_walk_forward_v1,capped_confirmation,csi300,沪深300,missed_region,False,,,csi300_medium_top_20190702,2019-07-02,2019-07-01,2019-07-08,single_lobe,1,,,False,False,,,,,,2019-01-02,2026-08-14,True,True,top_bottom_regions_v2,,,,
ma20_episode_ml_l2_logistic::top::all_a_ma20_episode_match_walk_forward_v1::capped_confirmation::csi300::matched::ma20_episode_ml_l2_logistic::top::all_a_ma20_episode_match_walk_forward_v1::000001,ma20_episode_ml_l2_logistic,top,all_a_ma20_episode_match_walk_forward_v1,capped_confirmation,csi300,沪深300,matched,True,ma20_episode_ml_l2_logistic::top::all_a_ma20_episode_match_walk_forward_v1::000001,2020-01-16,csi300_medium_top_20200114,2020-01-14,2020-01-02,2020-01-20,single_lobe,1,csi300_medium_top_20200114_lobe_01,core_lobe,True,True,confirmation,2,2,5,ma20_episode_ml_l2_logistic::top::all_a_ma20_episode_match_walk_forward_v1::000001,2019-01-02,2026-08-14,True,True,top_bottom_regions_v2,csi300_medium_top_20200114,confirmation,single_lobe,primary_match
ma20_episode_ml_l2_logistic::top::all_a_ma20_episode_match_walk_forward_v1::capped_confirmation::csi300::missed_region::csi300_medium_top_20200305,ma20_episode_ml_l2_logistic,top,all_a_ma20_episode_match_walk_forward_v1,capped_confirmation,csi300,沪深300,missed_region,False,,,csi300_medium_top_20200305,2020-03-05,2020-02-20,2020-03-06,multi_lobe,3,,,False,False,,,,,,2019-01-02,2026-08-14,True,True,top_bottom_regions_v2,,,,
ma20_episode_ml_l2_logistic::top::all_a_ma20_episode_match_walk_forward_v1::capped_confirmation::csi300::missed_region::csi300_medium_top_20210218,ma20_episode_ml_l2_logistic,top,all_a_ma20_episode_match_walk_forward_v1,capped_confirmation,csi300,沪深300,missed_region,False,,,csi300_medium_top_20210218,2021-02-18,2021-02-18,2021-02-18,single_lobe,1,,,False,False,,,,,,2019-01-02,2026-08-14,True,True,top_bottom_regions_v2,,,,
ma20_episode_ml_l2_logistic::top::all_a_ma20_episode_match_walk_forward_v1::capped_confirmation::csi300::missed_region::csi300_medium_top_20210527,ma20_episode_ml_l2_logistic,top,all_a_ma20_episode_match_walk_forward_v1,capped_confirmation,csi300,沪深300,missed_region,False,,,csi300_medium_top_20210527,2021-05-27,2021-05-25,2021-06-10,multi_lobe,2,,,False,False,,,,,,2019-01-02,2026-08-14,True,True,top_bottom_regions_v2,,,,
ma20_episode_ml_l2_logistic::top::all_a_ma20_episode_match_walk_forward_v1::capped_confirmation::csi300::missed_region::csi300_medium_top_20211213,ma20_episode_ml_l2_logistic,top,all_a_ma20_episode_match_walk_forward_v1,capped_confirmation,csi300,沪深300,missed_region,False,,,csi300_medium_top_20211213,2021-12-13,2021-12-09,2021-12-15,single_lobe,1,,,False,False,,,,,,2019-01-02,2026-08-14,True,True,top_bottom_regions_v2,,,,
ma20_episode_ml_l2_logistic::top::all_a_ma20_episode_match_walk_forward_v1::capped_confirmation::csi300::missed_region::csi300_medium_top_20220317,ma20_episode_ml_l2_logistic,top,all_a_ma20_episode_match_walk_forward_v1,capped_confirmation,csi300,沪深300,missed_region,False,,,csi300_medium_top_20220317,2022-03-17,2022-03-17,2022-04-07,multi_lobe,2,,,False,False,,,,,,2019-01-02,2026-08-14,True,True,top_bottom_regions_v2,,,,
ma20_episode_ml_l2_logistic::top::all_a_ma20_episode_match_walk_forward_v1::capped_confirmation::csi300::missed_region::csi300_medium_top_20220705,ma20_episode_ml_l2_logistic,top,all_a_ma20_episode_match_walk_forward_v1,capped_confirmation,csi300,沪深300,missed_region,False,,,csi300_medium_top_20220705,2022-07-05,2022-06-27,2022-07-08,single_lobe,1,,,False,False,,,,,,2019-01-02,2026-08-14,True,True,top_bottom_regions_v2,,,,
ma20_episode_ml_l2_logistic::top::all_a_ma20_episode_match_walk_forward_v1::capped_confirmation::csi300::missed_region::csi300_medium_top_20230130,ma20_episode_ml_l2_logistic,top,all_a_ma20_episode_match_walk_forward_v1,capped_confirmation,csi300,沪深300,missed_region,False,,,csi300_medium_top_20230130,2023-01-30,2023-01-30,2023-02-02,single_lobe,1,,,False,False,,,,,,2019-01-02,2026-08-14,True,True,top_bottom_regions_v2,,,,
ma20_episode_ml_l2_logistic::top::all_a_ma20_episode_match_walk_forward_v1::capped_confirmation::csi300::missed_region::csi300_medium_top_20240520,ma20_episode_ml_l2_logistic,top,all_a_ma20_episode_match_walk_forward_v1,capped_confirmation,csi300,沪深300,missed_region,False,,,csi300_medium_top_20240520,2024-05-20,2024-04-29,2024-05-28,multi_lobe,2,,,False,False,,,,,,2019-01-02,2026-08-14,True,True,top_bottom_regions_v2,,,,
ma20_episode_ml_l2_logistic::top::all_a_ma20_episode_match_walk_forward_v1::capped_confirmation::csi300::missed_region::csi300_medium_top_20241008,ma20_episode_ml_l2_logistic,top,all_a_ma20_episode_match_walk_forward_v1,capped_confirmation,csi300,沪深300,missed_region,False,,,csi300_medium_top_20241008,2024-10-08,2024-10-08,2024-10-08,single_lobe,1,,,False,False,,,,,,2019-01-02,2026-08-14,True,True,top_bottom_regions_v2,,,,
ma20_episode_ml_l2_logistic::top::all_a_ma20_episode_match_walk_forward_v1::capped_confirmation::csi300::matched::ma20_episode_ml_l2_logistic::top::all_a_ma20_episode_match_walk_forward_v1::000002,ma20_episode_ml_l2_logistic,top,all_a_ma20_episode_match_walk_forward_v1,capped_confirmation,csi300,沪深300,matched,True,ma20_episode_ml_l2_logistic::top::all_a_ma20_episode_match_walk_forward_v1::000002,2024-11-15,csi300_medium_top_20241108,2024-11-08,2024-11-07,2024-11-12,single_lobe,1,,confirmation_window,False,False,confirmation,5,5,5,ma20_episode_ml_l2_logistic::top::all_a_ma20_episode_match_walk_forward_v1::000002,2019-01-02,2026-08-14,True,True,top_bottom_regions_v2,csi300_medium_top_20241108,confirmation,single_lobe,primary_match
ma20_episode_ml_l2_logistic::top::all_a_ma20_episode_match_walk_forward_v1::capped_confirmation::csi300::missed_region::csi300_medium_top_20260113,ma20_episode_ml_l2_logistic,top,all_a_ma20_episode_match_walk_forward_v1,capped_confirmation,csi300,沪深300,missed_region,False,,,csi300_medium_top_20260113,2026-01-13,2026-01-06,2026-01-29,multi_lobe,4,,,False,False,,,,,,2019-01-02,2026-08-14,True,True,top_bottom_regions_v2,,,,
ma20_episode_ml_l2_logistic::top::all_a_ma20_episode_match_walk_forward_v1::capped_confirmation::csi300::missed_region::csi300_medium_top_20260623,ma20_episode_ml_l2_logistic,top,all_a_ma20_episode_match_walk_forward_v1,capped_confirmation,csi300,沪深300,missed_region,False,,,csi300_medium_top_20260623,2026-06-23,2026-05-27,2026-07-01,multi_lobe,5,,,False,False,,,,,,2019-01-02,2026-08-14,True,True,top_bottom_regions_v2,,,,
ma20_episode_ml_l2_logistic::top::all_a_ma20_episode_match_walk_forward_v1::capped_confirmation::csi500::missed_region::csi500_medium_top_20190408,ma20_episode_ml_l2_logistic,top,all_a_ma20_episode_match_walk_forward_v1,capped_confirmation,csi500,中证500,missed_region,False,,,csi500_medium_top_20190408,2019-04-08,2019-04-02,2019-04-22,multi_lobe,3,,,False,False,,,,,,2019-01-02,2026-08-14,True,True,top_bottom_regions_v2,,,,
ma20_episode_ml_l2_logistic::top::all_a_ma20_episode_match_walk_forward_v1::capped_confirmation::csi500::matched::ma20_episode_ml_l2_logistic::top::all_a_ma20_episode_match_walk_forward_v1::000001,ma20_episode_ml_l2_logistic,top,all_a_ma20_episode_match_walk_forward_v1,capped_confirmation,csi500,中证500,matched,True,ma20_episode_ml_l2_logistic::top::all_a_ma20_episode_match_walk_forward_v1::000001,2020-01-16,csi500_medium_top_20200122,2020-01-22,2020-01-07,2020-01-23,single_lobe,1,csi500_medium_top_20200122_lobe_01,core_lobe,True,True,prediction,-4,4,5,ma20_episode_ml_l2_logistic::top::all_a_ma20_episode_match_walk_forward_v1::000001,2019-01-02,2026-08-14,True,True,top_bottom_regions_v2,csi500_medium_top_20200122,prediction,single_lobe,primary_match
ma20_episode_ml_l2_logistic::top::all_a_ma20_episode_match_walk_forward_v1::capped_confirmation::csi500::missed_region::csi500_medium_top_20200225,ma20_episode_ml_l2_logistic,top,all_a_ma20_episode_match_walk_forward_v1,capped_confirmation,csi500,中证500,missed_region,False,,,csi500_medium_top_20200225,2020-02-25,2020-02-21,2020-03-06,multi_lobe,3,,,False,False,,,,,,2019-01-02,2026-08-14,True,True,top_bottom_regions_v2,,,,
ma20_episode_ml_l2_logistic::top::all_a_ma20_episode_match_walk_forward_v1::capped_confirmation::csi500::missed_region::csi500_medium_top_20200713,ma20_episode_ml_l2_logistic,top,all_a_ma20_episode_match_walk_forward_v1,capped_confirmation,csi500,中证500,missed_region,False,,,csi500_medium_top_20200713,2020-07-13,2020-07-10,2020-07-15,single_lobe,1,,,False,False,,,,,,2019-01-02,2026-08-14,True,True,top_bottom_regions_v2,,,,
ma20_episode_ml_l2_logistic::top::all_a_ma20_episode_match_walk_forward_v1::capped_confirmation::csi500::missed_region::csi500_medium_top_20210222,ma20_episode_ml_l2_logistic,top,all_a_ma20_episode_match_walk_forward_v1,capped_confirmation,csi500,中证500,missed_region,False,,,csi500_medium_top_20210222,2021-02-22,2021-02-18,2021-02-23,single_lobe,1,,,False,False,,,,,,2019-01-02,2026-08-14,True,True,top_bottom_regions_v2,,,,
ma20_episode_ml_l2_logistic::top::all_a_ma20_episode_match_walk_forward_v1::capped_confirmation::csi500::missed_region::csi500_medium_top_20210914,ma20_episode_ml_l2_logistic,top,all_a_ma20_episode_match_walk_forward_v1,capped_confirmation,csi500,中证500,missed_region,False,,,csi500_medium_top_20210914,2021-09-14,2021-09-08,2021-09-23,multi_lobe,2,,,False,False,,,,,,2019-01-02,2026-08-14,True,True,top_bottom_regions_v2,,,,
ma20_episode_ml_l2_logistic::top::all_a_ma20_episode_match_walk_forward_v1::capped_confirmation::csi500::missed_region::csi500_medium_top_20220705,ma20_episode_ml_l2_logistic,top,all_a_ma20_episode_match_walk_forward_v1,capped_confirmation,csi500,中证500,missed_region,False,,,csi500_medium_top_20220705,2022-07-05,2022-06-27,2022-07-08,single_lobe,1,,,False,False,,,,,,2019-01-02,2026-08-14,True,True,top_bottom_regions_v2,,,,
ma20_episode_ml_l2_logistic::top::all_a_ma20_episode_match_walk_forward_v1::capped_confirmation::csi500::missed_region::csi500_medium_top_20230410,ma20_episode_ml_l2_logistic,top,all_a_ma20_episode_match_walk_forward_v1,capped_confirmation,csi500,中证500,missed_region,False,,,csi500_medium_top_20230410,2023-04-10,2023-04-03,2023-04-21,single_lobe,1,,,False,False,,,,,,2019-01-02,2026-08-14,True,True,top_bottom_regions_v2,,,,
ma20_episode_ml_l2_logistic::top::all_a_ma20_episode_match_walk_forward_v1::capped_confirmation::csi500::missed_region::csi500_medium_top_20240510,ma20_episode_ml_l2_logistic,top,all_a_ma20_episode_match_walk_forward_v1,capped_confirmation,csi500,中证500,missed_region,False,,,csi500_medium_top_20240510,2024-05-10,2024-04-29,2024-05-22,single_lobe,1,,,False,False,,,,,,2019-01-02,2026-08-14,True,True,top_bottom_regions_v2,,,,
ma20_episode_ml_l2_logistic::top::all_a_ma20_episode_match_walk_forward_v1::capped_confirmation::csi500::missed_region::csi500_medium_top_20241008,ma20_episode_ml_l2_logistic,top,all_a_ma20_episode_match_walk_forward_v1,capped_confirmation,csi500,中证500,missed_region,False,,,csi500_medium_top_20241008,2024-10-08,2024-10-08,2024-10-08,single_lobe,1,,,False,False,,,,,,2019-01-02,2026-08-14,True,True,top_bottom_regions_v2,,,,
ma20_episode_ml_l2_logistic::top::all_a_ma20_episode_match_walk_forward_v1::capped_confirmation::csi500::matched::ma20_episode_ml_l2_logistic::top::all_a_ma20_episode_match_walk_forward_v1::000002,ma20_episode_ml_l2_logistic,top,all_a_ma20_episode_match_walk_forward_v1,capped_confirmation,csi500,中证500,matched,True,ma20_episode_ml_l2_logistic::top::all_a_ma20_episode_match_walk_forward_v1::000002,2024-11-15,csi500_medium_top_20241112,2024-11-12,2024-11-08,2024-11-13,single_lobe,1,,confirmation_window,False,False,confirmation,3,3,5,ma20_episode_ml_l2_logistic::top::all_a_ma20_episode_match_walk_forward_v1::000002,2019-01-02,2026-08-14,True,True,top_bottom_regions_v2,csi500_medium_top_20241112,confirmation,single_lobe,primary_match
ma20_episode_ml_l2_logistic::top::all_a_ma20_episode_match_walk_forward_v1::capped_confirmation::csi500::missed_region::csi500_medium_top_20250318,ma20_episode_ml_l2_logistic,top,all_a_ma20_episode_match_walk_forward_v1,capped_confirmation,csi500,中证500,missed_region,False,,,csi500_medium_top_20250318,2025-03-18,2025-02-21,2025-03-21,multi_lobe,2,,,False,False,,,,,,2019-01-02,2026-08-14,True,True,top_bottom_regions_v2,,,,
ma20_episode_ml_l2_logistic::top::all_a_ma20_episode_match_walk_forward_v1::capped_confirmation::csi500::missed_region::csi500_medium_top_20260302,ma20_episode_ml_l2_logistic,top,all_a_ma20_episode_match_walk_forward_v1,capped_confirmation,csi500,中证500,missed_region,False,,,csi500_medium_top_20260302,2026-03-02,2026-02-25,2026-03-03,single_lobe,1,,,False,False,,,,,,2019-01-02,2026-08-14,True,True,top_bottom_regions_v2,,,,
ma20_episode_ml_l2_logistic::top::all_a_ma20_episode_match_walk_forward_v1::capped_confirmation::csi500::missed_region::csi500_medium_top_20260514,ma20_episode_ml_l2_logistic,top,all_a_ma20_episode_match_walk_forward_v1,capped_confirmation,csi500,中证500,missed_region,False,,,csi500_medium_top_20260514,2026-05-14,2026-05-11,2026-05-21,multi_lobe,2,,,False,False,,,,,,2019-01-02,2026-08-14,True,True,top_bottom_regions_v2,,,,
ma20_episode_ml_l2_logistic::top::all_a_ma20_episode_match_walk_forward_v1::capped_confirmation::csi500::missed_region::csi500_medium_top_20260701,ma20_episode_ml_l2_logistic,top,all_a_ma20_episode_match_walk_forward_v1,capped_confirmation,csi500,中证500,missed_region,False,,,csi500_medium_top_20260701,2026-07-01,2026-06-30,2026-07-01,single_lobe,1,,,False,False,,,,,,2019-01-02,2026-08-14,True,True,top_bottom_regions_v2,,,,
ma20_episode_ml_l2_logistic::top::all_a_ma20_episode_match_walk_forward_v1::capped_confirmation::microcap::missed_region::microcap_medium_top_20190422,ma20_episode_ml_l2_logistic,top,all_a_ma20_episode_match_walk_forward_v1,capped_confirmation,microcap,微盘股,missed_region,False,,,microcap_medium_top_20190422,2019-04-22,2019-04-09,2019-04-25,multi_lobe,2,,,False,False,,,,,,2019-01-02,2026-08-14,True,True,top_bottom_regions_v2,,,,
ma20_episode_ml_l2_logistic::top::all_a_ma20_episode_match_walk_forward_v1::capped_confirmation::microcap::matched::ma20_episode_ml_l2_logistic::top::all_a_ma20_episode_match_walk_forward_v1::000001,ma20_episode_ml_l2_logistic,top,all_a_ma20_episode_match_walk_forward_v1,capped_confirmation,microcap,微盘股,matched,True,ma20_episode_ml_l2_logistic::top::all_a_ma20_episode_match_walk_forward_v1::000001,2020-01-16,microcap_medium_top_20200114,2020-01-14,2020-01-06,2020-01-17,single_lobe,1,microcap_medium_top_20200114_lobe_01,core_lobe,True,True,confirmation,2,2,5,ma20_episode_ml_l2_logistic::top::all_a_ma20_episode_match_walk_forward_v1::000001,2019-01-02,2026-08-14,True,True,top_bottom_regions_v2,microcap_medium_top_20200114,confirmation,single_lobe,primary_match
ma20_episode_ml_l2_logistic::top::all_a_ma20_episode_match_walk_forward_v1::capped_confirmation::microcap::missed_region::microcap_medium_top_20200909,ma20_episode_ml_l2_logistic,top,all_a_ma20_episode_match_walk_forward_v1,capped_confirmation,microcap,微盘股,missed_region,False,,,microcap_medium_top_20200909,2020-09-09,2020-09-04,2020-09-10,single_lobe,1,,,False,False,,,,,,2019-01-02,2026-08-14,True,True,top_bottom_regions_v2,,,,
ma20_episode_ml_l2_logistic::top::all_a_ma20_episode_match_walk_forward_v1::capped_confirmation::microcap::missed_region::microcap_medium_top_20220406,ma20_episode_ml_l2_logistic,top,all_a_ma20_episode_match_walk_forward_v1,capped_confirmation,microcap,微盘股,missed_region,False,,,microcap_medium_top_20220406,2022-04-06,2022-03-07,2022-04-07,multi_lobe,3,,,False,False,,,,,,2019-01-02,2026-08-14,True,True,top_bottom_regions_v2,,,,
ma20_episode_ml_l2_logistic::top::all_a_ma20_episode_match_walk_forward_v1::capped_confirmation::microcap::missed_region::microcap_medium_top_20220819,ma20_episode_ml_l2_logistic,top,all_a_ma20_episode_match_walk_forward_v1,capped_confirmation,microcap,微盘股,missed_region,False,,,microcap_medium_top_20220819,2022-08-19,2022-08-12,2022-09-08,multi_lobe,3,,,False,False,,,,,,2019-01-02,2026-08-14,True,True,top_bottom_regions_v2,,,,
ma20_episode_ml_l2_logistic::top::all_a_ma20_episode_match_walk_forward_v1::capped_confirmation::microcap::missed_region::microcap_medium_top_20230302,ma20_episode_ml_l2_logistic,top,all_a_ma20_episode_match_walk_forward_v1,capped_confirmation,microcap,微盘股,missed_region,False,,,microcap_medium_top_20230302,2023-03-02,2023-02-13,2023-03-28,multi_lobe,4,,,False,False,,,,,,2019-01-02,2026-08-14,True,True,top_bottom_regions_v2,,,,
ma20_episode_ml_l2_logistic::top::all_a_ma20_episode_match_walk_forward_v1::capped_confirmation::microcap::missed_region::microcap_medium_top_20240105,ma20_episode_ml_l2_logistic,top,all_a_ma20_episode_match_walk_forward_v1,capped_confirmation,microcap,微盘股,missed_region,False,,,microcap_medium_top_20240105,2024-01-05,2024-01-02,2024-01-12,single_lobe,1,,,False,False,,,,,,2019-01-02,2026-08-14,True,True,top_bottom_regions_v2,,,,
ma20_episode_ml_l2_logistic::top::all_a_ma20_episode_match_walk_forward_v1::capped_confirmation::microcap::missed_region::microcap_medium_top_20240228,ma20_episode_ml_l2_logistic,top,all_a_ma20_episode_match_walk_forward_v1,capped_confirmation,microcap,微盘股,missed_region,False,,,microcap_medium_top_20240228,2024-02-28,2024-02-28,2024-02-28,single_lobe,1,,,False,False,,,,,,2019-01-02,2026-08-14,True,True,top_bottom_regions_v2,,,,
ma20_episode_ml_l2_logistic::top::all_a_ma20_episode_match_walk_forward_v1::capped_confirmation::microcap::missed_region::microcap_medium_top_20240402,ma20_episode_ml_l2_logistic,top,all_a_ma20_episode_match_walk_forward_v1,capped_confirmation,microcap,微盘股,missed_region,False,,,microcap_medium_top_20240402,2024-04-02,2024-03-21,2024-04-08,multi_lobe,2,,,False,False,,,,,,2019-01-02,2026-08-14,True,True,top_bottom_regions_v2,,,,
ma20_episode_ml_l2_logistic::top::all_a_ma20_episode_match_walk_forward_v1::capped_confirmation::microcap::missed_region::microcap_medium_top_20240520,ma20_episode_ml_l2_logistic,top,all_a_ma20_episode_match_walk_forward_v1,capped_confirmation,microcap,微盘股,missed_region,False,,,microcap_medium_top_20240520,2024-05-20,2024-05-07,2024-05-23,multi_lobe,2,,,False,False,,,,,,2019-01-02,2026-08-14,True,True,top_bottom_regions_v2,,,,
ma20_episode_ml_l2_logistic::top::all_a_ma20_episode_match_walk_forward_v1::capped_confirmation::microcap::missed_region::microcap_medium_top_20241008,ma20_episode_ml_l2_logistic,top,all_a_ma20_episode_match_walk_forward_v1,capped_confirmation,microcap,微盘股,missed_region,False,,,microcap_medium_top_20241008,2024-10-08,2024-10-08,2024-10-08,single_lobe,1,,,False,False,,,,,,2019-01-02,2026-08-14,True,True,top_bottom_regions_v2,,,,
ma20_episode_ml_l2_logistic::top::all_a_ma20_episode_match_walk_forward_v1::capped_confirmation::microcap::matched::ma20_episode_ml_l2_logistic::top::all_a_ma20_episode_match_walk_forward_v1::000002,ma20_episode_ml_l2_logistic,top,all_a_ma20_episode_match_walk_forward_v1,capped_confirmation,microcap,微盘股,matched,True,ma20_episode_ml_l2_logistic::top::all_a_ma20_episode_match_walk_forward_v1::000002,2024-11-15,microcap_medium_top_20241212,2024-12-12,2024-12-10,2024-12-17,multi_lobe,2,,prediction_window,False,False,prediction,-19,19,20,ma20_episode_ml_l2_logistic::top::all_a_ma20_episode_match_walk_forward_v1::000002,2019-01-02,2026-08-14,True,True,top_bottom_regions_v2,microcap_medium_top_20241212,prediction,multi_lobe,primary_match
ma20_episode_ml_l2_logistic::top::all_a_ma20_episode_match_walk_forward_v1::capped_confirmation::microcap::missed_region::microcap_medium_top_20250320,ma20_episode_ml_l2_logistic,top,all_a_ma20_episode_match_walk_forward_v1,capped_confirmation,microcap,微盘股,missed_region,False,,,microcap_medium_top_20250320,2025-03-20,2025-03-17,2025-03-24,single_lobe,1,,,False,False,,,,,,2019-01-02,2026-08-14,True,True,top_bottom_regions_v2,,,,
ma20_episode_ml_l2_logistic::top::all_a_ma20_episode_match_walk_forward_v1::capped_confirmation::microcap::missed_region::microcap_medium_top_20260225,ma20_episode_ml_l2_logistic,top,all_a_ma20_episode_match_walk_forward_v1,capped_confirmation,microcap,微盘股,missed_region,False,,,microcap_medium_top_20260225,2026-02-25,2026-02-10,2026-03-10,multi_lobe,3,,,False,False,,,,,,2019-01-02,2026-08-14,True,True,top_bottom_regions_v2,,,,
ma20_episode_ml_l2_logistic::top::all_a_ma20_episode_match_walk_forward_v1::capped_confirmation::microcap::missed_region::microcap_medium_top_20260512,ma20_episode_ml_l2_logistic,top,all_a_ma20_episode_match_walk_forward_v1,capped_confirmation,microcap,微盘股,missed_region,False,,,microcap_medium_top_20260512,2026-05-12,2026-05-07,2026-05-21,multi_lobe,2,,,False,False,,,,,,2019-01-02,2026-08-14,True,True,top_bottom_regions_v2,,,,
ma20_episode_ml_l2_logistic::top::all_a_ma20_episode_match_walk_forward_v1::capped_confirmation::sse_composite::missed_region::sse_composite_medium_top_20190408,ma20_episode_ml_l2_logistic,top,all_a_ma20_episode_match_walk_forward_v1,capped_confirmation,sse_composite,上证指数,missed_region,False,,,sse_composite_medium_top_20190408,2019-04-08,2019-04-04,2019-04-22,multi_lobe,2,,,False,False,,,,,,2019-01-02,2026-08-14,True,True,top_bottom_regions_v2,,,,
ma20_episode_ml_l2_logistic::top::all_a_ma20_episode_match_walk_forward_v1::capped_confirmation::sse_composite::missed_region::sse_composite_medium_top_20190702,ma20_episode_ml_l2_logistic,top,all_a_ma20_episode_match_walk_forward_v1,capped_confirmation,sse_composite,上证指数,missed_region,False,,,sse_composite_medium_top_20190702,2019-07-02,2019-06-21,2019-07-05,multi_lobe,3,,,False,False,,,,,,2019-01-02,2026-08-14,True,True,top_bottom_regions_v2,,,,
ma20_episode_ml_l2_logistic::top::all_a_ma20_episode_match_walk_forward_v1::capped_confirmation::sse_composite::matched::ma20_episode_ml_l2_logistic::top::all_a_ma20_episode_match_walk_forward_v1::000001,ma20_episode_ml_l2_logistic,top,all_a_ma20_episode_match_walk_forward_v1,capped_confirmation,sse_composite,上证指数,matched,True,ma20_episode_ml_l2_logistic::top::all_a_ma20_episode_match_walk_forward_v1::000001,2020-01-16,sse_composite_medium_top_20200114,2020-01-14,2020-01-02,2020-01-20,single_lobe,1,sse_composite_medium_top_20200114_lobe_01,core_lobe,True,True,confirmation,2,2,5,ma20_episode_ml_l2_logistic::top::all_a_ma20_episode_match_walk_forward_v1::000001,2019-01-02,2026-08-14,True,True,top_bottom_regions_v2,sse_composite_medium_top_20200114,confirmation,single_lobe,primary_match
ma20_episode_ml_l2_logistic::top::all_a_ma20_episode_match_walk_forward_v1::capped_confirmation::sse_composite::missed_region::sse_composite_medium_top_20200305,ma20_episode_ml_l2_logistic,top,all_a_ma20_episode_match_walk_forward_v1,capped_confirmation,sse_composite,上证指数,missed_region,False,,,sse_composite_medium_top_20200305,2020-03-05,2020-02-20,2020-03-06,multi_lobe,4,,,False,False,,,,,,2019-01-02,2026-08-14,True,True,top_bottom_regions_v2,,,,
ma20_episode_ml_l2_logistic::top::all_a_ma20_episode_match_walk_forward_v1::capped_confirmation::sse_composite::missed_region::sse_composite_medium_top_20200713,ma20_episode_ml_l2_logistic,top,all_a_ma20_episode_match_walk_forward_v1,capped_confirmation,sse_composite,上证指数,missed_region,False,,,sse_composite_medium_top_20200713,2020-07-13,2020-07-07,2020-07-15,single_lobe,1,,,False,False,,,,,,2019-01-02,2026-08-14,True,True,top_bottom_regions_v2,,,,
ma20_episode_ml_l2_logistic::top::all_a_ma20_episode_match_walk_forward_v1::capped_confirmation::sse_composite::missed_region::sse_composite_medium_top_20210218,ma20_episode_ml_l2_logistic,top,all_a_ma20_episode_match_walk_forward_v1,capped_confirmation,sse_composite,上证指数,missed_region,False,,,sse_composite_medium_top_20210218,2021-02-18,2021-02-18,2021-02-23,single_lobe,1,,,False,False,,,,,,2019-01-02,2026-08-14,True,True,top_bottom_regions_v2,,,,
ma20_episode_ml_l2_logistic::top::all_a_ma20_episode_match_walk_forward_v1::capped_confirmation::sse_composite::missed_region::sse_composite_medium_top_20210602,ma20_episode_ml_l2_logistic,top,all_a_ma20_episode_match_walk_forward_v1,capped_confirmation,sse_composite,上证指数,missed_region,False,,,sse_composite_medium_top_20210602,2021-06-02,2021-05-25,2021-06-30,multi_lobe,3,,,False,False,,,,,,2019-01-02,2026-08-14,True,True,top_bottom_regions_v2,,,,
ma20_episode_ml_l2_logistic::top::all_a_ma20_episode_match_walk_forward_v1::capped_confirmation::sse_composite::missed_region::sse_composite_medium_top_20210914,ma20_episode_ml_l2_logistic,top,all_a_ma20_episode_match_walk_forward_v1,capped_confirmation,sse_composite,上证指数,missed_region,False,,,sse_composite_medium_top_20210914,2021-09-14,2021-09-07,2021-09-23,multi_lobe,2,,,False,False,,,,,,2019-01-02,2026-08-14,True,True,top_bottom_regions_v2,,,,
ma20_episode_ml_l2_logistic::top::all_a_ma20_episode_match_walk_forward_v1::capped_confirmation::sse_composite::missed_region::sse_composite_medium_top_20220407,ma20_episode_ml_l2_logistic,top,all_a_ma20_episode_match_walk_forward_v1,capped_confirmation,sse_composite,上证指数,missed_region,False,,,sse_composite_medium_top_20220407,2022-04-07,2022-03-30,2022-04-14,multi_lobe,2,,,False,False,,,,,,2019-01-02,2026-08-14,True,True,top_bottom_regions_v2,,,,
ma20_episode_ml_l2_logistic::top::all_a_ma20_episode_match_walk_forward_v1::capped_confirmation::sse_composite::missed_region::sse_composite_medium_top_20220705,ma20_episode_ml_l2_logistic,top,all_a_ma20_episode_match_walk_forward_v1,capped_confirmation,sse_composite,上证指数,missed_region,False,,,sse_composite_medium_top_20220705,2022-07-05,2022-06-27,2022-07-08,single_lobe,1,,,False,False,,,,,,2019-01-02,2026-08-14,True,True,top_bottom_regions_v2,,,,
ma20_episode_ml_l2_logistic::top::all_a_ma20_episode_match_walk_forward_v1::capped_confirmation::sse_composite::missed_region::sse_composite_medium_top_20230509,ma20_episode_ml_l2_logistic,top,all_a_ma20_episode_match_walk_forward_v1,capped_confirmation,sse_composite,上证指数,missed_region,False,,,sse_composite_medium_top_20230509,2023-05-09,2023-04-17,2023-05-09,multi_lobe,2,,,False,False,,,,,,2019-01-02,2026-08-14,True,True,top_bottom_regions_v2,,,,
ma20_episode_ml_l2_logistic::top::all_a_ma20_episode_match_walk_forward_v1::capped_confirmation::sse_composite::missed_region::sse_composite_medium_top_20240520,ma20_episode_ml_l2_logistic,top,all_a_ma20_episode_match_walk_forward_v1,capped_confirmation,sse_composite,上证指数,missed_region,False,,,sse_composite_medium_top_20240520,2024-05-20,2024-05-06,2024-05-29,single_lobe,1,,,False,False,,,,,,2019-01-02,2026-08-14,True,True,top_bottom_regions_v2,,,,
ma20_episode_ml_l2_logistic::top::all_a_ma20_episode_match_walk_forward_v1::capped_confirmation::sse_composite::missed_region::sse_composite_medium_top_20241008,ma20_episode_ml_l2_logistic,top,all_a_ma20_episode_match_walk_forward_v1,capped_confirmation,sse_composite,上证指数,missed_region,False,,,sse_composite_medium_top_20241008,2024-10-08,2024-10-08,2024-10-08,single_lobe,1,,,False,False,,,,,,2019-01-02,2026-08-14,True,True,top_bottom_regions_v2,,,,
ma20_episode_ml_l2_logistic::top::all_a_ma20_episode_match_walk_forward_v1::capped_confirmation::sse_composite::matched::ma20_episode_ml_l2_logistic::top::all_a_ma20_episode_match_walk_forward_v1::000002,ma20_episode_ml_l2_logistic,top,all_a_ma20_episode_match_walk_forward_v1,capped_confirmation,sse_composite,上证指数,matched,True,ma20_episode_ml_l2_logistic::top::all_a_ma20_episode_match_walk_forward_v1::000002,2024-11-15,sse_composite_medium_top_20241108,2024-11-08,2024-11-07,2024-11-12,single_lobe,1,,confirmation_window,False,False,confirmation,5,5,5,ma20_episode_ml_l2_logistic::top::all_a_ma20_episode_match_walk_forward_v1::000002,2019-01-02,2026-08-14,True,True,top_bottom_regions_v2,sse_composite_medium_top_20241108,confirmation,single_lobe,primary_match
ma20_episode_ml_l2_logistic::top::all_a_ma20_episode_match_walk_forward_v1::capped_confirmation::sse_composite::missed_region::sse_composite_medium_top_20241210,ma20_episode_ml_l2_logistic,top,all_a_ma20_episode_match_walk_forward_v1,capped_confirmation,sse_composite,上证指数,missed_region,False,,,sse_composite_medium_top_20241210,2024-12-10,2024-12-10,2024-12-13,multi_lobe,2,,,False,False,,,,,,2019-01-02,2026-08-14,True,True,top_bottom_regions_v2,,,,
ma20_episode_ml_l2_logistic::top::all_a_ma20_episode_match_walk_forward_v1::capped_confirmation::sse_composite::missed_region::sse_composite_medium_top_20250319,ma20_episode_ml_l2_logistic,top,all_a_ma20_episode_match_walk_forward_v1,capped_confirmation,sse_composite,上证指数,missed_region,False,,,sse_composite_medium_top_20250319,2025-03-19,2025-02-24,2025-03-27,multi_lobe,6,,,False,False,,,,,,2019-01-02,2026-08-14,True,True,top_bottom_regions_v2,,,,
ma20_episode_ml_l2_logistic::top::all_a_ma20_episode_match_walk_forward_v1::capped_confirmation::sse_composite::missed_region::sse_composite_medium_top_20260303,ma20_episode_ml_l2_logistic,top,all_a_ma20_episode_match_walk_forward_v1,capped_confirmation,sse_composite,上证指数,missed_region,False,,,sse_composite_medium_top_20260303,2026-03-03,2026-01-26,2026-03-12,multi_lobe,4,,,False,False,,,,,,2019-01-02,2026-08-14,True,True,top_bottom_regions_v2,,,,
ma20_episode_ml_l2_logistic::top::all_a_ma20_episode_match_walk_forward_v1::capped_confirmation::sse_composite::missed_region::sse_composite_medium_top_20260514,ma20_episode_ml_l2_logistic,top,all_a_ma20_episode_match_walk_forward_v1,capped_confirmation,sse_composite,上证指数,missed_region,False,,,sse_composite_medium_top_20260514,2026-05-14,2026-05-11,2026-05-21,multi_lobe,2,,,False,False,,,,,,2019-01-02,2026-08-14,True,True,top_bottom_regions_v2,,,,
